Run directory: /home/omo26/Non-Rev-Owen/mcmaze/runs/20260805_170338_d128_h256_dep2_bs64_ep150_lr5e-04_lxp0.0_lbt0.0_lcca10.0_sig10.0_s4
Seed set to: 4
Loading MC_Maze data …
  Channels: 137  |  Bin width: 10 ms  |  Trials: 2295
  Gaussian smoothing sigma: 10.0 ms = 1 bins
  Soft-normalising per neuron (method='churchland')
Windowing (trial_aligned, align=move_onset_time, pre=200ms, T=90, context=30) …
  Windows shape: (2295, 137, 150)  (K, N, T)
  Train: 1722  |  Val: 573  (random 25%)
Model parameters: 347,340

Starting training for 150 epochs …


Epoch 1/150 [train]:   0%|          | 0/26 [00:00<?, ?it/s]
Epoch 1/150 [train]:   0%|          | 0/26 [00:00<?, ?it/s, S=0.0155, loss=-0.0017]
Epoch 1/150 [train]:   4%|▍         | 1/26 [00:00<00:05,  4.25it/s, S=0.0155, loss=-0.0017]
Epoch 1/150 [train]:   4%|▍         | 1/26 [00:00<00:05,  4.25it/s, S=0.0155, loss=-0.0059]
Epoch 1/150 [train]:   4%|▍         | 1/26 [00:00<00:05,  4.25it/s, S=0.0153, loss=-0.0072]
Epoch 1/150 [train]:   4%|▍         | 1/26 [00:00<00:05,  4.25it/s, S=0.0156, loss=-0.0089]
Epoch 1/150 [train]:   4%|▍         | 1/26 [00:00<00:05,  4.25it/s, S=0.0153, loss=-0.0094]
Epoch 1/150 [train]:   4%|▍         | 1/26 [00:00<00:05,  4.25it/s, S=0.0155, loss=-0.0102]
Epoch 1/150 [train]:   4%|▍         | 1/26 [00:00<00:05,  4.25it/s, S=0.0157, loss=-0.0105]
Epoch 1/150 [train]:   4%|▍         | 1/26 [00:00<00:05,  4.25it/s, S=0.0155, loss=-0.0108]
Epoch 1/150 [train]:   4%|▍         | 1/26 [00:00<00:05,  4.25it/s, S=0.0156, loss=-0.0114]
Epoch 1/150 [train]:  35%|███▍      | 9/26 [00:00<00:00, 32.74it/s, S=0.0156, loss=-0.0114]
Epoch 1/150 [train]:  35%|███▍      | 9/26 [00:00<00:00, 32.74it/s, S=0.0156, loss=-0.0115]
Epoch 1/150 [train]:  35%|███▍      | 9/26 [00:00<00:00, 32.74it/s, S=0.0159, loss=-0.0119]
Epoch 1/150 [train]:  35%|███▍      | 9/26 [00:00<00:00, 32.74it/s, S=0.0157, loss=-0.0121]
Epoch 1/150 [train]:  35%|███▍      | 9/26 [00:00<00:00, 32.74it/s, S=0.0161, loss=-0.0126]
Epoch 1/150 [train]:  35%|███▍      | 9/26 [00:00<00:00, 32.74it/s, S=0.0161, loss=-0.0128]
Epoch 1/150 [train]:  35%|███▍      | 9/26 [00:00<00:00, 32.74it/s, S=0.0167, loss=-0.0135]
Epoch 1/150 [train]:  35%|███▍      | 9/26 [00:00<00:00, 32.74it/s, S=0.0167, loss=-0.0134]
Epoch 1/150 [train]:  35%|███▍      | 9/26 [00:00<00:00, 32.74it/s, S=0.0169, loss=-0.0138]
Epoch 1/150 [train]:  35%|███▍      | 9/26 [00:00<00:00, 32.74it/s, S=0.0173, loss=-0.0143]
Epoch 1/150 [train]:  69%|██████▉   | 18/26 [00:00<00:00, 51.42it/s, S=0.0173, loss=-0.0143]
Epoch 1/150 [train]:  69%|██████▉   | 18/26 [00:00<00:00, 51.42it/s, S=0.0185, loss=-0.0155]
Epoch 1/150 [train]:  69%|██████▉   | 18/26 [00:00<00:00, 51.42it/s, S=0.0186, loss=-0.0158]
Epoch 1/150 [train]:  69%|██████▉   | 18/26 [00:00<00:00, 51.42it/s, S=0.0189, loss=-0.0160]
Epoch 1/150 [train]:  69%|██████▉   | 18/26 [00:00<00:00, 51.42it/s, S=0.0195, loss=-0.0167]
Epoch 1/150 [train]:  69%|██████▉   | 18/26 [00:00<00:00, 51.42it/s, S=0.0211, loss=-0.0182]
Epoch 1/150 [train]:  69%|██████▉   | 18/26 [00:00<00:00, 51.42it/s, S=0.0211, loss=-0.0183]
Epoch 1/150 [train]:  69%|██████▉   | 18/26 [00:00<00:00, 51.42it/s, S=0.0217, loss=-0.0189]
Epoch 1/150 [train]:  69%|██████▉   | 18/26 [00:00<00:00, 51.42it/s, S=0.0213, loss=-0.0187]
                                                                                            
Epoch   1/150  train loss=-0.0127  val loss=-0.0197  S[mean]=0.0237  ζ=0.1831  mean_plane_ζ=0.1521  reg=0.0041  λscale=0.10  lr=4.88e-04
Saved val-mean plane ζ checkpoint val_mean_plane_zeta_0.1.pt: threshold=0.1 epoch=1 val_mean_plane_zeta=0.1521

Epoch 2/150 [train]:   0%|          | 0/26 [00:00<?, ?it/s]
Epoch 2/150 [train]:   0%|          | 0/26 [00:00<?, ?it/s, S=0.0224, loss=-0.0197]
Epoch 2/150 [train]:   0%|          | 0/26 [00:00<?, ?it/s, S=0.0226, loss=-0.0198]
Epoch 2/150 [train]:   0%|          | 0/26 [00:00<?, ?it/s, S=0.0237, loss=-0.0208]
Epoch 2/150 [train]:   0%|          | 0/26 [00:00<?, ?it/s, S=0.0238, loss=-0.0209]
Epoch 2/150 [train]:   0%|          | 0/26 [00:00<?, ?it/s, S=0.0241, loss=-0.0213]
Epoch 2/150 [train]:   0%|          | 0/26 [00:00<?, ?it/s, S=0.0253, loss=-0.0224]
Epoch 2/150 [train]:   0%|          | 0/26 [00:00<?, ?it/s, S=0.0251, loss=-0.0221]
Epoch 2/150 [train]:   0%|          | 0/26 [00:00<?, ?it/s, S=0.0256, loss=-0.0225]
Epoch 2/150 [train]:   0%|          | 0/26 [00:00<?, ?it/s, S=0.0260, loss=-0.0224]
Epoch 2/150 [train]:  35%|███▍      | 9/26 [00:00<00:00, 86.26it/s, S=0.0260, loss=-0.0224]
Epoch 2/150 [train]:  35%|███▍      | 9/26 [00:00<00:00, 86.26it/s, S=0.0282, loss=-0.0247]
Epoch 2/150 [train]:  35%|███▍      | 9/26 [00:00<00:00, 86.26it/s, S=0.0277, loss=-0.0240]
Epoch 2/150 [train]:  35%|███▍      | 9/26 [00:00<00:00, 86.26it/s, S=0.0292, loss=-0.0253]
Epoch 2/150 [train]:  35%|███▍      | 9/26 [00:00<00:00, 86.26it/s, S=0.0312, loss=-0.0270]
Epoch 2/150 [train]:  35%|███▍      | 9/26 [00:00<00:00, 86.26it/s, S=0.0352, loss=-0.0304]
Epoch 2/150 [train]:  35%|███▍      | 9/26 [00:00<00:00, 86.26it/s, S=0.0371, loss=-0.0318]
Epoch 2/150 [train]:  35%|███▍      | 9/26 [00:00<00:00, 86.26it/s, S=0.0348, loss=-0.0296]
Epoch 2/150 [train]:  35%|███▍      | 9/26 [00:00<00:00, 86.26it/s, S=0.0410, loss=-0.0352]
Epoch 2/150 [train]:  35%|███▍      | 9/26 [00:00<00:00, 86.26it/s, S=0.0416, loss=-0.0359]
Epoch 2/150 [train]:  69%|██████▉   | 18/26 [00:00<00:00, 86.41it/s, S=0.0416, loss=-0.0359]
Epoch 2/150 [train]:  69%|██████▉   | 18/26 [00:00<00:00, 86.41it/s, S=0.0409, loss=-0.0348]
Epoch 2/150 [train]:  69%|██████▉   | 18/26 [00:00<00:00, 86.41it/s, S=0.0459, loss=-0.0396]
Epoch 2/150 [train]:  69%|██████▉   | 18/26 [00:00<00:00, 86.41it/s, S=0.0467, loss=-0.0402]
Epoch 2/150 [train]:  69%|██████▉   | 18/26 [00:00<00:00, 86.41it/s, S=0.0462, loss=-0.0396]
Epoch 2/150 [train]:  69%|██████▉   | 18/26 [00:00<00:00, 86.41it/s, S=0.0471, loss=-0.0408]
Epoch 2/150 [train]:  69%|██████▉   | 18/26 [00:00<00:00, 86.41it/s, S=0.0499, loss=-0.0432]
Epoch 2/150 [train]:  69%|██████▉   | 18/26 [00:00<00:00, 86.41it/s, S=0.0522, loss=-0.0455]
Epoch 2/150 [train]:  69%|██████▉   | 18/26 [00:00<00:00, 86.41it/s, S=0.0522, loss=-0.0455]
                                                                                            
Epoch   2/150  train loss=-0.0302  val loss=-0.0502  S[mean]=0.0598  ζ=0.2519  mean_plane_ζ=0.1572  reg=0.0097  λscale=0.11  lr=4.52e-04

Epoch 3/150 [train]:   0%|          | 0/26 [00:00<?, ?it/s]
Epoch 3/150 [train]:   0%|          | 0/26 [00:00<?, ?it/s, S=0.0541, loss=-0.0467]
Epoch 3/150 [train]:   0%|          | 0/26 [00:00<?, ?it/s, S=0.0558, loss=-0.0483]
Epoch 3/150 [train]:   0%|          | 0/26 [00:00<?, ?it/s, S=0.0582, loss=-0.0503]
Epoch 3/150 [train]:   0%|          | 0/26 [00:00<?, ?it/s, S=0.0571, loss=-0.0493]
Epoch 3/150 [train]:   0%|          | 0/26 [00:00<?, ?it/s, S=0.0576, loss=-0.0495]
Epoch 3/150 [train]:   0%|          | 0/26 [00:00<?, ?it/s, S=0.0615, loss=-0.0534]
Epoch 3/150 [train]:   0%|          | 0/26 [00:00<?, ?it/s, S=0.0615, loss=-0.0533]
Epoch 3/150 [train]:   0%|          | 0/26 [00:00<?, ?it/s, S=0.0636, loss=-0.0552]
Epoch 3/150 [train]:   0%|          | 0/26 [00:00<?, ?it/s, S=0.0638, loss=-0.0552]
Epoch 3/150 [train]:  35%|███▍      | 9/26 [00:00<00:00, 85.95it/s, S=0.0638, loss=-0.0552]
Epoch 3/150 [train]:  35%|███▍      | 9/26 [00:00<00:00, 85.95it/s, S=0.0663, loss=-0.0574]
Epoch 3/150 [train]:  35%|███▍      | 9/26 [00:00<00:00, 85.95it/s, S=0.0651, loss=-0.0564]
Epoch 3/150 [train]:  35%|███▍      | 9/26 [00:00<00:00, 85.95it/s, S=0.0704, loss=-0.0616]
Epoch 3/150 [train]:  35%|███▍      | 9/26 [00:00<00:00, 85.95it/s, S=0.0688, loss=-0.0600]
Epoch 3/150 [train]:  35%|███▍      | 9/26 [00:00<00:00, 85.95it/s, S=0.0682, loss=-0.0589]
Epoch 3/150 [train]:  35%|███▍      | 9/26 [00:00<00:00, 85.95it/s, S=0.0723, loss=-0.0630]
Epoch 3/150 [train]:  35%|███▍      | 9/26 [00:00<00:00, 85.95it/s, S=0.0728, loss=-0.0632]
Epoch 3/150 [train]:  35%|███▍      | 9/26 [00:00<00:00, 85.95it/s, S=0.0683, loss=-0.0586]
Epoch 3/150 [train]:  35%|███▍      | 9/26 [00:00<00:00, 85.95it/s, S=0.0748, loss=-0.0648]
Epoch 3/150 [train]:  69%|██████▉   | 18/26 [00:00<00:00, 86.35it/s, S=0.0748, loss=-0.0648]
Epoch 3/150 [train]:  69%|██████▉   | 18/26 [00:00<00:00, 86.35it/s, S=0.0759, loss=-0.0651]
Epoch 3/150 [train]:  69%|██████▉   | 18/26 [00:00<00:00, 86.35it/s, S=0.0767, loss=-0.0664]
Epoch 3/150 [train]:  69%|██████▉   | 18/26 [00:00<00:00, 86.35it/s, S=0.0728, loss=-0.0625]
Epoch 3/150 [train]:  69%|██████▉   | 18/26 [00:00<00:00, 86.35it/s, S=0.0763, loss=-0.0653]
Epoch 3/150 [train]:  69%|██████▉   | 18/26 [00:00<00:00, 86.35it/s, S=0.0805, loss=-0.0693]
Epoch 3/150 [train]:  69%|██████▉   | 18/26 [00:00<00:00, 86.35it/s, S=0.0771, loss=-0.0660]
Epoch 3/150 [train]:  69%|██████▉   | 18/26 [00:00<00:00, 86.35it/s, S=0.0802, loss=-0.0689]
Epoch 3/150 [train]:  69%|██████▉   | 18/26 [00:00<00:00, 86.35it/s, S=0.0815, loss=-0.0704]
                                                                                            
Epoch   3/150  train loss=-0.0592  val loss=-0.0758  S[mean]=0.0915  ζ=0.2729  mean_plane_ζ=0.1541  reg=0.0157  λscale=0.11  lr=3.97e-04

Epoch 4/150 [train]:   0%|          | 0/26 [00:00<?, ?it/s]
Epoch 4/150 [train]:   0%|          | 0/26 [00:00<?, ?it/s, S=0.0894, loss=-0.0773]
Epoch 4/150 [train]:   0%|          | 0/26 [00:00<?, ?it/s, S=0.0866, loss=-0.0742]
Epoch 4/150 [train]:   0%|          | 0/26 [00:00<?, ?it/s, S=0.0881, loss=-0.0753]
Epoch 4/150 [train]:   0%|          | 0/26 [00:00<?, ?it/s, S=0.0857, loss=-0.0730]
Epoch 4/150 [train]:   0%|          | 0/26 [00:00<?, ?it/s, S=0.0921, loss=-0.0787]
Epoch 4/150 [train]:   0%|          | 0/26 [00:00<?, ?it/s, S=0.0922, loss=-0.0793]
Epoch 4/150 [train]:   0%|          | 0/26 [00:00<?, ?it/s, S=0.0925, loss=-0.0791]
Epoch 4/150 [train]:   0%|          | 0/26 [00:00<?, ?it/s, S=0.0901, loss=-0.0773]
Epoch 4/150 [train]:   0%|          | 0/26 [00:00<?, ?it/s, S=0.0915, loss=-0.0781]
Epoch 4/150 [train]:  35%|███▍      | 9/26 [00:00<00:00, 86.11it/s, S=0.0915, loss=-0.0781]
Epoch 4/150 [train]:  35%|███▍      | 9/26 [00:00<00:00, 86.11it/s, S=0.0919, loss=-0.0780]
Epoch 4/150 [train]:  35%|███▍      | 9/26 [00:00<00:00, 86.11it/s, S=0.0922, loss=-0.0786]
Epoch 4/150 [train]:  35%|███▍      | 9/26 [00:00<00:00, 86.11it/s, S=0.0974, loss=-0.0838]
Epoch 4/150 [train]:  35%|███▍      | 9/26 [00:00<00:00, 86.11it/s, S=0.1006, loss=-0.0866]
Epoch 4/150 [train]:  35%|███▍      | 9/26 [00:00<00:00, 86.11it/s, S=0.0995, loss=-0.0849]
Epoch 4/150 [train]:  35%|███▍      | 9/26 [00:00<00:00, 86.11it/s, S=0.1035, loss=-0.0893]
Epoch 4/150 [train]:  35%|███▍      | 9/26 [00:00<00:00, 86.11it/s, S=0.0990, loss=-0.0852]
Epoch 4/150 [train]:  35%|███▍      | 9/26 [00:00<00:00, 86.11it/s, S=0.0976, loss=-0.0831]
Epoch 4/150 [train]:  35%|███▍      | 9/26 [00:00<00:00, 86.11it/s, S=0.0976, loss=-0.0825]
Epoch 4/150 [train]:  69%|██████▉   | 18/26 [00:00<00:00, 86.35it/s, S=0.0976, loss=-0.0825]
Epoch 4/150 [train]:  69%|██████▉   | 18/26 [00:00<00:00, 86.35it/s, S=0.0991, loss=-0.0845]
Epoch 4/150 [train]:  69%|██████▉   | 18/26 [00:00<00:00, 86.35it/s, S=0.1064, loss=-0.0910]
Epoch 4/150 [train]:  69%|██████▉   | 18/26 [00:00<00:00, 86.35it/s, S=0.1039, loss=-0.0883]
Epoch 4/150 [train]:  69%|██████▉   | 18/26 [00:00<00:00, 86.35it/s, S=0.1030, loss=-0.0873]
Epoch 4/150 [train]:  69%|██████▉   | 18/26 [00:00<00:00, 86.35it/s, S=0.1071, loss=-0.0918]
Epoch 4/150 [train]:  69%|██████▉   | 18/26 [00:00<00:00, 86.35it/s, S=0.1081, loss=-0.0926]
Epoch 4/150 [train]:  69%|██████▉   | 18/26 [00:00<00:00, 86.35it/s, S=0.1093, loss=-0.0928]
Epoch 4/150 [train]:  69%|██████▉   | 18/26 [00:00<00:00, 86.35it/s, S=0.1072, loss=-0.0918]
                                                                                            
Epoch   4/150  train loss=-0.0832  val loss=-0.0983  S[mean]=0.1199  ζ=0.2811  mean_plane_ζ=0.1586  reg=0.0216  λscale=0.12  lr=3.27e-04

Epoch 5/150 [train]:   0%|          | 0/26 [00:00<?, ?it/s]
Epoch 5/150 [train]:   0%|          | 0/26 [00:00<?, ?it/s, S=0.1136, loss=-0.0972]
Epoch 5/150 [train]:   0%|          | 0/26 [00:00<?, ?it/s, S=0.1160, loss=-0.0992]
Epoch 5/150 [train]:   0%|          | 0/26 [00:00<?, ?it/s, S=0.1073, loss=-0.0898]
Epoch 5/150 [train]:   0%|          | 0/26 [00:00<?, ?it/s, S=0.1138, loss=-0.0971]
Epoch 5/150 [train]:   0%|          | 0/26 [00:00<?, ?it/s, S=0.1150, loss=-0.0970]
Epoch 5/150 [train]:   0%|          | 0/26 [00:00<?, ?it/s, S=0.1179, loss=-0.0997]
Epoch 5/150 [train]:   0%|          | 0/26 [00:00<?, ?it/s, S=0.1132, loss=-0.0966]
Epoch 5/150 [train]:   0%|          | 0/26 [00:00<?, ?it/s, S=0.1137, loss=-0.0967]
Epoch 5/150 [train]:   0%|          | 0/26 [00:00<?, ?it/s, S=0.1222, loss=-0.1042]
Epoch 5/150 [train]:  35%|███▍      | 9/26 [00:00<00:00, 85.94it/s, S=0.1222, loss=-0.1042]
Epoch 5/150 [train]:  35%|███▍      | 9/26 [00:00<00:00, 85.94it/s, S=0.1183, loss=-0.1001]
Epoch 5/150 [train]:  35%|███▍      | 9/26 [00:00<00:00, 85.94it/s, S=0.1177, loss=-0.0999]
Epoch 5/150 [train]:  35%|███▍      | 9/26 [00:00<00:00, 85.94it/s, S=0.1284, loss=-0.1090]
Epoch 5/150 [train]:  35%|███▍      | 9/26 [00:00<00:00, 85.94it/s, S=0.1185, loss=-0.1004]
Epoch 5/150 [train]:  35%|███▍      | 9/26 [00:00<00:00, 85.94it/s, S=0.1261, loss=-0.1066]
Epoch 5/150 [train]:  35%|███▍      | 9/26 [00:00<00:00, 85.94it/s, S=0.1197, loss=-0.1003]
Epoch 5/150 [train]:  35%|███▍      | 9/26 [00:00<00:00, 85.94it/s, S=0.1262, loss=-0.1064]
Epoch 5/150 [train]:  35%|███▍      | 9/26 [00:00<00:00, 85.94it/s, S=0.1249, loss=-0.1054]
Epoch 5/150 [train]:  35%|███▍      | 9/26 [00:00<00:00, 85.94it/s, S=0.1263, loss=-0.1061]
Epoch 5/150 [train]:  69%|██████▉   | 18/26 [00:00<00:00, 86.31it/s, S=0.1263, loss=-0.1061]
Epoch 5/150 [train]:  69%|██████▉   | 18/26 [00:00<00:00, 86.31it/s, S=0.1244, loss=-0.1040]
Epoch 5/150 [train]:  69%|██████▉   | 18/26 [00:00<00:00, 86.31it/s, S=0.1281, loss=-0.1077]
Epoch 5/150 [train]:  69%|██████▉   | 18/26 [00:00<00:00, 86.31it/s, S=0.1336, loss=-0.1128]
Epoch 5/150 [train]:  69%|██████▉   | 18/26 [00:00<00:00, 86.31it/s, S=0.1354, loss=-0.1146]
Epoch 5/150 [train]:  69%|██████▉   | 18/26 [00:00<00:00, 86.31it/s, S=0.1348, loss=-0.1123]
Epoch 5/150 [train]:  69%|██████▉   | 18/26 [00:00<00:00, 86.31it/s, S=0.1377, loss=-0.1160]
Epoch 5/150 [train]:  69%|██████▉   | 18/26 [00:00<00:00, 86.31it/s, S=0.1388, loss=-0.1169]
Epoch 5/150 [train]:  69%|██████▉   | 18/26 [00:00<00:00, 86.31it/s, S=0.1403, loss=-0.1181]
                                                                                            
Epoch   5/150  train loss=-0.1044  val loss=-0.1235  S[mean]=0.1541  ζ=0.2992  mean_plane_ζ=0.1737  reg=0.0306  λscale=0.12  lr=2.50e-04

Epoch 6/150 [train]:   0%|          | 0/26 [00:00<?, ?it/s]
Epoch 6/150 [train]:   0%|          | 0/26 [00:00<?, ?it/s, S=0.1406, loss=-0.1166]
Epoch 6/150 [train]:   0%|          | 0/26 [00:00<?, ?it/s, S=0.1446, loss=-0.1195]
Epoch 6/150 [train]:   0%|          | 0/26 [00:00<?, ?it/s, S=0.1421, loss=-0.1183]
Epoch 6/150 [train]:   0%|          | 0/26 [00:00<?, ?it/s, S=0.1422, loss=-0.1181]
Epoch 6/150 [train]:   0%|          | 0/26 [00:00<?, ?it/s, S=0.1467, loss=-0.1224]
Epoch 6/150 [train]:   0%|          | 0/26 [00:00<?, ?it/s, S=0.1523, loss=-0.1264]
Epoch 6/150 [train]:   0%|          | 0/26 [00:00<?, ?it/s, S=0.1500, loss=-0.1236]
Epoch 6/150 [train]:   0%|          | 0/26 [00:00<?, ?it/s, S=0.1521, loss=-0.1261]
Epoch 6/150 [train]:   0%|          | 0/26 [00:00<?, ?it/s, S=0.1455, loss=-0.1195]
Epoch 6/150 [train]:  35%|███▍      | 9/26 [00:00<00:00, 85.96it/s, S=0.1455, loss=-0.1195]
Epoch 6/150 [train]:  35%|███▍      | 9/26 [00:00<00:00, 85.96it/s, S=0.1539, loss=-0.1268]
Epoch 6/150 [train]:  35%|███▍      | 9/26 [00:00<00:00, 85.96it/s, S=0.1504, loss=-0.1244]
Epoch 6/150 [train]:  35%|███▍      | 9/26 [00:00<00:00, 85.96it/s, S=0.1544, loss=-0.1280]
Epoch 6/150 [train]:  35%|███▍      | 9/26 [00:00<00:00, 85.96it/s, S=0.1558, loss=-0.1286]
Epoch 6/150 [train]:  35%|███▍      | 9/26 [00:00<00:00, 85.96it/s, S=0.1561, loss=-0.1286]
Epoch 6/150 [train]:  35%|███▍      | 9/26 [00:00<00:00, 85.96it/s, S=0.1554, loss=-0.1274]
Epoch 6/150 [train]:  35%|███▍      | 9/26 [00:00<00:00, 85.96it/s, S=0.1581, loss=-0.1269]
Epoch 6/150 [train]:  35%|███▍      | 9/26 [00:00<00:00, 85.96it/s, S=0.1464, loss=-0.1169]
Epoch 6/150 [train]:  35%|███▍      | 9/26 [00:00<00:00, 85.96it/s, S=0.1513, loss=-0.1228]
Epoch 6/150 [train]:  69%|██████▉   | 18/26 [00:00<00:00, 86.39it/s, S=0.1513, loss=-0.1228]
Epoch 6/150 [train]:  69%|██████▉   | 18/26 [00:00<00:00, 86.39it/s, S=0.1657, loss=-0.1370]
Epoch 6/150 [train]:  69%|██████▉   | 18/26 [00:00<00:00, 86.39it/s, S=0.1592, loss=-0.1297]
Epoch 6/150 [train]:  69%|██████▉   | 18/26 [00:00<00:00, 86.39it/s, S=0.1609, loss=-0.1315]
Epoch 6/150 [train]:  69%|██████▉   | 18/26 [00:00<00:00, 86.39it/s, S=0.1584, loss=-0.1284]
Epoch 6/150 [train]:  69%|██████▉   | 18/26 [00:00<00:00, 86.39it/s, S=0.1674, loss=-0.1360]
Epoch 6/150 [train]:  69%|██████▉   | 18/26 [00:00<00:00, 86.39it/s, S=0.1588, loss=-0.1286]
Epoch 6/150 [train]:  69%|██████▉   | 18/26 [00:00<00:00, 86.39it/s, S=0.1659, loss=-0.1349]
Epoch 6/150 [train]:  69%|██████▉   | 18/26 [00:00<00:00, 86.39it/s, S=0.1662, loss=-0.1350]
                                                                                            
Epoch   6/150  train loss=-0.1262  val loss=-0.1479  S[mean]=0.1882  ζ=0.3196  mean_plane_ζ=0.1888  reg=0.0403  λscale=0.13  lr=1.73e-04

Epoch 7/150 [train]:   0%|          | 0/26 [00:00<?, ?it/s]
Epoch 7/150 [train]:   0%|          | 0/26 [00:00<?, ?it/s, S=0.1731, loss=-0.1383]
Epoch 7/150 [train]:   0%|          | 0/26 [00:00<?, ?it/s, S=0.1698, loss=-0.1368]
Epoch 7/150 [train]:   0%|          | 0/26 [00:00<?, ?it/s, S=0.1670, loss=-0.1341]
Epoch 7/150 [train]:   0%|          | 0/26 [00:00<?, ?it/s, S=0.1749, loss=-0.1417]
Epoch 7/150 [train]:   0%|          | 0/26 [00:00<?, ?it/s, S=0.1727, loss=-0.1394]
Epoch 7/150 [train]:   0%|          | 0/26 [00:00<?, ?it/s, S=0.1699, loss=-0.1335]
Epoch 7/150 [train]:   0%|          | 0/26 [00:00<?, ?it/s, S=0.1765, loss=-0.1439]
Epoch 7/150 [train]:   0%|          | 0/26 [00:00<?, ?it/s, S=0.1786, loss=-0.1443]
Epoch 7/150 [train]:   0%|          | 0/26 [00:00<?, ?it/s, S=0.1713, loss=-0.1373]
Epoch 7/150 [train]:  35%|███▍      | 9/26 [00:00<00:00, 86.15it/s, S=0.1713, loss=-0.1373]
Epoch 7/150 [train]:  35%|███▍      | 9/26 [00:00<00:00, 86.15it/s, S=0.1773, loss=-0.1429]
Epoch 7/150 [train]:  35%|███▍      | 9/26 [00:00<00:00, 86.15it/s, S=0.1716, loss=-0.1370]
Epoch 7/150 [train]:  35%|███▍      | 9/26 [00:00<00:00, 86.15it/s, S=0.1813, loss=-0.1456]
Epoch 7/150 [train]:  35%|███▍      | 9/26 [00:00<00:00, 86.15it/s, S=0.1799, loss=-0.1442]
Epoch 7/150 [train]:  35%|███▍      | 9/26 [00:00<00:00, 86.15it/s, S=0.1852, loss=-0.1500]
Epoch 7/150 [train]:  35%|███▍      | 9/26 [00:00<00:00, 86.15it/s, S=0.1816, loss=-0.1459]
Epoch 7/150 [train]:  35%|███▍      | 9/26 [00:00<00:00, 86.15it/s, S=0.1846, loss=-0.1475]
Epoch 7/150 [train]:  35%|███▍      | 9/26 [00:00<00:00, 86.15it/s, S=0.1877, loss=-0.1516]
Epoch 7/150 [train]:  35%|███▍      | 9/26 [00:00<00:00, 86.15it/s, S=0.1842, loss=-0.1480]
Epoch 7/150 [train]:  69%|██████▉   | 18/26 [00:00<00:00, 86.37it/s, S=0.1842, loss=-0.1480]
Epoch 7/150 [train]:  69%|██████▉   | 18/26 [00:00<00:00, 86.37it/s, S=0.1850, loss=-0.1496]
Epoch 7/150 [train]:  69%|██████▉   | 18/26 [00:00<00:00, 86.37it/s, S=0.1748, loss=-0.1356]
Epoch 7/150 [train]:  69%|██████▉   | 18/26 [00:00<00:00, 86.37it/s, S=0.1863, loss=-0.1505]
Epoch 7/150 [train]:  69%|██████▉   | 18/26 [00:00<00:00, 86.37it/s, S=0.1816, loss=-0.1456]
Epoch 7/150 [train]:  69%|██████▉   | 18/26 [00:00<00:00, 86.37it/s, S=0.1852, loss=-0.1495]
Epoch 7/150 [train]:  69%|██████▉   | 18/26 [00:00<00:00, 86.37it/s, S=0.1898, loss=-0.1513]
Epoch 7/150 [train]:  69%|██████▉   | 18/26 [00:00<00:00, 86.37it/s, S=0.1922, loss=-0.1555]
Epoch 7/150 [train]:  69%|██████▉   | 18/26 [00:00<00:00, 86.37it/s, S=0.1872, loss=-0.1510]
                                                                                            
Epoch   7/150  train loss=-0.1442  val loss=-0.1620  S[mean]=0.2084  ζ=0.3303  mean_plane_ζ=0.1965  reg=0.0464  λscale=0.14  lr=1.03e-04

Epoch 8/150 [train]:   0%|          | 0/26 [00:00<?, ?it/s]
Epoch 8/150 [train]:   0%|          | 0/26 [00:00<?, ?it/s, S=0.1890, loss=-0.1497]
Epoch 8/150 [train]:   0%|          | 0/26 [00:00<?, ?it/s, S=0.1836, loss=-0.1462]
Epoch 8/150 [train]:   0%|          | 0/26 [00:00<?, ?it/s, S=0.1868, loss=-0.1464]
Epoch 8/150 [train]:   0%|          | 0/26 [00:00<?, ?it/s, S=0.1930, loss=-0.1533]
Epoch 8/150 [train]:   0%|          | 0/26 [00:00<?, ?it/s, S=0.1914, loss=-0.1524]
Epoch 8/150 [train]:   0%|          | 0/26 [00:00<?, ?it/s, S=0.1928, loss=-0.1547]
Epoch 8/150 [train]:   0%|          | 0/26 [00:00<?, ?it/s, S=0.1943, loss=-0.1557]
Epoch 8/150 [train]:   0%|          | 0/26 [00:00<?, ?it/s, S=0.1866, loss=-0.1465]
Epoch 8/150 [train]:   0%|          | 0/26 [00:00<?, ?it/s, S=0.1917, loss=-0.1514]
Epoch 8/150 [train]:  35%|███▍      | 9/26 [00:00<00:00, 85.59it/s, S=0.1917, loss=-0.1514]
Epoch 8/150 [train]:  35%|███▍      | 9/26 [00:00<00:00, 85.59it/s, S=0.1914, loss=-0.1534]
Epoch 8/150 [train]:  35%|███▍      | 9/26 [00:00<00:00, 85.59it/s, S=0.2012, loss=-0.1614]
Epoch 8/150 [train]:  35%|███▍      | 9/26 [00:00<00:00, 85.59it/s, S=0.1989, loss=-0.1598]
Epoch 8/150 [train]:  35%|███▍      | 9/26 [00:00<00:00, 85.59it/s, S=0.1899, loss=-0.1511]
Epoch 8/150 [train]:  35%|███▍      | 9/26 [00:00<00:00, 85.59it/s, S=0.1977, loss=-0.1572]
Epoch 8/150 [train]:  35%|███▍      | 9/26 [00:00<00:00, 85.59it/s, S=0.1919, loss=-0.1504]
Epoch 8/150 [train]:  35%|███▍      | 9/26 [00:00<00:00, 85.59it/s, S=0.1950, loss=-0.1539]
Epoch 8/150 [train]:  35%|███▍      | 9/26 [00:00<00:00, 85.59it/s, S=0.1914, loss=-0.1488]
Epoch 8/150 [train]:  35%|███▍      | 9/26 [00:00<00:00, 85.59it/s, S=0.1995, loss=-0.1597]
Epoch 8/150 [train]:  69%|██████▉   | 18/26 [00:00<00:00, 86.10it/s, S=0.1995, loss=-0.1597]
Epoch 8/150 [train]:  69%|██████▉   | 18/26 [00:00<00:00, 86.10it/s, S=0.1998, loss=-0.1601]
Epoch 8/150 [train]:  69%|██████▉   | 18/26 [00:00<00:00, 86.10it/s, S=0.1921, loss=-0.1507]
Epoch 8/150 [train]:  69%|██████▉   | 18/26 [00:00<00:00, 86.10it/s, S=0.1890, loss=-0.1504]
Epoch 8/150 [train]:  69%|██████▉   | 18/26 [00:00<00:00, 86.10it/s, S=0.1948, loss=-0.1544]
Epoch 8/150 [train]:  69%|██████▉   | 18/26 [00:00<00:00, 86.10it/s, S=0.2022, loss=-0.1624]
Epoch 8/150 [train]:  69%|██████▉   | 18/26 [00:00<00:00, 86.10it/s, S=0.2009, loss=-0.1618]
Epoch 8/150 [train]:  69%|██████▉   | 18/26 [00:00<00:00, 86.10it/s, S=0.1956, loss=-0.1555]
Epoch 8/150 [train]:  69%|██████▉   | 18/26 [00:00<00:00, 86.10it/s, S=0.1954, loss=-0.1542]
                                                                                            
Epoch   8/150  train loss=-0.1539  val loss=-0.1685  S[mean]=0.2182  ζ=0.3349  mean_plane_ζ=0.1997  reg=0.0497  λscale=0.14  lr=4.77e-05

Epoch 9/150 [train]:   0%|          | 0/26 [00:00<?, ?it/s]
Epoch 9/150 [train]:   0%|          | 0/26 [00:00<?, ?it/s, S=0.1945, loss=-0.1540]
Epoch 9/150 [train]:   0%|          | 0/26 [00:00<?, ?it/s, S=0.1998, loss=-0.1579]
Epoch 9/150 [train]:   0%|          | 0/26 [00:00<?, ?it/s, S=0.1963, loss=-0.1548]
Epoch 9/150 [train]:   0%|          | 0/26 [00:00<?, ?it/s, S=0.1987, loss=-0.1570]
Epoch 9/150 [train]:   0%|          | 0/26 [00:00<?, ?it/s, S=0.2002, loss=-0.1581]
Epoch 9/150 [train]:   0%|          | 0/26 [00:00<?, ?it/s, S=0.1987, loss=-0.1569]
Epoch 9/150 [train]:   0%|          | 0/26 [00:00<?, ?it/s, S=0.2007, loss=-0.1588]
Epoch 9/150 [train]:   0%|          | 0/26 [00:00<?, ?it/s, S=0.2008, loss=-0.1586]
Epoch 9/150 [train]:   0%|          | 0/26 [00:00<?, ?it/s, S=0.2017, loss=-0.1592]
Epoch 9/150 [train]:  35%|███▍      | 9/26 [00:00<00:00, 86.03it/s, S=0.2017, loss=-0.1592]
Epoch 9/150 [train]:  35%|███▍      | 9/26 [00:00<00:00, 86.03it/s, S=0.2013, loss=-0.1589]
Epoch 9/150 [train]:  35%|███▍      | 9/26 [00:00<00:00, 86.03it/s, S=0.1948, loss=-0.1530]
Epoch 9/150 [train]:  35%|███▍      | 9/26 [00:00<00:00, 86.03it/s, S=0.1972, loss=-0.1552]
Epoch 9/150 [train]:  35%|███▍      | 9/26 [00:00<00:00, 86.03it/s, S=0.2014, loss=-0.1588]
Epoch 9/150 [train]:  35%|███▍      | 9/26 [00:00<00:00, 86.03it/s, S=0.2000, loss=-0.1584]
Epoch 9/150 [train]:  35%|███▍      | 9/26 [00:00<00:00, 86.03it/s, S=0.1999, loss=-0.1572]
Epoch 9/150 [train]:  35%|███▍      | 9/26 [00:00<00:00, 86.03it/s, S=0.1990, loss=-0.1567]
Epoch 9/150 [train]:  35%|███▍      | 9/26 [00:00<00:00, 86.03it/s, S=0.2067, loss=-0.1632]
Epoch 9/150 [train]:  35%|███▍      | 9/26 [00:00<00:00, 86.03it/s, S=0.2075, loss=-0.1654]
Epoch 9/150 [train]:  69%|██████▉   | 18/26 [00:00<00:00, 86.26it/s, S=0.2075, loss=-0.1654]
Epoch 9/150 [train]:  69%|██████▉   | 18/26 [00:00<00:00, 86.26it/s, S=0.2020, loss=-0.1617]
Epoch 9/150 [train]:  69%|██████▉   | 18/26 [00:00<00:00, 86.26it/s, S=0.1975, loss=-0.1512]
Epoch 9/150 [train]:  69%|██████▉   | 18/26 [00:00<00:00, 86.26it/s, S=0.2035, loss=-0.1603]
Epoch 9/150 [train]:  69%|██████▉   | 18/26 [00:00<00:00, 86.26it/s, S=0.2013, loss=-0.1562]
Epoch 9/150 [train]:  69%|██████▉   | 18/26 [00:00<00:00, 86.26it/s, S=0.2045, loss=-0.1616]
Epoch 9/150 [train]:  69%|██████▉   | 18/26 [00:00<00:00, 86.26it/s, S=0.2066, loss=-0.1640]
Epoch 9/150 [train]:  69%|██████▉   | 18/26 [00:00<00:00, 86.26it/s, S=0.2016, loss=-0.1579]
Epoch 9/150 [train]:  69%|██████▉   | 18/26 [00:00<00:00, 86.26it/s, S=0.2044, loss=-0.1626]
                                                                                            
Epoch   9/150  train loss=-0.1584  val loss=-0.1701  S[mean]=0.2222  ζ=0.3369  mean_plane_ζ=0.2012  reg=0.0521  λscale=0.15  lr=1.22e-05
Saved val-mean plane ζ checkpoint val_mean_plane_zeta_0.2.pt: threshold=0.2 epoch=9 val_mean_plane_zeta=0.2012

Epoch 10/150 [train]:   0%|          | 0/26 [00:00<?, ?it/s]
Epoch 10/150 [train]:   0%|          | 0/26 [00:00<?, ?it/s, S=0.2015, loss=-0.1594]
Epoch 10/150 [train]:   0%|          | 0/26 [00:00<?, ?it/s, S=0.2015, loss=-0.1554]
Epoch 10/150 [train]:   0%|          | 0/26 [00:00<?, ?it/s, S=0.2003, loss=-0.1565]
Epoch 10/150 [train]:   0%|          | 0/26 [00:00<?, ?it/s, S=0.2019, loss=-0.1584]
Epoch 10/150 [train]:   0%|          | 0/26 [00:00<?, ?it/s, S=0.2033, loss=-0.1596]
Epoch 10/150 [train]:   0%|          | 0/26 [00:00<?, ?it/s, S=0.2007, loss=-0.1572]
Epoch 10/150 [train]:   0%|          | 0/26 [00:00<?, ?it/s, S=0.1993, loss=-0.1572]
Epoch 10/150 [train]:   0%|          | 0/26 [00:00<?, ?it/s, S=0.2045, loss=-0.1590]
Epoch 10/150 [train]:   0%|          | 0/26 [00:00<?, ?it/s, S=0.2090, loss=-0.1650]
Epoch 10/150 [train]:  35%|███▍      | 9/26 [00:00<00:00, 86.03it/s, S=0.2090, loss=-0.1650]
Epoch 10/150 [train]:  35%|███▍      | 9/26 [00:00<00:00, 86.03it/s, S=0.2019, loss=-0.1569]
Epoch 10/150 [train]:  35%|███▍      | 9/26 [00:00<00:00, 86.03it/s, S=0.2085, loss=-0.1612]
Epoch 10/150 [train]:  35%|███▍      | 9/26 [00:00<00:00, 86.03it/s, S=0.2078, loss=-0.1651]
Epoch 10/150 [train]:  35%|███▍      | 9/26 [00:00<00:00, 86.03it/s, S=0.1998, loss=-0.1565]
Epoch 10/150 [train]:  35%|███▍      | 9/26 [00:00<00:00, 86.03it/s, S=0.2069, loss=-0.1624]
Epoch 10/150 [train]:  35%|███▍      | 9/26 [00:00<00:00, 86.03it/s, S=0.2009, loss=-0.1564]
Epoch 10/150 [train]:  35%|███▍      | 9/26 [00:00<00:00, 86.03it/s, S=0.2054, loss=-0.1610]
Epoch 10/150 [train]:  35%|███▍      | 9/26 [00:00<00:00, 86.03it/s, S=0.2101, loss=-0.1659]
Epoch 10/150 [train]:  35%|███▍      | 9/26 [00:00<00:00, 86.03it/s, S=0.2000, loss=-0.1551]
Epoch 10/150 [train]:  69%|██████▉   | 18/26 [00:00<00:00, 86.14it/s, S=0.2000, loss=-0.1551]
Epoch 10/150 [train]:  69%|██████▉   | 18/26 [00:00<00:00, 86.14it/s, S=0.1977, loss=-0.1532]
Epoch 10/150 [train]:  69%|██████▉   | 18/26 [00:00<00:00, 86.14it/s, S=0.2093, loss=-0.1645]
Epoch 10/150 [train]:  69%|██████▉   | 18/26 [00:00<00:00, 86.14it/s, S=0.2070, loss=-0.1631]
Epoch 10/150 [train]:  69%|██████▉   | 18/26 [00:00<00:00, 86.14it/s, S=0.1948, loss=-0.1477]
Epoch 10/150 [train]:  69%|██████▉   | 18/26 [00:00<00:00, 86.14it/s, S=0.1998, loss=-0.1572]
Epoch 10/150 [train]:  69%|██████▉   | 18/26 [00:00<00:00, 86.14it/s, S=0.2014, loss=-0.1583]
Epoch 10/150 [train]:  69%|██████▉   | 18/26 [00:00<00:00, 86.14it/s, S=0.2043, loss=-0.1606]
Epoch 10/150 [train]:  69%|██████▉   | 18/26 [00:00<00:00, 86.14it/s, S=0.2018, loss=-0.1534]
                                                                                             
Epoch  10/150  train loss=-0.1587  val loss=-0.1690  S[mean]=0.2231  ζ=0.3373  mean_plane_ζ=0.2015  reg=0.0540  λscale=0.15  lr=5.00e-04

Epoch 11/150 [train]:   0%|          | 0/26 [00:00<?, ?it/s]
Epoch 11/150 [train]:   0%|          | 0/26 [00:00<?, ?it/s, S=0.2003, loss=-0.1555]
Epoch 11/150 [train]:   0%|          | 0/26 [00:00<?, ?it/s, S=0.2040, loss=-0.1588]
Epoch 11/150 [train]:   0%|          | 0/26 [00:00<?, ?it/s, S=0.2134, loss=-0.1668]
Epoch 11/150 [train]:   0%|          | 0/26 [00:00<?, ?it/s, S=0.2019, loss=-0.1506]
Epoch 11/150 [train]:   0%|          | 0/26 [00:00<?, ?it/s, S=0.2029, loss=-0.1543]
Epoch 11/150 [train]:   0%|          | 0/26 [00:00<?, ?it/s, S=0.2110, loss=-0.1618]
Epoch 11/150 [train]:   0%|          | 0/26 [00:00<?, ?it/s, S=0.2067, loss=-0.1575]
Epoch 11/150 [train]:   0%|          | 0/26 [00:00<?, ?it/s, S=0.2136, loss=-0.1656]
Epoch 11/150 [train]:   0%|          | 0/26 [00:00<?, ?it/s, S=0.2115, loss=-0.1642]
Epoch 11/150 [train]:  35%|███▍      | 9/26 [00:00<00:00, 85.94it/s, S=0.2115, loss=-0.1642]
Epoch 11/150 [train]:  35%|███▍      | 9/26 [00:00<00:00, 85.94it/s, S=0.2116, loss=-0.1634]
Epoch 11/150 [train]:  35%|███▍      | 9/26 [00:00<00:00, 85.94it/s, S=0.2141, loss=-0.1655]
Epoch 11/150 [train]:  35%|███▍      | 9/26 [00:00<00:00, 85.94it/s, S=0.2115, loss=-0.1635]
Epoch 11/150 [train]:  35%|███▍      | 9/26 [00:00<00:00, 85.94it/s, S=0.2207, loss=-0.1722]
Epoch 11/150 [train]:  35%|███▍      | 9/26 [00:00<00:00, 85.94it/s, S=0.2207, loss=-0.1711]
Epoch 11/150 [train]:  35%|███▍      | 9/26 [00:00<00:00, 85.94it/s, S=0.2168, loss=-0.1675]
Epoch 11/150 [train]:  35%|███▍      | 9/26 [00:00<00:00, 85.94it/s, S=0.2168, loss=-0.1696]
Epoch 11/150 [train]:  35%|███▍      | 9/26 [00:00<00:00, 85.94it/s, S=0.2215, loss=-0.1716]
Epoch 11/150 [train]:  35%|███▍      | 9/26 [00:00<00:00, 85.94it/s, S=0.2194, loss=-0.1719]
Epoch 11/150 [train]:  69%|██████▉   | 18/26 [00:00<00:00, 86.26it/s, S=0.2194, loss=-0.1719]
Epoch 11/150 [train]:  69%|██████▉   | 18/26 [00:00<00:00, 86.26it/s, S=0.2206, loss=-0.1716]
Epoch 11/150 [train]:  69%|██████▉   | 18/26 [00:00<00:00, 86.26it/s, S=0.2244, loss=-0.1742]
Epoch 11/150 [train]:  69%|██████▉   | 18/26 [00:00<00:00, 86.26it/s, S=0.2324, loss=-0.1814]
Epoch 11/150 [train]:  69%|██████▉   | 18/26 [00:00<00:00, 86.26it/s, S=0.2243, loss=-0.1744]
Epoch 11/150 [train]:  69%|██████▉   | 18/26 [00:00<00:00, 86.26it/s, S=0.2223, loss=-0.1726]
Epoch 11/150 [train]:  69%|██████▉   | 18/26 [00:00<00:00, 86.26it/s, S=0.2264, loss=-0.1762]
Epoch 11/150 [train]:  69%|██████▉   | 18/26 [00:00<00:00, 86.26it/s, S=0.2281, loss=-0.1775]
Epoch 11/150 [train]:  69%|██████▉   | 18/26 [00:00<00:00, 86.26it/s, S=0.2295, loss=-0.1805]
                                                                                             
Epoch  11/150  train loss=-0.1677  val loss=-0.1863  S[mean]=0.2491  ζ=0.3423  mean_plane_ζ=0.2052  reg=0.0627  λscale=0.16  lr=4.97e-04

Epoch 12/150 [train]:   0%|          | 0/26 [00:00<?, ?it/s]
Epoch 12/150 [train]:   0%|          | 0/26 [00:00<?, ?it/s, S=0.2207, loss=-0.1696]
Epoch 12/150 [train]:   0%|          | 0/26 [00:00<?, ?it/s, S=0.2337, loss=-0.1827]
Epoch 12/150 [train]:   0%|          | 0/26 [00:00<?, ?it/s, S=0.2295, loss=-0.1756]
Epoch 12/150 [train]:   0%|          | 0/26 [00:00<?, ?it/s, S=0.2331, loss=-0.1801]
Epoch 12/150 [train]:   0%|          | 0/26 [00:00<?, ?it/s, S=0.2305, loss=-0.1780]
Epoch 12/150 [train]:   0%|          | 0/26 [00:00<?, ?it/s, S=0.2339, loss=-0.1797]
Epoch 12/150 [train]:   0%|          | 0/26 [00:00<?, ?it/s, S=0.2251, loss=-0.1727]
Epoch 12/150 [train]:   0%|          | 0/26 [00:00<?, ?it/s, S=0.2387, loss=-0.1860]
Epoch 12/150 [train]:   0%|          | 0/26 [00:00<?, ?it/s, S=0.2403, loss=-0.1884]
Epoch 12/150 [train]:  35%|███▍      | 9/26 [00:00<00:00, 86.15it/s, S=0.2403, loss=-0.1884]
Epoch 12/150 [train]:  35%|███▍      | 9/26 [00:00<00:00, 86.15it/s, S=0.2371, loss=-0.1820]
Epoch 12/150 [train]:  35%|███▍      | 9/26 [00:00<00:00, 86.15it/s, S=0.2367, loss=-0.1837]
Epoch 12/150 [train]:  35%|███▍      | 9/26 [00:00<00:00, 86.15it/s, S=0.2361, loss=-0.1829]
Epoch 12/150 [train]:  35%|███▍      | 9/26 [00:00<00:00, 86.15it/s, S=0.2379, loss=-0.1834]
Epoch 12/150 [train]:  35%|███▍      | 9/26 [00:00<00:00, 86.15it/s, S=0.2373, loss=-0.1808]
Epoch 12/150 [train]:  35%|███▍      | 9/26 [00:00<00:00, 86.15it/s, S=0.2407, loss=-0.1876]
Epoch 12/150 [train]:  35%|███▍      | 9/26 [00:00<00:00, 86.15it/s, S=0.2329, loss=-0.1793]
Epoch 12/150 [train]:  35%|███▍      | 9/26 [00:00<00:00, 86.15it/s, S=0.2391, loss=-0.1837]
Epoch 12/150 [train]:  35%|███▍      | 9/26 [00:00<00:00, 86.15it/s, S=0.2381, loss=-0.1865]
Epoch 12/150 [train]:  69%|██████▉   | 18/26 [00:00<00:00, 86.34it/s, S=0.2381, loss=-0.1865]
Epoch 12/150 [train]:  69%|██████▉   | 18/26 [00:00<00:00, 86.34it/s, S=0.2394, loss=-0.1865]
Epoch 12/150 [train]:  69%|██████▉   | 18/26 [00:00<00:00, 86.34it/s, S=0.2397, loss=-0.1864]
Epoch 12/150 [train]:  69%|██████▉   | 18/26 [00:00<00:00, 86.34it/s, S=0.2468, loss=-0.1894]
Epoch 12/150 [train]:  69%|██████▉   | 18/26 [00:00<00:00, 86.34it/s, S=0.2422, loss=-0.1912]
Epoch 12/150 [train]:  69%|██████▉   | 18/26 [00:00<00:00, 86.34it/s, S=0.2417, loss=-0.1872]
Epoch 12/150 [train]:  69%|██████▉   | 18/26 [00:00<00:00, 86.34it/s, S=0.2444, loss=-0.1901]
Epoch 12/150 [train]:  69%|██████▉   | 18/26 [00:00<00:00, 86.34it/s, S=0.2476, loss=-0.1934]
Epoch 12/150 [train]:  69%|██████▉   | 18/26 [00:00<00:00, 86.34it/s, S=0.2509, loss=-0.1985]
                                                                                             
Epoch  12/150  train loss=-0.1841  val loss=-0.2018  S[mean]=0.2696  ζ=0.3436  mean_plane_ζ=0.2107  reg=0.0677  λscale=0.17  lr=4.88e-04

Epoch 13/150 [train]:   0%|          | 0/26 [00:00<?, ?it/s]
Epoch 13/150 [train]:   0%|          | 0/26 [00:00<?, ?it/s, S=0.2464, loss=-0.1901]
Epoch 13/150 [train]:   0%|          | 0/26 [00:00<?, ?it/s, S=0.2536, loss=-0.1987]
Epoch 13/150 [train]:   0%|          | 0/26 [00:00<?, ?it/s, S=0.2465, loss=-0.1902]
Epoch 13/150 [train]:   0%|          | 0/26 [00:00<?, ?it/s, S=0.2484, loss=-0.1901]
Epoch 13/150 [train]:   0%|          | 0/26 [00:00<?, ?it/s, S=0.2429, loss=-0.1892]
Epoch 13/150 [train]:   0%|          | 0/26 [00:00<?, ?it/s, S=0.2527, loss=-0.1992]
Epoch 13/150 [train]:   0%|          | 0/26 [00:00<?, ?it/s, S=0.2519, loss=-0.1989]
Epoch 13/150 [train]:   0%|          | 0/26 [00:00<?, ?it/s, S=0.2552, loss=-0.2006]
Epoch 13/150 [train]:   0%|          | 0/26 [00:00<?, ?it/s, S=0.2484, loss=-0.1939]
Epoch 13/150 [train]:  35%|███▍      | 9/26 [00:00<00:00, 85.97it/s, S=0.2484, loss=-0.1939]
Epoch 13/150 [train]:  35%|███▍      | 9/26 [00:00<00:00, 85.97it/s, S=0.2526, loss=-0.1972]
Epoch 13/150 [train]:  35%|███▍      | 9/26 [00:00<00:00, 85.97it/s, S=0.2576, loss=-0.2020]
Epoch 13/150 [train]:  35%|███▍      | 9/26 [00:00<00:00, 85.97it/s, S=0.2545, loss=-0.1985]
Epoch 13/150 [train]:  35%|███▍      | 9/26 [00:00<00:00, 85.97it/s, S=0.2590, loss=-0.2007]
Epoch 13/150 [train]:  35%|███▍      | 9/26 [00:00<00:00, 85.97it/s, S=0.2564, loss=-0.1994]
Epoch 13/150 [train]:  35%|███▍      | 9/26 [00:00<00:00, 85.97it/s, S=0.2631, loss=-0.2077]
Epoch 13/150 [train]:  35%|███▍      | 9/26 [00:00<00:00, 85.97it/s, S=0.2580, loss=-0.2020]
Epoch 13/150 [train]:  35%|███▍      | 9/26 [00:00<00:00, 85.97it/s, S=0.2595, loss=-0.2008]
Epoch 13/150 [train]:  35%|███▍      | 9/26 [00:00<00:00, 85.97it/s, S=0.2600, loss=-0.2035]
Epoch 13/150 [train]:  69%|██████▉   | 18/26 [00:00<00:00, 86.28it/s, S=0.2600, loss=-0.2035]
Epoch 13/150 [train]:  69%|██████▉   | 18/26 [00:00<00:00, 86.28it/s, S=0.2536, loss=-0.1984]
Epoch 13/150 [train]:  69%|██████▉   | 18/26 [00:00<00:00, 86.28it/s, S=0.2589, loss=-0.2029]
Epoch 13/150 [train]:  69%|██████▉   | 18/26 [00:00<00:00, 86.28it/s, S=0.2592, loss=-0.2013]
Epoch 13/150 [train]:  69%|██████▉   | 18/26 [00:00<00:00, 86.28it/s, S=0.2642, loss=-0.2077]
Epoch 13/150 [train]:  69%|██████▉   | 18/26 [00:00<00:00, 86.28it/s, S=0.2647, loss=-0.2069]
Epoch 13/150 [train]:  69%|██████▉   | 18/26 [00:00<00:00, 86.28it/s, S=0.2595, loss=-0.2003]
Epoch 13/150 [train]:  69%|██████▉   | 18/26 [00:00<00:00, 86.28it/s, S=0.2671, loss=-0.2117]
Epoch 13/150 [train]:  69%|██████▉   | 18/26 [00:00<00:00, 86.28it/s, S=0.2689, loss=-0.2113]
                                                                                             
Epoch  13/150  train loss=-0.2001  val loss=-0.2152  S[mean]=0.2869  ζ=0.3462  mean_plane_ζ=0.2173  reg=0.0717  λscale=0.17  lr=4.73e-04

Epoch 14/150 [train]:   0%|          | 0/26 [00:00<?, ?it/s]
Epoch 14/150 [train]:   0%|          | 0/26 [00:00<?, ?it/s, S=0.2635, loss=-0.2053]
Epoch 14/150 [train]:   0%|          | 0/26 [00:00<?, ?it/s, S=0.2708, loss=-0.2127]
Epoch 14/150 [train]:   0%|          | 0/26 [00:00<?, ?it/s, S=0.2704, loss=-0.2106]
Epoch 14/150 [train]:   0%|          | 0/26 [00:00<?, ?it/s, S=0.2608, loss=-0.2039]
Epoch 14/150 [train]:   0%|          | 0/26 [00:00<?, ?it/s, S=0.2570, loss=-0.1993]
Epoch 14/150 [train]:   0%|          | 0/26 [00:00<?, ?it/s, S=0.2695, loss=-0.2091]
Epoch 14/150 [train]:   0%|          | 0/26 [00:00<?, ?it/s, S=0.2641, loss=-0.2067]
Epoch 14/150 [train]:   0%|          | 0/26 [00:00<?, ?it/s, S=0.2710, loss=-0.2078]
Epoch 14/150 [train]:   0%|          | 0/26 [00:00<?, ?it/s, S=0.2728, loss=-0.2140]
Epoch 14/150 [train]:  35%|███▍      | 9/26 [00:00<00:00, 86.02it/s, S=0.2728, loss=-0.2140]
Epoch 14/150 [train]:  35%|███▍      | 9/26 [00:00<00:00, 86.02it/s, S=0.2667, loss=-0.2103]
Epoch 14/150 [train]:  35%|███▍      | 9/26 [00:00<00:00, 86.02it/s, S=0.2684, loss=-0.2077]
Epoch 14/150 [train]:  35%|███▍      | 9/26 [00:00<00:00, 86.02it/s, S=0.2689, loss=-0.2121]
Epoch 14/150 [train]:  35%|███▍      | 9/26 [00:00<00:00, 86.02it/s, S=0.2648, loss=-0.2056]
Epoch 14/150 [train]:  35%|███▍      | 9/26 [00:00<00:00, 86.02it/s, S=0.2758, loss=-0.2174]
Epoch 14/150 [train]:  35%|███▍      | 9/26 [00:00<00:00, 86.02it/s, S=0.2716, loss=-0.2127]
Epoch 14/150 [train]:  35%|███▍      | 9/26 [00:00<00:00, 86.02it/s, S=0.2749, loss=-0.2178]
Epoch 14/150 [train]:  35%|███▍      | 9/26 [00:00<00:00, 86.02it/s, S=0.2783, loss=-0.2190]
Epoch 14/150 [train]:  35%|███▍      | 9/26 [00:00<00:00, 86.02it/s, S=0.2746, loss=-0.2158]
Epoch 14/150 [train]:  69%|██████▉   | 18/26 [00:00<00:00, 86.30it/s, S=0.2746, loss=-0.2158]
Epoch 14/150 [train]:  69%|██████▉   | 18/26 [00:00<00:00, 86.30it/s, S=0.2729, loss=-0.2131]
Epoch 14/150 [train]:  69%|██████▉   | 18/26 [00:00<00:00, 86.30it/s, S=0.2748, loss=-0.2153]
Epoch 14/150 [train]:  69%|██████▉   | 18/26 [00:00<00:00, 86.30it/s, S=0.2718, loss=-0.2143]
Epoch 14/150 [train]:  69%|██████▉   | 18/26 [00:00<00:00, 86.30it/s, S=0.2809, loss=-0.2231]
Epoch 14/150 [train]:  69%|██████▉   | 18/26 [00:00<00:00, 86.30it/s, S=0.2785, loss=-0.2182]
Epoch 14/150 [train]:  69%|██████▉   | 18/26 [00:00<00:00, 86.30it/s, S=0.2780, loss=-0.2200]
Epoch 14/150 [train]:  69%|██████▉   | 18/26 [00:00<00:00, 86.30it/s, S=0.2736, loss=-0.2158]
Epoch 14/150 [train]:  69%|██████▉   | 18/26 [00:00<00:00, 86.30it/s, S=0.2778, loss=-0.2177]
                                                                                             
Epoch  14/150  train loss=-0.2125  val loss=-0.2281  S[mean]=0.3022  ζ=0.3475  mean_plane_ζ=0.2243  reg=0.0741  λscale=0.18  lr=4.52e-04

Epoch 15/150 [train]:   0%|          | 0/26 [00:00<?, ?it/s]
Epoch 15/150 [train]:   0%|          | 0/26 [00:00<?, ?it/s, S=0.2837, loss=-0.2222]
Epoch 15/150 [train]:   0%|          | 0/26 [00:00<?, ?it/s, S=0.2810, loss=-0.2154]
Epoch 15/150 [train]:   0%|          | 0/26 [00:00<?, ?it/s, S=0.2832, loss=-0.2242]
Epoch 15/150 [train]:   0%|          | 0/26 [00:00<?, ?it/s, S=0.2844, loss=-0.2246]
Epoch 15/150 [train]:   0%|          | 0/26 [00:00<?, ?it/s, S=0.2807, loss=-0.2225]
Epoch 15/150 [train]:   0%|          | 0/26 [00:00<?, ?it/s, S=0.2861, loss=-0.2242]
Epoch 15/150 [train]:   0%|          | 0/26 [00:00<?, ?it/s, S=0.2844, loss=-0.2248]
Epoch 15/150 [train]:   0%|          | 0/26 [00:00<?, ?it/s, S=0.2862, loss=-0.2263]
Epoch 15/150 [train]:   0%|          | 0/26 [00:00<?, ?it/s, S=0.2774, loss=-0.2156]
Epoch 15/150 [train]:  35%|███▍      | 9/26 [00:00<00:00, 85.88it/s, S=0.2774, loss=-0.2156]
Epoch 15/150 [train]:  35%|███▍      | 9/26 [00:00<00:00, 85.88it/s, S=0.2756, loss=-0.2142]
Epoch 15/150 [train]:  35%|███▍      | 9/26 [00:00<00:00, 85.88it/s, S=0.2756, loss=-0.2143]
Epoch 15/150 [train]:  35%|███▍      | 9/26 [00:00<00:00, 85.88it/s, S=0.2836, loss=-0.2207]
Epoch 15/150 [train]:  35%|███▍      | 9/26 [00:00<00:00, 85.88it/s, S=0.2859, loss=-0.2260]
Epoch 15/150 [train]:  35%|███▍      | 9/26 [00:00<00:00, 85.88it/s, S=0.2868, loss=-0.2239]
Epoch 15/150 [train]:  35%|███▍      | 9/26 [00:00<00:00, 85.88it/s, S=0.2885, loss=-0.2269]
Epoch 15/150 [train]:  35%|███▍      | 9/26 [00:00<00:00, 85.88it/s, S=0.2810, loss=-0.2171]
Epoch 15/150 [train]:  35%|███▍      | 9/26 [00:00<00:00, 85.88it/s, S=0.2875, loss=-0.2226]
Epoch 15/150 [train]:  35%|███▍      | 9/26 [00:00<00:00, 85.88it/s, S=0.2879, loss=-0.2248]
Epoch 15/150 [train]:  69%|██████▉   | 18/26 [00:00<00:00, 86.07it/s, S=0.2879, loss=-0.2248]
Epoch 15/150 [train]:  69%|██████▉   | 18/26 [00:00<00:00, 86.07it/s, S=0.2882, loss=-0.2257]
Epoch 15/150 [train]:  69%|██████▉   | 18/26 [00:00<00:00, 86.07it/s, S=0.2845, loss=-0.2193]
Epoch 15/150 [train]:  69%|██████▉   | 18/26 [00:00<00:00, 86.07it/s, S=0.2829, loss=-0.2218]
Epoch 15/150 [train]:  69%|██████▉   | 18/26 [00:00<00:00, 86.07it/s, S=0.2904, loss=-0.2262]
Epoch 15/150 [train]:  69%|██████▉   | 18/26 [00:00<00:00, 86.07it/s, S=0.2887, loss=-0.2257]
Epoch 15/150 [train]:  69%|██████▉   | 18/26 [00:00<00:00, 86.07it/s, S=0.2938, loss=-0.2303]
Epoch 15/150 [train]:  69%|██████▉   | 18/26 [00:00<00:00, 86.07it/s, S=0.2942, loss=-0.2314]
Epoch 15/150 [train]:  69%|██████▉   | 18/26 [00:00<00:00, 86.07it/s, S=0.2899, loss=-0.2267]
                                                                                             
Epoch  15/150  train loss=-0.2230  val loss=-0.2408  S[mean]=0.3204  ζ=0.3508  mean_plane_ζ=0.2347  reg=0.0796  λscale=0.18  lr=4.27e-04

Epoch 16/150 [train]:   0%|          | 0/26 [00:00<?, ?it/s]
Epoch 16/150 [train]:   0%|          | 0/26 [00:00<?, ?it/s, S=0.3006, loss=-0.2369]
Epoch 16/150 [train]:   0%|          | 0/26 [00:00<?, ?it/s, S=0.2982, loss=-0.2312]
Epoch 16/150 [train]:   0%|          | 0/26 [00:00<?, ?it/s, S=0.2996, loss=-0.2381]
Epoch 16/150 [train]:   0%|          | 0/26 [00:00<?, ?it/s, S=0.2938, loss=-0.2288]
Epoch 16/150 [train]:   0%|          | 0/26 [00:00<?, ?it/s, S=0.2974, loss=-0.2316]
Epoch 16/150 [train]:   0%|          | 0/26 [00:00<?, ?it/s, S=0.2928, loss=-0.2288]
Epoch 16/150 [train]:   0%|          | 0/26 [00:00<?, ?it/s, S=0.2981, loss=-0.2314]
Epoch 16/150 [train]:   0%|          | 0/26 [00:00<?, ?it/s, S=0.2887, loss=-0.2224]
Epoch 16/150 [train]:   0%|          | 0/26 [00:00<?, ?it/s, S=0.2958, loss=-0.2269]
Epoch 16/150 [train]:  35%|███▍      | 9/26 [00:00<00:00, 86.20it/s, S=0.2958, loss=-0.2269]
Epoch 16/150 [train]:  35%|███▍      | 9/26 [00:00<00:00, 86.20it/s, S=0.3007, loss=-0.2338]
Epoch 16/150 [train]:  35%|███▍      | 9/26 [00:00<00:00, 86.20it/s, S=0.2991, loss=-0.2344]
Epoch 16/150 [train]:  35%|███▍      | 9/26 [00:00<00:00, 86.20it/s, S=0.2995, loss=-0.2342]
Epoch 16/150 [train]:  35%|███▍      | 9/26 [00:00<00:00, 86.20it/s, S=0.3089, loss=-0.2451]
Epoch 16/150 [train]:  35%|███▍      | 9/26 [00:00<00:00, 86.20it/s, S=0.3005, loss=-0.2306]
Epoch 16/150 [train]:  35%|███▍      | 9/26 [00:00<00:00, 86.20it/s, S=0.3020, loss=-0.2336]
Epoch 16/150 [train]:  35%|███▍      | 9/26 [00:00<00:00, 86.20it/s, S=0.2989, loss=-0.2350]
Epoch 16/150 [train]:  35%|███▍      | 9/26 [00:00<00:00, 86.20it/s, S=0.3053, loss=-0.2392]
Epoch 16/150 [train]:  35%|███▍      | 9/26 [00:00<00:00, 86.20it/s, S=0.3089, loss=-0.2395]
Epoch 16/150 [train]:  69%|██████▉   | 18/26 [00:00<00:00, 86.03it/s, S=0.3089, loss=-0.2395]
Epoch 16/150 [train]:  69%|██████▉   | 18/26 [00:00<00:00, 86.03it/s, S=0.3066, loss=-0.2402]
Epoch 16/150 [train]:  69%|██████▉   | 18/26 [00:00<00:00, 86.03it/s, S=0.3064, loss=-0.2397]
Epoch 16/150 [train]:  69%|██████▉   | 18/26 [00:00<00:00, 86.03it/s, S=0.3054, loss=-0.2372]
Epoch 16/150 [train]:  69%|██████▉   | 18/26 [00:00<00:00, 86.03it/s, S=0.3123, loss=-0.2457]
Epoch 16/150 [train]:  69%|██████▉   | 18/26 [00:00<00:00, 86.03it/s, S=0.3055, loss=-0.2379]
Epoch 16/150 [train]:  69%|██████▉   | 18/26 [00:00<00:00, 86.03it/s, S=0.2995, loss=-0.2350]
Epoch 16/150 [train]:  69%|██████▉   | 18/26 [00:00<00:00, 86.03it/s, S=0.3127, loss=-0.2402]
Epoch 16/150 [train]:  69%|██████▉   | 18/26 [00:00<00:00, 86.03it/s, S=0.3118, loss=-0.2474]
                                                                                             
Epoch  16/150  train loss=-0.2356  val loss=-0.2569  S[mean]=0.3409  ζ=0.3577  mean_plane_ζ=0.2440  reg=0.0839  λscale=0.19  lr=3.97e-04

Epoch 17/150 [train]:   0%|          | 0/26 [00:00<?, ?it/s]
Epoch 17/150 [train]:   0%|          | 0/26 [00:00<?, ?it/s, S=0.3061, loss=-0.2354]
Epoch 17/150 [train]:   0%|          | 0/26 [00:00<?, ?it/s, S=0.3209, loss=-0.2531]
Epoch 17/150 [train]:   0%|          | 0/26 [00:00<?, ?it/s, S=0.3180, loss=-0.2499]
Epoch 17/150 [train]:   0%|          | 0/26 [00:00<?, ?it/s, S=0.3089, loss=-0.2432]
Epoch 17/150 [train]:   0%|          | 0/26 [00:00<?, ?it/s, S=0.3143, loss=-0.2479]
Epoch 17/150 [train]:   0%|          | 0/26 [00:00<?, ?it/s, S=0.3168, loss=-0.2446]
Epoch 17/150 [train]:   0%|          | 0/26 [00:00<?, ?it/s, S=0.3212, loss=-0.2526]
Epoch 17/150 [train]:   0%|          | 0/26 [00:00<?, ?it/s, S=0.3192, loss=-0.2489]
Epoch 17/150 [train]:   0%|          | 0/26 [00:00<?, ?it/s, S=0.3226, loss=-0.2542]
Epoch 17/150 [train]:  35%|███▍      | 9/26 [00:00<00:00, 85.98it/s, S=0.3226, loss=-0.2542]
Epoch 17/150 [train]:  35%|███▍      | 9/26 [00:00<00:00, 85.98it/s, S=0.3168, loss=-0.2486]
Epoch 17/150 [train]:  35%|███▍      | 9/26 [00:00<00:00, 85.98it/s, S=0.3113, loss=-0.2414]
Epoch 17/150 [train]:  35%|███▍      | 9/26 [00:00<00:00, 85.98it/s, S=0.3237, loss=-0.2513]
Epoch 17/150 [train]:  35%|███▍      | 9/26 [00:00<00:00, 85.98it/s, S=0.3162, loss=-0.2421]
Epoch 17/150 [train]:  35%|███▍      | 9/26 [00:00<00:00, 85.98it/s, S=0.3156, loss=-0.2484]
Epoch 17/150 [train]:  35%|███▍      | 9/26 [00:00<00:00, 85.98it/s, S=0.3236, loss=-0.2536]
Epoch 17/150 [train]:  35%|███▍      | 9/26 [00:00<00:00, 85.98it/s, S=0.3188, loss=-0.2498]
Epoch 17/150 [train]:  35%|███▍      | 9/26 [00:00<00:00, 85.98it/s, S=0.3215, loss=-0.2536]
Epoch 17/150 [train]:  35%|███▍      | 9/26 [00:00<00:00, 85.98it/s, S=0.3287, loss=-0.2601]
Epoch 17/150 [train]:  69%|██████▉   | 18/26 [00:00<00:00, 86.21it/s, S=0.3287, loss=-0.2601]
Epoch 17/150 [train]:  69%|██████▉   | 18/26 [00:00<00:00, 86.21it/s, S=0.3220, loss=-0.2539]
Epoch 17/150 [train]:  69%|██████▉   | 18/26 [00:00<00:00, 86.21it/s, S=0.3176, loss=-0.2470]
Epoch 17/150 [train]:  69%|██████▉   | 18/26 [00:00<00:00, 86.21it/s, S=0.3288, loss=-0.2580]
Epoch 17/150 [train]:  69%|██████▉   | 18/26 [00:00<00:00, 86.21it/s, S=0.3181, loss=-0.2432]
Epoch 17/150 [train]:  69%|██████▉   | 18/26 [00:00<00:00, 86.21it/s, S=0.3269, loss=-0.2564]
Epoch 17/150 [train]:  69%|██████▉   | 18/26 [00:00<00:00, 86.21it/s, S=0.3299, loss=-0.2601]
Epoch 17/150 [train]:  69%|██████▉   | 18/26 [00:00<00:00, 86.21it/s, S=0.3307, loss=-0.2585]
Epoch 17/150 [train]:  69%|██████▉   | 18/26 [00:00<00:00, 86.21it/s, S=0.3262, loss=-0.2538]
                                                                                             
Epoch  17/150  train loss=-0.2504  val loss=-0.2703  S[mean]=0.3590  ζ=0.3616  mean_plane_ζ=0.2495  reg=0.0887  λscale=0.20  lr=3.63e-04

Epoch 18/150 [train]:   0%|          | 0/26 [00:00<?, ?it/s]
Epoch 18/150 [train]:   0%|          | 0/26 [00:00<?, ?it/s, S=0.3367, loss=-0.2623]
Epoch 18/150 [train]:   0%|          | 0/26 [00:00<?, ?it/s, S=0.3238, loss=-0.2526]
Epoch 18/150 [train]:   0%|          | 0/26 [00:00<?, ?it/s, S=0.3287, loss=-0.2555]
Epoch 18/150 [train]:   0%|          | 0/26 [00:00<?, ?it/s, S=0.3294, loss=-0.2567]
Epoch 18/150 [train]:   0%|          | 0/26 [00:00<?, ?it/s, S=0.3326, loss=-0.2595]
Epoch 18/150 [train]:   0%|          | 0/26 [00:00<?, ?it/s, S=0.3358, loss=-0.2552]
Epoch 18/150 [train]:   0%|          | 0/26 [00:00<?, ?it/s, S=0.3317, loss=-0.2568]
Epoch 18/150 [train]:   0%|          | 0/26 [00:00<?, ?it/s, S=0.3394, loss=-0.2636]
Epoch 18/150 [train]:   0%|          | 0/26 [00:00<?, ?it/s, S=0.3364, loss=-0.2593]
Epoch 18/150 [train]:  35%|███▍      | 9/26 [00:00<00:00, 86.02it/s, S=0.3364, loss=-0.2593]
Epoch 18/150 [train]:  35%|███▍      | 9/26 [00:00<00:00, 86.02it/s, S=0.3363, loss=-0.2576]
Epoch 18/150 [train]:  35%|███▍      | 9/26 [00:00<00:00, 86.02it/s, S=0.3410, loss=-0.2670]
Epoch 18/150 [train]:  35%|███▍      | 9/26 [00:00<00:00, 86.02it/s, S=0.3190, loss=-0.2415]
Epoch 18/150 [train]:  35%|███▍      | 9/26 [00:00<00:00, 86.02it/s, S=0.3393, loss=-0.2641]
Epoch 18/150 [train]:  35%|███▍      | 9/26 [00:00<00:00, 86.02it/s, S=0.3330, loss=-0.2592]
Epoch 18/150 [train]:  35%|███▍      | 9/26 [00:00<00:00, 86.02it/s, S=0.3305, loss=-0.2594]
Epoch 18/150 [train]:  35%|███▍      | 9/26 [00:00<00:00, 86.02it/s, S=0.3330, loss=-0.2539]
Epoch 18/150 [train]:  35%|███▍      | 9/26 [00:00<00:00, 86.02it/s, S=0.3333, loss=-0.2523]
Epoch 18/150 [train]:  35%|███▍      | 9/26 [00:00<00:00, 86.02it/s, S=0.3369, loss=-0.2625]
Epoch 18/150 [train]:  69%|██████▉   | 18/26 [00:00<00:00, 85.84it/s, S=0.3369, loss=-0.2625]
Epoch 18/150 [train]:  69%|██████▉   | 18/26 [00:00<00:00, 85.84it/s, S=0.3365, loss=-0.2620]
Epoch 18/150 [train]:  69%|██████▉   | 18/26 [00:00<00:00, 85.84it/s, S=0.3384, loss=-0.2593]
Epoch 18/150 [train]:  69%|██████▉   | 18/26 [00:00<00:00, 85.84it/s, S=0.3392, loss=-0.2647]
Epoch 18/150 [train]:  69%|██████▉   | 18/26 [00:00<00:00, 85.84it/s, S=0.3371, loss=-0.2628]
Epoch 18/150 [train]:  69%|██████▉   | 18/26 [00:00<00:00, 85.84it/s, S=0.3389, loss=-0.2646]
Epoch 18/150 [train]:  69%|██████▉   | 18/26 [00:00<00:00, 85.84it/s, S=0.3441, loss=-0.2709]
Epoch 18/150 [train]:  69%|██████▉   | 18/26 [00:00<00:00, 85.84it/s, S=0.3377, loss=-0.2638]
Epoch 18/150 [train]:  69%|██████▉   | 18/26 [00:00<00:00, 85.84it/s, S=0.3431, loss=-0.2656]
                                                                                             
Epoch  18/150  train loss=-0.2597  val loss=-0.2796  S[mean]=0.3729  ζ=0.3660  mean_plane_ζ=0.2547  reg=0.0933  λscale=0.20  lr=3.27e-04

Epoch 19/150 [train]:   0%|          | 0/26 [00:00<?, ?it/s]
Epoch 19/150 [train]:   0%|          | 0/26 [00:00<?, ?it/s, S=0.3483, loss=-0.2700]
Epoch 19/150 [train]:   0%|          | 0/26 [00:00<?, ?it/s, S=0.3447, loss=-0.2642]
Epoch 19/150 [train]:   0%|          | 0/26 [00:00<?, ?it/s, S=0.3390, loss=-0.2588]
Epoch 19/150 [train]:   0%|          | 0/26 [00:00<?, ?it/s, S=0.3360, loss=-0.2549]
Epoch 19/150 [train]:   0%|          | 0/26 [00:00<?, ?it/s, S=0.3419, loss=-0.2619]
Epoch 19/150 [train]:   0%|          | 0/26 [00:00<?, ?it/s, S=0.3440, loss=-0.2604]
Epoch 19/150 [train]:   0%|          | 0/26 [00:00<?, ?it/s, S=0.3475, loss=-0.2706]
Epoch 19/150 [train]:   0%|          | 0/26 [00:00<?, ?it/s, S=0.3446, loss=-0.2653]
Epoch 19/150 [train]:   0%|          | 0/26 [00:00<?, ?it/s, S=0.3437, loss=-0.2676]
Epoch 19/150 [train]:  35%|███▍      | 9/26 [00:00<00:00, 85.94it/s, S=0.3437, loss=-0.2676]
Epoch 19/150 [train]:  35%|███▍      | 9/26 [00:00<00:00, 85.94it/s, S=0.3450, loss=-0.2701]
Epoch 19/150 [train]:  35%|███▍      | 9/26 [00:00<00:00, 85.94it/s, S=0.3427, loss=-0.2649]
Epoch 19/150 [train]:  35%|███▍      | 9/26 [00:00<00:00, 85.94it/s, S=0.3399, loss=-0.2540]
Epoch 19/150 [train]:  35%|███▍      | 9/26 [00:00<00:00, 85.94it/s, S=0.3464, loss=-0.2691]
Epoch 19/150 [train]:  35%|███▍      | 9/26 [00:00<00:00, 85.94it/s, S=0.3480, loss=-0.2719]
Epoch 19/150 [train]:  35%|███▍      | 9/26 [00:00<00:00, 85.94it/s, S=0.3485, loss=-0.2685]
Epoch 19/150 [train]:  35%|███▍      | 9/26 [00:00<00:00, 85.94it/s, S=0.3513, loss=-0.2713]
Epoch 19/150 [train]:  35%|███▍      | 9/26 [00:00<00:00, 85.94it/s, S=0.3400, loss=-0.2606]
Epoch 19/150 [train]:  35%|███▍      | 9/26 [00:00<00:00, 85.94it/s, S=0.3512, loss=-0.2759]
Epoch 19/150 [train]:  69%|██████▉   | 18/26 [00:00<00:00, 86.32it/s, S=0.3512, loss=-0.2759]
Epoch 19/150 [train]:  69%|██████▉   | 18/26 [00:00<00:00, 86.32it/s, S=0.3475, loss=-0.2680]
Epoch 19/150 [train]:  69%|██████▉   | 18/26 [00:00<00:00, 86.32it/s, S=0.3513, loss=-0.2764]
Epoch 19/150 [train]:  69%|██████▉   | 18/26 [00:00<00:00, 86.32it/s, S=0.3405, loss=-0.2610]
Epoch 19/150 [train]:  69%|██████▉   | 18/26 [00:00<00:00, 86.32it/s, S=0.3450, loss=-0.2654]
Epoch 19/150 [train]:  69%|██████▉   | 18/26 [00:00<00:00, 86.32it/s, S=0.3516, loss=-0.2738]
Epoch 19/150 [train]:  69%|██████▉   | 18/26 [00:00<00:00, 86.32it/s, S=0.3461, loss=-0.2612]
Epoch 19/150 [train]:  69%|██████▉   | 18/26 [00:00<00:00, 86.32it/s, S=0.3583, loss=-0.2798]
Epoch 19/150 [train]:  69%|██████▉   | 18/26 [00:00<00:00, 86.32it/s, S=0.3454, loss=-0.2682]
                                                                                             
Epoch  19/150  train loss=-0.2667  val loss=-0.2877  S[mean]=0.3823  ζ=0.3691  mean_plane_ζ=0.2593  reg=0.0946  λscale=0.21  lr=2.89e-04

Epoch 20/150 [train]:   0%|          | 0/26 [00:00<?, ?it/s]
Epoch 20/150 [train]:   0%|          | 0/26 [00:00<?, ?it/s, S=0.3512, loss=-0.2729]
Epoch 20/150 [train]:   0%|          | 0/26 [00:00<?, ?it/s, S=0.3531, loss=-0.2720]
Epoch 20/150 [train]:   0%|          | 0/26 [00:00<?, ?it/s, S=0.3629, loss=-0.2804]
Epoch 20/150 [train]:   0%|          | 0/26 [00:00<?, ?it/s, S=0.3538, loss=-0.2752]
Epoch 20/150 [train]:   0%|          | 0/26 [00:00<?, ?it/s, S=0.3539, loss=-0.2714]
Epoch 20/150 [train]:   0%|          | 0/26 [00:00<?, ?it/s, S=0.3539, loss=-0.2745]
Epoch 20/150 [train]:   0%|          | 0/26 [00:00<?, ?it/s, S=0.3500, loss=-0.2703]
Epoch 20/150 [train]:   0%|          | 0/26 [00:00<?, ?it/s, S=0.3578, loss=-0.2793]
Epoch 20/150 [train]:   0%|          | 0/26 [00:00<?, ?it/s, S=0.3570, loss=-0.2769]
Epoch 20/150 [train]:  35%|███▍      | 9/26 [00:00<00:00, 85.59it/s, S=0.3570, loss=-0.2769]
Epoch 20/150 [train]:  35%|███▍      | 9/26 [00:00<00:00, 85.59it/s, S=0.3493, loss=-0.2654]
Epoch 20/150 [train]:  35%|███▍      | 9/26 [00:00<00:00, 85.59it/s, S=0.3555, loss=-0.2768]
Epoch 20/150 [train]:  35%|███▍      | 9/26 [00:00<00:00, 85.59it/s, S=0.3550, loss=-0.2758]
Epoch 20/150 [train]:  35%|███▍      | 9/26 [00:00<00:00, 85.59it/s, S=0.3586, loss=-0.2821]
Epoch 20/150 [train]:  35%|███▍      | 9/26 [00:00<00:00, 85.59it/s, S=0.3525, loss=-0.2726]
Epoch 20/150 [train]:  35%|███▍      | 9/26 [00:00<00:00, 85.59it/s, S=0.3535, loss=-0.2731]
Epoch 20/150 [train]:  35%|███▍      | 9/26 [00:00<00:00, 85.59it/s, S=0.3438, loss=-0.2626]
Epoch 20/150 [train]:  35%|███▍      | 9/26 [00:00<00:00, 85.59it/s, S=0.3640, loss=-0.2848]
Epoch 20/150 [train]:  35%|███▍      | 9/26 [00:00<00:00, 85.59it/s, S=0.3583, loss=-0.2795]
Epoch 20/150 [train]:  69%|██████▉   | 18/26 [00:00<00:00, 85.97it/s, S=0.3583, loss=-0.2795]
Epoch 20/150 [train]:  69%|██████▉   | 18/26 [00:00<00:00, 85.97it/s, S=0.3636, loss=-0.2848]
Epoch 20/150 [train]:  69%|██████▉   | 18/26 [00:00<00:00, 85.97it/s, S=0.3644, loss=-0.2869]
Epoch 20/150 [train]:  69%|██████▉   | 18/26 [00:00<00:00, 85.97it/s, S=0.3500, loss=-0.2673]
Epoch 20/150 [train]:  69%|██████▉   | 18/26 [00:00<00:00, 85.97it/s, S=0.3583, loss=-0.2818]
Epoch 20/150 [train]:  69%|██████▉   | 18/26 [00:00<00:00, 85.97it/s, S=0.3611, loss=-0.2761]
Epoch 20/150 [train]:  69%|██████▉   | 18/26 [00:00<00:00, 85.97it/s, S=0.3572, loss=-0.2772]
Epoch 20/150 [train]:  69%|██████▉   | 18/26 [00:00<00:00, 85.97it/s, S=0.3588, loss=-0.2814]
Epoch 20/150 [train]:  69%|██████▉   | 18/26 [00:00<00:00, 85.97it/s, S=0.3572, loss=-0.2786]
                                                                                             
Epoch  20/150  train loss=-0.2761  val loss=-0.2930  S[mean]=0.3907  ζ=0.3725  mean_plane_ζ=0.2639  reg=0.0977  λscale=0.21  lr=2.50e-04

Epoch 21/150 [train]:   0%|          | 0/26 [00:00<?, ?it/s]
Epoch 21/150 [train]:   0%|          | 0/26 [00:00<?, ?it/s, S=0.3661, loss=-0.2853]
Epoch 21/150 [train]:   0%|          | 0/26 [00:00<?, ?it/s, S=0.3572, loss=-0.2694]
Epoch 21/150 [train]:   0%|          | 0/26 [00:00<?, ?it/s, S=0.3591, loss=-0.2812]
Epoch 21/150 [train]:   0%|          | 0/26 [00:00<?, ?it/s, S=0.3626, loss=-0.2821]
Epoch 21/150 [train]:   0%|          | 0/26 [00:00<?, ?it/s, S=0.3592, loss=-0.2774]
Epoch 21/150 [train]:   0%|          | 0/26 [00:00<?, ?it/s, S=0.3532, loss=-0.2702]
Epoch 21/150 [train]:   0%|          | 0/26 [00:00<?, ?it/s, S=0.3620, loss=-0.2784]
Epoch 21/150 [train]:   0%|          | 0/26 [00:00<?, ?it/s, S=0.3618, loss=-0.2790]
Epoch 21/150 [train]:   0%|          | 0/26 [00:00<?, ?it/s, S=0.3636, loss=-0.2816]
Epoch 21/150 [train]:  35%|███▍      | 9/26 [00:00<00:00, 85.69it/s, S=0.3636, loss=-0.2816]
Epoch 21/150 [train]:  35%|███▍      | 9/26 [00:00<00:00, 85.69it/s, S=0.3681, loss=-0.2844]
Epoch 21/150 [train]:  35%|███▍      | 9/26 [00:00<00:00, 85.69it/s, S=0.3653, loss=-0.2794]
Epoch 21/150 [train]:  35%|███▍      | 9/26 [00:00<00:00, 85.69it/s, S=0.3551, loss=-0.2762]
Epoch 21/150 [train]:  35%|███▍      | 9/26 [00:00<00:00, 85.69it/s, S=0.3731, loss=-0.2918]
Epoch 21/150 [train]:  35%|███▍      | 9/26 [00:00<00:00, 85.69it/s, S=0.3537, loss=-0.2697]
Epoch 21/150 [train]:  35%|███▍      | 9/26 [00:00<00:00, 85.69it/s, S=0.3612, loss=-0.2784]
Epoch 21/150 [train]:  35%|███▍      | 9/26 [00:00<00:00, 85.69it/s, S=0.3661, loss=-0.2856]
Epoch 21/150 [train]:  35%|███▍      | 9/26 [00:00<00:00, 85.69it/s, S=0.3577, loss=-0.2702]
Epoch 21/150 [train]:  35%|███▍      | 9/26 [00:00<00:00, 85.69it/s, S=0.3644, loss=-0.2813]
Epoch 21/150 [train]:  69%|██████▉   | 18/26 [00:00<00:00, 85.90it/s, S=0.3644, loss=-0.2813]
Epoch 21/150 [train]:  69%|██████▉   | 18/26 [00:00<00:00, 85.90it/s, S=0.3707, loss=-0.2881]
Epoch 21/150 [train]:  69%|██████▉   | 18/26 [00:00<00:00, 85.90it/s, S=0.3603, loss=-0.2764]
Epoch 21/150 [train]:  69%|██████▉   | 18/26 [00:00<00:00, 85.90it/s, S=0.3594, loss=-0.2757]
Epoch 21/150 [train]:  69%|██████▉   | 18/26 [00:00<00:00, 85.90it/s, S=0.3722, loss=-0.2937]
Epoch 21/150 [train]:  69%|██████▉   | 18/26 [00:00<00:00, 85.90it/s, S=0.3644, loss=-0.2746]
Epoch 21/150 [train]:  69%|██████▉   | 18/26 [00:00<00:00, 85.90it/s, S=0.3598, loss=-0.2749]
Epoch 21/150 [train]:  69%|██████▉   | 18/26 [00:00<00:00, 85.90it/s, S=0.3680, loss=-0.2822]
Epoch 21/150 [train]:  69%|██████▉   | 18/26 [00:00<00:00, 85.90it/s, S=0.3635, loss=-0.2844]
                                                                                             
Epoch  21/150  train loss=-0.2797  val loss=-0.2970  S[mean]=0.3968  ζ=0.3751  mean_plane_ζ=0.2674  reg=0.0998  λscale=0.22  lr=2.11e-04

Epoch 22/150 [train]:   0%|          | 0/26 [00:00<?, ?it/s]
Epoch 22/150 [train]:   0%|          | 0/26 [00:00<?, ?it/s, S=0.3646, loss=-0.2798]
Epoch 22/150 [train]:   0%|          | 0/26 [00:00<?, ?it/s, S=0.3637, loss=-0.2754]
Epoch 22/150 [train]:   0%|          | 0/26 [00:00<?, ?it/s, S=0.3601, loss=-0.2770]
Epoch 22/150 [train]:   0%|          | 0/26 [00:00<?, ?it/s, S=0.3686, loss=-0.2837]
Epoch 22/150 [train]:   0%|          | 0/26 [00:00<?, ?it/s, S=0.3687, loss=-0.2869]
Epoch 22/150 [train]:   0%|          | 0/26 [00:00<?, ?it/s, S=0.3735, loss=-0.2834]
Epoch 22/150 [train]:   0%|          | 0/26 [00:00<?, ?it/s, S=0.3629, loss=-0.2838]
Epoch 22/150 [train]:   0%|          | 0/26 [00:00<?, ?it/s, S=0.3676, loss=-0.2854]
Epoch 22/150 [train]:   0%|          | 0/26 [00:00<?, ?it/s, S=0.3722, loss=-0.2879]
Epoch 22/150 [train]:  35%|███▍      | 9/26 [00:00<00:00, 85.74it/s, S=0.3722, loss=-0.2879]
Epoch 22/150 [train]:  35%|███▍      | 9/26 [00:00<00:00, 85.74it/s, S=0.3753, loss=-0.2896]
Epoch 22/150 [train]:  35%|███▍      | 9/26 [00:00<00:00, 85.74it/s, S=0.3601, loss=-0.2735]
Epoch 22/150 [train]:  35%|███▍      | 9/26 [00:00<00:00, 85.74it/s, S=0.3637, loss=-0.2813]
Epoch 22/150 [train]:  35%|███▍      | 9/26 [00:00<00:00, 85.74it/s, S=0.3689, loss=-0.2820]
Epoch 22/150 [train]:  35%|███▍      | 9/26 [00:00<00:00, 85.74it/s, S=0.3681, loss=-0.2785]
Epoch 22/150 [train]:  35%|███▍      | 9/26 [00:00<00:00, 85.74it/s, S=0.3757, loss=-0.2932]
Epoch 22/150 [train]:  35%|███▍      | 9/26 [00:00<00:00, 85.74it/s, S=0.3635, loss=-0.2820]
Epoch 22/150 [train]:  35%|███▍      | 9/26 [00:00<00:00, 85.74it/s, S=0.3720, loss=-0.2909]
Epoch 22/150 [train]:  35%|███▍      | 9/26 [00:00<00:00, 85.74it/s, S=0.3717, loss=-0.2879]
Epoch 22/150 [train]:  69%|██████▉   | 18/26 [00:00<00:00, 85.99it/s, S=0.3717, loss=-0.2879]
Epoch 22/150 [train]:  69%|██████▉   | 18/26 [00:00<00:00, 85.99it/s, S=0.3683, loss=-0.2839]
Epoch 22/150 [train]:  69%|██████▉   | 18/26 [00:00<00:00, 85.99it/s, S=0.3752, loss=-0.2913]
Epoch 22/150 [train]:  69%|██████▉   | 18/26 [00:00<00:00, 85.99it/s, S=0.3712, loss=-0.2877]
Epoch 22/150 [train]:  69%|██████▉   | 18/26 [00:00<00:00, 85.99it/s, S=0.3720, loss=-0.2778]
Epoch 22/150 [train]:  69%|██████▉   | 18/26 [00:00<00:00, 85.99it/s, S=0.3699, loss=-0.2886]
Epoch 22/150 [train]:  69%|██████▉   | 18/26 [00:00<00:00, 85.99it/s, S=0.3786, loss=-0.2922]
Epoch 22/150 [train]:  69%|██████▉   | 18/26 [00:00<00:00, 85.99it/s, S=0.3736, loss=-0.2906]
Epoch 22/150 [train]:  69%|██████▉   | 18/26 [00:00<00:00, 85.99it/s, S=0.3739, loss=-0.2842]
                                                                                             
Epoch  22/150  train loss=-0.2846  val loss=-0.3011  S[mean]=0.4027  ζ=0.3777  mean_plane_ζ=0.2690  reg=0.1015  λscale=0.23  lr=1.73e-04

Epoch 23/150 [train]:   0%|          | 0/26 [00:00<?, ?it/s]
Epoch 23/150 [train]:   0%|          | 0/26 [00:00<?, ?it/s, S=0.3725, loss=-0.2852]
Epoch 23/150 [train]:   0%|          | 0/26 [00:00<?, ?it/s, S=0.3656, loss=-0.2810]
Epoch 23/150 [train]:   0%|          | 0/26 [00:00<?, ?it/s, S=0.3668, loss=-0.2742]
Epoch 23/150 [train]:   0%|          | 0/26 [00:00<?, ?it/s, S=0.3730, loss=-0.2835]
Epoch 23/150 [train]:   0%|          | 0/26 [00:00<?, ?it/s, S=0.3723, loss=-0.2832]
Epoch 23/150 [train]:   0%|          | 0/26 [00:00<?, ?it/s, S=0.3771, loss=-0.2895]
Epoch 23/150 [train]:   0%|          | 0/26 [00:00<?, ?it/s, S=0.3789, loss=-0.2872]
Epoch 23/150 [train]:   0%|          | 0/26 [00:00<?, ?it/s, S=0.3796, loss=-0.2938]
Epoch 23/150 [train]:   0%|          | 0/26 [00:00<?, ?it/s, S=0.3712, loss=-0.2816]
Epoch 23/150 [train]:  35%|███▍      | 9/26 [00:00<00:00, 85.62it/s, S=0.3712, loss=-0.2816]
Epoch 23/150 [train]:  35%|███▍      | 9/26 [00:00<00:00, 85.62it/s, S=0.3718, loss=-0.2850]
Epoch 23/150 [train]:  35%|███▍      | 9/26 [00:00<00:00, 85.62it/s, S=0.3634, loss=-0.2741]
Epoch 23/150 [train]:  35%|███▍      | 9/26 [00:00<00:00, 85.62it/s, S=0.3807, loss=-0.2944]
Epoch 23/150 [train]:  35%|███▍      | 9/26 [00:00<00:00, 85.62it/s, S=0.3745, loss=-0.2910]
Epoch 23/150 [train]:  35%|███▍      | 9/26 [00:00<00:00, 85.62it/s, S=0.3740, loss=-0.2905]
Epoch 23/150 [train]:  35%|███▍      | 9/26 [00:00<00:00, 85.62it/s, S=0.3748, loss=-0.2893]
Epoch 23/150 [train]:  35%|███▍      | 9/26 [00:00<00:00, 85.62it/s, S=0.3744, loss=-0.2846]
Epoch 23/150 [train]:  35%|███▍      | 9/26 [00:00<00:00, 85.62it/s, S=0.3734, loss=-0.2837]
Epoch 23/150 [train]:  35%|███▍      | 9/26 [00:00<00:00, 85.62it/s, S=0.3695, loss=-0.2801]
Epoch 23/150 [train]:  69%|██████▉   | 18/26 [00:00<00:00, 85.97it/s, S=0.3695, loss=-0.2801]
Epoch 23/150 [train]:  69%|██████▉   | 18/26 [00:00<00:00, 85.97it/s, S=0.3757, loss=-0.2857]
Epoch 23/150 [train]:  69%|██████▉   | 18/26 [00:00<00:00, 85.97it/s, S=0.3786, loss=-0.2947]
Epoch 23/150 [train]:  69%|██████▉   | 18/26 [00:00<00:00, 85.97it/s, S=0.3787, loss=-0.2900]
Epoch 23/150 [train]:  69%|██████▉   | 18/26 [00:00<00:00, 85.97it/s, S=0.3743, loss=-0.2911]
Epoch 23/150 [train]:  69%|██████▉   | 18/26 [00:00<00:00, 85.97it/s, S=0.3691, loss=-0.2833]
Epoch 23/150 [train]:  69%|██████▉   | 18/26 [00:00<00:00, 85.97it/s, S=0.3780, loss=-0.2940]
Epoch 23/150 [train]:  69%|██████▉   | 18/26 [00:00<00:00, 85.97it/s, S=0.3722, loss=-0.2846]
Epoch 23/150 [train]:  69%|██████▉   | 18/26 [00:00<00:00, 85.97it/s, S=0.3789, loss=-0.2912]
                                                                                             
Epoch  23/150  train loss=-0.2864  val loss=-0.3023  S[mean]=0.4062  ζ=0.3792  mean_plane_ζ=0.2708  reg=0.1039  λscale=0.23  lr=1.37e-04

Epoch 24/150 [train]:   0%|          | 0/26 [00:00<?, ?it/s]
Epoch 24/150 [train]:   0%|          | 0/26 [00:00<?, ?it/s, S=0.3745, loss=-0.2906]
Epoch 24/150 [train]:   0%|          | 0/26 [00:00<?, ?it/s, S=0.3749, loss=-0.2903]
Epoch 24/150 [train]:   0%|          | 0/26 [00:00<?, ?it/s, S=0.3785, loss=-0.2924]
Epoch 24/150 [train]:   0%|          | 0/26 [00:00<?, ?it/s, S=0.3826, loss=-0.2910]
Epoch 24/150 [train]:   0%|          | 0/26 [00:00<?, ?it/s, S=0.3773, loss=-0.2920]
Epoch 24/150 [train]:   0%|          | 0/26 [00:00<?, ?it/s, S=0.3868, loss=-0.3003]
Epoch 24/150 [train]:   0%|          | 0/26 [00:00<?, ?it/s, S=0.3835, loss=-0.2929]
Epoch 24/150 [train]:   0%|          | 0/26 [00:00<?, ?it/s, S=0.3834, loss=-0.2976]
Epoch 24/150 [train]:   0%|          | 0/26 [00:00<?, ?it/s, S=0.3866, loss=-0.2979]
Epoch 24/150 [train]:  35%|███▍      | 9/26 [00:00<00:00, 85.77it/s, S=0.3866, loss=-0.2979]
Epoch 24/150 [train]:  35%|███▍      | 9/26 [00:00<00:00, 85.77it/s, S=0.3736, loss=-0.2851]
Epoch 24/150 [train]:  35%|███▍      | 9/26 [00:00<00:00, 85.77it/s, S=0.3825, loss=-0.2960]
Epoch 24/150 [train]:  35%|███▍      | 9/26 [00:00<00:00, 85.77it/s, S=0.3808, loss=-0.2948]
Epoch 24/150 [train]:  35%|███▍      | 9/26 [00:00<00:00, 85.77it/s, S=0.3692, loss=-0.2719]
Epoch 24/150 [train]:  35%|███▍      | 9/26 [00:00<00:00, 85.77it/s, S=0.3859, loss=-0.2992]
Epoch 24/150 [train]:  35%|███▍      | 9/26 [00:00<00:00, 85.77it/s, S=0.3724, loss=-0.2756]
Epoch 24/150 [train]:  35%|███▍      | 9/26 [00:00<00:00, 85.77it/s, S=0.3831, loss=-0.2965]
Epoch 24/150 [train]:  35%|███▍      | 9/26 [00:00<00:00, 85.77it/s, S=0.3730, loss=-0.2854]
Epoch 24/150 [train]:  35%|███▍      | 9/26 [00:00<00:00, 85.77it/s, S=0.3671, loss=-0.2780]
Epoch 24/150 [train]:  69%|██████▉   | 18/26 [00:00<00:00, 85.92it/s, S=0.3671, loss=-0.2780]
Epoch 24/150 [train]:  69%|██████▉   | 18/26 [00:00<00:00, 85.92it/s, S=0.3715, loss=-0.2809]
Epoch 24/150 [train]:  69%|██████▉   | 18/26 [00:00<00:00, 85.92it/s, S=0.3734, loss=-0.2882]
Epoch 24/150 [train]:  69%|██████▉   | 18/26 [00:00<00:00, 85.92it/s, S=0.3729, loss=-0.2862]
Epoch 24/150 [train]:  69%|██████▉   | 18/26 [00:00<00:00, 85.92it/s, S=0.3832, loss=-0.2962]
Epoch 24/150 [train]:  69%|██████▉   | 18/26 [00:00<00:00, 85.92it/s, S=0.3790, loss=-0.2960]
Epoch 24/150 [train]:  69%|██████▉   | 18/26 [00:00<00:00, 85.92it/s, S=0.3768, loss=-0.2791]
Epoch 24/150 [train]:  69%|██████▉   | 18/26 [00:00<00:00, 85.92it/s, S=0.3845, loss=-0.2967]
Epoch 24/150 [train]:  69%|██████▉   | 18/26 [00:00<00:00, 85.92it/s, S=0.3719, loss=-0.2831]
                                                                                             
Epoch  24/150  train loss=-0.2898  val loss=-0.3035  S[mean]=0.4086  ζ=0.3802  mean_plane_ζ=0.2715  reg=0.1051  λscale=0.24  lr=1.03e-04

Epoch 25/150 [train]:   0%|          | 0/26 [00:00<?, ?it/s]
Epoch 25/150 [train]:   0%|          | 0/26 [00:00<?, ?it/s, S=0.3828, loss=-0.2902]
Epoch 25/150 [train]:   0%|          | 0/26 [00:00<?, ?it/s, S=0.3757, loss=-0.2900]
Epoch 25/150 [train]:   0%|          | 0/26 [00:00<?, ?it/s, S=0.3679, loss=-0.2725]
Epoch 25/150 [train]:   0%|          | 0/26 [00:00<?, ?it/s, S=0.3747, loss=-0.2759]
Epoch 25/150 [train]:   0%|          | 0/26 [00:00<?, ?it/s, S=0.3845, loss=-0.2976]
Epoch 25/150 [train]:   0%|          | 0/26 [00:00<?, ?it/s, S=0.3814, loss=-0.2923]
Epoch 25/150 [train]:   0%|          | 0/26 [00:00<?, ?it/s, S=0.3738, loss=-0.2817]
Epoch 25/150 [train]:   0%|          | 0/26 [00:00<?, ?it/s, S=0.3833, loss=-0.2887]
Epoch 25/150 [train]:   0%|          | 0/26 [00:00<?, ?it/s, S=0.3791, loss=-0.2904]
Epoch 25/150 [train]:  35%|███▍      | 9/26 [00:00<00:00, 85.71it/s, S=0.3791, loss=-0.2904]
Epoch 25/150 [train]:  35%|███▍      | 9/26 [00:00<00:00, 85.71it/s, S=0.3820, loss=-0.2858]
Epoch 25/150 [train]:  35%|███▍      | 9/26 [00:00<00:00, 85.71it/s, S=0.3877, loss=-0.2930]
Epoch 25/150 [train]:  35%|███▍      | 9/26 [00:00<00:00, 85.71it/s, S=0.3807, loss=-0.2908]
Epoch 25/150 [train]:  35%|███▍      | 9/26 [00:00<00:00, 85.71it/s, S=0.3760, loss=-0.2855]
Epoch 25/150 [train]:  35%|███▍      | 9/26 [00:00<00:00, 85.71it/s, S=0.3827, loss=-0.2924]
Epoch 25/150 [train]:  35%|███▍      | 9/26 [00:00<00:00, 85.71it/s, S=0.3765, loss=-0.2855]
Epoch 25/150 [train]:  35%|███▍      | 9/26 [00:00<00:00, 85.71it/s, S=0.3864, loss=-0.2946]
Epoch 25/150 [train]:  35%|███▍      | 9/26 [00:00<00:00, 85.71it/s, S=0.3816, loss=-0.2865]
Epoch 25/150 [train]:  35%|███▍      | 9/26 [00:00<00:00, 85.71it/s, S=0.3815, loss=-0.2938]
Epoch 25/150 [train]:  69%|██████▉   | 18/26 [00:00<00:00, 85.64it/s, S=0.3815, loss=-0.2938]
Epoch 25/150 [train]:  69%|██████▉   | 18/26 [00:00<00:00, 85.64it/s, S=0.3794, loss=-0.2922]
Epoch 25/150 [train]:  69%|██████▉   | 18/26 [00:00<00:00, 85.64it/s, S=0.3805, loss=-0.2903]
Epoch 25/150 [train]:  69%|██████▉   | 18/26 [00:00<00:00, 85.64it/s, S=0.3846, loss=-0.2940]
Epoch 25/150 [train]:  69%|██████▉   | 18/26 [00:00<00:00, 85.64it/s, S=0.3843, loss=-0.2974]
Epoch 25/150 [train]:  69%|██████▉   | 18/26 [00:00<00:00, 85.64it/s, S=0.3779, loss=-0.2892]
Epoch 25/150 [train]:  69%|██████▉   | 18/26 [00:00<00:00, 85.64it/s, S=0.3680, loss=-0.2780]
Epoch 25/150 [train]:  69%|██████▉   | 18/26 [00:00<00:00, 85.64it/s, S=0.3688, loss=-0.2653]
Epoch 25/150 [train]:  69%|██████▉   | 18/26 [00:00<00:00, 85.64it/s, S=0.3860, loss=-0.2987]
                                                                                             
Epoch  25/150  train loss=-0.2882  val loss=-0.3025  S[mean]=0.4099  ζ=0.3804  mean_plane_ζ=0.2721  reg=0.1074  λscale=0.24  lr=7.32e-05

Epoch 26/150 [train]:   0%|          | 0/26 [00:00<?, ?it/s]
Epoch 26/150 [train]:   0%|          | 0/26 [00:00<?, ?it/s, S=0.3725, loss=-0.2841]
Epoch 26/150 [train]:   0%|          | 0/26 [00:00<?, ?it/s, S=0.3725, loss=-0.2808]
Epoch 26/150 [train]:   0%|          | 0/26 [00:00<?, ?it/s, S=0.3839, loss=-0.2950]
Epoch 26/150 [train]:   0%|          | 0/26 [00:00<?, ?it/s, S=0.3732, loss=-0.2854]
Epoch 26/150 [train]:   0%|          | 0/26 [00:00<?, ?it/s, S=0.3795, loss=-0.2870]
Epoch 26/150 [train]:   0%|          | 0/26 [00:00<?, ?it/s, S=0.3857, loss=-0.2900]
Epoch 26/150 [train]:   0%|          | 0/26 [00:00<?, ?it/s, S=0.3834, loss=-0.2882]
Epoch 26/150 [train]:   0%|          | 0/26 [00:00<?, ?it/s, S=0.3817, loss=-0.2861]
Epoch 26/150 [train]:   0%|          | 0/26 [00:00<?, ?it/s, S=0.3838, loss=-0.2939]
Epoch 26/150 [train]:  35%|███▍      | 9/26 [00:00<00:00, 85.77it/s, S=0.3838, loss=-0.2939]
Epoch 26/150 [train]:  35%|███▍      | 9/26 [00:00<00:00, 85.77it/s, S=0.3829, loss=-0.2923]
Epoch 26/150 [train]:  35%|███▍      | 9/26 [00:00<00:00, 85.77it/s, S=0.3783, loss=-0.2873]
Epoch 26/150 [train]:  35%|███▍      | 9/26 [00:00<00:00, 85.77it/s, S=0.3833, loss=-0.2881]
Epoch 26/150 [train]:  35%|███▍      | 9/26 [00:00<00:00, 85.77it/s, S=0.3877, loss=-0.2993]
Epoch 26/150 [train]:  35%|███▍      | 9/26 [00:00<00:00, 85.77it/s, S=0.3830, loss=-0.2926]
Epoch 26/150 [train]:  35%|███▍      | 9/26 [00:00<00:00, 85.77it/s, S=0.3757, loss=-0.2832]
Epoch 26/150 [train]:  35%|███▍      | 9/26 [00:00<00:00, 85.77it/s, S=0.3892, loss=-0.2987]
Epoch 26/150 [train]:  35%|███▍      | 9/26 [00:00<00:00, 85.77it/s, S=0.3832, loss=-0.2933]
Epoch 26/150 [train]:  35%|███▍      | 9/26 [00:00<00:00, 85.77it/s, S=0.3860, loss=-0.2930]
Epoch 26/150 [train]:  69%|██████▉   | 18/26 [00:00<00:00, 85.93it/s, S=0.3860, loss=-0.2930]
Epoch 26/150 [train]:  69%|██████▉   | 18/26 [00:00<00:00, 85.93it/s, S=0.3858, loss=-0.2930]
Epoch 26/150 [train]:  69%|██████▉   | 18/26 [00:00<00:00, 85.93it/s, S=0.3923, loss=-0.2944]
Epoch 26/150 [train]:  69%|██████▉   | 18/26 [00:00<00:00, 85.93it/s, S=0.3806, loss=-0.2856]
Epoch 26/150 [train]:  69%|██████▉   | 18/26 [00:00<00:00, 85.93it/s, S=0.3858, loss=-0.2954]
Epoch 26/150 [train]:  69%|██████▉   | 18/26 [00:00<00:00, 85.93it/s, S=0.3824, loss=-0.2942]
Epoch 26/150 [train]:  69%|██████▉   | 18/26 [00:00<00:00, 85.93it/s, S=0.3774, loss=-0.2874]
Epoch 26/150 [train]:  69%|██████▉   | 18/26 [00:00<00:00, 85.93it/s, S=0.3834, loss=-0.2960]
Epoch 26/150 [train]:  69%|██████▉   | 18/26 [00:00<00:00, 85.93it/s, S=0.3767, loss=-0.2891]
                                                                                             
Epoch  26/150  train loss=-0.2905  val loss=-0.3019  S[mean]=0.4111  ζ=0.3811  mean_plane_ζ=0.2729  reg=0.1092  λscale=0.25  lr=4.77e-05

Epoch 27/150 [train]:   0%|          | 0/26 [00:00<?, ?it/s]
Epoch 27/150 [train]:   0%|          | 0/26 [00:00<?, ?it/s, S=0.3768, loss=-0.2847]
Epoch 27/150 [train]:   0%|          | 0/26 [00:00<?, ?it/s, S=0.3818, loss=-0.2916]
Epoch 27/150 [train]:   0%|          | 0/26 [00:00<?, ?it/s, S=0.3888, loss=-0.2981]
Epoch 27/150 [train]:   0%|          | 0/26 [00:00<?, ?it/s, S=0.3793, loss=-0.2836]
Epoch 27/150 [train]:   0%|          | 0/26 [00:00<?, ?it/s, S=0.3786, loss=-0.2752]
Epoch 27/150 [train]:   0%|          | 0/26 [00:00<?, ?it/s, S=0.3824, loss=-0.2919]
Epoch 27/150 [train]:   0%|          | 0/26 [00:00<?, ?it/s, S=0.3747, loss=-0.2826]
Epoch 27/150 [train]:   0%|          | 0/26 [00:00<?, ?it/s, S=0.3844, loss=-0.2856]
Epoch 27/150 [train]:   0%|          | 0/26 [00:00<?, ?it/s, S=0.3821, loss=-0.2931]
Epoch 27/150 [train]:  35%|███▍      | 9/26 [00:00<00:00, 85.22it/s, S=0.3821, loss=-0.2931]
Epoch 27/150 [train]:  35%|███▍      | 9/26 [00:00<00:00, 85.22it/s, S=0.3875, loss=-0.2911]
Epoch 27/150 [train]:  35%|███▍      | 9/26 [00:00<00:00, 85.22it/s, S=0.3835, loss=-0.2927]
Epoch 27/150 [train]:  35%|███▍      | 9/26 [00:00<00:00, 85.22it/s, S=0.3764, loss=-0.2740]
Epoch 27/150 [train]:  35%|███▍      | 9/26 [00:00<00:00, 85.22it/s, S=0.3839, loss=-0.2939]
Epoch 27/150 [train]:  35%|███▍      | 9/26 [00:00<00:00, 85.22it/s, S=0.3836, loss=-0.2930]
Epoch 27/150 [train]:  35%|███▍      | 9/26 [00:00<00:00, 85.22it/s, S=0.3701, loss=-0.2732]
Epoch 27/150 [train]:  35%|███▍      | 9/26 [00:00<00:00, 85.22it/s, S=0.3837, loss=-0.2853]
Epoch 27/150 [train]:  35%|███▍      | 9/26 [00:00<00:00, 85.22it/s, S=0.3873, loss=-0.2982]
Epoch 27/150 [train]:  35%|███▍      | 9/26 [00:00<00:00, 85.22it/s, S=0.3843, loss=-0.2889]
Epoch 27/150 [train]:  69%|██████▉   | 18/26 [00:00<00:00, 85.87it/s, S=0.3843, loss=-0.2889]
Epoch 27/150 [train]:  69%|██████▉   | 18/26 [00:00<00:00, 85.87it/s, S=0.3939, loss=-0.3011]
Epoch 27/150 [train]:  69%|██████▉   | 18/26 [00:00<00:00, 85.87it/s, S=0.3800, loss=-0.2885]
Epoch 27/150 [train]:  69%|██████▉   | 18/26 [00:00<00:00, 85.87it/s, S=0.3878, loss=-0.2918]
Epoch 27/150 [train]:  69%|██████▉   | 18/26 [00:00<00:00, 85.87it/s, S=0.3853, loss=-0.2951]
Epoch 27/150 [train]:  69%|██████▉   | 18/26 [00:00<00:00, 85.87it/s, S=0.3784, loss=-0.2780]
Epoch 27/150 [train]:  69%|██████▉   | 18/26 [00:00<00:00, 85.87it/s, S=0.3817, loss=-0.2832]
Epoch 27/150 [train]:  69%|██████▉   | 18/26 [00:00<00:00, 85.87it/s, S=0.3832, loss=-0.2938]
Epoch 27/150 [train]:  69%|██████▉   | 18/26 [00:00<00:00, 85.87it/s, S=0.3817, loss=-0.2869]
                                                                                             
Epoch  27/150  train loss=-0.2883  val loss=-0.3011  S[mean]=0.4122  ζ=0.3815  mean_plane_ζ=0.2730  reg=0.1111  λscale=0.26  lr=2.72e-05

Epoch 28/150 [train]:   0%|          | 0/26 [00:00<?, ?it/s]
Epoch 28/150 [train]:   0%|          | 0/26 [00:00<?, ?it/s, S=0.3885, loss=-0.2941]
Epoch 28/150 [train]:   0%|          | 0/26 [00:00<?, ?it/s, S=0.3832, loss=-0.2865]
Epoch 28/150 [train]:   0%|          | 0/26 [00:00<?, ?it/s, S=0.3859, loss=-0.2890]
Epoch 28/150 [train]:   0%|          | 0/26 [00:00<?, ?it/s, S=0.3865, loss=-0.2916]
Epoch 28/150 [train]:   0%|          | 0/26 [00:00<?, ?it/s, S=0.3845, loss=-0.2832]
Epoch 28/150 [train]:   0%|          | 0/26 [00:00<?, ?it/s, S=0.3829, loss=-0.2908]
Epoch 28/150 [train]:   0%|          | 0/26 [00:00<?, ?it/s, S=0.3848, loss=-0.2860]
Epoch 28/150 [train]:   0%|          | 0/26 [00:00<?, ?it/s, S=0.3799, loss=-0.2870]
Epoch 28/150 [train]:   0%|          | 0/26 [00:00<?, ?it/s, S=0.3838, loss=-0.2881]
Epoch 28/150 [train]:  35%|███▍      | 9/26 [00:00<00:00, 85.65it/s, S=0.3838, loss=-0.2881]
Epoch 28/150 [train]:  35%|███▍      | 9/26 [00:00<00:00, 85.65it/s, S=0.3849, loss=-0.2867]
Epoch 28/150 [train]:  35%|███▍      | 9/26 [00:00<00:00, 85.65it/s, S=0.3881, loss=-0.2973]
Epoch 28/150 [train]:  35%|███▍      | 9/26 [00:00<00:00, 85.65it/s, S=0.3844, loss=-0.2904]
Epoch 28/150 [train]:  35%|███▍      | 9/26 [00:00<00:00, 85.65it/s, S=0.3832, loss=-0.2883]
Epoch 28/150 [train]:  35%|███▍      | 9/26 [00:00<00:00, 85.65it/s, S=0.3813, loss=-0.2851]
Epoch 28/150 [train]:  35%|███▍      | 9/26 [00:00<00:00, 85.65it/s, S=0.3775, loss=-0.2835]
Epoch 28/150 [train]:  35%|███▍      | 9/26 [00:00<00:00, 85.65it/s, S=0.3866, loss=-0.2911]
Epoch 28/150 [train]:  35%|███▍      | 9/26 [00:00<00:00, 85.65it/s, S=0.3885, loss=-0.2946]
Epoch 28/150 [train]:  35%|███▍      | 9/26 [00:00<00:00, 85.65it/s, S=0.3837, loss=-0.2924]
Epoch 28/150 [train]:  69%|██████▉   | 18/26 [00:00<00:00, 85.82it/s, S=0.3837, loss=-0.2924]
Epoch 28/150 [train]:  69%|██████▉   | 18/26 [00:00<00:00, 85.82it/s, S=0.3770, loss=-0.2790]
Epoch 28/150 [train]:  69%|██████▉   | 18/26 [00:00<00:00, 85.82it/s, S=0.3831, loss=-0.2913]
Epoch 28/150 [train]:  69%|██████▉   | 18/26 [00:00<00:00, 85.82it/s, S=0.3784, loss=-0.2853]
Epoch 28/150 [train]:  69%|██████▉   | 18/26 [00:00<00:00, 85.82it/s, S=0.3724, loss=-0.2742]
Epoch 28/150 [train]:  69%|██████▉   | 18/26 [00:00<00:00, 85.82it/s, S=0.3847, loss=-0.2919]
Epoch 28/150 [train]:  69%|██████▉   | 18/26 [00:00<00:00, 85.82it/s, S=0.3770, loss=-0.2763]
Epoch 28/150 [train]:  69%|██████▉   | 18/26 [00:00<00:00, 85.82it/s, S=0.3876, loss=-0.2951]
Epoch 28/150 [train]:  69%|██████▉   | 18/26 [00:00<00:00, 85.82it/s, S=0.3869, loss=-0.2899]
                                                                                             
Epoch  28/150  train loss=-0.2880  val loss=-0.2990  S[mean]=0.4124  ζ=0.3816  mean_plane_ζ=0.2733  reg=0.1134  λscale=0.26  lr=1.22e-05

Epoch 29/150 [train]:   0%|          | 0/26 [00:00<?, ?it/s]
Epoch 29/150 [train]:   0%|          | 0/26 [00:00<?, ?it/s, S=0.3827, loss=-0.2894]
Epoch 29/150 [train]:   0%|          | 0/26 [00:00<?, ?it/s, S=0.3790, loss=-0.2828]
Epoch 29/150 [train]:   0%|          | 0/26 [00:00<?, ?it/s, S=0.3833, loss=-0.2840]
Epoch 29/150 [train]:   0%|          | 0/26 [00:00<?, ?it/s, S=0.3842, loss=-0.2877]
Epoch 29/150 [train]:   0%|          | 0/26 [00:00<?, ?it/s, S=0.3821, loss=-0.2800]
Epoch 29/150 [train]:   0%|          | 0/26 [00:00<?, ?it/s, S=0.3893, loss=-0.2920]
Epoch 29/150 [train]:   0%|          | 0/26 [00:00<?, ?it/s, S=0.3769, loss=-0.2749]
Epoch 29/150 [train]:   0%|          | 0/26 [00:00<?, ?it/s, S=0.3844, loss=-0.2817]
Epoch 29/150 [train]:   0%|          | 0/26 [00:00<?, ?it/s, S=0.3832, loss=-0.2866]
Epoch 29/150 [train]:  35%|███▍      | 9/26 [00:00<00:00, 85.64it/s, S=0.3832, loss=-0.2866]
Epoch 29/150 [train]:  35%|███▍      | 9/26 [00:00<00:00, 85.64it/s, S=0.3856, loss=-0.2908]
Epoch 29/150 [train]:  35%|███▍      | 9/26 [00:00<00:00, 85.64it/s, S=0.3827, loss=-0.2830]
Epoch 29/150 [train]:  35%|███▍      | 9/26 [00:00<00:00, 85.64it/s, S=0.3874, loss=-0.2862]
Epoch 29/150 [train]:  35%|███▍      | 9/26 [00:00<00:00, 85.64it/s, S=0.3850, loss=-0.2787]
Epoch 29/150 [train]:  35%|███▍      | 9/26 [00:00<00:00, 85.64it/s, S=0.3881, loss=-0.2929]
Epoch 29/150 [train]:  35%|███▍      | 9/26 [00:00<00:00, 85.64it/s, S=0.3806, loss=-0.2853]
Epoch 29/150 [train]:  35%|███▍      | 9/26 [00:00<00:00, 85.64it/s, S=0.3901, loss=-0.2963]
Epoch 29/150 [train]:  35%|███▍      | 9/26 [00:00<00:00, 85.64it/s, S=0.3800, loss=-0.2843]
Epoch 29/150 [train]:  35%|███▍      | 9/26 [00:00<00:00, 85.64it/s, S=0.3892, loss=-0.2927]
Epoch 29/150 [train]:  69%|██████▉   | 18/26 [00:00<00:00, 85.99it/s, S=0.3892, loss=-0.2927]
Epoch 29/150 [train]:  69%|██████▉   | 18/26 [00:00<00:00, 85.99it/s, S=0.3789, loss=-0.2851]
Epoch 29/150 [train]:  69%|██████▉   | 18/26 [00:00<00:00, 85.99it/s, S=0.3939, loss=-0.2999]
Epoch 29/150 [train]:  69%|██████▉   | 18/26 [00:00<00:00, 85.99it/s, S=0.3794, loss=-0.2781]
Epoch 29/150 [train]:  69%|██████▉   | 18/26 [00:00<00:00, 85.99it/s, S=0.3887, loss=-0.2932]
Epoch 29/150 [train]:  69%|██████▉   | 18/26 [00:00<00:00, 85.99it/s, S=0.3811, loss=-0.2858]
Epoch 29/150 [train]:  69%|██████▉   | 18/26 [00:00<00:00, 85.99it/s, S=0.3845, loss=-0.2852]
Epoch 29/150 [train]:  69%|██████▉   | 18/26 [00:00<00:00, 85.99it/s, S=0.3779, loss=-0.2854]
Epoch 29/150 [train]:  69%|██████▉   | 18/26 [00:00<00:00, 85.99it/s, S=0.3876, loss=-0.2931]
                                                                                             
Epoch  29/150  train loss=-0.2867  val loss=-0.2969  S[mean]=0.4126  ζ=0.3817  mean_plane_ζ=0.2733  reg=0.1157  λscale=0.27  lr=3.08e-06

Epoch 30/150 [train]:   0%|          | 0/26 [00:00<?, ?it/s]
Epoch 30/150 [train]:   0%|          | 0/26 [00:00<?, ?it/s, S=0.3887, loss=-0.2901]
Epoch 30/150 [train]:   0%|          | 0/26 [00:00<?, ?it/s, S=0.3813, loss=-0.2791]
Epoch 30/150 [train]:   0%|          | 0/26 [00:00<?, ?it/s, S=0.3834, loss=-0.2871]
Epoch 30/150 [train]:   0%|          | 0/26 [00:00<?, ?it/s, S=0.3836, loss=-0.2865]
Epoch 30/150 [train]:   0%|          | 0/26 [00:00<?, ?it/s, S=0.3885, loss=-0.2827]
Epoch 30/150 [train]:   0%|          | 0/26 [00:00<?, ?it/s, S=0.3806, loss=-0.2789]
Epoch 30/150 [train]:   0%|          | 0/26 [00:00<?, ?it/s, S=0.3748, loss=-0.2750]
Epoch 30/150 [train]:   0%|          | 0/26 [00:00<?, ?it/s, S=0.3877, loss=-0.2915]
Epoch 30/150 [train]:   0%|          | 0/26 [00:00<?, ?it/s, S=0.3846, loss=-0.2847]
Epoch 30/150 [train]:  35%|███▍      | 9/26 [00:00<00:00, 85.85it/s, S=0.3846, loss=-0.2847]
Epoch 30/150 [train]:  35%|███▍      | 9/26 [00:00<00:00, 85.85it/s, S=0.3786, loss=-0.2830]
Epoch 30/150 [train]:  35%|███▍      | 9/26 [00:00<00:00, 85.85it/s, S=0.3812, loss=-0.2683]
Epoch 30/150 [train]:  35%|███▍      | 9/26 [00:00<00:00, 85.85it/s, S=0.3819, loss=-0.2809]
Epoch 30/150 [train]:  35%|███▍      | 9/26 [00:00<00:00, 85.85it/s, S=0.3785, loss=-0.2743]
Epoch 30/150 [train]:  35%|███▍      | 9/26 [00:00<00:00, 85.85it/s, S=0.3874, loss=-0.2881]
Epoch 30/150 [train]:  35%|███▍      | 9/26 [00:00<00:00, 85.85it/s, S=0.3723, loss=-0.2631]
Epoch 30/150 [train]:  35%|███▍      | 9/26 [00:00<00:00, 85.85it/s, S=0.3839, loss=-0.2831]
Epoch 30/150 [train]:  35%|███▍      | 9/26 [00:00<00:00, 85.85it/s, S=0.3833, loss=-0.2785]
Epoch 30/150 [train]:  35%|███▍      | 9/26 [00:00<00:00, 85.85it/s, S=0.3839, loss=-0.2890]
Epoch 30/150 [train]:  69%|██████▉   | 18/26 [00:00<00:00, 86.08it/s, S=0.3839, loss=-0.2890]
Epoch 30/150 [train]:  69%|██████▉   | 18/26 [00:00<00:00, 86.08it/s, S=0.3923, loss=-0.2938]
Epoch 30/150 [train]:  69%|██████▉   | 18/26 [00:00<00:00, 86.08it/s, S=0.3870, loss=-0.2874]
Epoch 30/150 [train]:  69%|██████▉   | 18/26 [00:00<00:00, 86.08it/s, S=0.3848, loss=-0.2893]
Epoch 30/150 [train]:  69%|██████▉   | 18/26 [00:00<00:00, 86.08it/s, S=0.3914, loss=-0.2877]
Epoch 30/150 [train]:  69%|██████▉   | 18/26 [00:00<00:00, 86.08it/s, S=0.3864, loss=-0.2866]
Epoch 30/150 [train]:  69%|██████▉   | 18/26 [00:00<00:00, 86.08it/s, S=0.3836, loss=-0.2819]
Epoch 30/150 [train]:  69%|██████▉   | 18/26 [00:00<00:00, 86.08it/s, S=0.3713, loss=-0.2686]
Epoch 30/150 [train]:  69%|██████▉   | 18/26 [00:00<00:00, 86.08it/s, S=0.3825, loss=-0.2801]
                                                                                             
Epoch  30/150  train loss=-0.2823  val loss=-0.2943  S[mean]=0.4126  ζ=0.3817  mean_plane_ζ=0.2733  reg=0.1183  λscale=0.28  lr=5.00e-04

Epoch 31/150 [train]:   0%|          | 0/26 [00:00<?, ?it/s]
Epoch 31/150 [train]:   0%|          | 0/26 [00:00<?, ?it/s, S=0.3775, loss=-0.2770]
Epoch 31/150 [train]:   0%|          | 0/26 [00:00<?, ?it/s, S=0.3894, loss=-0.2893]
Epoch 31/150 [train]:   0%|          | 0/26 [00:00<?, ?it/s, S=0.3827, loss=-0.2856]
Epoch 31/150 [train]:   0%|          | 0/26 [00:00<?, ?it/s, S=0.3809, loss=-0.2744]
Epoch 31/150 [train]:   0%|          | 0/26 [00:00<?, ?it/s, S=0.3852, loss=-0.2787]
Epoch 31/150 [train]:   0%|          | 0/26 [00:00<?, ?it/s, S=0.3898, loss=-0.2786]
Epoch 31/150 [train]:   0%|          | 0/26 [00:00<?, ?it/s, S=0.3717, loss=-0.2747]
Epoch 31/150 [train]:   0%|          | 0/26 [00:00<?, ?it/s, S=0.3798, loss=-0.2750]
Epoch 31/150 [train]:   0%|          | 0/26 [00:00<?, ?it/s, S=0.3730, loss=-0.2632]
Epoch 31/150 [train]:  35%|███▍      | 9/26 [00:00<00:00, 86.00it/s, S=0.3730, loss=-0.2632]
Epoch 31/150 [train]:  35%|███▍      | 9/26 [00:00<00:00, 86.00it/s, S=0.3841, loss=-0.2813]
Epoch 31/150 [train]:  35%|███▍      | 9/26 [00:00<00:00, 86.00it/s, S=0.3919, loss=-0.2920]
Epoch 31/150 [train]:  35%|███▍      | 9/26 [00:00<00:00, 86.00it/s, S=0.3818, loss=-0.2806]
Epoch 31/150 [train]:  35%|███▍      | 9/26 [00:00<00:00, 86.00it/s, S=0.3895, loss=-0.2878]
Epoch 31/150 [train]:  35%|███▍      | 9/26 [00:00<00:00, 86.00it/s, S=0.3798, loss=-0.2772]
Epoch 31/150 [train]:  35%|███▍      | 9/26 [00:00<00:00, 86.00it/s, S=0.3821, loss=-0.2830]
Epoch 31/150 [train]:  35%|███▍      | 9/26 [00:00<00:00, 86.00it/s, S=0.3791, loss=-0.2741]
Epoch 31/150 [train]:  35%|███▍      | 9/26 [00:00<00:00, 86.00it/s, S=0.3827, loss=-0.2807]
Epoch 31/150 [train]:  35%|███▍      | 9/26 [00:00<00:00, 86.00it/s, S=0.3838, loss=-0.2797]
Epoch 31/150 [train]:  69%|██████▉   | 18/26 [00:00<00:00, 86.09it/s, S=0.3838, loss=-0.2797]
Epoch 31/150 [train]:  69%|██████▉   | 18/26 [00:00<00:00, 86.09it/s, S=0.3807, loss=-0.2778]
Epoch 31/150 [train]:  69%|██████▉   | 18/26 [00:00<00:00, 86.09it/s, S=0.3845, loss=-0.2868]
Epoch 31/150 [train]:  69%|██████▉   | 18/26 [00:00<00:00, 86.09it/s, S=0.3865, loss=-0.2844]
Epoch 31/150 [train]:  69%|██████▉   | 18/26 [00:00<00:00, 86.09it/s, S=0.3789, loss=-0.2617]
Epoch 31/150 [train]:  69%|██████▉   | 18/26 [00:00<00:00, 86.09it/s, S=0.3872, loss=-0.2755]
Epoch 31/150 [train]:  69%|██████▉   | 18/26 [00:00<00:00, 86.09it/s, S=0.3781, loss=-0.2712]
Epoch 31/150 [train]:  69%|██████▉   | 18/26 [00:00<00:00, 86.09it/s, S=0.3931, loss=-0.2926]
Epoch 31/150 [train]:  69%|██████▉   | 18/26 [00:00<00:00, 86.09it/s, S=0.3814, loss=-0.2812]
                                                                                             
Epoch  31/150  train loss=-0.2794  val loss=-0.2897  S[mean]=0.4146  ζ=0.3811  mean_plane_ζ=0.2733  reg=0.1250  λscale=0.28  lr=4.99e-04

Epoch 32/150 [train]:   0%|          | 0/26 [00:00<?, ?it/s]
Epoch 32/150 [train]:   0%|          | 0/26 [00:00<?, ?it/s, S=0.3879, loss=-0.2811]
Epoch 32/150 [train]:   0%|          | 0/26 [00:00<?, ?it/s, S=0.3787, loss=-0.2660]
Epoch 32/150 [train]:   0%|          | 0/26 [00:00<?, ?it/s, S=0.3841, loss=-0.2770]
Epoch 32/150 [train]:   0%|          | 0/26 [00:00<?, ?it/s, S=0.3887, loss=-0.2850]
Epoch 32/150 [train]:   0%|          | 0/26 [00:00<?, ?it/s, S=0.3928, loss=-0.2933]
Epoch 32/150 [train]:   0%|          | 0/26 [00:00<?, ?it/s, S=0.3847, loss=-0.2842]
Epoch 32/150 [train]:   0%|          | 0/26 [00:00<?, ?it/s, S=0.3866, loss=-0.2825]
Epoch 32/150 [train]:   0%|          | 0/26 [00:00<?, ?it/s, S=0.3913, loss=-0.2898]
Epoch 32/150 [train]:   0%|          | 0/26 [00:00<?, ?it/s, S=0.3915, loss=-0.2907]
Epoch 32/150 [train]:  35%|███▍      | 9/26 [00:00<00:00, 85.96it/s, S=0.3915, loss=-0.2907]
Epoch 32/150 [train]:  35%|███▍      | 9/26 [00:00<00:00, 85.96it/s, S=0.3931, loss=-0.2896]
Epoch 32/150 [train]:  35%|███▍      | 9/26 [00:00<00:00, 85.96it/s, S=0.3952, loss=-0.2887]
Epoch 32/150 [train]:  35%|███▍      | 9/26 [00:00<00:00, 85.96it/s, S=0.3942, loss=-0.2919]
Epoch 32/150 [train]:  35%|███▍      | 9/26 [00:00<00:00, 85.96it/s, S=0.3900, loss=-0.2904]
Epoch 32/150 [train]:  35%|███▍      | 9/26 [00:00<00:00, 85.96it/s, S=0.3923, loss=-0.2823]
Epoch 32/150 [train]:  35%|███▍      | 9/26 [00:00<00:00, 85.96it/s, S=0.3949, loss=-0.2970]
Epoch 32/150 [train]:  35%|███▍      | 9/26 [00:00<00:00, 85.96it/s, S=0.3839, loss=-0.2811]
Epoch 32/150 [train]:  35%|███▍      | 9/26 [00:00<00:00, 85.96it/s, S=0.3925, loss=-0.2873]
Epoch 32/150 [train]:  35%|███▍      | 9/26 [00:00<00:00, 85.96it/s, S=0.3881, loss=-0.2865]
Epoch 32/150 [train]:  69%|██████▉   | 18/26 [00:00<00:00, 86.06it/s, S=0.3881, loss=-0.2865]
Epoch 32/150 [train]:  69%|██████▉   | 18/26 [00:00<00:00, 86.06it/s, S=0.3897, loss=-0.2723]
Epoch 32/150 [train]:  69%|██████▉   | 18/26 [00:00<00:00, 86.06it/s, S=0.3888, loss=-0.2827]
Epoch 32/150 [train]:  69%|██████▉   | 18/26 [00:00<00:00, 86.06it/s, S=0.3928, loss=-0.2938]
Epoch 32/150 [train]:  69%|██████▉   | 18/26 [00:00<00:00, 86.06it/s, S=0.3903, loss=-0.2899]
Epoch 32/150 [train]:  69%|██████▉   | 18/26 [00:00<00:00, 86.06it/s, S=0.3875, loss=-0.2819]
Epoch 32/150 [train]:  69%|██████▉   | 18/26 [00:00<00:00, 86.06it/s, S=0.3823, loss=-0.2764]
Epoch 32/150 [train]:  69%|██████▉   | 18/26 [00:00<00:00, 86.06it/s, S=0.3913, loss=-0.2933]
Epoch 32/150 [train]:  69%|██████▉   | 18/26 [00:00<00:00, 86.06it/s, S=0.3920, loss=-0.2899]
                                                                                             
Epoch  32/150  train loss=-0.2856  val loss=-0.2957  S[mean]=0.4214  ζ=0.3855  mean_plane_ζ=0.2771  reg=0.1258  λscale=0.29  lr=4.97e-04

Epoch 33/150 [train]:   0%|          | 0/26 [00:00<?, ?it/s]
Epoch 33/150 [train]:   0%|          | 0/26 [00:00<?, ?it/s, S=0.3881, loss=-0.2829]
Epoch 33/150 [train]:   0%|          | 0/26 [00:00<?, ?it/s, S=0.3989, loss=-0.2884]
Epoch 33/150 [train]:   0%|          | 0/26 [00:00<?, ?it/s, S=0.3978, loss=-0.2967]
Epoch 33/150 [train]:   0%|          | 0/26 [00:00<?, ?it/s, S=0.3980, loss=-0.2879]
Epoch 33/150 [train]:   0%|          | 0/26 [00:00<?, ?it/s, S=0.3966, loss=-0.2964]
Epoch 33/150 [train]:   0%|          | 0/26 [00:00<?, ?it/s, S=0.3896, loss=-0.2839]
Epoch 33/150 [train]:   0%|          | 0/26 [00:00<?, ?it/s, S=0.3956, loss=-0.2940]
Epoch 33/150 [train]:   0%|          | 0/26 [00:00<?, ?it/s, S=0.3927, loss=-0.2898]
Epoch 33/150 [train]:   0%|          | 0/26 [00:00<?, ?it/s, S=0.3747, loss=-0.2468]
Epoch 33/150 [train]:  35%|███▍      | 9/26 [00:00<00:00, 85.98it/s, S=0.3747, loss=-0.2468]
Epoch 33/150 [train]:  35%|███▍      | 9/26 [00:00<00:00, 85.98it/s, S=0.3888, loss=-0.2885]
Epoch 33/150 [train]:  35%|███▍      | 9/26 [00:00<00:00, 85.98it/s, S=0.3982, loss=-0.2927]
Epoch 33/150 [train]:  35%|███▍      | 9/26 [00:00<00:00, 85.98it/s, S=0.3967, loss=-0.2883]
Epoch 33/150 [train]:  35%|███▍      | 9/26 [00:00<00:00, 85.98it/s, S=0.3961, loss=-0.2895]
Epoch 33/150 [train]:  35%|███▍      | 9/26 [00:00<00:00, 85.98it/s, S=0.3888, loss=-0.2895]
Epoch 33/150 [train]:  35%|███▍      | 9/26 [00:00<00:00, 85.98it/s, S=0.3959, loss=-0.2993]
Epoch 33/150 [train]:  35%|███▍      | 9/26 [00:00<00:00, 85.98it/s, S=0.3908, loss=-0.2796]
Epoch 33/150 [train]:  35%|███▍      | 9/26 [00:00<00:00, 85.98it/s, S=0.4012, loss=-0.3004]
Epoch 33/150 [train]:  35%|███▍      | 9/26 [00:00<00:00, 85.98it/s, S=0.3935, loss=-0.2961]
Epoch 33/150 [train]:  69%|██████▉   | 18/26 [00:00<00:00, 85.90it/s, S=0.3935, loss=-0.2961]
Epoch 33/150 [train]:  69%|██████▉   | 18/26 [00:00<00:00, 85.90it/s, S=0.4010, loss=-0.3033]
Epoch 33/150 [train]:  69%|██████▉   | 18/26 [00:00<00:00, 85.90it/s, S=0.3980, loss=-0.2951]
Epoch 33/150 [train]:  69%|██████▉   | 18/26 [00:00<00:00, 85.90it/s, S=0.3927, loss=-0.2766]
Epoch 33/150 [train]:  69%|██████▉   | 18/26 [00:00<00:00, 85.90it/s, S=0.3903, loss=-0.2890]
Epoch 33/150 [train]:  69%|██████▉   | 18/26 [00:00<00:00, 85.90it/s, S=0.3972, loss=-0.2940]
Epoch 33/150 [train]:  69%|██████▉   | 18/26 [00:00<00:00, 85.90it/s, S=0.3994, loss=-0.2987]
Epoch 33/150 [train]:  69%|██████▉   | 18/26 [00:00<00:00, 85.90it/s, S=0.3980, loss=-0.2993]
Epoch 33/150 [train]:  69%|██████▉   | 18/26 [00:00<00:00, 85.90it/s, S=0.3915, loss=-0.2915]
                                                                                             
Epoch  33/150  train loss=-0.2899  val loss=-0.3009  S[mean]=0.4241  ζ=0.3860  mean_plane_ζ=0.2778  reg=0.1232  λscale=0.29  lr=4.93e-04

Epoch 34/150 [train]:   0%|          | 0/26 [00:00<?, ?it/s]
Epoch 34/150 [train]:   0%|          | 0/26 [00:00<?, ?it/s, S=0.4060, loss=-0.3055]
Epoch 34/150 [train]:   0%|          | 0/26 [00:00<?, ?it/s, S=0.3886, loss=-0.2842]
Epoch 34/150 [train]:   0%|          | 0/26 [00:00<?, ?it/s, S=0.3958, loss=-0.2865]
Epoch 34/150 [train]:   0%|          | 0/26 [00:00<?, ?it/s, S=0.3944, loss=-0.2904]
Epoch 34/150 [train]:   0%|          | 0/26 [00:00<?, ?it/s, S=0.4032, loss=-0.3031]
Epoch 34/150 [train]:   0%|          | 0/26 [00:00<?, ?it/s, S=0.4027, loss=-0.3025]
Epoch 34/150 [train]:   0%|          | 0/26 [00:00<?, ?it/s, S=0.3998, loss=-0.3002]
Epoch 34/150 [train]:   0%|          | 0/26 [00:00<?, ?it/s, S=0.3996, loss=-0.2993]
Epoch 34/150 [train]:   0%|          | 0/26 [00:00<?, ?it/s, S=0.3994, loss=-0.3016]
Epoch 34/150 [train]:  35%|███▍      | 9/26 [00:00<00:00, 85.71it/s, S=0.3994, loss=-0.3016]
Epoch 34/150 [train]:  35%|███▍      | 9/26 [00:00<00:00, 85.71it/s, S=0.3906, loss=-0.2833]
Epoch 34/150 [train]:  35%|███▍      | 9/26 [00:00<00:00, 85.71it/s, S=0.3942, loss=-0.2832]
Epoch 34/150 [train]:  35%|███▍      | 9/26 [00:00<00:00, 85.71it/s, S=0.3996, loss=-0.3011]
Epoch 34/150 [train]:  35%|███▍      | 9/26 [00:00<00:00, 85.71it/s, S=0.4020, loss=-0.3003]
Epoch 34/150 [train]:  35%|███▍      | 9/26 [00:00<00:00, 85.71it/s, S=0.3993, loss=-0.2925]
Epoch 34/150 [train]:  35%|███▍      | 9/26 [00:00<00:00, 85.71it/s, S=0.3935, loss=-0.2866]
Epoch 34/150 [train]:  35%|███▍      | 9/26 [00:00<00:00, 85.71it/s, S=0.3981, loss=-0.2942]
Epoch 34/150 [train]:  35%|███▍      | 9/26 [00:00<00:00, 85.71it/s, S=0.4007, loss=-0.3001]
Epoch 34/150 [train]:  35%|███▍      | 9/26 [00:00<00:00, 85.71it/s, S=0.3984, loss=-0.2907]
Epoch 34/150 [train]:  69%|██████▉   | 18/26 [00:00<00:00, 86.01it/s, S=0.3984, loss=-0.2907]
Epoch 34/150 [train]:  69%|██████▉   | 18/26 [00:00<00:00, 86.01it/s, S=0.4062, loss=-0.3045]
Epoch 34/150 [train]:  69%|██████▉   | 18/26 [00:00<00:00, 86.01it/s, S=0.4014, loss=-0.2999]
Epoch 34/150 [train]:  69%|██████▉   | 18/26 [00:00<00:00, 86.01it/s, S=0.3973, loss=-0.2965]
Epoch 34/150 [train]:  69%|██████▉   | 18/26 [00:00<00:00, 86.01it/s, S=0.4098, loss=-0.3071]
Epoch 34/150 [train]:  69%|██████▉   | 18/26 [00:00<00:00, 86.01it/s, S=0.4042, loss=-0.3058]
Epoch 34/150 [train]:  69%|██████▉   | 18/26 [00:00<00:00, 86.01it/s, S=0.4004, loss=-0.2970]
Epoch 34/150 [train]:  69%|██████▉   | 18/26 [00:00<00:00, 86.01it/s, S=0.3969, loss=-0.2957]
Epoch 34/150 [train]:  69%|██████▉   | 18/26 [00:00<00:00, 86.01it/s, S=0.4024, loss=-0.2976]
                                                                                             
Epoch  34/150  train loss=-0.2965  val loss=-0.3014  S[mean]=0.4266  ζ=0.3874  mean_plane_ζ=0.2792  reg=0.1252  λscale=0.30  lr=4.88e-04

Epoch 35/150 [train]:   0%|          | 0/26 [00:00<?, ?it/s]
Epoch 35/150 [train]:   0%|          | 0/26 [00:00<?, ?it/s, S=0.3991, loss=-0.2938]
Epoch 35/150 [train]:   0%|          | 0/26 [00:00<?, ?it/s, S=0.4021, loss=-0.2987]
Epoch 35/150 [train]:   0%|          | 0/26 [00:00<?, ?it/s, S=0.3979, loss=-0.2955]
Epoch 35/150 [train]:   0%|          | 0/26 [00:00<?, ?it/s, S=0.4009, loss=-0.2982]
Epoch 35/150 [train]:   0%|          | 0/26 [00:00<?, ?it/s, S=0.4049, loss=-0.2974]
Epoch 35/150 [train]:   0%|          | 0/26 [00:00<?, ?it/s, S=0.4086, loss=-0.3027]
Epoch 35/150 [train]:   0%|          | 0/26 [00:00<?, ?it/s, S=0.4045, loss=-0.3031]
Epoch 35/150 [train]:   0%|          | 0/26 [00:00<?, ?it/s, S=0.4021, loss=-0.2980]
Epoch 35/150 [train]:   0%|          | 0/26 [00:00<?, ?it/s, S=0.4069, loss=-0.3039]
Epoch 35/150 [train]:  35%|███▍      | 9/26 [00:00<00:00, 85.76it/s, S=0.4069, loss=-0.3039]
Epoch 35/150 [train]:  35%|███▍      | 9/26 [00:00<00:00, 85.76it/s, S=0.4011, loss=-0.3042]
Epoch 35/150 [train]:  35%|███▍      | 9/26 [00:00<00:00, 85.76it/s, S=0.4068, loss=-0.3099]
Epoch 35/150 [train]:  35%|███▍      | 9/26 [00:00<00:00, 85.76it/s, S=0.3997, loss=-0.2994]
Epoch 35/150 [train]:  35%|███▍      | 9/26 [00:00<00:00, 85.76it/s, S=0.4010, loss=-0.2915]
Epoch 35/150 [train]:  35%|███▍      | 9/26 [00:00<00:00, 85.76it/s, S=0.4112, loss=-0.3108]
Epoch 35/150 [train]:  35%|███▍      | 9/26 [00:00<00:00, 85.76it/s, S=0.4014, loss=-0.2935]
Epoch 35/150 [train]:  35%|███▍      | 9/26 [00:00<00:00, 85.76it/s, S=0.3954, loss=-0.2933]
Epoch 35/150 [train]:  35%|███▍      | 9/26 [00:00<00:00, 85.76it/s, S=0.4038, loss=-0.2986]
Epoch 35/150 [train]:  35%|███▍      | 9/26 [00:00<00:00, 85.76it/s, S=0.4017, loss=-0.2984]
Epoch 35/150 [train]:  69%|██████▉   | 18/26 [00:00<00:00, 86.19it/s, S=0.4017, loss=-0.2984]
Epoch 35/150 [train]:  69%|██████▉   | 18/26 [00:00<00:00, 86.19it/s, S=0.4089, loss=-0.3060]
Epoch 35/150 [train]:  69%|██████▉   | 18/26 [00:00<00:00, 86.19it/s, S=0.4047, loss=-0.2973]
Epoch 35/150 [train]:  69%|██████▉   | 18/26 [00:00<00:00, 86.19it/s, S=0.4028, loss=-0.2966]
Epoch 35/150 [train]:  69%|██████▉   | 18/26 [00:00<00:00, 86.19it/s, S=0.4019, loss=-0.3042]
Epoch 35/150 [train]:  69%|██████▉   | 18/26 [00:00<00:00, 86.19it/s, S=0.3969, loss=-0.2999]
Epoch 35/150 [train]:  69%|██████▉   | 18/26 [00:00<00:00, 86.19it/s, S=0.4033, loss=-0.3054]
Epoch 35/150 [train]:  69%|██████▉   | 18/26 [00:00<00:00, 86.19it/s, S=0.4081, loss=-0.3036]
Epoch 35/150 [train]:  69%|██████▉   | 18/26 [00:00<00:00, 86.19it/s, S=0.3997, loss=-0.2979]
                                                                                             
Epoch  35/150  train loss=-0.3001  val loss=-0.3052  S[mean]=0.4301  ζ=0.3888  mean_plane_ζ=0.2802  reg=0.1248  λscale=0.31  lr=4.81e-04

Epoch 36/150 [train]:   0%|          | 0/26 [00:00<?, ?it/s]
Epoch 36/150 [train]:   0%|          | 0/26 [00:00<?, ?it/s, S=0.4015, loss=-0.2956]
Epoch 36/150 [train]:   0%|          | 0/26 [00:00<?, ?it/s, S=0.3995, loss=-0.2840]
Epoch 36/150 [train]:   0%|          | 0/26 [00:00<?, ?it/s, S=0.4021, loss=-0.3049]
Epoch 36/150 [train]:   0%|          | 0/26 [00:00<?, ?it/s, S=0.4089, loss=-0.3083]
Epoch 36/150 [train]:   0%|          | 0/26 [00:00<?, ?it/s, S=0.4129, loss=-0.3110]
Epoch 36/150 [train]:   0%|          | 0/26 [00:00<?, ?it/s, S=0.4033, loss=-0.2977]
Epoch 36/150 [train]:   0%|          | 0/26 [00:00<?, ?it/s, S=0.4130, loss=-0.3146]
Epoch 36/150 [train]:   0%|          | 0/26 [00:00<?, ?it/s, S=0.4051, loss=-0.3012]
Epoch 36/150 [train]:   0%|          | 0/26 [00:00<?, ?it/s, S=0.4033, loss=-0.3040]
Epoch 36/150 [train]:  35%|███▍      | 9/26 [00:00<00:00, 86.00it/s, S=0.4033, loss=-0.3040]
Epoch 36/150 [train]:  35%|███▍      | 9/26 [00:00<00:00, 86.00it/s, S=0.4016, loss=-0.2808]
Epoch 36/150 [train]:  35%|███▍      | 9/26 [00:00<00:00, 86.00it/s, S=0.4062, loss=-0.3028]
Epoch 36/150 [train]:  35%|███▍      | 9/26 [00:00<00:00, 86.00it/s, S=0.4083, loss=-0.3058]
Epoch 36/150 [train]:  35%|███▍      | 9/26 [00:00<00:00, 86.00it/s, S=0.3993, loss=-0.2884]
Epoch 36/150 [train]:  35%|███▍      | 9/26 [00:00<00:00, 86.00it/s, S=0.4105, loss=-0.3091]
Epoch 36/150 [train]:  35%|███▍      | 9/26 [00:00<00:00, 86.00it/s, S=0.4020, loss=-0.2956]
Epoch 36/150 [train]:  35%|███▍      | 9/26 [00:00<00:00, 86.00it/s, S=0.4099, loss=-0.3036]
Epoch 36/150 [train]:  35%|███▍      | 9/26 [00:00<00:00, 86.00it/s, S=0.4109, loss=-0.3120]
Epoch 36/150 [train]:  35%|███▍      | 9/26 [00:00<00:00, 86.00it/s, S=0.4051, loss=-0.3095]
Epoch 36/150 [train]:  69%|██████▉   | 18/26 [00:00<00:00, 86.18it/s, S=0.4051, loss=-0.3095]
Epoch 36/150 [train]:  69%|██████▉   | 18/26 [00:00<00:00, 86.18it/s, S=0.3991, loss=-0.2976]
Epoch 36/150 [train]:  69%|██████▉   | 18/26 [00:00<00:00, 86.18it/s, S=0.4105, loss=-0.3107]
Epoch 36/150 [train]:  69%|██████▉   | 18/26 [00:00<00:00, 86.18it/s, S=0.4055, loss=-0.3056]
Epoch 36/150 [train]:  69%|██████▉   | 18/26 [00:00<00:00, 86.18it/s, S=0.4068, loss=-0.3075]
Epoch 36/150 [train]:  69%|██████▉   | 18/26 [00:00<00:00, 86.18it/s, S=0.4115, loss=-0.3119]
Epoch 36/150 [train]:  69%|██████▉   | 18/26 [00:00<00:00, 86.18it/s, S=0.4103, loss=-0.3060]
Epoch 36/150 [train]:  69%|██████▉   | 18/26 [00:00<00:00, 86.18it/s, S=0.4035, loss=-0.2991]
Epoch 36/150 [train]:  69%|██████▉   | 18/26 [00:00<00:00, 86.18it/s, S=0.4152, loss=-0.3172]
                                                                                             
Epoch  36/150  train loss=-0.3033  val loss=-0.3076  S[mean]=0.4316  ζ=0.3889  mean_plane_ζ=0.2811  reg=0.1239  λscale=0.31  lr=4.73e-04

Epoch 37/150 [train]:   0%|          | 0/26 [00:00<?, ?it/s]
Epoch 37/150 [train]:   0%|          | 0/26 [00:00<?, ?it/s, S=0.4001, loss=-0.2951]
Epoch 37/150 [train]:   0%|          | 0/26 [00:00<?, ?it/s, S=0.4011, loss=-0.2967]
Epoch 37/150 [train]:   0%|          | 0/26 [00:00<?, ?it/s, S=0.4088, loss=-0.3057]
Epoch 37/150 [train]:   0%|          | 0/26 [00:00<?, ?it/s, S=0.4115, loss=-0.3022]
Epoch 37/150 [train]:   0%|          | 0/26 [00:00<?, ?it/s, S=0.4053, loss=-0.3027]
Epoch 37/150 [train]:   0%|          | 0/26 [00:00<?, ?it/s, S=0.4116, loss=-0.3046]
Epoch 37/150 [train]:   0%|          | 0/26 [00:00<?, ?it/s, S=0.4114, loss=-0.3063]
Epoch 37/150 [train]:   0%|          | 0/26 [00:00<?, ?it/s, S=0.4057, loss=-0.3073]
Epoch 37/150 [train]:   0%|          | 0/26 [00:00<?, ?it/s, S=0.4079, loss=-0.3053]
Epoch 37/150 [train]:  35%|███▍      | 9/26 [00:00<00:00, 85.56it/s, S=0.4079, loss=-0.3053]
Epoch 37/150 [train]:  35%|███▍      | 9/26 [00:00<00:00, 85.56it/s, S=0.4060, loss=-0.3013]
Epoch 37/150 [train]:  35%|███▍      | 9/26 [00:00<00:00, 85.56it/s, S=0.4119, loss=-0.3035]
Epoch 37/150 [train]:  35%|███▍      | 9/26 [00:00<00:00, 85.56it/s, S=0.4100, loss=-0.3079]
Epoch 37/150 [train]:  35%|███▍      | 9/26 [00:00<00:00, 85.56it/s, S=0.4125, loss=-0.3153]
Epoch 37/150 [train]:  35%|███▍      | 9/26 [00:00<00:00, 85.56it/s, S=0.4062, loss=-0.3015]
Epoch 37/150 [train]:  35%|███▍      | 9/26 [00:00<00:00, 85.56it/s, S=0.4117, loss=-0.3077]
Epoch 37/150 [train]:  35%|███▍      | 9/26 [00:00<00:00, 85.56it/s, S=0.4090, loss=-0.3094]
Epoch 37/150 [train]:  35%|███▍      | 9/26 [00:00<00:00, 85.56it/s, S=0.4104, loss=-0.3075]
Epoch 37/150 [train]:  35%|███▍      | 9/26 [00:00<00:00, 85.56it/s, S=0.4094, loss=-0.3061]
Epoch 37/150 [train]:  69%|██████▉   | 18/26 [00:00<00:00, 85.94it/s, S=0.4094, loss=-0.3061]
Epoch 37/150 [train]:  69%|██████▉   | 18/26 [00:00<00:00, 85.94it/s, S=0.3989, loss=-0.2918]
Epoch 37/150 [train]:  69%|██████▉   | 18/26 [00:00<00:00, 85.94it/s, S=0.4018, loss=-0.2955]
Epoch 37/150 [train]:  69%|██████▉   | 18/26 [00:00<00:00, 85.94it/s, S=0.4096, loss=-0.3108]
Epoch 37/150 [train]:  69%|██████▉   | 18/26 [00:00<00:00, 85.94it/s, S=0.4132, loss=-0.3117]
Epoch 37/150 [train]:  69%|██████▉   | 18/26 [00:00<00:00, 85.94it/s, S=0.4005, loss=-0.2895]
Epoch 37/150 [train]:  69%|██████▉   | 18/26 [00:00<00:00, 85.94it/s, S=0.4084, loss=-0.3063]
Epoch 37/150 [train]:  69%|██████▉   | 18/26 [00:00<00:00, 85.94it/s, S=0.4100, loss=-0.3092]
Epoch 37/150 [train]:  69%|██████▉   | 18/26 [00:00<00:00, 85.94it/s, S=0.4092, loss=-0.3059]
                                                                                             
Epoch  37/150  train loss=-0.3041  val loss=-0.3084  S[mean]=0.4347  ζ=0.3906  mean_plane_ζ=0.2828  reg=0.1262  λscale=0.32  lr=4.63e-04

Epoch 38/150 [train]:   0%|          | 0/26 [00:00<?, ?it/s]
Epoch 38/150 [train]:   0%|          | 0/26 [00:00<?, ?it/s, S=0.4131, loss=-0.3033]
Epoch 38/150 [train]:   0%|          | 0/26 [00:00<?, ?it/s, S=0.4035, loss=-0.2951]
Epoch 38/150 [train]:   0%|          | 0/26 [00:00<?, ?it/s, S=0.4103, loss=-0.3000]
Epoch 38/150 [train]:   0%|          | 0/26 [00:00<?, ?it/s, S=0.4173, loss=-0.3185]
Epoch 38/150 [train]:   0%|          | 0/26 [00:00<?, ?it/s, S=0.4126, loss=-0.3125]
Epoch 38/150 [train]:   0%|          | 0/26 [00:00<?, ?it/s, S=0.4034, loss=-0.2999]
Epoch 38/150 [train]:   0%|          | 0/26 [00:00<?, ?it/s, S=0.4106, loss=-0.3065]
Epoch 38/150 [train]:   0%|          | 0/26 [00:00<?, ?it/s, S=0.4076, loss=-0.3007]
Epoch 38/150 [train]:   0%|          | 0/26 [00:00<?, ?it/s, S=0.4003, loss=-0.2983]
Epoch 38/150 [train]:  35%|███▍      | 9/26 [00:00<00:00, 85.90it/s, S=0.4003, loss=-0.2983]
Epoch 38/150 [train]:  35%|███▍      | 9/26 [00:00<00:00, 85.90it/s, S=0.4210, loss=-0.3175]
Epoch 38/150 [train]:  35%|███▍      | 9/26 [00:00<00:00, 85.90it/s, S=0.4180, loss=-0.3079]
Epoch 38/150 [train]:  35%|███▍      | 9/26 [00:00<00:00, 85.90it/s, S=0.4126, loss=-0.3158]
Epoch 38/150 [train]:  35%|███▍      | 9/26 [00:00<00:00, 85.90it/s, S=0.4112, loss=-0.3003]
Epoch 38/150 [train]:  35%|███▍      | 9/26 [00:00<00:00, 85.90it/s, S=0.4140, loss=-0.3154]
Epoch 38/150 [train]:  35%|███▍      | 9/26 [00:00<00:00, 85.90it/s, S=0.4087, loss=-0.2999]
Epoch 38/150 [train]:  35%|███▍      | 9/26 [00:00<00:00, 85.90it/s, S=0.4099, loss=-0.3047]
Epoch 38/150 [train]:  35%|███▍      | 9/26 [00:00<00:00, 85.90it/s, S=0.4097, loss=-0.3091]
Epoch 38/150 [train]:  35%|███▍      | 9/26 [00:00<00:00, 85.90it/s, S=0.4127, loss=-0.3102]
Epoch 38/150 [train]:  69%|██████▉   | 18/26 [00:00<00:00, 86.15it/s, S=0.4127, loss=-0.3102]
Epoch 38/150 [train]:  69%|██████▉   | 18/26 [00:00<00:00, 86.15it/s, S=0.4120, loss=-0.3124]
Epoch 38/150 [train]:  69%|██████▉   | 18/26 [00:00<00:00, 86.15it/s, S=0.4139, loss=-0.3177]
Epoch 38/150 [train]:  69%|██████▉   | 18/26 [00:00<00:00, 86.15it/s, S=0.4145, loss=-0.3116]
Epoch 38/150 [train]:  69%|██████▉   | 18/26 [00:00<00:00, 86.15it/s, S=0.4145, loss=-0.3142]
Epoch 38/150 [train]:  69%|██████▉   | 18/26 [00:00<00:00, 86.15it/s, S=0.4147, loss=-0.3148]
Epoch 38/150 [train]:  69%|██████▉   | 18/26 [00:00<00:00, 86.15it/s, S=0.4124, loss=-0.3138]
Epoch 38/150 [train]:  69%|██████▉   | 18/26 [00:00<00:00, 86.15it/s, S=0.4108, loss=-0.3137]
Epoch 38/150 [train]:  69%|██████▉   | 18/26 [00:00<00:00, 86.15it/s, S=0.4118, loss=-0.3120]
                                                                                             
Epoch  38/150  train loss=-0.3087  val loss=-0.3121  S[mean]=0.4375  ζ=0.3900  mean_plane_ζ=0.2827  reg=0.1254  λscale=0.32  lr=4.52e-04

Epoch 39/150 [train]:   0%|          | 0/26 [00:00<?, ?it/s]
Epoch 39/150 [train]:   0%|          | 0/26 [00:00<?, ?it/s, S=0.4123, loss=-0.3106]
Epoch 39/150 [train]:   0%|          | 0/26 [00:00<?, ?it/s, S=0.4149, loss=-0.3178]
Epoch 39/150 [train]:   0%|          | 0/26 [00:00<?, ?it/s, S=0.4134, loss=-0.3012]
Epoch 39/150 [train]:   0%|          | 0/26 [00:00<?, ?it/s, S=0.4176, loss=-0.3161]
Epoch 39/150 [train]:   0%|          | 0/26 [00:00<?, ?it/s, S=0.4145, loss=-0.3080]
Epoch 39/150 [train]:   0%|          | 0/26 [00:00<?, ?it/s, S=0.4065, loss=-0.3001]
Epoch 39/150 [train]:   0%|          | 0/26 [00:00<?, ?it/s, S=0.4130, loss=-0.3104]
Epoch 39/150 [train]:   0%|          | 0/26 [00:00<?, ?it/s, S=0.4199, loss=-0.3169]
Epoch 39/150 [train]:   0%|          | 0/26 [00:00<?, ?it/s, S=0.4111, loss=-0.3109]
Epoch 39/150 [train]:  35%|███▍      | 9/26 [00:00<00:00, 85.91it/s, S=0.4111, loss=-0.3109]
Epoch 39/150 [train]:  35%|███▍      | 9/26 [00:00<00:00, 85.91it/s, S=0.4094, loss=-0.3013]
Epoch 39/150 [train]:  35%|███▍      | 9/26 [00:00<00:00, 85.91it/s, S=0.4198, loss=-0.3195]
Epoch 39/150 [train]:  35%|███▍      | 9/26 [00:00<00:00, 85.91it/s, S=0.4140, loss=-0.2987]
Epoch 39/150 [train]:  35%|███▍      | 9/26 [00:00<00:00, 85.91it/s, S=0.4192, loss=-0.3116]
Epoch 39/150 [train]:  35%|███▍      | 9/26 [00:00<00:00, 85.91it/s, S=0.4115, loss=-0.3068]
Epoch 39/150 [train]:  35%|███▍      | 9/26 [00:00<00:00, 85.91it/s, S=0.4136, loss=-0.3129]
Epoch 39/150 [train]:  35%|███▍      | 9/26 [00:00<00:00, 85.91it/s, S=0.4164, loss=-0.3075]
Epoch 39/150 [train]:  35%|███▍      | 9/26 [00:00<00:00, 85.91it/s, S=0.4133, loss=-0.3086]
Epoch 39/150 [train]:  35%|███▍      | 9/26 [00:00<00:00, 85.91it/s, S=0.4094, loss=-0.2924]
Epoch 39/150 [train]:  69%|██████▉   | 18/26 [00:00<00:00, 86.03it/s, S=0.4094, loss=-0.2924]
Epoch 39/150 [train]:  69%|██████▉   | 18/26 [00:00<00:00, 86.03it/s, S=0.4197, loss=-0.3192]
Epoch 39/150 [train]:  69%|██████▉   | 18/26 [00:00<00:00, 86.03it/s, S=0.4144, loss=-0.3112]
Epoch 39/150 [train]:  69%|██████▉   | 18/26 [00:00<00:00, 86.03it/s, S=0.4058, loss=-0.3007]
Epoch 39/150 [train]:  69%|██████▉   | 18/26 [00:00<00:00, 86.03it/s, S=0.4077, loss=-0.3021]
Epoch 39/150 [train]:  69%|██████▉   | 18/26 [00:00<00:00, 86.03it/s, S=0.4123, loss=-0.3117]
Epoch 39/150 [train]:  69%|██████▉   | 18/26 [00:00<00:00, 86.03it/s, S=0.4114, loss=-0.3129]
Epoch 39/150 [train]:  69%|██████▉   | 18/26 [00:00<00:00, 86.03it/s, S=0.4134, loss=-0.3099]
Epoch 39/150 [train]:  69%|██████▉   | 18/26 [00:00<00:00, 86.03it/s, S=0.4160, loss=-0.3074]
                                                                                             
Epoch  39/150  train loss=-0.3087  val loss=-0.3148  S[mean]=0.4405  ζ=0.3910  mean_plane_ζ=0.2845  reg=0.1257  λscale=0.33  lr=4.40e-04

Epoch 40/150 [train]:   0%|          | 0/26 [00:00<?, ?it/s]
Epoch 40/150 [train]:   0%|          | 0/26 [00:00<?, ?it/s, S=0.4230, loss=-0.3222]
Epoch 40/150 [train]:   0%|          | 0/26 [00:00<?, ?it/s, S=0.4118, loss=-0.3075]
Epoch 40/150 [train]:   0%|          | 0/26 [00:00<?, ?it/s, S=0.4130, loss=-0.3070]
Epoch 40/150 [train]:   0%|          | 0/26 [00:00<?, ?it/s, S=0.4167, loss=-0.3157]
Epoch 40/150 [train]:   0%|          | 0/26 [00:00<?, ?it/s, S=0.4210, loss=-0.3133]
Epoch 40/150 [train]:   0%|          | 0/26 [00:00<?, ?it/s, S=0.4214, loss=-0.3194]
Epoch 40/150 [train]:   0%|          | 0/26 [00:00<?, ?it/s, S=0.4181, loss=-0.3120]
Epoch 40/150 [train]:   0%|          | 0/26 [00:00<?, ?it/s, S=0.4116, loss=-0.3045]
Epoch 40/150 [train]:   0%|          | 0/26 [00:00<?, ?it/s, S=0.4095, loss=-0.3037]
Epoch 40/150 [train]:  35%|███▍      | 9/26 [00:00<00:00, 85.89it/s, S=0.4095, loss=-0.3037]
Epoch 40/150 [train]:  35%|███▍      | 9/26 [00:00<00:00, 85.89it/s, S=0.4157, loss=-0.3161]
Epoch 40/150 [train]:  35%|███▍      | 9/26 [00:00<00:00, 85.89it/s, S=0.4156, loss=-0.3089]
Epoch 40/150 [train]:  35%|███▍      | 9/26 [00:00<00:00, 85.89it/s, S=0.4219, loss=-0.3224]
Epoch 40/150 [train]:  35%|███▍      | 9/26 [00:00<00:00, 85.89it/s, S=0.4187, loss=-0.3210]
Epoch 40/150 [train]:  35%|███▍      | 9/26 [00:00<00:00, 85.89it/s, S=0.4189, loss=-0.3159]
Epoch 40/150 [train]:  35%|███▍      | 9/26 [00:00<00:00, 85.89it/s, S=0.4178, loss=-0.3174]
Epoch 40/150 [train]:  35%|███▍      | 9/26 [00:00<00:00, 85.89it/s, S=0.4170, loss=-0.3167]
Epoch 40/150 [train]:  35%|███▍      | 9/26 [00:00<00:00, 85.89it/s, S=0.4155, loss=-0.3117]
Epoch 40/150 [train]:  35%|███▍      | 9/26 [00:00<00:00, 85.89it/s, S=0.4195, loss=-0.3192]
Epoch 40/150 [train]:  69%|██████▉   | 18/26 [00:00<00:00, 86.11it/s, S=0.4195, loss=-0.3192]
Epoch 40/150 [train]:  69%|██████▉   | 18/26 [00:00<00:00, 86.11it/s, S=0.4143, loss=-0.3124]
Epoch 40/150 [train]:  69%|██████▉   | 18/26 [00:00<00:00, 86.11it/s, S=0.4083, loss=-0.3074]
Epoch 40/150 [train]:  69%|██████▉   | 18/26 [00:00<00:00, 86.11it/s, S=0.4205, loss=-0.3206]
Epoch 40/150 [train]:  69%|██████▉   | 18/26 [00:00<00:00, 86.11it/s, S=0.4231, loss=-0.3242]
Epoch 40/150 [train]:  69%|██████▉   | 18/26 [00:00<00:00, 86.11it/s, S=0.4184, loss=-0.3145]
Epoch 40/150 [train]:  69%|██████▉   | 18/26 [00:00<00:00, 86.11it/s, S=0.4196, loss=-0.3152]
Epoch 40/150 [train]:  69%|██████▉   | 18/26 [00:00<00:00, 86.11it/s, S=0.4091, loss=-0.3003]
Epoch 40/150 [train]:  69%|██████▉   | 18/26 [00:00<00:00, 86.11it/s, S=0.4117, loss=-0.3056]
                                                                                             
Epoch  40/150  train loss=-0.3136  val loss=-0.3145  S[mean]=0.4424  ζ=0.3912  mean_plane_ζ=0.2847  reg=0.1280  λscale=0.34  lr=4.27e-04

Epoch 41/150 [train]:   0%|          | 0/26 [00:00<?, ?it/s]
Epoch 41/150 [train]:   0%|          | 0/26 [00:00<?, ?it/s, S=0.4225, loss=-0.3211]
Epoch 41/150 [train]:   0%|          | 0/26 [00:00<?, ?it/s, S=0.4186, loss=-0.3073]
Epoch 41/150 [train]:   0%|          | 0/26 [00:00<?, ?it/s, S=0.4210, loss=-0.3182]
Epoch 41/150 [train]:   0%|          | 0/26 [00:00<?, ?it/s, S=0.4256, loss=-0.3262]
Epoch 41/150 [train]:   0%|          | 0/26 [00:00<?, ?it/s, S=0.4211, loss=-0.3132]
Epoch 41/150 [train]:   0%|          | 0/26 [00:00<?, ?it/s, S=0.4193, loss=-0.3168]
Epoch 41/150 [train]:   0%|          | 0/26 [00:00<?, ?it/s, S=0.4149, loss=-0.3113]
Epoch 41/150 [train]:   0%|          | 0/26 [00:00<?, ?it/s, S=0.4246, loss=-0.3216]
Epoch 41/150 [train]:   0%|          | 0/26 [00:00<?, ?it/s, S=0.4241, loss=-0.3261]
Epoch 41/150 [train]:  35%|███▍      | 9/26 [00:00<00:00, 85.66it/s, S=0.4241, loss=-0.3261]
Epoch 41/150 [train]:  35%|███▍      | 9/26 [00:00<00:00, 85.66it/s, S=0.4131, loss=-0.3128]
Epoch 41/150 [train]:  35%|███▍      | 9/26 [00:00<00:00, 85.66it/s, S=0.4183, loss=-0.3085]
Epoch 41/150 [train]:  35%|███▍      | 9/26 [00:00<00:00, 85.66it/s, S=0.4175, loss=-0.3185]
Epoch 41/150 [train]:  35%|███▍      | 9/26 [00:00<00:00, 85.66it/s, S=0.4192, loss=-0.3164]
Epoch 41/150 [train]:  35%|███▍      | 9/26 [00:00<00:00, 85.66it/s, S=0.4312, loss=-0.3305]
Epoch 41/150 [train]:  35%|███▍      | 9/26 [00:00<00:00, 85.66it/s, S=0.4189, loss=-0.3198]
Epoch 41/150 [train]:  35%|███▍      | 9/26 [00:00<00:00, 85.66it/s, S=0.4176, loss=-0.3068]
Epoch 41/150 [train]:  35%|███▍      | 9/26 [00:00<00:00, 85.66it/s, S=0.4205, loss=-0.3170]
Epoch 41/150 [train]:  35%|███▍      | 9/26 [00:00<00:00, 85.66it/s, S=0.3995, loss=-0.2668]
Epoch 41/150 [train]:  69%|██████▉   | 18/26 [00:00<00:00, 86.08it/s, S=0.3995, loss=-0.2668]
Epoch 41/150 [train]:  69%|██████▉   | 18/26 [00:00<00:00, 86.08it/s, S=0.4159, loss=-0.3096]
Epoch 41/150 [train]:  69%|██████▉   | 18/26 [00:00<00:00, 86.08it/s, S=0.4137, loss=-0.3094]
Epoch 41/150 [train]:  69%|██████▉   | 18/26 [00:00<00:00, 86.08it/s, S=0.4098, loss=-0.3084]
Epoch 41/150 [train]:  69%|██████▉   | 18/26 [00:00<00:00, 86.08it/s, S=0.4218, loss=-0.3179]
Epoch 41/150 [train]:  69%|██████▉   | 18/26 [00:00<00:00, 86.08it/s, S=0.4193, loss=-0.3155]
Epoch 41/150 [train]:  69%|██████▉   | 18/26 [00:00<00:00, 86.08it/s, S=0.4231, loss=-0.3159]
Epoch 41/150 [train]:  69%|██████▉   | 18/26 [00:00<00:00, 86.08it/s, S=0.4190, loss=-0.3130]
Epoch 41/150 [train]:  69%|██████▉   | 18/26 [00:00<00:00, 86.08it/s, S=0.4248, loss=-0.3182]
                                                                                             
Epoch  41/150  train loss=-0.3141  val loss=-0.3110  S[mean]=0.4431  ζ=0.3895  mean_plane_ζ=0.2838  reg=0.1320  λscale=0.34  lr=4.12e-04

Epoch 42/150 [train]:   0%|          | 0/26 [00:00<?, ?it/s]
Epoch 42/150 [train]:   0%|          | 0/26 [00:00<?, ?it/s, S=0.4207, loss=-0.3147]
Epoch 42/150 [train]:   0%|          | 0/26 [00:00<?, ?it/s, S=0.4215, loss=-0.3052]
Epoch 42/150 [train]:   0%|          | 0/26 [00:00<?, ?it/s, S=0.4211, loss=-0.3198]
Epoch 42/150 [train]:   0%|          | 0/26 [00:00<?, ?it/s, S=0.4149, loss=-0.3120]
Epoch 42/150 [train]:   0%|          | 0/26 [00:00<?, ?it/s, S=0.4170, loss=-0.3154]
Epoch 42/150 [train]:   0%|          | 0/26 [00:00<?, ?it/s, S=0.4197, loss=-0.3130]
Epoch 42/150 [train]:   0%|          | 0/26 [00:00<?, ?it/s, S=0.4162, loss=-0.3171]
Epoch 42/150 [train]:   0%|          | 0/26 [00:00<?, ?it/s, S=0.4225, loss=-0.3232]
Epoch 42/150 [train]:   0%|          | 0/26 [00:00<?, ?it/s, S=0.4283, loss=-0.3218]
Epoch 42/150 [train]:  35%|███▍      | 9/26 [00:00<00:00, 85.59it/s, S=0.4283, loss=-0.3218]
Epoch 42/150 [train]:  35%|███▍      | 9/26 [00:00<00:00, 85.59it/s, S=0.4191, loss=-0.3127]
Epoch 42/150 [train]:  35%|███▍      | 9/26 [00:00<00:00, 85.59it/s, S=0.4174, loss=-0.3149]
Epoch 42/150 [train]:  35%|███▍      | 9/26 [00:00<00:00, 85.59it/s, S=0.4200, loss=-0.3109]
Epoch 42/150 [train]:  35%|███▍      | 9/26 [00:00<00:00, 85.59it/s, S=0.4255, loss=-0.3221]
Epoch 42/150 [train]:  35%|███▍      | 9/26 [00:00<00:00, 85.59it/s, S=0.4192, loss=-0.3176]
Epoch 42/150 [train]:  35%|███▍      | 9/26 [00:00<00:00, 85.59it/s, S=0.4159, loss=-0.3118]
Epoch 42/150 [train]:  35%|███▍      | 9/26 [00:00<00:00, 85.59it/s, S=0.4237, loss=-0.3245]
Epoch 42/150 [train]:  35%|███▍      | 9/26 [00:00<00:00, 85.59it/s, S=0.4245, loss=-0.3233]
Epoch 42/150 [train]:  35%|███▍      | 9/26 [00:00<00:00, 85.59it/s, S=0.4215, loss=-0.3175]
Epoch 42/150 [train]:  69%|██████▉   | 18/26 [00:00<00:00, 85.92it/s, S=0.4215, loss=-0.3175]
Epoch 42/150 [train]:  69%|██████▉   | 18/26 [00:00<00:00, 85.92it/s, S=0.4255, loss=-0.3209]
Epoch 42/150 [train]:  69%|██████▉   | 18/26 [00:00<00:00, 85.92it/s, S=0.4141, loss=-0.3141]
Epoch 42/150 [train]:  69%|██████▉   | 18/26 [00:00<00:00, 85.92it/s, S=0.4259, loss=-0.3090]
Epoch 42/150 [train]:  69%|██████▉   | 18/26 [00:00<00:00, 85.92it/s, S=0.4244, loss=-0.3244]
Epoch 42/150 [train]:  69%|██████▉   | 18/26 [00:00<00:00, 85.92it/s, S=0.4263, loss=-0.3192]
Epoch 42/150 [train]:  69%|██████▉   | 18/26 [00:00<00:00, 85.92it/s, S=0.4233, loss=-0.3220]
Epoch 42/150 [train]:  69%|██████▉   | 18/26 [00:00<00:00, 85.92it/s, S=0.4223, loss=-0.3160]
Epoch 42/150 [train]:  69%|██████▉   | 18/26 [00:00<00:00, 85.92it/s, S=0.4200, loss=-0.3154]
                                                                                             
Epoch  42/150  train loss=-0.3169  val loss=-0.3179  S[mean]=0.4462  ζ=0.3900  mean_plane_ζ=0.2852  reg=0.1283  λscale=0.35  lr=3.97e-04

Epoch 43/150 [train]:   0%|          | 0/26 [00:00<?, ?it/s]
Epoch 43/150 [train]:   0%|          | 0/26 [00:00<?, ?it/s, S=0.4283, loss=-0.3279]
Epoch 43/150 [train]:   0%|          | 0/26 [00:00<?, ?it/s, S=0.4184, loss=-0.3109]
Epoch 43/150 [train]:   0%|          | 0/26 [00:00<?, ?it/s, S=0.4200, loss=-0.3173]
Epoch 43/150 [train]:   0%|          | 0/26 [00:00<?, ?it/s, S=0.4286, loss=-0.3149]
Epoch 43/150 [train]:   0%|          | 0/26 [00:00<?, ?it/s, S=0.4198, loss=-0.3214]
Epoch 43/150 [train]:   0%|          | 0/26 [00:00<?, ?it/s, S=0.4346, loss=-0.3323]
Epoch 43/150 [train]:   0%|          | 0/26 [00:00<?, ?it/s, S=0.4207, loss=-0.3128]
Epoch 43/150 [train]:   0%|          | 0/26 [00:00<?, ?it/s, S=0.4192, loss=-0.3184]
Epoch 43/150 [train]:   0%|          | 0/26 [00:00<?, ?it/s, S=0.4242, loss=-0.3242]
Epoch 43/150 [train]:  35%|███▍      | 9/26 [00:00<00:00, 85.65it/s, S=0.4242, loss=-0.3242]
Epoch 43/150 [train]:  35%|███▍      | 9/26 [00:00<00:00, 85.65it/s, S=0.4172, loss=-0.3198]
Epoch 43/150 [train]:  35%|███▍      | 9/26 [00:00<00:00, 85.65it/s, S=0.4297, loss=-0.3241]
Epoch 43/150 [train]:  35%|███▍      | 9/26 [00:00<00:00, 85.65it/s, S=0.4257, loss=-0.3261]
Epoch 43/150 [train]:  35%|███▍      | 9/26 [00:00<00:00, 85.65it/s, S=0.4235, loss=-0.3247]
Epoch 43/150 [train]:  35%|███▍      | 9/26 [00:00<00:00, 85.65it/s, S=0.4272, loss=-0.3263]
Epoch 43/150 [train]:  35%|███▍      | 9/26 [00:00<00:00, 85.65it/s, S=0.4258, loss=-0.3284]
Epoch 43/150 [train]:  35%|███▍      | 9/26 [00:00<00:00, 85.65it/s, S=0.4166, loss=-0.3065]
Epoch 43/150 [train]:  35%|███▍      | 9/26 [00:00<00:00, 85.65it/s, S=0.4236, loss=-0.3249]
Epoch 43/150 [train]:  35%|███▍      | 9/26 [00:00<00:00, 85.65it/s, S=0.4225, loss=-0.3201]
Epoch 43/150 [train]:  69%|██████▉   | 18/26 [00:00<00:00, 85.79it/s, S=0.4225, loss=-0.3201]
Epoch 43/150 [train]:  69%|██████▉   | 18/26 [00:00<00:00, 85.79it/s, S=0.4261, loss=-0.3113]
Epoch 43/150 [train]:  69%|██████▉   | 18/26 [00:00<00:00, 85.79it/s, S=0.4107, loss=-0.2973]
Epoch 43/150 [train]:  69%|██████▉   | 18/26 [00:00<00:00, 85.79it/s, S=0.4231, loss=-0.3197]
Epoch 43/150 [train]:  69%|██████▉   | 18/26 [00:00<00:00, 85.79it/s, S=0.4302, loss=-0.3295]
Epoch 43/150 [train]:  69%|██████▉   | 18/26 [00:00<00:00, 85.79it/s, S=0.4130, loss=-0.3057]
Epoch 43/150 [train]:  69%|██████▉   | 18/26 [00:00<00:00, 85.79it/s, S=0.4260, loss=-0.3220]
Epoch 43/150 [train]:  69%|██████▉   | 18/26 [00:00<00:00, 85.79it/s, S=0.4189, loss=-0.2963]
Epoch 43/150 [train]:  69%|██████▉   | 18/26 [00:00<00:00, 85.79it/s, S=0.4331, loss=-0.3315]
                                                                                             
Epoch  43/150  train loss=-0.3190  val loss=-0.3193  S[mean]=0.4476  ζ=0.3905  mean_plane_ζ=0.2863  reg=0.1282  λscale=0.35  lr=3.81e-04

Epoch 44/150 [train]:   0%|          | 0/26 [00:00<?, ?it/s]
Epoch 44/150 [train]:   0%|          | 0/26 [00:00<?, ?it/s, S=0.4252, loss=-0.3186]
Epoch 44/150 [train]:   0%|          | 0/26 [00:00<?, ?it/s, S=0.4261, loss=-0.3164]
Epoch 44/150 [train]:   0%|          | 0/26 [00:00<?, ?it/s, S=0.4224, loss=-0.3184]
Epoch 44/150 [train]:   0%|          | 0/26 [00:00<?, ?it/s, S=0.4306, loss=-0.3264]
Epoch 44/150 [train]:   0%|          | 0/26 [00:00<?, ?it/s, S=0.4195, loss=-0.3116]
Epoch 44/150 [train]:   0%|          | 0/26 [00:00<?, ?it/s, S=0.4311, loss=-0.3321]
Epoch 44/150 [train]:   0%|          | 0/26 [00:00<?, ?it/s, S=0.4119, loss=-0.3056]
Epoch 44/150 [train]:   0%|          | 0/26 [00:00<?, ?it/s, S=0.4251, loss=-0.3194]
Epoch 44/150 [train]:   0%|          | 0/26 [00:00<?, ?it/s, S=0.4218, loss=-0.3087]
Epoch 44/150 [train]:  35%|███▍      | 9/26 [00:00<00:00, 85.43it/s, S=0.4218, loss=-0.3087]
Epoch 44/150 [train]:  35%|███▍      | 9/26 [00:00<00:00, 85.43it/s, S=0.4251, loss=-0.3120]
Epoch 44/150 [train]:  35%|███▍      | 9/26 [00:00<00:00, 85.43it/s, S=0.4191, loss=-0.3183]
Epoch 44/150 [train]:  35%|███▍      | 9/26 [00:00<00:00, 85.43it/s, S=0.4296, loss=-0.3314]
Epoch 44/150 [train]:  35%|███▍      | 9/26 [00:00<00:00, 85.43it/s, S=0.4237, loss=-0.3212]
Epoch 44/150 [train]:  35%|███▍      | 9/26 [00:00<00:00, 85.43it/s, S=0.4249, loss=-0.3240]
Epoch 44/150 [train]:  35%|███▍      | 9/26 [00:00<00:00, 85.43it/s, S=0.4197, loss=-0.3157]
Epoch 44/150 [train]:  35%|███▍      | 9/26 [00:00<00:00, 85.43it/s, S=0.4196, loss=-0.3174]
Epoch 44/150 [train]:  35%|███▍      | 9/26 [00:00<00:00, 85.43it/s, S=0.4255, loss=-0.3262]
Epoch 44/150 [train]:  35%|███▍      | 9/26 [00:00<00:00, 85.43it/s, S=0.4176, loss=-0.3163]
Epoch 44/150 [train]:  69%|██████▉   | 18/26 [00:00<00:00, 85.79it/s, S=0.4176, loss=-0.3163]
Epoch 44/150 [train]:  69%|██████▉   | 18/26 [00:00<00:00, 85.79it/s, S=0.4239, loss=-0.3197]
Epoch 44/150 [train]:  69%|██████▉   | 18/26 [00:00<00:00, 85.79it/s, S=0.4235, loss=-0.3258]
Epoch 44/150 [train]:  69%|██████▉   | 18/26 [00:00<00:00, 85.79it/s, S=0.4302, loss=-0.3282]
Epoch 44/150 [train]:  69%|██████▉   | 18/26 [00:00<00:00, 85.79it/s, S=0.4249, loss=-0.3207]
Epoch 44/150 [train]:  69%|██████▉   | 18/26 [00:00<00:00, 85.79it/s, S=0.4318, loss=-0.3273]
Epoch 44/150 [train]:  69%|██████▉   | 18/26 [00:00<00:00, 85.79it/s, S=0.4294, loss=-0.3232]
Epoch 44/150 [train]:  69%|██████▉   | 18/26 [00:00<00:00, 85.79it/s, S=0.4309, loss=-0.3251]
Epoch 44/150 [train]:  69%|██████▉   | 18/26 [00:00<00:00, 85.79it/s, S=0.4226, loss=-0.3134]
                                                                                             
Epoch  44/150  train loss=-0.3201  val loss=-0.3200  S[mean]=0.4488  ζ=0.3890  mean_plane_ζ=0.2865  reg=0.1287  λscale=0.36  lr=3.63e-04

Epoch 45/150 [train]:   0%|          | 0/26 [00:00<?, ?it/s]
Epoch 45/150 [train]:   0%|          | 0/26 [00:00<?, ?it/s, S=0.4305, loss=-0.3271]
Epoch 45/150 [train]:   0%|          | 0/26 [00:00<?, ?it/s, S=0.4214, loss=-0.3142]
Epoch 45/150 [train]:   0%|          | 0/26 [00:00<?, ?it/s, S=0.4311, loss=-0.3276]
Epoch 45/150 [train]:   0%|          | 0/26 [00:00<?, ?it/s, S=0.4306, loss=-0.3254]
Epoch 45/150 [train]:   0%|          | 0/26 [00:00<?, ?it/s, S=0.4318, loss=-0.3263]
Epoch 45/150 [train]:   0%|          | 0/26 [00:00<?, ?it/s, S=0.4211, loss=-0.3076]
Epoch 45/150 [train]:   0%|          | 0/26 [00:00<?, ?it/s, S=0.4321, loss=-0.3303]
Epoch 45/150 [train]:   0%|          | 0/26 [00:00<?, ?it/s, S=0.4248, loss=-0.2994]
Epoch 45/150 [train]:   0%|          | 0/26 [00:00<?, ?it/s, S=0.4220, loss=-0.3128]
Epoch 45/150 [train]:  35%|███▍      | 9/26 [00:00<00:00, 85.70it/s, S=0.4220, loss=-0.3128]
Epoch 45/150 [train]:  35%|███▍      | 9/26 [00:00<00:00, 85.70it/s, S=0.4286, loss=-0.3289]
Epoch 45/150 [train]:  35%|███▍      | 9/26 [00:00<00:00, 85.70it/s, S=0.4147, loss=-0.3053]
Epoch 45/150 [train]:  35%|███▍      | 9/26 [00:00<00:00, 85.70it/s, S=0.4235, loss=-0.3175]
Epoch 45/150 [train]:  35%|███▍      | 9/26 [00:00<00:00, 85.70it/s, S=0.4277, loss=-0.3228]
Epoch 45/150 [train]:  35%|███▍      | 9/26 [00:00<00:00, 85.70it/s, S=0.4289, loss=-0.3261]
Epoch 45/150 [train]:  35%|███▍      | 9/26 [00:00<00:00, 85.70it/s, S=0.4261, loss=-0.3179]
Epoch 45/150 [train]:  35%|███▍      | 9/26 [00:00<00:00, 85.70it/s, S=0.4300, loss=-0.3218]
Epoch 45/150 [train]:  35%|███▍      | 9/26 [00:00<00:00, 85.70it/s, S=0.4224, loss=-0.3187]
Epoch 45/150 [train]:  35%|███▍      | 9/26 [00:00<00:00, 85.70it/s, S=0.4267, loss=-0.3220]
Epoch 45/150 [train]:  69%|██████▉   | 18/26 [00:00<00:00, 85.86it/s, S=0.4267, loss=-0.3220]
Epoch 45/150 [train]:  69%|██████▉   | 18/26 [00:00<00:00, 85.86it/s, S=0.4213, loss=-0.3240]
Epoch 45/150 [train]:  69%|██████▉   | 18/26 [00:00<00:00, 85.86it/s, S=0.4264, loss=-0.3187]
Epoch 45/150 [train]:  69%|██████▉   | 18/26 [00:00<00:00, 85.86it/s, S=0.4255, loss=-0.3235]
Epoch 45/150 [train]:  69%|██████▉   | 18/26 [00:00<00:00, 85.86it/s, S=0.4342, loss=-0.3352]
Epoch 45/150 [train]:  69%|██████▉   | 18/26 [00:00<00:00, 85.86it/s, S=0.4201, loss=-0.3174]
Epoch 45/150 [train]:  69%|██████▉   | 18/26 [00:00<00:00, 85.86it/s, S=0.4307, loss=-0.3263]
Epoch 45/150 [train]:  69%|██████▉   | 18/26 [00:00<00:00, 85.86it/s, S=0.4216, loss=-0.3133]
Epoch 45/150 [train]:  69%|██████▉   | 18/26 [00:00<00:00, 85.86it/s, S=0.4232, loss=-0.3184]
                                                                                             
Epoch  45/150  train loss=-0.3203  val loss=-0.3176  S[mean]=0.4498  ζ=0.3891  mean_plane_ζ=0.2869  reg=0.1322  λscale=0.37  lr=3.46e-04

Epoch 46/150 [train]:   0%|          | 0/26 [00:00<?, ?it/s]
Epoch 46/150 [train]:   0%|          | 0/26 [00:00<?, ?it/s, S=0.4255, loss=-0.3183]
Epoch 46/150 [train]:   0%|          | 0/26 [00:00<?, ?it/s, S=0.4282, loss=-0.3259]
Epoch 46/150 [train]:   0%|          | 0/26 [00:00<?, ?it/s, S=0.4316, loss=-0.3269]
Epoch 46/150 [train]:   0%|          | 0/26 [00:00<?, ?it/s, S=0.4344, loss=-0.3251]
Epoch 46/150 [train]:   0%|          | 0/26 [00:00<?, ?it/s, S=0.4151, loss=-0.3042]
Epoch 46/150 [train]:   0%|          | 0/26 [00:00<?, ?it/s, S=0.4340, loss=-0.3340]
Epoch 46/150 [train]:   0%|          | 0/26 [00:00<?, ?it/s, S=0.4360, loss=-0.3319]
Epoch 46/150 [train]:   0%|          | 0/26 [00:00<?, ?it/s, S=0.4309, loss=-0.3329]
Epoch 46/150 [train]:   0%|          | 0/26 [00:00<?, ?it/s, S=0.4230, loss=-0.3224]
Epoch 46/150 [train]:  35%|███▍      | 9/26 [00:00<00:00, 85.49it/s, S=0.4230, loss=-0.3224]
Epoch 46/150 [train]:  35%|███▍      | 9/26 [00:00<00:00, 85.49it/s, S=0.4223, loss=-0.3180]
Epoch 46/150 [train]:  35%|███▍      | 9/26 [00:00<00:00, 85.49it/s, S=0.4226, loss=-0.3154]
Epoch 46/150 [train]:  35%|███▍      | 9/26 [00:00<00:00, 85.49it/s, S=0.4282, loss=-0.3193]
Epoch 46/150 [train]:  35%|███▍      | 9/26 [00:00<00:00, 85.49it/s, S=0.4324, loss=-0.3328]
Epoch 46/150 [train]:  35%|███▍      | 9/26 [00:00<00:00, 85.49it/s, S=0.4310, loss=-0.3285]
Epoch 46/150 [train]:  35%|███▍      | 9/26 [00:00<00:00, 85.49it/s, S=0.4258, loss=-0.3231]
Epoch 46/150 [train]:  35%|███▍      | 9/26 [00:00<00:00, 85.49it/s, S=0.4272, loss=-0.3281]
Epoch 46/150 [train]:  35%|███▍      | 9/26 [00:00<00:00, 85.49it/s, S=0.4281, loss=-0.3202]
Epoch 46/150 [train]:  35%|███▍      | 9/26 [00:00<00:00, 85.49it/s, S=0.4272, loss=-0.3252]
Epoch 46/150 [train]:  69%|██████▉   | 18/26 [00:00<00:00, 85.76it/s, S=0.4272, loss=-0.3252]
Epoch 46/150 [train]:  69%|██████▉   | 18/26 [00:00<00:00, 85.76it/s, S=0.4272, loss=-0.3179]
Epoch 46/150 [train]:  69%|██████▉   | 18/26 [00:00<00:00, 85.76it/s, S=0.4380, loss=-0.3390]
Epoch 46/150 [train]:  69%|██████▉   | 18/26 [00:00<00:00, 85.76it/s, S=0.4287, loss=-0.3260]
Epoch 46/150 [train]:  69%|██████▉   | 18/26 [00:00<00:00, 85.76it/s, S=0.4297, loss=-0.3275]
Epoch 46/150 [train]:  69%|██████▉   | 18/26 [00:00<00:00, 85.76it/s, S=0.4283, loss=-0.3276]
Epoch 46/150 [train]:  69%|██████▉   | 18/26 [00:00<00:00, 85.76it/s, S=0.4278, loss=-0.3269]
Epoch 46/150 [train]:  69%|██████▉   | 18/26 [00:00<00:00, 85.76it/s, S=0.4281, loss=-0.3223]
Epoch 46/150 [train]:  69%|██████▉   | 18/26 [00:00<00:00, 85.76it/s, S=0.4282, loss=-0.3245]
                                                                                             
Epoch  46/150  train loss=-0.3248  val loss=-0.3214  S[mean]=0.4525  ζ=0.3900  mean_plane_ζ=0.2883  reg=0.1311  λscale=0.37  lr=3.27e-04

Epoch 47/150 [train]:   0%|          | 0/26 [00:00<?, ?it/s]
Epoch 47/150 [train]:   0%|          | 0/26 [00:00<?, ?it/s, S=0.4324, loss=-0.3333]
Epoch 47/150 [train]:   0%|          | 0/26 [00:00<?, ?it/s, S=0.4300, loss=-0.3272]
Epoch 47/150 [train]:   0%|          | 0/26 [00:00<?, ?it/s, S=0.4363, loss=-0.3316]
Epoch 47/150 [train]:   0%|          | 0/26 [00:00<?, ?it/s, S=0.4292, loss=-0.3186]
Epoch 47/150 [train]:   0%|          | 0/26 [00:00<?, ?it/s, S=0.4247, loss=-0.3187]
Epoch 47/150 [train]:   0%|          | 0/26 [00:00<?, ?it/s, S=0.4273, loss=-0.3199]
Epoch 47/150 [train]:   0%|          | 0/26 [00:00<?, ?it/s, S=0.4341, loss=-0.3254]
Epoch 47/150 [train]:   0%|          | 0/26 [00:00<?, ?it/s, S=0.4282, loss=-0.3251]
Epoch 47/150 [train]:   0%|          | 0/26 [00:00<?, ?it/s, S=0.4291, loss=-0.3265]
Epoch 47/150 [train]:  35%|███▍      | 9/26 [00:00<00:00, 85.10it/s, S=0.4291, loss=-0.3265]
Epoch 47/150 [train]:  35%|███▍      | 9/26 [00:00<00:00, 85.10it/s, S=0.4365, loss=-0.3333]
Epoch 47/150 [train]:  35%|███▍      | 9/26 [00:00<00:00, 85.10it/s, S=0.4307, loss=-0.3247]
Epoch 47/150 [train]:  35%|███▍      | 9/26 [00:00<00:00, 85.10it/s, S=0.4353, loss=-0.3248]
Epoch 47/150 [train]:  35%|███▍      | 9/26 [00:00<00:00, 85.10it/s, S=0.4345, loss=-0.3359]
Epoch 47/150 [train]:  35%|███▍      | 9/26 [00:00<00:00, 85.10it/s, S=0.4279, loss=-0.3209]
Epoch 47/150 [train]:  35%|███▍      | 9/26 [00:00<00:00, 85.10it/s, S=0.4262, loss=-0.3186]
Epoch 47/150 [train]:  35%|███▍      | 9/26 [00:00<00:00, 85.10it/s, S=0.4305, loss=-0.3272]
Epoch 47/150 [train]:  35%|███▍      | 9/26 [00:00<00:00, 85.10it/s, S=0.4331, loss=-0.3297]
Epoch 47/150 [train]:  35%|███▍      | 9/26 [00:00<00:00, 85.10it/s, S=0.4343, loss=-0.3313]
Epoch 47/150 [train]:  69%|██████▉   | 18/26 [00:00<00:00, 85.63it/s, S=0.4343, loss=-0.3313]
Epoch 47/150 [train]:  69%|██████▉   | 18/26 [00:00<00:00, 85.63it/s, S=0.4318, loss=-0.3304]
Epoch 47/150 [train]:  69%|██████▉   | 18/26 [00:00<00:00, 85.63it/s, S=0.4325, loss=-0.3292]
Epoch 47/150 [train]:  69%|██████▉   | 18/26 [00:00<00:00, 85.63it/s, S=0.4282, loss=-0.3299]
Epoch 47/150 [train]:  69%|██████▉   | 18/26 [00:00<00:00, 85.63it/s, S=0.4279, loss=-0.3254]
Epoch 47/150 [train]:  69%|██████▉   | 18/26 [00:00<00:00, 85.63it/s, S=0.4232, loss=-0.3121]
Epoch 47/150 [train]:  69%|██████▉   | 18/26 [00:00<00:00, 85.63it/s, S=0.4190, loss=-0.3123]
Epoch 47/150 [train]:  69%|██████▉   | 18/26 [00:00<00:00, 85.63it/s, S=0.4260, loss=-0.3218]
Epoch 47/150 [train]:  69%|██████▉   | 18/26 [00:00<00:00, 85.63it/s, S=0.4258, loss=-0.3205]
                                                                                             
Epoch  47/150  train loss=-0.3252  val loss=-0.3222  S[mean]=0.4543  ζ=0.3900  mean_plane_ζ=0.2888  reg=0.1321  λscale=0.38  lr=3.08e-04

Epoch 48/150 [train]:   0%|          | 0/26 [00:00<?, ?it/s]
Epoch 48/150 [train]:   0%|          | 0/26 [00:00<?, ?it/s, S=0.4283, loss=-0.3265]
Epoch 48/150 [train]:   0%|          | 0/26 [00:00<?, ?it/s, S=0.4257, loss=-0.3099]
Epoch 48/150 [train]:   0%|          | 0/26 [00:00<?, ?it/s, S=0.4320, loss=-0.3293]
Epoch 48/150 [train]:   0%|          | 0/26 [00:00<?, ?it/s, S=0.4277, loss=-0.3240]
Epoch 48/150 [train]:   0%|          | 0/26 [00:00<?, ?it/s, S=0.4315, loss=-0.3269]
Epoch 48/150 [train]:   0%|          | 0/26 [00:00<?, ?it/s, S=0.4309, loss=-0.3273]
Epoch 48/150 [train]:   0%|          | 0/26 [00:00<?, ?it/s, S=0.4323, loss=-0.3315]
Epoch 48/150 [train]:   0%|          | 0/26 [00:00<?, ?it/s, S=0.4303, loss=-0.3209]
Epoch 48/150 [train]:   0%|          | 0/26 [00:00<?, ?it/s, S=0.4319, loss=-0.3247]
Epoch 48/150 [train]:  35%|███▍      | 9/26 [00:00<00:00, 85.69it/s, S=0.4319, loss=-0.3247]
Epoch 48/150 [train]:  35%|███▍      | 9/26 [00:00<00:00, 85.69it/s, S=0.4358, loss=-0.3291]
Epoch 48/150 [train]:  35%|███▍      | 9/26 [00:00<00:00, 85.69it/s, S=0.4313, loss=-0.3336]
Epoch 48/150 [train]:  35%|███▍      | 9/26 [00:00<00:00, 85.69it/s, S=0.4233, loss=-0.3159]
Epoch 48/150 [train]:  35%|███▍      | 9/26 [00:00<00:00, 85.69it/s, S=0.4263, loss=-0.3182]
Epoch 48/150 [train]:  35%|███▍      | 9/26 [00:00<00:00, 85.69it/s, S=0.4329, loss=-0.3347]
Epoch 48/150 [train]:  35%|███▍      | 9/26 [00:00<00:00, 85.69it/s, S=0.4300, loss=-0.3158]
Epoch 48/150 [train]:  35%|███▍      | 9/26 [00:00<00:00, 85.69it/s, S=0.4376, loss=-0.3326]
Epoch 48/150 [train]:  35%|███▍      | 9/26 [00:00<00:00, 85.69it/s, S=0.4383, loss=-0.3321]
Epoch 48/150 [train]:  35%|███▍      | 9/26 [00:00<00:00, 85.69it/s, S=0.4294, loss=-0.3215]
Epoch 48/150 [train]:  69%|██████▉   | 18/26 [00:00<00:00, 85.83it/s, S=0.4294, loss=-0.3215]
Epoch 48/150 [train]:  69%|██████▉   | 18/26 [00:00<00:00, 85.83it/s, S=0.4374, loss=-0.3278]
Epoch 48/150 [train]:  69%|██████▉   | 18/26 [00:00<00:00, 85.83it/s, S=0.4357, loss=-0.3376]
Epoch 48/150 [train]:  69%|██████▉   | 18/26 [00:00<00:00, 85.83it/s, S=0.4345, loss=-0.3333]
Epoch 48/150 [train]:  69%|██████▉   | 18/26 [00:00<00:00, 85.83it/s, S=0.4291, loss=-0.3298]
Epoch 48/150 [train]:  69%|██████▉   | 18/26 [00:00<00:00, 85.83it/s, S=0.4379, loss=-0.3330]
Epoch 48/150 [train]:  69%|██████▉   | 18/26 [00:00<00:00, 85.83it/s, S=0.4273, loss=-0.3132]
Epoch 48/150 [train]:  69%|██████▉   | 18/26 [00:00<00:00, 85.83it/s, S=0.4311, loss=-0.3233]
Epoch 48/150 [train]:  69%|██████▉   | 18/26 [00:00<00:00, 85.83it/s, S=0.4299, loss=-0.3235]
                                                                                             
Epoch  48/150  train loss=-0.3260  val loss=-0.3226  S[mean]=0.4551  ζ=0.3893  mean_plane_ζ=0.2887  reg=0.1325  λscale=0.38  lr=2.89e-04

Epoch 49/150 [train]:   0%|          | 0/26 [00:00<?, ?it/s]
Epoch 49/150 [train]:   0%|          | 0/26 [00:00<?, ?it/s, S=0.4392, loss=-0.3391]
Epoch 49/150 [train]:   0%|          | 0/26 [00:00<?, ?it/s, S=0.4339, loss=-0.3307]
Epoch 49/150 [train]:   0%|          | 0/26 [00:00<?, ?it/s, S=0.4362, loss=-0.3327]
Epoch 49/150 [train]:   0%|          | 0/26 [00:00<?, ?it/s, S=0.4325, loss=-0.3236]
Epoch 49/150 [train]:   0%|          | 0/26 [00:00<?, ?it/s, S=0.4353, loss=-0.3321]
Epoch 49/150 [train]:   0%|          | 0/26 [00:00<?, ?it/s, S=0.4317, loss=-0.3303]
Epoch 49/150 [train]:   0%|          | 0/26 [00:00<?, ?it/s, S=0.4229, loss=-0.3142]
Epoch 49/150 [train]:   0%|          | 0/26 [00:00<?, ?it/s, S=0.4327, loss=-0.3309]
Epoch 49/150 [train]:   0%|          | 0/26 [00:00<?, ?it/s, S=0.4314, loss=-0.3236]
Epoch 49/150 [train]:  35%|███▍      | 9/26 [00:00<00:00, 85.58it/s, S=0.4314, loss=-0.3236]
Epoch 49/150 [train]:  35%|███▍      | 9/26 [00:00<00:00, 85.58it/s, S=0.4379, loss=-0.3300]
Epoch 49/150 [train]:  35%|███▍      | 9/26 [00:00<00:00, 85.58it/s, S=0.4392, loss=-0.3352]
Epoch 49/150 [train]:  35%|███▍      | 9/26 [00:00<00:00, 85.58it/s, S=0.4384, loss=-0.3371]
Epoch 49/150 [train]:  35%|███▍      | 9/26 [00:00<00:00, 85.58it/s, S=0.4277, loss=-0.3106]
Epoch 49/150 [train]:  35%|███▍      | 9/26 [00:00<00:00, 85.58it/s, S=0.4285, loss=-0.3219]
Epoch 49/150 [train]:  35%|███▍      | 9/26 [00:00<00:00, 85.58it/s, S=0.4361, loss=-0.3266]
Epoch 49/150 [train]:  35%|███▍      | 9/26 [00:00<00:00, 85.58it/s, S=0.4339, loss=-0.3280]
Epoch 49/150 [train]:  35%|███▍      | 9/26 [00:00<00:00, 85.58it/s, S=0.4301, loss=-0.3201]
Epoch 49/150 [train]:  35%|███▍      | 9/26 [00:00<00:00, 85.58it/s, S=0.4365, loss=-0.3335]
Epoch 49/150 [train]:  69%|██████▉   | 18/26 [00:00<00:00, 85.46it/s, S=0.4365, loss=-0.3335]
Epoch 49/150 [train]:  69%|██████▉   | 18/26 [00:00<00:00, 85.46it/s, S=0.4395, loss=-0.3294]
Epoch 49/150 [train]:  69%|██████▉   | 18/26 [00:00<00:00, 85.46it/s, S=0.4403, loss=-0.3382]
Epoch 49/150 [train]:  69%|██████▉   | 18/26 [00:00<00:00, 85.46it/s, S=0.4386, loss=-0.3350]
Epoch 49/150 [train]:  69%|██████▉   | 18/26 [00:00<00:00, 85.46it/s, S=0.4386, loss=-0.3366]
Epoch 49/150 [train]:  69%|██████▉   | 18/26 [00:00<00:00, 85.46it/s, S=0.4309, loss=-0.3246]
Epoch 49/150 [train]:  69%|██████▉   | 18/26 [00:00<00:00, 85.46it/s, S=0.4338, loss=-0.3311]
Epoch 49/150 [train]:  69%|██████▉   | 18/26 [00:00<00:00, 85.46it/s, S=0.4315, loss=-0.3304]
Epoch 49/150 [train]:  69%|██████▉   | 18/26 [00:00<00:00, 85.46it/s, S=0.4352, loss=-0.3336]
                                                                                             
Epoch  49/150  train loss=-0.3292  val loss=-0.3244  S[mean]=0.4569  ζ=0.3901  mean_plane_ζ=0.2892  reg=0.1325  λscale=0.39  lr=2.70e-04

Epoch 50/150 [train]:   0%|          | 0/26 [00:00<?, ?it/s]
Epoch 50/150 [train]:   0%|          | 0/26 [00:00<?, ?it/s, S=0.4328, loss=-0.3205]
Epoch 50/150 [train]:   0%|          | 0/26 [00:00<?, ?it/s, S=0.4340, loss=-0.3299]
Epoch 50/150 [train]:   0%|          | 0/26 [00:00<?, ?it/s, S=0.4432, loss=-0.3408]
Epoch 50/150 [train]:   0%|          | 0/26 [00:00<?, ?it/s, S=0.4376, loss=-0.3300]
Epoch 50/150 [train]:   0%|          | 0/26 [00:00<?, ?it/s, S=0.4325, loss=-0.3216]
Epoch 50/150 [train]:   0%|          | 0/26 [00:00<?, ?it/s, S=0.4408, loss=-0.3404]
Epoch 50/150 [train]:   0%|          | 0/26 [00:00<?, ?it/s, S=0.4389, loss=-0.3374]
Epoch 50/150 [train]:   0%|          | 0/26 [00:00<?, ?it/s, S=0.4436, loss=-0.3389]
Epoch 50/150 [train]:   0%|          | 0/26 [00:00<?, ?it/s, S=0.4429, loss=-0.3365]
Epoch 50/150 [train]:  35%|███▍      | 9/26 [00:00<00:00, 85.54it/s, S=0.4429, loss=-0.3365]
Epoch 50/150 [train]:  35%|███▍      | 9/26 [00:00<00:00, 85.54it/s, S=0.4372, loss=-0.3296]
Epoch 50/150 [train]:  35%|███▍      | 9/26 [00:00<00:00, 85.54it/s, S=0.4323, loss=-0.3269]
Epoch 50/150 [train]:  35%|███▍      | 9/26 [00:00<00:00, 85.54it/s, S=0.4380, loss=-0.3348]
Epoch 50/150 [train]:  35%|███▍      | 9/26 [00:00<00:00, 85.54it/s, S=0.4353, loss=-0.3256]
Epoch 50/150 [train]:  35%|███▍      | 9/26 [00:00<00:00, 85.54it/s, S=0.4369, loss=-0.3356]
Epoch 50/150 [train]:  35%|███▍      | 9/26 [00:00<00:00, 85.54it/s, S=0.4414, loss=-0.3422]
Epoch 50/150 [train]:  35%|███▍      | 9/26 [00:00<00:00, 85.54it/s, S=0.4332, loss=-0.3282]
Epoch 50/150 [train]:  35%|███▍      | 9/26 [00:00<00:00, 85.54it/s, S=0.4303, loss=-0.3282]
Epoch 50/150 [train]:  35%|███▍      | 9/26 [00:00<00:00, 85.54it/s, S=0.4322, loss=-0.3303]
Epoch 50/150 [train]:  69%|██████▉   | 18/26 [00:00<00:00, 85.79it/s, S=0.4322, loss=-0.3303]
Epoch 50/150 [train]:  69%|██████▉   | 18/26 [00:00<00:00, 85.79it/s, S=0.4364, loss=-0.3357]
Epoch 50/150 [train]:  69%|██████▉   | 18/26 [00:00<00:00, 85.79it/s, S=0.4349, loss=-0.3312]
Epoch 50/150 [train]:  69%|██████▉   | 18/26 [00:00<00:00, 85.79it/s, S=0.4409, loss=-0.3248]
Epoch 50/150 [train]:  69%|██████▉   | 18/26 [00:00<00:00, 85.79it/s, S=0.4354, loss=-0.3295]
Epoch 50/150 [train]:  69%|██████▉   | 18/26 [00:00<00:00, 85.79it/s, S=0.4322, loss=-0.3222]
Epoch 50/150 [train]:  69%|██████▉   | 18/26 [00:00<00:00, 85.79it/s, S=0.4339, loss=-0.3302]
Epoch 50/150 [train]:  69%|██████▉   | 18/26 [00:00<00:00, 85.79it/s, S=0.4394, loss=-0.3306]
Epoch 50/150 [train]:  69%|██████▉   | 18/26 [00:00<00:00, 85.79it/s, S=0.4356, loss=-0.3300]
                                                                                             
Epoch  50/150  train loss=-0.3312  val loss=-0.3240  S[mean]=0.4584  ζ=0.3900  mean_plane_ζ=0.2895  reg=0.1345  λscale=0.40  lr=2.50e-04

Epoch 51/150 [train]:   0%|          | 0/26 [00:00<?, ?it/s]
Epoch 51/150 [train]:   0%|          | 0/26 [00:00<?, ?it/s, S=0.4332, loss=-0.3287]
Epoch 51/150 [train]:   0%|          | 0/26 [00:00<?, ?it/s, S=0.4365, loss=-0.3240]
Epoch 51/150 [train]:   0%|          | 0/26 [00:00<?, ?it/s, S=0.4340, loss=-0.3246]
Epoch 51/150 [train]:   0%|          | 0/26 [00:00<?, ?it/s, S=0.4375, loss=-0.3352]
Epoch 51/150 [train]:   0%|          | 0/26 [00:00<?, ?it/s, S=0.4376, loss=-0.3331]
Epoch 51/150 [train]:   0%|          | 0/26 [00:00<?, ?it/s, S=0.4439, loss=-0.3425]
Epoch 51/150 [train]:   0%|          | 0/26 [00:00<?, ?it/s, S=0.4373, loss=-0.3340]
Epoch 51/150 [train]:   0%|          | 0/26 [00:00<?, ?it/s, S=0.4469, loss=-0.3442]
Epoch 51/150 [train]:   0%|          | 0/26 [00:00<?, ?it/s, S=0.4323, loss=-0.3185]
Epoch 51/150 [train]:  35%|███▍      | 9/26 [00:00<00:00, 85.53it/s, S=0.4323, loss=-0.3185]
Epoch 51/150 [train]:  35%|███▍      | 9/26 [00:00<00:00, 85.53it/s, S=0.4340, loss=-0.3257]
Epoch 51/150 [train]:  35%|███▍      | 9/26 [00:00<00:00, 85.53it/s, S=0.4355, loss=-0.3267]
Epoch 51/150 [train]:  35%|███▍      | 9/26 [00:00<00:00, 85.53it/s, S=0.4303, loss=-0.3260]
Epoch 51/150 [train]:  35%|███▍      | 9/26 [00:00<00:00, 85.53it/s, S=0.4320, loss=-0.3269]
Epoch 51/150 [train]:  35%|███▍      | 9/26 [00:00<00:00, 85.53it/s, S=0.4411, loss=-0.3422]
Epoch 51/150 [train]:  35%|███▍      | 9/26 [00:00<00:00, 85.53it/s, S=0.4342, loss=-0.3248]
Epoch 51/150 [train]:  35%|███▍      | 9/26 [00:00<00:00, 85.53it/s, S=0.4348, loss=-0.3336]
Epoch 51/150 [train]:  35%|███▍      | 9/26 [00:00<00:00, 85.53it/s, S=0.4382, loss=-0.3328]
Epoch 51/150 [train]:  35%|███▍      | 9/26 [00:00<00:00, 85.53it/s, S=0.4312, loss=-0.3310]
Epoch 51/150 [train]:  69%|██████▉   | 18/26 [00:00<00:00, 85.78it/s, S=0.4312, loss=-0.3310]
Epoch 51/150 [train]:  69%|██████▉   | 18/26 [00:00<00:00, 85.78it/s, S=0.4432, loss=-0.3416]
Epoch 51/150 [train]:  69%|██████▉   | 18/26 [00:00<00:00, 85.78it/s, S=0.4389, loss=-0.3293]
Epoch 51/150 [train]:  69%|██████▉   | 18/26 [00:00<00:00, 85.78it/s, S=0.4361, loss=-0.3341]
Epoch 51/150 [train]:  69%|██████▉   | 18/26 [00:00<00:00, 85.78it/s, S=0.4346, loss=-0.3292]
Epoch 51/150 [train]:  69%|██████▉   | 18/26 [00:00<00:00, 85.78it/s, S=0.4404, loss=-0.3395]
Epoch 51/150 [train]:  69%|██████▉   | 18/26 [00:00<00:00, 85.78it/s, S=0.4344, loss=-0.3136]
Epoch 51/150 [train]:  69%|██████▉   | 18/26 [00:00<00:00, 85.78it/s, S=0.4413, loss=-0.3367]
Epoch 51/150 [train]:  69%|██████▉   | 18/26 [00:00<00:00, 85.78it/s, S=0.4375, loss=-0.3247]
                                                                                             
Epoch  51/150  train loss=-0.3309  val loss=-0.3234  S[mean]=0.4592  ζ=0.3903  mean_plane_ζ=0.2897  reg=0.1358  λscale=0.40  lr=2.30e-04

Epoch 52/150 [train]:   0%|          | 0/26 [00:00<?, ?it/s]
Epoch 52/150 [train]:   0%|          | 0/26 [00:00<?, ?it/s, S=0.4366, loss=-0.3315]
Epoch 52/150 [train]:   0%|          | 0/26 [00:00<?, ?it/s, S=0.4368, loss=-0.3249]
Epoch 52/150 [train]:   0%|          | 0/26 [00:00<?, ?it/s, S=0.4365, loss=-0.3272]
Epoch 52/150 [train]:   0%|          | 0/26 [00:00<?, ?it/s, S=0.4388, loss=-0.3322]
Epoch 52/150 [train]:   0%|          | 0/26 [00:00<?, ?it/s, S=0.4417, loss=-0.3328]
Epoch 52/150 [train]:   0%|          | 0/26 [00:00<?, ?it/s, S=0.4351, loss=-0.3328]
Epoch 52/150 [train]:   0%|          | 0/26 [00:00<?, ?it/s, S=0.4428, loss=-0.3373]
Epoch 52/150 [train]:   0%|          | 0/26 [00:00<?, ?it/s, S=0.4412, loss=-0.3419]
Epoch 52/150 [train]:   0%|          | 0/26 [00:00<?, ?it/s, S=0.4309, loss=-0.3209]
Epoch 52/150 [train]:  35%|███▍      | 9/26 [00:00<00:00, 85.75it/s, S=0.4309, loss=-0.3209]
Epoch 52/150 [train]:  35%|███▍      | 9/26 [00:00<00:00, 85.75it/s, S=0.4367, loss=-0.3242]
Epoch 52/150 [train]:  35%|███▍      | 9/26 [00:00<00:00, 85.75it/s, S=0.4402, loss=-0.3296]
Epoch 52/150 [train]:  35%|███▍      | 9/26 [00:00<00:00, 85.75it/s, S=0.4438, loss=-0.3408]
Epoch 52/150 [train]:  35%|███▍      | 9/26 [00:00<00:00, 85.75it/s, S=0.4250, loss=-0.3121]
Epoch 52/150 [train]:  35%|███▍      | 9/26 [00:00<00:00, 85.75it/s, S=0.4346, loss=-0.3253]
Epoch 52/150 [train]:  35%|███▍      | 9/26 [00:00<00:00, 85.75it/s, S=0.4389, loss=-0.3271]
Epoch 52/150 [train]:  35%|███▍      | 9/26 [00:00<00:00, 85.75it/s, S=0.4396, loss=-0.3367]
Epoch 52/150 [train]:  35%|███▍      | 9/26 [00:00<00:00, 85.75it/s, S=0.4336, loss=-0.3329]
Epoch 52/150 [train]:  35%|███▍      | 9/26 [00:00<00:00, 85.75it/s, S=0.4382, loss=-0.3268]
Epoch 52/150 [train]:  69%|██████▉   | 18/26 [00:00<00:00, 85.90it/s, S=0.4382, loss=-0.3268]
Epoch 52/150 [train]:  69%|██████▉   | 18/26 [00:00<00:00, 85.90it/s, S=0.4423, loss=-0.3395]
Epoch 52/150 [train]:  69%|██████▉   | 18/26 [00:00<00:00, 85.90it/s, S=0.4399, loss=-0.3384]
Epoch 52/150 [train]:  69%|██████▉   | 18/26 [00:00<00:00, 85.90it/s, S=0.4362, loss=-0.3246]
Epoch 52/150 [train]:  69%|██████▉   | 18/26 [00:00<00:00, 85.90it/s, S=0.4424, loss=-0.3332]
Epoch 52/150 [train]:  69%|██████▉   | 18/26 [00:00<00:00, 85.90it/s, S=0.4430, loss=-0.3400]
Epoch 52/150 [train]:  69%|██████▉   | 18/26 [00:00<00:00, 85.90it/s, S=0.4471, loss=-0.3410]
Epoch 52/150 [train]:  69%|██████▉   | 18/26 [00:00<00:00, 85.90it/s, S=0.4419, loss=-0.3355]
Epoch 52/150 [train]:  69%|██████▉   | 18/26 [00:00<00:00, 85.90it/s, S=0.4424, loss=-0.3353]
                                                                                             
Epoch  52/150  train loss=-0.3317  val loss=-0.3228  S[mean]=0.4594  ζ=0.3899  mean_plane_ζ=0.2894  reg=0.1366  λscale=0.41  lr=2.11e-04

Epoch 53/150 [train]:   0%|          | 0/26 [00:00<?, ?it/s]
Epoch 53/150 [train]:   0%|          | 0/26 [00:00<?, ?it/s, S=0.4439, loss=-0.3369]
Epoch 53/150 [train]:   0%|          | 0/26 [00:00<?, ?it/s, S=0.4395, loss=-0.3363]
Epoch 53/150 [train]:   0%|          | 0/26 [00:00<?, ?it/s, S=0.4400, loss=-0.3279]
Epoch 53/150 [train]:   0%|          | 0/26 [00:00<?, ?it/s, S=0.4385, loss=-0.3305]
Epoch 53/150 [train]:   0%|          | 0/26 [00:00<?, ?it/s, S=0.4397, loss=-0.3289]
Epoch 53/150 [train]:   0%|          | 0/26 [00:00<?, ?it/s, S=0.4327, loss=-0.3245]
Epoch 53/150 [train]:   0%|          | 0/26 [00:00<?, ?it/s, S=0.4379, loss=-0.3279]
Epoch 53/150 [train]:   0%|          | 0/26 [00:00<?, ?it/s, S=0.4363, loss=-0.3345]
Epoch 53/150 [train]:   0%|          | 0/26 [00:00<?, ?it/s, S=0.4410, loss=-0.3190]
Epoch 53/150 [train]:  35%|███▍      | 9/26 [00:00<00:00, 85.63it/s, S=0.4410, loss=-0.3190]
Epoch 53/150 [train]:  35%|███▍      | 9/26 [00:00<00:00, 85.63it/s, S=0.4395, loss=-0.3228]
Epoch 53/150 [train]:  35%|███▍      | 9/26 [00:00<00:00, 85.63it/s, S=0.4464, loss=-0.3422]
Epoch 53/150 [train]:  35%|███▍      | 9/26 [00:00<00:00, 85.63it/s, S=0.4314, loss=-0.3300]
Epoch 53/150 [train]:  35%|███▍      | 9/26 [00:00<00:00, 85.63it/s, S=0.4373, loss=-0.3310]
Epoch 53/150 [train]:  35%|███▍      | 9/26 [00:00<00:00, 85.63it/s, S=0.4407, loss=-0.3325]
Epoch 53/150 [train]:  35%|███▍      | 9/26 [00:00<00:00, 85.63it/s, S=0.4397, loss=-0.3323]
Epoch 53/150 [train]:  35%|███▍      | 9/26 [00:00<00:00, 85.63it/s, S=0.4401, loss=-0.3348]
Epoch 53/150 [train]:  35%|███▍      | 9/26 [00:00<00:00, 85.63it/s, S=0.4328, loss=-0.3297]
Epoch 53/150 [train]:  35%|███▍      | 9/26 [00:00<00:00, 85.63it/s, S=0.4440, loss=-0.3387]
Epoch 53/150 [train]:  69%|██████▉   | 18/26 [00:00<00:00, 85.80it/s, S=0.4440, loss=-0.3387]
Epoch 53/150 [train]:  69%|██████▉   | 18/26 [00:00<00:00, 85.80it/s, S=0.4410, loss=-0.3361]
Epoch 53/150 [train]:  69%|██████▉   | 18/26 [00:00<00:00, 85.80it/s, S=0.4335, loss=-0.3323]
Epoch 53/150 [train]:  69%|██████▉   | 18/26 [00:00<00:00, 85.80it/s, S=0.4327, loss=-0.3109]
Epoch 53/150 [train]:  69%|██████▉   | 18/26 [00:00<00:00, 85.80it/s, S=0.4363, loss=-0.3229]
Epoch 53/150 [train]:  69%|██████▉   | 18/26 [00:00<00:00, 85.80it/s, S=0.4313, loss=-0.3180]
Epoch 53/150 [train]:  69%|██████▉   | 18/26 [00:00<00:00, 85.80it/s, S=0.4427, loss=-0.3407]
Epoch 53/150 [train]:  69%|██████▉   | 18/26 [00:00<00:00, 85.80it/s, S=0.4329, loss=-0.3199]
Epoch 53/150 [train]:  69%|██████▉   | 18/26 [00:00<00:00, 85.80it/s, S=0.4372, loss=-0.3304]
                                                                                             
Epoch  53/150  train loss=-0.3297  val loss=-0.3225  S[mean]=0.4602  ζ=0.3896  mean_plane_ζ=0.2894  reg=0.1377  λscale=0.41  lr=1.92e-04

Epoch 54/150 [train]:   0%|          | 0/26 [00:00<?, ?it/s]
Epoch 54/150 [train]:   0%|          | 0/26 [00:00<?, ?it/s, S=0.4342, loss=-0.3238]
Epoch 54/150 [train]:   0%|          | 0/26 [00:00<?, ?it/s, S=0.4369, loss=-0.3270]
Epoch 54/150 [train]:   0%|          | 0/26 [00:00<?, ?it/s, S=0.4320, loss=-0.3102]
Epoch 54/150 [train]:   0%|          | 0/26 [00:00<?, ?it/s, S=0.4355, loss=-0.3282]
Epoch 54/150 [train]:   0%|          | 0/26 [00:00<?, ?it/s, S=0.4403, loss=-0.3226]
Epoch 54/150 [train]:   0%|          | 0/26 [00:00<?, ?it/s, S=0.4384, loss=-0.3315]
Epoch 54/150 [train]:   0%|          | 0/26 [00:00<?, ?it/s, S=0.4384, loss=-0.3366]
Epoch 54/150 [train]:   0%|          | 0/26 [00:00<?, ?it/s, S=0.4395, loss=-0.3261]
Epoch 54/150 [train]:   0%|          | 0/26 [00:00<?, ?it/s, S=0.4379, loss=-0.3254]
Epoch 54/150 [train]:  35%|███▍      | 9/26 [00:00<00:00, 85.65it/s, S=0.4379, loss=-0.3254]
Epoch 54/150 [train]:  35%|███▍      | 9/26 [00:00<00:00, 85.65it/s, S=0.4391, loss=-0.3331]
Epoch 54/150 [train]:  35%|███▍      | 9/26 [00:00<00:00, 85.65it/s, S=0.4425, loss=-0.3351]
Epoch 54/150 [train]:  35%|███▍      | 9/26 [00:00<00:00, 85.65it/s, S=0.4396, loss=-0.3312]
Epoch 54/150 [train]:  35%|███▍      | 9/26 [00:00<00:00, 85.65it/s, S=0.4400, loss=-0.3294]
Epoch 54/150 [train]:  35%|███▍      | 9/26 [00:00<00:00, 85.65it/s, S=0.4431, loss=-0.3334]
Epoch 54/150 [train]:  35%|███▍      | 9/26 [00:00<00:00, 85.65it/s, S=0.4424, loss=-0.3366]
Epoch 54/150 [train]:  35%|███▍      | 9/26 [00:00<00:00, 85.65it/s, S=0.4385, loss=-0.3213]
Epoch 54/150 [train]:  35%|███▍      | 9/26 [00:00<00:00, 85.65it/s, S=0.4421, loss=-0.3380]
Epoch 54/150 [train]:  35%|███▍      | 9/26 [00:00<00:00, 85.65it/s, S=0.4370, loss=-0.3295]
Epoch 54/150 [train]:  69%|██████▉   | 18/26 [00:00<00:00, 85.75it/s, S=0.4370, loss=-0.3295]
Epoch 54/150 [train]:  69%|██████▉   | 18/26 [00:00<00:00, 85.75it/s, S=0.4420, loss=-0.3366]
Epoch 54/150 [train]:  69%|██████▉   | 18/26 [00:00<00:00, 85.75it/s, S=0.4407, loss=-0.3379]
Epoch 54/150 [train]:  69%|██████▉   | 18/26 [00:00<00:00, 85.75it/s, S=0.4343, loss=-0.3231]
Epoch 54/150 [train]:  69%|██████▉   | 18/26 [00:00<00:00, 85.75it/s, S=0.4428, loss=-0.3319]
Epoch 54/150 [train]:  69%|██████▉   | 18/26 [00:00<00:00, 85.75it/s, S=0.4390, loss=-0.3314]
Epoch 54/150 [train]:  69%|██████▉   | 18/26 [00:00<00:00, 85.75it/s, S=0.4340, loss=-0.3114]
Epoch 54/150 [train]:  69%|██████▉   | 18/26 [00:00<00:00, 85.75it/s, S=0.4391, loss=-0.3314]
Epoch 54/150 [train]:  69%|██████▉   | 18/26 [00:00<00:00, 85.75it/s, S=0.4381, loss=-0.3332]
                                                                                             
Epoch  54/150  train loss=-0.3291  val loss=-0.3213  S[mean]=0.4600  ζ=0.3890  mean_plane_ζ=0.2893  reg=0.1387  λscale=0.42  lr=1.73e-04

Epoch 55/150 [train]:   0%|          | 0/26 [00:00<?, ?it/s]
Epoch 55/150 [train]:   0%|          | 0/26 [00:00<?, ?it/s, S=0.4420, loss=-0.3363]
Epoch 55/150 [train]:   0%|          | 0/26 [00:00<?, ?it/s, S=0.4407, loss=-0.3342]
Epoch 55/150 [train]:   0%|          | 0/26 [00:00<?, ?it/s, S=0.4332, loss=-0.3210]
Epoch 55/150 [train]:   0%|          | 0/26 [00:00<?, ?it/s, S=0.4351, loss=-0.3286]
Epoch 55/150 [train]:   0%|          | 0/26 [00:00<?, ?it/s, S=0.4372, loss=-0.3308]
Epoch 55/150 [train]:   0%|          | 0/26 [00:00<?, ?it/s, S=0.4351, loss=-0.3216]
Epoch 55/150 [train]:   0%|          | 0/26 [00:00<?, ?it/s, S=0.4478, loss=-0.3454]
Epoch 55/150 [train]:   0%|          | 0/26 [00:00<?, ?it/s, S=0.4304, loss=-0.3160]
Epoch 55/150 [train]:   0%|          | 0/26 [00:00<?, ?it/s, S=0.4373, loss=-0.3312]
Epoch 55/150 [train]:  35%|███▍      | 9/26 [00:00<00:00, 85.71it/s, S=0.4373, loss=-0.3312]
Epoch 55/150 [train]:  35%|███▍      | 9/26 [00:00<00:00, 85.71it/s, S=0.4336, loss=-0.3267]
Epoch 55/150 [train]:  35%|███▍      | 9/26 [00:00<00:00, 85.71it/s, S=0.4392, loss=-0.3295]
Epoch 55/150 [train]:  35%|███▍      | 9/26 [00:00<00:00, 85.71it/s, S=0.4422, loss=-0.3332]
Epoch 55/150 [train]:  35%|███▍      | 9/26 [00:00<00:00, 85.71it/s, S=0.4483, loss=-0.3413]
Epoch 55/150 [train]:  35%|███▍      | 9/26 [00:00<00:00, 85.71it/s, S=0.4431, loss=-0.3344]
Epoch 55/150 [train]:  35%|███▍      | 9/26 [00:00<00:00, 85.71it/s, S=0.4434, loss=-0.3285]
Epoch 55/150 [train]:  35%|███▍      | 9/26 [00:00<00:00, 85.71it/s, S=0.4431, loss=-0.3372]
Epoch 55/150 [train]:  35%|███▍      | 9/26 [00:00<00:00, 85.71it/s, S=0.4458, loss=-0.3384]
Epoch 55/150 [train]:  35%|███▍      | 9/26 [00:00<00:00, 85.71it/s, S=0.4415, loss=-0.3334]
Epoch 55/150 [train]:  69%|██████▉   | 18/26 [00:00<00:00, 85.87it/s, S=0.4415, loss=-0.3334]
Epoch 55/150 [train]:  69%|██████▉   | 18/26 [00:00<00:00, 85.87it/s, S=0.4375, loss=-0.3302]
Epoch 55/150 [train]:  69%|██████▉   | 18/26 [00:00<00:00, 85.87it/s, S=0.4401, loss=-0.3212]
Epoch 55/150 [train]:  69%|██████▉   | 18/26 [00:00<00:00, 85.87it/s, S=0.4399, loss=-0.3184]
Epoch 55/150 [train]:  69%|██████▉   | 18/26 [00:00<00:00, 85.87it/s, S=0.4412, loss=-0.3367]
Epoch 55/150 [train]:  69%|██████▉   | 18/26 [00:00<00:00, 85.87it/s, S=0.4351, loss=-0.3247]
Epoch 55/150 [train]:  69%|██████▉   | 18/26 [00:00<00:00, 85.87it/s, S=0.4461, loss=-0.3368]
Epoch 55/150 [train]:  69%|██████▉   | 18/26 [00:00<00:00, 85.87it/s, S=0.4431, loss=-0.3351]
Epoch 55/150 [train]:  69%|██████▉   | 18/26 [00:00<00:00, 85.87it/s, S=0.4385, loss=-0.3315]
                                                                                             
Epoch  55/150  train loss=-0.3309  val loss=-0.3206  S[mean]=0.4600  ζ=0.3890  mean_plane_ζ=0.2892  reg=0.1393  λscale=0.43  lr=1.54e-04

Epoch 56/150 [train]:   0%|          | 0/26 [00:00<?, ?it/s]
Epoch 56/150 [train]:   0%|          | 0/26 [00:00<?, ?it/s, S=0.4411, loss=-0.3350]
Epoch 56/150 [train]:   0%|          | 0/26 [00:00<?, ?it/s, S=0.4324, loss=-0.3224]
Epoch 56/150 [train]:   0%|          | 0/26 [00:00<?, ?it/s, S=0.4480, loss=-0.3402]
Epoch 56/150 [train]:   0%|          | 0/26 [00:00<?, ?it/s, S=0.4384, loss=-0.3273]
Epoch 56/150 [train]:   0%|          | 0/26 [00:00<?, ?it/s, S=0.4324, loss=-0.3279]
Epoch 56/150 [train]:   0%|          | 0/26 [00:00<?, ?it/s, S=0.4432, loss=-0.3289]
Epoch 56/150 [train]:   0%|          | 0/26 [00:00<?, ?it/s, S=0.4344, loss=-0.3264]
Epoch 56/150 [train]:   0%|          | 0/26 [00:00<?, ?it/s, S=0.4388, loss=-0.3286]
Epoch 56/150 [train]:   0%|          | 0/26 [00:00<?, ?it/s, S=0.4431, loss=-0.3384]
Epoch 56/150 [train]:  35%|███▍      | 9/26 [00:00<00:00, 85.70it/s, S=0.4431, loss=-0.3384]
Epoch 56/150 [train]:  35%|███▍      | 9/26 [00:00<00:00, 85.70it/s, S=0.4422, loss=-0.3305]
Epoch 56/150 [train]:  35%|███▍      | 9/26 [00:00<00:00, 85.70it/s, S=0.4423, loss=-0.3370]
Epoch 56/150 [train]:  35%|███▍      | 9/26 [00:00<00:00, 85.70it/s, S=0.4384, loss=-0.3240]
Epoch 56/150 [train]:  35%|███▍      | 9/26 [00:00<00:00, 85.70it/s, S=0.4428, loss=-0.3311]
Epoch 56/150 [train]:  35%|███▍      | 9/26 [00:00<00:00, 85.70it/s, S=0.4386, loss=-0.3311]
Epoch 56/150 [train]:  35%|███▍      | 9/26 [00:00<00:00, 85.70it/s, S=0.4485, loss=-0.3382]
Epoch 56/150 [train]:  35%|███▍      | 9/26 [00:00<00:00, 85.70it/s, S=0.4366, loss=-0.3267]
Epoch 56/150 [train]:  35%|███▍      | 9/26 [00:00<00:00, 85.70it/s, S=0.4399, loss=-0.3337]
Epoch 56/150 [train]:  35%|███▍      | 9/26 [00:00<00:00, 85.70it/s, S=0.4355, loss=-0.2874]
Epoch 56/150 [train]:  69%|██████▉   | 18/26 [00:00<00:00, 85.53it/s, S=0.4355, loss=-0.2874]
Epoch 56/150 [train]:  69%|██████▉   | 18/26 [00:00<00:00, 85.53it/s, S=0.4441, loss=-0.3386]
Epoch 56/150 [train]:  69%|██████▉   | 18/26 [00:00<00:00, 85.53it/s, S=0.4422, loss=-0.3330]
Epoch 56/150 [train]:  69%|██████▉   | 18/26 [00:00<00:00, 85.53it/s, S=0.4483, loss=-0.3444]
Epoch 56/150 [train]:  69%|██████▉   | 18/26 [00:00<00:00, 85.53it/s, S=0.4441, loss=-0.3350]
Epoch 56/150 [train]:  69%|██████▉   | 18/26 [00:00<00:00, 85.53it/s, S=0.4419, loss=-0.3331]
Epoch 56/150 [train]:  69%|██████▉   | 18/26 [00:00<00:00, 85.53it/s, S=0.4391, loss=-0.3241]
Epoch 56/150 [train]:  69%|██████▉   | 18/26 [00:00<00:00, 85.53it/s, S=0.4424, loss=-0.3384]
Epoch 56/150 [train]:  69%|██████▉   | 18/26 [00:00<00:00, 85.53it/s, S=0.4360, loss=-0.3275]
                                                                                             
Epoch  56/150  train loss=-0.3303  val loss=-0.3198  S[mean]=0.4602  ζ=0.3882  mean_plane_ζ=0.2888  reg=0.1404  λscale=0.43  lr=1.37e-04

Epoch 57/150 [train]:   0%|          | 0/26 [00:00<?, ?it/s]
Epoch 57/150 [train]:   0%|          | 0/26 [00:00<?, ?it/s, S=0.4399, loss=-0.3312]
Epoch 57/150 [train]:   0%|          | 0/26 [00:00<?, ?it/s, S=0.4353, loss=-0.3168]
Epoch 57/150 [train]:   0%|          | 0/26 [00:00<?, ?it/s, S=0.4400, loss=-0.3300]
Epoch 57/150 [train]:   0%|          | 0/26 [00:00<?, ?it/s, S=0.4473, loss=-0.3330]
Epoch 57/150 [train]:   0%|          | 0/26 [00:00<?, ?it/s, S=0.4386, loss=-0.3239]
Epoch 57/150 [train]:   0%|          | 0/26 [00:00<?, ?it/s, S=0.4415, loss=-0.3334]
Epoch 57/150 [train]:   0%|          | 0/26 [00:00<?, ?it/s, S=0.4410, loss=-0.3357]
Epoch 57/150 [train]:   0%|          | 0/26 [00:00<?, ?it/s, S=0.4432, loss=-0.3355]
Epoch 57/150 [train]:   0%|          | 0/26 [00:00<?, ?it/s, S=0.4403, loss=-0.3330]
Epoch 57/150 [train]:  35%|███▍      | 9/26 [00:00<00:00, 85.87it/s, S=0.4403, loss=-0.3330]
Epoch 57/150 [train]:  35%|███▍      | 9/26 [00:00<00:00, 85.87it/s, S=0.4279, loss=-0.3148]
Epoch 57/150 [train]:  35%|███▍      | 9/26 [00:00<00:00, 85.87it/s, S=0.4448, loss=-0.3355]
Epoch 57/150 [train]:  35%|███▍      | 9/26 [00:00<00:00, 85.87it/s, S=0.4379, loss=-0.3206]
Epoch 57/150 [train]:  35%|███▍      | 9/26 [00:00<00:00, 85.87it/s, S=0.4373, loss=-0.3278]
Epoch 57/150 [train]:  35%|███▍      | 9/26 [00:00<00:00, 85.87it/s, S=0.4405, loss=-0.3319]
Epoch 57/150 [train]:  35%|███▍      | 9/26 [00:00<00:00, 85.87it/s, S=0.4363, loss=-0.3169]
Epoch 57/150 [train]:  35%|███▍      | 9/26 [00:00<00:00, 85.87it/s, S=0.4437, loss=-0.3254]
Epoch 57/150 [train]:  35%|███▍      | 9/26 [00:00<00:00, 85.87it/s, S=0.4429, loss=-0.3340]
Epoch 57/150 [train]:  35%|███▍      | 9/26 [00:00<00:00, 85.87it/s, S=0.4415, loss=-0.3221]
Epoch 57/150 [train]:  69%|██████▉   | 18/26 [00:00<00:00, 85.81it/s, S=0.4415, loss=-0.3221]
Epoch 57/150 [train]:  69%|██████▉   | 18/26 [00:00<00:00, 85.81it/s, S=0.4326, loss=-0.3170]
Epoch 57/150 [train]:  69%|██████▉   | 18/26 [00:00<00:00, 85.81it/s, S=0.4355, loss=-0.3197]
Epoch 57/150 [train]:  69%|██████▉   | 18/26 [00:00<00:00, 85.81it/s, S=0.4445, loss=-0.3360]
Epoch 57/150 [train]:  69%|██████▉   | 18/26 [00:00<00:00, 85.81it/s, S=0.4337, loss=-0.3114]
Epoch 57/150 [train]:  69%|██████▉   | 18/26 [00:00<00:00, 85.81it/s, S=0.4438, loss=-0.3383]
Epoch 57/150 [train]:  69%|██████▉   | 18/26 [00:00<00:00, 85.81it/s, S=0.4467, loss=-0.3333]
Epoch 57/150 [train]:  69%|██████▉   | 18/26 [00:00<00:00, 85.81it/s, S=0.4379, loss=-0.3281]
Epoch 57/150 [train]:  69%|██████▉   | 18/26 [00:00<00:00, 85.81it/s, S=0.4391, loss=-0.3195]
                                                                                             
Epoch  57/150  train loss=-0.3271  val loss=-0.3184  S[mean]=0.4602  ζ=0.3881  mean_plane_ζ=0.2890  reg=0.1418  λscale=0.44  lr=1.19e-04

Epoch 58/150 [train]:   0%|          | 0/26 [00:00<?, ?it/s]
Epoch 58/150 [train]:   0%|          | 0/26 [00:00<?, ?it/s, S=0.4424, loss=-0.3304]
Epoch 58/150 [train]:   0%|          | 0/26 [00:00<?, ?it/s, S=0.4392, loss=-0.3287]
Epoch 58/150 [train]:   0%|          | 0/26 [00:00<?, ?it/s, S=0.4339, loss=-0.3149]
Epoch 58/150 [train]:   0%|          | 0/26 [00:00<?, ?it/s, S=0.4415, loss=-0.3270]
Epoch 58/150 [train]:   0%|          | 0/26 [00:00<?, ?it/s, S=0.4365, loss=-0.3296]
Epoch 58/150 [train]:   0%|          | 0/26 [00:00<?, ?it/s, S=0.4384, loss=-0.3237]
Epoch 58/150 [train]:   0%|          | 0/26 [00:00<?, ?it/s, S=0.4480, loss=-0.3431]
Epoch 58/150 [train]:   0%|          | 0/26 [00:00<?, ?it/s, S=0.4423, loss=-0.3336]
Epoch 58/150 [train]:   0%|          | 0/26 [00:00<?, ?it/s, S=0.4377, loss=-0.3265]
Epoch 58/150 [train]:  35%|███▍      | 9/26 [00:00<00:00, 85.25it/s, S=0.4377, loss=-0.3265]
Epoch 58/150 [train]:  35%|███▍      | 9/26 [00:00<00:00, 85.25it/s, S=0.4402, loss=-0.3313]
Epoch 58/150 [train]:  35%|███▍      | 9/26 [00:00<00:00, 85.25it/s, S=0.4446, loss=-0.3334]
Epoch 58/150 [train]:  35%|███▍      | 9/26 [00:00<00:00, 85.25it/s, S=0.4406, loss=-0.3231]
Epoch 58/150 [train]:  35%|███▍      | 9/26 [00:00<00:00, 85.25it/s, S=0.4471, loss=-0.3343]
Epoch 58/150 [train]:  35%|███▍      | 9/26 [00:00<00:00, 85.25it/s, S=0.4397, loss=-0.3239]
Epoch 58/150 [train]:  35%|███▍      | 9/26 [00:00<00:00, 85.25it/s, S=0.4402, loss=-0.3300]
Epoch 58/150 [train]:  35%|███▍      | 9/26 [00:00<00:00, 85.25it/s, S=0.4465, loss=-0.3338]
Epoch 58/150 [train]:  35%|███▍      | 9/26 [00:00<00:00, 85.25it/s, S=0.4407, loss=-0.3315]
Epoch 58/150 [train]:  35%|███▍      | 9/26 [00:00<00:00, 85.25it/s, S=0.4406, loss=-0.3335]
Epoch 58/150 [train]:  69%|██████▉   | 18/26 [00:00<00:00, 85.62it/s, S=0.4406, loss=-0.3335]
Epoch 58/150 [train]:  69%|██████▉   | 18/26 [00:00<00:00, 85.62it/s, S=0.4378, loss=-0.3301]
Epoch 58/150 [train]:  69%|██████▉   | 18/26 [00:00<00:00, 85.62it/s, S=0.4389, loss=-0.3284]
Epoch 58/150 [train]:  69%|██████▉   | 18/26 [00:00<00:00, 85.62it/s, S=0.4465, loss=-0.3345]
Epoch 58/150 [train]:  69%|██████▉   | 18/26 [00:00<00:00, 85.62it/s, S=0.4358, loss=-0.3213]
Epoch 58/150 [train]:  69%|██████▉   | 18/26 [00:00<00:00, 85.62it/s, S=0.4378, loss=-0.3306]
Epoch 58/150 [train]:  69%|██████▉   | 18/26 [00:00<00:00, 85.62it/s, S=0.4400, loss=-0.3337]
Epoch 58/150 [train]:  69%|██████▉   | 18/26 [00:00<00:00, 85.62it/s, S=0.4388, loss=-0.3339]
Epoch 58/150 [train]:  69%|██████▉   | 18/26 [00:00<00:00, 85.62it/s, S=0.4376, loss=-0.3267]
                                                                                             
Epoch  58/150  train loss=-0.3297  val loss=-0.3176  S[mean]=0.4608  ζ=0.3881  mean_plane_ζ=0.2886  reg=0.1432  λscale=0.44  lr=1.03e-04

Epoch 59/150 [train]:   0%|          | 0/26 [00:00<?, ?it/s]
Epoch 59/150 [train]:   0%|          | 0/26 [00:00<?, ?it/s, S=0.4418, loss=-0.3290]
Epoch 59/150 [train]:   0%|          | 0/26 [00:00<?, ?it/s, S=0.4459, loss=-0.3353]
Epoch 59/150 [train]:   0%|          | 0/26 [00:00<?, ?it/s, S=0.4375, loss=-0.3226]
Epoch 59/150 [train]:   0%|          | 0/26 [00:00<?, ?it/s, S=0.4439, loss=-0.3296]
Epoch 59/150 [train]:   0%|          | 0/26 [00:00<?, ?it/s, S=0.4415, loss=-0.3143]
Epoch 59/150 [train]:   0%|          | 0/26 [00:00<?, ?it/s, S=0.4426, loss=-0.3374]
Epoch 59/150 [train]:   0%|          | 0/26 [00:00<?, ?it/s, S=0.4379, loss=-0.3224]
Epoch 59/150 [train]:   0%|          | 0/26 [00:00<?, ?it/s, S=0.4413, loss=-0.3287]
Epoch 59/150 [train]:   0%|          | 0/26 [00:00<?, ?it/s, S=0.4393, loss=-0.3246]
Epoch 59/150 [train]:  35%|███▍      | 9/26 [00:00<00:00, 85.44it/s, S=0.4393, loss=-0.3246]
Epoch 59/150 [train]:  35%|███▍      | 9/26 [00:00<00:00, 85.44it/s, S=0.4442, loss=-0.3283]
Epoch 59/150 [train]:  35%|███▍      | 9/26 [00:00<00:00, 85.44it/s, S=0.4356, loss=-0.3221]
Epoch 59/150 [train]:  35%|███▍      | 9/26 [00:00<00:00, 85.44it/s, S=0.4466, loss=-0.3365]
Epoch 59/150 [train]:  35%|███▍      | 9/26 [00:00<00:00, 85.44it/s, S=0.4395, loss=-0.3314]
Epoch 59/150 [train]:  35%|███▍      | 9/26 [00:00<00:00, 85.44it/s, S=0.4381, loss=-0.3244]
Epoch 59/150 [train]:  35%|███▍      | 9/26 [00:00<00:00, 85.44it/s, S=0.4460, loss=-0.3340]
Epoch 59/150 [train]:  35%|███▍      | 9/26 [00:00<00:00, 85.44it/s, S=0.4449, loss=-0.3366]
Epoch 59/150 [train]:  35%|███▍      | 9/26 [00:00<00:00, 85.44it/s, S=0.4387, loss=-0.3167]
Epoch 59/150 [train]:  35%|███▍      | 9/26 [00:00<00:00, 85.44it/s, S=0.4392, loss=-0.3246]
Epoch 59/150 [train]:  69%|██████▉   | 18/26 [00:00<00:00, 85.50it/s, S=0.4392, loss=-0.3246]
Epoch 59/150 [train]:  69%|██████▉   | 18/26 [00:00<00:00, 85.50it/s, S=0.4519, loss=-0.3424]
Epoch 59/150 [train]:  69%|██████▉   | 18/26 [00:00<00:00, 85.50it/s, S=0.4419, loss=-0.3286]
Epoch 59/150 [train]:  69%|██████▉   | 18/26 [00:00<00:00, 85.50it/s, S=0.4328, loss=-0.3050]
Epoch 59/150 [train]:  69%|██████▉   | 18/26 [00:00<00:00, 85.50it/s, S=0.4460, loss=-0.3366]
Epoch 59/150 [train]:  69%|██████▉   | 18/26 [00:00<00:00, 85.50it/s, S=0.4397, loss=-0.3243]
Epoch 59/150 [train]:  69%|██████▉   | 18/26 [00:00<00:00, 85.50it/s, S=0.4404, loss=-0.3312]
Epoch 59/150 [train]:  69%|██████▉   | 18/26 [00:00<00:00, 85.50it/s, S=0.4447, loss=-0.3321]
Epoch 59/150 [train]:  69%|██████▉   | 18/26 [00:00<00:00, 85.50it/s, S=0.4427, loss=-0.3351]
                                                                                             
Epoch  59/150  train loss=-0.3282  val loss=-0.3172  S[mean]=0.4609  ζ=0.3881  mean_plane_ζ=0.2890  reg=0.1437  λscale=0.45  lr=8.76e-05

Epoch 60/150 [train]:   0%|          | 0/26 [00:00<?, ?it/s]
Epoch 60/150 [train]:   0%|          | 0/26 [00:00<?, ?it/s, S=0.4476, loss=-0.3339]
Epoch 60/150 [train]:   0%|          | 0/26 [00:00<?, ?it/s, S=0.4385, loss=-0.3262]
Epoch 60/150 [train]:   0%|          | 0/26 [00:00<?, ?it/s, S=0.4432, loss=-0.3291]
Epoch 60/150 [train]:   0%|          | 0/26 [00:00<?, ?it/s, S=0.4437, loss=-0.3334]
Epoch 60/150 [train]:   0%|          | 0/26 [00:00<?, ?it/s, S=0.4395, loss=-0.3287]
Epoch 60/150 [train]:   0%|          | 0/26 [00:00<?, ?it/s, S=0.4466, loss=-0.3358]
Epoch 60/150 [train]:   0%|          | 0/26 [00:00<?, ?it/s, S=0.4355, loss=-0.3195]
Epoch 60/150 [train]:   0%|          | 0/26 [00:00<?, ?it/s, S=0.4462, loss=-0.3370]
Epoch 60/150 [train]:   0%|          | 0/26 [00:00<?, ?it/s, S=0.4409, loss=-0.3347]
Epoch 60/150 [train]:  35%|███▍      | 9/26 [00:00<00:00, 85.65it/s, S=0.4409, loss=-0.3347]
Epoch 60/150 [train]:  35%|███▍      | 9/26 [00:00<00:00, 85.65it/s, S=0.4372, loss=-0.3144]
Epoch 60/150 [train]:  35%|███▍      | 9/26 [00:00<00:00, 85.65it/s, S=0.4460, loss=-0.3334]
Epoch 60/150 [train]:  35%|███▍      | 9/26 [00:00<00:00, 85.65it/s, S=0.4354, loss=-0.3190]
Epoch 60/150 [train]:  35%|███▍      | 9/26 [00:00<00:00, 85.65it/s, S=0.4436, loss=-0.3338]
Epoch 60/150 [train]:  35%|███▍      | 9/26 [00:00<00:00, 85.65it/s, S=0.4410, loss=-0.3280]
Epoch 60/150 [train]:  35%|███▍      | 9/26 [00:00<00:00, 85.65it/s, S=0.4355, loss=-0.3253]
Epoch 60/150 [train]:  35%|███▍      | 9/26 [00:00<00:00, 85.65it/s, S=0.4286, loss=-0.3059]
Epoch 60/150 [train]:  35%|███▍      | 9/26 [00:00<00:00, 85.65it/s, S=0.4413, loss=-0.3240]
Epoch 60/150 [train]:  35%|███▍      | 9/26 [00:00<00:00, 85.65it/s, S=0.4412, loss=-0.3363]
Epoch 60/150 [train]:  69%|██████▉   | 18/26 [00:00<00:00, 85.71it/s, S=0.4412, loss=-0.3363]
Epoch 60/150 [train]:  69%|██████▉   | 18/26 [00:00<00:00, 85.71it/s, S=0.4463, loss=-0.3370]
Epoch 60/150 [train]:  69%|██████▉   | 18/26 [00:00<00:00, 85.71it/s, S=0.4416, loss=-0.3309]
Epoch 60/150 [train]:  69%|██████▉   | 18/26 [00:00<00:00, 85.71it/s, S=0.4409, loss=-0.3302]
Epoch 60/150 [train]:  69%|██████▉   | 18/26 [00:00<00:00, 85.71it/s, S=0.4347, loss=-0.3136]
Epoch 60/150 [train]:  69%|██████▉   | 18/26 [00:00<00:00, 85.71it/s, S=0.4345, loss=-0.3235]
Epoch 60/150 [train]:  69%|██████▉   | 18/26 [00:00<00:00, 85.71it/s, S=0.4451, loss=-0.3314]
Epoch 60/150 [train]:  69%|██████▉   | 18/26 [00:00<00:00, 85.71it/s, S=0.4375, loss=-0.3271]
Epoch 60/150 [train]:  69%|██████▉   | 18/26 [00:00<00:00, 85.71it/s, S=0.4455, loss=-0.3294]
                                                                                             
Epoch  60/150  train loss=-0.3277  val loss=-0.3157  S[mean]=0.4613  ζ=0.3880  mean_plane_ζ=0.2889  reg=0.1456  λscale=0.46  lr=7.32e-05

Epoch 61/150 [train]:   0%|          | 0/26 [00:00<?, ?it/s]
Epoch 61/150 [train]:   0%|          | 0/26 [00:00<?, ?it/s, S=0.4436, loss=-0.3321]
Epoch 61/150 [train]:   0%|          | 0/26 [00:00<?, ?it/s, S=0.4440, loss=-0.3345]
Epoch 61/150 [train]:   0%|          | 0/26 [00:00<?, ?it/s, S=0.4344, loss=-0.3243]
Epoch 61/150 [train]:   0%|          | 0/26 [00:00<?, ?it/s, S=0.4404, loss=-0.3251]
Epoch 61/150 [train]:   0%|          | 0/26 [00:00<?, ?it/s, S=0.4444, loss=-0.3338]
Epoch 61/150 [train]:   0%|          | 0/26 [00:00<?, ?it/s, S=0.4325, loss=-0.3133]
Epoch 61/150 [train]:   0%|          | 0/26 [00:00<?, ?it/s, S=0.4448, loss=-0.3319]
Epoch 61/150 [train]:   0%|          | 0/26 [00:00<?, ?it/s, S=0.4440, loss=-0.3339]
Epoch 61/150 [train]:   0%|          | 0/26 [00:00<?, ?it/s, S=0.4479, loss=-0.3306]
Epoch 61/150 [train]:  35%|███▍      | 9/26 [00:00<00:00, 85.62it/s, S=0.4479, loss=-0.3306]
Epoch 61/150 [train]:  35%|███▍      | 9/26 [00:00<00:00, 85.62it/s, S=0.4374, loss=-0.3246]
Epoch 61/150 [train]:  35%|███▍      | 9/26 [00:00<00:00, 85.62it/s, S=0.4409, loss=-0.3304]
Epoch 61/150 [train]:  35%|███▍      | 9/26 [00:00<00:00, 85.62it/s, S=0.4407, loss=-0.3210]
Epoch 61/150 [train]:  35%|███▍      | 9/26 [00:00<00:00, 85.62it/s, S=0.4475, loss=-0.3383]
Epoch 61/150 [train]:  35%|███▍      | 9/26 [00:00<00:00, 85.62it/s, S=0.4401, loss=-0.3299]
Epoch 61/150 [train]:  35%|███▍      | 9/26 [00:00<00:00, 85.62it/s, S=0.4437, loss=-0.3327]
Epoch 61/150 [train]:  35%|███▍      | 9/26 [00:00<00:00, 85.62it/s, S=0.4459, loss=-0.3316]
Epoch 61/150 [train]:  35%|███▍      | 9/26 [00:00<00:00, 85.62it/s, S=0.4409, loss=-0.3236]
Epoch 61/150 [train]:  35%|███▍      | 9/26 [00:00<00:00, 85.62it/s, S=0.4428, loss=-0.3238]
Epoch 61/150 [train]:  69%|██████▉   | 18/26 [00:00<00:00, 85.74it/s, S=0.4428, loss=-0.3238]
Epoch 61/150 [train]:  69%|██████▉   | 18/26 [00:00<00:00, 85.74it/s, S=0.4446, loss=-0.3276]
Epoch 61/150 [train]:  69%|██████▉   | 18/26 [00:00<00:00, 85.74it/s, S=0.4438, loss=-0.3211]
Epoch 61/150 [train]:  69%|██████▉   | 18/26 [00:00<00:00, 85.74it/s, S=0.4434, loss=-0.3254]
Epoch 61/150 [train]:  69%|██████▉   | 18/26 [00:00<00:00, 85.74it/s, S=0.4445, loss=-0.3329]
Epoch 61/150 [train]:  69%|██████▉   | 18/26 [00:00<00:00, 85.74it/s, S=0.4368, loss=-0.3174]
Epoch 61/150 [train]:  69%|██████▉   | 18/26 [00:00<00:00, 85.74it/s, S=0.4448, loss=-0.3321]
Epoch 61/150 [train]:  69%|██████▉   | 18/26 [00:00<00:00, 85.74it/s, S=0.4383, loss=-0.3256]
Epoch 61/150 [train]:  69%|██████▉   | 18/26 [00:00<00:00, 85.74it/s, S=0.4439, loss=-0.3267]
                                                                                             
Epoch  61/150  train loss=-0.3278  val loss=-0.3144  S[mean]=0.4612  ζ=0.3877  mean_plane_ζ=0.2888  reg=0.1467  λscale=0.46  lr=5.99e-05

Epoch 62/150 [train]:   0%|          | 0/26 [00:00<?, ?it/s]
Epoch 62/150 [train]:   0%|          | 0/26 [00:00<?, ?it/s, S=0.4420, loss=-0.3296]
Epoch 62/150 [train]:   0%|          | 0/26 [00:00<?, ?it/s, S=0.4446, loss=-0.3351]
Epoch 62/150 [train]:   0%|          | 0/26 [00:00<?, ?it/s, S=0.4428, loss=-0.3210]
Epoch 62/150 [train]:   0%|          | 0/26 [00:00<?, ?it/s, S=0.4353, loss=-0.3125]
Epoch 62/150 [train]:   0%|          | 0/26 [00:00<?, ?it/s, S=0.4448, loss=-0.3367]
Epoch 62/150 [train]:   0%|          | 0/26 [00:00<?, ?it/s, S=0.4392, loss=-0.3277]
Epoch 62/150 [train]:   0%|          | 0/26 [00:00<?, ?it/s, S=0.4437, loss=-0.3294]
Epoch 62/150 [train]:   0%|          | 0/26 [00:00<?, ?it/s, S=0.4425, loss=-0.3291]
Epoch 62/150 [train]:   0%|          | 0/26 [00:00<?, ?it/s, S=0.4426, loss=-0.3269]
Epoch 62/150 [train]:  35%|███▍      | 9/26 [00:00<00:00, 85.66it/s, S=0.4426, loss=-0.3269]
Epoch 62/150 [train]:  35%|███▍      | 9/26 [00:00<00:00, 85.66it/s, S=0.4371, loss=-0.3264]
Epoch 62/150 [train]:  35%|███▍      | 9/26 [00:00<00:00, 85.66it/s, S=0.4448, loss=-0.3361]
Epoch 62/150 [train]:  35%|███▍      | 9/26 [00:00<00:00, 85.66it/s, S=0.4427, loss=-0.3338]
Epoch 62/150 [train]:  35%|███▍      | 9/26 [00:00<00:00, 85.66it/s, S=0.4454, loss=-0.3335]
Epoch 62/150 [train]:  35%|███▍      | 9/26 [00:00<00:00, 85.66it/s, S=0.4404, loss=-0.3173]
Epoch 62/150 [train]:  35%|███▍      | 9/26 [00:00<00:00, 85.66it/s, S=0.4402, loss=-0.3268]
Epoch 62/150 [train]:  35%|███▍      | 9/26 [00:00<00:00, 85.66it/s, S=0.4424, loss=-0.3264]
Epoch 62/150 [train]:  35%|███▍      | 9/26 [00:00<00:00, 85.66it/s, S=0.4449, loss=-0.3308]
Epoch 62/150 [train]:  35%|███▍      | 9/26 [00:00<00:00, 85.66it/s, S=0.4360, loss=-0.3164]
Epoch 62/150 [train]:  69%|██████▉   | 18/26 [00:00<00:00, 85.63it/s, S=0.4360, loss=-0.3164]
Epoch 62/150 [train]:  69%|██████▉   | 18/26 [00:00<00:00, 85.63it/s, S=0.4377, loss=-0.3224]
Epoch 62/150 [train]:  69%|██████▉   | 18/26 [00:00<00:00, 85.63it/s, S=0.4391, loss=-0.3224]
Epoch 62/150 [train]:  69%|██████▉   | 18/26 [00:00<00:00, 85.63it/s, S=0.4481, loss=-0.3389]
Epoch 62/150 [train]:  69%|██████▉   | 18/26 [00:00<00:00, 85.63it/s, S=0.4401, loss=-0.3245]
Epoch 62/150 [train]:  69%|██████▉   | 18/26 [00:00<00:00, 85.63it/s, S=0.4476, loss=-0.3360]
Epoch 62/150 [train]:  69%|██████▉   | 18/26 [00:00<00:00, 85.63it/s, S=0.4328, loss=-0.3121]
Epoch 62/150 [train]:  69%|██████▉   | 18/26 [00:00<00:00, 85.63it/s, S=0.4445, loss=-0.3266]
Epoch 62/150 [train]:  69%|██████▉   | 18/26 [00:00<00:00, 85.63it/s, S=0.4478, loss=-0.3235]
                                                                                             
Epoch  62/150  train loss=-0.3270  val loss=-0.3131  S[mean]=0.4611  ζ=0.3876  mean_plane_ζ=0.2886  reg=0.1480  λscale=0.47  lr=4.77e-05

Epoch 63/150 [train]:   0%|          | 0/26 [00:00<?, ?it/s]
Epoch 63/150 [train]:   0%|          | 0/26 [00:00<?, ?it/s, S=0.4380, loss=-0.3240]
Epoch 63/150 [train]:   0%|          | 0/26 [00:00<?, ?it/s, S=0.4428, loss=-0.3282]
Epoch 63/150 [train]:   0%|          | 0/26 [00:00<?, ?it/s, S=0.4432, loss=-0.3175]
Epoch 63/150 [train]:   0%|          | 0/26 [00:00<?, ?it/s, S=0.4406, loss=-0.3176]
Epoch 63/150 [train]:   0%|          | 0/26 [00:00<?, ?it/s, S=0.4365, loss=-0.3203]
Epoch 63/150 [train]:   0%|          | 0/26 [00:00<?, ?it/s, S=0.4391, loss=-0.3245]
Epoch 63/150 [train]:   0%|          | 0/26 [00:00<?, ?it/s, S=0.4486, loss=-0.3364]
Epoch 63/150 [train]:   0%|          | 0/26 [00:00<?, ?it/s, S=0.4455, loss=-0.3287]
Epoch 63/150 [train]:   0%|          | 0/26 [00:00<?, ?it/s, S=0.4416, loss=-0.3269]
Epoch 63/150 [train]:  35%|███▍      | 9/26 [00:00<00:00, 85.67it/s, S=0.4416, loss=-0.3269]
Epoch 63/150 [train]:  35%|███▍      | 9/26 [00:00<00:00, 85.67it/s, S=0.4499, loss=-0.3342]
Epoch 63/150 [train]:  35%|███▍      | 9/26 [00:00<00:00, 85.67it/s, S=0.4427, loss=-0.3253]
Epoch 63/150 [train]:  35%|███▍      | 9/26 [00:00<00:00, 85.67it/s, S=0.4383, loss=-0.3196]
Epoch 63/150 [train]:  35%|███▍      | 9/26 [00:00<00:00, 85.67it/s, S=0.4430, loss=-0.3254]
Epoch 63/150 [train]:  35%|███▍      | 9/26 [00:00<00:00, 85.67it/s, S=0.4407, loss=-0.3301]
Epoch 63/150 [train]:  35%|███▍      | 9/26 [00:00<00:00, 85.67it/s, S=0.4399, loss=-0.3259]
Epoch 63/150 [train]:  35%|███▍      | 9/26 [00:00<00:00, 85.67it/s, S=0.4412, loss=-0.3305]
Epoch 63/150 [train]:  35%|███▍      | 9/26 [00:00<00:00, 85.67it/s, S=0.4433, loss=-0.3283]
Epoch 63/150 [train]:  35%|███▍      | 9/26 [00:00<00:00, 85.67it/s, S=0.4434, loss=-0.3238]
Epoch 63/150 [train]:  69%|██████▉   | 18/26 [00:00<00:00, 85.81it/s, S=0.4434, loss=-0.3238]
Epoch 63/150 [train]:  69%|██████▉   | 18/26 [00:00<00:00, 85.81it/s, S=0.4397, loss=-0.3187]
Epoch 63/150 [train]:  69%|██████▉   | 18/26 [00:00<00:00, 85.81it/s, S=0.4427, loss=-0.3217]
Epoch 63/150 [train]:  69%|██████▉   | 18/26 [00:00<00:00, 85.81it/s, S=0.4408, loss=-0.3188]
Epoch 63/150 [train]:  69%|██████▉   | 18/26 [00:00<00:00, 85.81it/s, S=0.4358, loss=-0.3181]
Epoch 63/150 [train]:  69%|██████▉   | 18/26 [00:00<00:00, 85.81it/s, S=0.4367, loss=-0.3027]
Epoch 63/150 [train]:  69%|██████▉   | 18/26 [00:00<00:00, 85.81it/s, S=0.4405, loss=-0.3152]
Epoch 63/150 [train]:  69%|██████▉   | 18/26 [00:00<00:00, 85.81it/s, S=0.4438, loss=-0.3273]
Epoch 63/150 [train]:  69%|██████▉   | 18/26 [00:00<00:00, 85.81it/s, S=0.4421, loss=-0.3301]
                                                                                             
Epoch  63/150  train loss=-0.3239  val loss=-0.3115  S[mean]=0.4611  ζ=0.3876  mean_plane_ζ=0.2887  reg=0.1495  λscale=0.47  lr=3.68e-05

Epoch 64/150 [train]:   0%|          | 0/26 [00:00<?, ?it/s]
Epoch 64/150 [train]:   0%|          | 0/26 [00:00<?, ?it/s, S=0.4467, loss=-0.3335]
Epoch 64/150 [train]:   0%|          | 0/26 [00:00<?, ?it/s, S=0.4338, loss=-0.3208]
Epoch 64/150 [train]:   0%|          | 0/26 [00:00<?, ?it/s, S=0.4410, loss=-0.3211]
Epoch 64/150 [train]:   0%|          | 0/26 [00:00<?, ?it/s, S=0.4444, loss=-0.3286]
Epoch 64/150 [train]:   0%|          | 0/26 [00:00<?, ?it/s, S=0.4466, loss=-0.3363]
Epoch 64/150 [train]:   0%|          | 0/26 [00:00<?, ?it/s, S=0.4421, loss=-0.3303]
Epoch 64/150 [train]:   0%|          | 0/26 [00:00<?, ?it/s, S=0.4304, loss=-0.3015]
Epoch 64/150 [train]:   0%|          | 0/26 [00:00<?, ?it/s, S=0.4407, loss=-0.3218]
Epoch 64/150 [train]:   0%|          | 0/26 [00:00<?, ?it/s, S=0.4486, loss=-0.3186]
Epoch 64/150 [train]:  35%|███▍      | 9/26 [00:00<00:00, 85.48it/s, S=0.4486, loss=-0.3186]
Epoch 64/150 [train]:  35%|███▍      | 9/26 [00:00<00:00, 85.48it/s, S=0.4424, loss=-0.3264]
Epoch 64/150 [train]:  35%|███▍      | 9/26 [00:00<00:00, 85.48it/s, S=0.4453, loss=-0.3287]
Epoch 64/150 [train]:  35%|███▍      | 9/26 [00:00<00:00, 85.48it/s, S=0.4442, loss=-0.3273]
Epoch 64/150 [train]:  35%|███▍      | 9/26 [00:00<00:00, 85.48it/s, S=0.4401, loss=-0.3111]
Epoch 64/150 [train]:  35%|███▍      | 9/26 [00:00<00:00, 85.48it/s, S=0.4424, loss=-0.3275]
Epoch 64/150 [train]:  35%|███▍      | 9/26 [00:00<00:00, 85.48it/s, S=0.4458, loss=-0.3267]
Epoch 64/150 [train]:  35%|███▍      | 9/26 [00:00<00:00, 85.48it/s, S=0.4420, loss=-0.3328]
Epoch 64/150 [train]:  35%|███▍      | 9/26 [00:00<00:00, 85.48it/s, S=0.4393, loss=-0.3269]
Epoch 64/150 [train]:  35%|███▍      | 9/26 [00:00<00:00, 85.48it/s, S=0.4422, loss=-0.3284]
Epoch 64/150 [train]:  69%|██████▉   | 18/26 [00:00<00:00, 85.83it/s, S=0.4422, loss=-0.3284]
Epoch 64/150 [train]:  69%|██████▉   | 18/26 [00:00<00:00, 85.83it/s, S=0.4410, loss=-0.3240]
Epoch 64/150 [train]:  69%|██████▉   | 18/26 [00:00<00:00, 85.83it/s, S=0.4442, loss=-0.3322]
Epoch 64/150 [train]:  69%|██████▉   | 18/26 [00:00<00:00, 85.83it/s, S=0.4356, loss=-0.3009]
Epoch 64/150 [train]:  69%|██████▉   | 18/26 [00:00<00:00, 85.83it/s, S=0.4454, loss=-0.3267]
Epoch 64/150 [train]:  69%|██████▉   | 18/26 [00:00<00:00, 85.83it/s, S=0.4383, loss=-0.3265]
Epoch 64/150 [train]:  69%|██████▉   | 18/26 [00:00<00:00, 85.83it/s, S=0.4421, loss=-0.3296]
Epoch 64/150 [train]:  69%|██████▉   | 18/26 [00:00<00:00, 85.83it/s, S=0.4435, loss=-0.3314]
Epoch 64/150 [train]:  69%|██████▉   | 18/26 [00:00<00:00, 85.83it/s, S=0.4413, loss=-0.3220]
                                                                                             
Epoch  64/150  train loss=-0.3247  val loss=-0.3100  S[mean]=0.4610  ζ=0.3875  mean_plane_ζ=0.2886  reg=0.1510  λscale=0.48  lr=2.72e-05

Epoch 65/150 [train]:   0%|          | 0/26 [00:00<?, ?it/s]
Epoch 65/150 [train]:   0%|          | 0/26 [00:00<?, ?it/s, S=0.4424, loss=-0.3197]
Epoch 65/150 [train]:   0%|          | 0/26 [00:00<?, ?it/s, S=0.4442, loss=-0.3304]
Epoch 65/150 [train]:   0%|          | 0/26 [00:00<?, ?it/s, S=0.4397, loss=-0.3246]
Epoch 65/150 [train]:   0%|          | 0/26 [00:00<?, ?it/s, S=0.4366, loss=-0.3184]
Epoch 65/150 [train]:   0%|          | 0/26 [00:00<?, ?it/s, S=0.4426, loss=-0.3296]
Epoch 65/150 [train]:   0%|          | 0/26 [00:00<?, ?it/s, S=0.4430, loss=-0.3283]
Epoch 65/150 [train]:   0%|          | 0/26 [00:00<?, ?it/s, S=0.4373, loss=-0.3216]
Epoch 65/150 [train]:   0%|          | 0/26 [00:00<?, ?it/s, S=0.4462, loss=-0.3335]
Epoch 65/150 [train]:   0%|          | 0/26 [00:00<?, ?it/s, S=0.4442, loss=-0.3222]
Epoch 65/150 [train]:  35%|███▍      | 9/26 [00:00<00:00, 85.49it/s, S=0.4442, loss=-0.3222]
Epoch 65/150 [train]:  35%|███▍      | 9/26 [00:00<00:00, 85.49it/s, S=0.4441, loss=-0.3290]
Epoch 65/150 [train]:  35%|███▍      | 9/26 [00:00<00:00, 85.49it/s, S=0.4413, loss=-0.3296]
Epoch 65/150 [train]:  35%|███▍      | 9/26 [00:00<00:00, 85.49it/s, S=0.4378, loss=-0.3261]
Epoch 65/150 [train]:  35%|███▍      | 9/26 [00:00<00:00, 85.49it/s, S=0.4476, loss=-0.3243]
Epoch 65/150 [train]:  35%|███▍      | 9/26 [00:00<00:00, 85.49it/s, S=0.4441, loss=-0.3174]
Epoch 65/150 [train]:  35%|███▍      | 9/26 [00:00<00:00, 85.49it/s, S=0.4368, loss=-0.3201]
Epoch 65/150 [train]:  35%|███▍      | 9/26 [00:00<00:00, 85.49it/s, S=0.4396, loss=-0.3250]
Epoch 65/150 [train]:  35%|███▍      | 9/26 [00:00<00:00, 85.49it/s, S=0.4457, loss=-0.3308]
Epoch 65/150 [train]:  35%|███▍      | 9/26 [00:00<00:00, 85.49it/s, S=0.4422, loss=-0.3230]
Epoch 65/150 [train]:  69%|██████▉   | 18/26 [00:00<00:00, 85.84it/s, S=0.4422, loss=-0.3230]
Epoch 65/150 [train]:  69%|██████▉   | 18/26 [00:00<00:00, 85.84it/s, S=0.4380, loss=-0.3213]
Epoch 65/150 [train]:  69%|██████▉   | 18/26 [00:00<00:00, 85.84it/s, S=0.4419, loss=-0.3246]
Epoch 65/150 [train]:  69%|██████▉   | 18/26 [00:00<00:00, 85.84it/s, S=0.4388, loss=-0.3136]
Epoch 65/150 [train]:  69%|██████▉   | 18/26 [00:00<00:00, 85.84it/s, S=0.4370, loss=-0.3190]
Epoch 65/150 [train]:  69%|██████▉   | 18/26 [00:00<00:00, 85.84it/s, S=0.4390, loss=-0.3104]
Epoch 65/150 [train]:  69%|██████▉   | 18/26 [00:00<00:00, 85.84it/s, S=0.4445, loss=-0.3229]
Epoch 65/150 [train]:  69%|██████▉   | 18/26 [00:00<00:00, 85.84it/s, S=0.4453, loss=-0.3288]
Epoch 65/150 [train]:  69%|██████▉   | 18/26 [00:00<00:00, 85.84it/s, S=0.4389, loss=-0.3206]
                                                                                             
Epoch  65/150  train loss=-0.3237  val loss=-0.3083  S[mean]=0.4610  ζ=0.3874  mean_plane_ζ=0.2886  reg=0.1527  λscale=0.49  lr=1.90e-05

Epoch 66/150 [train]:   0%|          | 0/26 [00:00<?, ?it/s]
Epoch 66/150 [train]:   0%|          | 0/26 [00:00<?, ?it/s, S=0.4440, loss=-0.3298]
Epoch 66/150 [train]:   0%|          | 0/26 [00:00<?, ?it/s, S=0.4331, loss=-0.3073]
Epoch 66/150 [train]:   0%|          | 0/26 [00:00<?, ?it/s, S=0.4393, loss=-0.3095]
Epoch 66/150 [train]:   0%|          | 0/26 [00:00<?, ?it/s, S=0.4490, loss=-0.3244]
Epoch 66/150 [train]:   0%|          | 0/26 [00:00<?, ?it/s, S=0.4455, loss=-0.3198]
Epoch 66/150 [train]:   0%|          | 0/26 [00:00<?, ?it/s, S=0.4423, loss=-0.3304]
Epoch 66/150 [train]:   0%|          | 0/26 [00:00<?, ?it/s, S=0.4403, loss=-0.3207]
Epoch 66/150 [train]:   0%|          | 0/26 [00:00<?, ?it/s, S=0.4450, loss=-0.3263]
Epoch 66/150 [train]:   0%|          | 0/26 [00:00<?, ?it/s, S=0.4342, loss=-0.3066]
Epoch 66/150 [train]:  35%|███▍      | 9/26 [00:00<00:00, 85.90it/s, S=0.4342, loss=-0.3066]
Epoch 66/150 [train]:  35%|███▍      | 9/26 [00:00<00:00, 85.90it/s, S=0.4448, loss=-0.3257]
Epoch 66/150 [train]:  35%|███▍      | 9/26 [00:00<00:00, 85.90it/s, S=0.4499, loss=-0.3114]
Epoch 66/150 [train]:  35%|███▍      | 9/26 [00:00<00:00, 85.90it/s, S=0.4417, loss=-0.3230]
Epoch 66/150 [train]:  35%|███▍      | 9/26 [00:00<00:00, 85.90it/s, S=0.4352, loss=-0.3070]
Epoch 66/150 [train]:  35%|███▍      | 9/26 [00:00<00:00, 85.90it/s, S=0.4370, loss=-0.3200]
Epoch 66/150 [train]:  35%|███▍      | 9/26 [00:00<00:00, 85.90it/s, S=0.4465, loss=-0.3292]
Epoch 66/150 [train]:  35%|███▍      | 9/26 [00:00<00:00, 85.90it/s, S=0.4430, loss=-0.3242]
Epoch 66/150 [train]:  35%|███▍      | 9/26 [00:00<00:00, 85.90it/s, S=0.4406, loss=-0.3135]
Epoch 66/150 [train]:  35%|███▍      | 9/26 [00:00<00:00, 85.90it/s, S=0.4372, loss=-0.3179]
Epoch 66/150 [train]:  69%|██████▉   | 18/26 [00:00<00:00, 85.98it/s, S=0.4372, loss=-0.3179]
Epoch 66/150 [train]:  69%|██████▉   | 18/26 [00:00<00:00, 85.98it/s, S=0.4469, loss=-0.3342]
Epoch 66/150 [train]:  69%|██████▉   | 18/26 [00:00<00:00, 85.98it/s, S=0.4328, loss=-0.3076]
Epoch 66/150 [train]:  69%|██████▉   | 18/26 [00:00<00:00, 85.98it/s, S=0.4310, loss=-0.3076]
Epoch 66/150 [train]:  69%|██████▉   | 18/26 [00:00<00:00, 85.98it/s, S=0.4428, loss=-0.3258]
Epoch 66/150 [train]:  69%|██████▉   | 18/26 [00:00<00:00, 85.98it/s, S=0.4389, loss=-0.3069]
Epoch 66/150 [train]:  69%|██████▉   | 18/26 [00:00<00:00, 85.98it/s, S=0.4399, loss=-0.3164]
Epoch 66/150 [train]:  69%|██████▉   | 18/26 [00:00<00:00, 85.98it/s, S=0.4441, loss=-0.3252]
Epoch 66/150 [train]:  69%|██████▉   | 18/26 [00:00<00:00, 85.98it/s, S=0.4443, loss=-0.3221]
                                                                                             
Epoch  66/150  train loss=-0.3189  val loss=-0.3066  S[mean]=0.4610  ζ=0.3874  mean_plane_ζ=0.2886  reg=0.1544  λscale=0.49  lr=1.22e-05

Epoch 67/150 [train]:   0%|          | 0/26 [00:00<?, ?it/s]
Epoch 67/150 [train]:   0%|          | 0/26 [00:00<?, ?it/s, S=0.4404, loss=-0.3100]
Epoch 67/150 [train]:   0%|          | 0/26 [00:00<?, ?it/s, S=0.4392, loss=-0.3172]
Epoch 67/150 [train]:   0%|          | 0/26 [00:00<?, ?it/s, S=0.4394, loss=-0.3208]
Epoch 67/150 [train]:   0%|          | 0/26 [00:00<?, ?it/s, S=0.4484, loss=-0.3253]
Epoch 67/150 [train]:   0%|          | 0/26 [00:00<?, ?it/s, S=0.4462, loss=-0.3276]
Epoch 67/150 [train]:   0%|          | 0/26 [00:00<?, ?it/s, S=0.4327, loss=-0.3079]
Epoch 67/150 [train]:   0%|          | 0/26 [00:00<?, ?it/s, S=0.4317, loss=-0.3002]
Epoch 67/150 [train]:   0%|          | 0/26 [00:00<?, ?it/s, S=0.4496, loss=-0.3340]
Epoch 67/150 [train]:   0%|          | 0/26 [00:00<?, ?it/s, S=0.4377, loss=-0.3169]
Epoch 67/150 [train]:  35%|███▍      | 9/26 [00:00<00:00, 85.80it/s, S=0.4377, loss=-0.3169]
Epoch 67/150 [train]:  35%|███▍      | 9/26 [00:00<00:00, 85.80it/s, S=0.4452, loss=-0.3236]
Epoch 67/150 [train]:  35%|███▍      | 9/26 [00:00<00:00, 85.80it/s, S=0.4418, loss=-0.3275]
Epoch 67/150 [train]:  35%|███▍      | 9/26 [00:00<00:00, 85.80it/s, S=0.4388, loss=-0.3183]
Epoch 67/150 [train]:  35%|███▍      | 9/26 [00:00<00:00, 85.80it/s, S=0.4439, loss=-0.3264]
Epoch 67/150 [train]:  35%|███▍      | 9/26 [00:00<00:00, 85.80it/s, S=0.4372, loss=-0.3045]
Epoch 67/150 [train]:  35%|███▍      | 9/26 [00:00<00:00, 85.80it/s, S=0.4348, loss=-0.3155]
Epoch 67/150 [train]:  35%|███▍      | 9/26 [00:00<00:00, 85.80it/s, S=0.4433, loss=-0.3200]
Epoch 67/150 [train]:  35%|███▍      | 9/26 [00:00<00:00, 85.80it/s, S=0.4453, loss=-0.3219]
Epoch 67/150 [train]:  35%|███▍      | 9/26 [00:00<00:00, 85.80it/s, S=0.4466, loss=-0.3311]
Epoch 67/150 [train]:  69%|██████▉   | 18/26 [00:00<00:00, 85.77it/s, S=0.4466, loss=-0.3311]
Epoch 67/150 [train]:  69%|██████▉   | 18/26 [00:00<00:00, 85.77it/s, S=0.4436, loss=-0.3248]
Epoch 67/150 [train]:  69%|██████▉   | 18/26 [00:00<00:00, 85.77it/s, S=0.4494, loss=-0.3327]
Epoch 67/150 [train]:  69%|██████▉   | 18/26 [00:00<00:00, 85.77it/s, S=0.4420, loss=-0.3220]
Epoch 67/150 [train]:  69%|██████▉   | 18/26 [00:00<00:00, 85.77it/s, S=0.4413, loss=-0.3249]
Epoch 67/150 [train]:  69%|██████▉   | 18/26 [00:00<00:00, 85.77it/s, S=0.4476, loss=-0.3350]
Epoch 67/150 [train]:  69%|██████▉   | 18/26 [00:00<00:00, 85.77it/s, S=0.4457, loss=-0.3299]
Epoch 67/150 [train]:  69%|██████▉   | 18/26 [00:00<00:00, 85.77it/s, S=0.4425, loss=-0.3268]
Epoch 67/150 [train]:  69%|██████▉   | 18/26 [00:00<00:00, 85.77it/s, S=0.4417, loss=-0.3262]
                                                                                             
Epoch  67/150  train loss=-0.3220  val loss=-0.3048  S[mean]=0.4609  ζ=0.3873  mean_plane_ζ=0.2886  reg=0.1561  λscale=0.50  lr=6.91e-06

Epoch 68/150 [train]:   0%|          | 0/26 [00:00<?, ?it/s]
Epoch 68/150 [train]:   0%|          | 0/26 [00:00<?, ?it/s, S=0.4403, loss=-0.3232]
Epoch 68/150 [train]:   0%|          | 0/26 [00:00<?, ?it/s, S=0.4471, loss=-0.3328]
Epoch 68/150 [train]:   0%|          | 0/26 [00:00<?, ?it/s, S=0.4393, loss=-0.3147]
Epoch 68/150 [train]:   0%|          | 0/26 [00:00<?, ?it/s, S=0.4383, loss=-0.3218]
Epoch 68/150 [train]:   0%|          | 0/26 [00:00<?, ?it/s, S=0.4407, loss=-0.3231]
Epoch 68/150 [train]:   0%|          | 0/26 [00:00<?, ?it/s, S=0.4481, loss=-0.3267]
Epoch 68/150 [train]:   0%|          | 0/26 [00:00<?, ?it/s, S=0.4444, loss=-0.3258]
Epoch 68/150 [train]:   0%|          | 0/26 [00:00<?, ?it/s, S=0.4494, loss=-0.3351]
Epoch 68/150 [train]:   0%|          | 0/26 [00:00<?, ?it/s, S=0.4391, loss=-0.3220]
Epoch 68/150 [train]:  35%|███▍      | 9/26 [00:00<00:00, 85.75it/s, S=0.4391, loss=-0.3220]
Epoch 68/150 [train]:  35%|███▍      | 9/26 [00:00<00:00, 85.75it/s, S=0.4438, loss=-0.3195]
Epoch 68/150 [train]:  35%|███▍      | 9/26 [00:00<00:00, 85.75it/s, S=0.4387, loss=-0.3140]
Epoch 68/150 [train]:  35%|███▍      | 9/26 [00:00<00:00, 85.75it/s, S=0.4330, loss=-0.3021]
Epoch 68/150 [train]:  35%|███▍      | 9/26 [00:00<00:00, 85.75it/s, S=0.4394, loss=-0.3217]
Epoch 68/150 [train]:  35%|███▍      | 9/26 [00:00<00:00, 85.75it/s, S=0.4405, loss=-0.3215]
Epoch 68/150 [train]:  35%|███▍      | 9/26 [00:00<00:00, 85.75it/s, S=0.4451, loss=-0.3285]
Epoch 68/150 [train]:  35%|███▍      | 9/26 [00:00<00:00, 85.75it/s, S=0.4393, loss=-0.3121]
Epoch 68/150 [train]:  35%|███▍      | 9/26 [00:00<00:00, 85.75it/s, S=0.4434, loss=-0.3281]
Epoch 68/150 [train]:  35%|███▍      | 9/26 [00:00<00:00, 85.75it/s, S=0.4413, loss=-0.3214]
Epoch 68/150 [train]:  69%|██████▉   | 18/26 [00:00<00:00, 85.89it/s, S=0.4413, loss=-0.3214]
Epoch 68/150 [train]:  69%|██████▉   | 18/26 [00:00<00:00, 85.89it/s, S=0.4375, loss=-0.3117]
Epoch 68/150 [train]:  69%|██████▉   | 18/26 [00:00<00:00, 85.89it/s, S=0.4390, loss=-0.3073]
Epoch 68/150 [train]:  69%|██████▉   | 18/26 [00:00<00:00, 85.89it/s, S=0.4449, loss=-0.3241]
Epoch 68/150 [train]:  69%|██████▉   | 18/26 [00:00<00:00, 85.89it/s, S=0.4496, loss=-0.3320]
Epoch 68/150 [train]:  69%|██████▉   | 18/26 [00:00<00:00, 85.89it/s, S=0.4450, loss=-0.3251]
Epoch 68/150 [train]:  69%|██████▉   | 18/26 [00:00<00:00, 85.89it/s, S=0.4342, loss=-0.3067]
Epoch 68/150 [train]:  69%|██████▉   | 18/26 [00:00<00:00, 85.89it/s, S=0.4436, loss=-0.3258]
Epoch 68/150 [train]:  69%|██████▉   | 18/26 [00:00<00:00, 85.89it/s, S=0.4446, loss=-0.3119]
                                                                                             
Epoch  68/150  train loss=-0.3207  val loss=-0.3029  S[mean]=0.4609  ζ=0.3873  mean_plane_ζ=0.2885  reg=0.1580  λscale=0.50  lr=3.08e-06

Epoch 69/150 [train]:   0%|          | 0/26 [00:00<?, ?it/s]
Epoch 69/150 [train]:   0%|          | 0/26 [00:00<?, ?it/s, S=0.4422, loss=-0.3100]
Epoch 69/150 [train]:   0%|          | 0/26 [00:00<?, ?it/s, S=0.4469, loss=-0.3242]
Epoch 69/150 [train]:   0%|          | 0/26 [00:00<?, ?it/s, S=0.4403, loss=-0.3207]
Epoch 69/150 [train]:   0%|          | 0/26 [00:00<?, ?it/s, S=0.4433, loss=-0.3118]
Epoch 69/150 [train]:   0%|          | 0/26 [00:00<?, ?it/s, S=0.4405, loss=-0.3132]
Epoch 69/150 [train]:   0%|          | 0/26 [00:00<?, ?it/s, S=0.4481, loss=-0.3204]
Epoch 69/150 [train]:   0%|          | 0/26 [00:00<?, ?it/s, S=0.4413, loss=-0.3156]
Epoch 69/150 [train]:   0%|          | 0/26 [00:00<?, ?it/s, S=0.4426, loss=-0.3142]
Epoch 69/150 [train]:   0%|          | 0/26 [00:00<?, ?it/s, S=0.4336, loss=-0.3083]
Epoch 69/150 [train]:  35%|███▍      | 9/26 [00:00<00:00, 85.77it/s, S=0.4336, loss=-0.3083]
Epoch 69/150 [train]:  35%|███▍      | 9/26 [00:00<00:00, 85.77it/s, S=0.4433, loss=-0.3222]
Epoch 69/150 [train]:  35%|███▍      | 9/26 [00:00<00:00, 85.77it/s, S=0.4375, loss=-0.3155]
Epoch 69/150 [train]:  35%|███▍      | 9/26 [00:00<00:00, 85.77it/s, S=0.4447, loss=-0.3115]
Epoch 69/150 [train]:  35%|███▍      | 9/26 [00:00<00:00, 85.77it/s, S=0.4348, loss=-0.3067]
Epoch 69/150 [train]:  35%|███▍      | 9/26 [00:00<00:00, 85.77it/s, S=0.4426, loss=-0.3221]
Epoch 69/150 [train]:  35%|███▍      | 9/26 [00:00<00:00, 85.77it/s, S=0.4290, loss=-0.2871]
Epoch 69/150 [train]:  35%|███▍      | 9/26 [00:00<00:00, 85.77it/s, S=0.4429, loss=-0.3190]
Epoch 69/150 [train]:  35%|███▍      | 9/26 [00:00<00:00, 85.77it/s, S=0.4374, loss=-0.3122]
Epoch 69/150 [train]:  35%|███▍      | 9/26 [00:00<00:00, 85.77it/s, S=0.4382, loss=-0.3137]
Epoch 69/150 [train]:  69%|██████▉   | 18/26 [00:00<00:00, 85.85it/s, S=0.4382, loss=-0.3137]
Epoch 69/150 [train]:  69%|██████▉   | 18/26 [00:00<00:00, 85.85it/s, S=0.4463, loss=-0.3309]
Epoch 69/150 [train]:  69%|██████▉   | 18/26 [00:00<00:00, 85.85it/s, S=0.4399, loss=-0.3055]
Epoch 69/150 [train]:  69%|██████▉   | 18/26 [00:00<00:00, 85.85it/s, S=0.4418, loss=-0.3179]
Epoch 69/150 [train]:  69%|██████▉   | 18/26 [00:00<00:00, 85.85it/s, S=0.4397, loss=-0.3190]
Epoch 69/150 [train]:  69%|██████▉   | 18/26 [00:00<00:00, 85.85it/s, S=0.4415, loss=-0.3198]
Epoch 69/150 [train]:  69%|██████▉   | 18/26 [00:00<00:00, 85.85it/s, S=0.4441, loss=-0.3247]
Epoch 69/150 [train]:  69%|██████▉   | 18/26 [00:00<00:00, 85.85it/s, S=0.4531, loss=-0.3315]
Epoch 69/150 [train]:  69%|██████▉   | 18/26 [00:00<00:00, 85.85it/s, S=0.4447, loss=-0.3252]
                                                                                             
Epoch  69/150  train loss=-0.3163  val loss=-0.3010  S[mean]=0.4609  ζ=0.3873  mean_plane_ζ=0.2885  reg=0.1598  λscale=0.51  lr=7.71e-07

Epoch 70/150 [train]:   0%|          | 0/26 [00:00<?, ?it/s]
Epoch 70/150 [train]:   0%|          | 0/26 [00:00<?, ?it/s, S=0.4450, loss=-0.3230]
Epoch 70/150 [train]:   0%|          | 0/26 [00:00<?, ?it/s, S=0.4423, loss=-0.3127]
Epoch 70/150 [train]:   0%|          | 0/26 [00:00<?, ?it/s, S=0.4490, loss=-0.3179]
Epoch 70/150 [train]:   0%|          | 0/26 [00:00<?, ?it/s, S=0.4328, loss=-0.2972]
Epoch 70/150 [train]:   0%|          | 0/26 [00:00<?, ?it/s, S=0.4488, loss=-0.3251]
Epoch 70/150 [train]:   0%|          | 0/26 [00:00<?, ?it/s, S=0.4407, loss=-0.3184]
Epoch 70/150 [train]:   0%|          | 0/26 [00:00<?, ?it/s, S=0.4445, loss=-0.3137]
Epoch 70/150 [train]:   0%|          | 0/26 [00:00<?, ?it/s, S=0.4444, loss=-0.3101]
Epoch 70/150 [train]:   0%|          | 0/26 [00:00<?, ?it/s, S=0.4410, loss=-0.3189]
Epoch 70/150 [train]:  35%|███▍      | 9/26 [00:00<00:00, 85.72it/s, S=0.4410, loss=-0.3189]
Epoch 70/150 [train]:  35%|███▍      | 9/26 [00:00<00:00, 85.72it/s, S=0.4370, loss=-0.3063]
Epoch 70/150 [train]:  35%|███▍      | 9/26 [00:00<00:00, 85.72it/s, S=0.4394, loss=-0.3129]
Epoch 70/150 [train]:  35%|███▍      | 9/26 [00:00<00:00, 85.72it/s, S=0.4374, loss=-0.3100]
Epoch 70/150 [train]:  35%|███▍      | 9/26 [00:00<00:00, 85.72it/s, S=0.4442, loss=-0.3209]
Epoch 70/150 [train]:  35%|███▍      | 9/26 [00:00<00:00, 85.72it/s, S=0.4372, loss=-0.3102]
Epoch 70/150 [train]:  35%|███▍      | 9/26 [00:00<00:00, 85.72it/s, S=0.4374, loss=-0.3040]
Epoch 70/150 [train]:  35%|███▍      | 9/26 [00:00<00:00, 85.72it/s, S=0.4419, loss=-0.3206]
Epoch 70/150 [train]:  35%|███▍      | 9/26 [00:00<00:00, 85.72it/s, S=0.4376, loss=-0.3064]
Epoch 70/150 [train]:  35%|███▍      | 9/26 [00:00<00:00, 85.72it/s, S=0.4397, loss=-0.3175]
Epoch 70/150 [train]:  69%|██████▉   | 18/26 [00:00<00:00, 85.85it/s, S=0.4397, loss=-0.3175]
Epoch 70/150 [train]:  69%|██████▉   | 18/26 [00:00<00:00, 85.85it/s, S=0.4384, loss=-0.3149]
Epoch 70/150 [train]:  69%|██████▉   | 18/26 [00:00<00:00, 85.85it/s, S=0.4317, loss=-0.3004]
Epoch 70/150 [train]:  69%|██████▉   | 18/26 [00:00<00:00, 85.85it/s, S=0.4384, loss=-0.3080]
Epoch 70/150 [train]:  69%|██████▉   | 18/26 [00:00<00:00, 85.85it/s, S=0.4406, loss=-0.3116]
Epoch 70/150 [train]:  69%|██████▉   | 18/26 [00:00<00:00, 85.85it/s, S=0.4432, loss=-0.3203]
Epoch 70/150 [train]:  69%|██████▉   | 18/26 [00:00<00:00, 85.85it/s, S=0.4448, loss=-0.3114]
Epoch 70/150 [train]:  69%|██████▉   | 18/26 [00:00<00:00, 85.85it/s, S=0.4423, loss=-0.3158]
Epoch 70/150 [train]:  69%|██████▉   | 18/26 [00:00<00:00, 85.85it/s, S=0.4420, loss=-0.3210]
                                                                                             
Epoch  70/150  train loss=-0.3134  val loss=-0.2992  S[mean]=0.4609  ζ=0.3873  mean_plane_ζ=0.2885  reg=0.1617  λscale=0.52  lr=5.00e-04

Epoch 71/150 [train]:   0%|          | 0/26 [00:00<?, ?it/s]
Epoch 71/150 [train]:   0%|          | 0/26 [00:00<?, ?it/s, S=0.4417, loss=-0.3168]
Epoch 71/150 [train]:   0%|          | 0/26 [00:00<?, ?it/s, S=0.4438, loss=-0.3112]
Epoch 71/150 [train]:   0%|          | 0/26 [00:00<?, ?it/s, S=0.4419, loss=-0.3166]
Epoch 71/150 [train]:   0%|          | 0/26 [00:00<?, ?it/s, S=0.4284, loss=-0.2762]
Epoch 71/150 [train]:   0%|          | 0/26 [00:00<?, ?it/s, S=0.4362, loss=-0.3118]
Epoch 71/150 [train]:   0%|          | 0/26 [00:00<?, ?it/s, S=0.4368, loss=-0.3149]
Epoch 71/150 [train]:   0%|          | 0/26 [00:00<?, ?it/s, S=0.4429, loss=-0.3076]
Epoch 71/150 [train]:   0%|          | 0/26 [00:00<?, ?it/s, S=0.4337, loss=-0.3021]
Epoch 71/150 [train]:   0%|          | 0/26 [00:00<?, ?it/s, S=0.4402, loss=-0.3126]
Epoch 71/150 [train]:  35%|███▍      | 9/26 [00:00<00:00, 85.71it/s, S=0.4402, loss=-0.3126]
Epoch 71/150 [train]:  35%|███▍      | 9/26 [00:00<00:00, 85.71it/s, S=0.4414, loss=-0.3155]
Epoch 71/150 [train]:  35%|███▍      | 9/26 [00:00<00:00, 85.71it/s, S=0.4339, loss=-0.3052]
Epoch 71/150 [train]:  35%|███▍      | 9/26 [00:00<00:00, 85.71it/s, S=0.4339, loss=-0.3135]
Epoch 71/150 [train]:  35%|███▍      | 9/26 [00:00<00:00, 85.71it/s, S=0.4456, loss=-0.3284]
Epoch 71/150 [train]:  35%|███▍      | 9/26 [00:00<00:00, 85.71it/s, S=0.4463, loss=-0.3152]
Epoch 71/150 [train]:  35%|███▍      | 9/26 [00:00<00:00, 85.71it/s, S=0.4405, loss=-0.3150]
Epoch 71/150 [train]:  35%|███▍      | 9/26 [00:00<00:00, 85.71it/s, S=0.4379, loss=-0.3185]
Epoch 71/150 [train]:  35%|███▍      | 9/26 [00:00<00:00, 85.71it/s, S=0.4325, loss=-0.3044]
Epoch 71/150 [train]:  35%|███▍      | 9/26 [00:00<00:00, 85.71it/s, S=0.4301, loss=-0.2901]
Epoch 71/150 [train]:  69%|██████▉   | 18/26 [00:00<00:00, 85.73it/s, S=0.4301, loss=-0.2901]
Epoch 71/150 [train]:  69%|██████▉   | 18/26 [00:00<00:00, 85.73it/s, S=0.4416, loss=-0.3171]
Epoch 71/150 [train]:  69%|██████▉   | 18/26 [00:00<00:00, 85.73it/s, S=0.4413, loss=-0.3123]
Epoch 71/150 [train]:  69%|██████▉   | 18/26 [00:00<00:00, 85.73it/s, S=0.4351, loss=-0.3158]
Epoch 71/150 [train]:  69%|██████▉   | 18/26 [00:00<00:00, 85.73it/s, S=0.4308, loss=-0.3035]
Epoch 71/150 [train]:  69%|██████▉   | 18/26 [00:00<00:00, 85.73it/s, S=0.4374, loss=-0.2986]
Epoch 71/150 [train]:  69%|██████▉   | 18/26 [00:00<00:00, 85.73it/s, S=0.4335, loss=-0.2907]
Epoch 71/150 [train]:  69%|██████▉   | 18/26 [00:00<00:00, 85.73it/s, S=0.4379, loss=-0.3064]
Epoch 71/150 [train]:  69%|██████▉   | 18/26 [00:00<00:00, 85.73it/s, S=0.4368, loss=-0.3057]
                                                                                             
Epoch  71/150  train loss=-0.3087  val loss=-0.2881  S[mean]=0.4583  ζ=0.3846  mean_plane_ζ=0.2867  reg=0.1702  λscale=0.52  lr=5.00e-04

Epoch 72/150 [train]:   0%|          | 0/26 [00:00<?, ?it/s]
Epoch 72/150 [train]:   0%|          | 0/26 [00:00<?, ?it/s, S=0.4430, loss=-0.3167]
Epoch 72/150 [train]:   0%|          | 0/26 [00:00<?, ?it/s, S=0.4383, loss=-0.3190]
Epoch 72/150 [train]:   0%|          | 0/26 [00:00<?, ?it/s, S=0.4441, loss=-0.3204]
Epoch 72/150 [train]:   0%|          | 0/26 [00:00<?, ?it/s, S=0.4294, loss=-0.3035]
Epoch 72/150 [train]:   0%|          | 0/26 [00:00<?, ?it/s, S=0.4420, loss=-0.3186]
Epoch 72/150 [train]:   0%|          | 0/26 [00:00<?, ?it/s, S=0.4376, loss=-0.3211]
Epoch 72/150 [train]:   0%|          | 0/26 [00:00<?, ?it/s, S=0.4417, loss=-0.3227]
Epoch 72/150 [train]:   0%|          | 0/26 [00:00<?, ?it/s, S=0.4392, loss=-0.3138]
Epoch 72/150 [train]:   0%|          | 0/26 [00:00<?, ?it/s, S=0.4395, loss=-0.3133]
Epoch 72/150 [train]:  35%|███▍      | 9/26 [00:00<00:00, 85.64it/s, S=0.4395, loss=-0.3133]
Epoch 72/150 [train]:  35%|███▍      | 9/26 [00:00<00:00, 85.64it/s, S=0.4381, loss=-0.3065]
Epoch 72/150 [train]:  35%|███▍      | 9/26 [00:00<00:00, 85.64it/s, S=0.4330, loss=-0.3128]
Epoch 72/150 [train]:  35%|███▍      | 9/26 [00:00<00:00, 85.64it/s, S=0.4388, loss=-0.3140]
Epoch 72/150 [train]:  35%|███▍      | 9/26 [00:00<00:00, 85.64it/s, S=0.4380, loss=-0.3109]
Epoch 72/150 [train]:  35%|███▍      | 9/26 [00:00<00:00, 85.64it/s, S=0.4376, loss=-0.3151]
Epoch 72/150 [train]:  35%|███▍      | 9/26 [00:00<00:00, 85.64it/s, S=0.4402, loss=-0.3156]
Epoch 72/150 [train]:  35%|███▍      | 9/26 [00:00<00:00, 85.64it/s, S=0.4312, loss=-0.2927]
Epoch 72/150 [train]:  35%|███▍      | 9/26 [00:00<00:00, 85.64it/s, S=0.4353, loss=-0.3002]
Epoch 72/150 [train]:  35%|███▍      | 9/26 [00:00<00:00, 85.64it/s, S=0.4367, loss=-0.3159]
Epoch 72/150 [train]:  69%|██████▉   | 18/26 [00:00<00:00, 85.74it/s, S=0.4367, loss=-0.3159]
Epoch 72/150 [train]:  69%|██████▉   | 18/26 [00:00<00:00, 85.74it/s, S=0.4363, loss=-0.3120]
Epoch 72/150 [train]:  69%|██████▉   | 18/26 [00:00<00:00, 85.74it/s, S=0.4352, loss=-0.3128]
Epoch 72/150 [train]:  69%|██████▉   | 18/26 [00:00<00:00, 85.74it/s, S=0.4401, loss=-0.3097]
Epoch 72/150 [train]:  69%|██████▉   | 18/26 [00:00<00:00, 85.74it/s, S=0.4344, loss=-0.3014]
Epoch 72/150 [train]:  69%|██████▉   | 18/26 [00:00<00:00, 85.74it/s, S=0.4448, loss=-0.3266]
Epoch 72/150 [train]:  69%|██████▉   | 18/26 [00:00<00:00, 85.74it/s, S=0.4298, loss=-0.2908]
Epoch 72/150 [train]:  69%|██████▉   | 18/26 [00:00<00:00, 85.74it/s, S=0.4364, loss=-0.3073]
Epoch 72/150 [train]:  69%|██████▉   | 18/26 [00:00<00:00, 85.74it/s, S=0.4351, loss=-0.3056]
                                                                                             
Epoch  72/150  train loss=-0.3115  val loss=-0.2902  S[mean]=0.4582  ζ=0.3831  mean_plane_ζ=0.2856  reg=0.1680  λscale=0.53  lr=4.99e-04

Epoch 73/150 [train]:   0%|          | 0/26 [00:00<?, ?it/s]
Epoch 73/150 [train]:   0%|          | 0/26 [00:00<?, ?it/s, S=0.4485, loss=-0.3269]
Epoch 73/150 [train]:   0%|          | 0/26 [00:00<?, ?it/s, S=0.4371, loss=-0.3206]
Epoch 73/150 [train]:   0%|          | 0/26 [00:00<?, ?it/s, S=0.4413, loss=-0.3160]
Epoch 73/150 [train]:   0%|          | 0/26 [00:00<?, ?it/s, S=0.4387, loss=-0.3105]
Epoch 73/150 [train]:   0%|          | 0/26 [00:00<?, ?it/s, S=0.4418, loss=-0.3117]
Epoch 73/150 [train]:   0%|          | 0/26 [00:00<?, ?it/s, S=0.4404, loss=-0.3146]
Epoch 73/150 [train]:   0%|          | 0/26 [00:00<?, ?it/s, S=0.4376, loss=-0.3105]
Epoch 73/150 [train]:   0%|          | 0/26 [00:00<?, ?it/s, S=0.4378, loss=-0.3087]
Epoch 73/150 [train]:   0%|          | 0/26 [00:00<?, ?it/s, S=0.4360, loss=-0.3039]
Epoch 73/150 [train]:  35%|███▍      | 9/26 [00:00<00:00, 85.72it/s, S=0.4360, loss=-0.3039]
Epoch 73/150 [train]:  35%|███▍      | 9/26 [00:00<00:00, 85.72it/s, S=0.4351, loss=-0.3152]
Epoch 73/150 [train]:  35%|███▍      | 9/26 [00:00<00:00, 85.72it/s, S=0.4367, loss=-0.3136]
Epoch 73/150 [train]:  35%|███▍      | 9/26 [00:00<00:00, 85.72it/s, S=0.4365, loss=-0.3149]
Epoch 73/150 [train]:  35%|███▍      | 9/26 [00:00<00:00, 85.72it/s, S=0.4324, loss=-0.3055]
Epoch 73/150 [train]:  35%|███▍      | 9/26 [00:00<00:00, 85.72it/s, S=0.4404, loss=-0.3253]
Epoch 73/150 [train]:  35%|███▍      | 9/26 [00:00<00:00, 85.72it/s, S=0.4344, loss=-0.3108]
Epoch 73/150 [train]:  35%|███▍      | 9/26 [00:00<00:00, 85.72it/s, S=0.4454, loss=-0.3237]
Epoch 73/150 [train]:  35%|███▍      | 9/26 [00:00<00:00, 85.72it/s, S=0.4335, loss=-0.3163]
Epoch 73/150 [train]:  35%|███▍      | 9/26 [00:00<00:00, 85.72it/s, S=0.4398, loss=-0.3191]
Epoch 73/150 [train]:  69%|██████▉   | 18/26 [00:00<00:00, 85.82it/s, S=0.4398, loss=-0.3191]
Epoch 73/150 [train]:  69%|██████▉   | 18/26 [00:00<00:00, 85.82it/s, S=0.4347, loss=-0.2967]
Epoch 73/150 [train]:  69%|██████▉   | 18/26 [00:00<00:00, 85.82it/s, S=0.4417, loss=-0.3193]
Epoch 73/150 [train]:  69%|██████▉   | 18/26 [00:00<00:00, 85.82it/s, S=0.4369, loss=-0.3130]
Epoch 73/150 [train]:  69%|██████▉   | 18/26 [00:00<00:00, 85.82it/s, S=0.4397, loss=-0.3202]
Epoch 73/150 [train]:  69%|██████▉   | 18/26 [00:00<00:00, 85.82it/s, S=0.4295, loss=-0.3030]
Epoch 73/150 [train]:  69%|██████▉   | 18/26 [00:00<00:00, 85.82it/s, S=0.4346, loss=-0.3093]
Epoch 73/150 [train]:  69%|██████▉   | 18/26 [00:00<00:00, 85.82it/s, S=0.4381, loss=-0.3042]
Epoch 73/150 [train]:  69%|██████▉   | 18/26 [00:00<00:00, 85.82it/s, S=0.4347, loss=-0.3079]
                                                                                             
Epoch  73/150  train loss=-0.3131  val loss=-0.2862  S[mean]=0.4586  ζ=0.3809  mean_plane_ζ=0.2846  reg=0.1723  λscale=0.53  lr=4.98e-04

Epoch 74/150 [train]:   0%|          | 0/26 [00:00<?, ?it/s]
Epoch 74/150 [train]:   0%|          | 0/26 [00:00<?, ?it/s, S=0.4409, loss=-0.3216]
Epoch 74/150 [train]:   0%|          | 0/26 [00:00<?, ?it/s, S=0.4418, loss=-0.3202]
Epoch 74/150 [train]:   0%|          | 0/26 [00:00<?, ?it/s, S=0.4416, loss=-0.3117]
Epoch 74/150 [train]:   0%|          | 0/26 [00:00<?, ?it/s, S=0.4376, loss=-0.3040]
Epoch 74/150 [train]:   0%|          | 0/26 [00:00<?, ?it/s, S=0.4361, loss=-0.2997]
Epoch 74/150 [train]:   0%|          | 0/26 [00:00<?, ?it/s, S=0.4330, loss=-0.3039]
Epoch 74/150 [train]:   0%|          | 0/26 [00:00<?, ?it/s, S=0.4365, loss=-0.2975]
Epoch 74/150 [train]:   0%|          | 0/26 [00:00<?, ?it/s, S=0.4382, loss=-0.3164]
Epoch 74/150 [train]:   0%|          | 0/26 [00:00<?, ?it/s, S=0.4361, loss=-0.3191]
Epoch 74/150 [train]:  35%|███▍      | 9/26 [00:00<00:00, 85.91it/s, S=0.4361, loss=-0.3191]
Epoch 74/150 [train]:  35%|███▍      | 9/26 [00:00<00:00, 85.91it/s, S=0.4343, loss=-0.3095]
Epoch 74/150 [train]:  35%|███▍      | 9/26 [00:00<00:00, 85.91it/s, S=0.4365, loss=-0.3033]
Epoch 74/150 [train]:  35%|███▍      | 9/26 [00:00<00:00, 85.91it/s, S=0.4407, loss=-0.3236]
Epoch 74/150 [train]:  35%|███▍      | 9/26 [00:00<00:00, 85.91it/s, S=0.4339, loss=-0.3104]
Epoch 74/150 [train]:  35%|███▍      | 9/26 [00:00<00:00, 85.91it/s, S=0.4458, loss=-0.3261]
Epoch 74/150 [train]:  35%|███▍      | 9/26 [00:00<00:00, 85.91it/s, S=0.4461, loss=-0.3295]
Epoch 74/150 [train]:  35%|███▍      | 9/26 [00:00<00:00, 85.91it/s, S=0.4370, loss=-0.3122]
Epoch 74/150 [train]:  35%|███▍      | 9/26 [00:00<00:00, 85.91it/s, S=0.4435, loss=-0.3227]
Epoch 74/150 [train]:  35%|███▍      | 9/26 [00:00<00:00, 85.91it/s, S=0.4449, loss=-0.3207]
Epoch 74/150 [train]:  69%|██████▉   | 18/26 [00:00<00:00, 85.91it/s, S=0.4449, loss=-0.3207]
Epoch 74/150 [train]:  69%|██████▉   | 18/26 [00:00<00:00, 85.91it/s, S=0.4393, loss=-0.3201]
Epoch 74/150 [train]:  69%|██████▉   | 18/26 [00:00<00:00, 85.91it/s, S=0.4289, loss=-0.3073]
Epoch 74/150 [train]:  69%|██████▉   | 18/26 [00:00<00:00, 85.91it/s, S=0.4445, loss=-0.3293]
Epoch 74/150 [train]:  69%|██████▉   | 18/26 [00:00<00:00, 85.91it/s, S=0.4421, loss=-0.3207]
Epoch 74/150 [train]:  69%|██████▉   | 18/26 [00:00<00:00, 85.91it/s, S=0.4394, loss=-0.3161]
Epoch 74/150 [train]:  69%|██████▉   | 18/26 [00:00<00:00, 85.91it/s, S=0.4421, loss=-0.3234]
Epoch 74/150 [train]:  69%|██████▉   | 18/26 [00:00<00:00, 85.91it/s, S=0.4330, loss=-0.3141]
Epoch 74/150 [train]:  69%|██████▉   | 18/26 [00:00<00:00, 85.91it/s, S=0.4448, loss=-0.3242]
                                                                                             
Epoch  74/150  train loss=-0.3157  val loss=-0.2940  S[mean]=0.4601  ζ=0.3810  mean_plane_ζ=0.2852  reg=0.1661  λscale=0.54  lr=4.97e-04

Epoch 75/150 [train]:   0%|          | 0/26 [00:00<?, ?it/s]
Epoch 75/150 [train]:   0%|          | 0/26 [00:00<?, ?it/s, S=0.4403, loss=-0.3276]
Epoch 75/150 [train]:   0%|          | 0/26 [00:00<?, ?it/s, S=0.4430, loss=-0.3212]
Epoch 75/150 [train]:   0%|          | 0/26 [00:00<?, ?it/s, S=0.4445, loss=-0.3251]
Epoch 75/150 [train]:   0%|          | 0/26 [00:00<?, ?it/s, S=0.4448, loss=-0.3183]
Epoch 75/150 [train]:   0%|          | 0/26 [00:00<?, ?it/s, S=0.4482, loss=-0.3310]
Epoch 75/150 [train]:   0%|          | 0/26 [00:00<?, ?it/s, S=0.4366, loss=-0.3159]
Epoch 75/150 [train]:   0%|          | 0/26 [00:00<?, ?it/s, S=0.4414, loss=-0.3078]
Epoch 75/150 [train]:   0%|          | 0/26 [00:00<?, ?it/s, S=0.4394, loss=-0.3127]
Epoch 75/150 [train]:   0%|          | 0/26 [00:00<?, ?it/s, S=0.4403, loss=-0.3184]
Epoch 75/150 [train]:  35%|███▍      | 9/26 [00:00<00:00, 85.68it/s, S=0.4403, loss=-0.3184]
Epoch 75/150 [train]:  35%|███▍      | 9/26 [00:00<00:00, 85.68it/s, S=0.4421, loss=-0.3272]
Epoch 75/150 [train]:  35%|███▍      | 9/26 [00:00<00:00, 85.68it/s, S=0.4436, loss=-0.3210]
Epoch 75/150 [train]:  35%|███▍      | 9/26 [00:00<00:00, 85.68it/s, S=0.4493, loss=-0.3278]
Epoch 75/150 [train]:  35%|███▍      | 9/26 [00:00<00:00, 85.68it/s, S=0.4345, loss=-0.3057]
Epoch 75/150 [train]:  35%|███▍      | 9/26 [00:00<00:00, 85.68it/s, S=0.4404, loss=-0.3193]
Epoch 75/150 [train]:  35%|███▍      | 9/26 [00:00<00:00, 85.68it/s, S=0.4425, loss=-0.3198]
Epoch 75/150 [train]:  35%|███▍      | 9/26 [00:00<00:00, 85.68it/s, S=0.4439, loss=-0.3276]
Epoch 75/150 [train]:  35%|███▍      | 9/26 [00:00<00:00, 85.68it/s, S=0.4456, loss=-0.3230]
Epoch 75/150 [train]:  35%|███▍      | 9/26 [00:00<00:00, 85.68it/s, S=0.4352, loss=-0.3183]
Epoch 75/150 [train]:  69%|██████▉   | 18/26 [00:00<00:00, 85.79it/s, S=0.4352, loss=-0.3183]
Epoch 75/150 [train]:  69%|██████▉   | 18/26 [00:00<00:00, 85.79it/s, S=0.4376, loss=-0.3170]
Epoch 75/150 [train]:  69%|██████▉   | 18/26 [00:00<00:00, 85.79it/s, S=0.4395, loss=-0.3246]
Epoch 75/150 [train]:  69%|██████▉   | 18/26 [00:00<00:00, 85.79it/s, S=0.4319, loss=-0.3105]
Epoch 75/150 [train]:  69%|██████▉   | 18/26 [00:00<00:00, 85.79it/s, S=0.4405, loss=-0.3140]
Epoch 75/150 [train]:  69%|██████▉   | 18/26 [00:00<00:00, 85.79it/s, S=0.4408, loss=-0.3228]
Epoch 75/150 [train]:  69%|██████▉   | 18/26 [00:00<00:00, 85.79it/s, S=0.4365, loss=-0.3152]
Epoch 75/150 [train]:  69%|██████▉   | 18/26 [00:00<00:00, 85.79it/s, S=0.4461, loss=-0.3304]
Epoch 75/150 [train]:  69%|██████▉   | 18/26 [00:00<00:00, 85.79it/s, S=0.4460, loss=-0.3201]
                                                                                             
Epoch  75/150  train loss=-0.3201  val loss=-0.2954  S[mean]=0.4608  ζ=0.3799  mean_plane_ζ=0.2848  reg=0.1654  λscale=0.55  lr=4.95e-04

Epoch 76/150 [train]:   0%|          | 0/26 [00:00<?, ?it/s]
Epoch 76/150 [train]:   0%|          | 0/26 [00:00<?, ?it/s, S=0.4419, loss=-0.3261]
Epoch 76/150 [train]:   0%|          | 0/26 [00:00<?, ?it/s, S=0.4438, loss=-0.3206]
Epoch 76/150 [train]:   0%|          | 0/26 [00:00<?, ?it/s, S=0.4432, loss=-0.3193]
Epoch 76/150 [train]:   0%|          | 0/26 [00:00<?, ?it/s, S=0.4390, loss=-0.3199]
Epoch 76/150 [train]:   0%|          | 0/26 [00:00<?, ?it/s, S=0.4489, loss=-0.3292]
Epoch 76/150 [train]:   0%|          | 0/26 [00:00<?, ?it/s, S=0.4492, loss=-0.3247]
Epoch 76/150 [train]:   0%|          | 0/26 [00:00<?, ?it/s, S=0.4491, loss=-0.3220]
Epoch 76/150 [train]:   0%|          | 0/26 [00:00<?, ?it/s, S=0.4408, loss=-0.3197]
Epoch 76/150 [train]:   0%|          | 0/26 [00:00<?, ?it/s, S=0.4448, loss=-0.3277]
Epoch 76/150 [train]:  35%|███▍      | 9/26 [00:00<00:00, 85.68it/s, S=0.4448, loss=-0.3277]
Epoch 76/150 [train]:  35%|███▍      | 9/26 [00:00<00:00, 85.68it/s, S=0.4369, loss=-0.3113]
Epoch 76/150 [train]:  35%|███▍      | 9/26 [00:00<00:00, 85.68it/s, S=0.4323, loss=-0.3065]
Epoch 76/150 [train]:  35%|███▍      | 9/26 [00:00<00:00, 85.68it/s, S=0.4336, loss=-0.3151]
Epoch 76/150 [train]:  35%|███▍      | 9/26 [00:00<00:00, 85.68it/s, S=0.4381, loss=-0.3221]
Epoch 76/150 [train]:  35%|███▍      | 9/26 [00:00<00:00, 85.68it/s, S=0.4481, loss=-0.3302]
Epoch 76/150 [train]:  35%|███▍      | 9/26 [00:00<00:00, 85.68it/s, S=0.4453, loss=-0.3134]
Epoch 76/150 [train]:  35%|███▍      | 9/26 [00:00<00:00, 85.68it/s, S=0.4439, loss=-0.3243]
Epoch 76/150 [train]:  35%|███▍      | 9/26 [00:00<00:00, 85.68it/s, S=0.4361, loss=-0.3197]
Epoch 76/150 [train]:  35%|███▍      | 9/26 [00:00<00:00, 85.68it/s, S=0.4318, loss=-0.3035]
Epoch 76/150 [train]:  69%|██████▉   | 18/26 [00:00<00:00, 85.86it/s, S=0.4318, loss=-0.3035]
Epoch 76/150 [train]:  69%|██████▉   | 18/26 [00:00<00:00, 85.86it/s, S=0.4349, loss=-0.3105]
Epoch 76/150 [train]:  69%|██████▉   | 18/26 [00:00<00:00, 85.86it/s, S=0.4310, loss=-0.2965]
Epoch 76/150 [train]:  69%|██████▉   | 18/26 [00:00<00:00, 85.86it/s, S=0.4465, loss=-0.3331]
Epoch 76/150 [train]:  69%|██████▉   | 18/26 [00:00<00:00, 85.86it/s, S=0.4358, loss=-0.3100]
Epoch 76/150 [train]:  69%|██████▉   | 18/26 [00:00<00:00, 85.86it/s, S=0.4404, loss=-0.3181]
Epoch 76/150 [train]:  69%|██████▉   | 18/26 [00:00<00:00, 85.86it/s, S=0.4397, loss=-0.3197]
Epoch 76/150 [train]:  69%|██████▉   | 18/26 [00:00<00:00, 85.86it/s, S=0.4470, loss=-0.3257]
Epoch 76/150 [train]:  69%|██████▉   | 18/26 [00:00<00:00, 85.86it/s, S=0.4479, loss=-0.3292]
                                                                                             
Epoch  76/150  train loss=-0.3191  val loss=-0.2966  S[mean]=0.4609  ζ=0.3790  mean_plane_ζ=0.2839  reg=0.1643  λscale=0.55  lr=4.93e-04

Epoch 77/150 [train]:   0%|          | 0/26 [00:00<?, ?it/s]
Epoch 77/150 [train]:   0%|          | 0/26 [00:00<?, ?it/s, S=0.4474, loss=-0.3232]
Epoch 77/150 [train]:   0%|          | 0/26 [00:00<?, ?it/s, S=0.4434, loss=-0.3295]
Epoch 77/150 [train]:   0%|          | 0/26 [00:00<?, ?it/s, S=0.4345, loss=-0.2916]
Epoch 77/150 [train]:   0%|          | 0/26 [00:00<?, ?it/s, S=0.4447, loss=-0.3207]
Epoch 77/150 [train]:   0%|          | 0/26 [00:00<?, ?it/s, S=0.4437, loss=-0.3300]
Epoch 77/150 [train]:   0%|          | 0/26 [00:00<?, ?it/s, S=0.4477, loss=-0.3265]
Epoch 77/150 [train]:   0%|          | 0/26 [00:00<?, ?it/s, S=0.4331, loss=-0.3074]
Epoch 77/150 [train]:   0%|          | 0/26 [00:00<?, ?it/s, S=0.4378, loss=-0.3163]
Epoch 77/150 [train]:   0%|          | 0/26 [00:00<?, ?it/s, S=0.4360, loss=-0.3117]
Epoch 77/150 [train]:  35%|███▍      | 9/26 [00:00<00:00, 85.37it/s, S=0.4360, loss=-0.3117]
Epoch 77/150 [train]:  35%|███▍      | 9/26 [00:00<00:00, 85.37it/s, S=0.4492, loss=-0.3301]
Epoch 77/150 [train]:  35%|███▍      | 9/26 [00:00<00:00, 85.37it/s, S=0.4366, loss=-0.3150]
Epoch 77/150 [train]:  35%|███▍      | 9/26 [00:00<00:00, 85.37it/s, S=0.4433, loss=-0.3229]
Epoch 77/150 [train]:  35%|███▍      | 9/26 [00:00<00:00, 85.37it/s, S=0.4467, loss=-0.3324]
Epoch 77/150 [train]:  35%|███▍      | 9/26 [00:00<00:00, 85.37it/s, S=0.4428, loss=-0.3259]
Epoch 77/150 [train]:  35%|███▍      | 9/26 [00:00<00:00, 85.37it/s, S=0.4442, loss=-0.3308]
Epoch 77/150 [train]:  35%|███▍      | 9/26 [00:00<00:00, 85.37it/s, S=0.4377, loss=-0.3049]
Epoch 77/150 [train]:  35%|███▍      | 9/26 [00:00<00:00, 85.37it/s, S=0.4428, loss=-0.3131]
Epoch 77/150 [train]:  35%|███▍      | 9/26 [00:00<00:00, 85.37it/s, S=0.4416, loss=-0.3260]
Epoch 77/150 [train]:  69%|██████▉   | 18/26 [00:00<00:00, 85.75it/s, S=0.4416, loss=-0.3260]
Epoch 77/150 [train]:  69%|██████▉   | 18/26 [00:00<00:00, 85.75it/s, S=0.4468, loss=-0.3286]
Epoch 77/150 [train]:  69%|██████▉   | 18/26 [00:00<00:00, 85.75it/s, S=0.4445, loss=-0.3247]
Epoch 77/150 [train]:  69%|██████▉   | 18/26 [00:00<00:00, 85.75it/s, S=0.4403, loss=-0.3243]
Epoch 77/150 [train]:  69%|██████▉   | 18/26 [00:00<00:00, 85.75it/s, S=0.4378, loss=-0.3079]
Epoch 77/150 [train]:  69%|██████▉   | 18/26 [00:00<00:00, 85.75it/s, S=0.4408, loss=-0.3078]
Epoch 77/150 [train]:  69%|██████▉   | 18/26 [00:00<00:00, 85.75it/s, S=0.4470, loss=-0.3227]
Epoch 77/150 [train]:  69%|██████▉   | 18/26 [00:00<00:00, 85.75it/s, S=0.4359, loss=-0.3007]
Epoch 77/150 [train]:  69%|██████▉   | 18/26 [00:00<00:00, 85.75it/s, S=0.4376, loss=-0.3195]
                                                                                             
Epoch  77/150  train loss=-0.3190  val loss=-0.2932  S[mean]=0.4615  ζ=0.3778  mean_plane_ζ=0.2837  reg=0.1683  λscale=0.56  lr=4.91e-04

Epoch 78/150 [train]:   0%|          | 0/26 [00:00<?, ?it/s]
Epoch 78/150 [train]:   0%|          | 0/26 [00:00<?, ?it/s, S=0.4439, loss=-0.3140]
Epoch 78/150 [train]:   0%|          | 0/26 [00:00<?, ?it/s, S=0.4424, loss=-0.3139]
Epoch 78/150 [train]:   0%|          | 0/26 [00:00<?, ?it/s, S=0.4393, loss=-0.3254]
Epoch 78/150 [train]:   0%|          | 0/26 [00:00<?, ?it/s, S=0.4476, loss=-0.3282]
Epoch 78/150 [train]:   0%|          | 0/26 [00:00<?, ?it/s, S=0.4403, loss=-0.3210]
Epoch 78/150 [train]:   0%|          | 0/26 [00:00<?, ?it/s, S=0.4415, loss=-0.3202]
Epoch 78/150 [train]:   0%|          | 0/26 [00:00<?, ?it/s, S=0.4440, loss=-0.3208]
Epoch 78/150 [train]:   0%|          | 0/26 [00:00<?, ?it/s, S=0.4410, loss=-0.3167]
Epoch 78/150 [train]:   0%|          | 0/26 [00:00<?, ?it/s, S=0.4443, loss=-0.3266]
Epoch 78/150 [train]:  35%|███▍      | 9/26 [00:00<00:00, 85.79it/s, S=0.4443, loss=-0.3266]
Epoch 78/150 [train]:  35%|███▍      | 9/26 [00:00<00:00, 85.79it/s, S=0.4412, loss=-0.3086]
Epoch 78/150 [train]:  35%|███▍      | 9/26 [00:00<00:00, 85.79it/s, S=0.4449, loss=-0.3305]
Epoch 78/150 [train]:  35%|███▍      | 9/26 [00:00<00:00, 85.79it/s, S=0.4430, loss=-0.3286]
Epoch 78/150 [train]:  35%|███▍      | 9/26 [00:00<00:00, 85.79it/s, S=0.4500, loss=-0.3330]
Epoch 78/150 [train]:  35%|███▍      | 9/26 [00:00<00:00, 85.79it/s, S=0.4492, loss=-0.3353]
Epoch 78/150 [train]:  35%|███▍      | 9/26 [00:00<00:00, 85.79it/s, S=0.4387, loss=-0.3157]
Epoch 78/150 [train]:  35%|███▍      | 9/26 [00:00<00:00, 85.79it/s, S=0.4459, loss=-0.3316]
Epoch 78/150 [train]:  35%|███▍      | 9/26 [00:00<00:00, 85.79it/s, S=0.4434, loss=-0.3295]
Epoch 78/150 [train]:  35%|███▍      | 9/26 [00:00<00:00, 85.79it/s, S=0.4373, loss=-0.3060]
Epoch 78/150 [train]:  69%|██████▉   | 18/26 [00:00<00:00, 85.85it/s, S=0.4373, loss=-0.3060]
Epoch 78/150 [train]:  69%|██████▉   | 18/26 [00:00<00:00, 85.85it/s, S=0.4450, loss=-0.3315]
Epoch 78/150 [train]:  69%|██████▉   | 18/26 [00:00<00:00, 85.85it/s, S=0.4478, loss=-0.3316]
Epoch 78/150 [train]:  69%|██████▉   | 18/26 [00:00<00:00, 85.85it/s, S=0.4357, loss=-0.3183]
Epoch 78/150 [train]:  69%|██████▉   | 18/26 [00:00<00:00, 85.85it/s, S=0.4392, loss=-0.3099]
Epoch 78/150 [train]:  69%|██████▉   | 18/26 [00:00<00:00, 85.85it/s, S=0.4429, loss=-0.3204]
Epoch 78/150 [train]:  69%|██████▉   | 18/26 [00:00<00:00, 85.85it/s, S=0.4472, loss=-0.3351]
Epoch 78/150 [train]:  69%|██████▉   | 18/26 [00:00<00:00, 85.85it/s, S=0.4457, loss=-0.3323]
Epoch 78/150 [train]:  69%|██████▉   | 18/26 [00:00<00:00, 85.85it/s, S=0.4452, loss=-0.3348]
                                                                                             
Epoch  78/150  train loss=-0.3238  val loss=-0.2964  S[mean]=0.4620  ζ=0.3769  mean_plane_ζ=0.2827  reg=0.1656  λscale=0.57  lr=4.88e-04

Epoch 79/150 [train]:   0%|          | 0/26 [00:00<?, ?it/s]
Epoch 79/150 [train]:   0%|          | 0/26 [00:00<?, ?it/s, S=0.4476, loss=-0.3344]
Epoch 79/150 [train]:   0%|          | 0/26 [00:00<?, ?it/s, S=0.4476, loss=-0.3258]
Epoch 79/150 [train]:   0%|          | 0/26 [00:00<?, ?it/s, S=0.4475, loss=-0.3310]
Epoch 79/150 [train]:   0%|          | 0/26 [00:00<?, ?it/s, S=0.4401, loss=-0.3184]
Epoch 79/150 [train]:   0%|          | 0/26 [00:00<?, ?it/s, S=0.4396, loss=-0.3158]
Epoch 79/150 [train]:   0%|          | 0/26 [00:00<?, ?it/s, S=0.4403, loss=-0.3181]
Epoch 79/150 [train]:   0%|          | 0/26 [00:00<?, ?it/s, S=0.4462, loss=-0.3227]
Epoch 79/150 [train]:   0%|          | 0/26 [00:00<?, ?it/s, S=0.4430, loss=-0.3257]
Epoch 79/150 [train]:   0%|          | 0/26 [00:00<?, ?it/s, S=0.4396, loss=-0.3224]
Epoch 79/150 [train]:  35%|███▍      | 9/26 [00:00<00:00, 85.61it/s, S=0.4396, loss=-0.3224]
Epoch 79/150 [train]:  35%|███▍      | 9/26 [00:00<00:00, 85.61it/s, S=0.4464, loss=-0.3242]
Epoch 79/150 [train]:  35%|███▍      | 9/26 [00:00<00:00, 85.61it/s, S=0.4516, loss=-0.3349]
Epoch 79/150 [train]:  35%|███▍      | 9/26 [00:00<00:00, 85.61it/s, S=0.4451, loss=-0.3253]
Epoch 79/150 [train]:  35%|███▍      | 9/26 [00:00<00:00, 85.61it/s, S=0.4429, loss=-0.3304]
Epoch 79/150 [train]:  35%|███▍      | 9/26 [00:00<00:00, 85.61it/s, S=0.4378, loss=-0.3220]
Epoch 79/150 [train]:  35%|███▍      | 9/26 [00:00<00:00, 85.61it/s, S=0.4393, loss=-0.3176]
Epoch 79/150 [train]:  35%|███▍      | 9/26 [00:00<00:00, 85.61it/s, S=0.4456, loss=-0.3173]
Epoch 79/150 [train]:  35%|███▍      | 9/26 [00:00<00:00, 85.61it/s, S=0.4425, loss=-0.3266]
Epoch 79/150 [train]:  35%|███▍      | 9/26 [00:00<00:00, 85.61it/s, S=0.4417, loss=-0.3241]
Epoch 79/150 [train]:  69%|██████▉   | 18/26 [00:00<00:00, 85.77it/s, S=0.4417, loss=-0.3241]
Epoch 79/150 [train]:  69%|██████▉   | 18/26 [00:00<00:00, 85.77it/s, S=0.4406, loss=-0.3272]
Epoch 79/150 [train]:  69%|██████▉   | 18/26 [00:00<00:00, 85.77it/s, S=0.4507, loss=-0.3364]
Epoch 79/150 [train]:  69%|██████▉   | 18/26 [00:00<00:00, 85.77it/s, S=0.4449, loss=-0.3237]
Epoch 79/150 [train]:  69%|██████▉   | 18/26 [00:00<00:00, 85.77it/s, S=0.4534, loss=-0.3312]
Epoch 79/150 [train]:  69%|██████▉   | 18/26 [00:00<00:00, 85.77it/s, S=0.4484, loss=-0.3298]
Epoch 79/150 [train]:  69%|██████▉   | 18/26 [00:00<00:00, 85.77it/s, S=0.4447, loss=-0.3141]
Epoch 79/150 [train]:  69%|██████▉   | 18/26 [00:00<00:00, 85.77it/s, S=0.4464, loss=-0.3334]
Epoch 79/150 [train]:  69%|██████▉   | 18/26 [00:00<00:00, 85.77it/s, S=0.4485, loss=-0.3209]
                                                                                             
Epoch  79/150  train loss=-0.3251  val loss=-0.2951  S[mean]=0.4628  ζ=0.3758  mean_plane_ζ=0.2823  reg=0.1677  λscale=0.57  lr=4.85e-04

Epoch 80/150 [train]:   0%|          | 0/26 [00:00<?, ?it/s]
Epoch 80/150 [train]:   0%|          | 0/26 [00:00<?, ?it/s, S=0.4388, loss=-0.3067]
Epoch 80/150 [train]:   0%|          | 0/26 [00:00<?, ?it/s, S=0.4405, loss=-0.3238]
Epoch 80/150 [train]:   0%|          | 0/26 [00:00<?, ?it/s, S=0.4416, loss=-0.3244]
Epoch 80/150 [train]:   0%|          | 0/26 [00:00<?, ?it/s, S=0.4467, loss=-0.3190]
Epoch 80/150 [train]:   0%|          | 0/26 [00:00<?, ?it/s, S=0.4386, loss=-0.3194]
Epoch 80/150 [train]:   0%|          | 0/26 [00:00<?, ?it/s, S=0.4526, loss=-0.3407]
Epoch 80/150 [train]:   0%|          | 0/26 [00:00<?, ?it/s, S=0.4545, loss=-0.3391]
Epoch 80/150 [train]:   0%|          | 0/26 [00:00<?, ?it/s, S=0.4375, loss=-0.3125]
Epoch 80/150 [train]:   0%|          | 0/26 [00:00<?, ?it/s, S=0.4403, loss=-0.3221]
Epoch 80/150 [train]:  35%|███▍      | 9/26 [00:00<00:00, 85.39it/s, S=0.4403, loss=-0.3221]
Epoch 80/150 [train]:  35%|███▍      | 9/26 [00:00<00:00, 85.39it/s, S=0.4421, loss=-0.3170]
Epoch 80/150 [train]:  35%|███▍      | 9/26 [00:00<00:00, 85.39it/s, S=0.4469, loss=-0.3292]
Epoch 80/150 [train]:  35%|███▍      | 9/26 [00:00<00:00, 85.39it/s, S=0.4415, loss=-0.3272]
Epoch 80/150 [train]:  35%|███▍      | 9/26 [00:00<00:00, 85.39it/s, S=0.4439, loss=-0.3192]
Epoch 80/150 [train]:  35%|███▍      | 9/26 [00:00<00:00, 85.39it/s, S=0.4443, loss=-0.3149]
Epoch 80/150 [train]:  35%|███▍      | 9/26 [00:00<00:00, 85.39it/s, S=0.4501, loss=-0.3391]
Epoch 80/150 [train]:  35%|███▍      | 9/26 [00:00<00:00, 85.39it/s, S=0.4465, loss=-0.3309]
Epoch 80/150 [train]:  35%|███▍      | 9/26 [00:00<00:00, 85.39it/s, S=0.4478, loss=-0.3247]
Epoch 80/150 [train]:  35%|███▍      | 9/26 [00:00<00:00, 85.39it/s, S=0.4438, loss=-0.3135]
Epoch 80/150 [train]:  69%|██████▉   | 18/26 [00:00<00:00, 85.79it/s, S=0.4438, loss=-0.3135]
Epoch 80/150 [train]:  69%|██████▉   | 18/26 [00:00<00:00, 85.79it/s, S=0.4496, loss=-0.3310]
Epoch 80/150 [train]:  69%|██████▉   | 18/26 [00:00<00:00, 85.79it/s, S=0.4483, loss=-0.3247]
Epoch 80/150 [train]:  69%|██████▉   | 18/26 [00:00<00:00, 85.79it/s, S=0.4523, loss=-0.3365]
Epoch 80/150 [train]:  69%|██████▉   | 18/26 [00:00<00:00, 85.79it/s, S=0.4502, loss=-0.3344]
Epoch 80/150 [train]:  69%|██████▉   | 18/26 [00:00<00:00, 85.79it/s, S=0.4487, loss=-0.3235]
Epoch 80/150 [train]:  69%|██████▉   | 18/26 [00:00<00:00, 85.79it/s, S=0.4397, loss=-0.3171]
Epoch 80/150 [train]:  69%|██████▉   | 18/26 [00:00<00:00, 85.79it/s, S=0.4465, loss=-0.3364]
Epoch 80/150 [train]:  69%|██████▉   | 18/26 [00:00<00:00, 85.79it/s, S=0.4457, loss=-0.3314]
                                                                                             
Epoch  80/150  train loss=-0.3253  val loss=-0.2990  S[mean]=0.4625  ζ=0.3767  mean_plane_ζ=0.2827  reg=0.1635  λscale=0.58  lr=4.81e-04

Epoch 81/150 [train]:   0%|          | 0/26 [00:00<?, ?it/s]
Epoch 81/150 [train]:   0%|          | 0/26 [00:00<?, ?it/s, S=0.4506, loss=-0.3291]
Epoch 81/150 [train]:   0%|          | 0/26 [00:00<?, ?it/s, S=0.4425, loss=-0.3252]
Epoch 81/150 [train]:   0%|          | 0/26 [00:00<?, ?it/s, S=0.4494, loss=-0.3312]
Epoch 81/150 [train]:   0%|          | 0/26 [00:00<?, ?it/s, S=0.4490, loss=-0.3385]
Epoch 81/150 [train]:   0%|          | 0/26 [00:00<?, ?it/s, S=0.4479, loss=-0.3281]
Epoch 81/150 [train]:   0%|          | 0/26 [00:00<?, ?it/s, S=0.4507, loss=-0.3354]
Epoch 81/150 [train]:   0%|          | 0/26 [00:00<?, ?it/s, S=0.4555, loss=-0.3251]
Epoch 81/150 [train]:   0%|          | 0/26 [00:00<?, ?it/s, S=0.4373, loss=-0.3220]
Epoch 81/150 [train]:   0%|          | 0/26 [00:00<?, ?it/s, S=0.4506, loss=-0.3362]
Epoch 81/150 [train]:  35%|███▍      | 9/26 [00:00<00:00, 85.51it/s, S=0.4506, loss=-0.3362]
Epoch 81/150 [train]:  35%|███▍      | 9/26 [00:00<00:00, 85.51it/s, S=0.4505, loss=-0.3295]
Epoch 81/150 [train]:  35%|███▍      | 9/26 [00:00<00:00, 85.51it/s, S=0.4468, loss=-0.3385]
Epoch 81/150 [train]:  35%|███▍      | 9/26 [00:00<00:00, 85.51it/s, S=0.4479, loss=-0.3339]
Epoch 81/150 [train]:  35%|███▍      | 9/26 [00:00<00:00, 85.51it/s, S=0.4495, loss=-0.3353]
Epoch 81/150 [train]:  35%|███▍      | 9/26 [00:00<00:00, 85.51it/s, S=0.4483, loss=-0.3326]
Epoch 81/150 [train]:  35%|███▍      | 9/26 [00:00<00:00, 85.51it/s, S=0.4516, loss=-0.3367]
Epoch 81/150 [train]:  35%|███▍      | 9/26 [00:00<00:00, 85.51it/s, S=0.4500, loss=-0.3251]
Epoch 81/150 [train]:  35%|███▍      | 9/26 [00:00<00:00, 85.51it/s, S=0.4481, loss=-0.3392]
Epoch 81/150 [train]:  35%|███▍      | 9/26 [00:00<00:00, 85.51it/s, S=0.4424, loss=-0.3311]
Epoch 81/150 [train]:  69%|██████▉   | 18/26 [00:00<00:00, 85.68it/s, S=0.4424, loss=-0.3311]
Epoch 81/150 [train]:  69%|██████▉   | 18/26 [00:00<00:00, 85.68it/s, S=0.4450, loss=-0.3192]
Epoch 81/150 [train]:  69%|██████▉   | 18/26 [00:00<00:00, 85.68it/s, S=0.4438, loss=-0.3308]
Epoch 81/150 [train]:  69%|██████▉   | 18/26 [00:00<00:00, 85.68it/s, S=0.4359, loss=-0.3118]
Epoch 81/150 [train]:  69%|██████▉   | 18/26 [00:00<00:00, 85.68it/s, S=0.4432, loss=-0.3217]
Epoch 81/150 [train]:  69%|██████▉   | 18/26 [00:00<00:00, 85.68it/s, S=0.4430, loss=-0.3287]
Epoch 81/150 [train]:  69%|██████▉   | 18/26 [00:00<00:00, 85.68it/s, S=0.4481, loss=-0.3297]
Epoch 81/150 [train]:  69%|██████▉   | 18/26 [00:00<00:00, 85.68it/s, S=0.4438, loss=-0.3273]
Epoch 81/150 [train]:  69%|██████▉   | 18/26 [00:00<00:00, 85.68it/s, S=0.4459, loss=-0.3302]
                                                                                             
Epoch  81/150  train loss=-0.3297  val loss=-0.3006  S[mean]=0.4637  ζ=0.3766  mean_plane_ζ=0.2828  reg=0.1630  λscale=0.58  lr=4.77e-04

Epoch 82/150 [train]:   0%|          | 0/26 [00:00<?, ?it/s]
Epoch 82/150 [train]:   0%|          | 0/26 [00:00<?, ?it/s, S=0.4518, loss=-0.3404]
Epoch 82/150 [train]:   0%|          | 0/26 [00:00<?, ?it/s, S=0.4385, loss=-0.3278]
Epoch 82/150 [train]:   0%|          | 0/26 [00:00<?, ?it/s, S=0.4518, loss=-0.3401]
Epoch 82/150 [train]:   0%|          | 0/26 [00:00<?, ?it/s, S=0.4485, loss=-0.3331]
Epoch 82/150 [train]:   0%|          | 0/26 [00:00<?, ?it/s, S=0.4472, loss=-0.3335]
Epoch 82/150 [train]:   0%|          | 0/26 [00:00<?, ?it/s, S=0.4459, loss=-0.3263]
Epoch 82/150 [train]:   0%|          | 0/26 [00:00<?, ?it/s, S=0.4521, loss=-0.3314]
Epoch 82/150 [train]:   0%|          | 0/26 [00:00<?, ?it/s, S=0.4430, loss=-0.3229]
Epoch 82/150 [train]:   0%|          | 0/26 [00:00<?, ?it/s, S=0.4555, loss=-0.3399]
Epoch 82/150 [train]:  35%|███▍      | 9/26 [00:00<00:00, 85.65it/s, S=0.4555, loss=-0.3399]
Epoch 82/150 [train]:  35%|███▍      | 9/26 [00:00<00:00, 85.65it/s, S=0.4391, loss=-0.3145]
Epoch 82/150 [train]:  35%|███▍      | 9/26 [00:00<00:00, 85.65it/s, S=0.4413, loss=-0.3226]
Epoch 82/150 [train]:  35%|███▍      | 9/26 [00:00<00:00, 85.65it/s, S=0.4458, loss=-0.3307]
Epoch 82/150 [train]:  35%|███▍      | 9/26 [00:00<00:00, 85.65it/s, S=0.4532, loss=-0.3460]
Epoch 82/150 [train]:  35%|███▍      | 9/26 [00:00<00:00, 85.65it/s, S=0.4522, loss=-0.3348]
Epoch 82/150 [train]:  35%|███▍      | 9/26 [00:00<00:00, 85.65it/s, S=0.4506, loss=-0.3369]
Epoch 82/150 [train]:  35%|███▍      | 9/26 [00:00<00:00, 85.65it/s, S=0.4497, loss=-0.3315]
Epoch 82/150 [train]:  35%|███▍      | 9/26 [00:00<00:00, 85.65it/s, S=0.4504, loss=-0.3422]
Epoch 82/150 [train]:  35%|███▍      | 9/26 [00:00<00:00, 85.65it/s, S=0.4447, loss=-0.3301]
Epoch 82/150 [train]:  69%|██████▉   | 18/26 [00:00<00:00, 85.76it/s, S=0.4447, loss=-0.3301]
Epoch 82/150 [train]:  69%|██████▉   | 18/26 [00:00<00:00, 85.76it/s, S=0.4513, loss=-0.3405]
Epoch 82/150 [train]:  69%|██████▉   | 18/26 [00:00<00:00, 85.76it/s, S=0.4428, loss=-0.3289]
Epoch 82/150 [train]:  69%|██████▉   | 18/26 [00:00<00:00, 85.76it/s, S=0.4471, loss=-0.3368]
Epoch 82/150 [train]:  69%|██████▉   | 18/26 [00:00<00:00, 85.76it/s, S=0.4476, loss=-0.3291]
Epoch 82/150 [train]:  69%|██████▉   | 18/26 [00:00<00:00, 85.76it/s, S=0.4440, loss=-0.3318]
Epoch 82/150 [train]:  69%|██████▉   | 18/26 [00:00<00:00, 85.76it/s, S=0.4403, loss=-0.3142]
Epoch 82/150 [train]:  69%|██████▉   | 18/26 [00:00<00:00, 85.76it/s, S=0.4503, loss=-0.3339]
Epoch 82/150 [train]:  69%|██████▉   | 18/26 [00:00<00:00, 85.76it/s, S=0.4445, loss=-0.3280]
                                                                                             
Epoch  82/150  train loss=-0.3318  val loss=-0.2995  S[mean]=0.4627  ζ=0.3758  mean_plane_ζ=0.2824  reg=0.1632  λscale=0.59  lr=4.73e-04

Epoch 83/150 [train]:   0%|          | 0/26 [00:00<?, ?it/s]
Epoch 83/150 [train]:   0%|          | 0/26 [00:00<?, ?it/s, S=0.4477, loss=-0.3282]
Epoch 83/150 [train]:   0%|          | 0/26 [00:00<?, ?it/s, S=0.4482, loss=-0.3279]
Epoch 83/150 [train]:   0%|          | 0/26 [00:00<?, ?it/s, S=0.4548, loss=-0.3405]
Epoch 83/150 [train]:   0%|          | 0/26 [00:00<?, ?it/s, S=0.4485, loss=-0.3297]
Epoch 83/150 [train]:   0%|          | 0/26 [00:00<?, ?it/s, S=0.4465, loss=-0.3333]
Epoch 83/150 [train]:   0%|          | 0/26 [00:00<?, ?it/s, S=0.4477, loss=-0.3376]
Epoch 83/150 [train]:   0%|          | 0/26 [00:00<?, ?it/s, S=0.4486, loss=-0.3302]
Epoch 83/150 [train]:   0%|          | 0/26 [00:00<?, ?it/s, S=0.4539, loss=-0.3375]
Epoch 83/150 [train]:   0%|          | 0/26 [00:00<?, ?it/s, S=0.4477, loss=-0.3404]
Epoch 83/150 [train]:  35%|███▍      | 9/26 [00:00<00:00, 85.56it/s, S=0.4477, loss=-0.3404]
Epoch 83/150 [train]:  35%|███▍      | 9/26 [00:00<00:00, 85.56it/s, S=0.4457, loss=-0.3242]
Epoch 83/150 [train]:  35%|███▍      | 9/26 [00:00<00:00, 85.56it/s, S=0.4427, loss=-0.3246]
Epoch 83/150 [train]:  35%|███▍      | 9/26 [00:00<00:00, 85.56it/s, S=0.4456, loss=-0.3314]
Epoch 83/150 [train]:  35%|███▍      | 9/26 [00:00<00:00, 85.56it/s, S=0.4397, loss=-0.3181]
Epoch 83/150 [train]:  35%|███▍      | 9/26 [00:00<00:00, 85.56it/s, S=0.4463, loss=-0.3224]
Epoch 83/150 [train]:  35%|███▍      | 9/26 [00:00<00:00, 85.56it/s, S=0.4405, loss=-0.3177]
Epoch 83/150 [train]:  35%|███▍      | 9/26 [00:00<00:00, 85.56it/s, S=0.4500, loss=-0.3358]
Epoch 83/150 [train]:  35%|███▍      | 9/26 [00:00<00:00, 85.56it/s, S=0.4448, loss=-0.3312]
Epoch 83/150 [train]:  35%|███▍      | 9/26 [00:00<00:00, 85.56it/s, S=0.4439, loss=-0.3312]
Epoch 83/150 [train]:  69%|██████▉   | 18/26 [00:00<00:00, 85.74it/s, S=0.4439, loss=-0.3312]
Epoch 83/150 [train]:  69%|██████▉   | 18/26 [00:00<00:00, 85.74it/s, S=0.4493, loss=-0.3335]
Epoch 83/150 [train]:  69%|██████▉   | 18/26 [00:00<00:00, 85.74it/s, S=0.4527, loss=-0.3415]
Epoch 83/150 [train]:  69%|██████▉   | 18/26 [00:00<00:00, 85.74it/s, S=0.4447, loss=-0.3375]
Epoch 83/150 [train]:  69%|██████▉   | 18/26 [00:00<00:00, 85.74it/s, S=0.4470, loss=-0.3290]
Epoch 83/150 [train]:  69%|██████▉   | 18/26 [00:00<00:00, 85.74it/s, S=0.4341, loss=-0.3221]
Epoch 83/150 [train]:  69%|██████▉   | 18/26 [00:00<00:00, 85.74it/s, S=0.4406, loss=-0.3264]
Epoch 83/150 [train]:  69%|██████▉   | 18/26 [00:00<00:00, 85.74it/s, S=0.4495, loss=-0.3345]
Epoch 83/150 [train]:  69%|██████▉   | 18/26 [00:00<00:00, 85.74it/s, S=0.4595, loss=-0.3476]
                                                                                             
Epoch  83/150  train loss=-0.3313  val loss=-0.3003  S[mean]=0.4635  ζ=0.3755  mean_plane_ζ=0.2823  reg=0.1632  λscale=0.60  lr=4.68e-04

Epoch 84/150 [train]:   0%|          | 0/26 [00:00<?, ?it/s]
Epoch 84/150 [train]:   0%|          | 0/26 [00:00<?, ?it/s, S=0.4568, loss=-0.3499]
Epoch 84/150 [train]:   0%|          | 0/26 [00:00<?, ?it/s, S=0.4499, loss=-0.3387]
Epoch 84/150 [train]:   0%|          | 0/26 [00:00<?, ?it/s, S=0.4504, loss=-0.3343]
Epoch 84/150 [train]:   0%|          | 0/26 [00:00<?, ?it/s, S=0.4517, loss=-0.3391]
Epoch 84/150 [train]:   0%|          | 0/26 [00:00<?, ?it/s, S=0.4522, loss=-0.3405]
Epoch 84/150 [train]:   0%|          | 0/26 [00:00<?, ?it/s, S=0.4481, loss=-0.3348]
Epoch 84/150 [train]:   0%|          | 0/26 [00:00<?, ?it/s, S=0.4478, loss=-0.3335]
Epoch 84/150 [train]:   0%|          | 0/26 [00:00<?, ?it/s, S=0.4383, loss=-0.3095]
Epoch 84/150 [train]:   0%|          | 0/26 [00:00<?, ?it/s, S=0.4517, loss=-0.3393]
Epoch 84/150 [train]:  35%|███▍      | 9/26 [00:00<00:00, 85.56it/s, S=0.4517, loss=-0.3393]
Epoch 84/150 [train]:  35%|███▍      | 9/26 [00:00<00:00, 85.56it/s, S=0.4542, loss=-0.3416]
Epoch 84/150 [train]:  35%|███▍      | 9/26 [00:00<00:00, 85.56it/s, S=0.4517, loss=-0.3430]
Epoch 84/150 [train]:  35%|███▍      | 9/26 [00:00<00:00, 85.56it/s, S=0.4498, loss=-0.3294]
Epoch 84/150 [train]:  35%|███▍      | 9/26 [00:00<00:00, 85.56it/s, S=0.4398, loss=-0.3110]
Epoch 84/150 [train]:  35%|███▍      | 9/26 [00:00<00:00, 85.56it/s, S=0.4402, loss=-0.3224]
Epoch 84/150 [train]:  35%|███▍      | 9/26 [00:00<00:00, 85.56it/s, S=0.4466, loss=-0.3266]
Epoch 84/150 [train]:  35%|███▍      | 9/26 [00:00<00:00, 85.56it/s, S=0.4525, loss=-0.3410]
Epoch 84/150 [train]:  35%|███▍      | 9/26 [00:00<00:00, 85.56it/s, S=0.4448, loss=-0.3310]
Epoch 84/150 [train]:  35%|███▍      | 9/26 [00:00<00:00, 85.56it/s, S=0.4484, loss=-0.3418]
Epoch 84/150 [train]:  69%|██████▉   | 18/26 [00:00<00:00, 85.67it/s, S=0.4484, loss=-0.3418]
Epoch 84/150 [train]:  69%|██████▉   | 18/26 [00:00<00:00, 85.67it/s, S=0.4363, loss=-0.3142]
Epoch 84/150 [train]:  69%|██████▉   | 18/26 [00:00<00:00, 85.67it/s, S=0.4388, loss=-0.3175]
Epoch 84/150 [train]:  69%|██████▉   | 18/26 [00:00<00:00, 85.67it/s, S=0.4479, loss=-0.3412]
Epoch 84/150 [train]:  69%|██████▉   | 18/26 [00:00<00:00, 85.67it/s, S=0.4453, loss=-0.3320]
Epoch 84/150 [train]:  69%|██████▉   | 18/26 [00:00<00:00, 85.67it/s, S=0.4526, loss=-0.3409]
Epoch 84/150 [train]:  69%|██████▉   | 18/26 [00:00<00:00, 85.67it/s, S=0.4484, loss=-0.3314]
Epoch 84/150 [train]:  69%|██████▉   | 18/26 [00:00<00:00, 85.67it/s, S=0.4492, loss=-0.3348]
Epoch 84/150 [train]:  69%|██████▉   | 18/26 [00:00<00:00, 85.67it/s, S=0.4507, loss=-0.3450]
                                                                                             
Epoch  84/150  train loss=-0.3332  val loss=-0.3001  S[mean]=0.4632  ζ=0.3751  mean_plane_ζ=0.2818  reg=0.1631  λscale=0.60  lr=4.63e-04

Epoch 85/150 [train]:   0%|          | 0/26 [00:00<?, ?it/s]
Epoch 85/150 [train]:   0%|          | 0/26 [00:00<?, ?it/s, S=0.4502, loss=-0.3329]
Epoch 85/150 [train]:   0%|          | 0/26 [00:00<?, ?it/s, S=0.4447, loss=-0.3351]
Epoch 85/150 [train]:   0%|          | 0/26 [00:00<?, ?it/s, S=0.4431, loss=-0.3318]
Epoch 85/150 [train]:   0%|          | 0/26 [00:00<?, ?it/s, S=0.4467, loss=-0.3384]
Epoch 85/150 [train]:   0%|          | 0/26 [00:00<?, ?it/s, S=0.4482, loss=-0.3378]
Epoch 85/150 [train]:   0%|          | 0/26 [00:00<?, ?it/s, S=0.4538, loss=-0.3382]
Epoch 85/150 [train]:   0%|          | 0/26 [00:00<?, ?it/s, S=0.4456, loss=-0.3299]
Epoch 85/150 [train]:   0%|          | 0/26 [00:00<?, ?it/s, S=0.4422, loss=-0.3249]
Epoch 85/150 [train]:   0%|          | 0/26 [00:00<?, ?it/s, S=0.4540, loss=-0.3345]
Epoch 85/150 [train]:  35%|███▍      | 9/26 [00:00<00:00, 85.69it/s, S=0.4540, loss=-0.3345]
Epoch 85/150 [train]:  35%|███▍      | 9/26 [00:00<00:00, 85.69it/s, S=0.4530, loss=-0.3372]
Epoch 85/150 [train]:  35%|███▍      | 9/26 [00:00<00:00, 85.69it/s, S=0.4365, loss=-0.3080]
Epoch 85/150 [train]:  35%|███▍      | 9/26 [00:00<00:00, 85.69it/s, S=0.4544, loss=-0.3439]
Epoch 85/150 [train]:  35%|███▍      | 9/26 [00:00<00:00, 85.69it/s, S=0.4528, loss=-0.3333]
Epoch 85/150 [train]:  35%|███▍      | 9/26 [00:00<00:00, 85.69it/s, S=0.4505, loss=-0.3435]
Epoch 85/150 [train]:  35%|███▍      | 9/26 [00:00<00:00, 85.69it/s, S=0.4511, loss=-0.3430]
Epoch 85/150 [train]:  35%|███▍      | 9/26 [00:00<00:00, 85.69it/s, S=0.4456, loss=-0.3338]
Epoch 85/150 [train]:  35%|███▍      | 9/26 [00:00<00:00, 85.69it/s, S=0.4511, loss=-0.3412]
Epoch 85/150 [train]:  35%|███▍      | 9/26 [00:00<00:00, 85.69it/s, S=0.4523, loss=-0.3440]
Epoch 85/150 [train]:  69%|██████▉   | 18/26 [00:00<00:00, 85.68it/s, S=0.4523, loss=-0.3440]
Epoch 85/150 [train]:  69%|██████▉   | 18/26 [00:00<00:00, 85.68it/s, S=0.4380, loss=-0.3125]
Epoch 85/150 [train]:  69%|██████▉   | 18/26 [00:00<00:00, 85.68it/s, S=0.4467, loss=-0.3351]
Epoch 85/150 [train]:  69%|██████▉   | 18/26 [00:00<00:00, 85.68it/s, S=0.4499, loss=-0.3440]
Epoch 85/150 [train]:  69%|██████▉   | 18/26 [00:00<00:00, 85.68it/s, S=0.4538, loss=-0.3438]
Epoch 85/150 [train]:  69%|██████▉   | 18/26 [00:00<00:00, 85.68it/s, S=0.4522, loss=-0.3400]
Epoch 85/150 [train]:  69%|██████▉   | 18/26 [00:00<00:00, 85.68it/s, S=0.4461, loss=-0.3362]
Epoch 85/150 [train]:  69%|██████▉   | 18/26 [00:00<00:00, 85.68it/s, S=0.4513, loss=-0.3345]
Epoch 85/150 [train]:  69%|██████▉   | 18/26 [00:00<00:00, 85.68it/s, S=0.4489, loss=-0.3367]
                                                                                             
Epoch  85/150  train loss=-0.3352  val loss=-0.3023  S[mean]=0.4634  ζ=0.3746  mean_plane_ζ=0.2820  reg=0.1611  λscale=0.61  lr=4.58e-04

Epoch 86/150 [train]:   0%|          | 0/26 [00:00<?, ?it/s]
Epoch 86/150 [train]:   0%|          | 0/26 [00:00<?, ?it/s, S=0.4384, loss=-0.3189]
Epoch 86/150 [train]:   0%|          | 0/26 [00:00<?, ?it/s, S=0.4471, loss=-0.3363]
Epoch 86/150 [train]:   0%|          | 0/26 [00:00<?, ?it/s, S=0.4477, loss=-0.3452]
Epoch 86/150 [train]:   0%|          | 0/26 [00:00<?, ?it/s, S=0.4527, loss=-0.3388]
Epoch 86/150 [train]:   0%|          | 0/26 [00:00<?, ?it/s, S=0.4476, loss=-0.3332]
Epoch 86/150 [train]:   0%|          | 0/26 [00:00<?, ?it/s, S=0.4452, loss=-0.3350]
Epoch 86/150 [train]:   0%|          | 0/26 [00:00<?, ?it/s, S=0.4554, loss=-0.3383]
Epoch 86/150 [train]:   0%|          | 0/26 [00:00<?, ?it/s, S=0.4604, loss=-0.3483]
Epoch 86/150 [train]:   0%|          | 0/26 [00:00<?, ?it/s, S=0.4497, loss=-0.3460]
Epoch 86/150 [train]:  35%|███▍      | 9/26 [00:00<00:00, 85.64it/s, S=0.4497, loss=-0.3460]
Epoch 86/150 [train]:  35%|███▍      | 9/26 [00:00<00:00, 85.64it/s, S=0.4558, loss=-0.3410]
Epoch 86/150 [train]:  35%|███▍      | 9/26 [00:00<00:00, 85.64it/s, S=0.4535, loss=-0.3419]
Epoch 86/150 [train]:  35%|███▍      | 9/26 [00:00<00:00, 85.64it/s, S=0.4433, loss=-0.3325]
Epoch 86/150 [train]:  35%|███▍      | 9/26 [00:00<00:00, 85.64it/s, S=0.4490, loss=-0.3430]
Epoch 86/150 [train]:  35%|███▍      | 9/26 [00:00<00:00, 85.64it/s, S=0.4529, loss=-0.3423]
Epoch 86/150 [train]:  35%|███▍      | 9/26 [00:00<00:00, 85.64it/s, S=0.4433, loss=-0.3229]
Epoch 86/150 [train]:  35%|███▍      | 9/26 [00:00<00:00, 85.64it/s, S=0.4461, loss=-0.3342]
Epoch 86/150 [train]:  35%|███▍      | 9/26 [00:00<00:00, 85.64it/s, S=0.4519, loss=-0.3380]
Epoch 86/150 [train]:  35%|███▍      | 9/26 [00:00<00:00, 85.64it/s, S=0.4472, loss=-0.3349]
Epoch 86/150 [train]:  69%|██████▉   | 18/26 [00:00<00:00, 85.57it/s, S=0.4472, loss=-0.3349]
Epoch 86/150 [train]:  69%|██████▉   | 18/26 [00:00<00:00, 85.57it/s, S=0.4516, loss=-0.3430]
Epoch 86/150 [train]:  69%|██████▉   | 18/26 [00:00<00:00, 85.57it/s, S=0.4396, loss=-0.3251]
Epoch 86/150 [train]:  69%|██████▉   | 18/26 [00:00<00:00, 85.57it/s, S=0.4494, loss=-0.3382]
Epoch 86/150 [train]:  69%|██████▉   | 18/26 [00:00<00:00, 85.57it/s, S=0.4544, loss=-0.3442]
Epoch 86/150 [train]:  69%|██████▉   | 18/26 [00:00<00:00, 85.57it/s, S=0.4516, loss=-0.3397]
Epoch 86/150 [train]:  69%|██████▉   | 18/26 [00:00<00:00, 85.57it/s, S=0.4531, loss=-0.3451]
Epoch 86/150 [train]:  69%|██████▉   | 18/26 [00:00<00:00, 85.57it/s, S=0.4482, loss=-0.3378]
Epoch 86/150 [train]:  69%|██████▉   | 18/26 [00:00<00:00, 85.57it/s, S=0.4501, loss=-0.3405]
                                                                                             
Epoch  86/150  train loss=-0.3379  val loss=-0.3041  S[mean]=0.4639  ζ=0.3751  mean_plane_ζ=0.2818  reg=0.1598  λscale=0.61  lr=4.52e-04

Epoch 87/150 [train]:   0%|          | 0/26 [00:00<?, ?it/s]
Epoch 87/150 [train]:   0%|          | 0/26 [00:00<?, ?it/s, S=0.4535, loss=-0.3462]
Epoch 87/150 [train]:   0%|          | 0/26 [00:00<?, ?it/s, S=0.4435, loss=-0.3306]
Epoch 87/150 [train]:   0%|          | 0/26 [00:00<?, ?it/s, S=0.4553, loss=-0.3408]
Epoch 87/150 [train]:   0%|          | 0/26 [00:00<?, ?it/s, S=0.4536, loss=-0.3355]
Epoch 87/150 [train]:   0%|          | 0/26 [00:00<?, ?it/s, S=0.4597, loss=-0.3481]
Epoch 87/150 [train]:   0%|          | 0/26 [00:00<?, ?it/s, S=0.4412, loss=-0.3262]
Epoch 87/150 [train]:   0%|          | 0/26 [00:00<?, ?it/s, S=0.4532, loss=-0.3394]
Epoch 87/150 [train]:   0%|          | 0/26 [00:00<?, ?it/s, S=0.4493, loss=-0.3302]
Epoch 87/150 [train]:   0%|          | 0/26 [00:00<?, ?it/s, S=0.4492, loss=-0.3254]
Epoch 87/150 [train]:  35%|███▍      | 9/26 [00:00<00:00, 85.53it/s, S=0.4492, loss=-0.3254]
Epoch 87/150 [train]:  35%|███▍      | 9/26 [00:00<00:00, 85.53it/s, S=0.4467, loss=-0.3394]
Epoch 87/150 [train]:  35%|███▍      | 9/26 [00:00<00:00, 85.53it/s, S=0.4503, loss=-0.3454]
Epoch 87/150 [train]:  35%|███▍      | 9/26 [00:00<00:00, 85.53it/s, S=0.4523, loss=-0.3447]
Epoch 87/150 [train]:  35%|███▍      | 9/26 [00:00<00:00, 85.53it/s, S=0.4543, loss=-0.3445]
Epoch 87/150 [train]:  35%|███▍      | 9/26 [00:00<00:00, 85.53it/s, S=0.4501, loss=-0.3451]
Epoch 87/150 [train]:  35%|███▍      | 9/26 [00:00<00:00, 85.53it/s, S=0.4462, loss=-0.3398]
Epoch 87/150 [train]:  35%|███▍      | 9/26 [00:00<00:00, 85.53it/s, S=0.4405, loss=-0.3267]
Epoch 87/150 [train]:  35%|███▍      | 9/26 [00:00<00:00, 85.53it/s, S=0.4424, loss=-0.3333]
Epoch 87/150 [train]:  35%|███▍      | 9/26 [00:00<00:00, 85.53it/s, S=0.4504, loss=-0.3442]
Epoch 87/150 [train]:  69%|██████▉   | 18/26 [00:00<00:00, 85.63it/s, S=0.4504, loss=-0.3442]
Epoch 87/150 [train]:  69%|██████▉   | 18/26 [00:00<00:00, 85.63it/s, S=0.4493, loss=-0.3367]
Epoch 87/150 [train]:  69%|██████▉   | 18/26 [00:00<00:00, 85.63it/s, S=0.4522, loss=-0.3429]
Epoch 87/150 [train]:  69%|██████▉   | 18/26 [00:00<00:00, 85.63it/s, S=0.4491, loss=-0.3405]
Epoch 87/150 [train]:  69%|██████▉   | 18/26 [00:00<00:00, 85.63it/s, S=0.4411, loss=-0.3350]
Epoch 87/150 [train]:  69%|██████▉   | 18/26 [00:00<00:00, 85.63it/s, S=0.4434, loss=-0.3354]
Epoch 87/150 [train]:  69%|██████▉   | 18/26 [00:00<00:00, 85.63it/s, S=0.4511, loss=-0.3333]
Epoch 87/150 [train]:  69%|██████▉   | 18/26 [00:00<00:00, 85.63it/s, S=0.4476, loss=-0.3343]
Epoch 87/150 [train]:  69%|██████▉   | 18/26 [00:00<00:00, 85.63it/s, S=0.4508, loss=-0.3463]
                                                                                             
Epoch  87/150  train loss=-0.3381  val loss=-0.3009  S[mean]=0.4638  ζ=0.3749  mean_plane_ζ=0.2822  reg=0.1629  λscale=0.62  lr=4.46e-04

Epoch 88/150 [train]:   0%|          | 0/26 [00:00<?, ?it/s]
Epoch 88/150 [train]:   0%|          | 0/26 [00:00<?, ?it/s, S=0.4502, loss=-0.3446]
Epoch 88/150 [train]:   0%|          | 0/26 [00:00<?, ?it/s, S=0.4493, loss=-0.3333]
Epoch 88/150 [train]:   0%|          | 0/26 [00:00<?, ?it/s, S=0.4525, loss=-0.3392]
Epoch 88/150 [train]:   0%|          | 0/26 [00:00<?, ?it/s, S=0.4442, loss=-0.3249]
Epoch 88/150 [train]:   0%|          | 0/26 [00:00<?, ?it/s, S=0.4554, loss=-0.3513]
Epoch 88/150 [train]:   0%|          | 0/26 [00:00<?, ?it/s, S=0.4555, loss=-0.3528]
Epoch 88/150 [train]:   0%|          | 0/26 [00:00<?, ?it/s, S=0.4541, loss=-0.3513]
Epoch 88/150 [train]:   0%|          | 0/26 [00:00<?, ?it/s, S=0.4493, loss=-0.3456]
Epoch 88/150 [train]:   0%|          | 0/26 [00:00<?, ?it/s, S=0.4562, loss=-0.3453]
Epoch 88/150 [train]:  35%|███▍      | 9/26 [00:00<00:00, 85.49it/s, S=0.4562, loss=-0.3453]
Epoch 88/150 [train]:  35%|███▍      | 9/26 [00:00<00:00, 85.49it/s, S=0.4529, loss=-0.3366]
Epoch 88/150 [train]:  35%|███▍      | 9/26 [00:00<00:00, 85.49it/s, S=0.4409, loss=-0.3322]
Epoch 88/150 [train]:  35%|███▍      | 9/26 [00:00<00:00, 85.49it/s, S=0.4535, loss=-0.3428]
Epoch 88/150 [train]:  35%|███▍      | 9/26 [00:00<00:00, 85.49it/s, S=0.4392, loss=-0.3254]
Epoch 88/150 [train]:  35%|███▍      | 9/26 [00:00<00:00, 85.49it/s, S=0.4497, loss=-0.3459]
Epoch 88/150 [train]:  35%|███▍      | 9/26 [00:00<00:00, 85.49it/s, S=0.4506, loss=-0.3361]
Epoch 88/150 [train]:  35%|███▍      | 9/26 [00:00<00:00, 85.49it/s, S=0.4497, loss=-0.3393]
Epoch 88/150 [train]:  35%|███▍      | 9/26 [00:00<00:00, 85.49it/s, S=0.4448, loss=-0.3393]
Epoch 88/150 [train]:  35%|███▍      | 9/26 [00:00<00:00, 85.49it/s, S=0.4489, loss=-0.3390]
Epoch 88/150 [train]:  69%|██████▉   | 18/26 [00:00<00:00, 85.40it/s, S=0.4489, loss=-0.3390]
Epoch 88/150 [train]:  69%|██████▉   | 18/26 [00:00<00:00, 85.40it/s, S=0.4519, loss=-0.3354]
Epoch 88/150 [train]:  69%|██████▉   | 18/26 [00:00<00:00, 85.40it/s, S=0.4430, loss=-0.3274]
Epoch 88/150 [train]:  69%|██████▉   | 18/26 [00:00<00:00, 85.40it/s, S=0.4487, loss=-0.3326]
Epoch 88/150 [train]:  69%|██████▉   | 18/26 [00:00<00:00, 85.40it/s, S=0.4537, loss=-0.3444]
Epoch 88/150 [train]:  69%|██████▉   | 18/26 [00:00<00:00, 85.40it/s, S=0.4431, loss=-0.3374]
Epoch 88/150 [train]:  69%|██████▉   | 18/26 [00:00<00:00, 85.40it/s, S=0.4549, loss=-0.3480]
Epoch 88/150 [train]:  69%|██████▉   | 18/26 [00:00<00:00, 85.40it/s, S=0.4488, loss=-0.3416]
Epoch 88/150 [train]:  69%|██████▉   | 18/26 [00:00<00:00, 85.40it/s, S=0.4504, loss=-0.3440]
                                                                                             
Epoch  88/150  train loss=-0.3398  val loss=-0.3037  S[mean]=0.4640  ζ=0.3746  mean_plane_ζ=0.2819  reg=0.1603  λscale=0.63  lr=4.40e-04

Epoch 89/150 [train]:   0%|          | 0/26 [00:00<?, ?it/s]
Epoch 89/150 [train]:   0%|          | 0/26 [00:00<?, ?it/s, S=0.4498, loss=-0.3356]
Epoch 89/150 [train]:   0%|          | 0/26 [00:00<?, ?it/s, S=0.4498, loss=-0.3386]
Epoch 89/150 [train]:   0%|          | 0/26 [00:00<?, ?it/s, S=0.4455, loss=-0.3360]
Epoch 89/150 [train]:   0%|          | 0/26 [00:00<?, ?it/s, S=0.4490, loss=-0.3168]
Epoch 89/150 [train]:   0%|          | 0/26 [00:00<?, ?it/s, S=0.4574, loss=-0.3482]
Epoch 89/150 [train]:   0%|          | 0/26 [00:00<?, ?it/s, S=0.4516, loss=-0.3365]
Epoch 89/150 [train]:   0%|          | 0/26 [00:00<?, ?it/s, S=0.4447, loss=-0.3309]
Epoch 89/150 [train]:   0%|          | 0/26 [00:00<?, ?it/s, S=0.4468, loss=-0.3409]
Epoch 89/150 [train]:   0%|          | 0/26 [00:00<?, ?it/s, S=0.4582, loss=-0.3458]
Epoch 89/150 [train]:  35%|███▍      | 9/26 [00:00<00:00, 85.48it/s, S=0.4582, loss=-0.3458]
Epoch 89/150 [train]:  35%|███▍      | 9/26 [00:00<00:00, 85.48it/s, S=0.4485, loss=-0.3333]
Epoch 89/150 [train]:  35%|███▍      | 9/26 [00:00<00:00, 85.48it/s, S=0.4433, loss=-0.3236]
Epoch 89/150 [train]:  35%|███▍      | 9/26 [00:00<00:00, 85.48it/s, S=0.4503, loss=-0.3441]
Epoch 89/150 [train]:  35%|███▍      | 9/26 [00:00<00:00, 85.48it/s, S=0.4504, loss=-0.3499]
Epoch 89/150 [train]:  35%|███▍      | 9/26 [00:00<00:00, 85.48it/s, S=0.4428, loss=-0.3363]
Epoch 89/150 [train]:  35%|███▍      | 9/26 [00:00<00:00, 85.48it/s, S=0.4535, loss=-0.3392]
Epoch 89/150 [train]:  35%|███▍      | 9/26 [00:00<00:00, 85.48it/s, S=0.4414, loss=-0.3289]
Epoch 89/150 [train]:  35%|███▍      | 9/26 [00:00<00:00, 85.48it/s, S=0.4508, loss=-0.3450]
Epoch 89/150 [train]:  35%|███▍      | 9/26 [00:00<00:00, 85.48it/s, S=0.4523, loss=-0.3431]
Epoch 89/150 [train]:  69%|██████▉   | 18/26 [00:00<00:00, 85.62it/s, S=0.4523, loss=-0.3431]
Epoch 89/150 [train]:  69%|██████▉   | 18/26 [00:00<00:00, 85.62it/s, S=0.4420, loss=-0.3345]
Epoch 89/150 [train]:  69%|██████▉   | 18/26 [00:00<00:00, 85.62it/s, S=0.4461, loss=-0.3330]
Epoch 89/150 [train]:  69%|██████▉   | 18/26 [00:00<00:00, 85.62it/s, S=0.4429, loss=-0.3310]
Epoch 89/150 [train]:  69%|██████▉   | 18/26 [00:00<00:00, 85.62it/s, S=0.4439, loss=-0.3366]
Epoch 89/150 [train]:  69%|██████▉   | 18/26 [00:00<00:00, 85.62it/s, S=0.4509, loss=-0.3471]
Epoch 89/150 [train]:  69%|██████▉   | 18/26 [00:00<00:00, 85.62it/s, S=0.4514, loss=-0.3428]
Epoch 89/150 [train]:  69%|██████▉   | 18/26 [00:00<00:00, 85.62it/s, S=0.4564, loss=-0.3427]
Epoch 89/150 [train]:  69%|██████▉   | 18/26 [00:00<00:00, 85.62it/s, S=0.4517, loss=-0.3516]
                                                                                             
Epoch  89/150  train loss=-0.3382  val loss=-0.3025  S[mean]=0.4633  ζ=0.3743  mean_plane_ζ=0.2821  reg=0.1608  λscale=0.63  lr=4.34e-04

Epoch 90/150 [train]:   0%|          | 0/26 [00:00<?, ?it/s]
Epoch 90/150 [train]:   0%|          | 0/26 [00:00<?, ?it/s, S=0.4497, loss=-0.3259]
Epoch 90/150 [train]:   0%|          | 0/26 [00:00<?, ?it/s, S=0.4439, loss=-0.3262]
Epoch 90/150 [train]:   0%|          | 0/26 [00:00<?, ?it/s, S=0.4550, loss=-0.3486]
Epoch 90/150 [train]:   0%|          | 0/26 [00:00<?, ?it/s, S=0.4503, loss=-0.3375]
Epoch 90/150 [train]:   0%|          | 0/26 [00:00<?, ?it/s, S=0.4572, loss=-0.3472]
Epoch 90/150 [train]:   0%|          | 0/26 [00:00<?, ?it/s, S=0.4473, loss=-0.3447]
Epoch 90/150 [train]:   0%|          | 0/26 [00:00<?, ?it/s, S=0.4523, loss=-0.3507]
Epoch 90/150 [train]:   0%|          | 0/26 [00:00<?, ?it/s, S=0.4488, loss=-0.3335]
Epoch 90/150 [train]:   0%|          | 0/26 [00:00<?, ?it/s, S=0.4431, loss=-0.3217]
Epoch 90/150 [train]:  35%|███▍      | 9/26 [00:00<00:00, 85.38it/s, S=0.4431, loss=-0.3217]
Epoch 90/150 [train]:  35%|███▍      | 9/26 [00:00<00:00, 85.38it/s, S=0.4458, loss=-0.3233]
Epoch 90/150 [train]:  35%|███▍      | 9/26 [00:00<00:00, 85.38it/s, S=0.4517, loss=-0.3460]
Epoch 90/150 [train]:  35%|███▍      | 9/26 [00:00<00:00, 85.38it/s, S=0.4508, loss=-0.3432]
Epoch 90/150 [train]:  35%|███▍      | 9/26 [00:00<00:00, 85.38it/s, S=0.4525, loss=-0.3493]
Epoch 90/150 [train]:  35%|███▍      | 9/26 [00:00<00:00, 85.38it/s, S=0.4528, loss=-0.3507]
Epoch 90/150 [train]:  35%|███▍      | 9/26 [00:00<00:00, 85.38it/s, S=0.4452, loss=-0.3421]
Epoch 90/150 [train]:  35%|███▍      | 9/26 [00:00<00:00, 85.38it/s, S=0.4424, loss=-0.3392]
Epoch 90/150 [train]:  35%|███▍      | 9/26 [00:00<00:00, 85.38it/s, S=0.4596, loss=-0.3521]
Epoch 90/150 [train]:  35%|███▍      | 9/26 [00:00<00:00, 85.38it/s, S=0.4438, loss=-0.3417]
Epoch 90/150 [train]:  69%|██████▉   | 18/26 [00:00<00:00, 85.57it/s, S=0.4438, loss=-0.3417]
Epoch 90/150 [train]:  69%|██████▉   | 18/26 [00:00<00:00, 85.57it/s, S=0.4529, loss=-0.3433]
Epoch 90/150 [train]:  69%|██████▉   | 18/26 [00:00<00:00, 85.57it/s, S=0.4497, loss=-0.3527]
Epoch 90/150 [train]:  69%|██████▉   | 18/26 [00:00<00:00, 85.57it/s, S=0.4510, loss=-0.3434]
Epoch 90/150 [train]:  69%|██████▉   | 18/26 [00:00<00:00, 85.57it/s, S=0.4470, loss=-0.3303]
Epoch 90/150 [train]:  69%|██████▉   | 18/26 [00:00<00:00, 85.57it/s, S=0.4386, loss=-0.3294]
Epoch 90/150 [train]:  69%|██████▉   | 18/26 [00:00<00:00, 85.57it/s, S=0.4419, loss=-0.3280]
Epoch 90/150 [train]:  69%|██████▉   | 18/26 [00:00<00:00, 85.57it/s, S=0.4538, loss=-0.3404]
Epoch 90/150 [train]:  69%|██████▉   | 18/26 [00:00<00:00, 85.57it/s, S=0.4436, loss=-0.3332]
                                                                                             
Epoch  90/150  train loss=-0.3394  val loss=-0.3041  S[mean]=0.4634  ζ=0.3744  mean_plane_ζ=0.2823  reg=0.1593  λscale=0.64  lr=4.27e-04

Epoch 91/150 [train]:   0%|          | 0/26 [00:00<?, ?it/s]
Epoch 91/150 [train]:   0%|          | 0/26 [00:00<?, ?it/s, S=0.4508, loss=-0.3513]
Epoch 91/150 [train]:   0%|          | 0/26 [00:00<?, ?it/s, S=0.4482, loss=-0.3375]
Epoch 91/150 [train]:   0%|          | 0/26 [00:00<?, ?it/s, S=0.4549, loss=-0.3483]
Epoch 91/150 [train]:   0%|          | 0/26 [00:00<?, ?it/s, S=0.4509, loss=-0.3469]
Epoch 91/150 [train]:   0%|          | 0/26 [00:00<?, ?it/s, S=0.4386, loss=-0.3186]
Epoch 91/150 [train]:   0%|          | 0/26 [00:00<?, ?it/s, S=0.4483, loss=-0.3352]
Epoch 91/150 [train]:   0%|          | 0/26 [00:00<?, ?it/s, S=0.4484, loss=-0.3390]
Epoch 91/150 [train]:   0%|          | 0/26 [00:00<?, ?it/s, S=0.4524, loss=-0.3508]
Epoch 91/150 [train]:   0%|          | 0/26 [00:00<?, ?it/s, S=0.4519, loss=-0.3453]
Epoch 91/150 [train]:  35%|███▍      | 9/26 [00:00<00:00, 85.45it/s, S=0.4519, loss=-0.3453]
Epoch 91/150 [train]:  35%|███▍      | 9/26 [00:00<00:00, 85.45it/s, S=0.4445, loss=-0.3283]
Epoch 91/150 [train]:  35%|███▍      | 9/26 [00:00<00:00, 85.45it/s, S=0.4416, loss=-0.3162]
Epoch 91/150 [train]:  35%|███▍      | 9/26 [00:00<00:00, 85.45it/s, S=0.4542, loss=-0.3460]
Epoch 91/150 [train]:  35%|███▍      | 9/26 [00:00<00:00, 85.45it/s, S=0.4441, loss=-0.3335]
Epoch 91/150 [train]:  35%|███▍      | 9/26 [00:00<00:00, 85.45it/s, S=0.4506, loss=-0.3401]
Epoch 91/150 [train]:  35%|███▍      | 9/26 [00:00<00:00, 85.45it/s, S=0.4462, loss=-0.3454]
Epoch 91/150 [train]:  35%|███▍      | 9/26 [00:00<00:00, 85.45it/s, S=0.4499, loss=-0.3318]
Epoch 91/150 [train]:  35%|███▍      | 9/26 [00:43<00:00, 85.45it/s, S=0.4499, loss=-0.3318]
Epoch 91/150 [train]:  35%|███▍      | 9/26 [00:44<00:00, 85.45it/s, S=0.4483, loss=-0.3444]
Epoch 91/150 [train]:  65%|██████▌   | 17/26 [00:44<00:27,  3.08s/it, S=0.4483, loss=-0.3444]
Epoch 91/150 [train]:  65%|██████▌   | 17/26 [00:44<00:27,  3.08s/it, S=0.4466, loss=-0.3432]
Epoch 91/150 [train]:  65%|██████▌   | 17/26 [00:44<00:27,  3.08s/it, S=0.4411, loss=-0.3132]
Epoch 91/150 [train]:  65%|██████▌   | 17/26 [00:44<00:27,  3.08s/it, S=0.4458, loss=-0.3388]
Epoch 91/150 [train]:  65%|██████▌   | 17/26 [00:44<00:27,  3.08s/it, S=0.4459, loss=-0.3418]
Epoch 91/150 [train]:  65%|██████▌   | 17/26 [00:44<00:27,  3.08s/it, S=0.4525, loss=-0.3413]
Epoch 91/150 [train]:  65%|██████▌   | 17/26 [00:44<00:27,  3.08s/it, S=0.4466, loss=-0.3337]
Epoch 91/150 [train]:  65%|██████▌   | 17/26 [00:44<00:27,  3.08s/it, S=0.4535, loss=-0.3498]
Epoch 91/150 [train]:  65%|██████▌   | 17/26 [00:44<00:27,  3.08s/it, S=0.4570, loss=-0.3531]
Epoch 91/150 [train]:  65%|██████▌   | 17/26 [00:44<00:27,  3.08s/it, S=0.4517, loss=-0.3432]
Epoch 91/150 [train]: 100%|██████████| 26/26 [00:44<00:00,  1.63s/it, S=0.4517, loss=-0.3432]
                                                                                             
Epoch  91/150  train loss=-0.3391  val loss=-0.3026  S[mean]=0.4616  ζ=0.3733  mean_plane_ζ=0.2816  reg=0.1590  λscale=0.64  lr=4.20e-04

Epoch 92/150 [train]:   0%|          | 0/26 [00:00<?, ?it/s]
Epoch 92/150 [train]:   0%|          | 0/26 [00:00<?, ?it/s, S=0.4503, loss=-0.3466]
Epoch 92/150 [train]:   0%|          | 0/26 [00:00<?, ?it/s, S=0.4560, loss=-0.3559]
Epoch 92/150 [train]:   0%|          | 0/26 [00:00<?, ?it/s, S=0.4543, loss=-0.3488]
Epoch 92/150 [train]:   0%|          | 0/26 [00:00<?, ?it/s, S=0.4532, loss=-0.3442]
Epoch 92/150 [train]:   0%|          | 0/26 [00:00<?, ?it/s, S=0.4443, loss=-0.3362]
Epoch 92/150 [train]:   0%|          | 0/26 [00:00<?, ?it/s, S=0.4491, loss=-0.3418]
Epoch 92/150 [train]:   0%|          | 0/26 [00:00<?, ?it/s, S=0.4482, loss=-0.3367]
Epoch 92/150 [train]:   0%|          | 0/26 [00:00<?, ?it/s, S=0.4526, loss=-0.3512]
Epoch 92/150 [train]:   0%|          | 0/26 [00:00<?, ?it/s, S=0.4429, loss=-0.3337]
Epoch 92/150 [train]:  35%|███▍      | 9/26 [00:00<00:00, 81.37it/s, S=0.4429, loss=-0.3337]
Epoch 92/150 [train]:  35%|███▍      | 9/26 [00:00<00:00, 81.37it/s, S=0.4444, loss=-0.3381]
Epoch 92/150 [train]:  35%|███▍      | 9/26 [00:00<00:00, 81.37it/s, S=0.4547, loss=-0.3396]
Epoch 92/150 [train]:  35%|███▍      | 9/26 [00:00<00:00, 81.37it/s, S=0.4458, loss=-0.3403]
Epoch 92/150 [train]:  35%|███▍      | 9/26 [00:00<00:00, 81.37it/s, S=0.4475, loss=-0.3374]
Epoch 92/150 [train]:  35%|███▍      | 9/26 [00:00<00:00, 81.37it/s, S=0.4364, loss=-0.3153]
Epoch 92/150 [train]:  35%|███▍      | 9/26 [00:00<00:00, 81.37it/s, S=0.4517, loss=-0.3470]
Epoch 92/150 [train]:  35%|███▍      | 9/26 [00:00<00:00, 81.37it/s, S=0.4505, loss=-0.3496]
Epoch 92/150 [train]:  35%|███▍      | 9/26 [00:00<00:00, 81.37it/s, S=0.4512, loss=-0.3487]
Epoch 92/150 [train]:  35%|███▍      | 9/26 [00:00<00:00, 81.37it/s, S=0.4519, loss=-0.3459]
Epoch 92/150 [train]:  69%|██████▉   | 18/26 [00:00<00:00, 84.18it/s, S=0.4519, loss=-0.3459]
Epoch 92/150 [train]:  69%|██████▉   | 18/26 [00:00<00:00, 84.18it/s, S=0.4542, loss=-0.3407]
Epoch 92/150 [train]:  69%|██████▉   | 18/26 [00:00<00:00, 84.18it/s, S=0.4427, loss=-0.3334]
Epoch 92/150 [train]:  69%|██████▉   | 18/26 [00:00<00:00, 84.18it/s, S=0.4534, loss=-0.3336]
Epoch 92/150 [train]:  69%|██████▉   | 18/26 [00:00<00:00, 84.18it/s, S=0.4501, loss=-0.3385]
Epoch 92/150 [train]:  69%|██████▉   | 18/26 [00:00<00:00, 84.18it/s, S=0.4474, loss=-0.3427]
Epoch 92/150 [train]:  69%|██████▉   | 18/26 [00:00<00:00, 84.18it/s, S=0.4498, loss=-0.3495]
Epoch 92/150 [train]:  69%|██████▉   | 18/26 [00:00<00:00, 84.18it/s, S=0.4571, loss=-0.3546]
Epoch 92/150 [train]:  69%|██████▉   | 18/26 [00:00<00:00, 84.18it/s, S=0.4477, loss=-0.3482]
                                                                                             
Epoch  92/150  train loss=-0.3422  val loss=-0.3042  S[mean]=0.4624  ζ=0.3738  mean_plane_ζ=0.2824  reg=0.1581  λscale=0.65  lr=4.12e-04

Epoch 93/150 [train]:   0%|          | 0/26 [00:00<?, ?it/s]
Epoch 93/150 [train]:   0%|          | 0/26 [00:00<?, ?it/s, S=0.4492, loss=-0.3413]
Epoch 93/150 [train]:   0%|          | 0/26 [00:00<?, ?it/s, S=0.4473, loss=-0.3386]
Epoch 93/150 [train]:   0%|          | 0/26 [00:00<?, ?it/s, S=0.4514, loss=-0.3450]
Epoch 93/150 [train]:   0%|          | 0/26 [00:00<?, ?it/s, S=0.4451, loss=-0.3392]
Epoch 93/150 [train]:   0%|          | 0/26 [00:00<?, ?it/s, S=0.4465, loss=-0.3409]
Epoch 93/150 [train]:   0%|          | 0/26 [00:00<?, ?it/s, S=0.4533, loss=-0.3483]
Epoch 93/150 [train]:   0%|          | 0/26 [00:00<?, ?it/s, S=0.4512, loss=-0.3406]
Epoch 93/150 [train]:   0%|          | 0/26 [00:00<?, ?it/s, S=0.4531, loss=-0.3461]
Epoch 93/150 [train]:   0%|          | 0/26 [00:00<?, ?it/s, S=0.4505, loss=-0.3477]
Epoch 93/150 [train]:  35%|███▍      | 9/26 [00:00<00:00, 86.49it/s, S=0.4505, loss=-0.3477]
Epoch 93/150 [train]:  35%|███▍      | 9/26 [00:00<00:00, 86.49it/s, S=0.4517, loss=-0.3451]
Epoch 93/150 [train]:  35%|███▍      | 9/26 [00:00<00:00, 86.49it/s, S=0.4402, loss=-0.3321]
Epoch 93/150 [train]:  35%|███▍      | 9/26 [00:00<00:00, 86.49it/s, S=0.4556, loss=-0.3528]
Epoch 93/150 [train]:  35%|███▍      | 9/26 [00:00<00:00, 86.49it/s, S=0.4489, loss=-0.3452]
Epoch 93/150 [train]:  35%|███▍      | 9/26 [00:00<00:00, 86.49it/s, S=0.4535, loss=-0.3463]
Epoch 93/150 [train]:  35%|███▍      | 9/26 [00:00<00:00, 86.49it/s, S=0.4443, loss=-0.3270]
Epoch 93/150 [train]:  35%|███▍      | 9/26 [00:00<00:00, 86.49it/s, S=0.4482, loss=-0.3429]
Epoch 93/150 [train]:  35%|███▍      | 9/26 [00:00<00:00, 86.49it/s, S=0.4525, loss=-0.3465]
Epoch 93/150 [train]:  35%|███▍      | 9/26 [00:00<00:00, 86.49it/s, S=0.4580, loss=-0.3448]
Epoch 93/150 [train]:  69%|██████▉   | 18/26 [00:00<00:00, 86.77it/s, S=0.4580, loss=-0.3448]
Epoch 93/150 [train]:  69%|██████▉   | 18/26 [00:00<00:00, 86.77it/s, S=0.4470, loss=-0.3408]
Epoch 93/150 [train]:  69%|██████▉   | 18/26 [00:00<00:00, 86.77it/s, S=0.4533, loss=-0.3528]
Epoch 93/150 [train]:  69%|██████▉   | 18/26 [00:00<00:00, 86.77it/s, S=0.4465, loss=-0.3297]
Epoch 93/150 [train]:  69%|██████▉   | 18/26 [00:00<00:00, 86.77it/s, S=0.4453, loss=-0.3378]
Epoch 93/150 [train]:  69%|██████▉   | 18/26 [00:00<00:00, 86.77it/s, S=0.4453, loss=-0.3439]
Epoch 93/150 [train]:  69%|██████▉   | 18/26 [00:00<00:00, 86.77it/s, S=0.4446, loss=-0.3305]
Epoch 93/150 [train]:  69%|██████▉   | 18/26 [00:00<00:00, 86.77it/s, S=0.4422, loss=-0.3265]
Epoch 93/150 [train]:  69%|██████▉   | 18/26 [00:00<00:00, 86.77it/s, S=0.4422, loss=-0.3343]
                                                                                             
Epoch  93/150  train loss=-0.3410  val loss=-0.3030  S[mean]=0.4617  ζ=0.3738  mean_plane_ζ=0.2822  reg=0.1587  λscale=0.66  lr=4.05e-04

Epoch 94/150 [train]:   0%|          | 0/26 [00:00<?, ?it/s]
Epoch 94/150 [train]:   0%|          | 0/26 [00:00<?, ?it/s, S=0.4518, loss=-0.3448]
Epoch 94/150 [train]:   0%|          | 0/26 [00:00<?, ?it/s, S=0.4510, loss=-0.3521]
Epoch 94/150 [train]:   0%|          | 0/26 [00:00<?, ?it/s, S=0.4539, loss=-0.3409]
Epoch 94/150 [train]:   0%|          | 0/26 [00:00<?, ?it/s, S=0.4508, loss=-0.3451]
Epoch 94/150 [train]:   0%|          | 0/26 [00:00<?, ?it/s, S=0.4529, loss=-0.3384]
Epoch 94/150 [train]:   0%|          | 0/26 [00:00<?, ?it/s, S=0.4439, loss=-0.3329]
Epoch 94/150 [train]:   0%|          | 0/26 [00:00<?, ?it/s, S=0.4466, loss=-0.3462]
Epoch 94/150 [train]:   0%|          | 0/26 [00:00<?, ?it/s, S=0.4559, loss=-0.3463]
Epoch 94/150 [train]:   0%|          | 0/26 [00:00<?, ?it/s, S=0.4473, loss=-0.3401]
Epoch 94/150 [train]:  35%|███▍      | 9/26 [00:00<00:00, 86.43it/s, S=0.4473, loss=-0.3401]
Epoch 94/150 [train]:  35%|███▍      | 9/26 [00:00<00:00, 86.43it/s, S=0.4494, loss=-0.3447]
Epoch 94/150 [train]:  35%|███▍      | 9/26 [00:00<00:00, 86.43it/s, S=0.4469, loss=-0.3373]
Epoch 94/150 [train]:  35%|███▍      | 9/26 [00:00<00:00, 86.43it/s, S=0.4514, loss=-0.3436]
Epoch 94/150 [train]:  35%|███▍      | 9/26 [00:00<00:00, 86.43it/s, S=0.4498, loss=-0.3431]
Epoch 94/150 [train]:  35%|███▍      | 9/26 [00:00<00:00, 86.43it/s, S=0.4426, loss=-0.3351]
Epoch 94/150 [train]:  35%|███▍      | 9/26 [00:00<00:00, 86.43it/s, S=0.4483, loss=-0.3391]
Epoch 94/150 [train]:  35%|███▍      | 9/26 [00:00<00:00, 86.43it/s, S=0.4511, loss=-0.3487]
Epoch 94/150 [train]:  35%|███▍      | 9/26 [00:00<00:00, 86.43it/s, S=0.4429, loss=-0.3403]
Epoch 94/150 [train]:  35%|███▍      | 9/26 [00:00<00:00, 86.43it/s, S=0.4541, loss=-0.3491]
Epoch 94/150 [train]:  69%|██████▉   | 18/26 [00:00<00:00, 86.31it/s, S=0.4541, loss=-0.3491]
Epoch 94/150 [train]:  69%|██████▉   | 18/26 [00:00<00:00, 86.31it/s, S=0.4472, loss=-0.3468]
Epoch 94/150 [train]:  69%|██████▉   | 18/26 [00:00<00:00, 86.31it/s, S=0.4448, loss=-0.3320]
Epoch 94/150 [train]:  69%|██████▉   | 18/26 [00:00<00:00, 86.31it/s, S=0.4540, loss=-0.3456]
Epoch 94/150 [train]:  69%|██████▉   | 18/26 [00:00<00:00, 86.31it/s, S=0.4488, loss=-0.3460]
Epoch 94/150 [train]:  69%|██████▉   | 18/26 [00:00<00:00, 86.31it/s, S=0.4508, loss=-0.3535]
Epoch 94/150 [train]:  69%|██████▉   | 18/26 [00:00<00:00, 86.31it/s, S=0.4488, loss=-0.3524]
Epoch 94/150 [train]:  69%|██████▉   | 18/26 [00:00<00:00, 86.31it/s, S=0.4455, loss=-0.3475]
Epoch 94/150 [train]:  69%|██████▉   | 18/26 [00:00<00:00, 86.31it/s, S=0.4473, loss=-0.3397]
                                                                                             
Epoch  94/150  train loss=-0.3435  val loss=-0.3060  S[mean]=0.4618  ζ=0.3742  mean_plane_ζ=0.2825  reg=0.1558  λscale=0.66  lr=3.97e-04

Epoch 95/150 [train]:   0%|          | 0/26 [00:00<?, ?it/s]
Epoch 95/150 [train]:   0%|          | 0/26 [00:00<?, ?it/s, S=0.4521, loss=-0.3460]
Epoch 95/150 [train]:   0%|          | 0/26 [00:00<?, ?it/s, S=0.4565, loss=-0.3572]
Epoch 95/150 [train]:   0%|          | 0/26 [00:00<?, ?it/s, S=0.4495, loss=-0.3405]
Epoch 95/150 [train]:   0%|          | 0/26 [00:00<?, ?it/s, S=0.4483, loss=-0.3445]
Epoch 95/150 [train]:   0%|          | 0/26 [00:00<?, ?it/s, S=0.4479, loss=-0.3431]
Epoch 95/150 [train]:   0%|          | 0/26 [00:00<?, ?it/s, S=0.4514, loss=-0.3498]
Epoch 95/150 [train]:   0%|          | 0/26 [00:00<?, ?it/s, S=0.4535, loss=-0.3465]
Epoch 95/150 [train]:   0%|          | 0/26 [00:00<?, ?it/s, S=0.4444, loss=-0.3302]
Epoch 95/150 [train]:   0%|          | 0/26 [00:00<?, ?it/s, S=0.4492, loss=-0.3422]
Epoch 95/150 [train]:  35%|███▍      | 9/26 [00:00<00:00, 86.38it/s, S=0.4492, loss=-0.3422]
Epoch 95/150 [train]:  35%|███▍      | 9/26 [00:00<00:00, 86.38it/s, S=0.4408, loss=-0.3391]
Epoch 95/150 [train]:  35%|███▍      | 9/26 [00:00<00:00, 86.38it/s, S=0.4547, loss=-0.3568]
Epoch 95/150 [train]:  35%|███▍      | 9/26 [00:00<00:00, 86.38it/s, S=0.4464, loss=-0.3471]
Epoch 95/150 [train]:  35%|███▍      | 9/26 [00:00<00:00, 86.38it/s, S=0.4451, loss=-0.3444]
Epoch 95/150 [train]:  35%|███▍      | 9/26 [00:00<00:00, 86.38it/s, S=0.4475, loss=-0.3471]
Epoch 95/150 [train]:  35%|███▍      | 9/26 [00:00<00:00, 86.38it/s, S=0.4574, loss=-0.3546]
Epoch 95/150 [train]:  35%|███▍      | 9/26 [00:00<00:00, 86.38it/s, S=0.4513, loss=-0.3490]
Epoch 95/150 [train]:  35%|███▍      | 9/26 [00:00<00:00, 86.38it/s, S=0.4460, loss=-0.3334]
Epoch 95/150 [train]:  35%|███▍      | 9/26 [00:00<00:00, 86.38it/s, S=0.4525, loss=-0.3499]
Epoch 95/150 [train]:  69%|██████▉   | 18/26 [00:00<00:00, 86.72it/s, S=0.4525, loss=-0.3499]
Epoch 95/150 [train]:  69%|██████▉   | 18/26 [00:00<00:00, 86.72it/s, S=0.4458, loss=-0.3411]
Epoch 95/150 [train]:  69%|██████▉   | 18/26 [00:00<00:00, 86.72it/s, S=0.4509, loss=-0.3519]
Epoch 95/150 [train]:  69%|██████▉   | 18/26 [00:00<00:00, 86.72it/s, S=0.4413, loss=-0.3290]
Epoch 95/150 [train]:  69%|██████▉   | 18/26 [00:00<00:00, 86.72it/s, S=0.4469, loss=-0.3395]
Epoch 95/150 [train]:  69%|██████▉   | 18/26 [00:00<00:00, 86.72it/s, S=0.4518, loss=-0.3501]
Epoch 95/150 [train]:  69%|██████▉   | 18/26 [00:00<00:00, 86.72it/s, S=0.4505, loss=-0.3518]
Epoch 95/150 [train]:  69%|██████▉   | 18/26 [00:00<00:00, 86.72it/s, S=0.4534, loss=-0.3470]
Epoch 95/150 [train]:  69%|██████▉   | 18/26 [00:00<00:00, 86.72it/s, S=0.4454, loss=-0.3429]
                                                                                             
Epoch  95/150  train loss=-0.3452  val loss=-0.3059  S[mean]=0.4617  ζ=0.3740  mean_plane_ζ=0.2825  reg=0.1558  λscale=0.67  lr=3.89e-04

Epoch 96/150 [train]:   0%|          | 0/26 [00:00<?, ?it/s]
Epoch 96/150 [train]:   0%|          | 0/26 [00:00<?, ?it/s, S=0.4511, loss=-0.3479]
Epoch 96/150 [train]:   0%|          | 0/26 [00:00<?, ?it/s, S=0.4535, loss=-0.3526]
Epoch 96/150 [train]:   0%|          | 0/26 [00:00<?, ?it/s, S=0.4512, loss=-0.3549]
Epoch 96/150 [train]:   0%|          | 0/26 [00:00<?, ?it/s, S=0.4554, loss=-0.3511]
Epoch 96/150 [train]:   0%|          | 0/26 [00:00<?, ?it/s, S=0.4560, loss=-0.3593]
Epoch 96/150 [train]:   0%|          | 0/26 [00:00<?, ?it/s, S=0.4490, loss=-0.3518]
Epoch 96/150 [train]:   0%|          | 0/26 [00:00<?, ?it/s, S=0.4479, loss=-0.3440]
Epoch 96/150 [train]:   0%|          | 0/26 [00:00<?, ?it/s, S=0.4500, loss=-0.3452]
Epoch 96/150 [train]:   0%|          | 0/26 [00:00<?, ?it/s, S=0.4508, loss=-0.3438]
Epoch 96/150 [train]:  35%|███▍      | 9/26 [00:00<00:00, 86.06it/s, S=0.4508, loss=-0.3438]
Epoch 96/150 [train]:  35%|███▍      | 9/26 [00:00<00:00, 86.06it/s, S=0.4475, loss=-0.3336]
Epoch 96/150 [train]:  35%|███▍      | 9/26 [00:00<00:00, 86.06it/s, S=0.4554, loss=-0.3567]
Epoch 96/150 [train]:  35%|███▍      | 9/26 [00:00<00:00, 86.06it/s, S=0.4509, loss=-0.3490]
Epoch 96/150 [train]:  35%|███▍      | 9/26 [00:00<00:00, 86.06it/s, S=0.4456, loss=-0.3415]
Epoch 96/150 [train]:  35%|███▍      | 9/26 [00:00<00:00, 86.06it/s, S=0.4512, loss=-0.3440]
Epoch 96/150 [train]:  35%|███▍      | 9/26 [00:00<00:00, 86.06it/s, S=0.4472, loss=-0.3427]
Epoch 96/150 [train]:  35%|███▍      | 9/26 [00:00<00:00, 86.06it/s, S=0.4530, loss=-0.3547]
Epoch 96/150 [train]:  35%|███▍      | 9/26 [00:00<00:00, 86.06it/s, S=0.4509, loss=-0.3542]
Epoch 96/150 [train]:  35%|███▍      | 9/26 [00:00<00:00, 86.06it/s, S=0.4461, loss=-0.3427]
Epoch 96/150 [train]:  69%|██████▉   | 18/26 [00:00<00:00, 86.62it/s, S=0.4461, loss=-0.3427]
Epoch 96/150 [train]:  69%|██████▉   | 18/26 [00:00<00:00, 86.62it/s, S=0.4528, loss=-0.3512]
Epoch 96/150 [train]:  69%|██████▉   | 18/26 [00:00<00:00, 86.62it/s, S=0.4452, loss=-0.3292]
Epoch 96/150 [train]:  69%|██████▉   | 18/26 [00:00<00:00, 86.62it/s, S=0.4522, loss=-0.3486]
Epoch 96/150 [train]:  69%|██████▉   | 18/26 [00:00<00:00, 86.62it/s, S=0.4499, loss=-0.3471]
Epoch 96/150 [train]:  69%|██████▉   | 18/26 [00:00<00:00, 86.62it/s, S=0.4463, loss=-0.3346]
Epoch 96/150 [train]:  69%|██████▉   | 18/26 [00:00<00:00, 86.62it/s, S=0.4528, loss=-0.3390]
Epoch 96/150 [train]:  69%|██████▉   | 18/26 [00:00<00:00, 86.62it/s, S=0.4497, loss=-0.3384]
Epoch 96/150 [train]:  69%|██████▉   | 18/26 [00:00<00:00, 86.62it/s, S=0.4485, loss=-0.3467]
                                                                                             
Epoch  96/150  train loss=-0.3463  val loss=-0.3049  S[mean]=0.4618  ζ=0.3745  mean_plane_ζ=0.2830  reg=0.1569  λscale=0.67  lr=3.81e-04

Epoch 97/150 [train]:   0%|          | 0/26 [00:00<?, ?it/s]
Epoch 97/150 [train]:   0%|          | 0/26 [00:00<?, ?it/s, S=0.4483, loss=-0.3303]
Epoch 97/150 [train]:   0%|          | 0/26 [00:00<?, ?it/s, S=0.4511, loss=-0.3555]
Epoch 97/150 [train]:   0%|          | 0/26 [00:00<?, ?it/s, S=0.4443, loss=-0.3348]
Epoch 97/150 [train]:   0%|          | 0/26 [00:00<?, ?it/s, S=0.4537, loss=-0.3579]
Epoch 97/150 [train]:   0%|          | 0/26 [00:00<?, ?it/s, S=0.4472, loss=-0.3468]
Epoch 97/150 [train]:   0%|          | 0/26 [00:00<?, ?it/s, S=0.4478, loss=-0.3447]
Epoch 97/150 [train]:   0%|          | 0/26 [00:00<?, ?it/s, S=0.4490, loss=-0.3425]
Epoch 97/150 [train]:   0%|          | 0/26 [00:00<?, ?it/s, S=0.4409, loss=-0.3356]
Epoch 97/150 [train]:   0%|          | 0/26 [00:00<?, ?it/s, S=0.4524, loss=-0.3575]
Epoch 97/150 [train]:  35%|███▍      | 9/26 [00:00<00:00, 86.34it/s, S=0.4524, loss=-0.3575]
Epoch 97/150 [train]:  35%|███▍      | 9/26 [00:00<00:00, 86.34it/s, S=0.4456, loss=-0.3395]
Epoch 97/150 [train]:  35%|███▍      | 9/26 [00:00<00:00, 86.34it/s, S=0.4429, loss=-0.3325]
Epoch 97/150 [train]:  35%|███▍      | 9/26 [00:00<00:00, 86.34it/s, S=0.4492, loss=-0.3487]
Epoch 97/150 [train]:  35%|███▍      | 9/26 [00:00<00:00, 86.34it/s, S=0.4430, loss=-0.3426]
Epoch 97/150 [train]:  35%|███▍      | 9/26 [00:00<00:00, 86.34it/s, S=0.4548, loss=-0.3534]
Epoch 97/150 [train]:  35%|███▍      | 9/26 [00:00<00:00, 86.34it/s, S=0.4527, loss=-0.3563]
Epoch 97/150 [train]:  35%|███▍      | 9/26 [00:00<00:00, 86.34it/s, S=0.4487, loss=-0.3490]
Epoch 97/150 [train]:  35%|███▍      | 9/26 [00:00<00:00, 86.34it/s, S=0.4526, loss=-0.3436]
Epoch 97/150 [train]:  35%|███▍      | 9/26 [00:00<00:00, 86.34it/s, S=0.4508, loss=-0.3492]
Epoch 97/150 [train]:  69%|██████▉   | 18/26 [00:00<00:00, 86.63it/s, S=0.4508, loss=-0.3492]
Epoch 97/150 [train]:  69%|██████▉   | 18/26 [00:00<00:00, 86.63it/s, S=0.4536, loss=-0.3426]
Epoch 97/150 [train]:  69%|██████▉   | 18/26 [00:00<00:00, 86.63it/s, S=0.4523, loss=-0.3500]
Epoch 97/150 [train]:  69%|██████▉   | 18/26 [00:00<00:00, 86.63it/s, S=0.4483, loss=-0.3428]
Epoch 97/150 [train]:  69%|██████▉   | 18/26 [00:00<00:00, 86.63it/s, S=0.4464, loss=-0.3449]
Epoch 97/150 [train]:  69%|██████▉   | 18/26 [00:00<00:00, 86.63it/s, S=0.4500, loss=-0.3474]
Epoch 97/150 [train]:  69%|██████▉   | 18/26 [00:00<00:00, 86.63it/s, S=0.4540, loss=-0.3544]
Epoch 97/150 [train]:  69%|██████▉   | 18/26 [00:00<00:00, 86.63it/s, S=0.4474, loss=-0.3430]
Epoch 97/150 [train]:  69%|██████▉   | 18/26 [00:00<00:00, 86.63it/s, S=0.4514, loss=-0.3532]
                                                                                             
Epoch  97/150  train loss=-0.3461  val loss=-0.3047  S[mean]=0.4614  ζ=0.3745  mean_plane_ζ=0.2828  reg=0.1567  λscale=0.68  lr=3.72e-04

Epoch 98/150 [train]:   0%|          | 0/26 [00:00<?, ?it/s]
Epoch 98/150 [train]:   0%|          | 0/26 [00:00<?, ?it/s, S=0.4518, loss=-0.3468]
Epoch 98/150 [train]:   0%|          | 0/26 [00:00<?, ?it/s, S=0.4424, loss=-0.3315]
Epoch 98/150 [train]:   0%|          | 0/26 [00:00<?, ?it/s, S=0.4511, loss=-0.3527]
Epoch 98/150 [train]:   0%|          | 0/26 [00:00<?, ?it/s, S=0.4501, loss=-0.3521]
Epoch 98/150 [train]:   0%|          | 0/26 [00:00<?, ?it/s, S=0.4525, loss=-0.3478]
Epoch 98/150 [train]:   0%|          | 0/26 [00:00<?, ?it/s, S=0.4511, loss=-0.3519]
Epoch 98/150 [train]:   0%|          | 0/26 [00:00<?, ?it/s, S=0.4497, loss=-0.3444]
Epoch 98/150 [train]:   0%|          | 0/26 [00:00<?, ?it/s, S=0.4505, loss=-0.3502]
Epoch 98/150 [train]:   0%|          | 0/26 [00:00<?, ?it/s, S=0.4498, loss=-0.3434]
Epoch 98/150 [train]:  35%|███▍      | 9/26 [00:00<00:00, 86.51it/s, S=0.4498, loss=-0.3434]
Epoch 98/150 [train]:  35%|███▍      | 9/26 [00:00<00:00, 86.51it/s, S=0.4415, loss=-0.3402]
Epoch 98/150 [train]:  35%|███▍      | 9/26 [00:00<00:00, 86.51it/s, S=0.4585, loss=-0.3572]
Epoch 98/150 [train]:  35%|███▍      | 9/26 [00:00<00:00, 86.51it/s, S=0.4541, loss=-0.3397]
Epoch 98/150 [train]:  35%|███▍      | 9/26 [00:00<00:00, 86.51it/s, S=0.4479, loss=-0.3528]
Epoch 98/150 [train]:  35%|███▍      | 9/26 [00:00<00:00, 86.51it/s, S=0.4340, loss=-0.3214]
Epoch 98/150 [train]:  35%|███▍      | 9/26 [00:00<00:00, 86.51it/s, S=0.4541, loss=-0.3574]
Epoch 98/150 [train]:  35%|███▍      | 9/26 [00:00<00:00, 86.51it/s, S=0.4503, loss=-0.3513]
Epoch 98/150 [train]:  35%|███▍      | 9/26 [00:00<00:00, 86.51it/s, S=0.4493, loss=-0.3458]
Epoch 98/150 [train]:  35%|███▍      | 9/26 [00:00<00:00, 86.51it/s, S=0.4525, loss=-0.3490]
Epoch 98/150 [train]:  69%|██████▉   | 18/26 [00:00<00:00, 86.72it/s, S=0.4525, loss=-0.3490]
Epoch 98/150 [train]:  69%|██████▉   | 18/26 [00:00<00:00, 86.72it/s, S=0.4580, loss=-0.3562]
Epoch 98/150 [train]:  69%|██████▉   | 18/26 [00:00<00:00, 86.72it/s, S=0.4526, loss=-0.3510]
Epoch 98/150 [train]:  69%|██████▉   | 18/26 [00:00<00:00, 86.72it/s, S=0.4498, loss=-0.3425]
Epoch 98/150 [train]:  69%|██████▉   | 18/26 [00:00<00:00, 86.72it/s, S=0.4437, loss=-0.3305]
Epoch 98/150 [train]:  69%|██████▉   | 18/26 [00:00<00:00, 86.72it/s, S=0.4498, loss=-0.3552]
Epoch 98/150 [train]:  69%|██████▉   | 18/26 [00:00<00:00, 86.72it/s, S=0.4420, loss=-0.3310]
Epoch 98/150 [train]:  69%|██████▉   | 18/26 [00:00<00:00, 86.72it/s, S=0.4532, loss=-0.3599]
Epoch 98/150 [train]:  69%|██████▉   | 18/26 [00:00<00:00, 86.72it/s, S=0.4493, loss=-0.3558]
                                                                                             
Epoch  98/150  train loss=-0.3468  val loss=-0.3034  S[mean]=0.4612  ζ=0.3739  mean_plane_ζ=0.2825  reg=0.1578  λscale=0.69  lr=3.63e-04

Epoch 99/150 [train]:   0%|          | 0/26 [00:00<?, ?it/s]
Epoch 99/150 [train]:   0%|          | 0/26 [00:00<?, ?it/s, S=0.4464, loss=-0.3418]
Epoch 99/150 [train]:   0%|          | 0/26 [00:00<?, ?it/s, S=0.4522, loss=-0.3579]
Epoch 99/150 [train]:   0%|          | 0/26 [00:00<?, ?it/s, S=0.4508, loss=-0.3453]
Epoch 99/150 [train]:   0%|          | 0/26 [00:00<?, ?it/s, S=0.4449, loss=-0.3389]
Epoch 99/150 [train]:   0%|          | 0/26 [00:00<?, ?it/s, S=0.4461, loss=-0.3425]
Epoch 99/150 [train]:   0%|          | 0/26 [00:00<?, ?it/s, S=0.4475, loss=-0.3508]
Epoch 99/150 [train]:   0%|          | 0/26 [00:00<?, ?it/s, S=0.4577, loss=-0.3602]
Epoch 99/150 [train]:   0%|          | 0/26 [00:00<?, ?it/s, S=0.4466, loss=-0.3548]
Epoch 99/150 [train]:   0%|          | 0/26 [00:00<?, ?it/s, S=0.4525, loss=-0.3561]
Epoch 99/150 [train]:  35%|███▍      | 9/26 [00:00<00:00, 86.57it/s, S=0.4525, loss=-0.3561]
Epoch 99/150 [train]:  35%|███▍      | 9/26 [00:00<00:00, 86.57it/s, S=0.4479, loss=-0.3461]
Epoch 99/150 [train]:  35%|███▍      | 9/26 [00:00<00:00, 86.57it/s, S=0.4504, loss=-0.3470]
Epoch 99/150 [train]:  35%|███▍      | 9/26 [00:00<00:00, 86.57it/s, S=0.4532, loss=-0.3481]
Epoch 99/150 [train]:  35%|███▍      | 9/26 [00:00<00:00, 86.57it/s, S=0.4566, loss=-0.3576]
Epoch 99/150 [train]:  35%|███▍      | 9/26 [00:00<00:00, 86.57it/s, S=0.4544, loss=-0.3503]
Epoch 99/150 [train]:  35%|███▍      | 9/26 [00:00<00:00, 86.57it/s, S=0.4454, loss=-0.3461]
Epoch 99/150 [train]:  35%|███▍      | 9/26 [00:00<00:00, 86.57it/s, S=0.4477, loss=-0.3444]
Epoch 99/150 [train]:  35%|███▍      | 9/26 [00:00<00:00, 86.57it/s, S=0.4478, loss=-0.3565]
Epoch 99/150 [train]:  35%|███▍      | 9/26 [00:00<00:00, 86.57it/s, S=0.4550, loss=-0.3621]
Epoch 99/150 [train]:  69%|██████▉   | 18/26 [00:00<00:00, 86.80it/s, S=0.4550, loss=-0.3621]
Epoch 99/150 [train]:  69%|██████▉   | 18/26 [00:00<00:00, 86.80it/s, S=0.4490, loss=-0.3462]
Epoch 99/150 [train]:  69%|██████▉   | 18/26 [00:00<00:00, 86.80it/s, S=0.4469, loss=-0.3556]
Epoch 99/150 [train]:  69%|██████▉   | 18/26 [00:00<00:00, 86.80it/s, S=0.4448, loss=-0.3467]
Epoch 99/150 [train]:  69%|██████▉   | 18/26 [00:00<00:00, 86.80it/s, S=0.4528, loss=-0.3487]
Epoch 99/150 [train]:  69%|██████▉   | 18/26 [00:00<00:00, 86.80it/s, S=0.4474, loss=-0.3345]
Epoch 99/150 [train]:  69%|██████▉   | 18/26 [00:00<00:00, 86.80it/s, S=0.4457, loss=-0.3295]
Epoch 99/150 [train]:  69%|██████▉   | 18/26 [00:00<00:00, 86.80it/s, S=0.4515, loss=-0.3548]
Epoch 99/150 [train]:  69%|██████▉   | 18/26 [00:00<00:00, 86.80it/s, S=0.4449, loss=-0.3435]
                                                                                             
Epoch  99/150  train loss=-0.3487  val loss=-0.3058  S[mean]=0.4609  ζ=0.3749  mean_plane_ζ=0.2831  reg=0.1551  λscale=0.69  lr=3.55e-04

Epoch 100/150 [train]:   0%|          | 0/26 [00:00<?, ?it/s]
Epoch 100/150 [train]:   0%|          | 0/26 [00:00<?, ?it/s, S=0.4499, loss=-0.3428]
Epoch 100/150 [train]:   0%|          | 0/26 [00:00<?, ?it/s, S=0.4504, loss=-0.3550]
Epoch 100/150 [train]:   0%|          | 0/26 [00:00<?, ?it/s, S=0.4451, loss=-0.3349]
Epoch 100/150 [train]:   0%|          | 0/26 [00:00<?, ?it/s, S=0.4568, loss=-0.3589]
Epoch 100/150 [train]:   0%|          | 0/26 [00:00<?, ?it/s, S=0.4462, loss=-0.3463]
Epoch 100/150 [train]:   0%|          | 0/26 [00:00<?, ?it/s, S=0.4509, loss=-0.3497]
Epoch 100/150 [train]:   0%|          | 0/26 [00:00<?, ?it/s, S=0.4466, loss=-0.3462]
Epoch 100/150 [train]:   0%|          | 0/26 [00:00<?, ?it/s, S=0.4496, loss=-0.3546]
Epoch 100/150 [train]:   0%|          | 0/26 [00:00<?, ?it/s, S=0.4525, loss=-0.3449]
Epoch 100/150 [train]:  35%|███▍      | 9/26 [00:00<00:00, 86.44it/s, S=0.4525, loss=-0.3449]
Epoch 100/150 [train]:  35%|███▍      | 9/26 [00:00<00:00, 86.44it/s, S=0.4491, loss=-0.3502]
Epoch 100/150 [train]:  35%|███▍      | 9/26 [00:00<00:00, 86.44it/s, S=0.4483, loss=-0.3443]
Epoch 100/150 [train]:  35%|███▍      | 9/26 [00:00<00:00, 86.44it/s, S=0.4470, loss=-0.3510]
Epoch 100/150 [train]:  35%|███▍      | 9/26 [00:00<00:00, 86.44it/s, S=0.4532, loss=-0.3506]
Epoch 100/150 [train]:  35%|███▍      | 9/26 [00:00<00:00, 86.44it/s, S=0.4458, loss=-0.3388]
Epoch 100/150 [train]:  35%|███▍      | 9/26 [00:00<00:00, 86.44it/s, S=0.4453, loss=-0.3413]
Epoch 100/150 [train]:  35%|███▍      | 9/26 [00:00<00:00, 86.44it/s, S=0.4507, loss=-0.3491]
Epoch 100/150 [train]:  35%|███▍      | 9/26 [00:00<00:00, 86.44it/s, S=0.4471, loss=-0.3534]
Epoch 100/150 [train]:  35%|███▍      | 9/26 [00:00<00:00, 86.44it/s, S=0.4458, loss=-0.3385]
Epoch 100/150 [train]:  69%|██████▉   | 18/26 [00:00<00:00, 86.71it/s, S=0.4458, loss=-0.3385]
Epoch 100/150 [train]:  69%|██████▉   | 18/26 [00:00<00:00, 86.71it/s, S=0.4548, loss=-0.3535]
Epoch 100/150 [train]:  69%|██████▉   | 18/26 [00:00<00:00, 86.71it/s, S=0.4436, loss=-0.3410]
Epoch 100/150 [train]:  69%|██████▉   | 18/26 [00:00<00:00, 86.71it/s, S=0.4448, loss=-0.3353]
Epoch 100/150 [train]:  69%|██████▉   | 18/26 [00:00<00:00, 86.71it/s, S=0.4506, loss=-0.3483]
Epoch 100/150 [train]:  69%|██████▉   | 18/26 [00:00<00:00, 86.71it/s, S=0.4503, loss=-0.3507]
Epoch 100/150 [train]:  69%|██████▉   | 18/26 [00:00<00:00, 86.71it/s, S=0.4482, loss=-0.3499]
Epoch 100/150 [train]:  69%|██████▉   | 18/26 [00:00<00:00, 86.71it/s, S=0.4478, loss=-0.3468]
Epoch 100/150 [train]:  69%|██████▉   | 18/26 [00:00<00:00, 86.71it/s, S=0.4605, loss=-0.3654]
                                                                                              
Epoch 100/150  train loss=-0.3477  val loss=-0.3051  S[mean]=0.4606  ζ=0.3744  mean_plane_ζ=0.2830  reg=0.1555  λscale=0.70  lr=3.46e-04

Epoch 101/150 [train]:   0%|          | 0/26 [00:00<?, ?it/s]
Epoch 101/150 [train]:   0%|          | 0/26 [00:00<?, ?it/s, S=0.4541, loss=-0.3595]
Epoch 101/150 [train]:   0%|          | 0/26 [00:00<?, ?it/s, S=0.4518, loss=-0.3590]
Epoch 101/150 [train]:   0%|          | 0/26 [00:00<?, ?it/s, S=0.4528, loss=-0.3515]
Epoch 101/150 [train]:   0%|          | 0/26 [00:00<?, ?it/s, S=0.4451, loss=-0.3290]
Epoch 101/150 [train]:   0%|          | 0/26 [00:00<?, ?it/s, S=0.4496, loss=-0.3492]
Epoch 101/150 [train]:   0%|          | 0/26 [00:00<?, ?it/s, S=0.4441, loss=-0.3394]
Epoch 101/150 [train]:   0%|          | 0/26 [00:00<?, ?it/s, S=0.4543, loss=-0.3581]
Epoch 101/150 [train]:   0%|          | 0/26 [00:00<?, ?it/s, S=0.4479, loss=-0.3344]
Epoch 101/150 [train]:   0%|          | 0/26 [00:00<?, ?it/s, S=0.4563, loss=-0.3599]
Epoch 101/150 [train]:  35%|███▍      | 9/26 [00:00<00:00, 86.33it/s, S=0.4563, loss=-0.3599]
Epoch 101/150 [train]:  35%|███▍      | 9/26 [00:00<00:00, 86.33it/s, S=0.4585, loss=-0.3581]
Epoch 101/150 [train]:  35%|███▍      | 9/26 [00:00<00:00, 86.33it/s, S=0.4490, loss=-0.3477]
Epoch 101/150 [train]:  35%|███▍      | 9/26 [00:00<00:00, 86.33it/s, S=0.4534, loss=-0.3597]
Epoch 101/150 [train]:  35%|███▍      | 9/26 [00:00<00:00, 86.33it/s, S=0.4440, loss=-0.3379]
Epoch 101/150 [train]:  35%|███▍      | 9/26 [00:00<00:00, 86.33it/s, S=0.4550, loss=-0.3526]
Epoch 101/150 [train]:  35%|███▍      | 9/26 [00:00<00:00, 86.33it/s, S=0.4459, loss=-0.3255]
Epoch 101/150 [train]:  35%|███▍      | 9/26 [00:00<00:00, 86.33it/s, S=0.4527, loss=-0.3571]
Epoch 101/150 [train]:  35%|███▍      | 9/26 [00:00<00:00, 86.33it/s, S=0.4466, loss=-0.3475]
Epoch 101/150 [train]:  35%|███▍      | 9/26 [00:00<00:00, 86.33it/s, S=0.4483, loss=-0.3552]
Epoch 101/150 [train]:  69%|██████▉   | 18/26 [00:00<00:00, 86.68it/s, S=0.4483, loss=-0.3552]
Epoch 101/150 [train]:  69%|██████▉   | 18/26 [00:00<00:00, 86.68it/s, S=0.4512, loss=-0.3546]
Epoch 101/150 [train]:  69%|██████▉   | 18/26 [00:00<00:00, 86.68it/s, S=0.4488, loss=-0.3416]
Epoch 101/150 [train]:  69%|██████▉   | 18/26 [00:00<00:00, 86.68it/s, S=0.4438, loss=-0.3430]
Epoch 101/150 [train]:  69%|██████▉   | 18/26 [00:00<00:00, 86.68it/s, S=0.4372, loss=-0.3373]
Epoch 101/150 [train]:  69%|██████▉   | 18/26 [00:00<00:00, 86.68it/s, S=0.4494, loss=-0.3497]
Epoch 101/150 [train]:  69%|██████▉   | 18/26 [00:00<00:00, 86.68it/s, S=0.4541, loss=-0.3598]
Epoch 101/150 [train]:  69%|██████▉   | 18/26 [00:00<00:00, 86.68it/s, S=0.4468, loss=-0.3451]
Epoch 101/150 [train]:  69%|██████▉   | 18/26 [00:00<00:00, 86.68it/s, S=0.4448, loss=-0.3448]
                                                                                              
Epoch 101/150  train loss=-0.3484  val loss=-0.3053  S[mean]=0.4605  ζ=0.3746  mean_plane_ζ=0.2832  reg=0.1552  λscale=0.70  lr=3.37e-04

Epoch 102/150 [train]:   0%|          | 0/26 [00:00<?, ?it/s]
Epoch 102/150 [train]:   0%|          | 0/26 [00:00<?, ?it/s, S=0.4454, loss=-0.3492]
Epoch 102/150 [train]:   0%|          | 0/26 [00:00<?, ?it/s, S=0.4597, loss=-0.3604]
Epoch 102/150 [train]:   0%|          | 0/26 [00:00<?, ?it/s, S=0.4524, loss=-0.3471]
Epoch 102/150 [train]:   0%|          | 0/26 [00:00<?, ?it/s, S=0.4472, loss=-0.3414]
Epoch 102/150 [train]:   0%|          | 0/26 [00:00<?, ?it/s, S=0.4505, loss=-0.3549]
Epoch 102/150 [train]:   0%|          | 0/26 [00:00<?, ?it/s, S=0.4534, loss=-0.3533]
Epoch 102/150 [train]:   0%|          | 0/26 [00:00<?, ?it/s, S=0.4532, loss=-0.3514]
Epoch 102/150 [train]:   0%|          | 0/26 [00:00<?, ?it/s, S=0.4519, loss=-0.3486]
Epoch 102/150 [train]:   0%|          | 0/26 [00:00<?, ?it/s, S=0.4522, loss=-0.3530]
Epoch 102/150 [train]:  35%|███▍      | 9/26 [00:00<00:00, 86.43it/s, S=0.4522, loss=-0.3530]
Epoch 102/150 [train]:  35%|███▍      | 9/26 [00:00<00:00, 86.43it/s, S=0.4461, loss=-0.3374]
Epoch 102/150 [train]:  35%|███▍      | 9/26 [00:00<00:00, 86.43it/s, S=0.4480, loss=-0.3506]
Epoch 102/150 [train]:  35%|███▍      | 9/26 [00:00<00:00, 86.43it/s, S=0.4495, loss=-0.3579]
Epoch 102/150 [train]:  35%|███▍      | 9/26 [00:00<00:00, 86.43it/s, S=0.4480, loss=-0.3549]
Epoch 102/150 [train]:  35%|███▍      | 9/26 [00:00<00:00, 86.43it/s, S=0.4414, loss=-0.3412]
Epoch 102/150 [train]:  35%|███▍      | 9/26 [00:00<00:00, 86.43it/s, S=0.4496, loss=-0.3550]
Epoch 102/150 [train]:  35%|███▍      | 9/26 [00:00<00:00, 86.43it/s, S=0.4440, loss=-0.3491]
Epoch 102/150 [train]:  35%|███▍      | 9/26 [00:00<00:00, 86.43it/s, S=0.4524, loss=-0.3621]
Epoch 102/150 [train]:  35%|███▍      | 9/26 [00:00<00:00, 86.43it/s, S=0.4516, loss=-0.3476]
Epoch 102/150 [train]:  69%|██████▉   | 18/26 [00:00<00:00, 85.53it/s, S=0.4516, loss=-0.3476]
Epoch 102/150 [train]:  69%|██████▉   | 18/26 [00:00<00:00, 85.53it/s, S=0.4530, loss=-0.3513]
Epoch 102/150 [train]:  69%|██████▉   | 18/26 [00:00<00:00, 85.53it/s, S=0.4420, loss=-0.3337]
Epoch 102/150 [train]:  69%|██████▉   | 18/26 [00:00<00:00, 85.53it/s, S=0.4462, loss=-0.3466]
Epoch 102/150 [train]:  69%|██████▉   | 18/26 [00:00<00:00, 85.53it/s, S=0.4500, loss=-0.3409]
Epoch 102/150 [train]:  69%|██████▉   | 18/26 [00:00<00:00, 85.53it/s, S=0.4485, loss=-0.3555]
Epoch 102/150 [train]:  69%|██████▉   | 18/26 [00:00<00:00, 85.53it/s, S=0.4485, loss=-0.3544]
Epoch 102/150 [train]:  69%|██████▉   | 18/26 [00:00<00:00, 85.53it/s, S=0.4439, loss=-0.3437]
Epoch 102/150 [train]:  69%|██████▉   | 18/26 [00:00<00:00, 85.53it/s, S=0.4572, loss=-0.3587]
                                                                                              
Epoch 102/150  train loss=-0.3500  val loss=-0.3050  S[mean]=0.4600  ζ=0.3742  mean_plane_ζ=0.2828  reg=0.1550  λscale=0.71  lr=3.27e-04

Epoch 103/150 [train]:   0%|          | 0/26 [00:00<?, ?it/s]
Epoch 103/150 [train]:   0%|          | 0/26 [00:00<?, ?it/s, S=0.4533, loss=-0.3502]
Epoch 103/150 [train]:   0%|          | 0/26 [00:00<?, ?it/s, S=0.4446, loss=-0.3459]
Epoch 103/150 [train]:   0%|          | 0/26 [00:00<?, ?it/s, S=0.4538, loss=-0.3652]
Epoch 103/150 [train]:   0%|          | 0/26 [00:00<?, ?it/s, S=0.4527, loss=-0.3522]
Epoch 103/150 [train]:   0%|          | 0/26 [00:00<?, ?it/s, S=0.4480, loss=-0.3438]
Epoch 103/150 [train]:   0%|          | 0/26 [00:00<?, ?it/s, S=0.4519, loss=-0.3527]
Epoch 103/150 [train]:   0%|          | 0/26 [00:00<?, ?it/s, S=0.4532, loss=-0.3594]
Epoch 103/150 [train]:   0%|          | 0/26 [00:00<?, ?it/s, S=0.4457, loss=-0.3460]
Epoch 103/150 [train]:   0%|          | 0/26 [00:00<?, ?it/s, S=0.4499, loss=-0.3546]
Epoch 103/150 [train]:  35%|███▍      | 9/26 [00:00<00:00, 86.27it/s, S=0.4499, loss=-0.3546]
Epoch 103/150 [train]:  35%|███▍      | 9/26 [00:00<00:00, 86.27it/s, S=0.4503, loss=-0.3582]
Epoch 103/150 [train]:  35%|███▍      | 9/26 [00:00<00:00, 86.27it/s, S=0.4537, loss=-0.3556]
Epoch 103/150 [train]:  35%|███▍      | 9/26 [00:00<00:00, 86.27it/s, S=0.4541, loss=-0.3610]
Epoch 103/150 [train]:  35%|███▍      | 9/26 [00:00<00:00, 86.27it/s, S=0.4464, loss=-0.3326]
Epoch 103/150 [train]:  35%|███▍      | 9/26 [00:00<00:00, 86.27it/s, S=0.4538, loss=-0.3574]
Epoch 103/150 [train]:  35%|███▍      | 9/26 [00:00<00:00, 86.27it/s, S=0.4511, loss=-0.3442]
Epoch 103/150 [train]:  35%|███▍      | 9/26 [00:00<00:00, 86.27it/s, S=0.4489, loss=-0.3508]
Epoch 103/150 [train]:  35%|███▍      | 9/26 [00:00<00:00, 86.27it/s, S=0.4493, loss=-0.3504]
Epoch 103/150 [train]:  35%|███▍      | 9/26 [00:00<00:00, 86.27it/s, S=0.4446, loss=-0.3325]
Epoch 103/150 [train]:  69%|██████▉   | 18/26 [00:00<00:00, 86.72it/s, S=0.4446, loss=-0.3325]
Epoch 103/150 [train]:  69%|██████▉   | 18/26 [00:00<00:00, 86.72it/s, S=0.4464, loss=-0.3482]
Epoch 103/150 [train]:  69%|██████▉   | 18/26 [00:00<00:00, 86.72it/s, S=0.4459, loss=-0.3476]
Epoch 103/150 [train]:  69%|██████▉   | 18/26 [00:00<00:00, 86.72it/s, S=0.4491, loss=-0.3557]
Epoch 103/150 [train]:  69%|██████▉   | 18/26 [00:00<00:00, 86.72it/s, S=0.4466, loss=-0.3522]
Epoch 103/150 [train]:  69%|██████▉   | 18/26 [00:00<00:00, 86.72it/s, S=0.4555, loss=-0.3581]
Epoch 103/150 [train]:  69%|██████▉   | 18/26 [00:00<00:00, 86.72it/s, S=0.4442, loss=-0.3431]
Epoch 103/150 [train]:  69%|██████▉   | 18/26 [00:00<00:00, 86.72it/s, S=0.4541, loss=-0.3581]
Epoch 103/150 [train]:  69%|██████▉   | 18/26 [00:00<00:00, 86.72it/s, S=0.4568, loss=-0.3621]
                                                                                              
Epoch 103/150  train loss=-0.3515  val loss=-0.3052  S[mean]=0.4603  ζ=0.3749  mean_plane_ζ=0.2833  reg=0.1551  λscale=0.72  lr=3.18e-04

Epoch 104/150 [train]:   0%|          | 0/26 [00:00<?, ?it/s]
Epoch 104/150 [train]:   0%|          | 0/26 [00:00<?, ?it/s, S=0.4509, loss=-0.3552]
Epoch 104/150 [train]:   0%|          | 0/26 [00:00<?, ?it/s, S=0.4505, loss=-0.3522]
Epoch 104/150 [train]:   0%|          | 0/26 [00:00<?, ?it/s, S=0.4373, loss=-0.3324]
Epoch 104/150 [train]:   0%|          | 0/26 [00:00<?, ?it/s, S=0.4480, loss=-0.3521]
Epoch 104/150 [train]:   0%|          | 0/26 [00:00<?, ?it/s, S=0.4545, loss=-0.3589]
Epoch 104/150 [train]:   0%|          | 0/26 [00:00<?, ?it/s, S=0.4526, loss=-0.3535]
Epoch 104/150 [train]:   0%|          | 0/26 [00:00<?, ?it/s, S=0.4533, loss=-0.3604]
Epoch 104/150 [train]:   0%|          | 0/26 [00:00<?, ?it/s, S=0.4460, loss=-0.3523]
Epoch 104/150 [train]:   0%|          | 0/26 [00:00<?, ?it/s, S=0.4550, loss=-0.3624]
Epoch 104/150 [train]:  35%|███▍      | 9/26 [00:00<00:00, 86.45it/s, S=0.4550, loss=-0.3624]
Epoch 104/150 [train]:  35%|███▍      | 9/26 [00:00<00:00, 86.45it/s, S=0.4435, loss=-0.3407]
Epoch 104/150 [train]:  35%|███▍      | 9/26 [00:00<00:00, 86.45it/s, S=0.4484, loss=-0.3317]
Epoch 104/150 [train]:  35%|███▍      | 9/26 [00:00<00:00, 86.45it/s, S=0.4629, loss=-0.3675]
Epoch 104/150 [train]:  35%|███▍      | 9/26 [00:00<00:00, 86.45it/s, S=0.4502, loss=-0.3534]
Epoch 104/150 [train]:  35%|███▍      | 9/26 [00:00<00:00, 86.45it/s, S=0.4492, loss=-0.3480]
Epoch 104/150 [train]:  35%|███▍      | 9/26 [00:00<00:00, 86.45it/s, S=0.4537, loss=-0.3554]
Epoch 104/150 [train]:  35%|███▍      | 9/26 [00:00<00:00, 86.45it/s, S=0.4472, loss=-0.3454]
Epoch 104/150 [train]:  35%|███▍      | 9/26 [00:00<00:00, 86.45it/s, S=0.4421, loss=-0.3350]
Epoch 104/150 [train]:  35%|███▍      | 9/26 [00:00<00:00, 86.45it/s, S=0.4476, loss=-0.3515]
Epoch 104/150 [train]:  69%|██████▉   | 18/26 [00:00<00:00, 86.73it/s, S=0.4476, loss=-0.3515]
Epoch 104/150 [train]:  69%|██████▉   | 18/26 [00:00<00:00, 86.73it/s, S=0.4569, loss=-0.3627]
Epoch 104/150 [train]:  69%|██████▉   | 18/26 [00:00<00:00, 86.73it/s, S=0.4460, loss=-0.3465]
Epoch 104/150 [train]:  69%|██████▉   | 18/26 [00:00<00:00, 86.73it/s, S=0.4537, loss=-0.3555]
Epoch 104/150 [train]:  69%|██████▉   | 18/26 [00:00<00:00, 86.73it/s, S=0.4489, loss=-0.3518]
Epoch 104/150 [train]:  69%|██████▉   | 18/26 [00:00<00:00, 86.73it/s, S=0.4429, loss=-0.3481]
Epoch 104/150 [train]:  69%|██████▉   | 18/26 [00:00<00:00, 86.73it/s, S=0.4405, loss=-0.3400]
Epoch 104/150 [train]:  69%|██████▉   | 18/26 [00:00<00:00, 86.73it/s, S=0.4547, loss=-0.3642]
Epoch 104/150 [train]:  69%|██████▉   | 18/26 [00:00<00:00, 86.73it/s, S=0.4441, loss=-0.3379]
                                                                                              
Epoch 104/150  train loss=-0.3506  val loss=-0.3043  S[mean]=0.4597  ζ=0.3750  mean_plane_ζ=0.2832  reg=0.1554  λscale=0.72  lr=3.08e-04

Epoch 105/150 [train]:   0%|          | 0/26 [00:00<?, ?it/s]
Epoch 105/150 [train]:   0%|          | 0/26 [00:00<?, ?it/s, S=0.4564, loss=-0.3565]
Epoch 105/150 [train]:   0%|          | 0/26 [00:00<?, ?it/s, S=0.4548, loss=-0.3620]
Epoch 105/150 [train]:   0%|          | 0/26 [00:00<?, ?it/s, S=0.4363, loss=-0.3173]
Epoch 105/150 [train]:   0%|          | 0/26 [00:00<?, ?it/s, S=0.4500, loss=-0.3536]
Epoch 105/150 [train]:   0%|          | 0/26 [00:00<?, ?it/s, S=0.4421, loss=-0.3395]
Epoch 105/150 [train]:   0%|          | 0/26 [00:00<?, ?it/s, S=0.4506, loss=-0.3451]
Epoch 105/150 [train]:   0%|          | 0/26 [00:00<?, ?it/s, S=0.4524, loss=-0.3585]
Epoch 105/150 [train]:   0%|          | 0/26 [00:00<?, ?it/s, S=0.4537, loss=-0.3585]
Epoch 105/150 [train]:   0%|          | 0/26 [00:00<?, ?it/s, S=0.4425, loss=-0.3401]
Epoch 105/150 [train]:  35%|███▍      | 9/26 [00:00<00:00, 86.65it/s, S=0.4425, loss=-0.3401]
Epoch 105/150 [train]:  35%|███▍      | 9/26 [00:00<00:00, 86.65it/s, S=0.4520, loss=-0.3559]
Epoch 105/150 [train]:  35%|███▍      | 9/26 [00:00<00:00, 86.65it/s, S=0.4531, loss=-0.3577]
Epoch 105/150 [train]:  35%|███▍      | 9/26 [00:00<00:00, 86.65it/s, S=0.4543, loss=-0.3645]
Epoch 105/150 [train]:  35%|███▍      | 9/26 [00:00<00:00, 86.65it/s, S=0.4476, loss=-0.3563]
Epoch 105/150 [train]:  35%|███▍      | 9/26 [00:00<00:00, 86.65it/s, S=0.4439, loss=-0.3436]
Epoch 105/150 [train]:  35%|███▍      | 9/26 [00:00<00:00, 86.65it/s, S=0.4469, loss=-0.3410]
Epoch 105/150 [train]:  35%|███▍      | 9/26 [00:00<00:00, 86.65it/s, S=0.4561, loss=-0.3515]
Epoch 105/150 [train]:  35%|███▍      | 9/26 [00:00<00:00, 86.65it/s, S=0.4490, loss=-0.3507]
Epoch 105/150 [train]:  35%|███▍      | 9/26 [00:00<00:00, 86.65it/s, S=0.4534, loss=-0.3573]
Epoch 105/150 [train]:  69%|██████▉   | 18/26 [00:00<00:00, 86.89it/s, S=0.4534, loss=-0.3573]
Epoch 105/150 [train]:  69%|██████▉   | 18/26 [00:00<00:00, 86.89it/s, S=0.4510, loss=-0.3553]
Epoch 105/150 [train]:  69%|██████▉   | 18/26 [00:00<00:00, 86.89it/s, S=0.4492, loss=-0.3564]
Epoch 105/150 [train]:  69%|██████▉   | 18/26 [00:00<00:00, 86.89it/s, S=0.4585, loss=-0.3683]
Epoch 105/150 [train]:  69%|██████▉   | 18/26 [00:00<00:00, 86.89it/s, S=0.4492, loss=-0.3566]
Epoch 105/150 [train]:  69%|██████▉   | 18/26 [00:00<00:00, 86.89it/s, S=0.4416, loss=-0.3500]
Epoch 105/150 [train]:  69%|██████▉   | 18/26 [00:00<00:00, 86.89it/s, S=0.4440, loss=-0.3445]
Epoch 105/150 [train]:  69%|██████▉   | 18/26 [00:00<00:00, 86.89it/s, S=0.4485, loss=-0.3539]
Epoch 105/150 [train]:  69%|██████▉   | 18/26 [00:00<00:00, 86.89it/s, S=0.4473, loss=-0.3531]
                                                                                              
Epoch 105/150  train loss=-0.3518  val loss=-0.3046  S[mean]=0.4595  ζ=0.3749  mean_plane_ζ=0.2835  reg=0.1548  λscale=0.73  lr=2.99e-04

Epoch 106/150 [train]:   0%|          | 0/26 [00:00<?, ?it/s]
Epoch 106/150 [train]:   0%|          | 0/26 [00:00<?, ?it/s, S=0.4562, loss=-0.3567]
Epoch 106/150 [train]:   0%|          | 0/26 [00:00<?, ?it/s, S=0.4454, loss=-0.3527]
Epoch 106/150 [train]:   0%|          | 0/26 [00:00<?, ?it/s, S=0.4483, loss=-0.3516]
Epoch 106/150 [train]:   0%|          | 0/26 [00:00<?, ?it/s, S=0.4486, loss=-0.3548]
Epoch 106/150 [train]:   0%|          | 0/26 [00:00<?, ?it/s, S=0.4475, loss=-0.3391]
Epoch 106/150 [train]:   0%|          | 0/26 [00:00<?, ?it/s, S=0.4529, loss=-0.3644]
Epoch 106/150 [train]:   0%|          | 0/26 [00:00<?, ?it/s, S=0.4452, loss=-0.3499]
Epoch 106/150 [train]:   0%|          | 0/26 [00:00<?, ?it/s, S=0.4569, loss=-0.3576]
Epoch 106/150 [train]:   0%|          | 0/26 [00:00<?, ?it/s, S=0.4461, loss=-0.3441]
Epoch 106/150 [train]:  35%|███▍      | 9/26 [00:00<00:00, 86.51it/s, S=0.4461, loss=-0.3441]
Epoch 106/150 [train]:  35%|███▍      | 9/26 [00:00<00:00, 86.51it/s, S=0.4548, loss=-0.3606]
Epoch 106/150 [train]:  35%|███▍      | 9/26 [00:00<00:00, 86.51it/s, S=0.4527, loss=-0.3576]
Epoch 106/150 [train]:  35%|███▍      | 9/26 [00:00<00:00, 86.51it/s, S=0.4522, loss=-0.3599]
Epoch 106/150 [train]:  35%|███▍      | 9/26 [00:00<00:00, 86.51it/s, S=0.4482, loss=-0.3497]
Epoch 106/150 [train]:  35%|███▍      | 9/26 [00:00<00:00, 86.51it/s, S=0.4406, loss=-0.3376]
Epoch 106/150 [train]:  35%|███▍      | 9/26 [00:00<00:00, 86.51it/s, S=0.4470, loss=-0.3381]
Epoch 106/150 [train]:  35%|███▍      | 9/26 [00:00<00:00, 86.51it/s, S=0.4509, loss=-0.3514]
Epoch 106/150 [train]:  35%|███▍      | 9/26 [00:00<00:00, 86.51it/s, S=0.4482, loss=-0.3453]
Epoch 106/150 [train]:  35%|███▍      | 9/26 [00:00<00:00, 86.51it/s, S=0.4498, loss=-0.3586]
Epoch 106/150 [train]:  69%|██████▉   | 18/26 [00:00<00:00, 86.80it/s, S=0.4498, loss=-0.3586]
Epoch 106/150 [train]:  69%|██████▉   | 18/26 [00:00<00:00, 86.80it/s, S=0.4486, loss=-0.3552]
Epoch 106/150 [train]:  69%|██████▉   | 18/26 [00:00<00:00, 86.80it/s, S=0.4539, loss=-0.3628]
Epoch 106/150 [train]:  69%|██████▉   | 18/26 [00:00<00:00, 86.80it/s, S=0.4477, loss=-0.3444]
Epoch 106/150 [train]:  69%|██████▉   | 18/26 [00:00<00:00, 86.80it/s, S=0.4489, loss=-0.3505]
Epoch 106/150 [train]:  69%|██████▉   | 18/26 [00:00<00:00, 86.80it/s, S=0.4514, loss=-0.3603]
Epoch 106/150 [train]:  69%|██████▉   | 18/26 [00:00<00:00, 86.80it/s, S=0.4420, loss=-0.3461]
Epoch 106/150 [train]:  69%|██████▉   | 18/26 [00:00<00:00, 86.80it/s, S=0.4518, loss=-0.3588]
Epoch 106/150 [train]:  69%|██████▉   | 18/26 [00:00<00:00, 86.80it/s, S=0.4554, loss=-0.3576]
                                                                                              
Epoch 106/150  train loss=-0.3525  val loss=-0.3058  S[mean]=0.4595  ζ=0.3750  mean_plane_ζ=0.2833  reg=0.1536  λscale=0.73  lr=2.89e-04

Epoch 107/150 [train]:   0%|          | 0/26 [00:00<?, ?it/s]
Epoch 107/150 [train]:   0%|          | 0/26 [00:00<?, ?it/s, S=0.4421, loss=-0.3447]
Epoch 107/150 [train]:   0%|          | 0/26 [00:00<?, ?it/s, S=0.4507, loss=-0.3436]
Epoch 107/150 [train]:   0%|          | 0/26 [00:00<?, ?it/s, S=0.4511, loss=-0.3473]
Epoch 107/150 [train]:   0%|          | 0/26 [00:00<?, ?it/s, S=0.4511, loss=-0.3560]
Epoch 107/150 [train]:   0%|          | 0/26 [00:00<?, ?it/s, S=0.4441, loss=-0.3371]
Epoch 107/150 [train]:   0%|          | 0/26 [00:00<?, ?it/s, S=0.4449, loss=-0.3434]
Epoch 107/150 [train]:   0%|          | 0/26 [00:00<?, ?it/s, S=0.4549, loss=-0.3542]
Epoch 107/150 [train]:   0%|          | 0/26 [00:00<?, ?it/s, S=0.4553, loss=-0.3681]
Epoch 107/150 [train]:   0%|          | 0/26 [00:00<?, ?it/s, S=0.4497, loss=-0.3526]
Epoch 107/150 [train]:  35%|███▍      | 9/26 [00:00<00:00, 86.50it/s, S=0.4497, loss=-0.3526]
Epoch 107/150 [train]:  35%|███▍      | 9/26 [00:00<00:00, 86.50it/s, S=0.4441, loss=-0.3444]
Epoch 107/150 [train]:  35%|███▍      | 9/26 [00:00<00:00, 86.50it/s, S=0.4277, loss=-0.3049]
Epoch 107/150 [train]:  35%|███▍      | 9/26 [00:00<00:00, 86.50it/s, S=0.4412, loss=-0.3346]
Epoch 107/150 [train]:  35%|███▍      | 9/26 [00:00<00:00, 86.50it/s, S=0.4443, loss=-0.3392]
Epoch 107/150 [train]:  35%|███▍      | 9/26 [00:00<00:00, 86.50it/s, S=0.4534, loss=-0.3475]
Epoch 107/150 [train]:  35%|███▍      | 9/26 [00:00<00:00, 86.50it/s, S=0.4496, loss=-0.3512]
Epoch 107/150 [train]:  35%|███▍      | 9/26 [00:00<00:00, 86.50it/s, S=0.4523, loss=-0.3614]
Epoch 107/150 [train]:  35%|███▍      | 9/26 [00:00<00:00, 86.50it/s, S=0.4384, loss=-0.3373]
Epoch 107/150 [train]:  35%|███▍      | 9/26 [00:00<00:00, 86.50it/s, S=0.4400, loss=-0.3412]
Epoch 107/150 [train]:  69%|██████▉   | 18/26 [00:00<00:00, 86.77it/s, S=0.4400, loss=-0.3412]
Epoch 107/150 [train]:  69%|██████▉   | 18/26 [00:00<00:00, 86.77it/s, S=0.4481, loss=-0.3444]
Epoch 107/150 [train]:  69%|██████▉   | 18/26 [00:00<00:00, 86.77it/s, S=0.4452, loss=-0.3502]
Epoch 107/150 [train]:  69%|██████▉   | 18/26 [00:00<00:00, 86.77it/s, S=0.4538, loss=-0.3578]
Epoch 107/150 [train]:  69%|██████▉   | 18/26 [00:00<00:00, 86.77it/s, S=0.4538, loss=-0.3597]
Epoch 107/150 [train]:  69%|██████▉   | 18/26 [00:00<00:00, 86.77it/s, S=0.4454, loss=-0.3439]
Epoch 107/150 [train]:  69%|██████▉   | 18/26 [00:00<00:00, 86.77it/s, S=0.4595, loss=-0.3664]
Epoch 107/150 [train]:  69%|██████▉   | 18/26 [00:00<00:00, 86.77it/s, S=0.4444, loss=-0.3380]
Epoch 107/150 [train]:  69%|██████▉   | 18/26 [00:00<00:00, 86.77it/s, S=0.4452, loss=-0.3414]
                                                                                              
Epoch 107/150  train loss=-0.3466  val loss=-0.3058  S[mean]=0.4590  ζ=0.3749  mean_plane_ζ=0.2830  reg=0.1532  λscale=0.74  lr=2.79e-04

Epoch 108/150 [train]:   0%|          | 0/26 [00:00<?, ?it/s]
Epoch 108/150 [train]:   0%|          | 0/26 [00:00<?, ?it/s, S=0.4509, loss=-0.3542]
Epoch 108/150 [train]:   0%|          | 0/26 [00:00<?, ?it/s, S=0.4536, loss=-0.3607]
Epoch 108/150 [train]:   0%|          | 0/26 [00:00<?, ?it/s, S=0.4511, loss=-0.3547]
Epoch 108/150 [train]:   0%|          | 0/26 [00:00<?, ?it/s, S=0.4592, loss=-0.3700]
Epoch 108/150 [train]:   0%|          | 0/26 [00:00<?, ?it/s, S=0.4560, loss=-0.3563]
Epoch 108/150 [train]:   0%|          | 0/26 [00:00<?, ?it/s, S=0.4421, loss=-0.3380]
Epoch 108/150 [train]:   0%|          | 0/26 [00:00<?, ?it/s, S=0.4388, loss=-0.3270]
Epoch 108/150 [train]:   0%|          | 0/26 [00:00<?, ?it/s, S=0.4472, loss=-0.3519]
Epoch 108/150 [train]:   0%|          | 0/26 [00:00<?, ?it/s, S=0.4579, loss=-0.3615]
Epoch 108/150 [train]:  35%|███▍      | 9/26 [00:00<00:00, 86.70it/s, S=0.4579, loss=-0.3615]
Epoch 108/150 [train]:  35%|███▍      | 9/26 [00:00<00:00, 86.70it/s, S=0.4470, loss=-0.3437]
Epoch 108/150 [train]:  35%|███▍      | 9/26 [00:00<00:00, 86.70it/s, S=0.4501, loss=-0.3473]
Epoch 108/150 [train]:  35%|███▍      | 9/26 [00:00<00:00, 86.70it/s, S=0.4492, loss=-0.3546]
Epoch 108/150 [train]:  35%|███▍      | 9/26 [00:00<00:00, 86.70it/s, S=0.4435, loss=-0.3471]
Epoch 108/150 [train]:  35%|███▍      | 9/26 [00:00<00:00, 86.70it/s, S=0.4404, loss=-0.3384]
Epoch 108/150 [train]:  35%|███▍      | 9/26 [00:00<00:00, 86.70it/s, S=0.4551, loss=-0.3616]
Epoch 108/150 [train]:  35%|███▍      | 9/26 [00:00<00:00, 86.70it/s, S=0.4484, loss=-0.3523]
Epoch 108/150 [train]:  35%|███▍      | 9/26 [00:00<00:00, 86.70it/s, S=0.4405, loss=-0.3380]
Epoch 108/150 [train]:  35%|███▍      | 9/26 [00:00<00:00, 86.70it/s, S=0.4462, loss=-0.3513]
Epoch 108/150 [train]:  69%|██████▉   | 18/26 [00:00<00:00, 86.78it/s, S=0.4462, loss=-0.3513]
Epoch 108/150 [train]:  69%|██████▉   | 18/26 [00:00<00:00, 86.78it/s, S=0.4453, loss=-0.3423]
Epoch 108/150 [train]:  69%|██████▉   | 18/26 [00:00<00:00, 86.78it/s, S=0.4483, loss=-0.3608]
Epoch 108/150 [train]:  69%|██████▉   | 18/26 [00:00<00:00, 86.78it/s, S=0.4473, loss=-0.3437]
Epoch 108/150 [train]:  69%|██████▉   | 18/26 [00:00<00:00, 86.78it/s, S=0.4487, loss=-0.3546]
Epoch 108/150 [train]:  69%|██████▉   | 18/26 [00:00<00:00, 86.78it/s, S=0.4391, loss=-0.3335]
Epoch 108/150 [train]:  69%|██████▉   | 18/26 [00:00<00:00, 86.78it/s, S=0.4490, loss=-0.3546]
Epoch 108/150 [train]:  69%|██████▉   | 18/26 [00:00<00:00, 86.78it/s, S=0.4462, loss=-0.3511]
Epoch 108/150 [train]:  69%|██████▉   | 18/26 [00:00<00:00, 86.78it/s, S=0.4556, loss=-0.3669]
                                                                                              
Epoch 108/150  train loss=-0.3506  val loss=-0.3035  S[mean]=0.4588  ζ=0.3741  mean_plane_ζ=0.2826  reg=0.1553  λscale=0.75  lr=2.70e-04

Epoch 109/150 [train]:   0%|          | 0/26 [00:00<?, ?it/s]
Epoch 109/150 [train]:   0%|          | 0/26 [00:00<?, ?it/s, S=0.4463, loss=-0.3478]
Epoch 109/150 [train]:   0%|          | 0/26 [00:00<?, ?it/s, S=0.4554, loss=-0.3594]
Epoch 109/150 [train]:   0%|          | 0/26 [00:00<?, ?it/s, S=0.4504, loss=-0.3599]
Epoch 109/150 [train]:   0%|          | 0/26 [00:00<?, ?it/s, S=0.4526, loss=-0.3572]
Epoch 109/150 [train]:   0%|          | 0/26 [00:00<?, ?it/s, S=0.4473, loss=-0.3526]
Epoch 109/150 [train]:   0%|          | 0/26 [00:00<?, ?it/s, S=0.4512, loss=-0.3591]
Epoch 109/150 [train]:   0%|          | 0/26 [00:00<?, ?it/s, S=0.4516, loss=-0.3602]
Epoch 109/150 [train]:   0%|          | 0/26 [00:00<?, ?it/s, S=0.4462, loss=-0.3486]
Epoch 109/150 [train]:   0%|          | 0/26 [00:00<?, ?it/s, S=0.4536, loss=-0.3592]
Epoch 109/150 [train]:  35%|███▍      | 9/26 [00:00<00:00, 86.54it/s, S=0.4536, loss=-0.3592]
Epoch 109/150 [train]:  35%|███▍      | 9/26 [00:00<00:00, 86.54it/s, S=0.4594, loss=-0.3615]
Epoch 109/150 [train]:  35%|███▍      | 9/26 [00:00<00:00, 86.54it/s, S=0.4540, loss=-0.3475]
Epoch 109/150 [train]:  35%|███▍      | 9/26 [00:00<00:00, 86.54it/s, S=0.4458, loss=-0.3525]
Epoch 109/150 [train]:  35%|███▍      | 9/26 [00:00<00:00, 86.54it/s, S=0.4457, loss=-0.3457]
Epoch 109/150 [train]:  35%|███▍      | 9/26 [00:00<00:00, 86.54it/s, S=0.4508, loss=-0.3556]
Epoch 109/150 [train]:  35%|███▍      | 9/26 [00:00<00:00, 86.54it/s, S=0.4477, loss=-0.3526]
Epoch 109/150 [train]:  35%|███▍      | 9/26 [00:00<00:00, 86.54it/s, S=0.4479, loss=-0.3527]
Epoch 109/150 [train]:  35%|███▍      | 9/26 [00:00<00:00, 86.54it/s, S=0.4522, loss=-0.3567]
Epoch 109/150 [train]:  35%|███▍      | 9/26 [00:00<00:00, 86.54it/s, S=0.4528, loss=-0.3602]
Epoch 109/150 [train]:  69%|██████▉   | 18/26 [00:00<00:00, 86.44it/s, S=0.4528, loss=-0.3602]
Epoch 109/150 [train]:  69%|██████▉   | 18/26 [00:00<00:00, 86.44it/s, S=0.4468, loss=-0.3546]
Epoch 109/150 [train]:  69%|██████▉   | 18/26 [00:00<00:00, 86.44it/s, S=0.4481, loss=-0.3609]
Epoch 109/150 [train]:  69%|██████▉   | 18/26 [00:00<00:00, 86.44it/s, S=0.4475, loss=-0.3455]
Epoch 109/150 [train]:  69%|██████▉   | 18/26 [00:00<00:00, 86.44it/s, S=0.4512, loss=-0.3579]
Epoch 109/150 [train]:  69%|██████▉   | 18/26 [00:00<00:00, 86.44it/s, S=0.4555, loss=-0.3626]
Epoch 109/150 [train]:  69%|██████▉   | 18/26 [00:00<00:00, 86.44it/s, S=0.4544, loss=-0.3611]
Epoch 109/150 [train]:  69%|██████▉   | 18/26 [00:00<00:00, 86.44it/s, S=0.4445, loss=-0.3441]
Epoch 109/150 [train]:  69%|██████▉   | 18/26 [00:00<00:00, 86.44it/s, S=0.4475, loss=-0.3517]
                                                                                              
Epoch 109/150  train loss=-0.3549  val loss=-0.3038  S[mean]=0.4584  ζ=0.3741  mean_plane_ζ=0.2824  reg=0.1546  λscale=0.75  lr=2.60e-04

Epoch 110/150 [train]:   0%|          | 0/26 [00:00<?, ?it/s]
Epoch 110/150 [train]:   0%|          | 0/26 [00:00<?, ?it/s, S=0.4513, loss=-0.3449]
Epoch 110/150 [train]:   0%|          | 0/26 [00:00<?, ?it/s, S=0.4490, loss=-0.3520]
Epoch 110/150 [train]:   0%|          | 0/26 [00:00<?, ?it/s, S=0.4489, loss=-0.3621]
Epoch 110/150 [train]:   0%|          | 0/26 [00:00<?, ?it/s, S=0.4531, loss=-0.3608]
Epoch 110/150 [train]:   0%|          | 0/26 [00:00<?, ?it/s, S=0.4566, loss=-0.3614]
Epoch 110/150 [train]:   0%|          | 0/26 [00:00<?, ?it/s, S=0.4501, loss=-0.3541]
Epoch 110/150 [train]:   0%|          | 0/26 [00:00<?, ?it/s, S=0.4589, loss=-0.3666]
Epoch 110/150 [train]:   0%|          | 0/26 [00:00<?, ?it/s, S=0.4474, loss=-0.3507]
Epoch 110/150 [train]:   0%|          | 0/26 [00:00<?, ?it/s, S=0.4473, loss=-0.3436]
Epoch 110/150 [train]:  35%|███▍      | 9/26 [00:00<00:00, 86.47it/s, S=0.4473, loss=-0.3436]
Epoch 110/150 [train]:  35%|███▍      | 9/26 [00:00<00:00, 86.47it/s, S=0.4521, loss=-0.3646]
Epoch 110/150 [train]:  35%|███▍      | 9/26 [00:00<00:00, 86.47it/s, S=0.4494, loss=-0.3566]
Epoch 110/150 [train]:  35%|███▍      | 9/26 [00:00<00:00, 86.47it/s, S=0.4459, loss=-0.3507]
Epoch 110/150 [train]:  35%|███▍      | 9/26 [00:00<00:00, 86.47it/s, S=0.4474, loss=-0.3447]
Epoch 110/150 [train]:  35%|███▍      | 9/26 [00:00<00:00, 86.47it/s, S=0.4569, loss=-0.3663]
Epoch 110/150 [train]:  35%|███▍      | 9/26 [00:00<00:00, 86.47it/s, S=0.4475, loss=-0.3484]
Epoch 110/150 [train]:  35%|███▍      | 9/26 [00:00<00:00, 86.47it/s, S=0.4533, loss=-0.3645]
Epoch 110/150 [train]:  35%|███▍      | 9/26 [00:00<00:00, 86.47it/s, S=0.4418, loss=-0.3425]
Epoch 110/150 [train]:  35%|███▍      | 9/26 [00:00<00:00, 86.47it/s, S=0.4480, loss=-0.3543]
Epoch 110/150 [train]:  69%|██████▉   | 18/26 [00:00<00:00, 86.73it/s, S=0.4480, loss=-0.3543]
Epoch 110/150 [train]:  69%|██████▉   | 18/26 [00:00<00:00, 86.73it/s, S=0.4551, loss=-0.3583]
Epoch 110/150 [train]:  69%|██████▉   | 18/26 [00:00<00:00, 86.73it/s, S=0.4493, loss=-0.3616]
Epoch 110/150 [train]:  69%|██████▉   | 18/26 [00:00<00:00, 86.73it/s, S=0.4478, loss=-0.3431]
Epoch 110/150 [train]:  69%|██████▉   | 18/26 [00:00<00:00, 86.73it/s, S=0.4485, loss=-0.3559]
Epoch 110/150 [train]:  69%|██████▉   | 18/26 [00:00<00:00, 86.73it/s, S=0.4473, loss=-0.3562]
Epoch 110/150 [train]:  69%|██████▉   | 18/26 [00:00<00:00, 86.73it/s, S=0.4457, loss=-0.3564]
Epoch 110/150 [train]:  69%|██████▉   | 18/26 [00:00<00:00, 86.73it/s, S=0.4548, loss=-0.3676]
Epoch 110/150 [train]:  69%|██████▉   | 18/26 [00:00<00:00, 86.73it/s, S=0.4514, loss=-0.3561]
                                                                                              
Epoch 110/150  train loss=-0.3555  val loss=-0.3052  S[mean]=0.4582  ζ=0.3746  mean_plane_ζ=0.2831  reg=0.1530  λscale=0.76  lr=2.50e-04

Epoch 111/150 [train]:   0%|          | 0/26 [00:00<?, ?it/s]
Epoch 111/150 [train]:   0%|          | 0/26 [00:00<?, ?it/s, S=0.4538, loss=-0.3644]
Epoch 111/150 [train]:   0%|          | 0/26 [00:00<?, ?it/s, S=0.4527, loss=-0.3644]
Epoch 111/150 [train]:   0%|          | 0/26 [00:00<?, ?it/s, S=0.4571, loss=-0.3645]
Epoch 111/150 [train]:   0%|          | 0/26 [00:00<?, ?it/s, S=0.4505, loss=-0.3579]
Epoch 111/150 [train]:   0%|          | 0/26 [00:00<?, ?it/s, S=0.4568, loss=-0.3640]
Epoch 111/150 [train]:   0%|          | 0/26 [00:00<?, ?it/s, S=0.4503, loss=-0.3633]
Epoch 111/150 [train]:   0%|          | 0/26 [00:00<?, ?it/s, S=0.4483, loss=-0.3516]
Epoch 111/150 [train]:   0%|          | 0/26 [00:00<?, ?it/s, S=0.4542, loss=-0.3658]
Epoch 111/150 [train]:   0%|          | 0/26 [00:00<?, ?it/s, S=0.4527, loss=-0.3452]
Epoch 111/150 [train]:  35%|███▍      | 9/26 [00:00<00:00, 86.43it/s, S=0.4527, loss=-0.3452]
Epoch 111/150 [train]:  35%|███▍      | 9/26 [00:00<00:00, 86.43it/s, S=0.4493, loss=-0.3575]
Epoch 111/150 [train]:  35%|███▍      | 9/26 [00:00<00:00, 86.43it/s, S=0.4508, loss=-0.3515]
Epoch 111/150 [train]:  35%|███▍      | 9/26 [00:00<00:00, 86.43it/s, S=0.4471, loss=-0.3476]
Epoch 111/150 [train]:  35%|███▍      | 9/26 [00:00<00:00, 86.43it/s, S=0.4480, loss=-0.3560]
Epoch 111/150 [train]:  35%|███▍      | 9/26 [00:00<00:00, 86.43it/s, S=0.4445, loss=-0.3469]
Epoch 111/150 [train]:  35%|███▍      | 9/26 [00:00<00:00, 86.43it/s, S=0.4457, loss=-0.3578]
Epoch 111/150 [train]:  35%|███▍      | 9/26 [00:00<00:00, 86.43it/s, S=0.4496, loss=-0.3581]
Epoch 111/150 [train]:  35%|███▍      | 9/26 [00:00<00:00, 86.43it/s, S=0.4503, loss=-0.3556]
Epoch 111/150 [train]:  35%|███▍      | 9/26 [00:00<00:00, 86.43it/s, S=0.4533, loss=-0.3637]
Epoch 111/150 [train]:  69%|██████▉   | 18/26 [00:00<00:00, 86.59it/s, S=0.4533, loss=-0.3637]
Epoch 111/150 [train]:  69%|██████▉   | 18/26 [00:00<00:00, 86.59it/s, S=0.4514, loss=-0.3546]
Epoch 111/150 [train]:  69%|██████▉   | 18/26 [00:00<00:00, 86.59it/s, S=0.4533, loss=-0.3575]
Epoch 111/150 [train]:  69%|██████▉   | 18/26 [00:00<00:00, 86.59it/s, S=0.4470, loss=-0.3535]
Epoch 111/150 [train]:  69%|██████▉   | 18/26 [00:00<00:00, 86.59it/s, S=0.4468, loss=-0.3547]
Epoch 111/150 [train]:  69%|██████▉   | 18/26 [00:00<00:00, 86.59it/s, S=0.4457, loss=-0.3475]
Epoch 111/150 [train]:  69%|██████▉   | 18/26 [00:00<00:00, 86.59it/s, S=0.4509, loss=-0.3552]
Epoch 111/150 [train]:  69%|██████▉   | 18/26 [00:00<00:00, 86.59it/s, S=0.4434, loss=-0.3474]
Epoch 111/150 [train]:  69%|██████▉   | 18/26 [00:00<00:00, 86.59it/s, S=0.4447, loss=-0.3530]
                                                                                              
Epoch 111/150  train loss=-0.3561  val loss=-0.3055  S[mean]=0.4581  ζ=0.3744  mean_plane_ζ=0.2827  reg=0.1526  λscale=0.76  lr=2.40e-04

Epoch 112/150 [train]:   0%|          | 0/26 [00:00<?, ?it/s]
Epoch 112/150 [train]:   0%|          | 0/26 [00:00<?, ?it/s, S=0.4467, loss=-0.3483]
Epoch 112/150 [train]:   0%|          | 0/26 [00:00<?, ?it/s, S=0.4386, loss=-0.3403]
Epoch 112/150 [train]:   0%|          | 0/26 [00:00<?, ?it/s, S=0.4526, loss=-0.3571]
Epoch 112/150 [train]:   0%|          | 0/26 [00:00<?, ?it/s, S=0.4547, loss=-0.3570]
Epoch 112/150 [train]:   0%|          | 0/26 [00:00<?, ?it/s, S=0.4466, loss=-0.3440]
Epoch 112/150 [train]:   0%|          | 0/26 [00:00<?, ?it/s, S=0.4465, loss=-0.3500]
Epoch 112/150 [train]:   0%|          | 0/26 [00:00<?, ?it/s, S=0.4554, loss=-0.3601]
Epoch 112/150 [train]:   0%|          | 0/26 [00:00<?, ?it/s, S=0.4524, loss=-0.3627]
Epoch 112/150 [train]:   0%|          | 0/26 [00:00<?, ?it/s, S=0.4540, loss=-0.3621]
Epoch 112/150 [train]:  35%|███▍      | 9/26 [00:00<00:00, 86.46it/s, S=0.4540, loss=-0.3621]
Epoch 112/150 [train]:  35%|███▍      | 9/26 [00:00<00:00, 86.46it/s, S=0.4487, loss=-0.3465]
Epoch 112/150 [train]:  35%|███▍      | 9/26 [00:00<00:00, 86.46it/s, S=0.4441, loss=-0.3340]
Epoch 112/150 [train]:  35%|███▍      | 9/26 [00:00<00:00, 86.46it/s, S=0.4527, loss=-0.3547]
Epoch 112/150 [train]:  35%|███▍      | 9/26 [00:00<00:00, 86.46it/s, S=0.4497, loss=-0.3488]
Epoch 112/150 [train]:  35%|███▍      | 9/26 [00:00<00:00, 86.46it/s, S=0.4499, loss=-0.3502]
Epoch 112/150 [train]:  35%|███▍      | 9/26 [00:00<00:00, 86.46it/s, S=0.4406, loss=-0.3467]
Epoch 112/150 [train]:  35%|███▍      | 9/26 [00:00<00:00, 86.46it/s, S=0.4496, loss=-0.3601]
Epoch 112/150 [train]:  35%|███▍      | 9/26 [00:00<00:00, 86.46it/s, S=0.4481, loss=-0.3595]
Epoch 112/150 [train]:  35%|███▍      | 9/26 [00:00<00:00, 86.46it/s, S=0.4497, loss=-0.3554]
Epoch 112/150 [train]:  69%|██████▉   | 18/26 [00:00<00:00, 86.66it/s, S=0.4497, loss=-0.3554]
Epoch 112/150 [train]:  69%|██████▉   | 18/26 [00:00<00:00, 86.66it/s, S=0.4491, loss=-0.3565]
Epoch 112/150 [train]:  69%|██████▉   | 18/26 [00:00<00:00, 86.66it/s, S=0.4561, loss=-0.3637]
Epoch 112/150 [train]:  69%|██████▉   | 18/26 [00:00<00:00, 86.66it/s, S=0.4508, loss=-0.3562]
Epoch 112/150 [train]:  69%|██████▉   | 18/26 [00:00<00:00, 86.66it/s, S=0.4476, loss=-0.3550]
Epoch 112/150 [train]:  69%|██████▉   | 18/26 [00:00<00:00, 86.66it/s, S=0.4504, loss=-0.3559]
Epoch 112/150 [train]:  69%|██████▉   | 18/26 [00:00<00:00, 86.66it/s, S=0.4436, loss=-0.3470]
Epoch 112/150 [train]:  69%|██████▉   | 18/26 [00:00<00:00, 86.66it/s, S=0.4454, loss=-0.3547]
Epoch 112/150 [train]:  69%|██████▉   | 18/26 [00:00<00:00, 86.66it/s, S=0.4481, loss=-0.3463]
                                                                                              
Epoch 112/150  train loss=-0.3528  val loss=-0.3043  S[mean]=0.4580  ζ=0.3740  mean_plane_ζ=0.2823  reg=0.1536  λscale=0.77  lr=2.30e-04

Epoch 113/150 [train]:   0%|          | 0/26 [00:00<?, ?it/s]
Epoch 113/150 [train]:   0%|          | 0/26 [00:00<?, ?it/s, S=0.4490, loss=-0.3588]
Epoch 113/150 [train]:   0%|          | 0/26 [00:00<?, ?it/s, S=0.4494, loss=-0.3522]
Epoch 113/150 [train]:   0%|          | 0/26 [00:00<?, ?it/s, S=0.4521, loss=-0.3639]
Epoch 113/150 [train]:   0%|          | 0/26 [00:00<?, ?it/s, S=0.4505, loss=-0.3574]
Epoch 113/150 [train]:   0%|          | 0/26 [00:00<?, ?it/s, S=0.4537, loss=-0.3602]
Epoch 113/150 [train]:   0%|          | 0/26 [00:00<?, ?it/s, S=0.4518, loss=-0.3572]
Epoch 113/150 [train]:   0%|          | 0/26 [00:00<?, ?it/s, S=0.4529, loss=-0.3603]
Epoch 113/150 [train]:   0%|          | 0/26 [00:00<?, ?it/s, S=0.4467, loss=-0.3525]
Epoch 113/150 [train]:   0%|          | 0/26 [00:00<?, ?it/s, S=0.4471, loss=-0.3524]
Epoch 113/150 [train]:  35%|███▍      | 9/26 [00:00<00:00, 86.49it/s, S=0.4471, loss=-0.3524]
Epoch 113/150 [train]:  35%|███▍      | 9/26 [00:00<00:00, 86.49it/s, S=0.4433, loss=-0.3471]
Epoch 113/150 [train]:  35%|███▍      | 9/26 [00:00<00:00, 86.49it/s, S=0.4517, loss=-0.3596]
Epoch 113/150 [train]:  35%|███▍      | 9/26 [00:00<00:00, 86.49it/s, S=0.4526, loss=-0.3656]
Epoch 113/150 [train]:  35%|███▍      | 9/26 [00:00<00:00, 86.49it/s, S=0.4547, loss=-0.3642]
Epoch 113/150 [train]:  35%|███▍      | 9/26 [00:00<00:00, 86.49it/s, S=0.4522, loss=-0.3599]
Epoch 113/150 [train]:  35%|███▍      | 9/26 [00:00<00:00, 86.49it/s, S=0.4527, loss=-0.3646]
Epoch 113/150 [train]:  35%|███▍      | 9/26 [00:00<00:00, 86.49it/s, S=0.4461, loss=-0.3519]
Epoch 113/150 [train]:  35%|███▍      | 9/26 [00:00<00:00, 86.49it/s, S=0.4516, loss=-0.3569]
Epoch 113/150 [train]:  35%|███▍      | 9/26 [00:00<00:00, 86.49it/s, S=0.4526, loss=-0.3577]
Epoch 113/150 [train]:  69%|██████▉   | 18/26 [00:00<00:00, 86.73it/s, S=0.4526, loss=-0.3577]
Epoch 113/150 [train]:  69%|██████▉   | 18/26 [00:00<00:00, 86.73it/s, S=0.4476, loss=-0.3448]
Epoch 113/150 [train]:  69%|██████▉   | 18/26 [00:00<00:00, 86.73it/s, S=0.4484, loss=-0.3594]
Epoch 113/150 [train]:  69%|██████▉   | 18/26 [00:00<00:00, 86.73it/s, S=0.4390, loss=-0.3457]
Epoch 113/150 [train]:  69%|██████▉   | 18/26 [00:00<00:00, 86.73it/s, S=0.4514, loss=-0.3534]
Epoch 113/150 [train]:  69%|██████▉   | 18/26 [00:00<00:00, 86.73it/s, S=0.4463, loss=-0.3477]
Epoch 113/150 [train]:  69%|██████▉   | 18/26 [00:00<00:00, 86.73it/s, S=0.4478, loss=-0.3463]
Epoch 113/150 [train]:  69%|██████▉   | 18/26 [00:00<00:00, 86.73it/s, S=0.4521, loss=-0.3440]
Epoch 113/150 [train]:  69%|██████▉   | 18/26 [00:00<00:00, 86.73it/s, S=0.4516, loss=-0.3595]
                                                                                              
Epoch 113/150  train loss=-0.3555  val loss=-0.3050  S[mean]=0.4581  ζ=0.3746  mean_plane_ζ=0.2829  reg=0.1531  λscale=0.78  lr=2.21e-04

Epoch 114/150 [train]:   0%|          | 0/26 [00:00<?, ?it/s]
Epoch 114/150 [train]:   0%|          | 0/26 [00:00<?, ?it/s, S=0.4601, loss=-0.3726]
Epoch 114/150 [train]:   0%|          | 0/26 [00:00<?, ?it/s, S=0.4574, loss=-0.3651]
Epoch 114/150 [train]:   0%|          | 0/26 [00:00<?, ?it/s, S=0.4463, loss=-0.3489]
Epoch 114/150 [train]:   0%|          | 0/26 [00:00<?, ?it/s, S=0.4419, loss=-0.3487]
Epoch 114/150 [train]:   0%|          | 0/26 [00:00<?, ?it/s, S=0.4449, loss=-0.3501]
Epoch 114/150 [train]:   0%|          | 0/26 [00:00<?, ?it/s, S=0.4531, loss=-0.3606]
Epoch 114/150 [train]:   0%|          | 0/26 [00:00<?, ?it/s, S=0.4462, loss=-0.3564]
Epoch 114/150 [train]:   0%|          | 0/26 [00:00<?, ?it/s, S=0.4524, loss=-0.3574]
Epoch 114/150 [train]:   0%|          | 0/26 [00:00<?, ?it/s, S=0.4509, loss=-0.3579]
Epoch 114/150 [train]:  35%|███▍      | 9/26 [00:00<00:00, 86.41it/s, S=0.4509, loss=-0.3579]
Epoch 114/150 [train]:  35%|███▍      | 9/26 [00:00<00:00, 86.41it/s, S=0.4499, loss=-0.3628]
Epoch 114/150 [train]:  35%|███▍      | 9/26 [00:00<00:00, 86.41it/s, S=0.4529, loss=-0.3663]
Epoch 114/150 [train]:  35%|███▍      | 9/26 [00:00<00:00, 86.41it/s, S=0.4491, loss=-0.3576]
Epoch 114/150 [train]:  35%|███▍      | 9/26 [00:00<00:00, 86.41it/s, S=0.4498, loss=-0.3547]
Epoch 114/150 [train]:  35%|███▍      | 9/26 [00:00<00:00, 86.41it/s, S=0.4300, loss=-0.3184]
Epoch 114/150 [train]:  35%|███▍      | 9/26 [00:00<00:00, 86.41it/s, S=0.4481, loss=-0.3576]
Epoch 114/150 [train]:  35%|███▍      | 9/26 [00:00<00:00, 86.41it/s, S=0.4490, loss=-0.3513]
Epoch 114/150 [train]:  35%|███▍      | 9/26 [00:00<00:00, 86.41it/s, S=0.4490, loss=-0.3520]
Epoch 114/150 [train]:  35%|███▍      | 9/26 [00:00<00:00, 86.41it/s, S=0.4428, loss=-0.3476]
Epoch 114/150 [train]:  69%|██████▉   | 18/26 [00:00<00:00, 86.60it/s, S=0.4428, loss=-0.3476]
Epoch 114/150 [train]:  69%|██████▉   | 18/26 [00:00<00:00, 86.60it/s, S=0.4537, loss=-0.3649]
Epoch 114/150 [train]:  69%|██████▉   | 18/26 [00:00<00:00, 86.60it/s, S=0.4559, loss=-0.3641]
Epoch 114/150 [train]:  69%|██████▉   | 18/26 [00:00<00:00, 86.60it/s, S=0.4519, loss=-0.3540]
Epoch 114/150 [train]:  69%|██████▉   | 18/26 [00:00<00:00, 86.60it/s, S=0.4497, loss=-0.3526]
Epoch 114/150 [train]:  69%|██████▉   | 18/26 [00:00<00:00, 86.60it/s, S=0.4493, loss=-0.3567]
Epoch 114/150 [train]:  69%|██████▉   | 18/26 [00:00<00:00, 86.60it/s, S=0.4504, loss=-0.3532]
Epoch 114/150 [train]:  69%|██████▉   | 18/26 [00:00<00:00, 86.60it/s, S=0.4486, loss=-0.3496]
Epoch 114/150 [train]:  69%|██████▉   | 18/26 [00:00<00:00, 86.60it/s, S=0.4501, loss=-0.3565]
                                                                                              
Epoch 114/150  train loss=-0.3553  val loss=-0.3045  S[mean]=0.4576  ζ=0.3743  mean_plane_ζ=0.2826  reg=0.1531  λscale=0.78  lr=2.11e-04

Epoch 115/150 [train]:   0%|          | 0/26 [00:00<?, ?it/s]
Epoch 115/150 [train]:   0%|          | 0/26 [00:00<?, ?it/s, S=0.4516, loss=-0.3599]
Epoch 115/150 [train]:   0%|          | 0/26 [00:00<?, ?it/s, S=0.4504, loss=-0.3633]
Epoch 115/150 [train]:   0%|          | 0/26 [00:00<?, ?it/s, S=0.4513, loss=-0.3501]
Epoch 115/150 [train]:   0%|          | 0/26 [00:00<?, ?it/s, S=0.4536, loss=-0.3646]
Epoch 115/150 [train]:   0%|          | 0/26 [00:00<?, ?it/s, S=0.4470, loss=-0.3539]
Epoch 115/150 [train]:   0%|          | 0/26 [00:00<?, ?it/s, S=0.4530, loss=-0.3662]
Epoch 115/150 [train]:   0%|          | 0/26 [00:00<?, ?it/s, S=0.4532, loss=-0.3622]
Epoch 115/150 [train]:   0%|          | 0/26 [00:00<?, ?it/s, S=0.4494, loss=-0.3580]
Epoch 115/150 [train]:   0%|          | 0/26 [00:00<?, ?it/s, S=0.4493, loss=-0.3587]
Epoch 115/150 [train]:  35%|███▍      | 9/26 [00:00<00:00, 86.48it/s, S=0.4493, loss=-0.3587]
Epoch 115/150 [train]:  35%|███▍      | 9/26 [00:00<00:00, 86.48it/s, S=0.4468, loss=-0.3493]
Epoch 115/150 [train]:  35%|███▍      | 9/26 [00:00<00:00, 86.48it/s, S=0.4429, loss=-0.3450]
Epoch 115/150 [train]:  35%|███▍      | 9/26 [00:00<00:00, 86.48it/s, S=0.4518, loss=-0.3579]
Epoch 115/150 [train]:  35%|███▍      | 9/26 [00:00<00:00, 86.48it/s, S=0.4511, loss=-0.3489]
Epoch 115/150 [train]:  35%|███▍      | 9/26 [00:00<00:00, 86.48it/s, S=0.4480, loss=-0.3416]
Epoch 115/150 [train]:  35%|███▍      | 9/26 [00:00<00:00, 86.48it/s, S=0.4477, loss=-0.3548]
Epoch 115/150 [train]:  35%|███▍      | 9/26 [00:00<00:00, 86.48it/s, S=0.4493, loss=-0.3636]
Epoch 115/150 [train]:  35%|███▍      | 9/26 [00:00<00:00, 86.48it/s, S=0.4491, loss=-0.3543]
Epoch 115/150 [train]:  35%|███▍      | 9/26 [00:00<00:00, 86.48it/s, S=0.4553, loss=-0.3631]
Epoch 115/150 [train]:  69%|██████▉   | 18/26 [00:00<00:00, 86.59it/s, S=0.4553, loss=-0.3631]
Epoch 115/150 [train]:  69%|██████▉   | 18/26 [00:00<00:00, 86.59it/s, S=0.4496, loss=-0.3613]
Epoch 115/150 [train]:  69%|██████▉   | 18/26 [00:00<00:00, 86.59it/s, S=0.4429, loss=-0.3447]
Epoch 115/150 [train]:  69%|██████▉   | 18/26 [00:00<00:00, 86.59it/s, S=0.4485, loss=-0.3597]
Epoch 115/150 [train]:  69%|██████▉   | 18/26 [00:00<00:00, 86.59it/s, S=0.4515, loss=-0.3618]
Epoch 115/150 [train]:  69%|██████▉   | 18/26 [00:00<00:00, 86.59it/s, S=0.4490, loss=-0.3574]
Epoch 115/150 [train]:  69%|██████▉   | 18/26 [00:00<00:00, 86.59it/s, S=0.4408, loss=-0.3419]
Epoch 115/150 [train]:  69%|██████▉   | 18/26 [00:00<00:00, 86.59it/s, S=0.4420, loss=-0.3345]
Epoch 115/150 [train]:  69%|██████▉   | 18/26 [00:00<00:00, 86.59it/s, S=0.4583, loss=-0.3698]
                                                                                              
Epoch 115/150  train loss=-0.3556  val loss=-0.3050  S[mean]=0.4573  ζ=0.3743  mean_plane_ζ=0.2824  reg=0.1523  λscale=0.79  lr=2.01e-04

Epoch 116/150 [train]:   0%|          | 0/26 [00:00<?, ?it/s]
Epoch 116/150 [train]:   0%|          | 0/26 [00:00<?, ?it/s, S=0.4502, loss=-0.3625]
Epoch 116/150 [train]:   0%|          | 0/26 [00:00<?, ?it/s, S=0.4492, loss=-0.3539]
Epoch 116/150 [train]:   0%|          | 0/26 [00:00<?, ?it/s, S=0.4498, loss=-0.3597]
Epoch 116/150 [train]:   0%|          | 0/26 [00:00<?, ?it/s, S=0.4443, loss=-0.3541]
Epoch 116/150 [train]:   0%|          | 0/26 [00:00<?, ?it/s, S=0.4461, loss=-0.3525]
Epoch 116/150 [train]:   0%|          | 0/26 [00:00<?, ?it/s, S=0.4535, loss=-0.3632]
Epoch 116/150 [train]:   0%|          | 0/26 [00:00<?, ?it/s, S=0.4535, loss=-0.3632]
Epoch 116/150 [train]:   0%|          | 0/26 [00:00<?, ?it/s, S=0.4496, loss=-0.3449]
Epoch 116/150 [train]:   0%|          | 0/26 [00:00<?, ?it/s, S=0.4500, loss=-0.3475]
Epoch 116/150 [train]:  35%|███▍      | 9/26 [00:00<00:00, 86.28it/s, S=0.4500, loss=-0.3475]
Epoch 116/150 [train]:  35%|███▍      | 9/26 [00:00<00:00, 86.28it/s, S=0.4452, loss=-0.3507]
Epoch 116/150 [train]:  35%|███▍      | 9/26 [00:00<00:00, 86.28it/s, S=0.4436, loss=-0.3532]
Epoch 116/150 [train]:  35%|███▍      | 9/26 [00:00<00:00, 86.28it/s, S=0.4376, loss=-0.3411]
Epoch 116/150 [train]:  35%|███▍      | 9/26 [00:00<00:00, 86.28it/s, S=0.4521, loss=-0.3565]
Epoch 116/150 [train]:  35%|███▍      | 9/26 [00:00<00:00, 86.28it/s, S=0.4483, loss=-0.3470]
Epoch 116/150 [train]:  35%|███▍      | 9/26 [00:00<00:00, 86.28it/s, S=0.4411, loss=-0.3371]
Epoch 116/150 [train]:  35%|███▍      | 9/26 [00:00<00:00, 86.28it/s, S=0.4576, loss=-0.3636]
Epoch 116/150 [train]:  35%|███▍      | 9/26 [00:00<00:00, 86.28it/s, S=0.4516, loss=-0.3580]
Epoch 116/150 [train]:  35%|███▍      | 9/26 [00:00<00:00, 86.28it/s, S=0.4516, loss=-0.3616]
Epoch 116/150 [train]:  69%|██████▉   | 18/26 [00:00<00:00, 86.57it/s, S=0.4516, loss=-0.3616]
Epoch 116/150 [train]:  69%|██████▉   | 18/26 [00:00<00:00, 86.57it/s, S=0.4479, loss=-0.3543]
Epoch 116/150 [train]:  69%|██████▉   | 18/26 [00:00<00:00, 86.57it/s, S=0.4540, loss=-0.3688]
Epoch 116/150 [train]:  69%|██████▉   | 18/26 [00:00<00:00, 86.57it/s, S=0.4562, loss=-0.3558]
Epoch 116/150 [train]:  69%|██████▉   | 18/26 [00:00<00:00, 86.57it/s, S=0.4542, loss=-0.3669]
Epoch 116/150 [train]:  69%|██████▉   | 18/26 [00:00<00:00, 86.57it/s, S=0.4397, loss=-0.3402]
Epoch 116/150 [train]:  69%|██████▉   | 18/26 [00:00<00:00, 86.57it/s, S=0.4557, loss=-0.3599]
Epoch 116/150 [train]:  69%|██████▉   | 18/26 [00:00<00:00, 86.57it/s, S=0.4489, loss=-0.3599]
Epoch 116/150 [train]:  69%|██████▉   | 18/26 [00:00<00:00, 86.57it/s, S=0.4514, loss=-0.3521]
                                                                                              
Epoch 116/150  train loss=-0.3549  val loss=-0.3042  S[mean]=0.4572  ζ=0.3740  mean_plane_ζ=0.2822  reg=0.1530  λscale=0.79  lr=1.92e-04

Epoch 117/150 [train]:   0%|          | 0/26 [00:00<?, ?it/s]
Epoch 117/150 [train]:   0%|          | 0/26 [00:00<?, ?it/s, S=0.4485, loss=-0.3638]
Epoch 117/150 [train]:   0%|          | 0/26 [00:00<?, ?it/s, S=0.4521, loss=-0.3519]
Epoch 117/150 [train]:   0%|          | 0/26 [00:00<?, ?it/s, S=0.4418, loss=-0.3486]
Epoch 117/150 [train]:   0%|          | 0/26 [00:00<?, ?it/s, S=0.4497, loss=-0.3590]
Epoch 117/150 [train]:   0%|          | 0/26 [00:00<?, ?it/s, S=0.4509, loss=-0.3537]
Epoch 117/150 [train]:   0%|          | 0/26 [00:00<?, ?it/s, S=0.4550, loss=-0.3619]
Epoch 117/150 [train]:   0%|          | 0/26 [00:00<?, ?it/s, S=0.4487, loss=-0.3632]
Epoch 117/150 [train]:   0%|          | 0/26 [00:00<?, ?it/s, S=0.4484, loss=-0.3537]
Epoch 117/150 [train]:   0%|          | 0/26 [00:00<?, ?it/s, S=0.4414, loss=-0.3443]
Epoch 117/150 [train]:  35%|███▍      | 9/26 [00:00<00:00, 86.47it/s, S=0.4414, loss=-0.3443]
Epoch 117/150 [train]:  35%|███▍      | 9/26 [00:00<00:00, 86.47it/s, S=0.4473, loss=-0.3594]
Epoch 117/150 [train]:  35%|███▍      | 9/26 [00:00<00:00, 86.47it/s, S=0.4482, loss=-0.3497]
Epoch 117/150 [train]:  35%|███▍      | 9/26 [00:00<00:00, 86.47it/s, S=0.4500, loss=-0.3611]
Epoch 117/150 [train]:  35%|███▍      | 9/26 [00:00<00:00, 86.47it/s, S=0.4490, loss=-0.3536]
Epoch 117/150 [train]:  35%|███▍      | 9/26 [00:00<00:00, 86.47it/s, S=0.4475, loss=-0.3594]
Epoch 117/150 [train]:  35%|███▍      | 9/26 [00:00<00:00, 86.47it/s, S=0.4515, loss=-0.3552]
Epoch 117/150 [train]:  35%|███▍      | 9/26 [00:00<00:00, 86.47it/s, S=0.4537, loss=-0.3549]
Epoch 117/150 [train]:  35%|███▍      | 9/26 [00:00<00:00, 86.47it/s, S=0.4394, loss=-0.3487]
Epoch 117/150 [train]:  35%|███▍      | 9/26 [00:00<00:00, 86.47it/s, S=0.4541, loss=-0.3642]
Epoch 117/150 [train]:  69%|██████▉   | 18/26 [00:00<00:00, 86.67it/s, S=0.4541, loss=-0.3642]
Epoch 117/150 [train]:  69%|██████▉   | 18/26 [00:00<00:00, 86.67it/s, S=0.4548, loss=-0.3484]
Epoch 117/150 [train]:  69%|██████▉   | 18/26 [00:00<00:00, 86.67it/s, S=0.4507, loss=-0.3647]
Epoch 117/150 [train]:  69%|██████▉   | 18/26 [00:00<00:00, 86.67it/s, S=0.4478, loss=-0.3535]
Epoch 117/150 [train]:  69%|██████▉   | 18/26 [00:00<00:00, 86.67it/s, S=0.4499, loss=-0.3642]
Epoch 117/150 [train]:  69%|██████▉   | 18/26 [00:00<00:00, 86.67it/s, S=0.4523, loss=-0.3636]
Epoch 117/150 [train]:  69%|██████▉   | 18/26 [00:00<00:00, 86.67it/s, S=0.4503, loss=-0.3609]
Epoch 117/150 [train]:  69%|██████▉   | 18/26 [00:00<00:00, 86.67it/s, S=0.4514, loss=-0.3635]
Epoch 117/150 [train]:  69%|██████▉   | 18/26 [00:00<00:00, 86.67it/s, S=0.4396, loss=-0.3416]
                                                                                              
Epoch 117/150  train loss=-0.3564  val loss=-0.3038  S[mean]=0.4570  ζ=0.3742  mean_plane_ζ=0.2823  reg=0.1531  λscale=0.80  lr=1.82e-04

Epoch 118/150 [train]:   0%|          | 0/26 [00:00<?, ?it/s]
Epoch 118/150 [train]:   0%|          | 0/26 [00:00<?, ?it/s, S=0.4442, loss=-0.3481]
Epoch 118/150 [train]:   0%|          | 0/26 [00:00<?, ?it/s, S=0.4408, loss=-0.3363]
Epoch 118/150 [train]:   0%|          | 0/26 [00:00<?, ?it/s, S=0.4466, loss=-0.3496]
Epoch 118/150 [train]:   0%|          | 0/26 [00:00<?, ?it/s, S=0.4450, loss=-0.3585]
Epoch 118/150 [train]:   0%|          | 0/26 [00:00<?, ?it/s, S=0.4572, loss=-0.3675]
Epoch 118/150 [train]:   0%|          | 0/26 [00:00<?, ?it/s, S=0.4513, loss=-0.3574]
Epoch 118/150 [train]:   0%|          | 0/26 [00:00<?, ?it/s, S=0.4444, loss=-0.3502]
Epoch 118/150 [train]:   0%|          | 0/26 [00:00<?, ?it/s, S=0.4508, loss=-0.3532]
Epoch 118/150 [train]:   0%|          | 0/26 [00:00<?, ?it/s, S=0.4572, loss=-0.3669]
Epoch 118/150 [train]:  35%|███▍      | 9/26 [00:00<00:00, 86.47it/s, S=0.4572, loss=-0.3669]
Epoch 118/150 [train]:  35%|███▍      | 9/26 [00:00<00:00, 86.47it/s, S=0.4484, loss=-0.3548]
Epoch 118/150 [train]:  35%|███▍      | 9/26 [00:00<00:00, 86.47it/s, S=0.4458, loss=-0.3494]
Epoch 118/150 [train]:  35%|███▍      | 9/26 [00:00<00:00, 86.47it/s, S=0.4472, loss=-0.3588]
Epoch 118/150 [train]:  35%|███▍      | 9/26 [00:00<00:00, 86.47it/s, S=0.4484, loss=-0.3522]
Epoch 118/150 [train]:  35%|███▍      | 9/26 [00:00<00:00, 86.47it/s, S=0.4443, loss=-0.3502]
Epoch 118/150 [train]:  35%|███▍      | 9/26 [00:00<00:00, 86.47it/s, S=0.4482, loss=-0.3598]
Epoch 118/150 [train]:  35%|███▍      | 9/26 [00:00<00:00, 86.47it/s, S=0.4525, loss=-0.3475]
Epoch 118/150 [train]:  35%|███▍      | 9/26 [00:00<00:00, 86.47it/s, S=0.4476, loss=-0.3438]
Epoch 118/150 [train]:  35%|███▍      | 9/26 [00:00<00:00, 86.47it/s, S=0.4408, loss=-0.3419]
Epoch 118/150 [train]:  69%|██████▉   | 18/26 [00:00<00:00, 86.57it/s, S=0.4408, loss=-0.3419]
Epoch 118/150 [train]:  69%|██████▉   | 18/26 [00:00<00:00, 86.57it/s, S=0.4532, loss=-0.3658]
Epoch 118/150 [train]:  69%|██████▉   | 18/26 [00:00<00:00, 86.57it/s, S=0.4525, loss=-0.3579]
Epoch 118/150 [train]:  69%|██████▉   | 18/26 [00:00<00:00, 86.57it/s, S=0.4511, loss=-0.3637]
Epoch 118/150 [train]:  69%|██████▉   | 18/26 [00:00<00:00, 86.57it/s, S=0.4526, loss=-0.3591]
Epoch 118/150 [train]:  69%|██████▉   | 18/26 [00:00<00:00, 86.57it/s, S=0.4495, loss=-0.3629]
Epoch 118/150 [train]:  69%|██████▉   | 18/26 [00:00<00:00, 86.57it/s, S=0.4431, loss=-0.3479]
Epoch 118/150 [train]:  69%|██████▉   | 18/26 [00:00<00:00, 86.57it/s, S=0.4551, loss=-0.3706]
Epoch 118/150 [train]:  69%|██████▉   | 18/26 [00:00<00:00, 86.57it/s, S=0.4518, loss=-0.3612]
                                                                                              
Epoch 118/150  train loss=-0.3552  val loss=-0.3041  S[mean]=0.4571  ζ=0.3738  mean_plane_ζ=0.2820  reg=0.1529  λscale=0.81  lr=1.73e-04

Epoch 119/150 [train]:   0%|          | 0/26 [00:00<?, ?it/s]
Epoch 119/150 [train]:   0%|          | 0/26 [00:00<?, ?it/s, S=0.4422, loss=-0.3549]
Epoch 119/150 [train]:   0%|          | 0/26 [00:00<?, ?it/s, S=0.4541, loss=-0.3658]
Epoch 119/150 [train]:   0%|          | 0/26 [00:00<?, ?it/s, S=0.4504, loss=-0.3594]
Epoch 119/150 [train]:   0%|          | 0/26 [00:00<?, ?it/s, S=0.4516, loss=-0.3602]
Epoch 119/150 [train]:   0%|          | 0/26 [00:00<?, ?it/s, S=0.4556, loss=-0.3606]
Epoch 119/150 [train]:   0%|          | 0/26 [00:00<?, ?it/s, S=0.4537, loss=-0.3638]
Epoch 119/150 [train]:   0%|          | 0/26 [00:00<?, ?it/s, S=0.4520, loss=-0.3618]
Epoch 119/150 [train]:   0%|          | 0/26 [00:00<?, ?it/s, S=0.4505, loss=-0.3642]
Epoch 119/150 [train]:   0%|          | 0/26 [00:00<?, ?it/s, S=0.4445, loss=-0.3496]
Epoch 119/150 [train]:  35%|███▍      | 9/26 [00:00<00:00, 86.48it/s, S=0.4445, loss=-0.3496]
Epoch 119/150 [train]:  35%|███▍      | 9/26 [00:00<00:00, 86.48it/s, S=0.4375, loss=-0.3410]
Epoch 119/150 [train]:  35%|███▍      | 9/26 [00:00<00:00, 86.48it/s, S=0.4461, loss=-0.3534]
Epoch 119/150 [train]:  35%|███▍      | 9/26 [00:00<00:00, 86.48it/s, S=0.4466, loss=-0.3517]
Epoch 119/150 [train]:  35%|███▍      | 9/26 [00:00<00:00, 86.48it/s, S=0.4431, loss=-0.3348]
Epoch 119/150 [train]:  35%|███▍      | 9/26 [00:00<00:00, 86.48it/s, S=0.4442, loss=-0.3445]
Epoch 119/150 [train]:  35%|███▍      | 9/26 [00:00<00:00, 86.48it/s, S=0.4494, loss=-0.3563]
Epoch 119/150 [train]:  35%|███▍      | 9/26 [00:00<00:00, 86.48it/s, S=0.4507, loss=-0.3502]
Epoch 119/150 [train]:  35%|███▍      | 9/26 [00:00<00:00, 86.48it/s, S=0.4454, loss=-0.3483]
Epoch 119/150 [train]:  35%|███▍      | 9/26 [00:00<00:00, 86.48it/s, S=0.4327, loss=-0.3252]
Epoch 119/150 [train]:  69%|██████▉   | 18/26 [00:00<00:00, 86.66it/s, S=0.4327, loss=-0.3252]
Epoch 119/150 [train]:  69%|██████▉   | 18/26 [00:00<00:00, 86.66it/s, S=0.4452, loss=-0.3474]
Epoch 119/150 [train]:  69%|██████▉   | 18/26 [00:00<00:00, 86.66it/s, S=0.4436, loss=-0.3469]
Epoch 119/150 [train]:  69%|██████▉   | 18/26 [00:00<00:00, 86.66it/s, S=0.4472, loss=-0.3592]
Epoch 119/150 [train]:  69%|██████▉   | 18/26 [00:00<00:00, 86.66it/s, S=0.4480, loss=-0.3528]
Epoch 119/150 [train]:  69%|██████▉   | 18/26 [00:00<00:00, 86.66it/s, S=0.4562, loss=-0.3729]
Epoch 119/150 [train]:  69%|██████▉   | 18/26 [00:00<00:00, 86.66it/s, S=0.4482, loss=-0.3539]
Epoch 119/150 [train]:  69%|██████▉   | 18/26 [00:00<00:00, 86.66it/s, S=0.4475, loss=-0.3537]
Epoch 119/150 [train]:  69%|██████▉   | 18/26 [00:00<00:00, 86.66it/s, S=0.4478, loss=-0.3580]
                                                                                              
Epoch 119/150  train loss=-0.3535  val loss=-0.3023  S[mean]=0.4570  ζ=0.3733  mean_plane_ζ=0.2817  reg=0.1546  λscale=0.81  lr=1.63e-04

Epoch 120/150 [train]:   0%|          | 0/26 [00:00<?, ?it/s]
Epoch 120/150 [train]:   0%|          | 0/26 [00:00<?, ?it/s, S=0.4483, loss=-0.3583]
Epoch 120/150 [train]:   0%|          | 0/26 [00:00<?, ?it/s, S=0.4510, loss=-0.3568]
Epoch 120/150 [train]:   0%|          | 0/26 [00:00<?, ?it/s, S=0.4500, loss=-0.3602]
Epoch 120/150 [train]:   0%|          | 0/26 [00:00<?, ?it/s, S=0.4492, loss=-0.3600]
Epoch 120/150 [train]:   0%|          | 0/26 [00:00<?, ?it/s, S=0.4474, loss=-0.3501]
Epoch 120/150 [train]:   0%|          | 0/26 [00:00<?, ?it/s, S=0.4504, loss=-0.3678]
Epoch 120/150 [train]:   0%|          | 0/26 [00:00<?, ?it/s, S=0.4481, loss=-0.3664]
Epoch 120/150 [train]:   0%|          | 0/26 [00:00<?, ?it/s, S=0.4464, loss=-0.3474]
Epoch 120/150 [train]:   0%|          | 0/26 [00:00<?, ?it/s, S=0.4541, loss=-0.3606]
Epoch 120/150 [train]:  35%|███▍      | 9/26 [00:00<00:00, 86.39it/s, S=0.4541, loss=-0.3606]
Epoch 120/150 [train]:  35%|███▍      | 9/26 [00:00<00:00, 86.39it/s, S=0.4457, loss=-0.3482]
Epoch 120/150 [train]:  35%|███▍      | 9/26 [00:00<00:00, 86.39it/s, S=0.4554, loss=-0.3678]
Epoch 120/150 [train]:  35%|███▍      | 9/26 [00:00<00:00, 86.39it/s, S=0.4459, loss=-0.3498]
Epoch 120/150 [train]:  35%|███▍      | 9/26 [00:00<00:00, 86.39it/s, S=0.4531, loss=-0.3599]
Epoch 120/150 [train]:  35%|███▍      | 9/26 [00:00<00:00, 86.39it/s, S=0.4451, loss=-0.3523]
Epoch 120/150 [train]:  35%|███▍      | 9/26 [00:00<00:00, 86.39it/s, S=0.4469, loss=-0.3559]
Epoch 120/150 [train]:  35%|███▍      | 9/26 [00:00<00:00, 86.39it/s, S=0.4510, loss=-0.3607]
Epoch 120/150 [train]:  35%|███▍      | 9/26 [00:00<00:00, 86.39it/s, S=0.4525, loss=-0.3589]
Epoch 120/150 [train]:  35%|███▍      | 9/26 [00:00<00:00, 86.39it/s, S=0.4530, loss=-0.3629]
Epoch 120/150 [train]:  69%|██████▉   | 18/26 [00:00<00:00, 86.66it/s, S=0.4530, loss=-0.3629]
Epoch 120/150 [train]:  69%|██████▉   | 18/26 [00:00<00:00, 86.66it/s, S=0.4518, loss=-0.3619]
Epoch 120/150 [train]:  69%|██████▉   | 18/26 [00:00<00:00, 86.66it/s, S=0.4475, loss=-0.3550]
Epoch 120/150 [train]:  69%|██████▉   | 18/26 [00:00<00:00, 86.66it/s, S=0.4521, loss=-0.3586]
Epoch 120/150 [train]:  69%|██████▉   | 18/26 [00:00<00:00, 86.66it/s, S=0.4513, loss=-0.3568]
Epoch 120/150 [train]:  69%|██████▉   | 18/26 [00:00<00:00, 86.66it/s, S=0.4481, loss=-0.3507]
Epoch 120/150 [train]:  69%|██████▉   | 18/26 [00:00<00:00, 86.66it/s, S=0.4472, loss=-0.3506]
Epoch 120/150 [train]:  69%|██████▉   | 18/26 [00:00<00:00, 86.66it/s, S=0.4540, loss=-0.3703]
Epoch 120/150 [train]:  69%|██████▉   | 18/26 [00:00<00:00, 86.66it/s, S=0.4476, loss=-0.3541]
                                                                                              
Epoch 120/150  train loss=-0.3578  val loss=-0.3022  S[mean]=0.4565  ζ=0.3737  mean_plane_ζ=0.2820  reg=0.1543  λscale=0.82  lr=1.54e-04

Epoch 121/150 [train]:   0%|          | 0/26 [00:00<?, ?it/s]
Epoch 121/150 [train]:   0%|          | 0/26 [00:00<?, ?it/s, S=0.4394, loss=-0.3498]
Epoch 121/150 [train]:   0%|          | 0/26 [00:00<?, ?it/s, S=0.4536, loss=-0.3631]
Epoch 121/150 [train]:   0%|          | 0/26 [00:00<?, ?it/s, S=0.4524, loss=-0.3660]
Epoch 121/150 [train]:   0%|          | 0/26 [00:00<?, ?it/s, S=0.4533, loss=-0.3638]
Epoch 121/150 [train]:   0%|          | 0/26 [00:00<?, ?it/s, S=0.4460, loss=-0.3449]
Epoch 121/150 [train]:   0%|          | 0/26 [00:00<?, ?it/s, S=0.4449, loss=-0.3533]
Epoch 121/150 [train]:   0%|          | 0/26 [00:00<?, ?it/s, S=0.4411, loss=-0.3526]
Epoch 121/150 [train]:   0%|          | 0/26 [00:00<?, ?it/s, S=0.4462, loss=-0.3353]
Epoch 121/150 [train]:   0%|          | 0/26 [00:00<?, ?it/s, S=0.4551, loss=-0.3600]
Epoch 121/150 [train]:  35%|███▍      | 9/26 [00:00<00:00, 86.45it/s, S=0.4551, loss=-0.3600]
Epoch 121/150 [train]:  35%|███▍      | 9/26 [00:00<00:00, 86.45it/s, S=0.4464, loss=-0.3404]
Epoch 121/150 [train]:  35%|███▍      | 9/26 [00:00<00:00, 86.45it/s, S=0.4541, loss=-0.3595]
Epoch 121/150 [train]:  35%|███▍      | 9/26 [00:00<00:00, 86.45it/s, S=0.4478, loss=-0.3495]
Epoch 121/150 [train]:  35%|███▍      | 9/26 [00:00<00:00, 86.45it/s, S=0.4550, loss=-0.3665]
Epoch 121/150 [train]:  35%|███▍      | 9/26 [00:00<00:00, 86.45it/s, S=0.4455, loss=-0.3506]
Epoch 121/150 [train]:  35%|███▍      | 9/26 [00:00<00:00, 86.45it/s, S=0.4508, loss=-0.3612]
Epoch 121/150 [train]:  35%|███▍      | 9/26 [00:00<00:00, 86.45it/s, S=0.4488, loss=-0.3472]
Epoch 121/150 [train]:  35%|███▍      | 9/26 [00:00<00:00, 86.45it/s, S=0.4532, loss=-0.3668]
Epoch 121/150 [train]:  35%|███▍      | 9/26 [00:00<00:00, 86.45it/s, S=0.4445, loss=-0.3563]
Epoch 121/150 [train]:  69%|██████▉   | 18/26 [00:00<00:00, 86.59it/s, S=0.4445, loss=-0.3563]
Epoch 121/150 [train]:  69%|██████▉   | 18/26 [00:00<00:00, 86.59it/s, S=0.4347, loss=-0.3365]
Epoch 121/150 [train]:  69%|██████▉   | 18/26 [00:00<00:00, 86.59it/s, S=0.4474, loss=-0.3544]
Epoch 121/150 [train]:  69%|██████▉   | 18/26 [00:00<00:00, 86.59it/s, S=0.4495, loss=-0.3622]
Epoch 121/150 [train]:  69%|██████▉   | 18/26 [00:00<00:00, 86.59it/s, S=0.4542, loss=-0.3624]
Epoch 121/150 [train]:  69%|██████▉   | 18/26 [00:00<00:00, 86.59it/s, S=0.4594, loss=-0.3755]
Epoch 121/150 [train]:  69%|██████▉   | 18/26 [00:00<00:00, 86.59it/s, S=0.4499, loss=-0.3542]
Epoch 121/150 [train]:  69%|██████▉   | 18/26 [00:00<00:00, 86.59it/s, S=0.4455, loss=-0.3530]
Epoch 121/150 [train]:  69%|██████▉   | 18/26 [00:00<00:00, 86.59it/s, S=0.4443, loss=-0.3447]
                                                                                              
Epoch 121/150  train loss=-0.3550  val loss=-0.3025  S[mean]=0.4567  ζ=0.3730  mean_plane_ζ=0.2816  reg=0.1542  λscale=0.82  lr=1.45e-04

Epoch 122/150 [train]:   0%|          | 0/26 [00:00<?, ?it/s]
Epoch 122/150 [train]:   0%|          | 0/26 [00:00<?, ?it/s, S=0.4503, loss=-0.3587]
Epoch 122/150 [train]:   0%|          | 0/26 [00:00<?, ?it/s, S=0.4401, loss=-0.3490]
Epoch 122/150 [train]:   0%|          | 0/26 [00:00<?, ?it/s, S=0.4481, loss=-0.3549]
Epoch 122/150 [train]:   0%|          | 0/26 [00:00<?, ?it/s, S=0.4415, loss=-0.3478]
Epoch 122/150 [train]:   0%|          | 0/26 [00:00<?, ?it/s, S=0.4474, loss=-0.3532]
Epoch 122/150 [train]:   0%|          | 0/26 [00:00<?, ?it/s, S=0.4512, loss=-0.3579]
Epoch 122/150 [train]:   0%|          | 0/26 [00:00<?, ?it/s, S=0.4586, loss=-0.3665]
Epoch 122/150 [train]:   0%|          | 0/26 [00:00<?, ?it/s, S=0.4536, loss=-0.3611]
Epoch 122/150 [train]:   0%|          | 0/26 [00:00<?, ?it/s, S=0.4569, loss=-0.3626]
Epoch 122/150 [train]:  35%|███▍      | 9/26 [00:00<00:00, 86.43it/s, S=0.4569, loss=-0.3626]
Epoch 122/150 [train]:  35%|███▍      | 9/26 [00:00<00:00, 86.43it/s, S=0.4488, loss=-0.3588]
Epoch 122/150 [train]:  35%|███▍      | 9/26 [00:00<00:00, 86.43it/s, S=0.4475, loss=-0.3539]
Epoch 122/150 [train]:  35%|███▍      | 9/26 [00:00<00:00, 86.43it/s, S=0.4492, loss=-0.3510]
Epoch 122/150 [train]:  35%|███▍      | 9/26 [00:00<00:00, 86.43it/s, S=0.4462, loss=-0.3542]
Epoch 122/150 [train]:  35%|███▍      | 9/26 [00:00<00:00, 86.43it/s, S=0.4531, loss=-0.3673]
Epoch 122/150 [train]:  35%|███▍      | 9/26 [00:00<00:00, 86.43it/s, S=0.4477, loss=-0.3520]
Epoch 122/150 [train]:  35%|███▍      | 9/26 [00:00<00:00, 86.43it/s, S=0.4474, loss=-0.3517]
Epoch 122/150 [train]:  35%|███▍      | 9/26 [00:00<00:00, 86.43it/s, S=0.4410, loss=-0.3388]
Epoch 122/150 [train]:  35%|███▍      | 9/26 [00:00<00:00, 86.43it/s, S=0.4515, loss=-0.3654]
Epoch 122/150 [train]:  69%|██████▉   | 18/26 [00:00<00:00, 86.67it/s, S=0.4515, loss=-0.3654]
Epoch 122/150 [train]:  69%|██████▉   | 18/26 [00:00<00:00, 86.67it/s, S=0.4502, loss=-0.3634]
Epoch 122/150 [train]:  69%|██████▉   | 18/26 [00:00<00:00, 86.67it/s, S=0.4434, loss=-0.3384]
Epoch 122/150 [train]:  69%|██████▉   | 18/26 [00:00<00:00, 86.67it/s, S=0.4514, loss=-0.3597]
Epoch 122/150 [train]:  69%|██████▉   | 18/26 [00:00<00:00, 86.67it/s, S=0.4457, loss=-0.3536]
Epoch 122/150 [train]:  69%|██████▉   | 18/26 [00:00<00:00, 86.67it/s, S=0.4444, loss=-0.3430]
Epoch 122/150 [train]:  69%|██████▉   | 18/26 [00:00<00:00, 86.67it/s, S=0.4560, loss=-0.3666]
Epoch 122/150 [train]:  69%|██████▉   | 18/26 [00:00<00:00, 86.67it/s, S=0.4448, loss=-0.3424]
Epoch 122/150 [train]:  69%|██████▉   | 18/26 [00:00<00:00, 86.67it/s, S=0.4435, loss=-0.3529]
                                                                                              
Epoch 122/150  train loss=-0.3548  val loss=-0.3021  S[mean]=0.4562  ζ=0.3731  mean_plane_ζ=0.2816  reg=0.1541  λscale=0.83  lr=1.37e-04

Epoch 123/150 [train]:   0%|          | 0/26 [00:00<?, ?it/s]
Epoch 123/150 [train]:   0%|          | 0/26 [00:00<?, ?it/s, S=0.4480, loss=-0.3496]
Epoch 123/150 [train]:   0%|          | 0/26 [00:00<?, ?it/s, S=0.4494, loss=-0.3504]
Epoch 123/150 [train]:   0%|          | 0/26 [00:00<?, ?it/s, S=0.4600, loss=-0.3606]
Epoch 123/150 [train]:   0%|          | 0/26 [00:00<?, ?it/s, S=0.4399, loss=-0.3403]
Epoch 123/150 [train]:   0%|          | 0/26 [00:00<?, ?it/s, S=0.4507, loss=-0.3584]
Epoch 123/150 [train]:   0%|          | 0/26 [00:00<?, ?it/s, S=0.4475, loss=-0.3511]
Epoch 123/150 [train]:   0%|          | 0/26 [00:00<?, ?it/s, S=0.4425, loss=-0.3506]
Epoch 123/150 [train]:   0%|          | 0/26 [00:00<?, ?it/s, S=0.4499, loss=-0.3595]
Epoch 123/150 [train]:   0%|          | 0/26 [00:00<?, ?it/s, S=0.4486, loss=-0.3597]
Epoch 123/150 [train]:  35%|███▍      | 9/26 [00:00<00:00, 86.25it/s, S=0.4486, loss=-0.3597]
Epoch 123/150 [train]:  35%|███▍      | 9/26 [00:00<00:00, 86.25it/s, S=0.4477, loss=-0.3450]
Epoch 123/150 [train]:  35%|███▍      | 9/26 [00:00<00:00, 86.25it/s, S=0.4514, loss=-0.3646]
Epoch 123/150 [train]:  35%|███▍      | 9/26 [00:00<00:00, 86.25it/s, S=0.4430, loss=-0.3534]
Epoch 123/150 [train]:  35%|███▍      | 9/26 [00:00<00:00, 86.25it/s, S=0.4515, loss=-0.3609]
Epoch 123/150 [train]:  35%|███▍      | 9/26 [00:00<00:00, 86.25it/s, S=0.4523, loss=-0.3649]
Epoch 123/150 [train]:  35%|███▍      | 9/26 [00:00<00:00, 86.25it/s, S=0.4449, loss=-0.3449]
Epoch 123/150 [train]:  35%|███▍      | 9/26 [00:00<00:00, 86.25it/s, S=0.4527, loss=-0.3650]
Epoch 123/150 [train]:  35%|███▍      | 9/26 [00:00<00:00, 86.25it/s, S=0.4436, loss=-0.3498]
Epoch 123/150 [train]:  35%|███▍      | 9/26 [00:00<00:00, 86.25it/s, S=0.4441, loss=-0.3585]
Epoch 123/150 [train]:  69%|██████▉   | 18/26 [00:00<00:00, 86.60it/s, S=0.4441, loss=-0.3585]
Epoch 123/150 [train]:  69%|██████▉   | 18/26 [00:00<00:00, 86.60it/s, S=0.4448, loss=-0.3549]
Epoch 123/150 [train]:  69%|██████▉   | 18/26 [00:00<00:00, 86.60it/s, S=0.4493, loss=-0.3612]
Epoch 123/150 [train]:  69%|██████▉   | 18/26 [00:00<00:00, 86.60it/s, S=0.4408, loss=-0.3482]
Epoch 123/150 [train]:  69%|██████▉   | 18/26 [00:00<00:00, 86.60it/s, S=0.4492, loss=-0.3579]
Epoch 123/150 [train]:  69%|██████▉   | 18/26 [00:00<00:00, 86.60it/s, S=0.4548, loss=-0.3531]
Epoch 123/150 [train]:  69%|██████▉   | 18/26 [00:00<00:00, 86.60it/s, S=0.4552, loss=-0.3555]
Epoch 123/150 [train]:  69%|██████▉   | 18/26 [00:00<00:00, 86.60it/s, S=0.4512, loss=-0.3606]
Epoch 123/150 [train]:  69%|██████▉   | 18/26 [00:00<00:00, 86.60it/s, S=0.4439, loss=-0.3475]
                                                                                              
Epoch 123/150  train loss=-0.3549  val loss=-0.3009  S[mean]=0.4562  ζ=0.3727  mean_plane_ζ=0.2811  reg=0.1554  λscale=0.84  lr=1.28e-04

Epoch 124/150 [train]:   0%|          | 0/26 [00:00<?, ?it/s]
Epoch 124/150 [train]:   0%|          | 0/26 [00:00<?, ?it/s, S=0.4519, loss=-0.3631]
Epoch 124/150 [train]:   0%|          | 0/26 [00:00<?, ?it/s, S=0.4567, loss=-0.3643]
Epoch 124/150 [train]:   0%|          | 0/26 [00:00<?, ?it/s, S=0.4478, loss=-0.3573]
Epoch 124/150 [train]:   0%|          | 0/26 [00:00<?, ?it/s, S=0.4547, loss=-0.3654]
Epoch 124/150 [train]:   0%|          | 0/26 [00:00<?, ?it/s, S=0.4402, loss=-0.3515]
Epoch 124/150 [train]:   0%|          | 0/26 [00:00<?, ?it/s, S=0.4500, loss=-0.3547]
Epoch 124/150 [train]:   0%|          | 0/26 [00:00<?, ?it/s, S=0.4554, loss=-0.3666]
Epoch 124/150 [train]:   0%|          | 0/26 [00:00<?, ?it/s, S=0.4457, loss=-0.3487]
Epoch 124/150 [train]:   0%|          | 0/26 [00:00<?, ?it/s, S=0.4432, loss=-0.3325]
Epoch 124/150 [train]:  35%|███▍      | 9/26 [00:00<00:00, 86.33it/s, S=0.4432, loss=-0.3325]
Epoch 124/150 [train]:  35%|███▍      | 9/26 [00:00<00:00, 86.33it/s, S=0.4482, loss=-0.3564]
Epoch 124/150 [train]:  35%|███▍      | 9/26 [00:00<00:00, 86.33it/s, S=0.4508, loss=-0.3682]
Epoch 124/150 [train]:  35%|███▍      | 9/26 [00:00<00:00, 86.33it/s, S=0.4540, loss=-0.3637]
Epoch 124/150 [train]:  35%|███▍      | 9/26 [00:00<00:00, 86.33it/s, S=0.4529, loss=-0.3600]
Epoch 124/150 [train]:  35%|███▍      | 9/26 [00:00<00:00, 86.33it/s, S=0.4443, loss=-0.3520]
Epoch 124/150 [train]:  35%|███▍      | 9/26 [00:00<00:00, 86.33it/s, S=0.4480, loss=-0.3550]
Epoch 124/150 [train]:  35%|███▍      | 9/26 [00:00<00:00, 86.33it/s, S=0.4446, loss=-0.3488]
Epoch 124/150 [train]:  35%|███▍      | 9/26 [00:00<00:00, 86.33it/s, S=0.4500, loss=-0.3586]
Epoch 124/150 [train]:  35%|███▍      | 9/26 [00:00<00:00, 86.33it/s, S=0.4458, loss=-0.3552]
Epoch 124/150 [train]:  69%|██████▉   | 18/26 [00:00<00:00, 86.49it/s, S=0.4458, loss=-0.3552]
Epoch 124/150 [train]:  69%|██████▉   | 18/26 [00:00<00:00, 86.49it/s, S=0.4478, loss=-0.3647]
Epoch 124/150 [train]:  69%|██████▉   | 18/26 [00:00<00:00, 86.49it/s, S=0.4554, loss=-0.3728]
Epoch 124/150 [train]:  69%|██████▉   | 18/26 [00:00<00:00, 86.49it/s, S=0.4336, loss=-0.3367]
Epoch 124/150 [train]:  69%|██████▉   | 18/26 [00:00<00:00, 86.49it/s, S=0.4457, loss=-0.3566]
Epoch 124/150 [train]:  69%|██████▉   | 18/26 [00:00<00:00, 86.49it/s, S=0.4550, loss=-0.3634]
Epoch 124/150 [train]:  69%|██████▉   | 18/26 [00:00<00:00, 86.49it/s, S=0.4447, loss=-0.3415]
Epoch 124/150 [train]:  69%|██████▉   | 18/26 [00:00<00:00, 86.49it/s, S=0.4401, loss=-0.3399]
Epoch 124/150 [train]:  69%|██████▉   | 18/26 [00:00<00:00, 86.49it/s, S=0.4503, loss=-0.3634]
                                                                                              
Epoch 124/150  train loss=-0.3562  val loss=-0.3014  S[mean]=0.4562  ζ=0.3729  mean_plane_ζ=0.2815  reg=0.1548  λscale=0.84  lr=1.19e-04

Epoch 125/150 [train]:   0%|          | 0/26 [00:00<?, ?it/s]
Epoch 125/150 [train]:   0%|          | 0/26 [00:00<?, ?it/s, S=0.4557, loss=-0.3684]
Epoch 125/150 [train]:   0%|          | 0/26 [00:00<?, ?it/s, S=0.4503, loss=-0.3627]
Epoch 125/150 [train]:   0%|          | 0/26 [00:00<?, ?it/s, S=0.4429, loss=-0.3442]
Epoch 125/150 [train]:   0%|          | 0/26 [00:00<?, ?it/s, S=0.4459, loss=-0.3519]
Epoch 125/150 [train]:   0%|          | 0/26 [00:00<?, ?it/s, S=0.4492, loss=-0.3590]
Epoch 125/150 [train]:   0%|          | 0/26 [00:00<?, ?it/s, S=0.4522, loss=-0.3618]
Epoch 125/150 [train]:   0%|          | 0/26 [00:00<?, ?it/s, S=0.4442, loss=-0.3515]
Epoch 125/150 [train]:   0%|          | 0/26 [00:00<?, ?it/s, S=0.4511, loss=-0.3595]
Epoch 125/150 [train]:   0%|          | 0/26 [00:00<?, ?it/s, S=0.4452, loss=-0.3421]
Epoch 125/150 [train]:  35%|███▍      | 9/26 [00:00<00:00, 86.32it/s, S=0.4452, loss=-0.3421]
Epoch 125/150 [train]:  35%|███▍      | 9/26 [00:00<00:00, 86.32it/s, S=0.4510, loss=-0.3543]
Epoch 125/150 [train]:  35%|███▍      | 9/26 [00:00<00:00, 86.32it/s, S=0.4514, loss=-0.3576]
Epoch 125/150 [train]:  35%|███▍      | 9/26 [00:00<00:00, 86.32it/s, S=0.4474, loss=-0.3554]
Epoch 125/150 [train]:  35%|███▍      | 9/26 [00:00<00:00, 86.32it/s, S=0.4528, loss=-0.3639]
Epoch 125/150 [train]:  35%|███▍      | 9/26 [00:00<00:00, 86.32it/s, S=0.4495, loss=-0.3627]
Epoch 125/150 [train]:  35%|███▍      | 9/26 [00:00<00:00, 86.32it/s, S=0.4433, loss=-0.3550]
Epoch 125/150 [train]:  35%|███▍      | 9/26 [00:00<00:00, 86.32it/s, S=0.4429, loss=-0.3276]
Epoch 125/150 [train]:  35%|███▍      | 9/26 [00:00<00:00, 86.32it/s, S=0.4497, loss=-0.3563]
Epoch 125/150 [train]:  35%|███▍      | 9/26 [00:00<00:00, 86.32it/s, S=0.4503, loss=-0.3671]
Epoch 125/150 [train]:  69%|██████▉   | 18/26 [00:00<00:00, 86.59it/s, S=0.4503, loss=-0.3671]
Epoch 125/150 [train]:  69%|██████▉   | 18/26 [00:00<00:00, 86.59it/s, S=0.4538, loss=-0.3615]
Epoch 125/150 [train]:  69%|██████▉   | 18/26 [00:00<00:00, 86.59it/s, S=0.4451, loss=-0.3375]
Epoch 125/150 [train]:  69%|██████▉   | 18/26 [00:00<00:00, 86.59it/s, S=0.4446, loss=-0.3500]
Epoch 125/150 [train]:  69%|██████▉   | 18/26 [00:00<00:00, 86.59it/s, S=0.4495, loss=-0.3553]
Epoch 125/150 [train]:  69%|██████▉   | 18/26 [00:00<00:00, 86.59it/s, S=0.4508, loss=-0.3560]
Epoch 125/150 [train]:  69%|██████▉   | 18/26 [00:00<00:00, 86.59it/s, S=0.4481, loss=-0.3543]
Epoch 125/150 [train]:  69%|██████▉   | 18/26 [00:00<00:00, 86.59it/s, S=0.4522, loss=-0.3674]
Epoch 125/150 [train]:  69%|██████▉   | 18/26 [00:00<00:00, 86.59it/s, S=0.4529, loss=-0.3554]
Epoch 125/150 [train]:  69%|██████▉   | 18/26 [00:48<00:00, 86.59it/s, S=0.4529, loss=-0.3554]
                                                                                              
Epoch 125/150  train loss=-0.3553  val loss=-0.3006  S[mean]=0.4560  ζ=0.3729  mean_plane_ζ=0.2813  reg=0.1554  λscale=0.85  lr=1.11e-04

Epoch 126/150 [train]:   0%|          | 0/26 [00:00<?, ?it/s]
Epoch 126/150 [train]:   0%|          | 0/26 [00:00<?, ?it/s, S=0.4481, loss=-0.3489]
Epoch 126/150 [train]:   0%|          | 0/26 [00:00<?, ?it/s, S=0.4540, loss=-0.3631]
Epoch 126/150 [train]:   0%|          | 0/26 [00:00<?, ?it/s, S=0.4431, loss=-0.3461]
Epoch 126/150 [train]:   0%|          | 0/26 [00:00<?, ?it/s, S=0.4506, loss=-0.3673]
Epoch 126/150 [train]:   0%|          | 0/26 [00:00<?, ?it/s, S=0.4545, loss=-0.3645]
Epoch 126/150 [train]:   0%|          | 0/26 [00:00<?, ?it/s, S=0.4491, loss=-0.3580]
Epoch 126/150 [train]:   0%|          | 0/26 [00:00<?, ?it/s, S=0.4511, loss=-0.3591]
Epoch 126/150 [train]:   0%|          | 0/26 [00:00<?, ?it/s, S=0.4435, loss=-0.3512]
Epoch 126/150 [train]:   0%|          | 0/26 [00:00<?, ?it/s, S=0.4542, loss=-0.3658]
Epoch 126/150 [train]:  35%|███▍      | 9/26 [00:00<00:00, 81.40it/s, S=0.4542, loss=-0.3658]
Epoch 126/150 [train]:  35%|███▍      | 9/26 [00:00<00:00, 81.40it/s, S=0.4484, loss=-0.3570]
Epoch 126/150 [train]:  35%|███▍      | 9/26 [00:00<00:00, 81.40it/s, S=0.4429, loss=-0.3546]
Epoch 126/150 [train]:  35%|███▍      | 9/26 [00:00<00:00, 81.40it/s, S=0.4461, loss=-0.3556]
Epoch 126/150 [train]:  35%|███▍      | 9/26 [00:00<00:00, 81.40it/s, S=0.4426, loss=-0.3535]
Epoch 126/150 [train]:  35%|███▍      | 9/26 [00:00<00:00, 81.40it/s, S=0.4488, loss=-0.3621]
Epoch 126/150 [train]:  35%|███▍      | 9/26 [00:00<00:00, 81.40it/s, S=0.4544, loss=-0.3674]
Epoch 126/150 [train]:  35%|███▍      | 9/26 [00:00<00:00, 81.40it/s, S=0.4525, loss=-0.3601]
Epoch 126/150 [train]:  35%|███▍      | 9/26 [00:00<00:00, 81.40it/s, S=0.4493, loss=-0.3569]
Epoch 126/150 [train]:  35%|███▍      | 9/26 [00:00<00:00, 81.40it/s, S=0.4517, loss=-0.3498]
Epoch 126/150 [train]:  69%|██████▉   | 18/26 [00:00<00:00, 81.54it/s, S=0.4517, loss=-0.3498]
Epoch 126/150 [train]:  69%|██████▉   | 18/26 [00:00<00:00, 81.54it/s, S=0.4488, loss=-0.3434]
Epoch 126/150 [train]:  69%|██████▉   | 18/26 [00:00<00:00, 81.54it/s, S=0.4511, loss=-0.3641]
Epoch 126/150 [train]:  69%|██████▉   | 18/26 [00:00<00:00, 81.54it/s, S=0.4520, loss=-0.3613]
Epoch 126/150 [train]:  69%|██████▉   | 18/26 [00:00<00:00, 81.54it/s, S=0.4512, loss=-0.3642]
Epoch 126/150 [train]:  69%|██████▉   | 18/26 [00:00<00:00, 81.54it/s, S=0.4437, loss=-0.3471]
Epoch 126/150 [train]:  69%|██████▉   | 18/26 [00:00<00:00, 81.54it/s, S=0.4420, loss=-0.3446]
Epoch 126/150 [train]:  69%|██████▉   | 18/26 [00:00<00:00, 81.54it/s, S=0.4489, loss=-0.3591]
Epoch 126/150 [train]:  69%|██████▉   | 18/26 [00:00<00:00, 81.54it/s, S=0.4402, loss=-0.3434]
                                                                                              
Epoch 126/150  train loss=-0.3565  val loss=-0.2997  S[mean]=0.4556  ζ=0.3726  mean_plane_ζ=0.2810  reg=0.1559  λscale=0.86  lr=1.03e-04

Epoch 127/150 [train]:   0%|          | 0/26 [00:00<?, ?it/s]
Epoch 127/150 [train]:   0%|          | 0/26 [00:00<?, ?it/s, S=0.4466, loss=-0.3495]
Epoch 127/150 [train]:   0%|          | 0/26 [00:00<?, ?it/s, S=0.4426, loss=-0.3563]
Epoch 127/150 [train]:   0%|          | 0/26 [00:00<?, ?it/s, S=0.4452, loss=-0.3503]
Epoch 127/150 [train]:   0%|          | 0/26 [00:00<?, ?it/s, S=0.4513, loss=-0.3633]
Epoch 127/150 [train]:   0%|          | 0/26 [00:00<?, ?it/s, S=0.4518, loss=-0.3649]
Epoch 127/150 [train]:   0%|          | 0/26 [00:00<?, ?it/s, S=0.4402, loss=-0.3422]
Epoch 127/150 [train]:   0%|          | 0/26 [00:00<?, ?it/s, S=0.4449, loss=-0.3397]
Epoch 127/150 [train]:   0%|          | 0/26 [00:00<?, ?it/s, S=0.4531, loss=-0.3616]
Epoch 127/150 [train]:   0%|          | 0/26 [00:00<?, ?it/s, S=0.4495, loss=-0.3584]
Epoch 127/150 [train]:  35%|███▍      | 9/26 [00:00<00:00, 86.78it/s, S=0.4495, loss=-0.3584]
Epoch 127/150 [train]:  35%|███▍      | 9/26 [00:00<00:00, 86.78it/s, S=0.4445, loss=-0.3522]
Epoch 127/150 [train]:  35%|███▍      | 9/26 [00:00<00:00, 86.78it/s, S=0.4397, loss=-0.3380]
Epoch 127/150 [train]:  35%|███▍      | 9/26 [00:00<00:00, 86.78it/s, S=0.4548, loss=-0.3668]
Epoch 127/150 [train]:  35%|███▍      | 9/26 [00:00<00:00, 86.78it/s, S=0.4404, loss=-0.3371]
Epoch 127/150 [train]:  35%|███▍      | 9/26 [00:00<00:00, 86.78it/s, S=0.4413, loss=-0.3489]
Epoch 127/150 [train]:  35%|███▍      | 9/26 [00:00<00:00, 86.78it/s, S=0.4498, loss=-0.3644]
Epoch 127/150 [train]:  35%|███▍      | 9/26 [00:00<00:00, 86.78it/s, S=0.4429, loss=-0.3479]
Epoch 127/150 [train]:  35%|███▍      | 9/26 [00:00<00:00, 86.78it/s, S=0.4508, loss=-0.3602]
Epoch 127/150 [train]:  35%|███▍      | 9/26 [00:00<00:00, 86.78it/s, S=0.4510, loss=-0.3550]
Epoch 127/150 [train]:  69%|██████▉   | 18/26 [00:00<00:00, 87.21it/s, S=0.4510, loss=-0.3550]
Epoch 127/150 [train]:  69%|██████▉   | 18/26 [00:00<00:00, 87.21it/s, S=0.4546, loss=-0.3616]
Epoch 127/150 [train]:  69%|██████▉   | 18/26 [00:00<00:00, 87.21it/s, S=0.4459, loss=-0.3548]
Epoch 127/150 [train]:  69%|██████▉   | 18/26 [00:00<00:00, 87.21it/s, S=0.4534, loss=-0.3574]
Epoch 127/150 [train]:  69%|██████▉   | 18/26 [00:00<00:00, 87.21it/s, S=0.4489, loss=-0.3489]
Epoch 127/150 [train]:  69%|██████▉   | 18/26 [00:00<00:00, 87.21it/s, S=0.4470, loss=-0.3602]
Epoch 127/150 [train]:  69%|██████▉   | 18/26 [00:00<00:00, 87.21it/s, S=0.4444, loss=-0.3544]
Epoch 127/150 [train]:  69%|██████▉   | 18/26 [00:00<00:00, 87.21it/s, S=0.4471, loss=-0.3486]
Epoch 127/150 [train]:  69%|██████▉   | 18/26 [00:00<00:00, 87.21it/s, S=0.4527, loss=-0.3546]
                                                                                              
Epoch 127/150  train loss=-0.3537  val loss=-0.2994  S[mean]=0.4556  ζ=0.3724  mean_plane_ζ=0.2809  reg=0.1562  λscale=0.86  lr=9.52e-05

Epoch 128/150 [train]:   0%|          | 0/26 [00:00<?, ?it/s]
Epoch 128/150 [train]:   0%|          | 0/26 [00:00<?, ?it/s, S=0.4450, loss=-0.3591]
Epoch 128/150 [train]:   0%|          | 0/26 [00:00<?, ?it/s, S=0.4517, loss=-0.3616]
Epoch 128/150 [train]:   0%|          | 0/26 [00:00<?, ?it/s, S=0.4494, loss=-0.3604]
Epoch 128/150 [train]:   0%|          | 0/26 [00:00<?, ?it/s, S=0.4516, loss=-0.3549]
Epoch 128/150 [train]:   0%|          | 0/26 [00:00<?, ?it/s, S=0.4505, loss=-0.3647]
Epoch 128/150 [train]:   0%|          | 0/26 [00:00<?, ?it/s, S=0.4511, loss=-0.3550]
Epoch 128/150 [train]:   0%|          | 0/26 [00:00<?, ?it/s, S=0.4424, loss=-0.3492]
Epoch 128/150 [train]:   0%|          | 0/26 [00:00<?, ?it/s, S=0.4408, loss=-0.3475]
Epoch 128/150 [train]:   0%|          | 0/26 [00:00<?, ?it/s, S=0.4465, loss=-0.3506]
Epoch 128/150 [train]:  35%|███▍      | 9/26 [00:00<00:00, 86.77it/s, S=0.4465, loss=-0.3506]
Epoch 128/150 [train]:  35%|███▍      | 9/26 [00:00<00:00, 86.77it/s, S=0.4524, loss=-0.3634]
Epoch 128/150 [train]:  35%|███▍      | 9/26 [00:00<00:00, 86.77it/s, S=0.4418, loss=-0.3561]
Epoch 128/150 [train]:  35%|███▍      | 9/26 [00:00<00:00, 86.77it/s, S=0.4474, loss=-0.3532]
Epoch 128/150 [train]:  35%|███▍      | 9/26 [00:00<00:00, 86.77it/s, S=0.4524, loss=-0.3592]
Epoch 128/150 [train]:  35%|███▍      | 9/26 [00:00<00:00, 86.77it/s, S=0.4502, loss=-0.3507]
Epoch 128/150 [train]:  35%|███▍      | 9/26 [00:00<00:00, 86.77it/s, S=0.4506, loss=-0.3613]
Epoch 128/150 [train]:  35%|███▍      | 9/26 [00:00<00:00, 86.77it/s, S=0.4418, loss=-0.3474]
Epoch 128/150 [train]:  35%|███▍      | 9/26 [00:00<00:00, 86.77it/s, S=0.4477, loss=-0.3541]
Epoch 128/150 [train]:  35%|███▍      | 9/26 [00:00<00:00, 86.77it/s, S=0.4535, loss=-0.3617]
Epoch 128/150 [train]:  69%|██████▉   | 18/26 [00:00<00:00, 86.89it/s, S=0.4535, loss=-0.3617]
Epoch 128/150 [train]:  69%|██████▉   | 18/26 [00:00<00:00, 86.89it/s, S=0.4498, loss=-0.3531]
Epoch 128/150 [train]:  69%|██████▉   | 18/26 [00:00<00:00, 86.89it/s, S=0.4474, loss=-0.3436]
Epoch 128/150 [train]:  69%|██████▉   | 18/26 [00:00<00:00, 86.89it/s, S=0.4494, loss=-0.3616]
Epoch 128/150 [train]:  69%|██████▉   | 18/26 [00:00<00:00, 86.89it/s, S=0.4439, loss=-0.3469]
Epoch 128/150 [train]:  69%|██████▉   | 18/26 [00:00<00:00, 86.89it/s, S=0.4460, loss=-0.3570]
Epoch 128/150 [train]:  69%|██████▉   | 18/26 [00:00<00:00, 86.89it/s, S=0.4455, loss=-0.3460]
Epoch 128/150 [train]:  69%|██████▉   | 18/26 [00:00<00:00, 86.89it/s, S=0.4443, loss=-0.3546]
Epoch 128/150 [train]:  69%|██████▉   | 18/26 [00:00<00:00, 86.89it/s, S=0.4477, loss=-0.3493]
                                                                                              
Epoch 128/150  train loss=-0.3547  val loss=-0.2990  S[mean]=0.4556  ζ=0.3725  mean_plane_ζ=0.2810  reg=0.1566  λscale=0.87  lr=8.76e-05

Epoch 129/150 [train]:   0%|          | 0/26 [00:00<?, ?it/s]
Epoch 129/150 [train]:   0%|          | 0/26 [00:00<?, ?it/s, S=0.4486, loss=-0.3619]
Epoch 129/150 [train]:   0%|          | 0/26 [00:00<?, ?it/s, S=0.4512, loss=-0.3640]
Epoch 129/150 [train]:   0%|          | 0/26 [00:00<?, ?it/s, S=0.4544, loss=-0.3673]
Epoch 129/150 [train]:   0%|          | 0/26 [00:00<?, ?it/s, S=0.4514, loss=-0.3645]
Epoch 129/150 [train]:   0%|          | 0/26 [00:00<?, ?it/s, S=0.4434, loss=-0.3529]
Epoch 129/150 [train]:   0%|          | 0/26 [00:00<?, ?it/s, S=0.4482, loss=-0.3615]
Epoch 129/150 [train]:   0%|          | 0/26 [00:00<?, ?it/s, S=0.4500, loss=-0.3621]
Epoch 129/150 [train]:   0%|          | 0/26 [00:00<?, ?it/s, S=0.4501, loss=-0.3613]
Epoch 129/150 [train]:   0%|          | 0/26 [00:00<?, ?it/s, S=0.4449, loss=-0.3495]
Epoch 129/150 [train]:  35%|███▍      | 9/26 [00:00<00:00, 86.58it/s, S=0.4449, loss=-0.3495]
Epoch 129/150 [train]:  35%|███▍      | 9/26 [00:00<00:00, 86.58it/s, S=0.4487, loss=-0.3569]
Epoch 129/150 [train]:  35%|███▍      | 9/26 [00:00<00:00, 86.58it/s, S=0.4524, loss=-0.3611]
Epoch 129/150 [train]:  35%|███▍      | 9/26 [00:00<00:00, 86.58it/s, S=0.4480, loss=-0.3371]
Epoch 129/150 [train]:  35%|███▍      | 9/26 [00:00<00:00, 86.58it/s, S=0.4480, loss=-0.3619]
Epoch 129/150 [train]:  35%|███▍      | 9/26 [00:00<00:00, 86.58it/s, S=0.4518, loss=-0.3605]
Epoch 129/150 [train]:  35%|███▍      | 9/26 [00:00<00:00, 86.58it/s, S=0.4514, loss=-0.3644]
Epoch 129/150 [train]:  35%|███▍      | 9/26 [00:00<00:00, 86.58it/s, S=0.4456, loss=-0.3365]
Epoch 129/150 [train]:  35%|███▍      | 9/26 [00:00<00:00, 86.58it/s, S=0.4521, loss=-0.3582]
Epoch 129/150 [train]:  35%|███▍      | 9/26 [00:00<00:00, 86.58it/s, S=0.4419, loss=-0.3473]
Epoch 129/150 [train]:  69%|██████▉   | 18/26 [00:00<00:00, 86.92it/s, S=0.4419, loss=-0.3473]
Epoch 129/150 [train]:  69%|██████▉   | 18/26 [00:00<00:00, 86.92it/s, S=0.4490, loss=-0.3583]
Epoch 129/150 [train]:  69%|██████▉   | 18/26 [00:00<00:00, 86.92it/s, S=0.4447, loss=-0.3470]
Epoch 129/150 [train]:  69%|██████▉   | 18/26 [00:00<00:00, 86.92it/s, S=0.4480, loss=-0.3527]
Epoch 129/150 [train]:  69%|██████▉   | 18/26 [00:00<00:00, 86.92it/s, S=0.4448, loss=-0.3585]
Epoch 129/150 [train]:  69%|██████▉   | 18/26 [00:00<00:00, 86.92it/s, S=0.4420, loss=-0.3487]
Epoch 129/150 [train]:  69%|██████▉   | 18/26 [00:00<00:00, 86.92it/s, S=0.4465, loss=-0.3397]
Epoch 129/150 [train]:  69%|██████▉   | 18/26 [00:00<00:00, 86.92it/s, S=0.4457, loss=-0.3424]
Epoch 129/150 [train]:  69%|██████▉   | 18/26 [00:00<00:00, 86.92it/s, S=0.4510, loss=-0.3567]
                                                                                              
Epoch 129/150  train loss=-0.3551  val loss=-0.2983  S[mean]=0.4553  ζ=0.3724  mean_plane_ζ=0.2808  reg=0.1571  λscale=0.87  lr=8.03e-05

Epoch 130/150 [train]:   0%|          | 0/26 [00:00<?, ?it/s]
Epoch 130/150 [train]:   0%|          | 0/26 [00:00<?, ?it/s, S=0.4508, loss=-0.3586]
Epoch 130/150 [train]:   0%|          | 0/26 [00:00<?, ?it/s, S=0.4407, loss=-0.3296]
Epoch 130/150 [train]:   0%|          | 0/26 [00:00<?, ?it/s, S=0.4503, loss=-0.3624]
Epoch 130/150 [train]:   0%|          | 0/26 [00:00<?, ?it/s, S=0.4499, loss=-0.3439]
Epoch 130/150 [train]:   0%|          | 0/26 [00:00<?, ?it/s, S=0.4398, loss=-0.3294]
Epoch 130/150 [train]:   0%|          | 0/26 [00:00<?, ?it/s, S=0.4519, loss=-0.3607]
Epoch 130/150 [train]:   0%|          | 0/26 [00:00<?, ?it/s, S=0.4337, loss=-0.3312]
Epoch 130/150 [train]:   0%|          | 0/26 [00:00<?, ?it/s, S=0.4492, loss=-0.3573]
Epoch 130/150 [train]:   0%|          | 0/26 [00:00<?, ?it/s, S=0.4479, loss=-0.3607]
Epoch 130/150 [train]:  35%|███▍      | 9/26 [00:00<00:00, 86.55it/s, S=0.4479, loss=-0.3607]
Epoch 130/150 [train]:  35%|███▍      | 9/26 [00:00<00:00, 86.55it/s, S=0.4589, loss=-0.3641]
Epoch 130/150 [train]:  35%|███▍      | 9/26 [00:00<00:00, 86.55it/s, S=0.4479, loss=-0.3600]
Epoch 130/150 [train]:  35%|███▍      | 9/26 [00:00<00:00, 86.55it/s, S=0.4473, loss=-0.3559]
Epoch 130/150 [train]:  35%|███▍      | 9/26 [00:00<00:00, 86.55it/s, S=0.4467, loss=-0.3639]
Epoch 130/150 [train]:  35%|███▍      | 9/26 [00:00<00:00, 86.55it/s, S=0.4502, loss=-0.3637]
Epoch 130/150 [train]:  35%|███▍      | 9/26 [00:00<00:00, 86.55it/s, S=0.4443, loss=-0.3496]
Epoch 130/150 [train]:  35%|███▍      | 9/26 [00:00<00:00, 86.55it/s, S=0.4410, loss=-0.3531]
Epoch 130/150 [train]:  35%|███▍      | 9/26 [00:00<00:00, 86.55it/s, S=0.4537, loss=-0.3528]
Epoch 130/150 [train]:  35%|███▍      | 9/26 [00:00<00:00, 86.55it/s, S=0.4467, loss=-0.3520]
Epoch 130/150 [train]:  69%|██████▉   | 18/26 [00:00<00:00, 86.83it/s, S=0.4467, loss=-0.3520]
Epoch 130/150 [train]:  69%|██████▉   | 18/26 [00:00<00:00, 86.83it/s, S=0.4466, loss=-0.3570]
Epoch 130/150 [train]:  69%|██████▉   | 18/26 [00:00<00:00, 86.83it/s, S=0.4499, loss=-0.3540]
Epoch 130/150 [train]:  69%|██████▉   | 18/26 [00:00<00:00, 86.83it/s, S=0.4536, loss=-0.3600]
Epoch 130/150 [train]:  69%|██████▉   | 18/26 [00:00<00:00, 86.83it/s, S=0.4518, loss=-0.3558]
Epoch 130/150 [train]:  69%|██████▉   | 18/26 [00:00<00:00, 86.83it/s, S=0.4439, loss=-0.3449]
Epoch 130/150 [train]:  69%|██████▉   | 18/26 [00:00<00:00, 86.83it/s, S=0.4466, loss=-0.3495]
Epoch 130/150 [train]:  69%|██████▉   | 18/26 [00:00<00:00, 86.83it/s, S=0.4516, loss=-0.3685]
Epoch 130/150 [train]:  69%|██████▉   | 18/26 [00:00<00:00, 86.83it/s, S=0.4504, loss=-0.3553]
                                                                                              
Epoch 130/150  train loss=-0.3536  val loss=-0.2977  S[mean]=0.4553  ζ=0.3723  mean_plane_ζ=0.2808  reg=0.1577  λscale=0.88  lr=7.32e-05

Epoch 131/150 [train]:   0%|          | 0/26 [00:00<?, ?it/s]
Epoch 131/150 [train]:   0%|          | 0/26 [00:00<?, ?it/s, S=0.4526, loss=-0.3498]
Epoch 131/150 [train]:   0%|          | 0/26 [00:00<?, ?it/s, S=0.4541, loss=-0.3650]
Epoch 131/150 [train]:   0%|          | 0/26 [00:00<?, ?it/s, S=0.4356, loss=-0.3441]
Epoch 131/150 [train]:   0%|          | 0/26 [00:00<?, ?it/s, S=0.4542, loss=-0.3583]
Epoch 131/150 [train]:   0%|          | 0/26 [00:00<?, ?it/s, S=0.4456, loss=-0.3590]
Epoch 131/150 [train]:   0%|          | 0/26 [00:00<?, ?it/s, S=0.4548, loss=-0.3647]
Epoch 131/150 [train]:   0%|          | 0/26 [00:00<?, ?it/s, S=0.4396, loss=-0.3423]
Epoch 131/150 [train]:   0%|          | 0/26 [00:00<?, ?it/s, S=0.4494, loss=-0.3496]
Epoch 131/150 [train]:   0%|          | 0/26 [00:00<?, ?it/s, S=0.4517, loss=-0.3614]
Epoch 131/150 [train]:  35%|███▍      | 9/26 [00:00<00:00, 86.56it/s, S=0.4517, loss=-0.3614]
Epoch 131/150 [train]:  35%|███▍      | 9/26 [00:00<00:00, 86.56it/s, S=0.4471, loss=-0.3583]
Epoch 131/150 [train]:  35%|███▍      | 9/26 [00:00<00:00, 86.56it/s, S=0.4442, loss=-0.3485]
Epoch 131/150 [train]:  35%|███▍      | 9/26 [00:00<00:00, 86.56it/s, S=0.4518, loss=-0.3554]
Epoch 131/150 [train]:  35%|███▍      | 9/26 [00:00<00:00, 86.56it/s, S=0.4540, loss=-0.3658]
Epoch 131/150 [train]:  35%|███▍      | 9/26 [00:00<00:00, 86.56it/s, S=0.4334, loss=-0.3317]
Epoch 131/150 [train]:  35%|███▍      | 9/26 [00:00<00:00, 86.56it/s, S=0.4397, loss=-0.3428]
Epoch 131/150 [train]:  35%|███▍      | 9/26 [00:00<00:00, 86.56it/s, S=0.4415, loss=-0.3388]
Epoch 131/150 [train]:  35%|███▍      | 9/26 [00:00<00:00, 86.56it/s, S=0.4495, loss=-0.3633]
Epoch 131/150 [train]:  35%|███▍      | 9/26 [00:00<00:00, 86.56it/s, S=0.4475, loss=-0.3539]
Epoch 131/150 [train]:  69%|██████▉   | 18/26 [00:00<00:00, 86.89it/s, S=0.4475, loss=-0.3539]
Epoch 131/150 [train]:  69%|██████▉   | 18/26 [00:00<00:00, 86.89it/s, S=0.4577, loss=-0.3672]
Epoch 131/150 [train]:  69%|██████▉   | 18/26 [00:00<00:00, 86.89it/s, S=0.4520, loss=-0.3640]
Epoch 131/150 [train]:  69%|██████▉   | 18/26 [00:00<00:00, 86.89it/s, S=0.4508, loss=-0.3522]
Epoch 131/150 [train]:  69%|██████▉   | 18/26 [00:00<00:00, 86.89it/s, S=0.4494, loss=-0.3604]
Epoch 131/150 [train]:  69%|██████▉   | 18/26 [00:00<00:00, 86.89it/s, S=0.4445, loss=-0.3585]
Epoch 131/150 [train]:  69%|██████▉   | 18/26 [00:00<00:00, 86.89it/s, S=0.4508, loss=-0.3634]
Epoch 131/150 [train]:  69%|██████▉   | 18/26 [00:00<00:00, 86.89it/s, S=0.4370, loss=-0.3397]
Epoch 131/150 [train]:  69%|██████▉   | 18/26 [00:00<00:00, 86.89it/s, S=0.4524, loss=-0.3607]
                                                                                              
Epoch 131/150  train loss=-0.3546  val loss=-0.2968  S[mean]=0.4551  ζ=0.3722  mean_plane_ζ=0.2808  reg=0.1583  λscale=0.89  lr=6.64e-05

Epoch 132/150 [train]:   0%|          | 0/26 [00:00<?, ?it/s]
Epoch 132/150 [train]:   0%|          | 0/26 [00:00<?, ?it/s, S=0.4416, loss=-0.3339]
Epoch 132/150 [train]:   0%|          | 0/26 [00:00<?, ?it/s, S=0.4512, loss=-0.3573]
Epoch 132/150 [train]:   0%|          | 0/26 [00:00<?, ?it/s, S=0.4419, loss=-0.3514]
Epoch 132/150 [train]:   0%|          | 0/26 [00:00<?, ?it/s, S=0.4477, loss=-0.3570]
Epoch 132/150 [train]:   0%|          | 0/26 [00:00<?, ?it/s, S=0.4453, loss=-0.3557]
Epoch 132/150 [train]:   0%|          | 0/26 [00:00<?, ?it/s, S=0.4514, loss=-0.3647]
Epoch 132/150 [train]:   0%|          | 0/26 [00:00<?, ?it/s, S=0.4376, loss=-0.3310]
Epoch 132/150 [train]:   0%|          | 0/26 [00:00<?, ?it/s, S=0.4426, loss=-0.3425]
Epoch 132/150 [train]:   0%|          | 0/26 [00:00<?, ?it/s, S=0.4588, loss=-0.3679]
Epoch 132/150 [train]:  35%|███▍      | 9/26 [00:00<00:00, 86.57it/s, S=0.4588, loss=-0.3679]
Epoch 132/150 [train]:  35%|███▍      | 9/26 [00:00<00:00, 86.57it/s, S=0.4473, loss=-0.3513]
Epoch 132/150 [train]:  35%|███▍      | 9/26 [00:00<00:00, 86.57it/s, S=0.4454, loss=-0.3532]
Epoch 132/150 [train]:  35%|███▍      | 9/26 [00:00<00:00, 86.57it/s, S=0.4495, loss=-0.3596]
Epoch 132/150 [train]:  35%|███▍      | 9/26 [00:00<00:00, 86.57it/s, S=0.4475, loss=-0.3579]
Epoch 132/150 [train]:  35%|███▍      | 9/26 [00:00<00:00, 86.57it/s, S=0.4545, loss=-0.3684]
Epoch 132/150 [train]:  35%|███▍      | 9/26 [00:00<00:00, 86.57it/s, S=0.4481, loss=-0.3402]
Epoch 132/150 [train]:  35%|███▍      | 9/26 [00:00<00:00, 86.57it/s, S=0.4487, loss=-0.3611]
Epoch 132/150 [train]:  35%|███▍      | 9/26 [00:00<00:00, 86.57it/s, S=0.4476, loss=-0.3523]
Epoch 132/150 [train]:  35%|███▍      | 9/26 [00:00<00:00, 86.57it/s, S=0.4451, loss=-0.3450]
Epoch 132/150 [train]:  69%|██████▉   | 18/26 [00:00<00:00, 86.90it/s, S=0.4451, loss=-0.3450]
Epoch 132/150 [train]:  69%|██████▉   | 18/26 [00:00<00:00, 86.90it/s, S=0.4439, loss=-0.3494]
Epoch 132/150 [train]:  69%|██████▉   | 18/26 [00:00<00:00, 86.90it/s, S=0.4411, loss=-0.3441]
Epoch 132/150 [train]:  69%|██████▉   | 18/26 [00:00<00:00, 86.90it/s, S=0.4420, loss=-0.3442]
Epoch 132/150 [train]:  69%|██████▉   | 18/26 [00:00<00:00, 86.90it/s, S=0.4464, loss=-0.3515]
Epoch 132/150 [train]:  69%|██████▉   | 18/26 [00:00<00:00, 86.90it/s, S=0.4480, loss=-0.3504]
Epoch 132/150 [train]:  69%|██████▉   | 18/26 [00:00<00:00, 86.90it/s, S=0.4411, loss=-0.3321]
Epoch 132/150 [train]:  69%|██████▉   | 18/26 [00:00<00:00, 86.90it/s, S=0.4529, loss=-0.3655]
Epoch 132/150 [train]:  69%|██████▉   | 18/26 [00:00<00:00, 86.90it/s, S=0.4579, loss=-0.3623]
                                                                                              
Epoch 132/150  train loss=-0.3519  val loss=-0.2964  S[mean]=0.4551  ζ=0.3724  mean_plane_ζ=0.2808  reg=0.1586  λscale=0.89  lr=5.99e-05

Epoch 133/150 [train]:   0%|          | 0/26 [00:00<?, ?it/s]
Epoch 133/150 [train]:   0%|          | 0/26 [00:00<?, ?it/s, S=0.4489, loss=-0.3587]
Epoch 133/150 [train]:   0%|          | 0/26 [00:00<?, ?it/s, S=0.4464, loss=-0.3560]
Epoch 133/150 [train]:   0%|          | 0/26 [00:00<?, ?it/s, S=0.4511, loss=-0.3647]
Epoch 133/150 [train]:   0%|          | 0/26 [00:00<?, ?it/s, S=0.4536, loss=-0.3589]
Epoch 133/150 [train]:   0%|          | 0/26 [00:00<?, ?it/s, S=0.4493, loss=-0.3608]
Epoch 133/150 [train]:   0%|          | 0/26 [00:00<?, ?it/s, S=0.4492, loss=-0.3563]
Epoch 133/150 [train]:   0%|          | 0/26 [00:00<?, ?it/s, S=0.4467, loss=-0.3496]
Epoch 133/150 [train]:   0%|          | 0/26 [00:00<?, ?it/s, S=0.4519, loss=-0.3553]
Epoch 133/150 [train]:   0%|          | 0/26 [00:00<?, ?it/s, S=0.4546, loss=-0.3712]
Epoch 133/150 [train]:  35%|███▍      | 9/26 [00:00<00:00, 86.61it/s, S=0.4546, loss=-0.3712]
Epoch 133/150 [train]:  35%|███▍      | 9/26 [00:00<00:00, 86.61it/s, S=0.4525, loss=-0.3609]
Epoch 133/150 [train]:  35%|███▍      | 9/26 [00:00<00:00, 86.61it/s, S=0.4519, loss=-0.3582]
Epoch 133/150 [train]:  35%|███▍      | 9/26 [00:00<00:00, 86.61it/s, S=0.4473, loss=-0.3472]
Epoch 133/150 [train]:  35%|███▍      | 9/26 [00:00<00:00, 86.61it/s, S=0.4501, loss=-0.3568]
Epoch 133/150 [train]:  35%|███▍      | 9/26 [00:00<00:00, 86.61it/s, S=0.4401, loss=-0.3332]
Epoch 133/150 [train]:  35%|███▍      | 9/26 [00:00<00:00, 86.61it/s, S=0.4475, loss=-0.3614]
Epoch 133/150 [train]:  35%|███▍      | 9/26 [00:00<00:00, 86.61it/s, S=0.4498, loss=-0.3607]
Epoch 133/150 [train]:  35%|███▍      | 9/26 [00:00<00:00, 86.61it/s, S=0.4469, loss=-0.3457]
Epoch 133/150 [train]:  35%|███▍      | 9/26 [00:00<00:00, 86.61it/s, S=0.4508, loss=-0.3557]
Epoch 133/150 [train]:  69%|██████▉   | 18/26 [00:00<00:00, 86.88it/s, S=0.4508, loss=-0.3557]
Epoch 133/150 [train]:  69%|██████▉   | 18/26 [00:00<00:00, 86.88it/s, S=0.4502, loss=-0.3501]
Epoch 133/150 [train]:  69%|██████▉   | 18/26 [00:00<00:00, 86.88it/s, S=0.4407, loss=-0.3373]
Epoch 133/150 [train]:  69%|██████▉   | 18/26 [00:00<00:00, 86.88it/s, S=0.4406, loss=-0.3507]
Epoch 133/150 [train]:  69%|██████▉   | 18/26 [00:00<00:00, 86.88it/s, S=0.4490, loss=-0.3627]
Epoch 133/150 [train]:  69%|██████▉   | 18/26 [00:00<00:00, 86.88it/s, S=0.4459, loss=-0.3634]
Epoch 133/150 [train]:  69%|██████▉   | 18/26 [00:00<00:00, 86.88it/s, S=0.4428, loss=-0.3455]
Epoch 133/150 [train]:  69%|██████▉   | 18/26 [00:00<00:00, 86.88it/s, S=0.4542, loss=-0.3661]
Epoch 133/150 [train]:  69%|██████▉   | 18/26 [00:00<00:00, 86.88it/s, S=0.4374, loss=-0.3401]
                                                                                              
Epoch 133/150  train loss=-0.3549  val loss=-0.2957  S[mean]=0.4547  ζ=0.3722  mean_plane_ζ=0.2807  reg=0.1590  λscale=0.90  lr=5.37e-05

Epoch 134/150 [train]:   0%|          | 0/26 [00:00<?, ?it/s]
Epoch 134/150 [train]:   0%|          | 0/26 [00:00<?, ?it/s, S=0.4491, loss=-0.3387]
Epoch 134/150 [train]:   0%|          | 0/26 [00:00<?, ?it/s, S=0.4472, loss=-0.3593]
Epoch 134/150 [train]:   0%|          | 0/26 [00:00<?, ?it/s, S=0.4436, loss=-0.3388]
Epoch 134/150 [train]:   0%|          | 0/26 [00:00<?, ?it/s, S=0.4474, loss=-0.3470]
Epoch 134/150 [train]:   0%|          | 0/26 [00:00<?, ?it/s, S=0.4526, loss=-0.3547]
Epoch 134/150 [train]:   0%|          | 0/26 [00:00<?, ?it/s, S=0.4420, loss=-0.3456]
Epoch 134/150 [train]:   0%|          | 0/26 [00:00<?, ?it/s, S=0.4551, loss=-0.3526]
Epoch 134/150 [train]:   0%|          | 0/26 [00:00<?, ?it/s, S=0.4488, loss=-0.3552]
Epoch 134/150 [train]:   0%|          | 0/26 [00:00<?, ?it/s, S=0.4500, loss=-0.3660]
Epoch 134/150 [train]:  35%|███▍      | 9/26 [00:00<00:00, 86.91it/s, S=0.4500, loss=-0.3660]
Epoch 134/150 [train]:  35%|███▍      | 9/26 [00:00<00:00, 86.91it/s, S=0.4518, loss=-0.3627]
Epoch 134/150 [train]:  35%|███▍      | 9/26 [00:00<00:00, 86.91it/s, S=0.4456, loss=-0.3558]
Epoch 134/150 [train]:  35%|███▍      | 9/26 [00:00<00:00, 86.91it/s, S=0.4450, loss=-0.3572]
Epoch 134/150 [train]:  35%|███▍      | 9/26 [00:00<00:00, 86.91it/s, S=0.4489, loss=-0.3619]
Epoch 134/150 [train]:  35%|███▍      | 9/26 [00:00<00:00, 86.91it/s, S=0.4420, loss=-0.3540]
Epoch 134/150 [train]:  35%|███▍      | 9/26 [00:00<00:00, 86.91it/s, S=0.4511, loss=-0.3530]
Epoch 134/150 [train]:  35%|███▍      | 9/26 [00:00<00:00, 86.91it/s, S=0.4432, loss=-0.3507]
Epoch 134/150 [train]:  35%|███▍      | 9/26 [00:00<00:00, 86.91it/s, S=0.4491, loss=-0.3555]
Epoch 134/150 [train]:  35%|███▍      | 9/26 [00:00<00:00, 86.91it/s, S=0.4467, loss=-0.3543]
Epoch 134/150 [train]:  69%|██████▉   | 18/26 [00:00<00:00, 86.96it/s, S=0.4467, loss=-0.3543]
Epoch 134/150 [train]:  69%|██████▉   | 18/26 [00:00<00:00, 86.96it/s, S=0.4496, loss=-0.3610]
Epoch 134/150 [train]:  69%|██████▉   | 18/26 [00:00<00:00, 86.96it/s, S=0.4502, loss=-0.3603]
Epoch 134/150 [train]:  69%|██████▉   | 18/26 [00:00<00:00, 86.96it/s, S=0.4481, loss=-0.3599]
Epoch 134/150 [train]:  69%|██████▉   | 18/26 [00:00<00:00, 86.96it/s, S=0.4526, loss=-0.3699]
Epoch 134/150 [train]:  69%|██████▉   | 18/26 [00:00<00:00, 86.96it/s, S=0.4425, loss=-0.3468]
Epoch 134/150 [train]:  69%|██████▉   | 18/26 [00:00<00:00, 86.96it/s, S=0.4503, loss=-0.3590]
Epoch 134/150 [train]:  69%|██████▉   | 18/26 [00:00<00:00, 86.96it/s, S=0.4503, loss=-0.3653]
Epoch 134/150 [train]:  69%|██████▉   | 18/26 [00:00<00:00, 86.96it/s, S=0.4503, loss=-0.3627]
                                                                                              
Epoch 134/150  train loss=-0.3557  val loss=-0.2950  S[mean]=0.4548  ζ=0.3724  mean_plane_ζ=0.2809  reg=0.1598  λscale=0.90  lr=4.77e-05

Epoch 135/150 [train]:   0%|          | 0/26 [00:00<?, ?it/s]
Epoch 135/150 [train]:   0%|          | 0/26 [00:00<?, ?it/s, S=0.4455, loss=-0.3550]
Epoch 135/150 [train]:   0%|          | 0/26 [00:00<?, ?it/s, S=0.4476, loss=-0.3554]
Epoch 135/150 [train]:   0%|          | 0/26 [00:00<?, ?it/s, S=0.4430, loss=-0.3554]
Epoch 135/150 [train]:   0%|          | 0/26 [00:00<?, ?it/s, S=0.4389, loss=-0.3415]
Epoch 135/150 [train]:   0%|          | 0/26 [00:00<?, ?it/s, S=0.4490, loss=-0.3550]
Epoch 135/150 [train]:   0%|          | 0/26 [00:00<?, ?it/s, S=0.4453, loss=-0.3521]
Epoch 135/150 [train]:   0%|          | 0/26 [00:00<?, ?it/s, S=0.4410, loss=-0.3403]
Epoch 135/150 [train]:   0%|          | 0/26 [00:00<?, ?it/s, S=0.4485, loss=-0.3578]
Epoch 135/150 [train]:   0%|          | 0/26 [00:00<?, ?it/s, S=0.4529, loss=-0.3618]
Epoch 135/150 [train]:  35%|███▍      | 9/26 [00:00<00:00, 86.91it/s, S=0.4529, loss=-0.3618]
Epoch 135/150 [train]:  35%|███▍      | 9/26 [00:00<00:00, 86.91it/s, S=0.4483, loss=-0.3563]
Epoch 135/150 [train]:  35%|███▍      | 9/26 [00:00<00:00, 86.91it/s, S=0.4521, loss=-0.3589]
Epoch 135/150 [train]:  35%|███▍      | 9/26 [00:00<00:00, 86.91it/s, S=0.4534, loss=-0.3582]
Epoch 135/150 [train]:  35%|███▍      | 9/26 [00:00<00:00, 86.91it/s, S=0.4488, loss=-0.3644]
Epoch 135/150 [train]:  35%|███▍      | 9/26 [00:00<00:00, 86.91it/s, S=0.4551, loss=-0.3569]
Epoch 135/150 [train]:  35%|███▍      | 9/26 [00:00<00:00, 86.91it/s, S=0.4483, loss=-0.3570]
Epoch 135/150 [train]:  35%|███▍      | 9/26 [00:00<00:00, 86.91it/s, S=0.4521, loss=-0.3623]
Epoch 135/150 [train]:  35%|███▍      | 9/26 [00:00<00:00, 86.91it/s, S=0.4497, loss=-0.3540]
Epoch 135/150 [train]:  35%|███▍      | 9/26 [00:00<00:00, 86.91it/s, S=0.4493, loss=-0.3548]
Epoch 135/150 [train]:  69%|██████▉   | 18/26 [00:00<00:00, 87.18it/s, S=0.4493, loss=-0.3548]
Epoch 135/150 [train]:  69%|██████▉   | 18/26 [00:00<00:00, 87.18it/s, S=0.4519, loss=-0.3672]
Epoch 135/150 [train]:  69%|██████▉   | 18/26 [00:00<00:00, 87.18it/s, S=0.4384, loss=-0.3445]
Epoch 135/150 [train]:  69%|██████▉   | 18/26 [00:00<00:00, 87.18it/s, S=0.4527, loss=-0.3607]
Epoch 135/150 [train]:  69%|██████▉   | 18/26 [00:00<00:00, 87.18it/s, S=0.4456, loss=-0.3536]
Epoch 135/150 [train]:  69%|██████▉   | 18/26 [00:00<00:00, 87.18it/s, S=0.4558, loss=-0.3678]
Epoch 135/150 [train]:  69%|██████▉   | 18/26 [00:00<00:00, 87.18it/s, S=0.4504, loss=-0.3606]
Epoch 135/150 [train]:  69%|██████▉   | 18/26 [00:00<00:00, 87.18it/s, S=0.4515, loss=-0.3631]
Epoch 135/150 [train]:  69%|██████▉   | 18/26 [00:00<00:00, 87.18it/s, S=0.4510, loss=-0.3549]
                                                                                              
Epoch 135/150  train loss=-0.3565  val loss=-0.2942  S[mean]=0.4547  ζ=0.3723  mean_plane_ζ=0.2808  reg=0.1606  λscale=0.91  lr=4.21e-05

Epoch 136/150 [train]:   0%|          | 0/26 [00:00<?, ?it/s]
Epoch 136/150 [train]:   0%|          | 0/26 [00:00<?, ?it/s, S=0.4473, loss=-0.3504]
Epoch 136/150 [train]:   0%|          | 0/26 [00:00<?, ?it/s, S=0.4509, loss=-0.3558]
Epoch 136/150 [train]:   0%|          | 0/26 [00:00<?, ?it/s, S=0.4516, loss=-0.3614]
Epoch 136/150 [train]:   0%|          | 0/26 [00:00<?, ?it/s, S=0.4514, loss=-0.3649]
Epoch 136/150 [train]:   0%|          | 0/26 [00:00<?, ?it/s, S=0.4485, loss=-0.3578]
Epoch 136/150 [train]:   0%|          | 0/26 [00:00<?, ?it/s, S=0.4508, loss=-0.3592]
Epoch 136/150 [train]:   0%|          | 0/26 [00:00<?, ?it/s, S=0.4508, loss=-0.3532]
Epoch 136/150 [train]:   0%|          | 0/26 [00:00<?, ?it/s, S=0.4470, loss=-0.3574]
Epoch 136/150 [train]:   0%|          | 0/26 [00:00<?, ?it/s, S=0.4400, loss=-0.3482]
Epoch 136/150 [train]:  35%|███▍      | 9/26 [00:00<00:00, 86.97it/s, S=0.4400, loss=-0.3482]
Epoch 136/150 [train]:  35%|███▍      | 9/26 [00:00<00:00, 86.97it/s, S=0.4523, loss=-0.3606]
Epoch 136/150 [train]:  35%|███▍      | 9/26 [00:00<00:00, 86.97it/s, S=0.4523, loss=-0.3628]
Epoch 136/150 [train]:  35%|███▍      | 9/26 [00:00<00:00, 86.97it/s, S=0.4468, loss=-0.3525]
Epoch 136/150 [train]:  35%|███▍      | 9/26 [00:00<00:00, 86.97it/s, S=0.4437, loss=-0.3428]
Epoch 136/150 [train]:  35%|███▍      | 9/26 [00:00<00:00, 86.97it/s, S=0.4536, loss=-0.3720]
Epoch 136/150 [train]:  35%|███▍      | 9/26 [00:00<00:00, 86.97it/s, S=0.4544, loss=-0.3656]
Epoch 136/150 [train]:  35%|███▍      | 9/26 [00:00<00:00, 86.97it/s, S=0.4462, loss=-0.3566]
Epoch 136/150 [train]:  35%|███▍      | 9/26 [00:00<00:00, 86.97it/s, S=0.4490, loss=-0.3608]
Epoch 136/150 [train]:  35%|███▍      | 9/26 [00:00<00:00, 86.97it/s, S=0.4503, loss=-0.3551]
Epoch 136/150 [train]:  69%|██████▉   | 18/26 [00:00<00:00, 87.18it/s, S=0.4503, loss=-0.3551]
Epoch 136/150 [train]:  69%|██████▉   | 18/26 [00:00<00:00, 87.18it/s, S=0.4448, loss=-0.3520]
Epoch 136/150 [train]:  69%|██████▉   | 18/26 [00:00<00:00, 87.18it/s, S=0.4453, loss=-0.3538]
Epoch 136/150 [train]:  69%|██████▉   | 18/26 [00:00<00:00, 87.18it/s, S=0.4396, loss=-0.3384]
Epoch 136/150 [train]:  69%|██████▉   | 18/26 [00:00<00:00, 87.18it/s, S=0.4496, loss=-0.3586]
Epoch 136/150 [train]:  69%|██████▉   | 18/26 [00:00<00:00, 87.18it/s, S=0.4526, loss=-0.3477]
Epoch 136/150 [train]:  69%|██████▉   | 18/26 [00:00<00:00, 87.18it/s, S=0.4418, loss=-0.3377]
Epoch 136/150 [train]:  69%|██████▉   | 18/26 [00:00<00:00, 87.18it/s, S=0.4474, loss=-0.3556]
Epoch 136/150 [train]:  69%|██████▉   | 18/26 [00:00<00:00, 87.18it/s, S=0.4490, loss=-0.3584]
                                                                                              
Epoch 136/150  train loss=-0.3554  val loss=-0.2934  S[mean]=0.4546  ζ=0.3722  mean_plane_ζ=0.2806  reg=0.1613  λscale=0.92  lr=3.68e-05

Epoch 137/150 [train]:   0%|          | 0/26 [00:00<?, ?it/s]
Epoch 137/150 [train]:   0%|          | 0/26 [00:00<?, ?it/s, S=0.4511, loss=-0.3516]
Epoch 137/150 [train]:   0%|          | 0/26 [00:00<?, ?it/s, S=0.4459, loss=-0.3506]
Epoch 137/150 [train]:   0%|          | 0/26 [00:00<?, ?it/s, S=0.4470, loss=-0.3546]
Epoch 137/150 [train]:   0%|          | 0/26 [00:00<?, ?it/s, S=0.4524, loss=-0.3621]
Epoch 137/150 [train]:   0%|          | 0/26 [00:00<?, ?it/s, S=0.4399, loss=-0.3273]
Epoch 137/150 [train]:   0%|          | 0/26 [00:00<?, ?it/s, S=0.4465, loss=-0.3575]
Epoch 137/150 [train]:   0%|          | 0/26 [00:00<?, ?it/s, S=0.4426, loss=-0.3348]
Epoch 137/150 [train]:   0%|          | 0/26 [00:00<?, ?it/s, S=0.4525, loss=-0.3501]
Epoch 137/150 [train]:   0%|          | 0/26 [00:00<?, ?it/s, S=0.4428, loss=-0.3230]
Epoch 137/150 [train]:  35%|███▍      | 9/26 [00:00<00:00, 86.80it/s, S=0.4428, loss=-0.3230]
Epoch 137/150 [train]:  35%|███▍      | 9/26 [00:00<00:00, 86.80it/s, S=0.4472, loss=-0.3563]
Epoch 137/150 [train]:  35%|███▍      | 9/26 [00:00<00:00, 86.80it/s, S=0.4506, loss=-0.3578]
Epoch 137/150 [train]:  35%|███▍      | 9/26 [00:00<00:00, 86.80it/s, S=0.4499, loss=-0.3480]
Epoch 137/150 [train]:  35%|███▍      | 9/26 [00:00<00:00, 86.80it/s, S=0.4457, loss=-0.3459]
Epoch 137/150 [train]:  35%|███▍      | 9/26 [00:00<00:00, 86.80it/s, S=0.4436, loss=-0.3530]
Epoch 137/150 [train]:  35%|███▍      | 9/26 [00:00<00:00, 86.80it/s, S=0.4446, loss=-0.3448]
Epoch 137/150 [train]:  35%|███▍      | 9/26 [00:00<00:00, 86.80it/s, S=0.4440, loss=-0.3459]
Epoch 137/150 [train]:  35%|███▍      | 9/26 [00:00<00:00, 86.80it/s, S=0.4495, loss=-0.3626]
Epoch 137/150 [train]:  35%|███▍      | 9/26 [00:00<00:00, 86.80it/s, S=0.4505, loss=-0.3535]
Epoch 137/150 [train]:  69%|██████▉   | 18/26 [00:00<00:00, 87.23it/s, S=0.4505, loss=-0.3535]
Epoch 137/150 [train]:  69%|██████▉   | 18/26 [00:00<00:00, 87.23it/s, S=0.4315, loss=-0.3249]
Epoch 137/150 [train]:  69%|██████▉   | 18/26 [00:00<00:00, 87.23it/s, S=0.4378, loss=-0.3390]
Epoch 137/150 [train]:  69%|██████▉   | 18/26 [00:00<00:00, 87.23it/s, S=0.4477, loss=-0.3633]
Epoch 137/150 [train]:  69%|██████▉   | 18/26 [00:00<00:00, 87.23it/s, S=0.4494, loss=-0.3614]
Epoch 137/150 [train]:  69%|██████▉   | 18/26 [00:00<00:00, 87.23it/s, S=0.4429, loss=-0.3438]
Epoch 137/150 [train]:  69%|██████▉   | 18/26 [00:00<00:00, 87.23it/s, S=0.4478, loss=-0.3580]
Epoch 137/150 [train]:  69%|██████▉   | 18/26 [00:00<00:00, 87.23it/s, S=0.4509, loss=-0.3575]
Epoch 137/150 [train]:  69%|██████▉   | 18/26 [00:00<00:00, 87.23it/s, S=0.4489, loss=-0.3597]
                                                                                              
Epoch 137/150  train loss=-0.3495  val loss=-0.2925  S[mean]=0.4544  ζ=0.3720  mean_plane_ζ=0.2805  reg=0.1619  λscale=0.92  lr=3.19e-05

Epoch 138/150 [train]:   0%|          | 0/26 [00:00<?, ?it/s]
Epoch 138/150 [train]:   0%|          | 0/26 [00:00<?, ?it/s, S=0.4406, loss=-0.3337]
Epoch 138/150 [train]:   0%|          | 0/26 [00:00<?, ?it/s, S=0.4462, loss=-0.3477]
Epoch 138/150 [train]:   0%|          | 0/26 [00:00<?, ?it/s, S=0.4377, loss=-0.3319]
Epoch 138/150 [train]:   0%|          | 0/26 [00:00<?, ?it/s, S=0.4463, loss=-0.3483]
Epoch 138/150 [train]:   0%|          | 0/26 [00:00<?, ?it/s, S=0.4445, loss=-0.3270]
Epoch 138/150 [train]:   0%|          | 0/26 [00:00<?, ?it/s, S=0.4557, loss=-0.3590]
Epoch 138/150 [train]:   0%|          | 0/26 [00:00<?, ?it/s, S=0.4351, loss=-0.3279]
Epoch 138/150 [train]:   0%|          | 0/26 [00:00<?, ?it/s, S=0.4470, loss=-0.3548]
Epoch 138/150 [train]:   0%|          | 0/26 [00:00<?, ?it/s, S=0.4465, loss=-0.3502]
Epoch 138/150 [train]:  35%|███▍      | 9/26 [00:00<00:00, 86.84it/s, S=0.4465, loss=-0.3502]
Epoch 138/150 [train]:  35%|███▍      | 9/26 [00:00<00:00, 86.84it/s, S=0.4325, loss=-0.3226]
Epoch 138/150 [train]:  35%|███▍      | 9/26 [00:00<00:00, 86.84it/s, S=0.4508, loss=-0.3646]
Epoch 138/150 [train]:  35%|███▍      | 9/26 [00:00<00:00, 86.84it/s, S=0.4449, loss=-0.3549]
Epoch 138/150 [train]:  35%|███▍      | 9/26 [00:00<00:00, 86.84it/s, S=0.4514, loss=-0.3549]
Epoch 138/150 [train]:  35%|███▍      | 9/26 [00:00<00:00, 86.84it/s, S=0.4472, loss=-0.3552]
Epoch 138/150 [train]:  35%|███▍      | 9/26 [00:00<00:00, 86.84it/s, S=0.4459, loss=-0.3500]
Epoch 138/150 [train]:  35%|███▍      | 9/26 [00:00<00:00, 86.84it/s, S=0.4484, loss=-0.3361]
Epoch 138/150 [train]:  35%|███▍      | 9/26 [00:00<00:00, 86.84it/s, S=0.4481, loss=-0.3620]
Epoch 138/150 [train]:  35%|███▍      | 9/26 [00:00<00:00, 86.84it/s, S=0.4541, loss=-0.3670]
Epoch 138/150 [train]:  69%|██████▉   | 18/26 [00:00<00:00, 87.17it/s, S=0.4541, loss=-0.3670]
Epoch 138/150 [train]:  69%|██████▉   | 18/26 [00:00<00:00, 87.17it/s, S=0.4538, loss=-0.3667]
Epoch 138/150 [train]:  69%|██████▉   | 18/26 [00:00<00:00, 87.17it/s, S=0.4500, loss=-0.3569]
Epoch 138/150 [train]:  69%|██████▉   | 18/26 [00:00<00:00, 87.17it/s, S=0.4438, loss=-0.3526]
Epoch 138/150 [train]:  69%|██████▉   | 18/26 [00:00<00:00, 87.17it/s, S=0.4458, loss=-0.3574]
Epoch 138/150 [train]:  69%|██████▉   | 18/26 [00:00<00:00, 87.17it/s, S=0.4509, loss=-0.3570]
Epoch 138/150 [train]:  69%|██████▉   | 18/26 [00:00<00:00, 87.17it/s, S=0.4469, loss=-0.3508]
Epoch 138/150 [train]:  69%|██████▉   | 18/26 [00:00<00:00, 87.17it/s, S=0.4343, loss=-0.3201]
Epoch 138/150 [train]:  69%|██████▉   | 18/26 [00:00<00:00, 87.17it/s, S=0.4427, loss=-0.3447]
                                                                                              
Epoch 138/150  train loss=-0.3482  val loss=-0.2916  S[mean]=0.4544  ζ=0.3721  mean_plane_ζ=0.2806  reg=0.1628  λscale=0.93  lr=2.72e-05

Epoch 139/150 [train]:   0%|          | 0/26 [00:00<?, ?it/s]
Epoch 139/150 [train]:   0%|          | 0/26 [00:00<?, ?it/s, S=0.4463, loss=-0.3476]
Epoch 139/150 [train]:   0%|          | 0/26 [00:00<?, ?it/s, S=0.4561, loss=-0.3674]
Epoch 139/150 [train]:   0%|          | 0/26 [00:00<?, ?it/s, S=0.4476, loss=-0.3446]
Epoch 139/150 [train]:   0%|          | 0/26 [00:00<?, ?it/s, S=0.4447, loss=-0.3514]
Epoch 139/150 [train]:   0%|          | 0/26 [00:00<?, ?it/s, S=0.4492, loss=-0.3537]
Epoch 139/150 [train]:   0%|          | 0/26 [00:00<?, ?it/s, S=0.4483, loss=-0.3567]
Epoch 139/150 [train]:   0%|          | 0/26 [00:00<?, ?it/s, S=0.4522, loss=-0.3575]
Epoch 139/150 [train]:   0%|          | 0/26 [00:00<?, ?it/s, S=0.4519, loss=-0.3634]
Epoch 139/150 [train]:   0%|          | 0/26 [00:00<?, ?it/s, S=0.4472, loss=-0.3541]
Epoch 139/150 [train]:  35%|███▍      | 9/26 [00:00<00:00, 86.43it/s, S=0.4472, loss=-0.3541]
Epoch 139/150 [train]:  35%|███▍      | 9/26 [00:00<00:00, 86.43it/s, S=0.4411, loss=-0.3351]
Epoch 139/150 [train]:  35%|███▍      | 9/26 [00:00<00:00, 86.43it/s, S=0.4524, loss=-0.3585]
Epoch 139/150 [train]:  35%|███▍      | 9/26 [00:00<00:00, 86.43it/s, S=0.4522, loss=-0.3461]
Epoch 139/150 [train]:  35%|███▍      | 9/26 [00:00<00:00, 86.43it/s, S=0.4504, loss=-0.3614]
Epoch 139/150 [train]:  35%|███▍      | 9/26 [00:00<00:00, 86.43it/s, S=0.4450, loss=-0.3556]
Epoch 139/150 [train]:  35%|███▍      | 9/26 [00:00<00:00, 86.43it/s, S=0.4498, loss=-0.3580]
Epoch 139/150 [train]:  35%|███▍      | 9/26 [00:00<00:00, 86.43it/s, S=0.4483, loss=-0.3572]
Epoch 139/150 [train]:  35%|███▍      | 9/26 [00:00<00:00, 86.43it/s, S=0.4491, loss=-0.3543]
Epoch 139/150 [train]:  35%|███▍      | 9/26 [00:00<00:00, 86.43it/s, S=0.4456, loss=-0.3484]
Epoch 139/150 [train]:  69%|██████▉   | 18/26 [00:00<00:00, 86.89it/s, S=0.4456, loss=-0.3484]
Epoch 139/150 [train]:  69%|██████▉   | 18/26 [00:00<00:00, 86.89it/s, S=0.4395, loss=-0.3383]
Epoch 139/150 [train]:  69%|██████▉   | 18/26 [00:00<00:00, 86.89it/s, S=0.4453, loss=-0.3548]
Epoch 139/150 [train]:  69%|██████▉   | 18/26 [00:00<00:00, 86.89it/s, S=0.4430, loss=-0.3446]
Epoch 139/150 [train]:  69%|██████▉   | 18/26 [00:00<00:00, 86.89it/s, S=0.4494, loss=-0.3541]
Epoch 139/150 [train]:  69%|██████▉   | 18/26 [00:00<00:00, 86.89it/s, S=0.4530, loss=-0.3640]
Epoch 139/150 [train]:  69%|██████▉   | 18/26 [00:00<00:00, 86.89it/s, S=0.4401, loss=-0.3470]
Epoch 139/150 [train]:  69%|██████▉   | 18/26 [00:00<00:00, 86.89it/s, S=0.4427, loss=-0.3482]
Epoch 139/150 [train]:  69%|██████▉   | 18/26 [00:00<00:00, 86.89it/s, S=0.4488, loss=-0.3595]
                                                                                              
Epoch 139/150  train loss=-0.3531  val loss=-0.2905  S[mean]=0.4543  ζ=0.3719  mean_plane_ζ=0.2805  reg=0.1638  λscale=0.93  lr=2.30e-05

Epoch 140/150 [train]:   0%|          | 0/26 [00:00<?, ?it/s]
Epoch 140/150 [train]:   0%|          | 0/26 [00:00<?, ?it/s, S=0.4395, loss=-0.3349]
Epoch 140/150 [train]:   0%|          | 0/26 [00:00<?, ?it/s, S=0.4431, loss=-0.3426]
Epoch 140/150 [train]:   0%|          | 0/26 [00:00<?, ?it/s, S=0.4522, loss=-0.3567]
Epoch 140/150 [train]:   0%|          | 0/26 [00:00<?, ?it/s, S=0.4458, loss=-0.3565]
Epoch 140/150 [train]:   0%|          | 0/26 [00:00<?, ?it/s, S=0.4532, loss=-0.3620]
Epoch 140/150 [train]:   0%|          | 0/26 [00:00<?, ?it/s, S=0.4366, loss=-0.3303]
Epoch 140/150 [train]:   0%|          | 0/26 [00:00<?, ?it/s, S=0.4396, loss=-0.3341]
Epoch 140/150 [train]:   0%|          | 0/26 [00:00<?, ?it/s, S=0.4426, loss=-0.3408]
Epoch 140/150 [train]:   0%|          | 0/26 [00:00<?, ?it/s, S=0.4388, loss=-0.3412]
Epoch 140/150 [train]:  35%|███▍      | 9/26 [00:00<00:00, 86.89it/s, S=0.4388, loss=-0.3412]
Epoch 140/150 [train]:  35%|███▍      | 9/26 [00:00<00:00, 86.89it/s, S=0.4486, loss=-0.3586]
Epoch 140/150 [train]:  35%|███▍      | 9/26 [00:00<00:00, 86.89it/s, S=0.4512, loss=-0.3545]
Epoch 140/150 [train]:  35%|███▍      | 9/26 [00:00<00:00, 86.89it/s, S=0.4576, loss=-0.3683]
Epoch 140/150 [train]:  35%|███▍      | 9/26 [00:00<00:00, 86.89it/s, S=0.4447, loss=-0.3437]
Epoch 140/150 [train]:  35%|███▍      | 9/26 [00:00<00:00, 86.89it/s, S=0.4546, loss=-0.3533]
Epoch 140/150 [train]:  35%|███▍      | 9/26 [00:00<00:00, 86.89it/s, S=0.4486, loss=-0.3589]
Epoch 140/150 [train]:  35%|███▍      | 9/26 [00:00<00:00, 86.89it/s, S=0.4483, loss=-0.3566]
Epoch 140/150 [train]:  35%|███▍      | 9/26 [00:00<00:00, 86.89it/s, S=0.4553, loss=-0.3669]
Epoch 140/150 [train]:  35%|███▍      | 9/26 [00:00<00:00, 86.89it/s, S=0.4492, loss=-0.3573]
Epoch 140/150 [train]:  69%|██████▉   | 18/26 [00:00<00:00, 87.22it/s, S=0.4492, loss=-0.3573]
Epoch 140/150 [train]:  69%|██████▉   | 18/26 [00:00<00:00, 87.22it/s, S=0.4397, loss=-0.3333]
Epoch 140/150 [train]:  69%|██████▉   | 18/26 [00:00<00:00, 87.22it/s, S=0.4494, loss=-0.3630]
Epoch 140/150 [train]:  69%|██████▉   | 18/26 [00:00<00:00, 87.22it/s, S=0.4512, loss=-0.3601]
Epoch 140/150 [train]:  69%|██████▉   | 18/26 [00:00<00:00, 87.22it/s, S=0.4482, loss=-0.3541]
Epoch 140/150 [train]:  69%|██████▉   | 18/26 [00:00<00:00, 87.22it/s, S=0.4477, loss=-0.3507]
Epoch 140/150 [train]:  69%|██████▉   | 18/26 [00:00<00:00, 87.22it/s, S=0.4448, loss=-0.3567]
Epoch 140/150 [train]:  69%|██████▉   | 18/26 [00:00<00:00, 87.22it/s, S=0.4417, loss=-0.3436]
Epoch 140/150 [train]:  69%|██████▉   | 18/26 [00:00<00:00, 87.22it/s, S=0.4490, loss=-0.3537]
                                                                                              
Epoch 140/150  train loss=-0.3513  val loss=-0.2898  S[mean]=0.4542  ζ=0.3718  mean_plane_ζ=0.2804  reg=0.1644  λscale=0.94  lr=1.90e-05

Epoch 141/150 [train]:   0%|          | 0/26 [00:00<?, ?it/s]
Epoch 141/150 [train]:   0%|          | 0/26 [00:00<?, ?it/s, S=0.4434, loss=-0.3338]
Epoch 141/150 [train]:   0%|          | 0/26 [00:00<?, ?it/s, S=0.4461, loss=-0.3601]
Epoch 141/150 [train]:   0%|          | 0/26 [00:00<?, ?it/s, S=0.4508, loss=-0.3535]
Epoch 141/150 [train]:   0%|          | 0/26 [00:00<?, ?it/s, S=0.4519, loss=-0.3546]
Epoch 141/150 [train]:   0%|          | 0/26 [00:00<?, ?it/s, S=0.4544, loss=-0.3553]
Epoch 141/150 [train]:   0%|          | 0/26 [00:00<?, ?it/s, S=0.4457, loss=-0.3524]
Epoch 141/150 [train]:   0%|          | 0/26 [00:00<?, ?it/s, S=0.4427, loss=-0.3480]
Epoch 141/150 [train]:   0%|          | 0/26 [00:00<?, ?it/s, S=0.4471, loss=-0.3589]
Epoch 141/150 [train]:   0%|          | 0/26 [00:00<?, ?it/s, S=0.4476, loss=-0.3516]
Epoch 141/150 [train]:  35%|███▍      | 9/26 [00:00<00:00, 86.51it/s, S=0.4476, loss=-0.3516]
Epoch 141/150 [train]:  35%|███▍      | 9/26 [00:00<00:00, 86.51it/s, S=0.4491, loss=-0.3539]
Epoch 141/150 [train]:  35%|███▍      | 9/26 [00:00<00:00, 86.51it/s, S=0.4428, loss=-0.3485]
Epoch 141/150 [train]:  35%|███▍      | 9/26 [00:00<00:00, 86.51it/s, S=0.4568, loss=-0.3678]
Epoch 141/150 [train]:  35%|███▍      | 9/26 [00:00<00:00, 86.51it/s, S=0.4473, loss=-0.3562]
Epoch 141/150 [train]:  35%|███▍      | 9/26 [00:00<00:00, 86.51it/s, S=0.4465, loss=-0.3510]
Epoch 141/150 [train]:  35%|███▍      | 9/26 [00:00<00:00, 86.51it/s, S=0.4440, loss=-0.3422]
Epoch 141/150 [train]:  35%|███▍      | 9/26 [00:00<00:00, 86.51it/s, S=0.4478, loss=-0.3537]
Epoch 141/150 [train]:  35%|███▍      | 9/26 [00:00<00:00, 86.51it/s, S=0.4510, loss=-0.3592]
Epoch 141/150 [train]:  35%|███▍      | 9/26 [00:00<00:00, 86.51it/s, S=0.4501, loss=-0.3511]
Epoch 141/150 [train]:  69%|██████▉   | 18/26 [00:00<00:00, 86.84it/s, S=0.4501, loss=-0.3511]
Epoch 141/150 [train]:  69%|██████▉   | 18/26 [00:00<00:00, 86.84it/s, S=0.4479, loss=-0.3507]
Epoch 141/150 [train]:  69%|██████▉   | 18/26 [00:00<00:00, 86.84it/s, S=0.4437, loss=-0.3510]
Epoch 141/150 [train]:  69%|██████▉   | 18/26 [00:00<00:00, 86.84it/s, S=0.4414, loss=-0.3335]
Epoch 141/150 [train]:  69%|██████▉   | 18/26 [00:00<00:00, 86.84it/s, S=0.4514, loss=-0.3604]
Epoch 141/150 [train]:  69%|██████▉   | 18/26 [00:00<00:00, 86.84it/s, S=0.4520, loss=-0.3631]
Epoch 141/150 [train]:  69%|██████▉   | 18/26 [00:00<00:00, 86.84it/s, S=0.4463, loss=-0.3511]
Epoch 141/150 [train]:  69%|██████▉   | 18/26 [00:00<00:00, 86.84it/s, S=0.4457, loss=-0.3533]
Epoch 141/150 [train]:  69%|██████▉   | 18/26 [00:00<00:00, 86.84it/s, S=0.4463, loss=-0.3448]
                                                                                              
Epoch 141/150  train loss=-0.3523  val loss=-0.2888  S[mean]=0.4541  ζ=0.3719  mean_plane_ζ=0.2804  reg=0.1653  λscale=0.95  lr=1.55e-05

Epoch 142/150 [train]:   0%|          | 0/26 [00:00<?, ?it/s]
Epoch 142/150 [train]:   0%|          | 0/26 [00:00<?, ?it/s, S=0.4475, loss=-0.3571]
Epoch 142/150 [train]:   0%|          | 0/26 [00:00<?, ?it/s, S=0.4478, loss=-0.3518]
Epoch 142/150 [train]:   0%|          | 0/26 [00:00<?, ?it/s, S=0.4406, loss=-0.3394]
Epoch 142/150 [train]:   0%|          | 0/26 [00:00<?, ?it/s, S=0.4415, loss=-0.3484]
Epoch 142/150 [train]:   0%|          | 0/26 [00:00<?, ?it/s, S=0.4552, loss=-0.3627]
Epoch 142/150 [train]:   0%|          | 0/26 [00:00<?, ?it/s, S=0.4481, loss=-0.3570]
Epoch 142/150 [train]:   0%|          | 0/26 [00:00<?, ?it/s, S=0.4471, loss=-0.3602]
Epoch 142/150 [train]:   0%|          | 0/26 [00:00<?, ?it/s, S=0.4504, loss=-0.3595]
Epoch 142/150 [train]:   0%|          | 0/26 [00:00<?, ?it/s, S=0.4480, loss=-0.3573]
Epoch 142/150 [train]:  35%|███▍      | 9/26 [00:00<00:00, 86.64it/s, S=0.4480, loss=-0.3573]
Epoch 142/150 [train]:  35%|███▍      | 9/26 [00:00<00:00, 86.64it/s, S=0.4544, loss=-0.3662]
Epoch 142/150 [train]:  35%|███▍      | 9/26 [00:00<00:00, 86.64it/s, S=0.4513, loss=-0.3569]
Epoch 142/150 [train]:  35%|███▍      | 9/26 [00:00<00:00, 86.64it/s, S=0.4528, loss=-0.3604]
Epoch 142/150 [train]:  35%|███▍      | 9/26 [00:00<00:00, 86.64it/s, S=0.4473, loss=-0.3500]
Epoch 142/150 [train]:  35%|███▍      | 9/26 [00:00<00:00, 86.64it/s, S=0.4463, loss=-0.3468]
Epoch 142/150 [train]:  35%|███▍      | 9/26 [00:00<00:00, 86.64it/s, S=0.4475, loss=-0.3494]
Epoch 142/150 [train]:  35%|███▍      | 9/26 [00:00<00:00, 86.64it/s, S=0.4442, loss=-0.3483]
Epoch 142/150 [train]:  35%|███▍      | 9/26 [00:00<00:00, 86.64it/s, S=0.4440, loss=-0.3464]
Epoch 142/150 [train]:  35%|███▍      | 9/26 [00:00<00:00, 86.64it/s, S=0.4466, loss=-0.3501]
Epoch 142/150 [train]:  69%|██████▉   | 18/26 [00:00<00:00, 86.83it/s, S=0.4466, loss=-0.3501]
Epoch 142/150 [train]:  69%|██████▉   | 18/26 [00:00<00:00, 86.83it/s, S=0.4525, loss=-0.3509]
Epoch 142/150 [train]:  69%|██████▉   | 18/26 [00:00<00:00, 86.83it/s, S=0.4437, loss=-0.3490]
Epoch 142/150 [train]:  69%|██████▉   | 18/26 [00:00<00:00, 86.83it/s, S=0.4502, loss=-0.3532]
Epoch 142/150 [train]:  69%|██████▉   | 18/26 [00:00<00:00, 86.83it/s, S=0.4484, loss=-0.3567]
Epoch 142/150 [train]:  69%|██████▉   | 18/26 [00:00<00:00, 86.83it/s, S=0.4461, loss=-0.3514]
Epoch 142/150 [train]:  69%|██████▉   | 18/26 [00:00<00:00, 86.83it/s, S=0.4529, loss=-0.3626]
Epoch 142/150 [train]:  69%|██████▉   | 18/26 [00:00<00:00, 86.83it/s, S=0.4450, loss=-0.3523]
Epoch 142/150 [train]:  69%|██████▉   | 18/26 [00:00<00:00, 86.83it/s, S=0.4444, loss=-0.3489]
                                                                                              
Epoch 142/150  train loss=-0.3536  val loss=-0.2879  S[mean]=0.4541  ζ=0.3719  mean_plane_ζ=0.2804  reg=0.1662  λscale=0.95  lr=1.22e-05

Epoch 143/150 [train]:   0%|          | 0/26 [00:00<?, ?it/s]
Epoch 143/150 [train]:   0%|          | 0/26 [00:00<?, ?it/s, S=0.4428, loss=-0.3428]
Epoch 143/150 [train]:   0%|          | 0/26 [00:00<?, ?it/s, S=0.4444, loss=-0.3455]
Epoch 143/150 [train]:   0%|          | 0/26 [00:00<?, ?it/s, S=0.4447, loss=-0.3471]
Epoch 143/150 [train]:   0%|          | 0/26 [00:00<?, ?it/s, S=0.4470, loss=-0.3402]
Epoch 143/150 [train]:   0%|          | 0/26 [00:00<?, ?it/s, S=0.4532, loss=-0.3612]
Epoch 143/150 [train]:   0%|          | 0/26 [00:00<?, ?it/s, S=0.4441, loss=-0.3429]
Epoch 143/150 [train]:   0%|          | 0/26 [00:00<?, ?it/s, S=0.4524, loss=-0.3670]
Epoch 143/150 [train]:   0%|          | 0/26 [00:00<?, ?it/s, S=0.4528, loss=-0.3635]
Epoch 143/150 [train]:   0%|          | 0/26 [00:00<?, ?it/s, S=0.4465, loss=-0.3437]
Epoch 143/150 [train]:  35%|███▍      | 9/26 [00:00<00:00, 86.58it/s, S=0.4465, loss=-0.3437]
Epoch 143/150 [train]:  35%|███▍      | 9/26 [00:00<00:00, 86.58it/s, S=0.4507, loss=-0.3572]
Epoch 143/150 [train]:  35%|███▍      | 9/26 [00:00<00:00, 86.58it/s, S=0.4503, loss=-0.3526]
Epoch 143/150 [train]:  35%|███▍      | 9/26 [00:00<00:00, 86.58it/s, S=0.4396, loss=-0.3441]
Epoch 143/150 [train]:  35%|███▍      | 9/26 [00:00<00:00, 86.58it/s, S=0.4493, loss=-0.3585]
Epoch 143/150 [train]:  35%|███▍      | 9/26 [00:00<00:00, 86.58it/s, S=0.4549, loss=-0.3620]
Epoch 143/150 [train]:  35%|███▍      | 9/26 [00:00<00:00, 86.58it/s, S=0.4529, loss=-0.3651]
Epoch 143/150 [train]:  35%|███▍      | 9/26 [00:00<00:00, 86.58it/s, S=0.4447, loss=-0.3450]
Epoch 143/150 [train]:  35%|███▍      | 9/26 [00:00<00:00, 86.58it/s, S=0.4407, loss=-0.3473]
Epoch 143/150 [train]:  35%|███▍      | 9/26 [00:00<00:00, 86.58it/s, S=0.4550, loss=-0.3656]
Epoch 143/150 [train]:  69%|██████▉   | 18/26 [00:00<00:00, 86.88it/s, S=0.4550, loss=-0.3656]
Epoch 143/150 [train]:  69%|██████▉   | 18/26 [00:00<00:00, 86.88it/s, S=0.4418, loss=-0.3450]
Epoch 143/150 [train]:  69%|██████▉   | 18/26 [00:00<00:00, 86.88it/s, S=0.4487, loss=-0.3529]
Epoch 143/150 [train]:  69%|██████▉   | 18/26 [00:00<00:00, 86.88it/s, S=0.4430, loss=-0.3368]
Epoch 143/150 [train]:  69%|██████▉   | 18/26 [00:00<00:00, 86.88it/s, S=0.4499, loss=-0.3438]
Epoch 143/150 [train]:  69%|██████▉   | 18/26 [00:00<00:00, 86.88it/s, S=0.4449, loss=-0.3563]
Epoch 143/150 [train]:  69%|██████▉   | 18/26 [00:00<00:00, 86.88it/s, S=0.4458, loss=-0.3436]
Epoch 143/150 [train]:  69%|██████▉   | 18/26 [00:00<00:00, 86.88it/s, S=0.4510, loss=-0.3597]
Epoch 143/150 [train]:  69%|██████▉   | 18/26 [00:00<00:00, 86.88it/s, S=0.4400, loss=-0.3366]
                                                                                              
Epoch 143/150  train loss=-0.3510  val loss=-0.2869  S[mean]=0.4540  ζ=0.3718  mean_plane_ζ=0.2804  reg=0.1671  λscale=0.96  lr=9.39e-06

Epoch 144/150 [train]:   0%|          | 0/26 [00:00<?, ?it/s]
Epoch 144/150 [train]:   0%|          | 0/26 [00:00<?, ?it/s, S=0.4416, loss=-0.3460]
Epoch 144/150 [train]:   0%|          | 0/26 [00:00<?, ?it/s, S=0.4570, loss=-0.3601]
Epoch 144/150 [train]:   0%|          | 0/26 [00:00<?, ?it/s, S=0.4425, loss=-0.3511]
Epoch 144/150 [train]:   0%|          | 0/26 [00:00<?, ?it/s, S=0.4461, loss=-0.3440]
Epoch 144/150 [train]:   0%|          | 0/26 [00:00<?, ?it/s, S=0.4322, loss=-0.3217]
Epoch 144/150 [train]:   0%|          | 0/26 [00:00<?, ?it/s, S=0.4471, loss=-0.3441]
Epoch 144/150 [train]:   0%|          | 0/26 [00:00<?, ?it/s, S=0.4524, loss=-0.3476]
Epoch 144/150 [train]:   0%|          | 0/26 [00:00<?, ?it/s, S=0.4478, loss=-0.3563]
Epoch 144/150 [train]:   0%|          | 0/26 [00:00<?, ?it/s, S=0.4408, loss=-0.3330]
Epoch 144/150 [train]:  35%|███▍      | 9/26 [00:00<00:00, 86.50it/s, S=0.4408, loss=-0.3330]
Epoch 144/150 [train]:  35%|███▍      | 9/26 [00:00<00:00, 86.50it/s, S=0.4498, loss=-0.3556]
Epoch 144/150 [train]:  35%|███▍      | 9/26 [00:00<00:00, 86.50it/s, S=0.4502, loss=-0.3538]
Epoch 144/150 [train]:  35%|███▍      | 9/26 [00:00<00:00, 86.50it/s, S=0.4481, loss=-0.3470]
Epoch 144/150 [train]:  35%|███▍      | 9/26 [00:00<00:00, 86.50it/s, S=0.4502, loss=-0.3505]
Epoch 144/150 [train]:  35%|███▍      | 9/26 [00:00<00:00, 86.50it/s, S=0.4383, loss=-0.3409]
Epoch 144/150 [train]:  35%|███▍      | 9/26 [00:00<00:00, 86.50it/s, S=0.4471, loss=-0.3398]
Epoch 144/150 [train]:  35%|███▍      | 9/26 [00:00<00:00, 86.50it/s, S=0.4545, loss=-0.3639]
Epoch 144/150 [train]:  35%|███▍      | 9/26 [00:00<00:00, 86.50it/s, S=0.4507, loss=-0.3547]
Epoch 144/150 [train]:  35%|███▍      | 9/26 [00:00<00:00, 86.50it/s, S=0.4491, loss=-0.3477]
Epoch 144/150 [train]:  69%|██████▉   | 18/26 [00:00<00:00, 86.85it/s, S=0.4491, loss=-0.3477]
Epoch 144/150 [train]:  69%|██████▉   | 18/26 [00:00<00:00, 86.85it/s, S=0.4458, loss=-0.3520]
Epoch 144/150 [train]:  69%|██████▉   | 18/26 [00:00<00:00, 86.85it/s, S=0.4457, loss=-0.3503]
Epoch 144/150 [train]:  69%|██████▉   | 18/26 [00:00<00:00, 86.85it/s, S=0.4513, loss=-0.3592]
Epoch 144/150 [train]:  69%|██████▉   | 18/26 [00:00<00:00, 86.85it/s, S=0.4459, loss=-0.3479]
Epoch 144/150 [train]:  69%|██████▉   | 18/26 [00:00<00:00, 86.85it/s, S=0.4470, loss=-0.3514]
Epoch 144/150 [train]:  69%|██████▉   | 18/26 [00:00<00:00, 86.85it/s, S=0.4501, loss=-0.3586]
Epoch 144/150 [train]:  69%|██████▉   | 18/26 [00:00<00:00, 86.85it/s, S=0.4456, loss=-0.3509]
Epoch 144/150 [train]:  69%|██████▉   | 18/26 [00:00<00:00, 86.85it/s, S=0.4432, loss=-0.3432]
                                                                                              
Epoch 144/150  train loss=-0.3489  val loss=-0.2859  S[mean]=0.4539  ζ=0.3718  mean_plane_ζ=0.2803  reg=0.1681  λscale=0.96  lr=6.91e-06

Epoch 145/150 [train]:   0%|          | 0/26 [00:00<?, ?it/s]
Epoch 145/150 [train]:   0%|          | 0/26 [00:00<?, ?it/s, S=0.4488, loss=-0.3513]
Epoch 145/150 [train]:   0%|          | 0/26 [00:00<?, ?it/s, S=0.4438, loss=-0.3507]
Epoch 145/150 [train]:   0%|          | 0/26 [00:00<?, ?it/s, S=0.4466, loss=-0.3480]
Epoch 145/150 [train]:   0%|          | 0/26 [00:00<?, ?it/s, S=0.4522, loss=-0.3548]
Epoch 145/150 [train]:   0%|          | 0/26 [00:00<?, ?it/s, S=0.4523, loss=-0.3547]
Epoch 145/150 [train]:   0%|          | 0/26 [00:00<?, ?it/s, S=0.4488, loss=-0.3551]
Epoch 145/150 [train]:   0%|          | 0/26 [00:00<?, ?it/s, S=0.4482, loss=-0.3502]
Epoch 145/150 [train]:   0%|          | 0/26 [00:00<?, ?it/s, S=0.4507, loss=-0.3563]
Epoch 145/150 [train]:   0%|          | 0/26 [00:00<?, ?it/s, S=0.4474, loss=-0.3524]
Epoch 145/150 [train]:  35%|███▍      | 9/26 [00:00<00:00, 86.63it/s, S=0.4474, loss=-0.3524]
Epoch 145/150 [train]:  35%|███▍      | 9/26 [00:00<00:00, 86.63it/s, S=0.4462, loss=-0.3505]
Epoch 145/150 [train]:  35%|███▍      | 9/26 [00:00<00:00, 86.63it/s, S=0.4447, loss=-0.3480]
Epoch 145/150 [train]:  35%|███▍      | 9/26 [00:00<00:00, 86.63it/s, S=0.4423, loss=-0.3364]
Epoch 145/150 [train]:  35%|███▍      | 9/26 [00:00<00:00, 86.63it/s, S=0.4526, loss=-0.3639]
Epoch 145/150 [train]:  35%|███▍      | 9/26 [00:00<00:00, 86.63it/s, S=0.4464, loss=-0.3467]
Epoch 145/150 [train]:  35%|███▍      | 9/26 [00:00<00:00, 86.63it/s, S=0.4426, loss=-0.3429]
Epoch 145/150 [train]:  35%|███▍      | 9/26 [00:00<00:00, 86.63it/s, S=0.4474, loss=-0.3560]
Epoch 145/150 [train]:  35%|███▍      | 9/26 [00:00<00:00, 86.63it/s, S=0.4565, loss=-0.3577]
Epoch 145/150 [train]:  35%|███▍      | 9/26 [00:00<00:00, 86.63it/s, S=0.4420, loss=-0.3409]
Epoch 145/150 [train]:  69%|██████▉   | 18/26 [00:00<00:00, 86.90it/s, S=0.4420, loss=-0.3409]
Epoch 145/150 [train]:  69%|██████▉   | 18/26 [00:00<00:00, 86.90it/s, S=0.4488, loss=-0.3561]
Epoch 145/150 [train]:  69%|██████▉   | 18/26 [00:00<00:00, 86.90it/s, S=0.4456, loss=-0.3525]
Epoch 145/150 [train]:  69%|██████▉   | 18/26 [00:00<00:00, 86.90it/s, S=0.4396, loss=-0.3458]
Epoch 145/150 [train]:  69%|██████▉   | 18/26 [00:00<00:00, 86.90it/s, S=0.4415, loss=-0.3397]
Epoch 145/150 [train]:  69%|██████▉   | 18/26 [00:00<00:00, 86.90it/s, S=0.4482, loss=-0.3578]
Epoch 145/150 [train]:  69%|██████▉   | 18/26 [00:00<00:00, 86.90it/s, S=0.4404, loss=-0.3216]
Epoch 145/150 [train]:  69%|██████▉   | 18/26 [00:00<00:00, 86.90it/s, S=0.4504, loss=-0.3569]
Epoch 145/150 [train]:  69%|██████▉   | 18/26 [00:00<00:00, 86.90it/s, S=0.4533, loss=-0.3594]
                                                                                              
Epoch 145/150  train loss=-0.3502  val loss=-0.2849  S[mean]=0.4539  ζ=0.3717  mean_plane_ζ=0.2803  reg=0.1690  λscale=0.97  lr=4.80e-06

Epoch 146/150 [train]:   0%|          | 0/26 [00:00<?, ?it/s]
Epoch 146/150 [train]:   0%|          | 0/26 [00:00<?, ?it/s, S=0.4443, loss=-0.3426]
Epoch 146/150 [train]:   0%|          | 0/26 [00:00<?, ?it/s, S=0.4463, loss=-0.3550]
Epoch 146/150 [train]:   0%|          | 0/26 [00:00<?, ?it/s, S=0.4465, loss=-0.3511]
Epoch 146/150 [train]:   0%|          | 0/26 [00:00<?, ?it/s, S=0.4478, loss=-0.3562]
Epoch 146/150 [train]:   0%|          | 0/26 [00:00<?, ?it/s, S=0.4525, loss=-0.3558]
Epoch 146/150 [train]:   0%|          | 0/26 [00:00<?, ?it/s, S=0.4492, loss=-0.3484]
Epoch 146/150 [train]:   0%|          | 0/26 [00:00<?, ?it/s, S=0.4465, loss=-0.3479]
Epoch 146/150 [train]:   0%|          | 0/26 [00:00<?, ?it/s, S=0.4521, loss=-0.3599]
Epoch 146/150 [train]:   0%|          | 0/26 [00:00<?, ?it/s, S=0.4513, loss=-0.3640]
Epoch 146/150 [train]:  35%|███▍      | 9/26 [00:00<00:00, 86.59it/s, S=0.4513, loss=-0.3640]
Epoch 146/150 [train]:  35%|███▍      | 9/26 [00:00<00:00, 86.59it/s, S=0.4449, loss=-0.3405]
Epoch 146/150 [train]:  35%|███▍      | 9/26 [00:00<00:00, 86.59it/s, S=0.4453, loss=-0.3510]
Epoch 146/150 [train]:  35%|███▍      | 9/26 [00:00<00:00, 86.59it/s, S=0.4478, loss=-0.3531]
Epoch 146/150 [train]:  35%|███▍      | 9/26 [00:00<00:00, 86.59it/s, S=0.4500, loss=-0.3596]
Epoch 146/150 [train]:  35%|███▍      | 9/26 [00:00<00:00, 86.59it/s, S=0.4550, loss=-0.3593]
Epoch 146/150 [train]:  35%|███▍      | 9/26 [00:00<00:00, 86.59it/s, S=0.4510, loss=-0.3658]
Epoch 146/150 [train]:  35%|███▍      | 9/26 [00:00<00:00, 86.59it/s, S=0.4493, loss=-0.3532]
Epoch 146/150 [train]:  35%|███▍      | 9/26 [00:00<00:00, 86.59it/s, S=0.4476, loss=-0.3507]
Epoch 146/150 [train]:  35%|███▍      | 9/26 [00:00<00:00, 86.59it/s, S=0.4519, loss=-0.3680]
Epoch 146/150 [train]:  69%|██████▉   | 18/26 [00:00<00:00, 86.76it/s, S=0.4519, loss=-0.3680]
Epoch 146/150 [train]:  69%|██████▉   | 18/26 [00:00<00:00, 86.76it/s, S=0.4503, loss=-0.3559]
Epoch 146/150 [train]:  69%|██████▉   | 18/26 [00:00<00:00, 86.76it/s, S=0.4510, loss=-0.3567]
Epoch 146/150 [train]:  69%|██████▉   | 18/26 [00:00<00:00, 86.76it/s, S=0.4566, loss=-0.3690]
Epoch 146/150 [train]:  69%|██████▉   | 18/26 [00:00<00:00, 86.76it/s, S=0.4463, loss=-0.3465]
Epoch 146/150 [train]:  69%|██████▉   | 18/26 [00:00<00:00, 86.76it/s, S=0.4476, loss=-0.3470]
Epoch 146/150 [train]:  69%|██████▉   | 18/26 [00:00<00:00, 86.76it/s, S=0.4392, loss=-0.3410]
Epoch 146/150 [train]:  69%|██████▉   | 18/26 [00:00<00:00, 86.76it/s, S=0.4475, loss=-0.3496]
Epoch 146/150 [train]:  69%|██████▉   | 18/26 [00:00<00:00, 86.76it/s, S=0.4549, loss=-0.3615]
                                                                                              
Epoch 146/150  train loss=-0.3542  val loss=-0.2839  S[mean]=0.4539  ζ=0.3718  mean_plane_ζ=0.2803  reg=0.1700  λscale=0.98  lr=3.08e-06

Epoch 147/150 [train]:   0%|          | 0/26 [00:00<?, ?it/s]
Epoch 147/150 [train]:   0%|          | 0/26 [00:00<?, ?it/s, S=0.4461, loss=-0.3541]
Epoch 147/150 [train]:   0%|          | 0/26 [00:00<?, ?it/s, S=0.4499, loss=-0.3586]
Epoch 147/150 [train]:   0%|          | 0/26 [00:00<?, ?it/s, S=0.4487, loss=-0.3503]
Epoch 147/150 [train]:   0%|          | 0/26 [00:00<?, ?it/s, S=0.4478, loss=-0.3518]
Epoch 147/150 [train]:   0%|          | 0/26 [00:00<?, ?it/s, S=0.4487, loss=-0.3391]
Epoch 147/150 [train]:   0%|          | 0/26 [00:00<?, ?it/s, S=0.4491, loss=-0.3518]
Epoch 147/150 [train]:   0%|          | 0/26 [00:00<?, ?it/s, S=0.4563, loss=-0.3614]
Epoch 147/150 [train]:   0%|          | 0/26 [00:00<?, ?it/s, S=0.4498, loss=-0.3603]
Epoch 147/150 [train]:   0%|          | 0/26 [00:00<?, ?it/s, S=0.4447, loss=-0.3324]
Epoch 147/150 [train]:  35%|███▍      | 9/26 [00:00<00:00, 86.55it/s, S=0.4447, loss=-0.3324]
Epoch 147/150 [train]:  35%|███▍      | 9/26 [00:00<00:00, 86.55it/s, S=0.4518, loss=-0.3487]
Epoch 147/150 [train]:  35%|███▍      | 9/26 [00:00<00:00, 86.55it/s, S=0.4483, loss=-0.3566]
Epoch 147/150 [train]:  35%|███▍      | 9/26 [00:00<00:00, 86.55it/s, S=0.4484, loss=-0.3592]
Epoch 147/150 [train]:  35%|███▍      | 9/26 [00:00<00:00, 86.55it/s, S=0.4519, loss=-0.3551]
Epoch 147/150 [train]:  35%|███▍      | 9/26 [00:00<00:00, 86.55it/s, S=0.4475, loss=-0.3522]
Epoch 147/150 [train]:  35%|███▍      | 9/26 [00:00<00:00, 86.55it/s, S=0.4451, loss=-0.3519]
Epoch 147/150 [train]:  35%|███▍      | 9/26 [00:00<00:00, 86.55it/s, S=0.4517, loss=-0.3588]
Epoch 147/150 [train]:  35%|███▍      | 9/26 [00:00<00:00, 86.55it/s, S=0.4418, loss=-0.3445]
Epoch 147/150 [train]:  35%|███▍      | 9/26 [00:00<00:00, 86.55it/s, S=0.4472, loss=-0.3503]
Epoch 147/150 [train]:  69%|██████▉   | 18/26 [00:00<00:00, 86.89it/s, S=0.4472, loss=-0.3503]
Epoch 147/150 [train]:  69%|██████▉   | 18/26 [00:00<00:00, 86.89it/s, S=0.4458, loss=-0.3471]
Epoch 147/150 [train]:  69%|██████▉   | 18/26 [00:00<00:00, 86.89it/s, S=0.4450, loss=-0.3456]
Epoch 147/150 [train]:  69%|██████▉   | 18/26 [00:00<00:00, 86.89it/s, S=0.4475, loss=-0.3522]
Epoch 147/150 [train]:  69%|██████▉   | 18/26 [00:00<00:00, 86.89it/s, S=0.4479, loss=-0.3542]
Epoch 147/150 [train]:  69%|██████▉   | 18/26 [00:00<00:00, 86.89it/s, S=0.4475, loss=-0.3482]
Epoch 147/150 [train]:  69%|██████▉   | 18/26 [00:00<00:00, 86.89it/s, S=0.4405, loss=-0.3273]
Epoch 147/150 [train]:  69%|██████▉   | 18/26 [00:00<00:00, 86.89it/s, S=0.4430, loss=-0.3443]
Epoch 147/150 [train]:  69%|██████▉   | 18/26 [00:00<00:00, 86.89it/s, S=0.4362, loss=-0.3319]
                                                                                              
Epoch 147/150  train loss=-0.3495  val loss=-0.2829  S[mean]=0.4539  ζ=0.3718  mean_plane_ζ=0.2803  reg=0.1710  λscale=0.98  lr=1.73e-06

Epoch 148/150 [train]:   0%|          | 0/26 [00:00<?, ?it/s]
Epoch 148/150 [train]:   0%|          | 0/26 [00:00<?, ?it/s, S=0.4462, loss=-0.3531]
Epoch 148/150 [train]:   0%|          | 0/26 [00:00<?, ?it/s, S=0.4500, loss=-0.3601]
Epoch 148/150 [train]:   0%|          | 0/26 [00:00<?, ?it/s, S=0.4508, loss=-0.3606]
Epoch 148/150 [train]:   0%|          | 0/26 [00:00<?, ?it/s, S=0.4518, loss=-0.3497]
Epoch 148/150 [train]:   0%|          | 0/26 [00:00<?, ?it/s, S=0.4519, loss=-0.3500]
Epoch 148/150 [train]:   0%|          | 0/26 [00:00<?, ?it/s, S=0.4501, loss=-0.3559]
Epoch 148/150 [train]:   0%|          | 0/26 [00:00<?, ?it/s, S=0.4469, loss=-0.3338]
Epoch 148/150 [train]:   0%|          | 0/26 [00:00<?, ?it/s, S=0.4485, loss=-0.3558]
Epoch 148/150 [train]:   0%|          | 0/26 [00:00<?, ?it/s, S=0.4469, loss=-0.3548]
Epoch 148/150 [train]:  35%|███▍      | 9/26 [00:00<00:00, 86.70it/s, S=0.4469, loss=-0.3548]
Epoch 148/150 [train]:  35%|███▍      | 9/26 [00:00<00:00, 86.70it/s, S=0.4374, loss=-0.3335]
Epoch 148/150 [train]:  35%|███▍      | 9/26 [00:00<00:00, 86.70it/s, S=0.4453, loss=-0.3544]
Epoch 148/150 [train]:  35%|███▍      | 9/26 [00:00<00:00, 86.70it/s, S=0.4487, loss=-0.3557]
Epoch 148/150 [train]:  35%|███▍      | 9/26 [00:00<00:00, 86.70it/s, S=0.4455, loss=-0.3461]
Epoch 148/150 [train]:  35%|███▍      | 9/26 [00:00<00:00, 86.70it/s, S=0.4507, loss=-0.3572]
Epoch 148/150 [train]:  35%|███▍      | 9/26 [00:00<00:00, 86.70it/s, S=0.4479, loss=-0.3533]
Epoch 148/150 [train]:  35%|███▍      | 9/26 [00:00<00:00, 86.70it/s, S=0.4431, loss=-0.3404]
Epoch 148/150 [train]:  35%|███▍      | 9/26 [00:00<00:00, 86.70it/s, S=0.4416, loss=-0.3427]
Epoch 148/150 [train]:  35%|███▍      | 9/26 [00:00<00:00, 86.70it/s, S=0.4468, loss=-0.3514]
Epoch 148/150 [train]:  69%|██████▉   | 18/26 [00:00<00:00, 86.91it/s, S=0.4468, loss=-0.3514]
Epoch 148/150 [train]:  69%|██████▉   | 18/26 [00:00<00:00, 86.91it/s, S=0.4517, loss=-0.3555]
Epoch 148/150 [train]:  69%|██████▉   | 18/26 [00:00<00:00, 86.91it/s, S=0.4477, loss=-0.3475]
Epoch 148/150 [train]:  69%|██████▉   | 18/26 [00:00<00:00, 86.91it/s, S=0.4470, loss=-0.3334]
Epoch 148/150 [train]:  69%|██████▉   | 18/26 [00:00<00:00, 86.91it/s, S=0.4358, loss=-0.3295]
Epoch 148/150 [train]:  69%|██████▉   | 18/26 [00:00<00:00, 86.91it/s, S=0.4437, loss=-0.3377]
Epoch 148/150 [train]:  69%|██████▉   | 18/26 [00:00<00:00, 86.91it/s, S=0.4568, loss=-0.3616]
Epoch 148/150 [train]:  69%|██████▉   | 18/26 [00:00<00:00, 86.91it/s, S=0.4503, loss=-0.3573]
Epoch 148/150 [train]:  69%|██████▉   | 18/26 [00:00<00:00, 86.91it/s, S=0.4497, loss=-0.3569]
                                                                                              
Epoch 148/150  train loss=-0.3495  val loss=-0.2818  S[mean]=0.4539  ζ=0.3718  mean_plane_ζ=0.2803  reg=0.1720  λscale=0.99  lr=7.71e-07

Epoch 149/150 [train]:   0%|          | 0/26 [00:00<?, ?it/s]
Epoch 149/150 [train]:   0%|          | 0/26 [00:00<?, ?it/s, S=0.4507, loss=-0.3555]
Epoch 149/150 [train]:   0%|          | 0/26 [00:00<?, ?it/s, S=0.4471, loss=-0.3539]
Epoch 149/150 [train]:   0%|          | 0/26 [00:00<?, ?it/s, S=0.4464, loss=-0.3519]
Epoch 149/150 [train]:   0%|          | 0/26 [00:00<?, ?it/s, S=0.4499, loss=-0.3553]
Epoch 149/150 [train]:   0%|          | 0/26 [00:00<?, ?it/s, S=0.4558, loss=-0.3643]
Epoch 149/150 [train]:   0%|          | 0/26 [00:00<?, ?it/s, S=0.4462, loss=-0.3481]
Epoch 149/150 [train]:   0%|          | 0/26 [00:00<?, ?it/s, S=0.4499, loss=-0.3489]
Epoch 149/150 [train]:   0%|          | 0/26 [00:00<?, ?it/s, S=0.4465, loss=-0.3551]
Epoch 149/150 [train]:   0%|          | 0/26 [00:00<?, ?it/s, S=0.4457, loss=-0.3509]
Epoch 149/150 [train]:  35%|███▍      | 9/26 [00:00<00:00, 86.57it/s, S=0.4457, loss=-0.3509]
Epoch 149/150 [train]:  35%|███▍      | 9/26 [00:00<00:00, 86.57it/s, S=0.4422, loss=-0.3408]
Epoch 149/150 [train]:  35%|███▍      | 9/26 [00:00<00:00, 86.57it/s, S=0.4392, loss=-0.3311]
Epoch 149/150 [train]:  35%|███▍      | 9/26 [00:00<00:00, 86.57it/s, S=0.4502, loss=-0.3526]
Epoch 149/150 [train]:  35%|███▍      | 9/26 [00:00<00:00, 86.57it/s, S=0.4457, loss=-0.3474]
Epoch 149/150 [train]:  35%|███▍      | 9/26 [00:00<00:00, 86.57it/s, S=0.4551, loss=-0.3644]
Epoch 149/150 [train]:  35%|███▍      | 9/26 [00:00<00:00, 86.57it/s, S=0.4428, loss=-0.3414]
Epoch 149/150 [train]:  35%|███▍      | 9/26 [00:00<00:00, 86.57it/s, S=0.4533, loss=-0.3521]
Epoch 149/150 [train]:  35%|███▍      | 9/26 [00:00<00:00, 86.57it/s, S=0.4469, loss=-0.3499]
Epoch 149/150 [train]:  35%|███▍      | 9/26 [00:00<00:00, 86.57it/s, S=0.4351, loss=-0.3318]
Epoch 149/150 [train]:  69%|██████▉   | 18/26 [00:00<00:00, 86.87it/s, S=0.4351, loss=-0.3318]
Epoch 149/150 [train]:  69%|██████▉   | 18/26 [00:00<00:00, 86.87it/s, S=0.4519, loss=-0.3549]
Epoch 149/150 [train]:  69%|██████▉   | 18/26 [00:00<00:00, 86.87it/s, S=0.4436, loss=-0.3295]
Epoch 149/150 [train]:  69%|██████▉   | 18/26 [00:00<00:00, 86.87it/s, S=0.4526, loss=-0.3551]
Epoch 149/150 [train]:  69%|██████▉   | 18/26 [00:00<00:00, 86.87it/s, S=0.4505, loss=-0.3581]
Epoch 149/150 [train]:  69%|██████▉   | 18/26 [00:00<00:00, 86.87it/s, S=0.4415, loss=-0.3373]
Epoch 149/150 [train]:  69%|██████▉   | 18/26 [00:00<00:00, 86.87it/s, S=0.4583, loss=-0.3645]
Epoch 149/150 [train]:  69%|██████▉   | 18/26 [00:00<00:00, 86.87it/s, S=0.4514, loss=-0.3538]
Epoch 149/150 [train]:  69%|██████▉   | 18/26 [00:00<00:00, 86.87it/s, S=0.4446, loss=-0.3444]
                                                                                              
Epoch 149/150  train loss=-0.3497  val loss=-0.2808  S[mean]=0.4538  ζ=0.3718  mean_plane_ζ=0.2803  reg=0.1731  λscale=0.99  lr=1.93e-07

Epoch 150/150 [train]:   0%|          | 0/26 [00:00<?, ?it/s]
Epoch 150/150 [train]:   0%|          | 0/26 [00:00<?, ?it/s, S=0.4450, loss=-0.3430]
Epoch 150/150 [train]:   0%|          | 0/26 [00:00<?, ?it/s, S=0.4465, loss=-0.3473]
Epoch 150/150 [train]:   0%|          | 0/26 [00:00<?, ?it/s, S=0.4494, loss=-0.3523]
Epoch 150/150 [train]:   0%|          | 0/26 [00:00<?, ?it/s, S=0.4543, loss=-0.3567]
Epoch 150/150 [train]:   0%|          | 0/26 [00:00<?, ?it/s, S=0.4453, loss=-0.3479]
Epoch 150/150 [train]:   0%|          | 0/26 [00:00<?, ?it/s, S=0.4482, loss=-0.3490]
Epoch 150/150 [train]:   0%|          | 0/26 [00:00<?, ?it/s, S=0.4521, loss=-0.3545]
Epoch 150/150 [train]:   0%|          | 0/26 [00:00<?, ?it/s, S=0.4414, loss=-0.3357]
Epoch 150/150 [train]:   0%|          | 0/26 [00:00<?, ?it/s, S=0.4533, loss=-0.3570]
Epoch 150/150 [train]:  35%|███▍      | 9/26 [00:00<00:00, 86.43it/s, S=0.4533, loss=-0.3570]
Epoch 150/150 [train]:  35%|███▍      | 9/26 [00:00<00:00, 86.43it/s, S=0.4447, loss=-0.3386]
Epoch 150/150 [train]:  35%|███▍      | 9/26 [00:00<00:00, 86.43it/s, S=0.4456, loss=-0.3535]
Epoch 150/150 [train]:  35%|███▍      | 9/26 [00:00<00:00, 86.43it/s, S=0.4537, loss=-0.3624]
Epoch 150/150 [train]:  35%|███▍      | 9/26 [00:00<00:00, 86.43it/s, S=0.4515, loss=-0.3488]
Epoch 150/150 [train]:  35%|███▍      | 9/26 [00:00<00:00, 86.43it/s, S=0.4412, loss=-0.3442]
Epoch 150/150 [train]:  35%|███▍      | 9/26 [00:00<00:00, 86.43it/s, S=0.4392, loss=-0.3288]
Epoch 150/150 [train]:  35%|███▍      | 9/26 [00:00<00:00, 86.43it/s, S=0.4511, loss=-0.3583]
Epoch 150/150 [train]:  35%|███▍      | 9/26 [00:00<00:00, 86.43it/s, S=0.4478, loss=-0.3432]
Epoch 150/150 [train]:  35%|███▍      | 9/26 [00:00<00:00, 86.43it/s, S=0.4472, loss=-0.3474]
Epoch 150/150 [train]:  69%|██████▉   | 18/26 [00:00<00:00, 86.64it/s, S=0.4472, loss=-0.3474]
Epoch 150/150 [train]:  69%|██████▉   | 18/26 [00:00<00:00, 86.64it/s, S=0.4554, loss=-0.3614]
Epoch 150/150 [train]:  69%|██████▉   | 18/26 [00:00<00:00, 86.64it/s, S=0.4299, loss=-0.3142]
Epoch 150/150 [train]:  69%|██████▉   | 18/26 [00:00<00:00, 86.64it/s, S=0.4474, loss=-0.3486]
Epoch 150/150 [train]:  69%|██████▉   | 18/26 [00:00<00:00, 86.64it/s, S=0.4519, loss=-0.3521]
Epoch 150/150 [train]:  69%|██████▉   | 18/26 [00:00<00:00, 86.64it/s, S=0.4447, loss=-0.3491]
Epoch 150/150 [train]:  69%|██████▉   | 18/26 [00:00<00:00, 86.64it/s, S=0.4486, loss=-0.3442]
Epoch 150/150 [train]:  69%|██████▉   | 18/26 [00:00<00:00, 86.64it/s, S=0.4443, loss=-0.3424]
Epoch 150/150 [train]:  69%|██████▉   | 18/26 [00:00<00:00, 86.64it/s, S=0.4520, loss=-0.3457]
                                                                                              
Epoch 150/150  train loss=-0.3472  val loss=-0.2797  S[mean]=0.4538  ζ=0.3718  mean_plane_ζ=0.2803  reg=0.1741  λscale=1.00  lr=5.00e-04

==================================================
Training complete
  Final train loss    : -0.3472
  Best val ζ          : 0.3903
  Val loss at best ζ  : -0.3234
  Wall-clock time     : 142.5 s  (2.4 min)
  Checkpoint          : /home/omo26/Non-Rev-Owen/mcmaze/runs/20260805_170338_d128_h256_dep2_bs64_ep150_lr5e-04_lxp0.0_lbt0.0_lcca10.0_sig10.0_s4/checkpoints/best.pt
  Loss curve          : '/home/omo26/Non-Rev-Owen/mcmaze/runs/20260805_170338_d128_h256_dep2_bs64_ep150_lr5e-04_lxp0.0_lbt0.0_lcca10.0_sig10.0_s4/outputs/loss_curve.png'
==================================================

Skipping diagnostic plots because SKIP_DIAGNOSTICS=1.
Appended best-model val metrics → /home/omo26/Non-Rev-Owen/mcmaze/runs/20260805_170338_d128_h256_dep2_bs64_ep150_lr5e-04_lxp0.0_lbt0.0_lcca10.0_sig10.0_s4/about.txt
