Run directory: /home/omo26/Non-Rev-Owen/mcmaze/runs/20260805_171631_d128_h256_dep2_bs64_ep150_lr5e-04_lxp0.0_lbt0.0_lcca10.0_sig10.0_s2
Seed set to: 2
Loading MC_Maze data …
  Channels: 137  |  Bin width: 10 ms  |  Trials: 2295
  Gaussian smoothing sigma: 10.0 ms = 1 bins
  Soft-normalising per neuron (method='churchland')
Windowing (trial_aligned, align=move_onset_time, pre=200ms, T=90, context=30) …
  Windows shape: (2295, 137, 150)  (K, N, T)
  Train: 1722  |  Val: 573  (random 25%)
Model parameters: 345,960

Starting training for 150 epochs …


Epoch 1/150 [train]:   0%|          | 0/26 [00:00<?, ?it/s]
Epoch 1/150 [train]:   0%|          | 0/26 [00:00<?, ?it/s, S=0.0155, loss=-0.0054]
Epoch 1/150 [train]:   4%|▍         | 1/26 [00:00<00:06,  3.96it/s, S=0.0155, loss=-0.0054]
Epoch 1/150 [train]:   4%|▍         | 1/26 [00:00<00:06,  3.96it/s, S=0.0153, loss=-0.0077]
Epoch 1/150 [train]:   4%|▍         | 1/26 [00:00<00:06,  3.96it/s, S=0.0154, loss=-0.0091]
Epoch 1/150 [train]:   4%|▍         | 1/26 [00:00<00:06,  3.96it/s, S=0.0153, loss=-0.0100]
Epoch 1/150 [train]:   4%|▍         | 1/26 [00:00<00:06,  3.96it/s, S=0.0155, loss=-0.0110]
Epoch 1/150 [train]:   4%|▍         | 1/26 [00:00<00:06,  3.96it/s, S=0.0152, loss=-0.0112]
Epoch 1/150 [train]:   4%|▍         | 1/26 [00:00<00:06,  3.96it/s, S=0.0154, loss=-0.0119]
Epoch 1/150 [train]:   4%|▍         | 1/26 [00:00<00:06,  3.96it/s, S=0.0153, loss=-0.0121]
Epoch 1/150 [train]:   4%|▍         | 1/26 [00:00<00:06,  3.96it/s, S=0.0154, loss=-0.0125]
Epoch 1/150 [train]:   4%|▍         | 1/26 [00:00<00:06,  3.96it/s, S=0.0156, loss=-0.0129]
Epoch 1/150 [train]:  38%|███▊      | 10/26 [00:00<00:00, 33.66it/s, S=0.0156, loss=-0.0129]
Epoch 1/150 [train]:  38%|███▊      | 10/26 [00:00<00:00, 33.66it/s, S=0.0156, loss=-0.0131]
Epoch 1/150 [train]:  38%|███▊      | 10/26 [00:00<00:00, 33.66it/s, S=0.0157, loss=-0.0133]
Epoch 1/150 [train]:  38%|███▊      | 10/26 [00:00<00:00, 33.66it/s, S=0.0157, loss=-0.0133]
Epoch 1/150 [train]:  38%|███▊      | 10/26 [00:00<00:00, 33.66it/s, S=0.0155, loss=-0.0133]
Epoch 1/150 [train]:  38%|███▊      | 10/26 [00:00<00:00, 33.66it/s, S=0.0156, loss=-0.0134]
Epoch 1/150 [train]:  38%|███▊      | 10/26 [00:00<00:00, 33.66it/s, S=0.0159, loss=-0.0138]
Epoch 1/150 [train]:  38%|███▊      | 10/26 [00:00<00:00, 33.66it/s, S=0.0157, loss=-0.0136]
Epoch 1/150 [train]:  38%|███▊      | 10/26 [00:00<00:00, 33.66it/s, S=0.0157, loss=-0.0136]
Epoch 1/150 [train]:  38%|███▊      | 10/26 [00:00<00:00, 33.66it/s, S=0.0163, loss=-0.0142]
Epoch 1/150 [train]:  73%|███████▎  | 19/26 [00:00<00:00, 51.38it/s, S=0.0163, loss=-0.0142]
Epoch 1/150 [train]:  73%|███████▎  | 19/26 [00:00<00:00, 51.38it/s, S=0.0163, loss=-0.0143]
Epoch 1/150 [train]:  73%|███████▎  | 19/26 [00:00<00:00, 51.38it/s, S=0.0164, loss=-0.0143]
Epoch 1/150 [train]:  73%|███████▎  | 19/26 [00:00<00:00, 51.38it/s, S=0.0164, loss=-0.0144]
Epoch 1/150 [train]:  73%|███████▎  | 19/26 [00:00<00:00, 51.38it/s, S=0.0169, loss=-0.0148]
Epoch 1/150 [train]:  73%|███████▎  | 19/26 [00:00<00:00, 51.38it/s, S=0.0171, loss=-0.0150]
Epoch 1/150 [train]:  73%|███████▎  | 19/26 [00:00<00:00, 51.38it/s, S=0.0176, loss=-0.0154]
Epoch 1/150 [train]:  73%|███████▎  | 19/26 [00:00<00:00, 51.38it/s, S=0.0180, loss=-0.0158]
                                                                                            
Epoch   1/150  train loss=-0.0127  val loss=-0.0171  S[mean]=0.0199  ζ=0.1668  mean_plane_ζ=0.1562  reg=0.0028  λscale=0.10  lr=4.88e-04
Saved val-mean plane ζ checkpoint val_mean_plane_zeta_0.1.pt: threshold=0.1 epoch=1 val_mean_plane_zeta=0.1562

Epoch 2/150 [train]:   0%|          | 0/26 [00:00<?, ?it/s]
Epoch 2/150 [train]:   0%|          | 0/26 [00:00<?, ?it/s, S=0.0186, loss=-0.0162]
Epoch 2/150 [train]:   0%|          | 0/26 [00:00<?, ?it/s, S=0.0187, loss=-0.0163]
Epoch 2/150 [train]:   0%|          | 0/26 [00:00<?, ?it/s, S=0.0205, loss=-0.0181]
Epoch 2/150 [train]:   0%|          | 0/26 [00:00<?, ?it/s, S=0.0207, loss=-0.0182]
Epoch 2/150 [train]:   0%|          | 0/26 [00:00<?, ?it/s, S=0.0207, loss=-0.0178]
Epoch 2/150 [train]:   0%|          | 0/26 [00:00<?, ?it/s, S=0.0239, loss=-0.0211]
Epoch 2/150 [train]:   0%|          | 0/26 [00:00<?, ?it/s, S=0.0229, loss=-0.0200]
Epoch 2/150 [train]:   0%|          | 0/26 [00:00<?, ?it/s, S=0.0239, loss=-0.0210]
Epoch 2/150 [train]:   0%|          | 0/26 [00:00<?, ?it/s, S=0.0255, loss=-0.0225]
Epoch 2/150 [train]:  35%|███▍      | 9/26 [00:00<00:00, 86.64it/s, S=0.0255, loss=-0.0225]
Epoch 2/150 [train]:  35%|███▍      | 9/26 [00:00<00:00, 86.64it/s, S=0.0274, loss=-0.0241]
Epoch 2/150 [train]:  35%|███▍      | 9/26 [00:00<00:00, 86.64it/s, S=0.0280, loss=-0.0245]
Epoch 2/150 [train]:  35%|███▍      | 9/26 [00:00<00:00, 86.64it/s, S=0.0291, loss=-0.0255]
Epoch 2/150 [train]:  35%|███▍      | 9/26 [00:00<00:00, 86.64it/s, S=0.0313, loss=-0.0273]
Epoch 2/150 [train]:  35%|███▍      | 9/26 [00:00<00:00, 86.64it/s, S=0.0317, loss=-0.0277]
Epoch 2/150 [train]:  35%|███▍      | 9/26 [00:00<00:00, 86.64it/s, S=0.0355, loss=-0.0313]
Epoch 2/150 [train]:  35%|███▍      | 9/26 [00:00<00:00, 86.64it/s, S=0.0350, loss=-0.0308]
Epoch 2/150 [train]:  35%|███▍      | 9/26 [00:00<00:00, 86.64it/s, S=0.0356, loss=-0.0312]
Epoch 2/150 [train]:  35%|███▍      | 9/26 [00:00<00:00, 86.64it/s, S=0.0388, loss=-0.0342]
Epoch 2/150 [train]:  69%|██████▉   | 18/26 [00:00<00:00, 87.05it/s, S=0.0388, loss=-0.0342]
Epoch 2/150 [train]:  69%|██████▉   | 18/26 [00:00<00:00, 87.05it/s, S=0.0380, loss=-0.0335]
Epoch 2/150 [train]:  69%|██████▉   | 18/26 [00:00<00:00, 87.05it/s, S=0.0396, loss=-0.0350]
Epoch 2/150 [train]:  69%|██████▉   | 18/26 [00:00<00:00, 87.05it/s, S=0.0440, loss=-0.0390]
Epoch 2/150 [train]:  69%|██████▉   | 18/26 [00:00<00:00, 87.05it/s, S=0.0406, loss=-0.0354]
Epoch 2/150 [train]:  69%|██████▉   | 18/26 [00:00<00:00, 87.05it/s, S=0.0451, loss=-0.0399]
Epoch 2/150 [train]:  69%|██████▉   | 18/26 [00:00<00:00, 87.05it/s, S=0.0440, loss=-0.0389]
Epoch 2/150 [train]:  69%|██████▉   | 18/26 [00:00<00:00, 87.05it/s, S=0.0474, loss=-0.0417]
Epoch 2/150 [train]:  69%|██████▉   | 18/26 [00:00<00:00, 87.05it/s, S=0.0471, loss=-0.0417]
                                                                                            
Epoch   2/150  train loss=-0.0282  val loss=-0.0453  S[mean]=0.0524  ζ=0.2505  mean_plane_ζ=0.1643  reg=0.0071  λscale=0.11  lr=4.52e-04

Epoch 3/150 [train]:   0%|          | 0/26 [00:00<?, ?it/s]
Epoch 3/150 [train]:   0%|          | 0/26 [00:00<?, ?it/s, S=0.0491, loss=-0.0433]
Epoch 3/150 [train]:   0%|          | 0/26 [00:00<?, ?it/s, S=0.0476, loss=-0.0416]
Epoch 3/150 [train]:   0%|          | 0/26 [00:00<?, ?it/s, S=0.0516, loss=-0.0455]
Epoch 3/150 [train]:   0%|          | 0/26 [00:00<?, ?it/s, S=0.0532, loss=-0.0466]
Epoch 3/150 [train]:   0%|          | 0/26 [00:00<?, ?it/s, S=0.0535, loss=-0.0470]
Epoch 3/150 [train]:   0%|          | 0/26 [00:00<?, ?it/s, S=0.0580, loss=-0.0508]
Epoch 3/150 [train]:   0%|          | 0/26 [00:00<?, ?it/s, S=0.0575, loss=-0.0502]
Epoch 3/150 [train]:   0%|          | 0/26 [00:00<?, ?it/s, S=0.0569, loss=-0.0488]
Epoch 3/150 [train]:   0%|          | 0/26 [00:00<?, ?it/s, S=0.0640, loss=-0.0557]
Epoch 3/150 [train]:  35%|███▍      | 9/26 [00:00<00:00, 86.60it/s, S=0.0640, loss=-0.0557]
Epoch 3/150 [train]:  35%|███▍      | 9/26 [00:00<00:00, 86.60it/s, S=0.0622, loss=-0.0535]
Epoch 3/150 [train]:  35%|███▍      | 9/26 [00:00<00:00, 86.60it/s, S=0.0645, loss=-0.0557]
Epoch 3/150 [train]:  35%|███▍      | 9/26 [00:00<00:00, 86.60it/s, S=0.0671, loss=-0.0576]
Epoch 3/150 [train]:  35%|███▍      | 9/26 [00:00<00:00, 86.60it/s, S=0.0680, loss=-0.0583]
Epoch 3/150 [train]:  35%|███▍      | 9/26 [00:00<00:00, 86.60it/s, S=0.0710, loss=-0.0609]
Epoch 3/150 [train]:  35%|███▍      | 9/26 [00:00<00:00, 86.60it/s, S=0.0731, loss=-0.0628]
Epoch 3/150 [train]:  35%|███▍      | 9/26 [00:00<00:00, 86.60it/s, S=0.0749, loss=-0.0645]
Epoch 3/150 [train]:  35%|███▍      | 9/26 [00:00<00:00, 86.60it/s, S=0.0768, loss=-0.0660]
Epoch 3/150 [train]:  35%|███▍      | 9/26 [00:00<00:00, 86.60it/s, S=0.0732, loss=-0.0624]
Epoch 3/150 [train]:  69%|██████▉   | 18/26 [00:00<00:00, 86.84it/s, S=0.0732, loss=-0.0624]
Epoch 3/150 [train]:  69%|██████▉   | 18/26 [00:00<00:00, 86.84it/s, S=0.0770, loss=-0.0661]
Epoch 3/150 [train]:  69%|██████▉   | 18/26 [00:00<00:00, 86.84it/s, S=0.0796, loss=-0.0684]
Epoch 3/150 [train]:  69%|██████▉   | 18/26 [00:00<00:00, 86.84it/s, S=0.0841, loss=-0.0726]
Epoch 3/150 [train]:  69%|██████▉   | 18/26 [00:00<00:00, 86.84it/s, S=0.0867, loss=-0.0742]
Epoch 3/150 [train]:  69%|██████▉   | 18/26 [00:00<00:00, 86.84it/s, S=0.0883, loss=-0.0755]
Epoch 3/150 [train]:  69%|██████▉   | 18/26 [00:00<00:00, 86.84it/s, S=0.0917, loss=-0.0788]
Epoch 3/150 [train]:  69%|██████▉   | 18/26 [00:00<00:00, 86.84it/s, S=0.0879, loss=-0.0746]
Epoch 3/150 [train]:  69%|██████▉   | 18/26 [00:00<00:00, 86.84it/s, S=0.0904, loss=-0.0769]
                                                                                            
Epoch   3/150  train loss=-0.0599  val loss=-0.0850  S[mean]=0.1013  ζ=0.2986  mean_plane_ζ=0.1731  reg=0.0163  λscale=0.11  lr=3.97e-04

Epoch 4/150 [train]:   0%|          | 0/26 [00:00<?, ?it/s]
Epoch 4/150 [train]:   0%|          | 0/26 [00:00<?, ?it/s, S=0.0969, loss=-0.0822]
Epoch 4/150 [train]:   0%|          | 0/26 [00:00<?, ?it/s, S=0.0925, loss=-0.0775]
Epoch 4/150 [train]:   0%|          | 0/26 [00:00<?, ?it/s, S=0.1006, loss=-0.0852]
Epoch 4/150 [train]:   0%|          | 0/26 [00:00<?, ?it/s, S=0.0946, loss=-0.0794]
Epoch 4/150 [train]:   0%|          | 0/26 [00:00<?, ?it/s, S=0.0992, loss=-0.0839]
Epoch 4/150 [train]:   0%|          | 0/26 [00:00<?, ?it/s, S=0.1005, loss=-0.0854]
Epoch 4/150 [train]:   0%|          | 0/26 [00:00<?, ?it/s, S=0.1064, loss=-0.0906]
Epoch 4/150 [train]:   0%|          | 0/26 [00:00<?, ?it/s, S=0.1033, loss=-0.0873]
Epoch 4/150 [train]:   0%|          | 0/26 [00:00<?, ?it/s, S=0.1018, loss=-0.0868]
Epoch 4/150 [train]:  35%|███▍      | 9/26 [00:00<00:00, 87.15it/s, S=0.1018, loss=-0.0868]
Epoch 4/150 [train]:  35%|███▍      | 9/26 [00:00<00:00, 87.15it/s, S=0.1074, loss=-0.0916]
Epoch 4/150 [train]:  35%|███▍      | 9/26 [00:00<00:00, 87.15it/s, S=0.1092, loss=-0.0934]
Epoch 4/150 [train]:  35%|███▍      | 9/26 [00:00<00:00, 87.15it/s, S=0.1058, loss=-0.0901]
Epoch 4/150 [train]:  35%|███▍      | 9/26 [00:00<00:00, 87.15it/s, S=0.1098, loss=-0.0937]
Epoch 4/150 [train]:  35%|███▍      | 9/26 [00:00<00:00, 87.15it/s, S=0.1037, loss=-0.0876]
Epoch 4/150 [train]:  35%|███▍      | 9/26 [00:00<00:00, 87.15it/s, S=0.1058, loss=-0.0894]
Epoch 4/150 [train]:  35%|███▍      | 9/26 [00:00<00:00, 87.15it/s, S=0.1080, loss=-0.0905]
Epoch 4/150 [train]:  35%|███▍      | 9/26 [00:00<00:00, 87.15it/s, S=0.1123, loss=-0.0958]
Epoch 4/150 [train]:  35%|███▍      | 9/26 [00:00<00:00, 87.15it/s, S=0.1066, loss=-0.0898]
Epoch 4/150 [train]:  69%|██████▉   | 18/26 [00:00<00:00, 87.10it/s, S=0.1066, loss=-0.0898]
Epoch 4/150 [train]:  69%|██████▉   | 18/26 [00:00<00:00, 87.10it/s, S=0.1050, loss=-0.0881]
Epoch 4/150 [train]:  69%|██████▉   | 18/26 [00:00<00:00, 87.10it/s, S=0.1125, loss=-0.0947]
Epoch 4/150 [train]:  69%|██████▉   | 18/26 [00:00<00:00, 87.10it/s, S=0.1097, loss=-0.0914]
Epoch 4/150 [train]:  69%|██████▉   | 18/26 [00:00<00:00, 87.10it/s, S=0.1126, loss=-0.0952]
Epoch 4/150 [train]:  69%|██████▉   | 18/26 [00:00<00:00, 87.10it/s, S=0.1173, loss=-0.0995]
Epoch 4/150 [train]:  69%|██████▉   | 18/26 [00:00<00:00, 87.10it/s, S=0.1140, loss=-0.0970]
Epoch 4/150 [train]:  69%|██████▉   | 18/26 [00:00<00:00, 87.10it/s, S=0.1182, loss=-0.1004]
Epoch 4/150 [train]:  69%|██████▉   | 18/26 [00:00<00:00, 87.10it/s, S=0.1187, loss=-0.1006]
                                                                                            
Epoch   4/150  train loss=-0.0903  val loss=-0.1056  S[mean]=0.1272  ζ=0.3122  mean_plane_ζ=0.1791  reg=0.0216  λscale=0.12  lr=3.27e-04

Epoch 5/150 [train]:   0%|          | 0/26 [00:00<?, ?it/s]
Epoch 5/150 [train]:   0%|          | 0/26 [00:00<?, ?it/s, S=0.1174, loss=-0.0979]
Epoch 5/150 [train]:   0%|          | 0/26 [00:00<?, ?it/s, S=0.1203, loss=-0.1017]
Epoch 5/150 [train]:   0%|          | 0/26 [00:00<?, ?it/s, S=0.1198, loss=-0.1004]
Epoch 5/150 [train]:   0%|          | 0/26 [00:00<?, ?it/s, S=0.1255, loss=-0.1056]
Epoch 5/150 [train]:   0%|          | 0/26 [00:00<?, ?it/s, S=0.1281, loss=-0.1085]
Epoch 5/150 [train]:   0%|          | 0/26 [00:00<?, ?it/s, S=0.1262, loss=-0.1067]
Epoch 5/150 [train]:   0%|          | 0/26 [00:00<?, ?it/s, S=0.1237, loss=-0.1041]
Epoch 5/150 [train]:   0%|          | 0/26 [00:00<?, ?it/s, S=0.1280, loss=-0.1079]
Epoch 5/150 [train]:   0%|          | 0/26 [00:00<?, ?it/s, S=0.1250, loss=-0.1055]
Epoch 5/150 [train]:  35%|███▍      | 9/26 [00:00<00:00, 86.62it/s, S=0.1250, loss=-0.1055]
Epoch 5/150 [train]:  35%|███▍      | 9/26 [00:00<00:00, 86.62it/s, S=0.1256, loss=-0.1063]
Epoch 5/150 [train]:  35%|███▍      | 9/26 [00:00<00:00, 86.62it/s, S=0.1183, loss=-0.0979]
Epoch 5/150 [train]:  35%|███▍      | 9/26 [00:00<00:00, 86.62it/s, S=0.1263, loss=-0.1056]
Epoch 5/150 [train]:  35%|███▍      | 9/26 [00:00<00:00, 86.62it/s, S=0.1253, loss=-0.1056]
Epoch 5/150 [train]:  35%|███▍      | 9/26 [00:00<00:00, 86.62it/s, S=0.1300, loss=-0.1092]
Epoch 5/150 [train]:  35%|███▍      | 9/26 [00:00<00:00, 86.62it/s, S=0.1271, loss=-0.1070]
Epoch 5/150 [train]:  35%|███▍      | 9/26 [00:00<00:00, 86.62it/s, S=0.1315, loss=-0.1101]
Epoch 5/150 [train]:  35%|███▍      | 9/26 [00:00<00:00, 86.62it/s, S=0.1337, loss=-0.1124]
Epoch 5/150 [train]:  35%|███▍      | 9/26 [00:00<00:00, 86.62it/s, S=0.1254, loss=-0.1048]
Epoch 5/150 [train]:  69%|██████▉   | 18/26 [00:00<00:00, 87.07it/s, S=0.1254, loss=-0.1048]
Epoch 5/150 [train]:  69%|██████▉   | 18/26 [00:00<00:00, 87.07it/s, S=0.1268, loss=-0.1056]
Epoch 5/150 [train]:  69%|██████▉   | 18/26 [00:00<00:00, 87.07it/s, S=0.1320, loss=-0.1106]
Epoch 5/150 [train]:  69%|██████▉   | 18/26 [00:00<00:00, 87.07it/s, S=0.1315, loss=-0.1101]
Epoch 5/150 [train]:  69%|██████▉   | 18/26 [00:00<00:00, 87.07it/s, S=0.1359, loss=-0.1140]
Epoch 5/150 [train]:  69%|██████▉   | 18/26 [00:00<00:00, 87.07it/s, S=0.1318, loss=-0.1095]
Epoch 5/150 [train]:  69%|██████▉   | 18/26 [00:00<00:00, 87.07it/s, S=0.1371, loss=-0.1148]
Epoch 5/150 [train]:  69%|██████▉   | 18/26 [00:00<00:00, 87.07it/s, S=0.1383, loss=-0.1149]
Epoch 5/150 [train]:  69%|██████▉   | 18/26 [00:00<00:00, 87.07it/s, S=0.1392, loss=-0.1161]
                                                                                            
Epoch   5/150  train loss=-0.1074  val loss=-0.1242  S[mean]=0.1523  ζ=0.3246  mean_plane_ζ=0.1999  reg=0.0282  λscale=0.12  lr=2.50e-04

Epoch 6/150 [train]:   0%|          | 0/26 [00:00<?, ?it/s]
Epoch 6/150 [train]:   0%|          | 0/26 [00:00<?, ?it/s, S=0.1403, loss=-0.1153]
Epoch 6/150 [train]:   0%|          | 0/26 [00:00<?, ?it/s, S=0.1450, loss=-0.1196]
Epoch 6/150 [train]:   0%|          | 0/26 [00:00<?, ?it/s, S=0.1469, loss=-0.1226]
Epoch 6/150 [train]:   0%|          | 0/26 [00:00<?, ?it/s, S=0.1430, loss=-0.1183]
Epoch 6/150 [train]:   0%|          | 0/26 [00:00<?, ?it/s, S=0.1490, loss=-0.1241]
Epoch 6/150 [train]:   0%|          | 0/26 [00:00<?, ?it/s, S=0.1463, loss=-0.1214]
Epoch 6/150 [train]:   0%|          | 0/26 [00:00<?, ?it/s, S=0.1431, loss=-0.1174]
Epoch 6/150 [train]:   0%|          | 0/26 [00:00<?, ?it/s, S=0.1463, loss=-0.1210]
Epoch 6/150 [train]:   0%|          | 0/26 [00:00<?, ?it/s, S=0.1514, loss=-0.1256]
Epoch 6/150 [train]:  35%|███▍      | 9/26 [00:00<00:00, 86.45it/s, S=0.1514, loss=-0.1256]
Epoch 6/150 [train]:  35%|███▍      | 9/26 [00:00<00:00, 86.45it/s, S=0.1521, loss=-0.1238]
Epoch 6/150 [train]:  35%|███▍      | 9/26 [00:00<00:00, 86.45it/s, S=0.1546, loss=-0.1284]
Epoch 6/150 [train]:  35%|███▍      | 9/26 [00:00<00:00, 86.45it/s, S=0.1481, loss=-0.1204]
Epoch 6/150 [train]:  35%|███▍      | 9/26 [00:00<00:00, 86.45it/s, S=0.1594, loss=-0.1317]
Epoch 6/150 [train]:  35%|███▍      | 9/26 [00:00<00:00, 86.45it/s, S=0.1494, loss=-0.1219]
Epoch 6/150 [train]:  35%|███▍      | 9/26 [00:00<00:00, 86.45it/s, S=0.1536, loss=-0.1258]
Epoch 6/150 [train]:  35%|███▍      | 9/26 [00:00<00:00, 86.45it/s, S=0.1571, loss=-0.1289]
Epoch 6/150 [train]:  35%|███▍      | 9/26 [00:00<00:00, 86.45it/s, S=0.1505, loss=-0.1222]
Epoch 6/150 [train]:  35%|███▍      | 9/26 [00:00<00:00, 86.45it/s, S=0.1595, loss=-0.1304]
Epoch 6/150 [train]:  69%|██████▉   | 18/26 [00:00<00:00, 86.65it/s, S=0.1595, loss=-0.1304]
Epoch 6/150 [train]:  69%|██████▉   | 18/26 [00:00<00:00, 86.65it/s, S=0.1558, loss=-0.1235]
Epoch 6/150 [train]:  69%|██████▉   | 18/26 [00:00<00:00, 86.65it/s, S=0.1612, loss=-0.1324]
Epoch 6/150 [train]:  69%|██████▉   | 18/26 [00:00<00:00, 86.65it/s, S=0.1606, loss=-0.1306]
Epoch 6/150 [train]:  69%|██████▉   | 18/26 [00:00<00:00, 86.65it/s, S=0.1553, loss=-0.1251]
Epoch 6/150 [train]:  69%|██████▉   | 18/26 [00:00<00:00, 86.65it/s, S=0.1660, loss=-0.1338]
Epoch 6/150 [train]:  69%|██████▉   | 18/26 [00:00<00:00, 86.65it/s, S=0.1576, loss=-0.1272]
Epoch 6/150 [train]:  69%|██████▉   | 18/26 [00:00<00:00, 86.65it/s, S=0.1564, loss=-0.1259]
Epoch 6/150 [train]:  69%|██████▉   | 18/26 [00:00<00:00, 86.65it/s, S=0.1694, loss=-0.1362]
                                                                                            
Epoch   6/150  train loss=-0.1251  val loss=-0.1453  S[mean]=0.1834  ζ=0.3438  mean_plane_ζ=0.2199  reg=0.0381  λscale=0.13  lr=1.73e-04
Saved val-mean plane ζ checkpoint val_mean_plane_zeta_0.2.pt: threshold=0.2 epoch=6 val_mean_plane_zeta=0.2199

Epoch 7/150 [train]:   0%|          | 0/26 [00:00<?, ?it/s]
Epoch 7/150 [train]:   0%|          | 0/26 [00:00<?, ?it/s, S=0.1671, loss=-0.1337]
Epoch 7/150 [train]:   0%|          | 0/26 [00:00<?, ?it/s, S=0.1694, loss=-0.1376]
Epoch 7/150 [train]:   0%|          | 0/26 [00:00<?, ?it/s, S=0.1658, loss=-0.1327]
Epoch 7/150 [train]:   0%|          | 0/26 [00:00<?, ?it/s, S=0.1637, loss=-0.1310]
Epoch 7/150 [train]:   0%|          | 0/26 [00:00<?, ?it/s, S=0.1718, loss=-0.1375]
Epoch 7/150 [train]:   0%|          | 0/26 [00:00<?, ?it/s, S=0.1764, loss=-0.1426]
Epoch 7/150 [train]:   0%|          | 0/26 [00:00<?, ?it/s, S=0.1713, loss=-0.1386]
Epoch 7/150 [train]:   0%|          | 0/26 [00:00<?, ?it/s, S=0.1733, loss=-0.1385]
Epoch 7/150 [train]:   0%|          | 0/26 [00:00<?, ?it/s, S=0.1745, loss=-0.1395]
Epoch 7/150 [train]:  35%|███▍      | 9/26 [00:00<00:00, 87.18it/s, S=0.1745, loss=-0.1395]
Epoch 7/150 [train]:  35%|███▍      | 9/26 [00:00<00:00, 87.18it/s, S=0.1785, loss=-0.1438]
Epoch 7/150 [train]:  35%|███▍      | 9/26 [00:00<00:00, 87.18it/s, S=0.1687, loss=-0.1335]
Epoch 7/150 [train]:  35%|███▍      | 9/26 [00:00<00:00, 87.18it/s, S=0.1671, loss=-0.1334]
Epoch 7/150 [train]:  35%|███▍      | 9/26 [00:00<00:00, 87.18it/s, S=0.1769, loss=-0.1406]
Epoch 7/150 [train]:  35%|███▍      | 9/26 [00:00<00:00, 87.18it/s, S=0.1783, loss=-0.1422]
Epoch 7/150 [train]:  35%|███▍      | 9/26 [00:00<00:00, 87.18it/s, S=0.1686, loss=-0.1343]
Epoch 7/150 [train]:  35%|███▍      | 9/26 [00:00<00:00, 87.18it/s, S=0.1820, loss=-0.1448]
Epoch 7/150 [train]:  35%|███▍      | 9/26 [00:00<00:00, 87.18it/s, S=0.1801, loss=-0.1436]
Epoch 7/150 [train]:  35%|███▍      | 9/26 [00:00<00:00, 87.18it/s, S=0.1781, loss=-0.1418]
Epoch 7/150 [train]:  69%|██████▉   | 18/26 [00:00<00:00, 87.06it/s, S=0.1781, loss=-0.1418]
Epoch 7/150 [train]:  69%|██████▉   | 18/26 [00:00<00:00, 87.06it/s, S=0.1858, loss=-0.1492]
Epoch 7/150 [train]:  69%|██████▉   | 18/26 [00:00<00:00, 87.06it/s, S=0.1839, loss=-0.1474]
Epoch 7/150 [train]:  69%|██████▉   | 18/26 [00:00<00:00, 87.06it/s, S=0.1786, loss=-0.1405]
Epoch 7/150 [train]:  69%|██████▉   | 18/26 [00:00<00:00, 87.06it/s, S=0.1777, loss=-0.1410]
Epoch 7/150 [train]:  69%|██████▉   | 18/26 [00:00<00:00, 87.06it/s, S=0.1832, loss=-0.1463]
Epoch 7/150 [train]:  69%|██████▉   | 18/26 [00:00<00:00, 87.06it/s, S=0.1838, loss=-0.1437]
Epoch 7/150 [train]:  69%|██████▉   | 18/26 [00:00<00:00, 87.06it/s, S=0.1845, loss=-0.1468]
Epoch 7/150 [train]:  69%|██████▉   | 18/26 [00:00<00:00, 87.06it/s, S=0.1910, loss=-0.1524]
                                                                                            
Epoch   7/150  train loss=-0.1407  val loss=-0.1587  S[mean]=0.2048  ζ=0.3496  mean_plane_ζ=0.2300  reg=0.0461  λscale=0.14  lr=1.03e-04

Epoch 8/150 [train]:   0%|          | 0/26 [00:00<?, ?it/s]
Epoch 8/150 [train]:   0%|          | 0/26 [00:00<?, ?it/s, S=0.1864, loss=-0.1427]
Epoch 8/150 [train]:   0%|          | 0/26 [00:00<?, ?it/s, S=0.1871, loss=-0.1479]
Epoch 8/150 [train]:   0%|          | 0/26 [00:00<?, ?it/s, S=0.1749, loss=-0.1337]
Epoch 8/150 [train]:   0%|          | 0/26 [00:00<?, ?it/s, S=0.1925, loss=-0.1513]
Epoch 8/150 [train]:   0%|          | 0/26 [00:00<?, ?it/s, S=0.1853, loss=-0.1458]
Epoch 8/150 [train]:   0%|          | 0/26 [00:00<?, ?it/s, S=0.1903, loss=-0.1494]
Epoch 8/150 [train]:   0%|          | 0/26 [00:00<?, ?it/s, S=0.1883, loss=-0.1485]
Epoch 8/150 [train]:   0%|          | 0/26 [00:00<?, ?it/s, S=0.1950, loss=-0.1539]
Epoch 8/150 [train]:   0%|          | 0/26 [00:00<?, ?it/s, S=0.1914, loss=-0.1522]
Epoch 8/150 [train]:  35%|███▍      | 9/26 [00:00<00:00, 86.52it/s, S=0.1914, loss=-0.1522]
Epoch 8/150 [train]:  35%|███▍      | 9/26 [00:00<00:00, 86.52it/s, S=0.1923, loss=-0.1519]
Epoch 8/150 [train]:  35%|███▍      | 9/26 [00:00<00:00, 86.52it/s, S=0.1926, loss=-0.1523]
Epoch 8/150 [train]:  35%|███▍      | 9/26 [00:00<00:00, 86.52it/s, S=0.1938, loss=-0.1520]
Epoch 8/150 [train]:  35%|███▍      | 9/26 [00:00<00:00, 86.52it/s, S=0.1893, loss=-0.1476]
Epoch 8/150 [train]:  35%|███▍      | 9/26 [00:00<00:00, 86.52it/s, S=0.1941, loss=-0.1537]
Epoch 8/150 [train]:  35%|███▍      | 9/26 [00:00<00:00, 86.52it/s, S=0.1952, loss=-0.1553]
Epoch 8/150 [train]:  35%|███▍      | 9/26 [00:00<00:00, 86.52it/s, S=0.1886, loss=-0.1485]
Epoch 8/150 [train]:  35%|███▍      | 9/26 [00:00<00:00, 86.52it/s, S=0.1888, loss=-0.1475]
Epoch 8/150 [train]:  35%|███▍      | 9/26 [00:00<00:00, 86.52it/s, S=0.1976, loss=-0.1545]
Epoch 8/150 [train]:  69%|██████▉   | 18/26 [00:00<00:00, 86.73it/s, S=0.1976, loss=-0.1545]
Epoch 8/150 [train]:  69%|██████▉   | 18/26 [00:00<00:00, 86.73it/s, S=0.1942, loss=-0.1528]
Epoch 8/150 [train]:  69%|██████▉   | 18/26 [00:00<00:00, 86.73it/s, S=0.1934, loss=-0.1512]
Epoch 8/150 [train]:  69%|██████▉   | 18/26 [00:00<00:00, 86.73it/s, S=0.1983, loss=-0.1568]
Epoch 8/150 [train]:  69%|██████▉   | 18/26 [00:00<00:00, 86.73it/s, S=0.1934, loss=-0.1510]
Epoch 8/150 [train]:  69%|██████▉   | 18/26 [00:00<00:00, 86.73it/s, S=0.1945, loss=-0.1515]
Epoch 8/150 [train]:  69%|██████▉   | 18/26 [00:00<00:00, 86.73it/s, S=0.1979, loss=-0.1568]
Epoch 8/150 [train]:  69%|██████▉   | 18/26 [00:00<00:00, 86.73it/s, S=0.1942, loss=-0.1516]
Epoch 8/150 [train]:  69%|██████▉   | 18/26 [00:00<00:00, 86.73it/s, S=0.1978, loss=-0.1530]
                                                                                            
Epoch   8/150  train loss=-0.1505  val loss=-0.1677  S[mean]=0.2180  ζ=0.3549  mean_plane_ζ=0.2378  reg=0.0503  λscale=0.14  lr=4.77e-05

Epoch 9/150 [train]:   0%|          | 0/26 [00:00<?, ?it/s]
Epoch 9/150 [train]:   0%|          | 0/26 [00:00<?, ?it/s, S=0.2013, loss=-0.1557]
Epoch 9/150 [train]:   0%|          | 0/26 [00:00<?, ?it/s, S=0.2001, loss=-0.1531]
Epoch 9/150 [train]:   0%|          | 0/26 [00:00<?, ?it/s, S=0.2033, loss=-0.1589]
Epoch 9/150 [train]:   0%|          | 0/26 [00:00<?, ?it/s, S=0.1993, loss=-0.1549]
Epoch 9/150 [train]:   0%|          | 0/26 [00:00<?, ?it/s, S=0.2026, loss=-0.1555]
Epoch 9/150 [train]:   0%|          | 0/26 [00:00<?, ?it/s, S=0.1963, loss=-0.1529]
Epoch 9/150 [train]:   0%|          | 0/26 [00:00<?, ?it/s, S=0.2072, loss=-0.1620]
Epoch 9/150 [train]:   0%|          | 0/26 [00:00<?, ?it/s, S=0.2017, loss=-0.1576]
Epoch 9/150 [train]:   0%|          | 0/26 [00:00<?, ?it/s, S=0.2006, loss=-0.1567]
Epoch 9/150 [train]:  35%|███▍      | 9/26 [00:00<00:00, 86.47it/s, S=0.2006, loss=-0.1567]
Epoch 9/150 [train]:  35%|███▍      | 9/26 [00:00<00:00, 86.47it/s, S=0.1977, loss=-0.1531]
Epoch 9/150 [train]:  35%|███▍      | 9/26 [00:00<00:00, 86.47it/s, S=0.2050, loss=-0.1594]
Epoch 9/150 [train]:  35%|███▍      | 9/26 [00:00<00:00, 86.47it/s, S=0.1977, loss=-0.1531]
Epoch 9/150 [train]:  35%|███▍      | 9/26 [00:00<00:00, 86.47it/s, S=0.2031, loss=-0.1588]
Epoch 9/150 [train]:  35%|███▍      | 9/26 [00:00<00:00, 86.47it/s, S=0.2046, loss=-0.1599]
Epoch 9/150 [train]:  35%|███▍      | 9/26 [00:00<00:00, 86.47it/s, S=0.1986, loss=-0.1543]
Epoch 9/150 [train]:  35%|███▍      | 9/26 [00:00<00:00, 86.47it/s, S=0.1995, loss=-0.1540]
Epoch 9/150 [train]:  35%|███▍      | 9/26 [00:00<00:00, 86.47it/s, S=0.1970, loss=-0.1521]
Epoch 9/150 [train]:  35%|███▍      | 9/26 [00:00<00:00, 86.47it/s, S=0.2018, loss=-0.1562]
Epoch 9/150 [train]:  69%|██████▉   | 18/26 [00:00<00:00, 86.62it/s, S=0.2018, loss=-0.1562]
Epoch 9/150 [train]:  69%|██████▉   | 18/26 [00:00<00:00, 86.62it/s, S=0.2042, loss=-0.1595]
Epoch 9/150 [train]:  69%|██████▉   | 18/26 [00:00<00:00, 86.62it/s, S=0.2046, loss=-0.1584]
Epoch 9/150 [train]:  69%|██████▉   | 18/26 [00:00<00:00, 86.62it/s, S=0.2024, loss=-0.1565]
Epoch 9/150 [train]:  69%|██████▉   | 18/26 [00:00<00:00, 86.62it/s, S=0.1934, loss=-0.1484]
Epoch 9/150 [train]:  69%|██████▉   | 18/26 [00:00<00:00, 86.62it/s, S=0.1985, loss=-0.1539]
Epoch 9/150 [train]:  69%|██████▉   | 18/26 [00:00<00:00, 86.62it/s, S=0.1961, loss=-0.1516]
Epoch 9/150 [train]:  69%|██████▉   | 18/26 [00:00<00:00, 86.62it/s, S=0.2033, loss=-0.1587]
Epoch 9/150 [train]:  69%|██████▉   | 18/26 [00:00<00:00, 86.62it/s, S=0.1974, loss=-0.1526]
                                                                                            
Epoch   9/150  train loss=-0.1557  val loss=-0.1702  S[mean]=0.2237  ζ=0.3565  mean_plane_ζ=0.2415  reg=0.0535  λscale=0.15  lr=1.22e-05

Epoch 10/150 [train]:   0%|          | 0/26 [00:00<?, ?it/s]
Epoch 10/150 [train]:   0%|          | 0/26 [00:00<?, ?it/s, S=0.2065, loss=-0.1601]
Epoch 10/150 [train]:   0%|          | 0/26 [00:00<?, ?it/s, S=0.2094, loss=-0.1601]
Epoch 10/150 [train]:   0%|          | 0/26 [00:00<?, ?it/s, S=0.2025, loss=-0.1549]
Epoch 10/150 [train]:   0%|          | 0/26 [00:00<?, ?it/s, S=0.2065, loss=-0.1589]
Epoch 10/150 [train]:   0%|          | 0/26 [00:00<?, ?it/s, S=0.2004, loss=-0.1535]
Epoch 10/150 [train]:   0%|          | 0/26 [00:00<?, ?it/s, S=0.1956, loss=-0.1504]
Epoch 10/150 [train]:   0%|          | 0/26 [00:00<?, ?it/s, S=0.2015, loss=-0.1549]
Epoch 10/150 [train]:   0%|          | 0/26 [00:00<?, ?it/s, S=0.1994, loss=-0.1536]
Epoch 10/150 [train]:   0%|          | 0/26 [00:00<?, ?it/s, S=0.2074, loss=-0.1606]
Epoch 10/150 [train]:  35%|███▍      | 9/26 [00:00<00:00, 86.79it/s, S=0.2074, loss=-0.1606]
Epoch 10/150 [train]:  35%|███▍      | 9/26 [00:00<00:00, 86.79it/s, S=0.2029, loss=-0.1535]
Epoch 10/150 [train]:  35%|███▍      | 9/26 [00:00<00:00, 86.79it/s, S=0.2017, loss=-0.1556]
Epoch 10/150 [train]:  35%|███▍      | 9/26 [00:00<00:00, 86.79it/s, S=0.2033, loss=-0.1565]
Epoch 10/150 [train]:  35%|███▍      | 9/26 [00:00<00:00, 86.79it/s, S=0.2073, loss=-0.1605]
Epoch 10/150 [train]:  35%|███▍      | 9/26 [00:00<00:00, 86.79it/s, S=0.1990, loss=-0.1496]
Epoch 10/150 [train]:  35%|███▍      | 9/26 [00:00<00:00, 86.79it/s, S=0.1970, loss=-0.1492]
Epoch 10/150 [train]:  35%|███▍      | 9/26 [00:00<00:00, 86.79it/s, S=0.2055, loss=-0.1567]
Epoch 10/150 [train]:  35%|███▍      | 9/26 [00:00<00:00, 86.79it/s, S=0.2113, loss=-0.1636]
Epoch 10/150 [train]:  35%|███▍      | 9/26 [00:00<00:00, 86.79it/s, S=0.2063, loss=-0.1598]
Epoch 10/150 [train]:  69%|██████▉   | 18/26 [00:00<00:00, 86.79it/s, S=0.2063, loss=-0.1598]
Epoch 10/150 [train]:  69%|██████▉   | 18/26 [00:00<00:00, 86.79it/s, S=0.2035, loss=-0.1557]
Epoch 10/150 [train]:  69%|██████▉   | 18/26 [00:00<00:00, 86.79it/s, S=0.2011, loss=-0.1548]
Epoch 10/150 [train]:  69%|██████▉   | 18/26 [00:00<00:00, 86.79it/s, S=0.1999, loss=-0.1524]
Epoch 10/150 [train]:  69%|██████▉   | 18/26 [00:00<00:00, 86.79it/s, S=0.2084, loss=-0.1609]
Epoch 10/150 [train]:  69%|██████▉   | 18/26 [00:00<00:00, 86.79it/s, S=0.2004, loss=-0.1530]
Epoch 10/150 [train]:  69%|██████▉   | 18/26 [00:00<00:00, 86.79it/s, S=0.2062, loss=-0.1593]
Epoch 10/150 [train]:  69%|██████▉   | 18/26 [00:00<00:00, 86.79it/s, S=0.2052, loss=-0.1568]
Epoch 10/150 [train]:  69%|██████▉   | 18/26 [00:00<00:00, 86.79it/s, S=0.2068, loss=-0.1585]
                                                                                             
Epoch  10/150  train loss=-0.1563  val loss=-0.1692  S[mean]=0.2250  ζ=0.3570  mean_plane_ζ=0.2423  reg=0.0558  λscale=0.15  lr=5.00e-04

Epoch 11/150 [train]:   0%|          | 0/26 [00:00<?, ?it/s]
Epoch 11/150 [train]:   0%|          | 0/26 [00:00<?, ?it/s, S=0.2051, loss=-0.1571]
Epoch 11/150 [train]:   0%|          | 0/26 [00:00<?, ?it/s, S=0.2068, loss=-0.1572]
Epoch 11/150 [train]:   0%|          | 0/26 [00:00<?, ?it/s, S=0.2073, loss=-0.1557]
Epoch 11/150 [train]:   0%|          | 0/26 [00:00<?, ?it/s, S=0.2114, loss=-0.1589]
Epoch 11/150 [train]:   0%|          | 0/26 [00:00<?, ?it/s, S=0.2127, loss=-0.1584]
Epoch 11/150 [train]:   0%|          | 0/26 [00:00<?, ?it/s, S=0.2061, loss=-0.1532]
Epoch 11/150 [train]:   0%|          | 0/26 [00:00<?, ?it/s, S=0.2204, loss=-0.1651]
Epoch 11/150 [train]:   0%|          | 0/26 [00:00<?, ?it/s, S=0.2234, loss=-0.1714]
Epoch 11/150 [train]:   0%|          | 0/26 [00:00<?, ?it/s, S=0.2167, loss=-0.1630]
Epoch 11/150 [train]:  35%|███▍      | 9/26 [00:00<00:00, 86.37it/s, S=0.2167, loss=-0.1630]
Epoch 11/150 [train]:  35%|███▍      | 9/26 [00:00<00:00, 86.37it/s, S=0.2180, loss=-0.1626]
Epoch 11/150 [train]:  35%|███▍      | 9/26 [00:00<00:00, 86.37it/s, S=0.2116, loss=-0.1595]
Epoch 11/150 [train]:  35%|███▍      | 9/26 [00:00<00:00, 86.37it/s, S=0.2207, loss=-0.1665]
Epoch 11/150 [train]:  35%|███▍      | 9/26 [00:00<00:00, 86.37it/s, S=0.2212, loss=-0.1672]
Epoch 11/150 [train]:  35%|███▍      | 9/26 [00:00<00:00, 86.37it/s, S=0.2277, loss=-0.1699]
Epoch 11/150 [train]:  35%|███▍      | 9/26 [00:00<00:00, 86.37it/s, S=0.2263, loss=-0.1695]
Epoch 11/150 [train]:  35%|███▍      | 9/26 [00:00<00:00, 86.37it/s, S=0.2255, loss=-0.1705]
Epoch 11/150 [train]:  35%|███▍      | 9/26 [00:00<00:00, 86.37it/s, S=0.2224, loss=-0.1666]
Epoch 11/150 [train]:  35%|███▍      | 9/26 [00:00<00:00, 86.37it/s, S=0.2227, loss=-0.1664]
Epoch 11/150 [train]:  69%|██████▉   | 18/26 [00:00<00:00, 86.61it/s, S=0.2227, loss=-0.1664]
Epoch 11/150 [train]:  69%|██████▉   | 18/26 [00:00<00:00, 86.61it/s, S=0.2342, loss=-0.1772]
Epoch 11/150 [train]:  69%|██████▉   | 18/26 [00:00<00:00, 86.61it/s, S=0.2246, loss=-0.1677]
Epoch 11/150 [train]:  69%|██████▉   | 18/26 [00:00<00:00, 86.61it/s, S=0.2367, loss=-0.1788]
Epoch 11/150 [train]:  69%|██████▉   | 18/26 [00:00<00:00, 86.61it/s, S=0.2354, loss=-0.1750]
Epoch 11/150 [train]:  69%|██████▉   | 18/26 [00:00<00:00, 86.61it/s, S=0.2379, loss=-0.1784]
Epoch 11/150 [train]:  69%|██████▉   | 18/26 [00:00<00:00, 86.61it/s, S=0.2423, loss=-0.1821]
Epoch 11/150 [train]:  69%|██████▉   | 18/26 [00:00<00:00, 86.61it/s, S=0.2447, loss=-0.1797]
Epoch 11/150 [train]:  69%|██████▉   | 18/26 [00:00<00:00, 86.61it/s, S=0.2502, loss=-0.1888]
                                                                                             
Epoch  11/150  train loss=-0.1679  val loss=-0.2046  S[mean]=0.2757  ζ=0.3715  mean_plane_ζ=0.2631  reg=0.0710  λscale=0.16  lr=4.97e-04

Epoch 12/150 [train]:   0%|          | 0/26 [00:00<?, ?it/s]
Epoch 12/150 [train]:   0%|          | 0/26 [00:00<?, ?it/s, S=0.2421, loss=-0.1809]
Epoch 12/150 [train]:   0%|          | 0/26 [00:00<?, ?it/s, S=0.2526, loss=-0.1900]
Epoch 12/150 [train]:   0%|          | 0/26 [00:00<?, ?it/s, S=0.2587, loss=-0.1926]
Epoch 12/150 [train]:   0%|          | 0/26 [00:00<?, ?it/s, S=0.2633, loss=-0.1996]
Epoch 12/150 [train]:   0%|          | 0/26 [00:00<?, ?it/s, S=0.2545, loss=-0.1910]
Epoch 12/150 [train]:   0%|          | 0/26 [00:00<?, ?it/s, S=0.2600, loss=-0.1943]
Epoch 12/150 [train]:   0%|          | 0/26 [00:00<?, ?it/s, S=0.2560, loss=-0.1893]
Epoch 12/150 [train]:   0%|          | 0/26 [00:00<?, ?it/s, S=0.2588, loss=-0.1933]
Epoch 12/150 [train]:   0%|          | 0/26 [00:00<?, ?it/s, S=0.2640, loss=-0.1986]
Epoch 12/150 [train]:  35%|███▍      | 9/26 [00:00<00:00, 86.39it/s, S=0.2640, loss=-0.1986]
Epoch 12/150 [train]:  35%|███▍      | 9/26 [00:00<00:00, 86.39it/s, S=0.2632, loss=-0.1981]
Epoch 12/150 [train]:  35%|███▍      | 9/26 [00:00<00:00, 86.39it/s, S=0.2662, loss=-0.1955]
Epoch 12/150 [train]:  35%|███▍      | 9/26 [00:00<00:00, 86.39it/s, S=0.2619, loss=-0.1977]
Epoch 12/150 [train]:  35%|███▍      | 9/26 [00:00<00:00, 86.39it/s, S=0.2689, loss=-0.2022]
Epoch 12/150 [train]:  35%|███▍      | 9/26 [00:00<00:00, 86.39it/s, S=0.2683, loss=-0.2007]
Epoch 12/150 [train]:  35%|███▍      | 9/26 [00:00<00:00, 86.39it/s, S=0.2758, loss=-0.2071]
Epoch 12/150 [train]:  35%|███▍      | 9/26 [00:00<00:00, 86.39it/s, S=0.2659, loss=-0.1991]
Epoch 12/150 [train]:  35%|███▍      | 9/26 [00:00<00:00, 86.39it/s, S=0.2693, loss=-0.2023]
Epoch 12/150 [train]:  35%|███▍      | 9/26 [00:00<00:00, 86.39it/s, S=0.2806, loss=-0.2134]
Epoch 12/150 [train]:  69%|██████▉   | 18/26 [00:00<00:00, 86.58it/s, S=0.2806, loss=-0.2134]
Epoch 12/150 [train]:  69%|██████▉   | 18/26 [00:00<00:00, 86.58it/s, S=0.2643, loss=-0.1891]
Epoch 12/150 [train]:  69%|██████▉   | 18/26 [00:00<00:00, 86.58it/s, S=0.2758, loss=-0.2080]
Epoch 12/150 [train]:  69%|██████▉   | 18/26 [00:00<00:00, 86.58it/s, S=0.2649, loss=-0.1963]
Epoch 12/150 [train]:  69%|██████▉   | 18/26 [00:00<00:00, 86.58it/s, S=0.2750, loss=-0.2026]
Epoch 12/150 [train]:  69%|██████▉   | 18/26 [00:00<00:00, 86.58it/s, S=0.2848, loss=-0.2173]
Epoch 12/150 [train]:  69%|██████▉   | 18/26 [00:00<00:00, 86.58it/s, S=0.2791, loss=-0.2114]
Epoch 12/150 [train]:  69%|██████▉   | 18/26 [00:00<00:00, 86.58it/s, S=0.2840, loss=-0.2151]
Epoch 12/150 [train]:  69%|██████▉   | 18/26 [00:00<00:00, 86.58it/s, S=0.2773, loss=-0.2092]
                                                                                             
Epoch  12/150  train loss=-0.1998  val loss=-0.2308  S[mean]=0.3086  ζ=0.3823  mean_plane_ζ=0.2727  reg=0.0778  λscale=0.17  lr=4.88e-04

Epoch 13/150 [train]:   0%|          | 0/26 [00:00<?, ?it/s]
Epoch 13/150 [train]:   0%|          | 0/26 [00:00<?, ?it/s, S=0.2825, loss=-0.2109]
Epoch 13/150 [train]:   0%|          | 0/26 [00:00<?, ?it/s, S=0.2893, loss=-0.2175]
Epoch 13/150 [train]:   0%|          | 0/26 [00:00<?, ?it/s, S=0.2982, loss=-0.2250]
Epoch 13/150 [train]:   0%|          | 0/26 [00:00<?, ?it/s, S=0.2883, loss=-0.2158]
Epoch 13/150 [train]:   0%|          | 0/26 [00:00<?, ?it/s, S=0.2889, loss=-0.2192]
Epoch 13/150 [train]:   0%|          | 0/26 [00:00<?, ?it/s, S=0.2920, loss=-0.2222]
Epoch 13/150 [train]:   0%|          | 0/26 [00:00<?, ?it/s, S=0.2922, loss=-0.2178]
Epoch 13/150 [train]:   0%|          | 0/26 [00:00<?, ?it/s, S=0.2892, loss=-0.2163]
Epoch 13/150 [train]:   0%|          | 0/26 [00:00<?, ?it/s, S=0.2957, loss=-0.2271]
Epoch 13/150 [train]:  35%|███▍      | 9/26 [00:00<00:00, 86.67it/s, S=0.2957, loss=-0.2271]
Epoch 13/150 [train]:  35%|███▍      | 9/26 [00:00<00:00, 86.67it/s, S=0.2839, loss=-0.2139]
Epoch 13/150 [train]:  35%|███▍      | 9/26 [00:00<00:00, 86.67it/s, S=0.2942, loss=-0.2175]
Epoch 13/150 [train]:  35%|███▍      | 9/26 [00:00<00:00, 86.67it/s, S=0.2908, loss=-0.2163]
Epoch 13/150 [train]:  35%|███▍      | 9/26 [00:00<00:00, 86.67it/s, S=0.2922, loss=-0.2219]
Epoch 13/150 [train]:  35%|███▍      | 9/26 [00:00<00:00, 86.67it/s, S=0.2897, loss=-0.2204]
Epoch 13/150 [train]:  35%|███▍      | 9/26 [00:00<00:00, 86.67it/s, S=0.2989, loss=-0.2273]
Epoch 13/150 [train]:  35%|███▍      | 9/26 [00:00<00:00, 86.67it/s, S=0.2892, loss=-0.2192]
Epoch 13/150 [train]:  35%|███▍      | 9/26 [00:00<00:00, 86.67it/s, S=0.2918, loss=-0.2186]
Epoch 13/150 [train]:  35%|███▍      | 9/26 [00:00<00:00, 86.67it/s, S=0.2956, loss=-0.2224]
Epoch 13/150 [train]:  69%|██████▉   | 18/26 [00:00<00:00, 86.59it/s, S=0.2956, loss=-0.2224]
Epoch 13/150 [train]:  69%|██████▉   | 18/26 [00:00<00:00, 86.59it/s, S=0.2967, loss=-0.2231]
Epoch 13/150 [train]:  69%|██████▉   | 18/26 [00:00<00:00, 86.59it/s, S=0.2970, loss=-0.2250]
Epoch 13/150 [train]:  69%|██████▉   | 18/26 [00:00<00:00, 86.59it/s, S=0.2985, loss=-0.2265]
Epoch 13/150 [train]:  69%|██████▉   | 18/26 [00:00<00:00, 86.59it/s, S=0.3092, loss=-0.2334]
Epoch 13/150 [train]:  69%|██████▉   | 18/26 [00:00<00:00, 86.59it/s, S=0.3072, loss=-0.2364]
Epoch 13/150 [train]:  69%|██████▉   | 18/26 [00:00<00:00, 86.59it/s, S=0.2933, loss=-0.2234]
Epoch 13/150 [train]:  69%|██████▉   | 18/26 [00:00<00:00, 86.59it/s, S=0.3009, loss=-0.2302]
Epoch 13/150 [train]:  69%|██████▉   | 18/26 [00:00<00:00, 86.59it/s, S=0.3080, loss=-0.2370]
                                                                                             
Epoch  13/150  train loss=-0.2225  val loss=-0.2460  S[mean]=0.3273  ζ=0.3881  mean_plane_ζ=0.2777  reg=0.0813  λscale=0.17  lr=4.73e-04

Epoch 14/150 [train]:   0%|          | 0/26 [00:00<?, ?it/s]
Epoch 14/150 [train]:   0%|          | 0/26 [00:00<?, ?it/s, S=0.3124, loss=-0.2370]
Epoch 14/150 [train]:   0%|          | 0/26 [00:00<?, ?it/s, S=0.3095, loss=-0.2368]
Epoch 14/150 [train]:   0%|          | 0/26 [00:00<?, ?it/s, S=0.3069, loss=-0.2293]
Epoch 14/150 [train]:   0%|          | 0/26 [00:00<?, ?it/s, S=0.3090, loss=-0.2325]
Epoch 14/150 [train]:   0%|          | 0/26 [00:00<?, ?it/s, S=0.3064, loss=-0.2316]
Epoch 14/150 [train]:   0%|          | 0/26 [00:00<?, ?it/s, S=0.3078, loss=-0.2335]
Epoch 14/150 [train]:   0%|          | 0/26 [00:00<?, ?it/s, S=0.3106, loss=-0.2361]
Epoch 14/150 [train]:   0%|          | 0/26 [00:00<?, ?it/s, S=0.3023, loss=-0.2260]
Epoch 14/150 [train]:   0%|          | 0/26 [00:00<?, ?it/s, S=0.3039, loss=-0.2281]
Epoch 14/150 [train]:  35%|███▍      | 9/26 [00:00<00:00, 86.55it/s, S=0.3039, loss=-0.2281]
Epoch 14/150 [train]:  35%|███▍      | 9/26 [00:00<00:00, 86.55it/s, S=0.3118, loss=-0.2378]
Epoch 14/150 [train]:  35%|███▍      | 9/26 [00:00<00:00, 86.55it/s, S=0.3048, loss=-0.2308]
Epoch 14/150 [train]:  35%|███▍      | 9/26 [00:00<00:00, 86.55it/s, S=0.3051, loss=-0.2263]
Epoch 14/150 [train]:  35%|███▍      | 9/26 [00:00<00:00, 86.55it/s, S=0.3165, loss=-0.2420]
Epoch 14/150 [train]:  35%|███▍      | 9/26 [00:00<00:00, 86.55it/s, S=0.3064, loss=-0.2326]
Epoch 14/150 [train]:  35%|███▍      | 9/26 [00:00<00:00, 86.55it/s, S=0.3245, loss=-0.2505]
Epoch 14/150 [train]:  35%|███▍      | 9/26 [00:00<00:00, 86.55it/s, S=0.3211, loss=-0.2469]
Epoch 14/150 [train]:  35%|███▍      | 9/26 [00:00<00:00, 86.55it/s, S=0.3031, loss=-0.2260]
Epoch 14/150 [train]:  35%|███▍      | 9/26 [00:00<00:00, 86.55it/s, S=0.3221, loss=-0.2505]
Epoch 14/150 [train]:  69%|██████▉   | 18/26 [00:00<00:00, 86.59it/s, S=0.3221, loss=-0.2505]
Epoch 14/150 [train]:  69%|██████▉   | 18/26 [00:00<00:00, 86.59it/s, S=0.3177, loss=-0.2412]
Epoch 14/150 [train]:  69%|██████▉   | 18/26 [00:00<00:00, 86.59it/s, S=0.3131, loss=-0.2369]
Epoch 14/150 [train]:  69%|██████▉   | 18/26 [00:00<00:00, 86.59it/s, S=0.3115, loss=-0.2378]
Epoch 14/150 [train]:  69%|██████▉   | 18/26 [00:00<00:00, 86.59it/s, S=0.3143, loss=-0.2409]
Epoch 14/150 [train]:  69%|██████▉   | 18/26 [00:00<00:00, 86.59it/s, S=0.3136, loss=-0.2375]
Epoch 14/150 [train]:  69%|██████▉   | 18/26 [00:00<00:00, 86.59it/s, S=0.3246, loss=-0.2491]
Epoch 14/150 [train]:  69%|██████▉   | 18/26 [00:00<00:00, 86.59it/s, S=0.3196, loss=-0.2425]
Epoch 14/150 [train]:  69%|██████▉   | 18/26 [00:00<00:00, 86.59it/s, S=0.3103, loss=-0.2360]
                                                                                             
Epoch  14/150  train loss=-0.2368  val loss=-0.2567  S[mean]=0.3400  ζ=0.3937  mean_plane_ζ=0.2838  reg=0.0833  λscale=0.18  lr=4.52e-04

Epoch 15/150 [train]:   0%|          | 0/26 [00:00<?, ?it/s]
Epoch 15/150 [train]:   0%|          | 0/26 [00:00<?, ?it/s, S=0.3158, loss=-0.2391]
Epoch 15/150 [train]:   0%|          | 0/26 [00:00<?, ?it/s, S=0.3210, loss=-0.2458]
Epoch 15/150 [train]:   0%|          | 0/26 [00:00<?, ?it/s, S=0.3189, loss=-0.2425]
Epoch 15/150 [train]:   0%|          | 0/26 [00:00<?, ?it/s, S=0.3223, loss=-0.2453]
Epoch 15/150 [train]:   0%|          | 0/26 [00:00<?, ?it/s, S=0.3274, loss=-0.2515]
Epoch 15/150 [train]:   0%|          | 0/26 [00:00<?, ?it/s, S=0.3164, loss=-0.2408]
Epoch 15/150 [train]:   0%|          | 0/26 [00:00<?, ?it/s, S=0.3182, loss=-0.2444]
Epoch 15/150 [train]:   0%|          | 0/26 [00:00<?, ?it/s, S=0.3218, loss=-0.2457]
Epoch 15/150 [train]:   0%|          | 0/26 [00:00<?, ?it/s, S=0.3282, loss=-0.2490]
Epoch 15/150 [train]:  35%|███▍      | 9/26 [00:00<00:00, 86.59it/s, S=0.3282, loss=-0.2490]
Epoch 15/150 [train]:  35%|███▍      | 9/26 [00:00<00:00, 86.59it/s, S=0.3223, loss=-0.2382]
Epoch 15/150 [train]:  35%|███▍      | 9/26 [00:00<00:00, 86.59it/s, S=0.3181, loss=-0.2404]
Epoch 15/150 [train]:  35%|███▍      | 9/26 [00:00<00:00, 86.59it/s, S=0.3263, loss=-0.2491]
Epoch 15/150 [train]:  35%|███▍      | 9/26 [00:00<00:00, 86.59it/s, S=0.3205, loss=-0.2382]
Epoch 15/150 [train]:  35%|███▍      | 9/26 [00:00<00:00, 86.59it/s, S=0.3145, loss=-0.2378]
Epoch 15/150 [train]:  35%|███▍      | 9/26 [00:00<00:00, 86.59it/s, S=0.3229, loss=-0.2492]
Epoch 15/150 [train]:  35%|███▍      | 9/26 [00:00<00:00, 86.59it/s, S=0.3201, loss=-0.2427]
Epoch 15/150 [train]:  35%|███▍      | 9/26 [00:00<00:00, 86.59it/s, S=0.3291, loss=-0.2501]
Epoch 15/150 [train]:  35%|███▍      | 9/26 [00:00<00:00, 86.59it/s, S=0.3269, loss=-0.2495]
Epoch 15/150 [train]:  69%|██████▉   | 18/26 [00:00<00:00, 86.65it/s, S=0.3269, loss=-0.2495]
Epoch 15/150 [train]:  69%|██████▉   | 18/26 [00:00<00:00, 86.65it/s, S=0.3204, loss=-0.2400]
Epoch 15/150 [train]:  69%|██████▉   | 18/26 [00:00<00:00, 86.65it/s, S=0.3202, loss=-0.2425]
Epoch 15/150 [train]:  69%|██████▉   | 18/26 [00:00<00:00, 86.65it/s, S=0.3306, loss=-0.2543]
Epoch 15/150 [train]:  69%|██████▉   | 18/26 [00:00<00:00, 86.65it/s, S=0.3182, loss=-0.2400]
Epoch 15/150 [train]:  69%|██████▉   | 18/26 [00:00<00:00, 86.65it/s, S=0.3238, loss=-0.2463]
Epoch 15/150 [train]:  69%|██████▉   | 18/26 [00:00<00:00, 86.65it/s, S=0.3290, loss=-0.2466]
Epoch 15/150 [train]:  69%|██████▉   | 18/26 [00:00<00:00, 86.65it/s, S=0.3308, loss=-0.2524]
Epoch 15/150 [train]:  69%|██████▉   | 18/26 [00:00<00:00, 86.65it/s, S=0.3296, loss=-0.2539]
                                                                                             
Epoch  15/150  train loss=-0.2452  val loss=-0.2668  S[mean]=0.3520  ζ=0.3981  mean_plane_ζ=0.2897  reg=0.0852  λscale=0.18  lr=4.27e-04

Epoch 16/150 [train]:   0%|          | 0/26 [00:00<?, ?it/s]
Epoch 16/150 [train]:   0%|          | 0/26 [00:00<?, ?it/s, S=0.3153, loss=-0.2307]
Epoch 16/150 [train]:   0%|          | 0/26 [00:00<?, ?it/s, S=0.3315, loss=-0.2442]
Epoch 16/150 [train]:   0%|          | 0/26 [00:00<?, ?it/s, S=0.3340, loss=-0.2556]
Epoch 16/150 [train]:   0%|          | 0/26 [00:00<?, ?it/s, S=0.3259, loss=-0.2494]
Epoch 16/150 [train]:   0%|          | 0/26 [00:00<?, ?it/s, S=0.3259, loss=-0.2439]
Epoch 16/150 [train]:   0%|          | 0/26 [00:00<?, ?it/s, S=0.3305, loss=-0.2513]
Epoch 16/150 [train]:   0%|          | 0/26 [00:00<?, ?it/s, S=0.3347, loss=-0.2517]
Epoch 16/150 [train]:   0%|          | 0/26 [00:00<?, ?it/s, S=0.3348, loss=-0.2568]
Epoch 16/150 [train]:   0%|          | 0/26 [00:00<?, ?it/s, S=0.3334, loss=-0.2515]
Epoch 16/150 [train]:  35%|███▍      | 9/26 [00:00<00:00, 86.39it/s, S=0.3334, loss=-0.2515]
Epoch 16/150 [train]:  35%|███▍      | 9/26 [00:00<00:00, 86.39it/s, S=0.3244, loss=-0.2427]
Epoch 16/150 [train]:  35%|███▍      | 9/26 [00:00<00:00, 86.39it/s, S=0.3448, loss=-0.2615]
Epoch 16/150 [train]:  35%|███▍      | 9/26 [00:00<00:00, 86.39it/s, S=0.3374, loss=-0.2604]
Epoch 16/150 [train]:  35%|███▍      | 9/26 [00:00<00:00, 86.39it/s, S=0.3336, loss=-0.2574]
Epoch 16/150 [train]:  35%|███▍      | 9/26 [00:00<00:00, 86.39it/s, S=0.3377, loss=-0.2603]
Epoch 16/150 [train]:  35%|███▍      | 9/26 [00:00<00:00, 86.39it/s, S=0.3396, loss=-0.2590]
Epoch 16/150 [train]:  35%|███▍      | 9/26 [00:00<00:00, 86.39it/s, S=0.3376, loss=-0.2575]
Epoch 16/150 [train]:  35%|███▍      | 9/26 [00:00<00:00, 86.39it/s, S=0.3322, loss=-0.2520]
Epoch 16/150 [train]:  35%|███▍      | 9/26 [00:00<00:00, 86.39it/s, S=0.3353, loss=-0.2581]
Epoch 16/150 [train]:  69%|██████▉   | 18/26 [00:00<00:00, 86.72it/s, S=0.3353, loss=-0.2581]
Epoch 16/150 [train]:  69%|██████▉   | 18/26 [00:00<00:00, 86.72it/s, S=0.3435, loss=-0.2647]
Epoch 16/150 [train]:  69%|██████▉   | 18/26 [00:00<00:00, 86.72it/s, S=0.3287, loss=-0.2493]
Epoch 16/150 [train]:  69%|██████▉   | 18/26 [00:00<00:00, 86.72it/s, S=0.3311, loss=-0.2512]
Epoch 16/150 [train]:  69%|██████▉   | 18/26 [00:00<00:00, 86.72it/s, S=0.3364, loss=-0.2593]
Epoch 16/150 [train]:  69%|██████▉   | 18/26 [00:00<00:00, 86.72it/s, S=0.3359, loss=-0.2581]
Epoch 16/150 [train]:  69%|██████▉   | 18/26 [00:00<00:00, 86.72it/s, S=0.3379, loss=-0.2580]
Epoch 16/150 [train]:  69%|██████▉   | 18/26 [00:00<00:00, 86.72it/s, S=0.3318, loss=-0.2497]
Epoch 16/150 [train]:  69%|██████▉   | 18/26 [00:00<00:00, 86.72it/s, S=0.3314, loss=-0.2487]
                                                                                             
Epoch  16/150  train loss=-0.2532  val loss=-0.2764  S[mean]=0.3639  ζ=0.4009  mean_plane_ζ=0.2938  reg=0.0875  λscale=0.19  lr=3.97e-04

Epoch 17/150 [train]:   0%|          | 0/26 [00:00<?, ?it/s]
Epoch 17/150 [train]:   0%|          | 0/26 [00:00<?, ?it/s, S=0.3485, loss=-0.2617]
Epoch 17/150 [train]:   0%|          | 0/26 [00:00<?, ?it/s, S=0.3370, loss=-0.2518]
Epoch 17/150 [train]:   0%|          | 0/26 [00:00<?, ?it/s, S=0.3322, loss=-0.2511]
Epoch 17/150 [train]:   0%|          | 0/26 [00:00<?, ?it/s, S=0.3447, loss=-0.2622]
Epoch 17/150 [train]:   0%|          | 0/26 [00:00<?, ?it/s, S=0.3449, loss=-0.2616]
Epoch 17/150 [train]:   0%|          | 0/26 [00:00<?, ?it/s, S=0.3396, loss=-0.2580]
Epoch 17/150 [train]:   0%|          | 0/26 [00:00<?, ?it/s, S=0.3427, loss=-0.2581]
Epoch 17/150 [train]:   0%|          | 0/26 [00:00<?, ?it/s, S=0.3473, loss=-0.2668]
Epoch 17/150 [train]:   0%|          | 0/26 [00:00<?, ?it/s, S=0.3460, loss=-0.2624]
Epoch 17/150 [train]:  35%|███▍      | 9/26 [00:00<00:00, 86.30it/s, S=0.3460, loss=-0.2624]
Epoch 17/150 [train]:  35%|███▍      | 9/26 [00:00<00:00, 86.30it/s, S=0.3427, loss=-0.2610]
Epoch 17/150 [train]:  35%|███▍      | 9/26 [00:00<00:00, 86.30it/s, S=0.3441, loss=-0.2622]
Epoch 17/150 [train]:  35%|███▍      | 9/26 [00:00<00:00, 86.30it/s, S=0.3388, loss=-0.2594]
Epoch 17/150 [train]:  35%|███▍      | 9/26 [00:00<00:00, 86.30it/s, S=0.3434, loss=-0.2634]
Epoch 17/150 [train]:  35%|███▍      | 9/26 [00:00<00:00, 86.30it/s, S=0.3452, loss=-0.2660]
Epoch 17/150 [train]:  35%|███▍      | 9/26 [00:00<00:00, 86.30it/s, S=0.3466, loss=-0.2658]
Epoch 17/150 [train]:  35%|███▍      | 9/26 [00:00<00:00, 86.30it/s, S=0.3382, loss=-0.2569]
Epoch 17/150 [train]:  35%|███▍      | 9/26 [00:00<00:00, 86.30it/s, S=0.3497, loss=-0.2670]
Epoch 17/150 [train]:  35%|███▍      | 9/26 [00:00<00:00, 86.30it/s, S=0.3525, loss=-0.2685]
Epoch 17/150 [train]:  69%|██████▉   | 18/26 [00:00<00:00, 86.49it/s, S=0.3525, loss=-0.2685]
Epoch 17/150 [train]:  69%|██████▉   | 18/26 [00:00<00:00, 86.49it/s, S=0.3431, loss=-0.2570]
Epoch 17/150 [train]:  69%|██████▉   | 18/26 [00:00<00:00, 86.49it/s, S=0.3512, loss=-0.2698]
Epoch 17/150 [train]:  69%|██████▉   | 18/26 [00:00<00:00, 86.49it/s, S=0.3458, loss=-0.2647]
Epoch 17/150 [train]:  69%|██████▉   | 18/26 [00:00<00:00, 86.49it/s, S=0.3416, loss=-0.2594]
Epoch 17/150 [train]:  69%|██████▉   | 18/26 [00:00<00:00, 86.49it/s, S=0.3330, loss=-0.2502]
Epoch 17/150 [train]:  69%|██████▉   | 18/26 [00:00<00:00, 86.49it/s, S=0.3425, loss=-0.2553]
Epoch 17/150 [train]:  69%|██████▉   | 18/26 [00:00<00:00, 86.49it/s, S=0.3490, loss=-0.2652]
Epoch 17/150 [train]:  69%|██████▉   | 18/26 [00:00<00:00, 86.49it/s, S=0.3466, loss=-0.2601]
                                                                                             
Epoch  17/150  train loss=-0.2610  val loss=-0.2829  S[mean]=0.3722  ζ=0.4032  mean_plane_ζ=0.2972  reg=0.0894  λscale=0.20  lr=3.63e-04

Epoch 18/150 [train]:   0%|          | 0/26 [00:00<?, ?it/s]
Epoch 18/150 [train]:   0%|          | 0/26 [00:00<?, ?it/s, S=0.3541, loss=-0.2706]
Epoch 18/150 [train]:   0%|          | 0/26 [00:00<?, ?it/s, S=0.3439, loss=-0.2616]
Epoch 18/150 [train]:   0%|          | 0/26 [00:00<?, ?it/s, S=0.3539, loss=-0.2695]
Epoch 18/150 [train]:   0%|          | 0/26 [00:00<?, ?it/s, S=0.3554, loss=-0.2701]
Epoch 18/150 [train]:   0%|          | 0/26 [00:00<?, ?it/s, S=0.3495, loss=-0.2704]
Epoch 18/150 [train]:   0%|          | 0/26 [00:00<?, ?it/s, S=0.3478, loss=-0.2656]
Epoch 18/150 [train]:   0%|          | 0/26 [00:00<?, ?it/s, S=0.3531, loss=-0.2679]
Epoch 18/150 [train]:   0%|          | 0/26 [00:00<?, ?it/s, S=0.3593, loss=-0.2772]
Epoch 18/150 [train]:   0%|          | 0/26 [00:00<?, ?it/s, S=0.3515, loss=-0.2655]
Epoch 18/150 [train]:  35%|███▍      | 9/26 [00:00<00:00, 86.62it/s, S=0.3515, loss=-0.2655]
Epoch 18/150 [train]:  35%|███▍      | 9/26 [00:00<00:00, 86.62it/s, S=0.3440, loss=-0.2577]
Epoch 18/150 [train]:  35%|███▍      | 9/26 [00:00<00:00, 86.62it/s, S=0.3469, loss=-0.2650]
Epoch 18/150 [train]:  35%|███▍      | 9/26 [00:00<00:00, 86.62it/s, S=0.3529, loss=-0.2711]
Epoch 18/150 [train]:  35%|███▍      | 9/26 [00:00<00:00, 86.62it/s, S=0.3528, loss=-0.2702]
Epoch 18/150 [train]:  35%|███▍      | 9/26 [00:00<00:00, 86.62it/s, S=0.3571, loss=-0.2722]
Epoch 18/150 [train]:  35%|███▍      | 9/26 [00:00<00:00, 86.62it/s, S=0.3625, loss=-0.2762]
Epoch 18/150 [train]:  35%|███▍      | 9/26 [00:00<00:00, 86.62it/s, S=0.3559, loss=-0.2740]
Epoch 18/150 [train]:  35%|███▍      | 9/26 [00:00<00:00, 86.62it/s, S=0.3509, loss=-0.2644]
Epoch 18/150 [train]:  35%|███▍      | 9/26 [00:00<00:00, 86.62it/s, S=0.3502, loss=-0.2669]
Epoch 18/150 [train]:  69%|██████▉   | 18/26 [00:00<00:00, 86.68it/s, S=0.3502, loss=-0.2669]
Epoch 18/150 [train]:  69%|██████▉   | 18/26 [00:00<00:00, 86.68it/s, S=0.3522, loss=-0.2655]
Epoch 18/150 [train]:  69%|██████▉   | 18/26 [00:00<00:00, 86.68it/s, S=0.3450, loss=-0.2569]
Epoch 18/150 [train]:  69%|██████▉   | 18/26 [00:00<00:00, 86.68it/s, S=0.3510, loss=-0.2664]
Epoch 18/150 [train]:  69%|██████▉   | 18/26 [00:00<00:00, 86.68it/s, S=0.3536, loss=-0.2721]
Epoch 18/150 [train]:  69%|██████▉   | 18/26 [00:00<00:00, 86.68it/s, S=0.3581, loss=-0.2745]
Epoch 18/150 [train]:  69%|██████▉   | 18/26 [00:00<00:00, 86.68it/s, S=0.3526, loss=-0.2695]
Epoch 18/150 [train]:  69%|██████▉   | 18/26 [00:00<00:00, 86.68it/s, S=0.3618, loss=-0.2788]
Epoch 18/150 [train]:  69%|██████▉   | 18/26 [00:00<00:00, 86.68it/s, S=0.3437, loss=-0.2533]
                                                                                             
Epoch  18/150  train loss=-0.2682  val loss=-0.2848  S[mean]=0.3780  ζ=0.4052  mean_plane_ζ=0.2990  reg=0.0931  λscale=0.20  lr=3.27e-04

Epoch 19/150 [train]:   0%|          | 0/26 [00:00<?, ?it/s]
Epoch 19/150 [train]:   0%|          | 0/26 [00:00<?, ?it/s, S=0.3561, loss=-0.2700]
Epoch 19/150 [train]:   0%|          | 0/26 [00:00<?, ?it/s, S=0.3610, loss=-0.2711]
Epoch 19/150 [train]:   0%|          | 0/26 [00:00<?, ?it/s, S=0.3600, loss=-0.2702]
Epoch 19/150 [train]:   0%|          | 0/26 [00:00<?, ?it/s, S=0.3601, loss=-0.2638]
Epoch 19/150 [train]:   0%|          | 0/26 [00:00<?, ?it/s, S=0.3505, loss=-0.2669]
Epoch 19/150 [train]:   0%|          | 0/26 [00:00<?, ?it/s, S=0.3491, loss=-0.2654]
Epoch 19/150 [train]:   0%|          | 0/26 [00:00<?, ?it/s, S=0.3576, loss=-0.2726]
Epoch 19/150 [train]:   0%|          | 0/26 [00:00<?, ?it/s, S=0.3596, loss=-0.2744]
Epoch 19/150 [train]:   0%|          | 0/26 [00:00<?, ?it/s, S=0.3600, loss=-0.2725]
Epoch 19/150 [train]:  35%|███▍      | 9/26 [00:00<00:00, 86.38it/s, S=0.3600, loss=-0.2725]
Epoch 19/150 [train]:  35%|███▍      | 9/26 [00:00<00:00, 86.38it/s, S=0.3549, loss=-0.2682]
Epoch 19/150 [train]:  35%|███▍      | 9/26 [00:00<00:00, 86.38it/s, S=0.3490, loss=-0.2676]
Epoch 19/150 [train]:  35%|███▍      | 9/26 [00:00<00:00, 86.38it/s, S=0.3437, loss=-0.2470]
Epoch 19/150 [train]:  35%|███▍      | 9/26 [00:00<00:00, 86.38it/s, S=0.3669, loss=-0.2838]
Epoch 19/150 [train]:  35%|███▍      | 9/26 [00:00<00:00, 86.38it/s, S=0.3609, loss=-0.2696]
Epoch 19/150 [train]:  35%|███▍      | 9/26 [00:00<00:00, 86.38it/s, S=0.3497, loss=-0.2643]
Epoch 19/150 [train]:  35%|███▍      | 9/26 [00:00<00:00, 86.38it/s, S=0.3714, loss=-0.2860]
Epoch 19/150 [train]:  35%|███▍      | 9/26 [00:00<00:00, 86.38it/s, S=0.3679, loss=-0.2800]
Epoch 19/150 [train]:  35%|███▍      | 9/26 [00:00<00:00, 86.38it/s, S=0.3559, loss=-0.2652]
Epoch 19/150 [train]:  69%|██████▉   | 18/26 [00:00<00:00, 86.55it/s, S=0.3559, loss=-0.2652]
Epoch 19/150 [train]:  69%|██████▉   | 18/26 [00:00<00:00, 86.55it/s, S=0.3639, loss=-0.2796]
Epoch 19/150 [train]:  69%|██████▉   | 18/26 [00:00<00:00, 86.55it/s, S=0.3620, loss=-0.2769]
Epoch 19/150 [train]:  69%|██████▉   | 18/26 [00:00<00:00, 86.55it/s, S=0.3532, loss=-0.2650]
Epoch 19/150 [train]:  69%|██████▉   | 18/26 [00:00<00:00, 86.55it/s, S=0.3590, loss=-0.2732]
Epoch 19/150 [train]:  69%|██████▉   | 18/26 [00:00<00:00, 86.55it/s, S=0.3668, loss=-0.2812]
Epoch 19/150 [train]:  69%|██████▉   | 18/26 [00:00<00:00, 86.55it/s, S=0.3486, loss=-0.2526]
Epoch 19/150 [train]:  69%|██████▉   | 18/26 [00:00<00:00, 86.55it/s, S=0.3581, loss=-0.2705]
Epoch 19/150 [train]:  69%|██████▉   | 18/26 [00:00<00:00, 86.55it/s, S=0.3550, loss=-0.2619]
                                                                                             
Epoch  19/150  train loss=-0.2700  val loss=-0.2882  S[mean]=0.3832  ζ=0.4069  mean_plane_ζ=0.3009  reg=0.0950  λscale=0.21  lr=2.89e-04
Saved val-mean plane ζ checkpoint val_mean_plane_zeta_0.3.pt: threshold=0.3 epoch=19 val_mean_plane_zeta=0.3009

Epoch 20/150 [train]:   0%|          | 0/26 [00:00<?, ?it/s]
Epoch 20/150 [train]:   0%|          | 0/26 [00:00<?, ?it/s, S=0.3667, loss=-0.2781]
Epoch 20/150 [train]:   0%|          | 0/26 [00:00<?, ?it/s, S=0.3634, loss=-0.2753]
Epoch 20/150 [train]:   0%|          | 0/26 [00:00<?, ?it/s, S=0.3635, loss=-0.2767]
Epoch 20/150 [train]:   0%|          | 0/26 [00:00<?, ?it/s, S=0.3636, loss=-0.2730]
Epoch 20/150 [train]:   0%|          | 0/26 [00:00<?, ?it/s, S=0.3738, loss=-0.2865]
Epoch 20/150 [train]:   0%|          | 0/26 [00:00<?, ?it/s, S=0.3612, loss=-0.2701]
Epoch 20/150 [train]:   0%|          | 0/26 [00:00<?, ?it/s, S=0.3486, loss=-0.2640]
Epoch 20/150 [train]:   0%|          | 0/26 [00:00<?, ?it/s, S=0.3684, loss=-0.2771]
Epoch 20/150 [train]:   0%|          | 0/26 [00:00<?, ?it/s, S=0.3639, loss=-0.2753]
Epoch 20/150 [train]:  35%|███▍      | 9/26 [00:00<00:00, 86.87it/s, S=0.3639, loss=-0.2753]
Epoch 20/150 [train]:  35%|███▍      | 9/26 [00:00<00:00, 86.87it/s, S=0.3505, loss=-0.2501]
Epoch 20/150 [train]:  35%|███▍      | 9/26 [00:00<00:00, 86.87it/s, S=0.3582, loss=-0.2612]
Epoch 20/150 [train]:  35%|███▍      | 9/26 [00:00<00:00, 86.87it/s, S=0.3618, loss=-0.2679]
Epoch 20/150 [train]:  35%|███▍      | 9/26 [00:00<00:00, 86.87it/s, S=0.3682, loss=-0.2811]
Epoch 20/150 [train]:  35%|███▍      | 9/26 [00:00<00:00, 86.87it/s, S=0.3618, loss=-0.2735]
Epoch 20/150 [train]:  35%|███▍      | 9/26 [00:00<00:00, 86.87it/s, S=0.3687, loss=-0.2783]
Epoch 20/150 [train]:  35%|███▍      | 9/26 [00:00<00:00, 86.87it/s, S=0.3668, loss=-0.2798]
Epoch 20/150 [train]:  35%|███▍      | 9/26 [00:00<00:00, 86.87it/s, S=0.3619, loss=-0.2745]
Epoch 20/150 [train]:  35%|███▍      | 9/26 [00:00<00:00, 86.87it/s, S=0.3593, loss=-0.2701]
Epoch 20/150 [train]:  69%|██████▉   | 18/26 [00:00<00:00, 86.67it/s, S=0.3593, loss=-0.2701]
Epoch 20/150 [train]:  69%|██████▉   | 18/26 [00:00<00:00, 86.67it/s, S=0.3675, loss=-0.2808]
Epoch 20/150 [train]:  69%|██████▉   | 18/26 [00:00<00:00, 86.67it/s, S=0.3686, loss=-0.2812]
Epoch 20/150 [train]:  69%|██████▉   | 18/26 [00:00<00:00, 86.67it/s, S=0.3692, loss=-0.2815]
Epoch 20/150 [train]:  69%|██████▉   | 18/26 [00:00<00:00, 86.67it/s, S=0.3631, loss=-0.2742]
Epoch 20/150 [train]:  69%|██████▉   | 18/26 [00:00<00:00, 86.67it/s, S=0.3597, loss=-0.2707]
Epoch 20/150 [train]:  69%|██████▉   | 18/26 [00:00<00:00, 86.67it/s, S=0.3659, loss=-0.2746]
Epoch 20/150 [train]:  69%|██████▉   | 18/26 [00:00<00:00, 86.67it/s, S=0.3590, loss=-0.2733]
Epoch 20/150 [train]:  69%|██████▉   | 18/26 [00:00<00:00, 86.67it/s, S=0.3656, loss=-0.2753]
                                                                                             
Epoch  20/150  train loss=-0.2740  val loss=-0.2893  S[mean]=0.3857  ζ=0.4075  mean_plane_ζ=0.3016  reg=0.0965  λscale=0.21  lr=2.50e-04

Epoch 21/150 [train]:   0%|          | 0/26 [00:00<?, ?it/s]
Epoch 21/150 [train]:   0%|          | 0/26 [00:00<?, ?it/s, S=0.3635, loss=-0.2750]
Epoch 21/150 [train]:   0%|          | 0/26 [00:00<?, ?it/s, S=0.3709, loss=-0.2832]
Epoch 21/150 [train]:   0%|          | 0/26 [00:00<?, ?it/s, S=0.3655, loss=-0.2777]
Epoch 21/150 [train]:   0%|          | 0/26 [00:00<?, ?it/s, S=0.3687, loss=-0.2789]
Epoch 21/150 [train]:   0%|          | 0/26 [00:00<?, ?it/s, S=0.3588, loss=-0.2661]
Epoch 21/150 [train]:   0%|          | 0/26 [00:00<?, ?it/s, S=0.3735, loss=-0.2828]
Epoch 21/150 [train]:   0%|          | 0/26 [00:00<?, ?it/s, S=0.3721, loss=-0.2848]
Epoch 21/150 [train]:   0%|          | 0/26 [00:00<?, ?it/s, S=0.3628, loss=-0.2733]
Epoch 21/150 [train]:   0%|          | 0/26 [00:00<?, ?it/s, S=0.3726, loss=-0.2838]
Epoch 21/150 [train]:  35%|███▍      | 9/26 [00:00<00:00, 86.48it/s, S=0.3726, loss=-0.2838]
Epoch 21/150 [train]:  35%|███▍      | 9/26 [00:00<00:00, 86.48it/s, S=0.3599, loss=-0.2712]
Epoch 21/150 [train]:  35%|███▍      | 9/26 [00:00<00:00, 86.48it/s, S=0.3712, loss=-0.2814]
Epoch 21/150 [train]:  35%|███▍      | 9/26 [00:00<00:00, 86.48it/s, S=0.3678, loss=-0.2823]
Epoch 21/150 [train]:  35%|███▍      | 9/26 [00:00<00:00, 86.48it/s, S=0.3609, loss=-0.2738]
Epoch 21/150 [train]:  35%|███▍      | 9/26 [00:00<00:00, 86.48it/s, S=0.3764, loss=-0.2876]
Epoch 21/150 [train]:  35%|███▍      | 9/26 [00:00<00:00, 86.48it/s, S=0.3705, loss=-0.2840]
Epoch 21/150 [train]:  35%|███▍      | 9/26 [00:00<00:00, 86.48it/s, S=0.3716, loss=-0.2838]
Epoch 21/150 [train]:  35%|███▍      | 9/26 [00:00<00:00, 86.48it/s, S=0.3535, loss=-0.2519]
Epoch 21/150 [train]:  35%|███▍      | 9/26 [00:00<00:00, 86.48it/s, S=0.3687, loss=-0.2794]
Epoch 21/150 [train]:  69%|██████▉   | 18/26 [00:00<00:00, 86.25it/s, S=0.3687, loss=-0.2794]
Epoch 21/150 [train]:  69%|██████▉   | 18/26 [00:00<00:00, 86.25it/s, S=0.3638, loss=-0.2741]
Epoch 21/150 [train]:  69%|██████▉   | 18/26 [00:00<00:00, 86.25it/s, S=0.3737, loss=-0.2796]
Epoch 21/150 [train]:  69%|██████▉   | 18/26 [00:00<00:00, 86.25it/s, S=0.3740, loss=-0.2855]
Epoch 21/150 [train]:  69%|██████▉   | 18/26 [00:00<00:00, 86.25it/s, S=0.3573, loss=-0.2619]
Epoch 21/150 [train]:  69%|██████▉   | 18/26 [00:00<00:00, 86.25it/s, S=0.3621, loss=-0.2640]
Epoch 21/150 [train]:  69%|██████▉   | 18/26 [00:00<00:00, 86.25it/s, S=0.3690, loss=-0.2819]
Epoch 21/150 [train]:  69%|██████▉   | 18/26 [00:00<00:00, 86.25it/s, S=0.3631, loss=-0.2721]
Epoch 21/150 [train]:  69%|██████▉   | 18/26 [00:00<00:00, 86.25it/s, S=0.3731, loss=-0.2787]
                                                                                             
Epoch  21/150  train loss=-0.2769  val loss=-0.2894  S[mean]=0.3879  ζ=0.4094  mean_plane_ζ=0.3031  reg=0.0985  λscale=0.22  lr=2.11e-04

Epoch 22/150 [train]:   0%|          | 0/26 [00:00<?, ?it/s]
Epoch 22/150 [train]:   0%|          | 0/26 [00:00<?, ?it/s, S=0.3687, loss=-0.2762]
Epoch 22/150 [train]:   0%|          | 0/26 [00:00<?, ?it/s, S=0.3755, loss=-0.2839]
Epoch 22/150 [train]:   0%|          | 0/26 [00:00<?, ?it/s, S=0.3625, loss=-0.2664]
Epoch 22/150 [train]:   0%|          | 0/26 [00:00<?, ?it/s, S=0.3688, loss=-0.2770]
Epoch 22/150 [train]:   0%|          | 0/26 [00:00<?, ?it/s, S=0.3779, loss=-0.2856]
Epoch 22/150 [train]:   0%|          | 0/26 [00:00<?, ?it/s, S=0.3622, loss=-0.2733]
Epoch 22/150 [train]:   0%|          | 0/26 [00:00<?, ?it/s, S=0.3610, loss=-0.2652]
Epoch 22/150 [train]:   0%|          | 0/26 [00:00<?, ?it/s, S=0.3718, loss=-0.2805]
Epoch 22/150 [train]:   0%|          | 0/26 [00:00<?, ?it/s, S=0.3727, loss=-0.2793]
Epoch 22/150 [train]:  35%|███▍      | 9/26 [00:00<00:00, 86.45it/s, S=0.3727, loss=-0.2793]
Epoch 22/150 [train]:  35%|███▍      | 9/26 [00:00<00:00, 86.45it/s, S=0.3757, loss=-0.2874]
Epoch 22/150 [train]:  35%|███▍      | 9/26 [00:00<00:00, 86.45it/s, S=0.3744, loss=-0.2854]
Epoch 22/150 [train]:  35%|███▍      | 9/26 [00:00<00:00, 86.45it/s, S=0.3636, loss=-0.2744]
Epoch 22/150 [train]:  35%|███▍      | 9/26 [00:00<00:00, 86.45it/s, S=0.3755, loss=-0.2878]
Epoch 22/150 [train]:  35%|███▍      | 9/26 [00:00<00:00, 86.45it/s, S=0.3641, loss=-0.2712]
Epoch 22/150 [train]:  35%|███▍      | 9/26 [00:00<00:00, 86.45it/s, S=0.3774, loss=-0.2820]
Epoch 22/150 [train]:  35%|███▍      | 9/26 [00:00<00:00, 86.45it/s, S=0.3701, loss=-0.2809]
Epoch 22/150 [train]:  35%|███▍      | 9/26 [00:00<00:00, 86.45it/s, S=0.3730, loss=-0.2828]
Epoch 22/150 [train]:  35%|███▍      | 9/26 [00:00<00:00, 86.45it/s, S=0.3773, loss=-0.2862]
Epoch 22/150 [train]:  69%|██████▉   | 18/26 [00:00<00:00, 86.49it/s, S=0.3773, loss=-0.2862]
Epoch 22/150 [train]:  69%|██████▉   | 18/26 [00:00<00:00, 86.49it/s, S=0.3715, loss=-0.2819]
Epoch 22/150 [train]:  69%|██████▉   | 18/26 [00:00<00:00, 86.49it/s, S=0.3698, loss=-0.2666]
Epoch 22/150 [train]:  69%|██████▉   | 18/26 [00:00<00:00, 86.49it/s, S=0.3663, loss=-0.2745]
Epoch 22/150 [train]:  69%|██████▉   | 18/26 [00:00<00:00, 86.49it/s, S=0.3728, loss=-0.2778]
Epoch 22/150 [train]:  69%|██████▉   | 18/26 [00:00<00:00, 86.49it/s, S=0.3727, loss=-0.2853]
Epoch 22/150 [train]:  69%|██████▉   | 18/26 [00:00<00:00, 86.49it/s, S=0.3704, loss=-0.2801]
Epoch 22/150 [train]:  69%|██████▉   | 18/26 [00:00<00:00, 86.49it/s, S=0.3579, loss=-0.2690]
Epoch 22/150 [train]:  69%|██████▉   | 18/26 [00:00<00:00, 86.49it/s, S=0.3749, loss=-0.2865]
                                                                                             
Epoch  22/150  train loss=-0.2787  val loss=-0.2919  S[mean]=0.3905  ζ=0.4111  mean_plane_ζ=0.3046  reg=0.0986  λscale=0.23  lr=1.73e-04

Epoch 23/150 [train]:   0%|          | 0/26 [00:00<?, ?it/s]
Epoch 23/150 [train]:   0%|          | 0/26 [00:00<?, ?it/s, S=0.3735, loss=-0.2830]
Epoch 23/150 [train]:   0%|          | 0/26 [00:00<?, ?it/s, S=0.3710, loss=-0.2764]
Epoch 23/150 [train]:   0%|          | 0/26 [00:00<?, ?it/s, S=0.3670, loss=-0.2696]
Epoch 23/150 [train]:   0%|          | 0/26 [00:00<?, ?it/s, S=0.3636, loss=-0.2659]
Epoch 23/150 [train]:   0%|          | 0/26 [00:00<?, ?it/s, S=0.3746, loss=-0.2820]
Epoch 23/150 [train]:   0%|          | 0/26 [00:00<?, ?it/s, S=0.3700, loss=-0.2799]
Epoch 23/150 [train]:   0%|          | 0/26 [00:00<?, ?it/s, S=0.3742, loss=-0.2811]
Epoch 23/150 [train]:   0%|          | 0/26 [00:00<?, ?it/s, S=0.3658, loss=-0.2718]
Epoch 23/150 [train]:   0%|          | 0/26 [00:00<?, ?it/s, S=0.3679, loss=-0.2715]
Epoch 23/150 [train]:  35%|███▍      | 9/26 [00:00<00:00, 86.18it/s, S=0.3679, loss=-0.2715]
Epoch 23/150 [train]:  35%|███▍      | 9/26 [00:00<00:00, 86.18it/s, S=0.3764, loss=-0.2807]
Epoch 23/150 [train]:  35%|███▍      | 9/26 [00:00<00:00, 86.18it/s, S=0.3671, loss=-0.2709]
Epoch 23/150 [train]:  35%|███▍      | 9/26 [00:00<00:00, 86.18it/s, S=0.3805, loss=-0.2886]
Epoch 23/150 [train]:  35%|███▍      | 9/26 [00:00<00:00, 86.18it/s, S=0.3682, loss=-0.2729]
Epoch 23/150 [train]:  35%|███▍      | 9/26 [00:00<00:00, 86.18it/s, S=0.3818, loss=-0.2903]
Epoch 23/150 [train]:  35%|███▍      | 9/26 [00:00<00:00, 86.18it/s, S=0.3797, loss=-0.2883]
Epoch 23/150 [train]:  35%|███▍      | 9/26 [00:00<00:00, 86.18it/s, S=0.3788, loss=-0.2862]
Epoch 23/150 [train]:  35%|███▍      | 9/26 [00:00<00:00, 86.18it/s, S=0.3742, loss=-0.2822]
Epoch 23/150 [train]:  35%|███▍      | 9/26 [00:00<00:00, 86.18it/s, S=0.3616, loss=-0.2715]
Epoch 23/150 [train]:  69%|██████▉   | 18/26 [00:00<00:00, 86.46it/s, S=0.3616, loss=-0.2715]
Epoch 23/150 [train]:  69%|██████▉   | 18/26 [00:00<00:00, 86.46it/s, S=0.3784, loss=-0.2845]
Epoch 23/150 [train]:  69%|██████▉   | 18/26 [00:00<00:00, 86.46it/s, S=0.3694, loss=-0.2681]
Epoch 23/150 [train]:  69%|██████▉   | 18/26 [00:00<00:00, 86.46it/s, S=0.3754, loss=-0.2851]
Epoch 23/150 [train]:  69%|██████▉   | 18/26 [00:00<00:00, 86.46it/s, S=0.3718, loss=-0.2816]
Epoch 23/150 [train]:  69%|██████▉   | 18/26 [00:00<00:00, 86.46it/s, S=0.3667, loss=-0.2640]
Epoch 23/150 [train]:  69%|██████▉   | 18/26 [00:00<00:00, 86.46it/s, S=0.3765, loss=-0.2853]
Epoch 23/150 [train]:  69%|██████▉   | 18/26 [00:00<00:00, 86.46it/s, S=0.3621, loss=-0.2644]
Epoch 23/150 [train]:  69%|██████▉   | 18/26 [00:00<00:00, 86.46it/s, S=0.3668, loss=-0.2736]
                                                                                             
Epoch  23/150  train loss=-0.2777  val loss=-0.2914  S[mean]=0.3914  ζ=0.4116  mean_plane_ζ=0.3052  reg=0.1000  λscale=0.23  lr=1.37e-04

Epoch 24/150 [train]:   0%|          | 0/26 [00:00<?, ?it/s]
Epoch 24/150 [train]:   0%|          | 0/26 [00:00<?, ?it/s, S=0.3765, loss=-0.2839]
Epoch 24/150 [train]:   0%|          | 0/26 [00:00<?, ?it/s, S=0.3693, loss=-0.2761]
Epoch 24/150 [train]:   0%|          | 0/26 [00:00<?, ?it/s, S=0.3811, loss=-0.2883]
Epoch 24/150 [train]:   0%|          | 0/26 [00:00<?, ?it/s, S=0.3675, loss=-0.2672]
Epoch 24/150 [train]:   0%|          | 0/26 [00:00<?, ?it/s, S=0.3754, loss=-0.2809]
Epoch 24/150 [train]:   0%|          | 0/26 [00:00<?, ?it/s, S=0.3783, loss=-0.2866]
Epoch 24/150 [train]:   0%|          | 0/26 [00:00<?, ?it/s, S=0.3655, loss=-0.2724]
Epoch 24/150 [train]:   0%|          | 0/26 [00:00<?, ?it/s, S=0.3798, loss=-0.2833]
Epoch 24/150 [train]:   0%|          | 0/26 [00:00<?, ?it/s, S=0.3730, loss=-0.2791]
Epoch 24/150 [train]:  35%|███▍      | 9/26 [00:00<00:00, 86.34it/s, S=0.3730, loss=-0.2791]
Epoch 24/150 [train]:  35%|███▍      | 9/26 [00:00<00:00, 86.34it/s, S=0.3654, loss=-0.2736]
Epoch 24/150 [train]:  35%|███▍      | 9/26 [00:00<00:00, 86.34it/s, S=0.3704, loss=-0.2754]
Epoch 24/150 [train]:  35%|███▍      | 9/26 [00:00<00:00, 86.34it/s, S=0.3771, loss=-0.2850]
Epoch 24/150 [train]:  35%|███▍      | 9/26 [00:00<00:00, 86.34it/s, S=0.3778, loss=-0.2888]
Epoch 24/150 [train]:  35%|███▍      | 9/26 [00:00<00:00, 86.34it/s, S=0.3719, loss=-0.2786]
Epoch 24/150 [train]:  35%|███▍      | 9/26 [00:00<00:00, 86.34it/s, S=0.3668, loss=-0.2740]
Epoch 24/150 [train]:  35%|███▍      | 9/26 [00:00<00:00, 86.34it/s, S=0.3789, loss=-0.2879]
Epoch 24/150 [train]:  35%|███▍      | 9/26 [00:00<00:00, 86.34it/s, S=0.3754, loss=-0.2815]
Epoch 24/150 [train]:  35%|███▍      | 9/26 [00:00<00:00, 86.34it/s, S=0.3753, loss=-0.2847]
Epoch 24/150 [train]:  69%|██████▉   | 18/26 [00:00<00:00, 86.36it/s, S=0.3753, loss=-0.2847]
Epoch 24/150 [train]:  69%|██████▉   | 18/26 [00:00<00:00, 86.36it/s, S=0.3696, loss=-0.2738]
Epoch 24/150 [train]:  69%|██████▉   | 18/26 [00:00<00:00, 86.36it/s, S=0.3755, loss=-0.2801]
Epoch 24/150 [train]:  69%|██████▉   | 18/26 [00:00<00:00, 86.36it/s, S=0.3836, loss=-0.2910]
Epoch 24/150 [train]:  69%|██████▉   | 18/26 [00:00<00:00, 86.36it/s, S=0.3741, loss=-0.2808]
Epoch 24/150 [train]:  69%|██████▉   | 18/26 [00:00<00:00, 86.36it/s, S=0.3801, loss=-0.2843]
Epoch 24/150 [train]:  69%|██████▉   | 18/26 [00:00<00:00, 86.36it/s, S=0.3755, loss=-0.2845]
Epoch 24/150 [train]:  69%|██████▉   | 18/26 [00:00<00:00, 86.36it/s, S=0.3803, loss=-0.2873]
Epoch 24/150 [train]:  69%|██████▉   | 18/26 [00:00<00:00, 86.36it/s, S=0.3703, loss=-0.2629]
                                                                                             
Epoch  24/150  train loss=-0.2805  val loss=-0.2912  S[mean]=0.3925  ζ=0.4130  mean_plane_ζ=0.3062  reg=0.1013  λscale=0.24  lr=1.03e-04

Epoch 25/150 [train]:   0%|          | 0/26 [00:00<?, ?it/s]
Epoch 25/150 [train]:   0%|          | 0/26 [00:00<?, ?it/s, S=0.3775, loss=-0.2737]
Epoch 25/150 [train]:   0%|          | 0/26 [00:00<?, ?it/s, S=0.3699, loss=-0.2647]
Epoch 25/150 [train]:   0%|          | 0/26 [00:00<?, ?it/s, S=0.3817, loss=-0.2879]
Epoch 25/150 [train]:   0%|          | 0/26 [00:00<?, ?it/s, S=0.3767, loss=-0.2814]
Epoch 25/150 [train]:   0%|          | 0/26 [00:00<?, ?it/s, S=0.3748, loss=-0.2785]
Epoch 25/150 [train]:   0%|          | 0/26 [00:00<?, ?it/s, S=0.3734, loss=-0.2789]
Epoch 25/150 [train]:   0%|          | 0/26 [00:00<?, ?it/s, S=0.3728, loss=-0.2751]
Epoch 25/150 [train]:   0%|          | 0/26 [00:00<?, ?it/s, S=0.3773, loss=-0.2849]
Epoch 25/150 [train]:   0%|          | 0/26 [00:00<?, ?it/s, S=0.3707, loss=-0.2731]
Epoch 25/150 [train]:  35%|███▍      | 9/26 [00:00<00:00, 86.23it/s, S=0.3707, loss=-0.2731]
Epoch 25/150 [train]:  35%|███▍      | 9/26 [00:00<00:00, 86.23it/s, S=0.3709, loss=-0.2785]
Epoch 25/150 [train]:  35%|███▍      | 9/26 [00:00<00:00, 86.23it/s, S=0.3575, loss=-0.2558]
Epoch 25/150 [train]:  35%|███▍      | 9/26 [00:00<00:00, 86.23it/s, S=0.3760, loss=-0.2792]
Epoch 25/150 [train]:  35%|███▍      | 9/26 [00:00<00:00, 86.23it/s, S=0.3782, loss=-0.2850]
Epoch 25/150 [train]:  35%|███▍      | 9/26 [00:00<00:00, 86.23it/s, S=0.3730, loss=-0.2815]
Epoch 25/150 [train]:  35%|███▍      | 9/26 [00:00<00:00, 86.23it/s, S=0.3733, loss=-0.2776]
Epoch 25/150 [train]:  35%|███▍      | 9/26 [00:00<00:00, 86.23it/s, S=0.3748, loss=-0.2830]
Epoch 25/150 [train]:  35%|███▍      | 9/26 [00:00<00:00, 86.23it/s, S=0.3801, loss=-0.2838]
Epoch 25/150 [train]:  35%|███▍      | 9/26 [00:00<00:00, 86.23it/s, S=0.3738, loss=-0.2735]
Epoch 25/150 [train]:  69%|██████▉   | 18/26 [00:00<00:00, 86.39it/s, S=0.3738, loss=-0.2735]
Epoch 25/150 [train]:  69%|██████▉   | 18/26 [00:00<00:00, 86.39it/s, S=0.3774, loss=-0.2853]
Epoch 25/150 [train]:  69%|██████▉   | 18/26 [00:00<00:00, 86.39it/s, S=0.3717, loss=-0.2704]
Epoch 25/150 [train]:  69%|██████▉   | 18/26 [00:00<00:00, 86.39it/s, S=0.3708, loss=-0.2767]
Epoch 25/150 [train]:  69%|██████▉   | 18/26 [00:00<00:00, 86.39it/s, S=0.3754, loss=-0.2797]
Epoch 25/150 [train]:  69%|██████▉   | 18/26 [00:00<00:00, 86.39it/s, S=0.3817, loss=-0.2881]
Epoch 25/150 [train]:  69%|██████▉   | 18/26 [00:00<00:00, 86.39it/s, S=0.3744, loss=-0.2762]
Epoch 25/150 [train]:  69%|██████▉   | 18/26 [00:00<00:00, 86.39it/s, S=0.3825, loss=-0.2902]
Epoch 25/150 [train]:  69%|██████▉   | 18/26 [00:00<00:00, 86.39it/s, S=0.3732, loss=-0.2789]
                                                                                             
Epoch  25/150  train loss=-0.2785  val loss=-0.2902  S[mean]=0.3930  ζ=0.4131  mean_plane_ζ=0.3065  reg=0.1029  λscale=0.24  lr=7.32e-05

Epoch 26/150 [train]:   0%|          | 0/26 [00:00<?, ?it/s]
Epoch 26/150 [train]:   0%|          | 0/26 [00:00<?, ?it/s, S=0.3768, loss=-0.2831]
Epoch 26/150 [train]:   0%|          | 0/26 [00:00<?, ?it/s, S=0.3778, loss=-0.2777]
Epoch 26/150 [train]:   0%|          | 0/26 [00:00<?, ?it/s, S=0.3689, loss=-0.2651]
Epoch 26/150 [train]:   0%|          | 0/26 [00:00<?, ?it/s, S=0.3735, loss=-0.2734]
Epoch 26/150 [train]:   0%|          | 0/26 [00:00<?, ?it/s, S=0.3739, loss=-0.2755]
Epoch 26/150 [train]:   0%|          | 0/26 [00:00<?, ?it/s, S=0.3763, loss=-0.2708]
Epoch 26/150 [train]:   0%|          | 0/26 [00:00<?, ?it/s, S=0.3673, loss=-0.2675]
Epoch 26/150 [train]:   0%|          | 0/26 [00:00<?, ?it/s, S=0.3779, loss=-0.2813]
Epoch 26/150 [train]:   0%|          | 0/26 [00:00<?, ?it/s, S=0.3727, loss=-0.2780]
Epoch 26/150 [train]:  35%|███▍      | 9/26 [00:00<00:00, 86.29it/s, S=0.3727, loss=-0.2780]
Epoch 26/150 [train]:  35%|███▍      | 9/26 [00:00<00:00, 86.29it/s, S=0.3816, loss=-0.2772]
Epoch 26/150 [train]:  35%|███▍      | 9/26 [00:00<00:00, 86.29it/s, S=0.3676, loss=-0.2612]
Epoch 26/150 [train]:  35%|███▍      | 9/26 [00:00<00:00, 86.29it/s, S=0.3605, loss=-0.2649]
Epoch 26/150 [train]:  35%|███▍      | 9/26 [00:00<00:00, 86.29it/s, S=0.3784, loss=-0.2828]
Epoch 26/150 [train]:  35%|███▍      | 9/26 [00:00<00:00, 86.29it/s, S=0.3633, loss=-0.2640]
Epoch 26/150 [train]:  35%|███▍      | 9/26 [00:00<00:00, 86.29it/s, S=0.3731, loss=-0.2739]
Epoch 26/150 [train]:  35%|███▍      | 9/26 [00:00<00:00, 86.29it/s, S=0.3815, loss=-0.2852]
Epoch 26/150 [train]:  35%|███▍      | 9/26 [00:00<00:00, 86.29it/s, S=0.3700, loss=-0.2736]
Epoch 26/150 [train]:  35%|███▍      | 9/26 [00:00<00:00, 86.29it/s, S=0.3729, loss=-0.2715]
Epoch 26/150 [train]:  69%|██████▉   | 18/26 [00:00<00:00, 86.42it/s, S=0.3729, loss=-0.2715]
Epoch 26/150 [train]:  69%|██████▉   | 18/26 [00:00<00:00, 86.42it/s, S=0.3786, loss=-0.2735]
Epoch 26/150 [train]:  69%|██████▉   | 18/26 [00:00<00:00, 86.42it/s, S=0.3746, loss=-0.2787]
Epoch 26/150 [train]:  69%|██████▉   | 18/26 [00:00<00:00, 86.42it/s, S=0.3731, loss=-0.2760]
Epoch 26/150 [train]:  69%|██████▉   | 18/26 [00:00<00:00, 86.42it/s, S=0.3756, loss=-0.2775]
Epoch 26/150 [train]:  69%|██████▉   | 18/26 [00:00<00:00, 86.42it/s, S=0.3824, loss=-0.2897]
Epoch 26/150 [train]:  69%|██████▉   | 18/26 [00:00<00:00, 86.42it/s, S=0.3805, loss=-0.2853]
Epoch 26/150 [train]:  69%|██████▉   | 18/26 [00:00<00:00, 86.42it/s, S=0.3771, loss=-0.2761]
Epoch 26/150 [train]:  69%|██████▉   | 18/26 [00:00<00:00, 86.42it/s, S=0.3754, loss=-0.2790]
                                                                                             
Epoch  26/150  train loss=-0.2755  val loss=-0.2882  S[mean]=0.3932  ζ=0.4133  mean_plane_ζ=0.3067  reg=0.1050  λscale=0.25  lr=4.77e-05

Epoch 27/150 [train]:   0%|          | 0/26 [00:00<?, ?it/s]
Epoch 27/150 [train]:   0%|          | 0/26 [00:00<?, ?it/s, S=0.3735, loss=-0.2744]
Epoch 27/150 [train]:   0%|          | 0/26 [00:00<?, ?it/s, S=0.3674, loss=-0.2687]
Epoch 27/150 [train]:   0%|          | 0/26 [00:00<?, ?it/s, S=0.3624, loss=-0.2566]
Epoch 27/150 [train]:   0%|          | 0/26 [00:00<?, ?it/s, S=0.3781, loss=-0.2791]
Epoch 27/150 [train]:   0%|          | 0/26 [00:00<?, ?it/s, S=0.3787, loss=-0.2785]
Epoch 27/150 [train]:   0%|          | 0/26 [00:00<?, ?it/s, S=0.3714, loss=-0.2678]
Epoch 27/150 [train]:   0%|          | 0/26 [00:00<?, ?it/s, S=0.3764, loss=-0.2810]
Epoch 27/150 [train]:   0%|          | 0/26 [00:00<?, ?it/s, S=0.3773, loss=-0.2782]
Epoch 27/150 [train]:   0%|          | 0/26 [00:00<?, ?it/s, S=0.3787, loss=-0.2821]
Epoch 27/150 [train]:  35%|███▍      | 9/26 [00:00<00:00, 86.48it/s, S=0.3787, loss=-0.2821]
Epoch 27/150 [train]:  35%|███▍      | 9/26 [00:00<00:00, 86.48it/s, S=0.3733, loss=-0.2656]
Epoch 27/150 [train]:  35%|███▍      | 9/26 [00:00<00:00, 86.48it/s, S=0.3735, loss=-0.2671]
Epoch 27/150 [train]:  35%|███▍      | 9/26 [00:00<00:00, 86.48it/s, S=0.3835, loss=-0.2880]
Epoch 27/150 [train]:  35%|███▍      | 9/26 [00:00<00:00, 86.48it/s, S=0.3758, loss=-0.2805]
Epoch 27/150 [train]:  35%|███▍      | 9/26 [00:00<00:00, 86.48it/s, S=0.3753, loss=-0.2793]
Epoch 27/150 [train]:  35%|███▍      | 9/26 [00:00<00:00, 86.48it/s, S=0.3803, loss=-0.2832]
Epoch 27/150 [train]:  35%|███▍      | 9/26 [00:00<00:00, 86.48it/s, S=0.3674, loss=-0.2664]
Epoch 27/150 [train]:  35%|███▍      | 9/26 [00:00<00:00, 86.48it/s, S=0.3784, loss=-0.2828]
Epoch 27/150 [train]:  35%|███▍      | 9/26 [00:00<00:00, 86.48it/s, S=0.3801, loss=-0.2812]
Epoch 27/150 [train]:  69%|██████▉   | 18/26 [00:00<00:00, 86.61it/s, S=0.3801, loss=-0.2812]
Epoch 27/150 [train]:  69%|██████▉   | 18/26 [00:00<00:00, 86.61it/s, S=0.3735, loss=-0.2733]
Epoch 27/150 [train]:  69%|██████▉   | 18/26 [00:00<00:00, 86.61it/s, S=0.3747, loss=-0.2669]
Epoch 27/150 [train]:  69%|██████▉   | 18/26 [00:00<00:00, 86.61it/s, S=0.3731, loss=-0.2774]
Epoch 27/150 [train]:  69%|██████▉   | 18/26 [00:00<00:00, 86.61it/s, S=0.3829, loss=-0.2761]
Epoch 27/150 [train]:  69%|██████▉   | 18/26 [00:00<00:00, 86.61it/s, S=0.3703, loss=-0.2724]
Epoch 27/150 [train]:  69%|██████▉   | 18/26 [00:00<00:00, 86.61it/s, S=0.3750, loss=-0.2758]
Epoch 27/150 [train]:  69%|██████▉   | 18/26 [00:00<00:00, 86.61it/s, S=0.3742, loss=-0.2786]
Epoch 27/150 [train]:  69%|██████▉   | 18/26 [00:00<00:00, 86.61it/s, S=0.3808, loss=-0.2826]
                                                                                             
Epoch  27/150  train loss=-0.2755  val loss=-0.2862  S[mean]=0.3931  ζ=0.4134  mean_plane_ζ=0.3069  reg=0.1070  λscale=0.26  lr=2.72e-05

Epoch 28/150 [train]:   0%|          | 0/26 [00:00<?, ?it/s]
Epoch 28/150 [train]:   0%|          | 0/26 [00:00<?, ?it/s, S=0.3749, loss=-0.2695]
Epoch 28/150 [train]:   0%|          | 0/26 [00:00<?, ?it/s, S=0.3670, loss=-0.2672]
Epoch 28/150 [train]:   0%|          | 0/26 [00:00<?, ?it/s, S=0.3766, loss=-0.2792]
Epoch 28/150 [train]:   0%|          | 0/26 [00:00<?, ?it/s, S=0.3752, loss=-0.2750]
Epoch 28/150 [train]:   0%|          | 0/26 [00:00<?, ?it/s, S=0.3762, loss=-0.2767]
Epoch 28/150 [train]:   0%|          | 0/26 [00:00<?, ?it/s, S=0.3828, loss=-0.2817]
Epoch 28/150 [train]:   0%|          | 0/26 [00:00<?, ?it/s, S=0.3712, loss=-0.2627]
Epoch 28/150 [train]:   0%|          | 0/26 [00:00<?, ?it/s, S=0.3711, loss=-0.2610]
Epoch 28/150 [train]:   0%|          | 0/26 [00:00<?, ?it/s, S=0.3796, loss=-0.2800]
Epoch 28/150 [train]:  35%|███▍      | 9/26 [00:00<00:00, 86.68it/s, S=0.3796, loss=-0.2800]
Epoch 28/150 [train]:  35%|███▍      | 9/26 [00:00<00:00, 86.68it/s, S=0.3673, loss=-0.2667]
Epoch 28/150 [train]:  35%|███▍      | 9/26 [00:00<00:00, 86.68it/s, S=0.3781, loss=-0.2720]
Epoch 28/150 [train]:  35%|███▍      | 9/26 [00:00<00:00, 86.68it/s, S=0.3733, loss=-0.2718]
Epoch 28/150 [train]:  35%|███▍      | 9/26 [00:00<00:00, 86.68it/s, S=0.3784, loss=-0.2766]
Epoch 28/150 [train]:  35%|███▍      | 9/26 [00:00<00:00, 86.68it/s, S=0.3790, loss=-0.2791]
Epoch 28/150 [train]:  35%|███▍      | 9/26 [00:00<00:00, 86.68it/s, S=0.3738, loss=-0.2715]
Epoch 28/150 [train]:  35%|███▍      | 9/26 [00:00<00:00, 86.68it/s, S=0.3832, loss=-0.2787]
Epoch 28/150 [train]:  35%|███▍      | 9/26 [00:00<00:00, 86.68it/s, S=0.3780, loss=-0.2823]
Epoch 28/150 [train]:  35%|███▍      | 9/26 [00:00<00:00, 86.68it/s, S=0.3779, loss=-0.2752]
Epoch 28/150 [train]:  69%|██████▉   | 18/26 [00:00<00:00, 86.63it/s, S=0.3779, loss=-0.2752]
Epoch 28/150 [train]:  69%|██████▉   | 18/26 [00:00<00:00, 86.63it/s, S=0.3751, loss=-0.2754]
Epoch 28/150 [train]:  69%|██████▉   | 18/26 [00:00<00:00, 86.63it/s, S=0.3766, loss=-0.2752]
Epoch 28/150 [train]:  69%|██████▉   | 18/26 [00:00<00:00, 86.63it/s, S=0.3724, loss=-0.2670]
Epoch 28/150 [train]:  69%|██████▉   | 18/26 [00:00<00:00, 86.63it/s, S=0.3806, loss=-0.2820]
Epoch 28/150 [train]:  69%|██████▉   | 18/26 [00:00<00:00, 86.63it/s, S=0.3682, loss=-0.2713]
Epoch 28/150 [train]:  69%|██████▉   | 18/26 [00:00<00:00, 86.63it/s, S=0.3808, loss=-0.2822]
Epoch 28/150 [train]:  69%|██████▉   | 18/26 [00:00<00:00, 86.63it/s, S=0.3728, loss=-0.2742]
Epoch 28/150 [train]:  69%|██████▉   | 18/26 [00:00<00:00, 86.63it/s, S=0.3770, loss=-0.2822]
                                                                                             
Epoch  28/150  train loss=-0.2745  val loss=-0.2844  S[mean]=0.3932  ζ=0.4136  mean_plane_ζ=0.3071  reg=0.1088  λscale=0.26  lr=1.22e-05

Epoch 29/150 [train]:   0%|          | 0/26 [00:00<?, ?it/s]
Epoch 29/150 [train]:   0%|          | 0/26 [00:00<?, ?it/s, S=0.3728, loss=-0.2544]
Epoch 29/150 [train]:   0%|          | 0/26 [00:00<?, ?it/s, S=0.3698, loss=-0.2672]
Epoch 29/150 [train]:   0%|          | 0/26 [00:00<?, ?it/s, S=0.3749, loss=-0.2698]
Epoch 29/150 [train]:   0%|          | 0/26 [00:00<?, ?it/s, S=0.3799, loss=-0.2796]
Epoch 29/150 [train]:   0%|          | 0/26 [00:00<?, ?it/s, S=0.3718, loss=-0.2687]
Epoch 29/150 [train]:   0%|          | 0/26 [00:00<?, ?it/s, S=0.3761, loss=-0.2746]
Epoch 29/150 [train]:   0%|          | 0/26 [00:00<?, ?it/s, S=0.3768, loss=-0.2744]
Epoch 29/150 [train]:   0%|          | 0/26 [00:00<?, ?it/s, S=0.3690, loss=-0.2652]
Epoch 29/150 [train]:   0%|          | 0/26 [00:00<?, ?it/s, S=0.3747, loss=-0.2722]
Epoch 29/150 [train]:  35%|███▍      | 9/26 [00:00<00:00, 86.55it/s, S=0.3747, loss=-0.2722]
Epoch 29/150 [train]:  35%|███▍      | 9/26 [00:00<00:00, 86.55it/s, S=0.3791, loss=-0.2741]
Epoch 29/150 [train]:  35%|███▍      | 9/26 [00:00<00:00, 86.55it/s, S=0.3765, loss=-0.2727]
Epoch 29/150 [train]:  35%|███▍      | 9/26 [00:00<00:00, 86.55it/s, S=0.3840, loss=-0.2856]
Epoch 29/150 [train]:  35%|███▍      | 9/26 [00:00<00:00, 86.55it/s, S=0.3777, loss=-0.2718]
Epoch 29/150 [train]:  35%|███▍      | 9/26 [00:00<00:00, 86.55it/s, S=0.3616, loss=-0.2426]
Epoch 29/150 [train]:  35%|███▍      | 9/26 [00:00<00:00, 86.55it/s, S=0.3692, loss=-0.2579]
Epoch 29/150 [train]:  35%|███▍      | 9/26 [00:00<00:00, 86.55it/s, S=0.3838, loss=-0.2782]
Epoch 29/150 [train]:  35%|███▍      | 9/26 [00:00<00:00, 86.55it/s, S=0.3760, loss=-0.2703]
Epoch 29/150 [train]:  35%|███▍      | 9/26 [00:00<00:00, 86.55it/s, S=0.3761, loss=-0.2718]
Epoch 29/150 [train]:  69%|██████▉   | 18/26 [00:00<00:00, 86.71it/s, S=0.3761, loss=-0.2718]
Epoch 29/150 [train]:  69%|██████▉   | 18/26 [00:00<00:00, 86.71it/s, S=0.3715, loss=-0.2706]
Epoch 29/150 [train]:  69%|██████▉   | 18/26 [00:00<00:00, 86.71it/s, S=0.3785, loss=-0.2737]
Epoch 29/150 [train]:  69%|██████▉   | 18/26 [00:00<00:00, 86.71it/s, S=0.3714, loss=-0.2724]
Epoch 29/150 [train]:  69%|██████▉   | 18/26 [00:00<00:00, 86.71it/s, S=0.3701, loss=-0.2685]
Epoch 29/150 [train]:  69%|██████▉   | 18/26 [00:00<00:00, 86.71it/s, S=0.3712, loss=-0.2701]
Epoch 29/150 [train]:  69%|██████▉   | 18/26 [00:00<00:00, 86.71it/s, S=0.3775, loss=-0.2735]
Epoch 29/150 [train]:  69%|██████▉   | 18/26 [00:00<00:00, 86.71it/s, S=0.3783, loss=-0.2681]
Epoch 29/150 [train]:  69%|██████▉   | 18/26 [00:00<00:00, 86.71it/s, S=0.3759, loss=-0.2770]
                                                                                             
Epoch  29/150  train loss=-0.2702  val loss=-0.2821  S[mean]=0.3933  ζ=0.4137  mean_plane_ζ=0.3071  reg=0.1111  λscale=0.27  lr=3.08e-06

Epoch 30/150 [train]:   0%|          | 0/26 [00:00<?, ?it/s]
Epoch 30/150 [train]:   0%|          | 0/26 [00:00<?, ?it/s, S=0.3783, loss=-0.2759]
Epoch 30/150 [train]:   0%|          | 0/26 [00:00<?, ?it/s, S=0.3785, loss=-0.2682]
Epoch 30/150 [train]:   0%|          | 0/26 [00:00<?, ?it/s, S=0.3758, loss=-0.2766]
Epoch 30/150 [train]:   0%|          | 0/26 [00:00<?, ?it/s, S=0.3700, loss=-0.2644]
Epoch 30/150 [train]:   0%|          | 0/26 [00:00<?, ?it/s, S=0.3751, loss=-0.2706]
Epoch 30/150 [train]:   0%|          | 0/26 [00:00<?, ?it/s, S=0.3686, loss=-0.2630]
Epoch 30/150 [train]:   0%|          | 0/26 [00:00<?, ?it/s, S=0.3749, loss=-0.2693]
Epoch 30/150 [train]:   0%|          | 0/26 [00:00<?, ?it/s, S=0.3818, loss=-0.2772]
Epoch 30/150 [train]:   0%|          | 0/26 [00:00<?, ?it/s, S=0.3739, loss=-0.2715]
Epoch 30/150 [train]:  35%|███▍      | 9/26 [00:00<00:00, 86.49it/s, S=0.3739, loss=-0.2715]
Epoch 30/150 [train]:  35%|███▍      | 9/26 [00:00<00:00, 86.49it/s, S=0.3677, loss=-0.2611]
Epoch 30/150 [train]:  35%|███▍      | 9/26 [00:00<00:00, 86.49it/s, S=0.3753, loss=-0.2731]
Epoch 30/150 [train]:  35%|███▍      | 9/26 [00:00<00:00, 86.49it/s, S=0.3802, loss=-0.2715]
Epoch 30/150 [train]:  35%|███▍      | 9/26 [00:00<00:00, 86.49it/s, S=0.3773, loss=-0.2747]
Epoch 30/150 [train]:  35%|███▍      | 9/26 [00:00<00:00, 86.49it/s, S=0.3813, loss=-0.2764]
Epoch 30/150 [train]:  35%|███▍      | 9/26 [00:00<00:00, 86.49it/s, S=0.3739, loss=-0.2666]
Epoch 30/150 [train]:  35%|███▍      | 9/26 [00:00<00:00, 86.49it/s, S=0.3792, loss=-0.2745]
Epoch 30/150 [train]:  35%|███▍      | 9/26 [00:00<00:00, 86.49it/s, S=0.3801, loss=-0.2744]
Epoch 30/150 [train]:  35%|███▍      | 9/26 [00:00<00:00, 86.49it/s, S=0.3711, loss=-0.2701]
Epoch 30/150 [train]:  69%|██████▉   | 18/26 [00:00<00:00, 86.55it/s, S=0.3711, loss=-0.2701]
Epoch 30/150 [train]:  69%|██████▉   | 18/26 [00:00<00:00, 86.55it/s, S=0.3727, loss=-0.2676]
Epoch 30/150 [train]:  69%|██████▉   | 18/26 [00:00<00:00, 86.55it/s, S=0.3729, loss=-0.2713]
Epoch 30/150 [train]:  69%|██████▉   | 18/26 [00:00<00:00, 86.55it/s, S=0.3799, loss=-0.2633]
Epoch 30/150 [train]:  69%|██████▉   | 18/26 [00:00<00:00, 86.55it/s, S=0.3728, loss=-0.2580]
Epoch 30/150 [train]:  69%|██████▉   | 18/26 [00:00<00:00, 86.55it/s, S=0.3864, loss=-0.2840]
Epoch 30/150 [train]:  69%|██████▉   | 18/26 [00:00<00:00, 86.55it/s, S=0.3770, loss=-0.2700]
Epoch 30/150 [train]:  69%|██████▉   | 18/26 [00:00<00:00, 86.55it/s, S=0.3811, loss=-0.2785]
Epoch 30/150 [train]:  69%|██████▉   | 18/26 [00:00<00:00, 86.55it/s, S=0.3702, loss=-0.2631]
                                                                                             
Epoch  30/150  train loss=-0.2706  val loss=-0.2796  S[mean]=0.3932  ζ=0.4137  mean_plane_ζ=0.3071  reg=0.1136  λscale=0.28  lr=5.00e-04

Epoch 31/150 [train]:   0%|          | 0/26 [00:00<?, ?it/s]
Epoch 31/150 [train]:   0%|          | 0/26 [00:00<?, ?it/s, S=0.3742, loss=-0.2695]
Epoch 31/150 [train]:   0%|          | 0/26 [00:00<?, ?it/s, S=0.3747, loss=-0.2700]
Epoch 31/150 [train]:   0%|          | 0/26 [00:00<?, ?it/s, S=0.3800, loss=-0.2696]
Epoch 31/150 [train]:   0%|          | 0/26 [00:00<?, ?it/s, S=0.3760, loss=-0.2643]
Epoch 31/150 [train]:   0%|          | 0/26 [00:00<?, ?it/s, S=0.3767, loss=-0.2759]
Epoch 31/150 [train]:   0%|          | 0/26 [00:00<?, ?it/s, S=0.3730, loss=-0.2629]
Epoch 31/150 [train]:   0%|          | 0/26 [00:00<?, ?it/s, S=0.3825, loss=-0.2780]
Epoch 31/150 [train]:   0%|          | 0/26 [00:00<?, ?it/s, S=0.3698, loss=-0.2610]
Epoch 31/150 [train]:   0%|          | 0/26 [00:00<?, ?it/s, S=0.3665, loss=-0.2611]
Epoch 31/150 [train]:  35%|███▍      | 9/26 [00:00<00:00, 86.25it/s, S=0.3665, loss=-0.2611]
Epoch 31/150 [train]:  35%|███▍      | 9/26 [00:00<00:00, 86.25it/s, S=0.3659, loss=-0.2618]
Epoch 31/150 [train]:  35%|███▍      | 9/26 [00:00<00:00, 86.25it/s, S=0.3763, loss=-0.2757]
Epoch 31/150 [train]:  35%|███▍      | 9/26 [00:00<00:00, 86.25it/s, S=0.3712, loss=-0.2633]
Epoch 31/150 [train]:  35%|███▍      | 9/26 [00:00<00:00, 86.25it/s, S=0.3695, loss=-0.2619]
Epoch 31/150 [train]:  35%|███▍      | 9/26 [00:00<00:00, 86.25it/s, S=0.3764, loss=-0.2666]
Epoch 31/150 [train]:  35%|███▍      | 9/26 [00:00<00:00, 86.25it/s, S=0.3730, loss=-0.2683]
Epoch 31/150 [train]:  35%|███▍      | 9/26 [00:00<00:00, 86.25it/s, S=0.3675, loss=-0.2625]
Epoch 31/150 [train]:  35%|███▍      | 9/26 [00:00<00:00, 86.25it/s, S=0.3754, loss=-0.2725]
Epoch 31/150 [train]:  35%|███▍      | 9/26 [00:00<00:00, 86.25it/s, S=0.3691, loss=-0.2650]
Epoch 31/150 [train]:  69%|██████▉   | 18/26 [00:00<00:00, 86.49it/s, S=0.3691, loss=-0.2650]
Epoch 31/150 [train]:  69%|██████▉   | 18/26 [00:00<00:00, 86.49it/s, S=0.3715, loss=-0.2572]
Epoch 31/150 [train]:  69%|██████▉   | 18/26 [00:00<00:00, 86.49it/s, S=0.3823, loss=-0.2687]
Epoch 31/150 [train]:  69%|██████▉   | 18/26 [00:00<00:00, 86.49it/s, S=0.3725, loss=-0.2594]
Epoch 31/150 [train]:  69%|██████▉   | 18/26 [00:00<00:00, 86.49it/s, S=0.3662, loss=-0.2662]
Epoch 31/150 [train]:  69%|██████▉   | 18/26 [00:00<00:00, 86.49it/s, S=0.3712, loss=-0.2618]
Epoch 31/150 [train]:  69%|██████▉   | 18/26 [00:00<00:00, 86.49it/s, S=0.3841, loss=-0.2811]
Epoch 31/150 [train]:  69%|██████▉   | 18/26 [00:00<00:00, 86.49it/s, S=0.3632, loss=-0.2528]
Epoch 31/150 [train]:  69%|██████▉   | 18/26 [00:00<00:00, 86.49it/s, S=0.3696, loss=-0.2613]
                                                                                             
Epoch  31/150  train loss=-0.2661  val loss=-0.2735  S[mean]=0.3895  ζ=0.4131  mean_plane_ζ=0.3086  reg=0.1160  λscale=0.28  lr=4.99e-04

Epoch 32/150 [train]:   0%|          | 0/26 [00:00<?, ?it/s]
Epoch 32/150 [train]:   0%|          | 0/26 [00:00<?, ?it/s, S=0.3740, loss=-0.2704]
Epoch 32/150 [train]:   0%|          | 0/26 [00:00<?, ?it/s, S=0.3722, loss=-0.2656]
Epoch 32/150 [train]:   0%|          | 0/26 [00:00<?, ?it/s, S=0.3652, loss=-0.2597]
Epoch 32/150 [train]:   0%|          | 0/26 [00:00<?, ?it/s, S=0.3774, loss=-0.2666]
Epoch 32/150 [train]:   0%|          | 0/26 [00:00<?, ?it/s, S=0.3744, loss=-0.2705]
Epoch 32/150 [train]:   0%|          | 0/26 [00:00<?, ?it/s, S=0.3810, loss=-0.2781]
Epoch 32/150 [train]:   0%|          | 0/26 [00:00<?, ?it/s, S=0.3744, loss=-0.2682]
Epoch 32/150 [train]:   0%|          | 0/26 [00:00<?, ?it/s, S=0.3729, loss=-0.2606]
Epoch 32/150 [train]:   0%|          | 0/26 [00:00<?, ?it/s, S=0.3748, loss=-0.2686]
Epoch 32/150 [train]:  35%|███▍      | 9/26 [00:00<00:00, 86.42it/s, S=0.3748, loss=-0.2686]
Epoch 32/150 [train]:  35%|███▍      | 9/26 [00:00<00:00, 86.42it/s, S=0.3782, loss=-0.2708]
Epoch 32/150 [train]:  35%|███▍      | 9/26 [00:00<00:00, 86.42it/s, S=0.3774, loss=-0.2754]
Epoch 32/150 [train]:  35%|███▍      | 9/26 [00:00<00:00, 86.42it/s, S=0.3684, loss=-0.2681]
Epoch 32/150 [train]:  35%|███▍      | 9/26 [00:00<00:00, 86.42it/s, S=0.3758, loss=-0.2765]
Epoch 32/150 [train]:  35%|███▍      | 9/26 [00:00<00:00, 86.42it/s, S=0.3704, loss=-0.2689]
Epoch 32/150 [train]:  35%|███▍      | 9/26 [00:00<00:00, 86.42it/s, S=0.3761, loss=-0.2682]
Epoch 32/150 [train]:  35%|███▍      | 9/26 [00:00<00:00, 86.42it/s, S=0.3700, loss=-0.2688]
Epoch 32/150 [train]:  35%|███▍      | 9/26 [00:00<00:00, 86.42it/s, S=0.3712, loss=-0.2628]
Epoch 32/150 [train]:  35%|███▍      | 9/26 [00:00<00:00, 86.42it/s, S=0.3738, loss=-0.2694]
Epoch 32/150 [train]:  69%|██████▉   | 18/26 [00:00<00:00, 86.58it/s, S=0.3738, loss=-0.2694]
Epoch 32/150 [train]:  69%|██████▉   | 18/26 [00:00<00:00, 86.58it/s, S=0.3728, loss=-0.2694]
Epoch 32/150 [train]:  69%|██████▉   | 18/26 [00:00<00:00, 86.58it/s, S=0.3692, loss=-0.2698]
Epoch 32/150 [train]:  69%|██████▉   | 18/26 [00:00<00:00, 86.58it/s, S=0.3770, loss=-0.2661]
Epoch 32/150 [train]:  69%|██████▉   | 18/26 [00:00<00:00, 86.58it/s, S=0.3843, loss=-0.2753]
Epoch 32/150 [train]:  69%|██████▉   | 18/26 [00:00<00:00, 86.58it/s, S=0.3709, loss=-0.2606]
Epoch 32/150 [train]:  69%|██████▉   | 18/26 [00:00<00:00, 86.58it/s, S=0.3755, loss=-0.2787]
Epoch 32/150 [train]:  69%|██████▉   | 18/26 [00:00<00:00, 86.58it/s, S=0.3716, loss=-0.2691]
Epoch 32/150 [train]:  69%|██████▉   | 18/26 [00:00<00:00, 86.58it/s, S=0.3787, loss=-0.2766]
                                                                                             
Epoch  32/150  train loss=-0.2693  val loss=-0.2805  S[mean]=0.3935  ζ=0.4177  mean_plane_ζ=0.3119  reg=0.1130  λscale=0.29  lr=4.97e-04

Epoch 33/150 [train]:   0%|          | 0/26 [00:00<?, ?it/s]
Epoch 33/150 [train]:   0%|          | 0/26 [00:00<?, ?it/s, S=0.3850, loss=-0.2771]
Epoch 33/150 [train]:   0%|          | 0/26 [00:00<?, ?it/s, S=0.3788, loss=-0.2730]
Epoch 33/150 [train]:   0%|          | 0/26 [00:00<?, ?it/s, S=0.3849, loss=-0.2823]
Epoch 33/150 [train]:   0%|          | 0/26 [00:00<?, ?it/s, S=0.3713, loss=-0.2730]
Epoch 33/150 [train]:   0%|          | 0/26 [00:00<?, ?it/s, S=0.3758, loss=-0.2706]
Epoch 33/150 [train]:   0%|          | 0/26 [00:00<?, ?it/s, S=0.3684, loss=-0.2614]
Epoch 33/150 [train]:   0%|          | 0/26 [00:00<?, ?it/s, S=0.3763, loss=-0.2750]
Epoch 33/150 [train]:   0%|          | 0/26 [00:00<?, ?it/s, S=0.3794, loss=-0.2720]
Epoch 33/150 [train]:   0%|          | 0/26 [00:00<?, ?it/s, S=0.3796, loss=-0.2781]
Epoch 33/150 [train]:  35%|███▍      | 9/26 [00:00<00:00, 86.17it/s, S=0.3796, loss=-0.2781]
Epoch 33/150 [train]:  35%|███▍      | 9/26 [00:00<00:00, 86.17it/s, S=0.3754, loss=-0.2761]
Epoch 33/150 [train]:  35%|███▍      | 9/26 [00:00<00:00, 86.17it/s, S=0.3738, loss=-0.2606]
Epoch 33/150 [train]:  35%|███▍      | 9/26 [00:00<00:00, 86.17it/s, S=0.3769, loss=-0.2743]
Epoch 33/150 [train]:  35%|███▍      | 9/26 [00:00<00:00, 86.17it/s, S=0.3755, loss=-0.2762]
Epoch 33/150 [train]:  35%|███▍      | 9/26 [00:00<00:00, 86.17it/s, S=0.3830, loss=-0.2773]
Epoch 33/150 [train]:  35%|███▍      | 9/26 [00:00<00:00, 86.17it/s, S=0.3720, loss=-0.2667]
Epoch 33/150 [train]:  35%|███▍      | 9/26 [00:00<00:00, 86.17it/s, S=0.3778, loss=-0.2724]
Epoch 33/150 [train]:  35%|███▍      | 9/26 [00:00<00:00, 86.17it/s, S=0.3776, loss=-0.2767]
Epoch 33/150 [train]:  35%|███▍      | 9/26 [00:00<00:00, 86.17it/s, S=0.3699, loss=-0.2687]
Epoch 33/150 [train]:  69%|██████▉   | 18/26 [00:00<00:00, 86.36it/s, S=0.3699, loss=-0.2687]
Epoch 33/150 [train]:  69%|██████▉   | 18/26 [00:00<00:00, 86.36it/s, S=0.3828, loss=-0.2804]
Epoch 33/150 [train]:  69%|██████▉   | 18/26 [00:00<00:00, 86.36it/s, S=0.3836, loss=-0.2796]
Epoch 33/150 [train]:  69%|██████▉   | 18/26 [00:00<00:00, 86.36it/s, S=0.3789, loss=-0.2746]
Epoch 33/150 [train]:  69%|██████▉   | 18/26 [00:00<00:00, 86.36it/s, S=0.3713, loss=-0.2673]
Epoch 33/150 [train]:  69%|██████▉   | 18/26 [00:00<00:00, 86.36it/s, S=0.3850, loss=-0.2846]
Epoch 33/150 [train]:  69%|██████▉   | 18/26 [00:00<00:00, 86.36it/s, S=0.3705, loss=-0.2584]
Epoch 33/150 [train]:  69%|██████▉   | 18/26 [00:00<00:00, 86.36it/s, S=0.3732, loss=-0.2662]
Epoch 33/150 [train]:  69%|██████▉   | 18/26 [00:00<00:00, 86.36it/s, S=0.3838, loss=-0.2872]
                                                                                             
Epoch  33/150  train loss=-0.2734  val loss=-0.2865  S[mean]=0.3963  ζ=0.4213  mean_plane_ζ=0.3157  reg=0.1098  λscale=0.29  lr=4.93e-04

Epoch 34/150 [train]:   0%|          | 0/26 [00:00<?, ?it/s]
Epoch 34/150 [train]:   0%|          | 0/26 [00:00<?, ?it/s, S=0.3743, loss=-0.2719]
Epoch 34/150 [train]:   0%|          | 0/26 [00:00<?, ?it/s, S=0.3775, loss=-0.2758]
Epoch 34/150 [train]:   0%|          | 0/26 [00:00<?, ?it/s, S=0.3851, loss=-0.2751]
Epoch 34/150 [train]:   0%|          | 0/26 [00:00<?, ?it/s, S=0.3785, loss=-0.2665]
Epoch 34/150 [train]:   0%|          | 0/26 [00:00<?, ?it/s, S=0.3826, loss=-0.2784]
Epoch 34/150 [train]:   0%|          | 0/26 [00:00<?, ?it/s, S=0.3813, loss=-0.2762]
Epoch 34/150 [train]:   0%|          | 0/26 [00:00<?, ?it/s, S=0.3691, loss=-0.2559]
Epoch 34/150 [train]:   0%|          | 0/26 [00:00<?, ?it/s, S=0.3807, loss=-0.2780]
Epoch 34/150 [train]:   0%|          | 0/26 [00:00<?, ?it/s, S=0.3866, loss=-0.2796]
Epoch 34/150 [train]:  35%|███▍      | 9/26 [00:00<00:00, 86.19it/s, S=0.3866, loss=-0.2796]
Epoch 34/150 [train]:  35%|███▍      | 9/26 [00:00<00:00, 86.19it/s, S=0.3800, loss=-0.2763]
Epoch 34/150 [train]:  35%|███▍      | 9/26 [00:00<00:00, 86.19it/s, S=0.3810, loss=-0.2777]
Epoch 34/150 [train]:  35%|███▍      | 9/26 [00:00<00:00, 86.19it/s, S=0.3772, loss=-0.2717]
Epoch 34/150 [train]:  35%|███▍      | 9/26 [00:00<00:00, 86.19it/s, S=0.3839, loss=-0.2866]
Epoch 34/150 [train]:  35%|███▍      | 9/26 [00:00<00:00, 86.19it/s, S=0.3743, loss=-0.2663]
Epoch 34/150 [train]:  35%|███▍      | 9/26 [00:00<00:00, 86.19it/s, S=0.3771, loss=-0.2770]
Epoch 34/150 [train]:  35%|███▍      | 9/26 [00:00<00:00, 86.19it/s, S=0.3839, loss=-0.2799]
Epoch 34/150 [train]:  35%|███▍      | 9/26 [00:00<00:00, 86.19it/s, S=0.3790, loss=-0.2768]
Epoch 34/150 [train]:  35%|███▍      | 9/26 [00:00<00:00, 86.19it/s, S=0.3863, loss=-0.2836]
Epoch 34/150 [train]:  69%|██████▉   | 18/26 [00:00<00:00, 86.28it/s, S=0.3863, loss=-0.2836]
Epoch 34/150 [train]:  69%|██████▉   | 18/26 [00:00<00:00, 86.28it/s, S=0.3830, loss=-0.2818]
Epoch 34/150 [train]:  69%|██████▉   | 18/26 [00:00<00:00, 86.28it/s, S=0.3864, loss=-0.2902]
Epoch 34/150 [train]:  69%|██████▉   | 18/26 [00:00<00:00, 86.28it/s, S=0.3793, loss=-0.2798]
Epoch 34/150 [train]:  69%|██████▉   | 18/26 [00:00<00:00, 86.28it/s, S=0.3753, loss=-0.2728]
Epoch 34/150 [train]:  69%|██████▉   | 18/26 [00:00<00:00, 86.28it/s, S=0.3840, loss=-0.2824]
Epoch 34/150 [train]:  69%|██████▉   | 18/26 [00:00<00:00, 86.28it/s, S=0.3818, loss=-0.2820]
Epoch 34/150 [train]:  69%|██████▉   | 18/26 [00:00<00:00, 86.28it/s, S=0.3837, loss=-0.2810]
Epoch 34/150 [train]:  69%|██████▉   | 18/26 [00:00<00:00, 86.28it/s, S=0.3787, loss=-0.2807]
                                                                                             
Epoch  34/150  train loss=-0.2771  val loss=-0.2863  S[mean]=0.3969  ζ=0.4236  mean_plane_ζ=0.3182  reg=0.1107  λscale=0.30  lr=4.88e-04

Epoch 35/150 [train]:   0%|          | 0/26 [00:00<?, ?it/s]
Epoch 35/150 [train]:   0%|          | 0/26 [00:00<?, ?it/s, S=0.3838, loss=-0.2824]
Epoch 35/150 [train]:   0%|          | 0/26 [00:00<?, ?it/s, S=0.3765, loss=-0.2772]
Epoch 35/150 [train]:   0%|          | 0/26 [00:00<?, ?it/s, S=0.3860, loss=-0.2750]
Epoch 35/150 [train]:   0%|          | 0/26 [00:00<?, ?it/s, S=0.3888, loss=-0.2894]
Epoch 35/150 [train]:   0%|          | 0/26 [00:00<?, ?it/s, S=0.3793, loss=-0.2712]
Epoch 35/150 [train]:   0%|          | 0/26 [00:00<?, ?it/s, S=0.3776, loss=-0.2796]
Epoch 35/150 [train]:   0%|          | 0/26 [00:00<?, ?it/s, S=0.3790, loss=-0.2775]
Epoch 35/150 [train]:   0%|          | 0/26 [00:00<?, ?it/s, S=0.3851, loss=-0.2812]
Epoch 35/150 [train]:   0%|          | 0/26 [00:00<?, ?it/s, S=0.3853, loss=-0.2772]
Epoch 35/150 [train]:  35%|███▍      | 9/26 [00:00<00:00, 86.36it/s, S=0.3853, loss=-0.2772]
Epoch 35/150 [train]:  35%|███▍      | 9/26 [00:00<00:00, 86.36it/s, S=0.3827, loss=-0.2834]
Epoch 35/150 [train]:  35%|███▍      | 9/26 [00:00<00:00, 86.36it/s, S=0.3813, loss=-0.2778]
Epoch 35/150 [train]:  35%|███▍      | 9/26 [00:00<00:00, 86.36it/s, S=0.3740, loss=-0.2649]
Epoch 35/150 [train]:  35%|███▍      | 9/26 [00:00<00:00, 86.36it/s, S=0.3690, loss=-0.2605]
Epoch 35/150 [train]:  35%|███▍      | 9/26 [00:00<00:00, 86.36it/s, S=0.3934, loss=-0.2914]
Epoch 35/150 [train]:  35%|███▍      | 9/26 [00:00<00:00, 86.36it/s, S=0.3929, loss=-0.2909]
Epoch 35/150 [train]:  35%|███▍      | 9/26 [00:00<00:00, 86.36it/s, S=0.3880, loss=-0.2808]
Epoch 35/150 [train]:  35%|███▍      | 9/26 [00:00<00:00, 86.36it/s, S=0.3860, loss=-0.2868]
Epoch 35/150 [train]:  35%|███▍      | 9/26 [00:00<00:00, 86.36it/s, S=0.3803, loss=-0.2781]
Epoch 35/150 [train]:  69%|██████▉   | 18/26 [00:00<00:00, 86.40it/s, S=0.3803, loss=-0.2781]
Epoch 35/150 [train]:  69%|██████▉   | 18/26 [00:00<00:00, 86.40it/s, S=0.3785, loss=-0.2814]
Epoch 35/150 [train]:  69%|██████▉   | 18/26 [00:00<00:00, 86.40it/s, S=0.3836, loss=-0.2768]
Epoch 35/150 [train]:  69%|██████▉   | 18/26 [00:00<00:00, 86.40it/s, S=0.3760, loss=-0.2746]
Epoch 35/150 [train]:  69%|██████▉   | 18/26 [00:00<00:00, 86.40it/s, S=0.3764, loss=-0.2739]
Epoch 35/150 [train]:  69%|██████▉   | 18/26 [00:00<00:00, 86.40it/s, S=0.3759, loss=-0.2741]
Epoch 35/150 [train]:  69%|██████▉   | 18/26 [00:00<00:00, 86.40it/s, S=0.3891, loss=-0.2875]
Epoch 35/150 [train]:  69%|██████▉   | 18/26 [00:00<00:00, 86.40it/s, S=0.3798, loss=-0.2800]
Epoch 35/150 [train]:  69%|██████▉   | 18/26 [00:00<00:00, 86.40it/s, S=0.3802, loss=-0.2730]
                                                                                             
Epoch  35/150  train loss=-0.2787  val loss=-0.2888  S[mean]=0.3986  ζ=0.4252  mean_plane_ζ=0.3207  reg=0.1097  λscale=0.31  lr=4.81e-04

Epoch 36/150 [train]:   0%|          | 0/26 [00:00<?, ?it/s]
Epoch 36/150 [train]:   0%|          | 0/26 [00:00<?, ?it/s, S=0.3855, loss=-0.2797]
Epoch 36/150 [train]:   0%|          | 0/26 [00:00<?, ?it/s, S=0.3822, loss=-0.2854]
Epoch 36/150 [train]:   0%|          | 0/26 [00:00<?, ?it/s, S=0.3833, loss=-0.2822]
Epoch 36/150 [train]:   0%|          | 0/26 [00:00<?, ?it/s, S=0.3829, loss=-0.2850]
Epoch 36/150 [train]:   0%|          | 0/26 [00:00<?, ?it/s, S=0.3792, loss=-0.2776]
Epoch 36/150 [train]:   0%|          | 0/26 [00:00<?, ?it/s, S=0.3861, loss=-0.2832]
Epoch 36/150 [train]:   0%|          | 0/26 [00:00<?, ?it/s, S=0.3890, loss=-0.2868]
Epoch 36/150 [train]:   0%|          | 0/26 [00:00<?, ?it/s, S=0.3852, loss=-0.2634]
Epoch 36/150 [train]:   0%|          | 0/26 [00:00<?, ?it/s, S=0.3789, loss=-0.2740]
Epoch 36/150 [train]:  35%|███▍      | 9/26 [00:00<00:00, 86.30it/s, S=0.3789, loss=-0.2740]
Epoch 36/150 [train]:  35%|███▍      | 9/26 [00:00<00:00, 86.30it/s, S=0.3760, loss=-0.2709]
Epoch 36/150 [train]:  35%|███▍      | 9/26 [00:00<00:00, 86.30it/s, S=0.3844, loss=-0.2875]
Epoch 36/150 [train]:  35%|███▍      | 9/26 [00:00<00:00, 86.30it/s, S=0.3853, loss=-0.2880]
Epoch 36/150 [train]:  35%|███▍      | 9/26 [00:00<00:00, 86.30it/s, S=0.3778, loss=-0.2694]
Epoch 36/150 [train]:  35%|███▍      | 9/26 [00:00<00:00, 86.30it/s, S=0.3926, loss=-0.2884]
Epoch 36/150 [train]:  35%|███▍      | 9/26 [00:00<00:00, 86.30it/s, S=0.3821, loss=-0.2784]
Epoch 36/150 [train]:  35%|███▍      | 9/26 [00:00<00:00, 86.30it/s, S=0.3838, loss=-0.2755]
Epoch 36/150 [train]:  35%|███▍      | 9/26 [00:00<00:00, 86.30it/s, S=0.3821, loss=-0.2823]
Epoch 36/150 [train]:  35%|███▍      | 9/26 [00:00<00:00, 86.30it/s, S=0.3838, loss=-0.2837]
Epoch 36/150 [train]:  69%|██████▉   | 18/26 [00:00<00:00, 86.12it/s, S=0.3838, loss=-0.2837]
Epoch 36/150 [train]:  69%|██████▉   | 18/26 [00:00<00:00, 86.12it/s, S=0.3809, loss=-0.2782]
Epoch 36/150 [train]:  69%|██████▉   | 18/26 [00:00<00:00, 86.12it/s, S=0.3899, loss=-0.2943]
Epoch 36/150 [train]:  69%|██████▉   | 18/26 [00:00<00:00, 86.12it/s, S=0.3780, loss=-0.2802]
Epoch 36/150 [train]:  69%|██████▉   | 18/26 [00:00<00:00, 86.12it/s, S=0.3789, loss=-0.2741]
Epoch 36/150 [train]:  69%|██████▉   | 18/26 [00:00<00:00, 86.12it/s, S=0.3890, loss=-0.2868]
Epoch 36/150 [train]:  69%|██████▉   | 18/26 [00:00<00:00, 86.12it/s, S=0.3827, loss=-0.2748]
Epoch 36/150 [train]:  69%|██████▉   | 18/26 [00:00<00:00, 86.12it/s, S=0.3863, loss=-0.2893]
Epoch 36/150 [train]:  69%|██████▉   | 18/26 [00:00<00:00, 86.12it/s, S=0.3839, loss=-0.2864]
                                                                                             
Epoch  36/150  train loss=-0.2810  val loss=-0.2900  S[mean]=0.3996  ζ=0.4278  mean_plane_ζ=0.3233  reg=0.1096  λscale=0.31  lr=4.73e-04

Epoch 37/150 [train]:   0%|          | 0/26 [00:00<?, ?it/s]
Epoch 37/150 [train]:   0%|          | 0/26 [00:00<?, ?it/s, S=0.3836, loss=-0.2698]
Epoch 37/150 [train]:   0%|          | 0/26 [00:00<?, ?it/s, S=0.3813, loss=-0.2828]
Epoch 37/150 [train]:   0%|          | 0/26 [00:00<?, ?it/s, S=0.3869, loss=-0.2846]
Epoch 37/150 [train]:   0%|          | 0/26 [00:00<?, ?it/s, S=0.3934, loss=-0.2915]
Epoch 37/150 [train]:   0%|          | 0/26 [00:00<?, ?it/s, S=0.3882, loss=-0.2818]
Epoch 37/150 [train]:   0%|          | 0/26 [00:00<?, ?it/s, S=0.3833, loss=-0.2826]
Epoch 37/150 [train]:   0%|          | 0/26 [00:00<?, ?it/s, S=0.3830, loss=-0.2767]
Epoch 37/150 [train]:   0%|          | 0/26 [00:00<?, ?it/s, S=0.3869, loss=-0.2860]
Epoch 37/150 [train]:   0%|          | 0/26 [00:00<?, ?it/s, S=0.3869, loss=-0.2837]
Epoch 37/150 [train]:  35%|███▍      | 9/26 [00:00<00:00, 86.21it/s, S=0.3869, loss=-0.2837]
Epoch 37/150 [train]:  35%|███▍      | 9/26 [00:00<00:00, 86.21it/s, S=0.3861, loss=-0.2895]
Epoch 37/150 [train]:  35%|███▍      | 9/26 [00:00<00:00, 86.21it/s, S=0.3867, loss=-0.2889]
Epoch 37/150 [train]:  35%|███▍      | 9/26 [00:00<00:00, 86.21it/s, S=0.3898, loss=-0.2929]
Epoch 37/150 [train]:  35%|███▍      | 9/26 [00:00<00:00, 86.21it/s, S=0.3868, loss=-0.2859]
Epoch 37/150 [train]:  35%|███▍      | 9/26 [00:00<00:00, 86.21it/s, S=0.3894, loss=-0.2856]
Epoch 37/150 [train]:  35%|███▍      | 9/26 [00:00<00:00, 86.21it/s, S=0.3833, loss=-0.2820]
Epoch 37/150 [train]:  35%|███▍      | 9/26 [00:00<00:00, 86.21it/s, S=0.3849, loss=-0.2862]
Epoch 37/150 [train]:  35%|███▍      | 9/26 [00:00<00:00, 86.21it/s, S=0.3861, loss=-0.2835]
Epoch 37/150 [train]:  35%|███▍      | 9/26 [00:00<00:00, 86.21it/s, S=0.3879, loss=-0.2795]
Epoch 37/150 [train]:  69%|██████▉   | 18/26 [00:00<00:00, 86.30it/s, S=0.3879, loss=-0.2795]
Epoch 37/150 [train]:  69%|██████▉   | 18/26 [00:00<00:00, 86.30it/s, S=0.3866, loss=-0.2861]
Epoch 37/150 [train]:  69%|██████▉   | 18/26 [00:00<00:00, 86.30it/s, S=0.3836, loss=-0.2786]
Epoch 37/150 [train]:  69%|██████▉   | 18/26 [00:00<00:00, 86.30it/s, S=0.3827, loss=-0.2826]
Epoch 37/150 [train]:  69%|██████▉   | 18/26 [00:00<00:00, 86.30it/s, S=0.3911, loss=-0.2942]
Epoch 37/150 [train]:  69%|██████▉   | 18/26 [00:00<00:00, 86.30it/s, S=0.3860, loss=-0.2823]
Epoch 37/150 [train]:  69%|██████▉   | 18/26 [00:00<00:00, 86.30it/s, S=0.3785, loss=-0.2790]
Epoch 37/150 [train]:  69%|██████▉   | 18/26 [00:00<00:00, 86.30it/s, S=0.3788, loss=-0.2766]
Epoch 37/150 [train]:  69%|██████▉   | 18/26 [00:00<00:00, 86.30it/s, S=0.3918, loss=-0.2895]
                                                                                             
Epoch  37/150  train loss=-0.2840  val loss=-0.2914  S[mean]=0.4007  ζ=0.4302  mean_plane_ζ=0.3261  reg=0.1093  λscale=0.32  lr=4.63e-04

Epoch 38/150 [train]:   0%|          | 0/26 [00:00<?, ?it/s]
Epoch 38/150 [train]:   0%|          | 0/26 [00:00<?, ?it/s, S=0.3862, loss=-0.2878]
Epoch 38/150 [train]:   0%|          | 0/26 [00:00<?, ?it/s, S=0.3864, loss=-0.2842]
Epoch 38/150 [train]:   0%|          | 0/26 [00:00<?, ?it/s, S=0.3876, loss=-0.2798]
Epoch 38/150 [train]:   0%|          | 0/26 [00:00<?, ?it/s, S=0.3838, loss=-0.2767]
Epoch 38/150 [train]:   0%|          | 0/26 [00:00<?, ?it/s, S=0.3863, loss=-0.2771]
Epoch 38/150 [train]:   0%|          | 0/26 [00:00<?, ?it/s, S=0.3913, loss=-0.2928]
Epoch 38/150 [train]:   0%|          | 0/26 [00:00<?, ?it/s, S=0.3833, loss=-0.2772]
Epoch 38/150 [train]:   0%|          | 0/26 [00:00<?, ?it/s, S=0.3878, loss=-0.2916]
Epoch 38/150 [train]:   0%|          | 0/26 [00:00<?, ?it/s, S=0.3827, loss=-0.2744]
Epoch 38/150 [train]:  35%|███▍      | 9/26 [00:00<00:00, 86.27it/s, S=0.3827, loss=-0.2744]
Epoch 38/150 [train]:  35%|███▍      | 9/26 [00:00<00:00, 86.27it/s, S=0.3850, loss=-0.2833]
Epoch 38/150 [train]:  35%|███▍      | 9/26 [00:00<00:00, 86.27it/s, S=0.3847, loss=-0.2880]
Epoch 38/150 [train]:  35%|███▍      | 9/26 [00:00<00:00, 86.27it/s, S=0.3907, loss=-0.2857]
Epoch 38/150 [train]:  35%|███▍      | 9/26 [00:00<00:00, 86.27it/s, S=0.3844, loss=-0.2833]
Epoch 38/150 [train]:  35%|███▍      | 9/26 [00:00<00:00, 86.27it/s, S=0.3897, loss=-0.2922]
Epoch 38/150 [train]:  35%|███▍      | 9/26 [00:00<00:00, 86.27it/s, S=0.3883, loss=-0.2847]
Epoch 38/150 [train]:  35%|███▍      | 9/26 [00:00<00:00, 86.27it/s, S=0.3838, loss=-0.2807]
Epoch 38/150 [train]:  35%|███▍      | 9/26 [00:00<00:00, 86.27it/s, S=0.3888, loss=-0.2887]
Epoch 38/150 [train]:  35%|███▍      | 9/26 [00:00<00:00, 86.27it/s, S=0.3864, loss=-0.2912]
Epoch 38/150 [train]:  69%|██████▉   | 18/26 [00:00<00:00, 86.39it/s, S=0.3864, loss=-0.2912]
Epoch 38/150 [train]:  69%|██████▉   | 18/26 [00:00<00:00, 86.39it/s, S=0.3842, loss=-0.2799]
Epoch 38/150 [train]:  69%|██████▉   | 18/26 [00:00<00:00, 86.39it/s, S=0.3809, loss=-0.2784]
Epoch 38/150 [train]:  69%|██████▉   | 18/26 [00:00<00:00, 86.39it/s, S=0.3847, loss=-0.2777]
Epoch 38/150 [train]:  69%|██████▉   | 18/26 [00:00<00:00, 86.39it/s, S=0.3930, loss=-0.2907]
Epoch 38/150 [train]:  69%|██████▉   | 18/26 [00:00<00:00, 86.39it/s, S=0.3932, loss=-0.2964]
Epoch 38/150 [train]:  69%|██████▉   | 18/26 [00:00<00:00, 86.39it/s, S=0.3883, loss=-0.2860]
Epoch 38/150 [train]:  69%|██████▉   | 18/26 [00:00<00:00, 86.39it/s, S=0.3935, loss=-0.2944]
Epoch 38/150 [train]:  69%|██████▉   | 18/26 [00:00<00:00, 86.39it/s, S=0.3895, loss=-0.2946]
                                                                                             
Epoch  38/150  train loss=-0.2853  val loss=-0.2917  S[mean]=0.4013  ζ=0.4313  mean_plane_ζ=0.3281  reg=0.1097  λscale=0.32  lr=4.52e-04

Epoch 39/150 [train]:   0%|          | 0/26 [00:00<?, ?it/s]
Epoch 39/150 [train]:   0%|          | 0/26 [00:00<?, ?it/s, S=0.3879, loss=-0.2798]
Epoch 39/150 [train]:   0%|          | 0/26 [00:00<?, ?it/s, S=0.3845, loss=-0.2709]
Epoch 39/150 [train]:   0%|          | 0/26 [00:00<?, ?it/s, S=0.3850, loss=-0.2750]
Epoch 39/150 [train]:   0%|          | 0/26 [00:00<?, ?it/s, S=0.3851, loss=-0.2787]
Epoch 39/150 [train]:   0%|          | 0/26 [00:00<?, ?it/s, S=0.3857, loss=-0.2810]
Epoch 39/150 [train]:   0%|          | 0/26 [00:00<?, ?it/s, S=0.3903, loss=-0.2938]
Epoch 39/150 [train]:   0%|          | 0/26 [00:00<?, ?it/s, S=0.3745, loss=-0.2657]
Epoch 39/150 [train]:   0%|          | 0/26 [00:00<?, ?it/s, S=0.3915, loss=-0.2926]
Epoch 39/150 [train]:   0%|          | 0/26 [00:00<?, ?it/s, S=0.3944, loss=-0.2952]
Epoch 39/150 [train]:  35%|███▍      | 9/26 [00:00<00:00, 86.40it/s, S=0.3944, loss=-0.2952]
Epoch 39/150 [train]:  35%|███▍      | 9/26 [00:00<00:00, 86.40it/s, S=0.3968, loss=-0.2962]
Epoch 39/150 [train]:  35%|███▍      | 9/26 [00:00<00:00, 86.40it/s, S=0.3854, loss=-0.2785]
Epoch 39/150 [train]:  35%|███▍      | 9/26 [00:00<00:00, 86.40it/s, S=0.3922, loss=-0.2870]
Epoch 39/150 [train]:  35%|███▍      | 9/26 [00:00<00:00, 86.40it/s, S=0.3939, loss=-0.2919]
Epoch 39/150 [train]:  35%|███▍      | 9/26 [00:00<00:00, 86.40it/s, S=0.3908, loss=-0.2930]
Epoch 39/150 [train]:  35%|███▍      | 9/26 [00:00<00:00, 86.40it/s, S=0.3924, loss=-0.2879]
Epoch 39/150 [train]:  35%|███▍      | 9/26 [00:00<00:00, 86.40it/s, S=0.3851, loss=-0.2875]
Epoch 39/150 [train]:  35%|███▍      | 9/26 [00:00<00:00, 86.40it/s, S=0.3900, loss=-0.2930]
Epoch 39/150 [train]:  35%|███▍      | 9/26 [00:00<00:00, 86.40it/s, S=0.3846, loss=-0.2785]
Epoch 39/150 [train]:  69%|██████▉   | 18/26 [00:00<00:00, 86.06it/s, S=0.3846, loss=-0.2785]
Epoch 39/150 [train]:  69%|██████▉   | 18/26 [00:00<00:00, 86.06it/s, S=0.3854, loss=-0.2871]
Epoch 39/150 [train]:  69%|██████▉   | 18/26 [00:00<00:00, 86.06it/s, S=0.3977, loss=-0.2997]
Epoch 39/150 [train]:  69%|██████▉   | 18/26 [00:00<00:00, 86.06it/s, S=0.3922, loss=-0.2976]
Epoch 39/150 [train]:  69%|██████▉   | 18/26 [00:00<00:00, 86.06it/s, S=0.3845, loss=-0.2851]
Epoch 39/150 [train]:  69%|██████▉   | 18/26 [00:00<00:00, 86.06it/s, S=0.3780, loss=-0.2779]
Epoch 39/150 [train]:  69%|██████▉   | 18/26 [00:00<00:00, 86.06it/s, S=0.3841, loss=-0.2849]
Epoch 39/150 [train]:  69%|██████▉   | 18/26 [00:00<00:00, 86.06it/s, S=0.3825, loss=-0.2802]
Epoch 39/150 [train]:  69%|██████▉   | 18/26 [00:00<00:00, 86.06it/s, S=0.3919, loss=-0.2890]
                                                                                             
Epoch  39/150  train loss=-0.2857  val loss=-0.2959  S[mean]=0.4041  ζ=0.4336  mean_plane_ζ=0.3298  reg=0.1082  λscale=0.33  lr=4.40e-04

Epoch 40/150 [train]:   0%|          | 0/26 [00:00<?, ?it/s]
Epoch 40/150 [train]:   0%|          | 0/26 [00:00<?, ?it/s, S=0.3947, loss=-0.2952]
Epoch 40/150 [train]:   0%|          | 0/26 [00:00<?, ?it/s, S=0.3855, loss=-0.2691]
Epoch 40/150 [train]:   0%|          | 0/26 [00:00<?, ?it/s, S=0.3886, loss=-0.2893]
Epoch 40/150 [train]:   0%|          | 0/26 [00:00<?, ?it/s, S=0.3834, loss=-0.2753]
Epoch 40/150 [train]:   0%|          | 0/26 [00:00<?, ?it/s, S=0.3915, loss=-0.2889]
Epoch 40/150 [train]:   0%|          | 0/26 [00:00<?, ?it/s, S=0.3940, loss=-0.2856]
Epoch 40/150 [train]:   0%|          | 0/26 [00:00<?, ?it/s, S=0.3956, loss=-0.2924]
Epoch 40/150 [train]:   0%|          | 0/26 [00:00<?, ?it/s, S=0.3936, loss=-0.2889]
Epoch 40/150 [train]:   0%|          | 0/26 [00:00<?, ?it/s, S=0.3909, loss=-0.2926]
Epoch 40/150 [train]:  35%|███▍      | 9/26 [00:00<00:00, 86.32it/s, S=0.3909, loss=-0.2926]
Epoch 40/150 [train]:  35%|███▍      | 9/26 [00:00<00:00, 86.32it/s, S=0.3888, loss=-0.2860]
Epoch 40/150 [train]:  35%|███▍      | 9/26 [00:00<00:00, 86.32it/s, S=0.3847, loss=-0.2876]
Epoch 40/150 [train]:  35%|███▍      | 9/26 [00:00<00:00, 86.32it/s, S=0.3898, loss=-0.2853]
Epoch 40/150 [train]:  35%|███▍      | 9/26 [00:00<00:00, 86.32it/s, S=0.3844, loss=-0.2818]
Epoch 40/150 [train]:  35%|███▍      | 9/26 [00:00<00:00, 86.32it/s, S=0.3940, loss=-0.2958]
Epoch 40/150 [train]:  35%|███▍      | 9/26 [00:00<00:00, 86.32it/s, S=0.3921, loss=-0.2944]
Epoch 40/150 [train]:  35%|███▍      | 9/26 [00:00<00:00, 86.32it/s, S=0.3905, loss=-0.2936]
Epoch 40/150 [train]:  35%|███▍      | 9/26 [00:00<00:00, 86.32it/s, S=0.3951, loss=-0.2993]
Epoch 40/150 [train]:  35%|███▍      | 9/26 [00:00<00:00, 86.32it/s, S=0.3868, loss=-0.2871]
Epoch 40/150 [train]:  69%|██████▉   | 18/26 [00:00<00:00, 86.44it/s, S=0.3868, loss=-0.2871]
Epoch 40/150 [train]:  69%|██████▉   | 18/26 [00:00<00:00, 86.44it/s, S=0.3907, loss=-0.2919]
Epoch 40/150 [train]:  69%|██████▉   | 18/26 [00:00<00:00, 86.44it/s, S=0.3862, loss=-0.2650]
Epoch 40/150 [train]:  69%|██████▉   | 18/26 [00:00<00:00, 86.44it/s, S=0.3906, loss=-0.2843]
Epoch 40/150 [train]:  69%|██████▉   | 18/26 [00:00<00:00, 86.44it/s, S=0.3856, loss=-0.2861]
Epoch 40/150 [train]:  69%|██████▉   | 18/26 [00:00<00:00, 86.44it/s, S=0.3900, loss=-0.2921]
Epoch 40/150 [train]:  69%|██████▉   | 18/26 [00:00<00:00, 86.44it/s, S=0.3920, loss=-0.2929]
Epoch 40/150 [train]:  69%|██████▉   | 18/26 [00:00<00:00, 86.44it/s, S=0.3892, loss=-0.2859]
Epoch 40/150 [train]:  69%|██████▉   | 18/26 [00:00<00:00, 86.44it/s, S=0.3839, loss=-0.2829]
                                                                                             
Epoch  40/150  train loss=-0.2873  val loss=-0.2946  S[mean]=0.4035  ζ=0.4341  mean_plane_ζ=0.3313  reg=0.1089  λscale=0.34  lr=4.27e-04

Epoch 41/150 [train]:   0%|          | 0/26 [00:00<?, ?it/s]
Epoch 41/150 [train]:   0%|          | 0/26 [00:00<?, ?it/s, S=0.3823, loss=-0.2717]
Epoch 41/150 [train]:   0%|          | 0/26 [00:00<?, ?it/s, S=0.3887, loss=-0.2939]
Epoch 41/150 [train]:   0%|          | 0/26 [00:00<?, ?it/s, S=0.3836, loss=-0.2803]
Epoch 41/150 [train]:   0%|          | 0/26 [00:00<?, ?it/s, S=0.3988, loss=-0.3046]
Epoch 41/150 [train]:   0%|          | 0/26 [00:00<?, ?it/s, S=0.3909, loss=-0.2834]
Epoch 41/150 [train]:   0%|          | 0/26 [00:00<?, ?it/s, S=0.3972, loss=-0.2991]
Epoch 41/150 [train]:   0%|          | 0/26 [00:00<?, ?it/s, S=0.4011, loss=-0.3039]
Epoch 41/150 [train]:   0%|          | 0/26 [00:00<?, ?it/s, S=0.3936, loss=-0.2826]
Epoch 41/150 [train]:   0%|          | 0/26 [00:00<?, ?it/s, S=0.3876, loss=-0.2869]
Epoch 41/150 [train]:  35%|███▍      | 9/26 [00:00<00:00, 86.35it/s, S=0.3876, loss=-0.2869]
Epoch 41/150 [train]:  35%|███▍      | 9/26 [00:00<00:00, 86.35it/s, S=0.3927, loss=-0.2959]
Epoch 41/150 [train]:  35%|███▍      | 9/26 [00:00<00:00, 86.35it/s, S=0.3979, loss=-0.2999]
Epoch 41/150 [train]:  35%|███▍      | 9/26 [00:00<00:00, 86.35it/s, S=0.3976, loss=-0.2917]
Epoch 41/150 [train]:  35%|███▍      | 9/26 [00:00<00:00, 86.35it/s, S=0.3857, loss=-0.2857]
Epoch 41/150 [train]:  35%|███▍      | 9/26 [00:00<00:00, 86.35it/s, S=0.3909, loss=-0.2881]
Epoch 41/150 [train]:  35%|███▍      | 9/26 [00:00<00:00, 86.35it/s, S=0.3949, loss=-0.2961]
Epoch 41/150 [train]:  35%|███▍      | 9/26 [00:00<00:00, 86.35it/s, S=0.3861, loss=-0.2864]
Epoch 41/150 [train]:  35%|███▍      | 9/26 [00:00<00:00, 86.35it/s, S=0.3866, loss=-0.2896]
Epoch 41/150 [train]:  35%|███▍      | 9/26 [00:00<00:00, 86.35it/s, S=0.3873, loss=-0.2846]
Epoch 41/150 [train]:  69%|██████▉   | 18/26 [00:00<00:00, 86.45it/s, S=0.3873, loss=-0.2846]
Epoch 41/150 [train]:  69%|██████▉   | 18/26 [00:00<00:00, 86.45it/s, S=0.3924, loss=-0.2938]
Epoch 41/150 [train]:  69%|██████▉   | 18/26 [00:00<00:00, 86.45it/s, S=0.3920, loss=-0.2898]
Epoch 41/150 [train]:  69%|██████▉   | 18/26 [00:00<00:00, 86.45it/s, S=0.3861, loss=-0.2844]
Epoch 41/150 [train]:  69%|██████▉   | 18/26 [00:00<00:00, 86.45it/s, S=0.3938, loss=-0.2943]
Epoch 41/150 [train]:  69%|██████▉   | 18/26 [00:00<00:00, 86.45it/s, S=0.3855, loss=-0.2847]
Epoch 41/150 [train]:  69%|██████▉   | 18/26 [00:00<00:00, 86.45it/s, S=0.4010, loss=-0.3010]
Epoch 41/150 [train]:  69%|██████▉   | 18/26 [00:00<00:00, 86.45it/s, S=0.3916, loss=-0.2865]
Epoch 41/150 [train]:  69%|██████▉   | 18/26 [00:00<00:00, 86.45it/s, S=0.3869, loss=-0.2878]
                                                                                             
Epoch  41/150  train loss=-0.2903  val loss=-0.2972  S[mean]=0.4063  ζ=0.4360  mean_plane_ζ=0.3332  reg=0.1091  λscale=0.34  lr=4.12e-04

Epoch 42/150 [train]:   0%|          | 0/26 [00:00<?, ?it/s]
Epoch 42/150 [train]:   0%|          | 0/26 [00:00<?, ?it/s, S=0.4012, loss=-0.3020]
Epoch 42/150 [train]:   0%|          | 0/26 [00:00<?, ?it/s, S=0.3939, loss=-0.2941]
Epoch 42/150 [train]:   0%|          | 0/26 [00:00<?, ?it/s, S=0.3958, loss=-0.2876]
Epoch 42/150 [train]:   0%|          | 0/26 [00:00<?, ?it/s, S=0.3900, loss=-0.2874]
Epoch 42/150 [train]:   0%|          | 0/26 [00:00<?, ?it/s, S=0.3915, loss=-0.2891]
Epoch 42/150 [train]:   0%|          | 0/26 [00:00<?, ?it/s, S=0.3966, loss=-0.2884]
Epoch 42/150 [train]:   0%|          | 0/26 [00:00<?, ?it/s, S=0.3919, loss=-0.2924]
Epoch 42/150 [train]:   0%|          | 0/26 [00:00<?, ?it/s, S=0.3925, loss=-0.2881]
Epoch 42/150 [train]:   0%|          | 0/26 [00:00<?, ?it/s, S=0.3889, loss=-0.2804]
Epoch 42/150 [train]:  35%|███▍      | 9/26 [00:00<00:00, 86.34it/s, S=0.3889, loss=-0.2804]
Epoch 42/150 [train]:  35%|███▍      | 9/26 [00:00<00:00, 86.34it/s, S=0.3861, loss=-0.2831]
Epoch 42/150 [train]:  35%|███▍      | 9/26 [00:00<00:00, 86.34it/s, S=0.3927, loss=-0.2851]
Epoch 42/150 [train]:  35%|███▍      | 9/26 [00:00<00:00, 86.34it/s, S=0.3910, loss=-0.2928]
Epoch 42/150 [train]:  35%|███▍      | 9/26 [00:00<00:00, 86.34it/s, S=0.3968, loss=-0.2993]
Epoch 42/150 [train]:  35%|███▍      | 9/26 [00:00<00:00, 86.34it/s, S=0.3908, loss=-0.2813]
Epoch 42/150 [train]:  35%|███▍      | 9/26 [00:00<00:00, 86.34it/s, S=0.3885, loss=-0.2836]
Epoch 42/150 [train]:  35%|███▍      | 9/26 [00:00<00:00, 86.34it/s, S=0.3891, loss=-0.2826]
Epoch 42/150 [train]:  35%|███▍      | 9/26 [00:00<00:00, 86.34it/s, S=0.3958, loss=-0.2933]
Epoch 42/150 [train]:  35%|███▍      | 9/26 [00:00<00:00, 86.34it/s, S=0.3928, loss=-0.2917]
Epoch 42/150 [train]:  69%|██████▉   | 18/26 [00:00<00:00, 86.46it/s, S=0.3928, loss=-0.2917]
Epoch 42/150 [train]:  69%|██████▉   | 18/26 [00:00<00:00, 86.46it/s, S=0.3923, loss=-0.2929]
Epoch 42/150 [train]:  69%|██████▉   | 18/26 [00:00<00:00, 86.46it/s, S=0.3915, loss=-0.2877]
Epoch 42/150 [train]:  69%|██████▉   | 18/26 [00:00<00:00, 86.46it/s, S=0.3934, loss=-0.2918]
Epoch 42/150 [train]:  69%|██████▉   | 18/26 [00:00<00:00, 86.46it/s, S=0.3871, loss=-0.2752]
Epoch 42/150 [train]:  69%|██████▉   | 18/26 [00:00<00:00, 86.46it/s, S=0.3894, loss=-0.2880]
Epoch 42/150 [train]:  69%|██████▉   | 18/26 [00:00<00:00, 86.46it/s, S=0.3933, loss=-0.2940]
Epoch 42/150 [train]:  69%|██████▉   | 18/26 [00:00<00:00, 86.46it/s, S=0.3926, loss=-0.2923]
Epoch 42/150 [train]:  69%|██████▉   | 18/26 [00:00<00:00, 86.46it/s, S=0.3858, loss=-0.2823]
                                                                                             
Epoch  42/150  train loss=-0.2887  val loss=-0.2940  S[mean]=0.4054  ζ=0.4366  mean_plane_ζ=0.3349  reg=0.1114  λscale=0.35  lr=3.97e-04

Epoch 43/150 [train]:   0%|          | 0/26 [00:00<?, ?it/s]
Epoch 43/150 [train]:   0%|          | 0/26 [00:00<?, ?it/s, S=0.4061, loss=-0.3107]
Epoch 43/150 [train]:   0%|          | 0/26 [00:00<?, ?it/s, S=0.3962, loss=-0.2900]
Epoch 43/150 [train]:   0%|          | 0/26 [00:00<?, ?it/s, S=0.3963, loss=-0.2999]
Epoch 43/150 [train]:   0%|          | 0/26 [00:00<?, ?it/s, S=0.4037, loss=-0.3065]
Epoch 43/150 [train]:   0%|          | 0/26 [00:00<?, ?it/s, S=0.3935, loss=-0.2847]
Epoch 43/150 [train]:   0%|          | 0/26 [00:00<?, ?it/s, S=0.3943, loss=-0.2937]
Epoch 43/150 [train]:   0%|          | 0/26 [00:00<?, ?it/s, S=0.3933, loss=-0.2937]
Epoch 43/150 [train]:   0%|          | 0/26 [00:00<?, ?it/s, S=0.3891, loss=-0.2791]
Epoch 43/150 [train]:   0%|          | 0/26 [00:00<?, ?it/s, S=0.3984, loss=-0.2999]
Epoch 43/150 [train]:  35%|███▍      | 9/26 [00:00<00:00, 86.14it/s, S=0.3984, loss=-0.2999]
Epoch 43/150 [train]:  35%|███▍      | 9/26 [00:00<00:00, 86.14it/s, S=0.4019, loss=-0.3036]
Epoch 43/150 [train]:  35%|███▍      | 9/26 [00:00<00:00, 86.14it/s, S=0.3906, loss=-0.2858]
Epoch 43/150 [train]:  35%|███▍      | 9/26 [00:00<00:00, 86.14it/s, S=0.3918, loss=-0.2897]
Epoch 43/150 [train]:  35%|███▍      | 9/26 [00:00<00:00, 86.14it/s, S=0.3953, loss=-0.2957]
Epoch 43/150 [train]:  35%|███▍      | 9/26 [00:00<00:00, 86.14it/s, S=0.3995, loss=-0.2939]
Epoch 43/150 [train]:  35%|███▍      | 9/26 [00:00<00:00, 86.14it/s, S=0.3915, loss=-0.2917]
Epoch 43/150 [train]:  35%|███▍      | 9/26 [00:00<00:00, 86.14it/s, S=0.3984, loss=-0.2952]
Epoch 43/150 [train]:  35%|███▍      | 9/26 [00:00<00:00, 86.14it/s, S=0.3934, loss=-0.2916]
Epoch 43/150 [train]:  35%|███▍      | 9/26 [00:00<00:00, 86.14it/s, S=0.3943, loss=-0.2910]
Epoch 43/150 [train]:  69%|██████▉   | 18/26 [00:00<00:00, 86.28it/s, S=0.3943, loss=-0.2910]
Epoch 43/150 [train]:  69%|██████▉   | 18/26 [00:00<00:00, 86.28it/s, S=0.3839, loss=-0.2661]
Epoch 43/150 [train]:  69%|██████▉   | 18/26 [00:00<00:00, 86.28it/s, S=0.3909, loss=-0.2879]
Epoch 43/150 [train]:  69%|██████▉   | 18/26 [00:00<00:00, 86.28it/s, S=0.3933, loss=-0.2942]
Epoch 43/150 [train]:  69%|██████▉   | 18/26 [00:00<00:00, 86.28it/s, S=0.3980, loss=-0.2987]
Epoch 43/150 [train]:  69%|██████▉   | 18/26 [00:00<00:00, 86.28it/s, S=0.3936, loss=-0.2872]
Epoch 43/150 [train]:  69%|██████▉   | 18/26 [00:00<00:00, 86.28it/s, S=0.3928, loss=-0.2963]
Epoch 43/150 [train]:  69%|██████▉   | 18/26 [00:00<00:00, 86.28it/s, S=0.3967, loss=-0.2952]
Epoch 43/150 [train]:  69%|██████▉   | 18/26 [00:00<00:00, 86.28it/s, S=0.3858, loss=-0.2878]
                                                                                             
Epoch  43/150  train loss=-0.2927  val loss=-0.2957  S[mean]=0.4070  ζ=0.4378  mean_plane_ζ=0.3362  reg=0.1114  λscale=0.35  lr=3.81e-04

Epoch 44/150 [train]:   0%|          | 0/26 [00:00<?, ?it/s]
Epoch 44/150 [train]:   0%|          | 0/26 [00:00<?, ?it/s, S=0.3946, loss=-0.2822]
Epoch 44/150 [train]:   0%|          | 0/26 [00:00<?, ?it/s, S=0.4019, loss=-0.3002]
Epoch 44/150 [train]:   0%|          | 0/26 [00:00<?, ?it/s, S=0.3900, loss=-0.2808]
Epoch 44/150 [train]:   0%|          | 0/26 [00:00<?, ?it/s, S=0.3961, loss=-0.2983]
Epoch 44/150 [train]:   0%|          | 0/26 [00:00<?, ?it/s, S=0.3944, loss=-0.2921]
Epoch 44/150 [train]:   0%|          | 0/26 [00:00<?, ?it/s, S=0.3943, loss=-0.2834]
Epoch 44/150 [train]:   0%|          | 0/26 [00:00<?, ?it/s, S=0.3923, loss=-0.2870]
Epoch 44/150 [train]:   0%|          | 0/26 [00:00<?, ?it/s, S=0.3904, loss=-0.2932]
Epoch 44/150 [train]:   0%|          | 0/26 [00:00<?, ?it/s, S=0.3946, loss=-0.2883]
Epoch 44/150 [train]:  35%|███▍      | 9/26 [00:00<00:00, 85.88it/s, S=0.3946, loss=-0.2883]
Epoch 44/150 [train]:  35%|███▍      | 9/26 [00:00<00:00, 85.88it/s, S=0.3932, loss=-0.2929]
Epoch 44/150 [train]:  35%|███▍      | 9/26 [00:00<00:00, 85.88it/s, S=0.3989, loss=-0.2896]
Epoch 44/150 [train]:  35%|███▍      | 9/26 [00:00<00:00, 85.88it/s, S=0.3928, loss=-0.2800]
Epoch 44/150 [train]:  35%|███▍      | 9/26 [00:00<00:00, 85.88it/s, S=0.4005, loss=-0.3029]
Epoch 44/150 [train]:  35%|███▍      | 9/26 [00:00<00:00, 85.88it/s, S=0.3969, loss=-0.2982]
Epoch 44/150 [train]:  35%|███▍      | 9/26 [00:00<00:00, 85.88it/s, S=0.4007, loss=-0.2914]
Epoch 44/150 [train]:  35%|███▍      | 9/26 [00:00<00:00, 85.88it/s, S=0.3919, loss=-0.2854]
Epoch 44/150 [train]:  35%|███▍      | 9/26 [00:00<00:00, 85.88it/s, S=0.3954, loss=-0.2915]
Epoch 44/150 [train]:  35%|███▍      | 9/26 [00:00<00:00, 85.88it/s, S=0.3904, loss=-0.2816]
Epoch 44/150 [train]:  69%|██████▉   | 18/26 [00:00<00:00, 86.15it/s, S=0.3904, loss=-0.2816]
Epoch 44/150 [train]:  69%|██████▉   | 18/26 [00:00<00:00, 86.15it/s, S=0.3994, loss=-0.2969]
Epoch 44/150 [train]:  69%|██████▉   | 18/26 [00:00<00:00, 86.15it/s, S=0.3994, loss=-0.3022]
Epoch 44/150 [train]:  69%|██████▉   | 18/26 [00:00<00:00, 86.15it/s, S=0.3910, loss=-0.2842]
Epoch 44/150 [train]:  69%|██████▉   | 18/26 [00:00<00:00, 86.15it/s, S=0.3893, loss=-0.2822]
Epoch 44/150 [train]:  69%|██████▉   | 18/26 [00:00<00:00, 86.15it/s, S=0.3877, loss=-0.2766]
Epoch 44/150 [train]:  69%|██████▉   | 18/26 [00:00<00:00, 86.15it/s, S=0.3894, loss=-0.2793]
Epoch 44/150 [train]:  69%|██████▉   | 18/26 [00:00<00:00, 86.15it/s, S=0.3898, loss=-0.2871]
Epoch 44/150 [train]:  69%|██████▉   | 18/26 [00:00<00:00, 86.15it/s, S=0.3983, loss=-0.2954]
                                                                                             
Epoch  44/150  train loss=-0.2893  val loss=-0.2975  S[mean]=0.4075  ζ=0.4390  mean_plane_ζ=0.3376  reg=0.1100  λscale=0.36  lr=3.63e-04

Epoch 45/150 [train]:   0%|          | 0/26 [00:00<?, ?it/s]
Epoch 45/150 [train]:   0%|          | 0/26 [00:00<?, ?it/s, S=0.3969, loss=-0.2988]
Epoch 45/150 [train]:   0%|          | 0/26 [00:00<?, ?it/s, S=0.3979, loss=-0.2946]
Epoch 45/150 [train]:   0%|          | 0/26 [00:00<?, ?it/s, S=0.4008, loss=-0.3020]
Epoch 45/150 [train]:   0%|          | 0/26 [00:00<?, ?it/s, S=0.4015, loss=-0.2968]
Epoch 45/150 [train]:   0%|          | 0/26 [00:00<?, ?it/s, S=0.3913, loss=-0.2907]
Epoch 45/150 [train]:   0%|          | 0/26 [00:00<?, ?it/s, S=0.4006, loss=-0.2944]
Epoch 45/150 [train]:   0%|          | 0/26 [00:00<?, ?it/s, S=0.3966, loss=-0.2982]
Epoch 45/150 [train]:   0%|          | 0/26 [00:00<?, ?it/s, S=0.3971, loss=-0.2993]
Epoch 45/150 [train]:   0%|          | 0/26 [00:00<?, ?it/s, S=0.4015, loss=-0.2952]
Epoch 45/150 [train]:  35%|███▍      | 9/26 [00:00<00:00, 85.99it/s, S=0.4015, loss=-0.2952]
Epoch 45/150 [train]:  35%|███▍      | 9/26 [00:00<00:00, 85.99it/s, S=0.3990, loss=-0.3013]
Epoch 45/150 [train]:  35%|███▍      | 9/26 [00:00<00:00, 85.99it/s, S=0.3940, loss=-0.2933]
Epoch 45/150 [train]:  35%|███▍      | 9/26 [00:00<00:00, 85.99it/s, S=0.3904, loss=-0.2857]
Epoch 45/150 [train]:  35%|███▍      | 9/26 [00:00<00:00, 85.99it/s, S=0.3926, loss=-0.2874]
Epoch 45/150 [train]:  35%|███▍      | 9/26 [00:00<00:00, 85.99it/s, S=0.3953, loss=-0.2878]
Epoch 45/150 [train]:  35%|███▍      | 9/26 [00:00<00:00, 85.99it/s, S=0.3923, loss=-0.2822]
Epoch 45/150 [train]:  35%|███▍      | 9/26 [00:00<00:00, 85.99it/s, S=0.3978, loss=-0.2989]
Epoch 45/150 [train]:  35%|███▍      | 9/26 [00:00<00:00, 85.99it/s, S=0.3909, loss=-0.2901]
Epoch 45/150 [train]:  35%|███▍      | 9/26 [00:00<00:00, 85.99it/s, S=0.4016, loss=-0.2952]
Epoch 45/150 [train]:  69%|██████▉   | 18/26 [00:00<00:00, 86.23it/s, S=0.4016, loss=-0.2952]
Epoch 45/150 [train]:  69%|██████▉   | 18/26 [00:00<00:00, 86.23it/s, S=0.3992, loss=-0.2961]
Epoch 45/150 [train]:  69%|██████▉   | 18/26 [00:00<00:00, 86.23it/s, S=0.3899, loss=-0.2889]
Epoch 45/150 [train]:  69%|██████▉   | 18/26 [00:00<00:00, 86.23it/s, S=0.3971, loss=-0.2965]
Epoch 45/150 [train]:  69%|██████▉   | 18/26 [00:00<00:00, 86.23it/s, S=0.3879, loss=-0.2799]
Epoch 45/150 [train]:  69%|██████▉   | 18/26 [00:00<00:00, 86.23it/s, S=0.3965, loss=-0.2929]
Epoch 45/150 [train]:  69%|██████▉   | 18/26 [00:00<00:00, 86.23it/s, S=0.3965, loss=-0.2926]
Epoch 45/150 [train]:  69%|██████▉   | 18/26 [00:00<00:00, 86.23it/s, S=0.4003, loss=-0.3018]
Epoch 45/150 [train]:  69%|██████▉   | 18/26 [00:00<00:00, 86.23it/s, S=0.3897, loss=-0.2867]
                                                                                             
Epoch  45/150  train loss=-0.2934  val loss=-0.3003  S[mean]=0.4102  ζ=0.4410  mean_plane_ζ=0.3397  reg=0.1099  λscale=0.37  lr=3.46e-04

Epoch 46/150 [train]:   0%|          | 0/26 [00:00<?, ?it/s]
Epoch 46/150 [train]:   0%|          | 0/26 [00:00<?, ?it/s, S=0.3976, loss=-0.2931]
Epoch 46/150 [train]:   0%|          | 0/26 [00:00<?, ?it/s, S=0.4010, loss=-0.2986]
Epoch 46/150 [train]:   0%|          | 0/26 [00:00<?, ?it/s, S=0.3984, loss=-0.2909]
Epoch 46/150 [train]:   0%|          | 0/26 [00:00<?, ?it/s, S=0.4002, loss=-0.2974]
Epoch 46/150 [train]:   0%|          | 0/26 [00:00<?, ?it/s, S=0.3986, loss=-0.2912]
Epoch 46/150 [train]:   0%|          | 0/26 [00:00<?, ?it/s, S=0.3960, loss=-0.2968]
Epoch 46/150 [train]:   0%|          | 0/26 [00:00<?, ?it/s, S=0.4042, loss=-0.3054]
Epoch 46/150 [train]:   0%|          | 0/26 [00:00<?, ?it/s, S=0.3953, loss=-0.2947]
Epoch 46/150 [train]:   0%|          | 0/26 [00:00<?, ?it/s, S=0.3954, loss=-0.2941]
Epoch 46/150 [train]:  35%|███▍      | 9/26 [00:00<00:00, 85.96it/s, S=0.3954, loss=-0.2941]
Epoch 46/150 [train]:  35%|███▍      | 9/26 [00:00<00:00, 85.96it/s, S=0.3912, loss=-0.2864]
Epoch 46/150 [train]:  35%|███▍      | 9/26 [00:00<00:00, 85.96it/s, S=0.4026, loss=-0.3000]
Epoch 46/150 [train]:  35%|███▍      | 9/26 [00:00<00:00, 85.96it/s, S=0.3966, loss=-0.2800]
Epoch 46/150 [train]:  35%|███▍      | 9/26 [00:00<00:00, 85.96it/s, S=0.4049, loss=-0.3074]
Epoch 46/150 [train]:  35%|███▍      | 9/26 [00:00<00:00, 85.96it/s, S=0.3933, loss=-0.2911]
Epoch 46/150 [train]:  35%|███▍      | 9/26 [00:00<00:00, 85.96it/s, S=0.3990, loss=-0.2962]
Epoch 46/150 [train]:  35%|███▍      | 9/26 [00:00<00:00, 85.96it/s, S=0.4020, loss=-0.3001]
Epoch 46/150 [train]:  35%|███▍      | 9/26 [00:00<00:00, 85.96it/s, S=0.3994, loss=-0.3035]
Epoch 46/150 [train]:  35%|███▍      | 9/26 [00:00<00:00, 85.96it/s, S=0.3863, loss=-0.2819]
Epoch 46/150 [train]:  69%|██████▉   | 18/26 [00:00<00:00, 86.24it/s, S=0.3863, loss=-0.2819]
Epoch 46/150 [train]:  69%|██████▉   | 18/26 [00:00<00:00, 86.24it/s, S=0.3921, loss=-0.2882]
Epoch 46/150 [train]:  69%|██████▉   | 18/26 [00:00<00:00, 86.24it/s, S=0.3962, loss=-0.2900]
Epoch 46/150 [train]:  69%|██████▉   | 18/26 [00:00<00:00, 86.24it/s, S=0.3852, loss=-0.2648]
Epoch 46/150 [train]:  69%|██████▉   | 18/26 [00:00<00:00, 86.24it/s, S=0.3952, loss=-0.2958]
Epoch 46/150 [train]:  69%|██████▉   | 18/26 [00:00<00:00, 86.24it/s, S=0.3987, loss=-0.3020]
Epoch 46/150 [train]:  69%|██████▉   | 18/26 [00:00<00:00, 86.24it/s, S=0.4056, loss=-0.3093]
Epoch 46/150 [train]:  69%|██████▉   | 18/26 [00:00<00:00, 86.24it/s, S=0.4002, loss=-0.3031]
Epoch 46/150 [train]:  69%|██████▉   | 18/26 [00:00<00:00, 86.24it/s, S=0.4021, loss=-0.3042]
                                                                                             
Epoch  46/150  train loss=-0.2949  val loss=-0.3013  S[mean]=0.4114  ζ=0.4420  mean_plane_ζ=0.3409  reg=0.1101  λscale=0.37  lr=3.27e-04

Epoch 47/150 [train]:   0%|          | 0/26 [00:00<?, ?it/s]
Epoch 47/150 [train]:   0%|          | 0/26 [00:00<?, ?it/s, S=0.4030, loss=-0.2999]
Epoch 47/150 [train]:   0%|          | 0/26 [00:00<?, ?it/s, S=0.4052, loss=-0.3073]
Epoch 47/150 [train]:   0%|          | 0/26 [00:00<?, ?it/s, S=0.3960, loss=-0.2914]
Epoch 47/150 [train]:   0%|          | 0/26 [00:00<?, ?it/s, S=0.4027, loss=-0.3032]
Epoch 47/150 [train]:   0%|          | 0/26 [00:00<?, ?it/s, S=0.3966, loss=-0.2901]
Epoch 47/150 [train]:   0%|          | 0/26 [00:00<?, ?it/s, S=0.4066, loss=-0.3074]
Epoch 47/150 [train]:   0%|          | 0/26 [00:00<?, ?it/s, S=0.4075, loss=-0.2986]
Epoch 47/150 [train]:   0%|          | 0/26 [00:00<?, ?it/s, S=0.3946, loss=-0.2848]
Epoch 47/150 [train]:   0%|          | 0/26 [00:00<?, ?it/s, S=0.3944, loss=-0.2848]
Epoch 47/150 [train]:  35%|███▍      | 9/26 [00:00<00:00, 86.29it/s, S=0.3944, loss=-0.2848]
Epoch 47/150 [train]:  35%|███▍      | 9/26 [00:00<00:00, 86.29it/s, S=0.4041, loss=-0.3033]
Epoch 47/150 [train]:  35%|███▍      | 9/26 [00:00<00:00, 86.29it/s, S=0.3980, loss=-0.2944]
Epoch 47/150 [train]:  35%|███▍      | 9/26 [00:00<00:00, 86.29it/s, S=0.3992, loss=-0.2957]
Epoch 47/150 [train]:  35%|███▍      | 9/26 [00:00<00:00, 86.29it/s, S=0.3878, loss=-0.2842]
Epoch 47/150 [train]:  35%|███▍      | 9/26 [00:00<00:00, 86.29it/s, S=0.3915, loss=-0.2682]
Epoch 47/150 [train]:  35%|███▍      | 9/26 [00:00<00:00, 86.29it/s, S=0.4007, loss=-0.2951]
Epoch 47/150 [train]:  35%|███▍      | 9/26 [00:00<00:00, 86.29it/s, S=0.3965, loss=-0.2937]
Epoch 47/150 [train]:  35%|███▍      | 9/26 [00:00<00:00, 86.29it/s, S=0.3959, loss=-0.2882]
Epoch 47/150 [train]:  35%|███▍      | 9/26 [00:00<00:00, 86.29it/s, S=0.3988, loss=-0.2933]
Epoch 47/150 [train]:  69%|██████▉   | 18/26 [00:00<00:00, 86.21it/s, S=0.3988, loss=-0.2933]
Epoch 47/150 [train]:  69%|██████▉   | 18/26 [00:00<00:00, 86.21it/s, S=0.4020, loss=-0.3014]
Epoch 47/150 [train]:  69%|██████▉   | 18/26 [00:00<00:00, 86.21it/s, S=0.3963, loss=-0.2859]
Epoch 47/150 [train]:  69%|██████▉   | 18/26 [00:00<00:00, 86.21it/s, S=0.3940, loss=-0.2833]
Epoch 47/150 [train]:  69%|██████▉   | 18/26 [00:00<00:00, 86.21it/s, S=0.4029, loss=-0.2928]
Epoch 47/150 [train]:  69%|██████▉   | 18/26 [00:00<00:00, 86.21it/s, S=0.3967, loss=-0.2947]
Epoch 47/150 [train]:  69%|██████▉   | 18/26 [00:00<00:00, 86.21it/s, S=0.3937, loss=-0.2941]
Epoch 47/150 [train]:  69%|██████▉   | 18/26 [00:00<00:00, 86.21it/s, S=0.3974, loss=-0.2887]
Epoch 47/150 [train]:  69%|██████▉   | 18/26 [00:00<00:00, 86.21it/s, S=0.3923, loss=-0.2921]
                                                                                             
Epoch  47/150  train loss=-0.2929  val loss=-0.3013  S[mean]=0.4117  ζ=0.4416  mean_plane_ζ=0.3415  reg=0.1104  λscale=0.38  lr=3.08e-04

Epoch 48/150 [train]:   0%|          | 0/26 [00:00<?, ?it/s]
Epoch 48/150 [train]:   0%|          | 0/26 [00:00<?, ?it/s, S=0.4041, loss=-0.2997]
Epoch 48/150 [train]:   0%|          | 0/26 [00:00<?, ?it/s, S=0.4045, loss=-0.2993]
Epoch 48/150 [train]:   0%|          | 0/26 [00:00<?, ?it/s, S=0.3962, loss=-0.2873]
Epoch 48/150 [train]:   0%|          | 0/26 [00:00<?, ?it/s, S=0.4033, loss=-0.3046]
Epoch 48/150 [train]:   0%|          | 0/26 [00:00<?, ?it/s, S=0.4089, loss=-0.3112]
Epoch 48/150 [train]:   0%|          | 0/26 [00:00<?, ?it/s, S=0.3985, loss=-0.2913]
Epoch 48/150 [train]:   0%|          | 0/26 [00:00<?, ?it/s, S=0.4073, loss=-0.3093]
Epoch 48/150 [train]:   0%|          | 0/26 [00:00<?, ?it/s, S=0.3998, loss=-0.2928]
Epoch 48/150 [train]:   0%|          | 0/26 [00:00<?, ?it/s, S=0.3991, loss=-0.2877]
Epoch 48/150 [train]:  35%|███▍      | 9/26 [00:00<00:00, 86.04it/s, S=0.3991, loss=-0.2877]
Epoch 48/150 [train]:  35%|███▍      | 9/26 [00:00<00:00, 86.04it/s, S=0.4024, loss=-0.2998]
Epoch 48/150 [train]:  35%|███▍      | 9/26 [00:00<00:00, 86.04it/s, S=0.3979, loss=-0.2961]
Epoch 48/150 [train]:  35%|███▍      | 9/26 [00:00<00:00, 86.04it/s, S=0.4023, loss=-0.3049]
Epoch 48/150 [train]:  35%|███▍      | 9/26 [00:00<00:00, 86.04it/s, S=0.3913, loss=-0.2814]
Epoch 48/150 [train]:  35%|███▍      | 9/26 [00:00<00:00, 86.04it/s, S=0.3973, loss=-0.2958]
Epoch 48/150 [train]:  35%|███▍      | 9/26 [00:00<00:00, 86.04it/s, S=0.3992, loss=-0.2861]
Epoch 48/150 [train]:  35%|███▍      | 9/26 [00:00<00:00, 86.04it/s, S=0.4040, loss=-0.2952]
Epoch 48/150 [train]:  35%|███▍      | 9/26 [00:00<00:00, 86.04it/s, S=0.4056, loss=-0.3032]
Epoch 48/150 [train]:  35%|███▍      | 9/26 [00:00<00:00, 86.04it/s, S=0.4009, loss=-0.2978]
Epoch 48/150 [train]:  69%|██████▉   | 18/26 [00:00<00:00, 86.21it/s, S=0.4009, loss=-0.2978]
Epoch 48/150 [train]:  69%|██████▉   | 18/26 [00:00<00:00, 86.21it/s, S=0.4000, loss=-0.2932]
Epoch 48/150 [train]:  69%|██████▉   | 18/26 [00:00<00:00, 86.21it/s, S=0.4036, loss=-0.3020]
Epoch 48/150 [train]:  69%|██████▉   | 18/26 [00:00<00:00, 86.21it/s, S=0.3956, loss=-0.2956]
Epoch 48/150 [train]:  69%|██████▉   | 18/26 [00:00<00:00, 86.21it/s, S=0.3942, loss=-0.2899]
Epoch 48/150 [train]:  69%|██████▉   | 18/26 [00:00<00:00, 86.21it/s, S=0.4029, loss=-0.3018]
Epoch 48/150 [train]:  69%|██████▉   | 18/26 [00:00<00:00, 86.21it/s, S=0.3994, loss=-0.2926]
Epoch 48/150 [train]:  69%|██████▉   | 18/26 [00:00<00:00, 86.21it/s, S=0.3970, loss=-0.2965]
Epoch 48/150 [train]:  69%|██████▉   | 18/26 [00:00<00:00, 86.21it/s, S=0.3924, loss=-0.2846]
                                                                                             
Epoch  48/150  train loss=-0.2961  val loss=-0.3016  S[mean]=0.4135  ζ=0.4442  mean_plane_ζ=0.3443  reg=0.1120  λscale=0.38  lr=2.89e-04

Epoch 49/150 [train]:   0%|          | 0/26 [00:00<?, ?it/s]
Epoch 49/150 [train]:   0%|          | 0/26 [00:00<?, ?it/s, S=0.3999, loss=-0.2959]
Epoch 49/150 [train]:   0%|          | 0/26 [00:00<?, ?it/s, S=0.4060, loss=-0.3042]
Epoch 49/150 [train]:   0%|          | 0/26 [00:00<?, ?it/s, S=0.3967, loss=-0.2934]
Epoch 49/150 [train]:   0%|          | 0/26 [00:00<?, ?it/s, S=0.4052, loss=-0.3045]
Epoch 49/150 [train]:   0%|          | 0/26 [00:00<?, ?it/s, S=0.4001, loss=-0.2959]
Epoch 49/150 [train]:   0%|          | 0/26 [00:00<?, ?it/s, S=0.4028, loss=-0.3023]
Epoch 49/150 [train]:   0%|          | 0/26 [00:00<?, ?it/s, S=0.3994, loss=-0.2961]
Epoch 49/150 [train]:   0%|          | 0/26 [00:00<?, ?it/s, S=0.4010, loss=-0.2925]
Epoch 49/150 [train]:   0%|          | 0/26 [00:00<?, ?it/s, S=0.3997, loss=-0.2944]
Epoch 49/150 [train]:  35%|███▍      | 9/26 [00:00<00:00, 86.07it/s, S=0.3997, loss=-0.2944]
Epoch 49/150 [train]:  35%|███▍      | 9/26 [00:00<00:00, 86.07it/s, S=0.3989, loss=-0.2855]
Epoch 49/150 [train]:  35%|███▍      | 9/26 [00:00<00:00, 86.07it/s, S=0.4060, loss=-0.3048]
Epoch 49/150 [train]:  35%|███▍      | 9/26 [00:00<00:00, 86.07it/s, S=0.3988, loss=-0.2839]
Epoch 49/150 [train]:  35%|███▍      | 9/26 [00:00<00:00, 86.07it/s, S=0.4032, loss=-0.2976]
Epoch 49/150 [train]:  35%|███▍      | 9/26 [00:00<00:00, 86.07it/s, S=0.4039, loss=-0.3066]
Epoch 49/150 [train]:  35%|███▍      | 9/26 [00:00<00:00, 86.07it/s, S=0.4033, loss=-0.3051]
Epoch 49/150 [train]:  35%|███▍      | 9/26 [00:00<00:00, 86.07it/s, S=0.4042, loss=-0.2946]
Epoch 49/150 [train]:  35%|███▍      | 9/26 [00:00<00:00, 86.07it/s, S=0.3922, loss=-0.2901]
Epoch 49/150 [train]:  35%|███▍      | 9/26 [00:00<00:00, 86.07it/s, S=0.4026, loss=-0.2950]
Epoch 49/150 [train]:  69%|██████▉   | 18/26 [00:00<00:00, 86.37it/s, S=0.4026, loss=-0.2950]
Epoch 49/150 [train]:  69%|██████▉   | 18/26 [00:00<00:00, 86.37it/s, S=0.3974, loss=-0.2944]
Epoch 49/150 [train]:  69%|██████▉   | 18/26 [00:00<00:00, 86.37it/s, S=0.4010, loss=-0.2974]
Epoch 49/150 [train]:  69%|██████▉   | 18/26 [00:00<00:00, 86.37it/s, S=0.3995, loss=-0.2909]
Epoch 49/150 [train]:  69%|██████▉   | 18/26 [00:00<00:00, 86.37it/s, S=0.4052, loss=-0.3069]
Epoch 49/150 [train]:  69%|██████▉   | 18/26 [00:00<00:00, 86.37it/s, S=0.4041, loss=-0.3014]
Epoch 49/150 [train]:  69%|██████▉   | 18/26 [00:00<00:00, 86.37it/s, S=0.4048, loss=-0.2975]
Epoch 49/150 [train]:  69%|██████▉   | 18/26 [00:00<00:00, 86.37it/s, S=0.4000, loss=-0.3032]
Epoch 49/150 [train]:  69%|██████▉   | 18/26 [00:00<00:00, 86.37it/s, S=0.4057, loss=-0.3035]
                                                                                             
Epoch  49/150  train loss=-0.2976  val loss=-0.3007  S[mean]=0.4147  ζ=0.4435  mean_plane_ζ=0.3448  reg=0.1140  λscale=0.39  lr=2.70e-04

Epoch 50/150 [train]:   0%|          | 0/26 [00:00<?, ?it/s]
Epoch 50/150 [train]:   0%|          | 0/26 [00:00<?, ?it/s, S=0.3989, loss=-0.2792]
Epoch 50/150 [train]:   0%|          | 0/26 [00:00<?, ?it/s, S=0.4027, loss=-0.2954]
Epoch 50/150 [train]:   0%|          | 0/26 [00:00<?, ?it/s, S=0.4061, loss=-0.3023]
Epoch 50/150 [train]:   0%|          | 0/26 [00:00<?, ?it/s, S=0.4100, loss=-0.3010]
Epoch 50/150 [train]:   0%|          | 0/26 [00:00<?, ?it/s, S=0.4065, loss=-0.3022]
Epoch 50/150 [train]:   0%|          | 0/26 [00:00<?, ?it/s, S=0.4029, loss=-0.2946]
Epoch 50/150 [train]:   0%|          | 0/26 [00:00<?, ?it/s, S=0.4009, loss=-0.2959]
Epoch 50/150 [train]:   0%|          | 0/26 [00:00<?, ?it/s, S=0.4067, loss=-0.3036]
Epoch 50/150 [train]:   0%|          | 0/26 [00:00<?, ?it/s, S=0.3969, loss=-0.2890]
Epoch 50/150 [train]:  35%|███▍      | 9/26 [00:00<00:00, 86.00it/s, S=0.3969, loss=-0.2890]
Epoch 50/150 [train]:  35%|███▍      | 9/26 [00:00<00:00, 86.00it/s, S=0.4051, loss=-0.3002]
Epoch 50/150 [train]:  35%|███▍      | 9/26 [00:00<00:00, 86.00it/s, S=0.3947, loss=-0.2880]
Epoch 50/150 [train]:  35%|███▍      | 9/26 [00:00<00:00, 86.00it/s, S=0.4029, loss=-0.2991]
Epoch 50/150 [train]:  35%|███▍      | 9/26 [00:00<00:00, 86.00it/s, S=0.4111, loss=-0.3031]
Epoch 50/150 [train]:  35%|███▍      | 9/26 [00:00<00:00, 86.00it/s, S=0.3948, loss=-0.2844]
Epoch 50/150 [train]:  35%|███▍      | 9/26 [00:00<00:00, 86.00it/s, S=0.4065, loss=-0.3053]
Epoch 50/150 [train]:  35%|███▍      | 9/26 [00:00<00:00, 86.00it/s, S=0.4009, loss=-0.3030]
Epoch 50/150 [train]:  35%|███▍      | 9/26 [00:00<00:00, 86.00it/s, S=0.4071, loss=-0.3037]
Epoch 50/150 [train]:  35%|███▍      | 9/26 [00:00<00:00, 86.00it/s, S=0.4035, loss=-0.3044]
Epoch 50/150 [train]:  69%|██████▉   | 18/26 [00:00<00:00, 86.32it/s, S=0.4035, loss=-0.3044]
Epoch 50/150 [train]:  69%|██████▉   | 18/26 [00:00<00:00, 86.32it/s, S=0.4031, loss=-0.3026]
Epoch 50/150 [train]:  69%|██████▉   | 18/26 [00:00<00:00, 86.32it/s, S=0.4056, loss=-0.2973]
Epoch 50/150 [train]:  69%|██████▉   | 18/26 [00:00<00:00, 86.32it/s, S=0.4091, loss=-0.3103]
Epoch 50/150 [train]:  69%|██████▉   | 18/26 [00:00<00:00, 86.32it/s, S=0.3994, loss=-0.2949]
Epoch 50/150 [train]:  69%|██████▉   | 18/26 [00:00<00:00, 86.32it/s, S=0.4042, loss=-0.2898]
Epoch 50/150 [train]:  69%|██████▉   | 18/26 [00:00<00:00, 86.32it/s, S=0.3984, loss=-0.2929]
Epoch 50/150 [train]:  69%|██████▉   | 18/26 [00:00<00:00, 86.32it/s, S=0.4026, loss=-0.2981]
Epoch 50/150 [train]:  69%|██████▉   | 18/26 [00:00<00:00, 86.32it/s, S=0.4044, loss=-0.2924]
                                                                                             
Epoch  50/150  train loss=-0.2974  val loss=-0.3015  S[mean]=0.4159  ζ=0.4439  mean_plane_ζ=0.3461  reg=0.1143  λscale=0.40  lr=2.50e-04

Epoch 51/150 [train]:   0%|          | 0/26 [00:00<?, ?it/s]
Epoch 51/150 [train]:   0%|          | 0/26 [00:00<?, ?it/s, S=0.4070, loss=-0.2989]
Epoch 51/150 [train]:   0%|          | 0/26 [00:00<?, ?it/s, S=0.4032, loss=-0.2869]
Epoch 51/150 [train]:   0%|          | 0/26 [00:00<?, ?it/s, S=0.4141, loss=-0.3125]
Epoch 51/150 [train]:   0%|          | 0/26 [00:00<?, ?it/s, S=0.4137, loss=-0.3127]
Epoch 51/150 [train]:   0%|          | 0/26 [00:00<?, ?it/s, S=0.4004, loss=-0.2916]
Epoch 51/150 [train]:   0%|          | 0/26 [00:00<?, ?it/s, S=0.4040, loss=-0.2960]
Epoch 51/150 [train]:   0%|          | 0/26 [00:00<?, ?it/s, S=0.3990, loss=-0.2791]
Epoch 51/150 [train]:   0%|          | 0/26 [00:00<?, ?it/s, S=0.4024, loss=-0.2926]
Epoch 51/150 [train]:   0%|          | 0/26 [00:00<?, ?it/s, S=0.4048, loss=-0.2939]
Epoch 51/150 [train]:  35%|███▍      | 9/26 [00:00<00:00, 86.24it/s, S=0.4048, loss=-0.2939]
Epoch 51/150 [train]:  35%|███▍      | 9/26 [00:00<00:00, 86.24it/s, S=0.3998, loss=-0.2979]
Epoch 51/150 [train]:  35%|███▍      | 9/26 [00:00<00:00, 86.24it/s, S=0.4104, loss=-0.3097]
Epoch 51/150 [train]:  35%|███▍      | 9/26 [00:00<00:00, 86.24it/s, S=0.4085, loss=-0.3010]
Epoch 51/150 [train]:  35%|███▍      | 9/26 [00:00<00:00, 86.24it/s, S=0.4093, loss=-0.3080]
Epoch 51/150 [train]:  35%|███▍      | 9/26 [00:00<00:00, 86.24it/s, S=0.4085, loss=-0.3087]
Epoch 51/150 [train]:  35%|███▍      | 9/26 [00:00<00:00, 86.24it/s, S=0.4066, loss=-0.2940]
Epoch 51/150 [train]:  35%|███▍      | 9/26 [00:00<00:00, 86.24it/s, S=0.3979, loss=-0.2934]
Epoch 51/150 [train]:  35%|███▍      | 9/26 [00:00<00:00, 86.24it/s, S=0.4067, loss=-0.3069]
Epoch 51/150 [train]:  35%|███▍      | 9/26 [00:00<00:00, 86.24it/s, S=0.4122, loss=-0.3136]
Epoch 51/150 [train]:  69%|██████▉   | 18/26 [00:00<00:00, 86.06it/s, S=0.4122, loss=-0.3136]
Epoch 51/150 [train]:  69%|██████▉   | 18/26 [00:00<00:00, 86.06it/s, S=0.4035, loss=-0.2946]
Epoch 51/150 [train]:  69%|██████▉   | 18/26 [00:00<00:00, 86.06it/s, S=0.4068, loss=-0.3003]
Epoch 51/150 [train]:  69%|██████▉   | 18/26 [00:00<00:00, 86.06it/s, S=0.4066, loss=-0.2990]
Epoch 51/150 [train]:  69%|██████▉   | 18/26 [00:00<00:00, 86.06it/s, S=0.4017, loss=-0.2903]
Epoch 51/150 [train]:  69%|██████▉   | 18/26 [00:00<00:00, 86.06it/s, S=0.4067, loss=-0.3039]
Epoch 51/150 [train]:  69%|██████▉   | 18/26 [00:00<00:00, 86.06it/s, S=0.4055, loss=-0.3061]
Epoch 51/150 [train]:  69%|██████▉   | 18/26 [00:00<00:00, 86.06it/s, S=0.3989, loss=-0.2903]
Epoch 51/150 [train]:  69%|██████▉   | 18/26 [00:00<00:00, 86.06it/s, S=0.3962, loss=-0.2888]
                                                                                             
Epoch  51/150  train loss=-0.2989  val loss=-0.3025  S[mean]=0.4174  ζ=0.4449  mean_plane_ζ=0.3483  reg=0.1149  λscale=0.40  lr=2.30e-04

Epoch 52/150 [train]:   0%|          | 0/26 [00:00<?, ?it/s]
Epoch 52/150 [train]:   0%|          | 0/26 [00:00<?, ?it/s, S=0.4095, loss=-0.3026]
Epoch 52/150 [train]:   0%|          | 0/26 [00:00<?, ?it/s, S=0.4084, loss=-0.2954]
Epoch 52/150 [train]:   0%|          | 0/26 [00:00<?, ?it/s, S=0.4099, loss=-0.3047]
Epoch 52/150 [train]:   0%|          | 0/26 [00:00<?, ?it/s, S=0.4059, loss=-0.3004]
Epoch 52/150 [train]:   0%|          | 0/26 [00:00<?, ?it/s, S=0.4121, loss=-0.3066]
Epoch 52/150 [train]:   0%|          | 0/26 [00:00<?, ?it/s, S=0.4066, loss=-0.2928]
Epoch 52/150 [train]:   0%|          | 0/26 [00:00<?, ?it/s, S=0.4030, loss=-0.2888]
Epoch 52/150 [train]:   0%|          | 0/26 [00:00<?, ?it/s, S=0.4083, loss=-0.3018]
Epoch 52/150 [train]:   0%|          | 0/26 [00:00<?, ?it/s, S=0.4104, loss=-0.3103]
Epoch 52/150 [train]:  35%|███▍      | 9/26 [00:00<00:00, 86.15it/s, S=0.4104, loss=-0.3103]
Epoch 52/150 [train]:  35%|███▍      | 9/26 [00:00<00:00, 86.15it/s, S=0.4016, loss=-0.2853]
Epoch 52/150 [train]:  35%|███▍      | 9/26 [00:00<00:00, 86.15it/s, S=0.4054, loss=-0.2993]
Epoch 52/150 [train]:  35%|███▍      | 9/26 [00:00<00:00, 86.15it/s, S=0.4004, loss=-0.2905]
Epoch 52/150 [train]:  35%|███▍      | 9/26 [00:00<00:00, 86.15it/s, S=0.4090, loss=-0.3010]
Epoch 52/150 [train]:  35%|███▍      | 9/26 [00:00<00:00, 86.15it/s, S=0.4082, loss=-0.2973]
Epoch 52/150 [train]:  35%|███▍      | 9/26 [00:00<00:00, 86.15it/s, S=0.4071, loss=-0.2976]
Epoch 52/150 [train]:  35%|███▍      | 9/26 [00:00<00:00, 86.15it/s, S=0.4039, loss=-0.2993]
Epoch 52/150 [train]:  35%|███▍      | 9/26 [00:00<00:00, 86.15it/s, S=0.4018, loss=-0.2946]
Epoch 52/150 [train]:  35%|███▍      | 9/26 [00:00<00:00, 86.15it/s, S=0.4075, loss=-0.3017]
Epoch 52/150 [train]:  69%|██████▉   | 18/26 [00:00<00:00, 86.23it/s, S=0.4075, loss=-0.3017]
Epoch 52/150 [train]:  69%|██████▉   | 18/26 [00:00<00:00, 86.23it/s, S=0.3918, loss=-0.2707]
Epoch 52/150 [train]:  69%|██████▉   | 18/26 [00:00<00:00, 86.23it/s, S=0.4091, loss=-0.3049]
Epoch 52/150 [train]:  69%|██████▉   | 18/26 [00:00<00:00, 86.23it/s, S=0.4030, loss=-0.2953]
Epoch 52/150 [train]:  69%|██████▉   | 18/26 [00:00<00:00, 86.23it/s, S=0.4076, loss=-0.3031]
Epoch 52/150 [train]:  69%|██████▉   | 18/26 [00:00<00:00, 86.23it/s, S=0.4103, loss=-0.3051]
Epoch 52/150 [train]:  69%|██████▉   | 18/26 [00:00<00:00, 86.23it/s, S=0.4052, loss=-0.2934]
Epoch 52/150 [train]:  69%|██████▉   | 18/26 [00:00<00:00, 86.23it/s, S=0.4094, loss=-0.3040]
Epoch 52/150 [train]:  69%|██████▉   | 18/26 [00:00<00:00, 86.23it/s, S=0.4043, loss=-0.3043]
                                                                                             
Epoch  52/150  train loss=-0.2981  val loss=-0.3033  S[mean]=0.4196  ζ=0.4456  mean_plane_ζ=0.3498  reg=0.1164  λscale=0.41  lr=2.11e-04

Epoch 53/150 [train]:   0%|          | 0/26 [00:00<?, ?it/s]
Epoch 53/150 [train]:   0%|          | 0/26 [00:00<?, ?it/s, S=0.4131, loss=-0.3070]
Epoch 53/150 [train]:   0%|          | 0/26 [00:00<?, ?it/s, S=0.4065, loss=-0.3037]
Epoch 53/150 [train]:   0%|          | 0/26 [00:00<?, ?it/s, S=0.4123, loss=-0.3038]
Epoch 53/150 [train]:   0%|          | 0/26 [00:00<?, ?it/s, S=0.4046, loss=-0.2959]
Epoch 53/150 [train]:   0%|          | 0/26 [00:00<?, ?it/s, S=0.4087, loss=-0.2990]
Epoch 53/150 [train]:   0%|          | 0/26 [00:00<?, ?it/s, S=0.4078, loss=-0.3019]
Epoch 53/150 [train]:   0%|          | 0/26 [00:00<?, ?it/s, S=0.4086, loss=-0.2954]
Epoch 53/150 [train]:   0%|          | 0/26 [00:00<?, ?it/s, S=0.4069, loss=-0.3031]
Epoch 53/150 [train]:   0%|          | 0/26 [00:00<?, ?it/s, S=0.4139, loss=-0.3130]
Epoch 53/150 [train]:  35%|███▍      | 9/26 [00:00<00:00, 86.16it/s, S=0.4139, loss=-0.3130]
Epoch 53/150 [train]:  35%|███▍      | 9/26 [00:00<00:00, 86.16it/s, S=0.4134, loss=-0.3107]
Epoch 53/150 [train]:  35%|███▍      | 9/26 [00:00<00:00, 86.16it/s, S=0.4128, loss=-0.3076]
Epoch 53/150 [train]:  35%|███▍      | 9/26 [00:00<00:00, 86.16it/s, S=0.4017, loss=-0.2974]
Epoch 53/150 [train]:  35%|███▍      | 9/26 [00:00<00:00, 86.16it/s, S=0.4061, loss=-0.2911]
Epoch 53/150 [train]:  35%|███▍      | 9/26 [00:00<00:00, 86.16it/s, S=0.4086, loss=-0.3039]
Epoch 53/150 [train]:  35%|███▍      | 9/26 [00:00<00:00, 86.16it/s, S=0.4130, loss=-0.3140]
Epoch 53/150 [train]:  35%|███▍      | 9/26 [00:00<00:00, 86.16it/s, S=0.4118, loss=-0.3103]
Epoch 53/150 [train]:  35%|███▍      | 9/26 [00:00<00:00, 86.16it/s, S=0.4136, loss=-0.3004]
Epoch 53/150 [train]:  35%|███▍      | 9/26 [00:00<00:00, 86.16it/s, S=0.4117, loss=-0.3005]
Epoch 53/150 [train]:  69%|██████▉   | 18/26 [00:00<00:00, 86.22it/s, S=0.4117, loss=-0.3005]
Epoch 53/150 [train]:  69%|██████▉   | 18/26 [00:00<00:00, 86.22it/s, S=0.4088, loss=-0.3000]
Epoch 53/150 [train]:  69%|██████▉   | 18/26 [00:00<00:00, 86.22it/s, S=0.4109, loss=-0.2931]
Epoch 53/150 [train]:  69%|██████▉   | 18/26 [00:00<00:00, 86.22it/s, S=0.4132, loss=-0.3042]
Epoch 53/150 [train]:  69%|██████▉   | 18/26 [00:00<00:00, 86.22it/s, S=0.4069, loss=-0.2979]
Epoch 53/150 [train]:  69%|██████▉   | 18/26 [00:00<00:00, 86.22it/s, S=0.4102, loss=-0.3065]
Epoch 53/150 [train]:  69%|██████▉   | 18/26 [00:00<00:00, 86.22it/s, S=0.4070, loss=-0.2860]
Epoch 53/150 [train]:  69%|██████▉   | 18/26 [00:00<00:00, 86.22it/s, S=0.4017, loss=-0.2914]
Epoch 53/150 [train]:  69%|██████▉   | 18/26 [00:00<00:00, 86.22it/s, S=0.4134, loss=-0.3084]
                                                                                             
Epoch  53/150  train loss=-0.3018  val loss=-0.3041  S[mean]=0.4214  ζ=0.4466  mean_plane_ζ=0.3514  reg=0.1173  λscale=0.41  lr=1.92e-04

Epoch 54/150 [train]:   0%|          | 0/26 [00:00<?, ?it/s]
Epoch 54/150 [train]:   0%|          | 0/26 [00:00<?, ?it/s, S=0.4129, loss=-0.3030]
Epoch 54/150 [train]:   0%|          | 0/26 [00:00<?, ?it/s, S=0.4123, loss=-0.3072]
Epoch 54/150 [train]:   0%|          | 0/26 [00:00<?, ?it/s, S=0.4048, loss=-0.3034]
Epoch 54/150 [train]:   0%|          | 0/26 [00:00<?, ?it/s, S=0.4059, loss=-0.2904]
Epoch 54/150 [train]:   0%|          | 0/26 [00:00<?, ?it/s, S=0.4105, loss=-0.2912]
Epoch 54/150 [train]:   0%|          | 0/26 [00:00<?, ?it/s, S=0.4144, loss=-0.3053]
Epoch 54/150 [train]:   0%|          | 0/26 [00:00<?, ?it/s, S=0.4092, loss=-0.2983]
Epoch 54/150 [train]:   0%|          | 0/26 [00:00<?, ?it/s, S=0.4143, loss=-0.3108]
Epoch 54/150 [train]:   0%|          | 0/26 [00:00<?, ?it/s, S=0.4154, loss=-0.3122]
Epoch 54/150 [train]:  35%|███▍      | 9/26 [00:00<00:00, 86.07it/s, S=0.4154, loss=-0.3122]
Epoch 54/150 [train]:  35%|███▍      | 9/26 [00:00<00:00, 86.07it/s, S=0.4078, loss=-0.2974]
Epoch 54/150 [train]:  35%|███▍      | 9/26 [00:00<00:00, 86.07it/s, S=0.4073, loss=-0.2899]
Epoch 54/150 [train]:  35%|███▍      | 9/26 [00:00<00:00, 86.07it/s, S=0.4156, loss=-0.3125]
Epoch 54/150 [train]:  35%|███▍      | 9/26 [00:00<00:00, 86.07it/s, S=0.4129, loss=-0.3106]
Epoch 54/150 [train]:  35%|███▍      | 9/26 [00:00<00:00, 86.07it/s, S=0.4171, loss=-0.3119]
Epoch 54/150 [train]:  35%|███▍      | 9/26 [00:00<00:00, 86.07it/s, S=0.4038, loss=-0.2906]
Epoch 54/150 [train]:  35%|███▍      | 9/26 [00:00<00:00, 86.07it/s, S=0.4102, loss=-0.3040]
Epoch 54/150 [train]:  35%|███▍      | 9/26 [00:00<00:00, 86.07it/s, S=0.4108, loss=-0.3022]
Epoch 54/150 [train]:  35%|███▍      | 9/26 [00:00<00:00, 86.07it/s, S=0.4105, loss=-0.3000]
Epoch 54/150 [train]:  69%|██████▉   | 18/26 [00:00<00:00, 86.27it/s, S=0.4105, loss=-0.3000]
Epoch 54/150 [train]:  69%|██████▉   | 18/26 [00:00<00:00, 86.27it/s, S=0.4068, loss=-0.2993]
Epoch 54/150 [train]:  69%|██████▉   | 18/26 [00:00<00:00, 86.27it/s, S=0.4106, loss=-0.3007]
Epoch 54/150 [train]:  69%|██████▉   | 18/26 [00:00<00:00, 86.27it/s, S=0.4109, loss=-0.3006]
Epoch 54/150 [train]:  69%|██████▉   | 18/26 [00:00<00:00, 86.27it/s, S=0.4097, loss=-0.3024]
Epoch 54/150 [train]:  69%|██████▉   | 18/26 [00:00<00:00, 86.27it/s, S=0.4072, loss=-0.2955]
Epoch 54/150 [train]:  69%|██████▉   | 18/26 [00:00<00:00, 86.27it/s, S=0.4091, loss=-0.2948]
Epoch 54/150 [train]:  69%|██████▉   | 18/26 [00:00<00:00, 86.27it/s, S=0.4099, loss=-0.3013]
Epoch 54/150 [train]:  69%|██████▉   | 18/26 [00:00<00:00, 86.27it/s, S=0.4059, loss=-0.2937]
                                                                                             
Epoch  54/150  train loss=-0.3011  val loss=-0.3052  S[mean]=0.4231  ζ=0.4474  mean_plane_ζ=0.3526  reg=0.1179  λscale=0.42  lr=1.73e-04

Epoch 55/150 [train]:   0%|          | 0/26 [00:00<?, ?it/s]
Epoch 55/150 [train]:   0%|          | 0/26 [00:00<?, ?it/s, S=0.4073, loss=-0.2964]
Epoch 55/150 [train]:   0%|          | 0/26 [00:00<?, ?it/s, S=0.4100, loss=-0.3028]
Epoch 55/150 [train]:   0%|          | 0/26 [00:00<?, ?it/s, S=0.4254, loss=-0.3166]
Epoch 55/150 [train]:   0%|          | 0/26 [00:00<?, ?it/s, S=0.4113, loss=-0.3044]
Epoch 55/150 [train]:   0%|          | 0/26 [00:00<?, ?it/s, S=0.4133, loss=-0.2984]
Epoch 55/150 [train]:   0%|          | 0/26 [00:00<?, ?it/s, S=0.4132, loss=-0.3037]
Epoch 55/150 [train]:   0%|          | 0/26 [00:00<?, ?it/s, S=0.4074, loss=-0.3003]
Epoch 55/150 [train]:   0%|          | 0/26 [00:00<?, ?it/s, S=0.4110, loss=-0.3040]
Epoch 55/150 [train]:   0%|          | 0/26 [00:00<?, ?it/s, S=0.4152, loss=-0.3071]
Epoch 55/150 [train]:  35%|███▍      | 9/26 [00:00<00:00, 86.03it/s, S=0.4152, loss=-0.3071]
Epoch 55/150 [train]:  35%|███▍      | 9/26 [00:00<00:00, 86.03it/s, S=0.4135, loss=-0.3081]
Epoch 55/150 [train]:  35%|███▍      | 9/26 [00:00<00:00, 86.03it/s, S=0.4133, loss=-0.2954]
Epoch 55/150 [train]:  35%|███▍      | 9/26 [00:00<00:00, 86.03it/s, S=0.4080, loss=-0.3025]
Epoch 55/150 [train]:  35%|███▍      | 9/26 [00:00<00:00, 86.03it/s, S=0.4088, loss=-0.3024]
Epoch 55/150 [train]:  35%|███▍      | 9/26 [00:00<00:00, 86.03it/s, S=0.4169, loss=-0.3056]
Epoch 55/150 [train]:  35%|███▍      | 9/26 [00:00<00:00, 86.03it/s, S=0.4031, loss=-0.2959]
Epoch 55/150 [train]:  35%|███▍      | 9/26 [00:00<00:00, 86.03it/s, S=0.4130, loss=-0.3086]
Epoch 55/150 [train]:  35%|███▍      | 9/26 [00:00<00:00, 86.03it/s, S=0.4242, loss=-0.3164]
Epoch 55/150 [train]:  35%|███▍      | 9/26 [00:00<00:00, 86.03it/s, S=0.4185, loss=-0.3119]
Epoch 55/150 [train]:  69%|██████▉   | 18/26 [00:00<00:00, 85.90it/s, S=0.4185, loss=-0.3119]
Epoch 55/150 [train]:  69%|██████▉   | 18/26 [00:00<00:00, 85.90it/s, S=0.4187, loss=-0.3155]
Epoch 55/150 [train]:  69%|██████▉   | 18/26 [00:00<00:00, 85.90it/s, S=0.4089, loss=-0.2985]
Epoch 55/150 [train]:  69%|██████▉   | 18/26 [00:00<00:00, 85.90it/s, S=0.4121, loss=-0.3058]
Epoch 55/150 [train]:  69%|██████▉   | 18/26 [00:00<00:00, 85.90it/s, S=0.4084, loss=-0.2973]
Epoch 55/150 [train]:  69%|██████▉   | 18/26 [00:00<00:00, 85.90it/s, S=0.4080, loss=-0.2939]
Epoch 55/150 [train]:  69%|██████▉   | 18/26 [00:00<00:00, 85.90it/s, S=0.4127, loss=-0.3072]
Epoch 55/150 [train]:  69%|██████▉   | 18/26 [00:00<00:00, 85.90it/s, S=0.4062, loss=-0.2909]
Epoch 55/150 [train]:  69%|██████▉   | 18/26 [00:00<00:00, 85.90it/s, S=0.4129, loss=-0.3059]
                                                                                             
Epoch  55/150  train loss=-0.3037  val loss=-0.3068  S[mean]=0.4245  ζ=0.4485  mean_plane_ζ=0.3535  reg=0.1176  λscale=0.43  lr=1.54e-04

Epoch 56/150 [train]:   0%|          | 0/26 [00:00<?, ?it/s]
Epoch 56/150 [train]:   0%|          | 0/26 [00:00<?, ?it/s, S=0.4136, loss=-0.3075]
Epoch 56/150 [train]:   0%|          | 0/26 [00:00<?, ?it/s, S=0.4080, loss=-0.2993]
Epoch 56/150 [train]:   0%|          | 0/26 [00:00<?, ?it/s, S=0.4137, loss=-0.3013]
Epoch 56/150 [train]:   0%|          | 0/26 [00:00<?, ?it/s, S=0.4169, loss=-0.3133]
Epoch 56/150 [train]:   0%|          | 0/26 [00:00<?, ?it/s, S=0.4138, loss=-0.3058]
Epoch 56/150 [train]:   0%|          | 0/26 [00:00<?, ?it/s, S=0.4142, loss=-0.3056]
Epoch 56/150 [train]:   0%|          | 0/26 [00:00<?, ?it/s, S=0.4093, loss=-0.2940]
Epoch 56/150 [train]:   0%|          | 0/26 [00:00<?, ?it/s, S=0.4146, loss=-0.3030]
Epoch 56/150 [train]:   0%|          | 0/26 [00:00<?, ?it/s, S=0.4190, loss=-0.3063]
Epoch 56/150 [train]:  35%|███▍      | 9/26 [00:00<00:00, 85.51it/s, S=0.4190, loss=-0.3063]
Epoch 56/150 [train]:  35%|███▍      | 9/26 [00:00<00:00, 85.51it/s, S=0.4123, loss=-0.3031]
Epoch 56/150 [train]:  35%|███▍      | 9/26 [00:00<00:00, 85.51it/s, S=0.4172, loss=-0.3091]
Epoch 56/150 [train]:  35%|███▍      | 9/26 [00:00<00:00, 85.51it/s, S=0.4171, loss=-0.3108]
Epoch 56/150 [train]:  35%|███▍      | 9/26 [00:00<00:00, 85.51it/s, S=0.4088, loss=-0.2834]
Epoch 56/150 [train]:  35%|███▍      | 9/26 [00:00<00:00, 85.51it/s, S=0.4198, loss=-0.3168]
Epoch 56/150 [train]:  35%|███▍      | 9/26 [00:00<00:00, 85.51it/s, S=0.4152, loss=-0.3059]
Epoch 56/150 [train]:  35%|███▍      | 9/26 [00:00<00:00, 85.51it/s, S=0.4131, loss=-0.2891]
Epoch 56/150 [train]:  35%|███▍      | 9/26 [00:00<00:00, 85.51it/s, S=0.4207, loss=-0.3173]
Epoch 56/150 [train]:  35%|███▍      | 9/26 [00:00<00:00, 85.51it/s, S=0.4124, loss=-0.3064]
Epoch 56/150 [train]:  69%|██████▉   | 18/26 [00:00<00:00, 86.05it/s, S=0.4124, loss=-0.3064]
Epoch 56/150 [train]:  69%|██████▉   | 18/26 [00:00<00:00, 86.05it/s, S=0.4158, loss=-0.3036]
Epoch 56/150 [train]:  69%|██████▉   | 18/26 [00:00<00:00, 86.05it/s, S=0.4123, loss=-0.2966]
Epoch 56/150 [train]:  69%|██████▉   | 18/26 [00:00<00:00, 86.05it/s, S=0.4014, loss=-0.2906]
Epoch 56/150 [train]:  69%|██████▉   | 18/26 [00:00<00:00, 86.05it/s, S=0.4085, loss=-0.2868]
Epoch 56/150 [train]:  69%|██████▉   | 18/26 [00:00<00:00, 86.05it/s, S=0.4036, loss=-0.2809]
Epoch 56/150 [train]:  69%|██████▉   | 18/26 [00:00<00:00, 86.05it/s, S=0.4162, loss=-0.3103]
Epoch 56/150 [train]:  69%|██████▉   | 18/26 [00:00<00:00, 86.05it/s, S=0.4072, loss=-0.2958]
Epoch 56/150 [train]:  69%|██████▉   | 18/26 [00:00<00:00, 86.05it/s, S=0.4181, loss=-0.3045]
                                                                                             
Epoch  56/150  train loss=-0.3018  val loss=-0.3057  S[mean]=0.4247  ζ=0.4494  mean_plane_ζ=0.3546  reg=0.1190  λscale=0.43  lr=1.37e-04

Epoch 57/150 [train]:   0%|          | 0/26 [00:00<?, ?it/s]
Epoch 57/150 [train]:   0%|          | 0/26 [00:00<?, ?it/s, S=0.4110, loss=-0.2970]
Epoch 57/150 [train]:   0%|          | 0/26 [00:00<?, ?it/s, S=0.4123, loss=-0.3015]
Epoch 57/150 [train]:   0%|          | 0/26 [00:00<?, ?it/s, S=0.4165, loss=-0.3022]
Epoch 57/150 [train]:   0%|          | 0/26 [00:00<?, ?it/s, S=0.4120, loss=-0.2998]
Epoch 57/150 [train]:   0%|          | 0/26 [00:00<?, ?it/s, S=0.4188, loss=-0.3151]
Epoch 57/150 [train]:   0%|          | 0/26 [00:00<?, ?it/s, S=0.4165, loss=-0.3068]
Epoch 57/150 [train]:   0%|          | 0/26 [00:00<?, ?it/s, S=0.3992, loss=-0.2880]
Epoch 57/150 [train]:   0%|          | 0/26 [00:00<?, ?it/s, S=0.4084, loss=-0.3023]
Epoch 57/150 [train]:   0%|          | 0/26 [00:00<?, ?it/s, S=0.4128, loss=-0.2966]
Epoch 57/150 [train]:  35%|███▍      | 9/26 [00:00<00:00, 85.97it/s, S=0.4128, loss=-0.2966]
Epoch 57/150 [train]:  35%|███▍      | 9/26 [00:00<00:00, 85.97it/s, S=0.4090, loss=-0.3031]
Epoch 57/150 [train]:  35%|███▍      | 9/26 [00:00<00:00, 85.97it/s, S=0.4157, loss=-0.2927]
Epoch 57/150 [train]:  35%|███▍      | 9/26 [00:00<00:00, 85.97it/s, S=0.4162, loss=-0.3111]
Epoch 57/150 [train]:  35%|███▍      | 9/26 [00:00<00:00, 85.97it/s, S=0.4202, loss=-0.3162]
Epoch 57/150 [train]:  35%|███▍      | 9/26 [00:00<00:00, 85.97it/s, S=0.4035, loss=-0.2843]
Epoch 57/150 [train]:  35%|███▍      | 9/26 [00:00<00:00, 85.97it/s, S=0.4127, loss=-0.3036]
Epoch 57/150 [train]:  35%|███▍      | 9/26 [00:00<00:00, 85.97it/s, S=0.4156, loss=-0.3079]
Epoch 57/150 [train]:  35%|███▍      | 9/26 [00:00<00:00, 85.97it/s, S=0.4139, loss=-0.3049]
Epoch 57/150 [train]:  35%|███▍      | 9/26 [00:00<00:00, 85.97it/s, S=0.4202, loss=-0.3079]
Epoch 57/150 [train]:  69%|██████▉   | 18/26 [00:00<00:00, 86.32it/s, S=0.4202, loss=-0.3079]
Epoch 57/150 [train]:  69%|██████▉   | 18/26 [00:00<00:00, 86.32it/s, S=0.4260, loss=-0.3197]
Epoch 57/150 [train]:  69%|██████▉   | 18/26 [00:00<00:00, 86.32it/s, S=0.4171, loss=-0.3055]
Epoch 57/150 [train]:  69%|██████▉   | 18/26 [00:00<00:00, 86.32it/s, S=0.4159, loss=-0.3100]
Epoch 57/150 [train]:  69%|██████▉   | 18/26 [00:00<00:00, 86.32it/s, S=0.4133, loss=-0.3008]
Epoch 57/150 [train]:  69%|██████▉   | 18/26 [00:00<00:00, 86.32it/s, S=0.4082, loss=-0.3014]
Epoch 57/150 [train]:  69%|██████▉   | 18/26 [00:00<00:00, 86.32it/s, S=0.4119, loss=-0.2884]
Epoch 57/150 [train]:  69%|██████▉   | 18/26 [00:00<00:00, 86.32it/s, S=0.4239, loss=-0.3124]
Epoch 57/150 [train]:  69%|██████▉   | 18/26 [00:00<00:00, 86.32it/s, S=0.4117, loss=-0.2914]
                                                                                             
Epoch  57/150  train loss=-0.3027  val loss=-0.3061  S[mean]=0.4259  ζ=0.4494  mean_plane_ζ=0.3548  reg=0.1198  λscale=0.44  lr=1.19e-04

Epoch 58/150 [train]:   0%|          | 0/26 [00:00<?, ?it/s]
Epoch 58/150 [train]:   0%|          | 0/26 [00:00<?, ?it/s, S=0.4129, loss=-0.2998]
Epoch 58/150 [train]:   0%|          | 0/26 [00:00<?, ?it/s, S=0.4177, loss=-0.2984]
Epoch 58/150 [train]:   0%|          | 0/26 [00:00<?, ?it/s, S=0.4159, loss=-0.3081]
Epoch 58/150 [train]:   0%|          | 0/26 [00:00<?, ?it/s, S=0.4104, loss=-0.2976]
Epoch 58/150 [train]:   0%|          | 0/26 [00:00<?, ?it/s, S=0.4176, loss=-0.3098]
Epoch 58/150 [train]:   0%|          | 0/26 [00:00<?, ?it/s, S=0.4214, loss=-0.3070]
Epoch 58/150 [train]:   0%|          | 0/26 [00:00<?, ?it/s, S=0.4109, loss=-0.3009]
Epoch 58/150 [train]:   0%|          | 0/26 [00:00<?, ?it/s, S=0.4145, loss=-0.3046]
Epoch 58/150 [train]:   0%|          | 0/26 [00:00<?, ?it/s, S=0.4156, loss=-0.3066]
Epoch 58/150 [train]:  35%|███▍      | 9/26 [00:00<00:00, 86.09it/s, S=0.4156, loss=-0.3066]
Epoch 58/150 [train]:  35%|███▍      | 9/26 [00:00<00:00, 86.09it/s, S=0.4147, loss=-0.2956]
Epoch 58/150 [train]:  35%|███▍      | 9/26 [00:00<00:00, 86.09it/s, S=0.4155, loss=-0.2987]
Epoch 58/150 [train]:  35%|███▍      | 9/26 [00:00<00:00, 86.09it/s, S=0.4160, loss=-0.2987]
Epoch 58/150 [train]:  35%|███▍      | 9/26 [00:00<00:00, 86.09it/s, S=0.4102, loss=-0.2909]
Epoch 58/150 [train]:  35%|███▍      | 9/26 [00:00<00:00, 86.09it/s, S=0.4079, loss=-0.2907]
Epoch 58/150 [train]:  35%|███▍      | 9/26 [00:00<00:00, 86.09it/s, S=0.4122, loss=-0.2972]
Epoch 58/150 [train]:  35%|███▍      | 9/26 [00:00<00:00, 86.09it/s, S=0.4143, loss=-0.3104]
Epoch 58/150 [train]:  35%|███▍      | 9/26 [00:00<00:00, 86.09it/s, S=0.4162, loss=-0.3013]
Epoch 58/150 [train]:  35%|███▍      | 9/26 [00:00<00:00, 86.09it/s, S=0.4147, loss=-0.3022]
Epoch 58/150 [train]:  69%|██████▉   | 18/26 [00:00<00:00, 86.17it/s, S=0.4147, loss=-0.3022]
Epoch 58/150 [train]:  69%|██████▉   | 18/26 [00:00<00:00, 86.17it/s, S=0.4187, loss=-0.3053]
Epoch 58/150 [train]:  69%|██████▉   | 18/26 [00:00<00:00, 86.17it/s, S=0.4155, loss=-0.3081]
Epoch 58/150 [train]:  69%|██████▉   | 18/26 [00:00<00:00, 86.17it/s, S=0.4129, loss=-0.2990]
Epoch 58/150 [train]:  69%|██████▉   | 18/26 [00:00<00:00, 86.17it/s, S=0.4128, loss=-0.3066]
Epoch 58/150 [train]:  69%|██████▉   | 18/26 [00:00<00:00, 86.17it/s, S=0.4171, loss=-0.3030]
Epoch 58/150 [train]:  69%|██████▉   | 18/26 [00:00<00:00, 86.17it/s, S=0.4196, loss=-0.3100]
Epoch 58/150 [train]:  69%|██████▉   | 18/26 [00:00<00:00, 86.17it/s, S=0.4128, loss=-0.2997]
Epoch 58/150 [train]:  69%|██████▉   | 18/26 [00:00<00:00, 86.17it/s, S=0.4148, loss=-0.2987]
                                                                                             
Epoch  58/150  train loss=-0.3019  val loss=-0.3061  S[mean]=0.4266  ζ=0.4504  mean_plane_ζ=0.3555  reg=0.1204  λscale=0.44  lr=1.03e-04

Epoch 59/150 [train]:   0%|          | 0/26 [00:00<?, ?it/s]
Epoch 59/150 [train]:   0%|          | 0/26 [00:00<?, ?it/s, S=0.4195, loss=-0.3131]
Epoch 59/150 [train]:   0%|          | 0/26 [00:00<?, ?it/s, S=0.4166, loss=-0.3007]
Epoch 59/150 [train]:   0%|          | 0/26 [00:00<?, ?it/s, S=0.4115, loss=-0.2995]
Epoch 59/150 [train]:   0%|          | 0/26 [00:00<?, ?it/s, S=0.4098, loss=-0.2814]
Epoch 59/150 [train]:   0%|          | 0/26 [00:00<?, ?it/s, S=0.4124, loss=-0.3033]
Epoch 59/150 [train]:   0%|          | 0/26 [00:00<?, ?it/s, S=0.4138, loss=-0.3067]
Epoch 59/150 [train]:   0%|          | 0/26 [00:00<?, ?it/s, S=0.4165, loss=-0.3046]
Epoch 59/150 [train]:   0%|          | 0/26 [00:00<?, ?it/s, S=0.4149, loss=-0.2830]
Epoch 59/150 [train]:   0%|          | 0/26 [00:00<?, ?it/s, S=0.4195, loss=-0.3007]
Epoch 59/150 [train]:  35%|███▍      | 9/26 [00:00<00:00, 85.97it/s, S=0.4195, loss=-0.3007]
Epoch 59/150 [train]:  35%|███▍      | 9/26 [00:00<00:00, 85.97it/s, S=0.4170, loss=-0.3072]
Epoch 59/150 [train]:  35%|███▍      | 9/26 [00:00<00:00, 85.97it/s, S=0.4172, loss=-0.3019]
Epoch 59/150 [train]:  35%|███▍      | 9/26 [00:00<00:00, 85.97it/s, S=0.4163, loss=-0.3045]
Epoch 59/150 [train]:  35%|███▍      | 9/26 [00:00<00:00, 85.97it/s, S=0.4180, loss=-0.3013]
Epoch 59/150 [train]:  35%|███▍      | 9/26 [00:00<00:00, 85.97it/s, S=0.4132, loss=-0.2928]
Epoch 59/150 [train]:  35%|███▍      | 9/26 [00:00<00:00, 85.97it/s, S=0.4088, loss=-0.2976]
Epoch 59/150 [train]:  35%|███▍      | 9/26 [00:00<00:00, 85.97it/s, S=0.4113, loss=-0.3059]
Epoch 59/150 [train]:  35%|███▍      | 9/26 [00:00<00:00, 85.97it/s, S=0.4167, loss=-0.3053]
Epoch 59/150 [train]:  35%|███▍      | 9/26 [00:00<00:00, 85.97it/s, S=0.4218, loss=-0.3071]
Epoch 59/150 [train]:  69%|██████▉   | 18/26 [00:00<00:00, 85.98it/s, S=0.4218, loss=-0.3071]
Epoch 59/150 [train]:  69%|██████▉   | 18/26 [00:00<00:00, 85.98it/s, S=0.4164, loss=-0.2981]
Epoch 59/150 [train]:  69%|██████▉   | 18/26 [00:00<00:00, 85.98it/s, S=0.4149, loss=-0.3050]
Epoch 59/150 [train]:  69%|██████▉   | 18/26 [00:00<00:00, 85.98it/s, S=0.4122, loss=-0.2900]
Epoch 59/150 [train]:  69%|██████▉   | 18/26 [00:00<00:00, 85.98it/s, S=0.4136, loss=-0.2932]
Epoch 59/150 [train]:  69%|██████▉   | 18/26 [00:00<00:00, 85.98it/s, S=0.4180, loss=-0.3058]
Epoch 59/150 [train]:  69%|██████▉   | 18/26 [00:00<00:00, 85.98it/s, S=0.4256, loss=-0.3105]
Epoch 59/150 [train]:  69%|██████▉   | 18/26 [00:00<00:00, 85.98it/s, S=0.4137, loss=-0.3069]
Epoch 59/150 [train]:  69%|██████▉   | 18/26 [00:00<00:00, 85.98it/s, S=0.4203, loss=-0.3090]
                                                                                             
Epoch  59/150  train loss=-0.3013  val loss=-0.3048  S[mean]=0.4267  ζ=0.4505  mean_plane_ζ=0.3558  reg=0.1219  λscale=0.45  lr=8.76e-05

Epoch 60/150 [train]:   0%|          | 0/26 [00:00<?, ?it/s]
Epoch 60/150 [train]:   0%|          | 0/26 [00:00<?, ?it/s, S=0.4100, loss=-0.2944]
Epoch 60/150 [train]:   0%|          | 0/26 [00:00<?, ?it/s, S=0.4196, loss=-0.3090]
Epoch 60/150 [train]:   0%|          | 0/26 [00:00<?, ?it/s, S=0.4229, loss=-0.3092]
Epoch 60/150 [train]:   0%|          | 0/26 [00:00<?, ?it/s, S=0.4188, loss=-0.3037]
Epoch 60/150 [train]:   0%|          | 0/26 [00:00<?, ?it/s, S=0.4219, loss=-0.3067]
Epoch 60/150 [train]:   0%|          | 0/26 [00:00<?, ?it/s, S=0.4186, loss=-0.3067]
Epoch 60/150 [train]:   0%|          | 0/26 [00:00<?, ?it/s, S=0.4189, loss=-0.3041]
Epoch 60/150 [train]:   0%|          | 0/26 [00:00<?, ?it/s, S=0.4178, loss=-0.3062]
Epoch 60/150 [train]:   0%|          | 0/26 [00:00<?, ?it/s, S=0.4135, loss=-0.3039]
Epoch 60/150 [train]:  35%|███▍      | 9/26 [00:00<00:00, 85.92it/s, S=0.4135, loss=-0.3039]
Epoch 60/150 [train]:  35%|███▍      | 9/26 [00:00<00:00, 85.92it/s, S=0.4160, loss=-0.3095]
Epoch 60/150 [train]:  35%|███▍      | 9/26 [00:00<00:00, 85.92it/s, S=0.4156, loss=-0.3046]
Epoch 60/150 [train]:  35%|███▍      | 9/26 [00:00<00:00, 85.92it/s, S=0.4186, loss=-0.3055]
Epoch 60/150 [train]:  35%|███▍      | 9/26 [00:00<00:00, 85.92it/s, S=0.4165, loss=-0.3067]
Epoch 60/150 [train]:  35%|███▍      | 9/26 [00:00<00:00, 85.92it/s, S=0.4123, loss=-0.2892]
Epoch 60/150 [train]:  35%|███▍      | 9/26 [00:00<00:00, 85.92it/s, S=0.4156, loss=-0.2931]
Epoch 60/150 [train]:  35%|███▍      | 9/26 [00:00<00:00, 85.92it/s, S=0.4140, loss=-0.3019]
Epoch 60/150 [train]:  35%|███▍      | 9/26 [00:00<00:00, 85.92it/s, S=0.4266, loss=-0.3167]
Epoch 60/150 [train]:  35%|███▍      | 9/26 [00:00<00:00, 85.92it/s, S=0.4097, loss=-0.2906]
Epoch 60/150 [train]:  69%|██████▉   | 18/26 [00:00<00:00, 85.99it/s, S=0.4097, loss=-0.2906]
Epoch 60/150 [train]:  69%|██████▉   | 18/26 [00:00<00:00, 85.99it/s, S=0.4133, loss=-0.3019]
Epoch 60/150 [train]:  69%|██████▉   | 18/26 [00:00<00:00, 85.99it/s, S=0.4158, loss=-0.2995]
Epoch 60/150 [train]:  69%|██████▉   | 18/26 [00:00<00:00, 85.99it/s, S=0.4139, loss=-0.2966]
Epoch 60/150 [train]:  69%|██████▉   | 18/26 [00:00<00:00, 85.99it/s, S=0.4116, loss=-0.2954]
Epoch 60/150 [train]:  69%|██████▉   | 18/26 [00:00<00:00, 85.99it/s, S=0.4079, loss=-0.2932]
Epoch 60/150 [train]:  69%|██████▉   | 18/26 [00:00<00:00, 85.99it/s, S=0.4163, loss=-0.3035]
Epoch 60/150 [train]:  69%|██████▉   | 18/26 [00:00<00:00, 85.99it/s, S=0.4197, loss=-0.3040]
Epoch 60/150 [train]:  69%|██████▉   | 18/26 [00:00<00:00, 85.99it/s, S=0.4184, loss=-0.3089]
                                                                                             
Epoch  60/150  train loss=-0.3025  val loss=-0.3036  S[mean]=0.4269  ζ=0.4508  mean_plane_ζ=0.3562  reg=0.1233  λscale=0.46  lr=7.32e-05

Epoch 61/150 [train]:   0%|          | 0/26 [00:00<?, ?it/s]
Epoch 61/150 [train]:   0%|          | 0/26 [00:00<?, ?it/s, S=0.4105, loss=-0.2942]
Epoch 61/150 [train]:   0%|          | 0/26 [00:00<?, ?it/s, S=0.4132, loss=-0.3056]
Epoch 61/150 [train]:   0%|          | 0/26 [00:00<?, ?it/s, S=0.4161, loss=-0.2860]
Epoch 61/150 [train]:   0%|          | 0/26 [00:00<?, ?it/s, S=0.4150, loss=-0.3084]
Epoch 61/150 [train]:   0%|          | 0/26 [00:00<?, ?it/s, S=0.4190, loss=-0.3024]
Epoch 61/150 [train]:   0%|          | 0/26 [00:00<?, ?it/s, S=0.4196, loss=-0.3097]
Epoch 61/150 [train]:   0%|          | 0/26 [00:00<?, ?it/s, S=0.4202, loss=-0.3042]
Epoch 61/150 [train]:   0%|          | 0/26 [00:00<?, ?it/s, S=0.4153, loss=-0.2908]
Epoch 61/150 [train]:   0%|          | 0/26 [00:00<?, ?it/s, S=0.4219, loss=-0.3113]
Epoch 61/150 [train]:  35%|███▍      | 9/26 [00:00<00:00, 85.83it/s, S=0.4219, loss=-0.3113]
Epoch 61/150 [train]:  35%|███▍      | 9/26 [00:00<00:00, 85.83it/s, S=0.4140, loss=-0.2965]
Epoch 61/150 [train]:  35%|███▍      | 9/26 [00:00<00:00, 85.83it/s, S=0.4169, loss=-0.2982]
Epoch 61/150 [train]:  35%|███▍      | 9/26 [00:00<00:00, 85.83it/s, S=0.4179, loss=-0.3017]
Epoch 61/150 [train]:  35%|███▍      | 9/26 [00:00<00:00, 85.83it/s, S=0.4212, loss=-0.3077]
Epoch 61/150 [train]:  35%|███▍      | 9/26 [00:00<00:00, 85.83it/s, S=0.4132, loss=-0.2931]
Epoch 61/150 [train]:  35%|███▍      | 9/26 [00:00<00:00, 85.83it/s, S=0.4188, loss=-0.3088]
Epoch 61/150 [train]:  35%|███▍      | 9/26 [00:00<00:00, 85.83it/s, S=0.4104, loss=-0.2876]
Epoch 61/150 [train]:  35%|███▍      | 9/26 [00:00<00:00, 85.83it/s, S=0.4158, loss=-0.3052]
Epoch 61/150 [train]:  35%|███▍      | 9/26 [00:00<00:00, 85.83it/s, S=0.4123, loss=-0.3017]
Epoch 61/150 [train]:  69%|██████▉   | 18/26 [00:00<00:00, 86.02it/s, S=0.4123, loss=-0.3017]
Epoch 61/150 [train]:  69%|██████▉   | 18/26 [00:00<00:00, 86.02it/s, S=0.4049, loss=-0.2807]
Epoch 61/150 [train]:  69%|██████▉   | 18/26 [00:00<00:00, 86.02it/s, S=0.4147, loss=-0.3020]
Epoch 61/150 [train]:  69%|██████▉   | 18/26 [00:00<00:00, 86.02it/s, S=0.4160, loss=-0.2954]
Epoch 61/150 [train]:  69%|██████▉   | 18/26 [00:00<00:00, 86.02it/s, S=0.4158, loss=-0.2968]
Epoch 61/150 [train]:  69%|██████▉   | 18/26 [00:00<00:00, 86.02it/s, S=0.4239, loss=-0.3135]
Epoch 61/150 [train]:  69%|██████▉   | 18/26 [00:00<00:00, 86.02it/s, S=0.4184, loss=-0.3004]
Epoch 61/150 [train]:  69%|██████▉   | 18/26 [00:00<00:00, 86.02it/s, S=0.4158, loss=-0.2946]
Epoch 61/150 [train]:  69%|██████▉   | 18/26 [00:00<00:00, 86.02it/s, S=0.4115, loss=-0.2968]
                                                                                             
Epoch  61/150  train loss=-0.2997  val loss=-0.3030  S[mean]=0.4271  ζ=0.4509  mean_plane_ζ=0.3562  reg=0.1241  λscale=0.46  lr=5.99e-05

Epoch 62/150 [train]:   0%|          | 0/26 [00:00<?, ?it/s]
Epoch 62/150 [train]:   0%|          | 0/26 [00:00<?, ?it/s, S=0.4221, loss=-0.3129]
Epoch 62/150 [train]:   0%|          | 0/26 [00:00<?, ?it/s, S=0.4220, loss=-0.3067]
Epoch 62/150 [train]:   0%|          | 0/26 [00:00<?, ?it/s, S=0.4142, loss=-0.3026]
Epoch 62/150 [train]:   0%|          | 0/26 [00:00<?, ?it/s, S=0.4187, loss=-0.3067]
Epoch 62/150 [train]:   0%|          | 0/26 [00:00<?, ?it/s, S=0.4194, loss=-0.3089]
Epoch 62/150 [train]:   0%|          | 0/26 [00:00<?, ?it/s, S=0.4099, loss=-0.2869]
Epoch 62/150 [train]:   0%|          | 0/26 [00:00<?, ?it/s, S=0.4196, loss=-0.3051]
Epoch 62/150 [train]:   0%|          | 0/26 [00:00<?, ?it/s, S=0.4183, loss=-0.2971]
Epoch 62/150 [train]:   0%|          | 0/26 [00:00<?, ?it/s, S=0.4111, loss=-0.2997]
Epoch 62/150 [train]:  35%|███▍      | 9/26 [00:00<00:00, 85.59it/s, S=0.4111, loss=-0.2997]
Epoch 62/150 [train]:  35%|███▍      | 9/26 [00:00<00:00, 85.59it/s, S=0.4214, loss=-0.3013]
Epoch 62/150 [train]:  35%|███▍      | 9/26 [00:00<00:00, 85.59it/s, S=0.4147, loss=-0.2982]
Epoch 62/150 [train]:  35%|███▍      | 9/26 [00:00<00:00, 85.59it/s, S=0.4184, loss=-0.3057]
Epoch 62/150 [train]:  35%|███▍      | 9/26 [00:00<00:00, 85.59it/s, S=0.4109, loss=-0.2908]
Epoch 62/150 [train]:  35%|███▍      | 9/26 [00:00<00:00, 85.59it/s, S=0.4115, loss=-0.2794]
Epoch 62/150 [train]:  35%|███▍      | 9/26 [00:00<00:00, 85.59it/s, S=0.4149, loss=-0.2934]
Epoch 62/150 [train]:  35%|███▍      | 9/26 [00:00<00:00, 85.59it/s, S=0.4108, loss=-0.2852]
Epoch 62/150 [train]:  35%|███▍      | 9/26 [00:00<00:00, 85.59it/s, S=0.4202, loss=-0.3040]
Epoch 62/150 [train]:  35%|███▍      | 9/26 [00:00<00:00, 85.59it/s, S=0.4110, loss=-0.2951]
Epoch 62/150 [train]:  69%|██████▉   | 18/26 [00:00<00:00, 86.02it/s, S=0.4110, loss=-0.2951]
Epoch 62/150 [train]:  69%|██████▉   | 18/26 [00:00<00:00, 86.02it/s, S=0.4216, loss=-0.3125]
Epoch 62/150 [train]:  69%|██████▉   | 18/26 [00:00<00:00, 86.02it/s, S=0.4141, loss=-0.3020]
Epoch 62/150 [train]:  69%|██████▉   | 18/26 [00:00<00:00, 86.02it/s, S=0.4158, loss=-0.2979]
Epoch 62/150 [train]:  69%|██████▉   | 18/26 [00:00<00:00, 86.02it/s, S=0.4124, loss=-0.2909]
Epoch 62/150 [train]:  69%|██████▉   | 18/26 [00:00<00:00, 86.02it/s, S=0.4145, loss=-0.3012]
Epoch 62/150 [train]:  69%|██████▉   | 18/26 [00:00<00:00, 86.02it/s, S=0.4237, loss=-0.3027]
Epoch 62/150 [train]:  69%|██████▉   | 18/26 [00:00<00:00, 86.02it/s, S=0.4214, loss=-0.3091]
Epoch 62/150 [train]:  69%|██████▉   | 18/26 [00:00<00:00, 86.02it/s, S=0.4167, loss=-0.3026]
                                                                                             
Epoch  62/150  train loss=-0.2999  val loss=-0.3018  S[mean]=0.4274  ζ=0.4514  mean_plane_ζ=0.3567  reg=0.1256  λscale=0.47  lr=4.77e-05

Epoch 63/150 [train]:   0%|          | 0/26 [00:00<?, ?it/s]
Epoch 63/150 [train]:   0%|          | 0/26 [00:00<?, ?it/s, S=0.4143, loss=-0.2905]
Epoch 63/150 [train]:   0%|          | 0/26 [00:00<?, ?it/s, S=0.4122, loss=-0.2899]
Epoch 63/150 [train]:   0%|          | 0/26 [00:00<?, ?it/s, S=0.4230, loss=-0.3115]
Epoch 63/150 [train]:   0%|          | 0/26 [00:00<?, ?it/s, S=0.4180, loss=-0.3035]
Epoch 63/150 [train]:   0%|          | 0/26 [00:00<?, ?it/s, S=0.4227, loss=-0.3119]
Epoch 63/150 [train]:   0%|          | 0/26 [00:00<?, ?it/s, S=0.4110, loss=-0.3020]
Epoch 63/150 [train]:   0%|          | 0/26 [00:00<?, ?it/s, S=0.4091, loss=-0.2847]
Epoch 63/150 [train]:   0%|          | 0/26 [00:00<?, ?it/s, S=0.4159, loss=-0.2946]
Epoch 63/150 [train]:   0%|          | 0/26 [00:00<?, ?it/s, S=0.4206, loss=-0.2981]
Epoch 63/150 [train]:  35%|███▍      | 9/26 [00:00<00:00, 85.88it/s, S=0.4206, loss=-0.2981]
Epoch 63/150 [train]:  35%|███▍      | 9/26 [00:00<00:00, 85.88it/s, S=0.4156, loss=-0.3015]
Epoch 63/150 [train]:  35%|███▍      | 9/26 [00:00<00:00, 85.88it/s, S=0.4160, loss=-0.2943]
Epoch 63/150 [train]:  35%|███▍      | 9/26 [00:00<00:00, 85.88it/s, S=0.4262, loss=-0.3164]
Epoch 63/150 [train]:  35%|███▍      | 9/26 [00:00<00:00, 85.88it/s, S=0.4173, loss=-0.3041]
Epoch 63/150 [train]:  35%|███▍      | 9/26 [00:00<00:00, 85.88it/s, S=0.4130, loss=-0.2952]
Epoch 63/150 [train]:  35%|███▍      | 9/26 [00:00<00:00, 85.88it/s, S=0.4090, loss=-0.2861]
Epoch 63/150 [train]:  35%|███▍      | 9/26 [00:00<00:00, 85.88it/s, S=0.4142, loss=-0.2988]
Epoch 63/150 [train]:  35%|███▍      | 9/26 [00:00<00:00, 85.88it/s, S=0.4211, loss=-0.3132]
Epoch 63/150 [train]:  35%|███▍      | 9/26 [00:00<00:00, 85.88it/s, S=0.4209, loss=-0.3065]
Epoch 63/150 [train]:  69%|██████▉   | 18/26 [00:00<00:00, 86.13it/s, S=0.4209, loss=-0.3065]
Epoch 63/150 [train]:  69%|██████▉   | 18/26 [00:00<00:00, 86.13it/s, S=0.4187, loss=-0.3081]
Epoch 63/150 [train]:  69%|██████▉   | 18/26 [00:00<00:00, 86.13it/s, S=0.4231, loss=-0.3012]
Epoch 63/150 [train]:  69%|██████▉   | 18/26 [00:00<00:00, 86.13it/s, S=0.4196, loss=-0.2949]
Epoch 63/150 [train]:  69%|██████▉   | 18/26 [00:00<00:00, 86.13it/s, S=0.4168, loss=-0.3031]
Epoch 63/150 [train]:  69%|██████▉   | 18/26 [00:00<00:00, 86.13it/s, S=0.4100, loss=-0.2871]
Epoch 63/150 [train]:  69%|██████▉   | 18/26 [00:00<00:00, 86.13it/s, S=0.4150, loss=-0.2902]
Epoch 63/150 [train]:  69%|██████▉   | 18/26 [00:00<00:00, 86.13it/s, S=0.4188, loss=-0.3051]
Epoch 63/150 [train]:  69%|██████▉   | 18/26 [00:00<00:00, 86.13it/s, S=0.4178, loss=-0.3081]
                                                                                             
Epoch  63/150  train loss=-0.3000  val loss=-0.3001  S[mean]=0.4273  ζ=0.4513  mean_plane_ζ=0.3567  reg=0.1272  λscale=0.47  lr=3.68e-05

Epoch 64/150 [train]:   0%|          | 0/26 [00:00<?, ?it/s]
Epoch 64/150 [train]:   0%|          | 0/26 [00:00<?, ?it/s, S=0.4091, loss=-0.2723]
Epoch 64/150 [train]:   0%|          | 0/26 [00:00<?, ?it/s, S=0.4184, loss=-0.3003]
Epoch 64/150 [train]:   0%|          | 0/26 [00:00<?, ?it/s, S=0.4141, loss=-0.2960]
Epoch 64/150 [train]:   0%|          | 0/26 [00:00<?, ?it/s, S=0.4121, loss=-0.2921]
Epoch 64/150 [train]:   0%|          | 0/26 [00:00<?, ?it/s, S=0.4215, loss=-0.3037]
Epoch 64/150 [train]:   0%|          | 0/26 [00:00<?, ?it/s, S=0.4090, loss=-0.2913]
Epoch 64/150 [train]:   0%|          | 0/26 [00:00<?, ?it/s, S=0.4214, loss=-0.3084]
Epoch 64/150 [train]:   0%|          | 0/26 [00:00<?, ?it/s, S=0.4117, loss=-0.2985]
Epoch 64/150 [train]:   0%|          | 0/26 [00:00<?, ?it/s, S=0.4248, loss=-0.3046]
Epoch 64/150 [train]:  35%|███▍      | 9/26 [00:00<00:00, 85.71it/s, S=0.4248, loss=-0.3046]
Epoch 64/150 [train]:  35%|███▍      | 9/26 [00:00<00:00, 85.71it/s, S=0.4220, loss=-0.3065]
Epoch 64/150 [train]:  35%|███▍      | 9/26 [00:00<00:00, 85.71it/s, S=0.4163, loss=-0.2965]
Epoch 64/150 [train]:  35%|███▍      | 9/26 [00:00<00:00, 85.71it/s, S=0.4219, loss=-0.3085]
Epoch 64/150 [train]:  35%|███▍      | 9/26 [00:00<00:00, 85.71it/s, S=0.4203, loss=-0.3052]
Epoch 64/150 [train]:  35%|███▍      | 9/26 [00:00<00:00, 85.71it/s, S=0.4176, loss=-0.2934]
Epoch 64/150 [train]:  35%|███▍      | 9/26 [00:00<00:00, 85.71it/s, S=0.4167, loss=-0.3010]
Epoch 64/150 [train]:  35%|███▍      | 9/26 [00:00<00:00, 85.71it/s, S=0.4226, loss=-0.3016]
Epoch 64/150 [train]:  35%|███▍      | 9/26 [00:00<00:00, 85.71it/s, S=0.4199, loss=-0.3014]
Epoch 64/150 [train]:  35%|███▍      | 9/26 [00:00<00:00, 85.71it/s, S=0.4289, loss=-0.3108]
Epoch 64/150 [train]:  69%|██████▉   | 18/26 [00:00<00:00, 85.93it/s, S=0.4289, loss=-0.3108]
Epoch 64/150 [train]:  69%|██████▉   | 18/26 [00:00<00:00, 85.93it/s, S=0.4157, loss=-0.3005]
Epoch 64/150 [train]:  69%|██████▉   | 18/26 [00:00<00:00, 85.93it/s, S=0.4171, loss=-0.2890]
Epoch 64/150 [train]:  69%|██████▉   | 18/26 [00:00<00:00, 85.93it/s, S=0.4179, loss=-0.3035]
Epoch 64/150 [train]:  69%|██████▉   | 18/26 [00:00<00:00, 85.93it/s, S=0.4097, loss=-0.2917]
Epoch 64/150 [train]:  69%|██████▉   | 18/26 [00:00<00:00, 85.93it/s, S=0.4038, loss=-0.2809]
Epoch 64/150 [train]:  69%|██████▉   | 18/26 [00:00<00:00, 85.93it/s, S=0.4212, loss=-0.2989]
Epoch 64/150 [train]:  69%|██████▉   | 18/26 [00:00<00:00, 85.93it/s, S=0.4123, loss=-0.2901]
Epoch 64/150 [train]:  69%|██████▉   | 18/26 [00:00<00:00, 85.93it/s, S=0.4112, loss=-0.2937]
                                                                                             
Epoch  64/150  train loss=-0.2977  val loss=-0.2991  S[mean]=0.4272  ζ=0.4513  mean_plane_ζ=0.3567  reg=0.1281  λscale=0.48  lr=2.72e-05

Epoch 65/150 [train]:   0%|          | 0/26 [00:00<?, ?it/s]
Epoch 65/150 [train]:   0%|          | 0/26 [00:00<?, ?it/s, S=0.4200, loss=-0.2931]
Epoch 65/150 [train]:   0%|          | 0/26 [00:00<?, ?it/s, S=0.4066, loss=-0.2838]
Epoch 65/150 [train]:   0%|          | 0/26 [00:00<?, ?it/s, S=0.4160, loss=-0.2925]
Epoch 65/150 [train]:   0%|          | 0/26 [00:00<?, ?it/s, S=0.4163, loss=-0.3035]
Epoch 65/150 [train]:   0%|          | 0/26 [00:00<?, ?it/s, S=0.4121, loss=-0.2927]
Epoch 65/150 [train]:   0%|          | 0/26 [00:00<?, ?it/s, S=0.4120, loss=-0.2862]
Epoch 65/150 [train]:   0%|          | 0/26 [00:00<?, ?it/s, S=0.4113, loss=-0.2894]
Epoch 65/150 [train]:   0%|          | 0/26 [00:00<?, ?it/s, S=0.4163, loss=-0.2883]
Epoch 65/150 [train]:   0%|          | 0/26 [00:00<?, ?it/s, S=0.4187, loss=-0.3000]
Epoch 65/150 [train]:  35%|███▍      | 9/26 [00:00<00:00, 85.89it/s, S=0.4187, loss=-0.3000]
Epoch 65/150 [train]:  35%|███▍      | 9/26 [00:00<00:00, 85.89it/s, S=0.4174, loss=-0.3040]
Epoch 65/150 [train]:  35%|███▍      | 9/26 [00:00<00:00, 85.89it/s, S=0.4268, loss=-0.3157]
Epoch 65/150 [train]:  35%|███▍      | 9/26 [00:00<00:00, 85.89it/s, S=0.4222, loss=-0.3076]
Epoch 65/150 [train]:  35%|███▍      | 9/26 [00:00<00:00, 85.89it/s, S=0.4263, loss=-0.3033]
Epoch 65/150 [train]:  35%|███▍      | 9/26 [00:00<00:00, 85.89it/s, S=0.4108, loss=-0.2930]
Epoch 65/150 [train]:  35%|███▍      | 9/26 [00:00<00:00, 85.89it/s, S=0.4207, loss=-0.3017]
Epoch 65/150 [train]:  35%|███▍      | 9/26 [00:00<00:00, 85.89it/s, S=0.4170, loss=-0.2919]
Epoch 65/150 [train]:  35%|███▍      | 9/26 [00:00<00:00, 85.89it/s, S=0.4234, loss=-0.3045]
Epoch 65/150 [train]:  35%|███▍      | 9/26 [00:00<00:00, 85.89it/s, S=0.4195, loss=-0.2956]
Epoch 65/150 [train]:  69%|██████▉   | 18/26 [00:00<00:00, 86.09it/s, S=0.4195, loss=-0.2956]
Epoch 65/150 [train]:  69%|██████▉   | 18/26 [00:00<00:00, 86.09it/s, S=0.4144, loss=-0.3001]
Epoch 65/150 [train]:  69%|██████▉   | 18/26 [00:00<00:00, 86.09it/s, S=0.4152, loss=-0.2898]
Epoch 65/150 [train]:  69%|██████▉   | 18/26 [00:00<00:00, 86.09it/s, S=0.4134, loss=-0.2902]
Epoch 65/150 [train]:  69%|██████▉   | 18/26 [00:00<00:00, 86.09it/s, S=0.4187, loss=-0.3050]
Epoch 65/150 [train]:  69%|██████▉   | 18/26 [00:00<00:00, 86.09it/s, S=0.4148, loss=-0.3002]
Epoch 65/150 [train]:  69%|██████▉   | 18/26 [00:00<00:00, 86.09it/s, S=0.4115, loss=-0.2949]
Epoch 65/150 [train]:  69%|██████▉   | 18/26 [00:00<00:00, 86.09it/s, S=0.4170, loss=-0.2954]
Epoch 65/150 [train]:  69%|██████▉   | 18/26 [00:00<00:00, 86.09it/s, S=0.4204, loss=-0.2888]
                                                                                             
Epoch  65/150  train loss=-0.2966  val loss=-0.2975  S[mean]=0.4273  ζ=0.4514  mean_plane_ζ=0.3568  reg=0.1297  λscale=0.49  lr=1.90e-05

Epoch 66/150 [train]:   0%|          | 0/26 [00:00<?, ?it/s]
Epoch 66/150 [train]:   0%|          | 0/26 [00:00<?, ?it/s, S=0.4225, loss=-0.3044]
Epoch 66/150 [train]:   0%|          | 0/26 [00:00<?, ?it/s, S=0.4154, loss=-0.2782]
Epoch 66/150 [train]:   0%|          | 0/26 [00:00<?, ?it/s, S=0.4191, loss=-0.2995]
Epoch 66/150 [train]:   0%|          | 0/26 [00:00<?, ?it/s, S=0.4205, loss=-0.3061]
Epoch 66/150 [train]:   0%|          | 0/26 [00:00<?, ?it/s, S=0.4177, loss=-0.2958]
Epoch 66/150 [train]:   0%|          | 0/26 [00:00<?, ?it/s, S=0.4203, loss=-0.3085]
Epoch 66/150 [train]:   0%|          | 0/26 [00:00<?, ?it/s, S=0.4142, loss=-0.2946]
Epoch 66/150 [train]:   0%|          | 0/26 [00:00<?, ?it/s, S=0.4135, loss=-0.2970]
Epoch 66/150 [train]:   0%|          | 0/26 [00:00<?, ?it/s, S=0.4161, loss=-0.3009]
Epoch 66/150 [train]:  35%|███▍      | 9/26 [00:00<00:00, 85.92it/s, S=0.4161, loss=-0.3009]
Epoch 66/150 [train]:  35%|███▍      | 9/26 [00:00<00:00, 85.92it/s, S=0.4209, loss=-0.3007]
Epoch 66/150 [train]:  35%|███▍      | 9/26 [00:00<00:00, 85.92it/s, S=0.4074, loss=-0.2656]
Epoch 66/150 [train]:  35%|███▍      | 9/26 [00:00<00:00, 85.92it/s, S=0.4152, loss=-0.3002]
Epoch 66/150 [train]:  35%|███▍      | 9/26 [00:00<00:00, 85.92it/s, S=0.4169, loss=-0.2954]
Epoch 66/150 [train]:  35%|███▍      | 9/26 [00:00<00:00, 85.92it/s, S=0.4077, loss=-0.2765]
Epoch 66/150 [train]:  35%|███▍      | 9/26 [00:00<00:00, 85.92it/s, S=0.4159, loss=-0.2993]
Epoch 66/150 [train]:  35%|███▍      | 9/26 [00:00<00:00, 85.92it/s, S=0.4215, loss=-0.2989]
Epoch 66/150 [train]:  35%|███▍      | 9/26 [00:00<00:00, 85.92it/s, S=0.4215, loss=-0.3053]
Epoch 66/150 [train]:  35%|███▍      | 9/26 [00:00<00:00, 85.92it/s, S=0.4205, loss=-0.3028]
Epoch 66/150 [train]:  69%|██████▉   | 18/26 [00:00<00:00, 85.90it/s, S=0.4205, loss=-0.3028]
Epoch 66/150 [train]:  69%|██████▉   | 18/26 [00:00<00:00, 85.90it/s, S=0.4196, loss=-0.3014]
Epoch 66/150 [train]:  69%|██████▉   | 18/26 [00:00<00:00, 85.90it/s, S=0.4084, loss=-0.2871]
Epoch 66/150 [train]:  69%|██████▉   | 18/26 [00:00<00:00, 85.90it/s, S=0.4219, loss=-0.3065]
Epoch 66/150 [train]:  69%|██████▉   | 18/26 [00:00<00:00, 85.90it/s, S=0.4192, loss=-0.3050]
Epoch 66/150 [train]:  69%|██████▉   | 18/26 [00:00<00:00, 85.90it/s, S=0.4214, loss=-0.2990]
Epoch 66/150 [train]:  69%|██████▉   | 18/26 [00:00<00:00, 85.90it/s, S=0.4107, loss=-0.2752]
Epoch 66/150 [train]:  69%|██████▉   | 18/26 [00:00<00:00, 85.90it/s, S=0.4203, loss=-0.3027]
Epoch 66/150 [train]:  69%|██████▉   | 18/26 [00:00<00:00, 85.90it/s, S=0.4226, loss=-0.3128]
                                                                                             
Epoch  66/150  train loss=-0.2969  val loss=-0.2964  S[mean]=0.4274  ζ=0.4515  mean_plane_ζ=0.3568  reg=0.1310  λscale=0.49  lr=1.22e-05

Epoch 67/150 [train]:   0%|          | 0/26 [00:00<?, ?it/s]
Epoch 67/150 [train]:   0%|          | 0/26 [00:00<?, ?it/s, S=0.4139, loss=-0.3011]
Epoch 67/150 [train]:   0%|          | 0/26 [00:00<?, ?it/s, S=0.4159, loss=-0.2963]
Epoch 67/150 [train]:   0%|          | 0/26 [00:00<?, ?it/s, S=0.4248, loss=-0.3046]
Epoch 67/150 [train]:   0%|          | 0/26 [00:00<?, ?it/s, S=0.4168, loss=-0.2966]
Epoch 67/150 [train]:   0%|          | 0/26 [00:00<?, ?it/s, S=0.4188, loss=-0.2950]
Epoch 67/150 [train]:   0%|          | 0/26 [00:00<?, ?it/s, S=0.4188, loss=-0.3010]
Epoch 67/150 [train]:   0%|          | 0/26 [00:00<?, ?it/s, S=0.4155, loss=-0.2955]
Epoch 67/150 [train]:   0%|          | 0/26 [00:00<?, ?it/s, S=0.4176, loss=-0.2896]
Epoch 67/150 [train]:   0%|          | 0/26 [00:00<?, ?it/s, S=0.4211, loss=-0.3033]
Epoch 67/150 [train]:  35%|███▍      | 9/26 [00:00<00:00, 85.88it/s, S=0.4211, loss=-0.3033]
Epoch 67/150 [train]:  35%|███▍      | 9/26 [00:00<00:00, 85.88it/s, S=0.4192, loss=-0.3043]
Epoch 67/150 [train]:  35%|███▍      | 9/26 [00:00<00:00, 85.88it/s, S=0.4160, loss=-0.2942]
Epoch 67/150 [train]:  35%|███▍      | 9/26 [00:00<00:00, 85.88it/s, S=0.4158, loss=-0.2918]
Epoch 67/150 [train]:  35%|███▍      | 9/26 [00:00<00:00, 85.88it/s, S=0.4184, loss=-0.2820]
Epoch 67/150 [train]:  35%|███▍      | 9/26 [00:00<00:00, 85.88it/s, S=0.4201, loss=-0.3022]
Epoch 67/150 [train]:  35%|███▍      | 9/26 [00:00<00:00, 85.88it/s, S=0.4172, loss=-0.2910]
Epoch 67/150 [train]:  35%|███▍      | 9/26 [00:00<00:00, 85.88it/s, S=0.4147, loss=-0.2957]
Epoch 67/150 [train]:  35%|███▍      | 9/26 [00:00<00:00, 85.88it/s, S=0.4248, loss=-0.3049]
Epoch 67/150 [train]:  35%|███▍      | 9/26 [00:00<00:00, 85.88it/s, S=0.4217, loss=-0.3007]
Epoch 67/150 [train]:  69%|██████▉   | 18/26 [00:00<00:00, 86.08it/s, S=0.4217, loss=-0.3007]
Epoch 67/150 [train]:  69%|██████▉   | 18/26 [00:00<00:00, 86.08it/s, S=0.4144, loss=-0.2950]
Epoch 67/150 [train]:  69%|██████▉   | 18/26 [00:00<00:00, 86.08it/s, S=0.4151, loss=-0.2923]
Epoch 67/150 [train]:  69%|██████▉   | 18/26 [00:00<00:00, 86.08it/s, S=0.4206, loss=-0.2933]
Epoch 67/150 [train]:  69%|██████▉   | 18/26 [00:00<00:00, 86.08it/s, S=0.4198, loss=-0.2981]
Epoch 67/150 [train]:  69%|██████▉   | 18/26 [00:00<00:00, 86.08it/s, S=0.4215, loss=-0.3061]
Epoch 67/150 [train]:  69%|██████▉   | 18/26 [00:00<00:00, 86.08it/s, S=0.4176, loss=-0.2990]
Epoch 67/150 [train]:  69%|██████▉   | 18/26 [00:00<00:00, 86.08it/s, S=0.4176, loss=-0.2878]
Epoch 67/150 [train]:  69%|██████▉   | 18/26 [00:00<00:00, 86.08it/s, S=0.4193, loss=-0.3014]
                                                                                             
Epoch  67/150  train loss=-0.2970  val loss=-0.2950  S[mean]=0.4274  ζ=0.4515  mean_plane_ζ=0.3569  reg=0.1324  λscale=0.50  lr=6.91e-06

Epoch 68/150 [train]:   0%|          | 0/26 [00:00<?, ?it/s]
Epoch 68/150 [train]:   0%|          | 0/26 [00:00<?, ?it/s, S=0.4185, loss=-0.2949]
Epoch 68/150 [train]:   0%|          | 0/26 [00:00<?, ?it/s, S=0.4146, loss=-0.2944]
Epoch 68/150 [train]:   0%|          | 0/26 [00:00<?, ?it/s, S=0.4137, loss=-0.2946]
Epoch 68/150 [train]:   0%|          | 0/26 [00:00<?, ?it/s, S=0.4100, loss=-0.2797]
Epoch 68/150 [train]:   0%|          | 0/26 [00:00<?, ?it/s, S=0.4162, loss=-0.3020]
Epoch 68/150 [train]:   0%|          | 0/26 [00:00<?, ?it/s, S=0.4220, loss=-0.3030]
Epoch 68/150 [train]:   0%|          | 0/26 [00:00<?, ?it/s, S=0.4225, loss=-0.3025]
Epoch 68/150 [train]:   0%|          | 0/26 [00:00<?, ?it/s, S=0.4262, loss=-0.3071]
Epoch 68/150 [train]:   0%|          | 0/26 [00:00<?, ?it/s, S=0.4072, loss=-0.2718]
Epoch 68/150 [train]:  35%|███▍      | 9/26 [00:00<00:00, 85.92it/s, S=0.4072, loss=-0.2718]
Epoch 68/150 [train]:  35%|███▍      | 9/26 [00:00<00:00, 85.92it/s, S=0.4269, loss=-0.3042]
Epoch 68/150 [train]:  35%|███▍      | 9/26 [00:00<00:00, 85.92it/s, S=0.4150, loss=-0.2907]
Epoch 68/150 [train]:  35%|███▍      | 9/26 [00:00<00:00, 85.92it/s, S=0.4138, loss=-0.2868]
Epoch 68/150 [train]:  35%|███▍      | 9/26 [00:00<00:00, 85.92it/s, S=0.4145, loss=-0.2808]
Epoch 68/150 [train]:  35%|███▍      | 9/26 [00:00<00:00, 85.92it/s, S=0.4175, loss=-0.3003]
Epoch 68/150 [train]:  35%|███▍      | 9/26 [00:00<00:00, 85.92it/s, S=0.4221, loss=-0.2970]
Epoch 68/150 [train]:  35%|███▍      | 9/26 [00:00<00:00, 85.92it/s, S=0.4161, loss=-0.2932]
Epoch 68/150 [train]:  35%|███▍      | 9/26 [00:00<00:00, 85.92it/s, S=0.4145, loss=-0.2942]
Epoch 68/150 [train]:  35%|███▍      | 9/26 [00:00<00:00, 85.92it/s, S=0.4232, loss=-0.2985]
Epoch 68/150 [train]:  69%|██████▉   | 18/26 [00:00<00:00, 86.09it/s, S=0.4232, loss=-0.2985]
Epoch 68/150 [train]:  69%|██████▉   | 18/26 [00:00<00:00, 86.09it/s, S=0.4178, loss=-0.2944]
Epoch 68/150 [train]:  69%|██████▉   | 18/26 [00:00<00:00, 86.09it/s, S=0.4174, loss=-0.2980]
Epoch 68/150 [train]:  69%|██████▉   | 18/26 [00:00<00:00, 86.09it/s, S=0.4160, loss=-0.2846]
Epoch 68/150 [train]:  69%|██████▉   | 18/26 [00:00<00:00, 86.09it/s, S=0.4104, loss=-0.2813]
Epoch 68/150 [train]:  69%|██████▉   | 18/26 [00:00<00:00, 86.09it/s, S=0.4163, loss=-0.2995]
Epoch 68/150 [train]:  69%|██████▉   | 18/26 [00:00<00:00, 86.09it/s, S=0.4196, loss=-0.2863]
Epoch 68/150 [train]:  69%|██████▉   | 18/26 [00:00<00:00, 86.09it/s, S=0.4227, loss=-0.3047]
Epoch 68/150 [train]:  69%|██████▉   | 18/26 [00:00<00:00, 86.09it/s, S=0.4161, loss=-0.2976]
                                                                                             
Epoch  68/150  train loss=-0.2939  val loss=-0.2933  S[mean]=0.4273  ζ=0.4515  mean_plane_ζ=0.3569  reg=0.1340  λscale=0.50  lr=3.08e-06

Epoch 69/150 [train]:   0%|          | 0/26 [00:00<?, ?it/s]
Epoch 69/150 [train]:   0%|          | 0/26 [00:00<?, ?it/s, S=0.4134, loss=-0.2944]
Epoch 69/150 [train]:   0%|          | 0/26 [00:00<?, ?it/s, S=0.4123, loss=-0.2743]
Epoch 69/150 [train]:   0%|          | 0/26 [00:00<?, ?it/s, S=0.4207, loss=-0.2937]
Epoch 69/150 [train]:   0%|          | 0/26 [00:00<?, ?it/s, S=0.4231, loss=-0.2921]
Epoch 69/150 [train]:   0%|          | 0/26 [00:00<?, ?it/s, S=0.4206, loss=-0.2960]
Epoch 69/150 [train]:   0%|          | 0/26 [00:00<?, ?it/s, S=0.4252, loss=-0.2952]
Epoch 69/150 [train]:   0%|          | 0/26 [00:00<?, ?it/s, S=0.4170, loss=-0.3001]
Epoch 69/150 [train]:   0%|          | 0/26 [00:00<?, ?it/s, S=0.4193, loss=-0.2911]
Epoch 69/150 [train]:   0%|          | 0/26 [00:00<?, ?it/s, S=0.4128, loss=-0.2857]
Epoch 69/150 [train]:  35%|███▍      | 9/26 [00:00<00:00, 86.02it/s, S=0.4128, loss=-0.2857]
Epoch 69/150 [train]:  35%|███▍      | 9/26 [00:00<00:00, 86.02it/s, S=0.4228, loss=-0.2997]
Epoch 69/150 [train]:  35%|███▍      | 9/26 [00:00<00:00, 86.02it/s, S=0.4206, loss=-0.2972]
Epoch 69/150 [train]:  35%|███▍      | 9/26 [00:00<00:00, 86.02it/s, S=0.4227, loss=-0.3038]
Epoch 69/150 [train]:  35%|███▍      | 9/26 [00:00<00:00, 86.02it/s, S=0.4104, loss=-0.2816]
Epoch 69/150 [train]:  35%|███▍      | 9/26 [00:00<00:00, 86.02it/s, S=0.4227, loss=-0.3038]
Epoch 69/150 [train]:  35%|███▍      | 9/26 [00:00<00:00, 86.02it/s, S=0.4183, loss=-0.2974]
Epoch 69/150 [train]:  35%|███▍      | 9/26 [00:00<00:00, 86.02it/s, S=0.4182, loss=-0.2935]
Epoch 69/150 [train]:  35%|███▍      | 9/26 [00:00<00:00, 86.02it/s, S=0.4152, loss=-0.2913]
Epoch 69/150 [train]:  35%|███▍      | 9/26 [00:00<00:00, 86.02it/s, S=0.4173, loss=-0.3002]
Epoch 69/150 [train]:  69%|██████▉   | 18/26 [00:00<00:00, 86.07it/s, S=0.4173, loss=-0.3002]
Epoch 69/150 [train]:  69%|██████▉   | 18/26 [00:00<00:00, 86.07it/s, S=0.4125, loss=-0.2856]
Epoch 69/150 [train]:  69%|██████▉   | 18/26 [00:00<00:00, 86.07it/s, S=0.4114, loss=-0.2624]
Epoch 69/150 [train]:  69%|██████▉   | 18/26 [00:00<00:00, 86.07it/s, S=0.4106, loss=-0.2757]
Epoch 69/150 [train]:  69%|██████▉   | 18/26 [00:00<00:00, 86.07it/s, S=0.4147, loss=-0.2930]
Epoch 69/150 [train]:  69%|██████▉   | 18/26 [00:00<00:00, 86.07it/s, S=0.4205, loss=-0.3014]
Epoch 69/150 [train]:  69%|██████▉   | 18/26 [00:00<00:00, 86.07it/s, S=0.4187, loss=-0.3031]
Epoch 69/150 [train]:  69%|██████▉   | 18/26 [00:00<00:00, 86.07it/s, S=0.4207, loss=-0.2899]
Epoch 69/150 [train]:  69%|██████▉   | 18/26 [00:00<00:00, 86.07it/s, S=0.4122, loss=-0.2884]
                                                                                             
Epoch  69/150  train loss=-0.2919  val loss=-0.2918  S[mean]=0.4273  ζ=0.4515  mean_plane_ζ=0.3569  reg=0.1356  λscale=0.51  lr=7.71e-07

Epoch 70/150 [train]:   0%|          | 0/26 [00:00<?, ?it/s]
Epoch 70/150 [train]:   0%|          | 0/26 [00:00<?, ?it/s, S=0.4212, loss=-0.2987]
Epoch 70/150 [train]:   0%|          | 0/26 [00:00<?, ?it/s, S=0.4137, loss=-0.2868]
Epoch 70/150 [train]:   0%|          | 0/26 [00:00<?, ?it/s, S=0.4200, loss=-0.2861]
Epoch 70/150 [train]:   0%|          | 0/26 [00:00<?, ?it/s, S=0.4135, loss=-0.2859]
Epoch 70/150 [train]:   0%|          | 0/26 [00:00<?, ?it/s, S=0.4155, loss=-0.2892]
Epoch 70/150 [train]:   0%|          | 0/26 [00:00<?, ?it/s, S=0.4231, loss=-0.2958]
Epoch 70/150 [train]:   0%|          | 0/26 [00:00<?, ?it/s, S=0.4148, loss=-0.2943]
Epoch 70/150 [train]:   0%|          | 0/26 [00:00<?, ?it/s, S=0.4229, loss=-0.3035]
Epoch 70/150 [train]:   0%|          | 0/26 [00:00<?, ?it/s, S=0.4143, loss=-0.2882]
Epoch 70/150 [train]:  35%|███▍      | 9/26 [00:00<00:00, 86.00it/s, S=0.4143, loss=-0.2882]
Epoch 70/150 [train]:  35%|███▍      | 9/26 [00:00<00:00, 86.00it/s, S=0.4160, loss=-0.2983]
Epoch 70/150 [train]:  35%|███▍      | 9/26 [00:00<00:00, 86.00it/s, S=0.4133, loss=-0.2873]
Epoch 70/150 [train]:  35%|███▍      | 9/26 [00:00<00:00, 86.00it/s, S=0.4239, loss=-0.3034]
Epoch 70/150 [train]:  35%|███▍      | 9/26 [00:00<00:00, 86.00it/s, S=0.4217, loss=-0.3004]
Epoch 70/150 [train]:  35%|███▍      | 9/26 [00:00<00:00, 86.00it/s, S=0.4174, loss=-0.2845]
Epoch 70/150 [train]:  35%|███▍      | 9/26 [00:00<00:00, 86.00it/s, S=0.4079, loss=-0.2816]
Epoch 70/150 [train]:  35%|███▍      | 9/26 [00:00<00:00, 86.00it/s, S=0.4180, loss=-0.2969]
Epoch 70/150 [train]:  35%|███▍      | 9/26 [00:00<00:00, 86.00it/s, S=0.4254, loss=-0.3048]
Epoch 70/150 [train]:  35%|███▍      | 9/26 [00:00<00:00, 86.00it/s, S=0.4200, loss=-0.2903]
Epoch 70/150 [train]:  69%|██████▉   | 18/26 [00:00<00:00, 86.20it/s, S=0.4200, loss=-0.2903]
Epoch 70/150 [train]:  69%|██████▉   | 18/26 [00:00<00:00, 86.20it/s, S=0.4203, loss=-0.2878]
Epoch 70/150 [train]:  69%|██████▉   | 18/26 [00:00<00:00, 86.20it/s, S=0.4204, loss=-0.2994]
Epoch 70/150 [train]:  69%|██████▉   | 18/26 [00:00<00:00, 86.20it/s, S=0.4202, loss=-0.2983]
Epoch 70/150 [train]:  69%|██████▉   | 18/26 [00:00<00:00, 86.20it/s, S=0.4154, loss=-0.2834]
Epoch 70/150 [train]:  69%|██████▉   | 18/26 [00:00<00:00, 86.20it/s, S=0.4196, loss=-0.2898]
Epoch 70/150 [train]:  69%|██████▉   | 18/26 [00:00<00:00, 86.20it/s, S=0.4182, loss=-0.2922]
Epoch 70/150 [train]:  69%|██████▉   | 18/26 [00:00<00:00, 86.20it/s, S=0.4152, loss=-0.2879]
Epoch 70/150 [train]:  69%|██████▉   | 18/26 [00:00<00:00, 86.20it/s, S=0.4144, loss=-0.2907]
                                                                                             
Epoch  70/150  train loss=-0.2925  val loss=-0.2902  S[mean]=0.4273  ζ=0.4515  mean_plane_ζ=0.3569  reg=0.1372  λscale=0.52  lr=5.00e-04

Epoch 71/150 [train]:   0%|          | 0/26 [00:00<?, ?it/s]
Epoch 71/150 [train]:   0%|          | 0/26 [00:00<?, ?it/s, S=0.4193, loss=-0.2923]
Epoch 71/150 [train]:   0%|          | 0/26 [00:00<?, ?it/s, S=0.4173, loss=-0.2908]
Epoch 71/150 [train]:   0%|          | 0/26 [00:00<?, ?it/s, S=0.4155, loss=-0.2812]
Epoch 71/150 [train]:   0%|          | 0/26 [00:00<?, ?it/s, S=0.4107, loss=-0.2682]
Epoch 71/150 [train]:   0%|          | 0/26 [00:00<?, ?it/s, S=0.4058, loss=-0.2667]
Epoch 71/150 [train]:   0%|          | 0/26 [00:00<?, ?it/s, S=0.4179, loss=-0.2794]
Epoch 71/150 [train]:   0%|          | 0/26 [00:00<?, ?it/s, S=0.4123, loss=-0.2891]
Epoch 71/150 [train]:   0%|          | 0/26 [00:00<?, ?it/s, S=0.4153, loss=-0.2769]
Epoch 71/150 [train]:   0%|          | 0/26 [00:00<?, ?it/s, S=0.4086, loss=-0.2813]
Epoch 71/150 [train]:  35%|███▍      | 9/26 [00:00<00:00, 85.87it/s, S=0.4086, loss=-0.2813]
Epoch 71/150 [train]:  35%|███▍      | 9/26 [00:00<00:00, 85.87it/s, S=0.4150, loss=-0.2869]
Epoch 71/150 [train]:  35%|███▍      | 9/26 [00:00<00:00, 85.87it/s, S=0.4133, loss=-0.2803]
Epoch 71/150 [train]:  35%|███▍      | 9/26 [00:00<00:00, 85.87it/s, S=0.4042, loss=-0.2700]
Epoch 71/150 [train]:  35%|███▍      | 9/26 [00:00<00:00, 85.87it/s, S=0.4128, loss=-0.2876]
Epoch 71/150 [train]:  35%|███▍      | 9/26 [00:00<00:00, 85.87it/s, S=0.4087, loss=-0.2824]
Epoch 71/150 [train]:  35%|███▍      | 9/26 [00:00<00:00, 85.87it/s, S=0.4157, loss=-0.2864]
Epoch 71/150 [train]:  35%|███▍      | 9/26 [00:00<00:00, 85.87it/s, S=0.4087, loss=-0.2763]
Epoch 71/150 [train]:  35%|███▍      | 9/26 [00:00<00:00, 85.87it/s, S=0.4178, loss=-0.2906]
Epoch 71/150 [train]:  35%|███▍      | 9/26 [00:00<00:00, 85.87it/s, S=0.4105, loss=-0.2924]
Epoch 71/150 [train]:  69%|██████▉   | 18/26 [00:00<00:00, 86.20it/s, S=0.4105, loss=-0.2924]
Epoch 71/150 [train]:  69%|██████▉   | 18/26 [00:00<00:00, 86.20it/s, S=0.4095, loss=-0.2732]
Epoch 71/150 [train]:  69%|██████▉   | 18/26 [00:00<00:00, 86.20it/s, S=0.4147, loss=-0.2938]
Epoch 71/150 [train]:  69%|██████▉   | 18/26 [00:00<00:00, 86.20it/s, S=0.4151, loss=-0.2911]
Epoch 71/150 [train]:  69%|██████▉   | 18/26 [00:00<00:00, 86.20it/s, S=0.4243, loss=-0.3051]
Epoch 71/150 [train]:  69%|██████▉   | 18/26 [00:00<00:00, 86.20it/s, S=0.4115, loss=-0.2813]
Epoch 71/150 [train]:  69%|██████▉   | 18/26 [00:00<00:00, 86.20it/s, S=0.4164, loss=-0.2908]
Epoch 71/150 [train]:  69%|██████▉   | 18/26 [00:00<00:00, 86.20it/s, S=0.4152, loss=-0.2926]
Epoch 71/150 [train]:  69%|██████▉   | 18/26 [00:00<00:00, 86.20it/s, S=0.4135, loss=-0.2874]
                                                                                             
Epoch  71/150  train loss=-0.2844  val loss=-0.2882  S[mean]=0.4248  ζ=0.4521  mean_plane_ζ=0.3577  reg=0.1365  λscale=0.52  lr=5.00e-04

Epoch 72/150 [train]:   0%|          | 0/26 [00:00<?, ?it/s]
Epoch 72/150 [train]:   0%|          | 0/26 [00:00<?, ?it/s, S=0.4185, loss=-0.2931]
Epoch 72/150 [train]:   0%|          | 0/26 [00:00<?, ?it/s, S=0.4125, loss=-0.2809]
Epoch 72/150 [train]:   0%|          | 0/26 [00:00<?, ?it/s, S=0.4106, loss=-0.2839]
Epoch 72/150 [train]:   0%|          | 0/26 [00:00<?, ?it/s, S=0.4048, loss=-0.2696]
Epoch 72/150 [train]:   0%|          | 0/26 [00:00<?, ?it/s, S=0.4198, loss=-0.2987]
Epoch 72/150 [train]:   0%|          | 0/26 [00:00<?, ?it/s, S=0.4130, loss=-0.2922]
Epoch 72/150 [train]:   0%|          | 0/26 [00:00<?, ?it/s, S=0.4142, loss=-0.2834]
Epoch 72/150 [train]:   0%|          | 0/26 [00:00<?, ?it/s, S=0.4177, loss=-0.2941]
Epoch 72/150 [train]:   0%|          | 0/26 [00:00<?, ?it/s, S=0.4066, loss=-0.2766]
Epoch 72/150 [train]:  35%|███▍      | 9/26 [00:00<00:00, 85.91it/s, S=0.4066, loss=-0.2766]
Epoch 72/150 [train]:  35%|███▍      | 9/26 [00:00<00:00, 85.91it/s, S=0.4204, loss=-0.2880]
Epoch 72/150 [train]:  35%|███▍      | 9/26 [00:00<00:00, 85.91it/s, S=0.4118, loss=-0.2871]
Epoch 72/150 [train]:  35%|███▍      | 9/26 [00:00<00:00, 85.91it/s, S=0.4121, loss=-0.2842]
Epoch 72/150 [train]:  35%|███▍      | 9/26 [00:00<00:00, 85.91it/s, S=0.4190, loss=-0.2970]
Epoch 72/150 [train]:  35%|███▍      | 9/26 [00:00<00:00, 85.91it/s, S=0.4171, loss=-0.2953]
Epoch 72/150 [train]:  35%|███▍      | 9/26 [00:00<00:00, 85.91it/s, S=0.4148, loss=-0.2932]
Epoch 72/150 [train]:  35%|███▍      | 9/26 [00:00<00:00, 85.91it/s, S=0.4201, loss=-0.2886]
Epoch 72/150 [train]:  35%|███▍      | 9/26 [00:00<00:00, 85.91it/s, S=0.4131, loss=-0.2849]
Epoch 72/150 [train]:  35%|███▍      | 9/26 [00:00<00:00, 85.91it/s, S=0.4182, loss=-0.2799]
Epoch 72/150 [train]:  69%|██████▉   | 18/26 [00:00<00:00, 86.14it/s, S=0.4182, loss=-0.2799]
Epoch 72/150 [train]:  69%|██████▉   | 18/26 [00:00<00:00, 86.14it/s, S=0.4166, loss=-0.2956]
Epoch 72/150 [train]:  69%|██████▉   | 18/26 [00:00<00:00, 86.14it/s, S=0.4129, loss=-0.2873]
Epoch 72/150 [train]:  69%|██████▉   | 18/26 [00:00<00:00, 86.14it/s, S=0.4142, loss=-0.2853]
Epoch 72/150 [train]:  69%|██████▉   | 18/26 [00:00<00:00, 86.14it/s, S=0.4129, loss=-0.2804]
Epoch 72/150 [train]:  69%|██████▉   | 18/26 [00:00<00:00, 86.14it/s, S=0.4103, loss=-0.2911]
Epoch 72/150 [train]:  69%|██████▉   | 18/26 [00:00<00:00, 86.14it/s, S=0.4171, loss=-0.2954]
Epoch 72/150 [train]:  69%|██████▉   | 18/26 [00:00<00:00, 86.14it/s, S=0.4093, loss=-0.2780]
Epoch 72/150 [train]:  69%|██████▉   | 18/26 [00:00<00:00, 86.14it/s, S=0.4115, loss=-0.2895]
                                                                                             
Epoch  72/150  train loss=-0.2874  val loss=-0.2906  S[mean]=0.4260  ζ=0.4522  mean_plane_ζ=0.3578  reg=0.1354  λscale=0.53  lr=4.99e-04

Epoch 73/150 [train]:   0%|          | 0/26 [00:00<?, ?it/s]
Epoch 73/150 [train]:   0%|          | 0/26 [00:00<?, ?it/s, S=0.4162, loss=-0.2918]
Epoch 73/150 [train]:   0%|          | 0/26 [00:00<?, ?it/s, S=0.4150, loss=-0.2942]
Epoch 73/150 [train]:   0%|          | 0/26 [00:00<?, ?it/s, S=0.4166, loss=-0.2970]
Epoch 73/150 [train]:   0%|          | 0/26 [00:00<?, ?it/s, S=0.4212, loss=-0.3047]
Epoch 73/150 [train]:   0%|          | 0/26 [00:00<?, ?it/s, S=0.4240, loss=-0.3032]
Epoch 73/150 [train]:   0%|          | 0/26 [00:00<?, ?it/s, S=0.4155, loss=-0.2871]
Epoch 73/150 [train]:   0%|          | 0/26 [00:00<?, ?it/s, S=0.4074, loss=-0.2708]
Epoch 73/150 [train]:   0%|          | 0/26 [00:00<?, ?it/s, S=0.4162, loss=-0.2945]
Epoch 73/150 [train]:   0%|          | 0/26 [00:00<?, ?it/s, S=0.4152, loss=-0.2759]
Epoch 73/150 [train]:  35%|███▍      | 9/26 [00:00<00:00, 85.76it/s, S=0.4152, loss=-0.2759]
Epoch 73/150 [train]:  35%|███▍      | 9/26 [00:00<00:00, 85.76it/s, S=0.4202, loss=-0.2923]
Epoch 73/150 [train]:  35%|███▍      | 9/26 [00:00<00:00, 85.76it/s, S=0.4177, loss=-0.2935]
Epoch 73/150 [train]:  35%|███▍      | 9/26 [00:00<00:00, 85.76it/s, S=0.4170, loss=-0.2923]
Epoch 73/150 [train]:  35%|███▍      | 9/26 [00:00<00:00, 85.76it/s, S=0.4146, loss=-0.2832]
Epoch 73/150 [train]:  35%|███▍      | 9/26 [00:00<00:00, 85.76it/s, S=0.4071, loss=-0.2773]
Epoch 73/150 [train]:  35%|███▍      | 9/26 [00:00<00:00, 85.76it/s, S=0.4229, loss=-0.3023]
Epoch 73/150 [train]:  35%|███▍      | 9/26 [00:00<00:00, 85.76it/s, S=0.4108, loss=-0.2917]
Epoch 73/150 [train]:  35%|███▍      | 9/26 [00:00<00:00, 85.76it/s, S=0.4094, loss=-0.2883]
Epoch 73/150 [train]:  35%|███▍      | 9/26 [00:00<00:00, 85.76it/s, S=0.4114, loss=-0.2793]
Epoch 73/150 [train]:  69%|██████▉   | 18/26 [00:00<00:00, 86.06it/s, S=0.4114, loss=-0.2793]
Epoch 73/150 [train]:  69%|██████▉   | 18/26 [00:00<00:00, 86.06it/s, S=0.4138, loss=-0.2950]
Epoch 73/150 [train]:  69%|██████▉   | 18/26 [00:00<00:00, 86.06it/s, S=0.4181, loss=-0.2913]
Epoch 73/150 [train]:  69%|██████▉   | 18/26 [00:00<00:00, 86.06it/s, S=0.4185, loss=-0.2945]
Epoch 73/150 [train]:  69%|██████▉   | 18/26 [00:00<00:00, 86.06it/s, S=0.4126, loss=-0.2861]
Epoch 73/150 [train]:  69%|██████▉   | 18/26 [00:00<00:00, 86.06it/s, S=0.4076, loss=-0.2888]
Epoch 73/150 [train]:  69%|██████▉   | 18/26 [00:00<00:00, 86.06it/s, S=0.4184, loss=-0.2959]
Epoch 73/150 [train]:  69%|██████▉   | 18/26 [00:00<00:00, 86.06it/s, S=0.4146, loss=-0.2879]
Epoch 73/150 [train]:  69%|██████▉   | 18/26 [00:00<00:00, 86.06it/s, S=0.4184, loss=-0.3006]
                                                                                             
Epoch  73/150  train loss=-0.2907  val loss=-0.2934  S[mean]=0.4269  ζ=0.4538  mean_plane_ζ=0.3588  reg=0.1335  λscale=0.53  lr=4.98e-04

Epoch 74/150 [train]:   0%|          | 0/26 [00:00<?, ?it/s]
Epoch 74/150 [train]:   0%|          | 0/26 [00:00<?, ?it/s, S=0.4143, loss=-0.2923]
Epoch 74/150 [train]:   0%|          | 0/26 [00:00<?, ?it/s, S=0.4188, loss=-0.2960]
Epoch 74/150 [train]:   0%|          | 0/26 [00:00<?, ?it/s, S=0.4188, loss=-0.3021]
Epoch 74/150 [train]:   0%|          | 0/26 [00:00<?, ?it/s, S=0.4148, loss=-0.2918]
Epoch 74/150 [train]:   0%|          | 0/26 [00:00<?, ?it/s, S=0.4170, loss=-0.2959]
Epoch 74/150 [train]:   0%|          | 0/26 [00:00<?, ?it/s, S=0.4140, loss=-0.2860]
Epoch 74/150 [train]:   0%|          | 0/26 [00:00<?, ?it/s, S=0.4115, loss=-0.2932]
Epoch 74/150 [train]:   0%|          | 0/26 [00:00<?, ?it/s, S=0.4141, loss=-0.2968]
Epoch 74/150 [train]:   0%|          | 0/26 [00:00<?, ?it/s, S=0.4066, loss=-0.2877]
Epoch 74/150 [train]:  35%|███▍      | 9/26 [00:00<00:00, 85.99it/s, S=0.4066, loss=-0.2877]
Epoch 74/150 [train]:  35%|███▍      | 9/26 [00:00<00:00, 85.99it/s, S=0.4194, loss=-0.2961]
Epoch 74/150 [train]:  35%|███▍      | 9/26 [00:00<00:00, 85.99it/s, S=0.4170, loss=-0.2814]
Epoch 74/150 [train]:  35%|███▍      | 9/26 [00:00<00:00, 85.99it/s, S=0.4231, loss=-0.2940]
Epoch 74/150 [train]:  35%|███▍      | 9/26 [00:00<00:00, 85.99it/s, S=0.4074, loss=-0.2796]
Epoch 74/150 [train]:  35%|███▍      | 9/26 [00:00<00:00, 85.99it/s, S=0.4135, loss=-0.2798]
Epoch 74/150 [train]:  35%|███▍      | 9/26 [00:00<00:00, 85.99it/s, S=0.4141, loss=-0.2968]
Epoch 74/150 [train]:  35%|███▍      | 9/26 [00:00<00:00, 85.99it/s, S=0.4202, loss=-0.2983]
Epoch 74/150 [train]:  35%|███▍      | 9/26 [00:00<00:00, 85.99it/s, S=0.4133, loss=-0.2844]
Epoch 74/150 [train]:  35%|███▍      | 9/26 [00:00<00:00, 85.99it/s, S=0.4206, loss=-0.3011]
Epoch 74/150 [train]:  69%|██████▉   | 18/26 [00:00<00:00, 86.09it/s, S=0.4206, loss=-0.3011]
Epoch 74/150 [train]:  69%|██████▉   | 18/26 [00:00<00:00, 86.09it/s, S=0.4167, loss=-0.2977]
Epoch 74/150 [train]:  69%|██████▉   | 18/26 [00:00<00:00, 86.09it/s, S=0.4129, loss=-0.2910]
Epoch 74/150 [train]:  69%|██████▉   | 18/26 [00:00<00:00, 86.09it/s, S=0.4172, loss=-0.2875]
Epoch 74/150 [train]:  69%|██████▉   | 18/26 [00:00<00:00, 86.09it/s, S=0.4167, loss=-0.3000]
Epoch 74/150 [train]:  69%|██████▉   | 18/26 [00:00<00:00, 86.09it/s, S=0.4184, loss=-0.2925]
Epoch 74/150 [train]:  69%|██████▉   | 18/26 [00:00<00:00, 86.09it/s, S=0.4134, loss=-0.2912]
Epoch 74/150 [train]:  69%|██████▉   | 18/26 [00:00<00:00, 86.09it/s, S=0.4109, loss=-0.2900]
Epoch 74/150 [train]:  69%|██████▉   | 18/26 [00:00<00:00, 86.09it/s, S=0.4235, loss=-0.2963]
                                                                                             
Epoch  74/150  train loss=-0.2923  val loss=-0.2944  S[mean]=0.4275  ζ=0.4545  mean_plane_ζ=0.3594  reg=0.1331  λscale=0.54  lr=4.97e-04

Epoch 75/150 [train]:   0%|          | 0/26 [00:00<?, ?it/s]
Epoch 75/150 [train]:   0%|          | 0/26 [00:00<?, ?it/s, S=0.4164, loss=-0.2917]
Epoch 75/150 [train]:   0%|          | 0/26 [00:00<?, ?it/s, S=0.4193, loss=-0.3040]
Epoch 75/150 [train]:   0%|          | 0/26 [00:00<?, ?it/s, S=0.4185, loss=-0.2948]
Epoch 75/150 [train]:   0%|          | 0/26 [00:00<?, ?it/s, S=0.4137, loss=-0.2901]
Epoch 75/150 [train]:   0%|          | 0/26 [00:00<?, ?it/s, S=0.4216, loss=-0.2897]
Epoch 75/150 [train]:   0%|          | 0/26 [00:00<?, ?it/s, S=0.4182, loss=-0.2986]
Epoch 75/150 [train]:   0%|          | 0/26 [00:00<?, ?it/s, S=0.4124, loss=-0.2878]
Epoch 75/150 [train]:   0%|          | 0/26 [00:00<?, ?it/s, S=0.4142, loss=-0.2918]
Epoch 75/150 [train]:   0%|          | 0/26 [00:00<?, ?it/s, S=0.4198, loss=-0.2915]
Epoch 75/150 [train]:  35%|███▍      | 9/26 [00:00<00:00, 85.85it/s, S=0.4198, loss=-0.2915]
Epoch 75/150 [train]:  35%|███▍      | 9/26 [00:00<00:00, 85.85it/s, S=0.4099, loss=-0.2702]
Epoch 75/150 [train]:  35%|███▍      | 9/26 [00:00<00:00, 85.85it/s, S=0.4213, loss=-0.2957]
Epoch 75/150 [train]:  35%|███▍      | 9/26 [00:00<00:00, 85.85it/s, S=0.4120, loss=-0.2831]
Epoch 75/150 [train]:  35%|███▍      | 9/26 [00:00<00:00, 85.85it/s, S=0.4173, loss=-0.2926]
Epoch 75/150 [train]:  35%|███▍      | 9/26 [00:00<00:00, 85.85it/s, S=0.4133, loss=-0.2961]
Epoch 75/150 [train]:  35%|███▍      | 9/26 [00:00<00:00, 85.85it/s, S=0.4132, loss=-0.2909]
Epoch 75/150 [train]:  35%|███▍      | 9/26 [00:00<00:00, 85.85it/s, S=0.4213, loss=-0.2994]
Epoch 75/150 [train]:  35%|███▍      | 9/26 [00:00<00:00, 85.85it/s, S=0.4104, loss=-0.2804]
Epoch 75/150 [train]:  35%|███▍      | 9/26 [00:00<00:00, 85.85it/s, S=0.4226, loss=-0.3092]
Epoch 75/150 [train]:  69%|██████▉   | 18/26 [00:00<00:00, 86.09it/s, S=0.4226, loss=-0.3092]
Epoch 75/150 [train]:  69%|██████▉   | 18/26 [00:00<00:00, 86.09it/s, S=0.4183, loss=-0.2805]
Epoch 75/150 [train]:  69%|██████▉   | 18/26 [00:00<00:00, 86.09it/s, S=0.4188, loss=-0.2965]
Epoch 75/150 [train]:  69%|██████▉   | 18/26 [00:00<00:00, 86.09it/s, S=0.4209, loss=-0.2866]
Epoch 75/150 [train]:  69%|██████▉   | 18/26 [00:00<00:00, 86.09it/s, S=0.4203, loss=-0.3094]
Epoch 75/150 [train]:  69%|██████▉   | 18/26 [00:00<00:00, 86.09it/s, S=0.4126, loss=-0.2958]
Epoch 75/150 [train]:  69%|██████▉   | 18/26 [00:00<00:00, 86.09it/s, S=0.4075, loss=-0.2745]
Epoch 75/150 [train]:  69%|██████▉   | 18/26 [00:00<00:00, 86.09it/s, S=0.4150, loss=-0.2854]
Epoch 75/150 [train]:  69%|██████▉   | 18/26 [00:00<00:00, 86.09it/s, S=0.4138, loss=-0.2881]
                                                                                             
Epoch  75/150  train loss=-0.2913  val loss=-0.2927  S[mean]=0.4273  ζ=0.4541  mean_plane_ζ=0.3591  reg=0.1346  λscale=0.55  lr=4.95e-04

Epoch 76/150 [train]:   0%|          | 0/26 [00:00<?, ?it/s]
Epoch 76/150 [train]:   0%|          | 0/26 [00:00<?, ?it/s, S=0.4215, loss=-0.3051]
Epoch 76/150 [train]:   0%|          | 0/26 [00:00<?, ?it/s, S=0.4195, loss=-0.3020]
Epoch 76/150 [train]:   0%|          | 0/26 [00:00<?, ?it/s, S=0.4210, loss=-0.2995]
Epoch 76/150 [train]:   0%|          | 0/26 [00:00<?, ?it/s, S=0.4108, loss=-0.2983]
Epoch 76/150 [train]:   0%|          | 0/26 [00:00<?, ?it/s, S=0.4232, loss=-0.3034]
Epoch 76/150 [train]:   0%|          | 0/26 [00:00<?, ?it/s, S=0.4200, loss=-0.3000]
Epoch 76/150 [train]:   0%|          | 0/26 [00:00<?, ?it/s, S=0.4241, loss=-0.3001]
Epoch 76/150 [train]:   0%|          | 0/26 [00:00<?, ?it/s, S=0.4240, loss=-0.2915]
Epoch 76/150 [train]:   0%|          | 0/26 [00:00<?, ?it/s, S=0.4181, loss=-0.2987]
Epoch 76/150 [train]:  35%|███▍      | 9/26 [00:00<00:00, 85.82it/s, S=0.4181, loss=-0.2987]
Epoch 76/150 [train]:  35%|███▍      | 9/26 [00:00<00:00, 85.82it/s, S=0.4195, loss=-0.2962]
Epoch 76/150 [train]:  35%|███▍      | 9/26 [00:00<00:00, 85.82it/s, S=0.4110, loss=-0.2918]
Epoch 76/150 [train]:  35%|███▍      | 9/26 [00:00<00:00, 85.82it/s, S=0.4246, loss=-0.3091]
Epoch 76/150 [train]:  35%|███▍      | 9/26 [00:00<00:00, 85.82it/s, S=0.4180, loss=-0.2998]
Epoch 76/150 [train]:  35%|███▍      | 9/26 [00:00<00:00, 85.82it/s, S=0.4201, loss=-0.3075]
Epoch 76/150 [train]:  35%|███▍      | 9/26 [00:00<00:00, 85.82it/s, S=0.4184, loss=-0.2948]
Epoch 76/150 [train]:  35%|███▍      | 9/26 [00:00<00:00, 85.82it/s, S=0.4103, loss=-0.2962]
Epoch 76/150 [train]:  35%|███▍      | 9/26 [00:00<00:00, 85.82it/s, S=0.4164, loss=-0.2983]
Epoch 76/150 [train]:  35%|███▍      | 9/26 [00:00<00:00, 85.82it/s, S=0.4180, loss=-0.2969]
Epoch 76/150 [train]:  69%|██████▉   | 18/26 [00:00<00:00, 86.14it/s, S=0.4180, loss=-0.2969]
Epoch 76/150 [train]:  69%|██████▉   | 18/26 [00:00<00:00, 86.14it/s, S=0.4145, loss=-0.3023]
Epoch 76/150 [train]:  69%|██████▉   | 18/26 [00:00<00:00, 86.14it/s, S=0.4154, loss=-0.2881]
Epoch 76/150 [train]:  69%|██████▉   | 18/26 [00:00<00:00, 86.14it/s, S=0.4192, loss=-0.2858]
Epoch 76/150 [train]:  69%|██████▉   | 18/26 [00:00<00:00, 86.14it/s, S=0.4156, loss=-0.2866]
Epoch 76/150 [train]:  69%|██████▉   | 18/26 [00:00<00:00, 86.14it/s, S=0.4234, loss=-0.3009]
Epoch 76/150 [train]:  69%|██████▉   | 18/26 [00:00<00:00, 86.14it/s, S=0.4149, loss=-0.3014]
Epoch 76/150 [train]:  69%|██████▉   | 18/26 [00:00<00:00, 86.14it/s, S=0.4044, loss=-0.2699]
Epoch 76/150 [train]:  69%|██████▉   | 18/26 [00:00<00:00, 86.14it/s, S=0.4234, loss=-0.3103]
                                                                                             
Epoch  76/150  train loss=-0.2975  val loss=-0.2899  S[mean]=0.4259  ζ=0.4534  mean_plane_ζ=0.3587  reg=0.1361  λscale=0.55  lr=4.93e-04

Epoch 77/150 [train]:   0%|          | 0/26 [00:00<?, ?it/s]
Epoch 77/150 [train]:   0%|          | 0/26 [00:00<?, ?it/s, S=0.4166, loss=-0.3000]
Epoch 77/150 [train]:   0%|          | 0/26 [00:00<?, ?it/s, S=0.4131, loss=-0.2701]
Epoch 77/150 [train]:   0%|          | 0/26 [00:00<?, ?it/s, S=0.4238, loss=-0.2975]
Epoch 77/150 [train]:   0%|          | 0/26 [00:00<?, ?it/s, S=0.4197, loss=-0.2942]
Epoch 77/150 [train]:   0%|          | 0/26 [00:00<?, ?it/s, S=0.4227, loss=-0.2997]
Epoch 77/150 [train]:   0%|          | 0/26 [00:00<?, ?it/s, S=0.4143, loss=-0.2906]
Epoch 77/150 [train]:   0%|          | 0/26 [00:00<?, ?it/s, S=0.4140, loss=-0.2949]
Epoch 77/150 [train]:   0%|          | 0/26 [00:00<?, ?it/s, S=0.4212, loss=-0.3031]
Epoch 77/150 [train]:   0%|          | 0/26 [00:00<?, ?it/s, S=0.4220, loss=-0.3039]
Epoch 77/150 [train]:  35%|███▍      | 9/26 [00:00<00:00, 85.85it/s, S=0.4220, loss=-0.3039]
Epoch 77/150 [train]:  35%|███▍      | 9/26 [00:00<00:00, 85.85it/s, S=0.4255, loss=-0.3080]
Epoch 77/150 [train]:  35%|███▍      | 9/26 [00:00<00:00, 85.85it/s, S=0.4236, loss=-0.3057]
Epoch 77/150 [train]:  35%|███▍      | 9/26 [00:00<00:00, 85.85it/s, S=0.4240, loss=-0.3066]
Epoch 77/150 [train]:  35%|███▍      | 9/26 [00:00<00:00, 85.85it/s, S=0.4213, loss=-0.3016]
Epoch 77/150 [train]:  35%|███▍      | 9/26 [00:00<00:00, 85.85it/s, S=0.4200, loss=-0.2964]
Epoch 77/150 [train]:  35%|███▍      | 9/26 [00:00<00:00, 85.85it/s, S=0.4119, loss=-0.2833]
Epoch 77/150 [train]:  35%|███▍      | 9/26 [00:00<00:00, 85.85it/s, S=0.4108, loss=-0.2945]
Epoch 77/150 [train]:  35%|███▍      | 9/26 [00:00<00:00, 85.85it/s, S=0.4172, loss=-0.2953]
Epoch 77/150 [train]:  35%|███▍      | 9/26 [00:00<00:00, 85.85it/s, S=0.4089, loss=-0.2822]
Epoch 77/150 [train]:  69%|██████▉   | 18/26 [00:00<00:00, 85.86it/s, S=0.4089, loss=-0.2822]
Epoch 77/150 [train]:  69%|██████▉   | 18/26 [00:00<00:00, 85.86it/s, S=0.4179, loss=-0.2931]
Epoch 77/150 [train]:  69%|██████▉   | 18/26 [00:00<00:00, 85.86it/s, S=0.4137, loss=-0.2907]
Epoch 77/150 [train]:  69%|██████▉   | 18/26 [00:00<00:00, 85.86it/s, S=0.4224, loss=-0.2973]
Epoch 77/150 [train]:  69%|██████▉   | 18/26 [00:00<00:00, 85.86it/s, S=0.4127, loss=-0.2824]
Epoch 77/150 [train]:  69%|██████▉   | 18/26 [00:00<00:00, 85.86it/s, S=0.4189, loss=-0.2953]
Epoch 77/150 [train]:  69%|██████▉   | 18/26 [00:00<00:00, 85.86it/s, S=0.4160, loss=-0.2981]
Epoch 77/150 [train]:  69%|██████▉   | 18/26 [00:00<00:00, 85.86it/s, S=0.4229, loss=-0.3025]
Epoch 77/150 [train]:  69%|██████▉   | 18/26 [00:00<00:00, 85.86it/s, S=0.4173, loss=-0.2929]
                                                                                             
Epoch  77/150  train loss=-0.2954  val loss=-0.2983  S[mean]=0.4285  ζ=0.4552  mean_plane_ζ=0.3595  reg=0.1303  λscale=0.56  lr=4.91e-04

Epoch 78/150 [train]:   0%|          | 0/26 [00:00<?, ?it/s]
Epoch 78/150 [train]:   0%|          | 0/26 [00:00<?, ?it/s, S=0.4202, loss=-0.3062]
Epoch 78/150 [train]:   0%|          | 0/26 [00:00<?, ?it/s, S=0.4247, loss=-0.3080]
Epoch 78/150 [train]:   0%|          | 0/26 [00:00<?, ?it/s, S=0.4173, loss=-0.2987]
Epoch 78/150 [train]:   0%|          | 0/26 [00:00<?, ?it/s, S=0.4254, loss=-0.3055]
Epoch 78/150 [train]:   0%|          | 0/26 [00:00<?, ?it/s, S=0.4208, loss=-0.2951]
Epoch 78/150 [train]:   0%|          | 0/26 [00:00<?, ?it/s, S=0.4206, loss=-0.3023]
Epoch 78/150 [train]:   0%|          | 0/26 [00:00<?, ?it/s, S=0.4248, loss=-0.3120]
Epoch 78/150 [train]:   0%|          | 0/26 [00:00<?, ?it/s, S=0.4142, loss=-0.2909]
Epoch 78/150 [train]:   0%|          | 0/26 [00:00<?, ?it/s, S=0.4168, loss=-0.3017]
Epoch 78/150 [train]:  35%|███▍      | 9/26 [00:00<00:00, 85.97it/s, S=0.4168, loss=-0.3017]
Epoch 78/150 [train]:  35%|███▍      | 9/26 [00:00<00:00, 85.97it/s, S=0.4170, loss=-0.3009]
Epoch 78/150 [train]:  35%|███▍      | 9/26 [00:00<00:00, 85.97it/s, S=0.4213, loss=-0.3044]
Epoch 78/150 [train]:  35%|███▍      | 9/26 [00:00<00:00, 85.97it/s, S=0.4118, loss=-0.2917]
Epoch 78/150 [train]:  35%|███▍      | 9/26 [00:00<00:00, 85.97it/s, S=0.4146, loss=-0.2870]
Epoch 78/150 [train]:  35%|███▍      | 9/26 [00:00<00:00, 85.97it/s, S=0.4192, loss=-0.3004]
Epoch 78/150 [train]:  35%|███▍      | 9/26 [00:00<00:00, 85.97it/s, S=0.4167, loss=-0.2877]
Epoch 78/150 [train]:  35%|███▍      | 9/26 [00:00<00:00, 85.97it/s, S=0.4201, loss=-0.2888]
Epoch 78/150 [train]:  35%|███▍      | 9/26 [00:00<00:00, 85.97it/s, S=0.4219, loss=-0.3023]
Epoch 78/150 [train]:  35%|███▍      | 9/26 [00:00<00:00, 85.97it/s, S=0.4174, loss=-0.2908]
Epoch 78/150 [train]:  69%|██████▉   | 18/26 [00:00<00:00, 86.10it/s, S=0.4174, loss=-0.2908]
Epoch 78/150 [train]:  69%|██████▉   | 18/26 [00:00<00:00, 86.10it/s, S=0.4220, loss=-0.2868]
Epoch 78/150 [train]:  69%|██████▉   | 18/26 [00:00<00:00, 86.10it/s, S=0.4160, loss=-0.2948]
Epoch 78/150 [train]:  69%|██████▉   | 18/26 [00:00<00:00, 86.10it/s, S=0.4194, loss=-0.3055]
Epoch 78/150 [train]:  69%|██████▉   | 18/26 [00:00<00:00, 86.10it/s, S=0.4145, loss=-0.2863]
Epoch 78/150 [train]:  69%|██████▉   | 18/26 [00:00<00:00, 86.10it/s, S=0.4216, loss=-0.3113]
Epoch 78/150 [train]:  69%|██████▉   | 18/26 [00:00<00:00, 86.10it/s, S=0.4204, loss=-0.2971]
Epoch 78/150 [train]:  69%|██████▉   | 18/26 [00:00<00:00, 86.10it/s, S=0.4223, loss=-0.2959]
Epoch 78/150 [train]:  69%|██████▉   | 18/26 [00:00<00:00, 86.10it/s, S=0.4137, loss=-0.2917]
                                                                                             
Epoch  78/150  train loss=-0.2978  val loss=-0.2988  S[mean]=0.4290  ζ=0.4565  mean_plane_ζ=0.3602  reg=0.1302  λscale=0.57  lr=4.88e-04

Epoch 79/150 [train]:   0%|          | 0/26 [00:00<?, ?it/s]
Epoch 79/150 [train]:   0%|          | 0/26 [00:00<?, ?it/s, S=0.4143, loss=-0.2748]
Epoch 79/150 [train]:   0%|          | 0/26 [00:00<?, ?it/s, S=0.4167, loss=-0.2968]
Epoch 79/150 [train]:   0%|          | 0/26 [00:00<?, ?it/s, S=0.4155, loss=-0.2827]
Epoch 79/150 [train]:   0%|          | 0/26 [00:00<?, ?it/s, S=0.4206, loss=-0.3065]
Epoch 79/150 [train]:   0%|          | 0/26 [00:00<?, ?it/s, S=0.4269, loss=-0.3128]
Epoch 79/150 [train]:   0%|          | 0/26 [00:00<?, ?it/s, S=0.4202, loss=-0.3021]
Epoch 79/150 [train]:   0%|          | 0/26 [00:00<?, ?it/s, S=0.4199, loss=-0.2974]
Epoch 79/150 [train]:   0%|          | 0/26 [00:00<?, ?it/s, S=0.4245, loss=-0.3114]
Epoch 79/150 [train]:   0%|          | 0/26 [00:00<?, ?it/s, S=0.4219, loss=-0.3068]
Epoch 79/150 [train]:  35%|███▍      | 9/26 [00:00<00:00, 85.80it/s, S=0.4219, loss=-0.3068]
Epoch 79/150 [train]:  35%|███▍      | 9/26 [00:00<00:00, 85.80it/s, S=0.4118, loss=-0.2904]
Epoch 79/150 [train]:  35%|███▍      | 9/26 [00:00<00:00, 85.80it/s, S=0.4221, loss=-0.3010]
Epoch 79/150 [train]:  35%|███▍      | 9/26 [00:00<00:00, 85.80it/s, S=0.4215, loss=-0.3049]
Epoch 79/150 [train]:  35%|███▍      | 9/26 [00:00<00:00, 85.80it/s, S=0.4288, loss=-0.3135]
Epoch 79/150 [train]:  35%|███▍      | 9/26 [00:00<00:00, 85.80it/s, S=0.4254, loss=-0.3123]
Epoch 79/150 [train]:  35%|███▍      | 9/26 [00:00<00:00, 85.80it/s, S=0.4216, loss=-0.3020]
Epoch 79/150 [train]:  35%|███▍      | 9/26 [00:00<00:00, 85.80it/s, S=0.4281, loss=-0.3130]
Epoch 79/150 [train]:  35%|███▍      | 9/26 [00:00<00:00, 85.80it/s, S=0.4213, loss=-0.3047]
Epoch 79/150 [train]:  35%|███▍      | 9/26 [00:00<00:00, 85.80it/s, S=0.4121, loss=-0.2985]
Epoch 79/150 [train]:  69%|██████▉   | 18/26 [00:00<00:00, 86.07it/s, S=0.4121, loss=-0.2985]
Epoch 79/150 [train]:  69%|██████▉   | 18/26 [00:00<00:00, 86.07it/s, S=0.4252, loss=-0.3141]
Epoch 79/150 [train]:  69%|██████▉   | 18/26 [00:00<00:00, 86.07it/s, S=0.4216, loss=-0.2940]
Epoch 79/150 [train]:  69%|██████▉   | 18/26 [00:00<00:00, 86.07it/s, S=0.4139, loss=-0.2878]
Epoch 79/150 [train]:  69%|██████▉   | 18/26 [00:00<00:00, 86.07it/s, S=0.4276, loss=-0.3175]
Epoch 79/150 [train]:  69%|██████▉   | 18/26 [00:00<00:00, 86.07it/s, S=0.4219, loss=-0.3019]
Epoch 79/150 [train]:  69%|██████▉   | 18/26 [00:00<00:00, 86.07it/s, S=0.4143, loss=-0.2989]
Epoch 79/150 [train]:  69%|██████▉   | 18/26 [00:00<00:00, 86.07it/s, S=0.4108, loss=-0.2955]
Epoch 79/150 [train]:  69%|██████▉   | 18/26 [00:00<00:00, 86.07it/s, S=0.4230, loss=-0.3085]
                                                                                             
Epoch  79/150  train loss=-0.3019  val loss=-0.2989  S[mean]=0.4286  ζ=0.4559  mean_plane_ζ=0.3596  reg=0.1297  λscale=0.57  lr=4.85e-04

Epoch 80/150 [train]:   0%|          | 0/26 [00:00<?, ?it/s]
Epoch 80/150 [train]:   0%|          | 0/26 [00:00<?, ?it/s, S=0.4256, loss=-0.3056]
Epoch 80/150 [train]:   0%|          | 0/26 [00:00<?, ?it/s, S=0.4272, loss=-0.3180]
Epoch 80/150 [train]:   0%|          | 0/26 [00:00<?, ?it/s, S=0.4148, loss=-0.2975]
Epoch 80/150 [train]:   0%|          | 0/26 [00:00<?, ?it/s, S=0.4260, loss=-0.3106]
Epoch 80/150 [train]:   0%|          | 0/26 [00:00<?, ?it/s, S=0.4232, loss=-0.3042]
Epoch 80/150 [train]:   0%|          | 0/26 [00:00<?, ?it/s, S=0.4185, loss=-0.3040]
Epoch 80/150 [train]:   0%|          | 0/26 [00:00<?, ?it/s, S=0.4298, loss=-0.3109]
Epoch 80/150 [train]:   0%|          | 0/26 [00:00<?, ?it/s, S=0.4220, loss=-0.3009]
Epoch 80/150 [train]:   0%|          | 0/26 [00:00<?, ?it/s, S=0.4270, loss=-0.3059]
Epoch 80/150 [train]:  35%|███▍      | 9/26 [00:00<00:00, 85.88it/s, S=0.4270, loss=-0.3059]
Epoch 80/150 [train]:  35%|███▍      | 9/26 [00:00<00:00, 85.88it/s, S=0.4230, loss=-0.3098]
Epoch 80/150 [train]:  35%|███▍      | 9/26 [00:00<00:00, 85.88it/s, S=0.4223, loss=-0.3023]
Epoch 80/150 [train]:  35%|███▍      | 9/26 [00:00<00:00, 85.88it/s, S=0.4210, loss=-0.2957]
Epoch 80/150 [train]:  35%|███▍      | 9/26 [00:00<00:00, 85.88it/s, S=0.4151, loss=-0.2960]
Epoch 80/150 [train]:  35%|███▍      | 9/26 [00:00<00:00, 85.88it/s, S=0.4195, loss=-0.3057]
Epoch 80/150 [train]:  35%|███▍      | 9/26 [00:00<00:00, 85.88it/s, S=0.4149, loss=-0.2951]
Epoch 80/150 [train]:  35%|███▍      | 9/26 [00:00<00:00, 85.88it/s, S=0.4219, loss=-0.2951]
Epoch 80/150 [train]:  35%|███▍      | 9/26 [00:00<00:00, 85.88it/s, S=0.4097, loss=-0.2867]
Epoch 80/150 [train]:  35%|███▍      | 9/26 [00:00<00:00, 85.88it/s, S=0.4203, loss=-0.3110]
Epoch 80/150 [train]:  69%|██████▉   | 18/26 [00:00<00:00, 85.83it/s, S=0.4203, loss=-0.3110]
Epoch 80/150 [train]:  69%|██████▉   | 18/26 [00:00<00:00, 85.83it/s, S=0.4199, loss=-0.2953]
Epoch 80/150 [train]:  69%|██████▉   | 18/26 [00:00<00:00, 85.83it/s, S=0.4234, loss=-0.2986]
Epoch 80/150 [train]:  69%|██████▉   | 18/26 [00:00<00:00, 85.83it/s, S=0.4219, loss=-0.3052]
Epoch 80/150 [train]:  69%|██████▉   | 18/26 [00:00<00:00, 85.83it/s, S=0.4200, loss=-0.3039]
Epoch 80/150 [train]:  69%|██████▉   | 18/26 [00:00<00:00, 85.83it/s, S=0.4279, loss=-0.3077]
Epoch 80/150 [train]:  69%|██████▉   | 18/26 [00:00<00:00, 85.83it/s, S=0.4101, loss=-0.2912]
Epoch 80/150 [train]:  69%|██████▉   | 18/26 [00:00<00:00, 85.83it/s, S=0.4152, loss=-0.2859]
Epoch 80/150 [train]:  69%|██████▉   | 18/26 [00:00<00:00, 85.83it/s, S=0.4180, loss=-0.2936]
                                                                                             
Epoch  80/150  train loss=-0.3014  val loss=-0.2996  S[mean]=0.4290  ζ=0.4536  mean_plane_ζ=0.3582  reg=0.1293  λscale=0.58  lr=4.81e-04

Epoch 81/150 [train]:   0%|          | 0/26 [00:00<?, ?it/s]
Epoch 81/150 [train]:   0%|          | 0/26 [00:00<?, ?it/s, S=0.4251, loss=-0.3003]
Epoch 81/150 [train]:   0%|          | 0/26 [00:00<?, ?it/s, S=0.4162, loss=-0.2839]
Epoch 81/150 [train]:   0%|          | 0/26 [00:00<?, ?it/s, S=0.4199, loss=-0.3043]
Epoch 81/150 [train]:   0%|          | 0/26 [00:00<?, ?it/s, S=0.4282, loss=-0.3094]
Epoch 81/150 [train]:   0%|          | 0/26 [00:00<?, ?it/s, S=0.4144, loss=-0.3001]
Epoch 81/150 [train]:   0%|          | 0/26 [00:00<?, ?it/s, S=0.4305, loss=-0.3175]
Epoch 81/150 [train]:   0%|          | 0/26 [00:00<?, ?it/s, S=0.4208, loss=-0.3005]
Epoch 81/150 [train]:   0%|          | 0/26 [00:00<?, ?it/s, S=0.4241, loss=-0.3076]
Epoch 81/150 [train]:   0%|          | 0/26 [00:00<?, ?it/s, S=0.4176, loss=-0.2999]
Epoch 81/150 [train]:  35%|███▍      | 9/26 [00:00<00:00, 85.82it/s, S=0.4176, loss=-0.2999]
Epoch 81/150 [train]:  35%|███▍      | 9/26 [00:00<00:00, 85.82it/s, S=0.4216, loss=-0.3009]
Epoch 81/150 [train]:  35%|███▍      | 9/26 [00:00<00:00, 85.82it/s, S=0.4188, loss=-0.2981]
Epoch 81/150 [train]:  35%|███▍      | 9/26 [00:00<00:00, 85.82it/s, S=0.4272, loss=-0.3125]
Epoch 81/150 [train]:  35%|███▍      | 9/26 [00:00<00:00, 85.82it/s, S=0.4307, loss=-0.3150]
Epoch 81/150 [train]:  35%|███▍      | 9/26 [00:00<00:00, 85.82it/s, S=0.4270, loss=-0.3051]
Epoch 81/150 [train]:  35%|███▍      | 9/26 [00:00<00:00, 85.82it/s, S=0.4211, loss=-0.3032]
Epoch 81/150 [train]:  35%|███▍      | 9/26 [00:00<00:00, 85.82it/s, S=0.4238, loss=-0.3069]
Epoch 81/150 [train]:  35%|███▍      | 9/26 [00:00<00:00, 85.82it/s, S=0.4146, loss=-0.2976]
Epoch 81/150 [train]:  35%|███▍      | 9/26 [00:00<00:00, 85.82it/s, S=0.4145, loss=-0.2937]
Epoch 81/150 [train]:  69%|██████▉   | 18/26 [00:00<00:00, 85.99it/s, S=0.4145, loss=-0.2937]
Epoch 81/150 [train]:  69%|██████▉   | 18/26 [00:00<00:00, 85.99it/s, S=0.4193, loss=-0.3008]
Epoch 81/150 [train]:  69%|██████▉   | 18/26 [00:00<00:00, 85.99it/s, S=0.4177, loss=-0.3037]
Epoch 81/150 [train]:  69%|██████▉   | 18/26 [00:00<00:00, 85.99it/s, S=0.4205, loss=-0.2907]
Epoch 81/150 [train]:  69%|██████▉   | 18/26 [00:00<00:00, 85.99it/s, S=0.4130, loss=-0.2956]
Epoch 81/150 [train]:  69%|██████▉   | 18/26 [00:00<00:00, 85.99it/s, S=0.4142, loss=-0.2960]
Epoch 81/150 [train]:  69%|██████▉   | 18/26 [00:00<00:00, 85.99it/s, S=0.4242, loss=-0.3137]
Epoch 81/150 [train]:  69%|██████▉   | 18/26 [00:00<00:00, 85.99it/s, S=0.4229, loss=-0.3148]
Epoch 81/150 [train]:  69%|██████▉   | 18/26 [00:00<00:00, 85.99it/s, S=0.4143, loss=-0.2987]
                                                                                             
Epoch  81/150  train loss=-0.3027  val loss=-0.3002  S[mean]=0.4296  ζ=0.4559  mean_plane_ζ=0.3596  reg=0.1294  λscale=0.58  lr=4.77e-04

Epoch 82/150 [train]:   0%|          | 0/26 [00:00<?, ?it/s]
Epoch 82/150 [train]:   0%|          | 0/26 [00:00<?, ?it/s, S=0.4205, loss=-0.2975]
Epoch 82/150 [train]:   0%|          | 0/26 [00:00<?, ?it/s, S=0.4319, loss=-0.3134]
Epoch 82/150 [train]:   0%|          | 0/26 [00:00<?, ?it/s, S=0.4218, loss=-0.3058]
Epoch 82/150 [train]:   0%|          | 0/26 [00:00<?, ?it/s, S=0.4181, loss=-0.2794]
Epoch 82/150 [train]:   0%|          | 0/26 [00:00<?, ?it/s, S=0.4188, loss=-0.2895]
Epoch 82/150 [train]:   0%|          | 0/26 [00:00<?, ?it/s, S=0.4239, loss=-0.3042]
Epoch 82/150 [train]:   0%|          | 0/26 [00:00<?, ?it/s, S=0.4163, loss=-0.3017]
Epoch 82/150 [train]:   0%|          | 0/26 [00:00<?, ?it/s, S=0.4160, loss=-0.2994]
Epoch 82/150 [train]:   0%|          | 0/26 [00:00<?, ?it/s, S=0.4231, loss=-0.3104]
Epoch 82/150 [train]:  35%|███▍      | 9/26 [00:00<00:00, 85.95it/s, S=0.4231, loss=-0.3104]
Epoch 82/150 [train]:  35%|███▍      | 9/26 [00:00<00:00, 85.95it/s, S=0.4271, loss=-0.3090]
Epoch 82/150 [train]:  35%|███▍      | 9/26 [00:00<00:00, 85.95it/s, S=0.4227, loss=-0.3053]
Epoch 82/150 [train]:  35%|███▍      | 9/26 [00:00<00:00, 85.95it/s, S=0.4195, loss=-0.3032]
Epoch 82/150 [train]:  35%|███▍      | 9/26 [00:00<00:00, 85.95it/s, S=0.4256, loss=-0.3157]
Epoch 82/150 [train]:  35%|███▍      | 9/26 [00:00<00:00, 85.95it/s, S=0.4215, loss=-0.3037]
Epoch 82/150 [train]:  35%|███▍      | 9/26 [00:00<00:00, 85.95it/s, S=0.4234, loss=-0.3102]
Epoch 82/150 [train]:  35%|███▍      | 9/26 [00:00<00:00, 85.95it/s, S=0.4284, loss=-0.3196]
Epoch 82/150 [train]:  35%|███▍      | 9/26 [00:00<00:00, 85.95it/s, S=0.4250, loss=-0.3086]
Epoch 82/150 [train]:  35%|███▍      | 9/26 [00:00<00:00, 85.95it/s, S=0.4217, loss=-0.3056]
Epoch 82/150 [train]:  69%|██████▉   | 18/26 [00:00<00:00, 85.88it/s, S=0.4217, loss=-0.3056]
Epoch 82/150 [train]:  69%|██████▉   | 18/26 [00:00<00:00, 85.88it/s, S=0.4218, loss=-0.3084]
Epoch 82/150 [train]:  69%|██████▉   | 18/26 [00:00<00:00, 85.88it/s, S=0.4192, loss=-0.2780]
Epoch 82/150 [train]:  69%|██████▉   | 18/26 [00:00<00:00, 85.88it/s, S=0.4146, loss=-0.2928]
Epoch 82/150 [train]:  69%|██████▉   | 18/26 [00:00<00:00, 85.88it/s, S=0.4190, loss=-0.3072]
Epoch 82/150 [train]:  69%|██████▉   | 18/26 [00:00<00:00, 85.88it/s, S=0.4188, loss=-0.2865]
Epoch 82/150 [train]:  69%|██████▉   | 18/26 [00:00<00:00, 85.88it/s, S=0.4222, loss=-0.3080]
Epoch 82/150 [train]:  69%|██████▉   | 18/26 [00:00<00:00, 85.88it/s, S=0.4223, loss=-0.3094]
Epoch 82/150 [train]:  69%|██████▉   | 18/26 [00:00<00:00, 85.88it/s, S=0.4268, loss=-0.3136]
                                                                                             
Epoch  82/150  train loss=-0.3033  val loss=-0.3017  S[mean]=0.4309  ζ=0.4561  mean_plane_ζ=0.3598  reg=0.1292  λscale=0.59  lr=4.73e-04

Epoch 83/150 [train]:   0%|          | 0/26 [00:00<?, ?it/s]
Epoch 83/150 [train]:   0%|          | 0/26 [00:00<?, ?it/s, S=0.4181, loss=-0.2812]
Epoch 83/150 [train]:   0%|          | 0/26 [00:00<?, ?it/s, S=0.4271, loss=-0.3183]
Epoch 83/150 [train]:   0%|          | 0/26 [00:00<?, ?it/s, S=0.4229, loss=-0.3100]
Epoch 83/150 [train]:   0%|          | 0/26 [00:00<?, ?it/s, S=0.4276, loss=-0.3097]
Epoch 83/150 [train]:   0%|          | 0/26 [00:00<?, ?it/s, S=0.4265, loss=-0.3139]
Epoch 83/150 [train]:   0%|          | 0/26 [00:00<?, ?it/s, S=0.4243, loss=-0.3031]
Epoch 83/150 [train]:   0%|          | 0/26 [00:00<?, ?it/s, S=0.4288, loss=-0.3178]
Epoch 83/150 [train]:   0%|          | 0/26 [00:00<?, ?it/s, S=0.4144, loss=-0.2884]
Epoch 83/150 [train]:   0%|          | 0/26 [00:00<?, ?it/s, S=0.4168, loss=-0.3025]
Epoch 83/150 [train]:  35%|███▍      | 9/26 [00:00<00:00, 85.87it/s, S=0.4168, loss=-0.3025]
Epoch 83/150 [train]:  35%|███▍      | 9/26 [00:00<00:00, 85.87it/s, S=0.4252, loss=-0.3093]
Epoch 83/150 [train]:  35%|███▍      | 9/26 [00:00<00:00, 85.87it/s, S=0.4306, loss=-0.3207]
Epoch 83/150 [train]:  35%|███▍      | 9/26 [00:00<00:00, 85.87it/s, S=0.4242, loss=-0.3107]
Epoch 83/150 [train]:  35%|███▍      | 9/26 [00:00<00:00, 85.87it/s, S=0.4239, loss=-0.3007]
Epoch 83/150 [train]:  35%|███▍      | 9/26 [00:00<00:00, 85.87it/s, S=0.4117, loss=-0.2747]
Epoch 83/150 [train]:  35%|███▍      | 9/26 [00:00<00:00, 85.87it/s, S=0.4215, loss=-0.3051]
Epoch 83/150 [train]:  35%|███▍      | 9/26 [00:00<00:00, 85.87it/s, S=0.4197, loss=-0.3069]
Epoch 83/150 [train]:  35%|███▍      | 9/26 [00:00<00:00, 85.87it/s, S=0.4244, loss=-0.3096]
Epoch 83/150 [train]:  35%|███▍      | 9/26 [00:00<00:00, 85.87it/s, S=0.4202, loss=-0.3106]
Epoch 83/150 [train]:  69%|██████▉   | 18/26 [00:00<00:00, 86.17it/s, S=0.4202, loss=-0.3106]
Epoch 83/150 [train]:  69%|██████▉   | 18/26 [00:00<00:00, 86.17it/s, S=0.4273, loss=-0.3203]
Epoch 83/150 [train]:  69%|██████▉   | 18/26 [00:00<00:00, 86.17it/s, S=0.4204, loss=-0.3082]
Epoch 83/150 [train]:  69%|██████▉   | 18/26 [00:00<00:00, 86.17it/s, S=0.4208, loss=-0.3073]
Epoch 83/150 [train]:  69%|██████▉   | 18/26 [00:00<00:00, 86.17it/s, S=0.4216, loss=-0.3117]
Epoch 83/150 [train]:  69%|██████▉   | 18/26 [00:00<00:00, 86.17it/s, S=0.4243, loss=-0.3019]
Epoch 83/150 [train]:  69%|██████▉   | 18/26 [00:00<00:00, 86.17it/s, S=0.4225, loss=-0.3052]
Epoch 83/150 [train]:  69%|██████▉   | 18/26 [00:00<00:00, 86.17it/s, S=0.4169, loss=-0.2874]
Epoch 83/150 [train]:  69%|██████▉   | 18/26 [00:00<00:00, 86.17it/s, S=0.4284, loss=-0.3232]
                                                                                             
Epoch  83/150  train loss=-0.3061  val loss=-0.3038  S[mean]=0.4318  ζ=0.4566  mean_plane_ζ=0.3596  reg=0.1280  λscale=0.60  lr=4.68e-04

Epoch 84/150 [train]:   0%|          | 0/26 [00:00<?, ?it/s]
Epoch 84/150 [train]:   0%|          | 0/26 [00:00<?, ?it/s, S=0.4216, loss=-0.2890]
Epoch 84/150 [train]:   0%|          | 0/26 [00:00<?, ?it/s, S=0.4287, loss=-0.3068]
Epoch 84/150 [train]:   0%|          | 0/26 [00:00<?, ?it/s, S=0.4236, loss=-0.3090]
Epoch 84/150 [train]:   0%|          | 0/26 [00:00<?, ?it/s, S=0.4252, loss=-0.2982]
Epoch 84/150 [train]:   0%|          | 0/26 [00:00<?, ?it/s, S=0.4218, loss=-0.2983]
Epoch 84/150 [train]:   0%|          | 0/26 [00:00<?, ?it/s, S=0.4213, loss=-0.2959]
Epoch 84/150 [train]:   0%|          | 0/26 [00:00<?, ?it/s, S=0.4328, loss=-0.3235]
Epoch 84/150 [train]:   0%|          | 0/26 [00:00<?, ?it/s, S=0.4280, loss=-0.3117]
Epoch 84/150 [train]:   0%|          | 0/26 [00:00<?, ?it/s, S=0.4248, loss=-0.3111]
Epoch 84/150 [train]:  35%|███▍      | 9/26 [00:00<00:00, 85.82it/s, S=0.4248, loss=-0.3111]
Epoch 84/150 [train]:  35%|███▍      | 9/26 [00:00<00:00, 85.82it/s, S=0.4206, loss=-0.3054]
Epoch 84/150 [train]:  35%|███▍      | 9/26 [00:00<00:00, 85.82it/s, S=0.4266, loss=-0.3095]
Epoch 84/150 [train]:  35%|███▍      | 9/26 [00:00<00:00, 85.82it/s, S=0.4235, loss=-0.3063]
Epoch 84/150 [train]:  35%|███▍      | 9/26 [00:00<00:00, 85.82it/s, S=0.4194, loss=-0.3039]
Epoch 84/150 [train]:  35%|███▍      | 9/26 [00:00<00:00, 85.82it/s, S=0.4231, loss=-0.3096]
Epoch 84/150 [train]:  35%|███▍      | 9/26 [00:00<00:00, 85.82it/s, S=0.4205, loss=-0.2970]
Epoch 84/150 [train]:  35%|███▍      | 9/26 [00:00<00:00, 85.82it/s, S=0.4220, loss=-0.3036]
Epoch 84/150 [train]:  35%|███▍      | 9/26 [00:00<00:00, 85.82it/s, S=0.4189, loss=-0.3031]
Epoch 84/150 [train]:  35%|███▍      | 9/26 [00:00<00:00, 85.82it/s, S=0.4216, loss=-0.3089]
Epoch 84/150 [train]:  69%|██████▉   | 18/26 [00:00<00:00, 86.04it/s, S=0.4216, loss=-0.3089]
Epoch 84/150 [train]:  69%|██████▉   | 18/26 [00:00<00:00, 86.04it/s, S=0.4236, loss=-0.3072]
Epoch 84/150 [train]:  69%|██████▉   | 18/26 [00:00<00:00, 86.04it/s, S=0.4248, loss=-0.3126]
Epoch 84/150 [train]:  69%|██████▉   | 18/26 [00:00<00:00, 86.04it/s, S=0.4184, loss=-0.3021]
Epoch 84/150 [train]:  69%|██████▉   | 18/26 [00:00<00:00, 86.04it/s, S=0.4183, loss=-0.2987]
Epoch 84/150 [train]:  69%|██████▉   | 18/26 [00:00<00:00, 86.04it/s, S=0.4149, loss=-0.2875]
Epoch 84/150 [train]:  69%|██████▉   | 18/26 [00:00<00:00, 86.04it/s, S=0.4189, loss=-0.3036]
Epoch 84/150 [train]:  69%|██████▉   | 18/26 [00:00<00:00, 86.04it/s, S=0.4210, loss=-0.3030]
Epoch 84/150 [train]:  69%|██████▉   | 18/26 [00:00<00:00, 86.04it/s, S=0.4242, loss=-0.3098]
                                                                                             
Epoch  84/150  train loss=-0.3044  val loss=-0.3037  S[mean]=0.4311  ζ=0.4544  mean_plane_ζ=0.3582  reg=0.1274  λscale=0.60  lr=4.63e-04

Epoch 85/150 [train]:   0%|          | 0/26 [00:00<?, ?it/s]
Epoch 85/150 [train]:   0%|          | 0/26 [00:00<?, ?it/s, S=0.4151, loss=-0.2705]
Epoch 85/150 [train]:   0%|          | 0/26 [00:00<?, ?it/s, S=0.4204, loss=-0.3006]
Epoch 85/150 [train]:   0%|          | 0/26 [00:00<?, ?it/s, S=0.4312, loss=-0.3137]
Epoch 85/150 [train]:   0%|          | 0/26 [00:00<?, ?it/s, S=0.4317, loss=-0.3205]
Epoch 85/150 [train]:   0%|          | 0/26 [00:00<?, ?it/s, S=0.4273, loss=-0.3122]
Epoch 85/150 [train]:   0%|          | 0/26 [00:00<?, ?it/s, S=0.4291, loss=-0.3189]
Epoch 85/150 [train]:   0%|          | 0/26 [00:00<?, ?it/s, S=0.4344, loss=-0.3258]
Epoch 85/150 [train]:   0%|          | 0/26 [00:00<?, ?it/s, S=0.4232, loss=-0.3076]
Epoch 85/150 [train]:   0%|          | 0/26 [00:00<?, ?it/s, S=0.4289, loss=-0.3169]
Epoch 85/150 [train]:  35%|███▍      | 9/26 [00:00<00:00, 85.77it/s, S=0.4289, loss=-0.3169]
Epoch 85/150 [train]:  35%|███▍      | 9/26 [00:00<00:00, 85.77it/s, S=0.4261, loss=-0.3098]
Epoch 85/150 [train]:  35%|███▍      | 9/26 [00:00<00:00, 85.77it/s, S=0.4241, loss=-0.3120]
Epoch 85/150 [train]:  35%|███▍      | 9/26 [00:00<00:00, 85.77it/s, S=0.4158, loss=-0.2697]
Epoch 85/150 [train]:  35%|███▍      | 9/26 [00:00<00:00, 85.77it/s, S=0.4224, loss=-0.3074]
Epoch 85/150 [train]:  35%|███▍      | 9/26 [00:00<00:00, 85.77it/s, S=0.4201, loss=-0.3046]
Epoch 85/150 [train]:  35%|███▍      | 9/26 [00:00<00:00, 85.77it/s, S=0.4142, loss=-0.2873]
Epoch 85/150 [train]:  35%|███▍      | 9/26 [00:00<00:00, 85.77it/s, S=0.4233, loss=-0.3069]
Epoch 85/150 [train]:  35%|███▍      | 9/26 [00:00<00:00, 85.77it/s, S=0.4283, loss=-0.3019]
Epoch 85/150 [train]:  35%|███▍      | 9/26 [00:00<00:00, 85.77it/s, S=0.4241, loss=-0.3070]
Epoch 85/150 [train]:  69%|██████▉   | 18/26 [00:00<00:00, 85.95it/s, S=0.4241, loss=-0.3070]
Epoch 85/150 [train]:  69%|██████▉   | 18/26 [00:00<00:00, 85.95it/s, S=0.4211, loss=-0.2903]
Epoch 85/150 [train]:  69%|██████▉   | 18/26 [00:00<00:00, 85.95it/s, S=0.4226, loss=-0.3139]
Epoch 85/150 [train]:  69%|██████▉   | 18/26 [00:00<00:00, 85.95it/s, S=0.4235, loss=-0.3112]
Epoch 85/150 [train]:  69%|██████▉   | 18/26 [00:00<00:00, 85.95it/s, S=0.4169, loss=-0.2989]
Epoch 85/150 [train]:  69%|██████▉   | 18/26 [00:00<00:00, 85.95it/s, S=0.4138, loss=-0.3036]
Epoch 85/150 [train]:  69%|██████▉   | 18/26 [00:00<00:00, 85.95it/s, S=0.4231, loss=-0.3090]
Epoch 85/150 [train]:  69%|██████▉   | 18/26 [00:00<00:00, 85.95it/s, S=0.4170, loss=-0.3055]
Epoch 85/150 [train]:  69%|██████▉   | 18/26 [00:00<00:00, 85.95it/s, S=0.4192, loss=-0.2966]
                                                                                             
Epoch  85/150  train loss=-0.3047  val loss=-0.3013  S[mean]=0.4309  ζ=0.4552  mean_plane_ζ=0.3587  reg=0.1296  λscale=0.61  lr=4.58e-04

Epoch 86/150 [train]:   0%|          | 0/26 [00:00<?, ?it/s]
Epoch 86/150 [train]:   0%|          | 0/26 [00:00<?, ?it/s, S=0.4279, loss=-0.3182]
Epoch 86/150 [train]:   0%|          | 0/26 [00:00<?, ?it/s, S=0.4200, loss=-0.3068]
Epoch 86/150 [train]:   0%|          | 0/26 [00:00<?, ?it/s, S=0.4280, loss=-0.3132]
Epoch 86/150 [train]:   0%|          | 0/26 [00:00<?, ?it/s, S=0.4276, loss=-0.3197]
Epoch 86/150 [train]:   0%|          | 0/26 [00:00<?, ?it/s, S=0.4199, loss=-0.3064]
Epoch 86/150 [train]:   0%|          | 0/26 [00:00<?, ?it/s, S=0.4282, loss=-0.3083]
Epoch 86/150 [train]:   0%|          | 0/26 [00:00<?, ?it/s, S=0.4233, loss=-0.2969]
Epoch 86/150 [train]:   0%|          | 0/26 [00:00<?, ?it/s, S=0.4288, loss=-0.3147]
Epoch 86/150 [train]:   0%|          | 0/26 [00:00<?, ?it/s, S=0.4230, loss=-0.3070]
Epoch 86/150 [train]:  35%|███▍      | 9/26 [00:00<00:00, 86.05it/s, S=0.4230, loss=-0.3070]
Epoch 86/150 [train]:  35%|███▍      | 9/26 [00:00<00:00, 86.05it/s, S=0.4284, loss=-0.3126]
Epoch 86/150 [train]:  35%|███▍      | 9/26 [00:00<00:00, 86.05it/s, S=0.4252, loss=-0.3041]
Epoch 86/150 [train]:  35%|███▍      | 9/26 [00:00<00:00, 86.05it/s, S=0.4261, loss=-0.3127]
Epoch 86/150 [train]:  35%|███▍      | 9/26 [00:00<00:00, 86.05it/s, S=0.4229, loss=-0.3083]
Epoch 86/150 [train]:  35%|███▍      | 9/26 [00:00<00:00, 86.05it/s, S=0.4215, loss=-0.3070]
Epoch 86/150 [train]:  35%|███▍      | 9/26 [00:00<00:00, 86.05it/s, S=0.4210, loss=-0.3094]
Epoch 86/150 [train]:  35%|███▍      | 9/26 [00:00<00:00, 86.05it/s, S=0.4284, loss=-0.3066]
Epoch 86/150 [train]:  35%|███▍      | 9/26 [00:00<00:00, 86.05it/s, S=0.4202, loss=-0.3009]
Epoch 86/150 [train]:  35%|███▍      | 9/26 [00:00<00:00, 86.05it/s, S=0.4176, loss=-0.3020]
Epoch 86/150 [train]:  69%|██████▉   | 18/26 [00:00<00:00, 86.14it/s, S=0.4176, loss=-0.3020]
Epoch 86/150 [train]:  69%|██████▉   | 18/26 [00:00<00:00, 86.14it/s, S=0.4225, loss=-0.2840]
Epoch 86/150 [train]:  69%|██████▉   | 18/26 [00:00<00:00, 86.14it/s, S=0.4256, loss=-0.3089]
Epoch 86/150 [train]:  69%|██████▉   | 18/26 [00:00<00:00, 86.14it/s, S=0.4294, loss=-0.3076]
Epoch 86/150 [train]:  69%|██████▉   | 18/26 [00:00<00:00, 86.14it/s, S=0.4230, loss=-0.2990]
Epoch 86/150 [train]:  69%|██████▉   | 18/26 [00:00<00:00, 86.14it/s, S=0.4262, loss=-0.3130]
Epoch 86/150 [train]:  69%|██████▉   | 18/26 [00:00<00:00, 86.14it/s, S=0.4166, loss=-0.2990]
Epoch 86/150 [train]:  69%|██████▉   | 18/26 [00:00<00:00, 86.14it/s, S=0.4270, loss=-0.3112]
Epoch 86/150 [train]:  69%|██████▉   | 18/26 [00:00<00:00, 86.14it/s, S=0.4226, loss=-0.3039]
                                                                                             
Epoch  86/150  train loss=-0.3070  val loss=-0.3049  S[mean]=0.4321  ζ=0.4552  mean_plane_ζ=0.3583  reg=0.1272  λscale=0.61  lr=4.52e-04

Epoch 87/150 [train]:   0%|          | 0/26 [00:00<?, ?it/s]
Epoch 87/150 [train]:   0%|          | 0/26 [00:00<?, ?it/s, S=0.4214, loss=-0.3065]
Epoch 87/150 [train]:   0%|          | 0/26 [00:00<?, ?it/s, S=0.4318, loss=-0.3108]
Epoch 87/150 [train]:   0%|          | 0/26 [00:00<?, ?it/s, S=0.4294, loss=-0.3102]
Epoch 87/150 [train]:   0%|          | 0/26 [00:00<?, ?it/s, S=0.4240, loss=-0.3012]
Epoch 87/150 [train]:   0%|          | 0/26 [00:00<?, ?it/s, S=0.4142, loss=-0.2919]
Epoch 87/150 [train]:   0%|          | 0/26 [00:00<?, ?it/s, S=0.4202, loss=-0.3043]
Epoch 87/150 [train]:   0%|          | 0/26 [00:00<?, ?it/s, S=0.4227, loss=-0.3052]
Epoch 87/150 [train]:   0%|          | 0/26 [00:00<?, ?it/s, S=0.4283, loss=-0.3197]
Epoch 87/150 [train]:   0%|          | 0/26 [00:00<?, ?it/s, S=0.4191, loss=-0.3116]
Epoch 87/150 [train]:  35%|███▍      | 9/26 [00:00<00:00, 85.85it/s, S=0.4191, loss=-0.3116]
Epoch 87/150 [train]:  35%|███▍      | 9/26 [00:00<00:00, 85.85it/s, S=0.4298, loss=-0.3160]
Epoch 87/150 [train]:  35%|███▍      | 9/26 [00:00<00:00, 85.85it/s, S=0.4281, loss=-0.3166]
Epoch 87/150 [train]:  35%|███▍      | 9/26 [00:00<00:00, 85.85it/s, S=0.4246, loss=-0.3107]
Epoch 87/150 [train]:  35%|███▍      | 9/26 [00:00<00:00, 85.85it/s, S=0.4163, loss=-0.2887]
Epoch 87/150 [train]:  35%|███▍      | 9/26 [00:00<00:00, 85.85it/s, S=0.4281, loss=-0.3109]
Epoch 87/150 [train]:  35%|███▍      | 9/26 [00:00<00:00, 85.85it/s, S=0.4219, loss=-0.3071]
Epoch 87/150 [train]:  35%|███▍      | 9/26 [00:00<00:00, 85.85it/s, S=0.4277, loss=-0.3205]
Epoch 87/150 [train]:  35%|███▍      | 9/26 [00:00<00:00, 85.85it/s, S=0.4201, loss=-0.2997]
Epoch 87/150 [train]:  35%|███▍      | 9/26 [00:00<00:00, 85.85it/s, S=0.4210, loss=-0.3091]
Epoch 87/150 [train]:  69%|██████▉   | 18/26 [00:00<00:00, 86.05it/s, S=0.4210, loss=-0.3091]
Epoch 87/150 [train]:  69%|██████▉   | 18/26 [00:00<00:00, 86.05it/s, S=0.4251, loss=-0.3141]
Epoch 87/150 [train]:  69%|██████▉   | 18/26 [00:00<00:00, 86.05it/s, S=0.4331, loss=-0.3199]
Epoch 87/150 [train]:  69%|██████▉   | 18/26 [00:00<00:00, 86.05it/s, S=0.4273, loss=-0.3173]
Epoch 87/150 [train]:  69%|██████▉   | 18/26 [00:00<00:00, 86.05it/s, S=0.4300, loss=-0.3209]
Epoch 87/150 [train]:  69%|██████▉   | 18/26 [00:00<00:00, 86.05it/s, S=0.4274, loss=-0.3061]
Epoch 87/150 [train]:  69%|██████▉   | 18/26 [00:00<00:00, 86.05it/s, S=0.4237, loss=-0.3164]
Epoch 87/150 [train]:  69%|██████▉   | 18/26 [00:00<00:00, 86.05it/s, S=0.4168, loss=-0.3018]
Epoch 87/150 [train]:  69%|██████▉   | 18/26 [00:00<00:00, 86.05it/s, S=0.4184, loss=-0.3121]
                                                                                             
Epoch  87/150  train loss=-0.3096  val loss=-0.3062  S[mean]=0.4327  ζ=0.4557  mean_plane_ζ=0.3587  reg=0.1266  λscale=0.62  lr=4.46e-04

Epoch 88/150 [train]:   0%|          | 0/26 [00:00<?, ?it/s]
Epoch 88/150 [train]:   0%|          | 0/26 [00:00<?, ?it/s, S=0.4270, loss=-0.3170]
Epoch 88/150 [train]:   0%|          | 0/26 [00:00<?, ?it/s, S=0.4282, loss=-0.3168]
Epoch 88/150 [train]:   0%|          | 0/26 [00:00<?, ?it/s, S=0.4204, loss=-0.3110]
Epoch 88/150 [train]:   0%|          | 0/26 [00:00<?, ?it/s, S=0.4246, loss=-0.3145]
Epoch 88/150 [train]:   0%|          | 0/26 [00:00<?, ?it/s, S=0.4344, loss=-0.3284]
Epoch 88/150 [train]:   0%|          | 0/26 [00:00<?, ?it/s, S=0.4209, loss=-0.3065]
Epoch 88/150 [train]:   0%|          | 0/26 [00:00<?, ?it/s, S=0.4287, loss=-0.3086]
Epoch 88/150 [train]:   0%|          | 0/26 [00:00<?, ?it/s, S=0.4297, loss=-0.3230]
Epoch 88/150 [train]:   0%|          | 0/26 [00:00<?, ?it/s, S=0.4234, loss=-0.3116]
Epoch 88/150 [train]:  35%|███▍      | 9/26 [00:00<00:00, 85.61it/s, S=0.4234, loss=-0.3116]
Epoch 88/150 [train]:  35%|███▍      | 9/26 [00:00<00:00, 85.61it/s, S=0.4249, loss=-0.3080]
Epoch 88/150 [train]:  35%|███▍      | 9/26 [00:00<00:00, 85.61it/s, S=0.4266, loss=-0.3065]
Epoch 88/150 [train]:  35%|███▍      | 9/26 [00:00<00:00, 85.61it/s, S=0.4222, loss=-0.3116]
Epoch 88/150 [train]:  35%|███▍      | 9/26 [00:00<00:00, 85.61it/s, S=0.4296, loss=-0.3108]
Epoch 88/150 [train]:  35%|███▍      | 9/26 [00:00<00:00, 85.61it/s, S=0.4215, loss=-0.3015]
Epoch 88/150 [train]:  35%|███▍      | 9/26 [00:00<00:00, 85.61it/s, S=0.4200, loss=-0.3067]
Epoch 88/150 [train]:  35%|███▍      | 9/26 [00:00<00:00, 85.61it/s, S=0.4271, loss=-0.3111]
Epoch 88/150 [train]:  35%|███▍      | 9/26 [00:00<00:00, 85.61it/s, S=0.4216, loss=-0.2847]
Epoch 88/150 [train]:  35%|███▍      | 9/26 [00:00<00:00, 85.61it/s, S=0.4304, loss=-0.3164]
Epoch 88/150 [train]:  69%|██████▉   | 18/26 [00:00<00:00, 86.01it/s, S=0.4304, loss=-0.3164]
Epoch 88/150 [train]:  69%|██████▉   | 18/26 [00:00<00:00, 86.01it/s, S=0.4336, loss=-0.3285]
Epoch 88/150 [train]:  69%|██████▉   | 18/26 [00:00<00:00, 86.01it/s, S=0.4195, loss=-0.2968]
Epoch 88/150 [train]:  69%|██████▉   | 18/26 [00:00<00:00, 86.01it/s, S=0.4260, loss=-0.3114]
Epoch 88/150 [train]:  69%|██████▉   | 18/26 [00:00<00:00, 86.01it/s, S=0.4175, loss=-0.3052]
Epoch 88/150 [train]:  69%|██████▉   | 18/26 [00:00<00:00, 86.01it/s, S=0.4233, loss=-0.3030]
Epoch 88/150 [train]:  69%|██████▉   | 18/26 [00:00<00:00, 86.01it/s, S=0.4250, loss=-0.2999]
Epoch 88/150 [train]:  69%|██████▉   | 18/26 [00:00<00:00, 86.01it/s, S=0.4192, loss=-0.3019]
Epoch 88/150 [train]:  69%|██████▉   | 18/26 [00:00<00:00, 86.01it/s, S=0.4236, loss=-0.3029]
                                                                                             
Epoch  88/150  train loss=-0.3094  val loss=-0.3047  S[mean]=0.4324  ζ=0.4549  mean_plane_ζ=0.3578  reg=0.1277  λscale=0.63  lr=4.40e-04

Epoch 89/150 [train]:   0%|          | 0/26 [00:00<?, ?it/s]
Epoch 89/150 [train]:   0%|          | 0/26 [00:00<?, ?it/s, S=0.4314, loss=-0.3194]
Epoch 89/150 [train]:   0%|          | 0/26 [00:00<?, ?it/s, S=0.4243, loss=-0.3128]
Epoch 89/150 [train]:   0%|          | 0/26 [00:00<?, ?it/s, S=0.4226, loss=-0.3116]
Epoch 89/150 [train]:   0%|          | 0/26 [00:00<?, ?it/s, S=0.4263, loss=-0.3009]
Epoch 89/150 [train]:   0%|          | 0/26 [00:00<?, ?it/s, S=0.4277, loss=-0.3103]
Epoch 89/150 [train]:   0%|          | 0/26 [00:00<?, ?it/s, S=0.4295, loss=-0.3240]
Epoch 89/150 [train]:   0%|          | 0/26 [00:00<?, ?it/s, S=0.4192, loss=-0.2969]
Epoch 89/150 [train]:   0%|          | 0/26 [00:00<?, ?it/s, S=0.4300, loss=-0.3200]
Epoch 89/150 [train]:   0%|          | 0/26 [00:00<?, ?it/s, S=0.4254, loss=-0.3118]
Epoch 89/150 [train]:  35%|███▍      | 9/26 [00:00<00:00, 86.06it/s, S=0.4254, loss=-0.3118]
Epoch 89/150 [train]:  35%|███▍      | 9/26 [00:00<00:00, 86.06it/s, S=0.4216, loss=-0.2874]
Epoch 89/150 [train]:  35%|███▍      | 9/26 [00:00<00:00, 86.06it/s, S=0.4235, loss=-0.3037]
Epoch 89/150 [train]:  35%|███▍      | 9/26 [00:00<00:00, 86.06it/s, S=0.4183, loss=-0.2981]
Epoch 89/150 [train]:  35%|███▍      | 9/26 [00:00<00:00, 86.06it/s, S=0.4272, loss=-0.3195]
Epoch 89/150 [train]:  35%|███▍      | 9/26 [00:00<00:00, 86.06it/s, S=0.4330, loss=-0.3236]
Epoch 89/150 [train]:  35%|███▍      | 9/26 [00:00<00:00, 86.06it/s, S=0.4249, loss=-0.3183]
Epoch 89/150 [train]:  35%|███▍      | 9/26 [00:00<00:00, 86.06it/s, S=0.4219, loss=-0.3102]
Epoch 89/150 [train]:  35%|███▍      | 9/26 [00:00<00:00, 86.06it/s, S=0.4264, loss=-0.3059]
Epoch 89/150 [train]:  35%|███▍      | 9/26 [00:00<00:00, 86.06it/s, S=0.4275, loss=-0.3190]
Epoch 89/150 [train]:  69%|██████▉   | 18/26 [00:00<00:00, 86.09it/s, S=0.4275, loss=-0.3190]
Epoch 89/150 [train]:  69%|██████▉   | 18/26 [00:00<00:00, 86.09it/s, S=0.4208, loss=-0.3092]
Epoch 89/150 [train]:  69%|██████▉   | 18/26 [00:00<00:00, 86.09it/s, S=0.4258, loss=-0.3075]
Epoch 89/150 [train]:  69%|██████▉   | 18/26 [00:00<00:00, 86.09it/s, S=0.4264, loss=-0.3003]
Epoch 89/150 [train]:  69%|██████▉   | 18/26 [00:00<00:00, 86.09it/s, S=0.4306, loss=-0.3216]
Epoch 89/150 [train]:  69%|██████▉   | 18/26 [00:00<00:00, 86.09it/s, S=0.4247, loss=-0.3099]
Epoch 89/150 [train]:  69%|██████▉   | 18/26 [00:00<00:00, 86.09it/s, S=0.4214, loss=-0.3049]
Epoch 89/150 [train]:  69%|██████▉   | 18/26 [00:00<00:00, 86.09it/s, S=0.4237, loss=-0.3070]
Epoch 89/150 [train]:  69%|██████▉   | 18/26 [00:00<00:00, 86.09it/s, S=0.4127, loss=-0.3015]
                                                                                             
Epoch  89/150  train loss=-0.3098  val loss=-0.3047  S[mean]=0.4320  ζ=0.4531  mean_plane_ζ=0.3565  reg=0.1273  λscale=0.63  lr=4.34e-04

Epoch 90/150 [train]:   0%|          | 0/26 [00:00<?, ?it/s]
Epoch 90/150 [train]:   0%|          | 0/26 [00:00<?, ?it/s, S=0.4203, loss=-0.3034]
Epoch 90/150 [train]:   0%|          | 0/26 [00:00<?, ?it/s, S=0.4227, loss=-0.3163]
Epoch 90/150 [train]:   0%|          | 0/26 [00:00<?, ?it/s, S=0.4243, loss=-0.3078]
Epoch 90/150 [train]:   0%|          | 0/26 [00:00<?, ?it/s, S=0.4280, loss=-0.3094]
Epoch 90/150 [train]:   0%|          | 0/26 [00:00<?, ?it/s, S=0.4281, loss=-0.3089]
Epoch 90/150 [train]:   0%|          | 0/26 [00:00<?, ?it/s, S=0.4320, loss=-0.3199]
Epoch 90/150 [train]:   0%|          | 0/26 [00:00<?, ?it/s, S=0.4285, loss=-0.3136]
Epoch 90/150 [train]:   0%|          | 0/26 [00:00<?, ?it/s, S=0.4257, loss=-0.3095]
Epoch 90/150 [train]:   0%|          | 0/26 [00:00<?, ?it/s, S=0.4300, loss=-0.3218]
Epoch 90/150 [train]:  35%|███▍      | 9/26 [00:00<00:00, 85.66it/s, S=0.4300, loss=-0.3218]
Epoch 90/150 [train]:  35%|███▍      | 9/26 [00:00<00:00, 85.66it/s, S=0.4170, loss=-0.3003]
Epoch 90/150 [train]:  35%|███▍      | 9/26 [00:00<00:00, 85.66it/s, S=0.4277, loss=-0.3042]
Epoch 90/150 [train]:  35%|███▍      | 9/26 [00:00<00:00, 85.66it/s, S=0.4286, loss=-0.3113]
Epoch 90/150 [train]:  35%|███▍      | 9/26 [00:00<00:00, 85.66it/s, S=0.4207, loss=-0.2970]
Epoch 90/150 [train]:  35%|███▍      | 9/26 [00:00<00:00, 85.66it/s, S=0.4274, loss=-0.3213]
Epoch 90/150 [train]:  35%|███▍      | 9/26 [00:00<00:00, 85.66it/s, S=0.4253, loss=-0.3181]
Epoch 90/150 [train]:  35%|███▍      | 9/26 [00:00<00:00, 85.66it/s, S=0.4352, loss=-0.3167]
Epoch 90/150 [train]:  35%|███▍      | 9/26 [00:00<00:00, 85.66it/s, S=0.4215, loss=-0.3100]
Epoch 90/150 [train]:  35%|███▍      | 9/26 [00:00<00:00, 85.66it/s, S=0.4253, loss=-0.2996]
Epoch 90/150 [train]:  69%|██████▉   | 18/26 [00:00<00:00, 85.78it/s, S=0.4253, loss=-0.2996]
Epoch 90/150 [train]:  69%|██████▉   | 18/26 [00:00<00:00, 85.78it/s, S=0.4248, loss=-0.3002]
Epoch 90/150 [train]:  69%|██████▉   | 18/26 [00:00<00:00, 85.78it/s, S=0.4291, loss=-0.3162]
Epoch 90/150 [train]:  69%|██████▉   | 18/26 [00:00<00:00, 85.78it/s, S=0.4206, loss=-0.2980]
Epoch 90/150 [train]:  69%|██████▉   | 18/26 [00:00<00:00, 85.78it/s, S=0.4255, loss=-0.2899]
Epoch 90/150 [train]:  69%|██████▉   | 18/26 [00:00<00:00, 85.78it/s, S=0.4225, loss=-0.2947]
Epoch 90/150 [train]:  69%|██████▉   | 18/26 [00:00<00:00, 85.78it/s, S=0.4222, loss=-0.3056]
Epoch 90/150 [train]:  69%|██████▉   | 18/26 [00:00<00:00, 85.78it/s, S=0.4213, loss=-0.3051]
Epoch 90/150 [train]:  69%|██████▉   | 18/26 [00:00<00:00, 85.78it/s, S=0.4178, loss=-0.2852]
                                                                                             
Epoch  90/150  train loss=-0.3071  val loss=-0.3027  S[mean]=0.4319  ζ=0.4542  mean_plane_ζ=0.3575  reg=0.1292  λscale=0.64  lr=4.27e-04

Epoch 91/150 [train]:   0%|          | 0/26 [00:00<?, ?it/s]
Epoch 91/150 [train]:   0%|          | 0/26 [00:00<?, ?it/s, S=0.4250, loss=-0.3034]
Epoch 91/150 [train]:   0%|          | 0/26 [00:00<?, ?it/s, S=0.4207, loss=-0.3024]
Epoch 91/150 [train]:   0%|          | 0/26 [00:00<?, ?it/s, S=0.4279, loss=-0.3180]
Epoch 91/150 [train]:   0%|          | 0/26 [00:00<?, ?it/s, S=0.4251, loss=-0.3105]
Epoch 91/150 [train]:   0%|          | 0/26 [00:00<?, ?it/s, S=0.4284, loss=-0.3072]
Epoch 91/150 [train]:   0%|          | 0/26 [00:00<?, ?it/s, S=0.4274, loss=-0.3101]
Epoch 91/150 [train]:   0%|          | 0/26 [00:00<?, ?it/s, S=0.4219, loss=-0.2943]
Epoch 91/150 [train]:   0%|          | 0/26 [00:00<?, ?it/s, S=0.4309, loss=-0.3153]
Epoch 91/150 [train]:   0%|          | 0/26 [00:00<?, ?it/s, S=0.4228, loss=-0.3088]
Epoch 91/150 [train]:  35%|███▍      | 9/26 [00:00<00:00, 86.07it/s, S=0.4228, loss=-0.3088]
Epoch 91/150 [train]:  35%|███▍      | 9/26 [00:00<00:00, 86.07it/s, S=0.4301, loss=-0.3158]
Epoch 91/150 [train]:  35%|███▍      | 9/26 [00:00<00:00, 86.07it/s, S=0.4257, loss=-0.3146]
Epoch 91/150 [train]:  35%|███▍      | 9/26 [00:00<00:00, 86.07it/s, S=0.4309, loss=-0.3137]
Epoch 91/150 [train]:  35%|███▍      | 9/26 [00:00<00:00, 86.07it/s, S=0.4220, loss=-0.3002]
Epoch 91/150 [train]:  35%|███▍      | 9/26 [00:00<00:00, 86.07it/s, S=0.4253, loss=-0.3103]
Epoch 91/150 [train]:  35%|███▍      | 9/26 [00:00<00:00, 86.07it/s, S=0.4286, loss=-0.3163]
Epoch 91/150 [train]:  35%|███▍      | 9/26 [00:00<00:00, 86.07it/s, S=0.4293, loss=-0.3134]
Epoch 91/150 [train]:  35%|███▍      | 9/26 [00:00<00:00, 86.07it/s, S=0.4265, loss=-0.3148]
Epoch 91/150 [train]:  35%|███▍      | 9/26 [00:00<00:00, 86.07it/s, S=0.4255, loss=-0.3075]
Epoch 91/150 [train]:  69%|██████▉   | 18/26 [00:00<00:00, 86.16it/s, S=0.4255, loss=-0.3075]
Epoch 91/150 [train]:  69%|██████▉   | 18/26 [00:00<00:00, 86.16it/s, S=0.4233, loss=-0.3091]
Epoch 91/150 [train]:  69%|██████▉   | 18/26 [00:00<00:00, 86.16it/s, S=0.4231, loss=-0.2978]
Epoch 91/150 [train]:  69%|██████▉   | 18/26 [00:00<00:00, 86.16it/s, S=0.4239, loss=-0.3086]
Epoch 91/150 [train]:  69%|██████▉   | 18/26 [00:00<00:00, 86.16it/s, S=0.4314, loss=-0.3198]
Epoch 91/150 [train]:  69%|██████▉   | 18/26 [00:00<00:00, 86.16it/s, S=0.4317, loss=-0.3260]
Epoch 91/150 [train]:  69%|██████▉   | 18/26 [00:00<00:00, 86.16it/s, S=0.4302, loss=-0.3091]
Epoch 91/150 [train]:  69%|██████▉   | 18/26 [00:00<00:00, 86.16it/s, S=0.4162, loss=-0.3005]
Epoch 91/150 [train]:  69%|██████▉   | 18/26 [00:00<00:00, 86.16it/s, S=0.4217, loss=-0.3099]
                                                                                             
Epoch  91/150  train loss=-0.3099  val loss=-0.3068  S[mean]=0.4333  ζ=0.4549  mean_plane_ζ=0.3576  reg=0.1265  λscale=0.64  lr=4.20e-04

Epoch 92/150 [train]:   0%|          | 0/26 [00:00<?, ?it/s]
Epoch 92/150 [train]:   0%|          | 0/26 [00:00<?, ?it/s, S=0.4303, loss=-0.3214]
Epoch 92/150 [train]:   0%|          | 0/26 [00:00<?, ?it/s, S=0.4248, loss=-0.3106]
Epoch 92/150 [train]:   0%|          | 0/26 [00:00<?, ?it/s, S=0.4282, loss=-0.3114]
Epoch 92/150 [train]:   0%|          | 0/26 [00:00<?, ?it/s, S=0.4276, loss=-0.3127]
Epoch 92/150 [train]:   0%|          | 0/26 [00:00<?, ?it/s, S=0.4282, loss=-0.3125]
Epoch 92/150 [train]:   0%|          | 0/26 [00:00<?, ?it/s, S=0.4213, loss=-0.2949]
Epoch 92/150 [train]:   0%|          | 0/26 [00:00<?, ?it/s, S=0.4327, loss=-0.3241]
Epoch 92/150 [train]:   0%|          | 0/26 [00:00<?, ?it/s, S=0.4265, loss=-0.3044]
Epoch 92/150 [train]:   0%|          | 0/26 [00:00<?, ?it/s, S=0.4277, loss=-0.3157]
Epoch 92/150 [train]:  35%|███▍      | 9/26 [00:00<00:00, 85.92it/s, S=0.4277, loss=-0.3157]
Epoch 92/150 [train]:  35%|███▍      | 9/26 [00:00<00:00, 85.92it/s, S=0.4281, loss=-0.3216]
Epoch 92/150 [train]:  35%|███▍      | 9/26 [00:00<00:00, 85.92it/s, S=0.4176, loss=-0.3066]
Epoch 92/150 [train]:  35%|███▍      | 9/26 [00:00<00:00, 85.92it/s, S=0.4258, loss=-0.3203]
Epoch 92/150 [train]:  35%|███▍      | 9/26 [00:00<00:00, 85.92it/s, S=0.4209, loss=-0.3028]
Epoch 92/150 [train]:  35%|███▍      | 9/26 [00:00<00:00, 85.92it/s, S=0.4282, loss=-0.3138]
Epoch 92/150 [train]:  35%|███▍      | 9/26 [00:00<00:00, 85.92it/s, S=0.4267, loss=-0.3085]
Epoch 92/150 [train]:  35%|███▍      | 9/26 [00:00<00:00, 85.92it/s, S=0.4275, loss=-0.3015]
Epoch 92/150 [train]:  35%|███▍      | 9/26 [00:00<00:00, 85.92it/s, S=0.4257, loss=-0.3025]
Epoch 92/150 [train]:  35%|███▍      | 9/26 [00:00<00:00, 85.92it/s, S=0.4339, loss=-0.3218]
Epoch 92/150 [train]:  69%|██████▉   | 18/26 [00:00<00:00, 86.09it/s, S=0.4339, loss=-0.3218]
Epoch 92/150 [train]:  69%|██████▉   | 18/26 [00:00<00:00, 86.09it/s, S=0.4324, loss=-0.3258]
Epoch 92/150 [train]:  69%|██████▉   | 18/26 [00:00<00:00, 86.09it/s, S=0.4227, loss=-0.3042]
Epoch 92/150 [train]:  69%|██████▉   | 18/26 [00:00<00:00, 86.09it/s, S=0.4171, loss=-0.2951]
Epoch 92/150 [train]:  69%|██████▉   | 18/26 [00:00<00:00, 86.09it/s, S=0.4291, loss=-0.3188]
Epoch 92/150 [train]:  69%|██████▉   | 18/26 [00:00<00:00, 86.09it/s, S=0.4275, loss=-0.3113]
Epoch 92/150 [train]:  69%|██████▉   | 18/26 [00:00<00:00, 86.09it/s, S=0.4223, loss=-0.3011]
Epoch 92/150 [train]:  69%|██████▉   | 18/26 [00:00<00:00, 86.09it/s, S=0.4213, loss=-0.3041]
Epoch 92/150 [train]:  69%|██████▉   | 18/26 [00:00<00:00, 86.09it/s, S=0.4259, loss=-0.3055]
                                                                                             
Epoch  92/150  train loss=-0.3105  val loss=-0.3033  S[mean]=0.4322  ζ=0.4542  mean_plane_ζ=0.3578  reg=0.1289  λscale=0.65  lr=4.12e-04

Epoch 93/150 [train]:   0%|          | 0/26 [00:00<?, ?it/s]
Epoch 93/150 [train]:   0%|          | 0/26 [00:00<?, ?it/s, S=0.4242, loss=-0.3129]
Epoch 93/150 [train]:   0%|          | 0/26 [00:00<?, ?it/s, S=0.4266, loss=-0.3044]
Epoch 93/150 [train]:   0%|          | 0/26 [00:00<?, ?it/s, S=0.4227, loss=-0.2988]
Epoch 93/150 [train]:   0%|          | 0/26 [00:00<?, ?it/s, S=0.4389, loss=-0.3231]
Epoch 93/150 [train]:   0%|          | 0/26 [00:00<?, ?it/s, S=0.4293, loss=-0.3191]
Epoch 93/150 [train]:   0%|          | 0/26 [00:00<?, ?it/s, S=0.4137, loss=-0.2874]
Epoch 93/150 [train]:   0%|          | 0/26 [00:00<?, ?it/s, S=0.4231, loss=-0.3079]
Epoch 93/150 [train]:   0%|          | 0/26 [00:00<?, ?it/s, S=0.4315, loss=-0.3174]
Epoch 93/150 [train]:   0%|          | 0/26 [00:00<?, ?it/s, S=0.4221, loss=-0.3032]
Epoch 93/150 [train]:  35%|███▍      | 9/26 [00:00<00:00, 85.28it/s, S=0.4221, loss=-0.3032]
Epoch 93/150 [train]:  35%|███▍      | 9/26 [00:00<00:00, 85.28it/s, S=0.4269, loss=-0.3118]
Epoch 93/150 [train]:  35%|███▍      | 9/26 [00:00<00:00, 85.28it/s, S=0.4283, loss=-0.3166]
Epoch 93/150 [train]:  35%|███▍      | 9/26 [00:00<00:00, 85.28it/s, S=0.4248, loss=-0.3081]
Epoch 93/150 [train]:  35%|███▍      | 9/26 [00:00<00:00, 85.28it/s, S=0.4192, loss=-0.2857]
Epoch 93/150 [train]:  35%|███▍      | 9/26 [00:00<00:00, 85.28it/s, S=0.4286, loss=-0.3047]
Epoch 93/150 [train]:  35%|███▍      | 9/26 [00:00<00:00, 85.28it/s, S=0.4277, loss=-0.3191]
Epoch 93/150 [train]:  35%|███▍      | 9/26 [00:00<00:00, 85.28it/s, S=0.4262, loss=-0.3196]
Epoch 93/150 [train]:  35%|███▍      | 9/26 [00:00<00:00, 85.28it/s, S=0.4269, loss=-0.3185]
Epoch 93/150 [train]:  35%|███▍      | 9/26 [00:00<00:00, 85.28it/s, S=0.4306, loss=-0.3207]
Epoch 93/150 [train]:  69%|██████▉   | 18/26 [00:00<00:00, 85.85it/s, S=0.4306, loss=-0.3207]
Epoch 93/150 [train]:  69%|██████▉   | 18/26 [00:00<00:00, 85.85it/s, S=0.4265, loss=-0.3092]
Epoch 93/150 [train]:  69%|██████▉   | 18/26 [00:00<00:00, 85.85it/s, S=0.4301, loss=-0.3129]
Epoch 93/150 [train]:  69%|██████▉   | 18/26 [00:00<00:00, 85.85it/s, S=0.4301, loss=-0.3117]
Epoch 93/150 [train]:  69%|██████▉   | 18/26 [00:00<00:00, 85.85it/s, S=0.4227, loss=-0.3016]
Epoch 93/150 [train]:  69%|██████▉   | 18/26 [00:00<00:00, 85.85it/s, S=0.4264, loss=-0.3065]
Epoch 93/150 [train]:  69%|██████▉   | 18/26 [00:00<00:00, 85.85it/s, S=0.4205, loss=-0.3026]
Epoch 93/150 [train]:  69%|██████▉   | 18/26 [00:00<00:00, 85.85it/s, S=0.4248, loss=-0.3156]
Epoch 93/150 [train]:  69%|██████▉   | 18/26 [00:00<00:00, 85.85it/s, S=0.4241, loss=-0.3141]
                                                                                             
Epoch  93/150  train loss=-0.3097  val loss=-0.3050  S[mean]=0.4330  ζ=0.4532  mean_plane_ζ=0.3568  reg=0.1280  λscale=0.66  lr=4.05e-04

Epoch 94/150 [train]:   0%|          | 0/26 [00:00<?, ?it/s]
Epoch 94/150 [train]:   0%|          | 0/26 [00:00<?, ?it/s, S=0.4278, loss=-0.3057]
Epoch 94/150 [train]:   0%|          | 0/26 [00:00<?, ?it/s, S=0.4301, loss=-0.3246]
Epoch 94/150 [train]:   0%|          | 0/26 [00:00<?, ?it/s, S=0.4225, loss=-0.2938]
Epoch 94/150 [train]:   0%|          | 0/26 [00:00<?, ?it/s, S=0.4253, loss=-0.3020]
Epoch 94/150 [train]:   0%|          | 0/26 [00:00<?, ?it/s, S=0.4224, loss=-0.3119]
Epoch 94/150 [train]:   0%|          | 0/26 [00:00<?, ?it/s, S=0.4331, loss=-0.3244]
Epoch 94/150 [train]:   0%|          | 0/26 [00:00<?, ?it/s, S=0.4353, loss=-0.3250]
Epoch 94/150 [train]:   0%|          | 0/26 [00:00<?, ?it/s, S=0.4243, loss=-0.2973]
Epoch 94/150 [train]:   0%|          | 0/26 [00:00<?, ?it/s, S=0.4253, loss=-0.3182]
Epoch 94/150 [train]:  35%|███▍      | 9/26 [00:00<00:00, 85.90it/s, S=0.4253, loss=-0.3182]
Epoch 94/150 [train]:  35%|███▍      | 9/26 [00:00<00:00, 85.90it/s, S=0.4285, loss=-0.3132]
Epoch 94/150 [train]:  35%|███▍      | 9/26 [00:00<00:00, 85.90it/s, S=0.4179, loss=-0.2951]
Epoch 94/150 [train]:  35%|███▍      | 9/26 [00:00<00:00, 85.90it/s, S=0.4261, loss=-0.3184]
Epoch 94/150 [train]:  35%|███▍      | 9/26 [00:00<00:00, 85.90it/s, S=0.4261, loss=-0.2991]
Epoch 94/150 [train]:  35%|███▍      | 9/26 [00:00<00:00, 85.90it/s, S=0.4259, loss=-0.3119]
Epoch 94/150 [train]:  35%|███▍      | 9/26 [00:00<00:00, 85.90it/s, S=0.4264, loss=-0.3151]
Epoch 94/150 [train]:  35%|███▍      | 9/26 [00:00<00:00, 85.90it/s, S=0.4289, loss=-0.3099]
Epoch 94/150 [train]:  35%|███▍      | 9/26 [00:00<00:00, 85.90it/s, S=0.4230, loss=-0.3091]
Epoch 94/150 [train]:  35%|███▍      | 9/26 [00:00<00:00, 85.90it/s, S=0.4268, loss=-0.3150]
Epoch 94/150 [train]:  69%|██████▉   | 18/26 [00:00<00:00, 86.07it/s, S=0.4268, loss=-0.3150]
Epoch 94/150 [train]:  69%|██████▉   | 18/26 [00:00<00:00, 86.07it/s, S=0.4261, loss=-0.3159]
Epoch 94/150 [train]:  69%|██████▉   | 18/26 [00:00<00:00, 86.07it/s, S=0.4335, loss=-0.3224]
Epoch 94/150 [train]:  69%|██████▉   | 18/26 [00:00<00:00, 86.07it/s, S=0.4267, loss=-0.3138]
Epoch 94/150 [train]:  69%|██████▉   | 18/26 [00:00<00:00, 86.07it/s, S=0.4294, loss=-0.3178]
Epoch 94/150 [train]:  69%|██████▉   | 18/26 [00:00<00:00, 86.07it/s, S=0.4171, loss=-0.2888]
Epoch 94/150 [train]:  69%|██████▉   | 18/26 [00:00<00:00, 86.07it/s, S=0.4301, loss=-0.3199]
Epoch 94/150 [train]:  69%|██████▉   | 18/26 [00:00<00:00, 86.07it/s, S=0.4246, loss=-0.3103]
Epoch 94/150 [train]:  69%|██████▉   | 18/26 [00:00<00:00, 86.07it/s, S=0.4276, loss=-0.3127]
                                                                                             
Epoch  94/150  train loss=-0.3112  val loss=-0.3063  S[mean]=0.4326  ζ=0.4533  mean_plane_ζ=0.3568  reg=0.1262  λscale=0.66  lr=3.97e-04

Epoch 95/150 [train]:   0%|          | 0/26 [00:00<?, ?it/s]
Epoch 95/150 [train]:   0%|          | 0/26 [00:00<?, ?it/s, S=0.4303, loss=-0.3218]
Epoch 95/150 [train]:   0%|          | 0/26 [00:00<?, ?it/s, S=0.4321, loss=-0.3183]
Epoch 95/150 [train]:   0%|          | 0/26 [00:00<?, ?it/s, S=0.4202, loss=-0.3004]
Epoch 95/150 [train]:   0%|          | 0/26 [00:00<?, ?it/s, S=0.4257, loss=-0.3091]
Epoch 95/150 [train]:   0%|          | 0/26 [00:00<?, ?it/s, S=0.4266, loss=-0.3170]
Epoch 95/150 [train]:   0%|          | 0/26 [00:00<?, ?it/s, S=0.4233, loss=-0.3045]
Epoch 95/150 [train]:   0%|          | 0/26 [00:00<?, ?it/s, S=0.4293, loss=-0.3198]
Epoch 95/150 [train]:   0%|          | 0/26 [00:00<?, ?it/s, S=0.4307, loss=-0.3189]
Epoch 95/150 [train]:   0%|          | 0/26 [00:00<?, ?it/s, S=0.4295, loss=-0.3113]
Epoch 95/150 [train]:  35%|███▍      | 9/26 [00:00<00:00, 85.81it/s, S=0.4295, loss=-0.3113]
Epoch 95/150 [train]:  35%|███▍      | 9/26 [00:00<00:00, 85.81it/s, S=0.4270, loss=-0.3176]
Epoch 95/150 [train]:  35%|███▍      | 9/26 [00:00<00:00, 85.81it/s, S=0.4346, loss=-0.3177]
Epoch 95/150 [train]:  35%|███▍      | 9/26 [00:00<00:00, 85.81it/s, S=0.4273, loss=-0.3111]
Epoch 95/150 [train]:  35%|███▍      | 9/26 [00:00<00:00, 85.81it/s, S=0.4198, loss=-0.2944]
Epoch 95/150 [train]:  35%|███▍      | 9/26 [00:00<00:00, 85.81it/s, S=0.4301, loss=-0.3083]
Epoch 95/150 [train]:  35%|███▍      | 9/26 [00:00<00:00, 85.81it/s, S=0.4299, loss=-0.3136]
Epoch 95/150 [train]:  35%|███▍      | 9/26 [00:00<00:00, 85.81it/s, S=0.4229, loss=-0.2948]
Epoch 95/150 [train]:  35%|███▍      | 9/26 [00:00<00:00, 85.81it/s, S=0.4279, loss=-0.3046]
Epoch 95/150 [train]:  35%|███▍      | 9/26 [00:00<00:00, 85.81it/s, S=0.4298, loss=-0.3234]
Epoch 95/150 [train]:  69%|██████▉   | 18/26 [00:00<00:00, 86.17it/s, S=0.4298, loss=-0.3234]
Epoch 95/150 [train]:  69%|██████▉   | 18/26 [00:00<00:00, 86.17it/s, S=0.4221, loss=-0.3014]
Epoch 95/150 [train]:  69%|██████▉   | 18/26 [00:00<00:00, 86.17it/s, S=0.4255, loss=-0.3021]
Epoch 95/150 [train]:  69%|██████▉   | 18/26 [00:00<00:00, 86.17it/s, S=0.4251, loss=-0.3062]
Epoch 95/150 [train]:  69%|██████▉   | 18/26 [00:00<00:00, 86.17it/s, S=0.4190, loss=-0.2870]
Epoch 95/150 [train]:  69%|██████▉   | 18/26 [00:00<00:00, 86.17it/s, S=0.4168, loss=-0.2922]
Epoch 95/150 [train]:  69%|██████▉   | 18/26 [00:00<00:00, 86.17it/s, S=0.4313, loss=-0.3131]
Epoch 95/150 [train]:  69%|██████▉   | 18/26 [00:00<00:00, 86.17it/s, S=0.4174, loss=-0.3049]
Epoch 95/150 [train]:  69%|██████▉   | 18/26 [00:00<00:00, 86.17it/s, S=0.4279, loss=-0.3172]
                                                                                             
Epoch  95/150  train loss=-0.3089  val loss=-0.3091  S[mean]=0.4337  ζ=0.4530  mean_plane_ζ=0.3561  reg=0.1246  λscale=0.67  lr=3.89e-04

Epoch 96/150 [train]:   0%|          | 0/26 [00:00<?, ?it/s]
Epoch 96/150 [train]:   0%|          | 0/26 [00:00<?, ?it/s, S=0.4304, loss=-0.3266]
Epoch 96/150 [train]:   0%|          | 0/26 [00:00<?, ?it/s, S=0.4238, loss=-0.3142]
Epoch 96/150 [train]:   0%|          | 0/26 [00:00<?, ?it/s, S=0.4262, loss=-0.3032]
Epoch 96/150 [train]:   0%|          | 0/26 [00:00<?, ?it/s, S=0.4339, loss=-0.3286]
Epoch 96/150 [train]:   0%|          | 0/26 [00:00<?, ?it/s, S=0.4289, loss=-0.3147]
Epoch 96/150 [train]:   0%|          | 0/26 [00:00<?, ?it/s, S=0.4239, loss=-0.3130]
Epoch 96/150 [train]:   0%|          | 0/26 [00:00<?, ?it/s, S=0.4207, loss=-0.2924]
Epoch 96/150 [train]:   0%|          | 0/26 [00:00<?, ?it/s, S=0.4212, loss=-0.2889]
Epoch 96/150 [train]:   0%|          | 0/26 [00:00<?, ?it/s, S=0.4249, loss=-0.3060]
Epoch 96/150 [train]:  35%|███▍      | 9/26 [00:00<00:00, 86.11it/s, S=0.4249, loss=-0.3060]
Epoch 96/150 [train]:  35%|███▍      | 9/26 [00:00<00:00, 86.11it/s, S=0.4290, loss=-0.3139]
Epoch 96/150 [train]:  35%|███▍      | 9/26 [00:00<00:00, 86.11it/s, S=0.4315, loss=-0.3223]
Epoch 96/150 [train]:  35%|███▍      | 9/26 [00:00<00:00, 86.11it/s, S=0.4188, loss=-0.3027]
Epoch 96/150 [train]:  35%|███▍      | 9/26 [00:00<00:00, 86.11it/s, S=0.4232, loss=-0.3074]
Epoch 96/150 [train]:  35%|███▍      | 9/26 [00:00<00:00, 86.11it/s, S=0.4319, loss=-0.3132]
Epoch 96/150 [train]:  35%|███▍      | 9/26 [00:00<00:00, 86.11it/s, S=0.4296, loss=-0.3160]
Epoch 96/150 [train]:  35%|███▍      | 9/26 [00:00<00:00, 86.11it/s, S=0.4237, loss=-0.2901]
Epoch 96/150 [train]:  35%|███▍      | 9/26 [00:00<00:00, 86.11it/s, S=0.4255, loss=-0.3166]
Epoch 96/150 [train]:  35%|███▍      | 9/26 [00:00<00:00, 86.11it/s, S=0.4213, loss=-0.2987]
Epoch 96/150 [train]:  69%|██████▉   | 18/26 [00:00<00:00, 86.08it/s, S=0.4213, loss=-0.2987]
Epoch 96/150 [train]:  69%|██████▉   | 18/26 [00:00<00:00, 86.08it/s, S=0.4270, loss=-0.3170]
Epoch 96/150 [train]:  69%|██████▉   | 18/26 [00:00<00:00, 86.08it/s, S=0.4272, loss=-0.3194]
Epoch 96/150 [train]:  69%|██████▉   | 18/26 [00:00<00:00, 86.08it/s, S=0.4231, loss=-0.3089]
Epoch 96/150 [train]:  69%|██████▉   | 18/26 [00:00<00:00, 86.08it/s, S=0.4220, loss=-0.3051]
Epoch 96/150 [train]:  69%|██████▉   | 18/26 [00:00<00:00, 86.08it/s, S=0.4270, loss=-0.3128]
Epoch 96/150 [train]:  69%|██████▉   | 18/26 [00:00<00:00, 86.08it/s, S=0.4294, loss=-0.3140]
Epoch 96/150 [train]:  69%|██████▉   | 18/26 [00:00<00:00, 86.08it/s, S=0.4153, loss=-0.2955]
Epoch 96/150 [train]:  69%|██████▉   | 18/26 [00:00<00:00, 86.08it/s, S=0.4263, loss=-0.3172]
                                                                                             
Epoch  96/150  train loss=-0.3099  val loss=-0.3080  S[mean]=0.4326  ζ=0.4522  mean_plane_ζ=0.3557  reg=0.1245  λscale=0.67  lr=3.81e-04

Epoch 97/150 [train]:   0%|          | 0/26 [00:00<?, ?it/s]
Epoch 97/150 [train]:   0%|          | 0/26 [00:00<?, ?it/s, S=0.4311, loss=-0.3213]
Epoch 97/150 [train]:   0%|          | 0/26 [00:00<?, ?it/s, S=0.4250, loss=-0.3182]
Epoch 97/150 [train]:   0%|          | 0/26 [00:00<?, ?it/s, S=0.4290, loss=-0.3125]
Epoch 97/150 [train]:   0%|          | 0/26 [00:00<?, ?it/s, S=0.4264, loss=-0.3070]
Epoch 97/150 [train]:   0%|          | 0/26 [00:00<?, ?it/s, S=0.4301, loss=-0.3156]
Epoch 97/150 [train]:   0%|          | 0/26 [00:00<?, ?it/s, S=0.4301, loss=-0.3212]
Epoch 97/150 [train]:   0%|          | 0/26 [00:00<?, ?it/s, S=0.4335, loss=-0.3286]
Epoch 97/150 [train]:   0%|          | 0/26 [00:00<?, ?it/s, S=0.4297, loss=-0.3165]
Epoch 97/150 [train]:   0%|          | 0/26 [00:00<?, ?it/s, S=0.4244, loss=-0.3123]
Epoch 97/150 [train]:  35%|███▍      | 9/26 [00:00<00:00, 86.17it/s, S=0.4244, loss=-0.3123]
Epoch 97/150 [train]:  35%|███▍      | 9/26 [00:00<00:00, 86.17it/s, S=0.4247, loss=-0.3071]
Epoch 97/150 [train]:  35%|███▍      | 9/26 [00:00<00:00, 86.17it/s, S=0.4177, loss=-0.2849]
Epoch 97/150 [train]:  35%|███▍      | 9/26 [00:00<00:00, 86.17it/s, S=0.4230, loss=-0.3014]
Epoch 97/150 [train]:  35%|███▍      | 9/26 [00:00<00:00, 86.17it/s, S=0.4293, loss=-0.3162]
Epoch 97/150 [train]:  35%|███▍      | 9/26 [00:00<00:00, 86.17it/s, S=0.4269, loss=-0.3164]
Epoch 97/150 [train]:  35%|███▍      | 9/26 [00:00<00:00, 86.17it/s, S=0.4278, loss=-0.3149]
Epoch 97/150 [train]:  35%|███▍      | 9/26 [00:00<00:00, 86.17it/s, S=0.4268, loss=-0.3098]
Epoch 97/150 [train]:  35%|███▍      | 9/26 [00:00<00:00, 86.17it/s, S=0.4299, loss=-0.3125]
Epoch 97/150 [train]:  35%|███▍      | 9/26 [00:00<00:00, 86.17it/s, S=0.4220, loss=-0.2908]
Epoch 97/150 [train]:  69%|██████▉   | 18/26 [00:00<00:00, 86.28it/s, S=0.4220, loss=-0.2908]
Epoch 97/150 [train]:  69%|██████▉   | 18/26 [00:00<00:00, 86.28it/s, S=0.4269, loss=-0.3189]
Epoch 97/150 [train]:  69%|██████▉   | 18/26 [00:00<00:00, 86.28it/s, S=0.4258, loss=-0.3135]
Epoch 97/150 [train]:  69%|██████▉   | 18/26 [00:00<00:00, 86.28it/s, S=0.4293, loss=-0.3080]
Epoch 97/150 [train]:  69%|██████▉   | 18/26 [00:00<00:00, 86.28it/s, S=0.4301, loss=-0.3197]
Epoch 97/150 [train]:  69%|██████▉   | 18/26 [00:00<00:00, 86.28it/s, S=0.4303, loss=-0.3203]
Epoch 97/150 [train]:  69%|██████▉   | 18/26 [00:00<00:00, 86.28it/s, S=0.4291, loss=-0.3227]
Epoch 97/150 [train]:  69%|██████▉   | 18/26 [00:00<00:00, 86.28it/s, S=0.4238, loss=-0.3077]
Epoch 97/150 [train]:  69%|██████▉   | 18/26 [00:00<00:00, 86.28it/s, S=0.4192, loss=-0.3017]
                                                                                             
Epoch  97/150  train loss=-0.3123  val loss=-0.3085  S[mean]=0.4335  ζ=0.4538  mean_plane_ζ=0.3567  reg=0.1250  λscale=0.68  lr=3.72e-04

Epoch 98/150 [train]:   0%|          | 0/26 [00:00<?, ?it/s]
Epoch 98/150 [train]:   0%|          | 0/26 [00:00<?, ?it/s, S=0.4350, loss=-0.3243]
Epoch 98/150 [train]:   0%|          | 0/26 [00:00<?, ?it/s, S=0.4310, loss=-0.3150]
Epoch 98/150 [train]:   0%|          | 0/26 [00:00<?, ?it/s, S=0.4201, loss=-0.3113]
Epoch 98/150 [train]:   0%|          | 0/26 [00:00<?, ?it/s, S=0.4332, loss=-0.3225]
Epoch 98/150 [train]:   0%|          | 0/26 [00:00<?, ?it/s, S=0.4284, loss=-0.3208]
Epoch 98/150 [train]:   0%|          | 0/26 [00:00<?, ?it/s, S=0.4290, loss=-0.3180]
Epoch 98/150 [train]:   0%|          | 0/26 [00:00<?, ?it/s, S=0.4251, loss=-0.3095]
Epoch 98/150 [train]:   0%|          | 0/26 [00:00<?, ?it/s, S=0.4343, loss=-0.3295]
Epoch 98/150 [train]:   0%|          | 0/26 [00:00<?, ?it/s, S=0.4281, loss=-0.3149]
Epoch 98/150 [train]:  35%|███▍      | 9/26 [00:00<00:00, 85.96it/s, S=0.4281, loss=-0.3149]
Epoch 98/150 [train]:  35%|███▍      | 9/26 [00:00<00:00, 85.96it/s, S=0.4272, loss=-0.3174]
Epoch 98/150 [train]:  35%|███▍      | 9/26 [00:00<00:00, 85.96it/s, S=0.4160, loss=-0.2985]
Epoch 98/150 [train]:  35%|███▍      | 9/26 [00:00<00:00, 85.96it/s, S=0.4286, loss=-0.3044]
Epoch 98/150 [train]:  35%|███▍      | 9/26 [00:00<00:00, 85.96it/s, S=0.4300, loss=-0.3182]
Epoch 98/150 [train]:  35%|███▍      | 9/26 [00:00<00:00, 85.96it/s, S=0.4279, loss=-0.3097]
Epoch 98/150 [train]:  35%|███▍      | 9/26 [00:00<00:00, 85.96it/s, S=0.4263, loss=-0.3196]
Epoch 98/150 [train]:  35%|███▍      | 9/26 [00:00<00:00, 85.96it/s, S=0.4213, loss=-0.3148]
Epoch 98/150 [train]:  35%|███▍      | 9/26 [00:00<00:00, 85.96it/s, S=0.4324, loss=-0.3072]
Epoch 98/150 [train]:  35%|███▍      | 9/26 [00:00<00:00, 85.96it/s, S=0.4287, loss=-0.3225]
Epoch 98/150 [train]:  69%|██████▉   | 18/26 [00:00<00:00, 86.23it/s, S=0.4287, loss=-0.3225]
Epoch 98/150 [train]:  69%|██████▉   | 18/26 [00:00<00:00, 86.23it/s, S=0.4195, loss=-0.2895]
Epoch 98/150 [train]:  69%|██████▉   | 18/26 [00:00<00:00, 86.23it/s, S=0.4184, loss=-0.3095]
Epoch 98/150 [train]:  69%|██████▉   | 18/26 [00:00<00:00, 86.23it/s, S=0.4269, loss=-0.3156]
Epoch 98/150 [train]:  69%|██████▉   | 18/26 [00:00<00:00, 86.23it/s, S=0.4310, loss=-0.3159]
Epoch 98/150 [train]:  69%|██████▉   | 18/26 [00:00<00:00, 86.23it/s, S=0.4311, loss=-0.3174]
Epoch 98/150 [train]:  69%|██████▉   | 18/26 [00:00<00:00, 86.23it/s, S=0.4317, loss=-0.3263]
Epoch 98/150 [train]:  69%|██████▉   | 18/26 [00:00<00:00, 86.23it/s, S=0.4356, loss=-0.3297]
Epoch 98/150 [train]:  69%|██████▉   | 18/26 [00:00<00:00, 86.23it/s, S=0.4210, loss=-0.3050]
                                                                                             
Epoch  98/150  train loss=-0.3149  val loss=-0.3084  S[mean]=0.4340  ζ=0.4537  mean_plane_ζ=0.3566  reg=0.1256  λscale=0.69  lr=3.63e-04

Epoch 99/150 [train]:   0%|          | 0/26 [00:00<?, ?it/s]
Epoch 99/150 [train]:   0%|          | 0/26 [00:00<?, ?it/s, S=0.4254, loss=-0.3123]
Epoch 99/150 [train]:   0%|          | 0/26 [00:00<?, ?it/s, S=0.4317, loss=-0.3186]
Epoch 99/150 [train]:   0%|          | 0/26 [00:00<?, ?it/s, S=0.4275, loss=-0.3124]
Epoch 99/150 [train]:   0%|          | 0/26 [00:00<?, ?it/s, S=0.4264, loss=-0.3171]
Epoch 99/150 [train]:   0%|          | 0/26 [00:00<?, ?it/s, S=0.4317, loss=-0.3254]
Epoch 99/150 [train]:   0%|          | 0/26 [00:00<?, ?it/s, S=0.4272, loss=-0.3077]
Epoch 99/150 [train]:   0%|          | 0/26 [00:00<?, ?it/s, S=0.4320, loss=-0.3258]
Epoch 99/150 [train]:   0%|          | 0/26 [00:00<?, ?it/s, S=0.4228, loss=-0.3185]
Epoch 99/150 [train]:   0%|          | 0/26 [00:00<?, ?it/s, S=0.4213, loss=-0.2964]
Epoch 99/150 [train]:  35%|███▍      | 9/26 [00:00<00:00, 85.92it/s, S=0.4213, loss=-0.2964]
Epoch 99/150 [train]:  35%|███▍      | 9/26 [00:00<00:00, 85.92it/s, S=0.4323, loss=-0.3250]
Epoch 99/150 [train]:  35%|███▍      | 9/26 [00:00<00:00, 85.92it/s, S=0.4361, loss=-0.3240]
Epoch 99/150 [train]:  35%|███▍      | 9/26 [00:00<00:00, 85.92it/s, S=0.4309, loss=-0.3133]
Epoch 99/150 [train]:  35%|███▍      | 9/26 [00:00<00:00, 85.92it/s, S=0.4243, loss=-0.3055]
Epoch 99/150 [train]:  35%|███▍      | 9/26 [00:00<00:00, 85.92it/s, S=0.4257, loss=-0.3203]
Epoch 99/150 [train]:  35%|███▍      | 9/26 [00:00<00:00, 85.92it/s, S=0.4254, loss=-0.3174]
Epoch 99/150 [train]:  35%|███▍      | 9/26 [00:00<00:00, 85.92it/s, S=0.4310, loss=-0.3239]
Epoch 99/150 [train]:  35%|███▍      | 9/26 [00:00<00:00, 85.92it/s, S=0.4308, loss=-0.3157]
Epoch 99/150 [train]:  35%|███▍      | 9/26 [00:00<00:00, 85.92it/s, S=0.4329, loss=-0.3192]
Epoch 99/150 [train]:  69%|██████▉   | 18/26 [00:00<00:00, 86.19it/s, S=0.4329, loss=-0.3192]
Epoch 99/150 [train]:  69%|██████▉   | 18/26 [00:00<00:00, 86.19it/s, S=0.4258, loss=-0.3162]
Epoch 99/150 [train]:  69%|██████▉   | 18/26 [00:00<00:00, 86.19it/s, S=0.4195, loss=-0.2906]
Epoch 99/150 [train]:  69%|██████▉   | 18/26 [00:00<00:00, 86.19it/s, S=0.4267, loss=-0.3236]
Epoch 99/150 [train]:  69%|██████▉   | 18/26 [00:00<00:00, 86.19it/s, S=0.4214, loss=-0.2913]
Epoch 99/150 [train]:  69%|██████▉   | 18/26 [00:00<00:00, 86.19it/s, S=0.4366, loss=-0.3252]
Epoch 99/150 [train]:  69%|██████▉   | 18/26 [00:00<00:00, 86.19it/s, S=0.4189, loss=-0.3022]
Epoch 99/150 [train]:  69%|██████▉   | 18/26 [00:00<00:00, 86.19it/s, S=0.4219, loss=-0.3078]
Epoch 99/150 [train]:  69%|██████▉   | 18/26 [00:00<00:00, 86.19it/s, S=0.4248, loss=-0.3119]
                                                                                             
Epoch  99/150  train loss=-0.3141  val loss=-0.3072  S[mean]=0.4335  ζ=0.4533  mean_plane_ζ=0.3563  reg=0.1263  λscale=0.69  lr=3.55e-04

Epoch 100/150 [train]:   0%|          | 0/26 [00:00<?, ?it/s]
Epoch 100/150 [train]:   0%|          | 0/26 [00:00<?, ?it/s, S=0.4287, loss=-0.3209]
Epoch 100/150 [train]:   0%|          | 0/26 [00:00<?, ?it/s, S=0.4208, loss=-0.3035]
Epoch 100/150 [train]:   0%|          | 0/26 [00:00<?, ?it/s, S=0.4297, loss=-0.3264]
Epoch 100/150 [train]:   0%|          | 0/26 [00:00<?, ?it/s, S=0.4226, loss=-0.3050]
Epoch 100/150 [train]:   0%|          | 0/26 [00:00<?, ?it/s, S=0.4299, loss=-0.3164]
Epoch 100/150 [train]:   0%|          | 0/26 [00:00<?, ?it/s, S=0.4295, loss=-0.3164]
Epoch 100/150 [train]:   0%|          | 0/26 [00:00<?, ?it/s, S=0.4305, loss=-0.3202]
Epoch 100/150 [train]:   0%|          | 0/26 [00:00<?, ?it/s, S=0.4191, loss=-0.3123]
Epoch 100/150 [train]:   0%|          | 0/26 [00:00<?, ?it/s, S=0.4317, loss=-0.3235]
Epoch 100/150 [train]:  35%|███▍      | 9/26 [00:00<00:00, 85.86it/s, S=0.4317, loss=-0.3235]
Epoch 100/150 [train]:  35%|███▍      | 9/26 [00:00<00:00, 85.86it/s, S=0.4233, loss=-0.3040]
Epoch 100/150 [train]:  35%|███▍      | 9/26 [00:00<00:00, 85.86it/s, S=0.4259, loss=-0.3190]
Epoch 100/150 [train]:  35%|███▍      | 9/26 [00:00<00:00, 85.86it/s, S=0.4272, loss=-0.3192]
Epoch 100/150 [train]:  35%|███▍      | 9/26 [00:00<00:00, 85.86it/s, S=0.4264, loss=-0.2945]
Epoch 100/150 [train]:  35%|███▍      | 9/26 [00:00<00:00, 85.86it/s, S=0.4232, loss=-0.2957]
Epoch 100/150 [train]:  35%|███▍      | 9/26 [00:00<00:00, 85.86it/s, S=0.4325, loss=-0.3267]
Epoch 100/150 [train]:  35%|███▍      | 9/26 [00:00<00:00, 85.86it/s, S=0.4311, loss=-0.3216]
Epoch 100/150 [train]:  35%|███▍      | 9/26 [00:00<00:00, 85.86it/s, S=0.4351, loss=-0.3125]
Epoch 100/150 [train]:  35%|███▍      | 9/26 [00:00<00:00, 85.86it/s, S=0.4209, loss=-0.3035]
Epoch 100/150 [train]:  69%|██████▉   | 18/26 [00:00<00:00, 86.08it/s, S=0.4209, loss=-0.3035]
Epoch 100/150 [train]:  69%|██████▉   | 18/26 [00:00<00:00, 86.08it/s, S=0.4281, loss=-0.3188]
Epoch 100/150 [train]:  69%|██████▉   | 18/26 [00:00<00:00, 86.08it/s, S=0.4295, loss=-0.3217]
Epoch 100/150 [train]:  69%|██████▉   | 18/26 [00:00<00:00, 86.08it/s, S=0.4315, loss=-0.3287]
Epoch 100/150 [train]:  69%|██████▉   | 18/26 [00:00<00:00, 86.08it/s, S=0.4348, loss=-0.3244]
Epoch 100/150 [train]:  69%|██████▉   | 18/26 [00:00<00:00, 86.08it/s, S=0.4192, loss=-0.2883]
Epoch 100/150 [train]:  69%|██████▉   | 18/26 [00:00<00:00, 86.08it/s, S=0.4242, loss=-0.3071]
Epoch 100/150 [train]:  69%|██████▉   | 18/26 [00:00<00:00, 86.08it/s, S=0.4268, loss=-0.3179]
Epoch 100/150 [train]:  69%|██████▉   | 18/26 [00:00<00:00, 86.08it/s, S=0.4232, loss=-0.3107]
                                                                                              
Epoch 100/150  train loss=-0.3138  val loss=-0.3081  S[mean]=0.4337  ζ=0.4519  mean_plane_ζ=0.3555  reg=0.1256  λscale=0.70  lr=3.46e-04

Epoch 101/150 [train]:   0%|          | 0/26 [00:00<?, ?it/s]
Epoch 101/150 [train]:   0%|          | 0/26 [00:00<?, ?it/s, S=0.4229, loss=-0.3068]
Epoch 101/150 [train]:   0%|          | 0/26 [00:00<?, ?it/s, S=0.4279, loss=-0.3116]
Epoch 101/150 [train]:   0%|          | 0/26 [00:00<?, ?it/s, S=0.4243, loss=-0.3122]
Epoch 101/150 [train]:   0%|          | 0/26 [00:00<?, ?it/s, S=0.4259, loss=-0.3134]
Epoch 101/150 [train]:   0%|          | 0/26 [00:00<?, ?it/s, S=0.4320, loss=-0.3256]
Epoch 101/150 [train]:   0%|          | 0/26 [00:00<?, ?it/s, S=0.4288, loss=-0.3234]
Epoch 101/150 [train]:   0%|          | 0/26 [00:00<?, ?it/s, S=0.4246, loss=-0.3083]
Epoch 101/150 [train]:   0%|          | 0/26 [00:00<?, ?it/s, S=0.4282, loss=-0.3121]
Epoch 101/150 [train]:   0%|          | 0/26 [00:00<?, ?it/s, S=0.4327, loss=-0.3288]
Epoch 101/150 [train]:  35%|███▍      | 9/26 [00:00<00:00, 85.82it/s, S=0.4327, loss=-0.3288]
Epoch 101/150 [train]:  35%|███▍      | 9/26 [00:00<00:00, 85.82it/s, S=0.4235, loss=-0.3075]
Epoch 101/150 [train]:  35%|███▍      | 9/26 [00:00<00:00, 85.82it/s, S=0.4287, loss=-0.3130]
Epoch 101/150 [train]:  35%|███▍      | 9/26 [00:00<00:00, 85.82it/s, S=0.4310, loss=-0.3187]
Epoch 101/150 [train]:  35%|███▍      | 9/26 [00:00<00:00, 85.82it/s, S=0.4247, loss=-0.3101]
Epoch 101/150 [train]:  35%|███▍      | 9/26 [00:00<00:00, 85.82it/s, S=0.4368, loss=-0.3290]
Epoch 101/150 [train]:  35%|███▍      | 9/26 [00:00<00:00, 85.82it/s, S=0.4340, loss=-0.3180]
Epoch 101/150 [train]:  35%|███▍      | 9/26 [00:00<00:00, 85.82it/s, S=0.4327, loss=-0.3170]
Epoch 101/150 [train]:  35%|███▍      | 9/26 [00:00<00:00, 85.82it/s, S=0.4219, loss=-0.3080]
Epoch 101/150 [train]:  35%|███▍      | 9/26 [00:00<00:00, 85.82it/s, S=0.4305, loss=-0.3137]
Epoch 101/150 [train]:  69%|██████▉   | 18/26 [00:00<00:00, 85.97it/s, S=0.4305, loss=-0.3137]
Epoch 101/150 [train]:  69%|██████▉   | 18/26 [00:00<00:00, 85.97it/s, S=0.4299, loss=-0.3216]
Epoch 101/150 [train]:  69%|██████▉   | 18/26 [00:00<00:00, 85.97it/s, S=0.4254, loss=-0.3150]
Epoch 101/150 [train]:  69%|██████▉   | 18/26 [00:00<00:00, 85.97it/s, S=0.4251, loss=-0.3127]
Epoch 101/150 [train]:  69%|██████▉   | 18/26 [00:00<00:00, 85.97it/s, S=0.4216, loss=-0.3114]
Epoch 101/150 [train]:  69%|██████▉   | 18/26 [00:00<00:00, 85.97it/s, S=0.4257, loss=-0.3037]
Epoch 101/150 [train]:  69%|██████▉   | 18/26 [00:00<00:00, 85.97it/s, S=0.4240, loss=-0.3081]
Epoch 101/150 [train]:  69%|██████▉   | 18/26 [00:00<00:00, 85.97it/s, S=0.4242, loss=-0.3090]
Epoch 101/150 [train]:  69%|██████▉   | 18/26 [00:00<00:00, 85.97it/s, S=0.4322, loss=-0.3305]
                                                                                              
Epoch 101/150  train loss=-0.3150  val loss=-0.3089  S[mean]=0.4332  ζ=0.4517  mean_plane_ζ=0.3548  reg=0.1243  λscale=0.70  lr=3.37e-04

Epoch 102/150 [train]:   0%|          | 0/26 [00:00<?, ?it/s]
Epoch 102/150 [train]:   0%|          | 0/26 [00:00<?, ?it/s, S=0.4264, loss=-0.3174]
Epoch 102/150 [train]:   0%|          | 0/26 [00:00<?, ?it/s, S=0.4294, loss=-0.3208]
Epoch 102/150 [train]:   0%|          | 0/26 [00:00<?, ?it/s, S=0.4184, loss=-0.3125]
Epoch 102/150 [train]:   0%|          | 0/26 [00:00<?, ?it/s, S=0.4297, loss=-0.3164]
Epoch 102/150 [train]:   0%|          | 0/26 [00:00<?, ?it/s, S=0.4301, loss=-0.3051]
Epoch 102/150 [train]:   0%|          | 0/26 [00:00<?, ?it/s, S=0.4321, loss=-0.3186]
Epoch 102/150 [train]:   0%|          | 0/26 [00:00<?, ?it/s, S=0.4289, loss=-0.3217]
Epoch 102/150 [train]:   0%|          | 0/26 [00:00<?, ?it/s, S=0.4273, loss=-0.3170]
Epoch 102/150 [train]:   0%|          | 0/26 [00:00<?, ?it/s, S=0.4230, loss=-0.3049]
Epoch 102/150 [train]:  35%|███▍      | 9/26 [00:00<00:00, 85.85it/s, S=0.4230, loss=-0.3049]
Epoch 102/150 [train]:  35%|███▍      | 9/26 [00:00<00:00, 85.85it/s, S=0.4253, loss=-0.3082]
Epoch 102/150 [train]:  35%|███▍      | 9/26 [00:00<00:00, 85.85it/s, S=0.4296, loss=-0.3117]
Epoch 102/150 [train]:  35%|███▍      | 9/26 [00:00<00:00, 85.85it/s, S=0.4258, loss=-0.3101]
Epoch 102/150 [train]:  35%|███▍      | 9/26 [00:00<00:00, 85.85it/s, S=0.4278, loss=-0.3143]
Epoch 102/150 [train]:  35%|███▍      | 9/26 [00:00<00:00, 85.85it/s, S=0.4247, loss=-0.3099]
Epoch 102/150 [train]:  35%|███▍      | 9/26 [00:00<00:00, 85.85it/s, S=0.4310, loss=-0.3132]
Epoch 102/150 [train]:  35%|███▍      | 9/26 [00:00<00:00, 85.85it/s, S=0.4288, loss=-0.3189]
Epoch 102/150 [train]:  35%|███▍      | 9/26 [00:00<00:00, 85.85it/s, S=0.4260, loss=-0.3137]
Epoch 102/150 [train]:  35%|███▍      | 9/26 [00:00<00:00, 85.85it/s, S=0.4316, loss=-0.3239]
Epoch 102/150 [train]:  69%|██████▉   | 18/26 [00:00<00:00, 85.93it/s, S=0.4316, loss=-0.3239]
Epoch 102/150 [train]:  69%|██████▉   | 18/26 [00:00<00:00, 85.93it/s, S=0.4277, loss=-0.3148]
Epoch 102/150 [train]:  69%|██████▉   | 18/26 [00:00<00:00, 85.93it/s, S=0.4270, loss=-0.3157]
Epoch 102/150 [train]:  69%|██████▉   | 18/26 [00:00<00:00, 85.93it/s, S=0.4292, loss=-0.3145]
Epoch 102/150 [train]:  69%|██████▉   | 18/26 [00:00<00:00, 85.93it/s, S=0.4291, loss=-0.3214]
Epoch 102/150 [train]:  69%|██████▉   | 18/26 [00:00<00:00, 85.93it/s, S=0.4257, loss=-0.3074]
Epoch 102/150 [train]:  69%|██████▉   | 18/26 [00:00<00:00, 85.93it/s, S=0.4302, loss=-0.3230]
Epoch 102/150 [train]:  69%|██████▉   | 18/26 [00:00<00:00, 85.93it/s, S=0.4288, loss=-0.3164]
Epoch 102/150 [train]:  69%|██████▉   | 18/26 [00:00<00:00, 85.93it/s, S=0.4318, loss=-0.3251]
                                                                                              
Epoch 102/150  train loss=-0.3153  val loss=-0.3096  S[mean]=0.4340  ζ=0.4519  mean_plane_ζ=0.3550  reg=0.1245  λscale=0.71  lr=3.27e-04

Epoch 103/150 [train]:   0%|          | 0/26 [00:00<?, ?it/s]
Epoch 103/150 [train]:   0%|          | 0/26 [00:00<?, ?it/s, S=0.4348, loss=-0.3198]
Epoch 103/150 [train]:   0%|          | 0/26 [00:00<?, ?it/s, S=0.4274, loss=-0.3146]
Epoch 103/150 [train]:   0%|          | 0/26 [00:00<?, ?it/s, S=0.4244, loss=-0.3070]
Epoch 103/150 [train]:   0%|          | 0/26 [00:00<?, ?it/s, S=0.4302, loss=-0.3160]
Epoch 103/150 [train]:   0%|          | 0/26 [00:00<?, ?it/s, S=0.4274, loss=-0.3206]
Epoch 103/150 [train]:   0%|          | 0/26 [00:00<?, ?it/s, S=0.4278, loss=-0.3210]
Epoch 103/150 [train]:   0%|          | 0/26 [00:00<?, ?it/s, S=0.4330, loss=-0.3315]
Epoch 103/150 [train]:   0%|          | 0/26 [00:00<?, ?it/s, S=0.4257, loss=-0.3132]
Epoch 103/150 [train]:   0%|          | 0/26 [00:00<?, ?it/s, S=0.4320, loss=-0.3218]
Epoch 103/150 [train]:  35%|███▍      | 9/26 [00:00<00:00, 86.04it/s, S=0.4320, loss=-0.3218]
Epoch 103/150 [train]:  35%|███▍      | 9/26 [00:00<00:00, 86.04it/s, S=0.4334, loss=-0.3206]
Epoch 103/150 [train]:  35%|███▍      | 9/26 [00:00<00:00, 86.04it/s, S=0.4252, loss=-0.3055]
Epoch 103/150 [train]:  35%|███▍      | 9/26 [00:00<00:00, 86.04it/s, S=0.4244, loss=-0.3071]
Epoch 103/150 [train]:  35%|███▍      | 9/26 [00:00<00:00, 86.04it/s, S=0.4283, loss=-0.3130]
Epoch 103/150 [train]:  35%|███▍      | 9/26 [00:00<00:00, 86.04it/s, S=0.4222, loss=-0.3094]
Epoch 103/150 [train]:  35%|███▍      | 9/26 [00:00<00:00, 86.04it/s, S=0.4276, loss=-0.3179]
Epoch 103/150 [train]:  35%|███▍      | 9/26 [00:00<00:00, 86.04it/s, S=0.4352, loss=-0.3221]
Epoch 103/150 [train]:  35%|███▍      | 9/26 [00:00<00:00, 86.04it/s, S=0.4278, loss=-0.3153]
Epoch 103/150 [train]:  35%|███▍      | 9/26 [00:00<00:00, 86.04it/s, S=0.4266, loss=-0.3135]
Epoch 103/150 [train]:  69%|██████▉   | 18/26 [00:00<00:00, 83.54it/s, S=0.4266, loss=-0.3135]
Epoch 103/150 [train]:  69%|██████▉   | 18/26 [00:00<00:00, 83.54it/s, S=0.4269, loss=-0.3210]
Epoch 103/150 [train]:  69%|██████▉   | 18/26 [00:00<00:00, 83.54it/s, S=0.4224, loss=-0.3030]
Epoch 103/150 [train]:  69%|██████▉   | 18/26 [00:00<00:00, 83.54it/s, S=0.4269, loss=-0.3097]
Epoch 103/150 [train]:  69%|██████▉   | 18/26 [00:00<00:00, 83.54it/s, S=0.4290, loss=-0.3134]
Epoch 103/150 [train]:  69%|██████▉   | 18/26 [00:00<00:00, 83.54it/s, S=0.4337, loss=-0.3286]
Epoch 103/150 [train]:  69%|██████▉   | 18/26 [00:00<00:00, 83.54it/s, S=0.4325, loss=-0.3256]
Epoch 103/150 [train]:  69%|██████▉   | 18/26 [00:00<00:00, 83.54it/s, S=0.4216, loss=-0.2902]
Epoch 103/150 [train]:  69%|██████▉   | 18/26 [00:00<00:00, 83.54it/s, S=0.4269, loss=-0.3250]
                                                                                              
Epoch 103/150  train loss=-0.3156  val loss=-0.3095  S[mean]=0.4341  ζ=0.4520  mean_plane_ζ=0.3552  reg=0.1246  λscale=0.72  lr=3.18e-04

Epoch 104/150 [train]:   0%|          | 0/26 [00:00<?, ?it/s]
Epoch 104/150 [train]:   0%|          | 0/26 [00:00<?, ?it/s, S=0.4296, loss=-0.3062]
Epoch 104/150 [train]:   0%|          | 0/26 [00:00<?, ?it/s, S=0.4332, loss=-0.3214]
Epoch 104/150 [train]:   0%|          | 0/26 [00:00<?, ?it/s, S=0.4271, loss=-0.3154]
Epoch 104/150 [train]:   0%|          | 0/26 [00:00<?, ?it/s, S=0.4252, loss=-0.3076]
Epoch 104/150 [train]:   0%|          | 0/26 [00:00<?, ?it/s, S=0.4392, loss=-0.3229]
Epoch 104/150 [train]:   0%|          | 0/26 [00:00<?, ?it/s, S=0.4279, loss=-0.3152]
Epoch 104/150 [train]:   0%|          | 0/26 [00:00<?, ?it/s, S=0.4276, loss=-0.3205]
Epoch 104/150 [train]:   0%|          | 0/26 [00:00<?, ?it/s, S=0.4255, loss=-0.3086]
Epoch 104/150 [train]:   0%|          | 0/26 [00:00<?, ?it/s, S=0.4255, loss=-0.3099]
Epoch 104/150 [train]:  35%|███▍      | 9/26 [00:00<00:00, 85.91it/s, S=0.4255, loss=-0.3099]
Epoch 104/150 [train]:  35%|███▍      | 9/26 [00:00<00:00, 85.91it/s, S=0.4311, loss=-0.3081]
Epoch 104/150 [train]:  35%|███▍      | 9/26 [00:00<00:00, 85.91it/s, S=0.4269, loss=-0.3120]
Epoch 104/150 [train]:  35%|███▍      | 9/26 [00:00<00:00, 85.91it/s, S=0.4307, loss=-0.3168]
Epoch 104/150 [train]:  35%|███▍      | 9/26 [00:00<00:00, 85.91it/s, S=0.4276, loss=-0.2930]
Epoch 104/150 [train]:  35%|███▍      | 9/26 [00:00<00:00, 85.91it/s, S=0.4295, loss=-0.3186]
Epoch 104/150 [train]:  35%|███▍      | 9/26 [00:00<00:00, 85.91it/s, S=0.4245, loss=-0.3108]
Epoch 104/150 [train]:  35%|███▍      | 9/26 [00:00<00:00, 85.91it/s, S=0.4241, loss=-0.3180]
Epoch 104/150 [train]:  35%|███▍      | 9/26 [00:00<00:00, 85.91it/s, S=0.4240, loss=-0.3123]
Epoch 104/150 [train]:  35%|███▍      | 9/26 [00:00<00:00, 85.91it/s, S=0.4190, loss=-0.3086]
Epoch 104/150 [train]:  69%|██████▉   | 18/26 [00:00<00:00, 85.85it/s, S=0.4190, loss=-0.3086]
Epoch 104/150 [train]:  69%|██████▉   | 18/26 [00:00<00:00, 85.85it/s, S=0.4331, loss=-0.3285]
Epoch 104/150 [train]:  69%|██████▉   | 18/26 [00:00<00:00, 85.85it/s, S=0.4305, loss=-0.3200]
Epoch 104/150 [train]:  69%|██████▉   | 18/26 [00:00<00:00, 85.85it/s, S=0.4228, loss=-0.3042]
Epoch 104/150 [train]:  69%|██████▉   | 18/26 [00:00<00:00, 85.85it/s, S=0.4292, loss=-0.3144]
Epoch 104/150 [train]:  69%|██████▉   | 18/26 [00:00<00:00, 85.85it/s, S=0.4261, loss=-0.3107]
Epoch 104/150 [train]:  69%|██████▉   | 18/26 [00:00<00:00, 85.85it/s, S=0.4325, loss=-0.3180]
Epoch 104/150 [train]:  69%|██████▉   | 18/26 [00:00<00:00, 85.85it/s, S=0.4223, loss=-0.3117]
Epoch 104/150 [train]:  69%|██████▉   | 18/26 [00:00<00:00, 85.85it/s, S=0.4332, loss=-0.3232]
                                                                                              
Epoch 104/150  train loss=-0.3137  val loss=-0.3095  S[mean]=0.4334  ζ=0.4524  mean_plane_ζ=0.3552  reg=0.1239  λscale=0.72  lr=3.08e-04

Epoch 105/150 [train]:   0%|          | 0/26 [00:00<?, ?it/s]
Epoch 105/150 [train]:   0%|          | 0/26 [00:00<?, ?it/s, S=0.4338, loss=-0.3306]
Epoch 105/150 [train]:   0%|          | 0/26 [00:00<?, ?it/s, S=0.4288, loss=-0.3221]
Epoch 105/150 [train]:   0%|          | 0/26 [00:00<?, ?it/s, S=0.4327, loss=-0.3212]
Epoch 105/150 [train]:   0%|          | 0/26 [00:00<?, ?it/s, S=0.4257, loss=-0.3173]
Epoch 105/150 [train]:   0%|          | 0/26 [00:00<?, ?it/s, S=0.4278, loss=-0.3129]
Epoch 105/150 [train]:   0%|          | 0/26 [00:00<?, ?it/s, S=0.4323, loss=-0.3259]
Epoch 105/150 [train]:   0%|          | 0/26 [00:00<?, ?it/s, S=0.4284, loss=-0.3158]
Epoch 105/150 [train]:   0%|          | 0/26 [00:00<?, ?it/s, S=0.4220, loss=-0.3073]
Epoch 105/150 [train]:   0%|          | 0/26 [00:00<?, ?it/s, S=0.4312, loss=-0.3243]
Epoch 105/150 [train]:  35%|███▍      | 9/26 [00:00<00:00, 85.76it/s, S=0.4312, loss=-0.3243]
Epoch 105/150 [train]:  35%|███▍      | 9/26 [00:00<00:00, 85.76it/s, S=0.4275, loss=-0.3089]
Epoch 105/150 [train]:  35%|███▍      | 9/26 [00:00<00:00, 85.76it/s, S=0.4238, loss=-0.3143]
Epoch 105/150 [train]:  35%|███▍      | 9/26 [00:00<00:00, 85.76it/s, S=0.4262, loss=-0.3178]
Epoch 105/150 [train]:  35%|███▍      | 9/26 [00:00<00:00, 85.76it/s, S=0.4329, loss=-0.3135]
Epoch 105/150 [train]:  35%|███▍      | 9/26 [00:00<00:00, 85.76it/s, S=0.4271, loss=-0.3057]
Epoch 105/150 [train]:  35%|███▍      | 9/26 [00:00<00:00, 85.76it/s, S=0.4270, loss=-0.3184]
Epoch 105/150 [train]:  35%|███▍      | 9/26 [00:00<00:00, 85.76it/s, S=0.4293, loss=-0.3146]
Epoch 105/150 [train]:  35%|███▍      | 9/26 [00:00<00:00, 85.76it/s, S=0.4288, loss=-0.3192]
Epoch 105/150 [train]:  35%|███▍      | 9/26 [00:00<00:00, 85.76it/s, S=0.4280, loss=-0.3096]
Epoch 105/150 [train]:  69%|██████▉   | 18/26 [00:00<00:00, 85.97it/s, S=0.4280, loss=-0.3096]
Epoch 105/150 [train]:  69%|██████▉   | 18/26 [00:00<00:00, 85.97it/s, S=0.4342, loss=-0.3199]
Epoch 105/150 [train]:  69%|██████▉   | 18/26 [00:00<00:00, 85.97it/s, S=0.4254, loss=-0.3187]
Epoch 105/150 [train]:  69%|██████▉   | 18/26 [00:00<00:00, 85.97it/s, S=0.4283, loss=-0.3207]
Epoch 105/150 [train]:  69%|██████▉   | 18/26 [00:00<00:00, 85.97it/s, S=0.4301, loss=-0.3203]
Epoch 105/150 [train]:  69%|██████▉   | 18/26 [00:00<00:00, 85.97it/s, S=0.4259, loss=-0.3144]
Epoch 105/150 [train]:  69%|██████▉   | 18/26 [00:00<00:00, 85.97it/s, S=0.4253, loss=-0.3133]
Epoch 105/150 [train]:  69%|██████▉   | 18/26 [00:00<00:00, 85.97it/s, S=0.4190, loss=-0.2984]
Epoch 105/150 [train]:  69%|██████▉   | 18/26 [00:00<00:00, 85.97it/s, S=0.4268, loss=-0.3055]
                                                                                              
Epoch 105/150  train loss=-0.3158  val loss=-0.3097  S[mean]=0.4336  ζ=0.4523  mean_plane_ζ=0.3550  reg=0.1239  λscale=0.73  lr=2.99e-04

Epoch 106/150 [train]:   0%|          | 0/26 [00:00<?, ?it/s]
Epoch 106/150 [train]:   0%|          | 0/26 [00:00<?, ?it/s, S=0.4317, loss=-0.3215]
Epoch 106/150 [train]:   0%|          | 0/26 [00:00<?, ?it/s, S=0.4327, loss=-0.3271]
Epoch 106/150 [train]:   0%|          | 0/26 [00:00<?, ?it/s, S=0.4360, loss=-0.3165]
Epoch 106/150 [train]:   0%|          | 0/26 [00:00<?, ?it/s, S=0.4261, loss=-0.3051]
Epoch 106/150 [train]:   0%|          | 0/26 [00:00<?, ?it/s, S=0.4282, loss=-0.3196]
Epoch 106/150 [train]:   0%|          | 0/26 [00:00<?, ?it/s, S=0.4297, loss=-0.3168]
Epoch 106/150 [train]:   0%|          | 0/26 [00:00<?, ?it/s, S=0.4314, loss=-0.3213]
Epoch 106/150 [train]:   0%|          | 0/26 [00:00<?, ?it/s, S=0.4242, loss=-0.3196]
Epoch 106/150 [train]:   0%|          | 0/26 [00:00<?, ?it/s, S=0.4242, loss=-0.3137]
Epoch 106/150 [train]:  35%|███▍      | 9/26 [00:00<00:00, 85.95it/s, S=0.4242, loss=-0.3137]
Epoch 106/150 [train]:  35%|███▍      | 9/26 [00:00<00:00, 85.95it/s, S=0.4338, loss=-0.3286]
Epoch 106/150 [train]:  35%|███▍      | 9/26 [00:00<00:00, 85.95it/s, S=0.4184, loss=-0.2976]
Epoch 106/150 [train]:  35%|███▍      | 9/26 [00:00<00:00, 85.95it/s, S=0.4181, loss=-0.2897]
Epoch 106/150 [train]:  35%|███▍      | 9/26 [00:00<00:00, 85.95it/s, S=0.4336, loss=-0.3289]
Epoch 106/150 [train]:  35%|███▍      | 9/26 [00:00<00:00, 85.95it/s, S=0.4335, loss=-0.3150]
Epoch 106/150 [train]:  35%|███▍      | 9/26 [00:00<00:00, 85.95it/s, S=0.4312, loss=-0.3222]
Epoch 106/150 [train]:  35%|███▍      | 9/26 [00:00<00:00, 85.95it/s, S=0.4295, loss=-0.3216]
Epoch 106/150 [train]:  35%|███▍      | 9/26 [00:00<00:00, 85.95it/s, S=0.4333, loss=-0.3263]
Epoch 106/150 [train]:  35%|███▍      | 9/26 [00:00<00:00, 85.95it/s, S=0.4248, loss=-0.3084]
Epoch 106/150 [train]:  69%|██████▉   | 18/26 [00:00<00:00, 86.08it/s, S=0.4248, loss=-0.3084]
Epoch 106/150 [train]:  69%|██████▉   | 18/26 [00:00<00:00, 86.08it/s, S=0.4266, loss=-0.3137]
Epoch 106/150 [train]:  69%|██████▉   | 18/26 [00:00<00:00, 86.08it/s, S=0.4324, loss=-0.3220]
Epoch 106/150 [train]:  69%|██████▉   | 18/26 [00:00<00:00, 86.08it/s, S=0.4263, loss=-0.3134]
Epoch 106/150 [train]:  69%|██████▉   | 18/26 [00:00<00:00, 86.08it/s, S=0.4273, loss=-0.3178]
Epoch 106/150 [train]:  69%|██████▉   | 18/26 [00:00<00:00, 86.08it/s, S=0.4279, loss=-0.3123]
Epoch 106/150 [train]:  69%|██████▉   | 18/26 [00:00<00:00, 86.08it/s, S=0.4332, loss=-0.3318]
Epoch 106/150 [train]:  69%|██████▉   | 18/26 [00:00<00:00, 86.08it/s, S=0.4164, loss=-0.2901]
Epoch 106/150 [train]:  69%|██████▉   | 18/26 [00:00<00:00, 86.08it/s, S=0.4234, loss=-0.3147]
                                                                                              
Epoch 106/150  train loss=-0.3160  val loss=-0.3082  S[mean]=0.4334  ζ=0.4518  mean_plane_ζ=0.3549  reg=0.1252  λscale=0.73  lr=2.89e-04

Epoch 107/150 [train]:   0%|          | 0/26 [00:00<?, ?it/s]
Epoch 107/150 [train]:   0%|          | 0/26 [00:00<?, ?it/s, S=0.4234, loss=-0.3138]
Epoch 107/150 [train]:   0%|          | 0/26 [00:00<?, ?it/s, S=0.4260, loss=-0.3019]
Epoch 107/150 [train]:   0%|          | 0/26 [00:00<?, ?it/s, S=0.4215, loss=-0.3181]
Epoch 107/150 [train]:   0%|          | 0/26 [00:00<?, ?it/s, S=0.4308, loss=-0.3125]
Epoch 107/150 [train]:   0%|          | 0/26 [00:00<?, ?it/s, S=0.4246, loss=-0.3142]
Epoch 107/150 [train]:   0%|          | 0/26 [00:00<?, ?it/s, S=0.4354, loss=-0.3276]
Epoch 107/150 [train]:   0%|          | 0/26 [00:00<?, ?it/s, S=0.4313, loss=-0.3243]
Epoch 107/150 [train]:   0%|          | 0/26 [00:00<?, ?it/s, S=0.4360, loss=-0.3286]
Epoch 107/150 [train]:   0%|          | 0/26 [00:00<?, ?it/s, S=0.4321, loss=-0.3236]
Epoch 107/150 [train]:  35%|███▍      | 9/26 [00:00<00:00, 85.71it/s, S=0.4321, loss=-0.3236]
Epoch 107/150 [train]:  35%|███▍      | 9/26 [00:00<00:00, 85.71it/s, S=0.4299, loss=-0.3215]
Epoch 107/150 [train]:  35%|███▍      | 9/26 [00:00<00:00, 85.71it/s, S=0.4339, loss=-0.3243]
Epoch 107/150 [train]:  35%|███▍      | 9/26 [00:00<00:00, 85.71it/s, S=0.4289, loss=-0.3201]
Epoch 107/150 [train]:  35%|███▍      | 9/26 [00:00<00:00, 85.71it/s, S=0.4257, loss=-0.3220]
Epoch 107/150 [train]:  35%|███▍      | 9/26 [00:00<00:00, 85.71it/s, S=0.4295, loss=-0.3182]
Epoch 107/150 [train]:  35%|███▍      | 9/26 [00:00<00:00, 85.71it/s, S=0.4266, loss=-0.3001]
Epoch 107/150 [train]:  35%|███▍      | 9/26 [00:00<00:00, 85.71it/s, S=0.4304, loss=-0.3225]
Epoch 107/150 [train]:  35%|███▍      | 9/26 [00:00<00:00, 85.71it/s, S=0.4200, loss=-0.2954]
Epoch 107/150 [train]:  35%|███▍      | 9/26 [00:00<00:00, 85.71it/s, S=0.4281, loss=-0.3168]
Epoch 107/150 [train]:  69%|██████▉   | 18/26 [00:00<00:00, 85.74it/s, S=0.4281, loss=-0.3168]
Epoch 107/150 [train]:  69%|██████▉   | 18/26 [00:00<00:00, 85.74it/s, S=0.4300, loss=-0.3223]
Epoch 107/150 [train]:  69%|██████▉   | 18/26 [00:00<00:00, 85.74it/s, S=0.4253, loss=-0.3085]
Epoch 107/150 [train]:  69%|██████▉   | 18/26 [00:00<00:00, 85.74it/s, S=0.4294, loss=-0.3035]
Epoch 107/150 [train]:  69%|██████▉   | 18/26 [00:00<00:00, 85.74it/s, S=0.4271, loss=-0.3152]
Epoch 107/150 [train]:  69%|██████▉   | 18/26 [00:00<00:00, 85.74it/s, S=0.4281, loss=-0.3067]
Epoch 107/150 [train]:  69%|██████▉   | 18/26 [00:00<00:00, 85.74it/s, S=0.4242, loss=-0.3135]
Epoch 107/150 [train]:  69%|██████▉   | 18/26 [00:00<00:00, 85.74it/s, S=0.4231, loss=-0.3086]
Epoch 107/150 [train]:  69%|██████▉   | 18/26 [00:00<00:00, 85.74it/s, S=0.4234, loss=-0.3128]
                                                                                              
Epoch 107/150  train loss=-0.3153  val loss=-0.3094  S[mean]=0.4338  ζ=0.4528  mean_plane_ζ=0.3555  reg=0.1244  λscale=0.74  lr=2.79e-04

Epoch 108/150 [train]:   0%|          | 0/26 [00:00<?, ?it/s]
Epoch 108/150 [train]:   0%|          | 0/26 [00:00<?, ?it/s, S=0.4216, loss=-0.3035]
Epoch 108/150 [train]:   0%|          | 0/26 [00:00<?, ?it/s, S=0.4298, loss=-0.3074]
Epoch 108/150 [train]:   0%|          | 0/26 [00:00<?, ?it/s, S=0.4333, loss=-0.3251]
Epoch 108/150 [train]:   0%|          | 0/26 [00:00<?, ?it/s, S=0.4285, loss=-0.3185]
Epoch 108/150 [train]:   0%|          | 0/26 [00:00<?, ?it/s, S=0.4295, loss=-0.3181]
Epoch 108/150 [train]:   0%|          | 0/26 [00:00<?, ?it/s, S=0.4215, loss=-0.3036]
Epoch 108/150 [train]:   0%|          | 0/26 [00:00<?, ?it/s, S=0.4300, loss=-0.3311]
Epoch 108/150 [train]:   0%|          | 0/26 [00:00<?, ?it/s, S=0.4283, loss=-0.3118]
Epoch 108/150 [train]:   0%|          | 0/26 [00:00<?, ?it/s, S=0.4359, loss=-0.3285]
Epoch 108/150 [train]:  35%|███▍      | 9/26 [00:00<00:00, 86.03it/s, S=0.4359, loss=-0.3285]
Epoch 108/150 [train]:  35%|███▍      | 9/26 [00:00<00:00, 86.03it/s, S=0.4265, loss=-0.3238]
Epoch 108/150 [train]:  35%|███▍      | 9/26 [00:00<00:00, 86.03it/s, S=0.4270, loss=-0.3143]
Epoch 108/150 [train]:  35%|███▍      | 9/26 [00:00<00:00, 86.03it/s, S=0.4176, loss=-0.2965]
Epoch 108/150 [train]:  35%|███▍      | 9/26 [00:00<00:00, 86.03it/s, S=0.4267, loss=-0.3087]
Epoch 108/150 [train]:  35%|███▍      | 9/26 [00:00<00:00, 86.03it/s, S=0.4345, loss=-0.3176]
Epoch 108/150 [train]:  35%|███▍      | 9/26 [00:00<00:00, 86.03it/s, S=0.4249, loss=-0.3223]
Epoch 108/150 [train]:  35%|███▍      | 9/26 [00:00<00:00, 86.03it/s, S=0.4284, loss=-0.3155]
Epoch 108/150 [train]:  35%|███▍      | 9/26 [00:00<00:00, 86.03it/s, S=0.4235, loss=-0.2882]
Epoch 108/150 [train]:  35%|███▍      | 9/26 [00:00<00:00, 86.03it/s, S=0.4217, loss=-0.2999]
Epoch 108/150 [train]:  69%|██████▉   | 18/26 [00:00<00:00, 86.12it/s, S=0.4217, loss=-0.2999]
Epoch 108/150 [train]:  69%|██████▉   | 18/26 [00:00<00:00, 86.12it/s, S=0.4309, loss=-0.3252]
Epoch 108/150 [train]:  69%|██████▉   | 18/26 [00:00<00:00, 86.12it/s, S=0.4310, loss=-0.3209]
Epoch 108/150 [train]:  69%|██████▉   | 18/26 [00:00<00:00, 86.12it/s, S=0.4255, loss=-0.3206]
Epoch 108/150 [train]:  69%|██████▉   | 18/26 [00:00<00:00, 86.12it/s, S=0.4275, loss=-0.3178]
Epoch 108/150 [train]:  69%|██████▉   | 18/26 [00:00<00:00, 86.12it/s, S=0.4295, loss=-0.3167]
Epoch 108/150 [train]:  69%|██████▉   | 18/26 [00:00<00:00, 86.12it/s, S=0.4279, loss=-0.3105]
Epoch 108/150 [train]:  69%|██████▉   | 18/26 [00:00<00:00, 86.12it/s, S=0.4282, loss=-0.3153]
Epoch 108/150 [train]:  69%|██████▉   | 18/26 [00:00<00:00, 86.12it/s, S=0.4234, loss=-0.3118]
                                                                                              
Epoch 108/150  train loss=-0.3144  val loss=-0.3061  S[mean]=0.4325  ζ=0.4518  mean_plane_ζ=0.3550  reg=0.1263  λscale=0.75  lr=2.70e-04

Epoch 109/150 [train]:   0%|          | 0/26 [00:00<?, ?it/s]
Epoch 109/150 [train]:   0%|          | 0/26 [00:00<?, ?it/s, S=0.4222, loss=-0.3067]
Epoch 109/150 [train]:   0%|          | 0/26 [00:00<?, ?it/s, S=0.4323, loss=-0.3206]
Epoch 109/150 [train]:   0%|          | 0/26 [00:00<?, ?it/s, S=0.4293, loss=-0.3044]
Epoch 109/150 [train]:   0%|          | 0/26 [00:00<?, ?it/s, S=0.4261, loss=-0.3131]
Epoch 109/150 [train]:   0%|          | 0/26 [00:00<?, ?it/s, S=0.4294, loss=-0.3150]
Epoch 109/150 [train]:   0%|          | 0/26 [00:00<?, ?it/s, S=0.4292, loss=-0.3158]
Epoch 109/150 [train]:   0%|          | 0/26 [00:00<?, ?it/s, S=0.4308, loss=-0.3189]
Epoch 109/150 [train]:   0%|          | 0/26 [00:00<?, ?it/s, S=0.4322, loss=-0.3246]
Epoch 109/150 [train]:   0%|          | 0/26 [00:00<?, ?it/s, S=0.4326, loss=-0.3266]
Epoch 109/150 [train]:  35%|███▍      | 9/26 [00:00<00:00, 85.52it/s, S=0.4326, loss=-0.3266]
Epoch 109/150 [train]:  35%|███▍      | 9/26 [00:00<00:00, 85.52it/s, S=0.4336, loss=-0.3154]
Epoch 109/150 [train]:  35%|███▍      | 9/26 [00:00<00:00, 85.52it/s, S=0.4283, loss=-0.3239]
Epoch 109/150 [train]:  35%|███▍      | 9/26 [00:00<00:00, 85.52it/s, S=0.4188, loss=-0.3112]
Epoch 109/150 [train]:  35%|███▍      | 9/26 [00:00<00:00, 85.52it/s, S=0.4268, loss=-0.3189]
Epoch 109/150 [train]:  35%|███▍      | 9/26 [00:00<00:00, 85.52it/s, S=0.4268, loss=-0.3094]
Epoch 109/150 [train]:  35%|███▍      | 9/26 [00:00<00:00, 85.52it/s, S=0.4219, loss=-0.3082]
Epoch 109/150 [train]:  35%|███▍      | 9/26 [00:00<00:00, 85.52it/s, S=0.4311, loss=-0.3144]
Epoch 109/150 [train]:  35%|███▍      | 9/26 [00:00<00:00, 85.52it/s, S=0.4263, loss=-0.3202]
Epoch 109/150 [train]:  35%|███▍      | 9/26 [00:00<00:00, 85.52it/s, S=0.4208, loss=-0.2917]
Epoch 109/150 [train]:  69%|██████▉   | 18/26 [00:00<00:00, 85.90it/s, S=0.4208, loss=-0.2917]
Epoch 109/150 [train]:  69%|██████▉   | 18/26 [00:00<00:00, 85.90it/s, S=0.4197, loss=-0.3073]
Epoch 109/150 [train]:  69%|██████▉   | 18/26 [00:00<00:00, 85.90it/s, S=0.4271, loss=-0.3189]
Epoch 109/150 [train]:  69%|██████▉   | 18/26 [00:00<00:00, 85.90it/s, S=0.4317, loss=-0.3180]
Epoch 109/150 [train]:  69%|██████▉   | 18/26 [00:00<00:00, 85.90it/s, S=0.4214, loss=-0.3058]
Epoch 109/150 [train]:  69%|██████▉   | 18/26 [00:00<00:00, 85.90it/s, S=0.4220, loss=-0.3041]
Epoch 109/150 [train]:  69%|██████▉   | 18/26 [00:00<00:00, 85.90it/s, S=0.4243, loss=-0.3044]
Epoch 109/150 [train]:  69%|██████▉   | 18/26 [00:00<00:00, 85.90it/s, S=0.4279, loss=-0.3050]
Epoch 109/150 [train]:  69%|██████▉   | 18/26 [00:00<00:00, 85.90it/s, S=0.4271, loss=-0.3181]
                                                                                              
Epoch 109/150  train loss=-0.3131  val loss=-0.3086  S[mean]=0.4329  ζ=0.4512  mean_plane_ζ=0.3542  reg=0.1243  λscale=0.75  lr=2.60e-04

Epoch 110/150 [train]:   0%|          | 0/26 [00:00<?, ?it/s]
Epoch 110/150 [train]:   0%|          | 0/26 [00:00<?, ?it/s, S=0.4315, loss=-0.3214]
Epoch 110/150 [train]:   0%|          | 0/26 [00:00<?, ?it/s, S=0.4248, loss=-0.3197]
Epoch 110/150 [train]:   0%|          | 0/26 [00:00<?, ?it/s, S=0.4322, loss=-0.3238]
Epoch 110/150 [train]:   0%|          | 0/26 [00:00<?, ?it/s, S=0.4317, loss=-0.3298]
Epoch 110/150 [train]:   0%|          | 0/26 [00:00<?, ?it/s, S=0.4125, loss=-0.2839]
Epoch 110/150 [train]:   0%|          | 0/26 [00:00<?, ?it/s, S=0.4277, loss=-0.3149]
Epoch 110/150 [train]:   0%|          | 0/26 [00:00<?, ?it/s, S=0.4310, loss=-0.3188]
Epoch 110/150 [train]:   0%|          | 0/26 [00:00<?, ?it/s, S=0.4232, loss=-0.3061]
Epoch 110/150 [train]:   0%|          | 0/26 [00:00<?, ?it/s, S=0.4289, loss=-0.3218]
Epoch 110/150 [train]:  35%|███▍      | 9/26 [00:00<00:00, 85.60it/s, S=0.4289, loss=-0.3218]
Epoch 110/150 [train]:  35%|███▍      | 9/26 [00:00<00:00, 85.60it/s, S=0.4303, loss=-0.3168]
Epoch 110/150 [train]:  35%|███▍      | 9/26 [00:00<00:00, 85.60it/s, S=0.4264, loss=-0.3133]
Epoch 110/150 [train]:  35%|███▍      | 9/26 [00:00<00:00, 85.60it/s, S=0.4287, loss=-0.3194]
Epoch 110/150 [train]:  35%|███▍      | 9/26 [00:00<00:00, 85.60it/s, S=0.4333, loss=-0.3241]
Epoch 110/150 [train]:  35%|███▍      | 9/26 [00:00<00:00, 85.60it/s, S=0.4286, loss=-0.3208]
Epoch 110/150 [train]:  35%|███▍      | 9/26 [00:00<00:00, 85.60it/s, S=0.4310, loss=-0.3188]
Epoch 110/150 [train]:  35%|███▍      | 9/26 [00:00<00:00, 85.60it/s, S=0.4268, loss=-0.3130]
Epoch 110/150 [train]:  35%|███▍      | 9/26 [00:00<00:00, 85.60it/s, S=0.4286, loss=-0.3217]
Epoch 110/150 [train]:  35%|███▍      | 9/26 [00:00<00:00, 85.60it/s, S=0.4273, loss=-0.3157]
Epoch 110/150 [train]:  69%|██████▉   | 18/26 [00:00<00:00, 85.91it/s, S=0.4273, loss=-0.3157]
Epoch 110/150 [train]:  69%|██████▉   | 18/26 [00:00<00:00, 85.91it/s, S=0.4274, loss=-0.3217]
Epoch 110/150 [train]:  69%|██████▉   | 18/26 [00:00<00:00, 85.91it/s, S=0.4301, loss=-0.3131]
Epoch 110/150 [train]:  69%|██████▉   | 18/26 [00:00<00:00, 85.91it/s, S=0.4320, loss=-0.3304]
Epoch 110/150 [train]:  69%|██████▉   | 18/26 [00:00<00:00, 85.91it/s, S=0.4244, loss=-0.3181]
Epoch 110/150 [train]:  69%|██████▉   | 18/26 [00:00<00:00, 85.91it/s, S=0.4335, loss=-0.3189]
Epoch 110/150 [train]:  69%|██████▉   | 18/26 [00:00<00:00, 85.91it/s, S=0.4275, loss=-0.3186]
Epoch 110/150 [train]:  69%|██████▉   | 18/26 [00:00<00:00, 85.91it/s, S=0.4247, loss=-0.3150]
Epoch 110/150 [train]:  69%|██████▉   | 18/26 [00:00<00:00, 85.91it/s, S=0.4291, loss=-0.3232]
                                                                                              
Epoch 110/150  train loss=-0.3178  val loss=-0.3077  S[mean]=0.4329  ζ=0.4519  mean_plane_ζ=0.3548  reg=0.1252  λscale=0.76  lr=2.50e-04

Epoch 111/150 [train]:   0%|          | 0/26 [00:00<?, ?it/s]
Epoch 111/150 [train]:   0%|          | 0/26 [00:00<?, ?it/s, S=0.4309, loss=-0.3140]
Epoch 111/150 [train]:   0%|          | 0/26 [00:00<?, ?it/s, S=0.4307, loss=-0.3179]
Epoch 111/150 [train]:   0%|          | 0/26 [00:00<?, ?it/s, S=0.4289, loss=-0.3192]
Epoch 111/150 [train]:   0%|          | 0/26 [00:00<?, ?it/s, S=0.4283, loss=-0.3141]
Epoch 111/150 [train]:   0%|          | 0/26 [00:00<?, ?it/s, S=0.4287, loss=-0.3254]
Epoch 111/150 [train]:   0%|          | 0/26 [00:00<?, ?it/s, S=0.4356, loss=-0.3331]
Epoch 111/150 [train]:   0%|          | 0/26 [00:00<?, ?it/s, S=0.4236, loss=-0.3142]
Epoch 111/150 [train]:   0%|          | 0/26 [00:00<?, ?it/s, S=0.4256, loss=-0.3066]
Epoch 111/150 [train]:   0%|          | 0/26 [00:00<?, ?it/s, S=0.4307, loss=-0.3212]
Epoch 111/150 [train]:  35%|███▍      | 9/26 [00:00<00:00, 85.99it/s, S=0.4307, loss=-0.3212]
Epoch 111/150 [train]:  35%|███▍      | 9/26 [00:00<00:00, 85.99it/s, S=0.4217, loss=-0.3057]
Epoch 111/150 [train]:  35%|███▍      | 9/26 [00:00<00:00, 85.99it/s, S=0.4282, loss=-0.3168]
Epoch 111/150 [train]:  35%|███▍      | 9/26 [00:00<00:00, 85.99it/s, S=0.4319, loss=-0.3238]
Epoch 111/150 [train]:  35%|███▍      | 9/26 [00:00<00:00, 85.99it/s, S=0.4306, loss=-0.3120]
Epoch 111/150 [train]:  35%|███▍      | 9/26 [00:00<00:00, 85.99it/s, S=0.4311, loss=-0.3207]
Epoch 111/150 [train]:  35%|███▍      | 9/26 [00:00<00:00, 85.99it/s, S=0.4294, loss=-0.3180]
Epoch 111/150 [train]:  35%|███▍      | 9/26 [00:00<00:00, 85.99it/s, S=0.4245, loss=-0.3117]
Epoch 111/150 [train]:  35%|███▍      | 9/26 [00:00<00:00, 85.99it/s, S=0.4333, loss=-0.3273]
Epoch 111/150 [train]:  35%|███▍      | 9/26 [00:00<00:00, 85.99it/s, S=0.4298, loss=-0.3084]
Epoch 111/150 [train]:  69%|██████▉   | 18/26 [00:00<00:00, 86.05it/s, S=0.4298, loss=-0.3084]
Epoch 111/150 [train]:  69%|██████▉   | 18/26 [00:00<00:00, 86.05it/s, S=0.4297, loss=-0.3179]
Epoch 111/150 [train]:  69%|██████▉   | 18/26 [00:00<00:00, 86.05it/s, S=0.4266, loss=-0.3139]
Epoch 111/150 [train]:  69%|██████▉   | 18/26 [00:00<00:00, 86.05it/s, S=0.4233, loss=-0.3046]
Epoch 111/150 [train]:  69%|██████▉   | 18/26 [00:00<00:00, 86.05it/s, S=0.4280, loss=-0.3138]
Epoch 111/150 [train]:  69%|██████▉   | 18/26 [00:00<00:00, 86.05it/s, S=0.4211, loss=-0.3074]
Epoch 111/150 [train]:  69%|██████▉   | 18/26 [00:00<00:00, 86.05it/s, S=0.4309, loss=-0.3265]
Epoch 111/150 [train]:  69%|██████▉   | 18/26 [00:00<00:00, 86.05it/s, S=0.4239, loss=-0.3151]
Epoch 111/150 [train]:  69%|██████▉   | 18/26 [00:00<00:00, 86.05it/s, S=0.4204, loss=-0.3084]
                                                                                              
Epoch 111/150  train loss=-0.3161  val loss=-0.3083  S[mean]=0.4330  ζ=0.4512  mean_plane_ζ=0.3540  reg=0.1247  λscale=0.76  lr=2.40e-04

Epoch 112/150 [train]:   0%|          | 0/26 [00:00<?, ?it/s]
Epoch 112/150 [train]:   0%|          | 0/26 [00:00<?, ?it/s, S=0.4262, loss=-0.3137]
Epoch 112/150 [train]:   0%|          | 0/26 [00:00<?, ?it/s, S=0.4297, loss=-0.3174]
Epoch 112/150 [train]:   0%|          | 0/26 [00:00<?, ?it/s, S=0.4220, loss=-0.2976]
Epoch 112/150 [train]:   0%|          | 0/26 [00:00<?, ?it/s, S=0.4282, loss=-0.3180]
Epoch 112/150 [train]:   0%|          | 0/26 [00:00<?, ?it/s, S=0.4246, loss=-0.3161]
Epoch 112/150 [train]:   0%|          | 0/26 [00:00<?, ?it/s, S=0.4300, loss=-0.3248]
Epoch 112/150 [train]:   0%|          | 0/26 [00:00<?, ?it/s, S=0.4329, loss=-0.3238]
Epoch 112/150 [train]:   0%|          | 0/26 [00:00<?, ?it/s, S=0.4318, loss=-0.3238]
Epoch 112/150 [train]:   0%|          | 0/26 [00:00<?, ?it/s, S=0.4239, loss=-0.3120]
Epoch 112/150 [train]:  35%|███▍      | 9/26 [00:00<00:00, 85.83it/s, S=0.4239, loss=-0.3120]
Epoch 112/150 [train]:  35%|███▍      | 9/26 [00:00<00:00, 85.83it/s, S=0.4287, loss=-0.3148]
Epoch 112/150 [train]:  35%|███▍      | 9/26 [00:00<00:00, 85.83it/s, S=0.4236, loss=-0.3071]
Epoch 112/150 [train]:  35%|███▍      | 9/26 [00:00<00:00, 85.83it/s, S=0.4185, loss=-0.2879]
Epoch 112/150 [train]:  35%|███▍      | 9/26 [00:00<00:00, 85.83it/s, S=0.4292, loss=-0.3291]
Epoch 112/150 [train]:  35%|███▍      | 9/26 [00:00<00:00, 85.83it/s, S=0.4240, loss=-0.3202]
Epoch 112/150 [train]:  35%|███▍      | 9/26 [00:00<00:00, 85.83it/s, S=0.4353, loss=-0.3337]
Epoch 112/150 [train]:  35%|███▍      | 9/26 [00:00<00:00, 85.83it/s, S=0.4308, loss=-0.3080]
Epoch 112/150 [train]:  35%|███▍      | 9/26 [00:00<00:00, 85.83it/s, S=0.4254, loss=-0.2959]
Epoch 112/150 [train]:  35%|███▍      | 9/26 [00:00<00:00, 85.83it/s, S=0.4261, loss=-0.3155]
Epoch 112/150 [train]:  69%|██████▉   | 18/26 [00:00<00:00, 85.98it/s, S=0.4261, loss=-0.3155]
Epoch 112/150 [train]:  69%|██████▉   | 18/26 [00:00<00:00, 85.98it/s, S=0.4181, loss=-0.2917]
Epoch 112/150 [train]:  69%|██████▉   | 18/26 [00:00<00:00, 85.98it/s, S=0.4334, loss=-0.3290]
Epoch 112/150 [train]:  69%|██████▉   | 18/26 [00:00<00:00, 85.98it/s, S=0.4319, loss=-0.3198]
Epoch 112/150 [train]:  69%|██████▉   | 18/26 [00:00<00:00, 85.98it/s, S=0.4291, loss=-0.3189]
Epoch 112/150 [train]:  69%|██████▉   | 18/26 [00:00<00:00, 85.98it/s, S=0.4245, loss=-0.3114]
Epoch 112/150 [train]:  69%|██████▉   | 18/26 [00:00<00:00, 85.98it/s, S=0.4344, loss=-0.3284]
Epoch 112/150 [train]:  69%|██████▉   | 18/26 [00:00<00:00, 85.98it/s, S=0.4259, loss=-0.3208]
Epoch 112/150 [train]:  69%|██████▉   | 18/26 [00:00<00:00, 85.98it/s, S=0.4315, loss=-0.3173]
                                                                                              
Epoch 112/150  train loss=-0.3153  val loss=-0.3072  S[mean]=0.4323  ζ=0.4517  mean_plane_ζ=0.3545  reg=0.1251  λscale=0.77  lr=2.30e-04

Epoch 113/150 [train]:   0%|          | 0/26 [00:00<?, ?it/s]
Epoch 113/150 [train]:   0%|          | 0/26 [00:00<?, ?it/s, S=0.4255, loss=-0.3099]
Epoch 113/150 [train]:   0%|          | 0/26 [00:00<?, ?it/s, S=0.4340, loss=-0.3289]
Epoch 113/150 [train]:   0%|          | 0/26 [00:00<?, ?it/s, S=0.4329, loss=-0.3236]
Epoch 113/150 [train]:   0%|          | 0/26 [00:00<?, ?it/s, S=0.4327, loss=-0.3163]
Epoch 113/150 [train]:   0%|          | 0/26 [00:00<?, ?it/s, S=0.4224, loss=-0.3244]
Epoch 113/150 [train]:   0%|          | 0/26 [00:00<?, ?it/s, S=0.4266, loss=-0.2991]
Epoch 113/150 [train]:   0%|          | 0/26 [00:00<?, ?it/s, S=0.4281, loss=-0.3115]
Epoch 113/150 [train]:   0%|          | 0/26 [00:00<?, ?it/s, S=0.4176, loss=-0.2888]
Epoch 113/150 [train]:   0%|          | 0/26 [00:00<?, ?it/s, S=0.4210, loss=-0.3079]
Epoch 113/150 [train]:  35%|███▍      | 9/26 [00:00<00:00, 85.86it/s, S=0.4210, loss=-0.3079]
Epoch 113/150 [train]:  35%|███▍      | 9/26 [00:00<00:00, 85.86it/s, S=0.4245, loss=-0.2917]
Epoch 113/150 [train]:  35%|███▍      | 9/26 [00:00<00:00, 85.86it/s, S=0.4360, loss=-0.3290]
Epoch 113/150 [train]:  35%|███▍      | 9/26 [00:00<00:00, 85.86it/s, S=0.4226, loss=-0.3140]
Epoch 113/150 [train]:  35%|███▍      | 9/26 [00:00<00:00, 85.86it/s, S=0.4242, loss=-0.2816]
Epoch 113/150 [train]:  35%|███▍      | 9/26 [00:00<00:00, 85.86it/s, S=0.4250, loss=-0.3191]
Epoch 113/150 [train]:  35%|███▍      | 9/26 [00:00<00:00, 85.86it/s, S=0.4278, loss=-0.3126]
Epoch 113/150 [train]:  35%|███▍      | 9/26 [00:00<00:00, 85.86it/s, S=0.4297, loss=-0.3194]
Epoch 113/150 [train]:  35%|███▍      | 9/26 [00:00<00:00, 85.86it/s, S=0.4213, loss=-0.3124]
Epoch 113/150 [train]:  35%|███▍      | 9/26 [00:00<00:00, 85.86it/s, S=0.4303, loss=-0.3221]
Epoch 113/150 [train]:  69%|██████▉   | 18/26 [00:00<00:00, 85.92it/s, S=0.4303, loss=-0.3221]
Epoch 113/150 [train]:  69%|██████▉   | 18/26 [00:00<00:00, 85.92it/s, S=0.4310, loss=-0.3246]
Epoch 113/150 [train]:  69%|██████▉   | 18/26 [00:00<00:00, 85.92it/s, S=0.4226, loss=-0.3022]
Epoch 113/150 [train]:  69%|██████▉   | 18/26 [00:00<00:00, 85.92it/s, S=0.4315, loss=-0.3275]
Epoch 113/150 [train]:  69%|██████▉   | 18/26 [00:00<00:00, 85.92it/s, S=0.4276, loss=-0.3121]
Epoch 113/150 [train]:  69%|██████▉   | 18/26 [00:00<00:00, 85.92it/s, S=0.4288, loss=-0.3161]
Epoch 113/150 [train]:  69%|██████▉   | 18/26 [00:00<00:00, 85.92it/s, S=0.4248, loss=-0.2986]
Epoch 113/150 [train]:  69%|██████▉   | 18/26 [00:00<00:00, 85.92it/s, S=0.4354, loss=-0.3250]
Epoch 113/150 [train]:  69%|██████▉   | 18/26 [00:00<00:00, 85.92it/s, S=0.4203, loss=-0.3081]
                                                                                              
Epoch 113/150  train loss=-0.3126  val loss=-0.3077  S[mean]=0.4327  ζ=0.4513  mean_plane_ζ=0.3543  reg=0.1250  λscale=0.78  lr=2.21e-04

Epoch 114/150 [train]:   0%|          | 0/26 [00:00<?, ?it/s]
Epoch 114/150 [train]:   0%|          | 0/26 [00:00<?, ?it/s, S=0.4288, loss=-0.3032]
Epoch 114/150 [train]:   0%|          | 0/26 [00:00<?, ?it/s, S=0.4288, loss=-0.3201]
Epoch 114/150 [train]:   0%|          | 0/26 [00:00<?, ?it/s, S=0.4355, loss=-0.3212]
Epoch 114/150 [train]:   0%|          | 0/26 [00:00<?, ?it/s, S=0.4259, loss=-0.3038]
Epoch 114/150 [train]:   0%|          | 0/26 [00:00<?, ?it/s, S=0.4302, loss=-0.3193]
Epoch 114/150 [train]:   0%|          | 0/26 [00:00<?, ?it/s, S=0.4293, loss=-0.3195]
Epoch 114/150 [train]:   0%|          | 0/26 [00:00<?, ?it/s, S=0.4252, loss=-0.3087]
Epoch 114/150 [train]:   0%|          | 0/26 [00:00<?, ?it/s, S=0.4348, loss=-0.3206]
Epoch 114/150 [train]:   0%|          | 0/26 [00:00<?, ?it/s, S=0.4287, loss=-0.3199]
Epoch 114/150 [train]:  35%|███▍      | 9/26 [00:00<00:00, 85.89it/s, S=0.4287, loss=-0.3199]
Epoch 114/150 [train]:  35%|███▍      | 9/26 [00:00<00:00, 85.89it/s, S=0.4257, loss=-0.3171]
Epoch 114/150 [train]:  35%|███▍      | 9/26 [00:00<00:00, 85.89it/s, S=0.4223, loss=-0.3011]
Epoch 114/150 [train]:  35%|███▍      | 9/26 [00:00<00:00, 85.89it/s, S=0.4238, loss=-0.3051]
Epoch 114/150 [train]:  35%|███▍      | 9/26 [00:00<00:00, 85.89it/s, S=0.4315, loss=-0.3161]
Epoch 114/150 [train]:  35%|███▍      | 9/26 [00:00<00:00, 85.89it/s, S=0.4283, loss=-0.3172]
Epoch 114/150 [train]:  35%|███▍      | 9/26 [00:00<00:00, 85.89it/s, S=0.4260, loss=-0.3181]
Epoch 114/150 [train]:  35%|███▍      | 9/26 [00:00<00:00, 85.89it/s, S=0.4285, loss=-0.3221]
Epoch 114/150 [train]:  35%|███▍      | 9/26 [00:00<00:00, 85.89it/s, S=0.4185, loss=-0.2861]
Epoch 114/150 [train]:  35%|███▍      | 9/26 [00:00<00:00, 85.89it/s, S=0.4317, loss=-0.3213]
Epoch 114/150 [train]:  69%|██████▉   | 18/26 [00:00<00:00, 86.01it/s, S=0.4317, loss=-0.3213]
Epoch 114/150 [train]:  69%|██████▉   | 18/26 [00:00<00:00, 86.01it/s, S=0.4276, loss=-0.3061]
Epoch 114/150 [train]:  69%|██████▉   | 18/26 [00:00<00:00, 86.01it/s, S=0.4280, loss=-0.3210]
Epoch 114/150 [train]:  69%|██████▉   | 18/26 [00:00<00:00, 86.01it/s, S=0.4290, loss=-0.3241]
Epoch 114/150 [train]:  69%|██████▉   | 18/26 [00:00<00:00, 86.01it/s, S=0.4193, loss=-0.3042]
Epoch 114/150 [train]:  69%|██████▉   | 18/26 [00:00<00:00, 86.01it/s, S=0.4284, loss=-0.3153]
Epoch 114/150 [train]:  69%|██████▉   | 18/26 [00:00<00:00, 86.01it/s, S=0.4209, loss=-0.3168]
Epoch 114/150 [train]:  69%|██████▉   | 18/26 [00:00<00:00, 86.01it/s, S=0.4244, loss=-0.3124]
Epoch 114/150 [train]:  69%|██████▉   | 18/26 [00:00<00:00, 86.01it/s, S=0.4308, loss=-0.3215]
                                                                                              
Epoch 114/150  train loss=-0.3139  val loss=-0.3083  S[mean]=0.4328  ζ=0.4505  mean_plane_ζ=0.3538  reg=0.1245  λscale=0.78  lr=2.11e-04

Epoch 115/150 [train]:   0%|          | 0/26 [00:00<?, ?it/s]
Epoch 115/150 [train]:   0%|          | 0/26 [00:00<?, ?it/s, S=0.4300, loss=-0.3139]
Epoch 115/150 [train]:   0%|          | 0/26 [00:00<?, ?it/s, S=0.4371, loss=-0.3231]
Epoch 115/150 [train]:   0%|          | 0/26 [00:00<?, ?it/s, S=0.4209, loss=-0.3083]
Epoch 115/150 [train]:   0%|          | 0/26 [00:00<?, ?it/s, S=0.4279, loss=-0.3119]
Epoch 115/150 [train]:   0%|          | 0/26 [00:00<?, ?it/s, S=0.4251, loss=-0.3131]
Epoch 115/150 [train]:   0%|          | 0/26 [00:00<?, ?it/s, S=0.4321, loss=-0.3270]
Epoch 115/150 [train]:   0%|          | 0/26 [00:00<?, ?it/s, S=0.4341, loss=-0.3333]
Epoch 115/150 [train]:   0%|          | 0/26 [00:00<?, ?it/s, S=0.4257, loss=-0.3197]
Epoch 115/150 [train]:   0%|          | 0/26 [00:00<?, ?it/s, S=0.4302, loss=-0.3162]
Epoch 115/150 [train]:  35%|███▍      | 9/26 [00:00<00:00, 85.85it/s, S=0.4302, loss=-0.3162]
Epoch 115/150 [train]:  35%|███▍      | 9/26 [00:00<00:00, 85.85it/s, S=0.4276, loss=-0.3011]
Epoch 115/150 [train]:  35%|███▍      | 9/26 [00:00<00:00, 85.85it/s, S=0.4186, loss=-0.3068]
Epoch 115/150 [train]:  35%|███▍      | 9/26 [00:00<00:00, 85.85it/s, S=0.4168, loss=-0.2898]
Epoch 115/150 [train]:  35%|███▍      | 9/26 [00:00<00:00, 85.85it/s, S=0.4260, loss=-0.3169]
Epoch 115/150 [train]:  35%|███▍      | 9/26 [00:00<00:00, 85.85it/s, S=0.4283, loss=-0.3086]
Epoch 115/150 [train]:  35%|███▍      | 9/26 [00:00<00:00, 85.85it/s, S=0.4273, loss=-0.3231]
Epoch 115/150 [train]:  35%|███▍      | 9/26 [00:00<00:00, 85.85it/s, S=0.4326, loss=-0.3189]
Epoch 115/150 [train]:  35%|███▍      | 9/26 [00:00<00:00, 85.85it/s, S=0.4253, loss=-0.3134]
Epoch 115/150 [train]:  35%|███▍      | 9/26 [00:00<00:00, 85.85it/s, S=0.4284, loss=-0.3243]
Epoch 115/150 [train]:  69%|██████▉   | 18/26 [00:00<00:00, 85.85it/s, S=0.4284, loss=-0.3243]
Epoch 115/150 [train]:  69%|██████▉   | 18/26 [00:00<00:00, 85.85it/s, S=0.4290, loss=-0.3122]
Epoch 115/150 [train]:  69%|██████▉   | 18/26 [00:00<00:00, 85.85it/s, S=0.4229, loss=-0.3168]
Epoch 115/150 [train]:  69%|██████▉   | 18/26 [00:00<00:00, 85.85it/s, S=0.4324, loss=-0.3100]
Epoch 115/150 [train]:  69%|██████▉   | 18/26 [00:00<00:00, 85.85it/s, S=0.4261, loss=-0.3037]
Epoch 115/150 [train]:  69%|██████▉   | 18/26 [00:00<00:00, 85.85it/s, S=0.4265, loss=-0.3193]
Epoch 115/150 [train]:  69%|██████▉   | 18/26 [00:00<00:00, 85.85it/s, S=0.4302, loss=-0.3229]
Epoch 115/150 [train]:  69%|██████▉   | 18/26 [00:00<00:00, 85.85it/s, S=0.4178, loss=-0.3027]
Epoch 115/150 [train]:  69%|██████▉   | 18/26 [00:00<00:00, 85.85it/s, S=0.4267, loss=-0.3051]
                                                                                              
Epoch 115/150  train loss=-0.3139  val loss=-0.3078  S[mean]=0.4325  ζ=0.4511  mean_plane_ζ=0.3541  reg=0.1247  λscale=0.79  lr=2.01e-04

Epoch 116/150 [train]:   0%|          | 0/26 [00:00<?, ?it/s]
Epoch 116/150 [train]:   0%|          | 0/26 [00:00<?, ?it/s, S=0.4285, loss=-0.3073]
Epoch 116/150 [train]:   0%|          | 0/26 [00:00<?, ?it/s, S=0.4273, loss=-0.3198]
Epoch 116/150 [train]:   0%|          | 0/26 [00:00<?, ?it/s, S=0.4267, loss=-0.3225]
Epoch 116/150 [train]:   0%|          | 0/26 [00:00<?, ?it/s, S=0.4211, loss=-0.2952]
Epoch 116/150 [train]:   0%|          | 0/26 [00:00<?, ?it/s, S=0.4208, loss=-0.2963]
Epoch 116/150 [train]:   0%|          | 0/26 [00:00<?, ?it/s, S=0.4286, loss=-0.3174]
Epoch 116/150 [train]:   0%|          | 0/26 [00:00<?, ?it/s, S=0.4347, loss=-0.3283]
Epoch 116/150 [train]:   0%|          | 0/26 [00:00<?, ?it/s, S=0.4284, loss=-0.3087]
Epoch 116/150 [train]:   0%|          | 0/26 [00:00<?, ?it/s, S=0.4233, loss=-0.2955]
Epoch 116/150 [train]:  35%|███▍      | 9/26 [00:00<00:00, 86.06it/s, S=0.4233, loss=-0.2955]
Epoch 116/150 [train]:  35%|███▍      | 9/26 [00:00<00:00, 86.06it/s, S=0.4237, loss=-0.3120]
Epoch 116/150 [train]:  35%|███▍      | 9/26 [00:00<00:00, 86.06it/s, S=0.4267, loss=-0.3147]
Epoch 116/150 [train]:  35%|███▍      | 9/26 [00:00<00:00, 86.06it/s, S=0.4228, loss=-0.3029]
Epoch 116/150 [train]:  35%|███▍      | 9/26 [00:00<00:00, 86.06it/s, S=0.4257, loss=-0.3062]
Epoch 116/150 [train]:  35%|███▍      | 9/26 [00:00<00:00, 86.06it/s, S=0.4334, loss=-0.3295]
Epoch 116/150 [train]:  35%|███▍      | 9/26 [00:00<00:00, 86.06it/s, S=0.4268, loss=-0.3148]
Epoch 116/150 [train]:  35%|███▍      | 9/26 [00:00<00:00, 86.06it/s, S=0.4253, loss=-0.3075]
Epoch 116/150 [train]:  35%|███▍      | 9/26 [00:00<00:00, 86.06it/s, S=0.4244, loss=-0.3050]
Epoch 116/150 [train]:  35%|███▍      | 9/26 [00:00<00:00, 86.06it/s, S=0.4322, loss=-0.3206]
Epoch 116/150 [train]:  69%|██████▉   | 18/26 [00:00<00:00, 86.05it/s, S=0.4322, loss=-0.3206]
Epoch 116/150 [train]:  69%|██████▉   | 18/26 [00:00<00:00, 86.05it/s, S=0.4307, loss=-0.3113]
Epoch 116/150 [train]:  69%|██████▉   | 18/26 [00:00<00:00, 86.05it/s, S=0.4296, loss=-0.3205]
Epoch 116/150 [train]:  69%|██████▉   | 18/26 [00:00<00:00, 86.05it/s, S=0.4259, loss=-0.3165]
Epoch 116/150 [train]:  69%|██████▉   | 18/26 [00:00<00:00, 86.05it/s, S=0.4334, loss=-0.3161]
Epoch 116/150 [train]:  69%|██████▉   | 18/26 [00:00<00:00, 86.05it/s, S=0.4201, loss=-0.2959]
Epoch 116/150 [train]:  69%|██████▉   | 18/26 [00:00<00:00, 86.05it/s, S=0.4287, loss=-0.3203]
Epoch 116/150 [train]:  69%|██████▉   | 18/26 [00:00<00:00, 86.05it/s, S=0.4232, loss=-0.3203]
Epoch 116/150 [train]:  69%|██████▉   | 18/26 [00:00<00:00, 86.05it/s, S=0.4244, loss=-0.3130]
                                                                                              
Epoch 116/150  train loss=-0.3122  val loss=-0.3068  S[mean]=0.4323  ζ=0.4504  mean_plane_ζ=0.3538  reg=0.1255  λscale=0.79  lr=1.92e-04

Epoch 117/150 [train]:   0%|          | 0/26 [00:00<?, ?it/s]
Epoch 117/150 [train]:   0%|          | 0/26 [00:00<?, ?it/s, S=0.4298, loss=-0.3205]
Epoch 117/150 [train]:   0%|          | 0/26 [00:00<?, ?it/s, S=0.4236, loss=-0.3080]
Epoch 117/150 [train]:   0%|          | 0/26 [00:00<?, ?it/s, S=0.4222, loss=-0.3170]
Epoch 117/150 [train]:   0%|          | 0/26 [00:00<?, ?it/s, S=0.4268, loss=-0.3229]
Epoch 117/150 [train]:   0%|          | 0/26 [00:00<?, ?it/s, S=0.4312, loss=-0.3279]
Epoch 117/150 [train]:   0%|          | 0/26 [00:00<?, ?it/s, S=0.4307, loss=-0.3238]
Epoch 117/150 [train]:   0%|          | 0/26 [00:00<?, ?it/s, S=0.4263, loss=-0.3144]
Epoch 117/150 [train]:   0%|          | 0/26 [00:00<?, ?it/s, S=0.4262, loss=-0.3202]
Epoch 117/150 [train]:   0%|          | 0/26 [00:00<?, ?it/s, S=0.4252, loss=-0.3109]
Epoch 117/150 [train]:  35%|███▍      | 9/26 [00:00<00:00, 85.85it/s, S=0.4252, loss=-0.3109]
Epoch 117/150 [train]:  35%|███▍      | 9/26 [00:00<00:00, 85.85it/s, S=0.4262, loss=-0.3211]
Epoch 117/150 [train]:  35%|███▍      | 9/26 [00:00<00:00, 85.85it/s, S=0.4265, loss=-0.3185]
Epoch 117/150 [train]:  35%|███▍      | 9/26 [00:00<00:00, 85.85it/s, S=0.4331, loss=-0.3201]
Epoch 117/150 [train]:  35%|███▍      | 9/26 [00:00<00:00, 85.85it/s, S=0.4307, loss=-0.3225]
Epoch 117/150 [train]:  35%|███▍      | 9/26 [00:00<00:00, 85.85it/s, S=0.4300, loss=-0.3133]
Epoch 117/150 [train]:  35%|███▍      | 9/26 [00:00<00:00, 85.85it/s, S=0.4308, loss=-0.3279]
Epoch 117/150 [train]:  35%|███▍      | 9/26 [00:00<00:00, 85.85it/s, S=0.4311, loss=-0.3166]
Epoch 117/150 [train]:  35%|███▍      | 9/26 [00:00<00:00, 85.85it/s, S=0.4189, loss=-0.3030]
Epoch 117/150 [train]:  35%|███▍      | 9/26 [00:00<00:00, 85.85it/s, S=0.4244, loss=-0.2887]
Epoch 117/150 [train]:  69%|██████▉   | 18/26 [00:00<00:00, 86.04it/s, S=0.4244, loss=-0.2887]
Epoch 117/150 [train]:  69%|██████▉   | 18/26 [00:00<00:00, 86.04it/s, S=0.4262, loss=-0.3050]
Epoch 117/150 [train]:  69%|██████▉   | 18/26 [00:00<00:00, 86.04it/s, S=0.4300, loss=-0.3188]
Epoch 117/150 [train]:  69%|██████▉   | 18/26 [00:00<00:00, 86.04it/s, S=0.4287, loss=-0.3174]
Epoch 117/150 [train]:  69%|██████▉   | 18/26 [00:00<00:00, 86.04it/s, S=0.4230, loss=-0.3089]
Epoch 117/150 [train]:  69%|██████▉   | 18/26 [00:00<00:00, 86.04it/s, S=0.4274, loss=-0.3157]
Epoch 117/150 [train]:  69%|██████▉   | 18/26 [00:00<00:00, 86.04it/s, S=0.4303, loss=-0.3068]
Epoch 117/150 [train]:  69%|██████▉   | 18/26 [00:00<00:00, 86.04it/s, S=0.4226, loss=-0.2918]
Epoch 117/150 [train]:  69%|██████▉   | 18/26 [00:00<00:00, 86.04it/s, S=0.4293, loss=-0.3143]
                                                                                              
Epoch 117/150  train loss=-0.3144  val loss=-0.3059  S[mean]=0.4317  ζ=0.4510  mean_plane_ζ=0.3543  reg=0.1258  λscale=0.80  lr=1.82e-04

Epoch 118/150 [train]:   0%|          | 0/26 [00:00<?, ?it/s]
Epoch 118/150 [train]:   0%|          | 0/26 [00:00<?, ?it/s, S=0.4249, loss=-0.3083]
Epoch 118/150 [train]:   0%|          | 0/26 [00:00<?, ?it/s, S=0.4266, loss=-0.3167]
Epoch 118/150 [train]:   0%|          | 0/26 [00:00<?, ?it/s, S=0.4316, loss=-0.3195]
Epoch 118/150 [train]:   0%|          | 0/26 [00:00<?, ?it/s, S=0.4319, loss=-0.3089]
Epoch 118/150 [train]:   0%|          | 0/26 [00:00<?, ?it/s, S=0.4238, loss=-0.3075]
Epoch 118/150 [train]:   0%|          | 0/26 [00:00<?, ?it/s, S=0.4271, loss=-0.3171]
Epoch 118/150 [train]:   0%|          | 0/26 [00:00<?, ?it/s, S=0.4268, loss=-0.3214]
Epoch 118/150 [train]:   0%|          | 0/26 [00:00<?, ?it/s, S=0.4280, loss=-0.3220]
Epoch 118/150 [train]:   0%|          | 0/26 [00:00<?, ?it/s, S=0.4172, loss=-0.2901]
Epoch 118/150 [train]:  35%|███▍      | 9/26 [00:00<00:00, 85.89it/s, S=0.4172, loss=-0.2901]
Epoch 118/150 [train]:  35%|███▍      | 9/26 [00:00<00:00, 85.89it/s, S=0.4224, loss=-0.3115]
Epoch 118/150 [train]:  35%|███▍      | 9/26 [00:00<00:00, 85.89it/s, S=0.4236, loss=-0.3139]
Epoch 118/150 [train]:  35%|███▍      | 9/26 [00:00<00:00, 85.89it/s, S=0.4318, loss=-0.3200]
Epoch 118/150 [train]:  35%|███▍      | 9/26 [00:00<00:00, 85.89it/s, S=0.4346, loss=-0.3256]
Epoch 118/150 [train]:  35%|███▍      | 9/26 [00:00<00:00, 85.89it/s, S=0.4254, loss=-0.3077]
Epoch 118/150 [train]:  35%|███▍      | 9/26 [00:00<00:00, 85.89it/s, S=0.4285, loss=-0.3197]
Epoch 118/150 [train]:  35%|███▍      | 9/26 [00:00<00:00, 85.89it/s, S=0.4209, loss=-0.3029]
Epoch 118/150 [train]:  35%|███▍      | 9/26 [00:00<00:00, 85.89it/s, S=0.4331, loss=-0.3212]
Epoch 118/150 [train]:  35%|███▍      | 9/26 [00:00<00:00, 85.89it/s, S=0.4268, loss=-0.3044]
Epoch 118/150 [train]:  69%|██████▉   | 18/26 [00:00<00:00, 86.11it/s, S=0.4268, loss=-0.3044]
Epoch 118/150 [train]:  69%|██████▉   | 18/26 [00:00<00:00, 86.11it/s, S=0.4280, loss=-0.3195]
Epoch 118/150 [train]:  69%|██████▉   | 18/26 [00:00<00:00, 86.11it/s, S=0.4295, loss=-0.3226]
Epoch 118/150 [train]:  69%|██████▉   | 18/26 [00:00<00:00, 86.11it/s, S=0.4263, loss=-0.3256]
Epoch 118/150 [train]:  69%|██████▉   | 18/26 [00:00<00:00, 86.11it/s, S=0.4324, loss=-0.3275]
Epoch 118/150 [train]:  69%|██████▉   | 18/26 [00:00<00:00, 86.11it/s, S=0.4320, loss=-0.3288]
Epoch 118/150 [train]:  69%|██████▉   | 18/26 [00:00<00:00, 86.11it/s, S=0.4271, loss=-0.3133]
Epoch 118/150 [train]:  69%|██████▉   | 18/26 [00:00<00:00, 86.11it/s, S=0.4309, loss=-0.3260]
Epoch 118/150 [train]:  69%|██████▉   | 18/26 [00:00<00:00, 86.11it/s, S=0.4276, loss=-0.3168]
                                                                                              
Epoch 118/150  train loss=-0.3161  val loss=-0.3072  S[mean]=0.4323  ζ=0.4509  mean_plane_ζ=0.3538  reg=0.1250  λscale=0.81  lr=1.73e-04

Epoch 119/150 [train]:   0%|          | 0/26 [00:00<?, ?it/s]
Epoch 119/150 [train]:   0%|          | 0/26 [00:00<?, ?it/s, S=0.4278, loss=-0.3103]
Epoch 119/150 [train]:   0%|          | 0/26 [00:00<?, ?it/s, S=0.4270, loss=-0.3049]
Epoch 119/150 [train]:   0%|          | 0/26 [00:00<?, ?it/s, S=0.4289, loss=-0.3069]
Epoch 119/150 [train]:   0%|          | 0/26 [00:00<?, ?it/s, S=0.4391, loss=-0.3325]
Epoch 119/150 [train]:   0%|          | 0/26 [00:00<?, ?it/s, S=0.4274, loss=-0.3229]
Epoch 119/150 [train]:   0%|          | 0/26 [00:00<?, ?it/s, S=0.4305, loss=-0.3256]
Epoch 119/150 [train]:   0%|          | 0/26 [00:00<?, ?it/s, S=0.4274, loss=-0.3208]
Epoch 119/150 [train]:   0%|          | 0/26 [00:00<?, ?it/s, S=0.4292, loss=-0.3153]
Epoch 119/150 [train]:   0%|          | 0/26 [00:00<?, ?it/s, S=0.4231, loss=-0.2992]
Epoch 119/150 [train]:  35%|███▍      | 9/26 [00:00<00:00, 85.79it/s, S=0.4231, loss=-0.2992]
Epoch 119/150 [train]:  35%|███▍      | 9/26 [00:00<00:00, 85.79it/s, S=0.4274, loss=-0.3111]
Epoch 119/150 [train]:  35%|███▍      | 9/26 [00:00<00:00, 85.79it/s, S=0.4286, loss=-0.3204]
Epoch 119/150 [train]:  35%|███▍      | 9/26 [00:00<00:00, 85.79it/s, S=0.4228, loss=-0.3038]
Epoch 119/150 [train]:  35%|███▍      | 9/26 [00:00<00:00, 85.79it/s, S=0.4255, loss=-0.3024]
Epoch 119/150 [train]:  35%|███▍      | 9/26 [00:00<00:00, 85.79it/s, S=0.4211, loss=-0.2872]
Epoch 119/150 [train]:  35%|███▍      | 9/26 [00:00<00:00, 85.79it/s, S=0.4313, loss=-0.3141]
Epoch 119/150 [train]:  35%|███▍      | 9/26 [00:00<00:00, 85.79it/s, S=0.4307, loss=-0.3158]
Epoch 119/150 [train]:  35%|███▍      | 9/26 [00:00<00:00, 85.79it/s, S=0.4228, loss=-0.2957]
Epoch 119/150 [train]:  35%|███▍      | 9/26 [00:00<00:00, 85.79it/s, S=0.4211, loss=-0.3045]
Epoch 119/150 [train]:  69%|██████▉   | 18/26 [00:00<00:00, 86.01it/s, S=0.4211, loss=-0.3045]
Epoch 119/150 [train]:  69%|██████▉   | 18/26 [00:00<00:00, 86.01it/s, S=0.4269, loss=-0.3080]
Epoch 119/150 [train]:  69%|██████▉   | 18/26 [00:00<00:00, 86.01it/s, S=0.4174, loss=-0.2939]
Epoch 119/150 [train]:  69%|██████▉   | 18/26 [00:00<00:00, 86.01it/s, S=0.4264, loss=-0.3122]
Epoch 119/150 [train]:  69%|██████▉   | 18/26 [00:00<00:00, 86.01it/s, S=0.4253, loss=-0.3156]
Epoch 119/150 [train]:  69%|██████▉   | 18/26 [00:00<00:00, 86.01it/s, S=0.4232, loss=-0.3159]
Epoch 119/150 [train]:  69%|██████▉   | 18/26 [00:00<00:00, 86.01it/s, S=0.4219, loss=-0.3080]
Epoch 119/150 [train]:  69%|██████▉   | 18/26 [00:00<00:00, 86.01it/s, S=0.4288, loss=-0.3255]
Epoch 119/150 [train]:  69%|██████▉   | 18/26 [00:00<00:00, 86.01it/s, S=0.4266, loss=-0.3016]
                                                                                              
Epoch 119/150  train loss=-0.3105  val loss=-0.3061  S[mean]=0.4315  ζ=0.4508  mean_plane_ζ=0.3539  reg=0.1254  λscale=0.81  lr=1.63e-04

Epoch 120/150 [train]:   0%|          | 0/26 [00:00<?, ?it/s]
Epoch 120/150 [train]:   0%|          | 0/26 [00:00<?, ?it/s, S=0.4326, loss=-0.3279]
Epoch 120/150 [train]:   0%|          | 0/26 [00:00<?, ?it/s, S=0.4236, loss=-0.3154]
Epoch 120/150 [train]:   0%|          | 0/26 [00:00<?, ?it/s, S=0.4360, loss=-0.3240]
Epoch 120/150 [train]:   0%|          | 0/26 [00:00<?, ?it/s, S=0.4333, loss=-0.3301]
Epoch 120/150 [train]:   0%|          | 0/26 [00:00<?, ?it/s, S=0.4278, loss=-0.3281]
Epoch 120/150 [train]:   0%|          | 0/26 [00:00<?, ?it/s, S=0.4197, loss=-0.2968]
Epoch 120/150 [train]:   0%|          | 0/26 [00:00<?, ?it/s, S=0.4215, loss=-0.3046]
Epoch 120/150 [train]:   0%|          | 0/26 [00:00<?, ?it/s, S=0.4294, loss=-0.3151]
Epoch 120/150 [train]:   0%|          | 0/26 [00:00<?, ?it/s, S=0.4265, loss=-0.2956]
Epoch 120/150 [train]:  35%|███▍      | 9/26 [00:00<00:00, 85.89it/s, S=0.4265, loss=-0.2956]
Epoch 120/150 [train]:  35%|███▍      | 9/26 [00:00<00:00, 85.89it/s, S=0.4370, loss=-0.3331]
Epoch 120/150 [train]:  35%|███▍      | 9/26 [00:00<00:00, 85.89it/s, S=0.4274, loss=-0.3253]
Epoch 120/150 [train]:  35%|███▍      | 9/26 [00:00<00:00, 85.89it/s, S=0.4262, loss=-0.3206]
Epoch 120/150 [train]:  35%|███▍      | 9/26 [00:00<00:00, 85.89it/s, S=0.4349, loss=-0.3234]
Epoch 120/150 [train]:  35%|███▍      | 9/26 [00:00<00:00, 85.89it/s, S=0.4197, loss=-0.3065]
Epoch 120/150 [train]:  35%|███▍      | 9/26 [00:00<00:00, 85.89it/s, S=0.4161, loss=-0.2923]
Epoch 120/150 [train]:  35%|███▍      | 9/26 [00:00<00:00, 85.89it/s, S=0.4265, loss=-0.3202]
Epoch 120/150 [train]:  35%|███▍      | 9/26 [00:00<00:00, 85.89it/s, S=0.4219, loss=-0.3154]
Epoch 120/150 [train]:  35%|███▍      | 9/26 [00:00<00:00, 85.89it/s, S=0.4316, loss=-0.3284]
Epoch 120/150 [train]:  69%|██████▉   | 18/26 [00:00<00:00, 85.88it/s, S=0.4316, loss=-0.3284]
Epoch 120/150 [train]:  69%|██████▉   | 18/26 [00:00<00:00, 85.88it/s, S=0.4239, loss=-0.3166]
Epoch 120/150 [train]:  69%|██████▉   | 18/26 [00:00<00:00, 85.88it/s, S=0.4271, loss=-0.3150]
Epoch 120/150 [train]:  69%|██████▉   | 18/26 [00:00<00:00, 85.88it/s, S=0.4289, loss=-0.3165]
Epoch 120/150 [train]:  69%|██████▉   | 18/26 [00:00<00:00, 85.88it/s, S=0.4236, loss=-0.3030]
Epoch 120/150 [train]:  69%|██████▉   | 18/26 [00:00<00:00, 85.88it/s, S=0.4241, loss=-0.3080]
Epoch 120/150 [train]:  69%|██████▉   | 18/26 [00:00<00:00, 85.88it/s, S=0.4326, loss=-0.3244]
Epoch 120/150 [train]:  69%|██████▉   | 18/26 [00:00<00:00, 85.88it/s, S=0.4267, loss=-0.3204]
Epoch 120/150 [train]:  69%|██████▉   | 18/26 [00:00<00:00, 85.88it/s, S=0.4300, loss=-0.3181]
                                                                                              
Epoch 120/150  train loss=-0.3163  val loss=-0.3068  S[mean]=0.4319  ζ=0.4508  mean_plane_ζ=0.3538  reg=0.1251  λscale=0.82  lr=1.54e-04

Epoch 121/150 [train]:   0%|          | 0/26 [00:00<?, ?it/s]
Epoch 121/150 [train]:   0%|          | 0/26 [00:00<?, ?it/s, S=0.4278, loss=-0.3214]
Epoch 121/150 [train]:   0%|          | 0/26 [00:00<?, ?it/s, S=0.4265, loss=-0.3135]
Epoch 121/150 [train]:   0%|          | 0/26 [00:00<?, ?it/s, S=0.4339, loss=-0.3262]
Epoch 121/150 [train]:   0%|          | 0/26 [00:00<?, ?it/s, S=0.4301, loss=-0.3217]
Epoch 121/150 [train]:   0%|          | 0/26 [00:00<?, ?it/s, S=0.4315, loss=-0.3277]
Epoch 121/150 [train]:   0%|          | 0/26 [00:00<?, ?it/s, S=0.4293, loss=-0.3239]
Epoch 121/150 [train]:   0%|          | 0/26 [00:00<?, ?it/s, S=0.4237, loss=-0.3017]
Epoch 121/150 [train]:   0%|          | 0/26 [00:00<?, ?it/s, S=0.4246, loss=-0.3119]
Epoch 121/150 [train]:   0%|          | 0/26 [00:00<?, ?it/s, S=0.4324, loss=-0.3265]
Epoch 121/150 [train]:  35%|███▍      | 9/26 [00:00<00:00, 85.86it/s, S=0.4324, loss=-0.3265]
Epoch 121/150 [train]:  35%|███▍      | 9/26 [00:00<00:00, 85.86it/s, S=0.4211, loss=-0.3105]
Epoch 121/150 [train]:  35%|███▍      | 9/26 [00:00<00:00, 85.86it/s, S=0.4322, loss=-0.3267]
Epoch 121/150 [train]:  35%|███▍      | 9/26 [00:00<00:00, 85.86it/s, S=0.4228, loss=-0.3128]
Epoch 121/150 [train]:  35%|███▍      | 9/26 [00:00<00:00, 85.86it/s, S=0.4265, loss=-0.3044]
Epoch 121/150 [train]:  35%|███▍      | 9/26 [00:00<00:00, 85.86it/s, S=0.4290, loss=-0.3133]
Epoch 121/150 [train]:  35%|███▍      | 9/26 [00:00<00:00, 85.86it/s, S=0.4326, loss=-0.3266]
Epoch 121/150 [train]:  35%|███▍      | 9/26 [00:00<00:00, 85.86it/s, S=0.4274, loss=-0.3244]
Epoch 121/150 [train]:  35%|███▍      | 9/26 [00:00<00:00, 85.86it/s, S=0.4294, loss=-0.3230]
Epoch 121/150 [train]:  35%|███▍      | 9/26 [00:00<00:00, 85.86it/s, S=0.4288, loss=-0.3187]
Epoch 121/150 [train]:  69%|██████▉   | 18/26 [00:00<00:00, 85.92it/s, S=0.4288, loss=-0.3187]
Epoch 121/150 [train]:  69%|██████▉   | 18/26 [00:00<00:00, 85.92it/s, S=0.4245, loss=-0.3117]
Epoch 121/150 [train]:  69%|██████▉   | 18/26 [00:00<00:00, 85.92it/s, S=0.4233, loss=-0.2934]
Epoch 121/150 [train]:  69%|██████▉   | 18/26 [00:00<00:00, 85.92it/s, S=0.4320, loss=-0.3265]
Epoch 121/150 [train]:  69%|██████▉   | 18/26 [00:00<00:00, 85.92it/s, S=0.4222, loss=-0.3114]
Epoch 121/150 [train]:  69%|██████▉   | 18/26 [00:00<00:00, 85.92it/s, S=0.4266, loss=-0.3196]
Epoch 121/150 [train]:  69%|██████▉   | 18/26 [00:00<00:00, 85.92it/s, S=0.4286, loss=-0.3210]
Epoch 121/150 [train]:  69%|██████▉   | 18/26 [00:00<00:00, 85.92it/s, S=0.4232, loss=-0.3195]
Epoch 121/150 [train]:  69%|██████▉   | 18/26 [00:00<00:00, 85.92it/s, S=0.4273, loss=-0.3276]
                                                                                              
Epoch 121/150  train loss=-0.3179  val loss=-0.3062  S[mean]=0.4316  ζ=0.4514  mean_plane_ζ=0.3541  reg=0.1254  λscale=0.82  lr=1.45e-04

Epoch 122/150 [train]:   0%|          | 0/26 [00:00<?, ?it/s]
Epoch 122/150 [train]:   0%|          | 0/26 [00:00<?, ?it/s, S=0.4302, loss=-0.3215]
Epoch 122/150 [train]:   0%|          | 0/26 [00:00<?, ?it/s, S=0.4228, loss=-0.3100]
Epoch 122/150 [train]:   0%|          | 0/26 [00:00<?, ?it/s, S=0.4355, loss=-0.3339]
Epoch 122/150 [train]:   0%|          | 0/26 [00:00<?, ?it/s, S=0.4317, loss=-0.3180]
Epoch 122/150 [train]:   0%|          | 0/26 [00:00<?, ?it/s, S=0.4272, loss=-0.3233]
Epoch 122/150 [train]:   0%|          | 0/26 [00:00<?, ?it/s, S=0.4277, loss=-0.3156]
Epoch 122/150 [train]:   0%|          | 0/26 [00:00<?, ?it/s, S=0.4295, loss=-0.3244]
Epoch 122/150 [train]:   0%|          | 0/26 [00:00<?, ?it/s, S=0.4276, loss=-0.3201]
Epoch 122/150 [train]:   0%|          | 0/26 [00:00<?, ?it/s, S=0.4301, loss=-0.3110]
Epoch 122/150 [train]:  35%|███▍      | 9/26 [00:00<00:00, 85.89it/s, S=0.4301, loss=-0.3110]
Epoch 122/150 [train]:  35%|███▍      | 9/26 [00:00<00:00, 85.89it/s, S=0.4307, loss=-0.3260]
Epoch 122/150 [train]:  35%|███▍      | 9/26 [00:00<00:00, 85.89it/s, S=0.4292, loss=-0.3035]
Epoch 122/150 [train]:  35%|███▍      | 9/26 [00:00<00:00, 85.89it/s, S=0.4338, loss=-0.3234]
Epoch 122/150 [train]:  35%|███▍      | 9/26 [00:00<00:00, 85.89it/s, S=0.4301, loss=-0.3120]
Epoch 122/150 [train]:  35%|███▍      | 9/26 [00:00<00:00, 85.89it/s, S=0.4245, loss=-0.3167]
Epoch 122/150 [train]:  35%|███▍      | 9/26 [00:00<00:00, 85.89it/s, S=0.4298, loss=-0.3212]
Epoch 122/150 [train]:  35%|███▍      | 9/26 [00:00<00:00, 85.89it/s, S=0.4286, loss=-0.3287]
Epoch 122/150 [train]:  35%|███▍      | 9/26 [00:00<00:00, 85.89it/s, S=0.4252, loss=-0.3195]
Epoch 122/150 [train]:  35%|███▍      | 9/26 [00:00<00:00, 85.89it/s, S=0.4249, loss=-0.3048]
Epoch 122/150 [train]:  69%|██████▉   | 18/26 [00:00<00:00, 86.08it/s, S=0.4249, loss=-0.3048]
Epoch 122/150 [train]:  69%|██████▉   | 18/26 [00:00<00:00, 86.08it/s, S=0.4229, loss=-0.3057]
Epoch 122/150 [train]:  69%|██████▉   | 18/26 [00:00<00:00, 86.08it/s, S=0.4220, loss=-0.3097]
Epoch 122/150 [train]:  69%|██████▉   | 18/26 [00:00<00:00, 86.08it/s, S=0.4287, loss=-0.3182]
Epoch 122/150 [train]:  69%|██████▉   | 18/26 [00:00<00:00, 86.08it/s, S=0.4302, loss=-0.3195]
Epoch 122/150 [train]:  69%|██████▉   | 18/26 [00:00<00:00, 86.08it/s, S=0.4225, loss=-0.3117]
Epoch 122/150 [train]:  69%|██████▉   | 18/26 [00:00<00:00, 86.08it/s, S=0.4255, loss=-0.3158]
Epoch 122/150 [train]:  69%|██████▉   | 18/26 [00:00<00:00, 86.08it/s, S=0.4180, loss=-0.2950]
Epoch 122/150 [train]:  69%|██████▉   | 18/26 [00:00<00:00, 86.08it/s, S=0.4327, loss=-0.3193]
                                                                                              
Epoch 122/150  train loss=-0.3165  val loss=-0.3048  S[mean]=0.4314  ζ=0.4510  mean_plane_ζ=0.3539  reg=0.1266  λscale=0.83  lr=1.37e-04

Epoch 123/150 [train]:   0%|          | 0/26 [00:00<?, ?it/s]
Epoch 123/150 [train]:   0%|          | 0/26 [00:00<?, ?it/s, S=0.4325, loss=-0.3286]
Epoch 123/150 [train]:   0%|          | 0/26 [00:00<?, ?it/s, S=0.4160, loss=-0.3024]
Epoch 123/150 [train]:   0%|          | 0/26 [00:00<?, ?it/s, S=0.4142, loss=-0.2941]
Epoch 123/150 [train]:   0%|          | 0/26 [00:00<?, ?it/s, S=0.4287, loss=-0.3121]
Epoch 123/150 [train]:   0%|          | 0/26 [00:00<?, ?it/s, S=0.4317, loss=-0.3278]
Epoch 123/150 [train]:   0%|          | 0/26 [00:00<?, ?it/s, S=0.4200, loss=-0.3073]
Epoch 123/150 [train]:   0%|          | 0/26 [00:00<?, ?it/s, S=0.4268, loss=-0.3171]
Epoch 123/150 [train]:   0%|          | 0/26 [00:00<?, ?it/s, S=0.4320, loss=-0.3155]
Epoch 123/150 [train]:   0%|          | 0/26 [00:00<?, ?it/s, S=0.4165, loss=-0.2909]
Epoch 123/150 [train]:  35%|███▍      | 9/26 [00:00<00:00, 85.85it/s, S=0.4165, loss=-0.2909]
Epoch 123/150 [train]:  35%|███▍      | 9/26 [00:00<00:00, 85.85it/s, S=0.4264, loss=-0.3151]
Epoch 123/150 [train]:  35%|███▍      | 9/26 [00:00<00:00, 85.85it/s, S=0.4284, loss=-0.3154]
Epoch 123/150 [train]:  35%|███▍      | 9/26 [00:00<00:00, 85.85it/s, S=0.4308, loss=-0.3157]
Epoch 123/150 [train]:  35%|███▍      | 9/26 [00:00<00:00, 85.85it/s, S=0.4232, loss=-0.3131]
Epoch 123/150 [train]:  35%|███▍      | 9/26 [00:00<00:00, 85.85it/s, S=0.4287, loss=-0.3198]
Epoch 123/150 [train]:  35%|███▍      | 9/26 [00:00<00:00, 85.85it/s, S=0.4336, loss=-0.3278]
Epoch 123/150 [train]:  35%|███▍      | 9/26 [00:00<00:00, 85.85it/s, S=0.4287, loss=-0.3188]
Epoch 123/150 [train]:  35%|███▍      | 9/26 [00:00<00:00, 85.85it/s, S=0.4216, loss=-0.3032]
Epoch 123/150 [train]:  35%|███▍      | 9/26 [00:00<00:00, 85.85it/s, S=0.4256, loss=-0.3075]
Epoch 123/150 [train]:  69%|██████▉   | 18/26 [00:00<00:00, 86.02it/s, S=0.4256, loss=-0.3075]
Epoch 123/150 [train]:  69%|██████▉   | 18/26 [00:00<00:00, 86.02it/s, S=0.4294, loss=-0.3078]
Epoch 123/150 [train]:  69%|██████▉   | 18/26 [00:00<00:00, 86.02it/s, S=0.4279, loss=-0.3185]
Epoch 123/150 [train]:  69%|██████▉   | 18/26 [00:00<00:00, 86.02it/s, S=0.4302, loss=-0.3196]
Epoch 123/150 [train]:  69%|██████▉   | 18/26 [00:00<00:00, 86.02it/s, S=0.4258, loss=-0.3168]
Epoch 123/150 [train]:  69%|██████▉   | 18/26 [00:00<00:00, 86.02it/s, S=0.4335, loss=-0.3253]
Epoch 123/150 [train]:  69%|██████▉   | 18/26 [00:00<00:00, 86.02it/s, S=0.4239, loss=-0.3211]
Epoch 123/150 [train]:  69%|██████▉   | 18/26 [00:00<00:00, 86.02it/s, S=0.4245, loss=-0.3084]
Epoch 123/150 [train]:  69%|██████▉   | 18/26 [00:00<00:00, 86.02it/s, S=0.4301, loss=-0.3208]
                                                                                              
Epoch 123/150  train loss=-0.3142  val loss=-0.3054  S[mean]=0.4313  ζ=0.4511  mean_plane_ζ=0.3541  reg=0.1259  λscale=0.84  lr=1.28e-04

Epoch 124/150 [train]:   0%|          | 0/26 [00:00<?, ?it/s]
Epoch 124/150 [train]:   0%|          | 0/26 [00:00<?, ?it/s, S=0.4238, loss=-0.3126]
Epoch 124/150 [train]:   0%|          | 0/26 [00:00<?, ?it/s, S=0.4287, loss=-0.3258]
Epoch 124/150 [train]:   0%|          | 0/26 [00:00<?, ?it/s, S=0.4336, loss=-0.3289]
Epoch 124/150 [train]:   0%|          | 0/26 [00:00<?, ?it/s, S=0.4259, loss=-0.3128]
Epoch 124/150 [train]:   0%|          | 0/26 [00:00<?, ?it/s, S=0.4312, loss=-0.3273]
Epoch 124/150 [train]:   0%|          | 0/26 [00:00<?, ?it/s, S=0.4287, loss=-0.3212]
Epoch 124/150 [train]:   0%|          | 0/26 [00:00<?, ?it/s, S=0.4228, loss=-0.3180]
Epoch 124/150 [train]:   0%|          | 0/26 [00:00<?, ?it/s, S=0.4308, loss=-0.3215]
Epoch 124/150 [train]:   0%|          | 0/26 [00:00<?, ?it/s, S=0.4300, loss=-0.3197]
Epoch 124/150 [train]:  35%|███▍      | 9/26 [00:00<00:00, 86.08it/s, S=0.4300, loss=-0.3197]
Epoch 124/150 [train]:  35%|███▍      | 9/26 [00:00<00:00, 86.08it/s, S=0.4309, loss=-0.3185]
Epoch 124/150 [train]:  35%|███▍      | 9/26 [00:00<00:00, 86.08it/s, S=0.4249, loss=-0.2976]
Epoch 124/150 [train]:  35%|███▍      | 9/26 [00:00<00:00, 86.08it/s, S=0.4246, loss=-0.3158]
Epoch 124/150 [train]:  35%|███▍      | 9/26 [00:00<00:00, 86.08it/s, S=0.4244, loss=-0.3216]
Epoch 124/150 [train]:  35%|███▍      | 9/26 [00:00<00:00, 86.08it/s, S=0.4359, loss=-0.3289]
Epoch 124/150 [train]:  35%|███▍      | 9/26 [00:00<00:00, 86.08it/s, S=0.4197, loss=-0.2869]
Epoch 124/150 [train]:  35%|███▍      | 9/26 [00:00<00:00, 86.08it/s, S=0.4233, loss=-0.3160]
Epoch 124/150 [train]:  35%|███▍      | 9/26 [00:00<00:00, 86.08it/s, S=0.4242, loss=-0.3142]
Epoch 124/150 [train]:  35%|███▍      | 9/26 [00:00<00:00, 86.08it/s, S=0.4260, loss=-0.3071]
Epoch 124/150 [train]:  69%|██████▉   | 18/26 [00:00<00:00, 86.14it/s, S=0.4260, loss=-0.3071]
Epoch 124/150 [train]:  69%|██████▉   | 18/26 [00:00<00:00, 86.14it/s, S=0.4243, loss=-0.3197]
Epoch 124/150 [train]:  69%|██████▉   | 18/26 [00:00<00:00, 86.14it/s, S=0.4240, loss=-0.3047]
Epoch 124/150 [train]:  69%|██████▉   | 18/26 [00:00<00:00, 86.14it/s, S=0.4236, loss=-0.3126]
Epoch 124/150 [train]:  69%|██████▉   | 18/26 [00:00<00:00, 86.14it/s, S=0.4214, loss=-0.3085]
Epoch 124/150 [train]:  69%|██████▉   | 18/26 [00:00<00:00, 86.14it/s, S=0.4287, loss=-0.3077]
Epoch 124/150 [train]:  69%|██████▉   | 18/26 [00:00<00:00, 86.14it/s, S=0.4294, loss=-0.3199]
Epoch 124/150 [train]:  69%|██████▉   | 18/26 [00:00<00:00, 86.14it/s, S=0.4334, loss=-0.3043]
Epoch 124/150 [train]:  69%|██████▉   | 18/26 [00:00<00:00, 86.14it/s, S=0.4304, loss=-0.3217]
                                                                                              
Epoch 124/150  train loss=-0.3151  val loss=-0.3042  S[mean]=0.4313  ζ=0.4510  mean_plane_ζ=0.3541  reg=0.1271  λscale=0.84  lr=1.19e-04

Epoch 125/150 [train]:   0%|          | 0/26 [00:00<?, ?it/s]
Epoch 125/150 [train]:   0%|          | 0/26 [00:00<?, ?it/s, S=0.4266, loss=-0.3167]
Epoch 125/150 [train]:   0%|          | 0/26 [00:00<?, ?it/s, S=0.4261, loss=-0.3072]
Epoch 125/150 [train]:   0%|          | 0/26 [00:00<?, ?it/s, S=0.4302, loss=-0.3190]
Epoch 125/150 [train]:   0%|          | 0/26 [00:00<?, ?it/s, S=0.4310, loss=-0.3251]
Epoch 125/150 [train]:   0%|          | 0/26 [00:00<?, ?it/s, S=0.4222, loss=-0.3100]
Epoch 125/150 [train]:   0%|          | 0/26 [00:00<?, ?it/s, S=0.4269, loss=-0.2983]
Epoch 125/150 [train]:   0%|          | 0/26 [00:00<?, ?it/s, S=0.4254, loss=-0.3168]
Epoch 125/150 [train]:   0%|          | 0/26 [00:00<?, ?it/s, S=0.4295, loss=-0.3254]
Epoch 125/150 [train]:   0%|          | 0/26 [00:00<?, ?it/s, S=0.4261, loss=-0.3128]
Epoch 125/150 [train]:  35%|███▍      | 9/26 [00:00<00:00, 85.72it/s, S=0.4261, loss=-0.3128]
Epoch 125/150 [train]:  35%|███▍      | 9/26 [00:00<00:00, 85.72it/s, S=0.4257, loss=-0.3136]
Epoch 125/150 [train]:  35%|███▍      | 9/26 [00:00<00:00, 85.72it/s, S=0.4287, loss=-0.3134]
Epoch 125/150 [train]:  35%|███▍      | 9/26 [00:00<00:00, 85.72it/s, S=0.4272, loss=-0.3180]
Epoch 125/150 [train]:  35%|███▍      | 9/26 [00:00<00:00, 85.72it/s, S=0.4263, loss=-0.3124]
Epoch 125/150 [train]:  35%|███▍      | 9/26 [00:00<00:00, 85.72it/s, S=0.4275, loss=-0.3170]
Epoch 125/150 [train]:  35%|███▍      | 9/26 [00:00<00:00, 85.72it/s, S=0.4257, loss=-0.3199]
Epoch 125/150 [train]:  35%|███▍      | 9/26 [00:00<00:00, 85.72it/s, S=0.4259, loss=-0.3175]
Epoch 125/150 [train]:  35%|███▍      | 9/26 [00:00<00:00, 85.72it/s, S=0.4318, loss=-0.3195]
Epoch 125/150 [train]:  35%|███▍      | 9/26 [00:00<00:00, 85.72it/s, S=0.4306, loss=-0.3193]
Epoch 125/150 [train]:  69%|██████▉   | 18/26 [00:00<00:00, 85.74it/s, S=0.4306, loss=-0.3193]
Epoch 125/150 [train]:  69%|██████▉   | 18/26 [00:00<00:00, 85.74it/s, S=0.4294, loss=-0.3144]
Epoch 125/150 [train]:  69%|██████▉   | 18/26 [00:00<00:00, 85.74it/s, S=0.4256, loss=-0.3175]
Epoch 125/150 [train]:  69%|██████▉   | 18/26 [00:00<00:00, 85.74it/s, S=0.4251, loss=-0.3089]
Epoch 125/150 [train]:  69%|██████▉   | 18/26 [00:00<00:00, 85.74it/s, S=0.4238, loss=-0.3035]
Epoch 125/150 [train]:  69%|██████▉   | 18/26 [00:00<00:00, 85.74it/s, S=0.4260, loss=-0.3049]
Epoch 125/150 [train]:  69%|██████▉   | 18/26 [00:00<00:00, 85.74it/s, S=0.4218, loss=-0.3138]
Epoch 125/150 [train]:  69%|██████▉   | 18/26 [00:00<00:00, 85.74it/s, S=0.4207, loss=-0.3114]
Epoch 125/150 [train]:  69%|██████▉   | 18/26 [00:00<00:00, 85.74it/s, S=0.4288, loss=-0.3118]
                                                                                              
Epoch 125/150  train loss=-0.3142  val loss=-0.3042  S[mean]=0.4311  ζ=0.4512  mean_plane_ζ=0.3542  reg=0.1269  λscale=0.85  lr=1.11e-04

Epoch 126/150 [train]:   0%|          | 0/26 [00:00<?, ?it/s]
Epoch 126/150 [train]:   0%|          | 0/26 [00:00<?, ?it/s, S=0.4244, loss=-0.3137]
Epoch 126/150 [train]:   0%|          | 0/26 [00:00<?, ?it/s, S=0.4268, loss=-0.3091]
Epoch 126/150 [train]:   0%|          | 0/26 [00:00<?, ?it/s, S=0.4320, loss=-0.3214]
Epoch 126/150 [train]:   0%|          | 0/26 [00:00<?, ?it/s, S=0.4190, loss=-0.3054]
Epoch 126/150 [train]:   0%|          | 0/26 [00:00<?, ?it/s, S=0.4285, loss=-0.3277]
Epoch 126/150 [train]:   0%|          | 0/26 [00:00<?, ?it/s, S=0.4306, loss=-0.3251]
Epoch 126/150 [train]:   0%|          | 0/26 [00:00<?, ?it/s, S=0.4266, loss=-0.3142]
Epoch 126/150 [train]:   0%|          | 0/26 [00:00<?, ?it/s, S=0.4279, loss=-0.3141]
Epoch 126/150 [train]:   0%|          | 0/26 [00:00<?, ?it/s, S=0.4262, loss=-0.3144]
Epoch 126/150 [train]:  35%|███▍      | 9/26 [00:00<00:00, 85.75it/s, S=0.4262, loss=-0.3144]
Epoch 126/150 [train]:  35%|███▍      | 9/26 [00:00<00:00, 85.75it/s, S=0.4337, loss=-0.3264]
Epoch 126/150 [train]:  35%|███▍      | 9/26 [00:00<00:00, 85.75it/s, S=0.4326, loss=-0.3226]
Epoch 126/150 [train]:  35%|███▍      | 9/26 [00:00<00:00, 85.75it/s, S=0.4190, loss=-0.3079]
Epoch 126/150 [train]:  35%|███▍      | 9/26 [00:00<00:00, 85.75it/s, S=0.4341, loss=-0.3289]
Epoch 126/150 [train]:  35%|███▍      | 9/26 [00:00<00:00, 85.75it/s, S=0.4223, loss=-0.2946]
Epoch 126/150 [train]:  35%|███▍      | 9/26 [00:00<00:00, 85.75it/s, S=0.4280, loss=-0.3193]
Epoch 126/150 [train]:  35%|███▍      | 9/26 [00:00<00:00, 85.75it/s, S=0.4317, loss=-0.3247]
Epoch 126/150 [train]:  35%|███▍      | 9/26 [00:00<00:00, 85.75it/s, S=0.4244, loss=-0.3214]
Epoch 126/150 [train]:  35%|███▍      | 9/26 [00:00<00:00, 85.75it/s, S=0.4266, loss=-0.3022]
Epoch 126/150 [train]:  69%|██████▉   | 18/26 [00:00<00:00, 85.98it/s, S=0.4266, loss=-0.3022]
Epoch 126/150 [train]:  69%|██████▉   | 18/26 [00:00<00:00, 85.98it/s, S=0.4196, loss=-0.3174]
Epoch 126/150 [train]:  69%|██████▉   | 18/26 [00:00<00:00, 85.98it/s, S=0.4278, loss=-0.3142]
Epoch 126/150 [train]:  69%|██████▉   | 18/26 [00:00<00:00, 85.98it/s, S=0.4275, loss=-0.3037]
Epoch 126/150 [train]:  69%|██████▉   | 18/26 [00:00<00:00, 85.98it/s, S=0.4290, loss=-0.3201]
Epoch 126/150 [train]:  69%|██████▉   | 18/26 [00:00<00:00, 85.98it/s, S=0.4255, loss=-0.3110]
Epoch 126/150 [train]:  69%|██████▉   | 18/26 [00:00<00:00, 85.98it/s, S=0.4305, loss=-0.3204]
Epoch 126/150 [train]:  69%|██████▉   | 18/26 [00:00<00:00, 85.98it/s, S=0.4282, loss=-0.3224]
Epoch 126/150 [train]:  69%|██████▉   | 18/26 [00:00<00:00, 85.98it/s, S=0.4214, loss=-0.3105]
                                                                                              
Epoch 126/150  train loss=-0.3159  val loss=-0.3043  S[mean]=0.4310  ζ=0.4510  mean_plane_ζ=0.3541  reg=0.1267  λscale=0.86  lr=1.03e-04

Epoch 127/150 [train]:   0%|          | 0/26 [00:00<?, ?it/s]
Epoch 127/150 [train]:   0%|          | 0/26 [00:00<?, ?it/s, S=0.4312, loss=-0.3184]
Epoch 127/150 [train]:   0%|          | 0/26 [00:00<?, ?it/s, S=0.4309, loss=-0.3228]
Epoch 127/150 [train]:   0%|          | 0/26 [00:00<?, ?it/s, S=0.4268, loss=-0.3059]
Epoch 127/150 [train]:   0%|          | 0/26 [00:00<?, ?it/s, S=0.4192, loss=-0.2995]
Epoch 127/150 [train]:   0%|          | 0/26 [00:00<?, ?it/s, S=0.4264, loss=-0.3154]
Epoch 127/150 [train]:   0%|          | 0/26 [00:00<?, ?it/s, S=0.4239, loss=-0.2994]
Epoch 127/150 [train]:   0%|          | 0/26 [00:00<?, ?it/s, S=0.4304, loss=-0.3196]
Epoch 127/150 [train]:   0%|          | 0/26 [00:00<?, ?it/s, S=0.4288, loss=-0.3236]
Epoch 127/150 [train]:   0%|          | 0/26 [00:00<?, ?it/s, S=0.4321, loss=-0.3204]
Epoch 127/150 [train]:  35%|███▍      | 9/26 [00:00<00:00, 85.67it/s, S=0.4321, loss=-0.3204]
Epoch 127/150 [train]:  35%|███▍      | 9/26 [00:00<00:00, 85.67it/s, S=0.4341, loss=-0.3200]
Epoch 127/150 [train]:  35%|███▍      | 9/26 [00:00<00:00, 85.67it/s, S=0.4284, loss=-0.3226]
Epoch 127/150 [train]:  35%|███▍      | 9/26 [00:00<00:00, 85.67it/s, S=0.4239, loss=-0.3102]
Epoch 127/150 [train]:  35%|███▍      | 9/26 [00:00<00:00, 85.67it/s, S=0.4236, loss=-0.2999]
Epoch 127/150 [train]:  35%|███▍      | 9/26 [00:00<00:00, 85.67it/s, S=0.4212, loss=-0.2927]
Epoch 127/150 [train]:  35%|███▍      | 9/26 [00:00<00:00, 85.67it/s, S=0.4250, loss=-0.3127]
Epoch 127/150 [train]:  35%|███▍      | 9/26 [00:00<00:00, 85.67it/s, S=0.4302, loss=-0.3208]
Epoch 127/150 [train]:  35%|███▍      | 9/26 [00:00<00:00, 85.67it/s, S=0.4318, loss=-0.3195]
Epoch 127/150 [train]:  35%|███▍      | 9/26 [00:00<00:00, 85.67it/s, S=0.4323, loss=-0.3263]
Epoch 127/150 [train]:  69%|██████▉   | 18/26 [00:00<00:00, 85.88it/s, S=0.4323, loss=-0.3263]
Epoch 127/150 [train]:  69%|██████▉   | 18/26 [00:00<00:00, 85.88it/s, S=0.4234, loss=-0.3059]
Epoch 127/150 [train]:  69%|██████▉   | 18/26 [00:00<00:00, 85.88it/s, S=0.4231, loss=-0.2941]
Epoch 127/150 [train]:  69%|██████▉   | 18/26 [00:00<00:00, 85.88it/s, S=0.4249, loss=-0.3189]
Epoch 127/150 [train]:  69%|██████▉   | 18/26 [00:00<00:00, 85.88it/s, S=0.4206, loss=-0.3123]
Epoch 127/150 [train]:  69%|██████▉   | 18/26 [00:00<00:00, 85.88it/s, S=0.4219, loss=-0.3041]
Epoch 127/150 [train]:  69%|██████▉   | 18/26 [00:00<00:00, 85.88it/s, S=0.4248, loss=-0.3079]
Epoch 127/150 [train]:  69%|██████▉   | 18/26 [00:00<00:00, 85.88it/s, S=0.4225, loss=-0.3116]
Epoch 127/150 [train]:  69%|██████▉   | 18/26 [00:00<00:00, 85.88it/s, S=0.4275, loss=-0.3202]
                                                                                              
Epoch 127/150  train loss=-0.3125  val loss=-0.3031  S[mean]=0.4310  ζ=0.4510  mean_plane_ζ=0.3541  reg=0.1279  λscale=0.86  lr=9.52e-05

Epoch 128/150 [train]:   0%|          | 0/26 [00:00<?, ?it/s]
Epoch 128/150 [train]:   0%|          | 0/26 [00:00<?, ?it/s, S=0.4291, loss=-0.3235]
Epoch 128/150 [train]:   0%|          | 0/26 [00:00<?, ?it/s, S=0.4279, loss=-0.3081]
Epoch 128/150 [train]:   0%|          | 0/26 [00:00<?, ?it/s, S=0.4225, loss=-0.2938]
Epoch 128/150 [train]:   0%|          | 0/26 [00:00<?, ?it/s, S=0.4306, loss=-0.3281]
Epoch 128/150 [train]:   0%|          | 0/26 [00:00<?, ?it/s, S=0.4242, loss=-0.3158]
Epoch 128/150 [train]:   0%|          | 0/26 [00:00<?, ?it/s, S=0.4238, loss=-0.3071]
Epoch 128/150 [train]:   0%|          | 0/26 [00:00<?, ?it/s, S=0.4281, loss=-0.3174]
Epoch 128/150 [train]:   0%|          | 0/26 [00:00<?, ?it/s, S=0.4258, loss=-0.3165]
Epoch 128/150 [train]:   0%|          | 0/26 [00:00<?, ?it/s, S=0.4227, loss=-0.3137]
Epoch 128/150 [train]:  35%|███▍      | 9/26 [00:00<00:00, 85.99it/s, S=0.4227, loss=-0.3137]
Epoch 128/150 [train]:  35%|███▍      | 9/26 [00:00<00:00, 85.99it/s, S=0.4273, loss=-0.3187]
Epoch 128/150 [train]:  35%|███▍      | 9/26 [00:00<00:00, 85.99it/s, S=0.4274, loss=-0.3196]
Epoch 128/150 [train]:  35%|███▍      | 9/26 [00:00<00:00, 85.99it/s, S=0.4287, loss=-0.3260]
Epoch 128/150 [train]:  35%|███▍      | 9/26 [00:00<00:00, 85.99it/s, S=0.4314, loss=-0.3194]
Epoch 128/150 [train]:  35%|███▍      | 9/26 [00:00<00:00, 85.99it/s, S=0.4274, loss=-0.3230]
Epoch 128/150 [train]:  35%|███▍      | 9/26 [00:00<00:00, 85.99it/s, S=0.4353, loss=-0.3205]
Epoch 128/150 [train]:  35%|███▍      | 9/26 [00:00<00:00, 85.99it/s, S=0.4252, loss=-0.3183]
Epoch 128/150 [train]:  35%|███▍      | 9/26 [00:00<00:00, 85.99it/s, S=0.4197, loss=-0.3079]
Epoch 128/150 [train]:  35%|███▍      | 9/26 [00:00<00:00, 85.99it/s, S=0.4321, loss=-0.3279]
Epoch 128/150 [train]:  69%|██████▉   | 18/26 [00:00<00:00, 86.08it/s, S=0.4321, loss=-0.3279]
Epoch 128/150 [train]:  69%|██████▉   | 18/26 [00:00<00:00, 86.08it/s, S=0.4327, loss=-0.3250]
Epoch 128/150 [train]:  69%|██████▉   | 18/26 [00:00<00:00, 86.08it/s, S=0.4275, loss=-0.3066]
Epoch 128/150 [train]:  69%|██████▉   | 18/26 [00:00<00:00, 86.08it/s, S=0.4304, loss=-0.3255]
Epoch 128/150 [train]:  69%|██████▉   | 18/26 [00:00<00:00, 86.08it/s, S=0.4283, loss=-0.3221]
Epoch 128/150 [train]:  69%|██████▉   | 18/26 [00:00<00:00, 86.08it/s, S=0.4232, loss=-0.2872]
Epoch 128/150 [train]:  69%|██████▉   | 18/26 [00:00<00:00, 86.08it/s, S=0.4232, loss=-0.3128]
Epoch 128/150 [train]:  69%|██████▉   | 18/26 [00:00<00:00, 86.08it/s, S=0.4274, loss=-0.3141]
Epoch 128/150 [train]:  69%|██████▉   | 18/26 [00:00<00:00, 86.08it/s, S=0.4183, loss=-0.3078]
                                                                                              
Epoch 128/150  train loss=-0.3156  val loss=-0.3029  S[mean]=0.4308  ζ=0.4513  mean_plane_ζ=0.3543  reg=0.1280  λscale=0.87  lr=8.76e-05

Epoch 129/150 [train]:   0%|          | 0/26 [00:00<?, ?it/s]
Epoch 129/150 [train]:   0%|          | 0/26 [00:00<?, ?it/s, S=0.4285, loss=-0.3223]
Epoch 129/150 [train]:   0%|          | 0/26 [00:00<?, ?it/s, S=0.4216, loss=-0.3078]
Epoch 129/150 [train]:   0%|          | 0/26 [00:00<?, ?it/s, S=0.4285, loss=-0.3028]
Epoch 129/150 [train]:   0%|          | 0/26 [00:00<?, ?it/s, S=0.4254, loss=-0.3063]
Epoch 129/150 [train]:   0%|          | 0/26 [00:00<?, ?it/s, S=0.4288, loss=-0.3192]
Epoch 129/150 [train]:   0%|          | 0/26 [00:00<?, ?it/s, S=0.4236, loss=-0.3163]
Epoch 129/150 [train]:   0%|          | 0/26 [00:00<?, ?it/s, S=0.4315, loss=-0.3169]
Epoch 129/150 [train]:   0%|          | 0/26 [00:00<?, ?it/s, S=0.4304, loss=-0.3216]
Epoch 129/150 [train]:   0%|          | 0/26 [00:00<?, ?it/s, S=0.4262, loss=-0.3119]
Epoch 129/150 [train]:  35%|███▍      | 9/26 [00:00<00:00, 85.82it/s, S=0.4262, loss=-0.3119]
Epoch 129/150 [train]:  35%|███▍      | 9/26 [00:00<00:00, 85.82it/s, S=0.4312, loss=-0.3176]
Epoch 129/150 [train]:  35%|███▍      | 9/26 [00:00<00:00, 85.82it/s, S=0.4315, loss=-0.3273]
Epoch 129/150 [train]:  35%|███▍      | 9/26 [00:00<00:00, 85.82it/s, S=0.4280, loss=-0.3239]
Epoch 129/150 [train]:  35%|███▍      | 9/26 [00:00<00:00, 85.82it/s, S=0.4231, loss=-0.3105]
Epoch 129/150 [train]:  35%|███▍      | 9/26 [00:00<00:00, 85.82it/s, S=0.4312, loss=-0.3212]
Epoch 129/150 [train]:  35%|███▍      | 9/26 [00:00<00:00, 85.82it/s, S=0.4267, loss=-0.3097]
Epoch 129/150 [train]:  35%|███▍      | 9/26 [00:00<00:00, 85.82it/s, S=0.4264, loss=-0.3046]
Epoch 129/150 [train]:  35%|███▍      | 9/26 [00:00<00:00, 85.82it/s, S=0.4310, loss=-0.3179]
Epoch 129/150 [train]:  35%|███▍      | 9/26 [00:00<00:00, 85.82it/s, S=0.4236, loss=-0.3048]
Epoch 129/150 [train]:  69%|██████▉   | 18/26 [00:00<00:00, 85.91it/s, S=0.4236, loss=-0.3048]
Epoch 129/150 [train]:  69%|██████▉   | 18/26 [00:00<00:00, 85.91it/s, S=0.4311, loss=-0.3212]
Epoch 129/150 [train]:  69%|██████▉   | 18/26 [00:00<00:00, 85.91it/s, S=0.4224, loss=-0.3113]
Epoch 129/150 [train]:  69%|██████▉   | 18/26 [00:00<00:00, 85.91it/s, S=0.4247, loss=-0.2975]
Epoch 129/150 [train]:  69%|██████▉   | 18/26 [00:00<00:00, 85.91it/s, S=0.4259, loss=-0.3144]
Epoch 129/150 [train]:  69%|██████▉   | 18/26 [00:00<00:00, 85.91it/s, S=0.4293, loss=-0.3179]
Epoch 129/150 [train]:  69%|██████▉   | 18/26 [00:00<00:00, 85.91it/s, S=0.4276, loss=-0.3184]
Epoch 129/150 [train]:  69%|██████▉   | 18/26 [00:00<00:00, 85.91it/s, S=0.4224, loss=-0.3038]
Epoch 129/150 [train]:  69%|██████▉   | 18/26 [00:00<00:00, 85.91it/s, S=0.4250, loss=-0.3177]
                                                                                              
Epoch 129/150  train loss=-0.3140  val loss=-0.3025  S[mean]=0.4306  ζ=0.4509  mean_plane_ζ=0.3541  reg=0.1281  λscale=0.87  lr=8.03e-05

Epoch 130/150 [train]:   0%|          | 0/26 [00:00<?, ?it/s]
Epoch 130/150 [train]:   0%|          | 0/26 [00:00<?, ?it/s, S=0.4314, loss=-0.3265]
Epoch 130/150 [train]:   0%|          | 0/26 [00:00<?, ?it/s, S=0.4236, loss=-0.3142]
Epoch 130/150 [train]:   0%|          | 0/26 [00:00<?, ?it/s, S=0.4267, loss=-0.3069]
Epoch 130/150 [train]:   0%|          | 0/26 [00:00<?, ?it/s, S=0.4265, loss=-0.3189]
Epoch 130/150 [train]:   0%|          | 0/26 [00:00<?, ?it/s, S=0.4313, loss=-0.3289]
Epoch 130/150 [train]:   0%|          | 0/26 [00:00<?, ?it/s, S=0.4283, loss=-0.3124]
Epoch 130/150 [train]:   0%|          | 0/26 [00:00<?, ?it/s, S=0.4278, loss=-0.3106]
Epoch 130/150 [train]:   0%|          | 0/26 [00:00<?, ?it/s, S=0.4239, loss=-0.3106]
Epoch 130/150 [train]:   0%|          | 0/26 [00:00<?, ?it/s, S=0.4269, loss=-0.3108]
Epoch 130/150 [train]:  35%|███▍      | 9/26 [00:00<00:00, 85.30it/s, S=0.4269, loss=-0.3108]
Epoch 130/150 [train]:  35%|███▍      | 9/26 [00:00<00:00, 85.30it/s, S=0.4261, loss=-0.3111]
Epoch 130/150 [train]:  35%|███▍      | 9/26 [00:00<00:00, 85.30it/s, S=0.4293, loss=-0.3206]
Epoch 130/150 [train]:  35%|███▍      | 9/26 [00:00<00:00, 85.30it/s, S=0.4342, loss=-0.3170]
Epoch 130/150 [train]:  35%|███▍      | 9/26 [00:00<00:00, 85.30it/s, S=0.4202, loss=-0.3019]
Epoch 130/150 [train]:  35%|███▍      | 9/26 [00:00<00:00, 85.30it/s, S=0.4246, loss=-0.3118]
Epoch 130/150 [train]:  35%|███▍      | 9/26 [00:00<00:00, 85.30it/s, S=0.4215, loss=-0.3118]
Epoch 130/150 [train]:  35%|███▍      | 9/26 [00:00<00:00, 85.30it/s, S=0.4370, loss=-0.3201]
Epoch 130/150 [train]:  35%|███▍      | 9/26 [00:00<00:00, 85.30it/s, S=0.4287, loss=-0.3190]
Epoch 130/150 [train]:  35%|███▍      | 9/26 [00:00<00:00, 85.30it/s, S=0.4194, loss=-0.3122]
Epoch 130/150 [train]:  69%|██████▉   | 18/26 [00:00<00:00, 85.79it/s, S=0.4194, loss=-0.3122]
Epoch 130/150 [train]:  69%|██████▉   | 18/26 [00:00<00:00, 85.79it/s, S=0.4202, loss=-0.2985]
Epoch 130/150 [train]:  69%|██████▉   | 18/26 [00:00<00:00, 85.79it/s, S=0.4231, loss=-0.2941]
Epoch 130/150 [train]:  69%|██████▉   | 18/26 [00:00<00:00, 85.79it/s, S=0.4291, loss=-0.3132]
Epoch 130/150 [train]:  69%|██████▉   | 18/26 [00:00<00:00, 85.79it/s, S=0.4287, loss=-0.3175]
Epoch 130/150 [train]:  69%|██████▉   | 18/26 [00:00<00:00, 85.79it/s, S=0.4245, loss=-0.3153]
Epoch 130/150 [train]:  69%|██████▉   | 18/26 [00:00<00:00, 85.79it/s, S=0.4233, loss=-0.3134]
Epoch 130/150 [train]:  69%|██████▉   | 18/26 [00:00<00:00, 85.79it/s, S=0.4261, loss=-0.3114]
Epoch 130/150 [train]:  69%|██████▉   | 18/26 [00:00<00:00, 85.79it/s, S=0.4254, loss=-0.3109]
                                                                                              
Epoch 130/150  train loss=-0.3131  val loss=-0.3016  S[mean]=0.4305  ζ=0.4508  mean_plane_ζ=0.3541  reg=0.1289  λscale=0.88  lr=7.32e-05

Epoch 131/150 [train]:   0%|          | 0/26 [00:00<?, ?it/s]
Epoch 131/150 [train]:   0%|          | 0/26 [00:00<?, ?it/s, S=0.4300, loss=-0.3100]
Epoch 131/150 [train]:   0%|          | 0/26 [00:00<?, ?it/s, S=0.4193, loss=-0.3070]
Epoch 131/150 [train]:   0%|          | 0/26 [00:00<?, ?it/s, S=0.4322, loss=-0.3178]
Epoch 131/150 [train]:   0%|          | 0/26 [00:00<?, ?it/s, S=0.4273, loss=-0.3174]
Epoch 131/150 [train]:   0%|          | 0/26 [00:00<?, ?it/s, S=0.4272, loss=-0.3086]
Epoch 131/150 [train]:   0%|          | 0/26 [00:00<?, ?it/s, S=0.4332, loss=-0.3225]
Epoch 131/150 [train]:   0%|          | 0/26 [00:00<?, ?it/s, S=0.4251, loss=-0.3043]
Epoch 131/150 [train]:   0%|          | 0/26 [00:00<?, ?it/s, S=0.4252, loss=-0.3168]
Epoch 131/150 [train]:   0%|          | 0/26 [00:00<?, ?it/s, S=0.4204, loss=-0.3014]
Epoch 131/150 [train]:  35%|███▍      | 9/26 [00:00<00:00, 85.73it/s, S=0.4204, loss=-0.3014]
Epoch 131/150 [train]:  35%|███▍      | 9/26 [00:00<00:00, 85.73it/s, S=0.4349, loss=-0.3250]
Epoch 131/150 [train]:  35%|███▍      | 9/26 [00:00<00:00, 85.73it/s, S=0.4210, loss=-0.3113]
Epoch 131/150 [train]:  35%|███▍      | 9/26 [00:00<00:00, 85.73it/s, S=0.4222, loss=-0.3044]
Epoch 131/150 [train]:  35%|███▍      | 9/26 [00:00<00:00, 85.73it/s, S=0.4225, loss=-0.3078]
Epoch 131/150 [train]:  35%|███▍      | 9/26 [00:00<00:00, 85.73it/s, S=0.4256, loss=-0.3145]
Epoch 131/150 [train]:  35%|███▍      | 9/26 [00:00<00:00, 85.73it/s, S=0.4267, loss=-0.3167]
Epoch 131/150 [train]:  35%|███▍      | 9/26 [00:00<00:00, 85.73it/s, S=0.4198, loss=-0.2895]
Epoch 131/150 [train]:  35%|███▍      | 9/26 [00:00<00:00, 85.73it/s, S=0.4241, loss=-0.2948]
Epoch 131/150 [train]:  35%|███▍      | 9/26 [00:00<00:00, 85.73it/s, S=0.4214, loss=-0.3092]
Epoch 131/150 [train]:  69%|██████▉   | 18/26 [00:00<00:00, 85.84it/s, S=0.4214, loss=-0.3092]
Epoch 131/150 [train]:  69%|██████▉   | 18/26 [00:00<00:00, 85.84it/s, S=0.4289, loss=-0.3138]
Epoch 131/150 [train]:  69%|██████▉   | 18/26 [00:00<00:00, 85.84it/s, S=0.4289, loss=-0.3133]
Epoch 131/150 [train]:  69%|██████▉   | 18/26 [00:00<00:00, 85.84it/s, S=0.4164, loss=-0.2919]
Epoch 131/150 [train]:  69%|██████▉   | 18/26 [00:00<00:00, 85.84it/s, S=0.4287, loss=-0.3194]
Epoch 131/150 [train]:  69%|██████▉   | 18/26 [00:00<00:00, 85.84it/s, S=0.4210, loss=-0.2976]
Epoch 131/150 [train]:  69%|██████▉   | 18/26 [00:00<00:00, 85.84it/s, S=0.4315, loss=-0.3220]
Epoch 131/150 [train]:  69%|██████▉   | 18/26 [00:00<00:00, 85.84it/s, S=0.4333, loss=-0.3164]
Epoch 131/150 [train]:  69%|██████▉   | 18/26 [00:00<00:00, 85.84it/s, S=0.4196, loss=-0.2749]
                                                                                              
Epoch 131/150  train loss=-0.3088  val loss=-0.3013  S[mean]=0.4303  ζ=0.4511  mean_plane_ζ=0.3542  reg=0.1290  λscale=0.89  lr=6.64e-05

Epoch 132/150 [train]:   0%|          | 0/26 [00:00<?, ?it/s]
Epoch 132/150 [train]:   0%|          | 0/26 [00:00<?, ?it/s, S=0.4269, loss=-0.2984]
Epoch 132/150 [train]:   0%|          | 0/26 [00:00<?, ?it/s, S=0.4271, loss=-0.3189]
Epoch 132/150 [train]:   0%|          | 0/26 [00:00<?, ?it/s, S=0.4218, loss=-0.3135]
Epoch 132/150 [train]:   0%|          | 0/26 [00:00<?, ?it/s, S=0.4255, loss=-0.3083]
Epoch 132/150 [train]:   0%|          | 0/26 [00:00<?, ?it/s, S=0.4262, loss=-0.3172]
Epoch 132/150 [train]:   0%|          | 0/26 [00:00<?, ?it/s, S=0.4280, loss=-0.3124]
Epoch 132/150 [train]:   0%|          | 0/26 [00:00<?, ?it/s, S=0.4192, loss=-0.2952]
Epoch 132/150 [train]:   0%|          | 0/26 [00:00<?, ?it/s, S=0.4259, loss=-0.3226]
Epoch 132/150 [train]:   0%|          | 0/26 [00:00<?, ?it/s, S=0.4251, loss=-0.3141]
Epoch 132/150 [train]:  35%|███▍      | 9/26 [00:00<00:00, 86.10it/s, S=0.4251, loss=-0.3141]
Epoch 132/150 [train]:  35%|███▍      | 9/26 [00:00<00:00, 86.10it/s, S=0.4223, loss=-0.3140]
Epoch 132/150 [train]:  35%|███▍      | 9/26 [00:00<00:00, 86.10it/s, S=0.4313, loss=-0.3260]
Epoch 132/150 [train]:  35%|███▍      | 9/26 [00:00<00:00, 86.10it/s, S=0.4254, loss=-0.3070]
Epoch 132/150 [train]:  35%|███▍      | 9/26 [00:00<00:00, 86.10it/s, S=0.4323, loss=-0.3236]
Epoch 132/150 [train]:  35%|███▍      | 9/26 [00:00<00:00, 86.10it/s, S=0.4303, loss=-0.3221]
Epoch 132/150 [train]:  35%|███▍      | 9/26 [00:00<00:00, 86.10it/s, S=0.4314, loss=-0.3018]
Epoch 132/150 [train]:  35%|███▍      | 9/26 [00:00<00:00, 86.10it/s, S=0.4215, loss=-0.3148]
Epoch 132/150 [train]:  35%|███▍      | 9/26 [00:00<00:00, 86.10it/s, S=0.4249, loss=-0.3106]
Epoch 132/150 [train]:  35%|███▍      | 9/26 [00:00<00:00, 86.10it/s, S=0.4335, loss=-0.3217]
Epoch 132/150 [train]:  69%|██████▉   | 18/26 [00:00<00:00, 86.09it/s, S=0.4335, loss=-0.3217]
Epoch 132/150 [train]:  69%|██████▉   | 18/26 [00:00<00:00, 86.09it/s, S=0.4293, loss=-0.3181]
Epoch 132/150 [train]:  69%|██████▉   | 18/26 [00:00<00:00, 86.09it/s, S=0.4314, loss=-0.3197]
Epoch 132/150 [train]:  69%|██████▉   | 18/26 [00:00<00:00, 86.09it/s, S=0.4236, loss=-0.3060]
Epoch 132/150 [train]:  69%|██████▉   | 18/26 [00:00<00:00, 86.09it/s, S=0.4203, loss=-0.3083]
Epoch 132/150 [train]:  69%|██████▉   | 18/26 [00:00<00:00, 86.09it/s, S=0.4223, loss=-0.3033]
Epoch 132/150 [train]:  69%|██████▉   | 18/26 [00:00<00:00, 86.09it/s, S=0.4298, loss=-0.3165]
Epoch 132/150 [train]:  69%|██████▉   | 18/26 [00:00<00:00, 86.09it/s, S=0.4267, loss=-0.3187]
Epoch 132/150 [train]:  69%|██████▉   | 18/26 [00:00<00:00, 86.09it/s, S=0.4260, loss=-0.3106]
                                                                                              
Epoch 132/150  train loss=-0.3132  val loss=-0.3004  S[mean]=0.4301  ζ=0.4509  mean_plane_ζ=0.3541  reg=0.1297  λscale=0.89  lr=5.99e-05

Epoch 133/150 [train]:   0%|          | 0/26 [00:00<?, ?it/s]
Epoch 133/150 [train]:   0%|          | 0/26 [00:00<?, ?it/s, S=0.4303, loss=-0.3233]
Epoch 133/150 [train]:   0%|          | 0/26 [00:00<?, ?it/s, S=0.4187, loss=-0.3091]
Epoch 133/150 [train]:   0%|          | 0/26 [00:00<?, ?it/s, S=0.4319, loss=-0.3176]
Epoch 133/150 [train]:   0%|          | 0/26 [00:00<?, ?it/s, S=0.4216, loss=-0.2999]
Epoch 133/150 [train]:   0%|          | 0/26 [00:00<?, ?it/s, S=0.4277, loss=-0.3105]
Epoch 133/150 [train]:   0%|          | 0/26 [00:00<?, ?it/s, S=0.4261, loss=-0.3019]
Epoch 133/150 [train]:   0%|          | 0/26 [00:00<?, ?it/s, S=0.4291, loss=-0.3083]
Epoch 133/150 [train]:   0%|          | 0/26 [00:00<?, ?it/s, S=0.4225, loss=-0.3102]
Epoch 133/150 [train]:   0%|          | 0/26 [00:00<?, ?it/s, S=0.4251, loss=-0.3067]
Epoch 133/150 [train]:  35%|███▍      | 9/26 [00:00<00:00, 85.70it/s, S=0.4251, loss=-0.3067]
Epoch 133/150 [train]:  35%|███▍      | 9/26 [00:00<00:00, 85.70it/s, S=0.4291, loss=-0.3033]
Epoch 133/150 [train]:  35%|███▍      | 9/26 [00:00<00:00, 85.70it/s, S=0.4296, loss=-0.3253]
Epoch 133/150 [train]:  35%|███▍      | 9/26 [00:00<00:00, 85.70it/s, S=0.4325, loss=-0.3249]
Epoch 133/150 [train]:  35%|███▍      | 9/26 [00:00<00:00, 85.70it/s, S=0.4240, loss=-0.3137]
Epoch 133/150 [train]:  35%|███▍      | 9/26 [00:00<00:00, 85.70it/s, S=0.4324, loss=-0.3210]
Epoch 133/150 [train]:  35%|███▍      | 9/26 [00:00<00:00, 85.70it/s, S=0.4332, loss=-0.3259]
Epoch 133/150 [train]:  35%|███▍      | 9/26 [00:00<00:00, 85.70it/s, S=0.4219, loss=-0.3130]
Epoch 133/150 [train]:  35%|███▍      | 9/26 [00:00<00:00, 85.70it/s, S=0.4285, loss=-0.3167]
Epoch 133/150 [train]:  35%|███▍      | 9/26 [00:00<00:00, 85.70it/s, S=0.4265, loss=-0.3090]
Epoch 133/150 [train]:  69%|██████▉   | 18/26 [00:00<00:00, 85.94it/s, S=0.4265, loss=-0.3090]
Epoch 133/150 [train]:  69%|██████▉   | 18/26 [00:00<00:00, 85.94it/s, S=0.4247, loss=-0.3125]
Epoch 133/150 [train]:  69%|██████▉   | 18/26 [00:00<00:00, 85.94it/s, S=0.4240, loss=-0.3068]
Epoch 133/150 [train]:  69%|██████▉   | 18/26 [00:00<00:00, 85.94it/s, S=0.4236, loss=-0.3058]
Epoch 133/150 [train]:  69%|██████▉   | 18/26 [00:00<00:00, 85.94it/s, S=0.4223, loss=-0.3183]
Epoch 133/150 [train]:  69%|██████▉   | 18/26 [00:00<00:00, 85.94it/s, S=0.4298, loss=-0.3092]
Epoch 133/150 [train]:  69%|██████▉   | 18/26 [00:00<00:00, 85.94it/s, S=0.4326, loss=-0.3256]
Epoch 133/150 [train]:  69%|██████▉   | 18/26 [00:00<00:00, 85.94it/s, S=0.4252, loss=-0.3156]
Epoch 133/150 [train]:  69%|██████▉   | 18/26 [00:00<00:00, 85.94it/s, S=0.4208, loss=-0.2906]
                                                                                              
Epoch 133/150  train loss=-0.3125  val loss=-0.3001  S[mean]=0.4301  ζ=0.4511  mean_plane_ζ=0.3543  reg=0.1300  λscale=0.90  lr=5.37e-05

Epoch 134/150 [train]:   0%|          | 0/26 [00:00<?, ?it/s]
Epoch 134/150 [train]:   0%|          | 0/26 [00:00<?, ?it/s, S=0.4244, loss=-0.3164]
Epoch 134/150 [train]:   0%|          | 0/26 [00:00<?, ?it/s, S=0.4271, loss=-0.3215]
Epoch 134/150 [train]:   0%|          | 0/26 [00:00<?, ?it/s, S=0.4197, loss=-0.2959]
Epoch 134/150 [train]:   0%|          | 0/26 [00:00<?, ?it/s, S=0.4259, loss=-0.3113]
Epoch 134/150 [train]:   0%|          | 0/26 [00:00<?, ?it/s, S=0.4273, loss=-0.3074]
Epoch 134/150 [train]:   0%|          | 0/26 [00:00<?, ?it/s, S=0.4275, loss=-0.3171]
Epoch 134/150 [train]:   0%|          | 0/26 [00:00<?, ?it/s, S=0.4286, loss=-0.3216]
Epoch 134/150 [train]:   0%|          | 0/26 [00:00<?, ?it/s, S=0.4256, loss=-0.3183]
Epoch 134/150 [train]:   0%|          | 0/26 [00:00<?, ?it/s, S=0.4135, loss=-0.2838]
Epoch 134/150 [train]:  35%|███▍      | 9/26 [00:00<00:00, 85.73it/s, S=0.4135, loss=-0.2838]
Epoch 134/150 [train]:  35%|███▍      | 9/26 [00:00<00:00, 85.73it/s, S=0.4341, loss=-0.3263]
Epoch 134/150 [train]:  35%|███▍      | 9/26 [00:00<00:00, 85.73it/s, S=0.4314, loss=-0.3191]
Epoch 134/150 [train]:  35%|███▍      | 9/26 [00:00<00:00, 85.73it/s, S=0.4289, loss=-0.3128]
Epoch 134/150 [train]:  35%|███▍      | 9/26 [00:00<00:00, 85.73it/s, S=0.4251, loss=-0.2948]
Epoch 134/150 [train]:  35%|███▍      | 9/26 [00:00<00:00, 85.73it/s, S=0.4233, loss=-0.3168]
Epoch 134/150 [train]:  35%|███▍      | 9/26 [00:00<00:00, 85.73it/s, S=0.4259, loss=-0.3068]
Epoch 134/150 [train]:  35%|███▍      | 9/26 [00:00<00:00, 85.73it/s, S=0.4275, loss=-0.3164]
Epoch 134/150 [train]:  35%|███▍      | 9/26 [00:00<00:00, 85.73it/s, S=0.4276, loss=-0.3186]
Epoch 134/150 [train]:  35%|███▍      | 9/26 [00:00<00:00, 85.73it/s, S=0.4248, loss=-0.3141]
Epoch 134/150 [train]:  69%|██████▉   | 18/26 [00:00<00:00, 85.96it/s, S=0.4248, loss=-0.3141]
Epoch 134/150 [train]:  69%|██████▉   | 18/26 [00:00<00:00, 85.96it/s, S=0.4299, loss=-0.3104]
Epoch 134/150 [train]:  69%|██████▉   | 18/26 [00:00<00:00, 85.96it/s, S=0.4179, loss=-0.2848]
Epoch 134/150 [train]:  69%|██████▉   | 18/26 [00:00<00:00, 85.96it/s, S=0.4252, loss=-0.3063]
Epoch 134/150 [train]:  69%|██████▉   | 18/26 [00:00<00:00, 85.96it/s, S=0.4250, loss=-0.3169]
Epoch 134/150 [train]:  69%|██████▉   | 18/26 [00:00<00:00, 85.96it/s, S=0.4262, loss=-0.3071]
Epoch 134/150 [train]:  69%|██████▉   | 18/26 [00:00<00:00, 85.96it/s, S=0.4257, loss=-0.3011]
Epoch 134/150 [train]:  69%|██████▉   | 18/26 [00:00<00:00, 85.96it/s, S=0.4271, loss=-0.3124]
Epoch 134/150 [train]:  69%|██████▉   | 18/26 [00:00<00:00, 85.96it/s, S=0.4240, loss=-0.2943]
                                                                                              
Epoch 134/150  train loss=-0.3097  val loss=-0.2997  S[mean]=0.4300  ζ=0.4513  mean_plane_ζ=0.3544  reg=0.1303  λscale=0.90  lr=4.77e-05

Epoch 135/150 [train]:   0%|          | 0/26 [00:00<?, ?it/s]
Epoch 135/150 [train]:   0%|          | 0/26 [00:00<?, ?it/s, S=0.4229, loss=-0.2979]
Epoch 135/150 [train]:   0%|          | 0/26 [00:00<?, ?it/s, S=0.4199, loss=-0.2972]
Epoch 135/150 [train]:   0%|          | 0/26 [00:00<?, ?it/s, S=0.4225, loss=-0.3099]
Epoch 135/150 [train]:   0%|          | 0/26 [00:00<?, ?it/s, S=0.4225, loss=-0.3055]
Epoch 135/150 [train]:   0%|          | 0/26 [00:00<?, ?it/s, S=0.4344, loss=-0.3109]
Epoch 135/150 [train]:   0%|          | 0/26 [00:00<?, ?it/s, S=0.4290, loss=-0.3039]
Epoch 135/150 [train]:   0%|          | 0/26 [00:00<?, ?it/s, S=0.4306, loss=-0.3209]
Epoch 135/150 [train]:   0%|          | 0/26 [00:00<?, ?it/s, S=0.4252, loss=-0.3226]
Epoch 135/150 [train]:   0%|          | 0/26 [00:00<?, ?it/s, S=0.4195, loss=-0.2889]
Epoch 135/150 [train]:  35%|███▍      | 9/26 [00:00<00:00, 85.87it/s, S=0.4195, loss=-0.2889]
Epoch 135/150 [train]:  35%|███▍      | 9/26 [00:00<00:00, 85.87it/s, S=0.4292, loss=-0.3240]
Epoch 135/150 [train]:  35%|███▍      | 9/26 [00:00<00:00, 85.87it/s, S=0.4244, loss=-0.3119]
Epoch 135/150 [train]:  35%|███▍      | 9/26 [00:00<00:00, 85.87it/s, S=0.4235, loss=-0.3038]
Epoch 135/150 [train]:  35%|███▍      | 9/26 [00:00<00:00, 85.87it/s, S=0.4211, loss=-0.3095]
Epoch 135/150 [train]:  35%|███▍      | 9/26 [00:00<00:00, 85.87it/s, S=0.4307, loss=-0.3180]
Epoch 135/150 [train]:  35%|███▍      | 9/26 [00:00<00:00, 85.87it/s, S=0.4298, loss=-0.3164]
Epoch 135/150 [train]:  35%|███▍      | 9/26 [00:00<00:00, 85.87it/s, S=0.4304, loss=-0.3107]
Epoch 135/150 [train]:  35%|███▍      | 9/26 [00:00<00:00, 85.87it/s, S=0.4238, loss=-0.3077]
Epoch 135/150 [train]:  35%|███▍      | 9/26 [00:00<00:00, 85.87it/s, S=0.4255, loss=-0.3219]
Epoch 135/150 [train]:  69%|██████▉   | 18/26 [00:00<00:00, 86.01it/s, S=0.4255, loss=-0.3219]
Epoch 135/150 [train]:  69%|██████▉   | 18/26 [00:00<00:00, 86.01it/s, S=0.4296, loss=-0.3143]
Epoch 135/150 [train]:  69%|██████▉   | 18/26 [00:00<00:00, 86.01it/s, S=0.4263, loss=-0.3141]
Epoch 135/150 [train]:  69%|██████▉   | 18/26 [00:00<00:00, 86.01it/s, S=0.4233, loss=-0.3039]
Epoch 135/150 [train]:  69%|██████▉   | 18/26 [00:00<00:00, 86.01it/s, S=0.4227, loss=-0.3101]
Epoch 135/150 [train]:  69%|██████▉   | 18/26 [00:00<00:00, 86.01it/s, S=0.4205, loss=-0.3134]
Epoch 135/150 [train]:  69%|██████▉   | 18/26 [00:00<00:00, 86.01it/s, S=0.4269, loss=-0.3020]
Epoch 135/150 [train]:  69%|██████▉   | 18/26 [00:00<00:00, 86.01it/s, S=0.4255, loss=-0.2998]
Epoch 135/150 [train]:  69%|██████▉   | 18/26 [00:00<00:00, 86.01it/s, S=0.4333, loss=-0.3206]
                                                                                              
Epoch 135/150  train loss=-0.3100  val loss=-0.2983  S[mean]=0.4298  ζ=0.4513  mean_plane_ζ=0.3545  reg=0.1315  λscale=0.91  lr=4.21e-05

Epoch 136/150 [train]:   0%|          | 0/26 [00:00<?, ?it/s]
Epoch 136/150 [train]:   0%|          | 0/26 [00:00<?, ?it/s, S=0.4253, loss=-0.3150]
Epoch 136/150 [train]:   0%|          | 0/26 [00:00<?, ?it/s, S=0.4281, loss=-0.3108]
Epoch 136/150 [train]:   0%|          | 0/26 [00:00<?, ?it/s, S=0.4337, loss=-0.3222]
Epoch 136/150 [train]:   0%|          | 0/26 [00:00<?, ?it/s, S=0.4292, loss=-0.3157]
Epoch 136/150 [train]:   0%|          | 0/26 [00:00<?, ?it/s, S=0.4302, loss=-0.3183]
Epoch 136/150 [train]:   0%|          | 0/26 [00:00<?, ?it/s, S=0.4245, loss=-0.3168]
Epoch 136/150 [train]:   0%|          | 0/26 [00:00<?, ?it/s, S=0.4280, loss=-0.3087]
Epoch 136/150 [train]:   0%|          | 0/26 [00:00<?, ?it/s, S=0.4245, loss=-0.3141]
Epoch 136/150 [train]:   0%|          | 0/26 [00:00<?, ?it/s, S=0.4247, loss=-0.3101]
Epoch 136/150 [train]:  35%|███▍      | 9/26 [00:00<00:00, 86.00it/s, S=0.4247, loss=-0.3101]
Epoch 136/150 [train]:  35%|███▍      | 9/26 [00:00<00:00, 86.00it/s, S=0.4286, loss=-0.3157]
Epoch 136/150 [train]:  35%|███▍      | 9/26 [00:00<00:00, 86.00it/s, S=0.4299, loss=-0.3126]
Epoch 136/150 [train]:  35%|███▍      | 9/26 [00:00<00:00, 86.00it/s, S=0.4206, loss=-0.3063]
Epoch 136/150 [train]:  35%|███▍      | 9/26 [00:00<00:00, 86.00it/s, S=0.4226, loss=-0.2996]
Epoch 136/150 [train]:  35%|███▍      | 9/26 [00:00<00:00, 86.00it/s, S=0.4264, loss=-0.3081]
Epoch 136/150 [train]:  35%|███▍      | 9/26 [00:00<00:00, 86.00it/s, S=0.4238, loss=-0.3035]
Epoch 136/150 [train]:  35%|███▍      | 9/26 [00:00<00:00, 86.00it/s, S=0.4281, loss=-0.3167]
Epoch 136/150 [train]:  35%|███▍      | 9/26 [00:00<00:00, 86.00it/s, S=0.4201, loss=-0.3015]
Epoch 136/150 [train]:  35%|███▍      | 9/26 [00:00<00:00, 86.00it/s, S=0.4190, loss=-0.2925]
Epoch 136/150 [train]:  69%|██████▉   | 18/26 [00:00<00:00, 86.05it/s, S=0.4190, loss=-0.2925]
Epoch 136/150 [train]:  69%|██████▉   | 18/26 [00:00<00:00, 86.05it/s, S=0.4257, loss=-0.3148]
Epoch 136/150 [train]:  69%|██████▉   | 18/26 [00:00<00:00, 86.05it/s, S=0.4258, loss=-0.3177]
Epoch 136/150 [train]:  69%|██████▉   | 18/26 [00:00<00:00, 86.05it/s, S=0.4286, loss=-0.3161]
Epoch 136/150 [train]:  69%|██████▉   | 18/26 [00:00<00:00, 86.05it/s, S=0.4268, loss=-0.3101]
Epoch 136/150 [train]:  69%|██████▉   | 18/26 [00:00<00:00, 86.05it/s, S=0.4278, loss=-0.3136]
Epoch 136/150 [train]:  69%|██████▉   | 18/26 [00:00<00:00, 86.05it/s, S=0.4297, loss=-0.3207]
Epoch 136/150 [train]:  69%|██████▉   | 18/26 [00:00<00:00, 86.05it/s, S=0.4280, loss=-0.3148]
Epoch 136/150 [train]:  69%|██████▉   | 18/26 [00:00<00:00, 86.05it/s, S=0.4245, loss=-0.3040]
                                                                                              
Epoch 136/150  train loss=-0.3115  val loss=-0.2978  S[mean]=0.4297  ζ=0.4511  mean_plane_ζ=0.3543  reg=0.1320  λscale=0.92  lr=3.68e-05

Epoch 137/150 [train]:   0%|          | 0/26 [00:00<?, ?it/s]
Epoch 137/150 [train]:   0%|          | 0/26 [00:00<?, ?it/s, S=0.4291, loss=-0.3127]
Epoch 137/150 [train]:   0%|          | 0/26 [00:00<?, ?it/s, S=0.4269, loss=-0.3140]
Epoch 137/150 [train]:   0%|          | 0/26 [00:00<?, ?it/s, S=0.4307, loss=-0.3232]
Epoch 137/150 [train]:   0%|          | 0/26 [00:00<?, ?it/s, S=0.4246, loss=-0.3189]
Epoch 137/150 [train]:   0%|          | 0/26 [00:00<?, ?it/s, S=0.4243, loss=-0.3026]
Epoch 137/150 [train]:   0%|          | 0/26 [00:00<?, ?it/s, S=0.4252, loss=-0.2990]
Epoch 137/150 [train]:   0%|          | 0/26 [00:00<?, ?it/s, S=0.4310, loss=-0.3190]
Epoch 137/150 [train]:   0%|          | 0/26 [00:00<?, ?it/s, S=0.4175, loss=-0.3028]
Epoch 137/150 [train]:   0%|          | 0/26 [00:00<?, ?it/s, S=0.4223, loss=-0.3060]
Epoch 137/150 [train]:  35%|███▍      | 9/26 [00:00<00:00, 85.71it/s, S=0.4223, loss=-0.3060]
Epoch 137/150 [train]:  35%|███▍      | 9/26 [00:00<00:00, 85.71it/s, S=0.4248, loss=-0.3086]
Epoch 137/150 [train]:  35%|███▍      | 9/26 [00:00<00:00, 85.71it/s, S=0.4312, loss=-0.3210]
Epoch 137/150 [train]:  35%|███▍      | 9/26 [00:00<00:00, 85.71it/s, S=0.4222, loss=-0.2983]
Epoch 137/150 [train]:  35%|███▍      | 9/26 [00:00<00:00, 85.71it/s, S=0.4241, loss=-0.3109]
Epoch 137/150 [train]:  35%|███▍      | 9/26 [00:00<00:00, 85.71it/s, S=0.4303, loss=-0.3194]
Epoch 137/150 [train]:  35%|███▍      | 9/26 [00:00<00:00, 85.71it/s, S=0.4262, loss=-0.3080]
Epoch 137/150 [train]:  35%|███▍      | 9/26 [00:00<00:00, 85.71it/s, S=0.4268, loss=-0.3170]
Epoch 137/150 [train]:  35%|███▍      | 9/26 [00:00<00:00, 85.71it/s, S=0.4214, loss=-0.2873]
Epoch 137/150 [train]:  35%|███▍      | 9/26 [00:00<00:00, 85.71it/s, S=0.4203, loss=-0.3068]
Epoch 137/150 [train]:  69%|██████▉   | 18/26 [00:00<00:00, 85.47it/s, S=0.4203, loss=-0.3068]
Epoch 137/150 [train]:  69%|██████▉   | 18/26 [00:00<00:00, 85.47it/s, S=0.4298, loss=-0.3084]
Epoch 137/150 [train]:  69%|██████▉   | 18/26 [00:00<00:00, 85.47it/s, S=0.4205, loss=-0.2894]
Epoch 137/150 [train]:  69%|██████▉   | 18/26 [00:00<00:00, 85.47it/s, S=0.4307, loss=-0.3198]
Epoch 137/150 [train]:  69%|██████▉   | 18/26 [00:00<00:00, 85.47it/s, S=0.4253, loss=-0.3082]
Epoch 137/150 [train]:  69%|██████▉   | 18/26 [00:00<00:00, 85.47it/s, S=0.4211, loss=-0.2891]
Epoch 137/150 [train]:  69%|██████▉   | 18/26 [00:00<00:00, 85.47it/s, S=0.4271, loss=-0.3173]
Epoch 137/150 [train]:  69%|██████▉   | 18/26 [00:00<00:00, 85.47it/s, S=0.4272, loss=-0.3094]
Epoch 137/150 [train]:  69%|██████▉   | 18/26 [00:00<00:00, 85.47it/s, S=0.4235, loss=-0.3016]
                                                                                              
Epoch 137/150  train loss=-0.3084  val loss=-0.2973  S[mean]=0.4297  ζ=0.4511  mean_plane_ζ=0.3544  reg=0.1324  λscale=0.92  lr=3.19e-05

Epoch 138/150 [train]:   0%|          | 0/26 [00:00<?, ?it/s]
Epoch 138/150 [train]:   0%|          | 0/26 [00:00<?, ?it/s, S=0.4242, loss=-0.3125]
Epoch 138/150 [train]:   0%|          | 0/26 [00:00<?, ?it/s, S=0.4235, loss=-0.3041]
Epoch 138/150 [train]:   0%|          | 0/26 [00:00<?, ?it/s, S=0.4308, loss=-0.3198]
Epoch 138/150 [train]:   0%|          | 0/26 [00:00<?, ?it/s, S=0.4281, loss=-0.3158]
Epoch 138/150 [train]:   0%|          | 0/26 [00:00<?, ?it/s, S=0.4223, loss=-0.3042]
Epoch 138/150 [train]:   0%|          | 0/26 [00:00<?, ?it/s, S=0.4221, loss=-0.3065]
Epoch 138/150 [train]:   0%|          | 0/26 [00:00<?, ?it/s, S=0.4279, loss=-0.3098]
Epoch 138/150 [train]:   0%|          | 0/26 [00:00<?, ?it/s, S=0.4280, loss=-0.3195]
Epoch 138/150 [train]:   0%|          | 0/26 [00:00<?, ?it/s, S=0.4342, loss=-0.3244]
Epoch 138/150 [train]:  35%|███▍      | 9/26 [00:00<00:00, 85.90it/s, S=0.4342, loss=-0.3244]
Epoch 138/150 [train]:  35%|███▍      | 9/26 [00:00<00:00, 85.90it/s, S=0.4245, loss=-0.3070]
Epoch 138/150 [train]:  35%|███▍      | 9/26 [00:00<00:00, 85.90it/s, S=0.4289, loss=-0.3094]
Epoch 138/150 [train]:  35%|███▍      | 9/26 [00:00<00:00, 85.90it/s, S=0.4238, loss=-0.3096]
Epoch 138/150 [train]:  35%|███▍      | 9/26 [00:00<00:00, 85.90it/s, S=0.4257, loss=-0.3094]
Epoch 138/150 [train]:  35%|███▍      | 9/26 [00:00<00:00, 85.90it/s, S=0.4242, loss=-0.3049]
Epoch 138/150 [train]:  35%|███▍      | 9/26 [00:00<00:00, 85.90it/s, S=0.4255, loss=-0.3154]
Epoch 138/150 [train]:  35%|███▍      | 9/26 [00:00<00:00, 85.90it/s, S=0.4308, loss=-0.3233]
Epoch 138/150 [train]:  35%|███▍      | 9/26 [00:00<00:00, 85.90it/s, S=0.4237, loss=-0.3039]
Epoch 138/150 [train]:  35%|███▍      | 9/26 [00:00<00:00, 85.90it/s, S=0.4236, loss=-0.3029]
Epoch 138/150 [train]:  69%|██████▉   | 18/26 [00:00<00:00, 85.93it/s, S=0.4236, loss=-0.3029]
Epoch 138/150 [train]:  69%|██████▉   | 18/26 [00:00<00:00, 85.93it/s, S=0.4293, loss=-0.3170]
Epoch 138/150 [train]:  69%|██████▉   | 18/26 [00:00<00:00, 85.93it/s, S=0.4227, loss=-0.3132]
Epoch 138/150 [train]:  69%|██████▉   | 18/26 [00:00<00:00, 85.93it/s, S=0.4257, loss=-0.3063]
Epoch 138/150 [train]:  69%|██████▉   | 18/26 [00:00<00:00, 85.93it/s, S=0.4256, loss=-0.3047]
Epoch 138/150 [train]:  69%|██████▉   | 18/26 [00:00<00:00, 85.93it/s, S=0.4263, loss=-0.3103]
Epoch 138/150 [train]:  69%|██████▉   | 18/26 [00:00<00:00, 85.93it/s, S=0.4366, loss=-0.3278]
Epoch 138/150 [train]:  69%|██████▉   | 18/26 [00:00<00:00, 85.93it/s, S=0.4202, loss=-0.2837]
Epoch 138/150 [train]:  69%|██████▉   | 18/26 [00:00<00:00, 85.93it/s, S=0.4283, loss=-0.3229]
                                                                                              
Epoch 138/150  train loss=-0.3111  val loss=-0.2966  S[mean]=0.4296  ζ=0.4510  mean_plane_ζ=0.3543  reg=0.1329  λscale=0.93  lr=2.72e-05

Epoch 139/150 [train]:   0%|          | 0/26 [00:00<?, ?it/s]
Epoch 139/150 [train]:   0%|          | 0/26 [00:00<?, ?it/s, S=0.4162, loss=-0.2750]
Epoch 139/150 [train]:   0%|          | 0/26 [00:00<?, ?it/s, S=0.4311, loss=-0.3186]
Epoch 139/150 [train]:   0%|          | 0/26 [00:00<?, ?it/s, S=0.4237, loss=-0.2984]
Epoch 139/150 [train]:   0%|          | 0/26 [00:00<?, ?it/s, S=0.4346, loss=-0.3163]
Epoch 139/150 [train]:   0%|          | 0/26 [00:00<?, ?it/s, S=0.4298, loss=-0.3202]
Epoch 139/150 [train]:   0%|          | 0/26 [00:00<?, ?it/s, S=0.4261, loss=-0.3181]
Epoch 139/150 [train]:   0%|          | 0/26 [00:00<?, ?it/s, S=0.4319, loss=-0.3204]
Epoch 139/150 [train]:   0%|          | 0/26 [00:00<?, ?it/s, S=0.4233, loss=-0.2974]
Epoch 139/150 [train]:   0%|          | 0/26 [00:00<?, ?it/s, S=0.4249, loss=-0.3064]
Epoch 139/150 [train]:  35%|███▍      | 9/26 [00:00<00:00, 85.82it/s, S=0.4249, loss=-0.3064]
Epoch 139/150 [train]:  35%|███▍      | 9/26 [00:00<00:00, 85.82it/s, S=0.4143, loss=-0.2773]
Epoch 139/150 [train]:  35%|███▍      | 9/26 [00:00<00:00, 85.82it/s, S=0.4269, loss=-0.3102]
Epoch 139/150 [train]:  35%|███▍      | 9/26 [00:00<00:00, 85.82it/s, S=0.4267, loss=-0.3166]
Epoch 139/150 [train]:  35%|███▍      | 9/26 [00:00<00:00, 85.82it/s, S=0.4233, loss=-0.3127]
Epoch 139/150 [train]:  35%|███▍      | 9/26 [00:00<00:00, 85.82it/s, S=0.4254, loss=-0.3118]
Epoch 139/150 [train]:  35%|███▍      | 9/26 [00:00<00:00, 85.82it/s, S=0.4198, loss=-0.3033]
Epoch 139/150 [train]:  35%|███▍      | 9/26 [00:00<00:00, 85.82it/s, S=0.4274, loss=-0.3072]
Epoch 139/150 [train]:  35%|███▍      | 9/26 [00:00<00:00, 85.82it/s, S=0.4281, loss=-0.3140]
Epoch 139/150 [train]:  35%|███▍      | 9/26 [00:00<00:00, 85.82it/s, S=0.4272, loss=-0.3145]
Epoch 139/150 [train]:  69%|██████▉   | 18/26 [00:00<00:00, 85.95it/s, S=0.4272, loss=-0.3145]
Epoch 139/150 [train]:  69%|██████▉   | 18/26 [00:00<00:00, 85.95it/s, S=0.4275, loss=-0.3061]
Epoch 139/150 [train]:  69%|██████▉   | 18/26 [00:00<00:00, 85.95it/s, S=0.4289, loss=-0.3167]
Epoch 139/150 [train]:  69%|██████▉   | 18/26 [00:00<00:00, 85.95it/s, S=0.4293, loss=-0.3218]
Epoch 139/150 [train]:  69%|██████▉   | 18/26 [00:00<00:00, 85.95it/s, S=0.4220, loss=-0.3079]
Epoch 139/150 [train]:  69%|██████▉   | 18/26 [00:00<00:00, 85.95it/s, S=0.4252, loss=-0.3067]
Epoch 139/150 [train]:  69%|██████▉   | 18/26 [00:00<00:00, 85.95it/s, S=0.4311, loss=-0.3197]
Epoch 139/150 [train]:  69%|██████▉   | 18/26 [00:00<00:00, 85.95it/s, S=0.4198, loss=-0.3038]
Epoch 139/150 [train]:  69%|██████▉   | 18/26 [00:00<00:00, 85.95it/s, S=0.4331, loss=-0.3270]
                                                                                              
Epoch 139/150  train loss=-0.3095  val loss=-0.2958  S[mean]=0.4295  ζ=0.4511  mean_plane_ζ=0.3544  reg=0.1337  λscale=0.93  lr=2.30e-05

Epoch 140/150 [train]:   0%|          | 0/26 [00:00<?, ?it/s]
Epoch 140/150 [train]:   0%|          | 0/26 [00:00<?, ?it/s, S=0.4290, loss=-0.3063]
Epoch 140/150 [train]:   0%|          | 0/26 [00:00<?, ?it/s, S=0.4178, loss=-0.3005]
Epoch 140/150 [train]:   0%|          | 0/26 [00:00<?, ?it/s, S=0.4313, loss=-0.3205]
Epoch 140/150 [train]:   0%|          | 0/26 [00:00<?, ?it/s, S=0.4227, loss=-0.3025]
Epoch 140/150 [train]:   0%|          | 0/26 [00:00<?, ?it/s, S=0.4323, loss=-0.3234]
Epoch 140/150 [train]:   0%|          | 0/26 [00:00<?, ?it/s, S=0.4260, loss=-0.3077]
Epoch 140/150 [train]:   0%|          | 0/26 [00:00<?, ?it/s, S=0.4230, loss=-0.3077]
Epoch 140/150 [train]:   0%|          | 0/26 [00:00<?, ?it/s, S=0.4253, loss=-0.3023]
Epoch 140/150 [train]:   0%|          | 0/26 [00:00<?, ?it/s, S=0.4273, loss=-0.3095]
Epoch 140/150 [train]:  35%|███▍      | 9/26 [00:00<00:00, 85.67it/s, S=0.4273, loss=-0.3095]
Epoch 140/150 [train]:  35%|███▍      | 9/26 [00:00<00:00, 85.67it/s, S=0.4294, loss=-0.3048]
Epoch 140/150 [train]:  35%|███▍      | 9/26 [00:00<00:00, 85.67it/s, S=0.4233, loss=-0.3058]
Epoch 140/150 [train]:  35%|███▍      | 9/26 [00:00<00:00, 85.67it/s, S=0.4225, loss=-0.3028]
Epoch 140/150 [train]:  35%|███▍      | 9/26 [00:00<00:00, 85.67it/s, S=0.4075, loss=-0.2666]
Epoch 140/150 [train]:  35%|███▍      | 9/26 [00:00<00:00, 85.67it/s, S=0.4269, loss=-0.3119]
Epoch 140/150 [train]:  35%|███▍      | 9/26 [00:00<00:00, 85.67it/s, S=0.4298, loss=-0.3153]
Epoch 140/150 [train]:  35%|███▍      | 9/26 [00:00<00:00, 85.67it/s, S=0.4194, loss=-0.2963]
Epoch 140/150 [train]:  35%|███▍      | 9/26 [00:00<00:00, 85.67it/s, S=0.4182, loss=-0.3031]
Epoch 140/150 [train]:  35%|███▍      | 9/26 [00:00<00:00, 85.67it/s, S=0.4323, loss=-0.3131]
Epoch 140/150 [train]:  69%|██████▉   | 18/26 [00:00<00:00, 85.85it/s, S=0.4323, loss=-0.3131]
Epoch 140/150 [train]:  69%|██████▉   | 18/26 [00:00<00:00, 85.85it/s, S=0.4265, loss=-0.3189]
Epoch 140/150 [train]:  69%|██████▉   | 18/26 [00:00<00:00, 85.85it/s, S=0.4289, loss=-0.3129]
Epoch 140/150 [train]:  69%|██████▉   | 18/26 [00:00<00:00, 85.85it/s, S=0.4234, loss=-0.2955]
Epoch 140/150 [train]:  69%|██████▉   | 18/26 [00:00<00:00, 85.85it/s, S=0.4275, loss=-0.3011]
Epoch 140/150 [train]:  69%|██████▉   | 18/26 [00:00<00:00, 85.85it/s, S=0.4265, loss=-0.3130]
Epoch 140/150 [train]:  69%|██████▉   | 18/26 [00:00<00:00, 85.85it/s, S=0.4260, loss=-0.3168]
Epoch 140/150 [train]:  69%|██████▉   | 18/26 [00:00<00:00, 85.85it/s, S=0.4292, loss=-0.3110]
Epoch 140/150 [train]:  69%|██████▉   | 18/26 [00:00<00:00, 85.85it/s, S=0.4305, loss=-0.3134]
                                                                                              
Epoch 140/150  train loss=-0.3070  val loss=-0.2953  S[mean]=0.4295  ζ=0.4510  mean_plane_ζ=0.3543  reg=0.1342  λscale=0.94  lr=1.90e-05

Epoch 141/150 [train]:   0%|          | 0/26 [00:00<?, ?it/s]
Epoch 141/150 [train]:   0%|          | 0/26 [00:00<?, ?it/s, S=0.4267, loss=-0.3070]
Epoch 141/150 [train]:   0%|          | 0/26 [00:00<?, ?it/s, S=0.4257, loss=-0.3100]
Epoch 141/150 [train]:   0%|          | 0/26 [00:00<?, ?it/s, S=0.4314, loss=-0.3028]
Epoch 141/150 [train]:   0%|          | 0/26 [00:00<?, ?it/s, S=0.4220, loss=-0.3046]
Epoch 141/150 [train]:   0%|          | 0/26 [00:00<?, ?it/s, S=0.4179, loss=-0.2912]
Epoch 141/150 [train]:   0%|          | 0/26 [00:00<?, ?it/s, S=0.4267, loss=-0.3133]
Epoch 141/150 [train]:   0%|          | 0/26 [00:00<?, ?it/s, S=0.4306, loss=-0.3198]
Epoch 141/150 [train]:   0%|          | 0/26 [00:00<?, ?it/s, S=0.4298, loss=-0.3122]
Epoch 141/150 [train]:   0%|          | 0/26 [00:00<?, ?it/s, S=0.4298, loss=-0.3214]
Epoch 141/150 [train]:  35%|███▍      | 9/26 [00:00<00:00, 85.80it/s, S=0.4298, loss=-0.3214]
Epoch 141/150 [train]:  35%|███▍      | 9/26 [00:00<00:00, 85.80it/s, S=0.4291, loss=-0.3147]
Epoch 141/150 [train]:  35%|███▍      | 9/26 [00:00<00:00, 85.80it/s, S=0.4316, loss=-0.3147]
Epoch 141/150 [train]:  35%|███▍      | 9/26 [00:00<00:00, 85.80it/s, S=0.4232, loss=-0.3095]
Epoch 141/150 [train]:  35%|███▍      | 9/26 [00:00<00:00, 85.80it/s, S=0.4243, loss=-0.3034]
Epoch 141/150 [train]:  35%|███▍      | 9/26 [00:00<00:00, 85.80it/s, S=0.4238, loss=-0.2963]
Epoch 141/150 [train]:  35%|███▍      | 9/26 [00:00<00:00, 85.80it/s, S=0.4229, loss=-0.2916]
Epoch 141/150 [train]:  35%|███▍      | 9/26 [00:00<00:00, 85.80it/s, S=0.4317, loss=-0.3137]
Epoch 141/150 [train]:  35%|███▍      | 9/26 [00:00<00:00, 85.80it/s, S=0.4251, loss=-0.3042]
Epoch 141/150 [train]:  35%|███▍      | 9/26 [00:00<00:00, 85.80it/s, S=0.4241, loss=-0.3082]
Epoch 141/150 [train]:  69%|██████▉   | 18/26 [00:00<00:00, 85.97it/s, S=0.4241, loss=-0.3082]
Epoch 141/150 [train]:  69%|██████▉   | 18/26 [00:00<00:00, 85.97it/s, S=0.4256, loss=-0.3178]
Epoch 141/150 [train]:  69%|██████▉   | 18/26 [00:00<00:00, 85.97it/s, S=0.4287, loss=-0.3123]
Epoch 141/150 [train]:  69%|██████▉   | 18/26 [00:00<00:00, 85.97it/s, S=0.4194, loss=-0.2914]
Epoch 141/150 [train]:  69%|██████▉   | 18/26 [00:00<00:00, 85.97it/s, S=0.4285, loss=-0.3092]
Epoch 141/150 [train]:  69%|██████▉   | 18/26 [00:00<00:00, 85.97it/s, S=0.4277, loss=-0.3183]
Epoch 141/150 [train]:  69%|██████▉   | 18/26 [00:00<00:00, 85.97it/s, S=0.4218, loss=-0.3042]
Epoch 141/150 [train]:  69%|██████▉   | 18/26 [00:00<00:00, 85.97it/s, S=0.4260, loss=-0.3021]
Epoch 141/150 [train]:  69%|██████▉   | 18/26 [00:00<00:00, 85.97it/s, S=0.4207, loss=-0.3020]
                                                                                              
Epoch 141/150  train loss=-0.3075  val loss=-0.2944  S[mean]=0.4294  ζ=0.4510  mean_plane_ζ=0.3543  reg=0.1350  λscale=0.95  lr=1.55e-05

Epoch 142/150 [train]:   0%|          | 0/26 [00:00<?, ?it/s]
Epoch 142/150 [train]:   0%|          | 0/26 [00:00<?, ?it/s, S=0.4231, loss=-0.2836]
Epoch 142/150 [train]:   0%|          | 0/26 [00:00<?, ?it/s, S=0.4267, loss=-0.3193]
Epoch 142/150 [train]:   0%|          | 0/26 [00:00<?, ?it/s, S=0.4238, loss=-0.3075]
Epoch 142/150 [train]:   0%|          | 0/26 [00:00<?, ?it/s, S=0.4273, loss=-0.2998]
Epoch 142/150 [train]:   0%|          | 0/26 [00:00<?, ?it/s, S=0.4240, loss=-0.3081]
Epoch 142/150 [train]:   0%|          | 0/26 [00:00<?, ?it/s, S=0.4235, loss=-0.3012]
Epoch 142/150 [train]:   0%|          | 0/26 [00:00<?, ?it/s, S=0.4265, loss=-0.3158]
Epoch 142/150 [train]:   0%|          | 0/26 [00:00<?, ?it/s, S=0.4267, loss=-0.3017]
Epoch 142/150 [train]:   0%|          | 0/26 [00:00<?, ?it/s, S=0.4316, loss=-0.3214]
Epoch 142/150 [train]:  35%|███▍      | 9/26 [00:00<00:00, 85.76it/s, S=0.4316, loss=-0.3214]
Epoch 142/150 [train]:  35%|███▍      | 9/26 [00:00<00:00, 85.76it/s, S=0.4314, loss=-0.3095]
Epoch 142/150 [train]:  35%|███▍      | 9/26 [00:00<00:00, 85.76it/s, S=0.4219, loss=-0.3078]
Epoch 142/150 [train]:  35%|███▍      | 9/26 [00:00<00:00, 85.76it/s, S=0.4289, loss=-0.3207]
Epoch 142/150 [train]:  35%|███▍      | 9/26 [00:00<00:00, 85.76it/s, S=0.4208, loss=-0.2979]
Epoch 142/150 [train]:  35%|███▍      | 9/26 [00:00<00:00, 85.76it/s, S=0.4316, loss=-0.3132]
Epoch 142/150 [train]:  35%|███▍      | 9/26 [00:00<00:00, 85.76it/s, S=0.4269, loss=-0.3198]
Epoch 142/150 [train]:  35%|███▍      | 9/26 [00:00<00:00, 85.76it/s, S=0.4275, loss=-0.3157]
Epoch 142/150 [train]:  35%|███▍      | 9/26 [00:00<00:00, 85.76it/s, S=0.4186, loss=-0.3085]
Epoch 142/150 [train]:  35%|███▍      | 9/26 [00:00<00:00, 85.76it/s, S=0.4302, loss=-0.3142]
Epoch 142/150 [train]:  69%|██████▉   | 18/26 [00:00<00:00, 85.86it/s, S=0.4302, loss=-0.3142]
Epoch 142/150 [train]:  69%|██████▉   | 18/26 [00:00<00:00, 85.86it/s, S=0.4292, loss=-0.3226]
Epoch 142/150 [train]:  69%|██████▉   | 18/26 [00:00<00:00, 85.86it/s, S=0.4336, loss=-0.3058]
Epoch 142/150 [train]:  69%|██████▉   | 18/26 [00:00<00:00, 85.86it/s, S=0.4204, loss=-0.2836]
Epoch 142/150 [train]:  69%|██████▉   | 18/26 [00:00<00:00, 85.86it/s, S=0.4139, loss=-0.2971]
Epoch 142/150 [train]:  69%|██████▉   | 18/26 [00:00<00:00, 85.86it/s, S=0.4219, loss=-0.2861]
Epoch 142/150 [train]:  69%|██████▉   | 18/26 [00:00<00:00, 85.86it/s, S=0.4280, loss=-0.3122]
Epoch 142/150 [train]:  69%|██████▉   | 18/26 [00:00<00:00, 85.86it/s, S=0.4300, loss=-0.3152]
Epoch 142/150 [train]:  69%|██████▉   | 18/26 [00:00<00:00, 85.86it/s, S=0.4178, loss=-0.3007]
                                                                                              
Epoch 142/150  train loss=-0.3073  val loss=-0.2936  S[mean]=0.4293  ζ=0.4510  mean_plane_ζ=0.3543  reg=0.1357  λscale=0.95  lr=1.22e-05

Epoch 143/150 [train]:   0%|          | 0/26 [00:00<?, ?it/s]
Epoch 143/150 [train]:   0%|          | 0/26 [00:00<?, ?it/s, S=0.4239, loss=-0.3012]
Epoch 143/150 [train]:   0%|          | 0/26 [00:00<?, ?it/s, S=0.4300, loss=-0.3091]
Epoch 143/150 [train]:   0%|          | 0/26 [00:00<?, ?it/s, S=0.4226, loss=-0.2967]
Epoch 143/150 [train]:   0%|          | 0/26 [00:00<?, ?it/s, S=0.4224, loss=-0.3049]
Epoch 143/150 [train]:   0%|          | 0/26 [00:00<?, ?it/s, S=0.4307, loss=-0.3126]
Epoch 143/150 [train]:   0%|          | 0/26 [00:00<?, ?it/s, S=0.4310, loss=-0.2986]
Epoch 143/150 [train]:   0%|          | 0/26 [00:00<?, ?it/s, S=0.4202, loss=-0.2969]
Epoch 143/150 [train]:   0%|          | 0/26 [00:00<?, ?it/s, S=0.4280, loss=-0.3016]
Epoch 143/150 [train]:   0%|          | 0/26 [00:00<?, ?it/s, S=0.4249, loss=-0.3170]
Epoch 143/150 [train]:  35%|███▍      | 9/26 [00:00<00:00, 86.32it/s, S=0.4249, loss=-0.3170]
Epoch 143/150 [train]:  35%|███▍      | 9/26 [00:00<00:00, 86.32it/s, S=0.4215, loss=-0.3043]
Epoch 143/150 [train]:  35%|███▍      | 9/26 [00:00<00:00, 86.32it/s, S=0.4280, loss=-0.3161]
Epoch 143/150 [train]:  35%|███▍      | 9/26 [00:00<00:00, 86.32it/s, S=0.4312, loss=-0.3208]
Epoch 143/150 [train]:  35%|███▍      | 9/26 [00:00<00:00, 86.32it/s, S=0.4283, loss=-0.3122]
Epoch 143/150 [train]:  35%|███▍      | 9/26 [00:00<00:00, 86.32it/s, S=0.4299, loss=-0.3160]
Epoch 143/150 [train]:  35%|███▍      | 9/26 [00:00<00:00, 86.32it/s, S=0.4291, loss=-0.3138]
Epoch 143/150 [train]:  35%|███▍      | 9/26 [00:00<00:00, 86.32it/s, S=0.4203, loss=-0.3099]
Epoch 143/150 [train]:  35%|███▍      | 9/26 [00:00<00:00, 86.32it/s, S=0.4233, loss=-0.3132]
Epoch 143/150 [train]:  35%|███▍      | 9/26 [00:00<00:00, 86.32it/s, S=0.4240, loss=-0.2942]
Epoch 143/150 [train]:  69%|██████▉   | 18/26 [00:00<00:00, 86.16it/s, S=0.4240, loss=-0.2942]
Epoch 143/150 [train]:  69%|██████▉   | 18/26 [00:00<00:00, 86.16it/s, S=0.4294, loss=-0.2941]
Epoch 143/150 [train]:  69%|██████▉   | 18/26 [00:00<00:00, 86.16it/s, S=0.4223, loss=-0.3080]
Epoch 143/150 [train]:  69%|██████▉   | 18/26 [00:00<00:00, 86.16it/s, S=0.4279, loss=-0.3166]
Epoch 143/150 [train]:  69%|██████▉   | 18/26 [00:00<00:00, 86.16it/s, S=0.4261, loss=-0.3111]
Epoch 143/150 [train]:  69%|██████▉   | 18/26 [00:00<00:00, 86.16it/s, S=0.4275, loss=-0.3073]
Epoch 143/150 [train]:  69%|██████▉   | 18/26 [00:00<00:00, 86.16it/s, S=0.4207, loss=-0.2893]
Epoch 143/150 [train]:  69%|██████▉   | 18/26 [00:00<00:00, 86.16it/s, S=0.4293, loss=-0.3189]
Epoch 143/150 [train]:  69%|██████▉   | 18/26 [00:00<00:00, 86.16it/s, S=0.4216, loss=-0.3101]
                                                                                              
Epoch 143/150  train loss=-0.3075  val loss=-0.2928  S[mean]=0.4293  ζ=0.4511  mean_plane_ζ=0.3544  reg=0.1365  λscale=0.96  lr=9.39e-06

Epoch 144/150 [train]:   0%|          | 0/26 [00:00<?, ?it/s]
Epoch 144/150 [train]:   0%|          | 0/26 [00:00<?, ?it/s, S=0.4192, loss=-0.2942]
Epoch 144/150 [train]:   0%|          | 0/26 [00:00<?, ?it/s, S=0.4222, loss=-0.2863]
Epoch 144/150 [train]:   0%|          | 0/26 [00:00<?, ?it/s, S=0.4236, loss=-0.3076]
Epoch 144/150 [train]:   0%|          | 0/26 [00:00<?, ?it/s, S=0.4265, loss=-0.3012]
Epoch 144/150 [train]:   0%|          | 0/26 [00:00<?, ?it/s, S=0.4263, loss=-0.3148]
Epoch 144/150 [train]:   0%|          | 0/26 [00:00<?, ?it/s, S=0.4233, loss=-0.2992]
Epoch 144/150 [train]:   0%|          | 0/26 [00:00<?, ?it/s, S=0.4305, loss=-0.3085]
Epoch 144/150 [train]:   0%|          | 0/26 [00:00<?, ?it/s, S=0.4218, loss=-0.2989]
Epoch 144/150 [train]:   0%|          | 0/26 [00:00<?, ?it/s, S=0.4265, loss=-0.3097]
Epoch 144/150 [train]:  35%|███▍      | 9/26 [00:00<00:00, 85.78it/s, S=0.4265, loss=-0.3097]
Epoch 144/150 [train]:  35%|███▍      | 9/26 [00:00<00:00, 85.78it/s, S=0.4248, loss=-0.3050]
Epoch 144/150 [train]:  35%|███▍      | 9/26 [00:00<00:00, 85.78it/s, S=0.4275, loss=-0.3074]
Epoch 144/150 [train]:  35%|███▍      | 9/26 [00:00<00:00, 85.78it/s, S=0.4255, loss=-0.2991]
Epoch 144/150 [train]:  35%|███▍      | 9/26 [00:00<00:00, 85.78it/s, S=0.4249, loss=-0.2839]
Epoch 144/150 [train]:  35%|███▍      | 9/26 [00:00<00:00, 85.78it/s, S=0.4159, loss=-0.2891]
Epoch 144/150 [train]:  35%|███▍      | 9/26 [00:00<00:00, 85.78it/s, S=0.4236, loss=-0.2869]
Epoch 144/150 [train]:  35%|███▍      | 9/26 [00:00<00:00, 85.78it/s, S=0.4301, loss=-0.3052]
Epoch 144/150 [train]:  35%|███▍      | 9/26 [00:00<00:00, 85.78it/s, S=0.4285, loss=-0.3125]
Epoch 144/150 [train]:  35%|███▍      | 9/26 [00:00<00:00, 85.78it/s, S=0.4256, loss=-0.3032]
Epoch 144/150 [train]:  69%|██████▉   | 18/26 [00:00<00:00, 85.96it/s, S=0.4256, loss=-0.3032]
Epoch 144/150 [train]:  69%|██████▉   | 18/26 [00:00<00:00, 85.96it/s, S=0.4239, loss=-0.2914]
Epoch 144/150 [train]:  69%|██████▉   | 18/26 [00:00<00:00, 85.96it/s, S=0.4221, loss=-0.2998]
Epoch 144/150 [train]:  69%|██████▉   | 18/26 [00:00<00:00, 85.96it/s, S=0.4215, loss=-0.2932]
Epoch 144/150 [train]:  69%|██████▉   | 18/26 [00:00<00:00, 85.96it/s, S=0.4300, loss=-0.3122]
Epoch 144/150 [train]:  69%|██████▉   | 18/26 [00:00<00:00, 85.96it/s, S=0.4257, loss=-0.3170]
Epoch 144/150 [train]:  69%|██████▉   | 18/26 [00:00<00:00, 85.96it/s, S=0.4259, loss=-0.3140]
Epoch 144/150 [train]:  69%|██████▉   | 18/26 [00:00<00:00, 85.96it/s, S=0.4261, loss=-0.3026]
Epoch 144/150 [train]:  69%|██████▉   | 18/26 [00:00<00:00, 85.96it/s, S=0.4185, loss=-0.2946]
                                                                                              
Epoch 144/150  train loss=-0.3014  val loss=-0.2920  S[mean]=0.4293  ζ=0.4510  mean_plane_ζ=0.3543  reg=0.1372  λscale=0.96  lr=6.91e-06

Epoch 145/150 [train]:   0%|          | 0/26 [00:00<?, ?it/s]
Epoch 145/150 [train]:   0%|          | 0/26 [00:00<?, ?it/s, S=0.4330, loss=-0.3169]
Epoch 145/150 [train]:   0%|          | 0/26 [00:00<?, ?it/s, S=0.4232, loss=-0.2921]
Epoch 145/150 [train]:   0%|          | 0/26 [00:00<?, ?it/s, S=0.4256, loss=-0.3044]
Epoch 145/150 [train]:   0%|          | 0/26 [00:00<?, ?it/s, S=0.4214, loss=-0.2821]
Epoch 145/150 [train]:   0%|          | 0/26 [00:00<?, ?it/s, S=0.4266, loss=-0.3115]
Epoch 145/150 [train]:   0%|          | 0/26 [00:00<?, ?it/s, S=0.4311, loss=-0.3094]
Epoch 145/150 [train]:   0%|          | 0/26 [00:00<?, ?it/s, S=0.4281, loss=-0.3067]
Epoch 145/150 [train]:   0%|          | 0/26 [00:00<?, ?it/s, S=0.4246, loss=-0.3184]
Epoch 145/150 [train]:   0%|          | 0/26 [00:00<?, ?it/s, S=0.4293, loss=-0.3148]
Epoch 145/150 [train]:  35%|███▍      | 9/26 [00:00<00:00, 85.60it/s, S=0.4293, loss=-0.3148]
Epoch 145/150 [train]:  35%|███▍      | 9/26 [00:00<00:00, 85.60it/s, S=0.4333, loss=-0.3164]
Epoch 145/150 [train]:  35%|███▍      | 9/26 [00:00<00:00, 85.60it/s, S=0.4297, loss=-0.3180]
Epoch 145/150 [train]:  35%|███▍      | 9/26 [00:00<00:00, 85.60it/s, S=0.4209, loss=-0.2969]
Epoch 145/150 [train]:  35%|███▍      | 9/26 [00:00<00:00, 85.60it/s, S=0.4308, loss=-0.3162]
Epoch 145/150 [train]:  35%|███▍      | 9/26 [00:00<00:00, 85.60it/s, S=0.4275, loss=-0.3133]
Epoch 145/150 [train]:  35%|███▍      | 9/26 [00:00<00:00, 85.60it/s, S=0.4225, loss=-0.3014]
Epoch 145/150 [train]:  35%|███▍      | 9/26 [00:00<00:00, 85.60it/s, S=0.4266, loss=-0.3127]
Epoch 145/150 [train]:  35%|███▍      | 9/26 [00:00<00:00, 85.60it/s, S=0.4288, loss=-0.3006]
Epoch 145/150 [train]:  35%|███▍      | 9/26 [00:00<00:00, 85.60it/s, S=0.4258, loss=-0.3046]
Epoch 145/150 [train]:  69%|██████▉   | 18/26 [00:00<00:00, 85.88it/s, S=0.4258, loss=-0.3046]
Epoch 145/150 [train]:  69%|██████▉   | 18/26 [00:00<00:00, 85.88it/s, S=0.4271, loss=-0.2953]
Epoch 145/150 [train]:  69%|██████▉   | 18/26 [00:00<00:00, 85.88it/s, S=0.4255, loss=-0.3103]
Epoch 145/150 [train]:  69%|██████▉   | 18/26 [00:00<00:00, 85.88it/s, S=0.4276, loss=-0.3162]
Epoch 145/150 [train]:  69%|██████▉   | 18/26 [00:00<00:00, 85.88it/s, S=0.4239, loss=-0.2951]
Epoch 145/150 [train]:  69%|██████▉   | 18/26 [00:00<00:00, 85.88it/s, S=0.4211, loss=-0.3003]
Epoch 145/150 [train]:  69%|██████▉   | 18/26 [00:00<00:00, 85.88it/s, S=0.4160, loss=-0.2922]
Epoch 145/150 [train]:  69%|██████▉   | 18/26 [00:00<00:00, 85.88it/s, S=0.4222, loss=-0.3046]
Epoch 145/150 [train]:  69%|██████▉   | 18/26 [00:00<00:00, 85.88it/s, S=0.4238, loss=-0.3013]
                                                                                              
Epoch 145/150  train loss=-0.3058  val loss=-0.2912  S[mean]=0.4292  ζ=0.4510  mean_plane_ζ=0.3544  reg=0.1380  λscale=0.97  lr=4.80e-06

Epoch 146/150 [train]:   0%|          | 0/26 [00:00<?, ?it/s]
Epoch 146/150 [train]:   0%|          | 0/26 [00:00<?, ?it/s, S=0.4262, loss=-0.3017]
Epoch 146/150 [train]:   0%|          | 0/26 [00:00<?, ?it/s, S=0.4288, loss=-0.3166]
Epoch 146/150 [train]:   0%|          | 0/26 [00:00<?, ?it/s, S=0.4329, loss=-0.3180]
Epoch 146/150 [train]:   0%|          | 0/26 [00:00<?, ?it/s, S=0.4254, loss=-0.2920]
Epoch 146/150 [train]:   0%|          | 0/26 [00:00<?, ?it/s, S=0.4253, loss=-0.3098]
Epoch 146/150 [train]:   0%|          | 0/26 [00:00<?, ?it/s, S=0.4230, loss=-0.3045]
Epoch 146/150 [train]:   0%|          | 0/26 [00:00<?, ?it/s, S=0.4275, loss=-0.3090]
Epoch 146/150 [train]:   0%|          | 0/26 [00:00<?, ?it/s, S=0.4312, loss=-0.3168]
Epoch 146/150 [train]:   0%|          | 0/26 [00:00<?, ?it/s, S=0.4232, loss=-0.2937]
Epoch 146/150 [train]:  35%|███▍      | 9/26 [00:00<00:00, 85.90it/s, S=0.4232, loss=-0.2937]
Epoch 146/150 [train]:  35%|███▍      | 9/26 [00:00<00:00, 85.90it/s, S=0.4277, loss=-0.3083]
Epoch 146/150 [train]:  35%|███▍      | 9/26 [00:00<00:00, 85.90it/s, S=0.4309, loss=-0.3115]
Epoch 146/150 [train]:  35%|███▍      | 9/26 [00:00<00:00, 85.90it/s, S=0.4247, loss=-0.2878]
Epoch 146/150 [train]:  35%|███▍      | 9/26 [00:00<00:00, 85.90it/s, S=0.4243, loss=-0.3041]
Epoch 146/150 [train]:  35%|███▍      | 9/26 [00:00<00:00, 85.90it/s, S=0.4230, loss=-0.3076]
Epoch 146/150 [train]:  35%|███▍      | 9/26 [00:00<00:00, 85.90it/s, S=0.4249, loss=-0.2938]
Epoch 146/150 [train]:  35%|███▍      | 9/26 [00:00<00:00, 85.90it/s, S=0.4264, loss=-0.3025]
Epoch 146/150 [train]:  35%|███▍      | 9/26 [00:00<00:00, 85.90it/s, S=0.4293, loss=-0.3186]
Epoch 146/150 [train]:  35%|███▍      | 9/26 [00:00<00:00, 85.90it/s, S=0.4253, loss=-0.3069]
Epoch 146/150 [train]:  69%|██████▉   | 18/26 [00:00<00:00, 86.00it/s, S=0.4253, loss=-0.3069]
Epoch 146/150 [train]:  69%|██████▉   | 18/26 [00:00<00:00, 86.00it/s, S=0.4255, loss=-0.3119]
Epoch 146/150 [train]:  69%|██████▉   | 18/26 [00:00<00:00, 86.00it/s, S=0.4198, loss=-0.2921]
Epoch 146/150 [train]:  69%|██████▉   | 18/26 [00:00<00:00, 86.00it/s, S=0.4184, loss=-0.2942]
Epoch 146/150 [train]:  69%|██████▉   | 18/26 [00:00<00:00, 86.00it/s, S=0.4217, loss=-0.2908]
Epoch 146/150 [train]:  69%|██████▉   | 18/26 [00:00<00:00, 86.00it/s, S=0.4220, loss=-0.3036]
Epoch 146/150 [train]:  69%|██████▉   | 18/26 [00:00<00:00, 86.00it/s, S=0.4227, loss=-0.2965]
Epoch 146/150 [train]:  69%|██████▉   | 18/26 [00:00<00:00, 86.00it/s, S=0.4222, loss=-0.3024]
Epoch 146/150 [train]:  69%|██████▉   | 18/26 [00:00<00:00, 86.00it/s, S=0.4294, loss=-0.3129]
                                                                                              
Epoch 146/150  train loss=-0.3041  val loss=-0.2903  S[mean]=0.4292  ζ=0.4510  mean_plane_ζ=0.3544  reg=0.1389  λscale=0.98  lr=3.08e-06

Epoch 147/150 [train]:   0%|          | 0/26 [00:00<?, ?it/s]
Epoch 147/150 [train]:   0%|          | 0/26 [00:00<?, ?it/s, S=0.4230, loss=-0.2944]
Epoch 147/150 [train]:   0%|          | 0/26 [00:00<?, ?it/s, S=0.4242, loss=-0.2953]
Epoch 147/150 [train]:   0%|          | 0/26 [00:00<?, ?it/s, S=0.4264, loss=-0.3060]
Epoch 147/150 [train]:   0%|          | 0/26 [00:00<?, ?it/s, S=0.4244, loss=-0.3065]
Epoch 147/150 [train]:   0%|          | 0/26 [00:00<?, ?it/s, S=0.4240, loss=-0.3048]
Epoch 147/150 [train]:   0%|          | 0/26 [00:00<?, ?it/s, S=0.4241, loss=-0.2954]
Epoch 147/150 [train]:   0%|          | 0/26 [00:00<?, ?it/s, S=0.4213, loss=-0.2958]
Epoch 147/150 [train]:   0%|          | 0/26 [00:00<?, ?it/s, S=0.4298, loss=-0.3056]
Epoch 147/150 [train]:   0%|          | 0/26 [00:00<?, ?it/s, S=0.4270, loss=-0.3162]
Epoch 147/150 [train]:  35%|███▍      | 9/26 [00:00<00:00, 85.63it/s, S=0.4270, loss=-0.3162]
Epoch 147/150 [train]:  35%|███▍      | 9/26 [00:00<00:00, 85.63it/s, S=0.4277, loss=-0.3138]
Epoch 147/150 [train]:  35%|███▍      | 9/26 [00:00<00:00, 85.63it/s, S=0.4271, loss=-0.3023]
Epoch 147/150 [train]:  35%|███▍      | 9/26 [00:00<00:00, 85.63it/s, S=0.4260, loss=-0.3079]
Epoch 147/150 [train]:  35%|███▍      | 9/26 [00:00<00:00, 85.63it/s, S=0.4299, loss=-0.3140]
Epoch 147/150 [train]:  35%|███▍      | 9/26 [00:00<00:00, 85.63it/s, S=0.4277, loss=-0.3018]
Epoch 147/150 [train]:  35%|███▍      | 9/26 [00:00<00:00, 85.63it/s, S=0.4210, loss=-0.3061]
Epoch 147/150 [train]:  35%|███▍      | 9/26 [00:00<00:00, 85.63it/s, S=0.4323, loss=-0.3169]
Epoch 147/150 [train]:  35%|███▍      | 9/26 [00:00<00:00, 85.63it/s, S=0.4268, loss=-0.2979]
Epoch 147/150 [train]:  35%|███▍      | 9/26 [00:00<00:00, 85.63it/s, S=0.4288, loss=-0.3128]
Epoch 147/150 [train]:  69%|██████▉   | 18/26 [00:00<00:00, 85.85it/s, S=0.4288, loss=-0.3128]
Epoch 147/150 [train]:  69%|██████▉   | 18/26 [00:00<00:00, 85.85it/s, S=0.4269, loss=-0.3114]
Epoch 147/150 [train]:  69%|██████▉   | 18/26 [00:00<00:00, 85.85it/s, S=0.4262, loss=-0.3053]
Epoch 147/150 [train]:  69%|██████▉   | 18/26 [00:00<00:00, 85.85it/s, S=0.4226, loss=-0.2995]
Epoch 147/150 [train]:  69%|██████▉   | 18/26 [00:00<00:00, 85.85it/s, S=0.4235, loss=-0.2919]
Epoch 147/150 [train]:  69%|██████▉   | 18/26 [00:00<00:00, 85.85it/s, S=0.4258, loss=-0.3070]
Epoch 147/150 [train]:  69%|██████▉   | 18/26 [00:00<00:00, 85.85it/s, S=0.4263, loss=-0.2873]
Epoch 147/150 [train]:  69%|██████▉   | 18/26 [00:00<00:00, 85.85it/s, S=0.4280, loss=-0.3130]
Epoch 147/150 [train]:  69%|██████▉   | 18/26 [00:00<00:00, 85.85it/s, S=0.4131, loss=-0.2759]
                                                                                              
Epoch 147/150  train loss=-0.3033  val loss=-0.2895  S[mean]=0.4292  ζ=0.4510  mean_plane_ζ=0.3544  reg=0.1397  λscale=0.98  lr=1.73e-06

Epoch 148/150 [train]:   0%|          | 0/26 [00:00<?, ?it/s]
Epoch 148/150 [train]:   0%|          | 0/26 [00:00<?, ?it/s, S=0.4268, loss=-0.3044]
Epoch 148/150 [train]:   0%|          | 0/26 [00:00<?, ?it/s, S=0.4314, loss=-0.3125]
Epoch 148/150 [train]:   0%|          | 0/26 [00:00<?, ?it/s, S=0.4242, loss=-0.2986]
Epoch 148/150 [train]:   0%|          | 0/26 [00:00<?, ?it/s, S=0.4218, loss=-0.2904]
Epoch 148/150 [train]:   0%|          | 0/26 [00:00<?, ?it/s, S=0.4203, loss=-0.2953]
Epoch 148/150 [train]:   0%|          | 0/26 [00:00<?, ?it/s, S=0.4314, loss=-0.3164]
Epoch 148/150 [train]:   0%|          | 0/26 [00:00<?, ?it/s, S=0.4244, loss=-0.3027]
Epoch 148/150 [train]:   0%|          | 0/26 [00:00<?, ?it/s, S=0.4263, loss=-0.3095]
Epoch 148/150 [train]:   0%|          | 0/26 [00:00<?, ?it/s, S=0.4226, loss=-0.2946]
Epoch 148/150 [train]:  35%|███▍      | 9/26 [00:00<00:00, 85.88it/s, S=0.4226, loss=-0.2946]
Epoch 148/150 [train]:  35%|███▍      | 9/26 [00:00<00:00, 85.88it/s, S=0.4268, loss=-0.3149]
Epoch 148/150 [train]:  35%|███▍      | 9/26 [00:00<00:00, 85.88it/s, S=0.4246, loss=-0.3057]
Epoch 148/150 [train]:  35%|███▍      | 9/26 [00:00<00:00, 85.88it/s, S=0.4255, loss=-0.2940]
Epoch 148/150 [train]:  35%|███▍      | 9/26 [00:00<00:00, 85.88it/s, S=0.4256, loss=-0.3036]
Epoch 148/150 [train]:  35%|███▍      | 9/26 [00:00<00:00, 85.88it/s, S=0.4309, loss=-0.3116]
Epoch 148/150 [train]:  35%|███▍      | 9/26 [00:00<00:00, 85.88it/s, S=0.4212, loss=-0.3016]
Epoch 148/150 [train]:  35%|███▍      | 9/26 [00:00<00:00, 85.88it/s, S=0.4326, loss=-0.3159]
Epoch 148/150 [train]:  35%|███▍      | 9/26 [00:00<00:00, 85.88it/s, S=0.4259, loss=-0.2945]
Epoch 148/150 [train]:  35%|███▍      | 9/26 [00:00<00:00, 85.88it/s, S=0.4234, loss=-0.3034]
Epoch 148/150 [train]:  69%|██████▉   | 18/26 [00:00<00:00, 85.93it/s, S=0.4234, loss=-0.3034]
Epoch 148/150 [train]:  69%|██████▉   | 18/26 [00:00<00:00, 85.93it/s, S=0.4239, loss=-0.3082]
Epoch 148/150 [train]:  69%|██████▉   | 18/26 [00:00<00:00, 85.93it/s, S=0.4105, loss=-0.2753]
Epoch 148/150 [train]:  69%|██████▉   | 18/26 [00:00<00:00, 85.93it/s, S=0.4235, loss=-0.2971]
Epoch 148/150 [train]:  69%|██████▉   | 18/26 [00:00<00:00, 85.93it/s, S=0.4229, loss=-0.2960]
Epoch 148/150 [train]:  69%|██████▉   | 18/26 [00:00<00:00, 85.93it/s, S=0.4304, loss=-0.3158]
Epoch 148/150 [train]:  69%|██████▉   | 18/26 [00:00<00:00, 85.93it/s, S=0.4268, loss=-0.2955]
Epoch 148/150 [train]:  69%|██████▉   | 18/26 [00:00<00:00, 85.93it/s, S=0.4278, loss=-0.3103]
Epoch 148/150 [train]:  69%|██████▉   | 18/26 [00:00<00:00, 85.93it/s, S=0.4272, loss=-0.2904]
                                                                                              
Epoch 148/150  train loss=-0.3022  val loss=-0.2886  S[mean]=0.4292  ζ=0.4510  mean_plane_ζ=0.3544  reg=0.1405  λscale=0.99  lr=7.71e-07

Epoch 149/150 [train]:   0%|          | 0/26 [00:00<?, ?it/s]
Epoch 149/150 [train]:   0%|          | 0/26 [00:00<?, ?it/s, S=0.4243, loss=-0.3062]
Epoch 149/150 [train]:   0%|          | 0/26 [00:00<?, ?it/s, S=0.4307, loss=-0.2936]
Epoch 149/150 [train]:   0%|          | 0/26 [00:00<?, ?it/s, S=0.4233, loss=-0.3039]
Epoch 149/150 [train]:   0%|          | 0/26 [00:00<?, ?it/s, S=0.4239, loss=-0.3078]
Epoch 149/150 [train]:   0%|          | 0/26 [00:00<?, ?it/s, S=0.4212, loss=-0.3073]
Epoch 149/150 [train]:   0%|          | 0/26 [00:00<?, ?it/s, S=0.4224, loss=-0.2917]
Epoch 149/150 [train]:   0%|          | 0/26 [00:00<?, ?it/s, S=0.4220, loss=-0.2995]
Epoch 149/150 [train]:   0%|          | 0/26 [00:00<?, ?it/s, S=0.4238, loss=-0.2823]
Epoch 149/150 [train]:   0%|          | 0/26 [00:00<?, ?it/s, S=0.4238, loss=-0.2966]
Epoch 149/150 [train]:  35%|███▍      | 9/26 [00:00<00:00, 85.77it/s, S=0.4238, loss=-0.2966]
Epoch 149/150 [train]:  35%|███▍      | 9/26 [00:00<00:00, 85.77it/s, S=0.4238, loss=-0.3045]
Epoch 149/150 [train]:  35%|███▍      | 9/26 [00:00<00:00, 85.77it/s, S=0.4251, loss=-0.2961]
Epoch 149/150 [train]:  35%|███▍      | 9/26 [00:00<00:00, 85.77it/s, S=0.4279, loss=-0.2919]
Epoch 149/150 [train]:  35%|███▍      | 9/26 [00:00<00:00, 85.77it/s, S=0.4190, loss=-0.2798]
Epoch 149/150 [train]:  35%|███▍      | 9/26 [00:00<00:00, 85.77it/s, S=0.4340, loss=-0.3120]
Epoch 149/150 [train]:  35%|███▍      | 9/26 [00:00<00:00, 85.77it/s, S=0.4210, loss=-0.3006]
Epoch 149/150 [train]:  35%|███▍      | 9/26 [00:00<00:00, 85.77it/s, S=0.4295, loss=-0.3066]
Epoch 149/150 [train]:  35%|███▍      | 9/26 [00:00<00:00, 85.77it/s, S=0.4226, loss=-0.2925]
Epoch 149/150 [train]:  35%|███▍      | 9/26 [00:00<00:00, 85.77it/s, S=0.4305, loss=-0.3034]
Epoch 149/150 [train]:  69%|██████▉   | 18/26 [00:00<00:00, 86.00it/s, S=0.4305, loss=-0.3034]
Epoch 149/150 [train]:  69%|██████▉   | 18/26 [00:00<00:00, 86.00it/s, S=0.4219, loss=-0.2945]
Epoch 149/150 [train]:  69%|██████▉   | 18/26 [00:00<00:00, 86.00it/s, S=0.4260, loss=-0.2965]
Epoch 149/150 [train]:  69%|██████▉   | 18/26 [00:00<00:00, 86.00it/s, S=0.4283, loss=-0.3113]
Epoch 149/150 [train]:  69%|██████▉   | 18/26 [00:00<00:00, 86.00it/s, S=0.4249, loss=-0.3069]
Epoch 149/150 [train]:  69%|██████▉   | 18/26 [00:00<00:00, 86.00it/s, S=0.4269, loss=-0.3028]
Epoch 149/150 [train]:  69%|██████▉   | 18/26 [00:00<00:00, 86.00it/s, S=0.4251, loss=-0.3050]
Epoch 149/150 [train]:  69%|██████▉   | 18/26 [00:00<00:00, 86.00it/s, S=0.4233, loss=-0.2811]
Epoch 149/150 [train]:  69%|██████▉   | 18/26 [00:00<00:00, 86.00it/s, S=0.4249, loss=-0.2983]
                                                                                              
Epoch 149/150  train loss=-0.2989  val loss=-0.2878  S[mean]=0.4292  ζ=0.4510  mean_plane_ζ=0.3544  reg=0.1414  λscale=0.99  lr=1.93e-07

Epoch 150/150 [train]:   0%|          | 0/26 [00:00<?, ?it/s]
Epoch 150/150 [train]:   0%|          | 0/26 [00:00<?, ?it/s, S=0.4307, loss=-0.3155]
Epoch 150/150 [train]:   0%|          | 0/26 [00:00<?, ?it/s, S=0.4317, loss=-0.3095]
Epoch 150/150 [train]:   0%|          | 0/26 [00:00<?, ?it/s, S=0.4266, loss=-0.3080]
Epoch 150/150 [train]:   0%|          | 0/26 [00:00<?, ?it/s, S=0.4223, loss=-0.2982]
Epoch 150/150 [train]:   0%|          | 0/26 [00:00<?, ?it/s, S=0.4289, loss=-0.3053]
Epoch 150/150 [train]:   0%|          | 0/26 [00:00<?, ?it/s, S=0.4219, loss=-0.3031]
Epoch 150/150 [train]:   0%|          | 0/26 [00:00<?, ?it/s, S=0.4296, loss=-0.3126]
Epoch 150/150 [train]:   0%|          | 0/26 [00:00<?, ?it/s, S=0.4243, loss=-0.3030]
Epoch 150/150 [train]:   0%|          | 0/26 [00:00<?, ?it/s, S=0.4233, loss=-0.2926]
Epoch 150/150 [train]:  35%|███▍      | 9/26 [00:00<00:00, 85.65it/s, S=0.4233, loss=-0.2926]
Epoch 150/150 [train]:  35%|███▍      | 9/26 [00:00<00:00, 85.65it/s, S=0.4301, loss=-0.3005]
Epoch 150/150 [train]:  35%|███▍      | 9/26 [00:00<00:00, 85.65it/s, S=0.4227, loss=-0.2997]
Epoch 150/150 [train]:  35%|███▍      | 9/26 [00:00<00:00, 85.65it/s, S=0.4248, loss=-0.2904]
Epoch 150/150 [train]:  35%|███▍      | 9/26 [00:00<00:00, 85.65it/s, S=0.4196, loss=-0.2763]
Epoch 150/150 [train]:  35%|███▍      | 9/26 [00:00<00:00, 85.65it/s, S=0.4306, loss=-0.3189]
Epoch 150/150 [train]:  35%|███▍      | 9/26 [00:00<00:00, 85.65it/s, S=0.4266, loss=-0.2993]
Epoch 150/150 [train]:  35%|███▍      | 9/26 [00:00<00:00, 85.65it/s, S=0.4228, loss=-0.2965]
Epoch 150/150 [train]:  35%|███▍      | 9/26 [00:00<00:00, 85.65it/s, S=0.4308, loss=-0.2962]
Epoch 150/150 [train]:  35%|███▍      | 9/26 [00:00<00:00, 85.65it/s, S=0.4272, loss=-0.2976]
Epoch 150/150 [train]:  69%|██████▉   | 18/26 [00:00<00:00, 85.89it/s, S=0.4272, loss=-0.2976]
Epoch 150/150 [train]:  69%|██████▉   | 18/26 [00:00<00:00, 85.89it/s, S=0.4264, loss=-0.2935]
Epoch 150/150 [train]:  69%|██████▉   | 18/26 [00:00<00:00, 85.89it/s, S=0.4286, loss=-0.3093]
Epoch 150/150 [train]:  69%|██████▉   | 18/26 [00:00<00:00, 85.89it/s, S=0.4314, loss=-0.3117]
Epoch 150/150 [train]:  69%|██████▉   | 18/26 [00:00<00:00, 85.89it/s, S=0.4223, loss=-0.3004]
Epoch 150/150 [train]:  69%|██████▉   | 18/26 [00:00<00:00, 85.89it/s, S=0.4288, loss=-0.2889]
Epoch 150/150 [train]:  69%|██████▉   | 18/26 [00:00<00:00, 85.89it/s, S=0.4249, loss=-0.3024]
Epoch 150/150 [train]:  69%|██████▉   | 18/26 [00:00<00:00, 85.89it/s, S=0.4260, loss=-0.2972]
Epoch 150/150 [train]:  69%|██████▉   | 18/26 [00:00<00:00, 85.89it/s, S=0.4192, loss=-0.3027]
                                                                                              
Epoch 150/150  train loss=-0.3011  val loss=-0.2869  S[mean]=0.4292  ζ=0.4510  mean_plane_ζ=0.3544  reg=0.1422  λscale=1.00  lr=5.00e-04

==================================================
Training complete
  Final train loss    : -0.3011
  Best val ζ          : 0.4565
  Val loss at best ζ  : -0.2988
  Wall-clock time     : 50.0 s  (0.8 min)
  Checkpoint          : /home/omo26/Non-Rev-Owen/mcmaze/runs/20260805_171631_d128_h256_dep2_bs64_ep150_lr5e-04_lxp0.0_lbt0.0_lcca10.0_sig10.0_s2/checkpoints/best.pt
  Loss curve          : '/home/omo26/Non-Rev-Owen/mcmaze/runs/20260805_171631_d128_h256_dep2_bs64_ep150_lr5e-04_lxp0.0_lbt0.0_lcca10.0_sig10.0_s2/outputs/loss_curve.png'
==================================================

Skipping diagnostic plots because SKIP_DIAGNOSTICS=1.
Appended best-model val metrics → /home/omo26/Non-Rev-Owen/mcmaze/runs/20260805_171631_d128_h256_dep2_bs64_ep150_lr5e-04_lxp0.0_lbt0.0_lcca10.0_sig10.0_s2/about.txt
