Run directory: /home/omo26/Non-Rev-Owen/mcmaze/runs/20260730_174148_d128_h256_dep2_bs64_ep150_lr5e-04_lxp0.0_lbt0.0_lcca2.0_sig10.0_s0
Seed set to: 0
Loading MC_Maze data …
  Channels: 137  |  Bin width: 10 ms  |  Trials: 2295
  Gaussian smoothing sigma: 10.0 ms = 1 bins
  Soft-normalising per neuron (method='churchland')
Windowing (trial_aligned, align=move_onset_time, pre=200ms, T=90, context=30) …
  Windows shape: (2295, 137, 150)  (K, N, T)
  Train: 1722  |  Val: 573  (random 25%)
Model parameters: 345,960

Starting training for 150 epochs …


Epoch 1/150 [train]:   0%|          | 0/26 [00:00<?, ?it/s]
Epoch 1/150 [train]:   0%|          | 0/26 [00:00<?, ?it/s, S=0.0153, loss=0.0057]
Epoch 1/150 [train]:   4%|▍         | 1/26 [00:00<00:06,  4.15it/s, S=0.0153, loss=0.0057]
Epoch 1/150 [train]:   4%|▍         | 1/26 [00:00<00:06,  4.15it/s, S=0.0154, loss=0.0011]
Epoch 1/150 [train]:   4%|▍         | 1/26 [00:00<00:06,  4.15it/s, S=0.0155, loss=-0.0031]
Epoch 1/150 [train]:   4%|▍         | 1/26 [00:00<00:06,  4.15it/s, S=0.0155, loss=-0.0054]
Epoch 1/150 [train]:   4%|▍         | 1/26 [00:00<00:06,  4.15it/s, S=0.0153, loss=-0.0069]
Epoch 1/150 [train]:   4%|▍         | 1/26 [00:00<00:06,  4.15it/s, S=0.0151, loss=-0.0080]
Epoch 1/150 [train]:   4%|▍         | 1/26 [00:00<00:06,  4.15it/s, S=0.0155, loss=-0.0091]
Epoch 1/150 [train]:   4%|▍         | 1/26 [00:00<00:06,  4.15it/s, S=0.0154, loss=-0.0095]
Epoch 1/150 [train]:   4%|▍         | 1/26 [00:00<00:06,  4.15it/s, S=0.0156, loss=-0.0102]
Epoch 1/150 [train]:   4%|▍         | 1/26 [00:00<00:06,  4.15it/s, S=0.0155, loss=-0.0104]
Epoch 1/150 [train]:  38%|███▊      | 10/26 [00:00<00:00, 35.35it/s, S=0.0155, loss=-0.0104]
Epoch 1/150 [train]:  38%|███▊      | 10/26 [00:00<00:00, 35.35it/s, S=0.0155, loss=-0.0108]
Epoch 1/150 [train]:  38%|███▊      | 10/26 [00:00<00:00, 35.35it/s, S=0.0153, loss=-0.0109]
Epoch 1/150 [train]:  38%|███▊      | 10/26 [00:00<00:00, 35.35it/s, S=0.0153, loss=-0.0111]
Epoch 1/150 [train]:  38%|███▊      | 10/26 [00:00<00:00, 35.35it/s, S=0.0154, loss=-0.0113]
Epoch 1/150 [train]:  38%|███▊      | 10/26 [00:00<00:00, 35.35it/s, S=0.0152, loss=-0.0113]
Epoch 1/150 [train]:  38%|███▊      | 10/26 [00:00<00:00, 35.35it/s, S=0.0155, loss=-0.0115]
Epoch 1/150 [train]:  38%|███▊      | 10/26 [00:00<00:00, 35.35it/s, S=0.0154, loss=-0.0115]
Epoch 1/150 [train]:  38%|███▊      | 10/26 [00:00<00:00, 35.35it/s, S=0.0155, loss=-0.0118]
Epoch 1/150 [train]:  38%|███▊      | 10/26 [00:00<00:00, 35.35it/s, S=0.0156, loss=-0.0116]
Epoch 1/150 [train]:  73%|███████▎  | 19/26 [00:00<00:00, 53.52it/s, S=0.0156, loss=-0.0116]
Epoch 1/150 [train]:  73%|███████▎  | 19/26 [00:00<00:00, 53.52it/s, S=0.0155, loss=-0.0117]
Epoch 1/150 [train]:  73%|███████▎  | 19/26 [00:00<00:00, 53.52it/s, S=0.0155, loss=-0.0118]
Epoch 1/150 [train]:  73%|███████▎  | 19/26 [00:00<00:00, 53.52it/s, S=0.0156, loss=-0.0119]
Epoch 1/150 [train]:  73%|███████▎  | 19/26 [00:00<00:00, 53.52it/s, S=0.0155, loss=-0.0118]
Epoch 1/150 [train]:  73%|███████▎  | 19/26 [00:00<00:00, 53.52it/s, S=0.0159, loss=-0.0123]
Epoch 1/150 [train]:  73%|███████▎  | 19/26 [00:00<00:00, 53.52it/s, S=0.0158, loss=-0.0121]
Epoch 1/150 [train]:  73%|███████▎  | 19/26 [00:00<00:00, 53.52it/s, S=0.0158, loss=-0.0121]
                                                                                            
Epoch   1/150  train loss=-0.0093  val loss=-0.0121  S[mean]=0.0163  ζ=0.1535  mean_plane_ζ=0.1528  reg=0.0043  λscale=1.00  lr=4.88e-04
Saved val-mean plane ζ checkpoint val_mean_plane_zeta_0.1.pt: threshold=0.1 epoch=1 val_mean_plane_zeta=0.1528

Epoch 2/150 [train]:   0%|          | 0/26 [00:00<?, ?it/s]
Epoch 2/150 [train]:   0%|          | 0/26 [00:00<?, ?it/s, S=0.0159, loss=-0.0124]
Epoch 2/150 [train]:   0%|          | 0/26 [00:00<?, ?it/s, S=0.0163, loss=-0.0128]
Epoch 2/150 [train]:   0%|          | 0/26 [00:00<?, ?it/s, S=0.0166, loss=-0.0132]
Epoch 2/150 [train]:   0%|          | 0/26 [00:00<?, ?it/s, S=0.0170, loss=-0.0135]
Epoch 2/150 [train]:   0%|          | 0/26 [00:00<?, ?it/s, S=0.0167, loss=-0.0132]
Epoch 2/150 [train]:   0%|          | 0/26 [00:00<?, ?it/s, S=0.0174, loss=-0.0139]
Epoch 2/150 [train]:   0%|          | 0/26 [00:00<?, ?it/s, S=0.0179, loss=-0.0144]
Epoch 2/150 [train]:   0%|          | 0/26 [00:00<?, ?it/s, S=0.0187, loss=-0.0152]
Epoch 2/150 [train]:   0%|          | 0/26 [00:00<?, ?it/s, S=0.0188, loss=-0.0153]
Epoch 2/150 [train]:  35%|███▍      | 9/26 [00:00<00:00, 86.57it/s, S=0.0188, loss=-0.0153]
Epoch 2/150 [train]:  35%|███▍      | 9/26 [00:00<00:00, 86.57it/s, S=0.0193, loss=-0.0158]
Epoch 2/150 [train]:  35%|███▍      | 9/26 [00:00<00:00, 86.57it/s, S=0.0203, loss=-0.0168]
Epoch 2/150 [train]:  35%|███▍      | 9/26 [00:00<00:00, 86.57it/s, S=0.0201, loss=-0.0166]
Epoch 2/150 [train]:  35%|███▍      | 9/26 [00:00<00:00, 86.57it/s, S=0.0217, loss=-0.0180]
Epoch 2/150 [train]:  35%|███▍      | 9/26 [00:00<00:00, 86.57it/s, S=0.0218, loss=-0.0181]
Epoch 2/150 [train]:  35%|███▍      | 9/26 [00:00<00:00, 86.57it/s, S=0.0235, loss=-0.0199]
Epoch 2/150 [train]:  35%|███▍      | 9/26 [00:00<00:00, 86.57it/s, S=0.0231, loss=-0.0194]
Epoch 2/150 [train]:  35%|███▍      | 9/26 [00:00<00:00, 86.57it/s, S=0.0234, loss=-0.0196]
Epoch 2/150 [train]:  35%|███▍      | 9/26 [00:00<00:00, 86.57it/s, S=0.0234, loss=-0.0196]
Epoch 2/150 [train]:  69%|██████▉   | 18/26 [00:00<00:00, 87.09it/s, S=0.0234, loss=-0.0196]
Epoch 2/150 [train]:  69%|██████▉   | 18/26 [00:00<00:00, 87.09it/s, S=0.0245, loss=-0.0207]
Epoch 2/150 [train]:  69%|██████▉   | 18/26 [00:00<00:00, 87.09it/s, S=0.0236, loss=-0.0199]
Epoch 2/150 [train]:  69%|██████▉   | 18/26 [00:00<00:00, 87.09it/s, S=0.0256, loss=-0.0220]
Epoch 2/150 [train]:  69%|██████▉   | 18/26 [00:00<00:00, 87.09it/s, S=0.0261, loss=-0.0223]
Epoch 2/150 [train]:  69%|██████▉   | 18/26 [00:00<00:00, 87.09it/s, S=0.0275, loss=-0.0238]
Epoch 2/150 [train]:  69%|██████▉   | 18/26 [00:00<00:00, 87.09it/s, S=0.0280, loss=-0.0242]
Epoch 2/150 [train]:  69%|██████▉   | 18/26 [00:00<00:00, 87.09it/s, S=0.0260, loss=-0.0222]
Epoch 2/150 [train]:  69%|██████▉   | 18/26 [00:00<00:00, 87.09it/s, S=0.0274, loss=-0.0239]
                                                                                            
Epoch   2/150  train loss=-0.0180  val loss=-0.0255  S[mean]=0.0306  ζ=0.2062  mean_plane_ζ=0.1577  reg=0.0050  λscale=1.00  lr=4.52e-04

Epoch 3/150 [train]:   0%|          | 0/26 [00:00<?, ?it/s]
Epoch 3/150 [train]:   0%|          | 0/26 [00:00<?, ?it/s, S=0.0286, loss=-0.0249]
Epoch 3/150 [train]:   0%|          | 0/26 [00:00<?, ?it/s, S=0.0288, loss=-0.0251]
Epoch 3/150 [train]:   0%|          | 0/26 [00:00<?, ?it/s, S=0.0298, loss=-0.0258]
Epoch 3/150 [train]:   0%|          | 0/26 [00:00<?, ?it/s, S=0.0305, loss=-0.0265]
Epoch 3/150 [train]:   0%|          | 0/26 [00:00<?, ?it/s, S=0.0318, loss=-0.0278]
Epoch 3/150 [train]:   0%|          | 0/26 [00:00<?, ?it/s, S=0.0297, loss=-0.0258]
Epoch 3/150 [train]:   0%|          | 0/26 [00:00<?, ?it/s, S=0.0315, loss=-0.0274]
Epoch 3/150 [train]:   0%|          | 0/26 [00:00<?, ?it/s, S=0.0322, loss=-0.0280]
Epoch 3/150 [train]:   0%|          | 0/26 [00:00<?, ?it/s, S=0.0332, loss=-0.0287]
Epoch 3/150 [train]:  35%|███▍      | 9/26 [00:00<00:00, 86.70it/s, S=0.0332, loss=-0.0287]
Epoch 3/150 [train]:  35%|███▍      | 9/26 [00:00<00:00, 86.70it/s, S=0.0339, loss=-0.0293]
Epoch 3/150 [train]:  35%|███▍      | 9/26 [00:00<00:00, 86.70it/s, S=0.0362, loss=-0.0313]
Epoch 3/150 [train]:  35%|███▍      | 9/26 [00:00<00:00, 86.70it/s, S=0.0341, loss=-0.0290]
Epoch 3/150 [train]:  35%|███▍      | 9/26 [00:00<00:00, 86.70it/s, S=0.0367, loss=-0.0312]
Epoch 3/150 [train]:  35%|███▍      | 9/26 [00:00<00:00, 86.70it/s, S=0.0396, loss=-0.0338]
Epoch 3/150 [train]:  35%|███▍      | 9/26 [00:00<00:00, 86.70it/s, S=0.0408, loss=-0.0345]
Epoch 3/150 [train]:  35%|███▍      | 9/26 [00:00<00:00, 86.70it/s, S=0.0404, loss=-0.0341]
Epoch 3/150 [train]:  35%|███▍      | 9/26 [00:00<00:00, 86.70it/s, S=0.0420, loss=-0.0352]
Epoch 3/150 [train]:  35%|███▍      | 9/26 [00:00<00:00, 86.70it/s, S=0.0414, loss=-0.0348]
Epoch 3/150 [train]:  69%|██████▉   | 18/26 [00:00<00:00, 87.01it/s, S=0.0414, loss=-0.0348]
Epoch 3/150 [train]:  69%|██████▉   | 18/26 [00:00<00:00, 87.01it/s, S=0.0437, loss=-0.0364]
Epoch 3/150 [train]:  69%|██████▉   | 18/26 [00:00<00:00, 87.01it/s, S=0.0450, loss=-0.0373]
Epoch 3/150 [train]:  69%|██████▉   | 18/26 [00:00<00:00, 87.01it/s, S=0.0475, loss=-0.0397]
Epoch 3/150 [train]:  69%|██████▉   | 18/26 [00:00<00:00, 87.01it/s, S=0.0469, loss=-0.0389]
Epoch 3/150 [train]:  69%|██████▉   | 18/26 [00:00<00:00, 87.01it/s, S=0.0497, loss=-0.0415]
Epoch 3/150 [train]:  69%|██████▉   | 18/26 [00:00<00:00, 87.01it/s, S=0.0496, loss=-0.0412]
Epoch 3/150 [train]:  69%|██████▉   | 18/26 [00:00<00:00, 87.01it/s, S=0.0500, loss=-0.0412]
Epoch 3/150 [train]:  69%|██████▉   | 18/26 [00:00<00:00, 87.01it/s, S=0.0554, loss=-0.0457]
                                                                                            
Epoch   3/150  train loss=-0.0329  val loss=-0.0487  S[mean]=0.0607  ζ=0.2634  mean_plane_ζ=0.1657  reg=0.0119  λscale=1.00  lr=3.97e-04

Epoch 4/150 [train]:   0%|          | 0/26 [00:00<?, ?it/s]
Epoch 4/150 [train]:   0%|          | 0/26 [00:00<?, ?it/s, S=0.0541, loss=-0.0440]
Epoch 4/150 [train]:   0%|          | 0/26 [00:00<?, ?it/s, S=0.0568, loss=-0.0467]
Epoch 4/150 [train]:   0%|          | 0/26 [00:00<?, ?it/s, S=0.0574, loss=-0.0478]
Epoch 4/150 [train]:   0%|          | 0/26 [00:00<?, ?it/s, S=0.0553, loss=-0.0456]
Epoch 4/150 [train]:   0%|          | 0/26 [00:00<?, ?it/s, S=0.0586, loss=-0.0482]
Epoch 4/150 [train]:   0%|          | 0/26 [00:00<?, ?it/s, S=0.0616, loss=-0.0502]
Epoch 4/150 [train]:   0%|          | 0/26 [00:00<?, ?it/s, S=0.0615, loss=-0.0508]
Epoch 4/150 [train]:   0%|          | 0/26 [00:00<?, ?it/s, S=0.0631, loss=-0.0515]
Epoch 4/150 [train]:   0%|          | 0/26 [00:00<?, ?it/s, S=0.0655, loss=-0.0541]
Epoch 4/150 [train]:  35%|███▍      | 9/26 [00:00<00:00, 86.52it/s, S=0.0655, loss=-0.0541]
Epoch 4/150 [train]:  35%|███▍      | 9/26 [00:00<00:00, 86.52it/s, S=0.0654, loss=-0.0538]
Epoch 4/150 [train]:  35%|███▍      | 9/26 [00:00<00:00, 86.52it/s, S=0.0680, loss=-0.0563]
Epoch 4/150 [train]:  35%|███▍      | 9/26 [00:00<00:00, 86.52it/s, S=0.0635, loss=-0.0519]
Epoch 4/150 [train]:  35%|███▍      | 9/26 [00:00<00:00, 86.52it/s, S=0.0689, loss=-0.0568]
Epoch 4/150 [train]:  35%|███▍      | 9/26 [00:00<00:00, 86.52it/s, S=0.0676, loss=-0.0558]
Epoch 4/150 [train]:  35%|███▍      | 9/26 [00:00<00:00, 86.52it/s, S=0.0662, loss=-0.0543]
Epoch 4/150 [train]:  35%|███▍      | 9/26 [00:00<00:00, 86.52it/s, S=0.0703, loss=-0.0583]
Epoch 4/150 [train]:  35%|███▍      | 9/26 [00:00<00:00, 86.52it/s, S=0.0710, loss=-0.0590]
Epoch 4/150 [train]:  35%|███▍      | 9/26 [00:00<00:00, 86.52it/s, S=0.0739, loss=-0.0617]
Epoch 4/150 [train]:  69%|██████▉   | 18/26 [00:00<00:00, 86.66it/s, S=0.0739, loss=-0.0617]
Epoch 4/150 [train]:  69%|██████▉   | 18/26 [00:00<00:00, 86.66it/s, S=0.0733, loss=-0.0606]
Epoch 4/150 [train]:  69%|██████▉   | 18/26 [00:00<00:00, 86.66it/s, S=0.0723, loss=-0.0598]
Epoch 4/150 [train]:  69%|██████▉   | 18/26 [00:00<00:00, 86.66it/s, S=0.0732, loss=-0.0608]
Epoch 4/150 [train]:  69%|██████▉   | 18/26 [00:00<00:00, 86.66it/s, S=0.0757, loss=-0.0617]
Epoch 4/150 [train]:  69%|██████▉   | 18/26 [00:00<00:00, 86.66it/s, S=0.0747, loss=-0.0614]
Epoch 4/150 [train]:  69%|██████▉   | 18/26 [00:00<00:00, 86.66it/s, S=0.0776, loss=-0.0641]
Epoch 4/150 [train]:  69%|██████▉   | 18/26 [00:00<00:00, 86.66it/s, S=0.0726, loss=-0.0594]
Epoch 4/150 [train]:  69%|██████▉   | 18/26 [00:00<00:00, 86.66it/s, S=0.0785, loss=-0.0645]
                                                                                            
Epoch   4/150  train loss=-0.0553  val loss=-0.0678  S[mean]=0.0844  ζ=0.2849  mean_plane_ζ=0.1669  reg=0.0166  λscale=1.00  lr=3.27e-04

Epoch 5/150 [train]:   0%|          | 0/26 [00:00<?, ?it/s]
Epoch 5/150 [train]:   0%|          | 0/26 [00:00<?, ?it/s, S=0.0787, loss=-0.0655]
Epoch 5/150 [train]:   0%|          | 0/26 [00:00<?, ?it/s, S=0.0801, loss=-0.0664]
Epoch 5/150 [train]:   0%|          | 0/26 [00:00<?, ?it/s, S=0.0794, loss=-0.0651]
Epoch 5/150 [train]:   0%|          | 0/26 [00:00<?, ?it/s, S=0.0805, loss=-0.0669]
Epoch 5/150 [train]:   0%|          | 0/26 [00:00<?, ?it/s, S=0.0797, loss=-0.0660]
Epoch 5/150 [train]:   0%|          | 0/26 [00:00<?, ?it/s, S=0.0796, loss=-0.0663]
Epoch 5/150 [train]:   0%|          | 0/26 [00:00<?, ?it/s, S=0.0811, loss=-0.0674]
Epoch 5/150 [train]:   0%|          | 0/26 [00:00<?, ?it/s, S=0.0819, loss=-0.0677]
Epoch 5/150 [train]:   0%|          | 0/26 [00:00<?, ?it/s, S=0.0847, loss=-0.0707]
Epoch 5/150 [train]:  35%|███▍      | 9/26 [00:00<00:00, 86.34it/s, S=0.0847, loss=-0.0707]
Epoch 5/150 [train]:  35%|███▍      | 9/26 [00:00<00:00, 86.34it/s, S=0.0805, loss=-0.0671]
Epoch 5/150 [train]:  35%|███▍      | 9/26 [00:00<00:00, 86.34it/s, S=0.0839, loss=-0.0698]
Epoch 5/150 [train]:  35%|███▍      | 9/26 [00:00<00:00, 86.34it/s, S=0.0866, loss=-0.0725]
Epoch 5/150 [train]:  35%|███▍      | 9/26 [00:00<00:00, 86.34it/s, S=0.0861, loss=-0.0726]
Epoch 5/150 [train]:  35%|███▍      | 9/26 [00:00<00:00, 86.34it/s, S=0.0827, loss=-0.0693]
Epoch 5/150 [train]:  35%|███▍      | 9/26 [00:00<00:00, 86.34it/s, S=0.0850, loss=-0.0710]
Epoch 5/150 [train]:  35%|███▍      | 9/26 [00:00<00:00, 86.34it/s, S=0.0835, loss=-0.0693]
Epoch 5/150 [train]:  35%|███▍      | 9/26 [00:00<00:00, 86.34it/s, S=0.0907, loss=-0.0764]
Epoch 5/150 [train]:  35%|███▍      | 9/26 [00:00<00:00, 86.34it/s, S=0.0864, loss=-0.0721]
Epoch 5/150 [train]:  69%|██████▉   | 18/26 [00:00<00:00, 86.82it/s, S=0.0864, loss=-0.0721]
Epoch 5/150 [train]:  69%|██████▉   | 18/26 [00:00<00:00, 86.82it/s, S=0.0901, loss=-0.0763]
Epoch 5/150 [train]:  69%|██████▉   | 18/26 [00:00<00:00, 86.82it/s, S=0.0885, loss=-0.0742]
Epoch 5/150 [train]:  69%|██████▉   | 18/26 [00:00<00:00, 86.82it/s, S=0.0881, loss=-0.0741]
Epoch 5/150 [train]:  69%|██████▉   | 18/26 [00:00<00:00, 86.82it/s, S=0.0876, loss=-0.0726]
Epoch 5/150 [train]:  69%|██████▉   | 18/26 [00:00<00:00, 86.82it/s, S=0.0910, loss=-0.0762]
Epoch 5/150 [train]:  69%|██████▉   | 18/26 [00:00<00:00, 86.82it/s, S=0.0915, loss=-0.0762]
Epoch 5/150 [train]:  69%|██████▉   | 18/26 [00:00<00:00, 86.82it/s, S=0.0906, loss=-0.0746]
Epoch 5/150 [train]:  69%|██████▉   | 18/26 [00:00<00:00, 86.82it/s, S=0.0956, loss=-0.0808]
                                                                                            
Epoch   5/150  train loss=-0.0710  val loss=-0.0814  S[mean]=0.1003  ζ=0.2922  mean_plane_ζ=0.1711  reg=0.0189  λscale=1.00  lr=2.50e-04

Epoch 6/150 [train]:   0%|          | 0/26 [00:00<?, ?it/s]
Epoch 6/150 [train]:   0%|          | 0/26 [00:00<?, ?it/s, S=0.0926, loss=-0.0773]
Epoch 6/150 [train]:   0%|          | 0/26 [00:00<?, ?it/s, S=0.0964, loss=-0.0817]
Epoch 6/150 [train]:   0%|          | 0/26 [00:00<?, ?it/s, S=0.0953, loss=-0.0801]
Epoch 6/150 [train]:   0%|          | 0/26 [00:00<?, ?it/s, S=0.0972, loss=-0.0820]
Epoch 6/150 [train]:   0%|          | 0/26 [00:00<?, ?it/s, S=0.0904, loss=-0.0755]
Epoch 6/150 [train]:   0%|          | 0/26 [00:00<?, ?it/s, S=0.0937, loss=-0.0788]
Epoch 6/150 [train]:   0%|          | 0/26 [00:00<?, ?it/s, S=0.0962, loss=-0.0807]
Epoch 6/150 [train]:   0%|          | 0/26 [00:00<?, ?it/s, S=0.0977, loss=-0.0826]
Epoch 6/150 [train]:   0%|          | 0/26 [00:00<?, ?it/s, S=0.0974, loss=-0.0822]
Epoch 6/150 [train]:  35%|███▍      | 9/26 [00:00<00:00, 86.78it/s, S=0.0974, loss=-0.0822]
Epoch 6/150 [train]:  35%|███▍      | 9/26 [00:00<00:00, 86.78it/s, S=0.0928, loss=-0.0777]
Epoch 6/150 [train]:  35%|███▍      | 9/26 [00:00<00:00, 86.78it/s, S=0.0990, loss=-0.0827]
Epoch 6/150 [train]:  35%|███▍      | 9/26 [00:00<00:00, 86.78it/s, S=0.1017, loss=-0.0862]
Epoch 6/150 [train]:  35%|███▍      | 9/26 [00:00<00:00, 86.78it/s, S=0.0931, loss=-0.0779]
Epoch 6/150 [train]:  35%|███▍      | 9/26 [00:00<00:00, 86.78it/s, S=0.1000, loss=-0.0844]
Epoch 6/150 [train]:  35%|███▍      | 9/26 [00:00<00:00, 86.78it/s, S=0.1018, loss=-0.0856]
Epoch 6/150 [train]:  35%|███▍      | 9/26 [00:00<00:00, 86.78it/s, S=0.0979, loss=-0.0814]
Epoch 6/150 [train]:  35%|███▍      | 9/26 [00:00<00:00, 86.78it/s, S=0.1005, loss=-0.0845]
Epoch 6/150 [train]:  35%|███▍      | 9/26 [00:00<00:00, 86.78it/s, S=0.1014, loss=-0.0855]
Epoch 6/150 [train]:  69%|██████▉   | 18/26 [00:00<00:00, 86.78it/s, S=0.1014, loss=-0.0855]
Epoch 6/150 [train]:  69%|██████▉   | 18/26 [00:00<00:00, 86.78it/s, S=0.1003, loss=-0.0842]
Epoch 6/150 [train]:  69%|██████▉   | 18/26 [00:00<00:00, 86.78it/s, S=0.1019, loss=-0.0851]
Epoch 6/150 [train]:  69%|██████▉   | 18/26 [00:00<00:00, 86.78it/s, S=0.1017, loss=-0.0856]
Epoch 6/150 [train]:  69%|██████▉   | 18/26 [00:00<00:00, 86.78it/s, S=0.1030, loss=-0.0874]
Epoch 6/150 [train]:  69%|██████▉   | 18/26 [00:00<00:00, 86.78it/s, S=0.1027, loss=-0.0864]
Epoch 6/150 [train]:  69%|██████▉   | 18/26 [00:00<00:00, 86.78it/s, S=0.1053, loss=-0.0890]
Epoch 6/150 [train]:  69%|██████▉   | 18/26 [00:00<00:00, 86.78it/s, S=0.1051, loss=-0.0890]
Epoch 6/150 [train]:  69%|██████▉   | 18/26 [00:00<00:00, 86.78it/s, S=0.1046, loss=-0.0881]
                                                                                            
Epoch   6/150  train loss=-0.0831  val loss=-0.0921  S[mean]=0.1124  ζ=0.2992  mean_plane_ζ=0.1762  reg=0.0203  λscale=1.00  lr=1.73e-04

Epoch 7/150 [train]:   0%|          | 0/26 [00:00<?, ?it/s]
Epoch 7/150 [train]:   0%|          | 0/26 [00:00<?, ?it/s, S=0.1039, loss=-0.0879]
Epoch 7/150 [train]:   0%|          | 0/26 [00:00<?, ?it/s, S=0.1027, loss=-0.0860]
Epoch 7/150 [train]:   0%|          | 0/26 [00:00<?, ?it/s, S=0.1069, loss=-0.0907]
Epoch 7/150 [train]:   0%|          | 0/26 [00:00<?, ?it/s, S=0.1077, loss=-0.0916]
Epoch 7/150 [train]:   0%|          | 0/26 [00:00<?, ?it/s, S=0.1049, loss=-0.0885]
Epoch 7/150 [train]:   0%|          | 0/26 [00:00<?, ?it/s, S=0.1070, loss=-0.0895]
Epoch 7/150 [train]:   0%|          | 0/26 [00:00<?, ?it/s, S=0.1042, loss=-0.0880]
Epoch 7/150 [train]:   0%|          | 0/26 [00:00<?, ?it/s, S=0.1084, loss=-0.0921]
Epoch 7/150 [train]:   0%|          | 0/26 [00:00<?, ?it/s, S=0.1077, loss=-0.0912]
Epoch 7/150 [train]:  35%|███▍      | 9/26 [00:00<00:00, 86.19it/s, S=0.1077, loss=-0.0912]
Epoch 7/150 [train]:  35%|███▍      | 9/26 [00:00<00:00, 86.19it/s, S=0.1103, loss=-0.0937]
Epoch 7/150 [train]:  35%|███▍      | 9/26 [00:00<00:00, 86.19it/s, S=0.1087, loss=-0.0921]
Epoch 7/150 [train]:  35%|███▍      | 9/26 [00:00<00:00, 86.19it/s, S=0.1056, loss=-0.0889]
Epoch 7/150 [train]:  35%|███▍      | 9/26 [00:00<00:00, 86.19it/s, S=0.1070, loss=-0.0904]
Epoch 7/150 [train]:  35%|███▍      | 9/26 [00:00<00:00, 86.19it/s, S=0.1114, loss=-0.0948]
Epoch 7/150 [train]:  35%|███▍      | 9/26 [00:00<00:00, 86.19it/s, S=0.1099, loss=-0.0930]
Epoch 7/150 [train]:  35%|███▍      | 9/26 [00:00<00:00, 86.19it/s, S=0.1090, loss=-0.0916]
Epoch 7/150 [train]:  35%|███▍      | 9/26 [00:00<00:00, 86.19it/s, S=0.1132, loss=-0.0966]
Epoch 7/150 [train]:  35%|███▍      | 9/26 [00:00<00:00, 86.19it/s, S=0.1076, loss=-0.0910]
Epoch 7/150 [train]:  69%|██████▉   | 18/26 [00:00<00:00, 86.51it/s, S=0.1076, loss=-0.0910]
Epoch 7/150 [train]:  69%|██████▉   | 18/26 [00:00<00:00, 86.51it/s, S=0.1110, loss=-0.0943]
Epoch 7/150 [train]:  69%|██████▉   | 18/26 [00:00<00:00, 86.51it/s, S=0.1103, loss=-0.0923]
Epoch 7/150 [train]:  69%|██████▉   | 18/26 [00:00<00:00, 86.51it/s, S=0.1117, loss=-0.0952]
Epoch 7/150 [train]:  69%|██████▉   | 18/26 [00:00<00:00, 86.51it/s, S=0.1051, loss=-0.0881]
Epoch 7/150 [train]:  69%|██████▉   | 18/26 [00:00<00:00, 86.51it/s, S=0.1103, loss=-0.0935]
Epoch 7/150 [train]:  69%|██████▉   | 18/26 [00:00<00:00, 86.51it/s, S=0.1105, loss=-0.0928]
Epoch 7/150 [train]:  69%|██████▉   | 18/26 [00:00<00:00, 86.51it/s, S=0.1098, loss=-0.0925]
Epoch 7/150 [train]:  69%|██████▉   | 18/26 [00:00<00:00, 86.51it/s, S=0.1084, loss=-0.0917]
                                                                                            
Epoch   7/150  train loss=-0.0915  val loss=-0.0994  S[mean]=0.1205  ζ=0.3051  mean_plane_ζ=0.1805  reg=0.0211  λscale=1.00  lr=1.03e-04

Epoch 8/150 [train]:   0%|          | 0/26 [00:00<?, ?it/s]
Epoch 8/150 [train]:   0%|          | 0/26 [00:00<?, ?it/s, S=0.1088, loss=-0.0914]
Epoch 8/150 [train]:   0%|          | 0/26 [00:00<?, ?it/s, S=0.1106, loss=-0.0932]
Epoch 8/150 [train]:   0%|          | 0/26 [00:00<?, ?it/s, S=0.1113, loss=-0.0946]
Epoch 8/150 [train]:   0%|          | 0/26 [00:00<?, ?it/s, S=0.1140, loss=-0.0976]
Epoch 8/150 [train]:   0%|          | 0/26 [00:00<?, ?it/s, S=0.1089, loss=-0.0928]
Epoch 8/150 [train]:   0%|          | 0/26 [00:00<?, ?it/s, S=0.1145, loss=-0.0969]
Epoch 8/150 [train]:   0%|          | 0/26 [00:00<?, ?it/s, S=0.1093, loss=-0.0929]
Epoch 8/150 [train]:   0%|          | 0/26 [00:00<?, ?it/s, S=0.1137, loss=-0.0971]
Epoch 8/150 [train]:   0%|          | 0/26 [00:00<?, ?it/s, S=0.1131, loss=-0.0960]
Epoch 8/150 [train]:  35%|███▍      | 9/26 [00:00<00:00, 86.32it/s, S=0.1131, loss=-0.0960]
Epoch 8/150 [train]:  35%|███▍      | 9/26 [00:00<00:00, 86.32it/s, S=0.1161, loss=-0.0984]
Epoch 8/150 [train]:  35%|███▍      | 9/26 [00:00<00:00, 86.32it/s, S=0.1145, loss=-0.0975]
Epoch 8/150 [train]:  35%|███▍      | 9/26 [00:00<00:00, 86.32it/s, S=0.1156, loss=-0.0974]
Epoch 8/150 [train]:  35%|███▍      | 9/26 [00:00<00:00, 86.32it/s, S=0.1132, loss=-0.0962]
Epoch 8/150 [train]:  35%|███▍      | 9/26 [00:00<00:00, 86.32it/s, S=0.1157, loss=-0.0983]
Epoch 8/150 [train]:  35%|███▍      | 9/26 [00:00<00:00, 86.32it/s, S=0.1107, loss=-0.0930]
Epoch 8/150 [train]:  35%|███▍      | 9/26 [00:00<00:00, 86.32it/s, S=0.1145, loss=-0.0967]
Epoch 8/150 [train]:  35%|███▍      | 9/26 [00:00<00:00, 86.32it/s, S=0.1141, loss=-0.0965]
Epoch 8/150 [train]:  35%|███▍      | 9/26 [00:00<00:00, 86.32it/s, S=0.1169, loss=-0.0999]
Epoch 8/150 [train]:  69%|██████▉   | 18/26 [00:00<00:00, 86.68it/s, S=0.1169, loss=-0.0999]
Epoch 8/150 [train]:  69%|██████▉   | 18/26 [00:00<00:00, 86.68it/s, S=0.1132, loss=-0.0961]
Epoch 8/150 [train]:  69%|██████▉   | 18/26 [00:00<00:00, 86.68it/s, S=0.1177, loss=-0.1002]
Epoch 8/150 [train]:  69%|██████▉   | 18/26 [00:00<00:00, 86.68it/s, S=0.1124, loss=-0.0954]
Epoch 8/150 [train]:  69%|██████▉   | 18/26 [00:00<00:00, 86.68it/s, S=0.1124, loss=-0.0945]
Epoch 8/150 [train]:  69%|██████▉   | 18/26 [00:00<00:00, 86.68it/s, S=0.1136, loss=-0.0972]
Epoch 8/150 [train]:  69%|██████▉   | 18/26 [00:00<00:00, 86.68it/s, S=0.1171, loss=-0.1004]
Epoch 8/150 [train]:  69%|██████▉   | 18/26 [00:00<00:00, 86.68it/s, S=0.1163, loss=-0.0994]
Epoch 8/150 [train]:  69%|██████▉   | 18/26 [00:00<00:00, 86.68it/s, S=0.1169, loss=-0.0994]
                                                                                            
Epoch   8/150  train loss=-0.0965  val loss=-0.1036  S[mean]=0.1251  ζ=0.3083  mean_plane_ζ=0.1830  reg=0.0215  λscale=1.00  lr=4.77e-05

Epoch 9/150 [train]:   0%|          | 0/26 [00:00<?, ?it/s]
Epoch 9/150 [train]:   0%|          | 0/26 [00:00<?, ?it/s, S=0.1139, loss=-0.0963]
Epoch 9/150 [train]:   0%|          | 0/26 [00:00<?, ?it/s, S=0.1193, loss=-0.1019]
Epoch 9/150 [train]:   0%|          | 0/26 [00:00<?, ?it/s, S=0.1126, loss=-0.0952]
Epoch 9/150 [train]:   0%|          | 0/26 [00:00<?, ?it/s, S=0.1170, loss=-0.1002]
Epoch 9/150 [train]:   0%|          | 0/26 [00:00<?, ?it/s, S=0.1137, loss=-0.0953]
Epoch 9/150 [train]:   0%|          | 0/26 [00:00<?, ?it/s, S=0.1160, loss=-0.0994]
Epoch 9/150 [train]:   0%|          | 0/26 [00:00<?, ?it/s, S=0.1136, loss=-0.0957]
Epoch 9/150 [train]:   0%|          | 0/26 [00:00<?, ?it/s, S=0.1160, loss=-0.0986]
Epoch 9/150 [train]:   0%|          | 0/26 [00:00<?, ?it/s, S=0.1187, loss=-0.1015]
Epoch 9/150 [train]:  35%|███▍      | 9/26 [00:00<00:00, 86.31it/s, S=0.1187, loss=-0.1015]
Epoch 9/150 [train]:  35%|███▍      | 9/26 [00:00<00:00, 86.31it/s, S=0.1144, loss=-0.0968]
Epoch 9/150 [train]:  35%|███▍      | 9/26 [00:00<00:00, 86.31it/s, S=0.1146, loss=-0.0980]
Epoch 9/150 [train]:  35%|███▍      | 9/26 [00:00<00:00, 86.31it/s, S=0.1197, loss=-0.1028]
Epoch 9/150 [train]:  35%|███▍      | 9/26 [00:00<00:00, 86.31it/s, S=0.1180, loss=-0.1006]
Epoch 9/150 [train]:  35%|███▍      | 9/26 [00:00<00:00, 86.31it/s, S=0.1187, loss=-0.1011]
Epoch 9/150 [train]:  35%|███▍      | 9/26 [00:00<00:00, 86.31it/s, S=0.1179, loss=-0.0999]
Epoch 9/150 [train]:  35%|███▍      | 9/26 [00:00<00:00, 86.31it/s, S=0.1160, loss=-0.0981]
Epoch 9/150 [train]:  35%|███▍      | 9/26 [00:00<00:00, 86.31it/s, S=0.1189, loss=-0.1011]
Epoch 9/150 [train]:  35%|███▍      | 9/26 [00:00<00:00, 86.31it/s, S=0.1185, loss=-0.1005]
Epoch 9/150 [train]:  69%|██████▉   | 18/26 [00:00<00:00, 86.48it/s, S=0.1185, loss=-0.1005]
Epoch 9/150 [train]:  69%|██████▉   | 18/26 [00:00<00:00, 86.48it/s, S=0.1184, loss=-0.1015]
Epoch 9/150 [train]:  69%|██████▉   | 18/26 [00:00<00:00, 86.48it/s, S=0.1181, loss=-0.1007]
Epoch 9/150 [train]:  69%|██████▉   | 18/26 [00:00<00:00, 86.48it/s, S=0.1167, loss=-0.0984]
Epoch 9/150 [train]:  69%|██████▉   | 18/26 [00:00<00:00, 86.48it/s, S=0.1206, loss=-0.1033]
Epoch 9/150 [train]:  69%|██████▉   | 18/26 [00:00<00:00, 86.48it/s, S=0.1145, loss=-0.0969]
Epoch 9/150 [train]:  69%|██████▉   | 18/26 [00:00<00:00, 86.48it/s, S=0.1168, loss=-0.0995]
Epoch 9/150 [train]:  69%|██████▉   | 18/26 [00:00<00:00, 86.48it/s, S=0.1180, loss=-0.1004]
Epoch 9/150 [train]:  69%|██████▉   | 18/26 [00:00<00:00, 86.48it/s, S=0.1167, loss=-0.0993]
                                                                                            
Epoch   9/150  train loss=-0.0993  val loss=-0.1056  S[mean]=0.1272  ζ=0.3102  mean_plane_ζ=0.1845  reg=0.0216  λscale=1.00  lr=1.22e-05

Epoch 10/150 [train]:   0%|          | 0/26 [00:00<?, ?it/s]
Epoch 10/150 [train]:   0%|          | 0/26 [00:00<?, ?it/s, S=0.1147, loss=-0.0949]
Epoch 10/150 [train]:   0%|          | 0/26 [00:00<?, ?it/s, S=0.1200, loss=-0.1033]
Epoch 10/150 [train]:   0%|          | 0/26 [00:00<?, ?it/s, S=0.1178, loss=-0.1009]
Epoch 10/150 [train]:   0%|          | 0/26 [00:00<?, ?it/s, S=0.1158, loss=-0.0984]
Epoch 10/150 [train]:   0%|          | 0/26 [00:00<?, ?it/s, S=0.1184, loss=-0.1004]
Epoch 10/150 [train]:   0%|          | 0/26 [00:00<?, ?it/s, S=0.1201, loss=-0.1027]
Epoch 10/150 [train]:   0%|          | 0/26 [00:00<?, ?it/s, S=0.1185, loss=-0.1013]
Epoch 10/150 [train]:   0%|          | 0/26 [00:00<?, ?it/s, S=0.1200, loss=-0.1030]
Epoch 10/150 [train]:   0%|          | 0/26 [00:00<?, ?it/s, S=0.1208, loss=-0.1039]
Epoch 10/150 [train]:  35%|███▍      | 9/26 [00:00<00:00, 86.49it/s, S=0.1208, loss=-0.1039]
Epoch 10/150 [train]:  35%|███▍      | 9/26 [00:00<00:00, 86.49it/s, S=0.1202, loss=-0.1028]
Epoch 10/150 [train]:  35%|███▍      | 9/26 [00:00<00:00, 86.49it/s, S=0.1177, loss=-0.1003]
Epoch 10/150 [train]:  35%|███▍      | 9/26 [00:00<00:00, 86.49it/s, S=0.1221, loss=-0.1047]
Epoch 10/150 [train]:  35%|███▍      | 9/26 [00:00<00:00, 86.49it/s, S=0.1180, loss=-0.1009]
Epoch 10/150 [train]:  35%|███▍      | 9/26 [00:00<00:00, 86.49it/s, S=0.1179, loss=-0.1008]
Epoch 10/150 [train]:  35%|███▍      | 9/26 [00:00<00:00, 86.49it/s, S=0.1150, loss=-0.0985]
Epoch 10/150 [train]:  35%|███▍      | 9/26 [00:00<00:00, 86.49it/s, S=0.1199, loss=-0.1028]
Epoch 10/150 [train]:  35%|███▍      | 9/26 [00:00<00:00, 86.49it/s, S=0.1181, loss=-0.1004]
Epoch 10/150 [train]:  35%|███▍      | 9/26 [00:00<00:00, 86.49it/s, S=0.1153, loss=-0.0978]
Epoch 10/150 [train]:  69%|██████▉   | 18/26 [00:00<00:00, 86.60it/s, S=0.1153, loss=-0.0978]
Epoch 10/150 [train]:  69%|██████▉   | 18/26 [00:00<00:00, 86.60it/s, S=0.1205, loss=-0.1030]
Epoch 10/150 [train]:  69%|██████▉   | 18/26 [00:00<00:00, 86.60it/s, S=0.1176, loss=-0.0999]
Epoch 10/150 [train]:  69%|██████▉   | 18/26 [00:00<00:00, 86.60it/s, S=0.1180, loss=-0.0999]
Epoch 10/150 [train]:  69%|██████▉   | 18/26 [00:00<00:00, 86.60it/s, S=0.1157, loss=-0.0976]
Epoch 10/150 [train]:  69%|██████▉   | 18/26 [00:00<00:00, 86.60it/s, S=0.1162, loss=-0.0994]
Epoch 10/150 [train]:  69%|██████▉   | 18/26 [00:00<00:00, 86.60it/s, S=0.1160, loss=-0.0976]
Epoch 10/150 [train]:  69%|██████▉   | 18/26 [00:00<00:00, 86.60it/s, S=0.1220, loss=-0.1049]
Epoch 10/150 [train]:  69%|██████▉   | 18/26 [00:00<00:00, 86.60it/s, S=0.1174, loss=-0.1001]
                                                                                             
Epoch  10/150  train loss=-0.1008  val loss=-0.1061  S[mean]=0.1278  ζ=0.3106  mean_plane_ζ=0.1849  reg=0.0217  λscale=1.00  lr=5.00e-04

Epoch 11/150 [train]:   0%|          | 0/26 [00:00<?, ?it/s]
Epoch 11/150 [train]:   0%|          | 0/26 [00:00<?, ?it/s, S=0.1154, loss=-0.0969]
Epoch 11/150 [train]:   0%|          | 0/26 [00:00<?, ?it/s, S=0.1205, loss=-0.1029]
Epoch 11/150 [train]:   0%|          | 0/26 [00:00<?, ?it/s, S=0.1147, loss=-0.0952]
Epoch 11/150 [train]:   0%|          | 0/26 [00:00<?, ?it/s, S=0.1153, loss=-0.0957]
Epoch 11/150 [train]:   0%|          | 0/26 [00:00<?, ?it/s, S=0.1225, loss=-0.1021]
Epoch 11/150 [train]:   0%|          | 0/26 [00:00<?, ?it/s, S=0.1217, loss=-0.1032]
Epoch 11/150 [train]:   0%|          | 0/26 [00:00<?, ?it/s, S=0.1238, loss=-0.1051]
Epoch 11/150 [train]:   0%|          | 0/26 [00:00<?, ?it/s, S=0.1219, loss=-0.1034]
Epoch 11/150 [train]:   0%|          | 0/26 [00:00<?, ?it/s, S=0.1251, loss=-0.1061]
Epoch 11/150 [train]:  35%|███▍      | 9/26 [00:00<00:00, 86.07it/s, S=0.1251, loss=-0.1061]
Epoch 11/150 [train]:  35%|███▍      | 9/26 [00:00<00:00, 86.07it/s, S=0.1217, loss=-0.1018]
Epoch 11/150 [train]:  35%|███▍      | 9/26 [00:00<00:00, 86.07it/s, S=0.1237, loss=-0.1036]
Epoch 11/150 [train]:  35%|███▍      | 9/26 [00:00<00:00, 86.07it/s, S=0.1253, loss=-0.1064]
Epoch 11/150 [train]:  35%|███▍      | 9/26 [00:00<00:00, 86.07it/s, S=0.1203, loss=-0.1007]
Epoch 11/150 [train]:  35%|███▍      | 9/26 [00:00<00:00, 86.07it/s, S=0.1285, loss=-0.1091]
Epoch 11/150 [train]:  35%|███▍      | 9/26 [00:00<00:00, 86.07it/s, S=0.1276, loss=-0.1078]
Epoch 11/150 [train]:  35%|███▍      | 9/26 [00:00<00:00, 86.07it/s, S=0.1272, loss=-0.1071]
Epoch 11/150 [train]:  35%|███▍      | 9/26 [00:00<00:00, 86.07it/s, S=0.1276, loss=-0.1071]
Epoch 11/150 [train]:  35%|███▍      | 9/26 [00:00<00:00, 86.07it/s, S=0.1261, loss=-0.1051]
Epoch 11/150 [train]:  69%|██████▉   | 18/26 [00:00<00:00, 86.52it/s, S=0.1261, loss=-0.1051]
Epoch 11/150 [train]:  69%|██████▉   | 18/26 [00:00<00:00, 86.52it/s, S=0.1288, loss=-0.1063]
Epoch 11/150 [train]:  69%|██████▉   | 18/26 [00:00<00:00, 86.52it/s, S=0.1347, loss=-0.1138]
Epoch 11/150 [train]:  69%|██████▉   | 18/26 [00:00<00:00, 86.52it/s, S=0.1307, loss=-0.1097]
Epoch 11/150 [train]:  69%|██████▉   | 18/26 [00:00<00:00, 86.52it/s, S=0.1301, loss=-0.1094]
Epoch 11/150 [train]:  69%|██████▉   | 18/26 [00:00<00:00, 86.52it/s, S=0.1311, loss=-0.1099]
Epoch 11/150 [train]:  69%|██████▉   | 18/26 [00:00<00:00, 86.52it/s, S=0.1352, loss=-0.1139]
Epoch 11/150 [train]:  69%|██████▉   | 18/26 [00:00<00:00, 86.52it/s, S=0.1306, loss=-0.1099]
Epoch 11/150 [train]:  69%|██████▉   | 18/26 [00:00<00:00, 86.52it/s, S=0.1391, loss=-0.1170]
                                                                                             
Epoch  11/150  train loss=-0.1057  val loss=-0.1229  S[mean]=0.1504  ζ=0.3235  mean_plane_ζ=0.1973  reg=0.0276  λscale=1.00  lr=4.97e-04

Epoch 12/150 [train]:   0%|          | 0/26 [00:00<?, ?it/s]
Epoch 12/150 [train]:   0%|          | 0/26 [00:00<?, ?it/s, S=0.1364, loss=-0.1157]
Epoch 12/150 [train]:   0%|          | 0/26 [00:00<?, ?it/s, S=0.1397, loss=-0.1157]
Epoch 12/150 [train]:   0%|          | 0/26 [00:00<?, ?it/s, S=0.1357, loss=-0.1133]
Epoch 12/150 [train]:   0%|          | 0/26 [00:00<?, ?it/s, S=0.1389, loss=-0.1169]
Epoch 12/150 [train]:   0%|          | 0/26 [00:00<?, ?it/s, S=0.1418, loss=-0.1198]
Epoch 12/150 [train]:   0%|          | 0/26 [00:00<?, ?it/s, S=0.1392, loss=-0.1166]
Epoch 12/150 [train]:   0%|          | 0/26 [00:00<?, ?it/s, S=0.1421, loss=-0.1185]
Epoch 12/150 [train]:   0%|          | 0/26 [00:00<?, ?it/s, S=0.1427, loss=-0.1198]
Epoch 12/150 [train]:   0%|          | 0/26 [00:00<?, ?it/s, S=0.1448, loss=-0.1213]
Epoch 12/150 [train]:  35%|███▍      | 9/26 [00:00<00:00, 86.36it/s, S=0.1448, loss=-0.1213]
Epoch 12/150 [train]:  35%|███▍      | 9/26 [00:00<00:00, 86.36it/s, S=0.1379, loss=-0.1143]
Epoch 12/150 [train]:  35%|███▍      | 9/26 [00:00<00:00, 86.36it/s, S=0.1398, loss=-0.1154]
Epoch 12/150 [train]:  35%|███▍      | 9/26 [00:00<00:00, 86.36it/s, S=0.1494, loss=-0.1244]
Epoch 12/150 [train]:  35%|███▍      | 9/26 [00:00<00:00, 86.36it/s, S=0.1429, loss=-0.1166]
Epoch 12/150 [train]:  35%|███▍      | 9/26 [00:00<00:00, 86.36it/s, S=0.1447, loss=-0.1219]
Epoch 12/150 [train]:  35%|███▍      | 9/26 [00:00<00:00, 86.36it/s, S=0.1526, loss=-0.1290]
Epoch 12/150 [train]:  35%|███▍      | 9/26 [00:00<00:00, 86.36it/s, S=0.1532, loss=-0.1280]
Epoch 12/150 [train]:  35%|███▍      | 9/26 [00:00<00:00, 86.36it/s, S=0.1515, loss=-0.1268]
Epoch 12/150 [train]:  35%|███▍      | 9/26 [00:00<00:00, 86.36it/s, S=0.1485, loss=-0.1221]
Epoch 12/150 [train]:  69%|██████▉   | 18/26 [00:00<00:00, 86.57it/s, S=0.1485, loss=-0.1221]
Epoch 12/150 [train]:  69%|██████▉   | 18/26 [00:00<00:00, 86.57it/s, S=0.1525, loss=-0.1282]
Epoch 12/150 [train]:  69%|██████▉   | 18/26 [00:00<00:00, 86.57it/s, S=0.1537, loss=-0.1284]
Epoch 12/150 [train]:  69%|██████▉   | 18/26 [00:00<00:00, 86.57it/s, S=0.1528, loss=-0.1272]
Epoch 12/150 [train]:  69%|██████▉   | 18/26 [00:00<00:00, 86.57it/s, S=0.1546, loss=-0.1280]
Epoch 12/150 [train]:  69%|██████▉   | 18/26 [00:00<00:00, 86.57it/s, S=0.1576, loss=-0.1311]
Epoch 12/150 [train]:  69%|██████▉   | 18/26 [00:00<00:00, 86.57it/s, S=0.1600, loss=-0.1345]
Epoch 12/150 [train]:  69%|██████▉   | 18/26 [00:00<00:00, 86.57it/s, S=0.1624, loss=-0.1371]
Epoch 12/150 [train]:  69%|██████▉   | 18/26 [00:00<00:00, 86.57it/s, S=0.1587, loss=-0.1337]
                                                                                             
Epoch  12/150  train loss=-0.1232  val loss=-0.1428  S[mean]=0.1755  ζ=0.3365  mean_plane_ζ=0.2075  reg=0.0327  λscale=1.00  lr=4.88e-04
Saved val-mean plane ζ checkpoint val_mean_plane_zeta_0.2.pt: threshold=0.2 epoch=12 val_mean_plane_zeta=0.2075

Epoch 13/150 [train]:   0%|          | 0/26 [00:00<?, ?it/s]
Epoch 13/150 [train]:   0%|          | 0/26 [00:00<?, ?it/s, S=0.1589, loss=-0.1342]
Epoch 13/150 [train]:   0%|          | 0/26 [00:00<?, ?it/s, S=0.1650, loss=-0.1395]
Epoch 13/150 [train]:   0%|          | 0/26 [00:00<?, ?it/s, S=0.1627, loss=-0.1365]
Epoch 13/150 [train]:   0%|          | 0/26 [00:00<?, ?it/s, S=0.1643, loss=-0.1380]
Epoch 13/150 [train]:   0%|          | 0/26 [00:00<?, ?it/s, S=0.1628, loss=-0.1363]
Epoch 13/150 [train]:   0%|          | 0/26 [00:00<?, ?it/s, S=0.1613, loss=-0.1321]
Epoch 13/150 [train]:   0%|          | 0/26 [00:00<?, ?it/s, S=0.1638, loss=-0.1366]
Epoch 13/150 [train]:   0%|          | 0/26 [00:00<?, ?it/s, S=0.1657, loss=-0.1397]
Epoch 13/150 [train]:   0%|          | 0/26 [00:00<?, ?it/s, S=0.1670, loss=-0.1398]
Epoch 13/150 [train]:  35%|███▍      | 9/26 [00:00<00:00, 86.53it/s, S=0.1670, loss=-0.1398]
Epoch 13/150 [train]:  35%|███▍      | 9/26 [00:00<00:00, 86.53it/s, S=0.1640, loss=-0.1373]
Epoch 13/150 [train]:  35%|███▍      | 9/26 [00:00<00:00, 86.53it/s, S=0.1650, loss=-0.1381]
Epoch 13/150 [train]:  35%|███▍      | 9/26 [00:00<00:00, 86.53it/s, S=0.1666, loss=-0.1363]
Epoch 13/150 [train]:  35%|███▍      | 9/26 [00:00<00:00, 86.53it/s, S=0.1655, loss=-0.1375]
Epoch 13/150 [train]:  35%|███▍      | 9/26 [00:00<00:00, 86.53it/s, S=0.1719, loss=-0.1438]
Epoch 13/150 [train]:  35%|███▍      | 9/26 [00:00<00:00, 86.53it/s, S=0.1706, loss=-0.1436]
Epoch 13/150 [train]:  35%|███▍      | 9/26 [00:00<00:00, 86.53it/s, S=0.1764, loss=-0.1463]
Epoch 13/150 [train]:  35%|███▍      | 9/26 [00:00<00:00, 86.53it/s, S=0.1790, loss=-0.1501]
Epoch 13/150 [train]:  35%|███▍      | 9/26 [00:00<00:00, 86.53it/s, S=0.1800, loss=-0.1497]
Epoch 13/150 [train]:  69%|██████▉   | 18/26 [00:00<00:00, 86.66it/s, S=0.1800, loss=-0.1497]
Epoch 13/150 [train]:  69%|██████▉   | 18/26 [00:00<00:00, 86.66it/s, S=0.1751, loss=-0.1466]
Epoch 13/150 [train]:  69%|██████▉   | 18/26 [00:00<00:00, 86.66it/s, S=0.1708, loss=-0.1411]
Epoch 13/150 [train]:  69%|██████▉   | 18/26 [00:00<00:00, 86.66it/s, S=0.1791, loss=-0.1493]
Epoch 13/150 [train]:  69%|██████▉   | 18/26 [00:00<00:00, 86.66it/s, S=0.1760, loss=-0.1478]
Epoch 13/150 [train]:  69%|██████▉   | 18/26 [00:00<00:00, 86.66it/s, S=0.1785, loss=-0.1496]
Epoch 13/150 [train]:  69%|██████▉   | 18/26 [00:00<00:00, 86.66it/s, S=0.1710, loss=-0.1405]
Epoch 13/150 [train]:  69%|██████▉   | 18/26 [00:00<00:00, 86.66it/s, S=0.1745, loss=-0.1434]
Epoch 13/150 [train]:  69%|██████▉   | 18/26 [00:00<00:00, 86.66it/s, S=0.1828, loss=-0.1516]
                                                                                             
Epoch  13/150  train loss=-0.1417  val loss=-0.1614  S[mean]=0.1988  ζ=0.3502  mean_plane_ζ=0.2182  reg=0.0374  λscale=1.00  lr=4.73e-04

Epoch 14/150 [train]:   0%|          | 0/26 [00:00<?, ?it/s]
Epoch 14/150 [train]:   0%|          | 0/26 [00:00<?, ?it/s, S=0.1835, loss=-0.1538]
Epoch 14/150 [train]:   0%|          | 0/26 [00:00<?, ?it/s, S=0.1798, loss=-0.1488]
Epoch 14/150 [train]:   0%|          | 0/26 [00:00<?, ?it/s, S=0.1826, loss=-0.1496]
Epoch 14/150 [train]:   0%|          | 0/26 [00:00<?, ?it/s, S=0.1828, loss=-0.1526]
Epoch 14/150 [train]:   0%|          | 0/26 [00:00<?, ?it/s, S=0.1867, loss=-0.1517]
Epoch 14/150 [train]:   0%|          | 0/26 [00:00<?, ?it/s, S=0.1855, loss=-0.1527]
Epoch 14/150 [train]:   0%|          | 0/26 [00:00<?, ?it/s, S=0.1892, loss=-0.1573]
Epoch 14/150 [train]:   0%|          | 0/26 [00:00<?, ?it/s, S=0.1839, loss=-0.1495]
Epoch 14/150 [train]:   0%|          | 0/26 [00:00<?, ?it/s, S=0.1853, loss=-0.1542]
Epoch 14/150 [train]:  35%|███▍      | 9/26 [00:00<00:00, 86.24it/s, S=0.1853, loss=-0.1542]
Epoch 14/150 [train]:  35%|███▍      | 9/26 [00:00<00:00, 86.24it/s, S=0.1768, loss=-0.1465]
Epoch 14/150 [train]:  35%|███▍      | 9/26 [00:00<00:00, 86.24it/s, S=0.1916, loss=-0.1596]
Epoch 14/150 [train]:  35%|███▍      | 9/26 [00:00<00:00, 86.24it/s, S=0.1853, loss=-0.1515]
Epoch 14/150 [train]:  35%|███▍      | 9/26 [00:00<00:00, 86.24it/s, S=0.1877, loss=-0.1557]
Epoch 14/150 [train]:  35%|███▍      | 9/26 [00:00<00:00, 86.24it/s, S=0.1928, loss=-0.1615]
Epoch 14/150 [train]:  35%|███▍      | 9/26 [00:00<00:00, 86.24it/s, S=0.1905, loss=-0.1579]
Epoch 14/150 [train]:  35%|███▍      | 9/26 [00:00<00:00, 86.24it/s, S=0.1846, loss=-0.1532]
Epoch 14/150 [train]:  35%|███▍      | 9/26 [00:00<00:00, 86.24it/s, S=0.1935, loss=-0.1610]
Epoch 14/150 [train]:  35%|███▍      | 9/26 [00:00<00:00, 86.24it/s, S=0.1936, loss=-0.1596]
Epoch 14/150 [train]:  69%|██████▉   | 18/26 [00:00<00:00, 86.46it/s, S=0.1936, loss=-0.1596]
Epoch 14/150 [train]:  69%|██████▉   | 18/26 [00:00<00:00, 86.46it/s, S=0.1885, loss=-0.1557]
Epoch 14/150 [train]:  69%|██████▉   | 18/26 [00:00<00:00, 86.46it/s, S=0.1924, loss=-0.1607]
Epoch 14/150 [train]:  69%|██████▉   | 18/26 [00:00<00:00, 86.46it/s, S=0.1932, loss=-0.1607]
Epoch 14/150 [train]:  69%|██████▉   | 18/26 [00:00<00:00, 86.46it/s, S=0.1987, loss=-0.1648]
Epoch 14/150 [train]:  69%|██████▉   | 18/26 [00:00<00:00, 86.46it/s, S=0.1925, loss=-0.1601]
Epoch 14/150 [train]:  69%|██████▉   | 18/26 [00:00<00:00, 86.46it/s, S=0.1947, loss=-0.1627]
Epoch 14/150 [train]:  69%|██████▉   | 18/26 [00:00<00:00, 86.46it/s, S=0.1858, loss=-0.1518]
Epoch 14/150 [train]:  69%|██████▉   | 18/26 [00:00<00:00, 86.46it/s, S=0.1983, loss=-0.1656]
                                                                                             
Epoch  14/150  train loss=-0.1561  val loss=-0.1730  S[mean]=0.2133  ζ=0.3566  mean_plane_ζ=0.2259  reg=0.0403  λscale=1.00  lr=4.52e-04

Epoch 15/150 [train]:   0%|          | 0/26 [00:00<?, ?it/s]
Epoch 15/150 [train]:   0%|          | 0/26 [00:00<?, ?it/s, S=0.1976, loss=-0.1637]
Epoch 15/150 [train]:   0%|          | 0/26 [00:00<?, ?it/s, S=0.1993, loss=-0.1662]
Epoch 15/150 [train]:   0%|          | 0/26 [00:00<?, ?it/s, S=0.1905, loss=-0.1578]
Epoch 15/150 [train]:   0%|          | 0/26 [00:00<?, ?it/s, S=0.1987, loss=-0.1639]
Epoch 15/150 [train]:   0%|          | 0/26 [00:00<?, ?it/s, S=0.2014, loss=-0.1671]
Epoch 15/150 [train]:   0%|          | 0/26 [00:00<?, ?it/s, S=0.1982, loss=-0.1659]
Epoch 15/150 [train]:   0%|          | 0/26 [00:00<?, ?it/s, S=0.2023, loss=-0.1698]
Epoch 15/150 [train]:   0%|          | 0/26 [00:00<?, ?it/s, S=0.1972, loss=-0.1645]
Epoch 15/150 [train]:   0%|          | 0/26 [00:00<?, ?it/s, S=0.2004, loss=-0.1673]
Epoch 15/150 [train]:  35%|███▍      | 9/26 [00:00<00:00, 86.30it/s, S=0.2004, loss=-0.1673]
Epoch 15/150 [train]:  35%|███▍      | 9/26 [00:00<00:00, 86.30it/s, S=0.1962, loss=-0.1638]
Epoch 15/150 [train]:  35%|███▍      | 9/26 [00:00<00:00, 86.30it/s, S=0.1971, loss=-0.1634]
Epoch 15/150 [train]:  35%|███▍      | 9/26 [00:00<00:00, 86.30it/s, S=0.2010, loss=-0.1681]
Epoch 15/150 [train]:  35%|███▍      | 9/26 [00:00<00:00, 86.30it/s, S=0.1955, loss=-0.1605]
Epoch 15/150 [train]:  35%|███▍      | 9/26 [00:00<00:00, 86.30it/s, S=0.2032, loss=-0.1700]
Epoch 15/150 [train]:  35%|███▍      | 9/26 [00:00<00:00, 86.30it/s, S=0.1990, loss=-0.1634]
Epoch 15/150 [train]:  35%|███▍      | 9/26 [00:00<00:00, 86.30it/s, S=0.1969, loss=-0.1624]
Epoch 15/150 [train]:  35%|███▍      | 9/26 [00:00<00:00, 86.30it/s, S=0.2042, loss=-0.1695]
Epoch 15/150 [train]:  35%|███▍      | 9/26 [00:00<00:00, 86.30it/s, S=0.2054, loss=-0.1682]
Epoch 15/150 [train]:  69%|██████▉   | 18/26 [00:00<00:00, 86.52it/s, S=0.2054, loss=-0.1682]
Epoch 15/150 [train]:  69%|██████▉   | 18/26 [00:00<00:00, 86.52it/s, S=0.1988, loss=-0.1628]
Epoch 15/150 [train]:  69%|██████▉   | 18/26 [00:00<00:00, 86.52it/s, S=0.2064, loss=-0.1738]
Epoch 15/150 [train]:  69%|██████▉   | 18/26 [00:00<00:00, 86.52it/s, S=0.2052, loss=-0.1726]
Epoch 15/150 [train]:  69%|██████▉   | 18/26 [00:00<00:00, 86.52it/s, S=0.2034, loss=-0.1687]
Epoch 15/150 [train]:  69%|██████▉   | 18/26 [00:00<00:00, 86.52it/s, S=0.2100, loss=-0.1738]
Epoch 15/150 [train]:  69%|██████▉   | 18/26 [00:00<00:00, 86.52it/s, S=0.2064, loss=-0.1723]
Epoch 15/150 [train]:  69%|██████▉   | 18/26 [00:00<00:00, 86.52it/s, S=0.2046, loss=-0.1699]
Epoch 15/150 [train]:  69%|██████▉   | 18/26 [00:00<00:00, 86.52it/s, S=0.2069, loss=-0.1725]
                                                                                             
Epoch  15/150  train loss=-0.1670  val loss=-0.1858  S[mean]=0.2281  ζ=0.3653  mean_plane_ζ=0.2385  reg=0.0423  λscale=1.00  lr=4.27e-04

Epoch 16/150 [train]:   0%|          | 0/26 [00:00<?, ?it/s]
Epoch 16/150 [train]:   0%|          | 0/26 [00:00<?, ?it/s, S=0.2067, loss=-0.1721]
Epoch 16/150 [train]:   0%|          | 0/26 [00:00<?, ?it/s, S=0.2098, loss=-0.1745]
Epoch 16/150 [train]:   0%|          | 0/26 [00:00<?, ?it/s, S=0.2076, loss=-0.1713]
Epoch 16/150 [train]:   0%|          | 0/26 [00:00<?, ?it/s, S=0.2097, loss=-0.1761]
Epoch 16/150 [train]:   0%|          | 0/26 [00:00<?, ?it/s, S=0.2054, loss=-0.1693]
Epoch 16/150 [train]:   0%|          | 0/26 [00:00<?, ?it/s, S=0.2093, loss=-0.1732]
Epoch 16/150 [train]:   0%|          | 0/26 [00:00<?, ?it/s, S=0.2101, loss=-0.1738]
Epoch 16/150 [train]:   0%|          | 0/26 [00:00<?, ?it/s, S=0.2143, loss=-0.1789]
Epoch 16/150 [train]:   0%|          | 0/26 [00:00<?, ?it/s, S=0.2142, loss=-0.1787]
Epoch 16/150 [train]:  35%|███▍      | 9/26 [00:00<00:00, 86.44it/s, S=0.2142, loss=-0.1787]
Epoch 16/150 [train]:  35%|███▍      | 9/26 [00:00<00:00, 86.44it/s, S=0.2131, loss=-0.1756]
Epoch 16/150 [train]:  35%|███▍      | 9/26 [00:00<00:00, 86.44it/s, S=0.2155, loss=-0.1809]
Epoch 16/150 [train]:  35%|███▍      | 9/26 [00:00<00:00, 86.44it/s, S=0.2107, loss=-0.1733]
Epoch 16/150 [train]:  35%|███▍      | 9/26 [00:00<00:00, 86.44it/s, S=0.2155, loss=-0.1770]
Epoch 16/150 [train]:  35%|███▍      | 9/26 [00:00<00:00, 86.44it/s, S=0.2134, loss=-0.1778]
Epoch 16/150 [train]:  35%|███▍      | 9/26 [00:00<00:00, 86.44it/s, S=0.2167, loss=-0.1808]
Epoch 16/150 [train]:  35%|███▍      | 9/26 [00:00<00:00, 86.44it/s, S=0.2178, loss=-0.1826]
Epoch 16/150 [train]:  35%|███▍      | 9/26 [00:00<00:00, 86.44it/s, S=0.2157, loss=-0.1786]
Epoch 16/150 [train]:  35%|███▍      | 9/26 [00:00<00:00, 86.44it/s, S=0.2133, loss=-0.1766]
Epoch 16/150 [train]:  69%|██████▉   | 18/26 [00:00<00:00, 86.56it/s, S=0.2133, loss=-0.1766]
Epoch 16/150 [train]:  69%|██████▉   | 18/26 [00:00<00:00, 86.56it/s, S=0.2146, loss=-0.1776]
Epoch 16/150 [train]:  69%|██████▉   | 18/26 [00:00<00:00, 86.56it/s, S=0.2139, loss=-0.1753]
Epoch 16/150 [train]:  69%|██████▉   | 18/26 [00:00<00:00, 86.56it/s, S=0.2250, loss=-0.1877]
Epoch 16/150 [train]:  69%|██████▉   | 18/26 [00:00<00:00, 86.56it/s, S=0.2213, loss=-0.1842]
Epoch 16/150 [train]:  69%|██████▉   | 18/26 [00:00<00:00, 86.56it/s, S=0.2219, loss=-0.1858]
Epoch 16/150 [train]:  69%|██████▉   | 18/26 [00:00<00:00, 86.56it/s, S=0.2195, loss=-0.1819]
Epoch 16/150 [train]:  69%|██████▉   | 18/26 [00:00<00:00, 86.56it/s, S=0.2178, loss=-0.1815]
Epoch 16/150 [train]:  69%|██████▉   | 18/26 [00:00<00:00, 86.56it/s, S=0.2183, loss=-0.1818]
                                                                                             
Epoch  16/150  train loss=-0.1780  val loss=-0.2013  S[mean]=0.2463  ζ=0.3776  mean_plane_ζ=0.2526  reg=0.0450  λscale=1.00  lr=3.97e-04

Epoch 17/150 [train]:   0%|          | 0/26 [00:00<?, ?it/s]
Epoch 17/150 [train]:   0%|          | 0/26 [00:00<?, ?it/s, S=0.2219, loss=-0.1858]
Epoch 17/150 [train]:   0%|          | 0/26 [00:00<?, ?it/s, S=0.2159, loss=-0.1749]
Epoch 17/150 [train]:   0%|          | 0/26 [00:00<?, ?it/s, S=0.2203, loss=-0.1831]
Epoch 17/150 [train]:   0%|          | 0/26 [00:00<?, ?it/s, S=0.2262, loss=-0.1895]
Epoch 17/150 [train]:   0%|          | 0/26 [00:00<?, ?it/s, S=0.2284, loss=-0.1906]
Epoch 17/150 [train]:   0%|          | 0/26 [00:00<?, ?it/s, S=0.2279, loss=-0.1864]
Epoch 17/150 [train]:   0%|          | 0/26 [00:00<?, ?it/s, S=0.2228, loss=-0.1841]
Epoch 17/150 [train]:   0%|          | 0/26 [00:00<?, ?it/s, S=0.2240, loss=-0.1865]
Epoch 17/150 [train]:   0%|          | 0/26 [00:00<?, ?it/s, S=0.2259, loss=-0.1885]
Epoch 17/150 [train]:  35%|███▍      | 9/26 [00:00<00:00, 86.42it/s, S=0.2259, loss=-0.1885]
Epoch 17/150 [train]:  35%|███▍      | 9/26 [00:00<00:00, 86.42it/s, S=0.2268, loss=-0.1886]
Epoch 17/150 [train]:  35%|███▍      | 9/26 [00:00<00:00, 86.42it/s, S=0.2298, loss=-0.1885]
Epoch 17/150 [train]:  35%|███▍      | 9/26 [00:00<00:00, 86.42it/s, S=0.2230, loss=-0.1837]
Epoch 17/150 [train]:  35%|███▍      | 9/26 [00:00<00:00, 86.42it/s, S=0.2309, loss=-0.1943]
Epoch 17/150 [train]:  35%|███▍      | 9/26 [00:00<00:00, 86.42it/s, S=0.2307, loss=-0.1923]
Epoch 17/150 [train]:  35%|███▍      | 9/26 [00:00<00:00, 86.42it/s, S=0.2284, loss=-0.1910]
Epoch 17/150 [train]:  35%|███▍      | 9/26 [00:00<00:00, 86.42it/s, S=0.2301, loss=-0.1907]
Epoch 17/150 [train]:  35%|███▍      | 9/26 [00:00<00:00, 86.42it/s, S=0.2249, loss=-0.1852]
Epoch 17/150 [train]:  35%|███▍      | 9/26 [00:00<00:00, 86.42it/s, S=0.2430, loss=-0.2032]
Epoch 17/150 [train]:  69%|██████▉   | 18/26 [00:00<00:00, 86.56it/s, S=0.2430, loss=-0.2032]
Epoch 17/150 [train]:  69%|██████▉   | 18/26 [00:00<00:00, 86.56it/s, S=0.2350, loss=-0.1954]
Epoch 17/150 [train]:  69%|██████▉   | 18/26 [00:00<00:00, 86.56it/s, S=0.2312, loss=-0.1897]
Epoch 17/150 [train]:  69%|██████▉   | 18/26 [00:00<00:00, 86.56it/s, S=0.2321, loss=-0.1891]
Epoch 17/150 [train]:  69%|██████▉   | 18/26 [00:00<00:00, 86.56it/s, S=0.2391, loss=-0.2000]
Epoch 17/150 [train]:  69%|██████▉   | 18/26 [00:00<00:00, 86.56it/s, S=0.2297, loss=-0.1910]
Epoch 17/150 [train]:  69%|██████▉   | 18/26 [00:00<00:00, 86.56it/s, S=0.2345, loss=-0.1915]
Epoch 17/150 [train]:  69%|██████▉   | 18/26 [00:00<00:00, 86.56it/s, S=0.2322, loss=-0.1945]
Epoch 17/150 [train]:  69%|██████▉   | 18/26 [00:00<00:00, 86.56it/s, S=0.2328, loss=-0.1931]
                                                                                             
Epoch  17/150  train loss=-0.1897  val loss=-0.2169  S[mean]=0.2640  ζ=0.3914  mean_plane_ζ=0.2647  reg=0.0471  λscale=1.00  lr=3.63e-04

Epoch 18/150 [train]:   0%|          | 0/26 [00:00<?, ?it/s]
Epoch 18/150 [train]:   0%|          | 0/26 [00:00<?, ?it/s, S=0.2331, loss=-0.1938]
Epoch 18/150 [train]:   0%|          | 0/26 [00:00<?, ?it/s, S=0.2406, loss=-0.2022]
Epoch 18/150 [train]:   0%|          | 0/26 [00:00<?, ?it/s, S=0.2422, loss=-0.2047]
Epoch 18/150 [train]:   0%|          | 0/26 [00:00<?, ?it/s, S=0.2344, loss=-0.1943]
Epoch 18/150 [train]:   0%|          | 0/26 [00:00<?, ?it/s, S=0.2438, loss=-0.2037]
Epoch 18/150 [train]:   0%|          | 0/26 [00:00<?, ?it/s, S=0.2421, loss=-0.2030]
Epoch 18/150 [train]:   0%|          | 0/26 [00:00<?, ?it/s, S=0.2390, loss=-0.2009]
Epoch 18/150 [train]:   0%|          | 0/26 [00:00<?, ?it/s, S=0.2393, loss=-0.2006]
Epoch 18/150 [train]:   0%|          | 0/26 [00:00<?, ?it/s, S=0.2555, loss=-0.2139]
Epoch 18/150 [train]:  35%|███▍      | 9/26 [00:00<00:00, 86.44it/s, S=0.2555, loss=-0.2139]
Epoch 18/150 [train]:  35%|███▍      | 9/26 [00:00<00:00, 86.44it/s, S=0.2390, loss=-0.1981]
Epoch 18/150 [train]:  35%|███▍      | 9/26 [00:00<00:00, 86.44it/s, S=0.2412, loss=-0.2013]
Epoch 18/150 [train]:  35%|███▍      | 9/26 [00:00<00:00, 86.44it/s, S=0.2471, loss=-0.2070]
Epoch 18/150 [train]:  35%|███▍      | 9/26 [00:00<00:00, 86.44it/s, S=0.2418, loss=-0.2020]
Epoch 18/150 [train]:  35%|███▍      | 9/26 [00:00<00:00, 86.44it/s, S=0.2434, loss=-0.2050]
Epoch 18/150 [train]:  35%|███▍      | 9/26 [00:00<00:00, 86.44it/s, S=0.2447, loss=-0.2053]
Epoch 18/150 [train]:  35%|███▍      | 9/26 [00:00<00:00, 86.44it/s, S=0.2469, loss=-0.2060]
Epoch 18/150 [train]:  35%|███▍      | 9/26 [00:00<00:00, 86.44it/s, S=0.2342, loss=-0.1896]
Epoch 18/150 [train]:  35%|███▍      | 9/26 [00:00<00:00, 86.44it/s, S=0.2376, loss=-0.1880]
Epoch 18/150 [train]:  69%|██████▉   | 18/26 [00:00<00:00, 86.60it/s, S=0.2376, loss=-0.1880]
Epoch 18/150 [train]:  69%|██████▉   | 18/26 [00:00<00:00, 86.60it/s, S=0.2476, loss=-0.2082]
Epoch 18/150 [train]:  69%|██████▉   | 18/26 [00:00<00:00, 86.60it/s, S=0.2471, loss=-0.2057]
Epoch 18/150 [train]:  69%|██████▉   | 18/26 [00:00<00:00, 86.60it/s, S=0.2414, loss=-0.1997]
Epoch 18/150 [train]:  69%|██████▉   | 18/26 [00:00<00:00, 86.60it/s, S=0.2506, loss=-0.2060]
Epoch 18/150 [train]:  69%|██████▉   | 18/26 [00:00<00:00, 86.60it/s, S=0.2457, loss=-0.2033]
Epoch 18/150 [train]:  69%|██████▉   | 18/26 [00:00<00:00, 86.60it/s, S=0.2498, loss=-0.2083]
Epoch 18/150 [train]:  69%|██████▉   | 18/26 [00:00<00:00, 86.60it/s, S=0.2466, loss=-0.2045]
Epoch 18/150 [train]:  69%|██████▉   | 18/26 [00:00<00:00, 86.60it/s, S=0.2522, loss=-0.2092]
                                                                                             
Epoch  18/150  train loss=-0.2025  val loss=-0.2289  S[mean]=0.2781  ζ=0.4026  mean_plane_ζ=0.2766  reg=0.0492  λscale=1.00  lr=3.27e-04

Epoch 19/150 [train]:   0%|          | 0/26 [00:00<?, ?it/s]
Epoch 19/150 [train]:   0%|          | 0/26 [00:00<?, ?it/s, S=0.2528, loss=-0.2109]
Epoch 19/150 [train]:   0%|          | 0/26 [00:00<?, ?it/s, S=0.2502, loss=-0.2099]
Epoch 19/150 [train]:   0%|          | 0/26 [00:00<?, ?it/s, S=0.2556, loss=-0.2111]
Epoch 19/150 [train]:   0%|          | 0/26 [00:00<?, ?it/s, S=0.2486, loss=-0.2059]
Epoch 19/150 [train]:   0%|          | 0/26 [00:00<?, ?it/s, S=0.2506, loss=-0.2098]
Epoch 19/150 [train]:   0%|          | 0/26 [00:00<?, ?it/s, S=0.2520, loss=-0.2112]
Epoch 19/150 [train]:   0%|          | 0/26 [00:00<?, ?it/s, S=0.2556, loss=-0.2119]
Epoch 19/150 [train]:   0%|          | 0/26 [00:00<?, ?it/s, S=0.2556, loss=-0.2144]
Epoch 19/150 [train]:   0%|          | 0/26 [00:00<?, ?it/s, S=0.2506, loss=-0.2096]
Epoch 19/150 [train]:  35%|███▍      | 9/26 [00:00<00:00, 86.28it/s, S=0.2506, loss=-0.2096]
Epoch 19/150 [train]:  35%|███▍      | 9/26 [00:00<00:00, 86.28it/s, S=0.2559, loss=-0.2107]
Epoch 19/150 [train]:  35%|███▍      | 9/26 [00:00<00:00, 86.28it/s, S=0.2521, loss=-0.2106]
Epoch 19/150 [train]:  35%|███▍      | 9/26 [00:00<00:00, 86.28it/s, S=0.2580, loss=-0.2154]
Epoch 19/150 [train]:  35%|███▍      | 9/26 [00:00<00:00, 86.28it/s, S=0.2538, loss=-0.2107]
Epoch 19/150 [train]:  35%|███▍      | 9/26 [00:00<00:00, 86.28it/s, S=0.2578, loss=-0.2133]
Epoch 19/150 [train]:  35%|███▍      | 9/26 [00:00<00:00, 86.28it/s, S=0.2608, loss=-0.2180]
Epoch 19/150 [train]:  35%|███▍      | 9/26 [00:00<00:00, 86.28it/s, S=0.2565, loss=-0.2156]
Epoch 19/150 [train]:  35%|███▍      | 9/26 [00:00<00:00, 86.28it/s, S=0.2518, loss=-0.2075]
Epoch 19/150 [train]:  35%|███▍      | 9/26 [00:00<00:00, 86.28it/s, S=0.2583, loss=-0.2152]
Epoch 19/150 [train]:  69%|██████▉   | 18/26 [00:00<00:00, 86.58it/s, S=0.2583, loss=-0.2152]
Epoch 19/150 [train]:  69%|██████▉   | 18/26 [00:00<00:00, 86.58it/s, S=0.2564, loss=-0.2119]
Epoch 19/150 [train]:  69%|██████▉   | 18/26 [00:00<00:00, 86.58it/s, S=0.2504, loss=-0.2065]
Epoch 19/150 [train]:  69%|██████▉   | 18/26 [00:00<00:00, 86.58it/s, S=0.2587, loss=-0.2152]
Epoch 19/150 [train]:  69%|██████▉   | 18/26 [00:00<00:00, 86.58it/s, S=0.2538, loss=-0.2108]
Epoch 19/150 [train]:  69%|██████▉   | 18/26 [00:00<00:00, 86.58it/s, S=0.2653, loss=-0.2225]
Epoch 19/150 [train]:  69%|██████▉   | 18/26 [00:00<00:00, 86.58it/s, S=0.2583, loss=-0.2163]
Epoch 19/150 [train]:  69%|██████▉   | 18/26 [00:00<00:00, 86.58it/s, S=0.2613, loss=-0.2179]
Epoch 19/150 [train]:  69%|██████▉   | 18/26 [00:00<00:00, 86.58it/s, S=0.2537, loss=-0.2051]
                                                                                             
Epoch  19/150  train loss=-0.2122  val loss=-0.2399  S[mean]=0.2916  ζ=0.4101  mean_plane_ζ=0.2860  reg=0.0517  λscale=1.00  lr=2.89e-04

Epoch 20/150 [train]:   0%|          | 0/26 [00:00<?, ?it/s]
Epoch 20/150 [train]:   0%|          | 0/26 [00:00<?, ?it/s, S=0.2634, loss=-0.2167]
Epoch 20/150 [train]:   0%|          | 0/26 [00:00<?, ?it/s, S=0.2622, loss=-0.2197]
Epoch 20/150 [train]:   0%|          | 0/26 [00:00<?, ?it/s, S=0.2742, loss=-0.2305]
Epoch 20/150 [train]:   0%|          | 0/26 [00:00<?, ?it/s, S=0.2634, loss=-0.2206]
Epoch 20/150 [train]:   0%|          | 0/26 [00:00<?, ?it/s, S=0.2576, loss=-0.2128]
Epoch 20/150 [train]:   0%|          | 0/26 [00:00<?, ?it/s, S=0.2588, loss=-0.2103]
Epoch 20/150 [train]:   0%|          | 0/26 [00:00<?, ?it/s, S=0.2697, loss=-0.2249]
Epoch 20/150 [train]:   0%|          | 0/26 [00:00<?, ?it/s, S=0.2624, loss=-0.2163]
Epoch 20/150 [train]:   0%|          | 0/26 [00:00<?, ?it/s, S=0.2733, loss=-0.2278]
Epoch 20/150 [train]:  35%|███▍      | 9/26 [00:00<00:00, 86.25it/s, S=0.2733, loss=-0.2278]
Epoch 20/150 [train]:  35%|███▍      | 9/26 [00:00<00:00, 86.25it/s, S=0.2680, loss=-0.2249]
Epoch 20/150 [train]:  35%|███▍      | 9/26 [00:00<00:00, 86.25it/s, S=0.2645, loss=-0.2174]
Epoch 20/150 [train]:  35%|███▍      | 9/26 [00:00<00:00, 86.25it/s, S=0.2714, loss=-0.2287]
Epoch 20/150 [train]:  35%|███▍      | 9/26 [00:00<00:00, 86.25it/s, S=0.2647, loss=-0.2181]
Epoch 20/150 [train]:  35%|███▍      | 9/26 [00:00<00:00, 86.25it/s, S=0.2634, loss=-0.2197]
Epoch 20/150 [train]:  35%|███▍      | 9/26 [00:00<00:00, 86.25it/s, S=0.2692, loss=-0.2250]
Epoch 20/150 [train]:  35%|███▍      | 9/26 [00:00<00:00, 86.25it/s, S=0.2740, loss=-0.2308]
Epoch 20/150 [train]:  35%|███▍      | 9/26 [00:00<00:00, 86.25it/s, S=0.2741, loss=-0.2291]
Epoch 20/150 [train]:  35%|███▍      | 9/26 [00:00<00:00, 86.25it/s, S=0.2694, loss=-0.2237]
Epoch 20/150 [train]:  69%|██████▉   | 18/26 [00:00<00:00, 86.48it/s, S=0.2694, loss=-0.2237]
Epoch 20/150 [train]:  69%|██████▉   | 18/26 [00:00<00:00, 86.48it/s, S=0.2616, loss=-0.2144]
Epoch 20/150 [train]:  69%|██████▉   | 18/26 [00:00<00:00, 86.48it/s, S=0.2738, loss=-0.2278]
Epoch 20/150 [train]:  69%|██████▉   | 18/26 [00:00<00:00, 86.48it/s, S=0.2585, loss=-0.2099]
Epoch 20/150 [train]:  69%|██████▉   | 18/26 [00:00<00:00, 86.48it/s, S=0.2696, loss=-0.2257]
Epoch 20/150 [train]:  69%|██████▉   | 18/26 [00:00<00:00, 86.48it/s, S=0.2759, loss=-0.2299]
Epoch 20/150 [train]:  69%|██████▉   | 18/26 [00:00<00:00, 86.48it/s, S=0.2694, loss=-0.2224]
Epoch 20/150 [train]:  69%|██████▉   | 18/26 [00:00<00:00, 86.48it/s, S=0.2728, loss=-0.2257]
Epoch 20/150 [train]:  69%|██████▉   | 18/26 [00:00<00:00, 86.48it/s, S=0.2733, loss=-0.2256]
                                                                                             
Epoch  20/150  train loss=-0.2222  val loss=-0.2518  S[mean]=0.3062  ζ=0.4179  mean_plane_ζ=0.2946  reg=0.0544  λscale=1.00  lr=2.50e-04

Epoch 21/150 [train]:   0%|          | 0/26 [00:00<?, ?it/s]
Epoch 21/150 [train]:   0%|          | 0/26 [00:00<?, ?it/s, S=0.2733, loss=-0.2288]
Epoch 21/150 [train]:   0%|          | 0/26 [00:00<?, ?it/s, S=0.2811, loss=-0.2325]
Epoch 21/150 [train]:   0%|          | 0/26 [00:00<?, ?it/s, S=0.2714, loss=-0.2225]
Epoch 21/150 [train]:   0%|          | 0/26 [00:00<?, ?it/s, S=0.2658, loss=-0.2179]
Epoch 21/150 [train]:   0%|          | 0/26 [00:00<?, ?it/s, S=0.2797, loss=-0.2319]
Epoch 21/150 [train]:   0%|          | 0/26 [00:00<?, ?it/s, S=0.2739, loss=-0.2296]
Epoch 21/150 [train]:   0%|          | 0/26 [00:00<?, ?it/s, S=0.2755, loss=-0.2293]
Epoch 21/150 [train]:   0%|          | 0/26 [00:00<?, ?it/s, S=0.2716, loss=-0.2224]
Epoch 21/150 [train]:   0%|          | 0/26 [00:00<?, ?it/s, S=0.2753, loss=-0.2287]
Epoch 21/150 [train]:  35%|███▍      | 9/26 [00:00<00:00, 86.46it/s, S=0.2753, loss=-0.2287]
Epoch 21/150 [train]:  35%|███▍      | 9/26 [00:00<00:00, 86.46it/s, S=0.2781, loss=-0.2311]
Epoch 21/150 [train]:  35%|███▍      | 9/26 [00:00<00:00, 86.46it/s, S=0.2762, loss=-0.2298]
Epoch 21/150 [train]:  35%|███▍      | 9/26 [00:00<00:00, 86.46it/s, S=0.2850, loss=-0.2390]
Epoch 21/150 [train]:  35%|███▍      | 9/26 [00:00<00:00, 86.46it/s, S=0.2892, loss=-0.2433]
Epoch 21/150 [train]:  35%|███▍      | 9/26 [00:00<00:00, 86.46it/s, S=0.2760, loss=-0.2247]
Epoch 21/150 [train]:  35%|███▍      | 9/26 [00:00<00:00, 86.46it/s, S=0.2799, loss=-0.2319]
Epoch 21/150 [train]:  35%|███▍      | 9/26 [00:00<00:00, 86.46it/s, S=0.2870, loss=-0.2354]
Epoch 21/150 [train]:  35%|███▍      | 9/26 [00:00<00:00, 86.46it/s, S=0.2773, loss=-0.2256]
Epoch 21/150 [train]:  35%|███▍      | 9/26 [00:00<00:00, 86.46it/s, S=0.2811, loss=-0.2341]
Epoch 21/150 [train]:  69%|██████▉   | 18/26 [00:00<00:00, 86.51it/s, S=0.2811, loss=-0.2341]
Epoch 21/150 [train]:  69%|██████▉   | 18/26 [00:00<00:00, 86.51it/s, S=0.2860, loss=-0.2367]
Epoch 21/150 [train]:  69%|██████▉   | 18/26 [00:00<00:00, 86.51it/s, S=0.2819, loss=-0.2310]
Epoch 21/150 [train]:  69%|██████▉   | 18/26 [00:00<00:00, 86.51it/s, S=0.2768, loss=-0.2229]
Epoch 21/150 [train]:  69%|██████▉   | 18/26 [00:00<00:00, 86.51it/s, S=0.2791, loss=-0.2239]
Epoch 21/150 [train]:  69%|██████▉   | 18/26 [00:00<00:00, 86.51it/s, S=0.2782, loss=-0.2286]
Epoch 21/150 [train]:  69%|██████▉   | 18/26 [00:00<00:00, 86.51it/s, S=0.2861, loss=-0.2394]
Epoch 21/150 [train]:  69%|██████▉   | 18/26 [00:00<00:00, 86.51it/s, S=0.2872, loss=-0.2385]
Epoch 21/150 [train]:  69%|██████▉   | 18/26 [00:00<00:00, 86.51it/s, S=0.2850, loss=-0.2330]
                                                                                             
Epoch  21/150  train loss=-0.2305  val loss=-0.2599  S[mean]=0.3168  ζ=0.4233  mean_plane_ζ=0.3001  reg=0.0569  λscale=1.00  lr=2.11e-04
Saved val-mean plane ζ checkpoint val_mean_plane_zeta_0.3.pt: threshold=0.3 epoch=21 val_mean_plane_zeta=0.3001

Epoch 22/150 [train]:   0%|          | 0/26 [00:00<?, ?it/s]
Epoch 22/150 [train]:   0%|          | 0/26 [00:00<?, ?it/s, S=0.2885, loss=-0.2370]
Epoch 22/150 [train]:   0%|          | 0/26 [00:00<?, ?it/s, S=0.2870, loss=-0.2394]
Epoch 22/150 [train]:   0%|          | 0/26 [00:00<?, ?it/s, S=0.2887, loss=-0.2402]
Epoch 22/150 [train]:   0%|          | 0/26 [00:00<?, ?it/s, S=0.2861, loss=-0.2388]
Epoch 22/150 [train]:   0%|          | 0/26 [00:00<?, ?it/s, S=0.2788, loss=-0.2286]
Epoch 22/150 [train]:   0%|          | 0/26 [00:00<?, ?it/s, S=0.2907, loss=-0.2371]
Epoch 22/150 [train]:   0%|          | 0/26 [00:00<?, ?it/s, S=0.2900, loss=-0.2415]
Epoch 22/150 [train]:   0%|          | 0/26 [00:00<?, ?it/s, S=0.2882, loss=-0.2350]
Epoch 22/150 [train]:   0%|          | 0/26 [00:00<?, ?it/s, S=0.2896, loss=-0.2407]
Epoch 22/150 [train]:  35%|███▍      | 9/26 [00:00<00:00, 86.10it/s, S=0.2896, loss=-0.2407]
Epoch 22/150 [train]:  35%|███▍      | 9/26 [00:00<00:00, 86.10it/s, S=0.2847, loss=-0.2357]
Epoch 22/150 [train]:  35%|███▍      | 9/26 [00:00<00:00, 86.10it/s, S=0.2837, loss=-0.2317]
Epoch 22/150 [train]:  35%|███▍      | 9/26 [00:00<00:00, 86.10it/s, S=0.2840, loss=-0.2317]
Epoch 22/150 [train]:  35%|███▍      | 9/26 [00:00<00:00, 86.10it/s, S=0.2813, loss=-0.2300]
Epoch 22/150 [train]:  35%|███▍      | 9/26 [00:00<00:00, 86.10it/s, S=0.2869, loss=-0.2360]
Epoch 22/150 [train]:  35%|███▍      | 9/26 [00:00<00:00, 86.10it/s, S=0.2903, loss=-0.2394]
Epoch 22/150 [train]:  35%|███▍      | 9/26 [00:00<00:00, 86.10it/s, S=0.2977, loss=-0.2490]
Epoch 22/150 [train]:  35%|███▍      | 9/26 [00:00<00:00, 86.10it/s, S=0.2831, loss=-0.2295]
Epoch 22/150 [train]:  35%|███▍      | 9/26 [00:00<00:00, 86.10it/s, S=0.2877, loss=-0.2361]
Epoch 22/150 [train]:  69%|██████▉   | 18/26 [00:00<00:00, 86.37it/s, S=0.2877, loss=-0.2361]
Epoch 22/150 [train]:  69%|██████▉   | 18/26 [00:00<00:00, 86.37it/s, S=0.2879, loss=-0.2314]
Epoch 22/150 [train]:  69%|██████▉   | 18/26 [00:00<00:00, 86.37it/s, S=0.2871, loss=-0.2376]
Epoch 22/150 [train]:  69%|██████▉   | 18/26 [00:00<00:00, 86.37it/s, S=0.2874, loss=-0.2390]
Epoch 22/150 [train]:  69%|██████▉   | 18/26 [00:00<00:00, 86.37it/s, S=0.2904, loss=-0.2388]
Epoch 22/150 [train]:  69%|██████▉   | 18/26 [00:00<00:00, 86.37it/s, S=0.2915, loss=-0.2380]
Epoch 22/150 [train]:  69%|██████▉   | 18/26 [00:00<00:00, 86.37it/s, S=0.2992, loss=-0.2506]
Epoch 22/150 [train]:  69%|██████▉   | 18/26 [00:00<00:00, 86.37it/s, S=0.2909, loss=-0.2401]
Epoch 22/150 [train]:  69%|██████▉   | 18/26 [00:00<00:00, 86.37it/s, S=0.2914, loss=-0.2403]
                                                                                             
Epoch  22/150  train loss=-0.2374  val loss=-0.2661  S[mean]=0.3242  ζ=0.4254  mean_plane_ζ=0.3025  reg=0.0580  λscale=1.00  lr=1.73e-04

Epoch 23/150 [train]:   0%|          | 0/26 [00:00<?, ?it/s]
Epoch 23/150 [train]:   0%|          | 0/26 [00:00<?, ?it/s, S=0.2920, loss=-0.2401]
Epoch 23/150 [train]:   0%|          | 0/26 [00:00<?, ?it/s, S=0.2896, loss=-0.2364]
Epoch 23/150 [train]:   0%|          | 0/26 [00:00<?, ?it/s, S=0.2957, loss=-0.2465]
Epoch 23/150 [train]:   0%|          | 0/26 [00:00<?, ?it/s, S=0.2954, loss=-0.2427]
Epoch 23/150 [train]:   0%|          | 0/26 [00:00<?, ?it/s, S=0.3002, loss=-0.2502]
Epoch 23/150 [train]:   0%|          | 0/26 [00:00<?, ?it/s, S=0.2888, loss=-0.2378]
Epoch 23/150 [train]:   0%|          | 0/26 [00:00<?, ?it/s, S=0.2951, loss=-0.2440]
Epoch 23/150 [train]:   0%|          | 0/26 [00:00<?, ?it/s, S=0.2946, loss=-0.2456]
Epoch 23/150 [train]:   0%|          | 0/26 [00:00<?, ?it/s, S=0.2841, loss=-0.2311]
Epoch 23/150 [train]:  35%|███▍      | 9/26 [00:00<00:00, 86.33it/s, S=0.2841, loss=-0.2311]
Epoch 23/150 [train]:  35%|███▍      | 9/26 [00:00<00:00, 86.33it/s, S=0.2992, loss=-0.2489]
Epoch 23/150 [train]:  35%|███▍      | 9/26 [00:00<00:00, 86.33it/s, S=0.2970, loss=-0.2482]
Epoch 23/150 [train]:  35%|███▍      | 9/26 [00:00<00:00, 86.33it/s, S=0.3022, loss=-0.2523]
Epoch 23/150 [train]:  35%|███▍      | 9/26 [00:00<00:00, 86.33it/s, S=0.2988, loss=-0.2499]
Epoch 23/150 [train]:  35%|███▍      | 9/26 [00:00<00:00, 86.33it/s, S=0.2899, loss=-0.2349]
Epoch 23/150 [train]:  35%|███▍      | 9/26 [00:00<00:00, 86.33it/s, S=0.2986, loss=-0.2440]
Epoch 23/150 [train]:  35%|███▍      | 9/26 [00:00<00:00, 86.33it/s, S=0.2978, loss=-0.2467]
Epoch 23/150 [train]:  35%|███▍      | 9/26 [00:00<00:00, 86.33it/s, S=0.3012, loss=-0.2499]
Epoch 23/150 [train]:  35%|███▍      | 9/26 [00:00<00:00, 86.33it/s, S=0.2964, loss=-0.2450]
Epoch 23/150 [train]:  69%|██████▉   | 18/26 [00:00<00:00, 86.56it/s, S=0.2964, loss=-0.2450]
Epoch 23/150 [train]:  69%|██████▉   | 18/26 [00:00<00:00, 86.56it/s, S=0.2960, loss=-0.2447]
Epoch 23/150 [train]:  69%|██████▉   | 18/26 [00:00<00:00, 86.56it/s, S=0.2941, loss=-0.2411]
Epoch 23/150 [train]:  69%|██████▉   | 18/26 [00:00<00:00, 86.56it/s, S=0.2939, loss=-0.2430]
Epoch 23/150 [train]:  69%|██████▉   | 18/26 [00:00<00:00, 86.56it/s, S=0.2930, loss=-0.2406]
Epoch 23/150 [train]:  69%|██████▉   | 18/26 [00:00<00:00, 86.56it/s, S=0.3000, loss=-0.2497]
Epoch 23/150 [train]:  69%|██████▉   | 18/26 [00:00<00:00, 86.56it/s, S=0.2957, loss=-0.2439]
Epoch 23/150 [train]:  69%|██████▉   | 18/26 [00:00<00:00, 86.56it/s, S=0.3015, loss=-0.2448]
Epoch 23/150 [train]:  69%|██████▉   | 18/26 [00:00<00:00, 86.56it/s, S=0.2952, loss=-0.2456]
                                                                                             
Epoch  23/150  train loss=-0.2441  val loss=-0.2710  S[mean]=0.3296  ζ=0.4296  mean_plane_ζ=0.3059  reg=0.0587  λscale=1.00  lr=1.37e-04

Epoch 24/150 [train]:   0%|          | 0/26 [00:00<?, ?it/s]
Epoch 24/150 [train]:   0%|          | 0/26 [00:00<?, ?it/s, S=0.2959, loss=-0.2444]
Epoch 24/150 [train]:   0%|          | 0/26 [00:00<?, ?it/s, S=0.2953, loss=-0.2455]
Epoch 24/150 [train]:   0%|          | 0/26 [00:00<?, ?it/s, S=0.3053, loss=-0.2540]
Epoch 24/150 [train]:   0%|          | 0/26 [00:00<?, ?it/s, S=0.2997, loss=-0.2471]
Epoch 24/150 [train]:   0%|          | 0/26 [00:00<?, ?it/s, S=0.2964, loss=-0.2428]
Epoch 24/150 [train]:   0%|          | 0/26 [00:00<?, ?it/s, S=0.3048, loss=-0.2537]
Epoch 24/150 [train]:   0%|          | 0/26 [00:00<?, ?it/s, S=0.2936, loss=-0.2377]
Epoch 24/150 [train]:   0%|          | 0/26 [00:00<?, ?it/s, S=0.3061, loss=-0.2510]
Epoch 24/150 [train]:   0%|          | 0/26 [00:00<?, ?it/s, S=0.2972, loss=-0.2447]
Epoch 24/150 [train]:  35%|███▍      | 9/26 [00:00<00:00, 85.95it/s, S=0.2972, loss=-0.2447]
Epoch 24/150 [train]:  35%|███▍      | 9/26 [00:00<00:00, 85.95it/s, S=0.3043, loss=-0.2544]
Epoch 24/150 [train]:  35%|███▍      | 9/26 [00:00<00:00, 85.95it/s, S=0.2976, loss=-0.2429]
Epoch 24/150 [train]:  35%|███▍      | 9/26 [00:00<00:00, 85.95it/s, S=0.3010, loss=-0.2495]
Epoch 24/150 [train]:  35%|███▍      | 9/26 [00:00<00:00, 85.95it/s, S=0.3014, loss=-0.2476]
Epoch 24/150 [train]:  35%|███▍      | 9/26 [00:00<00:00, 85.95it/s, S=0.3003, loss=-0.2487]
Epoch 24/150 [train]:  35%|███▍      | 9/26 [00:00<00:00, 85.95it/s, S=0.2956, loss=-0.2446]
Epoch 24/150 [train]:  35%|███▍      | 9/26 [00:00<00:00, 85.95it/s, S=0.3003, loss=-0.2489]
Epoch 24/150 [train]:  35%|███▍      | 9/26 [00:00<00:00, 85.95it/s, S=0.2956, loss=-0.2396]
Epoch 24/150 [train]:  35%|███▍      | 9/26 [00:00<00:00, 85.95it/s, S=0.2941, loss=-0.2393]
Epoch 24/150 [train]:  69%|██████▉   | 18/26 [00:00<00:00, 86.31it/s, S=0.2941, loss=-0.2393]
Epoch 24/150 [train]:  69%|██████▉   | 18/26 [00:00<00:00, 86.31it/s, S=0.3066, loss=-0.2545]
Epoch 24/150 [train]:  69%|██████▉   | 18/26 [00:00<00:00, 86.31it/s, S=0.3062, loss=-0.2525]
Epoch 24/150 [train]:  69%|██████▉   | 18/26 [00:00<00:00, 86.31it/s, S=0.3079, loss=-0.2556]
Epoch 24/150 [train]:  69%|██████▉   | 18/26 [00:00<00:00, 86.31it/s, S=0.3089, loss=-0.2547]
Epoch 24/150 [train]:  69%|██████▉   | 18/26 [00:00<00:00, 86.31it/s, S=0.3040, loss=-0.2536]
Epoch 24/150 [train]:  69%|██████▉   | 18/26 [00:00<00:00, 86.31it/s, S=0.3041, loss=-0.2546]
Epoch 24/150 [train]:  69%|██████▉   | 18/26 [00:00<00:00, 86.31it/s, S=0.3079, loss=-0.2553]
Epoch 24/150 [train]:  69%|██████▉   | 18/26 [00:00<00:00, 86.31it/s, S=0.3025, loss=-0.2463]
                                                                                             
Epoch  24/150  train loss=-0.2486  val loss=-0.2742  S[mean]=0.3332  ζ=0.4319  mean_plane_ζ=0.3077  reg=0.0590  λscale=1.00  lr=1.03e-04

Epoch 25/150 [train]:   0%|          | 0/26 [00:00<?, ?it/s]
Epoch 25/150 [train]:   0%|          | 0/26 [00:00<?, ?it/s, S=0.3095, loss=-0.2578]
Epoch 25/150 [train]:   0%|          | 0/26 [00:00<?, ?it/s, S=0.3022, loss=-0.2480]
Epoch 25/150 [train]:   0%|          | 0/26 [00:00<?, ?it/s, S=0.3012, loss=-0.2488]
Epoch 25/150 [train]:   0%|          | 0/26 [00:00<?, ?it/s, S=0.3056, loss=-0.2556]
Epoch 25/150 [train]:   0%|          | 0/26 [00:00<?, ?it/s, S=0.3040, loss=-0.2513]
Epoch 25/150 [train]:   0%|          | 0/26 [00:00<?, ?it/s, S=0.3046, loss=-0.2520]
Epoch 25/150 [train]:   0%|          | 0/26 [00:00<?, ?it/s, S=0.3044, loss=-0.2529]
Epoch 25/150 [train]:   0%|          | 0/26 [00:00<?, ?it/s, S=0.2992, loss=-0.2490]
Epoch 25/150 [train]:   0%|          | 0/26 [00:00<?, ?it/s, S=0.2994, loss=-0.2431]
Epoch 25/150 [train]:  35%|███▍      | 9/26 [00:00<00:00, 86.23it/s, S=0.2994, loss=-0.2431]
Epoch 25/150 [train]:  35%|███▍      | 9/26 [00:00<00:00, 86.23it/s, S=0.3027, loss=-0.2508]
Epoch 25/150 [train]:  35%|███▍      | 9/26 [00:00<00:00, 86.23it/s, S=0.3055, loss=-0.2537]
Epoch 25/150 [train]:  35%|███▍      | 9/26 [00:00<00:00, 86.23it/s, S=0.2986, loss=-0.2453]
Epoch 25/150 [train]:  35%|███▍      | 9/26 [00:00<00:00, 86.23it/s, S=0.3096, loss=-0.2569]
Epoch 25/150 [train]:  35%|███▍      | 9/26 [00:00<00:00, 86.23it/s, S=0.3099, loss=-0.2577]
Epoch 25/150 [train]:  35%|███▍      | 9/26 [00:00<00:00, 86.23it/s, S=0.3090, loss=-0.2558]
Epoch 25/150 [train]:  35%|███▍      | 9/26 [00:00<00:00, 86.23it/s, S=0.3068, loss=-0.2571]
Epoch 25/150 [train]:  35%|███▍      | 9/26 [00:00<00:00, 86.23it/s, S=0.2992, loss=-0.2480]
Epoch 25/150 [train]:  35%|███▍      | 9/26 [00:00<00:00, 86.23it/s, S=0.3103, loss=-0.2556]
Epoch 25/150 [train]:  69%|██████▉   | 18/26 [00:00<00:00, 86.39it/s, S=0.3103, loss=-0.2556]
Epoch 25/150 [train]:  69%|██████▉   | 18/26 [00:00<00:00, 86.39it/s, S=0.3007, loss=-0.2472]
Epoch 25/150 [train]:  69%|██████▉   | 18/26 [00:00<00:00, 86.39it/s, S=0.3129, loss=-0.2611]
Epoch 25/150 [train]:  69%|██████▉   | 18/26 [00:00<00:00, 86.39it/s, S=0.3112, loss=-0.2596]
Epoch 25/150 [train]:  69%|██████▉   | 18/26 [00:00<00:00, 86.39it/s, S=0.3018, loss=-0.2491]
Epoch 25/150 [train]:  69%|██████▉   | 18/26 [00:00<00:00, 86.39it/s, S=0.3047, loss=-0.2516]
Epoch 25/150 [train]:  69%|██████▉   | 18/26 [00:00<00:00, 86.39it/s, S=0.3002, loss=-0.2499]
Epoch 25/150 [train]:  69%|██████▉   | 18/26 [00:00<00:00, 86.39it/s, S=0.3119, loss=-0.2562]
Epoch 25/150 [train]:  69%|██████▉   | 18/26 [00:00<00:00, 86.39it/s, S=0.3161, loss=-0.2624]
                                                                                             
Epoch  25/150  train loss=-0.2529  val loss=-0.2769  S[mean]=0.3358  ζ=0.4333  mean_plane_ζ=0.3086  reg=0.0589  λscale=1.00  lr=7.32e-05

Epoch 26/150 [train]:   0%|          | 0/26 [00:00<?, ?it/s]
Epoch 26/150 [train]:   0%|          | 0/26 [00:00<?, ?it/s, S=0.3004, loss=-0.2454]
Epoch 26/150 [train]:   0%|          | 0/26 [00:00<?, ?it/s, S=0.3077, loss=-0.2520]
Epoch 26/150 [train]:   0%|          | 0/26 [00:00<?, ?it/s, S=0.3144, loss=-0.2622]
Epoch 26/150 [train]:   0%|          | 0/26 [00:00<?, ?it/s, S=0.3053, loss=-0.2459]
Epoch 26/150 [train]:   0%|          | 0/26 [00:00<?, ?it/s, S=0.3059, loss=-0.2483]
Epoch 26/150 [train]:   0%|          | 0/26 [00:00<?, ?it/s, S=0.3111, loss=-0.2537]
Epoch 26/150 [train]:   0%|          | 0/26 [00:00<?, ?it/s, S=0.2992, loss=-0.2468]
Epoch 26/150 [train]:   0%|          | 0/26 [00:00<?, ?it/s, S=0.3055, loss=-0.2560]
Epoch 26/150 [train]:   0%|          | 0/26 [00:00<?, ?it/s, S=0.2987, loss=-0.2465]
Epoch 26/150 [train]:  35%|███▍      | 9/26 [00:00<00:00, 86.35it/s, S=0.2987, loss=-0.2465]
Epoch 26/150 [train]:  35%|███▍      | 9/26 [00:00<00:00, 86.35it/s, S=0.3050, loss=-0.2536]
Epoch 26/150 [train]:  35%|███▍      | 9/26 [00:00<00:00, 86.35it/s, S=0.3039, loss=-0.2502]
Epoch 26/150 [train]:  35%|███▍      | 9/26 [00:00<00:00, 86.35it/s, S=0.3013, loss=-0.2511]
Epoch 26/150 [train]:  35%|███▍      | 9/26 [00:00<00:00, 86.35it/s, S=0.3123, loss=-0.2598]
Epoch 26/150 [train]:  35%|███▍      | 9/26 [00:00<00:00, 86.35it/s, S=0.3087, loss=-0.2569]
Epoch 26/150 [train]:  35%|███▍      | 9/26 [00:00<00:00, 86.35it/s, S=0.3042, loss=-0.2545]
Epoch 26/150 [train]:  35%|███▍      | 9/26 [00:00<00:00, 86.35it/s, S=0.3106, loss=-0.2583]
Epoch 26/150 [train]:  35%|███▍      | 9/26 [00:00<00:00, 86.35it/s, S=0.3113, loss=-0.2535]
Epoch 26/150 [train]:  35%|███▍      | 9/26 [00:00<00:00, 86.35it/s, S=0.3065, loss=-0.2516]
Epoch 26/150 [train]:  69%|██████▉   | 18/26 [00:00<00:00, 86.55it/s, S=0.3065, loss=-0.2516]
Epoch 26/150 [train]:  69%|██████▉   | 18/26 [00:00<00:00, 86.55it/s, S=0.3144, loss=-0.2641]
Epoch 26/150 [train]:  69%|██████▉   | 18/26 [00:00<00:00, 86.55it/s, S=0.3093, loss=-0.2582]
Epoch 26/150 [train]:  69%|██████▉   | 18/26 [00:00<00:00, 86.55it/s, S=0.3034, loss=-0.2495]
Epoch 26/150 [train]:  69%|██████▉   | 18/26 [00:00<00:00, 86.55it/s, S=0.3080, loss=-0.2579]
Epoch 26/150 [train]:  69%|██████▉   | 18/26 [00:00<00:00, 86.55it/s, S=0.3124, loss=-0.2541]
Epoch 26/150 [train]:  69%|██████▉   | 18/26 [00:00<00:00, 86.55it/s, S=0.3068, loss=-0.2554]
Epoch 26/150 [train]:  69%|██████▉   | 18/26 [00:00<00:00, 86.55it/s, S=0.3093, loss=-0.2557]
Epoch 26/150 [train]:  69%|██████▉   | 18/26 [00:00<00:00, 86.55it/s, S=0.3115, loss=-0.2551]
                                                                                             
Epoch  26/150  train loss=-0.2537  val loss=-0.2778  S[mean]=0.3371  ζ=0.4337  mean_plane_ζ=0.3090  reg=0.0593  λscale=1.00  lr=4.77e-05

Epoch 27/150 [train]:   0%|          | 0/26 [00:00<?, ?it/s]
Epoch 27/150 [train]:   0%|          | 0/26 [00:00<?, ?it/s, S=0.3110, loss=-0.2609]
Epoch 27/150 [train]:   0%|          | 0/26 [00:00<?, ?it/s, S=0.3162, loss=-0.2651]
Epoch 27/150 [train]:   0%|          | 0/26 [00:00<?, ?it/s, S=0.3119, loss=-0.2576]
Epoch 27/150 [train]:   0%|          | 0/26 [00:00<?, ?it/s, S=0.3061, loss=-0.2530]
Epoch 27/150 [train]:   0%|          | 0/26 [00:00<?, ?it/s, S=0.3146, loss=-0.2542]
Epoch 27/150 [train]:   0%|          | 0/26 [00:00<?, ?it/s, S=0.3119, loss=-0.2587]
Epoch 27/150 [train]:   0%|          | 0/26 [00:00<?, ?it/s, S=0.3031, loss=-0.2467]
Epoch 27/150 [train]:   0%|          | 0/26 [00:00<?, ?it/s, S=0.3096, loss=-0.2555]
Epoch 27/150 [train]:   0%|          | 0/26 [00:00<?, ?it/s, S=0.2935, loss=-0.2380]
Epoch 27/150 [train]:  35%|███▍      | 9/26 [00:00<00:00, 85.92it/s, S=0.2935, loss=-0.2380]
Epoch 27/150 [train]:  35%|███▍      | 9/26 [00:00<00:00, 85.92it/s, S=0.3094, loss=-0.2571]
Epoch 27/150 [train]:  35%|███▍      | 9/26 [00:00<00:00, 85.92it/s, S=0.3060, loss=-0.2477]
Epoch 27/150 [train]:  35%|███▍      | 9/26 [00:00<00:00, 85.92it/s, S=0.3112, loss=-0.2593]
Epoch 27/150 [train]:  35%|███▍      | 9/26 [00:00<00:00, 85.92it/s, S=0.3018, loss=-0.2466]
Epoch 27/150 [train]:  35%|███▍      | 9/26 [00:00<00:00, 85.92it/s, S=0.3156, loss=-0.2648]
Epoch 27/150 [train]:  35%|███▍      | 9/26 [00:00<00:00, 85.92it/s, S=0.3044, loss=-0.2496]
Epoch 27/150 [train]:  35%|███▍      | 9/26 [00:00<00:00, 85.92it/s, S=0.3077, loss=-0.2566]
Epoch 27/150 [train]:  35%|███▍      | 9/26 [00:00<00:00, 85.92it/s, S=0.3022, loss=-0.2500]
Epoch 27/150 [train]:  35%|███▍      | 9/26 [00:00<00:00, 85.92it/s, S=0.3127, loss=-0.2563]
Epoch 27/150 [train]:  69%|██████▉   | 18/26 [00:00<00:00, 86.22it/s, S=0.3127, loss=-0.2563]
Epoch 27/150 [train]:  69%|██████▉   | 18/26 [00:00<00:00, 86.22it/s, S=0.3094, loss=-0.2569]
Epoch 27/150 [train]:  69%|██████▉   | 18/26 [00:00<00:00, 86.22it/s, S=0.3066, loss=-0.2497]
Epoch 27/150 [train]:  69%|██████▉   | 18/26 [00:00<00:00, 86.22it/s, S=0.2981, loss=-0.2441]
Epoch 27/150 [train]:  69%|██████▉   | 18/26 [00:00<00:00, 86.22it/s, S=0.3135, loss=-0.2628]
Epoch 27/150 [train]:  69%|██████▉   | 18/26 [00:00<00:00, 86.22it/s, S=0.3183, loss=-0.2673]
Epoch 27/150 [train]:  69%|██████▉   | 18/26 [00:00<00:00, 86.22it/s, S=0.3126, loss=-0.2608]
Epoch 27/150 [train]:  69%|██████▉   | 18/26 [00:00<00:00, 86.22it/s, S=0.3123, loss=-0.2573]
Epoch 27/150 [train]:  69%|██████▉   | 18/26 [00:00<00:00, 86.22it/s, S=0.2944, loss=-0.2410]
                                                                                             
Epoch  27/150  train loss=-0.2545  val loss=-0.2789  S[mean]=0.3381  ζ=0.4343  mean_plane_ζ=0.3094  reg=0.0592  λscale=1.00  lr=2.72e-05

Epoch 28/150 [train]:   0%|          | 0/26 [00:00<?, ?it/s]
Epoch 28/150 [train]:   0%|          | 0/26 [00:00<?, ?it/s, S=0.3137, loss=-0.2624]
Epoch 28/150 [train]:   0%|          | 0/26 [00:00<?, ?it/s, S=0.3077, loss=-0.2555]
Epoch 28/150 [train]:   0%|          | 0/26 [00:00<?, ?it/s, S=0.3102, loss=-0.2586]
Epoch 28/150 [train]:   0%|          | 0/26 [00:00<?, ?it/s, S=0.3125, loss=-0.2601]
Epoch 28/150 [train]:   0%|          | 0/26 [00:00<?, ?it/s, S=0.3068, loss=-0.2526]
Epoch 28/150 [train]:   0%|          | 0/26 [00:00<?, ?it/s, S=0.3060, loss=-0.2533]
Epoch 28/150 [train]:   0%|          | 0/26 [00:00<?, ?it/s, S=0.3080, loss=-0.2554]
Epoch 28/150 [train]:   0%|          | 0/26 [00:00<?, ?it/s, S=0.3110, loss=-0.2584]
Epoch 28/150 [train]:   0%|          | 0/26 [00:00<?, ?it/s, S=0.3119, loss=-0.2593]
Epoch 28/150 [train]:  35%|███▍      | 9/26 [00:00<00:00, 86.28it/s, S=0.3119, loss=-0.2593]
Epoch 28/150 [train]:  35%|███▍      | 9/26 [00:00<00:00, 86.28it/s, S=0.3059, loss=-0.2557]
Epoch 28/150 [train]:  35%|███▍      | 9/26 [00:00<00:00, 86.28it/s, S=0.3070, loss=-0.2545]
Epoch 28/150 [train]:  35%|███▍      | 9/26 [00:00<00:00, 86.28it/s, S=0.3061, loss=-0.2547]
Epoch 28/150 [train]:  35%|███▍      | 9/26 [00:00<00:00, 86.28it/s, S=0.3075, loss=-0.2503]
Epoch 28/150 [train]:  35%|███▍      | 9/26 [00:00<00:00, 86.28it/s, S=0.3062, loss=-0.2531]
Epoch 28/150 [train]:  35%|███▍      | 9/26 [00:00<00:00, 86.28it/s, S=0.3125, loss=-0.2543]
Epoch 28/150 [train]:  35%|███▍      | 9/26 [00:00<00:00, 86.28it/s, S=0.3171, loss=-0.2640]
Epoch 28/150 [train]:  35%|███▍      | 9/26 [00:00<00:00, 86.28it/s, S=0.3125, loss=-0.2625]
Epoch 28/150 [train]:  35%|███▍      | 9/26 [00:00<00:00, 86.28it/s, S=0.3125, loss=-0.2615]
Epoch 28/150 [train]:  69%|██████▉   | 18/26 [00:00<00:00, 86.21it/s, S=0.3125, loss=-0.2615]
Epoch 28/150 [train]:  69%|██████▉   | 18/26 [00:00<00:00, 86.21it/s, S=0.3125, loss=-0.2556]
Epoch 28/150 [train]:  69%|██████▉   | 18/26 [00:00<00:00, 86.21it/s, S=0.3081, loss=-0.2507]
Epoch 28/150 [train]:  69%|██████▉   | 18/26 [00:00<00:00, 86.21it/s, S=0.3150, loss=-0.2622]
Epoch 28/150 [train]:  69%|██████▉   | 18/26 [00:00<00:00, 86.21it/s, S=0.3082, loss=-0.2566]
Epoch 28/150 [train]:  69%|██████▉   | 18/26 [00:00<00:00, 86.21it/s, S=0.3130, loss=-0.2624]
Epoch 28/150 [train]:  69%|██████▉   | 18/26 [00:00<00:00, 86.21it/s, S=0.3156, loss=-0.2623]
Epoch 28/150 [train]:  69%|██████▉   | 18/26 [00:00<00:00, 86.21it/s, S=0.3114, loss=-0.2564]
Epoch 28/150 [train]:  69%|██████▉   | 18/26 [00:00<00:00, 86.21it/s, S=0.3052, loss=-0.2516]
                                                                                             
Epoch  28/150  train loss=-0.2571  val loss=-0.2794  S[mean]=0.3386  ζ=0.4347  mean_plane_ζ=0.3098  reg=0.0592  λscale=1.00  lr=1.22e-05

Epoch 29/150 [train]:   0%|          | 0/26 [00:00<?, ?it/s]
Epoch 29/150 [train]:   0%|          | 0/26 [00:00<?, ?it/s, S=0.3026, loss=-0.2508]
Epoch 29/150 [train]:   0%|          | 0/26 [00:00<?, ?it/s, S=0.3028, loss=-0.2472]
Epoch 29/150 [train]:   0%|          | 0/26 [00:00<?, ?it/s, S=0.3028, loss=-0.2477]
Epoch 29/150 [train]:   0%|          | 0/26 [00:00<?, ?it/s, S=0.3125, loss=-0.2606]
Epoch 29/150 [train]:   0%|          | 0/26 [00:00<?, ?it/s, S=0.3139, loss=-0.2637]
Epoch 29/150 [train]:   0%|          | 0/26 [00:00<?, ?it/s, S=0.3197, loss=-0.2689]
Epoch 29/150 [train]:   0%|          | 0/26 [00:00<?, ?it/s, S=0.3121, loss=-0.2553]
Epoch 29/150 [train]:   0%|          | 0/26 [00:00<?, ?it/s, S=0.3090, loss=-0.2519]
Epoch 29/150 [train]:   0%|          | 0/26 [00:00<?, ?it/s, S=0.3093, loss=-0.2564]
Epoch 29/150 [train]:  35%|███▍      | 9/26 [00:00<00:00, 86.34it/s, S=0.3093, loss=-0.2564]
Epoch 29/150 [train]:  35%|███▍      | 9/26 [00:00<00:00, 86.34it/s, S=0.3069, loss=-0.2561]
Epoch 29/150 [train]:  35%|███▍      | 9/26 [00:00<00:00, 86.34it/s, S=0.3145, loss=-0.2577]
Epoch 29/150 [train]:  35%|███▍      | 9/26 [00:00<00:00, 86.34it/s, S=0.3151, loss=-0.2618]
Epoch 29/150 [train]:  35%|███▍      | 9/26 [00:00<00:00, 86.34it/s, S=0.3147, loss=-0.2627]
Epoch 29/150 [train]:  35%|███▍      | 9/26 [00:00<00:00, 86.34it/s, S=0.3116, loss=-0.2584]
Epoch 29/150 [train]:  35%|███▍      | 9/26 [00:00<00:00, 86.34it/s, S=0.3123, loss=-0.2607]
Epoch 29/150 [train]:  35%|███▍      | 9/26 [00:00<00:00, 86.34it/s, S=0.3183, loss=-0.2667]
Epoch 29/150 [train]:  35%|███▍      | 9/26 [00:00<00:00, 86.34it/s, S=0.3190, loss=-0.2679]
Epoch 29/150 [train]:  35%|███▍      | 9/26 [00:00<00:00, 86.34it/s, S=0.3070, loss=-0.2545]
Epoch 29/150 [train]:  69%|██████▉   | 18/26 [00:00<00:00, 86.51it/s, S=0.3070, loss=-0.2545]
Epoch 29/150 [train]:  69%|██████▉   | 18/26 [00:00<00:00, 86.51it/s, S=0.3173, loss=-0.2643]
Epoch 29/150 [train]:  69%|██████▉   | 18/26 [00:00<00:00, 86.51it/s, S=0.3106, loss=-0.2555]
Epoch 29/150 [train]:  69%|██████▉   | 18/26 [00:00<00:00, 86.51it/s, S=0.3157, loss=-0.2644]
Epoch 29/150 [train]:  69%|██████▉   | 18/26 [00:00<00:00, 86.51it/s, S=0.3088, loss=-0.2568]
Epoch 29/150 [train]:  69%|██████▉   | 18/26 [00:00<00:00, 86.51it/s, S=0.3070, loss=-0.2545]
Epoch 29/150 [train]:  69%|██████▉   | 18/26 [00:00<00:00, 86.51it/s, S=0.3108, loss=-0.2556]
Epoch 29/150 [train]:  69%|██████▉   | 18/26 [00:00<00:00, 86.51it/s, S=0.3190, loss=-0.2674]
Epoch 29/150 [train]:  69%|██████▉   | 18/26 [00:00<00:00, 86.51it/s, S=0.3036, loss=-0.2508]
                                                                                             
Epoch  29/150  train loss=-0.2584  val loss=-0.2796  S[mean]=0.3388  ζ=0.4347  mean_plane_ζ=0.3098  reg=0.0592  λscale=1.00  lr=3.08e-06

Epoch 30/150 [train]:   0%|          | 0/26 [00:00<?, ?it/s]
Epoch 30/150 [train]:   0%|          | 0/26 [00:00<?, ?it/s, S=0.3129, loss=-0.2625]
Epoch 30/150 [train]:   0%|          | 0/26 [00:00<?, ?it/s, S=0.3165, loss=-0.2631]
Epoch 30/150 [train]:   0%|          | 0/26 [00:00<?, ?it/s, S=0.3096, loss=-0.2567]
Epoch 30/150 [train]:   0%|          | 0/26 [00:00<?, ?it/s, S=0.3190, loss=-0.2673]
Epoch 30/150 [train]:   0%|          | 0/26 [00:00<?, ?it/s, S=0.3132, loss=-0.2579]
Epoch 30/150 [train]:   0%|          | 0/26 [00:00<?, ?it/s, S=0.3087, loss=-0.2554]
Epoch 30/150 [train]:   0%|          | 0/26 [00:00<?, ?it/s, S=0.3092, loss=-0.2580]
Epoch 30/150 [train]:   0%|          | 0/26 [00:00<?, ?it/s, S=0.3078, loss=-0.2516]
Epoch 30/150 [train]:   0%|          | 0/26 [00:00<?, ?it/s, S=0.3159, loss=-0.2629]
Epoch 30/150 [train]:  35%|███▍      | 9/26 [00:00<00:00, 86.08it/s, S=0.3159, loss=-0.2629]
Epoch 30/150 [train]:  35%|███▍      | 9/26 [00:00<00:00, 86.08it/s, S=0.3087, loss=-0.2559]
Epoch 30/150 [train]:  35%|███▍      | 9/26 [00:00<00:00, 86.08it/s, S=0.3122, loss=-0.2594]
Epoch 30/150 [train]:  35%|███▍      | 9/26 [00:00<00:00, 86.08it/s, S=0.3078, loss=-0.2549]
Epoch 30/150 [train]:  35%|███▍      | 9/26 [00:00<00:00, 86.08it/s, S=0.3137, loss=-0.2615]
Epoch 30/150 [train]:  35%|███▍      | 9/26 [00:00<00:00, 86.08it/s, S=0.3116, loss=-0.2598]
Epoch 30/150 [train]:  35%|███▍      | 9/26 [00:00<00:00, 86.08it/s, S=0.3088, loss=-0.2541]
Epoch 30/150 [train]:  35%|███▍      | 9/26 [00:00<00:00, 86.08it/s, S=0.3113, loss=-0.2601]
Epoch 30/150 [train]:  35%|███▍      | 9/26 [00:00<00:00, 86.08it/s, S=0.3141, loss=-0.2623]
Epoch 30/150 [train]:  35%|███▍      | 9/26 [00:00<00:00, 86.08it/s, S=0.3116, loss=-0.2607]
Epoch 30/150 [train]:  69%|██████▉   | 18/26 [00:00<00:00, 86.41it/s, S=0.3116, loss=-0.2607]
Epoch 30/150 [train]:  69%|██████▉   | 18/26 [00:00<00:00, 86.41it/s, S=0.3134, loss=-0.2577]
Epoch 30/150 [train]:  69%|██████▉   | 18/26 [00:00<00:00, 86.41it/s, S=0.3057, loss=-0.2553]
Epoch 30/150 [train]:  69%|██████▉   | 18/26 [00:00<00:00, 86.41it/s, S=0.3076, loss=-0.2505]
Epoch 30/150 [train]:  69%|██████▉   | 18/26 [00:00<00:00, 86.41it/s, S=0.3154, loss=-0.2624]
Epoch 30/150 [train]:  69%|██████▉   | 18/26 [00:00<00:00, 86.41it/s, S=0.3124, loss=-0.2603]
Epoch 30/150 [train]:  69%|██████▉   | 18/26 [00:00<00:00, 86.41it/s, S=0.3072, loss=-0.2564]
Epoch 30/150 [train]:  69%|██████▉   | 18/26 [00:00<00:00, 86.41it/s, S=0.3139, loss=-0.2609]
Epoch 30/150 [train]:  69%|██████▉   | 18/26 [00:00<00:00, 86.41it/s, S=0.3066, loss=-0.2531]
                                                                                             
Epoch  30/150  train loss=-0.2585  val loss=-0.2796  S[mean]=0.3388  ζ=0.4347  mean_plane_ζ=0.3099  reg=0.0592  λscale=1.00  lr=5.00e-04

Epoch 31/150 [train]:   0%|          | 0/26 [00:00<?, ?it/s]
Epoch 31/150 [train]:   0%|          | 0/26 [00:00<?, ?it/s, S=0.3096, loss=-0.2534]
Epoch 31/150 [train]:   0%|          | 0/26 [00:00<?, ?it/s, S=0.3007, loss=-0.2412]
Epoch 31/150 [train]:   0%|          | 0/26 [00:00<?, ?it/s, S=0.3120, loss=-0.2593]
Epoch 31/150 [train]:   0%|          | 0/26 [00:00<?, ?it/s, S=0.3102, loss=-0.2595]
Epoch 31/150 [train]:   0%|          | 0/26 [00:00<?, ?it/s, S=0.3188, loss=-0.2650]
Epoch 31/150 [train]:   0%|          | 0/26 [00:00<?, ?it/s, S=0.3174, loss=-0.2643]
Epoch 31/150 [train]:   0%|          | 0/26 [00:00<?, ?it/s, S=0.3128, loss=-0.2584]
Epoch 31/150 [train]:   0%|          | 0/26 [00:00<?, ?it/s, S=0.3124, loss=-0.2571]
Epoch 31/150 [train]:   0%|          | 0/26 [00:00<?, ?it/s, S=0.3023, loss=-0.2490]
Epoch 31/150 [train]:  35%|███▍      | 9/26 [00:00<00:00, 86.26it/s, S=0.3023, loss=-0.2490]
Epoch 31/150 [train]:  35%|███▍      | 9/26 [00:00<00:00, 86.26it/s, S=0.3117, loss=-0.2560]
Epoch 31/150 [train]:  35%|███▍      | 9/26 [00:00<00:00, 86.26it/s, S=0.3107, loss=-0.2551]
Epoch 31/150 [train]:  35%|███▍      | 9/26 [00:00<00:00, 86.26it/s, S=0.3075, loss=-0.2480]
Epoch 31/150 [train]:  35%|███▍      | 9/26 [00:00<00:00, 86.26it/s, S=0.3188, loss=-0.2648]
Epoch 31/150 [train]:  35%|███▍      | 9/26 [00:00<00:00, 86.26it/s, S=0.3078, loss=-0.2541]
Epoch 31/150 [train]:  35%|███▍      | 9/26 [00:00<00:00, 86.26it/s, S=0.3125, loss=-0.2577]
Epoch 31/150 [train]:  35%|███▍      | 9/26 [00:00<00:00, 86.26it/s, S=0.3125, loss=-0.2569]
Epoch 31/150 [train]:  35%|███▍      | 9/26 [00:00<00:00, 86.26it/s, S=0.3166, loss=-0.2603]
Epoch 31/150 [train]:  35%|███▍      | 9/26 [00:00<00:00, 86.26it/s, S=0.3120, loss=-0.2584]
Epoch 31/150 [train]:  69%|██████▉   | 18/26 [00:00<00:00, 86.50it/s, S=0.3120, loss=-0.2584]
Epoch 31/150 [train]:  69%|██████▉   | 18/26 [00:00<00:00, 86.50it/s, S=0.3049, loss=-0.2452]
Epoch 31/150 [train]:  69%|██████▉   | 18/26 [00:00<00:00, 86.50it/s, S=0.3174, loss=-0.2606]
Epoch 31/150 [train]:  69%|██████▉   | 18/26 [00:00<00:00, 86.50it/s, S=0.3104, loss=-0.2566]
Epoch 31/150 [train]:  69%|██████▉   | 18/26 [00:00<00:00, 86.50it/s, S=0.3186, loss=-0.2658]
Epoch 31/150 [train]:  69%|██████▉   | 18/26 [00:00<00:00, 86.50it/s, S=0.3150, loss=-0.2581]
Epoch 31/150 [train]:  69%|██████▉   | 18/26 [00:00<00:00, 86.50it/s, S=0.3181, loss=-0.2638]
Epoch 31/150 [train]:  69%|██████▉   | 18/26 [00:00<00:00, 86.50it/s, S=0.3174, loss=-0.2566]
Epoch 31/150 [train]:  69%|██████▉   | 18/26 [00:00<00:00, 86.50it/s, S=0.3137, loss=-0.2614]
                                                                                             
Epoch  31/150  train loss=-0.2572  val loss=-0.2836  S[mean]=0.3446  ζ=0.4363  mean_plane_ζ=0.3120  reg=0.0610  λscale=1.00  lr=4.99e-04

Epoch 32/150 [train]:   0%|          | 0/26 [00:00<?, ?it/s]
Epoch 32/150 [train]:   0%|          | 0/26 [00:00<?, ?it/s, S=0.3158, loss=-0.2610]
Epoch 32/150 [train]:   0%|          | 0/26 [00:00<?, ?it/s, S=0.3198, loss=-0.2625]
Epoch 32/150 [train]:   0%|          | 0/26 [00:00<?, ?it/s, S=0.3168, loss=-0.2592]
Epoch 32/150 [train]:   0%|          | 0/26 [00:00<?, ?it/s, S=0.3159, loss=-0.2579]
Epoch 32/150 [train]:   0%|          | 0/26 [00:00<?, ?it/s, S=0.3147, loss=-0.2606]
Epoch 32/150 [train]:   0%|          | 0/26 [00:00<?, ?it/s, S=0.3215, loss=-0.2669]
Epoch 32/150 [train]:   0%|          | 0/26 [00:00<?, ?it/s, S=0.3240, loss=-0.2704]
Epoch 32/150 [train]:   0%|          | 0/26 [00:00<?, ?it/s, S=0.3165, loss=-0.2641]
Epoch 32/150 [train]:   0%|          | 0/26 [00:00<?, ?it/s, S=0.3228, loss=-0.2675]
Epoch 32/150 [train]:  35%|███▍      | 9/26 [00:00<00:00, 86.28it/s, S=0.3228, loss=-0.2675]
Epoch 32/150 [train]:  35%|███▍      | 9/26 [00:00<00:00, 86.28it/s, S=0.3166, loss=-0.2646]
Epoch 32/150 [train]:  35%|███▍      | 9/26 [00:00<00:00, 86.28it/s, S=0.3195, loss=-0.2670]
Epoch 32/150 [train]:  35%|███▍      | 9/26 [00:00<00:00, 86.28it/s, S=0.3100, loss=-0.2458]
Epoch 32/150 [train]:  35%|███▍      | 9/26 [00:00<00:00, 86.28it/s, S=0.3180, loss=-0.2575]
Epoch 32/150 [train]:  35%|███▍      | 9/26 [00:00<00:00, 86.28it/s, S=0.3153, loss=-0.2607]
Epoch 32/150 [train]:  35%|███▍      | 9/26 [00:00<00:00, 86.28it/s, S=0.3225, loss=-0.2698]
Epoch 32/150 [train]:  35%|███▍      | 9/26 [00:00<00:00, 86.28it/s, S=0.3184, loss=-0.2618]
Epoch 32/150 [train]:  35%|███▍      | 9/26 [00:00<00:00, 86.28it/s, S=0.3257, loss=-0.2693]
Epoch 32/150 [train]:  35%|███▍      | 9/26 [00:00<00:00, 86.28it/s, S=0.3116, loss=-0.2564]
Epoch 32/150 [train]:  69%|██████▉   | 18/26 [00:00<00:00, 86.42it/s, S=0.3116, loss=-0.2564]
Epoch 32/150 [train]:  69%|██████▉   | 18/26 [00:00<00:00, 86.42it/s, S=0.3229, loss=-0.2695]
Epoch 32/150 [train]:  69%|██████▉   | 18/26 [00:00<00:00, 86.42it/s, S=0.3261, loss=-0.2747]
Epoch 32/150 [train]:  69%|██████▉   | 18/26 [00:00<00:00, 86.42it/s, S=0.3229, loss=-0.2677]
Epoch 32/150 [train]:  69%|██████▉   | 18/26 [00:00<00:00, 86.42it/s, S=0.3279, loss=-0.2748]
Epoch 32/150 [train]:  69%|██████▉   | 18/26 [00:00<00:00, 86.42it/s, S=0.3140, loss=-0.2560]
Epoch 32/150 [train]:  69%|██████▉   | 18/26 [00:00<00:00, 86.42it/s, S=0.3182, loss=-0.2642]
Epoch 32/150 [train]:  69%|██████▉   | 18/26 [00:00<00:00, 86.42it/s, S=0.3230, loss=-0.2686]
Epoch 32/150 [train]:  69%|██████▉   | 18/26 [00:00<00:00, 86.42it/s, S=0.3221, loss=-0.2635]
                                                                                             
Epoch  32/150  train loss=-0.2639  val loss=-0.2871  S[mean]=0.3489  ζ=0.4382  mean_plane_ζ=0.3143  reg=0.0618  λscale=1.00  lr=4.97e-04

Epoch 33/150 [train]:   0%|          | 0/26 [00:00<?, ?it/s]
Epoch 33/150 [train]:   0%|          | 0/26 [00:00<?, ?it/s, S=0.3273, loss=-0.2726]
Epoch 33/150 [train]:   0%|          | 0/26 [00:00<?, ?it/s, S=0.3237, loss=-0.2663]
Epoch 33/150 [train]:   0%|          | 0/26 [00:00<?, ?it/s, S=0.3227, loss=-0.2671]
Epoch 33/150 [train]:   0%|          | 0/26 [00:00<?, ?it/s, S=0.3254, loss=-0.2728]
Epoch 33/150 [train]:   0%|          | 0/26 [00:00<?, ?it/s, S=0.3217, loss=-0.2673]
Epoch 33/150 [train]:   0%|          | 0/26 [00:00<?, ?it/s, S=0.3227, loss=-0.2676]
Epoch 33/150 [train]:   0%|          | 0/26 [00:00<?, ?it/s, S=0.3253, loss=-0.2672]
Epoch 33/150 [train]:   0%|          | 0/26 [00:00<?, ?it/s, S=0.3233, loss=-0.2673]
Epoch 33/150 [train]:   0%|          | 0/26 [00:00<?, ?it/s, S=0.3262, loss=-0.2612]
Epoch 33/150 [train]:  35%|███▍      | 9/26 [00:00<00:00, 86.43it/s, S=0.3262, loss=-0.2612]
Epoch 33/150 [train]:  35%|███▍      | 9/26 [00:00<00:00, 86.43it/s, S=0.3243, loss=-0.2702]
Epoch 33/150 [train]:  35%|███▍      | 9/26 [00:00<00:00, 86.43it/s, S=0.3260, loss=-0.2693]
Epoch 33/150 [train]:  35%|███▍      | 9/26 [00:00<00:00, 86.43it/s, S=0.3317, loss=-0.2773]
Epoch 33/150 [train]:  35%|███▍      | 9/26 [00:00<00:00, 86.43it/s, S=0.3284, loss=-0.2759]
Epoch 33/150 [train]:  35%|███▍      | 9/26 [00:00<00:00, 86.43it/s, S=0.3275, loss=-0.2723]
Epoch 33/150 [train]:  35%|███▍      | 9/26 [00:00<00:00, 86.43it/s, S=0.3252, loss=-0.2684]
Epoch 33/150 [train]:  35%|███▍      | 9/26 [00:00<00:00, 86.43it/s, S=0.3184, loss=-0.2582]
Epoch 33/150 [train]:  35%|███▍      | 9/26 [00:00<00:00, 86.43it/s, S=0.3314, loss=-0.2787]
Epoch 33/150 [train]:  35%|███▍      | 9/26 [00:00<00:00, 86.43it/s, S=0.3303, loss=-0.2783]
Epoch 33/150 [train]:  69%|██████▉   | 18/26 [00:00<00:00, 86.50it/s, S=0.3303, loss=-0.2783]
Epoch 33/150 [train]:  69%|██████▉   | 18/26 [00:00<00:00, 86.50it/s, S=0.3295, loss=-0.2752]
Epoch 33/150 [train]:  69%|██████▉   | 18/26 [00:00<00:00, 86.50it/s, S=0.3289, loss=-0.2693]
Epoch 33/150 [train]:  69%|██████▉   | 18/26 [00:00<00:00, 86.50it/s, S=0.3316, loss=-0.2715]
Epoch 33/150 [train]:  69%|██████▉   | 18/26 [00:00<00:00, 86.50it/s, S=0.3271, loss=-0.2711]
Epoch 33/150 [train]:  69%|██████▉   | 18/26 [00:00<00:00, 86.50it/s, S=0.3274, loss=-0.2725]
Epoch 33/150 [train]:  69%|██████▉   | 18/26 [00:00<00:00, 86.50it/s, S=0.3212, loss=-0.2689]
Epoch 33/150 [train]:  69%|██████▉   | 18/26 [00:00<00:00, 86.50it/s, S=0.3211, loss=-0.2680]
Epoch 33/150 [train]:  69%|██████▉   | 18/26 [00:00<00:00, 86.50it/s, S=0.3217, loss=-0.2618]
                                                                                             
Epoch  33/150  train loss=-0.2699  val loss=-0.2919  S[mean]=0.3528  ζ=0.4387  mean_plane_ζ=0.3163  reg=0.0608  λscale=1.00  lr=4.93e-04

Epoch 34/150 [train]:   0%|          | 0/26 [00:00<?, ?it/s]
Epoch 34/150 [train]:   0%|          | 0/26 [00:00<?, ?it/s, S=0.3231, loss=-0.2646]
Epoch 34/150 [train]:   0%|          | 0/26 [00:00<?, ?it/s, S=0.3321, loss=-0.2805]
Epoch 34/150 [train]:   0%|          | 0/26 [00:00<?, ?it/s, S=0.3348, loss=-0.2753]
Epoch 34/150 [train]:   0%|          | 0/26 [00:00<?, ?it/s, S=0.3359, loss=-0.2833]
Epoch 34/150 [train]:   0%|          | 0/26 [00:00<?, ?it/s, S=0.3317, loss=-0.2763]
Epoch 34/150 [train]:   0%|          | 0/26 [00:00<?, ?it/s, S=0.3267, loss=-0.2688]
Epoch 34/150 [train]:   0%|          | 0/26 [00:00<?, ?it/s, S=0.3298, loss=-0.2729]
Epoch 34/150 [train]:   0%|          | 0/26 [00:00<?, ?it/s, S=0.3340, loss=-0.2774]
Epoch 34/150 [train]:   0%|          | 0/26 [00:00<?, ?it/s, S=0.3289, loss=-0.2736]
Epoch 34/150 [train]:  35%|███▍      | 9/26 [00:00<00:00, 86.42it/s, S=0.3289, loss=-0.2736]
Epoch 34/150 [train]:  35%|███▍      | 9/26 [00:00<00:00, 86.42it/s, S=0.3331, loss=-0.2786]
Epoch 34/150 [train]:  35%|███▍      | 9/26 [00:00<00:00, 86.42it/s, S=0.3404, loss=-0.2880]
Epoch 34/150 [train]:  35%|███▍      | 9/26 [00:00<00:00, 86.42it/s, S=0.3326, loss=-0.2757]
Epoch 34/150 [train]:  35%|███▍      | 9/26 [00:00<00:00, 86.42it/s, S=0.3274, loss=-0.2706]
Epoch 34/150 [train]:  35%|███▍      | 9/26 [00:00<00:00, 86.42it/s, S=0.3298, loss=-0.2727]
Epoch 34/150 [train]:  35%|███▍      | 9/26 [00:00<00:00, 86.42it/s, S=0.3355, loss=-0.2792]
Epoch 34/150 [train]:  35%|███▍      | 9/26 [00:00<00:00, 86.42it/s, S=0.3326, loss=-0.2791]
Epoch 34/150 [train]:  35%|███▍      | 9/26 [00:00<00:00, 86.42it/s, S=0.3335, loss=-0.2779]
Epoch 34/150 [train]:  35%|███▍      | 9/26 [00:00<00:00, 86.42it/s, S=0.3395, loss=-0.2835]
Epoch 34/150 [train]:  69%|██████▉   | 18/26 [00:00<00:00, 86.52it/s, S=0.3395, loss=-0.2835]
Epoch 34/150 [train]:  69%|██████▉   | 18/26 [00:00<00:00, 86.52it/s, S=0.3380, loss=-0.2827]
Epoch 34/150 [train]:  69%|██████▉   | 18/26 [00:00<00:00, 86.52it/s, S=0.3338, loss=-0.2729]
Epoch 34/150 [train]:  69%|██████▉   | 18/26 [00:00<00:00, 86.52it/s, S=0.3317, loss=-0.2775]
Epoch 34/150 [train]:  69%|██████▉   | 18/26 [00:00<00:00, 86.52it/s, S=0.3286, loss=-0.2714]
Epoch 34/150 [train]:  69%|██████▉   | 18/26 [00:00<00:00, 86.52it/s, S=0.3334, loss=-0.2756]
Epoch 34/150 [train]:  69%|██████▉   | 18/26 [00:00<00:00, 86.52it/s, S=0.3297, loss=-0.2736]
Epoch 34/150 [train]:  69%|██████▉   | 18/26 [00:00<00:00, 86.52it/s, S=0.3376, loss=-0.2771]
Epoch 34/150 [train]:  69%|██████▉   | 18/26 [00:00<00:00, 86.52it/s, S=0.3316, loss=-0.2777]
                                                                                             
Epoch  34/150  train loss=-0.2764  val loss=-0.2991  S[mean]=0.3607  ζ=0.4450  mean_plane_ζ=0.3227  reg=0.0616  λscale=1.00  lr=4.88e-04

Epoch 35/150 [train]:   0%|          | 0/26 [00:00<?, ?it/s]
Epoch 35/150 [train]:   0%|          | 0/26 [00:00<?, ?it/s, S=0.3399, loss=-0.2852]
Epoch 35/150 [train]:   0%|          | 0/26 [00:00<?, ?it/s, S=0.3399, loss=-0.2844]
Epoch 35/150 [train]:   0%|          | 0/26 [00:00<?, ?it/s, S=0.3330, loss=-0.2789]
Epoch 35/150 [train]:   0%|          | 0/26 [00:00<?, ?it/s, S=0.3377, loss=-0.2836]
Epoch 35/150 [train]:   0%|          | 0/26 [00:00<?, ?it/s, S=0.3376, loss=-0.2826]
Epoch 35/150 [train]:   0%|          | 0/26 [00:00<?, ?it/s, S=0.3447, loss=-0.2880]
Epoch 35/150 [train]:   0%|          | 0/26 [00:00<?, ?it/s, S=0.3436, loss=-0.2902]
Epoch 35/150 [train]:   0%|          | 0/26 [00:00<?, ?it/s, S=0.3382, loss=-0.2764]
Epoch 35/150 [train]:   0%|          | 0/26 [00:00<?, ?it/s, S=0.3392, loss=-0.2822]
Epoch 35/150 [train]:  35%|███▍      | 9/26 [00:00<00:00, 86.05it/s, S=0.3392, loss=-0.2822]
Epoch 35/150 [train]:  35%|███▍      | 9/26 [00:00<00:00, 86.05it/s, S=0.3296, loss=-0.2752]
Epoch 35/150 [train]:  35%|███▍      | 9/26 [00:00<00:00, 86.05it/s, S=0.3403, loss=-0.2816]
Epoch 35/150 [train]:  35%|███▍      | 9/26 [00:00<00:00, 86.05it/s, S=0.3382, loss=-0.2813]
Epoch 35/150 [train]:  35%|███▍      | 9/26 [00:00<00:00, 86.05it/s, S=0.3349, loss=-0.2705]
Epoch 35/150 [train]:  35%|███▍      | 9/26 [00:00<00:00, 86.05it/s, S=0.3316, loss=-0.2693]
Epoch 35/150 [train]:  35%|███▍      | 9/26 [00:00<00:00, 86.05it/s, S=0.3362, loss=-0.2703]
Epoch 35/150 [train]:  35%|███▍      | 9/26 [00:00<00:00, 86.05it/s, S=0.3491, loss=-0.2929]
Epoch 35/150 [train]:  35%|███▍      | 9/26 [00:00<00:00, 86.05it/s, S=0.3354, loss=-0.2777]
Epoch 35/150 [train]:  35%|███▍      | 9/26 [00:00<00:00, 86.05it/s, S=0.3388, loss=-0.2787]
Epoch 35/150 [train]:  69%|██████▉   | 18/26 [00:00<00:00, 86.13it/s, S=0.3388, loss=-0.2787]
Epoch 35/150 [train]:  69%|██████▉   | 18/26 [00:00<00:00, 86.13it/s, S=0.3402, loss=-0.2810]
Epoch 35/150 [train]:  69%|██████▉   | 18/26 [00:00<00:00, 86.13it/s, S=0.3340, loss=-0.2742]
Epoch 35/150 [train]:  69%|██████▉   | 18/26 [00:00<00:00, 86.13it/s, S=0.3441, loss=-0.2857]
Epoch 35/150 [train]:  69%|██████▉   | 18/26 [00:00<00:00, 86.13it/s, S=0.3340, loss=-0.2756]
Epoch 35/150 [train]:  69%|██████▉   | 18/26 [00:00<00:00, 86.13it/s, S=0.3400, loss=-0.2833]
Epoch 35/150 [train]:  69%|██████▉   | 18/26 [00:00<00:00, 86.13it/s, S=0.3411, loss=-0.2852]
Epoch 35/150 [train]:  69%|██████▉   | 18/26 [00:00<00:00, 86.13it/s, S=0.3375, loss=-0.2815]
Epoch 35/150 [train]:  69%|██████▉   | 18/26 [00:00<00:00, 86.13it/s, S=0.3427, loss=-0.2869]
                                                                                             
Epoch  35/150  train loss=-0.2809  val loss=-0.3045  S[mean]=0.3665  ζ=0.4474  mean_plane_ζ=0.3264  reg=0.0621  λscale=1.00  lr=4.81e-04

Epoch 36/150 [train]:   0%|          | 0/26 [00:00<?, ?it/s]
Epoch 36/150 [train]:   0%|          | 0/26 [00:00<?, ?it/s, S=0.3475, loss=-0.2925]
Epoch 36/150 [train]:   0%|          | 0/26 [00:00<?, ?it/s, S=0.3479, loss=-0.2813]
Epoch 36/150 [train]:   0%|          | 0/26 [00:00<?, ?it/s, S=0.3447, loss=-0.2858]
Epoch 36/150 [train]:   0%|          | 0/26 [00:00<?, ?it/s, S=0.3393, loss=-0.2810]
Epoch 36/150 [train]:   0%|          | 0/26 [00:00<?, ?it/s, S=0.3412, loss=-0.2860]
Epoch 36/150 [train]:   0%|          | 0/26 [00:00<?, ?it/s, S=0.3401, loss=-0.2809]
Epoch 36/150 [train]:   0%|          | 0/26 [00:00<?, ?it/s, S=0.3434, loss=-0.2769]
Epoch 36/150 [train]:   0%|          | 0/26 [00:00<?, ?it/s, S=0.3468, loss=-0.2885]
Epoch 36/150 [train]:   0%|          | 0/26 [00:00<?, ?it/s, S=0.3434, loss=-0.2874]
Epoch 36/150 [train]:  35%|███▍      | 9/26 [00:00<00:00, 85.68it/s, S=0.3434, loss=-0.2874]
Epoch 36/150 [train]:  35%|███▍      | 9/26 [00:00<00:00, 85.68it/s, S=0.3439, loss=-0.2873]
Epoch 36/150 [train]:  35%|███▍      | 9/26 [00:00<00:00, 85.68it/s, S=0.3457, loss=-0.2910]
Epoch 36/150 [train]:  35%|███▍      | 9/26 [00:00<00:00, 85.68it/s, S=0.3486, loss=-0.2943]
Epoch 36/150 [train]:  35%|███▍      | 9/26 [00:00<00:00, 85.68it/s, S=0.3487, loss=-0.2922]
Epoch 36/150 [train]:  35%|███▍      | 9/26 [00:00<00:00, 85.68it/s, S=0.3476, loss=-0.2907]
Epoch 36/150 [train]:  35%|███▍      | 9/26 [00:00<00:00, 85.68it/s, S=0.3473, loss=-0.2916]
Epoch 36/150 [train]:  35%|███▍      | 9/26 [00:00<00:00, 85.68it/s, S=0.3467, loss=-0.2884]
Epoch 36/150 [train]:  35%|███▍      | 9/26 [00:00<00:00, 85.68it/s, S=0.3428, loss=-0.2786]
Epoch 36/150 [train]:  35%|███▍      | 9/26 [00:00<00:00, 85.68it/s, S=0.3396, loss=-0.2800]
Epoch 36/150 [train]:  69%|██████▉   | 18/26 [00:00<00:00, 86.09it/s, S=0.3396, loss=-0.2800]
Epoch 36/150 [train]:  69%|██████▉   | 18/26 [00:00<00:00, 86.09it/s, S=0.3392, loss=-0.2853]
Epoch 36/150 [train]:  69%|██████▉   | 18/26 [00:00<00:00, 86.09it/s, S=0.3491, loss=-0.2866]
Epoch 36/150 [train]:  69%|██████▉   | 18/26 [00:00<00:00, 86.09it/s, S=0.3377, loss=-0.2822]
Epoch 36/150 [train]:  69%|██████▉   | 18/26 [00:00<00:00, 86.09it/s, S=0.3478, loss=-0.2901]
Epoch 36/150 [train]:  69%|██████▉   | 18/26 [00:00<00:00, 86.09it/s, S=0.3438, loss=-0.2873]
Epoch 36/150 [train]:  69%|██████▉   | 18/26 [00:00<00:00, 86.09it/s, S=0.3509, loss=-0.2940]
Epoch 36/150 [train]:  69%|██████▉   | 18/26 [00:00<00:00, 86.09it/s, S=0.3424, loss=-0.2879]
Epoch 36/150 [train]:  69%|██████▉   | 18/26 [00:00<00:00, 86.09it/s, S=0.3463, loss=-0.2875]
                                                                                             
Epoch  36/150  train loss=-0.2867  val loss=-0.3090  S[mean]=0.3718  ζ=0.4471  mean_plane_ζ=0.3281  reg=0.0629  λscale=1.00  lr=4.73e-04

Epoch 37/150 [train]:   0%|          | 0/26 [00:00<?, ?it/s]
Epoch 37/150 [train]:   0%|          | 0/26 [00:00<?, ?it/s, S=0.3503, loss=-0.2870]
Epoch 37/150 [train]:   0%|          | 0/26 [00:00<?, ?it/s, S=0.3495, loss=-0.2925]
Epoch 37/150 [train]:   0%|          | 0/26 [00:00<?, ?it/s, S=0.3489, loss=-0.2886]
Epoch 37/150 [train]:   0%|          | 0/26 [00:00<?, ?it/s, S=0.3546, loss=-0.2957]
Epoch 37/150 [train]:   0%|          | 0/26 [00:00<?, ?it/s, S=0.3490, loss=-0.2935]
Epoch 37/150 [train]:   0%|          | 0/26 [00:00<?, ?it/s, S=0.3442, loss=-0.2860]
Epoch 37/150 [train]:   0%|          | 0/26 [00:00<?, ?it/s, S=0.3466, loss=-0.2846]
Epoch 37/150 [train]:   0%|          | 0/26 [00:00<?, ?it/s, S=0.3510, loss=-0.2898]
Epoch 37/150 [train]:   0%|          | 0/26 [00:00<?, ?it/s, S=0.3499, loss=-0.2893]
Epoch 37/150 [train]:  35%|███▍      | 9/26 [00:00<00:00, 86.21it/s, S=0.3499, loss=-0.2893]
Epoch 37/150 [train]:  35%|███▍      | 9/26 [00:00<00:00, 86.21it/s, S=0.3569, loss=-0.3000]
Epoch 37/150 [train]:  35%|███▍      | 9/26 [00:00<00:00, 86.21it/s, S=0.3510, loss=-0.2946]
Epoch 37/150 [train]:  35%|███▍      | 9/26 [00:00<00:00, 86.21it/s, S=0.3535, loss=-0.2963]
Epoch 37/150 [train]:  35%|███▍      | 9/26 [00:00<00:00, 86.21it/s, S=0.3509, loss=-0.2923]
Epoch 37/150 [train]:  35%|███▍      | 9/26 [00:00<00:00, 86.21it/s, S=0.3544, loss=-0.3004]
Epoch 37/150 [train]:  35%|███▍      | 9/26 [00:00<00:00, 86.21it/s, S=0.3439, loss=-0.2849]
Epoch 37/150 [train]:  35%|███▍      | 9/26 [00:00<00:00, 86.21it/s, S=0.3480, loss=-0.2933]
Epoch 37/150 [train]:  35%|███▍      | 9/26 [00:00<00:00, 86.21it/s, S=0.3537, loss=-0.2928]
Epoch 37/150 [train]:  35%|███▍      | 9/26 [00:00<00:00, 86.21it/s, S=0.3508, loss=-0.2939]
Epoch 37/150 [train]:  69%|██████▉   | 18/26 [00:00<00:00, 86.27it/s, S=0.3508, loss=-0.2939]
Epoch 37/150 [train]:  69%|██████▉   | 18/26 [00:00<00:00, 86.27it/s, S=0.3486, loss=-0.2844]
Epoch 37/150 [train]:  69%|██████▉   | 18/26 [00:00<00:00, 86.27it/s, S=0.3514, loss=-0.2916]
Epoch 37/150 [train]:  69%|██████▉   | 18/26 [00:00<00:00, 86.27it/s, S=0.3504, loss=-0.2936]
Epoch 37/150 [train]:  69%|██████▉   | 18/26 [00:00<00:00, 86.27it/s, S=0.3453, loss=-0.2829]
Epoch 37/150 [train]:  69%|██████▉   | 18/26 [00:00<00:00, 86.27it/s, S=0.3491, loss=-0.2916]
Epoch 37/150 [train]:  69%|██████▉   | 18/26 [00:00<00:00, 86.27it/s, S=0.3484, loss=-0.2895]
Epoch 37/150 [train]:  69%|██████▉   | 18/26 [00:00<00:00, 86.27it/s, S=0.3515, loss=-0.2951]
Epoch 37/150 [train]:  69%|██████▉   | 18/26 [00:00<00:00, 86.27it/s, S=0.3499, loss=-0.2920]
                                                                                             
Epoch  37/150  train loss=-0.2914  val loss=-0.3127  S[mean]=0.3762  ζ=0.4477  mean_plane_ζ=0.3290  reg=0.0635  λscale=1.00  lr=4.63e-04

Epoch 38/150 [train]:   0%|          | 0/26 [00:00<?, ?it/s]
Epoch 38/150 [train]:   0%|          | 0/26 [00:00<?, ?it/s, S=0.3546, loss=-0.2964]
Epoch 38/150 [train]:   0%|          | 0/26 [00:00<?, ?it/s, S=0.3523, loss=-0.2884]
Epoch 38/150 [train]:   0%|          | 0/26 [00:00<?, ?it/s, S=0.3502, loss=-0.2931]
Epoch 38/150 [train]:   0%|          | 0/26 [00:00<?, ?it/s, S=0.3592, loss=-0.3034]
Epoch 38/150 [train]:   0%|          | 0/26 [00:00<?, ?it/s, S=0.3586, loss=-0.3013]
Epoch 38/150 [train]:   0%|          | 0/26 [00:00<?, ?it/s, S=0.3551, loss=-0.3015]
Epoch 38/150 [train]:   0%|          | 0/26 [00:00<?, ?it/s, S=0.3526, loss=-0.2960]
Epoch 38/150 [train]:   0%|          | 0/26 [00:00<?, ?it/s, S=0.3504, loss=-0.2913]
Epoch 38/150 [train]:   0%|          | 0/26 [00:00<?, ?it/s, S=0.3592, loss=-0.2959]
Epoch 38/150 [train]:  35%|███▍      | 9/26 [00:00<00:00, 86.03it/s, S=0.3592, loss=-0.2959]
Epoch 38/150 [train]:  35%|███▍      | 9/26 [00:00<00:00, 86.03it/s, S=0.3563, loss=-0.2978]
Epoch 38/150 [train]:  35%|███▍      | 9/26 [00:00<00:00, 86.03it/s, S=0.3570, loss=-0.2975]
Epoch 38/150 [train]:  35%|███▍      | 9/26 [00:00<00:00, 86.03it/s, S=0.3592, loss=-0.3004]
Epoch 38/150 [train]:  35%|███▍      | 9/26 [00:00<00:00, 86.03it/s, S=0.3484, loss=-0.2906]
Epoch 38/150 [train]:  35%|███▍      | 9/26 [00:00<00:00, 86.03it/s, S=0.3504, loss=-0.2851]
Epoch 38/150 [train]:  35%|███▍      | 9/26 [00:00<00:00, 86.03it/s, S=0.3648, loss=-0.3014]
Epoch 38/150 [train]:  35%|███▍      | 9/26 [00:00<00:00, 86.03it/s, S=0.3614, loss=-0.3022]
Epoch 38/150 [train]:  35%|███▍      | 9/26 [00:00<00:00, 86.03it/s, S=0.3591, loss=-0.3033]
Epoch 38/150 [train]:  35%|███▍      | 9/26 [00:00<00:00, 86.03it/s, S=0.3565, loss=-0.2956]
Epoch 38/150 [train]:  69%|██████▉   | 18/26 [00:00<00:00, 86.16it/s, S=0.3565, loss=-0.2956]
Epoch 38/150 [train]:  69%|██████▉   | 18/26 [00:00<00:00, 86.16it/s, S=0.3559, loss=-0.2985]
Epoch 38/150 [train]:  69%|██████▉   | 18/26 [00:00<00:00, 86.16it/s, S=0.3589, loss=-0.3034]
Epoch 38/150 [train]:  69%|██████▉   | 18/26 [00:00<00:00, 86.16it/s, S=0.3590, loss=-0.2998]
Epoch 38/150 [train]:  69%|██████▉   | 18/26 [00:00<00:00, 86.16it/s, S=0.3566, loss=-0.2961]
Epoch 38/150 [train]:  69%|██████▉   | 18/26 [00:00<00:00, 86.16it/s, S=0.3569, loss=-0.2996]
Epoch 38/150 [train]:  69%|██████▉   | 18/26 [00:00<00:00, 86.16it/s, S=0.3634, loss=-0.3057]
Epoch 38/150 [train]:  69%|██████▉   | 18/26 [00:00<00:00, 86.16it/s, S=0.3580, loss=-0.2922]
Epoch 38/150 [train]:  69%|██████▉   | 18/26 [00:00<00:00, 86.16it/s, S=0.3560, loss=-0.2926]
                                                                                             
Epoch  38/150  train loss=-0.2973  val loss=-0.3186  S[mean]=0.3817  ζ=0.4499  mean_plane_ζ=0.3312  reg=0.0631  λscale=1.00  lr=4.52e-04

Epoch 39/150 [train]:   0%|          | 0/26 [00:00<?, ?it/s]
Epoch 39/150 [train]:   0%|          | 0/26 [00:00<?, ?it/s, S=0.3580, loss=-0.3012]
Epoch 39/150 [train]:   0%|          | 0/26 [00:00<?, ?it/s, S=0.3630, loss=-0.3058]
Epoch 39/150 [train]:   0%|          | 0/26 [00:00<?, ?it/s, S=0.3502, loss=-0.2834]
Epoch 39/150 [train]:   0%|          | 0/26 [00:00<?, ?it/s, S=0.3679, loss=-0.3127]
Epoch 39/150 [train]:   0%|          | 0/26 [00:00<?, ?it/s, S=0.3584, loss=-0.2991]
Epoch 39/150 [train]:   0%|          | 0/26 [00:00<?, ?it/s, S=0.3627, loss=-0.3052]
Epoch 39/150 [train]:   0%|          | 0/26 [00:00<?, ?it/s, S=0.3568, loss=-0.2993]
Epoch 39/150 [train]:   0%|          | 0/26 [00:00<?, ?it/s, S=0.3584, loss=-0.3010]
Epoch 39/150 [train]:   0%|          | 0/26 [00:00<?, ?it/s, S=0.3647, loss=-0.3074]
Epoch 39/150 [train]:  35%|███▍      | 9/26 [00:00<00:00, 85.58it/s, S=0.3647, loss=-0.3074]
Epoch 39/150 [train]:  35%|███▍      | 9/26 [00:00<00:00, 85.58it/s, S=0.3671, loss=-0.3097]
Epoch 39/150 [train]:  35%|███▍      | 9/26 [00:00<00:00, 85.58it/s, S=0.3625, loss=-0.3040]
Epoch 39/150 [train]:  35%|███▍      | 9/26 [00:00<00:00, 85.58it/s, S=0.3667, loss=-0.3089]
Epoch 39/150 [train]:  35%|███▍      | 9/26 [00:00<00:00, 85.58it/s, S=0.3576, loss=-0.2992]
Epoch 39/150 [train]:  35%|███▍      | 9/26 [00:00<00:00, 85.58it/s, S=0.3629, loss=-0.3056]
Epoch 39/150 [train]:  35%|███▍      | 9/26 [00:00<00:00, 85.58it/s, S=0.3664, loss=-0.3095]
Epoch 39/150 [train]:  35%|███▍      | 9/26 [00:00<00:00, 85.58it/s, S=0.3631, loss=-0.3070]
Epoch 39/150 [train]:  35%|███▍      | 9/26 [00:00<00:00, 85.58it/s, S=0.3591, loss=-0.3005]
Epoch 39/150 [train]:  35%|███▍      | 9/26 [00:00<00:00, 85.58it/s, S=0.3669, loss=-0.3078]
Epoch 39/150 [train]:  69%|██████▉   | 18/26 [00:00<00:00, 85.95it/s, S=0.3669, loss=-0.3078]
Epoch 39/150 [train]:  69%|██████▉   | 18/26 [00:00<00:00, 85.95it/s, S=0.3571, loss=-0.2963]
Epoch 39/150 [train]:  69%|██████▉   | 18/26 [00:00<00:00, 85.95it/s, S=0.3641, loss=-0.3023]
Epoch 39/150 [train]:  69%|██████▉   | 18/26 [00:00<00:00, 85.95it/s, S=0.3641, loss=-0.2969]
Epoch 39/150 [train]:  69%|██████▉   | 18/26 [00:00<00:00, 85.95it/s, S=0.3622, loss=-0.3046]
Epoch 39/150 [train]:  69%|██████▉   | 18/26 [00:00<00:00, 85.95it/s, S=0.3592, loss=-0.3008]
Epoch 39/150 [train]:  69%|██████▉   | 18/26 [00:00<00:00, 85.95it/s, S=0.3631, loss=-0.3039]
Epoch 39/150 [train]:  69%|██████▉   | 18/26 [00:00<00:00, 85.95it/s, S=0.3612, loss=-0.3031]
Epoch 39/150 [train]:  69%|██████▉   | 18/26 [00:00<00:00, 85.95it/s, S=0.3594, loss=-0.2968]
                                                                                             
Epoch  39/150  train loss=-0.3028  val loss=-0.3210  S[mean]=0.3843  ζ=0.4504  mean_plane_ζ=0.3323  reg=0.0633  λscale=1.00  lr=4.40e-04

Epoch 40/150 [train]:   0%|          | 0/26 [00:00<?, ?it/s]
Epoch 40/150 [train]:   0%|          | 0/26 [00:00<?, ?it/s, S=0.3601, loss=-0.3023]
Epoch 40/150 [train]:   0%|          | 0/26 [00:00<?, ?it/s, S=0.3659, loss=-0.3076]
Epoch 40/150 [train]:   0%|          | 0/26 [00:00<?, ?it/s, S=0.3674, loss=-0.3107]
Epoch 40/150 [train]:   0%|          | 0/26 [00:00<?, ?it/s, S=0.3658, loss=-0.3091]
Epoch 40/150 [train]:   0%|          | 0/26 [00:00<?, ?it/s, S=0.3654, loss=-0.3045]
Epoch 40/150 [train]:   0%|          | 0/26 [00:00<?, ?it/s, S=0.3746, loss=-0.3178]
Epoch 40/150 [train]:   0%|          | 0/26 [00:00<?, ?it/s, S=0.3657, loss=-0.3080]
Epoch 40/150 [train]:   0%|          | 0/26 [00:00<?, ?it/s, S=0.3697, loss=-0.3134]
Epoch 40/150 [train]:   0%|          | 0/26 [00:00<?, ?it/s, S=0.3719, loss=-0.3118]
Epoch 40/150 [train]:  35%|███▍      | 9/26 [00:00<00:00, 85.85it/s, S=0.3719, loss=-0.3118]
Epoch 40/150 [train]:  35%|███▍      | 9/26 [00:00<00:00, 85.85it/s, S=0.3651, loss=-0.3075]
Epoch 40/150 [train]:  35%|███▍      | 9/26 [00:00<00:00, 85.85it/s, S=0.3649, loss=-0.3036]
Epoch 40/150 [train]:  35%|███▍      | 9/26 [00:00<00:00, 85.85it/s, S=0.3649, loss=-0.3099]
Epoch 40/150 [train]:  35%|███▍      | 9/26 [00:00<00:00, 85.85it/s, S=0.3558, loss=-0.2968]
Epoch 40/150 [train]:  35%|███▍      | 9/26 [00:00<00:00, 85.85it/s, S=0.3658, loss=-0.3079]
Epoch 40/150 [train]:  35%|███▍      | 9/26 [00:00<00:00, 85.85it/s, S=0.3668, loss=-0.3073]
Epoch 40/150 [train]:  35%|███▍      | 9/26 [00:00<00:00, 85.85it/s, S=0.3619, loss=-0.3044]
Epoch 40/150 [train]:  35%|███▍      | 9/26 [00:00<00:00, 85.85it/s, S=0.3647, loss=-0.3040]
Epoch 40/150 [train]:  35%|███▍      | 9/26 [00:00<00:00, 85.85it/s, S=0.3655, loss=-0.3056]
Epoch 40/150 [train]:  69%|██████▉   | 18/26 [00:00<00:00, 86.09it/s, S=0.3655, loss=-0.3056]
Epoch 40/150 [train]:  69%|██████▉   | 18/26 [00:00<00:00, 86.09it/s, S=0.3625, loss=-0.3037]
Epoch 40/150 [train]:  69%|██████▉   | 18/26 [00:00<00:00, 86.09it/s, S=0.3670, loss=-0.3107]
Epoch 40/150 [train]:  69%|██████▉   | 18/26 [00:00<00:00, 86.09it/s, S=0.3644, loss=-0.3079]
Epoch 40/150 [train]:  69%|██████▉   | 18/26 [00:00<00:00, 86.09it/s, S=0.3658, loss=-0.3067]
Epoch 40/150 [train]:  69%|██████▉   | 18/26 [00:00<00:00, 86.09it/s, S=0.3614, loss=-0.3025]
Epoch 40/150 [train]:  69%|██████▉   | 18/26 [00:00<00:00, 86.09it/s, S=0.3690, loss=-0.3092]
Epoch 40/150 [train]:  69%|██████▉   | 18/26 [00:00<00:00, 86.09it/s, S=0.3707, loss=-0.3133]
Epoch 40/150 [train]:  69%|██████▉   | 18/26 [00:00<00:00, 86.09it/s, S=0.3674, loss=-0.3089]
                                                                                             
Epoch  40/150  train loss=-0.3075  val loss=-0.3242  S[mean]=0.3872  ζ=0.4485  mean_plane_ζ=0.3321  reg=0.0630  λscale=1.00  lr=4.27e-04

Epoch 41/150 [train]:   0%|          | 0/26 [00:00<?, ?it/s]
Epoch 41/150 [train]:   0%|          | 0/26 [00:00<?, ?it/s, S=0.3707, loss=-0.3113]
Epoch 41/150 [train]:   0%|          | 0/26 [00:00<?, ?it/s, S=0.3656, loss=-0.3094]
Epoch 41/150 [train]:   0%|          | 0/26 [00:00<?, ?it/s, S=0.3698, loss=-0.3126]
Epoch 41/150 [train]:   0%|          | 0/26 [00:00<?, ?it/s, S=0.3711, loss=-0.3100]
Epoch 41/150 [train]:   0%|          | 0/26 [00:00<?, ?it/s, S=0.3632, loss=-0.3063]
Epoch 41/150 [train]:   0%|          | 0/26 [00:00<?, ?it/s, S=0.3587, loss=-0.3011]
Epoch 41/150 [train]:   0%|          | 0/26 [00:00<?, ?it/s, S=0.3696, loss=-0.3123]
Epoch 41/150 [train]:   0%|          | 0/26 [00:00<?, ?it/s, S=0.3702, loss=-0.3148]
Epoch 41/150 [train]:   0%|          | 0/26 [00:00<?, ?it/s, S=0.3678, loss=-0.3124]
Epoch 41/150 [train]:  35%|███▍      | 9/26 [00:00<00:00, 86.20it/s, S=0.3678, loss=-0.3124]
Epoch 41/150 [train]:  35%|███▍      | 9/26 [00:00<00:00, 86.20it/s, S=0.3655, loss=-0.3044]
Epoch 41/150 [train]:  35%|███▍      | 9/26 [00:00<00:00, 86.20it/s, S=0.3640, loss=-0.3079]
Epoch 41/150 [train]:  35%|███▍      | 9/26 [00:00<00:00, 86.20it/s, S=0.3736, loss=-0.3156]
Epoch 41/150 [train]:  35%|███▍      | 9/26 [00:00<00:00, 86.20it/s, S=0.3662, loss=-0.3056]
Epoch 41/150 [train]:  35%|███▍      | 9/26 [00:00<00:00, 86.20it/s, S=0.3693, loss=-0.3071]
Epoch 41/150 [train]:  35%|███▍      | 9/26 [00:00<00:00, 86.20it/s, S=0.3685, loss=-0.3105]
Epoch 41/150 [train]:  35%|███▍      | 9/26 [00:00<00:00, 86.20it/s, S=0.3683, loss=-0.3092]
Epoch 41/150 [train]:  35%|███▍      | 9/26 [00:00<00:00, 86.20it/s, S=0.3679, loss=-0.3080]
Epoch 41/150 [train]:  35%|███▍      | 9/26 [00:00<00:00, 86.20it/s, S=0.3713, loss=-0.3117]
Epoch 41/150 [train]:  69%|██████▉   | 18/26 [00:00<00:00, 86.37it/s, S=0.3713, loss=-0.3117]
Epoch 41/150 [train]:  69%|██████▉   | 18/26 [00:00<00:00, 86.37it/s, S=0.3698, loss=-0.3102]
Epoch 41/150 [train]:  69%|██████▉   | 18/26 [00:00<00:00, 86.37it/s, S=0.3711, loss=-0.3131]
Epoch 41/150 [train]:  69%|██████▉   | 18/26 [00:00<00:00, 86.37it/s, S=0.3646, loss=-0.3066]
Epoch 41/150 [train]:  69%|██████▉   | 18/26 [00:00<00:00, 86.37it/s, S=0.3737, loss=-0.3149]
Epoch 41/150 [train]:  69%|██████▉   | 18/26 [00:00<00:00, 86.37it/s, S=0.3682, loss=-0.3112]
Epoch 41/150 [train]:  69%|██████▉   | 18/26 [00:00<00:00, 86.37it/s, S=0.3672, loss=-0.3093]
Epoch 41/150 [train]:  69%|██████▉   | 18/26 [00:00<00:00, 86.37it/s, S=0.3612, loss=-0.3022]
Epoch 41/150 [train]:  69%|██████▉   | 18/26 [00:00<00:00, 86.37it/s, S=0.3710, loss=-0.3159]
                                                                                             
Epoch  41/150  train loss=-0.3098  val loss=-0.3274  S[mean]=0.3899  ζ=0.4498  mean_plane_ζ=0.3347  reg=0.0625  λscale=1.00  lr=4.12e-04

Epoch 42/150 [train]:   0%|          | 0/26 [00:00<?, ?it/s]
Epoch 42/150 [train]:   0%|          | 0/26 [00:00<?, ?it/s, S=0.3736, loss=-0.3126]
Epoch 42/150 [train]:   0%|          | 0/26 [00:00<?, ?it/s, S=0.3703, loss=-0.3108]
Epoch 42/150 [train]:   0%|          | 0/26 [00:00<?, ?it/s, S=0.3724, loss=-0.3135]
Epoch 42/150 [train]:   0%|          | 0/26 [00:00<?, ?it/s, S=0.3695, loss=-0.3136]
Epoch 42/150 [train]:   0%|          | 0/26 [00:00<?, ?it/s, S=0.3706, loss=-0.3125]
Epoch 42/150 [train]:   0%|          | 0/26 [00:00<?, ?it/s, S=0.3701, loss=-0.3095]
Epoch 42/150 [train]:   0%|          | 0/26 [00:00<?, ?it/s, S=0.3651, loss=-0.3040]
Epoch 42/150 [train]:   0%|          | 0/26 [00:00<?, ?it/s, S=0.3740, loss=-0.3181]
Epoch 42/150 [train]:   0%|          | 0/26 [00:00<?, ?it/s, S=0.3659, loss=-0.3065]
Epoch 42/150 [train]:  35%|███▍      | 9/26 [00:00<00:00, 85.94it/s, S=0.3659, loss=-0.3065]
Epoch 42/150 [train]:  35%|███▍      | 9/26 [00:00<00:00, 85.94it/s, S=0.3741, loss=-0.3150]
Epoch 42/150 [train]:  35%|███▍      | 9/26 [00:00<00:00, 85.94it/s, S=0.3651, loss=-0.3022]
Epoch 42/150 [train]:  35%|███▍      | 9/26 [00:00<00:00, 85.94it/s, S=0.3710, loss=-0.3140]
Epoch 42/150 [train]:  35%|███▍      | 9/26 [00:00<00:00, 85.94it/s, S=0.3721, loss=-0.3169]
Epoch 42/150 [train]:  35%|███▍      | 9/26 [00:00<00:00, 85.94it/s, S=0.3749, loss=-0.3159]
Epoch 42/150 [train]:  35%|███▍      | 9/26 [00:00<00:00, 85.94it/s, S=0.3748, loss=-0.3149]
Epoch 42/150 [train]:  35%|███▍      | 9/26 [00:00<00:00, 85.94it/s, S=0.3748, loss=-0.3154]
Epoch 42/150 [train]:  35%|███▍      | 9/26 [00:00<00:00, 85.94it/s, S=0.3723, loss=-0.3085]
Epoch 42/150 [train]:  35%|███▍      | 9/26 [00:00<00:00, 85.94it/s, S=0.3685, loss=-0.3081]
Epoch 42/150 [train]:  69%|██████▉   | 18/26 [00:00<00:00, 86.07it/s, S=0.3685, loss=-0.3081]
Epoch 42/150 [train]:  69%|██████▉   | 18/26 [00:00<00:00, 86.07it/s, S=0.3735, loss=-0.3146]
Epoch 42/150 [train]:  69%|██████▉   | 18/26 [00:00<00:00, 86.07it/s, S=0.3722, loss=-0.3119]
Epoch 42/150 [train]:  69%|██████▉   | 18/26 [00:00<00:00, 86.07it/s, S=0.3693, loss=-0.3120]
Epoch 42/150 [train]:  69%|██████▉   | 18/26 [00:00<00:00, 86.07it/s, S=0.3692, loss=-0.3068]
Epoch 42/150 [train]:  69%|██████▉   | 18/26 [00:00<00:00, 86.07it/s, S=0.3674, loss=-0.3082]
Epoch 42/150 [train]:  69%|██████▉   | 18/26 [00:00<00:00, 86.07it/s, S=0.3747, loss=-0.3149]
Epoch 42/150 [train]:  69%|██████▉   | 18/26 [00:00<00:00, 86.07it/s, S=0.3731, loss=-0.3133]
Epoch 42/150 [train]:  69%|██████▉   | 18/26 [00:00<00:00, 86.07it/s, S=0.3702, loss=-0.3048]
                                                                                             
Epoch  42/150  train loss=-0.3115  val loss=-0.3318  S[mean]=0.3946  ζ=0.4479  mean_plane_ζ=0.3372  reg=0.0628  λscale=1.00  lr=3.97e-04

Epoch 43/150 [train]:   0%|          | 0/26 [00:00<?, ?it/s]
Epoch 43/150 [train]:   0%|          | 0/26 [00:00<?, ?it/s, S=0.3779, loss=-0.3196]
Epoch 43/150 [train]:   0%|          | 0/26 [00:00<?, ?it/s, S=0.3770, loss=-0.3209]
Epoch 43/150 [train]:   0%|          | 0/26 [00:00<?, ?it/s, S=0.3737, loss=-0.3167]
Epoch 43/150 [train]:   0%|          | 0/26 [00:00<?, ?it/s, S=0.3784, loss=-0.3210]
Epoch 43/150 [train]:   0%|          | 0/26 [00:00<?, ?it/s, S=0.3669, loss=-0.3048]
Epoch 43/150 [train]:   0%|          | 0/26 [00:00<?, ?it/s, S=0.3787, loss=-0.3200]
Epoch 43/150 [train]:   0%|          | 0/26 [00:00<?, ?it/s, S=0.3707, loss=-0.3123]
Epoch 43/150 [train]:   0%|          | 0/26 [00:00<?, ?it/s, S=0.3748, loss=-0.3165]
Epoch 43/150 [train]:   0%|          | 0/26 [00:00<?, ?it/s, S=0.3656, loss=-0.3063]
Epoch 43/150 [train]:  35%|███▍      | 9/26 [00:00<00:00, 85.71it/s, S=0.3656, loss=-0.3063]
Epoch 43/150 [train]:  35%|███▍      | 9/26 [00:00<00:00, 85.71it/s, S=0.3699, loss=-0.3114]
Epoch 43/150 [train]:  35%|███▍      | 9/26 [00:00<00:00, 85.71it/s, S=0.3751, loss=-0.3184]
Epoch 43/150 [train]:  35%|███▍      | 9/26 [00:00<00:00, 85.71it/s, S=0.3716, loss=-0.3139]
Epoch 43/150 [train]:  35%|███▍      | 9/26 [00:00<00:00, 85.71it/s, S=0.3728, loss=-0.3149]
Epoch 43/150 [train]:  35%|███▍      | 9/26 [00:00<00:00, 85.71it/s, S=0.3809, loss=-0.3201]
Epoch 43/150 [train]:  35%|███▍      | 9/26 [00:00<00:00, 85.71it/s, S=0.3750, loss=-0.3173]
Epoch 43/150 [train]:  35%|███▍      | 9/26 [00:00<00:00, 85.71it/s, S=0.3755, loss=-0.3192]
Epoch 43/150 [train]:  35%|███▍      | 9/26 [00:00<00:00, 85.71it/s, S=0.3799, loss=-0.3176]
Epoch 43/150 [train]:  35%|███▍      | 9/26 [00:00<00:00, 85.71it/s, S=0.3712, loss=-0.3063]
Epoch 43/150 [train]:  69%|██████▉   | 18/26 [00:00<00:00, 85.72it/s, S=0.3712, loss=-0.3063]
Epoch 43/150 [train]:  69%|██████▉   | 18/26 [00:00<00:00, 85.72it/s, S=0.3759, loss=-0.3163]
Epoch 43/150 [train]:  69%|██████▉   | 18/26 [00:00<00:00, 85.72it/s, S=0.3741, loss=-0.3157]
Epoch 43/150 [train]:  69%|██████▉   | 18/26 [00:00<00:00, 85.72it/s, S=0.3711, loss=-0.3138]
Epoch 43/150 [train]:  69%|██████▉   | 18/26 [00:00<00:00, 85.72it/s, S=0.3825, loss=-0.3261]
Epoch 43/150 [train]:  69%|██████▉   | 18/26 [00:00<00:00, 85.72it/s, S=0.3749, loss=-0.3191]
Epoch 43/150 [train]:  69%|██████▉   | 18/26 [00:00<00:00, 85.72it/s, S=0.3781, loss=-0.3183]
Epoch 43/150 [train]:  69%|██████▉   | 18/26 [00:00<00:00, 85.72it/s, S=0.3785, loss=-0.3153]
Epoch 43/150 [train]:  69%|██████▉   | 18/26 [00:00<00:00, 85.72it/s, S=0.3700, loss=-0.3041]
                                                                                             
Epoch  43/150  train loss=-0.3156  val loss=-0.3370  S[mean]=0.4006  ζ=0.4486  mean_plane_ζ=0.3409  reg=0.0636  λscale=1.00  lr=3.81e-04

Epoch 44/150 [train]:   0%|          | 0/26 [00:00<?, ?it/s]
Epoch 44/150 [train]:   0%|          | 0/26 [00:00<?, ?it/s, S=0.3780, loss=-0.3192]
Epoch 44/150 [train]:   0%|          | 0/26 [00:00<?, ?it/s, S=0.3734, loss=-0.3125]
Epoch 44/150 [train]:   0%|          | 0/26 [00:00<?, ?it/s, S=0.3696, loss=-0.3110]
Epoch 44/150 [train]:   0%|          | 0/26 [00:00<?, ?it/s, S=0.3776, loss=-0.3166]
Epoch 44/150 [train]:   0%|          | 0/26 [00:00<?, ?it/s, S=0.3729, loss=-0.3142]
Epoch 44/150 [train]:   0%|          | 0/26 [00:00<?, ?it/s, S=0.3750, loss=-0.3105]
Epoch 44/150 [train]:   0%|          | 0/26 [00:00<?, ?it/s, S=0.3826, loss=-0.3143]
Epoch 44/150 [train]:   0%|          | 0/26 [00:00<?, ?it/s, S=0.3833, loss=-0.3217]
Epoch 44/150 [train]:   0%|          | 0/26 [00:00<?, ?it/s, S=0.3813, loss=-0.3181]
Epoch 44/150 [train]:  35%|███▍      | 9/26 [00:00<00:00, 85.75it/s, S=0.3813, loss=-0.3181]
Epoch 44/150 [train]:  35%|███▍      | 9/26 [00:00<00:00, 85.75it/s, S=0.3730, loss=-0.3083]
Epoch 44/150 [train]:  35%|███▍      | 9/26 [00:00<00:00, 85.75it/s, S=0.3840, loss=-0.3244]
Epoch 44/150 [train]:  35%|███▍      | 9/26 [00:00<00:00, 85.75it/s, S=0.3828, loss=-0.3278]
Epoch 44/150 [train]:  35%|███▍      | 9/26 [00:00<00:00, 85.75it/s, S=0.3835, loss=-0.3228]
Epoch 44/150 [train]:  35%|███▍      | 9/26 [00:00<00:00, 85.75it/s, S=0.3798, loss=-0.3183]
Epoch 44/150 [train]:  35%|███▍      | 9/26 [00:00<00:00, 85.75it/s, S=0.3801, loss=-0.3204]
Epoch 44/150 [train]:  35%|███▍      | 9/26 [00:00<00:00, 85.75it/s, S=0.3803, loss=-0.3202]
Epoch 44/150 [train]:  35%|███▍      | 9/26 [00:00<00:00, 85.75it/s, S=0.3835, loss=-0.3240]
Epoch 44/150 [train]:  35%|███▍      | 9/26 [00:00<00:00, 85.75it/s, S=0.3862, loss=-0.3267]
Epoch 44/150 [train]:  69%|██████▉   | 18/26 [00:00<00:00, 85.88it/s, S=0.3862, loss=-0.3267]
Epoch 44/150 [train]:  69%|██████▉   | 18/26 [00:00<00:00, 85.88it/s, S=0.3849, loss=-0.3268]
Epoch 44/150 [train]:  69%|██████▉   | 18/26 [00:00<00:00, 85.88it/s, S=0.3791, loss=-0.3182]
Epoch 44/150 [train]:  69%|██████▉   | 18/26 [00:00<00:00, 85.88it/s, S=0.3795, loss=-0.3197]
Epoch 44/150 [train]:  69%|██████▉   | 18/26 [00:00<00:00, 85.88it/s, S=0.3727, loss=-0.3136]
Epoch 44/150 [train]:  69%|██████▉   | 18/26 [00:00<00:00, 85.88it/s, S=0.3803, loss=-0.3208]
Epoch 44/150 [train]:  69%|██████▉   | 18/26 [00:00<00:00, 85.88it/s, S=0.3817, loss=-0.3192]
Epoch 44/150 [train]:  69%|██████▉   | 18/26 [00:00<00:00, 85.88it/s, S=0.3838, loss=-0.3221]
Epoch 44/150 [train]:  69%|██████▉   | 18/26 [00:00<00:00, 85.88it/s, S=0.3767, loss=-0.3201]
                                                                                             
Epoch  44/150  train loss=-0.3189  val loss=-0.3413  S[mean]=0.4056  ζ=0.4496  mean_plane_ζ=0.3432  reg=0.0643  λscale=1.00  lr=3.63e-04

Epoch 45/150 [train]:   0%|          | 0/26 [00:00<?, ?it/s]
Epoch 45/150 [train]:   0%|          | 0/26 [00:00<?, ?it/s, S=0.3860, loss=-0.3256]
Epoch 45/150 [train]:   0%|          | 0/26 [00:00<?, ?it/s, S=0.3821, loss=-0.3252]
Epoch 45/150 [train]:   0%|          | 0/26 [00:00<?, ?it/s, S=0.3798, loss=-0.3116]
Epoch 45/150 [train]:   0%|          | 0/26 [00:00<?, ?it/s, S=0.3831, loss=-0.3226]
Epoch 45/150 [train]:   0%|          | 0/26 [00:00<?, ?it/s, S=0.3913, loss=-0.3323]
Epoch 45/150 [train]:   0%|          | 0/26 [00:00<?, ?it/s, S=0.3843, loss=-0.3105]
Epoch 45/150 [train]:   0%|          | 0/26 [00:00<?, ?it/s, S=0.3859, loss=-0.3275]
Epoch 45/150 [train]:   0%|          | 0/26 [00:00<?, ?it/s, S=0.3862, loss=-0.3244]
Epoch 45/150 [train]:  31%|███       | 8/26 [00:00<00:00, 79.96it/s, S=0.3862, loss=-0.3244]
Epoch 45/150 [train]:  31%|███       | 8/26 [00:00<00:00, 79.96it/s, S=0.3851, loss=-0.3281]
Epoch 45/150 [train]:  31%|███       | 8/26 [00:00<00:00, 79.96it/s, S=0.3859, loss=-0.3291]
Epoch 45/150 [train]:  31%|███       | 8/26 [00:00<00:00, 79.96it/s, S=0.3844, loss=-0.3237]
Epoch 45/150 [train]:  31%|███       | 8/26 [00:00<00:00, 79.96it/s, S=0.3920, loss=-0.3300]
Epoch 45/150 [train]:  31%|███       | 8/26 [00:00<00:00, 79.96it/s, S=0.3850, loss=-0.3213]
Epoch 45/150 [train]:  31%|███       | 8/26 [00:00<00:00, 79.96it/s, S=0.3851, loss=-0.3247]
Epoch 45/150 [train]:  31%|███       | 8/26 [00:00<00:00, 79.96it/s, S=0.3808, loss=-0.3214]
Epoch 45/150 [train]:  31%|███       | 8/26 [00:00<00:00, 79.96it/s, S=0.3866, loss=-0.3263]
Epoch 45/150 [train]:  31%|███       | 8/26 [00:00<00:00, 79.96it/s, S=0.3811, loss=-0.3199]
Epoch 45/150 [train]:  65%|██████▌   | 17/26 [00:00<00:00, 83.80it/s, S=0.3811, loss=-0.3199]
Epoch 45/150 [train]:  65%|██████▌   | 17/26 [00:00<00:00, 83.80it/s, S=0.3870, loss=-0.3200]
Epoch 45/150 [train]:  65%|██████▌   | 17/26 [00:00<00:00, 83.80it/s, S=0.3908, loss=-0.3287]
Epoch 45/150 [train]:  65%|██████▌   | 17/26 [00:00<00:00, 83.80it/s, S=0.3832, loss=-0.3250]
Epoch 45/150 [train]:  65%|██████▌   | 17/26 [00:00<00:00, 83.80it/s, S=0.3951, loss=-0.3357]
Epoch 45/150 [train]:  65%|██████▌   | 17/26 [00:00<00:00, 83.80it/s, S=0.3873, loss=-0.3221]
Epoch 45/150 [train]:  65%|██████▌   | 17/26 [00:00<00:00, 83.80it/s, S=0.3915, loss=-0.3305]
Epoch 45/150 [train]:  65%|██████▌   | 17/26 [00:00<00:00, 83.80it/s, S=0.3848, loss=-0.3256]
Epoch 45/150 [train]:  65%|██████▌   | 17/26 [00:00<00:00, 83.80it/s, S=0.3892, loss=-0.3243]
Epoch 45/150 [train]:  65%|██████▌   | 17/26 [00:00<00:00, 83.80it/s, S=0.3902, loss=-0.3291]
Epoch 45/150 [train]: 100%|██████████| 26/26 [00:00<00:00, 85.03it/s, S=0.3902, loss=-0.3291]
                                                                                             
Epoch  45/150  train loss=-0.3248  val loss=-0.3455  S[mean]=0.4109  ζ=0.4504  mean_plane_ζ=0.3444  reg=0.0654  λscale=1.00  lr=3.46e-04

Epoch 46/150 [train]:   0%|          | 0/26 [00:00<?, ?it/s]
Epoch 46/150 [train]:   0%|          | 0/26 [00:00<?, ?it/s, S=0.3885, loss=-0.3258]
Epoch 46/150 [train]:   0%|          | 0/26 [00:00<?, ?it/s, S=0.3940, loss=-0.3341]
Epoch 46/150 [train]:   0%|          | 0/26 [00:00<?, ?it/s, S=0.3949, loss=-0.3359]
Epoch 46/150 [train]:   0%|          | 0/26 [00:00<?, ?it/s, S=0.3945, loss=-0.3367]
Epoch 46/150 [train]:   0%|          | 0/26 [00:00<?, ?it/s, S=0.3890, loss=-0.3283]
Epoch 46/150 [train]:   0%|          | 0/26 [00:00<?, ?it/s, S=0.3886, loss=-0.3306]
Epoch 46/150 [train]:   0%|          | 0/26 [00:00<?, ?it/s, S=0.3937, loss=-0.3340]
Epoch 46/150 [train]:   0%|          | 0/26 [00:00<?, ?it/s, S=0.3928, loss=-0.3319]
Epoch 46/150 [train]:   0%|          | 0/26 [00:00<?, ?it/s, S=0.3906, loss=-0.3326]
Epoch 46/150 [train]:  35%|███▍      | 9/26 [00:00<00:00, 85.89it/s, S=0.3906, loss=-0.3326]
Epoch 46/150 [train]:  35%|███▍      | 9/26 [00:00<00:00, 85.89it/s, S=0.3982, loss=-0.3389]
Epoch 46/150 [train]:  35%|███▍      | 9/26 [00:00<00:00, 85.89it/s, S=0.3919, loss=-0.3329]
Epoch 46/150 [train]:  35%|███▍      | 9/26 [00:00<00:00, 85.89it/s, S=0.3980, loss=-0.3389]
Epoch 46/150 [train]:  35%|███▍      | 9/26 [00:00<00:00, 85.89it/s, S=0.4001, loss=-0.3403]
Epoch 46/150 [train]:  35%|███▍      | 9/26 [00:00<00:00, 85.89it/s, S=0.3835, loss=-0.3199]
Epoch 46/150 [train]:  35%|███▍      | 9/26 [00:00<00:00, 85.89it/s, S=0.3846, loss=-0.3242]
Epoch 46/150 [train]:  35%|███▍      | 9/26 [00:00<00:00, 85.89it/s, S=0.3876, loss=-0.3286]
Epoch 46/150 [train]:  35%|███▍      | 9/26 [00:00<00:00, 85.89it/s, S=0.3938, loss=-0.3323]
Epoch 46/150 [train]:  35%|███▍      | 9/26 [00:00<00:00, 85.89it/s, S=0.3924, loss=-0.3310]
Epoch 46/150 [train]:  69%|██████▉   | 18/26 [00:00<00:00, 85.91it/s, S=0.3924, loss=-0.3310]
Epoch 46/150 [train]:  69%|██████▉   | 18/26 [00:00<00:00, 85.91it/s, S=0.3927, loss=-0.3306]
Epoch 46/150 [train]:  69%|██████▉   | 18/26 [00:00<00:00, 85.91it/s, S=0.3911, loss=-0.3261]
Epoch 46/150 [train]:  69%|██████▉   | 18/26 [00:00<00:00, 85.91it/s, S=0.3978, loss=-0.3367]
Epoch 46/150 [train]:  69%|██████▉   | 18/26 [00:00<00:00, 85.91it/s, S=0.3895, loss=-0.3233]
Epoch 46/150 [train]:  69%|██████▉   | 18/26 [00:00<00:00, 85.91it/s, S=0.3993, loss=-0.3381]
Epoch 46/150 [train]:  69%|██████▉   | 18/26 [00:00<00:00, 85.91it/s, S=0.3975, loss=-0.3353]
Epoch 46/150 [train]:  69%|██████▉   | 18/26 [00:00<00:00, 85.91it/s, S=0.3879, loss=-0.3191]
Epoch 46/150 [train]:  69%|██████▉   | 18/26 [00:00<00:00, 85.91it/s, S=0.3924, loss=-0.3283]
                                                                                             
Epoch  46/150  train loss=-0.3313  val loss=-0.3478  S[mean]=0.4138  ζ=0.4502  mean_plane_ζ=0.3447  reg=0.0660  λscale=1.00  lr=3.27e-04

Epoch 47/150 [train]:   0%|          | 0/26 [00:00<?, ?it/s]
Epoch 47/150 [train]:   0%|          | 0/26 [00:00<?, ?it/s, S=0.3910, loss=-0.3287]
Epoch 47/150 [train]:   0%|          | 0/26 [00:00<?, ?it/s, S=0.3924, loss=-0.3255]
Epoch 47/150 [train]:   0%|          | 0/26 [00:00<?, ?it/s, S=0.3950, loss=-0.3353]
Epoch 47/150 [train]:   0%|          | 0/26 [00:00<?, ?it/s, S=0.3939, loss=-0.3238]
Epoch 47/150 [train]:   0%|          | 0/26 [00:00<?, ?it/s, S=0.3965, loss=-0.3382]
Epoch 47/150 [train]:   0%|          | 0/26 [00:00<?, ?it/s, S=0.3936, loss=-0.3332]
Epoch 47/150 [train]:   0%|          | 0/26 [00:00<?, ?it/s, S=0.3954, loss=-0.3269]
Epoch 47/150 [train]:   0%|          | 0/26 [00:00<?, ?it/s, S=0.3912, loss=-0.3310]
Epoch 47/150 [train]:   0%|          | 0/26 [00:00<?, ?it/s, S=0.3955, loss=-0.3325]
Epoch 47/150 [train]:  35%|███▍      | 9/26 [00:00<00:00, 85.91it/s, S=0.3955, loss=-0.3325]
Epoch 47/150 [train]:  35%|███▍      | 9/26 [00:00<00:00, 85.91it/s, S=0.3921, loss=-0.3317]
Epoch 47/150 [train]:  35%|███▍      | 9/26 [00:00<00:00, 85.91it/s, S=0.3943, loss=-0.3310]
Epoch 47/150 [train]:  35%|███▍      | 9/26 [00:00<00:00, 85.91it/s, S=0.3980, loss=-0.3370]
Epoch 47/150 [train]:  35%|███▍      | 9/26 [00:00<00:00, 85.91it/s, S=0.3957, loss=-0.3374]
Epoch 47/150 [train]:  35%|███▍      | 9/26 [00:00<00:00, 85.91it/s, S=0.3980, loss=-0.3372]
Epoch 47/150 [train]:  35%|███▍      | 9/26 [00:00<00:00, 85.91it/s, S=0.3910, loss=-0.3306]
Epoch 47/150 [train]:  35%|███▍      | 9/26 [00:00<00:00, 85.91it/s, S=0.3935, loss=-0.3306]
Epoch 47/150 [train]:  35%|███▍      | 9/26 [00:00<00:00, 85.91it/s, S=0.3940, loss=-0.3341]
Epoch 47/150 [train]:  35%|███▍      | 9/26 [00:00<00:00, 85.91it/s, S=0.3909, loss=-0.3244]
Epoch 47/150 [train]:  69%|██████▉   | 18/26 [00:00<00:00, 86.18it/s, S=0.3909, loss=-0.3244]
Epoch 47/150 [train]:  69%|██████▉   | 18/26 [00:00<00:00, 86.18it/s, S=0.4045, loss=-0.3453]
Epoch 47/150 [train]:  69%|██████▉   | 18/26 [00:00<00:00, 86.18it/s, S=0.3973, loss=-0.3368]
Epoch 47/150 [train]:  69%|██████▉   | 18/26 [00:00<00:00, 86.18it/s, S=0.4003, loss=-0.3423]
Epoch 47/150 [train]:  69%|██████▉   | 18/26 [00:00<00:00, 86.18it/s, S=0.3929, loss=-0.3289]
Epoch 47/150 [train]:  69%|██████▉   | 18/26 [00:00<00:00, 86.18it/s, S=0.3956, loss=-0.3342]
Epoch 47/150 [train]:  69%|██████▉   | 18/26 [00:00<00:00, 86.18it/s, S=0.3971, loss=-0.3370]
Epoch 47/150 [train]:  69%|██████▉   | 18/26 [00:00<00:00, 86.18it/s, S=0.3976, loss=-0.3328]
Epoch 47/150 [train]:  69%|██████▉   | 18/26 [00:00<00:00, 86.18it/s, S=0.3989, loss=-0.3403]
                                                                                             
Epoch  47/150  train loss=-0.3333  val loss=-0.3510  S[mean]=0.4162  ζ=0.4498  mean_plane_ζ=0.3444  reg=0.0652  λscale=1.00  lr=3.08e-04

Epoch 48/150 [train]:   0%|          | 0/26 [00:00<?, ?it/s]
Epoch 48/150 [train]:   0%|          | 0/26 [00:00<?, ?it/s, S=0.3998, loss=-0.3400]
Epoch 48/150 [train]:   0%|          | 0/26 [00:00<?, ?it/s, S=0.3944, loss=-0.3309]
Epoch 48/150 [train]:   0%|          | 0/26 [00:00<?, ?it/s, S=0.3996, loss=-0.3381]
Epoch 48/150 [train]:   0%|          | 0/26 [00:00<?, ?it/s, S=0.3940, loss=-0.3339]
Epoch 48/150 [train]:   0%|          | 0/26 [00:00<?, ?it/s, S=0.3995, loss=-0.3384]
Epoch 48/150 [train]:   0%|          | 0/26 [00:00<?, ?it/s, S=0.3996, loss=-0.3386]
Epoch 48/150 [train]:   0%|          | 0/26 [00:00<?, ?it/s, S=0.3958, loss=-0.3359]
Epoch 48/150 [train]:   0%|          | 0/26 [00:00<?, ?it/s, S=0.3961, loss=-0.3322]
Epoch 48/150 [train]:   0%|          | 0/26 [00:00<?, ?it/s, S=0.3965, loss=-0.3290]
Epoch 48/150 [train]:  35%|███▍      | 9/26 [00:00<00:00, 85.76it/s, S=0.3965, loss=-0.3290]
Epoch 48/150 [train]:  35%|███▍      | 9/26 [00:00<00:00, 85.76it/s, S=0.3958, loss=-0.3349]
Epoch 48/150 [train]:  35%|███▍      | 9/26 [00:00<00:00, 85.76it/s, S=0.3991, loss=-0.3368]
Epoch 48/150 [train]:  35%|███▍      | 9/26 [00:00<00:00, 85.76it/s, S=0.3971, loss=-0.3349]
Epoch 48/150 [train]:  35%|███▍      | 9/26 [00:00<00:00, 85.76it/s, S=0.3962, loss=-0.3276]
Epoch 48/150 [train]:  35%|███▍      | 9/26 [00:00<00:00, 85.76it/s, S=0.3995, loss=-0.3366]
Epoch 48/150 [train]:  35%|███▍      | 9/26 [00:00<00:00, 85.76it/s, S=0.4050, loss=-0.3445]
Epoch 48/150 [train]:  35%|███▍      | 9/26 [00:00<00:00, 85.76it/s, S=0.3968, loss=-0.3326]
Epoch 48/150 [train]:  35%|███▍      | 9/26 [00:00<00:00, 85.76it/s, S=0.3956, loss=-0.3320]
Epoch 48/150 [train]:  35%|███▍      | 9/26 [00:00<00:00, 85.76it/s, S=0.3999, loss=-0.3402]
Epoch 48/150 [train]:  69%|██████▉   | 18/26 [00:00<00:00, 85.94it/s, S=0.3999, loss=-0.3402]
Epoch 48/150 [train]:  69%|██████▉   | 18/26 [00:00<00:00, 85.94it/s, S=0.3978, loss=-0.3334]
Epoch 48/150 [train]:  69%|██████▉   | 18/26 [00:00<00:00, 85.94it/s, S=0.3936, loss=-0.3298]
Epoch 48/150 [train]:  69%|██████▉   | 18/26 [00:00<00:00, 85.94it/s, S=0.3975, loss=-0.3287]
Epoch 48/150 [train]:  69%|██████▉   | 18/26 [00:00<00:00, 85.94it/s, S=0.3947, loss=-0.3264]
Epoch 48/150 [train]:  69%|██████▉   | 18/26 [00:00<00:00, 85.94it/s, S=0.3945, loss=-0.3352]
Epoch 48/150 [train]:  69%|██████▉   | 18/26 [00:00<00:00, 85.94it/s, S=0.4038, loss=-0.3447]
Epoch 48/150 [train]:  69%|██████▉   | 18/26 [00:00<00:00, 85.94it/s, S=0.3955, loss=-0.3327]
Epoch 48/150 [train]:  69%|██████▉   | 18/26 [00:00<00:00, 85.94it/s, S=0.3987, loss=-0.3359]
                                                                                             
Epoch  48/150  train loss=-0.3348  val loss=-0.3528  S[mean]=0.4181  ζ=0.4479  mean_plane_ζ=0.3441  reg=0.0653  λscale=1.00  lr=2.89e-04

Epoch 49/150 [train]:   0%|          | 0/26 [00:00<?, ?it/s]
Epoch 49/150 [train]:   0%|          | 0/26 [00:00<?, ?it/s, S=0.4004, loss=-0.3379]
Epoch 49/150 [train]:   0%|          | 0/26 [00:00<?, ?it/s, S=0.4044, loss=-0.3447]
Epoch 49/150 [train]:   0%|          | 0/26 [00:00<?, ?it/s, S=0.4003, loss=-0.3382]
Epoch 49/150 [train]:   0%|          | 0/26 [00:00<?, ?it/s, S=0.4000, loss=-0.3337]
Epoch 49/150 [train]:   0%|          | 0/26 [00:00<?, ?it/s, S=0.3964, loss=-0.3356]
Epoch 49/150 [train]:   0%|          | 0/26 [00:00<?, ?it/s, S=0.4017, loss=-0.3396]
Epoch 49/150 [train]:   0%|          | 0/26 [00:00<?, ?it/s, S=0.4043, loss=-0.3434]
Epoch 49/150 [train]:   0%|          | 0/26 [00:00<?, ?it/s, S=0.3992, loss=-0.3379]
Epoch 49/150 [train]:   0%|          | 0/26 [00:00<?, ?it/s, S=0.4046, loss=-0.3410]
Epoch 49/150 [train]:  35%|███▍      | 9/26 [00:00<00:00, 85.95it/s, S=0.4046, loss=-0.3410]
Epoch 49/150 [train]:  35%|███▍      | 9/26 [00:00<00:00, 85.95it/s, S=0.3932, loss=-0.3279]
Epoch 49/150 [train]:  35%|███▍      | 9/26 [00:00<00:00, 85.95it/s, S=0.4032, loss=-0.3413]
Epoch 49/150 [train]:  35%|███▍      | 9/26 [00:00<00:00, 85.95it/s, S=0.3960, loss=-0.3336]
Epoch 49/150 [train]:  35%|███▍      | 9/26 [00:00<00:00, 85.95it/s, S=0.3936, loss=-0.3335]
Epoch 49/150 [train]:  35%|███▍      | 9/26 [00:00<00:00, 85.95it/s, S=0.4012, loss=-0.3399]
Epoch 49/150 [train]:  35%|███▍      | 9/26 [00:00<00:00, 85.95it/s, S=0.3989, loss=-0.3385]
Epoch 49/150 [train]:  35%|███▍      | 9/26 [00:00<00:00, 85.95it/s, S=0.4013, loss=-0.3380]
Epoch 49/150 [train]:  35%|███▍      | 9/26 [00:00<00:00, 85.95it/s, S=0.3974, loss=-0.3375]
Epoch 49/150 [train]:  35%|███▍      | 9/26 [00:00<00:00, 85.95it/s, S=0.4012, loss=-0.3387]
Epoch 49/150 [train]:  69%|██████▉   | 18/26 [00:00<00:00, 86.13it/s, S=0.4012, loss=-0.3387]
Epoch 49/150 [train]:  69%|██████▉   | 18/26 [00:00<00:00, 86.13it/s, S=0.4044, loss=-0.3452]
Epoch 49/150 [train]:  69%|██████▉   | 18/26 [00:00<00:00, 86.13it/s, S=0.3965, loss=-0.3357]
Epoch 49/150 [train]:  69%|██████▉   | 18/26 [00:00<00:00, 86.13it/s, S=0.4017, loss=-0.3409]
Epoch 49/150 [train]:  69%|██████▉   | 18/26 [00:00<00:00, 86.13it/s, S=0.4035, loss=-0.3420]
Epoch 49/150 [train]:  69%|██████▉   | 18/26 [00:00<00:00, 86.13it/s, S=0.4052, loss=-0.3469]
Epoch 49/150 [train]:  69%|██████▉   | 18/26 [00:00<00:00, 86.13it/s, S=0.4036, loss=-0.3447]
Epoch 49/150 [train]:  69%|██████▉   | 18/26 [00:00<00:00, 86.13it/s, S=0.3991, loss=-0.3391]
Epoch 49/150 [train]:  69%|██████▉   | 18/26 [00:00<00:00, 86.13it/s, S=0.4048, loss=-0.3457]
                                                                                             
Epoch  49/150  train loss=-0.3393  val loss=-0.3547  S[mean]=0.4200  ζ=0.4467  mean_plane_ζ=0.3443  reg=0.0653  λscale=1.00  lr=2.70e-04

Epoch 50/150 [train]:   0%|          | 0/26 [00:00<?, ?it/s]
Epoch 50/150 [train]:   0%|          | 0/26 [00:00<?, ?it/s, S=0.4075, loss=-0.3465]
Epoch 50/150 [train]:   0%|          | 0/26 [00:00<?, ?it/s, S=0.3997, loss=-0.3364]
Epoch 50/150 [train]:   0%|          | 0/26 [00:00<?, ?it/s, S=0.4002, loss=-0.3378]
Epoch 50/150 [train]:   0%|          | 0/26 [00:00<?, ?it/s, S=0.4022, loss=-0.3388]
Epoch 50/150 [train]:   0%|          | 0/26 [00:00<?, ?it/s, S=0.4068, loss=-0.3476]
Epoch 50/150 [train]:   0%|          | 0/26 [00:00<?, ?it/s, S=0.4044, loss=-0.3445]
Epoch 50/150 [train]:   0%|          | 0/26 [00:00<?, ?it/s, S=0.4041, loss=-0.3422]
Epoch 50/150 [train]:   0%|          | 0/26 [00:00<?, ?it/s, S=0.4053, loss=-0.3413]
Epoch 50/150 [train]:   0%|          | 0/26 [00:00<?, ?it/s, S=0.4020, loss=-0.3395]
Epoch 50/150 [train]:  35%|███▍      | 9/26 [00:00<00:00, 86.10it/s, S=0.4020, loss=-0.3395]
Epoch 50/150 [train]:  35%|███▍      | 9/26 [00:00<00:00, 86.10it/s, S=0.4073, loss=-0.3469]
Epoch 50/150 [train]:  35%|███▍      | 9/26 [00:00<00:00, 86.10it/s, S=0.4015, loss=-0.3414]
Epoch 50/150 [train]:  35%|███▍      | 9/26 [00:00<00:00, 86.10it/s, S=0.3974, loss=-0.3356]
Epoch 50/150 [train]:  35%|███▍      | 9/26 [00:00<00:00, 86.10it/s, S=0.4082, loss=-0.3478]
Epoch 50/150 [train]:  35%|███▍      | 9/26 [00:00<00:00, 86.10it/s, S=0.4076, loss=-0.3488]
Epoch 50/150 [train]:  35%|███▍      | 9/26 [00:00<00:00, 86.10it/s, S=0.3953, loss=-0.3340]
Epoch 50/150 [train]:  35%|███▍      | 9/26 [00:00<00:00, 86.10it/s, S=0.4000, loss=-0.3371]
Epoch 50/150 [train]:  35%|███▍      | 9/26 [00:00<00:00, 86.10it/s, S=0.4019, loss=-0.3442]
Epoch 50/150 [train]:  35%|███▍      | 9/26 [00:00<00:00, 86.10it/s, S=0.3991, loss=-0.3336]
Epoch 50/150 [train]:  69%|██████▉   | 18/26 [00:00<00:00, 86.21it/s, S=0.3991, loss=-0.3336]
Epoch 50/150 [train]:  69%|██████▉   | 18/26 [00:00<00:00, 86.21it/s, S=0.3994, loss=-0.3417]
Epoch 50/150 [train]:  69%|██████▉   | 18/26 [00:00<00:00, 86.21it/s, S=0.4039, loss=-0.3418]
Epoch 50/150 [train]:  69%|██████▉   | 18/26 [00:00<00:00, 86.21it/s, S=0.4051, loss=-0.3454]
Epoch 50/150 [train]:  69%|██████▉   | 18/26 [00:00<00:00, 86.21it/s, S=0.4078, loss=-0.3454]
Epoch 50/150 [train]:  69%|██████▉   | 18/26 [00:00<00:00, 86.21it/s, S=0.4057, loss=-0.3442]
Epoch 50/150 [train]:  69%|██████▉   | 18/26 [00:00<00:00, 86.21it/s, S=0.4104, loss=-0.3477]
Epoch 50/150 [train]:  69%|██████▉   | 18/26 [00:00<00:00, 86.21it/s, S=0.4051, loss=-0.3428]
Epoch 50/150 [train]:  69%|██████▉   | 18/26 [00:00<00:00, 86.21it/s, S=0.3970, loss=-0.3321]
                                                                                             
Epoch  50/150  train loss=-0.3417  val loss=-0.3558  S[mean]=0.4208  ζ=0.4470  mean_plane_ζ=0.3450  reg=0.0650  λscale=1.00  lr=2.50e-04

Epoch 51/150 [train]:   0%|          | 0/26 [00:00<?, ?it/s]
Epoch 51/150 [train]:   0%|          | 0/26 [00:00<?, ?it/s, S=0.3994, loss=-0.3357]
Epoch 51/150 [train]:   0%|          | 0/26 [00:00<?, ?it/s, S=0.4079, loss=-0.3489]
Epoch 51/150 [train]:   0%|          | 0/26 [00:00<?, ?it/s, S=0.3999, loss=-0.3346]
Epoch 51/150 [train]:   0%|          | 0/26 [00:00<?, ?it/s, S=0.4112, loss=-0.3528]
Epoch 51/150 [train]:   0%|          | 0/26 [00:00<?, ?it/s, S=0.4054, loss=-0.3454]
Epoch 51/150 [train]:   0%|          | 0/26 [00:00<?, ?it/s, S=0.4045, loss=-0.3453]
Epoch 51/150 [train]:   0%|          | 0/26 [00:00<?, ?it/s, S=0.4027, loss=-0.3378]
Epoch 51/150 [train]:   0%|          | 0/26 [00:00<?, ?it/s, S=0.3986, loss=-0.3276]
Epoch 51/150 [train]:   0%|          | 0/26 [00:00<?, ?it/s, S=0.4098, loss=-0.3509]
Epoch 51/150 [train]:  35%|███▍      | 9/26 [00:00<00:00, 85.63it/s, S=0.4098, loss=-0.3509]
Epoch 51/150 [train]:  35%|███▍      | 9/26 [00:00<00:00, 85.63it/s, S=0.4122, loss=-0.3459]
Epoch 51/150 [train]:  35%|███▍      | 9/26 [00:00<00:00, 85.63it/s, S=0.4055, loss=-0.3453]
Epoch 51/150 [train]:  35%|███▍      | 9/26 [00:00<00:00, 85.63it/s, S=0.4052, loss=-0.3398]
Epoch 51/150 [train]:  35%|███▍      | 9/26 [00:00<00:00, 85.63it/s, S=0.4020, loss=-0.3379]
Epoch 51/150 [train]:  35%|███▍      | 9/26 [00:00<00:00, 85.63it/s, S=0.4043, loss=-0.3395]
Epoch 51/150 [train]:  35%|███▍      | 9/26 [00:00<00:00, 85.63it/s, S=0.4001, loss=-0.3378]
Epoch 51/150 [train]:  35%|███▍      | 9/26 [00:00<00:00, 85.63it/s, S=0.4009, loss=-0.3320]
Epoch 51/150 [train]:  35%|███▍      | 9/26 [00:00<00:00, 85.63it/s, S=0.4060, loss=-0.3460]
Epoch 51/150 [train]:  35%|███▍      | 9/26 [00:00<00:00, 85.63it/s, S=0.4061, loss=-0.3445]
Epoch 51/150 [train]:  69%|██████▉   | 18/26 [00:00<00:00, 85.96it/s, S=0.4061, loss=-0.3445]
Epoch 51/150 [train]:  69%|██████▉   | 18/26 [00:00<00:00, 85.96it/s, S=0.3966, loss=-0.3389]
Epoch 51/150 [train]:  69%|██████▉   | 18/26 [00:00<00:00, 85.96it/s, S=0.4030, loss=-0.3394]
Epoch 51/150 [train]:  69%|██████▉   | 18/26 [00:00<00:00, 85.96it/s, S=0.3986, loss=-0.3385]
Epoch 51/150 [train]:  69%|██████▉   | 18/26 [00:00<00:00, 85.96it/s, S=0.4040, loss=-0.3470]
Epoch 51/150 [train]:  69%|██████▉   | 18/26 [00:00<00:00, 85.96it/s, S=0.4010, loss=-0.3338]
Epoch 51/150 [train]:  69%|██████▉   | 18/26 [00:00<00:00, 85.96it/s, S=0.4073, loss=-0.3480]
Epoch 51/150 [train]:  69%|██████▉   | 18/26 [00:00<00:00, 85.96it/s, S=0.4050, loss=-0.3445]
Epoch 51/150 [train]:  69%|██████▉   | 18/26 [00:00<00:00, 85.96it/s, S=0.4062, loss=-0.3460]
                                                                                             
Epoch  51/150  train loss=-0.3417  val loss=-0.3568  S[mean]=0.4223  ζ=0.4457  mean_plane_ζ=0.3450  reg=0.0654  λscale=1.00  lr=2.30e-04

Epoch 52/150 [train]:   0%|          | 0/26 [00:00<?, ?it/s]
Epoch 52/150 [train]:   0%|          | 0/26 [00:00<?, ?it/s, S=0.4002, loss=-0.3408]
Epoch 52/150 [train]:   0%|          | 0/26 [00:00<?, ?it/s, S=0.4084, loss=-0.3482]
Epoch 52/150 [train]:   0%|          | 0/26 [00:00<?, ?it/s, S=0.4044, loss=-0.3423]
Epoch 52/150 [train]:   0%|          | 0/26 [00:00<?, ?it/s, S=0.4078, loss=-0.3454]
Epoch 52/150 [train]:   0%|          | 0/26 [00:00<?, ?it/s, S=0.4098, loss=-0.3508]
Epoch 52/150 [train]:   0%|          | 0/26 [00:00<?, ?it/s, S=0.4048, loss=-0.3398]
Epoch 52/150 [train]:   0%|          | 0/26 [00:00<?, ?it/s, S=0.4068, loss=-0.3481]
Epoch 52/150 [train]:   0%|          | 0/26 [00:00<?, ?it/s, S=0.4069, loss=-0.3432]
Epoch 52/150 [train]:   0%|          | 0/26 [00:00<?, ?it/s, S=0.4074, loss=-0.3472]
Epoch 52/150 [train]:  35%|███▍      | 9/26 [00:00<00:00, 86.05it/s, S=0.4074, loss=-0.3472]
Epoch 52/150 [train]:  35%|███▍      | 9/26 [00:00<00:00, 86.05it/s, S=0.4055, loss=-0.3404]
Epoch 52/150 [train]:  35%|███▍      | 9/26 [00:00<00:00, 86.05it/s, S=0.4003, loss=-0.3380]
Epoch 52/150 [train]:  35%|███▍      | 9/26 [00:00<00:00, 86.05it/s, S=0.4104, loss=-0.3495]
Epoch 52/150 [train]:  35%|███▍      | 9/26 [00:00<00:00, 86.05it/s, S=0.4086, loss=-0.3465]
Epoch 52/150 [train]:  35%|███▍      | 9/26 [00:00<00:00, 86.05it/s, S=0.4037, loss=-0.3386]
Epoch 52/150 [train]:  35%|███▍      | 9/26 [00:00<00:00, 86.05it/s, S=0.4096, loss=-0.3484]
Epoch 52/150 [train]:  35%|███▍      | 9/26 [00:00<00:00, 86.05it/s, S=0.4144, loss=-0.3555]
Epoch 52/150 [train]:  35%|███▍      | 9/26 [00:00<00:00, 86.05it/s, S=0.4095, loss=-0.3501]
Epoch 52/150 [train]:  35%|███▍      | 9/26 [00:00<00:00, 86.05it/s, S=0.4070, loss=-0.3451]
Epoch 52/150 [train]:  69%|██████▉   | 18/26 [00:00<00:00, 86.18it/s, S=0.4070, loss=-0.3451]
Epoch 52/150 [train]:  69%|██████▉   | 18/26 [00:00<00:00, 86.18it/s, S=0.3987, loss=-0.3352]
Epoch 52/150 [train]:  69%|██████▉   | 18/26 [00:00<00:00, 86.18it/s, S=0.4031, loss=-0.3440]
Epoch 52/150 [train]:  69%|██████▉   | 18/26 [00:00<00:00, 86.18it/s, S=0.4023, loss=-0.3358]
Epoch 52/150 [train]:  69%|██████▉   | 18/26 [00:00<00:00, 86.18it/s, S=0.4062, loss=-0.3458]
Epoch 52/150 [train]:  69%|██████▉   | 18/26 [00:00<00:00, 86.18it/s, S=0.4022, loss=-0.3390]
Epoch 52/150 [train]:  69%|██████▉   | 18/26 [00:00<00:00, 86.18it/s, S=0.4048, loss=-0.3456]
Epoch 52/150 [train]:  69%|██████▉   | 18/26 [00:00<00:00, 86.18it/s, S=0.4043, loss=-0.3418]
Epoch 52/150 [train]:  69%|██████▉   | 18/26 [00:00<00:00, 86.18it/s, S=0.4036, loss=-0.3439]
                                                                                             
Epoch  52/150  train loss=-0.3442  val loss=-0.3581  S[mean]=0.4231  ζ=0.4449  mean_plane_ζ=0.3443  reg=0.0650  λscale=1.00  lr=2.11e-04

Epoch 53/150 [train]:   0%|          | 0/26 [00:00<?, ?it/s]
Epoch 53/150 [train]:   0%|          | 0/26 [00:00<?, ?it/s, S=0.4074, loss=-0.3462]
Epoch 53/150 [train]:   0%|          | 0/26 [00:00<?, ?it/s, S=0.4070, loss=-0.3458]
Epoch 53/150 [train]:   0%|          | 0/26 [00:00<?, ?it/s, S=0.4145, loss=-0.3535]
Epoch 53/150 [train]:   0%|          | 0/26 [00:00<?, ?it/s, S=0.4093, loss=-0.3497]
Epoch 53/150 [train]:   0%|          | 0/26 [00:00<?, ?it/s, S=0.4062, loss=-0.3421]
Epoch 53/150 [train]:   0%|          | 0/26 [00:00<?, ?it/s, S=0.4040, loss=-0.3401]
Epoch 53/150 [train]:   0%|          | 0/26 [00:00<?, ?it/s, S=0.4019, loss=-0.3405]
Epoch 53/150 [train]:   0%|          | 0/26 [00:00<?, ?it/s, S=0.4120, loss=-0.3498]
Epoch 53/150 [train]:   0%|          | 0/26 [00:00<?, ?it/s, S=0.4073, loss=-0.3450]
Epoch 53/150 [train]:  35%|███▍      | 9/26 [00:00<00:00, 86.08it/s, S=0.4073, loss=-0.3450]
Epoch 53/150 [train]:  35%|███▍      | 9/26 [00:00<00:00, 86.08it/s, S=0.3987, loss=-0.3348]
Epoch 53/150 [train]:  35%|███▍      | 9/26 [00:00<00:00, 86.08it/s, S=0.3993, loss=-0.3392]
Epoch 53/150 [train]:  35%|███▍      | 9/26 [00:00<00:00, 86.08it/s, S=0.4017, loss=-0.3425]
Epoch 53/150 [train]:  35%|███▍      | 9/26 [00:00<00:00, 86.08it/s, S=0.4048, loss=-0.3319]
Epoch 53/150 [train]:  35%|███▍      | 9/26 [00:00<00:00, 86.08it/s, S=0.4000, loss=-0.3301]
Epoch 53/150 [train]:  35%|███▍      | 9/26 [00:00<00:00, 86.08it/s, S=0.4043, loss=-0.3408]
Epoch 53/150 [train]:  35%|███▍      | 9/26 [00:00<00:00, 86.08it/s, S=0.4117, loss=-0.3528]
Epoch 53/150 [train]:  35%|███▍      | 9/26 [00:00<00:00, 86.08it/s, S=0.4002, loss=-0.3351]
Epoch 53/150 [train]:  35%|███▍      | 9/26 [00:00<00:00, 86.08it/s, S=0.4091, loss=-0.3450]
Epoch 53/150 [train]:  69%|██████▉   | 18/26 [00:00<00:00, 86.39it/s, S=0.4091, loss=-0.3450]
Epoch 53/150 [train]:  69%|██████▉   | 18/26 [00:00<00:00, 86.39it/s, S=0.4076, loss=-0.3450]
Epoch 53/150 [train]:  69%|██████▉   | 18/26 [00:00<00:00, 86.39it/s, S=0.4106, loss=-0.3538]
Epoch 53/150 [train]:  69%|██████▉   | 18/26 [00:00<00:00, 86.39it/s, S=0.4123, loss=-0.3486]
Epoch 53/150 [train]:  69%|██████▉   | 18/26 [00:00<00:00, 86.39it/s, S=0.4124, loss=-0.3480]
Epoch 53/150 [train]:  69%|██████▉   | 18/26 [00:00<00:00, 86.39it/s, S=0.4079, loss=-0.3433]
Epoch 53/150 [train]:  69%|██████▉   | 18/26 [00:00<00:00, 86.39it/s, S=0.4016, loss=-0.3449]
Epoch 53/150 [train]:  69%|██████▉   | 18/26 [00:00<00:00, 86.39it/s, S=0.4072, loss=-0.3472]
Epoch 53/150 [train]:  69%|██████▉   | 18/26 [00:00<00:00, 86.39it/s, S=0.4075, loss=-0.3466]
                                                                                             
Epoch  53/150  train loss=-0.3439  val loss=-0.3593  S[mean]=0.4241  ζ=0.4451  mean_plane_ζ=0.3446  reg=0.0649  λscale=1.00  lr=1.92e-04

Epoch 54/150 [train]:   0%|          | 0/26 [00:00<?, ?it/s]
Epoch 54/150 [train]:   0%|          | 0/26 [00:00<?, ?it/s, S=0.4062, loss=-0.3412]
Epoch 54/150 [train]:   0%|          | 0/26 [00:00<?, ?it/s, S=0.4082, loss=-0.3458]
Epoch 54/150 [train]:   0%|          | 0/26 [00:00<?, ?it/s, S=0.4059, loss=-0.3467]
Epoch 54/150 [train]:   0%|          | 0/26 [00:00<?, ?it/s, S=0.4015, loss=-0.3426]
Epoch 54/150 [train]:   0%|          | 0/26 [00:00<?, ?it/s, S=0.4089, loss=-0.3505]
Epoch 54/150 [train]:   0%|          | 0/26 [00:00<?, ?it/s, S=0.4080, loss=-0.3443]
Epoch 54/150 [train]:   0%|          | 0/26 [00:00<?, ?it/s, S=0.4132, loss=-0.3540]
Epoch 54/150 [train]:   0%|          | 0/26 [00:00<?, ?it/s, S=0.4069, loss=-0.3416]
Epoch 54/150 [train]:   0%|          | 0/26 [00:00<?, ?it/s, S=0.4069, loss=-0.3401]
Epoch 54/150 [train]:  35%|███▍      | 9/26 [00:00<00:00, 85.92it/s, S=0.4069, loss=-0.3401]
Epoch 54/150 [train]:  35%|███▍      | 9/26 [00:00<00:00, 85.92it/s, S=0.4056, loss=-0.3459]
Epoch 54/150 [train]:  35%|███▍      | 9/26 [00:00<00:00, 85.92it/s, S=0.4132, loss=-0.3535]
Epoch 54/150 [train]:  35%|███▍      | 9/26 [00:00<00:00, 85.92it/s, S=0.4086, loss=-0.3498]
Epoch 54/150 [train]:  35%|███▍      | 9/26 [00:00<00:00, 85.92it/s, S=0.4028, loss=-0.3400]
Epoch 54/150 [train]:  35%|███▍      | 9/26 [00:00<00:00, 85.92it/s, S=0.4018, loss=-0.3380]
Epoch 54/150 [train]:  35%|███▍      | 9/26 [00:00<00:00, 85.92it/s, S=0.4091, loss=-0.3470]
Epoch 54/150 [train]:  35%|███▍      | 9/26 [00:00<00:00, 85.92it/s, S=0.4026, loss=-0.3440]
Epoch 54/150 [train]:  35%|███▍      | 9/26 [00:00<00:00, 85.92it/s, S=0.4113, loss=-0.3503]
Epoch 54/150 [train]:  35%|███▍      | 9/26 [00:00<00:00, 85.92it/s, S=0.4103, loss=-0.3465]
Epoch 54/150 [train]:  69%|██████▉   | 18/26 [00:00<00:00, 86.18it/s, S=0.4103, loss=-0.3465]
Epoch 54/150 [train]:  69%|██████▉   | 18/26 [00:00<00:00, 86.18it/s, S=0.4084, loss=-0.3456]
Epoch 54/150 [train]:  69%|██████▉   | 18/26 [00:00<00:00, 86.18it/s, S=0.4072, loss=-0.3459]
Epoch 54/150 [train]:  69%|██████▉   | 18/26 [00:00<00:00, 86.18it/s, S=0.4078, loss=-0.3426]
Epoch 54/150 [train]:  69%|██████▉   | 18/26 [00:00<00:00, 86.18it/s, S=0.4041, loss=-0.3410]
Epoch 54/150 [train]:  69%|██████▉   | 18/26 [00:00<00:00, 86.18it/s, S=0.3892, loss=-0.3233]
Epoch 54/150 [train]:  69%|██████▉   | 18/26 [00:00<00:00, 86.18it/s, S=0.4099, loss=-0.3503]
Epoch 54/150 [train]:  69%|██████▉   | 18/26 [00:00<00:00, 86.18it/s, S=0.4128, loss=-0.3537]
Epoch 54/150 [train]:  69%|██████▉   | 18/26 [00:00<00:00, 86.18it/s, S=0.4033, loss=-0.3411]
                                                                                             
Epoch  54/150  train loss=-0.3448  val loss=-0.3596  S[mean]=0.4244  ζ=0.4439  mean_plane_ζ=0.3441  reg=0.0648  λscale=1.00  lr=1.73e-04

Epoch 55/150 [train]:   0%|          | 0/26 [00:00<?, ?it/s]
Epoch 55/150 [train]:   0%|          | 0/26 [00:00<?, ?it/s, S=0.4137, loss=-0.3500]
Epoch 55/150 [train]:   0%|          | 0/26 [00:00<?, ?it/s, S=0.4170, loss=-0.3568]
Epoch 55/150 [train]:   0%|          | 0/26 [00:00<?, ?it/s, S=0.4070, loss=-0.3443]
Epoch 55/150 [train]:   0%|          | 0/26 [00:00<?, ?it/s, S=0.4120, loss=-0.3497]
Epoch 55/150 [train]:   0%|          | 0/26 [00:00<?, ?it/s, S=0.4085, loss=-0.3489]
Epoch 55/150 [train]:   0%|          | 0/26 [00:00<?, ?it/s, S=0.4051, loss=-0.3453]
Epoch 55/150 [train]:   0%|          | 0/26 [00:00<?, ?it/s, S=0.4093, loss=-0.3495]
Epoch 55/150 [train]:   0%|          | 0/26 [00:00<?, ?it/s, S=0.4148, loss=-0.3501]
Epoch 55/150 [train]:   0%|          | 0/26 [00:00<?, ?it/s, S=0.4135, loss=-0.3525]
Epoch 55/150 [train]:  35%|███▍      | 9/26 [00:00<00:00, 86.02it/s, S=0.4135, loss=-0.3525]
Epoch 55/150 [train]:  35%|███▍      | 9/26 [00:00<00:00, 86.02it/s, S=0.4118, loss=-0.3528]
Epoch 55/150 [train]:  35%|███▍      | 9/26 [00:00<00:00, 86.02it/s, S=0.4067, loss=-0.3463]
Epoch 55/150 [train]:  35%|███▍      | 9/26 [00:00<00:00, 86.02it/s, S=0.4042, loss=-0.3368]
Epoch 55/150 [train]:  35%|███▍      | 9/26 [00:00<00:00, 86.02it/s, S=0.4068, loss=-0.3428]
Epoch 55/150 [train]:  35%|███▍      | 9/26 [00:00<00:00, 86.02it/s, S=0.4090, loss=-0.3460]
Epoch 55/150 [train]:  35%|███▍      | 9/26 [00:00<00:00, 86.02it/s, S=0.4106, loss=-0.3495]
Epoch 55/150 [train]:  35%|███▍      | 9/26 [00:00<00:00, 86.02it/s, S=0.4103, loss=-0.3500]
Epoch 55/150 [train]:  35%|███▍      | 9/26 [00:00<00:00, 86.02it/s, S=0.4030, loss=-0.3371]
Epoch 55/150 [train]:  35%|███▍      | 9/26 [00:00<00:00, 86.02it/s, S=0.3990, loss=-0.3351]
Epoch 55/150 [train]:  69%|██████▉   | 18/26 [00:00<00:00, 86.26it/s, S=0.3990, loss=-0.3351]
Epoch 55/150 [train]:  69%|██████▉   | 18/26 [00:00<00:00, 86.26it/s, S=0.4084, loss=-0.3486]
Epoch 55/150 [train]:  69%|██████▉   | 18/26 [00:00<00:00, 86.26it/s, S=0.4030, loss=-0.3369]
Epoch 55/150 [train]:  69%|██████▉   | 18/26 [00:00<00:00, 86.26it/s, S=0.4074, loss=-0.3459]
Epoch 55/150 [train]:  69%|██████▉   | 18/26 [00:00<00:00, 86.26it/s, S=0.4036, loss=-0.3428]
Epoch 55/150 [train]:  69%|██████▉   | 18/26 [00:00<00:00, 86.26it/s, S=0.4069, loss=-0.3438]
Epoch 55/150 [train]:  69%|██████▉   | 18/26 [00:00<00:00, 86.26it/s, S=0.3977, loss=-0.3316]
Epoch 55/150 [train]:  69%|██████▉   | 18/26 [00:00<00:00, 86.26it/s, S=0.4059, loss=-0.3415]
Epoch 55/150 [train]:  69%|██████▉   | 18/26 [00:00<00:00, 86.26it/s, S=0.4090, loss=-0.3516]
                                                                                             
Epoch  55/150  train loss=-0.3456  val loss=-0.3602  S[mean]=0.4250  ζ=0.4435  mean_plane_ζ=0.3441  reg=0.0648  λscale=1.00  lr=1.54e-04

Epoch 56/150 [train]:   0%|          | 0/26 [00:00<?, ?it/s]
Epoch 56/150 [train]:   0%|          | 0/26 [00:00<?, ?it/s, S=0.4037, loss=-0.3363]
Epoch 56/150 [train]:   0%|          | 0/26 [00:00<?, ?it/s, S=0.4040, loss=-0.3462]
Epoch 56/150 [train]:   0%|          | 0/26 [00:00<?, ?it/s, S=0.4092, loss=-0.3506]
Epoch 56/150 [train]:   0%|          | 0/26 [00:00<?, ?it/s, S=0.3977, loss=-0.3317]
Epoch 56/150 [train]:   0%|          | 0/26 [00:00<?, ?it/s, S=0.4117, loss=-0.3477]
Epoch 56/150 [train]:   0%|          | 0/26 [00:00<?, ?it/s, S=0.4099, loss=-0.3494]
Epoch 56/150 [train]:   0%|          | 0/26 [00:00<?, ?it/s, S=0.4136, loss=-0.3559]
Epoch 56/150 [train]:   0%|          | 0/26 [00:00<?, ?it/s, S=0.4027, loss=-0.3376]
Epoch 56/150 [train]:   0%|          | 0/26 [00:00<?, ?it/s, S=0.4071, loss=-0.3436]
Epoch 56/150 [train]:  35%|███▍      | 9/26 [00:00<00:00, 86.19it/s, S=0.4071, loss=-0.3436]
Epoch 56/150 [train]:  35%|███▍      | 9/26 [00:00<00:00, 86.19it/s, S=0.4138, loss=-0.3492]
Epoch 56/150 [train]:  35%|███▍      | 9/26 [00:00<00:00, 86.19it/s, S=0.4105, loss=-0.3531]
Epoch 56/150 [train]:  35%|███▍      | 9/26 [00:00<00:00, 86.19it/s, S=0.4115, loss=-0.3510]
Epoch 56/150 [train]:  35%|███▍      | 9/26 [00:00<00:00, 86.19it/s, S=0.4090, loss=-0.3502]
Epoch 56/150 [train]:  35%|███▍      | 9/26 [00:00<00:00, 86.19it/s, S=0.4120, loss=-0.3521]
Epoch 56/150 [train]:  35%|███▍      | 9/26 [00:00<00:00, 86.19it/s, S=0.4158, loss=-0.3543]
Epoch 56/150 [train]:  35%|███▍      | 9/26 [00:00<00:00, 86.19it/s, S=0.4054, loss=-0.3444]
Epoch 56/150 [train]:  35%|███▍      | 9/26 [00:00<00:00, 86.19it/s, S=0.4138, loss=-0.3549]
Epoch 56/150 [train]:  35%|███▍      | 9/26 [00:00<00:00, 86.19it/s, S=0.4033, loss=-0.3352]
Epoch 56/150 [train]:  69%|██████▉   | 18/26 [00:00<00:00, 86.29it/s, S=0.4033, loss=-0.3352]
Epoch 56/150 [train]:  69%|██████▉   | 18/26 [00:00<00:00, 86.29it/s, S=0.4085, loss=-0.3432]
Epoch 56/150 [train]:  69%|██████▉   | 18/26 [00:00<00:00, 86.29it/s, S=0.4094, loss=-0.3515]
Epoch 56/150 [train]:  69%|██████▉   | 18/26 [00:00<00:00, 86.29it/s, S=0.4074, loss=-0.3436]
Epoch 56/150 [train]:  69%|██████▉   | 18/26 [00:00<00:00, 86.29it/s, S=0.4084, loss=-0.3423]
Epoch 56/150 [train]:  69%|██████▉   | 18/26 [00:00<00:00, 86.29it/s, S=0.4073, loss=-0.3451]
Epoch 56/150 [train]:  69%|██████▉   | 18/26 [00:00<00:00, 86.29it/s, S=0.4059, loss=-0.3407]
Epoch 56/150 [train]:  69%|██████▉   | 18/26 [00:00<00:00, 86.29it/s, S=0.4153, loss=-0.3555]
Epoch 56/150 [train]:  69%|██████▉   | 18/26 [00:00<00:00, 86.29it/s, S=0.4102, loss=-0.3432]
                                                                                             
Epoch  56/150  train loss=-0.3465  val loss=-0.3611  S[mean]=0.4256  ζ=0.4438  mean_plane_ζ=0.3442  reg=0.0645  λscale=1.00  lr=1.37e-04

Epoch 57/150 [train]:   0%|          | 0/26 [00:00<?, ?it/s]
Epoch 57/150 [train]:   0%|          | 0/26 [00:00<?, ?it/s, S=0.4107, loss=-0.3500]
Epoch 57/150 [train]:   0%|          | 0/26 [00:00<?, ?it/s, S=0.4101, loss=-0.3500]
Epoch 57/150 [train]:   0%|          | 0/26 [00:00<?, ?it/s, S=0.4125, loss=-0.3530]
Epoch 57/150 [train]:   0%|          | 0/26 [00:00<?, ?it/s, S=0.4070, loss=-0.3447]
Epoch 57/150 [train]:   0%|          | 0/26 [00:00<?, ?it/s, S=0.4041, loss=-0.3422]
Epoch 57/150 [train]:   0%|          | 0/26 [00:00<?, ?it/s, S=0.4161, loss=-0.3563]
Epoch 57/150 [train]:   0%|          | 0/26 [00:00<?, ?it/s, S=0.4090, loss=-0.3488]
Epoch 57/150 [train]:   0%|          | 0/26 [00:00<?, ?it/s, S=0.4134, loss=-0.3518]
Epoch 57/150 [train]:   0%|          | 0/26 [00:00<?, ?it/s, S=0.4106, loss=-0.3484]
Epoch 57/150 [train]:  35%|███▍      | 9/26 [00:00<00:00, 85.96it/s, S=0.4106, loss=-0.3484]
Epoch 57/150 [train]:  35%|███▍      | 9/26 [00:00<00:00, 85.96it/s, S=0.4058, loss=-0.3451]
Epoch 57/150 [train]:  35%|███▍      | 9/26 [00:00<00:00, 85.96it/s, S=0.4037, loss=-0.3410]
Epoch 57/150 [train]:  35%|███▍      | 9/26 [00:00<00:00, 85.96it/s, S=0.4066, loss=-0.3460]
Epoch 57/150 [train]:  35%|███▍      | 9/26 [00:00<00:00, 85.96it/s, S=0.4066, loss=-0.3419]
Epoch 57/150 [train]:  35%|███▍      | 9/26 [00:00<00:00, 85.96it/s, S=0.4053, loss=-0.3400]
Epoch 57/150 [train]:  35%|███▍      | 9/26 [00:00<00:00, 85.96it/s, S=0.4099, loss=-0.3495]
Epoch 57/150 [train]:  35%|███▍      | 9/26 [00:00<00:00, 85.96it/s, S=0.4133, loss=-0.3494]
Epoch 57/150 [train]:  35%|███▍      | 9/26 [00:00<00:00, 85.96it/s, S=0.4141, loss=-0.3536]
Epoch 57/150 [train]:  35%|███▍      | 9/26 [00:00<00:00, 85.96it/s, S=0.4092, loss=-0.3505]
Epoch 57/150 [train]:  69%|██████▉   | 18/26 [00:00<00:00, 85.92it/s, S=0.4092, loss=-0.3505]
Epoch 57/150 [train]:  69%|██████▉   | 18/26 [00:00<00:00, 85.92it/s, S=0.4132, loss=-0.3533]
Epoch 57/150 [train]:  69%|██████▉   | 18/26 [00:00<00:00, 85.92it/s, S=0.4161, loss=-0.3513]
Epoch 57/150 [train]:  69%|██████▉   | 18/26 [00:00<00:00, 85.92it/s, S=0.4110, loss=-0.3512]
Epoch 57/150 [train]:  69%|██████▉   | 18/26 [00:00<00:00, 85.92it/s, S=0.4142, loss=-0.3563]
Epoch 57/150 [train]:  69%|██████▉   | 18/26 [00:00<00:00, 85.92it/s, S=0.4153, loss=-0.3556]
Epoch 57/150 [train]:  69%|██████▉   | 18/26 [00:00<00:00, 85.92it/s, S=0.4132, loss=-0.3532]
Epoch 57/150 [train]:  69%|██████▉   | 18/26 [00:00<00:00, 85.92it/s, S=0.4067, loss=-0.3439]
Epoch 57/150 [train]:  69%|██████▉   | 18/26 [00:00<00:00, 85.92it/s, S=0.4196, loss=-0.3573]
                                                                                             
Epoch  57/150  train loss=-0.3494  val loss=-0.3617  S[mean]=0.4261  ζ=0.4434  mean_plane_ζ=0.3441  reg=0.0644  λscale=1.00  lr=1.19e-04

Epoch 58/150 [train]:   0%|          | 0/26 [00:00<?, ?it/s]
Epoch 58/150 [train]:   0%|          | 0/26 [00:00<?, ?it/s, S=0.4081, loss=-0.3453]
Epoch 58/150 [train]:   0%|          | 0/26 [00:00<?, ?it/s, S=0.4136, loss=-0.3562]
Epoch 58/150 [train]:   0%|          | 0/26 [00:00<?, ?it/s, S=0.4103, loss=-0.3525]
Epoch 58/150 [train]:   0%|          | 0/26 [00:00<?, ?it/s, S=0.4094, loss=-0.3493]
Epoch 58/150 [train]:   0%|          | 0/26 [00:00<?, ?it/s, S=0.4128, loss=-0.3545]
Epoch 58/150 [train]:   0%|          | 0/26 [00:00<?, ?it/s, S=0.4095, loss=-0.3487]
Epoch 58/150 [train]:   0%|          | 0/26 [00:00<?, ?it/s, S=0.4130, loss=-0.3545]
Epoch 58/150 [train]:   0%|          | 0/26 [00:00<?, ?it/s, S=0.4180, loss=-0.3615]
Epoch 58/150 [train]:   0%|          | 0/26 [00:00<?, ?it/s, S=0.4157, loss=-0.3550]
Epoch 58/150 [train]:  35%|███▍      | 9/26 [00:00<00:00, 86.12it/s, S=0.4157, loss=-0.3550]
Epoch 58/150 [train]:  35%|███▍      | 9/26 [00:00<00:00, 86.12it/s, S=0.4135, loss=-0.3492]
Epoch 58/150 [train]:  35%|███▍      | 9/26 [00:00<00:00, 86.12it/s, S=0.4179, loss=-0.3602]
Epoch 58/150 [train]:  35%|███▍      | 9/26 [00:00<00:00, 86.12it/s, S=0.4015, loss=-0.3386]
Epoch 58/150 [train]:  35%|███▍      | 9/26 [00:00<00:00, 86.12it/s, S=0.4050, loss=-0.3446]
Epoch 58/150 [train]:  35%|███▍      | 9/26 [00:00<00:00, 86.12it/s, S=0.4098, loss=-0.3459]
Epoch 58/150 [train]:  35%|███▍      | 9/26 [00:00<00:00, 86.12it/s, S=0.4123, loss=-0.3503]
Epoch 58/150 [train]:  35%|███▍      | 9/26 [00:00<00:00, 86.12it/s, S=0.4097, loss=-0.3503]
Epoch 58/150 [train]:  35%|███▍      | 9/26 [00:00<00:00, 86.12it/s, S=0.4117, loss=-0.3517]
Epoch 58/150 [train]:  35%|███▍      | 9/26 [00:00<00:00, 86.12it/s, S=0.4082, loss=-0.3458]
Epoch 58/150 [train]:  69%|██████▉   | 18/26 [00:00<00:00, 86.20it/s, S=0.4082, loss=-0.3458]
Epoch 58/150 [train]:  69%|██████▉   | 18/26 [00:00<00:00, 86.20it/s, S=0.4112, loss=-0.3489]
Epoch 58/150 [train]:  69%|██████▉   | 18/26 [00:00<00:00, 86.20it/s, S=0.4054, loss=-0.3430]
Epoch 58/150 [train]:  69%|██████▉   | 18/26 [00:00<00:00, 86.20it/s, S=0.4122, loss=-0.3503]
Epoch 58/150 [train]:  69%|██████▉   | 18/26 [00:00<00:00, 86.20it/s, S=0.4196, loss=-0.3588]
Epoch 58/150 [train]:  69%|██████▉   | 18/26 [00:00<00:00, 86.20it/s, S=0.4144, loss=-0.3525]
Epoch 58/150 [train]:  69%|██████▉   | 18/26 [00:00<00:00, 86.20it/s, S=0.4106, loss=-0.3481]
Epoch 58/150 [train]:  69%|██████▉   | 18/26 [00:00<00:00, 86.20it/s, S=0.4137, loss=-0.3533]
Epoch 58/150 [train]:  69%|██████▉   | 18/26 [00:00<00:00, 86.20it/s, S=0.4127, loss=-0.3503]
                                                                                             
Epoch  58/150  train loss=-0.3507  val loss=-0.3625  S[mean]=0.4266  ζ=0.4433  mean_plane_ζ=0.3442  reg=0.0641  λscale=1.00  lr=1.03e-04

Epoch 59/150 [train]:   0%|          | 0/26 [00:00<?, ?it/s]
Epoch 59/150 [train]:   0%|          | 0/26 [00:00<?, ?it/s, S=0.4107, loss=-0.3522]
Epoch 59/150 [train]:   0%|          | 0/26 [00:00<?, ?it/s, S=0.4092, loss=-0.3457]
Epoch 59/150 [train]:   0%|          | 0/26 [00:00<?, ?it/s, S=0.4145, loss=-0.3528]
Epoch 59/150 [train]:   0%|          | 0/26 [00:00<?, ?it/s, S=0.4136, loss=-0.3526]
Epoch 59/150 [train]:   0%|          | 0/26 [00:00<?, ?it/s, S=0.4145, loss=-0.3552]
Epoch 59/150 [train]:   0%|          | 0/26 [00:00<?, ?it/s, S=0.4118, loss=-0.3487]
Epoch 59/150 [train]:   0%|          | 0/26 [00:00<?, ?it/s, S=0.4125, loss=-0.3481]
Epoch 59/150 [train]:   0%|          | 0/26 [00:00<?, ?it/s, S=0.4089, loss=-0.3492]
Epoch 59/150 [train]:   0%|          | 0/26 [00:00<?, ?it/s, S=0.4113, loss=-0.3476]
Epoch 59/150 [train]:  35%|███▍      | 9/26 [00:00<00:00, 86.29it/s, S=0.4113, loss=-0.3476]
Epoch 59/150 [train]:  35%|███▍      | 9/26 [00:00<00:00, 86.29it/s, S=0.4188, loss=-0.3574]
Epoch 59/150 [train]:  35%|███▍      | 9/26 [00:00<00:00, 86.29it/s, S=0.4127, loss=-0.3540]
Epoch 59/150 [train]:  35%|███▍      | 9/26 [00:00<00:00, 86.29it/s, S=0.4062, loss=-0.3480]
Epoch 59/150 [train]:  35%|███▍      | 9/26 [00:00<00:00, 86.29it/s, S=0.4157, loss=-0.3587]
Epoch 59/150 [train]:  35%|███▍      | 9/26 [00:00<00:00, 86.29it/s, S=0.4106, loss=-0.3494]
Epoch 59/150 [train]:  35%|███▍      | 9/26 [00:00<00:00, 86.29it/s, S=0.4073, loss=-0.3437]
Epoch 59/150 [train]:  35%|███▍      | 9/26 [00:00<00:00, 86.29it/s, S=0.4076, loss=-0.3498]
Epoch 59/150 [train]:  35%|███▍      | 9/26 [00:00<00:00, 86.29it/s, S=0.4157, loss=-0.3572]
Epoch 59/150 [train]:  35%|███▍      | 9/26 [00:00<00:00, 86.29it/s, S=0.4179, loss=-0.3581]
Epoch 59/150 [train]:  69%|██████▉   | 18/26 [00:00<00:00, 86.30it/s, S=0.4179, loss=-0.3581]
Epoch 59/150 [train]:  69%|██████▉   | 18/26 [00:00<00:00, 86.30it/s, S=0.4117, loss=-0.3539]
Epoch 59/150 [train]:  69%|██████▉   | 18/26 [00:00<00:00, 86.30it/s, S=0.4130, loss=-0.3505]
Epoch 59/150 [train]:  69%|██████▉   | 18/26 [00:00<00:00, 86.30it/s, S=0.4083, loss=-0.3484]
Epoch 59/150 [train]:  69%|██████▉   | 18/26 [00:00<00:00, 86.30it/s, S=0.4087, loss=-0.3474]
Epoch 59/150 [train]:  69%|██████▉   | 18/26 [00:00<00:00, 86.30it/s, S=0.4039, loss=-0.3359]
Epoch 59/150 [train]:  69%|██████▉   | 18/26 [00:00<00:00, 86.30it/s, S=0.4086, loss=-0.3462]
Epoch 59/150 [train]:  69%|██████▉   | 18/26 [00:00<00:00, 86.30it/s, S=0.4136, loss=-0.3497]
Epoch 59/150 [train]:  69%|██████▉   | 18/26 [00:00<00:00, 86.30it/s, S=0.4150, loss=-0.3490]
                                                                                             
Epoch  59/150  train loss=-0.3504  val loss=-0.3629  S[mean]=0.4269  ζ=0.4427  mean_plane_ζ=0.3441  reg=0.0640  λscale=1.00  lr=8.76e-05

Epoch 60/150 [train]:   0%|          | 0/26 [00:00<?, ?it/s]
Epoch 60/150 [train]:   0%|          | 0/26 [00:00<?, ?it/s, S=0.4058, loss=-0.3431]
Epoch 60/150 [train]:   0%|          | 0/26 [00:00<?, ?it/s, S=0.4183, loss=-0.3592]
Epoch 60/150 [train]:   0%|          | 0/26 [00:00<?, ?it/s, S=0.4095, loss=-0.3504]
Epoch 60/150 [train]:   0%|          | 0/26 [00:00<?, ?it/s, S=0.4158, loss=-0.3566]
Epoch 60/150 [train]:   0%|          | 0/26 [00:00<?, ?it/s, S=0.4134, loss=-0.3526]
Epoch 60/150 [train]:   0%|          | 0/26 [00:00<?, ?it/s, S=0.4097, loss=-0.3449]
Epoch 60/150 [train]:   0%|          | 0/26 [00:00<?, ?it/s, S=0.4110, loss=-0.3516]
Epoch 60/150 [train]:   0%|          | 0/26 [00:00<?, ?it/s, S=0.4124, loss=-0.3517]
Epoch 60/150 [train]:   0%|          | 0/26 [00:00<?, ?it/s, S=0.4118, loss=-0.3550]
Epoch 60/150 [train]:  35%|███▍      | 9/26 [00:00<00:00, 86.20it/s, S=0.4118, loss=-0.3550]
Epoch 60/150 [train]:  35%|███▍      | 9/26 [00:00<00:00, 86.20it/s, S=0.4136, loss=-0.3509]
Epoch 60/150 [train]:  35%|███▍      | 9/26 [00:00<00:00, 86.20it/s, S=0.4109, loss=-0.3505]
Epoch 60/150 [train]:  35%|███▍      | 9/26 [00:00<00:00, 86.20it/s, S=0.4063, loss=-0.3434]
Epoch 60/150 [train]:  35%|███▍      | 9/26 [00:00<00:00, 86.20it/s, S=0.4092, loss=-0.3502]
Epoch 60/150 [train]:  35%|███▍      | 9/26 [00:00<00:00, 86.20it/s, S=0.4179, loss=-0.3561]
Epoch 60/150 [train]:  35%|███▍      | 9/26 [00:00<00:00, 86.20it/s, S=0.4119, loss=-0.3466]
Epoch 60/150 [train]:  35%|███▍      | 9/26 [00:00<00:00, 86.20it/s, S=0.4100, loss=-0.3478]
Epoch 60/150 [train]:  35%|███▍      | 9/26 [00:00<00:00, 86.20it/s, S=0.4164, loss=-0.3490]
Epoch 60/150 [train]:  35%|███▍      | 9/26 [00:00<00:00, 86.20it/s, S=0.4114, loss=-0.3494]
Epoch 60/150 [train]:  69%|██████▉   | 18/26 [00:00<00:00, 86.26it/s, S=0.4114, loss=-0.3494]
Epoch 60/150 [train]:  69%|██████▉   | 18/26 [00:00<00:00, 86.26it/s, S=0.4122, loss=-0.3543]
Epoch 60/150 [train]:  69%|██████▉   | 18/26 [00:00<00:00, 86.26it/s, S=0.4153, loss=-0.3526]
Epoch 60/150 [train]:  69%|██████▉   | 18/26 [00:00<00:00, 86.26it/s, S=0.4064, loss=-0.3382]
Epoch 60/150 [train]:  69%|██████▉   | 18/26 [00:00<00:00, 86.26it/s, S=0.4122, loss=-0.3523]
Epoch 60/150 [train]:  69%|██████▉   | 18/26 [00:00<00:00, 86.26it/s, S=0.4087, loss=-0.3440]
Epoch 60/150 [train]:  69%|██████▉   | 18/26 [00:00<00:00, 86.26it/s, S=0.4081, loss=-0.3487]
Epoch 60/150 [train]:  69%|██████▉   | 18/26 [00:00<00:00, 86.26it/s, S=0.4158, loss=-0.3565]
Epoch 60/150 [train]:  69%|██████▉   | 18/26 [00:00<00:00, 86.26it/s, S=0.4070, loss=-0.3485]
                                                                                             
Epoch  60/150  train loss=-0.3502  val loss=-0.3635  S[mean]=0.4274  ζ=0.4424  mean_plane_ζ=0.3441  reg=0.0639  λscale=1.00  lr=7.32e-05

Epoch 61/150 [train]:   0%|          | 0/26 [00:00<?, ?it/s]
Epoch 61/150 [train]:   0%|          | 0/26 [00:00<?, ?it/s, S=0.4172, loss=-0.3566]
Epoch 61/150 [train]:   0%|          | 0/26 [00:00<?, ?it/s, S=0.4125, loss=-0.3479]
Epoch 61/150 [train]:   0%|          | 0/26 [00:00<?, ?it/s, S=0.4147, loss=-0.3568]
Epoch 61/150 [train]:   0%|          | 0/26 [00:00<?, ?it/s, S=0.4059, loss=-0.3435]
Epoch 61/150 [train]:   0%|          | 0/26 [00:00<?, ?it/s, S=0.4094, loss=-0.3504]
Epoch 61/150 [train]:   0%|          | 0/26 [00:00<?, ?it/s, S=0.4102, loss=-0.3507]
Epoch 61/150 [train]:   0%|          | 0/26 [00:00<?, ?it/s, S=0.4137, loss=-0.3521]
Epoch 61/150 [train]:   0%|          | 0/26 [00:00<?, ?it/s, S=0.4124, loss=-0.3534]
Epoch 61/150 [train]:   0%|          | 0/26 [00:00<?, ?it/s, S=0.4080, loss=-0.3446]
Epoch 61/150 [train]:  35%|███▍      | 9/26 [00:00<00:00, 86.08it/s, S=0.4080, loss=-0.3446]
Epoch 61/150 [train]:  35%|███▍      | 9/26 [00:00<00:00, 86.08it/s, S=0.4112, loss=-0.3535]
Epoch 61/150 [train]:  35%|███▍      | 9/26 [00:00<00:00, 86.08it/s, S=0.4099, loss=-0.3453]
Epoch 61/150 [train]:  35%|███▍      | 9/26 [00:00<00:00, 86.08it/s, S=0.4166, loss=-0.3577]
Epoch 61/150 [train]:  35%|███▍      | 9/26 [00:00<00:00, 86.08it/s, S=0.4104, loss=-0.3473]
Epoch 61/150 [train]:  35%|███▍      | 9/26 [00:00<00:00, 86.08it/s, S=0.4140, loss=-0.3555]
Epoch 61/150 [train]:  35%|███▍      | 9/26 [00:00<00:00, 86.08it/s, S=0.4166, loss=-0.3562]
Epoch 61/150 [train]:  35%|███▍      | 9/26 [00:00<00:00, 86.08it/s, S=0.4159, loss=-0.3545]
Epoch 61/150 [train]:  35%|███▍      | 9/26 [00:00<00:00, 86.08it/s, S=0.4109, loss=-0.3508]
Epoch 61/150 [train]:  35%|███▍      | 9/26 [00:00<00:00, 86.08it/s, S=0.4131, loss=-0.3541]
Epoch 61/150 [train]:  69%|██████▉   | 18/26 [00:00<00:00, 86.11it/s, S=0.4131, loss=-0.3541]
Epoch 61/150 [train]:  69%|██████▉   | 18/26 [00:00<00:00, 86.11it/s, S=0.4131, loss=-0.3511]
Epoch 61/150 [train]:  69%|██████▉   | 18/26 [00:00<00:00, 86.11it/s, S=0.4130, loss=-0.3504]
Epoch 61/150 [train]:  69%|██████▉   | 18/26 [00:00<00:00, 86.11it/s, S=0.4133, loss=-0.3483]
Epoch 61/150 [train]:  69%|██████▉   | 18/26 [00:00<00:00, 86.11it/s, S=0.4134, loss=-0.3563]
Epoch 61/150 [train]:  69%|██████▉   | 18/26 [00:00<00:00, 86.11it/s, S=0.4149, loss=-0.3509]
Epoch 61/150 [train]:  69%|██████▉   | 18/26 [00:00<00:00, 86.11it/s, S=0.4164, loss=-0.3587]
Epoch 61/150 [train]:  69%|██████▉   | 18/26 [00:00<00:00, 86.11it/s, S=0.4169, loss=-0.3582]
Epoch 61/150 [train]:  69%|██████▉   | 18/26 [00:00<00:00, 86.11it/s, S=0.4128, loss=-0.3508]
                                                                                             
Epoch  61/150  train loss=-0.3521  val loss=-0.3636  S[mean]=0.4276  ζ=0.4421  mean_plane_ζ=0.3440  reg=0.0640  λscale=1.00  lr=5.99e-05

Epoch 62/150 [train]:   0%|          | 0/26 [00:00<?, ?it/s]
Epoch 62/150 [train]:   0%|          | 0/26 [00:00<?, ?it/s, S=0.4067, loss=-0.3467]
Epoch 62/150 [train]:   0%|          | 0/26 [00:00<?, ?it/s, S=0.4175, loss=-0.3561]
Epoch 62/150 [train]:   0%|          | 0/26 [00:00<?, ?it/s, S=0.4132, loss=-0.3528]
Epoch 62/150 [train]:   0%|          | 0/26 [00:00<?, ?it/s, S=0.4145, loss=-0.3469]
Epoch 62/150 [train]:   0%|          | 0/26 [00:00<?, ?it/s, S=0.4127, loss=-0.3529]
Epoch 62/150 [train]:   0%|          | 0/26 [00:00<?, ?it/s, S=0.4080, loss=-0.3444]
Epoch 62/150 [train]:   0%|          | 0/26 [00:00<?, ?it/s, S=0.4086, loss=-0.3469]
Epoch 62/150 [train]:   0%|          | 0/26 [00:00<?, ?it/s, S=0.4161, loss=-0.3569]
Epoch 62/150 [train]:   0%|          | 0/26 [00:00<?, ?it/s, S=0.4154, loss=-0.3503]
Epoch 62/150 [train]:  35%|███▍      | 9/26 [00:00<00:00, 86.14it/s, S=0.4154, loss=-0.3503]
Epoch 62/150 [train]:  35%|███▍      | 9/26 [00:00<00:00, 86.14it/s, S=0.4095, loss=-0.3456]
Epoch 62/150 [train]:  35%|███▍      | 9/26 [00:00<00:00, 86.14it/s, S=0.4086, loss=-0.3396]
Epoch 62/150 [train]:  35%|███▍      | 9/26 [00:00<00:00, 86.14it/s, S=0.4131, loss=-0.3513]
Epoch 62/150 [train]:  35%|███▍      | 9/26 [00:00<00:00, 86.14it/s, S=0.4192, loss=-0.3596]
Epoch 62/150 [train]:  35%|███▍      | 9/26 [00:00<00:00, 86.14it/s, S=0.4151, loss=-0.3568]
Epoch 62/150 [train]:  35%|███▍      | 9/26 [00:00<00:00, 86.14it/s, S=0.4146, loss=-0.3540]
Epoch 62/150 [train]:  35%|███▍      | 9/26 [00:00<00:00, 86.14it/s, S=0.4135, loss=-0.3554]
Epoch 62/150 [train]:  35%|███▍      | 9/26 [00:00<00:00, 86.14it/s, S=0.4165, loss=-0.3571]
Epoch 62/150 [train]:  35%|███▍      | 9/26 [00:00<00:00, 86.14it/s, S=0.4143, loss=-0.3535]
Epoch 62/150 [train]:  69%|██████▉   | 18/26 [00:00<00:00, 86.30it/s, S=0.4143, loss=-0.3535]
Epoch 62/150 [train]:  69%|██████▉   | 18/26 [00:00<00:00, 86.30it/s, S=0.4052, loss=-0.3412]
Epoch 62/150 [train]:  69%|██████▉   | 18/26 [00:00<00:00, 86.30it/s, S=0.4133, loss=-0.3496]
Epoch 62/150 [train]:  69%|██████▉   | 18/26 [00:00<00:00, 86.30it/s, S=0.4134, loss=-0.3564]
Epoch 62/150 [train]:  69%|██████▉   | 18/26 [00:00<00:00, 86.30it/s, S=0.4120, loss=-0.3518]
Epoch 62/150 [train]:  69%|██████▉   | 18/26 [00:00<00:00, 86.30it/s, S=0.4143, loss=-0.3546]
Epoch 62/150 [train]:  69%|██████▉   | 18/26 [00:00<00:00, 86.30it/s, S=0.4117, loss=-0.3536]
Epoch 62/150 [train]:  69%|██████▉   | 18/26 [00:00<00:00, 86.30it/s, S=0.4168, loss=-0.3553]
Epoch 62/150 [train]:  69%|██████▉   | 18/26 [00:00<00:00, 86.30it/s, S=0.4055, loss=-0.3401]
                                                                                             
Epoch  62/150  train loss=-0.3511  val loss=-0.3640  S[mean]=0.4279  ζ=0.4417  mean_plane_ζ=0.3440  reg=0.0639  λscale=1.00  lr=4.77e-05

Epoch 63/150 [train]:   0%|          | 0/26 [00:00<?, ?it/s]
Epoch 63/150 [train]:   0%|          | 0/26 [00:00<?, ?it/s, S=0.4073, loss=-0.3414]
Epoch 63/150 [train]:   0%|          | 0/26 [00:00<?, ?it/s, S=0.4126, loss=-0.3511]
Epoch 63/150 [train]:   0%|          | 0/26 [00:00<?, ?it/s, S=0.4142, loss=-0.3492]
Epoch 63/150 [train]:   0%|          | 0/26 [00:00<?, ?it/s, S=0.4153, loss=-0.3534]
Epoch 63/150 [train]:   0%|          | 0/26 [00:00<?, ?it/s, S=0.4147, loss=-0.3532]
Epoch 63/150 [train]:   0%|          | 0/26 [00:00<?, ?it/s, S=0.4116, loss=-0.3503]
Epoch 63/150 [train]:   0%|          | 0/26 [00:00<?, ?it/s, S=0.4141, loss=-0.3548]
Epoch 63/150 [train]:   0%|          | 0/26 [00:00<?, ?it/s, S=0.4119, loss=-0.3530]
Epoch 63/150 [train]:   0%|          | 0/26 [00:00<?, ?it/s, S=0.4127, loss=-0.3503]
Epoch 63/150 [train]:  35%|███▍      | 9/26 [00:00<00:00, 86.31it/s, S=0.4127, loss=-0.3503]
Epoch 63/150 [train]:  35%|███▍      | 9/26 [00:00<00:00, 86.31it/s, S=0.4080, loss=-0.3394]
Epoch 63/150 [train]:  35%|███▍      | 9/26 [00:00<00:00, 86.31it/s, S=0.4194, loss=-0.3599]
Epoch 63/150 [train]:  35%|███▍      | 9/26 [00:00<00:00, 86.31it/s, S=0.4119, loss=-0.3506]
Epoch 63/150 [train]:  35%|███▍      | 9/26 [00:00<00:00, 86.31it/s, S=0.4124, loss=-0.3499]
Epoch 63/150 [train]:  35%|███▍      | 9/26 [00:00<00:00, 86.31it/s, S=0.4174, loss=-0.3579]
Epoch 63/150 [train]:  35%|███▍      | 9/26 [00:00<00:00, 86.31it/s, S=0.4094, loss=-0.3448]
Epoch 63/150 [train]:  35%|███▍      | 9/26 [00:00<00:00, 86.31it/s, S=0.4138, loss=-0.3502]
Epoch 63/150 [train]:  35%|███▍      | 9/26 [00:00<00:00, 86.31it/s, S=0.4120, loss=-0.3470]
Epoch 63/150 [train]:  35%|███▍      | 9/26 [00:00<00:00, 86.31it/s, S=0.4126, loss=-0.3517]
Epoch 63/150 [train]:  69%|██████▉   | 18/26 [00:00<00:00, 86.43it/s, S=0.4126, loss=-0.3517]
Epoch 63/150 [train]:  69%|██████▉   | 18/26 [00:00<00:00, 86.43it/s, S=0.4184, loss=-0.3586]
Epoch 63/150 [train]:  69%|██████▉   | 18/26 [00:00<00:00, 86.43it/s, S=0.4058, loss=-0.3423]
Epoch 63/150 [train]:  69%|██████▉   | 18/26 [00:00<00:00, 86.43it/s, S=0.4159, loss=-0.3506]
Epoch 63/150 [train]:  69%|██████▉   | 18/26 [00:00<00:00, 86.43it/s, S=0.4156, loss=-0.3580]
Epoch 63/150 [train]:  69%|██████▉   | 18/26 [00:00<00:00, 86.43it/s, S=0.4165, loss=-0.3586]
Epoch 63/150 [train]:  69%|██████▉   | 18/26 [00:00<00:00, 86.43it/s, S=0.4114, loss=-0.3513]
Epoch 63/150 [train]:  69%|██████▉   | 18/26 [00:00<00:00, 86.43it/s, S=0.4146, loss=-0.3560]
Epoch 63/150 [train]:  69%|██████▉   | 18/26 [00:00<00:00, 86.43it/s, S=0.4114, loss=-0.3500]
                                                                                             
Epoch  63/150  train loss=-0.3513  val loss=-0.3643  S[mean]=0.4281  ζ=0.4415  mean_plane_ζ=0.3439  reg=0.0638  λscale=1.00  lr=3.68e-05

Epoch 64/150 [train]:   0%|          | 0/26 [00:00<?, ?it/s]
Epoch 64/150 [train]:   0%|          | 0/26 [00:00<?, ?it/s, S=0.4157, loss=-0.3504]
Epoch 64/150 [train]:   0%|          | 0/26 [00:00<?, ?it/s, S=0.4124, loss=-0.3462]
Epoch 64/150 [train]:   0%|          | 0/26 [00:00<?, ?it/s, S=0.4144, loss=-0.3536]
Epoch 64/150 [train]:   0%|          | 0/26 [00:00<?, ?it/s, S=0.4124, loss=-0.3480]
Epoch 64/150 [train]:   0%|          | 0/26 [00:00<?, ?it/s, S=0.4143, loss=-0.3552]
Epoch 64/150 [train]:   0%|          | 0/26 [00:00<?, ?it/s, S=0.4097, loss=-0.3513]
Epoch 64/150 [train]:   0%|          | 0/26 [00:00<?, ?it/s, S=0.4181, loss=-0.3594]
Epoch 64/150 [train]:   0%|          | 0/26 [00:00<?, ?it/s, S=0.4057, loss=-0.3393]
Epoch 64/150 [train]:   0%|          | 0/26 [00:00<?, ?it/s, S=0.4173, loss=-0.3569]
Epoch 64/150 [train]:  35%|███▍      | 9/26 [00:00<00:00, 86.02it/s, S=0.4173, loss=-0.3569]
Epoch 64/150 [train]:  35%|███▍      | 9/26 [00:00<00:00, 86.02it/s, S=0.4130, loss=-0.3535]
Epoch 64/150 [train]:  35%|███▍      | 9/26 [00:00<00:00, 86.02it/s, S=0.4198, loss=-0.3580]
Epoch 64/150 [train]:  35%|███▍      | 9/26 [00:00<00:00, 86.02it/s, S=0.4154, loss=-0.3586]
Epoch 64/150 [train]:  35%|███▍      | 9/26 [00:00<00:00, 86.02it/s, S=0.4132, loss=-0.3532]
Epoch 64/150 [train]:  35%|███▍      | 9/26 [00:00<00:00, 86.02it/s, S=0.4088, loss=-0.3492]
Epoch 64/150 [train]:  35%|███▍      | 9/26 [00:00<00:00, 86.02it/s, S=0.4132, loss=-0.3537]
Epoch 64/150 [train]:  35%|███▍      | 9/26 [00:00<00:00, 86.02it/s, S=0.4122, loss=-0.3465]
Epoch 64/150 [train]:  35%|███▍      | 9/26 [00:00<00:00, 86.02it/s, S=0.4151, loss=-0.3560]
Epoch 64/150 [train]:  35%|███▍      | 9/26 [00:00<00:00, 86.02it/s, S=0.4151, loss=-0.3536]
Epoch 64/150 [train]:  69%|██████▉   | 18/26 [00:00<00:00, 86.28it/s, S=0.4151, loss=-0.3536]
Epoch 64/150 [train]:  69%|██████▉   | 18/26 [00:00<00:00, 86.28it/s, S=0.4160, loss=-0.3553]
Epoch 64/150 [train]:  69%|██████▉   | 18/26 [00:00<00:00, 86.28it/s, S=0.4097, loss=-0.3495]
Epoch 64/150 [train]:  69%|██████▉   | 18/26 [00:00<00:00, 86.28it/s, S=0.4161, loss=-0.3575]
Epoch 64/150 [train]:  69%|██████▉   | 18/26 [00:00<00:00, 86.28it/s, S=0.4075, loss=-0.3452]
Epoch 64/150 [train]:  69%|██████▉   | 18/26 [00:00<00:00, 86.28it/s, S=0.4164, loss=-0.3548]
Epoch 64/150 [train]:  69%|██████▉   | 18/26 [00:00<00:00, 86.28it/s, S=0.4184, loss=-0.3589]
Epoch 64/150 [train]:  69%|██████▉   | 18/26 [00:00<00:00, 86.28it/s, S=0.4125, loss=-0.3535]
Epoch 64/150 [train]:  69%|██████▉   | 18/26 [00:00<00:00, 86.28it/s, S=0.4181, loss=-0.3594]
                                                                                             
Epoch  64/150  train loss=-0.3529  val loss=-0.3647  S[mean]=0.4284  ζ=0.4414  mean_plane_ζ=0.3440  reg=0.0638  λscale=1.00  lr=2.72e-05

Epoch 65/150 [train]:   0%|          | 0/26 [00:00<?, ?it/s]
Epoch 65/150 [train]:   0%|          | 0/26 [00:00<?, ?it/s, S=0.4062, loss=-0.3423]
Epoch 65/150 [train]:   0%|          | 0/26 [00:00<?, ?it/s, S=0.4188, loss=-0.3605]
Epoch 65/150 [train]:   0%|          | 0/26 [00:00<?, ?it/s, S=0.4155, loss=-0.3564]
Epoch 65/150 [train]:   0%|          | 0/26 [00:00<?, ?it/s, S=0.4142, loss=-0.3506]
Epoch 65/150 [train]:   0%|          | 0/26 [00:00<?, ?it/s, S=0.4211, loss=-0.3606]
Epoch 65/150 [train]:   0%|          | 0/26 [00:00<?, ?it/s, S=0.3959, loss=-0.3274]
Epoch 65/150 [train]:   0%|          | 0/26 [00:00<?, ?it/s, S=0.4200, loss=-0.3584]
Epoch 65/150 [train]:   0%|          | 0/26 [00:00<?, ?it/s, S=0.4181, loss=-0.3604]
Epoch 65/150 [train]:   0%|          | 0/26 [00:00<?, ?it/s, S=0.4148, loss=-0.3550]
Epoch 65/150 [train]:  35%|███▍      | 9/26 [00:00<00:00, 86.25it/s, S=0.4148, loss=-0.3550]
Epoch 65/150 [train]:  35%|███▍      | 9/26 [00:00<00:00, 86.25it/s, S=0.4133, loss=-0.3558]
Epoch 65/150 [train]:  35%|███▍      | 9/26 [00:00<00:00, 86.25it/s, S=0.4157, loss=-0.3563]
Epoch 65/150 [train]:  35%|███▍      | 9/26 [00:00<00:00, 86.25it/s, S=0.4092, loss=-0.3476]
Epoch 65/150 [train]:  35%|███▍      | 9/26 [00:00<00:00, 86.25it/s, S=0.4176, loss=-0.3570]
Epoch 65/150 [train]:  35%|███▍      | 9/26 [00:00<00:00, 86.25it/s, S=0.4072, loss=-0.3444]
Epoch 65/150 [train]:  35%|███▍      | 9/26 [00:00<00:00, 86.25it/s, S=0.4113, loss=-0.3516]
Epoch 65/150 [train]:  35%|███▍      | 9/26 [00:00<00:00, 86.25it/s, S=0.4108, loss=-0.3523]
Epoch 65/150 [train]:  35%|███▍      | 9/26 [00:00<00:00, 86.25it/s, S=0.4091, loss=-0.3408]
Epoch 65/150 [train]:  35%|███▍      | 9/26 [00:00<00:00, 86.25it/s, S=0.4144, loss=-0.3469]
Epoch 65/150 [train]:  69%|██████▉   | 18/26 [00:00<00:00, 86.43it/s, S=0.4144, loss=-0.3469]
Epoch 65/150 [train]:  69%|██████▉   | 18/26 [00:00<00:00, 86.43it/s, S=0.4113, loss=-0.3442]
Epoch 65/150 [train]:  69%|██████▉   | 18/26 [00:00<00:00, 86.43it/s, S=0.4207, loss=-0.3636]
Epoch 65/150 [train]:  69%|██████▉   | 18/26 [00:00<00:00, 86.43it/s, S=0.4123, loss=-0.3486]
Epoch 65/150 [train]:  69%|██████▉   | 18/26 [00:00<00:00, 86.43it/s, S=0.4115, loss=-0.3511]
Epoch 65/150 [train]:  69%|██████▉   | 18/26 [00:00<00:00, 86.43it/s, S=0.4138, loss=-0.3533]
Epoch 65/150 [train]:  69%|██████▉   | 18/26 [00:00<00:00, 86.43it/s, S=0.4169, loss=-0.3580]
Epoch 65/150 [train]:  69%|██████▉   | 18/26 [00:00<00:00, 86.43it/s, S=0.4181, loss=-0.3576]
Epoch 65/150 [train]:  69%|██████▉   | 18/26 [00:00<00:00, 86.43it/s, S=0.4190, loss=-0.3573]
                                                                                             
Epoch  65/150  train loss=-0.3522  val loss=-0.3647  S[mean]=0.4285  ζ=0.4412  mean_plane_ζ=0.3440  reg=0.0638  λscale=1.00  lr=1.90e-05

Epoch 66/150 [train]:   0%|          | 0/26 [00:00<?, ?it/s]
Epoch 66/150 [train]:   0%|          | 0/26 [00:00<?, ?it/s, S=0.4044, loss=-0.3415]
Epoch 66/150 [train]:   0%|          | 0/26 [00:00<?, ?it/s, S=0.4118, loss=-0.3545]
Epoch 66/150 [train]:   0%|          | 0/26 [00:00<?, ?it/s, S=0.4132, loss=-0.3564]
Epoch 66/150 [train]:   0%|          | 0/26 [00:00<?, ?it/s, S=0.4157, loss=-0.3555]
Epoch 66/150 [train]:   0%|          | 0/26 [00:00<?, ?it/s, S=0.4196, loss=-0.3625]
Epoch 66/150 [train]:   0%|          | 0/26 [00:00<?, ?it/s, S=0.4133, loss=-0.3524]
Epoch 66/150 [train]:   0%|          | 0/26 [00:00<?, ?it/s, S=0.4218, loss=-0.3644]
Epoch 66/150 [train]:   0%|          | 0/26 [00:00<?, ?it/s, S=0.4171, loss=-0.3561]
Epoch 66/150 [train]:   0%|          | 0/26 [00:00<?, ?it/s, S=0.4173, loss=-0.3584]
Epoch 66/150 [train]:  35%|███▍      | 9/26 [00:00<00:00, 86.37it/s, S=0.4173, loss=-0.3584]
Epoch 66/150 [train]:  35%|███▍      | 9/26 [00:00<00:00, 86.37it/s, S=0.4162, loss=-0.3545]
Epoch 66/150 [train]:  35%|███▍      | 9/26 [00:00<00:00, 86.37it/s, S=0.4152, loss=-0.3490]
Epoch 66/150 [train]:  35%|███▍      | 9/26 [00:00<00:00, 86.37it/s, S=0.4081, loss=-0.3440]
Epoch 66/150 [train]:  35%|███▍      | 9/26 [00:00<00:00, 86.37it/s, S=0.4163, loss=-0.3564]
Epoch 66/150 [train]:  35%|███▍      | 9/26 [00:00<00:00, 86.37it/s, S=0.4141, loss=-0.3548]
Epoch 66/150 [train]:  35%|███▍      | 9/26 [00:00<00:00, 86.37it/s, S=0.4106, loss=-0.3503]
Epoch 66/150 [train]:  35%|███▍      | 9/26 [00:00<00:00, 86.37it/s, S=0.4098, loss=-0.3482]
Epoch 66/150 [train]:  35%|███▍      | 9/26 [00:00<00:00, 86.37it/s, S=0.4169, loss=-0.3517]
Epoch 66/150 [train]:  35%|███▍      | 9/26 [00:00<00:00, 86.37it/s, S=0.4100, loss=-0.3444]
Epoch 66/150 [train]:  69%|██████▉   | 18/26 [00:00<00:00, 86.29it/s, S=0.4100, loss=-0.3444]
Epoch 66/150 [train]:  69%|██████▉   | 18/26 [00:00<00:00, 86.29it/s, S=0.4131, loss=-0.3547]
Epoch 66/150 [train]:  69%|██████▉   | 18/26 [00:00<00:00, 86.29it/s, S=0.4157, loss=-0.3556]
Epoch 66/150 [train]:  69%|██████▉   | 18/26 [00:00<00:00, 86.29it/s, S=0.4124, loss=-0.3534]
Epoch 66/150 [train]:  69%|██████▉   | 18/26 [00:00<00:00, 86.29it/s, S=0.4171, loss=-0.3571]
Epoch 66/150 [train]:  69%|██████▉   | 18/26 [00:00<00:00, 86.29it/s, S=0.4106, loss=-0.3506]
Epoch 66/150 [train]:  69%|██████▉   | 18/26 [00:00<00:00, 86.29it/s, S=0.4220, loss=-0.3642]
Epoch 66/150 [train]:  69%|██████▉   | 18/26 [00:00<00:00, 86.29it/s, S=0.4187, loss=-0.3604]
Epoch 66/150 [train]:  69%|██████▉   | 18/26 [00:00<00:00, 86.29it/s, S=0.4106, loss=-0.3539]
                                                                                             
Epoch  66/150  train loss=-0.3540  val loss=-0.3649  S[mean]=0.4286  ζ=0.4412  mean_plane_ζ=0.3441  reg=0.0638  λscale=1.00  lr=1.22e-05

Epoch 67/150 [train]:   0%|          | 0/26 [00:00<?, ?it/s]
Epoch 67/150 [train]:   0%|          | 0/26 [00:00<?, ?it/s, S=0.4168, loss=-0.3546]
Epoch 67/150 [train]:   0%|          | 0/26 [00:00<?, ?it/s, S=0.4117, loss=-0.3496]
Epoch 67/150 [train]:   0%|          | 0/26 [00:00<?, ?it/s, S=0.4175, loss=-0.3578]
Epoch 67/150 [train]:   0%|          | 0/26 [00:00<?, ?it/s, S=0.4133, loss=-0.3510]
Epoch 67/150 [train]:   0%|          | 0/26 [00:00<?, ?it/s, S=0.4214, loss=-0.3630]
Epoch 67/150 [train]:   0%|          | 0/26 [00:00<?, ?it/s, S=0.4144, loss=-0.3523]
Epoch 67/150 [train]:   0%|          | 0/26 [00:00<?, ?it/s, S=0.4139, loss=-0.3465]
Epoch 67/150 [train]:   0%|          | 0/26 [00:00<?, ?it/s, S=0.4129, loss=-0.3502]
Epoch 67/150 [train]:   0%|          | 0/26 [00:00<?, ?it/s, S=0.4153, loss=-0.3468]
Epoch 67/150 [train]:  35%|███▍      | 9/26 [00:00<00:00, 85.98it/s, S=0.4153, loss=-0.3468]
Epoch 67/150 [train]:  35%|███▍      | 9/26 [00:00<00:00, 85.98it/s, S=0.4136, loss=-0.3557]
Epoch 67/150 [train]:  35%|███▍      | 9/26 [00:00<00:00, 85.98it/s, S=0.4171, loss=-0.3547]
Epoch 67/150 [train]:  35%|███▍      | 9/26 [00:00<00:00, 85.98it/s, S=0.4042, loss=-0.3447]
Epoch 67/150 [train]:  35%|███▍      | 9/26 [00:00<00:00, 85.98it/s, S=0.4180, loss=-0.3584]
Epoch 67/150 [train]:  35%|███▍      | 9/26 [00:00<00:00, 85.98it/s, S=0.4180, loss=-0.3560]
Epoch 67/150 [train]:  35%|███▍      | 9/26 [00:00<00:00, 85.98it/s, S=0.4124, loss=-0.3489]
Epoch 67/150 [train]:  35%|███▍      | 9/26 [00:00<00:00, 85.98it/s, S=0.4051, loss=-0.3388]
Epoch 67/150 [train]:  35%|███▍      | 9/26 [00:00<00:00, 85.98it/s, S=0.4165, loss=-0.3584]
Epoch 67/150 [train]:  35%|███▍      | 9/26 [00:00<00:00, 85.98it/s, S=0.4156, loss=-0.3553]
Epoch 67/150 [train]:  69%|██████▉   | 18/26 [00:00<00:00, 86.25it/s, S=0.4156, loss=-0.3553]
Epoch 67/150 [train]:  69%|██████▉   | 18/26 [00:00<00:00, 86.25it/s, S=0.4145, loss=-0.3518]
Epoch 67/150 [train]:  69%|██████▉   | 18/26 [00:00<00:00, 86.25it/s, S=0.4098, loss=-0.3496]
Epoch 67/150 [train]:  69%|██████▉   | 18/26 [00:00<00:00, 86.25it/s, S=0.4096, loss=-0.3461]
Epoch 67/150 [train]:  69%|██████▉   | 18/26 [00:00<00:00, 86.25it/s, S=0.4154, loss=-0.3546]
Epoch 67/150 [train]:  69%|██████▉   | 18/26 [00:00<00:00, 86.25it/s, S=0.4171, loss=-0.3559]
Epoch 67/150 [train]:  69%|██████▉   | 18/26 [00:00<00:00, 86.25it/s, S=0.4094, loss=-0.3432]
Epoch 67/150 [train]:  69%|██████▉   | 18/26 [00:00<00:00, 86.25it/s, S=0.4173, loss=-0.3604]
Epoch 67/150 [train]:  69%|██████▉   | 18/26 [00:00<00:00, 86.25it/s, S=0.4151, loss=-0.3552]
                                                                                             
Epoch  67/150  train loss=-0.3523  val loss=-0.3649  S[mean]=0.4286  ζ=0.4411  mean_plane_ζ=0.3441  reg=0.0638  λscale=1.00  lr=6.91e-06

Epoch 68/150 [train]:   0%|          | 0/26 [00:00<?, ?it/s]
Epoch 68/150 [train]:   0%|          | 0/26 [00:00<?, ?it/s, S=0.4224, loss=-0.3654]
Epoch 68/150 [train]:   0%|          | 0/26 [00:00<?, ?it/s, S=0.4067, loss=-0.3465]
Epoch 68/150 [train]:   0%|          | 0/26 [00:00<?, ?it/s, S=0.4139, loss=-0.3490]
Epoch 68/150 [train]:   0%|          | 0/26 [00:00<?, ?it/s, S=0.4188, loss=-0.3602]
Epoch 68/150 [train]:   0%|          | 0/26 [00:00<?, ?it/s, S=0.4180, loss=-0.3570]
Epoch 68/150 [train]:   0%|          | 0/26 [00:00<?, ?it/s, S=0.4155, loss=-0.3578]
Epoch 68/150 [train]:   0%|          | 0/26 [00:00<?, ?it/s, S=0.4175, loss=-0.3547]
Epoch 68/150 [train]:   0%|          | 0/26 [00:00<?, ?it/s, S=0.4116, loss=-0.3536]
Epoch 68/150 [train]:   0%|          | 0/26 [00:00<?, ?it/s, S=0.4068, loss=-0.3361]
Epoch 68/150 [train]:  35%|███▍      | 9/26 [00:00<00:00, 86.05it/s, S=0.4068, loss=-0.3361]
Epoch 68/150 [train]:  35%|███▍      | 9/26 [00:00<00:00, 86.05it/s, S=0.4102, loss=-0.3478]
Epoch 68/150 [train]:  35%|███▍      | 9/26 [00:00<00:00, 86.05it/s, S=0.4093, loss=-0.3496]
Epoch 68/150 [train]:  35%|███▍      | 9/26 [00:00<00:00, 86.05it/s, S=0.4166, loss=-0.3585]
Epoch 68/150 [train]:  35%|███▍      | 9/26 [00:00<00:00, 86.05it/s, S=0.4135, loss=-0.3497]
Epoch 68/150 [train]:  35%|███▍      | 9/26 [00:00<00:00, 86.05it/s, S=0.4219, loss=-0.3617]
Epoch 68/150 [train]:  35%|███▍      | 9/26 [00:00<00:00, 86.05it/s, S=0.4139, loss=-0.3517]
Epoch 68/150 [train]:  35%|███▍      | 9/26 [00:00<00:00, 86.05it/s, S=0.4160, loss=-0.3551]
Epoch 68/150 [train]:  35%|███▍      | 9/26 [00:00<00:00, 86.05it/s, S=0.4125, loss=-0.3532]
Epoch 68/150 [train]:  35%|███▍      | 9/26 [00:00<00:00, 86.05it/s, S=0.4134, loss=-0.3472]
Epoch 68/150 [train]:  69%|██████▉   | 18/26 [00:00<00:00, 86.11it/s, S=0.4134, loss=-0.3472]
Epoch 68/150 [train]:  69%|██████▉   | 18/26 [00:00<00:00, 86.11it/s, S=0.4133, loss=-0.3478]
Epoch 68/150 [train]:  69%|██████▉   | 18/26 [00:00<00:00, 86.11it/s, S=0.4191, loss=-0.3591]
Epoch 68/150 [train]:  69%|██████▉   | 18/26 [00:00<00:00, 86.11it/s, S=0.4139, loss=-0.3540]
Epoch 68/150 [train]:  69%|██████▉   | 18/26 [00:00<00:00, 86.11it/s, S=0.4180, loss=-0.3612]
Epoch 68/150 [train]:  69%|██████▉   | 18/26 [00:00<00:00, 86.11it/s, S=0.4097, loss=-0.3503]
Epoch 68/150 [train]:  69%|██████▉   | 18/26 [00:00<00:00, 86.11it/s, S=0.4146, loss=-0.3539]
Epoch 68/150 [train]:  69%|██████▉   | 18/26 [00:00<00:00, 86.11it/s, S=0.4132, loss=-0.3489]
Epoch 68/150 [train]:  69%|██████▉   | 18/26 [00:00<00:00, 86.11it/s, S=0.4145, loss=-0.3552]
                                                                                             
Epoch  68/150  train loss=-0.3533  val loss=-0.3649  S[mean]=0.4287  ζ=0.4411  mean_plane_ζ=0.3441  reg=0.0638  λscale=1.00  lr=3.08e-06

Epoch 69/150 [train]:   0%|          | 0/26 [00:00<?, ?it/s]
Epoch 69/150 [train]:   0%|          | 0/26 [00:00<?, ?it/s, S=0.4140, loss=-0.3532]
Epoch 69/150 [train]:   0%|          | 0/26 [00:00<?, ?it/s, S=0.4172, loss=-0.3580]
Epoch 69/150 [train]:   0%|          | 0/26 [00:00<?, ?it/s, S=0.4176, loss=-0.3565]
Epoch 69/150 [train]:   0%|          | 0/26 [00:00<?, ?it/s, S=0.4174, loss=-0.3571]
Epoch 69/150 [train]:   0%|          | 0/26 [00:00<?, ?it/s, S=0.4154, loss=-0.3534]
Epoch 69/150 [train]:   0%|          | 0/26 [00:00<?, ?it/s, S=0.4184, loss=-0.3555]
Epoch 69/150 [train]:   0%|          | 0/26 [00:00<?, ?it/s, S=0.4154, loss=-0.3548]
Epoch 69/150 [train]:   0%|          | 0/26 [00:00<?, ?it/s, S=0.4116, loss=-0.3522]
Epoch 69/150 [train]:   0%|          | 0/26 [00:00<?, ?it/s, S=0.4117, loss=-0.3481]
Epoch 69/150 [train]:  35%|███▍      | 9/26 [00:00<00:00, 86.09it/s, S=0.4117, loss=-0.3481]
Epoch 69/150 [train]:  35%|███▍      | 9/26 [00:00<00:00, 86.09it/s, S=0.4116, loss=-0.3490]
Epoch 69/150 [train]:  35%|███▍      | 9/26 [00:00<00:00, 86.09it/s, S=0.4149, loss=-0.3564]
Epoch 69/150 [train]:  35%|███▍      | 9/26 [00:00<00:00, 86.09it/s, S=0.4215, loss=-0.3614]
Epoch 69/150 [train]:  35%|███▍      | 9/26 [00:00<00:00, 86.09it/s, S=0.4119, loss=-0.3513]
Epoch 69/150 [train]:  35%|███▍      | 9/26 [00:00<00:00, 86.09it/s, S=0.4171, loss=-0.3540]
Epoch 69/150 [train]:  35%|███▍      | 9/26 [00:00<00:00, 86.09it/s, S=0.4085, loss=-0.3453]
Epoch 69/150 [train]:  35%|███▍      | 9/26 [00:00<00:00, 86.09it/s, S=0.4230, loss=-0.3637]
Epoch 69/150 [train]:  35%|███▍      | 9/26 [00:00<00:00, 86.09it/s, S=0.4186, loss=-0.3586]
Epoch 69/150 [train]:  35%|███▍      | 9/26 [00:00<00:00, 86.09it/s, S=0.4148, loss=-0.3541]
Epoch 69/150 [train]:  69%|██████▉   | 18/26 [00:00<00:00, 85.68it/s, S=0.4148, loss=-0.3541]
Epoch 69/150 [train]:  69%|██████▉   | 18/26 [00:00<00:00, 85.68it/s, S=0.4106, loss=-0.3457]
Epoch 69/150 [train]:  69%|██████▉   | 18/26 [00:00<00:00, 85.68it/s, S=0.4122, loss=-0.3529]
Epoch 69/150 [train]:  69%|██████▉   | 18/26 [00:00<00:00, 85.68it/s, S=0.4072, loss=-0.3459]
Epoch 69/150 [train]:  69%|██████▉   | 18/26 [00:00<00:00, 85.68it/s, S=0.4172, loss=-0.3557]
Epoch 69/150 [train]:  69%|██████▉   | 18/26 [00:00<00:00, 85.68it/s, S=0.4177, loss=-0.3550]
Epoch 69/150 [train]:  69%|██████▉   | 18/26 [00:00<00:00, 85.68it/s, S=0.4150, loss=-0.3576]
Epoch 69/150 [train]:  69%|██████▉   | 18/26 [00:00<00:00, 85.68it/s, S=0.4082, loss=-0.3520]
Epoch 69/150 [train]:  69%|██████▉   | 18/26 [00:00<00:00, 85.68it/s, S=0.4142, loss=-0.3541]
                                                                                             
Epoch  69/150  train loss=-0.3539  val loss=-0.3649  S[mean]=0.4287  ζ=0.4411  mean_plane_ζ=0.3441  reg=0.0638  λscale=1.00  lr=7.71e-07

Epoch 70/150 [train]:   0%|          | 0/26 [00:00<?, ?it/s]
Epoch 70/150 [train]:   0%|          | 0/26 [00:00<?, ?it/s, S=0.4187, loss=-0.3596]
Epoch 70/150 [train]:   0%|          | 0/26 [00:00<?, ?it/s, S=0.4149, loss=-0.3571]
Epoch 70/150 [train]:   0%|          | 0/26 [00:00<?, ?it/s, S=0.4137, loss=-0.3537]
Epoch 70/150 [train]:   0%|          | 0/26 [00:00<?, ?it/s, S=0.4175, loss=-0.3589]
Epoch 70/150 [train]:   0%|          | 0/26 [00:00<?, ?it/s, S=0.4104, loss=-0.3505]
Epoch 70/150 [train]:   0%|          | 0/26 [00:00<?, ?it/s, S=0.4119, loss=-0.3507]
Epoch 70/150 [train]:   0%|          | 0/26 [00:00<?, ?it/s, S=0.4140, loss=-0.3522]
Epoch 70/150 [train]:   0%|          | 0/26 [00:00<?, ?it/s, S=0.4229, loss=-0.3615]
Epoch 70/150 [train]:   0%|          | 0/26 [00:00<?, ?it/s, S=0.4145, loss=-0.3546]
Epoch 70/150 [train]:  35%|███▍      | 9/26 [00:00<00:00, 86.09it/s, S=0.4145, loss=-0.3546]
Epoch 70/150 [train]:  35%|███▍      | 9/26 [00:00<00:00, 86.09it/s, S=0.4131, loss=-0.3507]
Epoch 70/150 [train]:  35%|███▍      | 9/26 [00:00<00:00, 86.09it/s, S=0.4115, loss=-0.3478]
Epoch 70/150 [train]:  35%|███▍      | 9/26 [00:00<00:00, 86.09it/s, S=0.4198, loss=-0.3611]
Epoch 70/150 [train]:  35%|███▍      | 9/26 [00:00<00:00, 86.09it/s, S=0.4112, loss=-0.3500]
Epoch 70/150 [train]:  35%|███▍      | 9/26 [00:00<00:00, 86.09it/s, S=0.4113, loss=-0.3465]
Epoch 70/150 [train]:  35%|███▍      | 9/26 [00:00<00:00, 86.09it/s, S=0.4188, loss=-0.3607]
Epoch 70/150 [train]:  35%|███▍      | 9/26 [00:00<00:00, 86.09it/s, S=0.4106, loss=-0.3487]
Epoch 70/150 [train]:  35%|███▍      | 9/26 [00:00<00:00, 86.09it/s, S=0.4180, loss=-0.3587]
Epoch 70/150 [train]:  35%|███▍      | 9/26 [00:00<00:00, 86.09it/s, S=0.4168, loss=-0.3559]
Epoch 70/150 [train]:  69%|██████▉   | 18/26 [00:00<00:00, 86.17it/s, S=0.4168, loss=-0.3559]
Epoch 70/150 [train]:  69%|██████▉   | 18/26 [00:00<00:00, 86.17it/s, S=0.4101, loss=-0.3475]
Epoch 70/150 [train]:  69%|██████▉   | 18/26 [00:00<00:00, 86.17it/s, S=0.4168, loss=-0.3588]
Epoch 70/150 [train]:  69%|██████▉   | 18/26 [00:00<00:00, 86.17it/s, S=0.4180, loss=-0.3608]
Epoch 70/150 [train]:  69%|██████▉   | 18/26 [00:00<00:00, 86.17it/s, S=0.4061, loss=-0.3434]
Epoch 70/150 [train]:  69%|██████▉   | 18/26 [00:00<00:00, 86.17it/s, S=0.4211, loss=-0.3616]
Epoch 70/150 [train]:  69%|██████▉   | 18/26 [00:00<00:00, 86.17it/s, S=0.4147, loss=-0.3580]
Epoch 70/150 [train]:  69%|██████▉   | 18/26 [00:00<00:00, 86.17it/s, S=0.4142, loss=-0.3500]
Epoch 70/150 [train]:  69%|██████▉   | 18/26 [00:00<00:00, 86.17it/s, S=0.4150, loss=-0.3543]
                                                                                             
Epoch  70/150  train loss=-0.3544  val loss=-0.3650  S[mean]=0.4287  ζ=0.4411  mean_plane_ζ=0.3441  reg=0.0638  λscale=1.00  lr=5.00e-04

Epoch 71/150 [train]:   0%|          | 0/26 [00:00<?, ?it/s]
Epoch 71/150 [train]:   0%|          | 0/26 [00:00<?, ?it/s, S=0.4121, loss=-0.3507]
Epoch 71/150 [train]:   0%|          | 0/26 [00:00<?, ?it/s, S=0.4207, loss=-0.3582]
Epoch 71/150 [train]:   0%|          | 0/26 [00:00<?, ?it/s, S=0.4107, loss=-0.3505]
Epoch 71/150 [train]:   0%|          | 0/26 [00:00<?, ?it/s, S=0.4117, loss=-0.3505]
Epoch 71/150 [train]:   0%|          | 0/26 [00:00<?, ?it/s, S=0.4070, loss=-0.3390]
Epoch 71/150 [train]:   0%|          | 0/26 [00:00<?, ?it/s, S=0.4097, loss=-0.3450]
Epoch 71/150 [train]:   0%|          | 0/26 [00:00<?, ?it/s, S=0.4198, loss=-0.3596]
Epoch 71/150 [train]:   0%|          | 0/26 [00:00<?, ?it/s, S=0.4099, loss=-0.3475]
Epoch 71/150 [train]:   0%|          | 0/26 [00:00<?, ?it/s, S=0.4112, loss=-0.3516]
Epoch 71/150 [train]:  35%|███▍      | 9/26 [00:00<00:00, 85.84it/s, S=0.4112, loss=-0.3516]
Epoch 71/150 [train]:  35%|███▍      | 9/26 [00:00<00:00, 85.84it/s, S=0.4146, loss=-0.3560]
Epoch 71/150 [train]:  35%|███▍      | 9/26 [00:00<00:00, 85.84it/s, S=0.4110, loss=-0.3488]
Epoch 71/150 [train]:  35%|███▍      | 9/26 [00:00<00:00, 85.84it/s, S=0.4170, loss=-0.3585]
Epoch 71/150 [train]:  35%|███▍      | 9/26 [00:00<00:00, 85.84it/s, S=0.4098, loss=-0.3520]
Epoch 71/150 [train]:  35%|███▍      | 9/26 [00:00<00:00, 85.84it/s, S=0.4197, loss=-0.3613]
Epoch 71/150 [train]:  35%|███▍      | 9/26 [00:00<00:00, 85.84it/s, S=0.4132, loss=-0.3526]
Epoch 71/150 [train]:  35%|███▍      | 9/26 [00:00<00:00, 85.84it/s, S=0.4173, loss=-0.3594]
Epoch 71/150 [train]:  35%|███▍      | 9/26 [00:00<00:00, 85.84it/s, S=0.4090, loss=-0.3421]
Epoch 71/150 [train]:  35%|███▍      | 9/26 [00:00<00:00, 85.84it/s, S=0.4109, loss=-0.3451]
Epoch 71/150 [train]:  69%|██████▉   | 18/26 [00:00<00:00, 86.09it/s, S=0.4109, loss=-0.3451]
Epoch 71/150 [train]:  69%|██████▉   | 18/26 [00:00<00:00, 86.09it/s, S=0.4121, loss=-0.3508]
Epoch 71/150 [train]:  69%|██████▉   | 18/26 [00:00<00:00, 86.09it/s, S=0.4048, loss=-0.3380]
Epoch 71/150 [train]:  69%|██████▉   | 18/26 [00:00<00:00, 86.09it/s, S=0.4119, loss=-0.3501]
Epoch 71/150 [train]:  69%|██████▉   | 18/26 [00:00<00:00, 86.09it/s, S=0.4166, loss=-0.3582]
Epoch 71/150 [train]:  69%|██████▉   | 18/26 [00:00<00:00, 86.09it/s, S=0.4174, loss=-0.3613]
Epoch 71/150 [train]:  69%|██████▉   | 18/26 [00:00<00:00, 86.09it/s, S=0.4114, loss=-0.3499]
Epoch 71/150 [train]:  69%|██████▉   | 18/26 [00:00<00:00, 86.09it/s, S=0.4078, loss=-0.3440]
Epoch 71/150 [train]:  69%|██████▉   | 18/26 [00:00<00:00, 86.09it/s, S=0.4161, loss=-0.3533]
                                                                                             
Epoch  71/150  train loss=-0.3513  val loss=-0.3653  S[mean]=0.4292  ζ=0.4373  mean_plane_ζ=0.3431  reg=0.0639  λscale=1.00  lr=5.00e-04

Epoch 72/150 [train]:   0%|          | 0/26 [00:00<?, ?it/s]
Epoch 72/150 [train]:   0%|          | 0/26 [00:00<?, ?it/s, S=0.4129, loss=-0.3556]
Epoch 72/150 [train]:   0%|          | 0/26 [00:00<?, ?it/s, S=0.4189, loss=-0.3592]
Epoch 72/150 [train]:   0%|          | 0/26 [00:00<?, ?it/s, S=0.4197, loss=-0.3556]
Epoch 72/150 [train]:   0%|          | 0/26 [00:00<?, ?it/s, S=0.4188, loss=-0.3596]
Epoch 72/150 [train]:   0%|          | 0/26 [00:00<?, ?it/s, S=0.4149, loss=-0.3507]
Epoch 72/150 [train]:   0%|          | 0/26 [00:00<?, ?it/s, S=0.4170, loss=-0.3522]
Epoch 72/150 [train]:   0%|          | 0/26 [00:00<?, ?it/s, S=0.4194, loss=-0.3606]
Epoch 72/150 [train]:   0%|          | 0/26 [00:00<?, ?it/s, S=0.4225, loss=-0.3622]
Epoch 72/150 [train]:   0%|          | 0/26 [00:00<?, ?it/s, S=0.4129, loss=-0.3500]
Epoch 72/150 [train]:  35%|███▍      | 9/26 [00:00<00:00, 86.12it/s, S=0.4129, loss=-0.3500]
Epoch 72/150 [train]:  35%|███▍      | 9/26 [00:00<00:00, 86.12it/s, S=0.4119, loss=-0.3403]
Epoch 72/150 [train]:  35%|███▍      | 9/26 [00:00<00:00, 86.12it/s, S=0.4166, loss=-0.3517]
Epoch 72/150 [train]:  35%|███▍      | 9/26 [00:00<00:00, 86.12it/s, S=0.4092, loss=-0.3431]
Epoch 72/150 [train]:  35%|███▍      | 9/26 [00:00<00:00, 86.12it/s, S=0.4110, loss=-0.3511]
Epoch 72/150 [train]:  35%|███▍      | 9/26 [00:00<00:00, 86.12it/s, S=0.4153, loss=-0.3507]
Epoch 72/150 [train]:  35%|███▍      | 9/26 [00:00<00:00, 86.12it/s, S=0.4143, loss=-0.3547]
Epoch 72/150 [train]:  35%|███▍      | 9/26 [00:00<00:00, 86.12it/s, S=0.4105, loss=-0.3505]
Epoch 72/150 [train]:  35%|███▍      | 9/26 [00:00<00:00, 86.12it/s, S=0.4223, loss=-0.3614]
Epoch 72/150 [train]:  35%|███▍      | 9/26 [00:00<00:00, 86.12it/s, S=0.4119, loss=-0.3464]
Epoch 72/150 [train]:  69%|██████▉   | 18/26 [00:00<00:00, 85.97it/s, S=0.4119, loss=-0.3464]
Epoch 72/150 [train]:  69%|██████▉   | 18/26 [00:00<00:00, 85.97it/s, S=0.4155, loss=-0.3555]
Epoch 72/150 [train]:  69%|██████▉   | 18/26 [00:00<00:00, 85.97it/s, S=0.4074, loss=-0.3400]
Epoch 72/150 [train]:  69%|██████▉   | 18/26 [00:00<00:00, 85.97it/s, S=0.4100, loss=-0.3495]
Epoch 72/150 [train]:  69%|██████▉   | 18/26 [00:00<00:00, 85.97it/s, S=0.4151, loss=-0.3526]
Epoch 72/150 [train]:  69%|██████▉   | 18/26 [00:00<00:00, 85.97it/s, S=0.4167, loss=-0.3554]
Epoch 72/150 [train]:  69%|██████▉   | 18/26 [00:00<00:00, 85.97it/s, S=0.4116, loss=-0.3458]
Epoch 72/150 [train]:  69%|██████▉   | 18/26 [00:00<00:00, 85.97it/s, S=0.4102, loss=-0.3472]
Epoch 72/150 [train]:  69%|██████▉   | 18/26 [00:00<00:00, 85.97it/s, S=0.4162, loss=-0.3564]
                                                                                             
Epoch  72/150  train loss=-0.3522  val loss=-0.3665  S[mean]=0.4311  ζ=0.4333  mean_plane_ζ=0.3413  reg=0.0645  λscale=1.00  lr=4.99e-04

Epoch 73/150 [train]:   0%|          | 0/26 [00:00<?, ?it/s]
Epoch 73/150 [train]:   0%|          | 0/26 [00:00<?, ?it/s, S=0.4189, loss=-0.3551]
Epoch 73/150 [train]:   0%|          | 0/26 [00:00<?, ?it/s, S=0.4151, loss=-0.3523]
Epoch 73/150 [train]:   0%|          | 0/26 [00:00<?, ?it/s, S=0.4209, loss=-0.3638]
Epoch 73/150 [train]:   0%|          | 0/26 [00:00<?, ?it/s, S=0.4205, loss=-0.3581]
Epoch 73/150 [train]:   0%|          | 0/26 [00:00<?, ?it/s, S=0.4226, loss=-0.3636]
Epoch 73/150 [train]:   0%|          | 0/26 [00:00<?, ?it/s, S=0.4193, loss=-0.3571]
Epoch 73/150 [train]:   0%|          | 0/26 [00:00<?, ?it/s, S=0.4185, loss=-0.3596]
Epoch 73/150 [train]:   0%|          | 0/26 [00:00<?, ?it/s, S=0.4206, loss=-0.3591]
Epoch 73/150 [train]:   0%|          | 0/26 [00:00<?, ?it/s, S=0.4165, loss=-0.3552]
Epoch 73/150 [train]:  35%|███▍      | 9/26 [00:00<00:00, 85.99it/s, S=0.4165, loss=-0.3552]
Epoch 73/150 [train]:  35%|███▍      | 9/26 [00:00<00:00, 85.99it/s, S=0.4241, loss=-0.3630]
Epoch 73/150 [train]:  35%|███▍      | 9/26 [00:00<00:00, 85.99it/s, S=0.4224, loss=-0.3657]
Epoch 73/150 [train]:  35%|███▍      | 9/26 [00:00<00:00, 85.99it/s, S=0.4230, loss=-0.3648]
Epoch 73/150 [train]:  35%|███▍      | 9/26 [00:00<00:00, 85.99it/s, S=0.4192, loss=-0.3612]
Epoch 73/150 [train]:  35%|███▍      | 9/26 [00:00<00:00, 85.99it/s, S=0.4172, loss=-0.3572]
Epoch 73/150 [train]:  35%|███▍      | 9/26 [00:00<00:00, 85.99it/s, S=0.4197, loss=-0.3608]
Epoch 73/150 [train]:  35%|███▍      | 9/26 [00:00<00:00, 85.99it/s, S=0.4170, loss=-0.3551]
Epoch 73/150 [train]:  35%|███▍      | 9/26 [00:00<00:00, 85.99it/s, S=0.4216, loss=-0.3645]
Epoch 73/150 [train]:  35%|███▍      | 9/26 [00:00<00:00, 85.99it/s, S=0.4186, loss=-0.3554]
Epoch 73/150 [train]:  69%|██████▉   | 18/26 [00:00<00:00, 86.10it/s, S=0.4186, loss=-0.3554]
Epoch 73/150 [train]:  69%|██████▉   | 18/26 [00:00<00:00, 86.10it/s, S=0.4156, loss=-0.3553]
Epoch 73/150 [train]:  69%|██████▉   | 18/26 [00:00<00:00, 86.10it/s, S=0.4090, loss=-0.3407]
Epoch 73/150 [train]:  69%|██████▉   | 18/26 [00:00<00:00, 86.10it/s, S=0.4198, loss=-0.3616]
Epoch 73/150 [train]:  69%|██████▉   | 18/26 [00:00<00:00, 86.10it/s, S=0.4258, loss=-0.3660]
Epoch 73/150 [train]:  69%|██████▉   | 18/26 [00:00<00:00, 86.10it/s, S=0.4183, loss=-0.3564]
Epoch 73/150 [train]:  69%|██████▉   | 18/26 [00:00<00:00, 86.10it/s, S=0.4192, loss=-0.3564]
Epoch 73/150 [train]:  69%|██████▉   | 18/26 [00:00<00:00, 86.10it/s, S=0.4155, loss=-0.3540]
Epoch 73/150 [train]:  69%|██████▉   | 18/26 [00:00<00:00, 86.10it/s, S=0.4214, loss=-0.3614]
                                                                                             
Epoch  73/150  train loss=-0.3586  val loss=-0.3700  S[mean]=0.4336  ζ=0.4321  mean_plane_ζ=0.3415  reg=0.0636  λscale=1.00  lr=4.98e-04

Epoch 74/150 [train]:   0%|          | 0/26 [00:00<?, ?it/s]
Epoch 74/150 [train]:   0%|          | 0/26 [00:00<?, ?it/s, S=0.4229, loss=-0.3625]
Epoch 74/150 [train]:   0%|          | 0/26 [00:00<?, ?it/s, S=0.4179, loss=-0.3578]
Epoch 74/150 [train]:   0%|          | 0/26 [00:00<?, ?it/s, S=0.4228, loss=-0.3581]
Epoch 74/150 [train]:   0%|          | 0/26 [00:00<?, ?it/s, S=0.4214, loss=-0.3613]
Epoch 74/150 [train]:   0%|          | 0/26 [00:00<?, ?it/s, S=0.4216, loss=-0.3645]
Epoch 74/150 [train]:   0%|          | 0/26 [00:00<?, ?it/s, S=0.4170, loss=-0.3465]
Epoch 74/150 [train]:   0%|          | 0/26 [00:00<?, ?it/s, S=0.4195, loss=-0.3599]
Epoch 74/150 [train]:   0%|          | 0/26 [00:00<?, ?it/s, S=0.4079, loss=-0.3479]
Epoch 74/150 [train]:   0%|          | 0/26 [00:00<?, ?it/s, S=0.4227, loss=-0.3626]
Epoch 74/150 [train]:  35%|███▍      | 9/26 [00:00<00:00, 86.04it/s, S=0.4227, loss=-0.3626]
Epoch 74/150 [train]:  35%|███▍      | 9/26 [00:00<00:00, 86.04it/s, S=0.4134, loss=-0.3561]
Epoch 74/150 [train]:  35%|███▍      | 9/26 [00:00<00:00, 86.04it/s, S=0.4125, loss=-0.3453]
Epoch 74/150 [train]:  35%|███▍      | 9/26 [00:00<00:00, 86.04it/s, S=0.4244, loss=-0.3622]
Epoch 74/150 [train]:  35%|███▍      | 9/26 [00:00<00:00, 86.04it/s, S=0.4185, loss=-0.3492]
Epoch 74/150 [train]:  35%|███▍      | 9/26 [00:00<00:00, 86.04it/s, S=0.4247, loss=-0.3675]
Epoch 74/150 [train]:  35%|███▍      | 9/26 [00:00<00:00, 86.04it/s, S=0.4182, loss=-0.3584]
Epoch 74/150 [train]:  35%|███▍      | 9/26 [00:00<00:00, 86.04it/s, S=0.4196, loss=-0.3568]
Epoch 74/150 [train]:  35%|███▍      | 9/26 [00:00<00:00, 86.04it/s, S=0.4227, loss=-0.3636]
Epoch 74/150 [train]:  35%|███▍      | 9/26 [00:00<00:00, 86.04it/s, S=0.4250, loss=-0.3670]
Epoch 74/150 [train]:  69%|██████▉   | 18/26 [00:00<00:00, 86.13it/s, S=0.4250, loss=-0.3670]
Epoch 74/150 [train]:  69%|██████▉   | 18/26 [00:00<00:00, 86.13it/s, S=0.4219, loss=-0.3570]
Epoch 74/150 [train]:  69%|██████▉   | 18/26 [00:00<00:00, 86.13it/s, S=0.4210, loss=-0.3618]
Epoch 74/150 [train]:  69%|██████▉   | 18/26 [00:00<00:00, 86.13it/s, S=0.4135, loss=-0.3502]
Epoch 74/150 [train]:  69%|██████▉   | 18/26 [00:00<00:00, 86.13it/s, S=0.4192, loss=-0.3554]
Epoch 74/150 [train]:  69%|██████▉   | 18/26 [00:00<00:00, 86.13it/s, S=0.4189, loss=-0.3572]
Epoch 74/150 [train]:  69%|██████▉   | 18/26 [00:00<00:00, 86.13it/s, S=0.4210, loss=-0.3628]
Epoch 74/150 [train]:  69%|██████▉   | 18/26 [00:00<00:00, 86.13it/s, S=0.4207, loss=-0.3631]
Epoch 74/150 [train]:  69%|██████▉   | 18/26 [00:00<00:00, 86.13it/s, S=0.4207, loss=-0.3533]
                                                                                             
Epoch  74/150  train loss=-0.3580  val loss=-0.3717  S[mean]=0.4350  ζ=0.4313  mean_plane_ζ=0.3426  reg=0.0633  λscale=1.00  lr=4.97e-04

Epoch 75/150 [train]:   0%|          | 0/26 [00:00<?, ?it/s]
Epoch 75/150 [train]:   0%|          | 0/26 [00:00<?, ?it/s, S=0.4260, loss=-0.3699]
Epoch 75/150 [train]:   0%|          | 0/26 [00:00<?, ?it/s, S=0.4183, loss=-0.3551]
Epoch 75/150 [train]:   0%|          | 0/26 [00:00<?, ?it/s, S=0.4182, loss=-0.3587]
Epoch 75/150 [train]:   0%|          | 0/26 [00:00<?, ?it/s, S=0.4275, loss=-0.3682]
Epoch 75/150 [train]:   0%|          | 0/26 [00:00<?, ?it/s, S=0.4179, loss=-0.3505]
Epoch 75/150 [train]:   0%|          | 0/26 [00:00<?, ?it/s, S=0.4246, loss=-0.3612]
Epoch 75/150 [train]:   0%|          | 0/26 [00:00<?, ?it/s, S=0.4230, loss=-0.3611]
Epoch 75/150 [train]:   0%|          | 0/26 [00:00<?, ?it/s, S=0.4267, loss=-0.3659]
Epoch 75/150 [train]:   0%|          | 0/26 [00:00<?, ?it/s, S=0.4280, loss=-0.3691]
Epoch 75/150 [train]:  35%|███▍      | 9/26 [00:00<00:00, 85.94it/s, S=0.4280, loss=-0.3691]
Epoch 75/150 [train]:  35%|███▍      | 9/26 [00:00<00:00, 85.94it/s, S=0.4183, loss=-0.3549]
Epoch 75/150 [train]:  35%|███▍      | 9/26 [00:00<00:00, 85.94it/s, S=0.4234, loss=-0.3600]
Epoch 75/150 [train]:  35%|███▍      | 9/26 [00:00<00:00, 85.94it/s, S=0.4240, loss=-0.3658]
Epoch 75/150 [train]:  35%|███▍      | 9/26 [00:00<00:00, 85.94it/s, S=0.4217, loss=-0.3610]
Epoch 75/150 [train]:  35%|███▍      | 9/26 [00:00<00:00, 85.94it/s, S=0.4221, loss=-0.3611]
Epoch 75/150 [train]:  35%|███▍      | 9/26 [00:00<00:00, 85.94it/s, S=0.4189, loss=-0.3545]
Epoch 75/150 [train]:  35%|███▍      | 9/26 [00:00<00:00, 85.94it/s, S=0.4212, loss=-0.3646]
Epoch 75/150 [train]:  35%|███▍      | 9/26 [00:00<00:00, 85.94it/s, S=0.4196, loss=-0.3598]
Epoch 75/150 [train]:  35%|███▍      | 9/26 [00:00<00:00, 85.94it/s, S=0.4230, loss=-0.3642]
Epoch 75/150 [train]:  69%|██████▉   | 18/26 [00:00<00:00, 86.05it/s, S=0.4230, loss=-0.3642]
Epoch 75/150 [train]:  69%|██████▉   | 18/26 [00:00<00:00, 86.05it/s, S=0.4276, loss=-0.3646]
Epoch 75/150 [train]:  69%|██████▉   | 18/26 [00:00<00:00, 86.05it/s, S=0.4293, loss=-0.3695]
Epoch 75/150 [train]:  69%|██████▉   | 18/26 [00:00<00:00, 86.05it/s, S=0.4219, loss=-0.3649]
Epoch 75/150 [train]:  69%|██████▉   | 18/26 [00:00<00:00, 86.05it/s, S=0.4201, loss=-0.3618]
Epoch 75/150 [train]:  69%|██████▉   | 18/26 [00:00<00:00, 86.05it/s, S=0.4209, loss=-0.3615]
Epoch 75/150 [train]:  69%|██████▉   | 18/26 [00:00<00:00, 86.05it/s, S=0.4200, loss=-0.3600]
Epoch 75/150 [train]:  69%|██████▉   | 18/26 [00:00<00:00, 86.05it/s, S=0.4131, loss=-0.3503]
Epoch 75/150 [train]:  69%|██████▉   | 18/26 [00:00<00:00, 86.05it/s, S=0.4240, loss=-0.3675]
                                                                                             
Epoch  75/150  train loss=-0.3618  val loss=-0.3731  S[mean]=0.4364  ζ=0.4276  mean_plane_ζ=0.3421  reg=0.0633  λscale=1.00  lr=4.95e-04

Epoch 76/150 [train]:   0%|          | 0/26 [00:00<?, ?it/s]
Epoch 76/150 [train]:   0%|          | 0/26 [00:00<?, ?it/s, S=0.4191, loss=-0.3511]
Epoch 76/150 [train]:   0%|          | 0/26 [00:00<?, ?it/s, S=0.4231, loss=-0.3635]
Epoch 76/150 [train]:   0%|          | 0/26 [00:00<?, ?it/s, S=0.4235, loss=-0.3621]
Epoch 76/150 [train]:   0%|          | 0/26 [00:00<?, ?it/s, S=0.4264, loss=-0.3690]
Epoch 76/150 [train]:   0%|          | 0/26 [00:00<?, ?it/s, S=0.4238, loss=-0.3665]
Epoch 76/150 [train]:   0%|          | 0/26 [00:00<?, ?it/s, S=0.4285, loss=-0.3732]
Epoch 76/150 [train]:   0%|          | 0/26 [00:00<?, ?it/s, S=0.4261, loss=-0.3598]
Epoch 76/150 [train]:   0%|          | 0/26 [00:00<?, ?it/s, S=0.4222, loss=-0.3578]
Epoch 76/150 [train]:   0%|          | 0/26 [00:00<?, ?it/s, S=0.4256, loss=-0.3688]
Epoch 76/150 [train]:  35%|███▍      | 9/26 [00:00<00:00, 85.86it/s, S=0.4256, loss=-0.3688]
Epoch 76/150 [train]:  35%|███▍      | 9/26 [00:00<00:00, 85.86it/s, S=0.4295, loss=-0.3706]
Epoch 76/150 [train]:  35%|███▍      | 9/26 [00:00<00:00, 85.86it/s, S=0.4194, loss=-0.3571]
Epoch 76/150 [train]:  35%|███▍      | 9/26 [00:00<00:00, 85.86it/s, S=0.4264, loss=-0.3604]
Epoch 76/150 [train]:  35%|███▍      | 9/26 [00:00<00:00, 85.86it/s, S=0.4250, loss=-0.3671]
Epoch 76/150 [train]:  35%|███▍      | 9/26 [00:00<00:00, 85.86it/s, S=0.4261, loss=-0.3654]
Epoch 76/150 [train]:  35%|███▍      | 9/26 [00:00<00:00, 85.86it/s, S=0.4227, loss=-0.3628]
Epoch 76/150 [train]:  35%|███▍      | 9/26 [00:00<00:00, 85.86it/s, S=0.4227, loss=-0.3648]
Epoch 76/150 [train]:  35%|███▍      | 9/26 [00:00<00:00, 85.86it/s, S=0.4229, loss=-0.3607]
Epoch 76/150 [train]:  35%|███▍      | 9/26 [00:00<00:00, 85.86it/s, S=0.4276, loss=-0.3717]
Epoch 76/150 [train]:  69%|██████▉   | 18/26 [00:00<00:00, 85.85it/s, S=0.4276, loss=-0.3717]
Epoch 76/150 [train]:  69%|██████▉   | 18/26 [00:00<00:00, 85.85it/s, S=0.4289, loss=-0.3701]
Epoch 76/150 [train]:  69%|██████▉   | 18/26 [00:00<00:00, 85.85it/s, S=0.4222, loss=-0.3576]
Epoch 76/150 [train]:  69%|██████▉   | 18/26 [00:00<00:00, 85.85it/s, S=0.4272, loss=-0.3657]
Epoch 76/150 [train]:  69%|██████▉   | 18/26 [00:00<00:00, 85.85it/s, S=0.4364, loss=-0.3793]
Epoch 76/150 [train]:  69%|██████▉   | 18/26 [00:00<00:00, 85.85it/s, S=0.4133, loss=-0.3480]
Epoch 76/150 [train]:  69%|██████▉   | 18/26 [00:00<00:00, 85.85it/s, S=0.4270, loss=-0.3671]
Epoch 76/150 [train]:  69%|██████▉   | 18/26 [00:00<00:00, 85.85it/s, S=0.4280, loss=-0.3710]
Epoch 76/150 [train]:  69%|██████▉   | 18/26 [00:00<00:00, 85.85it/s, S=0.4183, loss=-0.3591]
                                                                                             
Epoch  76/150  train loss=-0.3642  val loss=-0.3759  S[mean]=0.4386  ζ=0.4268  mean_plane_ζ=0.3429  reg=0.0628  λscale=1.00  lr=4.93e-04

Epoch 77/150 [train]:   0%|          | 0/26 [00:00<?, ?it/s]
Epoch 77/150 [train]:   0%|          | 0/26 [00:00<?, ?it/s, S=0.4235, loss=-0.3665]
Epoch 77/150 [train]:   0%|          | 0/26 [00:00<?, ?it/s, S=0.4223, loss=-0.3633]
Epoch 77/150 [train]:   0%|          | 0/26 [00:00<?, ?it/s, S=0.4321, loss=-0.3693]
Epoch 77/150 [train]:   0%|          | 0/26 [00:00<?, ?it/s, S=0.4306, loss=-0.3692]
Epoch 77/150 [train]:   0%|          | 0/26 [00:00<?, ?it/s, S=0.4305, loss=-0.3730]
Epoch 77/150 [train]:   0%|          | 0/26 [00:00<?, ?it/s, S=0.4263, loss=-0.3609]
Epoch 77/150 [train]:   0%|          | 0/26 [00:00<?, ?it/s, S=0.4269, loss=-0.3694]
Epoch 77/150 [train]:   0%|          | 0/26 [00:00<?, ?it/s, S=0.4259, loss=-0.3657]
Epoch 77/150 [train]:   0%|          | 0/26 [00:00<?, ?it/s, S=0.4230, loss=-0.3613]
Epoch 77/150 [train]:  35%|███▍      | 9/26 [00:00<00:00, 85.86it/s, S=0.4230, loss=-0.3613]
Epoch 77/150 [train]:  35%|███▍      | 9/26 [00:00<00:00, 85.86it/s, S=0.4270, loss=-0.3634]
Epoch 77/150 [train]:  35%|███▍      | 9/26 [00:00<00:00, 85.86it/s, S=0.4328, loss=-0.3707]
Epoch 77/150 [train]:  35%|███▍      | 9/26 [00:00<00:00, 85.86it/s, S=0.4292, loss=-0.3708]
Epoch 77/150 [train]:  35%|███▍      | 9/26 [00:00<00:00, 85.86it/s, S=0.4267, loss=-0.3707]
Epoch 77/150 [train]:  35%|███▍      | 9/26 [00:00<00:00, 85.86it/s, S=0.4314, loss=-0.3754]
Epoch 77/150 [train]:  35%|███▍      | 9/26 [00:00<00:00, 85.86it/s, S=0.4249, loss=-0.3670]
Epoch 77/150 [train]:  35%|███▍      | 9/26 [00:00<00:00, 85.86it/s, S=0.4316, loss=-0.3749]
Epoch 77/150 [train]:  35%|███▍      | 9/26 [00:00<00:00, 85.86it/s, S=0.4246, loss=-0.3592]
Epoch 77/150 [train]:  35%|███▍      | 9/26 [00:00<00:00, 85.86it/s, S=0.4334, loss=-0.3731]
Epoch 77/150 [train]:  69%|██████▉   | 18/26 [00:00<00:00, 86.14it/s, S=0.4334, loss=-0.3731]
Epoch 77/150 [train]:  69%|██████▉   | 18/26 [00:00<00:00, 86.14it/s, S=0.4328, loss=-0.3763]
Epoch 77/150 [train]:  69%|██████▉   | 18/26 [00:00<00:00, 86.14it/s, S=0.4267, loss=-0.3648]
Epoch 77/150 [train]:  69%|██████▉   | 18/26 [00:00<00:00, 86.14it/s, S=0.4224, loss=-0.3599]
Epoch 77/150 [train]:  69%|██████▉   | 18/26 [00:00<00:00, 86.14it/s, S=0.4257, loss=-0.3700]
Epoch 77/150 [train]:  69%|██████▉   | 18/26 [00:00<00:00, 86.14it/s, S=0.4290, loss=-0.3738]
Epoch 77/150 [train]:  69%|██████▉   | 18/26 [00:00<00:00, 86.14it/s, S=0.4217, loss=-0.3600]
Epoch 77/150 [train]:  69%|██████▉   | 18/26 [00:00<00:00, 86.14it/s, S=0.4275, loss=-0.3691]
Epoch 77/150 [train]:  69%|██████▉   | 18/26 [00:00<00:00, 86.14it/s, S=0.4335, loss=-0.3717]
                                                                                             
Epoch  77/150  train loss=-0.3681  val loss=-0.3786  S[mean]=0.4408  ζ=0.4257  mean_plane_ζ=0.3436  reg=0.0623  λscale=1.00  lr=4.91e-04

Epoch 78/150 [train]:   0%|          | 0/26 [00:00<?, ?it/s]
Epoch 78/150 [train]:   0%|          | 0/26 [00:00<?, ?it/s, S=0.4299, loss=-0.3721]
Epoch 78/150 [train]:   0%|          | 0/26 [00:00<?, ?it/s, S=0.4286, loss=-0.3699]
Epoch 78/150 [train]:   0%|          | 0/26 [00:00<?, ?it/s, S=0.4293, loss=-0.3677]
Epoch 78/150 [train]:   0%|          | 0/26 [00:00<?, ?it/s, S=0.4351, loss=-0.3791]
Epoch 78/150 [train]:   0%|          | 0/26 [00:00<?, ?it/s, S=0.4342, loss=-0.3753]
Epoch 78/150 [train]:   0%|          | 0/26 [00:00<?, ?it/s, S=0.4302, loss=-0.3726]
Epoch 78/150 [train]:   0%|          | 0/26 [00:00<?, ?it/s, S=0.4260, loss=-0.3623]
Epoch 78/150 [train]:   0%|          | 0/26 [00:00<?, ?it/s, S=0.4280, loss=-0.3727]
Epoch 78/150 [train]:   0%|          | 0/26 [00:00<?, ?it/s, S=0.4248, loss=-0.3630]
Epoch 78/150 [train]:  35%|███▍      | 9/26 [00:00<00:00, 85.92it/s, S=0.4248, loss=-0.3630]
Epoch 78/150 [train]:  35%|███▍      | 9/26 [00:00<00:00, 85.92it/s, S=0.4319, loss=-0.3742]
Epoch 78/150 [train]:  35%|███▍      | 9/26 [00:00<00:00, 85.92it/s, S=0.4310, loss=-0.3674]
Epoch 78/150 [train]:  35%|███▍      | 9/26 [00:00<00:00, 85.92it/s, S=0.4232, loss=-0.3629]
Epoch 78/150 [train]:  35%|███▍      | 9/26 [00:00<00:00, 85.92it/s, S=0.4267, loss=-0.3663]
Epoch 78/150 [train]:  35%|███▍      | 9/26 [00:00<00:00, 85.92it/s, S=0.4231, loss=-0.3650]
Epoch 78/150 [train]:  35%|███▍      | 9/26 [00:00<00:00, 85.92it/s, S=0.4319, loss=-0.3735]
Epoch 78/150 [train]:  35%|███▍      | 9/26 [00:00<00:00, 85.92it/s, S=0.4282, loss=-0.3690]
Epoch 78/150 [train]:  35%|███▍      | 9/26 [00:00<00:00, 85.92it/s, S=0.4341, loss=-0.3760]
Epoch 78/150 [train]:  35%|███▍      | 9/26 [00:00<00:00, 85.92it/s, S=0.4291, loss=-0.3723]
Epoch 78/150 [train]:  69%|██████▉   | 18/26 [00:00<00:00, 86.13it/s, S=0.4291, loss=-0.3723]
Epoch 78/150 [train]:  69%|██████▉   | 18/26 [00:00<00:00, 86.13it/s, S=0.4299, loss=-0.3682]
Epoch 78/150 [train]:  69%|██████▉   | 18/26 [00:00<00:00, 86.13it/s, S=0.4291, loss=-0.3707]
Epoch 78/150 [train]:  69%|██████▉   | 18/26 [00:00<00:00, 86.13it/s, S=0.4326, loss=-0.3730]
Epoch 78/150 [train]:  69%|██████▉   | 18/26 [00:00<00:00, 86.13it/s, S=0.4281, loss=-0.3726]
Epoch 78/150 [train]:  69%|██████▉   | 18/26 [00:00<00:00, 86.13it/s, S=0.4286, loss=-0.3695]
Epoch 78/150 [train]:  69%|██████▉   | 18/26 [00:00<00:00, 86.13it/s, S=0.4298, loss=-0.3674]
Epoch 78/150 [train]:  69%|██████▉   | 18/26 [00:00<00:00, 86.13it/s, S=0.4344, loss=-0.3797]
Epoch 78/150 [train]:  69%|██████▉   | 18/26 [00:00<00:00, 86.13it/s, S=0.4326, loss=-0.3760]
                                                                                             
Epoch  78/150  train loss=-0.3707  val loss=-0.3807  S[mean]=0.4420  ζ=0.4259  mean_plane_ζ=0.3449  reg=0.0614  λscale=1.00  lr=4.88e-04

Epoch 79/150 [train]:   0%|          | 0/26 [00:00<?, ?it/s]
Epoch 79/150 [train]:   0%|          | 0/26 [00:00<?, ?it/s, S=0.4356, loss=-0.3803]
Epoch 79/150 [train]:   0%|          | 0/26 [00:00<?, ?it/s, S=0.4307, loss=-0.3723]
Epoch 79/150 [train]:   0%|          | 0/26 [00:00<?, ?it/s, S=0.4318, loss=-0.3723]
Epoch 79/150 [train]:   0%|          | 0/26 [00:00<?, ?it/s, S=0.4297, loss=-0.3706]
Epoch 79/150 [train]:   0%|          | 0/26 [00:00<?, ?it/s, S=0.4282, loss=-0.3674]
Epoch 79/150 [train]:   0%|          | 0/26 [00:00<?, ?it/s, S=0.4347, loss=-0.3785]
Epoch 79/150 [train]:   0%|          | 0/26 [00:00<?, ?it/s, S=0.4262, loss=-0.3648]
Epoch 79/150 [train]:   0%|          | 0/26 [00:00<?, ?it/s, S=0.4344, loss=-0.3787]
Epoch 79/150 [train]:   0%|          | 0/26 [00:00<?, ?it/s, S=0.4268, loss=-0.3681]
Epoch 79/150 [train]:  35%|███▍      | 9/26 [00:00<00:00, 85.84it/s, S=0.4268, loss=-0.3681]
Epoch 79/150 [train]:  35%|███▍      | 9/26 [00:00<00:00, 85.84it/s, S=0.4324, loss=-0.3748]
Epoch 79/150 [train]:  35%|███▍      | 9/26 [00:00<00:00, 85.84it/s, S=0.4289, loss=-0.3642]
Epoch 79/150 [train]:  35%|███▍      | 9/26 [00:00<00:00, 85.84it/s, S=0.4278, loss=-0.3588]
Epoch 79/150 [train]:  35%|███▍      | 9/26 [00:00<00:00, 85.84it/s, S=0.4333, loss=-0.3757]
Epoch 79/150 [train]:  35%|███▍      | 9/26 [00:00<00:00, 85.84it/s, S=0.4306, loss=-0.3746]
Epoch 79/150 [train]:  35%|███▍      | 9/26 [00:00<00:00, 85.84it/s, S=0.4351, loss=-0.3787]
Epoch 79/150 [train]:  35%|███▍      | 9/26 [00:00<00:00, 85.84it/s, S=0.4289, loss=-0.3683]
Epoch 79/150 [train]:  35%|███▍      | 9/26 [00:00<00:00, 85.84it/s, S=0.4324, loss=-0.3746]
Epoch 79/150 [train]:  35%|███▍      | 9/26 [00:00<00:00, 85.84it/s, S=0.4342, loss=-0.3774]
Epoch 79/150 [train]:  69%|██████▉   | 18/26 [00:00<00:00, 86.05it/s, S=0.4342, loss=-0.3774]
Epoch 79/150 [train]:  69%|██████▉   | 18/26 [00:00<00:00, 86.05it/s, S=0.4324, loss=-0.3747]
Epoch 79/150 [train]:  69%|██████▉   | 18/26 [00:00<00:00, 86.05it/s, S=0.4300, loss=-0.3737]
Epoch 79/150 [train]:  69%|██████▉   | 18/26 [00:00<00:00, 86.05it/s, S=0.4339, loss=-0.3751]
Epoch 79/150 [train]:  69%|██████▉   | 18/26 [00:00<00:00, 86.05it/s, S=0.4352, loss=-0.3775]
Epoch 79/150 [train]:  69%|██████▉   | 18/26 [00:00<00:00, 86.05it/s, S=0.4317, loss=-0.3712]
Epoch 79/150 [train]:  69%|██████▉   | 18/26 [00:00<00:00, 86.05it/s, S=0.4341, loss=-0.3741]
Epoch 79/150 [train]:  69%|██████▉   | 18/26 [00:00<00:00, 86.05it/s, S=0.4349, loss=-0.3698]
Epoch 79/150 [train]:  69%|██████▉   | 18/26 [00:00<00:00, 86.05it/s, S=0.4334, loss=-0.3769]
                                                                                             
Epoch  79/150  train loss=-0.3728  val loss=-0.3830  S[mean]=0.4442  ζ=0.4251  mean_plane_ζ=0.3463  reg=0.0612  λscale=1.00  lr=4.85e-04

Epoch 80/150 [train]:   0%|          | 0/26 [00:00<?, ?it/s]
Epoch 80/150 [train]:   0%|          | 0/26 [00:00<?, ?it/s, S=0.4336, loss=-0.3736]
Epoch 80/150 [train]:   0%|          | 0/26 [00:00<?, ?it/s, S=0.4317, loss=-0.3729]
Epoch 80/150 [train]:   0%|          | 0/26 [00:00<?, ?it/s, S=0.4369, loss=-0.3806]
Epoch 80/150 [train]:   0%|          | 0/26 [00:00<?, ?it/s, S=0.4323, loss=-0.3763]
Epoch 80/150 [train]:   0%|          | 0/26 [00:00<?, ?it/s, S=0.4334, loss=-0.3775]
Epoch 80/150 [train]:   0%|          | 0/26 [00:00<?, ?it/s, S=0.4316, loss=-0.3702]
Epoch 80/150 [train]:   0%|          | 0/26 [00:00<?, ?it/s, S=0.4309, loss=-0.3686]
Epoch 80/150 [train]:   0%|          | 0/26 [00:00<?, ?it/s, S=0.4289, loss=-0.3670]
Epoch 80/150 [train]:   0%|          | 0/26 [00:00<?, ?it/s, S=0.4391, loss=-0.3795]
Epoch 80/150 [train]:  35%|███▍      | 9/26 [00:00<00:00, 86.00it/s, S=0.4391, loss=-0.3795]
Epoch 80/150 [train]:  35%|███▍      | 9/26 [00:00<00:00, 86.00it/s, S=0.4252, loss=-0.3643]
Epoch 80/150 [train]:  35%|███▍      | 9/26 [00:00<00:00, 86.00it/s, S=0.4373, loss=-0.3786]
Epoch 80/150 [train]:  35%|███▍      | 9/26 [00:00<00:00, 86.00it/s, S=0.4376, loss=-0.3780]
Epoch 80/150 [train]:  35%|███▍      | 9/26 [00:00<00:00, 86.00it/s, S=0.4407, loss=-0.3816]
Epoch 80/150 [train]:  35%|███▍      | 9/26 [00:00<00:00, 86.00it/s, S=0.4378, loss=-0.3766]
Epoch 80/150 [train]:  35%|███▍      | 9/26 [00:00<00:00, 86.00it/s, S=0.4381, loss=-0.3809]
Epoch 80/150 [train]:  35%|███▍      | 9/26 [00:00<00:00, 86.00it/s, S=0.4289, loss=-0.3727]
Epoch 80/150 [train]:  35%|███▍      | 9/26 [00:00<00:00, 86.00it/s, S=0.4296, loss=-0.3648]
Epoch 80/150 [train]:  35%|███▍      | 9/26 [00:00<00:00, 86.00it/s, S=0.4315, loss=-0.3723]
Epoch 80/150 [train]:  69%|██████▉   | 18/26 [00:00<00:00, 85.91it/s, S=0.4315, loss=-0.3723]
Epoch 80/150 [train]:  69%|██████▉   | 18/26 [00:00<00:00, 85.91it/s, S=0.4307, loss=-0.3735]
Epoch 80/150 [train]:  69%|██████▉   | 18/26 [00:00<00:00, 85.91it/s, S=0.4355, loss=-0.3773]
Epoch 80/150 [train]:  69%|██████▉   | 18/26 [00:00<00:00, 85.91it/s, S=0.4415, loss=-0.3849]
Epoch 80/150 [train]:  69%|██████▉   | 18/26 [00:00<00:00, 85.91it/s, S=0.4347, loss=-0.3741]
Epoch 80/150 [train]:  69%|██████▉   | 18/26 [00:00<00:00, 85.91it/s, S=0.4365, loss=-0.3787]
Epoch 80/150 [train]:  69%|██████▉   | 18/26 [00:00<00:00, 85.91it/s, S=0.4268, loss=-0.3675]
Epoch 80/150 [train]:  69%|██████▉   | 18/26 [00:00<00:00, 85.91it/s, S=0.4307, loss=-0.3691]
Epoch 80/150 [train]:  69%|██████▉   | 18/26 [00:00<00:00, 85.91it/s, S=0.4347, loss=-0.3748]
                                                                                             
Epoch  80/150  train loss=-0.3745  val loss=-0.3845  S[mean]=0.4463  ζ=0.4241  mean_plane_ζ=0.3482  reg=0.0618  λscale=1.00  lr=4.81e-04

Epoch 81/150 [train]:   0%|          | 0/26 [00:00<?, ?it/s]
Epoch 81/150 [train]:   0%|          | 0/26 [00:00<?, ?it/s, S=0.4374, loss=-0.3784]
Epoch 81/150 [train]:   0%|          | 0/26 [00:00<?, ?it/s, S=0.4273, loss=-0.3659]
Epoch 81/150 [train]:   0%|          | 0/26 [00:00<?, ?it/s, S=0.4336, loss=-0.3725]
Epoch 81/150 [train]:   0%|          | 0/26 [00:00<?, ?it/s, S=0.4376, loss=-0.3841]
Epoch 81/150 [train]:   0%|          | 0/26 [00:00<?, ?it/s, S=0.4366, loss=-0.3785]
Epoch 81/150 [train]:   0%|          | 0/26 [00:00<?, ?it/s, S=0.4433, loss=-0.3847]
Epoch 81/150 [train]:   0%|          | 0/26 [00:00<?, ?it/s, S=0.4320, loss=-0.3749]
Epoch 81/150 [train]:   0%|          | 0/26 [00:00<?, ?it/s, S=0.4373, loss=-0.3763]
Epoch 81/150 [train]:   0%|          | 0/26 [00:00<?, ?it/s, S=0.4365, loss=-0.3762]
Epoch 81/150 [train]:  35%|███▍      | 9/26 [00:00<00:00, 85.94it/s, S=0.4365, loss=-0.3762]
Epoch 81/150 [train]:  35%|███▍      | 9/26 [00:00<00:00, 85.94it/s, S=0.4340, loss=-0.3716]
Epoch 81/150 [train]:  35%|███▍      | 9/26 [00:00<00:00, 85.94it/s, S=0.4365, loss=-0.3777]
Epoch 81/150 [train]:  35%|███▍      | 9/26 [00:00<00:00, 85.94it/s, S=0.4337, loss=-0.3756]
Epoch 81/150 [train]:  35%|███▍      | 9/26 [00:00<00:00, 85.94it/s, S=0.4400, loss=-0.3812]
Epoch 81/150 [train]:  35%|███▍      | 9/26 [00:00<00:00, 85.94it/s, S=0.4379, loss=-0.3773]
Epoch 81/150 [train]:  35%|███▍      | 9/26 [00:00<00:00, 85.94it/s, S=0.4372, loss=-0.3749]
Epoch 81/150 [train]:  35%|███▍      | 9/26 [00:00<00:00, 85.94it/s, S=0.4332, loss=-0.3767]
Epoch 81/150 [train]:  35%|███▍      | 9/26 [00:00<00:00, 85.94it/s, S=0.4324, loss=-0.3701]
Epoch 81/150 [train]:  35%|███▍      | 9/26 [00:00<00:00, 85.94it/s, S=0.4302, loss=-0.3683]
Epoch 81/150 [train]:  69%|██████▉   | 18/26 [00:00<00:00, 86.11it/s, S=0.4302, loss=-0.3683]
Epoch 81/150 [train]:  69%|██████▉   | 18/26 [00:00<00:00, 86.11it/s, S=0.4324, loss=-0.3743]
Epoch 81/150 [train]:  69%|██████▉   | 18/26 [00:00<00:00, 86.11it/s, S=0.4404, loss=-0.3821]
Epoch 81/150 [train]:  69%|██████▉   | 18/26 [00:00<00:00, 86.11it/s, S=0.4290, loss=-0.3646]
Epoch 81/150 [train]:  69%|██████▉   | 18/26 [00:00<00:00, 86.11it/s, S=0.4353, loss=-0.3697]
Epoch 81/150 [train]:  69%|██████▉   | 18/26 [00:00<00:00, 86.11it/s, S=0.4337, loss=-0.3738]
Epoch 81/150 [train]:  69%|██████▉   | 18/26 [00:00<00:00, 86.11it/s, S=0.4338, loss=-0.3760]
Epoch 81/150 [train]:  69%|██████▉   | 18/26 [00:00<00:00, 86.11it/s, S=0.4400, loss=-0.3815]
Epoch 81/150 [train]:  69%|██████▉   | 18/26 [00:00<00:00, 86.11it/s, S=0.4360, loss=-0.3739]
                                                                                             
Epoch  81/150  train loss=-0.3754  val loss=-0.3865  S[mean]=0.4485  ζ=0.4222  mean_plane_ζ=0.3498  reg=0.0620  λscale=1.00  lr=4.77e-04

Epoch 82/150 [train]:   0%|          | 0/26 [00:00<?, ?it/s]
Epoch 82/150 [train]:   0%|          | 0/26 [00:00<?, ?it/s, S=0.4418, loss=-0.3835]
Epoch 82/150 [train]:   0%|          | 0/26 [00:00<?, ?it/s, S=0.4337, loss=-0.3704]
Epoch 82/150 [train]:   0%|          | 0/26 [00:00<?, ?it/s, S=0.4441, loss=-0.3866]
Epoch 82/150 [train]:   0%|          | 0/26 [00:00<?, ?it/s, S=0.4354, loss=-0.3768]
Epoch 82/150 [train]:   0%|          | 0/26 [00:00<?, ?it/s, S=0.4400, loss=-0.3820]
Epoch 82/150 [train]:   0%|          | 0/26 [00:00<?, ?it/s, S=0.4374, loss=-0.3781]
Epoch 82/150 [train]:   0%|          | 0/26 [00:00<?, ?it/s, S=0.4369, loss=-0.3750]
Epoch 82/150 [train]:   0%|          | 0/26 [00:00<?, ?it/s, S=0.4431, loss=-0.3876]
Epoch 82/150 [train]:   0%|          | 0/26 [00:00<?, ?it/s, S=0.4342, loss=-0.3778]
Epoch 82/150 [train]:  35%|███▍      | 9/26 [00:00<00:00, 85.51it/s, S=0.4342, loss=-0.3778]
Epoch 82/150 [train]:  35%|███▍      | 9/26 [00:00<00:00, 85.51it/s, S=0.4345, loss=-0.3705]
Epoch 82/150 [train]:  35%|███▍      | 9/26 [00:00<00:00, 85.51it/s, S=0.4277, loss=-0.3652]
Epoch 82/150 [train]:  35%|███▍      | 9/26 [00:00<00:00, 85.51it/s, S=0.4362, loss=-0.3717]
Epoch 82/150 [train]:  35%|███▍      | 9/26 [00:00<00:00, 85.51it/s, S=0.4338, loss=-0.3756]
Epoch 82/150 [train]:  35%|███▍      | 9/26 [00:00<00:00, 85.51it/s, S=0.4391, loss=-0.3828]
Epoch 82/150 [train]:  35%|███▍      | 9/26 [00:00<00:00, 85.51it/s, S=0.4408, loss=-0.3851]
Epoch 82/150 [train]:  35%|███▍      | 9/26 [00:00<00:00, 85.51it/s, S=0.4357, loss=-0.3731]
Epoch 82/150 [train]:  35%|███▍      | 9/26 [00:00<00:00, 85.51it/s, S=0.4436, loss=-0.3856]
Epoch 82/150 [train]:  35%|███▍      | 9/26 [00:00<00:00, 85.51it/s, S=0.4353, loss=-0.3787]
Epoch 82/150 [train]:  69%|██████▉   | 18/26 [00:00<00:00, 85.93it/s, S=0.4353, loss=-0.3787]
Epoch 82/150 [train]:  69%|██████▉   | 18/26 [00:00<00:00, 85.93it/s, S=0.4377, loss=-0.3766]
Epoch 82/150 [train]:  69%|██████▉   | 18/26 [00:00<00:00, 85.93it/s, S=0.4399, loss=-0.3812]
Epoch 82/150 [train]:  69%|██████▉   | 18/26 [00:00<00:00, 85.93it/s, S=0.4494, loss=-0.3917]
Epoch 82/150 [train]:  69%|██████▉   | 18/26 [00:00<00:00, 85.93it/s, S=0.4410, loss=-0.3750]
Epoch 82/150 [train]:  69%|██████▉   | 18/26 [00:00<00:00, 85.93it/s, S=0.4371, loss=-0.3783]
Epoch 82/150 [train]:  69%|██████▉   | 18/26 [00:00<00:00, 85.93it/s, S=0.4399, loss=-0.3799]
Epoch 82/150 [train]:  69%|██████▉   | 18/26 [00:00<00:00, 85.93it/s, S=0.4350, loss=-0.3672]
Epoch 82/150 [train]:  69%|██████▉   | 18/26 [00:00<00:00, 85.93it/s, S=0.4354, loss=-0.3717]
                                                                                             
Epoch  82/150  train loss=-0.3780  val loss=-0.3913  S[mean]=0.4525  ζ=0.4214  mean_plane_ζ=0.3534  reg=0.0613  λscale=1.00  lr=4.73e-04

Epoch 83/150 [train]:   0%|          | 0/26 [00:00<?, ?it/s]
Epoch 83/150 [train]:   0%|          | 0/26 [00:00<?, ?it/s, S=0.4383, loss=-0.3756]
Epoch 83/150 [train]:   0%|          | 0/26 [00:00<?, ?it/s, S=0.4408, loss=-0.3806]
Epoch 83/150 [train]:   0%|          | 0/26 [00:00<?, ?it/s, S=0.4471, loss=-0.3896]
Epoch 83/150 [train]:   0%|          | 0/26 [00:00<?, ?it/s, S=0.4372, loss=-0.3748]
Epoch 83/150 [train]:   0%|          | 0/26 [00:00<?, ?it/s, S=0.4404, loss=-0.3812]
Epoch 83/150 [train]:   0%|          | 0/26 [00:00<?, ?it/s, S=0.4357, loss=-0.3769]
Epoch 83/150 [train]:   0%|          | 0/26 [00:00<?, ?it/s, S=0.4462, loss=-0.3860]
Epoch 83/150 [train]:   0%|          | 0/26 [00:00<?, ?it/s, S=0.4423, loss=-0.3745]
Epoch 83/150 [train]:   0%|          | 0/26 [00:00<?, ?it/s, S=0.4452, loss=-0.3865]
Epoch 83/150 [train]:  35%|███▍      | 9/26 [00:00<00:00, 85.97it/s, S=0.4452, loss=-0.3865]
Epoch 83/150 [train]:  35%|███▍      | 9/26 [00:00<00:00, 85.97it/s, S=0.4387, loss=-0.3824]
Epoch 83/150 [train]:  35%|███▍      | 9/26 [00:00<00:00, 85.97it/s, S=0.4427, loss=-0.3839]
Epoch 83/150 [train]:  35%|███▍      | 9/26 [00:00<00:00, 85.97it/s, S=0.4322, loss=-0.3708]
Epoch 83/150 [train]:  35%|███▍      | 9/26 [00:00<00:00, 85.97it/s, S=0.4392, loss=-0.3759]
Epoch 83/150 [train]:  35%|███▍      | 9/26 [00:00<00:00, 85.97it/s, S=0.4438, loss=-0.3871]
Epoch 83/150 [train]:  35%|███▍      | 9/26 [00:00<00:00, 85.97it/s, S=0.4412, loss=-0.3823]
Epoch 83/150 [train]:  35%|███▍      | 9/26 [00:00<00:00, 85.97it/s, S=0.4430, loss=-0.3845]
Epoch 83/150 [train]:  35%|███▍      | 9/26 [00:00<00:00, 85.97it/s, S=0.4411, loss=-0.3832]
Epoch 83/150 [train]:  35%|███▍      | 9/26 [00:00<00:00, 85.97it/s, S=0.4398, loss=-0.3773]
Epoch 83/150 [train]:  69%|██████▉   | 18/26 [00:00<00:00, 86.12it/s, S=0.4398, loss=-0.3773]
Epoch 83/150 [train]:  69%|██████▉   | 18/26 [00:00<00:00, 86.12it/s, S=0.4488, loss=-0.3881]
Epoch 83/150 [train]:  69%|██████▉   | 18/26 [00:00<00:00, 86.12it/s, S=0.4358, loss=-0.3725]
Epoch 83/150 [train]:  69%|██████▉   | 18/26 [00:00<00:00, 86.12it/s, S=0.4439, loss=-0.3851]
Epoch 83/150 [train]:  69%|██████▉   | 18/26 [00:00<00:00, 86.12it/s, S=0.4432, loss=-0.3817]
Epoch 83/150 [train]:  69%|██████▉   | 18/26 [00:00<00:00, 86.12it/s, S=0.4442, loss=-0.3807]
Epoch 83/150 [train]:  69%|██████▉   | 18/26 [00:00<00:00, 86.12it/s, S=0.4533, loss=-0.3959]
Epoch 83/150 [train]:  69%|██████▉   | 18/26 [00:00<00:00, 86.12it/s, S=0.4515, loss=-0.3956]
Epoch 83/150 [train]:  69%|██████▉   | 18/26 [00:00<00:00, 86.12it/s, S=0.4400, loss=-0.3776]
                                                                                             
Epoch  83/150  train loss=-0.3819  val loss=-0.3941  S[mean]=0.4561  ζ=0.4207  mean_plane_ζ=0.3569  reg=0.0620  λscale=1.00  lr=4.68e-04

Epoch 84/150 [train]:   0%|          | 0/26 [00:00<?, ?it/s]
Epoch 84/150 [train]:   0%|          | 0/26 [00:00<?, ?it/s, S=0.4407, loss=-0.3836]
Epoch 84/150 [train]:   0%|          | 0/26 [00:00<?, ?it/s, S=0.4452, loss=-0.3863]
Epoch 84/150 [train]:   0%|          | 0/26 [00:00<?, ?it/s, S=0.4440, loss=-0.3855]
Epoch 84/150 [train]:   0%|          | 0/26 [00:00<?, ?it/s, S=0.4547, loss=-0.3929]
Epoch 84/150 [train]:   0%|          | 0/26 [00:00<?, ?it/s, S=0.4482, loss=-0.3935]
Epoch 84/150 [train]:   0%|          | 0/26 [00:00<?, ?it/s, S=0.4491, loss=-0.3930]
Epoch 84/150 [train]:   0%|          | 0/26 [00:00<?, ?it/s, S=0.4473, loss=-0.3881]
Epoch 84/150 [train]:   0%|          | 0/26 [00:00<?, ?it/s, S=0.4532, loss=-0.3955]
Epoch 84/150 [train]:   0%|          | 0/26 [00:00<?, ?it/s, S=0.4521, loss=-0.3931]
Epoch 84/150 [train]:  35%|███▍      | 9/26 [00:00<00:00, 85.80it/s, S=0.4521, loss=-0.3931]
Epoch 84/150 [train]:  35%|███▍      | 9/26 [00:00<00:00, 85.80it/s, S=0.4487, loss=-0.3878]
Epoch 84/150 [train]:  35%|███▍      | 9/26 [00:00<00:00, 85.80it/s, S=0.4544, loss=-0.3985]
Epoch 84/150 [train]:  35%|███▍      | 9/26 [00:00<00:00, 85.80it/s, S=0.4512, loss=-0.3895]
Epoch 84/150 [train]:  35%|███▍      | 9/26 [00:00<00:00, 85.80it/s, S=0.4477, loss=-0.3869]
Epoch 84/150 [train]:  35%|███▍      | 9/26 [00:00<00:00, 85.80it/s, S=0.4492, loss=-0.3890]
Epoch 84/150 [train]:  35%|███▍      | 9/26 [00:00<00:00, 85.80it/s, S=0.4545, loss=-0.3965]
Epoch 84/150 [train]:  35%|███▍      | 9/26 [00:00<00:00, 85.80it/s, S=0.4484, loss=-0.3894]
Epoch 84/150 [train]:  35%|███▍      | 9/26 [00:00<00:00, 85.80it/s, S=0.4416, loss=-0.3823]
Epoch 84/150 [train]:  35%|███▍      | 9/26 [00:00<00:00, 85.80it/s, S=0.4393, loss=-0.3781]
Epoch 84/150 [train]:  69%|██████▉   | 18/26 [00:00<00:00, 85.81it/s, S=0.4393, loss=-0.3781]
Epoch 84/150 [train]:  69%|██████▉   | 18/26 [00:00<00:00, 85.81it/s, S=0.4520, loss=-0.3905]
Epoch 84/150 [train]:  69%|██████▉   | 18/26 [00:00<00:00, 85.81it/s, S=0.4503, loss=-0.3928]
Epoch 84/150 [train]:  69%|██████▉   | 18/26 [00:00<00:00, 85.81it/s, S=0.4521, loss=-0.3941]
Epoch 84/150 [train]:  69%|██████▉   | 18/26 [00:00<00:00, 85.81it/s, S=0.4461, loss=-0.3855]
Epoch 84/150 [train]:  69%|██████▉   | 18/26 [00:00<00:00, 85.81it/s, S=0.4492, loss=-0.3908]
Epoch 84/150 [train]:  69%|██████▉   | 18/26 [00:00<00:00, 85.81it/s, S=0.4535, loss=-0.3920]
Epoch 84/150 [train]:  69%|██████▉   | 18/26 [00:00<00:00, 85.81it/s, S=0.4540, loss=-0.3947]
Epoch 84/150 [train]:  69%|██████▉   | 18/26 [00:00<00:00, 85.81it/s, S=0.4496, loss=-0.3915]
                                                                                             
Epoch  84/150  train loss=-0.3900  val loss=-0.4002  S[mean]=0.4623  ζ=0.4206  mean_plane_ζ=0.3607  reg=0.0621  λscale=1.00  lr=4.63e-04

Epoch 85/150 [train]:   0%|          | 0/26 [00:00<?, ?it/s]
Epoch 85/150 [train]:   0%|          | 0/26 [00:00<?, ?it/s, S=0.4604, loss=-0.4045]
Epoch 85/150 [train]:   0%|          | 0/26 [00:00<?, ?it/s, S=0.4483, loss=-0.3927]
Epoch 85/150 [train]:   0%|          | 0/26 [00:00<?, ?it/s, S=0.4572, loss=-0.4011]
Epoch 85/150 [train]:   0%|          | 0/26 [00:00<?, ?it/s, S=0.4390, loss=-0.3753]
Epoch 85/150 [train]:   0%|          | 0/26 [00:00<?, ?it/s, S=0.4528, loss=-0.3948]
Epoch 85/150 [train]:   0%|          | 0/26 [00:00<?, ?it/s, S=0.4519, loss=-0.3946]
Epoch 85/150 [train]:   0%|          | 0/26 [00:00<?, ?it/s, S=0.4545, loss=-0.3974]
Epoch 85/150 [train]:   0%|          | 0/26 [00:00<?, ?it/s, S=0.4577, loss=-0.3997]
Epoch 85/150 [train]:   0%|          | 0/26 [00:00<?, ?it/s, S=0.4626, loss=-0.4047]
Epoch 85/150 [train]:  35%|███▍      | 9/26 [00:00<00:00, 85.64it/s, S=0.4626, loss=-0.4047]
Epoch 85/150 [train]:  35%|███▍      | 9/26 [00:00<00:00, 85.64it/s, S=0.4512, loss=-0.3937]
Epoch 85/150 [train]:  35%|███▍      | 9/26 [00:00<00:00, 85.64it/s, S=0.4549, loss=-0.3941]
Epoch 85/150 [train]:  35%|███▍      | 9/26 [00:00<00:00, 85.64it/s, S=0.4506, loss=-0.3887]
Epoch 85/150 [train]:  35%|███▍      | 9/26 [00:00<00:00, 85.64it/s, S=0.4585, loss=-0.4000]
Epoch 85/150 [train]:  35%|███▍      | 9/26 [00:00<00:00, 85.64it/s, S=0.4537, loss=-0.3876]
Epoch 85/150 [train]:  35%|███▍      | 9/26 [00:00<00:00, 85.64it/s, S=0.4530, loss=-0.3913]
Epoch 85/150 [train]:  35%|███▍      | 9/26 [00:00<00:00, 85.64it/s, S=0.4583, loss=-0.3970]
Epoch 85/150 [train]:  35%|███▍      | 9/26 [00:00<00:00, 85.64it/s, S=0.4569, loss=-0.3983]
Epoch 85/150 [train]:  35%|███▍      | 9/26 [00:00<00:00, 85.64it/s, S=0.4555, loss=-0.3951]
Epoch 85/150 [train]:  69%|██████▉   | 18/26 [00:00<00:00, 85.99it/s, S=0.4555, loss=-0.3951]
Epoch 85/150 [train]:  69%|██████▉   | 18/26 [00:00<00:00, 85.99it/s, S=0.4519, loss=-0.3897]
Epoch 85/150 [train]:  69%|██████▉   | 18/26 [00:00<00:00, 85.99it/s, S=0.4512, loss=-0.3817]
Epoch 85/150 [train]:  69%|██████▉   | 18/26 [00:00<00:00, 85.99it/s, S=0.4607, loss=-0.4019]
Epoch 85/150 [train]:  69%|██████▉   | 18/26 [00:00<00:00, 85.99it/s, S=0.4567, loss=-0.3948]
Epoch 85/150 [train]:  69%|██████▉   | 18/26 [00:00<00:00, 85.99it/s, S=0.4538, loss=-0.3967]
Epoch 85/150 [train]:  69%|██████▉   | 18/26 [00:00<00:00, 85.99it/s, S=0.4678, loss=-0.4088]
Epoch 85/150 [train]:  69%|██████▉   | 18/26 [00:00<00:00, 85.99it/s, S=0.4557, loss=-0.3896]
Epoch 85/150 [train]:  69%|██████▉   | 18/26 [00:00<00:00, 85.99it/s, S=0.4655, loss=-0.4082]
                                                                                             
Epoch  85/150  train loss=-0.3955  val loss=-0.4042  S[mean]=0.4665  ζ=0.4192  mean_plane_ζ=0.3639  reg=0.0624  λscale=1.00  lr=4.58e-04

Epoch 86/150 [train]:   0%|          | 0/26 [00:00<?, ?it/s]
Epoch 86/150 [train]:   0%|          | 0/26 [00:00<?, ?it/s, S=0.4541, loss=-0.3899]
Epoch 86/150 [train]:   0%|          | 0/26 [00:00<?, ?it/s, S=0.4577, loss=-0.3974]
Epoch 86/150 [train]:   0%|          | 0/26 [00:00<?, ?it/s, S=0.4544, loss=-0.3975]
Epoch 86/150 [train]:   0%|          | 0/26 [00:00<?, ?it/s, S=0.4521, loss=-0.3868]
Epoch 86/150 [train]:   0%|          | 0/26 [00:00<?, ?it/s, S=0.4642, loss=-0.4074]
Epoch 86/150 [train]:   0%|          | 0/26 [00:00<?, ?it/s, S=0.4565, loss=-0.3987]
Epoch 86/150 [train]:   0%|          | 0/26 [00:00<?, ?it/s, S=0.4703, loss=-0.4101]
Epoch 86/150 [train]:   0%|          | 0/26 [00:00<?, ?it/s, S=0.4576, loss=-0.3971]
Epoch 86/150 [train]:   0%|          | 0/26 [00:00<?, ?it/s, S=0.4683, loss=-0.4124]
Epoch 86/150 [train]:  35%|███▍      | 9/26 [00:00<00:00, 85.82it/s, S=0.4683, loss=-0.4124]
Epoch 86/150 [train]:  35%|███▍      | 9/26 [00:00<00:00, 85.82it/s, S=0.4595, loss=-0.4022]
Epoch 86/150 [train]:  35%|███▍      | 9/26 [00:00<00:00, 85.82it/s, S=0.4612, loss=-0.4036]
Epoch 86/150 [train]:  35%|███▍      | 9/26 [00:00<00:00, 85.82it/s, S=0.4710, loss=-0.4145]
Epoch 86/150 [train]:  35%|███▍      | 9/26 [00:00<00:00, 85.82it/s, S=0.4655, loss=-0.4052]
Epoch 86/150 [train]:  35%|███▍      | 9/26 [00:00<00:00, 85.82it/s, S=0.4695, loss=-0.4076]
Epoch 86/150 [train]:  35%|███▍      | 9/26 [00:00<00:00, 85.82it/s, S=0.4583, loss=-0.3930]
Epoch 86/150 [train]:  35%|███▍      | 9/26 [00:00<00:00, 85.82it/s, S=0.4707, loss=-0.4118]
Epoch 86/150 [train]:  35%|███▍      | 9/26 [00:00<00:00, 85.82it/s, S=0.4693, loss=-0.4071]
Epoch 86/150 [train]:  35%|███▍      | 9/26 [00:00<00:00, 85.82it/s, S=0.4702, loss=-0.4109]
Epoch 86/150 [train]:  69%|██████▉   | 18/26 [00:00<00:00, 86.00it/s, S=0.4702, loss=-0.4109]
Epoch 86/150 [train]:  69%|██████▉   | 18/26 [00:00<00:00, 86.00it/s, S=0.4719, loss=-0.4117]
Epoch 86/150 [train]:  69%|██████▉   | 18/26 [00:00<00:00, 86.00it/s, S=0.4510, loss=-0.3916]
Epoch 86/150 [train]:  69%|██████▉   | 18/26 [00:00<00:00, 86.00it/s, S=0.4563, loss=-0.3943]
Epoch 86/150 [train]:  69%|██████▉   | 18/26 [00:00<00:00, 86.00it/s, S=0.4544, loss=-0.3957]
Epoch 86/150 [train]:  69%|██████▉   | 18/26 [00:00<00:00, 86.00it/s, S=0.4549, loss=-0.3953]
Epoch 86/150 [train]:  69%|██████▉   | 18/26 [00:00<00:00, 86.00it/s, S=0.4661, loss=-0.3991]
Epoch 86/150 [train]:  69%|██████▉   | 18/26 [00:00<00:00, 86.00it/s, S=0.4633, loss=-0.4021]
Epoch 86/150 [train]:  69%|██████▉   | 18/26 [00:00<00:00, 86.00it/s, S=0.4638, loss=-0.4067]
                                                                                             
Epoch  86/150  train loss=-0.4019  val loss=-0.4096  S[mean]=0.4721  ζ=0.4174  mean_plane_ζ=0.3666  reg=0.0624  λscale=1.00  lr=4.52e-04

Epoch 87/150 [train]:   0%|          | 0/26 [00:00<?, ?it/s]
Epoch 87/150 [train]:   0%|          | 0/26 [00:00<?, ?it/s, S=0.4691, loss=-0.4095]
Epoch 87/150 [train]:   0%|          | 0/26 [00:00<?, ?it/s, S=0.4577, loss=-0.3984]
Epoch 87/150 [train]:   0%|          | 0/26 [00:00<?, ?it/s, S=0.4660, loss=-0.4106]
Epoch 87/150 [train]:   0%|          | 0/26 [00:00<?, ?it/s, S=0.4667, loss=-0.4052]
Epoch 87/150 [train]:   0%|          | 0/26 [00:00<?, ?it/s, S=0.4652, loss=-0.4067]
Epoch 87/150 [train]:   0%|          | 0/26 [00:00<?, ?it/s, S=0.4746, loss=-0.4123]
Epoch 87/150 [train]:   0%|          | 0/26 [00:00<?, ?it/s, S=0.4736, loss=-0.4162]
Epoch 87/150 [train]:   0%|          | 0/26 [00:00<?, ?it/s, S=0.4549, loss=-0.3905]
Epoch 87/150 [train]:   0%|          | 0/26 [00:00<?, ?it/s, S=0.4687, loss=-0.4084]
Epoch 87/150 [train]:  35%|███▍      | 9/26 [00:00<00:00, 85.82it/s, S=0.4687, loss=-0.4084]
Epoch 87/150 [train]:  35%|███▍      | 9/26 [00:00<00:00, 85.82it/s, S=0.4754, loss=-0.4122]
Epoch 87/150 [train]:  35%|███▍      | 9/26 [00:00<00:00, 85.82it/s, S=0.4642, loss=-0.4063]
Epoch 87/150 [train]:  35%|███▍      | 9/26 [00:00<00:00, 85.82it/s, S=0.4712, loss=-0.4077]
Epoch 87/150 [train]:  35%|███▍      | 9/26 [00:00<00:00, 85.82it/s, S=0.4710, loss=-0.4086]
Epoch 87/150 [train]:  35%|███▍      | 9/26 [00:00<00:00, 85.82it/s, S=0.4687, loss=-0.4103]
Epoch 87/150 [train]:  35%|███▍      | 9/26 [00:00<00:00, 85.82it/s, S=0.4577, loss=-0.3921]
Epoch 87/150 [train]:  35%|███▍      | 9/26 [00:00<00:00, 85.82it/s, S=0.4623, loss=-0.3979]
Epoch 87/150 [train]:  35%|███▍      | 9/26 [00:00<00:00, 85.82it/s, S=0.4649, loss=-0.4073]
Epoch 87/150 [train]:  35%|███▍      | 9/26 [00:00<00:00, 85.82it/s, S=0.4665, loss=-0.4043]
Epoch 87/150 [train]:  69%|██████▉   | 18/26 [00:00<00:00, 85.81it/s, S=0.4665, loss=-0.4043]
Epoch 87/150 [train]:  69%|██████▉   | 18/26 [00:00<00:00, 85.81it/s, S=0.4658, loss=-0.4086]
Epoch 87/150 [train]:  69%|██████▉   | 18/26 [00:00<00:00, 85.81it/s, S=0.4595, loss=-0.3931]
Epoch 87/150 [train]:  69%|██████▉   | 18/26 [00:00<00:00, 85.81it/s, S=0.4657, loss=-0.4033]
Epoch 87/150 [train]:  69%|██████▉   | 18/26 [00:00<00:00, 85.81it/s, S=0.4715, loss=-0.4070]
Epoch 87/150 [train]:  69%|██████▉   | 18/26 [00:00<00:00, 85.81it/s, S=0.4741, loss=-0.4116]
Epoch 87/150 [train]:  69%|██████▉   | 18/26 [00:00<00:00, 85.81it/s, S=0.4587, loss=-0.3981]
Epoch 87/150 [train]:  69%|██████▉   | 18/26 [00:00<00:00, 85.81it/s, S=0.4656, loss=-0.4019]
Epoch 87/150 [train]:  69%|██████▉   | 18/26 [00:00<00:00, 85.81it/s, S=0.4656, loss=-0.4070]
                                                                                             
Epoch  87/150  train loss=-0.4052  val loss=-0.4132  S[mean]=0.4769  ζ=0.4146  mean_plane_ζ=0.3685  reg=0.0636  λscale=1.00  lr=4.46e-04

Epoch 88/150 [train]:   0%|          | 0/26 [00:00<?, ?it/s]
Epoch 88/150 [train]:   0%|          | 0/26 [00:00<?, ?it/s, S=0.4734, loss=-0.4102]
Epoch 88/150 [train]:   0%|          | 0/26 [00:00<?, ?it/s, S=0.4737, loss=-0.4129]
Epoch 88/150 [train]:   0%|          | 0/26 [00:00<?, ?it/s, S=0.4577, loss=-0.3877]
Epoch 88/150 [train]:   0%|          | 0/26 [00:00<?, ?it/s, S=0.4656, loss=-0.4050]
Epoch 88/150 [train]:   0%|          | 0/26 [00:00<?, ?it/s, S=0.4562, loss=-0.3949]
Epoch 88/150 [train]:   0%|          | 0/26 [00:00<?, ?it/s, S=0.4751, loss=-0.4186]
Epoch 88/150 [train]:   0%|          | 0/26 [00:00<?, ?it/s, S=0.4721, loss=-0.4130]
Epoch 88/150 [train]:   0%|          | 0/26 [00:00<?, ?it/s, S=0.4757, loss=-0.4183]
Epoch 88/150 [train]:   0%|          | 0/26 [00:00<?, ?it/s, S=0.4657, loss=-0.4061]
Epoch 88/150 [train]:  35%|███▍      | 9/26 [00:00<00:00, 85.58it/s, S=0.4657, loss=-0.4061]
Epoch 88/150 [train]:  35%|███▍      | 9/26 [00:00<00:00, 85.58it/s, S=0.4777, loss=-0.4089]
Epoch 88/150 [train]:  35%|███▍      | 9/26 [00:00<00:00, 85.58it/s, S=0.4468, loss=-0.3816]
Epoch 88/150 [train]:  35%|███▍      | 9/26 [00:00<00:00, 85.58it/s, S=0.4743, loss=-0.4131]
Epoch 88/150 [train]:  35%|███▍      | 9/26 [00:00<00:00, 85.58it/s, S=0.4712, loss=-0.4094]
Epoch 88/150 [train]:  35%|███▍      | 9/26 [00:00<00:00, 85.58it/s, S=0.4732, loss=-0.4120]
Epoch 88/150 [train]:  35%|███▍      | 9/26 [00:00<00:00, 85.58it/s, S=0.4687, loss=-0.4078]
Epoch 88/150 [train]:  35%|███▍      | 9/26 [00:00<00:00, 85.58it/s, S=0.4687, loss=-0.4043]
Epoch 88/150 [train]:  35%|███▍      | 9/26 [00:00<00:00, 85.58it/s, S=0.4739, loss=-0.4160]
Epoch 88/150 [train]:  35%|███▍      | 9/26 [00:00<00:00, 85.58it/s, S=0.4682, loss=-0.4070]
Epoch 88/150 [train]:  69%|██████▉   | 18/26 [00:00<00:00, 85.59it/s, S=0.4682, loss=-0.4070]
Epoch 88/150 [train]:  69%|██████▉   | 18/26 [00:00<00:00, 85.59it/s, S=0.4698, loss=-0.4103]
Epoch 88/150 [train]:  69%|██████▉   | 18/26 [00:00<00:00, 85.59it/s, S=0.4863, loss=-0.4243]
Epoch 88/150 [train]:  69%|██████▉   | 18/26 [00:00<00:00, 85.59it/s, S=0.4687, loss=-0.4099]
Epoch 88/150 [train]:  69%|██████▉   | 18/26 [00:00<00:00, 85.59it/s, S=0.4656, loss=-0.4041]
Epoch 88/150 [train]:  69%|██████▉   | 18/26 [00:00<00:00, 85.59it/s, S=0.4773, loss=-0.4200]
Epoch 88/150 [train]:  69%|██████▉   | 18/26 [00:00<00:00, 85.59it/s, S=0.4755, loss=-0.4100]
Epoch 88/150 [train]:  69%|██████▉   | 18/26 [00:00<00:00, 85.59it/s, S=0.4687, loss=-0.4064]
Epoch 88/150 [train]:  69%|██████▉   | 18/26 [00:00<00:00, 85.59it/s, S=0.4633, loss=-0.4018]
                                                                                             
Epoch  88/150  train loss=-0.4082  val loss=-0.4190  S[mean]=0.4824  ζ=0.4137  mean_plane_ζ=0.3698  reg=0.0634  λscale=1.00  lr=4.40e-04

Epoch 89/150 [train]:   0%|          | 0/26 [00:00<?, ?it/s]
Epoch 89/150 [train]:   0%|          | 0/26 [00:00<?, ?it/s, S=0.4890, loss=-0.4284]
Epoch 89/150 [train]:   0%|          | 0/26 [00:00<?, ?it/s, S=0.4745, loss=-0.4153]
Epoch 89/150 [train]:   0%|          | 0/26 [00:00<?, ?it/s, S=0.4727, loss=-0.4104]
Epoch 89/150 [train]:   0%|          | 0/26 [00:00<?, ?it/s, S=0.4647, loss=-0.4002]
Epoch 89/150 [train]:   0%|          | 0/26 [00:00<?, ?it/s, S=0.4715, loss=-0.4113]
Epoch 89/150 [train]:   0%|          | 0/26 [00:00<?, ?it/s, S=0.4821, loss=-0.4236]
Epoch 89/150 [train]:   0%|          | 0/26 [00:00<?, ?it/s, S=0.4764, loss=-0.4123]
Epoch 89/150 [train]:   0%|          | 0/26 [00:00<?, ?it/s, S=0.4685, loss=-0.4032]
Epoch 89/150 [train]:   0%|          | 0/26 [00:00<?, ?it/s, S=0.4790, loss=-0.4198]
Epoch 89/150 [train]:  35%|███▍      | 9/26 [00:00<00:00, 85.63it/s, S=0.4790, loss=-0.4198]
Epoch 89/150 [train]:  35%|███▍      | 9/26 [00:00<00:00, 85.63it/s, S=0.4763, loss=-0.4117]
Epoch 89/150 [train]:  35%|███▍      | 9/26 [00:00<00:00, 85.63it/s, S=0.4859, loss=-0.4239]
Epoch 89/150 [train]:  35%|███▍      | 9/26 [00:00<00:00, 85.63it/s, S=0.4898, loss=-0.4322]
Epoch 89/150 [train]:  35%|███▍      | 9/26 [00:00<00:00, 85.63it/s, S=0.4821, loss=-0.4252]
Epoch 89/150 [train]:  35%|███▍      | 9/26 [00:00<00:00, 85.63it/s, S=0.4801, loss=-0.4156]
Epoch 89/150 [train]:  35%|███▍      | 9/26 [00:00<00:00, 85.63it/s, S=0.4809, loss=-0.4199]
Epoch 89/150 [train]:  35%|███▍      | 9/26 [00:00<00:00, 85.63it/s, S=0.4819, loss=-0.4162]
Epoch 89/150 [train]:  35%|███▍      | 9/26 [00:00<00:00, 85.63it/s, S=0.4812, loss=-0.4179]
Epoch 89/150 [train]:  35%|███▍      | 9/26 [00:00<00:00, 85.63it/s, S=0.4640, loss=-0.4037]
Epoch 89/150 [train]:  69%|██████▉   | 18/26 [00:00<00:00, 85.86it/s, S=0.4640, loss=-0.4037]
Epoch 89/150 [train]:  69%|██████▉   | 18/26 [00:00<00:00, 85.86it/s, S=0.4894, loss=-0.4319]
Epoch 89/150 [train]:  69%|██████▉   | 18/26 [00:00<00:00, 85.86it/s, S=0.4829, loss=-0.4242]
Epoch 89/150 [train]:  69%|██████▉   | 18/26 [00:00<00:00, 85.86it/s, S=0.4672, loss=-0.4000]
Epoch 89/150 [train]:  69%|██████▉   | 18/26 [00:00<00:00, 85.86it/s, S=0.4742, loss=-0.4109]
Epoch 89/150 [train]:  69%|██████▉   | 18/26 [00:00<00:00, 85.86it/s, S=0.4729, loss=-0.4117]
Epoch 89/150 [train]:  69%|██████▉   | 18/26 [00:00<00:00, 85.86it/s, S=0.4812, loss=-0.4218]
Epoch 89/150 [train]:  69%|██████▉   | 18/26 [00:00<00:00, 85.86it/s, S=0.4896, loss=-0.4301]
Epoch 89/150 [train]:  69%|██████▉   | 18/26 [00:00<00:00, 85.86it/s, S=0.4821, loss=-0.4224]
                                                                                             
Epoch  89/150  train loss=-0.4171  val loss=-0.4229  S[mean]=0.4858  ζ=0.4120  mean_plane_ζ=0.3715  reg=0.0629  λscale=1.00  lr=4.34e-04

Epoch 90/150 [train]:   0%|          | 0/26 [00:00<?, ?it/s]
Epoch 90/150 [train]:   0%|          | 0/26 [00:00<?, ?it/s, S=0.4690, loss=-0.4091]
Epoch 90/150 [train]:   0%|          | 0/26 [00:00<?, ?it/s, S=0.4877, loss=-0.4297]
Epoch 90/150 [train]:   0%|          | 0/26 [00:00<?, ?it/s, S=0.5027, loss=-0.4433]
Epoch 90/150 [train]:   0%|          | 0/26 [00:00<?, ?it/s, S=0.4894, loss=-0.4313]
Epoch 90/150 [train]:   0%|          | 0/26 [00:00<?, ?it/s, S=0.4827, loss=-0.4195]
Epoch 90/150 [train]:   0%|          | 0/26 [00:00<?, ?it/s, S=0.4848, loss=-0.4249]
Epoch 90/150 [train]:   0%|          | 0/26 [00:00<?, ?it/s, S=0.4725, loss=-0.4121]
Epoch 90/150 [train]:   0%|          | 0/26 [00:00<?, ?it/s, S=0.4922, loss=-0.4349]
Epoch 90/150 [train]:   0%|          | 0/26 [00:00<?, ?it/s, S=0.4764, loss=-0.4173]
Epoch 90/150 [train]:  35%|███▍      | 9/26 [00:00<00:00, 85.75it/s, S=0.4764, loss=-0.4173]
Epoch 90/150 [train]:  35%|███▍      | 9/26 [00:00<00:00, 85.75it/s, S=0.4771, loss=-0.4110]
Epoch 90/150 [train]:  35%|███▍      | 9/26 [00:00<00:00, 85.75it/s, S=0.4867, loss=-0.4278]
Epoch 90/150 [train]:  35%|███▍      | 9/26 [00:00<00:00, 85.75it/s, S=0.4877, loss=-0.4266]
Epoch 90/150 [train]:  35%|███▍      | 9/26 [00:00<00:00, 85.75it/s, S=0.4748, loss=-0.4110]
Epoch 90/150 [train]:  35%|███▍      | 9/26 [00:00<00:00, 85.75it/s, S=0.4971, loss=-0.4371]
Epoch 90/150 [train]:  35%|███▍      | 9/26 [00:00<00:00, 85.75it/s, S=0.4940, loss=-0.4367]
Epoch 90/150 [train]:  35%|███▍      | 9/26 [00:00<00:00, 85.75it/s, S=0.4802, loss=-0.4187]
Epoch 90/150 [train]:  35%|███▍      | 9/26 [00:00<00:00, 85.75it/s, S=0.4937, loss=-0.4362]
Epoch 90/150 [train]:  35%|███▍      | 9/26 [00:00<00:00, 85.75it/s, S=0.4785, loss=-0.4156]
Epoch 90/150 [train]:  69%|██████▉   | 18/26 [00:00<00:00, 85.42it/s, S=0.4785, loss=-0.4156]
Epoch 90/150 [train]:  69%|██████▉   | 18/26 [00:00<00:00, 85.42it/s, S=0.5029, loss=-0.4424]
Epoch 90/150 [train]:  69%|██████▉   | 18/26 [00:00<00:00, 85.42it/s, S=0.4684, loss=-0.4094]
Epoch 90/150 [train]:  69%|██████▉   | 18/26 [00:00<00:00, 85.42it/s, S=0.4714, loss=-0.4109]
Epoch 90/150 [train]:  69%|██████▉   | 18/26 [00:00<00:00, 85.42it/s, S=0.4864, loss=-0.4251]
Epoch 90/150 [train]:  69%|██████▉   | 18/26 [00:00<00:00, 85.42it/s, S=0.4754, loss=-0.4109]
Epoch 90/150 [train]:  69%|██████▉   | 18/26 [00:00<00:00, 85.42it/s, S=0.4867, loss=-0.4229]
Epoch 90/150 [train]:  69%|██████▉   | 18/26 [00:00<00:00, 85.42it/s, S=0.4947, loss=-0.4320]
Epoch 90/150 [train]:  69%|██████▉   | 18/26 [00:00<00:00, 85.42it/s, S=0.4839, loss=-0.4244]
                                                                                             
Epoch  90/150  train loss=-0.4239  val loss=-0.4249  S[mean]=0.4886  ζ=0.4101  mean_plane_ζ=0.3710  reg=0.0637  λscale=1.00  lr=4.27e-04

Epoch 91/150 [train]:   0%|          | 0/26 [00:00<?, ?it/s]
Epoch 91/150 [train]:   0%|          | 0/26 [00:00<?, ?it/s, S=0.4941, loss=-0.4363]
Epoch 91/150 [train]:   0%|          | 0/26 [00:00<?, ?it/s, S=0.4961, loss=-0.4364]
Epoch 91/150 [train]:   0%|          | 0/26 [00:00<?, ?it/s, S=0.4969, loss=-0.4344]
Epoch 91/150 [train]:   0%|          | 0/26 [00:00<?, ?it/s, S=0.4867, loss=-0.4245]
Epoch 91/150 [train]:   0%|          | 0/26 [00:00<?, ?it/s, S=0.4923, loss=-0.4356]
Epoch 91/150 [train]:   0%|          | 0/26 [00:00<?, ?it/s, S=0.4830, loss=-0.4229]
Epoch 91/150 [train]:   0%|          | 0/26 [00:00<?, ?it/s, S=0.4861, loss=-0.4226]
Epoch 91/150 [train]:   0%|          | 0/26 [00:00<?, ?it/s, S=0.4835, loss=-0.4256]
Epoch 91/150 [train]:   0%|          | 0/26 [00:00<?, ?it/s, S=0.4856, loss=-0.4274]
Epoch 91/150 [train]:  35%|███▍      | 9/26 [00:00<00:00, 85.86it/s, S=0.4856, loss=-0.4274]
Epoch 91/150 [train]:  35%|███▍      | 9/26 [00:00<00:00, 85.86it/s, S=0.4895, loss=-0.4321]
Epoch 91/150 [train]:  35%|███▍      | 9/26 [00:00<00:00, 85.86it/s, S=0.4872, loss=-0.4289]
Epoch 91/150 [train]:  35%|███▍      | 9/26 [00:00<00:00, 85.86it/s, S=0.4855, loss=-0.4226]
Epoch 91/150 [train]:  35%|███▍      | 9/26 [00:00<00:00, 85.86it/s, S=0.4778, loss=-0.4178]
Epoch 91/150 [train]:  35%|███▍      | 9/26 [00:00<00:00, 85.86it/s, S=0.4844, loss=-0.4223]
Epoch 91/150 [train]:  35%|███▍      | 9/26 [00:00<00:00, 85.86it/s, S=0.4983, loss=-0.4349]
Epoch 91/150 [train]:  35%|███▍      | 9/26 [00:00<00:00, 85.86it/s, S=0.4661, loss=-0.3972]
Epoch 91/150 [train]:  35%|███▍      | 9/26 [00:00<00:00, 85.86it/s, S=0.4861, loss=-0.4247]
Epoch 91/150 [train]:  35%|███▍      | 9/26 [00:00<00:00, 85.86it/s, S=0.4816, loss=-0.4213]
Epoch 91/150 [train]:  69%|██████▉   | 18/26 [00:00<00:00, 85.94it/s, S=0.4816, loss=-0.4213]
Epoch 91/150 [train]:  69%|██████▉   | 18/26 [00:00<00:00, 85.94it/s, S=0.4964, loss=-0.4373]
Epoch 91/150 [train]:  69%|██████▉   | 18/26 [00:00<00:00, 85.94it/s, S=0.4937, loss=-0.4318]
Epoch 91/150 [train]:  69%|██████▉   | 18/26 [00:00<00:00, 85.94it/s, S=0.4943, loss=-0.4365]
Epoch 91/150 [train]:  69%|██████▉   | 18/26 [00:00<00:00, 85.94it/s, S=0.4938, loss=-0.4305]
Epoch 91/150 [train]:  69%|██████▉   | 18/26 [00:00<00:00, 85.94it/s, S=0.5033, loss=-0.4402]
Epoch 91/150 [train]:  69%|██████▉   | 18/26 [00:00<00:00, 85.94it/s, S=0.4832, loss=-0.4222]
Epoch 91/150 [train]:  69%|██████▉   | 18/26 [00:00<00:00, 85.94it/s, S=0.4998, loss=-0.4392]
Epoch 91/150 [train]:  69%|██████▉   | 18/26 [00:00<00:00, 85.94it/s, S=0.5022, loss=-0.4463]
                                                                                             
Epoch  91/150  train loss=-0.4289  val loss=-0.4298  S[mean]=0.4933  ζ=0.4085  mean_plane_ζ=0.3713  reg=0.0635  λscale=1.00  lr=4.20e-04

Epoch 92/150 [train]:   0%|          | 0/26 [00:00<?, ?it/s]
Epoch 92/150 [train]:   0%|          | 0/26 [00:00<?, ?it/s, S=0.4986, loss=-0.4389]
Epoch 92/150 [train]:   0%|          | 0/26 [00:00<?, ?it/s, S=0.4818, loss=-0.4190]
Epoch 92/150 [train]:   0%|          | 0/26 [00:00<?, ?it/s, S=0.4857, loss=-0.4260]
Epoch 92/150 [train]:   0%|          | 0/26 [00:00<?, ?it/s, S=0.4995, loss=-0.4389]
Epoch 92/150 [train]:   0%|          | 0/26 [00:00<?, ?it/s, S=0.5019, loss=-0.4437]
Epoch 92/150 [train]:   0%|          | 0/26 [00:00<?, ?it/s, S=0.4907, loss=-0.4281]
Epoch 92/150 [train]:   0%|          | 0/26 [00:00<?, ?it/s, S=0.4885, loss=-0.4299]
Epoch 92/150 [train]:   0%|          | 0/26 [00:00<?, ?it/s, S=0.5040, loss=-0.4417]
Epoch 92/150 [train]:   0%|          | 0/26 [00:00<?, ?it/s, S=0.4894, loss=-0.4298]
Epoch 92/150 [train]:  35%|███▍      | 9/26 [00:00<00:00, 85.88it/s, S=0.4894, loss=-0.4298]
Epoch 92/150 [train]:  35%|███▍      | 9/26 [00:00<00:00, 85.88it/s, S=0.4938, loss=-0.4352]
Epoch 92/150 [train]:  35%|███▍      | 9/26 [00:00<00:00, 85.88it/s, S=0.4911, loss=-0.4288]
Epoch 92/150 [train]:  35%|███▍      | 9/26 [00:00<00:00, 85.88it/s, S=0.4889, loss=-0.4302]
Epoch 92/150 [train]:  35%|███▍      | 9/26 [00:00<00:00, 85.88it/s, S=0.4997, loss=-0.4426]
Epoch 92/150 [train]:  35%|███▍      | 9/26 [00:00<00:00, 85.88it/s, S=0.4925, loss=-0.4299]
Epoch 92/150 [train]:  35%|███▍      | 9/26 [00:00<00:00, 85.88it/s, S=0.5023, loss=-0.4450]
Epoch 92/150 [train]:  35%|███▍      | 9/26 [00:00<00:00, 85.88it/s, S=0.4904, loss=-0.4303]
Epoch 92/150 [train]:  35%|███▍      | 9/26 [00:00<00:00, 85.88it/s, S=0.4854, loss=-0.4250]
Epoch 92/150 [train]:  35%|███▍      | 9/26 [00:00<00:00, 85.88it/s, S=0.4983, loss=-0.4387]
Epoch 92/150 [train]:  69%|██████▉   | 18/26 [00:00<00:00, 85.99it/s, S=0.4983, loss=-0.4387]
Epoch 92/150 [train]:  69%|██████▉   | 18/26 [00:00<00:00, 85.99it/s, S=0.4931, loss=-0.4344]
Epoch 92/150 [train]:  69%|██████▉   | 18/26 [00:00<00:00, 85.99it/s, S=0.4923, loss=-0.4347]
Epoch 92/150 [train]:  69%|██████▉   | 18/26 [00:00<00:00, 85.99it/s, S=0.4849, loss=-0.4263]
Epoch 92/150 [train]:  69%|██████▉   | 18/26 [00:00<00:00, 85.99it/s, S=0.4854, loss=-0.4250]
Epoch 92/150 [train]:  69%|██████▉   | 18/26 [00:00<00:00, 85.99it/s, S=0.4937, loss=-0.4261]
Epoch 92/150 [train]:  69%|██████▉   | 18/26 [00:00<00:00, 85.99it/s, S=0.5048, loss=-0.4433]
Epoch 92/150 [train]:  69%|██████▉   | 18/26 [00:00<00:00, 85.99it/s, S=0.4981, loss=-0.4366]
Epoch 92/150 [train]:  69%|██████▉   | 18/26 [00:00<00:00, 85.99it/s, S=0.4848, loss=-0.4260]
                                                                                             
Epoch  92/150  train loss=-0.4328  val loss=-0.4342  S[mean]=0.4971  ζ=0.4079  mean_plane_ζ=0.3715  reg=0.0629  λscale=1.00  lr=4.12e-04

Epoch 93/150 [train]:   0%|          | 0/26 [00:00<?, ?it/s]
Epoch 93/150 [train]:   0%|          | 0/26 [00:00<?, ?it/s, S=0.4951, loss=-0.4375]
Epoch 93/150 [train]:   0%|          | 0/26 [00:00<?, ?it/s, S=0.4915, loss=-0.4313]
Epoch 93/150 [train]:   0%|          | 0/26 [00:00<?, ?it/s, S=0.5158, loss=-0.4543]
Epoch 93/150 [train]:   0%|          | 0/26 [00:00<?, ?it/s, S=0.4884, loss=-0.4176]
Epoch 93/150 [train]:   0%|          | 0/26 [00:00<?, ?it/s, S=0.5033, loss=-0.4447]
Epoch 93/150 [train]:   0%|          | 0/26 [00:00<?, ?it/s, S=0.5110, loss=-0.4470]
Epoch 93/150 [train]:   0%|          | 0/26 [00:00<?, ?it/s, S=0.4885, loss=-0.4302]
Epoch 93/150 [train]:   0%|          | 0/26 [00:00<?, ?it/s, S=0.4962, loss=-0.4368]
Epoch 93/150 [train]:   0%|          | 0/26 [00:00<?, ?it/s, S=0.4889, loss=-0.4269]
Epoch 93/150 [train]:  35%|███▍      | 9/26 [00:00<00:00, 85.78it/s, S=0.4889, loss=-0.4269]
Epoch 93/150 [train]:  35%|███▍      | 9/26 [00:00<00:00, 85.78it/s, S=0.4884, loss=-0.4249]
Epoch 93/150 [train]:  35%|███▍      | 9/26 [00:00<00:00, 85.78it/s, S=0.5046, loss=-0.4460]
Epoch 93/150 [train]:  35%|███▍      | 9/26 [00:00<00:00, 85.78it/s, S=0.4984, loss=-0.4382]
Epoch 93/150 [train]:  35%|███▍      | 9/26 [00:00<00:00, 85.78it/s, S=0.5101, loss=-0.4504]
Epoch 93/150 [train]:  35%|███▍      | 9/26 [00:00<00:00, 85.78it/s, S=0.4951, loss=-0.4348]
Epoch 93/150 [train]:  35%|███▍      | 9/26 [00:00<00:00, 85.78it/s, S=0.4909, loss=-0.4249]
Epoch 93/150 [train]:  35%|███▍      | 9/26 [00:00<00:00, 85.78it/s, S=0.4948, loss=-0.4367]
Epoch 93/150 [train]:  35%|███▍      | 9/26 [00:00<00:00, 85.78it/s, S=0.5072, loss=-0.4498]
Epoch 93/150 [train]:  35%|███▍      | 9/26 [00:00<00:00, 85.78it/s, S=0.4968, loss=-0.4371]
Epoch 93/150 [train]:  69%|██████▉   | 18/26 [00:00<00:00, 85.87it/s, S=0.4968, loss=-0.4371]
Epoch 93/150 [train]:  69%|██████▉   | 18/26 [00:00<00:00, 85.87it/s, S=0.4994, loss=-0.4392]
Epoch 93/150 [train]:  69%|██████▉   | 18/26 [00:00<00:00, 85.87it/s, S=0.4845, loss=-0.4256]
Epoch 93/150 [train]:  69%|██████▉   | 18/26 [00:00<00:00, 85.87it/s, S=0.4960, loss=-0.4303]
Epoch 93/150 [train]:  69%|██████▉   | 18/26 [00:00<00:00, 85.87it/s, S=0.5042, loss=-0.4447]
Epoch 93/150 [train]:  69%|██████▉   | 18/26 [00:00<00:00, 85.87it/s, S=0.5050, loss=-0.4423]
Epoch 93/150 [train]:  69%|██████▉   | 18/26 [00:00<00:00, 85.87it/s, S=0.4900, loss=-0.4313]
Epoch 93/150 [train]:  69%|██████▉   | 18/26 [00:00<00:00, 85.87it/s, S=0.5011, loss=-0.4352]
Epoch 93/150 [train]:  69%|██████▉   | 18/26 [00:00<00:00, 85.87it/s, S=0.4844, loss=-0.4228]
                                                                                             
Epoch  93/150  train loss=-0.4362  val loss=-0.4359  S[mean]=0.4995  ζ=0.4060  mean_plane_ζ=0.3711  reg=0.0636  λscale=1.00  lr=4.05e-04

Epoch 94/150 [train]:   0%|          | 0/26 [00:00<?, ?it/s]
Epoch 94/150 [train]:   0%|          | 0/26 [00:00<?, ?it/s, S=0.4986, loss=-0.4308]
Epoch 94/150 [train]:   0%|          | 0/26 [00:00<?, ?it/s, S=0.5032, loss=-0.4457]
Epoch 94/150 [train]:   0%|          | 0/26 [00:00<?, ?it/s, S=0.5080, loss=-0.4478]
Epoch 94/150 [train]:   0%|          | 0/26 [00:00<?, ?it/s, S=0.4966, loss=-0.4338]
Epoch 94/150 [train]:   0%|          | 0/26 [00:00<?, ?it/s, S=0.4939, loss=-0.4317]
Epoch 94/150 [train]:   0%|          | 0/26 [00:00<?, ?it/s, S=0.5010, loss=-0.4422]
Epoch 94/150 [train]:   0%|          | 0/26 [00:00<?, ?it/s, S=0.5107, loss=-0.4538]
Epoch 94/150 [train]:   0%|          | 0/26 [00:00<?, ?it/s, S=0.4956, loss=-0.4328]
Epoch 94/150 [train]:   0%|          | 0/26 [00:00<?, ?it/s, S=0.4980, loss=-0.4373]
Epoch 94/150 [train]:  35%|███▍      | 9/26 [00:00<00:00, 85.65it/s, S=0.4980, loss=-0.4373]
Epoch 94/150 [train]:  35%|███▍      | 9/26 [00:00<00:00, 85.65it/s, S=0.4988, loss=-0.4421]
Epoch 94/150 [train]:  35%|███▍      | 9/26 [00:00<00:00, 85.65it/s, S=0.5050, loss=-0.4435]
Epoch 94/150 [train]:  35%|███▍      | 9/26 [00:00<00:00, 85.65it/s, S=0.4937, loss=-0.4319]
Epoch 94/150 [train]:  35%|███▍      | 9/26 [00:00<00:00, 85.65it/s, S=0.4945, loss=-0.4315]
Epoch 94/150 [train]:  35%|███▍      | 9/26 [00:00<00:00, 85.65it/s, S=0.5028, loss=-0.4400]
Epoch 94/150 [train]:  35%|███▍      | 9/26 [00:00<00:00, 85.65it/s, S=0.5048, loss=-0.4429]
Epoch 94/150 [train]:  35%|███▍      | 9/26 [00:00<00:00, 85.65it/s, S=0.5346, loss=-0.4749]
Epoch 94/150 [train]:  35%|███▍      | 9/26 [00:00<00:00, 85.65it/s, S=0.4968, loss=-0.4380]
Epoch 94/150 [train]:  35%|███▍      | 9/26 [00:00<00:00, 85.65it/s, S=0.4903, loss=-0.4211]
Epoch 94/150 [train]:  69%|██████▉   | 18/26 [00:00<00:00, 85.89it/s, S=0.4903, loss=-0.4211]
Epoch 94/150 [train]:  69%|██████▉   | 18/26 [00:00<00:00, 85.89it/s, S=0.5037, loss=-0.4434]
Epoch 94/150 [train]:  69%|██████▉   | 18/26 [00:00<00:00, 85.89it/s, S=0.5014, loss=-0.4444]
Epoch 94/150 [train]:  69%|██████▉   | 18/26 [00:00<00:00, 85.89it/s, S=0.5080, loss=-0.4486]
Epoch 94/150 [train]:  69%|██████▉   | 18/26 [00:00<00:00, 85.89it/s, S=0.4949, loss=-0.4241]
Epoch 94/150 [train]:  69%|██████▉   | 18/26 [00:00<00:00, 85.89it/s, S=0.4967, loss=-0.4368]
Epoch 94/150 [train]:  69%|██████▉   | 18/26 [00:00<00:00, 85.89it/s, S=0.5050, loss=-0.4460]
Epoch 94/150 [train]:  69%|██████▉   | 18/26 [00:00<00:00, 85.89it/s, S=0.4822, loss=-0.4209]
Epoch 94/150 [train]:  69%|██████▉   | 18/26 [00:00<00:00, 85.89it/s, S=0.4918, loss=-0.4260]
                                                                                             
Epoch  94/150  train loss=-0.4389  val loss=-0.4397  S[mean]=0.5028  ζ=0.4037  mean_plane_ζ=0.3705  reg=0.0631  λscale=1.00  lr=3.97e-04

Epoch 95/150 [train]:   0%|          | 0/26 [00:00<?, ?it/s]
Epoch 95/150 [train]:   0%|          | 0/26 [00:00<?, ?it/s, S=0.5086, loss=-0.4490]
Epoch 95/150 [train]:   0%|          | 0/26 [00:00<?, ?it/s, S=0.4888, loss=-0.4257]
Epoch 95/150 [train]:   0%|          | 0/26 [00:00<?, ?it/s, S=0.5132, loss=-0.4506]
Epoch 95/150 [train]:   0%|          | 0/26 [00:00<?, ?it/s, S=0.5188, loss=-0.4551]
Epoch 95/150 [train]:   0%|          | 0/26 [00:00<?, ?it/s, S=0.4903, loss=-0.4322]
Epoch 95/150 [train]:   0%|          | 0/26 [00:00<?, ?it/s, S=0.5015, loss=-0.4431]
Epoch 95/150 [train]:   0%|          | 0/26 [00:00<?, ?it/s, S=0.4983, loss=-0.4356]
Epoch 95/150 [train]:   0%|          | 0/26 [00:00<?, ?it/s, S=0.5010, loss=-0.4410]
Epoch 95/150 [train]:   0%|          | 0/26 [00:00<?, ?it/s, S=0.5127, loss=-0.4494]
Epoch 95/150 [train]:  35%|███▍      | 9/26 [00:00<00:00, 85.91it/s, S=0.5127, loss=-0.4494]
Epoch 95/150 [train]:  35%|███▍      | 9/26 [00:00<00:00, 85.91it/s, S=0.4880, loss=-0.4283]
Epoch 95/150 [train]:  35%|███▍      | 9/26 [00:00<00:00, 85.91it/s, S=0.5455, loss=-0.4806]
Epoch 95/150 [train]:  35%|███▍      | 9/26 [00:00<00:00, 85.91it/s, S=0.5094, loss=-0.4506]
Epoch 95/150 [train]:  35%|███▍      | 9/26 [00:00<00:00, 85.91it/s, S=0.5201, loss=-0.4591]
Epoch 95/150 [train]:  35%|███▍      | 9/26 [00:00<00:00, 85.91it/s, S=0.4991, loss=-0.4389]
Epoch 95/150 [train]:  35%|███▍      | 9/26 [00:00<00:00, 85.91it/s, S=0.5070, loss=-0.4427]
Epoch 95/150 [train]:  35%|███▍      | 9/26 [00:00<00:00, 85.91it/s, S=0.4941, loss=-0.4356]
Epoch 95/150 [train]:  35%|███▍      | 9/26 [00:00<00:00, 85.91it/s, S=0.4848, loss=-0.4205]
Epoch 95/150 [train]:  35%|███▍      | 9/26 [00:00<00:00, 85.91it/s, S=0.4861, loss=-0.4225]
Epoch 95/150 [train]:  69%|██████▉   | 18/26 [00:00<00:00, 85.97it/s, S=0.4861, loss=-0.4225]
Epoch 95/150 [train]:  69%|██████▉   | 18/26 [00:00<00:00, 85.97it/s, S=0.5075, loss=-0.4489]
Epoch 95/150 [train]:  69%|██████▉   | 18/26 [00:00<00:00, 85.97it/s, S=0.4830, loss=-0.4220]
Epoch 95/150 [train]:  69%|██████▉   | 18/26 [00:00<00:00, 85.97it/s, S=0.5100, loss=-0.4503]
Epoch 95/150 [train]:  69%|██████▉   | 18/26 [00:00<00:00, 85.97it/s, S=0.5058, loss=-0.4490]
Epoch 95/150 [train]:  69%|██████▉   | 18/26 [00:00<00:00, 85.97it/s, S=0.5082, loss=-0.4447]
Epoch 95/150 [train]:  69%|██████▉   | 18/26 [00:00<00:00, 85.97it/s, S=0.5057, loss=-0.4437]
Epoch 95/150 [train]:  69%|██████▉   | 18/26 [00:00<00:00, 85.97it/s, S=0.5062, loss=-0.4372]
Epoch 95/150 [train]:  69%|██████▉   | 18/26 [00:00<00:00, 85.97it/s, S=0.5038, loss=-0.4456]
                                                                                             
Epoch  95/150  train loss=-0.4424  val loss=-0.4424  S[mean]=0.5061  ζ=0.4027  mean_plane_ζ=0.3702  reg=0.0637  λscale=1.00  lr=3.89e-04

Epoch 96/150 [train]:   0%|          | 0/26 [00:00<?, ?it/s]
Epoch 96/150 [train]:   0%|          | 0/26 [00:00<?, ?it/s, S=0.5335, loss=-0.4674]
Epoch 96/150 [train]:   0%|          | 0/26 [00:00<?, ?it/s, S=0.5086, loss=-0.4494]
Epoch 96/150 [train]:   0%|          | 0/26 [00:00<?, ?it/s, S=0.5078, loss=-0.4463]
Epoch 96/150 [train]:   0%|          | 0/26 [00:00<?, ?it/s, S=0.4976, loss=-0.4361]
Epoch 96/150 [train]:   0%|          | 0/26 [00:00<?, ?it/s, S=0.5026, loss=-0.4450]
Epoch 96/150 [train]:   0%|          | 0/26 [00:00<?, ?it/s, S=0.4989, loss=-0.4334]
Epoch 96/150 [train]:   0%|          | 0/26 [00:00<?, ?it/s, S=0.5013, loss=-0.4445]
Epoch 96/150 [train]:   0%|          | 0/26 [00:00<?, ?it/s, S=0.5162, loss=-0.4570]
Epoch 96/150 [train]:   0%|          | 0/26 [00:00<?, ?it/s, S=0.5073, loss=-0.4436]
Epoch 96/150 [train]:  35%|███▍      | 9/26 [00:00<00:00, 85.82it/s, S=0.5073, loss=-0.4436]
Epoch 96/150 [train]:  35%|███▍      | 9/26 [00:00<00:00, 85.82it/s, S=0.5201, loss=-0.4604]
Epoch 96/150 [train]:  35%|███▍      | 9/26 [00:00<00:00, 85.82it/s, S=0.5028, loss=-0.4394]
Epoch 96/150 [train]:  35%|███▍      | 9/26 [00:00<00:00, 85.82it/s, S=0.4960, loss=-0.4347]
Epoch 96/150 [train]:  35%|███▍      | 9/26 [00:00<00:00, 85.82it/s, S=0.5129, loss=-0.4527]
Epoch 96/150 [train]:  35%|███▍      | 9/26 [00:00<00:00, 85.82it/s, S=0.5086, loss=-0.4481]
Epoch 96/150 [train]:  35%|███▍      | 9/26 [00:00<00:00, 85.82it/s, S=0.5021, loss=-0.4318]
Epoch 96/150 [train]:  35%|███▍      | 9/26 [00:00<00:00, 85.82it/s, S=0.5220, loss=-0.4594]
Epoch 96/150 [train]:  35%|███▍      | 9/26 [00:00<00:00, 85.82it/s, S=0.5073, loss=-0.4438]
Epoch 96/150 [train]:  35%|███▍      | 9/26 [00:00<00:00, 85.82it/s, S=0.5037, loss=-0.4374]
Epoch 96/150 [train]:  69%|██████▉   | 18/26 [00:00<00:00, 85.96it/s, S=0.5037, loss=-0.4374]
Epoch 96/150 [train]:  69%|██████▉   | 18/26 [00:00<00:00, 85.96it/s, S=0.5001, loss=-0.4360]
Epoch 96/150 [train]:  69%|██████▉   | 18/26 [00:00<00:00, 85.96it/s, S=0.5010, loss=-0.4410]
Epoch 96/150 [train]:  69%|██████▉   | 18/26 [00:00<00:00, 85.96it/s, S=0.5141, loss=-0.4550]
Epoch 96/150 [train]:  69%|██████▉   | 18/26 [00:00<00:00, 85.96it/s, S=0.5059, loss=-0.4462]
Epoch 96/150 [train]:  69%|██████▉   | 18/26 [00:00<00:00, 85.96it/s, S=0.5283, loss=-0.4698]
Epoch 96/150 [train]:  69%|██████▉   | 18/26 [00:00<00:00, 85.96it/s, S=0.5014, loss=-0.4442]
Epoch 96/150 [train]:  69%|██████▉   | 18/26 [00:00<00:00, 85.96it/s, S=0.5187, loss=-0.4529]
Epoch 96/150 [train]:  69%|██████▉   | 18/26 [00:00<00:00, 85.96it/s, S=0.4950, loss=-0.4353]
                                                                                             
Epoch  96/150  train loss=-0.4466  val loss=-0.4443  S[mean]=0.5084  ζ=0.4010  mean_plane_ζ=0.3695  reg=0.0641  λscale=1.00  lr=3.81e-04

Epoch 97/150 [train]:   0%|          | 0/26 [00:00<?, ?it/s]
Epoch 97/150 [train]:   0%|          | 0/26 [00:00<?, ?it/s, S=0.4920, loss=-0.4226]
Epoch 97/150 [train]:   0%|          | 0/26 [00:00<?, ?it/s, S=0.5047, loss=-0.4483]
Epoch 97/150 [train]:   0%|          | 0/26 [00:00<?, ?it/s, S=0.5280, loss=-0.4719]
Epoch 97/150 [train]:   0%|          | 0/26 [00:00<?, ?it/s, S=0.5030, loss=-0.4414]
Epoch 97/150 [train]:   0%|          | 0/26 [00:00<?, ?it/s, S=0.5140, loss=-0.4515]
Epoch 97/150 [train]:   0%|          | 0/26 [00:00<?, ?it/s, S=0.4920, loss=-0.4308]
Epoch 97/150 [train]:   0%|          | 0/26 [00:00<?, ?it/s, S=0.5209, loss=-0.4617]
Epoch 97/150 [train]:   0%|          | 0/26 [00:00<?, ?it/s, S=0.5215, loss=-0.4619]
Epoch 97/150 [train]:   0%|          | 0/26 [00:00<?, ?it/s, S=0.5094, loss=-0.4502]
Epoch 97/150 [train]:  35%|███▍      | 9/26 [00:00<00:00, 85.36it/s, S=0.5094, loss=-0.4502]
Epoch 97/150 [train]:  35%|███▍      | 9/26 [00:00<00:00, 85.36it/s, S=0.5192, loss=-0.4555]
Epoch 97/150 [train]:  35%|███▍      | 9/26 [00:00<00:00, 85.36it/s, S=0.5012, loss=-0.4372]
Epoch 97/150 [train]:  35%|███▍      | 9/26 [00:00<00:00, 85.36it/s, S=0.5038, loss=-0.4457]
Epoch 97/150 [train]:  35%|███▍      | 9/26 [00:00<00:00, 85.36it/s, S=0.5250, loss=-0.4601]
Epoch 97/150 [train]:  35%|███▍      | 9/26 [00:00<00:00, 85.36it/s, S=0.4955, loss=-0.4299]
Epoch 97/150 [train]:  35%|███▍      | 9/26 [00:00<00:00, 85.36it/s, S=0.4992, loss=-0.4300]
Epoch 97/150 [train]:  35%|███▍      | 9/26 [00:00<00:00, 85.36it/s, S=0.5196, loss=-0.4603]
Epoch 97/150 [train]:  35%|███▍      | 9/26 [00:00<00:00, 85.36it/s, S=0.5184, loss=-0.4599]
Epoch 97/150 [train]:  35%|███▍      | 9/26 [00:00<00:00, 85.36it/s, S=0.5034, loss=-0.4401]
Epoch 97/150 [train]:  69%|██████▉   | 18/26 [00:00<00:00, 85.73it/s, S=0.5034, loss=-0.4401]
Epoch 97/150 [train]:  69%|██████▉   | 18/26 [00:00<00:00, 85.73it/s, S=0.5169, loss=-0.4589]
Epoch 97/150 [train]:  69%|██████▉   | 18/26 [00:00<00:00, 85.73it/s, S=0.5048, loss=-0.4464]
Epoch 97/150 [train]:  69%|██████▉   | 18/26 [00:00<00:00, 85.73it/s, S=0.5232, loss=-0.4626]
Epoch 97/150 [train]:  69%|██████▉   | 18/26 [00:00<00:00, 85.73it/s, S=0.5120, loss=-0.4540]
Epoch 97/150 [train]:  69%|██████▉   | 18/26 [00:00<00:00, 85.73it/s, S=0.5053, loss=-0.4443]
Epoch 97/150 [train]:  69%|██████▉   | 18/26 [00:00<00:00, 85.73it/s, S=0.4900, loss=-0.4215]
Epoch 97/150 [train]:  69%|██████▉   | 18/26 [00:00<00:00, 85.73it/s, S=0.4970, loss=-0.4335]
Epoch 97/150 [train]:  69%|██████▉   | 18/26 [00:00<00:00, 85.73it/s, S=0.5269, loss=-0.4699]
                                                                                             
Epoch  97/150  train loss=-0.4481  val loss=-0.4477  S[mean]=0.5115  ζ=0.3992  mean_plane_ζ=0.3688  reg=0.0638  λscale=1.00  lr=3.72e-04

Epoch 98/150 [train]:   0%|          | 0/26 [00:00<?, ?it/s]
Epoch 98/150 [train]:   0%|          | 0/26 [00:00<?, ?it/s, S=0.5221, loss=-0.4649]
Epoch 98/150 [train]:   0%|          | 0/26 [00:00<?, ?it/s, S=0.5181, loss=-0.4592]
Epoch 98/150 [train]:   0%|          | 0/26 [00:00<?, ?it/s, S=0.5214, loss=-0.4626]
Epoch 98/150 [train]:   0%|          | 0/26 [00:00<?, ?it/s, S=0.4945, loss=-0.4294]
Epoch 98/150 [train]:   0%|          | 0/26 [00:00<?, ?it/s, S=0.5152, loss=-0.4463]
Epoch 98/150 [train]:   0%|          | 0/26 [00:00<?, ?it/s, S=0.5208, loss=-0.4624]
Epoch 98/150 [train]:   0%|          | 0/26 [00:00<?, ?it/s, S=0.5131, loss=-0.4514]
Epoch 98/150 [train]:   0%|          | 0/26 [00:00<?, ?it/s, S=0.5407, loss=-0.4791]
Epoch 98/150 [train]:   0%|          | 0/26 [00:00<?, ?it/s, S=0.5125, loss=-0.4556]
Epoch 98/150 [train]:  35%|███▍      | 9/26 [00:00<00:00, 85.71it/s, S=0.5125, loss=-0.4556]
Epoch 98/150 [train]:  35%|███▍      | 9/26 [00:00<00:00, 85.71it/s, S=0.5147, loss=-0.4545]
Epoch 98/150 [train]:  35%|███▍      | 9/26 [00:00<00:00, 85.71it/s, S=0.5277, loss=-0.4676]
Epoch 98/150 [train]:  35%|███▍      | 9/26 [00:00<00:00, 85.71it/s, S=0.5477, loss=-0.4858]
Epoch 98/150 [train]:  35%|███▍      | 9/26 [00:00<00:00, 85.71it/s, S=0.5148, loss=-0.4508]
Epoch 98/150 [train]:  35%|███▍      | 9/26 [00:00<00:00, 85.71it/s, S=0.4921, loss=-0.4259]
Epoch 98/150 [train]:  35%|███▍      | 9/26 [00:00<00:00, 85.71it/s, S=0.5112, loss=-0.4542]
Epoch 98/150 [train]:  35%|███▍      | 9/26 [00:00<00:00, 85.71it/s, S=0.4984, loss=-0.4383]
Epoch 98/150 [train]:  35%|███▍      | 9/26 [00:00<00:00, 85.71it/s, S=0.5097, loss=-0.4511]
Epoch 98/150 [train]:  35%|███▍      | 9/26 [00:00<00:00, 85.71it/s, S=0.5008, loss=-0.4417]
Epoch 98/150 [train]:  69%|██████▉   | 18/26 [00:00<00:00, 85.87it/s, S=0.5008, loss=-0.4417]
Epoch 98/150 [train]:  69%|██████▉   | 18/26 [00:00<00:00, 85.87it/s, S=0.5042, loss=-0.4386]
Epoch 98/150 [train]:  69%|██████▉   | 18/26 [00:00<00:00, 85.87it/s, S=0.5112, loss=-0.4475]
Epoch 98/150 [train]:  69%|██████▉   | 18/26 [00:00<00:00, 85.87it/s, S=0.5399, loss=-0.4793]
Epoch 98/150 [train]:  69%|██████▉   | 18/26 [00:00<00:00, 85.87it/s, S=0.5179, loss=-0.4506]
Epoch 98/150 [train]:  69%|██████▉   | 18/26 [00:00<00:00, 85.87it/s, S=0.5372, loss=-0.4766]
Epoch 98/150 [train]:  69%|██████▉   | 18/26 [00:00<00:00, 85.87it/s, S=0.5065, loss=-0.4431]
Epoch 98/150 [train]:  69%|██████▉   | 18/26 [00:00<00:00, 85.87it/s, S=0.5178, loss=-0.4561]
Epoch 98/150 [train]:  69%|██████▉   | 18/26 [00:00<00:00, 85.87it/s, S=0.5128, loss=-0.4506]
                                                                                             
Epoch  98/150  train loss=-0.4548  val loss=-0.4509  S[mean]=0.5144  ζ=0.3984  mean_plane_ζ=0.3686  reg=0.0636  λscale=1.00  lr=3.63e-04

Epoch 99/150 [train]:   0%|          | 0/26 [00:00<?, ?it/s]
Epoch 99/150 [train]:   0%|          | 0/26 [00:00<?, ?it/s, S=0.5194, loss=-0.4615]
Epoch 99/150 [train]:   0%|          | 0/26 [00:00<?, ?it/s, S=0.5062, loss=-0.4447]
Epoch 99/150 [train]:   0%|          | 0/26 [00:00<?, ?it/s, S=0.5303, loss=-0.4721]
Epoch 99/150 [train]:   0%|          | 0/26 [00:00<?, ?it/s, S=0.5032, loss=-0.4428]
Epoch 99/150 [train]:   0%|          | 0/26 [00:00<?, ?it/s, S=0.5164, loss=-0.4542]
Epoch 99/150 [train]:   0%|          | 0/26 [00:00<?, ?it/s, S=0.5149, loss=-0.4562]
Epoch 99/150 [train]:   0%|          | 0/26 [00:00<?, ?it/s, S=0.5238, loss=-0.4642]
Epoch 99/150 [train]:   0%|          | 0/26 [00:00<?, ?it/s, S=0.5184, loss=-0.4545]
Epoch 99/150 [train]:   0%|          | 0/26 [00:00<?, ?it/s, S=0.5127, loss=-0.4515]
Epoch 99/150 [train]:  35%|███▍      | 9/26 [00:00<00:00, 85.70it/s, S=0.5127, loss=-0.4515]
Epoch 99/150 [train]:  35%|███▍      | 9/26 [00:00<00:00, 85.70it/s, S=0.5234, loss=-0.4623]
Epoch 99/150 [train]:  35%|███▍      | 9/26 [00:00<00:00, 85.70it/s, S=0.5078, loss=-0.4481]
Epoch 99/150 [train]:  35%|███▍      | 9/26 [00:00<00:00, 85.70it/s, S=0.5265, loss=-0.4633]
Epoch 99/150 [train]:  35%|███▍      | 9/26 [00:00<00:00, 85.70it/s, S=0.5167, loss=-0.4585]
Epoch 99/150 [train]:  35%|███▍      | 9/26 [00:00<00:00, 85.70it/s, S=0.5378, loss=-0.4767]
Epoch 99/150 [train]:  35%|███▍      | 9/26 [00:00<00:00, 85.70it/s, S=0.5107, loss=-0.4488]
Epoch 99/150 [train]:  35%|███▍      | 9/26 [00:00<00:00, 85.70it/s, S=0.5339, loss=-0.4774]
Epoch 99/150 [train]:  35%|███▍      | 9/26 [00:00<00:00, 85.70it/s, S=0.5007, loss=-0.4391]
Epoch 99/150 [train]:  35%|███▍      | 9/26 [00:00<00:00, 85.70it/s, S=0.5140, loss=-0.4501]
Epoch 99/150 [train]:  69%|██████▉   | 18/26 [00:00<00:00, 85.68it/s, S=0.5140, loss=-0.4501]
Epoch 99/150 [train]:  69%|██████▉   | 18/26 [00:00<00:00, 85.68it/s, S=0.5242, loss=-0.4610]
Epoch 99/150 [train]:  69%|██████▉   | 18/26 [00:00<00:00, 85.68it/s, S=0.5304, loss=-0.4695]
Epoch 99/150 [train]:  69%|██████▉   | 18/26 [00:00<00:00, 85.68it/s, S=0.5228, loss=-0.4631]
Epoch 99/150 [train]:  69%|██████▉   | 18/26 [00:00<00:00, 85.68it/s, S=0.5214, loss=-0.4604]
Epoch 99/150 [train]:  69%|██████▉   | 18/26 [00:00<00:00, 85.68it/s, S=0.5223, loss=-0.4613]
Epoch 99/150 [train]:  69%|██████▉   | 18/26 [00:00<00:00, 85.68it/s, S=0.5165, loss=-0.4460]
Epoch 99/150 [train]:  69%|██████▉   | 18/26 [00:00<00:00, 85.68it/s, S=0.5268, loss=-0.4661]
Epoch 99/150 [train]:  69%|██████▉   | 18/26 [00:00<00:00, 85.68it/s, S=0.5116, loss=-0.4467]
                                                                                             
Epoch  99/150  train loss=-0.4577  val loss=-0.4533  S[mean]=0.5166  ζ=0.3968  mean_plane_ζ=0.3683  reg=0.0633  λscale=1.00  lr=3.55e-04

Epoch 100/150 [train]:   0%|          | 0/26 [00:00<?, ?it/s]
Epoch 100/150 [train]:   0%|          | 0/26 [00:00<?, ?it/s, S=0.5213, loss=-0.4624]
Epoch 100/150 [train]:   0%|          | 0/26 [00:00<?, ?it/s, S=0.5070, loss=-0.4490]
Epoch 100/150 [train]:   0%|          | 0/26 [00:00<?, ?it/s, S=0.5127, loss=-0.4564]
Epoch 100/150 [train]:   0%|          | 0/26 [00:00<?, ?it/s, S=0.5284, loss=-0.4684]
Epoch 100/150 [train]:   0%|          | 0/26 [00:00<?, ?it/s, S=0.5125, loss=-0.4537]
Epoch 100/150 [train]:   0%|          | 0/26 [00:00<?, ?it/s, S=0.5360, loss=-0.4750]
Epoch 100/150 [train]:   0%|          | 0/26 [00:00<?, ?it/s, S=0.5357, loss=-0.4754]
Epoch 100/150 [train]:   0%|          | 0/26 [00:00<?, ?it/s, S=0.5085, loss=-0.4477]
Epoch 100/150 [train]:   0%|          | 0/26 [00:00<?, ?it/s, S=0.5252, loss=-0.4684]
Epoch 100/150 [train]:  35%|███▍      | 9/26 [00:00<00:00, 86.08it/s, S=0.5252, loss=-0.4684]
Epoch 100/150 [train]:  35%|███▍      | 9/26 [00:00<00:00, 86.08it/s, S=0.5375, loss=-0.4771]
Epoch 100/150 [train]:  35%|███▍      | 9/26 [00:00<00:00, 86.08it/s, S=0.5403, loss=-0.4826]
Epoch 100/150 [train]:  35%|███▍      | 9/26 [00:00<00:00, 86.08it/s, S=0.5204, loss=-0.4595]
Epoch 100/150 [train]:  35%|███▍      | 9/26 [00:00<00:00, 86.08it/s, S=0.5181, loss=-0.4525]
Epoch 100/150 [train]:  35%|███▍      | 9/26 [00:00<00:00, 86.08it/s, S=0.5236, loss=-0.4628]
Epoch 100/150 [train]:  35%|███▍      | 9/26 [00:00<00:00, 86.08it/s, S=0.5116, loss=-0.4460]
Epoch 100/150 [train]:  35%|███▍      | 9/26 [00:00<00:00, 86.08it/s, S=0.4922, loss=-0.4327]
Epoch 100/150 [train]:  35%|███▍      | 9/26 [00:00<00:00, 86.08it/s, S=0.5000, loss=-0.4380]
Epoch 100/150 [train]:  35%|███▍      | 9/26 [00:00<00:00, 86.08it/s, S=0.5327, loss=-0.4741]
Epoch 100/150 [train]:  69%|██████▉   | 18/26 [00:00<00:00, 86.09it/s, S=0.5327, loss=-0.4741]
Epoch 100/150 [train]:  69%|██████▉   | 18/26 [00:00<00:00, 86.09it/s, S=0.5468, loss=-0.4866]
Epoch 100/150 [train]:  69%|██████▉   | 18/26 [00:00<00:00, 86.09it/s, S=0.5379, loss=-0.4759]
Epoch 100/150 [train]:  69%|██████▉   | 18/26 [00:00<00:00, 86.09it/s, S=0.5080, loss=-0.4457]
Epoch 100/150 [train]:  69%|██████▉   | 18/26 [00:00<00:00, 86.09it/s, S=0.5401, loss=-0.4787]
Epoch 100/150 [train]:  69%|██████▉   | 18/26 [00:00<00:00, 86.09it/s, S=0.5276, loss=-0.4675]
Epoch 100/150 [train]:  69%|██████▉   | 18/26 [00:00<00:00, 86.09it/s, S=0.4952, loss=-0.4369]
Epoch 100/150 [train]:  69%|██████▉   | 18/26 [00:00<00:00, 86.09it/s, S=0.5197, loss=-0.4536]
Epoch 100/150 [train]:  69%|██████▉   | 18/26 [00:00<00:00, 86.09it/s, S=0.4972, loss=-0.4294]
                                                                                              
Epoch 100/150  train loss=-0.4598  val loss=-0.4555  S[mean]=0.5185  ζ=0.3955  mean_plane_ζ=0.3675  reg=0.0630  λscale=1.00  lr=3.46e-04

Epoch 101/150 [train]:   0%|          | 0/26 [00:00<?, ?it/s]
Epoch 101/150 [train]:   0%|          | 0/26 [00:00<?, ?it/s, S=0.5027, loss=-0.4424]
Epoch 101/150 [train]:   0%|          | 0/26 [00:00<?, ?it/s, S=0.5287, loss=-0.4653]
Epoch 101/150 [train]:   0%|          | 0/26 [00:00<?, ?it/s, S=0.5255, loss=-0.4661]
Epoch 101/150 [train]:   0%|          | 0/26 [00:00<?, ?it/s, S=0.5314, loss=-0.4729]
Epoch 101/150 [train]:   0%|          | 0/26 [00:00<?, ?it/s, S=0.5038, loss=-0.4413]
Epoch 101/150 [train]:   0%|          | 0/26 [00:00<?, ?it/s, S=0.5313, loss=-0.4686]
Epoch 101/150 [train]:   0%|          | 0/26 [00:00<?, ?it/s, S=0.5459, loss=-0.4880]
Epoch 101/150 [train]:   0%|          | 0/26 [00:00<?, ?it/s, S=0.5282, loss=-0.4677]
Epoch 101/150 [train]:   0%|          | 0/26 [00:00<?, ?it/s, S=0.5199, loss=-0.4612]
Epoch 101/150 [train]:  35%|███▍      | 9/26 [00:00<00:00, 85.85it/s, S=0.5199, loss=-0.4612]
Epoch 101/150 [train]:  35%|███▍      | 9/26 [00:00<00:00, 85.85it/s, S=0.5464, loss=-0.4853]
Epoch 101/150 [train]:  35%|███▍      | 9/26 [00:00<00:00, 85.85it/s, S=0.5255, loss=-0.4621]
Epoch 101/150 [train]:  35%|███▍      | 9/26 [00:00<00:00, 85.85it/s, S=0.5147, loss=-0.4555]
Epoch 101/150 [train]:  35%|███▍      | 9/26 [00:00<00:00, 85.85it/s, S=0.5260, loss=-0.4663]
Epoch 101/150 [train]:  35%|███▍      | 9/26 [00:00<00:00, 85.85it/s, S=0.5357, loss=-0.4750]
Epoch 101/150 [train]:  35%|███▍      | 9/26 [00:00<00:00, 85.85it/s, S=0.5234, loss=-0.4604]
Epoch 101/150 [train]:  35%|███▍      | 9/26 [00:00<00:00, 85.85it/s, S=0.5321, loss=-0.4682]
Epoch 101/150 [train]:  35%|███▍      | 9/26 [00:00<00:00, 85.85it/s, S=0.5096, loss=-0.4473]
Epoch 101/150 [train]:  35%|███▍      | 9/26 [00:00<00:00, 85.85it/s, S=0.5378, loss=-0.4788]
Epoch 101/150 [train]:  69%|██████▉   | 18/26 [00:00<00:00, 85.93it/s, S=0.5378, loss=-0.4788]
Epoch 101/150 [train]:  69%|██████▉   | 18/26 [00:00<00:00, 85.93it/s, S=0.5204, loss=-0.4613]
Epoch 101/150 [train]:  69%|██████▉   | 18/26 [00:00<00:00, 85.93it/s, S=0.5137, loss=-0.4545]
Epoch 101/150 [train]:  69%|██████▉   | 18/26 [00:00<00:00, 85.93it/s, S=0.5248, loss=-0.4623]
Epoch 101/150 [train]:  69%|██████▉   | 18/26 [00:00<00:00, 85.93it/s, S=0.5416, loss=-0.4799]
Epoch 101/150 [train]:  69%|██████▉   | 18/26 [00:00<00:00, 85.93it/s, S=0.5072, loss=-0.4480]
Epoch 101/150 [train]:  69%|██████▉   | 18/26 [00:00<00:00, 85.93it/s, S=0.5253, loss=-0.4573]
Epoch 101/150 [train]:  69%|██████▉   | 18/26 [00:00<00:00, 85.93it/s, S=0.5100, loss=-0.4490]
Epoch 101/150 [train]:  69%|██████▉   | 18/26 [00:00<00:00, 85.93it/s, S=0.5188, loss=-0.4601]
                                                                                              
Epoch 101/150  train loss=-0.4633  val loss=-0.4568  S[mean]=0.5206  ζ=0.3948  mean_plane_ζ=0.3673  reg=0.0638  λscale=1.00  lr=3.37e-04

Epoch 102/150 [train]:   0%|          | 0/26 [00:00<?, ?it/s]
Epoch 102/150 [train]:   0%|          | 0/26 [00:00<?, ?it/s, S=0.5125, loss=-0.4547]
Epoch 102/150 [train]:   0%|          | 0/26 [00:00<?, ?it/s, S=0.5088, loss=-0.4450]
Epoch 102/150 [train]:   0%|          | 0/26 [00:00<?, ?it/s, S=0.5210, loss=-0.4628]
Epoch 102/150 [train]:   0%|          | 0/26 [00:00<?, ?it/s, S=0.5369, loss=-0.4782]
Epoch 102/150 [train]:   0%|          | 0/26 [00:00<?, ?it/s, S=0.5068, loss=-0.4419]
Epoch 102/150 [train]:   0%|          | 0/26 [00:00<?, ?it/s, S=0.5091, loss=-0.4488]
Epoch 102/150 [train]:   0%|          | 0/26 [00:00<?, ?it/s, S=0.5355, loss=-0.4780]
Epoch 102/150 [train]:   0%|          | 0/26 [00:00<?, ?it/s, S=0.5239, loss=-0.4662]
Epoch 102/150 [train]:   0%|          | 0/26 [00:00<?, ?it/s, S=0.5471, loss=-0.4789]
Epoch 102/150 [train]:  35%|███▍      | 9/26 [00:00<00:00, 85.63it/s, S=0.5471, loss=-0.4789]
Epoch 102/150 [train]:  35%|███▍      | 9/26 [00:00<00:00, 85.63it/s, S=0.5350, loss=-0.4771]
Epoch 102/150 [train]:  35%|███▍      | 9/26 [00:00<00:00, 85.63it/s, S=0.5306, loss=-0.4708]
Epoch 102/150 [train]:  35%|███▍      | 9/26 [00:00<00:00, 85.63it/s, S=0.5518, loss=-0.4885]
Epoch 102/150 [train]:  35%|███▍      | 9/26 [00:00<00:00, 85.63it/s, S=0.5360, loss=-0.4789]
Epoch 102/150 [train]:  35%|███▍      | 9/26 [00:00<00:00, 85.63it/s, S=0.5181, loss=-0.4619]
Epoch 102/150 [train]:  35%|███▍      | 9/26 [00:00<00:00, 85.63it/s, S=0.5003, loss=-0.4373]
Epoch 102/150 [train]:  35%|███▍      | 9/26 [00:00<00:00, 85.63it/s, S=0.5117, loss=-0.4520]
Epoch 102/150 [train]:  35%|███▍      | 9/26 [00:00<00:00, 85.63it/s, S=0.5134, loss=-0.4535]
Epoch 102/150 [train]:  35%|███▍      | 9/26 [00:00<00:00, 85.63it/s, S=0.5318, loss=-0.4730]
Epoch 102/150 [train]:  69%|██████▉   | 18/26 [00:00<00:00, 85.80it/s, S=0.5318, loss=-0.4730]
Epoch 102/150 [train]:  69%|██████▉   | 18/26 [00:00<00:00, 85.80it/s, S=0.5313, loss=-0.4641]
Epoch 102/150 [train]:  69%|██████▉   | 18/26 [00:00<00:00, 85.80it/s, S=0.5345, loss=-0.4753]
Epoch 102/150 [train]:  69%|██████▉   | 18/26 [00:00<00:00, 85.80it/s, S=0.5246, loss=-0.4589]
Epoch 102/150 [train]:  69%|██████▉   | 18/26 [00:00<00:00, 85.80it/s, S=0.5243, loss=-0.4668]
Epoch 102/150 [train]:  69%|██████▉   | 18/26 [00:00<00:00, 85.80it/s, S=0.5299, loss=-0.4703]
Epoch 102/150 [train]:  69%|██████▉   | 18/26 [00:00<00:00, 85.80it/s, S=0.5227, loss=-0.4643]
Epoch 102/150 [train]:  69%|██████▉   | 18/26 [00:00<00:00, 85.80it/s, S=0.5368, loss=-0.4768]
Epoch 102/150 [train]:  69%|██████▉   | 18/26 [00:00<00:00, 85.80it/s, S=0.5386, loss=-0.4765]
                                                                                              
Epoch 102/150  train loss=-0.4654  val loss=-0.4615  S[mean]=0.5247  ζ=0.3925  mean_plane_ζ=0.3667  reg=0.0632  λscale=1.00  lr=3.27e-04

Epoch 103/150 [train]:   0%|          | 0/26 [00:00<?, ?it/s]
Epoch 103/150 [train]:   0%|          | 0/26 [00:00<?, ?it/s, S=0.5372, loss=-0.4768]
Epoch 103/150 [train]:   0%|          | 0/26 [00:00<?, ?it/s, S=0.5386, loss=-0.4762]
Epoch 103/150 [train]:   0%|          | 0/26 [00:00<?, ?it/s, S=0.5338, loss=-0.4721]
Epoch 103/150 [train]:   0%|          | 0/26 [00:00<?, ?it/s, S=0.5416, loss=-0.4838]
Epoch 103/150 [train]:   0%|          | 0/26 [00:00<?, ?it/s, S=0.5504, loss=-0.4892]
Epoch 103/150 [train]:   0%|          | 0/26 [00:00<?, ?it/s, S=0.5260, loss=-0.4581]
Epoch 103/150 [train]:   0%|          | 0/26 [00:00<?, ?it/s, S=0.5284, loss=-0.4696]
Epoch 103/150 [train]:   0%|          | 0/26 [00:00<?, ?it/s, S=0.5159, loss=-0.4561]
Epoch 103/150 [train]:   0%|          | 0/26 [00:00<?, ?it/s, S=0.5202, loss=-0.4573]
Epoch 103/150 [train]:  35%|███▍      | 9/26 [00:00<00:00, 85.86it/s, S=0.5202, loss=-0.4573]
Epoch 103/150 [train]:  35%|███▍      | 9/26 [00:00<00:00, 85.86it/s, S=0.5372, loss=-0.4755]
Epoch 103/150 [train]:  35%|███▍      | 9/26 [00:00<00:00, 85.86it/s, S=0.5430, loss=-0.4837]
Epoch 103/150 [train]:  35%|███▍      | 9/26 [00:00<00:00, 85.86it/s, S=0.5170, loss=-0.4555]
Epoch 103/150 [train]:  35%|███▍      | 9/26 [00:00<00:00, 85.86it/s, S=0.5241, loss=-0.4621]
Epoch 103/150 [train]:  35%|███▍      | 9/26 [00:00<00:00, 85.86it/s, S=0.5392, loss=-0.4789]
Epoch 103/150 [train]:  35%|███▍      | 9/26 [00:00<00:00, 85.86it/s, S=0.5509, loss=-0.4871]
Epoch 103/150 [train]:  35%|███▍      | 9/26 [00:00<00:00, 85.86it/s, S=0.5454, loss=-0.4804]
Epoch 103/150 [train]:  35%|███▍      | 9/26 [00:00<00:00, 85.86it/s, S=0.5423, loss=-0.4833]
Epoch 103/150 [train]:  35%|███▍      | 9/26 [00:00<00:00, 85.86it/s, S=0.5136, loss=-0.4526]
Epoch 103/150 [train]:  69%|██████▉   | 18/26 [00:00<00:00, 86.04it/s, S=0.5136, loss=-0.4526]
Epoch 103/150 [train]:  69%|██████▉   | 18/26 [00:00<00:00, 86.04it/s, S=0.5250, loss=-0.4624]
Epoch 103/150 [train]:  69%|██████▉   | 18/26 [00:00<00:00, 86.04it/s, S=0.5245, loss=-0.4532]
Epoch 103/150 [train]:  69%|██████▉   | 18/26 [00:00<00:00, 86.04it/s, S=0.4853, loss=-0.4235]
Epoch 103/150 [train]:  69%|██████▉   | 18/26 [00:00<00:00, 86.04it/s, S=0.5308, loss=-0.4717]
Epoch 103/150 [train]:  69%|██████▉   | 18/26 [00:00<00:00, 86.04it/s, S=0.5145, loss=-0.4536]
Epoch 103/150 [train]:  69%|██████▉   | 18/26 [00:00<00:00, 86.04it/s, S=0.5401, loss=-0.4800]
Epoch 103/150 [train]:  69%|██████▉   | 18/26 [00:00<00:00, 86.04it/s, S=0.5311, loss=-0.4699]
Epoch 103/150 [train]:  69%|██████▉   | 18/26 [00:00<00:00, 86.04it/s, S=0.5379, loss=-0.4776]
                                                                                              
Epoch 103/150  train loss=-0.4689  val loss=-0.4634  S[mean]=0.5265  ζ=0.3915  mean_plane_ζ=0.3660  reg=0.0632  λscale=1.00  lr=3.18e-04

Epoch 104/150 [train]:   0%|          | 0/26 [00:00<?, ?it/s]
Epoch 104/150 [train]:   0%|          | 0/26 [00:00<?, ?it/s, S=0.5227, loss=-0.4648]
Epoch 104/150 [train]:   0%|          | 0/26 [00:00<?, ?it/s, S=0.5277, loss=-0.4643]
Epoch 104/150 [train]:   0%|          | 0/26 [00:00<?, ?it/s, S=0.5381, loss=-0.4709]
Epoch 104/150 [train]:   0%|          | 0/26 [00:00<?, ?it/s, S=0.5308, loss=-0.4723]
Epoch 104/150 [train]:   0%|          | 0/26 [00:00<?, ?it/s, S=0.5467, loss=-0.4871]
Epoch 104/150 [train]:   0%|          | 0/26 [00:00<?, ?it/s, S=0.5190, loss=-0.4429]
Epoch 104/150 [train]:   0%|          | 0/26 [00:00<?, ?it/s, S=0.5445, loss=-0.4865]
Epoch 104/150 [train]:   0%|          | 0/26 [00:00<?, ?it/s, S=0.5257, loss=-0.4676]
Epoch 104/150 [train]:   0%|          | 0/26 [00:00<?, ?it/s, S=0.5449, loss=-0.4854]
Epoch 104/150 [train]:  35%|███▍      | 9/26 [00:00<00:00, 85.51it/s, S=0.5449, loss=-0.4854]
Epoch 104/150 [train]:  35%|███▍      | 9/26 [00:00<00:00, 85.51it/s, S=0.5533, loss=-0.4935]
Epoch 104/150 [train]:  35%|███▍      | 9/26 [00:00<00:00, 85.51it/s, S=0.5337, loss=-0.4735]
Epoch 104/150 [train]:  35%|███▍      | 9/26 [00:00<00:00, 85.51it/s, S=0.5198, loss=-0.4524]
Epoch 104/150 [train]:  35%|███▍      | 9/26 [00:00<00:00, 85.51it/s, S=0.5345, loss=-0.4748]
Epoch 104/150 [train]:  35%|███▍      | 9/26 [00:00<00:00, 85.51it/s, S=0.5382, loss=-0.4759]
Epoch 104/150 [train]:  35%|███▍      | 9/26 [00:00<00:00, 85.51it/s, S=0.5370, loss=-0.4733]
Epoch 104/150 [train]:  35%|███▍      | 9/26 [00:00<00:00, 85.51it/s, S=0.5520, loss=-0.4881]
Epoch 104/150 [train]:  35%|███▍      | 9/26 [00:00<00:00, 85.51it/s, S=0.5185, loss=-0.4584]
Epoch 104/150 [train]:  35%|███▍      | 9/26 [00:00<00:00, 85.51it/s, S=0.5390, loss=-0.4722]
Epoch 104/150 [train]:  69%|██████▉   | 18/26 [00:00<00:00, 85.52it/s, S=0.5390, loss=-0.4722]
Epoch 104/150 [train]:  69%|██████▉   | 18/26 [00:00<00:00, 85.52it/s, S=0.5350, loss=-0.4719]
Epoch 104/150 [train]:  69%|██████▉   | 18/26 [00:00<00:00, 85.52it/s, S=0.5260, loss=-0.4682]
Epoch 104/150 [train]:  69%|██████▉   | 18/26 [00:00<00:00, 85.52it/s, S=0.5511, loss=-0.4905]
Epoch 104/150 [train]:  69%|██████▉   | 18/26 [00:00<00:00, 85.52it/s, S=0.5330, loss=-0.4729]
Epoch 104/150 [train]:  69%|██████▉   | 18/26 [00:00<00:00, 85.52it/s, S=0.5303, loss=-0.4721]
Epoch 104/150 [train]:  69%|██████▉   | 18/26 [00:00<00:00, 85.52it/s, S=0.5408, loss=-0.4795]
Epoch 104/150 [train]:  69%|██████▉   | 18/26 [00:00<00:00, 85.52it/s, S=0.5315, loss=-0.4727]
Epoch 104/150 [train]:  69%|██████▉   | 18/26 [00:00<00:00, 85.52it/s, S=0.5136, loss=-0.4514]
                                                                                              
Epoch 104/150  train loss=-0.4724  val loss=-0.4657  S[mean]=0.5288  ζ=0.3907  mean_plane_ζ=0.3660  reg=0.0631  λscale=1.00  lr=3.08e-04

Epoch 105/150 [train]:   0%|          | 0/26 [00:00<?, ?it/s]
Epoch 105/150 [train]:   0%|          | 0/26 [00:00<?, ?it/s, S=0.5199, loss=-0.4587]
Epoch 105/150 [train]:   0%|          | 0/26 [00:00<?, ?it/s, S=0.5464, loss=-0.4847]
Epoch 105/150 [train]:   0%|          | 0/26 [00:00<?, ?it/s, S=0.5236, loss=-0.4630]
Epoch 105/150 [train]:   0%|          | 0/26 [00:00<?, ?it/s, S=0.5291, loss=-0.4670]
Epoch 105/150 [train]:   0%|          | 0/26 [00:00<?, ?it/s, S=0.5184, loss=-0.4569]
Epoch 105/150 [train]:   0%|          | 0/26 [00:00<?, ?it/s, S=0.5368, loss=-0.4762]
Epoch 105/150 [train]:   0%|          | 0/26 [00:00<?, ?it/s, S=0.5144, loss=-0.4545]
Epoch 105/150 [train]:   0%|          | 0/26 [00:00<?, ?it/s, S=0.5467, loss=-0.4861]
Epoch 105/150 [train]:   0%|          | 0/26 [00:00<?, ?it/s, S=0.5265, loss=-0.4667]
Epoch 105/150 [train]:  35%|███▍      | 9/26 [00:00<00:00, 85.96it/s, S=0.5265, loss=-0.4667]
Epoch 105/150 [train]:  35%|███▍      | 9/26 [00:00<00:00, 85.96it/s, S=0.5376, loss=-0.4811]
Epoch 105/150 [train]:  35%|███▍      | 9/26 [00:00<00:00, 85.96it/s, S=0.5259, loss=-0.4647]
Epoch 105/150 [train]:  35%|███▍      | 9/26 [00:00<00:00, 85.96it/s, S=0.5733, loss=-0.5134]
Epoch 105/150 [train]:  35%|███▍      | 9/26 [00:00<00:00, 85.96it/s, S=0.5405, loss=-0.4832]
Epoch 105/150 [train]:  35%|███▍      | 9/26 [00:00<00:00, 85.96it/s, S=0.5405, loss=-0.4821]
Epoch 105/150 [train]:  35%|███▍      | 9/26 [00:00<00:00, 85.96it/s, S=0.5378, loss=-0.4757]
Epoch 105/150 [train]:  35%|███▍      | 9/26 [00:00<00:00, 85.96it/s, S=0.5295, loss=-0.4672]
Epoch 105/150 [train]:  35%|███▍      | 9/26 [00:00<00:00, 85.96it/s, S=0.5282, loss=-0.4661]
Epoch 105/150 [train]:  35%|███▍      | 9/26 [00:00<00:00, 85.96it/s, S=0.5338, loss=-0.4766]
Epoch 105/150 [train]:  69%|██████▉   | 18/26 [00:00<00:00, 86.06it/s, S=0.5338, loss=-0.4766]
Epoch 105/150 [train]:  69%|██████▉   | 18/26 [00:00<00:00, 86.06it/s, S=0.5318, loss=-0.4711]
Epoch 105/150 [train]:  69%|██████▉   | 18/26 [00:00<00:00, 86.06it/s, S=0.5446, loss=-0.4813]
Epoch 105/150 [train]:  69%|██████▉   | 18/26 [00:00<00:00, 86.06it/s, S=0.5629, loss=-0.5041]
Epoch 105/150 [train]:  69%|██████▉   | 18/26 [00:00<00:00, 86.06it/s, S=0.5339, loss=-0.4682]
Epoch 105/150 [train]:  69%|██████▉   | 18/26 [00:00<00:00, 86.06it/s, S=0.5240, loss=-0.4679]
Epoch 105/150 [train]:  69%|██████▉   | 18/26 [00:00<00:00, 86.06it/s, S=0.5466, loss=-0.4891]
Epoch 105/150 [train]:  69%|██████▉   | 18/26 [00:00<00:00, 86.06it/s, S=0.5470, loss=-0.4880]
Epoch 105/150 [train]:  69%|██████▉   | 18/26 [00:00<00:00, 86.06it/s, S=0.5574, loss=-0.4973]
                                                                                              
Epoch 105/150  train loss=-0.4766  val loss=-0.4674  S[mean]=0.5308  ζ=0.3895  mean_plane_ζ=0.3655  reg=0.0634  λscale=1.00  lr=2.99e-04

Epoch 106/150 [train]:   0%|          | 0/26 [00:00<?, ?it/s]
Epoch 106/150 [train]:   0%|          | 0/26 [00:00<?, ?it/s, S=0.5152, loss=-0.4464]
Epoch 106/150 [train]:   0%|          | 0/26 [00:00<?, ?it/s, S=0.5235, loss=-0.4592]
Epoch 106/150 [train]:   0%|          | 0/26 [00:00<?, ?it/s, S=0.5315, loss=-0.4725]
Epoch 106/150 [train]:   0%|          | 0/26 [00:00<?, ?it/s, S=0.5450, loss=-0.4852]
Epoch 106/150 [train]:   0%|          | 0/26 [00:00<?, ?it/s, S=0.5171, loss=-0.4566]
Epoch 106/150 [train]:   0%|          | 0/26 [00:00<?, ?it/s, S=0.5401, loss=-0.4815]
Epoch 106/150 [train]:   0%|          | 0/26 [00:00<?, ?it/s, S=0.5287, loss=-0.4683]
Epoch 106/150 [train]:   0%|          | 0/26 [00:00<?, ?it/s, S=0.5473, loss=-0.4865]
Epoch 106/150 [train]:   0%|          | 0/26 [00:00<?, ?it/s, S=0.5558, loss=-0.4945]
Epoch 106/150 [train]:  35%|███▍      | 9/26 [00:00<00:00, 85.98it/s, S=0.5558, loss=-0.4945]
Epoch 106/150 [train]:  35%|███▍      | 9/26 [00:00<00:00, 85.98it/s, S=0.5612, loss=-0.4993]
Epoch 106/150 [train]:  35%|███▍      | 9/26 [00:00<00:00, 85.98it/s, S=0.5325, loss=-0.4759]
Epoch 106/150 [train]:  35%|███▍      | 9/26 [00:00<00:00, 85.98it/s, S=0.5224, loss=-0.4600]
Epoch 106/150 [train]:  35%|███▍      | 9/26 [00:00<00:00, 85.98it/s, S=0.5620, loss=-0.5035]
Epoch 106/150 [train]:  35%|███▍      | 9/26 [00:00<00:00, 85.98it/s, S=0.5399, loss=-0.4777]
Epoch 106/150 [train]:  35%|███▍      | 9/26 [00:00<00:00, 85.98it/s, S=0.5598, loss=-0.4983]
Epoch 106/150 [train]:  35%|███▍      | 9/26 [00:00<00:00, 85.98it/s, S=0.5322, loss=-0.4717]
Epoch 106/150 [train]:  35%|███▍      | 9/26 [00:00<00:00, 85.98it/s, S=0.5496, loss=-0.4868]
Epoch 106/150 [train]:  35%|███▍      | 9/26 [00:00<00:00, 85.98it/s, S=0.5422, loss=-0.4813]
Epoch 106/150 [train]:  69%|██████▉   | 18/26 [00:00<00:00, 86.10it/s, S=0.5422, loss=-0.4813]
Epoch 106/150 [train]:  69%|██████▉   | 18/26 [00:00<00:00, 86.10it/s, S=0.5149, loss=-0.4563]
Epoch 106/150 [train]:  69%|██████▉   | 18/26 [00:00<00:00, 86.10it/s, S=0.5330, loss=-0.4728]
Epoch 106/150 [train]:  69%|██████▉   | 18/26 [00:00<00:00, 86.10it/s, S=0.5346, loss=-0.4759]
Epoch 106/150 [train]:  69%|██████▉   | 18/26 [00:00<00:00, 86.10it/s, S=0.5390, loss=-0.4770]
Epoch 106/150 [train]:  69%|██████▉   | 18/26 [00:00<00:00, 86.10it/s, S=0.5223, loss=-0.4599]
Epoch 106/150 [train]:  69%|██████▉   | 18/26 [00:00<00:00, 86.10it/s, S=0.5372, loss=-0.4721]
Epoch 106/150 [train]:  69%|██████▉   | 18/26 [00:00<00:00, 86.10it/s, S=0.5732, loss=-0.5115]
Epoch 106/150 [train]:  69%|██████▉   | 18/26 [00:00<00:00, 86.10it/s, S=0.5150, loss=-0.4543]
                                                                                              
Epoch 106/150  train loss=-0.4764  val loss=-0.4678  S[mean]=0.5316  ζ=0.3894  mean_plane_ζ=0.3650  reg=0.0638  λscale=1.00  lr=2.89e-04

Epoch 107/150 [train]:   0%|          | 0/26 [00:00<?, ?it/s]
Epoch 107/150 [train]:   0%|          | 0/26 [00:00<?, ?it/s, S=0.5345, loss=-0.4746]
Epoch 107/150 [train]:   0%|          | 0/26 [00:00<?, ?it/s, S=0.5302, loss=-0.4689]
Epoch 107/150 [train]:   0%|          | 0/26 [00:00<?, ?it/s, S=0.5568, loss=-0.4985]
Epoch 107/150 [train]:   0%|          | 0/26 [00:00<?, ?it/s, S=0.5227, loss=-0.4588]
Epoch 107/150 [train]:   0%|          | 0/26 [00:00<?, ?it/s, S=0.5605, loss=-0.5015]
Epoch 107/150 [train]:   0%|          | 0/26 [00:00<?, ?it/s, S=0.5489, loss=-0.4893]
Epoch 107/150 [train]:   0%|          | 0/26 [00:00<?, ?it/s, S=0.5477, loss=-0.4852]
Epoch 107/150 [train]:   0%|          | 0/26 [00:00<?, ?it/s, S=0.5513, loss=-0.4882]
Epoch 107/150 [train]:   0%|          | 0/26 [00:00<?, ?it/s, S=0.5365, loss=-0.4772]
Epoch 107/150 [train]:  35%|███▍      | 9/26 [00:00<00:00, 85.77it/s, S=0.5365, loss=-0.4772]
Epoch 107/150 [train]:  35%|███▍      | 9/26 [00:00<00:00, 85.77it/s, S=0.5213, loss=-0.4573]
Epoch 107/150 [train]:  35%|███▍      | 9/26 [00:00<00:00, 85.77it/s, S=0.5203, loss=-0.4599]
Epoch 107/150 [train]:  35%|███▍      | 9/26 [00:00<00:00, 85.77it/s, S=0.5262, loss=-0.4691]
Epoch 107/150 [train]:  35%|███▍      | 9/26 [00:00<00:00, 85.77it/s, S=0.5344, loss=-0.4729]
Epoch 107/150 [train]:  35%|███▍      | 9/26 [00:00<00:00, 85.77it/s, S=0.5514, loss=-0.4848]
Epoch 107/150 [train]:  35%|███▍      | 9/26 [00:00<00:00, 85.77it/s, S=0.5459, loss=-0.4846]
Epoch 107/150 [train]:  35%|███▍      | 9/26 [00:00<00:00, 85.77it/s, S=0.5548, loss=-0.4948]
Epoch 107/150 [train]:  35%|███▍      | 9/26 [00:00<00:00, 85.77it/s, S=0.5390, loss=-0.4745]
Epoch 107/150 [train]:  35%|███▍      | 9/26 [00:00<00:00, 85.77it/s, S=0.5295, loss=-0.4670]
Epoch 107/150 [train]:  69%|██████▉   | 18/26 [00:00<00:00, 85.91it/s, S=0.5295, loss=-0.4670]
Epoch 107/150 [train]:  69%|██████▉   | 18/26 [00:00<00:00, 85.91it/s, S=0.5373, loss=-0.4789]
Epoch 107/150 [train]:  69%|██████▉   | 18/26 [00:00<00:00, 85.91it/s, S=0.5418, loss=-0.4819]
Epoch 107/150 [train]:  69%|██████▉   | 18/26 [00:00<00:00, 85.91it/s, S=0.5316, loss=-0.4728]
Epoch 107/150 [train]:  69%|██████▉   | 18/26 [00:00<00:00, 85.91it/s, S=0.5323, loss=-0.4750]
Epoch 107/150 [train]:  69%|██████▉   | 18/26 [00:00<00:00, 85.91it/s, S=0.5430, loss=-0.4795]
Epoch 107/150 [train]:  69%|██████▉   | 18/26 [00:00<00:00, 85.91it/s, S=0.5554, loss=-0.4938]
Epoch 107/150 [train]:  69%|██████▉   | 18/26 [00:00<00:00, 85.91it/s, S=0.5323, loss=-0.4699]
Epoch 107/150 [train]:  69%|██████▉   | 18/26 [00:00<00:00, 85.91it/s, S=0.5319, loss=-0.4736]
                                                                                              
Epoch 107/150  train loss=-0.4782  val loss=-0.4700  S[mean]=0.5328  ζ=0.3884  mean_plane_ζ=0.3652  reg=0.0628  λscale=1.00  lr=2.79e-04

Epoch 108/150 [train]:   0%|          | 0/26 [00:00<?, ?it/s]
Epoch 108/150 [train]:   0%|          | 0/26 [00:00<?, ?it/s, S=0.5319, loss=-0.4698]
Epoch 108/150 [train]:   0%|          | 0/26 [00:00<?, ?it/s, S=0.5595, loss=-0.5010]
Epoch 108/150 [train]:   0%|          | 0/26 [00:00<?, ?it/s, S=0.5365, loss=-0.4756]
Epoch 108/150 [train]:   0%|          | 0/26 [00:00<?, ?it/s, S=0.5308, loss=-0.4715]
Epoch 108/150 [train]:   0%|          | 0/26 [00:00<?, ?it/s, S=0.5563, loss=-0.4939]
Epoch 108/150 [train]:   0%|          | 0/26 [00:00<?, ?it/s, S=0.5536, loss=-0.4924]
Epoch 108/150 [train]:   0%|          | 0/26 [00:00<?, ?it/s, S=0.5368, loss=-0.4738]
Epoch 108/150 [train]:   0%|          | 0/26 [00:00<?, ?it/s, S=0.5439, loss=-0.4811]
Epoch 108/150 [train]:   0%|          | 0/26 [00:00<?, ?it/s, S=0.5483, loss=-0.4854]
Epoch 108/150 [train]:  35%|███▍      | 9/26 [00:00<00:00, 85.80it/s, S=0.5483, loss=-0.4854]
Epoch 108/150 [train]:  35%|███▍      | 9/26 [00:00<00:00, 85.80it/s, S=0.5335, loss=-0.4744]
Epoch 108/150 [train]:  35%|███▍      | 9/26 [00:00<00:00, 85.80it/s, S=0.5418, loss=-0.4818]
Epoch 108/150 [train]:  35%|███▍      | 9/26 [00:00<00:00, 85.80it/s, S=0.5141, loss=-0.4557]
Epoch 108/150 [train]:  35%|███▍      | 9/26 [00:00<00:00, 85.80it/s, S=0.5381, loss=-0.4777]
Epoch 108/150 [train]:  35%|███▍      | 9/26 [00:00<00:00, 85.80it/s, S=0.5324, loss=-0.4699]
Epoch 108/150 [train]:  35%|███▍      | 9/26 [00:00<00:00, 85.80it/s, S=0.5444, loss=-0.4836]
Epoch 108/150 [train]:  35%|███▍      | 9/26 [00:00<00:00, 85.80it/s, S=0.5031, loss=-0.4378]
Epoch 108/150 [train]:  35%|███▍      | 9/26 [00:00<00:00, 85.80it/s, S=0.5502, loss=-0.4925]
Epoch 108/150 [train]:  35%|███▍      | 9/26 [00:00<00:00, 85.80it/s, S=0.5402, loss=-0.4814]
Epoch 108/150 [train]:  69%|██████▉   | 18/26 [00:00<00:00, 86.00it/s, S=0.5402, loss=-0.4814]
Epoch 108/150 [train]:  69%|██████▉   | 18/26 [00:00<00:00, 86.00it/s, S=0.5361, loss=-0.4798]
Epoch 108/150 [train]:  69%|██████▉   | 18/26 [00:00<00:00, 86.00it/s, S=0.5591, loss=-0.4998]
Epoch 108/150 [train]:  69%|██████▉   | 18/26 [00:00<00:00, 86.00it/s, S=0.5473, loss=-0.4860]
Epoch 108/150 [train]:  69%|██████▉   | 18/26 [00:00<00:00, 86.00it/s, S=0.5307, loss=-0.4688]
Epoch 108/150 [train]:  69%|██████▉   | 18/26 [00:00<00:00, 86.00it/s, S=0.5402, loss=-0.4806]
Epoch 108/150 [train]:  69%|██████▉   | 18/26 [00:00<00:00, 86.00it/s, S=0.5485, loss=-0.4845]
Epoch 108/150 [train]:  69%|██████▉   | 18/26 [00:00<00:00, 86.00it/s, S=0.5509, loss=-0.4931]
Epoch 108/150 [train]:  69%|██████▉   | 18/26 [00:00<00:00, 86.00it/s, S=0.5095, loss=-0.4424]
                                                                                              
Epoch 108/150  train loss=-0.4782  val loss=-0.4721  S[mean]=0.5351  ζ=0.3872  mean_plane_ζ=0.3645  reg=0.0630  λscale=1.00  lr=2.70e-04

Epoch 109/150 [train]:   0%|          | 0/26 [00:00<?, ?it/s]
Epoch 109/150 [train]:   0%|          | 0/26 [00:00<?, ?it/s, S=0.5379, loss=-0.4771]
Epoch 109/150 [train]:   0%|          | 0/26 [00:00<?, ?it/s, S=0.5481, loss=-0.4895]
Epoch 109/150 [train]:   0%|          | 0/26 [00:00<?, ?it/s, S=0.5349, loss=-0.4691]
Epoch 109/150 [train]:   0%|          | 0/26 [00:00<?, ?it/s, S=0.5368, loss=-0.4750]
Epoch 109/150 [train]:   0%|          | 0/26 [00:00<?, ?it/s, S=0.5556, loss=-0.4972]
Epoch 109/150 [train]:   0%|          | 0/26 [00:00<?, ?it/s, S=0.5447, loss=-0.4850]
Epoch 109/150 [train]:   0%|          | 0/26 [00:00<?, ?it/s, S=0.5332, loss=-0.4784]
Epoch 109/150 [train]:   0%|          | 0/26 [00:00<?, ?it/s, S=0.5498, loss=-0.4900]
Epoch 109/150 [train]:   0%|          | 0/26 [00:00<?, ?it/s, S=0.5722, loss=-0.5127]
Epoch 109/150 [train]:  35%|███▍      | 9/26 [00:00<00:00, 85.67it/s, S=0.5722, loss=-0.5127]
Epoch 109/150 [train]:  35%|███▍      | 9/26 [00:00<00:00, 85.67it/s, S=0.5356, loss=-0.4788]
Epoch 109/150 [train]:  35%|███▍      | 9/26 [00:00<00:00, 85.67it/s, S=0.5093, loss=-0.4526]
Epoch 109/150 [train]:  35%|███▍      | 9/26 [00:00<00:00, 85.67it/s, S=0.5546, loss=-0.4921]
Epoch 109/150 [train]:  35%|███▍      | 9/26 [00:00<00:00, 85.67it/s, S=0.5616, loss=-0.5039]
Epoch 109/150 [train]:  35%|███▍      | 9/26 [00:00<00:00, 85.67it/s, S=0.5462, loss=-0.4836]
Epoch 109/150 [train]:  35%|███▍      | 9/26 [00:00<00:00, 85.67it/s, S=0.5416, loss=-0.4827]
Epoch 109/150 [train]:  35%|███▍      | 9/26 [00:00<00:00, 85.67it/s, S=0.4852, loss=-0.4205]
Epoch 109/150 [train]:  35%|███▍      | 9/26 [00:00<00:00, 85.67it/s, S=0.5602, loss=-0.5012]
Epoch 109/150 [train]:  35%|███▍      | 9/26 [00:00<00:00, 85.67it/s, S=0.5161, loss=-0.4562]
Epoch 109/150 [train]:  69%|██████▉   | 18/26 [00:00<00:00, 85.97it/s, S=0.5161, loss=-0.4562]
Epoch 109/150 [train]:  69%|██████▉   | 18/26 [00:00<00:00, 85.97it/s, S=0.5371, loss=-0.4750]
Epoch 109/150 [train]:  69%|██████▉   | 18/26 [00:00<00:00, 85.97it/s, S=0.5214, loss=-0.4591]
Epoch 109/150 [train]:  69%|██████▉   | 18/26 [00:00<00:00, 85.97it/s, S=0.5321, loss=-0.4742]
Epoch 109/150 [train]:  69%|██████▉   | 18/26 [00:00<00:00, 85.97it/s, S=0.5471, loss=-0.4843]
Epoch 109/150 [train]:  69%|██████▉   | 18/26 [00:00<00:00, 85.97it/s, S=0.5503, loss=-0.4923]
Epoch 109/150 [train]:  69%|██████▉   | 18/26 [00:00<00:00, 85.97it/s, S=0.5408, loss=-0.4780]
Epoch 109/150 [train]:  69%|██████▉   | 18/26 [00:00<00:00, 85.97it/s, S=0.5456, loss=-0.4852]
Epoch 109/150 [train]:  69%|██████▉   | 18/26 [00:00<00:00, 85.97it/s, S=0.5502, loss=-0.4923]
                                                                                              
Epoch 109/150  train loss=-0.4802  val loss=-0.4728  S[mean]=0.5361  ζ=0.3867  mean_plane_ζ=0.3642  reg=0.0632  λscale=1.00  lr=2.60e-04

Epoch 110/150 [train]:   0%|          | 0/26 [00:00<?, ?it/s]
Epoch 110/150 [train]:   0%|          | 0/26 [00:00<?, ?it/s, S=0.5635, loss=-0.5073]
Epoch 110/150 [train]:   0%|          | 0/26 [00:00<?, ?it/s, S=0.5509, loss=-0.4879]
Epoch 110/150 [train]:   0%|          | 0/26 [00:00<?, ?it/s, S=0.5379, loss=-0.4798]
Epoch 110/150 [train]:   0%|          | 0/26 [00:00<?, ?it/s, S=0.5439, loss=-0.4863]
Epoch 110/150 [train]:   0%|          | 0/26 [00:00<?, ?it/s, S=0.5456, loss=-0.4838]
Epoch 110/150 [train]:   0%|          | 0/26 [00:00<?, ?it/s, S=0.5583, loss=-0.4996]
Epoch 110/150 [train]:   0%|          | 0/26 [00:00<?, ?it/s, S=0.5442, loss=-0.4854]
Epoch 110/150 [train]:   0%|          | 0/26 [00:00<?, ?it/s, S=0.5413, loss=-0.4821]
Epoch 110/150 [train]:   0%|          | 0/26 [00:00<?, ?it/s, S=0.5510, loss=-0.4919]
Epoch 110/150 [train]:  35%|███▍      | 9/26 [00:00<00:00, 85.99it/s, S=0.5510, loss=-0.4919]
Epoch 110/150 [train]:  35%|███▍      | 9/26 [00:00<00:00, 85.99it/s, S=0.5283, loss=-0.4699]
Epoch 110/150 [train]:  35%|███▍      | 9/26 [00:00<00:00, 85.99it/s, S=0.5453, loss=-0.4839]
Epoch 110/150 [train]:  35%|███▍      | 9/26 [00:00<00:00, 85.99it/s, S=0.5430, loss=-0.4851]
Epoch 110/150 [train]:  35%|███▍      | 9/26 [00:00<00:00, 85.99it/s, S=0.5254, loss=-0.4650]
Epoch 110/150 [train]:  35%|███▍      | 9/26 [00:00<00:00, 85.99it/s, S=0.5325, loss=-0.4741]
Epoch 110/150 [train]:  35%|███▍      | 9/26 [00:00<00:00, 85.99it/s, S=0.5351, loss=-0.4748]
Epoch 110/150 [train]:  35%|███▍      | 9/26 [00:00<00:00, 85.99it/s, S=0.5418, loss=-0.4826]
Epoch 110/150 [train]:  35%|███▍      | 9/26 [00:00<00:00, 85.99it/s, S=0.5420, loss=-0.4791]
Epoch 110/150 [train]:  35%|███▍      | 9/26 [00:00<00:00, 85.99it/s, S=0.5218, loss=-0.4638]
Epoch 110/150 [train]:  69%|██████▉   | 18/26 [00:00<00:00, 86.07it/s, S=0.5218, loss=-0.4638]
Epoch 110/150 [train]:  69%|██████▉   | 18/26 [00:00<00:00, 86.07it/s, S=0.5380, loss=-0.4806]
Epoch 110/150 [train]:  69%|██████▉   | 18/26 [00:00<00:00, 86.07it/s, S=0.5303, loss=-0.4686]
Epoch 110/150 [train]:  69%|██████▉   | 18/26 [00:00<00:00, 86.07it/s, S=0.5409, loss=-0.4833]
Epoch 110/150 [train]:  69%|██████▉   | 18/26 [00:00<00:00, 86.07it/s, S=0.5575, loss=-0.4932]
Epoch 110/150 [train]:  69%|██████▉   | 18/26 [00:00<00:00, 86.07it/s, S=0.5389, loss=-0.4791]
Epoch 110/150 [train]:  69%|██████▉   | 18/26 [00:00<00:00, 86.07it/s, S=0.5749, loss=-0.5076]
Epoch 110/150 [train]:  69%|██████▉   | 18/26 [00:00<00:00, 86.07it/s, S=0.5393, loss=-0.4783]
Epoch 110/150 [train]:  69%|██████▉   | 18/26 [00:00<00:00, 86.07it/s, S=0.5199, loss=-0.4541]
                                                                                              
Epoch 110/150  train loss=-0.4818  val loss=-0.4730  S[mean]=0.5361  ζ=0.3863  mean_plane_ζ=0.3636  reg=0.0631  λscale=1.00  lr=2.50e-04

Epoch 111/150 [train]:   0%|          | 0/26 [00:00<?, ?it/s]
Epoch 111/150 [train]:   0%|          | 0/26 [00:00<?, ?it/s, S=0.5635, loss=-0.5059]
Epoch 111/150 [train]:   0%|          | 0/26 [00:00<?, ?it/s, S=0.5558, loss=-0.4962]
Epoch 111/150 [train]:   0%|          | 0/26 [00:00<?, ?it/s, S=0.5821, loss=-0.5244]
Epoch 111/150 [train]:   0%|          | 0/26 [00:00<?, ?it/s, S=0.5406, loss=-0.4807]
Epoch 111/150 [train]:   0%|          | 0/26 [00:00<?, ?it/s, S=0.5395, loss=-0.4830]
Epoch 111/150 [train]:   0%|          | 0/26 [00:00<?, ?it/s, S=0.5220, loss=-0.4519]
Epoch 111/150 [train]:   0%|          | 0/26 [00:00<?, ?it/s, S=0.5493, loss=-0.4916]
Epoch 111/150 [train]:   0%|          | 0/26 [00:00<?, ?it/s, S=0.5522, loss=-0.4891]
Epoch 111/150 [train]:   0%|          | 0/26 [00:00<?, ?it/s, S=0.5348, loss=-0.4784]
Epoch 111/150 [train]:  35%|███▍      | 9/26 [00:00<00:00, 85.92it/s, S=0.5348, loss=-0.4784]
Epoch 111/150 [train]:  35%|███▍      | 9/26 [00:00<00:00, 85.92it/s, S=0.5220, loss=-0.4556]
Epoch 111/150 [train]:  35%|███▍      | 9/26 [00:00<00:00, 85.92it/s, S=0.5548, loss=-0.4963]
Epoch 111/150 [train]:  35%|███▍      | 9/26 [00:00<00:00, 85.92it/s, S=0.5522, loss=-0.4894]
Epoch 111/150 [train]:  35%|███▍      | 9/26 [00:00<00:00, 85.92it/s, S=0.5266, loss=-0.4653]
Epoch 111/150 [train]:  35%|███▍      | 9/26 [00:00<00:00, 85.92it/s, S=0.4948, loss=-0.4327]
Epoch 111/150 [train]:  35%|███▍      | 9/26 [00:00<00:00, 85.92it/s, S=0.5233, loss=-0.4624]
Epoch 111/150 [train]:  35%|███▍      | 9/26 [00:00<00:00, 85.92it/s, S=0.5822, loss=-0.5234]
Epoch 111/150 [train]:  35%|███▍      | 9/26 [00:00<00:00, 85.92it/s, S=0.5525, loss=-0.4927]
Epoch 111/150 [train]:  35%|███▍      | 9/26 [00:00<00:00, 85.92it/s, S=0.5262, loss=-0.4661]
Epoch 111/150 [train]:  69%|██████▉   | 18/26 [00:00<00:00, 86.09it/s, S=0.5262, loss=-0.4661]
Epoch 111/150 [train]:  69%|██████▉   | 18/26 [00:00<00:00, 86.09it/s, S=0.5708, loss=-0.5081]
Epoch 111/150 [train]:  69%|██████▉   | 18/26 [00:00<00:00, 86.09it/s, S=0.5346, loss=-0.4750]
Epoch 111/150 [train]:  69%|██████▉   | 18/26 [00:00<00:00, 86.09it/s, S=0.5457, loss=-0.4874]
Epoch 111/150 [train]:  69%|██████▉   | 18/26 [00:00<00:00, 86.09it/s, S=0.5231, loss=-0.4567]
Epoch 111/150 [train]:  69%|██████▉   | 18/26 [00:00<00:00, 86.09it/s, S=0.5387, loss=-0.4781]
Epoch 111/150 [train]:  69%|██████▉   | 18/26 [00:00<00:00, 86.09it/s, S=0.5050, loss=-0.4399]
Epoch 111/150 [train]:  69%|██████▉   | 18/26 [00:00<00:00, 86.09it/s, S=0.5622, loss=-0.4904]
Epoch 111/150 [train]:  69%|██████▉   | 18/26 [00:00<00:00, 86.09it/s, S=0.5409, loss=-0.4809]
                                                                                              
Epoch 111/150  train loss=-0.4808  val loss=-0.4756  S[mean]=0.5383  ζ=0.3857  mean_plane_ζ=0.3638  reg=0.0626  λscale=1.00  lr=2.40e-04

Epoch 112/150 [train]:   0%|          | 0/26 [00:00<?, ?it/s]
Epoch 112/150 [train]:   0%|          | 0/26 [00:00<?, ?it/s, S=0.5609, loss=-0.4989]
Epoch 112/150 [train]:   0%|          | 0/26 [00:00<?, ?it/s, S=0.5529, loss=-0.4947]
Epoch 112/150 [train]:   0%|          | 0/26 [00:00<?, ?it/s, S=0.5097, loss=-0.4457]
Epoch 112/150 [train]:   0%|          | 0/26 [00:00<?, ?it/s, S=0.5535, loss=-0.4940]
Epoch 112/150 [train]:   0%|          | 0/26 [00:00<?, ?it/s, S=0.5399, loss=-0.4835]
Epoch 112/150 [train]:   0%|          | 0/26 [00:00<?, ?it/s, S=0.5325, loss=-0.4736]
Epoch 112/150 [train]:   0%|          | 0/26 [00:00<?, ?it/s, S=0.5743, loss=-0.5158]
Epoch 112/150 [train]:   0%|          | 0/26 [00:00<?, ?it/s, S=0.5711, loss=-0.5110]
Epoch 112/150 [train]:   0%|          | 0/26 [00:00<?, ?it/s, S=0.5591, loss=-0.5028]
Epoch 112/150 [train]:  35%|███▍      | 9/26 [00:00<00:00, 85.92it/s, S=0.5591, loss=-0.5028]
Epoch 112/150 [train]:  35%|███▍      | 9/26 [00:00<00:00, 85.92it/s, S=0.5460, loss=-0.4904]
Epoch 112/150 [train]:  35%|███▍      | 9/26 [00:00<00:00, 85.92it/s, S=0.5648, loss=-0.4999]
Epoch 112/150 [train]:  35%|███▍      | 9/26 [00:00<00:00, 85.92it/s, S=0.5914, loss=-0.5339]
Epoch 112/150 [train]:  35%|███▍      | 9/26 [00:00<00:00, 85.92it/s, S=0.5457, loss=-0.4874]
Epoch 112/150 [train]:  35%|███▍      | 9/26 [00:00<00:00, 85.92it/s, S=0.5526, loss=-0.4940]
Epoch 112/150 [train]:  35%|███▍      | 9/26 [00:00<00:00, 85.92it/s, S=0.5335, loss=-0.4747]
Epoch 112/150 [train]:  35%|███▍      | 9/26 [00:00<00:00, 85.92it/s, S=0.5475, loss=-0.4848]
Epoch 112/150 [train]:  35%|███▍      | 9/26 [00:00<00:00, 85.92it/s, S=0.5423, loss=-0.4796]
Epoch 112/150 [train]:  35%|███▍      | 9/26 [00:00<00:00, 85.92it/s, S=0.5574, loss=-0.4881]
Epoch 112/150 [train]:  69%|██████▉   | 18/26 [00:00<00:00, 86.03it/s, S=0.5574, loss=-0.4881]
Epoch 112/150 [train]:  69%|██████▉   | 18/26 [00:00<00:00, 86.03it/s, S=0.5576, loss=-0.4997]
Epoch 112/150 [train]:  69%|██████▉   | 18/26 [00:00<00:00, 86.03it/s, S=0.5439, loss=-0.4805]
Epoch 112/150 [train]:  69%|██████▉   | 18/26 [00:00<00:00, 86.03it/s, S=0.5515, loss=-0.4899]
Epoch 112/150 [train]:  69%|██████▉   | 18/26 [00:00<00:00, 86.03it/s, S=0.5233, loss=-0.4623]
Epoch 112/150 [train]:  69%|██████▉   | 18/26 [00:00<00:00, 86.03it/s, S=0.5329, loss=-0.4728]
Epoch 112/150 [train]:  69%|██████▉   | 18/26 [00:00<00:00, 86.03it/s, S=0.5550, loss=-0.4938]
Epoch 112/150 [train]:  69%|██████▉   | 18/26 [00:00<00:00, 86.03it/s, S=0.5495, loss=-0.4899]
Epoch 112/150 [train]:  69%|██████▉   | 18/26 [00:00<00:00, 86.03it/s, S=0.5296, loss=-0.4705]
                                                                                              
Epoch 112/150  train loss=-0.4889  val loss=-0.4765  S[mean]=0.5387  ζ=0.3854  mean_plane_ζ=0.3638  reg=0.0623  λscale=1.00  lr=2.30e-04

Epoch 113/150 [train]:   0%|          | 0/26 [00:00<?, ?it/s]
Epoch 113/150 [train]:   0%|          | 0/26 [00:00<?, ?it/s, S=0.5377, loss=-0.4729]
Epoch 113/150 [train]:   0%|          | 0/26 [00:00<?, ?it/s, S=0.5361, loss=-0.4780]
Epoch 113/150 [train]:   0%|          | 0/26 [00:00<?, ?it/s, S=0.5387, loss=-0.4824]
Epoch 113/150 [train]:   0%|          | 0/26 [00:00<?, ?it/s, S=0.5283, loss=-0.4693]
Epoch 113/150 [train]:   0%|          | 0/26 [00:00<?, ?it/s, S=0.5459, loss=-0.4827]
Epoch 113/150 [train]:   0%|          | 0/26 [00:00<?, ?it/s, S=0.5542, loss=-0.4971]
Epoch 113/150 [train]:   0%|          | 0/26 [00:00<?, ?it/s, S=0.5419, loss=-0.4827]
Epoch 113/150 [train]:   0%|          | 0/26 [00:00<?, ?it/s, S=0.5382, loss=-0.4786]
Epoch 113/150 [train]:   0%|          | 0/26 [00:00<?, ?it/s, S=0.5339, loss=-0.4678]
Epoch 113/150 [train]:  35%|███▍      | 9/26 [00:00<00:00, 86.18it/s, S=0.5339, loss=-0.4678]
Epoch 113/150 [train]:  35%|███▍      | 9/26 [00:00<00:00, 86.18it/s, S=0.5503, loss=-0.4909]
Epoch 113/150 [train]:  35%|███▍      | 9/26 [00:00<00:00, 86.18it/s, S=0.5457, loss=-0.4889]
Epoch 113/150 [train]:  35%|███▍      | 9/26 [00:00<00:00, 86.18it/s, S=0.5572, loss=-0.4962]
Epoch 113/150 [train]:  35%|███▍      | 9/26 [00:00<00:00, 86.18it/s, S=0.5085, loss=-0.4477]
Epoch 113/150 [train]:  35%|███▍      | 9/26 [00:00<00:00, 86.18it/s, S=0.5813, loss=-0.5202]
Epoch 113/150 [train]:  35%|███▍      | 9/26 [00:00<00:00, 86.18it/s, S=0.5407, loss=-0.4840]
Epoch 113/150 [train]:  35%|███▍      | 9/26 [00:00<00:00, 86.18it/s, S=0.5384, loss=-0.4801]
Epoch 113/150 [train]:  35%|███▍      | 9/26 [00:00<00:00, 86.18it/s, S=0.5602, loss=-0.4964]
Epoch 113/150 [train]:  35%|███▍      | 9/26 [00:00<00:00, 86.18it/s, S=0.5407, loss=-0.4807]
Epoch 113/150 [train]:  69%|██████▉   | 18/26 [00:00<00:00, 86.13it/s, S=0.5407, loss=-0.4807]
Epoch 113/150 [train]:  69%|██████▉   | 18/26 [00:00<00:00, 86.13it/s, S=0.5549, loss=-0.4948]
Epoch 113/150 [train]:  69%|██████▉   | 18/26 [00:00<00:00, 86.13it/s, S=0.5591, loss=-0.4875]
Epoch 113/150 [train]:  69%|██████▉   | 18/26 [00:00<00:00, 86.13it/s, S=0.5478, loss=-0.4888]
Epoch 113/150 [train]:  69%|██████▉   | 18/26 [00:00<00:00, 86.13it/s, S=0.5546, loss=-0.4990]
Epoch 113/150 [train]:  69%|██████▉   | 18/26 [00:00<00:00, 86.13it/s, S=0.5405, loss=-0.4819]
Epoch 113/150 [train]:  69%|██████▉   | 18/26 [00:00<00:00, 86.13it/s, S=0.5520, loss=-0.4907]
Epoch 113/150 [train]:  69%|██████▉   | 18/26 [00:00<00:00, 86.13it/s, S=0.5641, loss=-0.5068]
Epoch 113/150 [train]:  69%|██████▉   | 18/26 [00:00<00:00, 86.13it/s, S=0.5441, loss=-0.4837]
                                                                                              
Epoch 113/150  train loss=-0.4858  val loss=-0.4777  S[mean]=0.5402  ζ=0.3847  mean_plane_ζ=0.3638  reg=0.0625  λscale=1.00  lr=2.21e-04

Epoch 114/150 [train]:   0%|          | 0/26 [00:00<?, ?it/s]
Epoch 114/150 [train]:   0%|          | 0/26 [00:00<?, ?it/s, S=0.5630, loss=-0.5071]
Epoch 114/150 [train]:   0%|          | 0/26 [00:00<?, ?it/s, S=0.5132, loss=-0.4539]
Epoch 114/150 [train]:   0%|          | 0/26 [00:00<?, ?it/s, S=0.5884, loss=-0.5297]
Epoch 114/150 [train]:   0%|          | 0/26 [00:00<?, ?it/s, S=0.5227, loss=-0.4650]
Epoch 114/150 [train]:   0%|          | 0/26 [00:00<?, ?it/s, S=0.5370, loss=-0.4774]
Epoch 114/150 [train]:   0%|          | 0/26 [00:00<?, ?it/s, S=0.5581, loss=-0.4976]
Epoch 114/150 [train]:   0%|          | 0/26 [00:00<?, ?it/s, S=0.5855, loss=-0.5287]
Epoch 114/150 [train]:   0%|          | 0/26 [00:00<?, ?it/s, S=0.5293, loss=-0.4677]
Epoch 114/150 [train]:   0%|          | 0/26 [00:00<?, ?it/s, S=0.5534, loss=-0.4952]
Epoch 114/150 [train]:  35%|███▍      | 9/26 [00:00<00:00, 85.93it/s, S=0.5534, loss=-0.4952]
Epoch 114/150 [train]:  35%|███▍      | 9/26 [00:00<00:00, 85.93it/s, S=0.5276, loss=-0.4687]
Epoch 114/150 [train]:  35%|███▍      | 9/26 [00:00<00:00, 85.93it/s, S=0.5505, loss=-0.4854]
Epoch 114/150 [train]:  35%|███▍      | 9/26 [00:00<00:00, 85.93it/s, S=0.5419, loss=-0.4838]
Epoch 114/150 [train]:  35%|███▍      | 9/26 [00:00<00:00, 85.93it/s, S=0.5665, loss=-0.5085]
Epoch 114/150 [train]:  35%|███▍      | 9/26 [00:00<00:00, 85.93it/s, S=0.5351, loss=-0.4738]
Epoch 114/150 [train]:  35%|███▍      | 9/26 [00:00<00:00, 85.93it/s, S=0.5250, loss=-0.4661]
Epoch 114/150 [train]:  35%|███▍      | 9/26 [00:00<00:00, 85.93it/s, S=0.5272, loss=-0.4646]
Epoch 114/150 [train]:  35%|███▍      | 9/26 [00:00<00:00, 85.93it/s, S=0.5410, loss=-0.4853]
Epoch 114/150 [train]:  35%|███▍      | 9/26 [00:00<00:00, 85.93it/s, S=0.5312, loss=-0.4667]
Epoch 114/150 [train]:  69%|██████▉   | 18/26 [00:00<00:00, 85.86it/s, S=0.5312, loss=-0.4667]
Epoch 114/150 [train]:  69%|██████▉   | 18/26 [00:00<00:00, 85.86it/s, S=0.5690, loss=-0.5089]
Epoch 114/150 [train]:  69%|██████▉   | 18/26 [00:00<00:00, 85.86it/s, S=0.5600, loss=-0.5009]
Epoch 114/150 [train]:  69%|██████▉   | 18/26 [00:00<00:00, 85.86it/s, S=0.5806, loss=-0.5218]
Epoch 114/150 [train]:  69%|██████▉   | 18/26 [00:00<00:00, 85.86it/s, S=0.5271, loss=-0.4665]
Epoch 114/150 [train]:  69%|██████▉   | 18/26 [00:00<00:00, 85.86it/s, S=0.5582, loss=-0.5012]
Epoch 114/150 [train]:  69%|██████▉   | 18/26 [00:00<00:00, 85.86it/s, S=0.5274, loss=-0.4716]
Epoch 114/150 [train]:  69%|██████▉   | 18/26 [00:00<00:00, 85.86it/s, S=0.5474, loss=-0.4765]
Epoch 114/150 [train]:  69%|██████▉   | 18/26 [00:00<00:00, 85.86it/s, S=0.5352, loss=-0.4741]
                                                                                              
Epoch 114/150  train loss=-0.4864  val loss=-0.4787  S[mean]=0.5413  ζ=0.3848  mean_plane_ζ=0.3639  reg=0.0626  λscale=1.00  lr=2.11e-04

Epoch 115/150 [train]:   0%|          | 0/26 [00:00<?, ?it/s]
Epoch 115/150 [train]:   0%|          | 0/26 [00:00<?, ?it/s, S=0.5704, loss=-0.5099]
Epoch 115/150 [train]:   0%|          | 0/26 [00:00<?, ?it/s, S=0.5291, loss=-0.4721]
Epoch 115/150 [train]:   0%|          | 0/26 [00:00<?, ?it/s, S=0.5581, loss=-0.4990]
Epoch 115/150 [train]:   0%|          | 0/26 [00:00<?, ?it/s, S=0.5309, loss=-0.4749]
Epoch 115/150 [train]:   0%|          | 0/26 [00:00<?, ?it/s, S=0.5611, loss=-0.5053]
Epoch 115/150 [train]:   0%|          | 0/26 [00:00<?, ?it/s, S=0.5584, loss=-0.4977]
Epoch 115/150 [train]:   0%|          | 0/26 [00:00<?, ?it/s, S=0.5663, loss=-0.5051]
Epoch 115/150 [train]:   0%|          | 0/26 [00:00<?, ?it/s, S=0.5653, loss=-0.5089]
Epoch 115/150 [train]:   0%|          | 0/26 [00:00<?, ?it/s, S=0.5678, loss=-0.5066]
Epoch 115/150 [train]:  35%|███▍      | 9/26 [00:00<00:00, 85.76it/s, S=0.5678, loss=-0.5066]
Epoch 115/150 [train]:  35%|███▍      | 9/26 [00:00<00:00, 85.76it/s, S=0.5523, loss=-0.4896]
Epoch 115/150 [train]:  35%|███▍      | 9/26 [00:00<00:00, 85.76it/s, S=0.5436, loss=-0.4838]
Epoch 115/150 [train]:  35%|███▍      | 9/26 [00:00<00:00, 85.76it/s, S=0.5716, loss=-0.5130]
Epoch 115/150 [train]:  35%|███▍      | 9/26 [00:00<00:00, 85.76it/s, S=0.5414, loss=-0.4780]
Epoch 115/150 [train]:  35%|███▍      | 9/26 [00:00<00:00, 85.76it/s, S=0.5370, loss=-0.4795]
Epoch 115/150 [train]:  35%|███▍      | 9/26 [00:00<00:00, 85.76it/s, S=0.5461, loss=-0.4865]
Epoch 115/150 [train]:  35%|███▍      | 9/26 [00:00<00:00, 85.76it/s, S=0.5250, loss=-0.4672]
Epoch 115/150 [train]:  35%|███▍      | 9/26 [00:00<00:00, 85.76it/s, S=0.5498, loss=-0.4898]
Epoch 115/150 [train]:  35%|███▍      | 9/26 [00:00<00:00, 85.76it/s, S=0.5542, loss=-0.4955]
Epoch 115/150 [train]:  69%|██████▉   | 18/26 [00:00<00:00, 85.88it/s, S=0.5542, loss=-0.4955]
Epoch 115/150 [train]:  69%|██████▉   | 18/26 [00:00<00:00, 85.88it/s, S=0.5626, loss=-0.5034]
Epoch 115/150 [train]:  69%|██████▉   | 18/26 [00:00<00:00, 85.88it/s, S=0.5281, loss=-0.4697]
Epoch 115/150 [train]:  69%|██████▉   | 18/26 [00:00<00:00, 85.88it/s, S=0.5307, loss=-0.4702]
Epoch 115/150 [train]:  69%|██████▉   | 18/26 [00:00<00:00, 85.88it/s, S=0.5419, loss=-0.4865]
Epoch 115/150 [train]:  69%|██████▉   | 18/26 [00:00<00:00, 85.88it/s, S=0.5122, loss=-0.4487]
Epoch 115/150 [train]:  69%|██████▉   | 18/26 [00:00<00:00, 85.88it/s, S=0.5512, loss=-0.4930]
Epoch 115/150 [train]:  69%|██████▉   | 18/26 [00:00<00:00, 85.88it/s, S=0.5405, loss=-0.4809]
Epoch 115/150 [train]:  69%|██████▉   | 18/26 [00:00<00:00, 85.88it/s, S=0.5544, loss=-0.4921]
                                                                                              
Epoch 115/150  train loss=-0.4887  val loss=-0.4793  S[mean]=0.5422  ζ=0.3847  mean_plane_ζ=0.3642  reg=0.0629  λscale=1.00  lr=2.01e-04

Epoch 116/150 [train]:   0%|          | 0/26 [00:00<?, ?it/s]
Epoch 116/150 [train]:   0%|          | 0/26 [00:00<?, ?it/s, S=0.5122, loss=-0.4543]
Epoch 116/150 [train]:   0%|          | 0/26 [00:00<?, ?it/s, S=0.5535, loss=-0.4954]
Epoch 116/150 [train]:   0%|          | 0/26 [00:00<?, ?it/s, S=0.5545, loss=-0.4974]
Epoch 116/150 [train]:   0%|          | 0/26 [00:00<?, ?it/s, S=0.5479, loss=-0.4875]
Epoch 116/150 [train]:   0%|          | 0/26 [00:00<?, ?it/s, S=0.5491, loss=-0.4864]
Epoch 116/150 [train]:   0%|          | 0/26 [00:00<?, ?it/s, S=0.5552, loss=-0.4947]
Epoch 116/150 [train]:   0%|          | 0/26 [00:00<?, ?it/s, S=0.5594, loss=-0.5031]
Epoch 116/150 [train]:   0%|          | 0/26 [00:00<?, ?it/s, S=0.5231, loss=-0.4584]
Epoch 116/150 [train]:   0%|          | 0/26 [00:00<?, ?it/s, S=0.5380, loss=-0.4750]
Epoch 116/150 [train]:  35%|███▍      | 9/26 [00:00<00:00, 86.00it/s, S=0.5380, loss=-0.4750]
Epoch 116/150 [train]:  35%|███▍      | 9/26 [00:00<00:00, 86.00it/s, S=0.5747, loss=-0.5161]
Epoch 116/150 [train]:  35%|███▍      | 9/26 [00:00<00:00, 86.00it/s, S=0.5572, loss=-0.4970]
Epoch 116/150 [train]:  35%|███▍      | 9/26 [00:00<00:00, 86.00it/s, S=0.5526, loss=-0.4917]
Epoch 116/150 [train]:  35%|███▍      | 9/26 [00:00<00:00, 86.00it/s, S=0.5260, loss=-0.4616]
Epoch 116/150 [train]:  35%|███▍      | 9/26 [00:00<00:00, 86.00it/s, S=0.5366, loss=-0.4717]
Epoch 116/150 [train]:  35%|███▍      | 9/26 [00:00<00:00, 86.00it/s, S=0.5759, loss=-0.5179]
Epoch 116/150 [train]:  35%|███▍      | 9/26 [00:00<00:00, 86.00it/s, S=0.5458, loss=-0.4871]
Epoch 116/150 [train]:  35%|███▍      | 9/26 [00:00<00:00, 86.00it/s, S=0.5480, loss=-0.4864]
Epoch 116/150 [train]:  35%|███▍      | 9/26 [00:00<00:00, 86.00it/s, S=0.5397, loss=-0.4747]
Epoch 116/150 [train]:  69%|██████▉   | 18/26 [00:00<00:00, 86.06it/s, S=0.5397, loss=-0.4747]
Epoch 116/150 [train]:  69%|██████▉   | 18/26 [00:00<00:00, 86.06it/s, S=0.5651, loss=-0.5068]
Epoch 116/150 [train]:  69%|██████▉   | 18/26 [00:00<00:00, 86.06it/s, S=0.5398, loss=-0.4748]
Epoch 116/150 [train]:  69%|██████▉   | 18/26 [00:00<00:00, 86.06it/s, S=0.5553, loss=-0.4914]
Epoch 116/150 [train]:  69%|██████▉   | 18/26 [00:00<00:00, 86.06it/s, S=0.5161, loss=-0.4571]
Epoch 116/150 [train]:  69%|██████▉   | 18/26 [00:00<00:00, 86.06it/s, S=0.5474, loss=-0.4864]
Epoch 116/150 [train]:  69%|██████▉   | 18/26 [00:00<00:00, 86.06it/s, S=0.5320, loss=-0.4734]
Epoch 116/150 [train]:  69%|██████▉   | 18/26 [00:00<00:00, 86.06it/s, S=0.5405, loss=-0.4813]
Epoch 116/150 [train]:  69%|██████▉   | 18/26 [00:00<00:00, 86.06it/s, S=0.5587, loss=-0.4991]
                                                                                              
Epoch 116/150  train loss=-0.4856  val loss=-0.4807  S[mean]=0.5430  ζ=0.3843  mean_plane_ζ=0.3641  reg=0.0622  λscale=1.00  lr=1.92e-04

Epoch 117/150 [train]:   0%|          | 0/26 [00:00<?, ?it/s]
Epoch 117/150 [train]:   0%|          | 0/26 [00:00<?, ?it/s, S=0.5505, loss=-0.4896]
Epoch 117/150 [train]:   0%|          | 0/26 [00:00<?, ?it/s, S=0.5544, loss=-0.4975]
Epoch 117/150 [train]:   0%|          | 0/26 [00:00<?, ?it/s, S=0.5262, loss=-0.4668]
Epoch 117/150 [train]:   0%|          | 0/26 [00:00<?, ?it/s, S=0.5599, loss=-0.4874]
Epoch 117/150 [train]:   0%|          | 0/26 [00:00<?, ?it/s, S=0.5438, loss=-0.4818]
Epoch 117/150 [train]:   0%|          | 0/26 [00:00<?, ?it/s, S=0.5550, loss=-0.4986]
Epoch 117/150 [train]:   0%|          | 0/26 [00:00<?, ?it/s, S=0.5155, loss=-0.4506]
Epoch 117/150 [train]:   0%|          | 0/26 [00:00<?, ?it/s, S=0.5648, loss=-0.5044]
Epoch 117/150 [train]:   0%|          | 0/26 [00:00<?, ?it/s, S=0.5632, loss=-0.5037]
Epoch 117/150 [train]:  35%|███▍      | 9/26 [00:00<00:00, 85.83it/s, S=0.5632, loss=-0.5037]
Epoch 117/150 [train]:  35%|███▍      | 9/26 [00:00<00:00, 85.83it/s, S=0.5662, loss=-0.5074]
Epoch 117/150 [train]:  35%|███▍      | 9/26 [00:00<00:00, 85.83it/s, S=0.5473, loss=-0.4820]
Epoch 117/150 [train]:  35%|███▍      | 9/26 [00:00<00:00, 85.83it/s, S=0.5522, loss=-0.4876]
Epoch 117/150 [train]:  35%|███▍      | 9/26 [00:00<00:00, 85.83it/s, S=0.4799, loss=-0.4138]
Epoch 117/150 [train]:  35%|███▍      | 9/26 [00:00<00:00, 85.83it/s, S=0.5656, loss=-0.5096]
Epoch 117/150 [train]:  35%|███▍      | 9/26 [00:00<00:00, 85.83it/s, S=0.5527, loss=-0.4843]
Epoch 117/150 [train]:  35%|███▍      | 9/26 [00:00<00:00, 85.83it/s, S=0.5488, loss=-0.4881]
Epoch 117/150 [train]:  35%|███▍      | 9/26 [00:00<00:00, 85.83it/s, S=0.5396, loss=-0.4803]
Epoch 117/150 [train]:  35%|███▍      | 9/26 [00:00<00:00, 85.83it/s, S=0.5368, loss=-0.4715]
Epoch 117/150 [train]:  69%|██████▉   | 18/26 [00:00<00:00, 85.93it/s, S=0.5368, loss=-0.4715]
Epoch 117/150 [train]:  69%|██████▉   | 18/26 [00:00<00:00, 85.93it/s, S=0.5493, loss=-0.4864]
Epoch 117/150 [train]:  69%|██████▉   | 18/26 [00:00<00:00, 85.93it/s, S=0.5451, loss=-0.4818]
Epoch 117/150 [train]:  69%|██████▉   | 18/26 [00:00<00:00, 85.93it/s, S=0.5437, loss=-0.4876]
Epoch 117/150 [train]:  69%|██████▉   | 18/26 [00:00<00:00, 85.93it/s, S=0.5410, loss=-0.4788]
Epoch 117/150 [train]:  69%|██████▉   | 18/26 [00:00<00:00, 85.93it/s, S=0.5563, loss=-0.5009]
Epoch 117/150 [train]:  69%|██████▉   | 18/26 [00:00<00:00, 85.93it/s, S=0.5259, loss=-0.4628]
Epoch 117/150 [train]:  69%|██████▉   | 18/26 [00:00<00:00, 85.93it/s, S=0.5309, loss=-0.4739]
Epoch 117/150 [train]:  69%|██████▉   | 18/26 [00:00<00:00, 85.93it/s, S=0.5525, loss=-0.4913]
                                                                                              
Epoch 117/150  train loss=-0.4834  val loss=-0.4807  S[mean]=0.5432  ζ=0.3835  mean_plane_ζ=0.3634  reg=0.0626  λscale=1.00  lr=1.82e-04

Epoch 118/150 [train]:   0%|          | 0/26 [00:00<?, ?it/s]
Epoch 118/150 [train]:   0%|          | 0/26 [00:00<?, ?it/s, S=0.5492, loss=-0.4933]
Epoch 118/150 [train]:   0%|          | 0/26 [00:00<?, ?it/s, S=0.5583, loss=-0.4971]
Epoch 118/150 [train]:   0%|          | 0/26 [00:00<?, ?it/s, S=0.5422, loss=-0.4822]
Epoch 118/150 [train]:   0%|          | 0/26 [00:00<?, ?it/s, S=0.5564, loss=-0.4978]
Epoch 118/150 [train]:   0%|          | 0/26 [00:00<?, ?it/s, S=0.5488, loss=-0.4748]
Epoch 118/150 [train]:   0%|          | 0/26 [00:00<?, ?it/s, S=0.5474, loss=-0.4898]
Epoch 118/150 [train]:   0%|          | 0/26 [00:00<?, ?it/s, S=0.5482, loss=-0.4909]
Epoch 118/150 [train]:   0%|          | 0/26 [00:00<?, ?it/s, S=0.5624, loss=-0.4990]
Epoch 118/150 [train]:   0%|          | 0/26 [00:00<?, ?it/s, S=0.5464, loss=-0.4888]
Epoch 118/150 [train]:  35%|███▍      | 9/26 [00:00<00:00, 85.78it/s, S=0.5464, loss=-0.4888]
Epoch 118/150 [train]:  35%|███▍      | 9/26 [00:00<00:00, 85.78it/s, S=0.5568, loss=-0.5013]
Epoch 118/150 [train]:  35%|███▍      | 9/26 [00:00<00:00, 85.78it/s, S=0.5290, loss=-0.4690]
Epoch 118/150 [train]:  35%|███▍      | 9/26 [00:00<00:00, 85.78it/s, S=0.5522, loss=-0.4954]
Epoch 118/150 [train]:  35%|███▍      | 9/26 [00:00<00:00, 85.78it/s, S=0.5831, loss=-0.5215]
Epoch 118/150 [train]:  35%|███▍      | 9/26 [00:00<00:00, 85.78it/s, S=0.5521, loss=-0.4912]
Epoch 118/150 [train]:  35%|███▍      | 9/26 [00:00<00:00, 85.78it/s, S=0.5687, loss=-0.5076]
Epoch 118/150 [train]:  35%|███▍      | 9/26 [00:00<00:00, 85.78it/s, S=0.5386, loss=-0.4815]
Epoch 118/150 [train]:  35%|███▍      | 9/26 [00:00<00:00, 85.78it/s, S=0.5495, loss=-0.4929]
Epoch 118/150 [train]:  35%|███▍      | 9/26 [00:00<00:00, 85.78it/s, S=0.5390, loss=-0.4796]
Epoch 118/150 [train]:  69%|██████▉   | 18/26 [00:00<00:00, 85.98it/s, S=0.5390, loss=-0.4796]
Epoch 118/150 [train]:  69%|██████▉   | 18/26 [00:00<00:00, 85.98it/s, S=0.5763, loss=-0.5139]
Epoch 118/150 [train]:  69%|██████▉   | 18/26 [00:00<00:00, 85.98it/s, S=0.5584, loss=-0.5014]
Epoch 118/150 [train]:  69%|██████▉   | 18/26 [00:00<00:00, 85.98it/s, S=0.5254, loss=-0.4619]
Epoch 118/150 [train]:  69%|██████▉   | 18/26 [00:00<00:00, 85.98it/s, S=0.5497, loss=-0.4882]
Epoch 118/150 [train]:  69%|██████▉   | 18/26 [00:00<00:00, 85.98it/s, S=0.5452, loss=-0.4891]
Epoch 118/150 [train]:  69%|██████▉   | 18/26 [00:00<00:00, 85.98it/s, S=0.5546, loss=-0.4947]
Epoch 118/150 [train]:  69%|██████▉   | 18/26 [00:00<00:00, 85.98it/s, S=0.5556, loss=-0.5000]
Epoch 118/150 [train]:  69%|██████▉   | 18/26 [00:00<00:00, 85.98it/s, S=0.5517, loss=-0.4900]
                                                                                              
Epoch 118/150  train loss=-0.4920  val loss=-0.4811  S[mean]=0.5434  ζ=0.3833  mean_plane_ζ=0.3633  reg=0.0623  λscale=1.00  lr=1.73e-04

Epoch 119/150 [train]:   0%|          | 0/26 [00:00<?, ?it/s]
Epoch 119/150 [train]:   0%|          | 0/26 [00:00<?, ?it/s, S=0.5558, loss=-0.4980]
Epoch 119/150 [train]:   0%|          | 0/26 [00:00<?, ?it/s, S=0.5353, loss=-0.4780]
Epoch 119/150 [train]:   0%|          | 0/26 [00:00<?, ?it/s, S=0.5333, loss=-0.4697]
Epoch 119/150 [train]:   0%|          | 0/26 [00:00<?, ?it/s, S=0.5593, loss=-0.5003]
Epoch 119/150 [train]:   0%|          | 0/26 [00:00<?, ?it/s, S=0.5446, loss=-0.4835]
Epoch 119/150 [train]:   0%|          | 0/26 [00:00<?, ?it/s, S=0.5572, loss=-0.4984]
Epoch 119/150 [train]:   0%|          | 0/26 [00:00<?, ?it/s, S=0.5260, loss=-0.4651]
Epoch 119/150 [train]:   0%|          | 0/26 [00:00<?, ?it/s, S=0.5674, loss=-0.5081]
Epoch 119/150 [train]:   0%|          | 0/26 [00:00<?, ?it/s, S=0.5804, loss=-0.5190]
Epoch 119/150 [train]:  35%|███▍      | 9/26 [00:00<00:00, 85.96it/s, S=0.5804, loss=-0.5190]
Epoch 119/150 [train]:  35%|███▍      | 9/26 [00:00<00:00, 85.96it/s, S=0.5558, loss=-0.4940]
Epoch 119/150 [train]:  35%|███▍      | 9/26 [00:00<00:00, 85.96it/s, S=0.5493, loss=-0.4875]
Epoch 119/150 [train]:  35%|███▍      | 9/26 [00:00<00:00, 85.96it/s, S=0.5392, loss=-0.4815]
Epoch 119/150 [train]:  35%|███▍      | 9/26 [00:00<00:00, 85.96it/s, S=0.5401, loss=-0.4771]
Epoch 119/150 [train]:  35%|███▍      | 9/26 [00:00<00:00, 85.96it/s, S=0.5389, loss=-0.4819]
Epoch 119/150 [train]:  35%|███▍      | 9/26 [00:00<00:00, 85.96it/s, S=0.5601, loss=-0.4978]
Epoch 119/150 [train]:  35%|███▍      | 9/26 [00:00<00:00, 85.96it/s, S=0.6239, loss=-0.5579]
Epoch 119/150 [train]:  35%|███▍      | 9/26 [00:00<00:00, 85.96it/s, S=0.5568, loss=-0.4959]
Epoch 119/150 [train]:  35%|███▍      | 9/26 [00:00<00:00, 85.96it/s, S=0.5548, loss=-0.4903]
Epoch 119/150 [train]:  69%|██████▉   | 18/26 [00:00<00:00, 85.93it/s, S=0.5548, loss=-0.4903]
Epoch 119/150 [train]:  69%|██████▉   | 18/26 [00:00<00:00, 85.93it/s, S=0.5626, loss=-0.5066]
Epoch 119/150 [train]:  69%|██████▉   | 18/26 [00:00<00:00, 85.93it/s, S=0.5271, loss=-0.4660]
Epoch 119/150 [train]:  69%|██████▉   | 18/26 [00:00<00:00, 85.93it/s, S=0.5642, loss=-0.5032]
Epoch 119/150 [train]:  69%|██████▉   | 18/26 [00:00<00:00, 85.93it/s, S=0.5653, loss=-0.5082]
Epoch 119/150 [train]:  69%|██████▉   | 18/26 [00:00<00:00, 85.93it/s, S=0.5373, loss=-0.4793]
Epoch 119/150 [train]:  69%|██████▉   | 18/26 [00:00<00:00, 85.93it/s, S=0.5312, loss=-0.4705]
Epoch 119/150 [train]:  69%|██████▉   | 18/26 [00:00<00:00, 85.93it/s, S=0.5621, loss=-0.5052]
Epoch 119/150 [train]:  69%|██████▉   | 18/26 [00:00<00:00, 85.93it/s, S=0.5706, loss=-0.5109]
                                                                                              
Epoch 119/150  train loss=-0.4936  val loss=-0.4817  S[mean]=0.5437  ζ=0.3832  mean_plane_ζ=0.3633  reg=0.0620  λscale=1.00  lr=1.63e-04

Epoch 120/150 [train]:   0%|          | 0/26 [00:00<?, ?it/s]
Epoch 120/150 [train]:   0%|          | 0/26 [00:00<?, ?it/s, S=0.5615, loss=-0.5032]
Epoch 120/150 [train]:   0%|          | 0/26 [00:00<?, ?it/s, S=0.5235, loss=-0.4631]
Epoch 120/150 [train]:   0%|          | 0/26 [00:00<?, ?it/s, S=0.5483, loss=-0.4866]
Epoch 120/150 [train]:   0%|          | 0/26 [00:00<?, ?it/s, S=0.5531, loss=-0.4933]
Epoch 120/150 [train]:   0%|          | 0/26 [00:00<?, ?it/s, S=0.5351, loss=-0.4723]
Epoch 120/150 [train]:   0%|          | 0/26 [00:00<?, ?it/s, S=0.5704, loss=-0.5111]
Epoch 120/150 [train]:   0%|          | 0/26 [00:00<?, ?it/s, S=0.5376, loss=-0.4752]
Epoch 120/150 [train]:   0%|          | 0/26 [00:00<?, ?it/s, S=0.5609, loss=-0.5052]
Epoch 120/150 [train]:   0%|          | 0/26 [00:00<?, ?it/s, S=0.5561, loss=-0.4976]
Epoch 120/150 [train]:  35%|███▍      | 9/26 [00:00<00:00, 85.86it/s, S=0.5561, loss=-0.4976]
Epoch 120/150 [train]:  35%|███▍      | 9/26 [00:00<00:00, 85.86it/s, S=0.5468, loss=-0.4893]
Epoch 120/150 [train]:  35%|███▍      | 9/26 [00:00<00:00, 85.86it/s, S=0.5497, loss=-0.4910]
Epoch 120/150 [train]:  35%|███▍      | 9/26 [00:00<00:00, 85.86it/s, S=0.5462, loss=-0.4772]
Epoch 120/150 [train]:  35%|███▍      | 9/26 [00:00<00:00, 85.86it/s, S=0.5741, loss=-0.5162]
Epoch 120/150 [train]:  35%|███▍      | 9/26 [00:00<00:00, 85.86it/s, S=0.5556, loss=-0.4978]
Epoch 120/150 [train]:  35%|███▍      | 9/26 [00:00<00:00, 85.86it/s, S=0.5413, loss=-0.4805]
Epoch 120/150 [train]:  35%|███▍      | 9/26 [00:00<00:00, 85.86it/s, S=0.5569, loss=-0.4993]
Epoch 120/150 [train]:  35%|███▍      | 9/26 [00:00<00:00, 85.86it/s, S=0.5659, loss=-0.5082]
Epoch 120/150 [train]:  35%|███▍      | 9/26 [00:00<00:00, 85.86it/s, S=0.5505, loss=-0.4875]
Epoch 120/150 [train]:  69%|██████▉   | 18/26 [00:00<00:00, 85.95it/s, S=0.5505, loss=-0.4875]
Epoch 120/150 [train]:  69%|██████▉   | 18/26 [00:00<00:00, 85.95it/s, S=0.5503, loss=-0.4943]
Epoch 120/150 [train]:  69%|██████▉   | 18/26 [00:00<00:00, 85.95it/s, S=0.5774, loss=-0.5191]
Epoch 120/150 [train]:  69%|██████▉   | 18/26 [00:00<00:00, 85.95it/s, S=0.5542, loss=-0.4955]
Epoch 120/150 [train]:  69%|██████▉   | 18/26 [00:00<00:00, 85.95it/s, S=0.5219, loss=-0.4643]
Epoch 120/150 [train]:  69%|██████▉   | 18/26 [00:00<00:00, 85.95it/s, S=0.5378, loss=-0.4808]
Epoch 120/150 [train]:  69%|██████▉   | 18/26 [00:00<00:00, 85.95it/s, S=0.5610, loss=-0.5014]
Epoch 120/150 [train]:  69%|██████▉   | 18/26 [00:00<00:00, 85.95it/s, S=0.5465, loss=-0.4881]
Epoch 120/150 [train]:  69%|██████▉   | 18/26 [00:00<00:00, 85.95it/s, S=0.5363, loss=-0.4749]
                                                                                              
Epoch 120/150  train loss=-0.4913  val loss=-0.4821  S[mean]=0.5444  ζ=0.3831  mean_plane_ζ=0.3633  reg=0.0622  λscale=1.00  lr=1.54e-04

Epoch 121/150 [train]:   0%|          | 0/26 [00:00<?, ?it/s]
Epoch 121/150 [train]:   0%|          | 0/26 [00:00<?, ?it/s, S=0.5694, loss=-0.5115]
Epoch 121/150 [train]:   0%|          | 0/26 [00:00<?, ?it/s, S=0.5464, loss=-0.4854]
Epoch 121/150 [train]:   0%|          | 0/26 [00:00<?, ?it/s, S=0.5723, loss=-0.5082]
Epoch 121/150 [train]:   0%|          | 0/26 [00:00<?, ?it/s, S=0.5466, loss=-0.4867]
Epoch 121/150 [train]:   0%|          | 0/26 [00:00<?, ?it/s, S=0.5741, loss=-0.5160]
Epoch 121/150 [train]:   0%|          | 0/26 [00:00<?, ?it/s, S=0.5778, loss=-0.5192]
Epoch 121/150 [train]:   0%|          | 0/26 [00:00<?, ?it/s, S=0.5506, loss=-0.4945]
Epoch 121/150 [train]:   0%|          | 0/26 [00:00<?, ?it/s, S=0.5620, loss=-0.5040]
Epoch 121/150 [train]:   0%|          | 0/26 [00:00<?, ?it/s, S=0.5489, loss=-0.4934]
Epoch 121/150 [train]:  35%|███▍      | 9/26 [00:00<00:00, 85.99it/s, S=0.5489, loss=-0.4934]
Epoch 121/150 [train]:  35%|███▍      | 9/26 [00:00<00:00, 85.99it/s, S=0.5352, loss=-0.4740]
Epoch 121/150 [train]:  35%|███▍      | 9/26 [00:00<00:00, 85.99it/s, S=0.5691, loss=-0.5081]
Epoch 121/150 [train]:  35%|███▍      | 9/26 [00:00<00:00, 85.99it/s, S=0.5617, loss=-0.5017]
Epoch 121/150 [train]:  35%|███▍      | 9/26 [00:00<00:00, 85.99it/s, S=0.5827, loss=-0.5235]
Epoch 121/150 [train]:  35%|███▍      | 9/26 [00:00<00:00, 85.99it/s, S=0.5571, loss=-0.4958]
Epoch 121/150 [train]:  35%|███▍      | 9/26 [00:00<00:00, 85.99it/s, S=0.5437, loss=-0.4849]
Epoch 121/150 [train]:  35%|███▍      | 9/26 [00:00<00:00, 85.99it/s, S=0.5546, loss=-0.5004]
Epoch 121/150 [train]:  35%|███▍      | 9/26 [00:00<00:00, 85.99it/s, S=0.5796, loss=-0.5198]
Epoch 121/150 [train]:  35%|███▍      | 9/26 [00:00<00:00, 85.99it/s, S=0.5383, loss=-0.4779]
Epoch 121/150 [train]:  69%|██████▉   | 18/26 [00:00<00:00, 85.59it/s, S=0.5383, loss=-0.4779]
Epoch 121/150 [train]:  69%|██████▉   | 18/26 [00:00<00:00, 85.59it/s, S=0.5524, loss=-0.4951]
Epoch 121/150 [train]:  69%|██████▉   | 18/26 [00:00<00:00, 85.59it/s, S=0.5502, loss=-0.4906]
Epoch 121/150 [train]:  69%|██████▉   | 18/26 [00:00<00:00, 85.59it/s, S=0.5757, loss=-0.5166]
Epoch 121/150 [train]:  69%|██████▉   | 18/26 [00:00<00:00, 85.59it/s, S=0.5187, loss=-0.4534]
Epoch 121/150 [train]:  69%|██████▉   | 18/26 [00:00<00:00, 85.59it/s, S=0.5430, loss=-0.4853]
Epoch 121/150 [train]:  69%|██████▉   | 18/26 [00:00<00:00, 85.59it/s, S=0.5618, loss=-0.4968]
Epoch 121/150 [train]:  69%|██████▉   | 18/26 [00:00<00:00, 85.59it/s, S=0.5691, loss=-0.5099]
Epoch 121/150 [train]:  69%|██████▉   | 18/26 [00:00<00:00, 85.59it/s, S=0.5346, loss=-0.4761]
                                                                                              
Epoch 121/150  train loss=-0.4973  val loss=-0.4831  S[mean]=0.5453  ζ=0.3827  mean_plane_ζ=0.3631  reg=0.0622  λscale=1.00  lr=1.45e-04

Epoch 122/150 [train]:   0%|          | 0/26 [00:00<?, ?it/s]
Epoch 122/150 [train]:   0%|          | 0/26 [00:00<?, ?it/s, S=0.5619, loss=-0.5034]
Epoch 122/150 [train]:   0%|          | 0/26 [00:00<?, ?it/s, S=0.6014, loss=-0.5390]
Epoch 122/150 [train]:   0%|          | 0/26 [00:00<?, ?it/s, S=0.5383, loss=-0.4822]
Epoch 122/150 [train]:   0%|          | 0/26 [00:00<?, ?it/s, S=0.5494, loss=-0.4905]
Epoch 122/150 [train]:   0%|          | 0/26 [00:00<?, ?it/s, S=0.5308, loss=-0.4724]
Epoch 122/150 [train]:   0%|          | 0/26 [00:00<?, ?it/s, S=0.5535, loss=-0.4959]
Epoch 122/150 [train]:   0%|          | 0/26 [00:00<?, ?it/s, S=0.5483, loss=-0.4916]
Epoch 122/150 [train]:   0%|          | 0/26 [00:00<?, ?it/s, S=0.5689, loss=-0.5045]
Epoch 122/150 [train]:   0%|          | 0/26 [00:00<?, ?it/s, S=0.5668, loss=-0.5097]
Epoch 122/150 [train]:  35%|███▍      | 9/26 [00:00<00:00, 85.89it/s, S=0.5668, loss=-0.5097]
Epoch 122/150 [train]:  35%|███▍      | 9/26 [00:00<00:00, 85.89it/s, S=0.5302, loss=-0.4732]
Epoch 122/150 [train]:  35%|███▍      | 9/26 [00:00<00:00, 85.89it/s, S=0.5436, loss=-0.4852]
Epoch 122/150 [train]:  35%|███▍      | 9/26 [00:00<00:00, 85.89it/s, S=0.5395, loss=-0.4800]
Epoch 122/150 [train]:  35%|███▍      | 9/26 [00:00<00:00, 85.89it/s, S=0.5918, loss=-0.5321]
Epoch 122/150 [train]:  35%|███▍      | 9/26 [00:00<00:00, 85.89it/s, S=0.5551, loss=-0.4970]
Epoch 122/150 [train]:  35%|███▍      | 9/26 [00:00<00:00, 85.89it/s, S=0.5870, loss=-0.5299]
Epoch 122/150 [train]:  35%|███▍      | 9/26 [00:00<00:00, 85.89it/s, S=0.5826, loss=-0.5192]
Epoch 122/150 [train]:  35%|███▍      | 9/26 [00:00<00:00, 85.89it/s, S=0.5548, loss=-0.4978]
Epoch 122/150 [train]:  35%|███▍      | 9/26 [00:00<00:00, 85.89it/s, S=0.5522, loss=-0.4875]
Epoch 122/150 [train]:  69%|██████▉   | 18/26 [00:00<00:00, 85.99it/s, S=0.5522, loss=-0.4875]
Epoch 122/150 [train]:  69%|██████▉   | 18/26 [00:00<00:00, 85.99it/s, S=0.5117, loss=-0.4495]
Epoch 122/150 [train]:  69%|██████▉   | 18/26 [00:00<00:00, 85.99it/s, S=0.5543, loss=-0.4938]
Epoch 122/150 [train]:  69%|██████▉   | 18/26 [00:00<00:00, 85.99it/s, S=0.5421, loss=-0.4834]
Epoch 122/150 [train]:  69%|██████▉   | 18/26 [00:00<00:00, 85.99it/s, S=0.5587, loss=-0.5015]
Epoch 122/150 [train]:  69%|██████▉   | 18/26 [00:00<00:00, 85.99it/s, S=0.5533, loss=-0.4956]
Epoch 122/150 [train]:  69%|██████▉   | 18/26 [00:00<00:00, 85.99it/s, S=0.5460, loss=-0.4875]
Epoch 122/150 [train]:  69%|██████▉   | 18/26 [00:00<00:00, 85.99it/s, S=0.5713, loss=-0.5124]
Epoch 122/150 [train]:  69%|██████▉   | 18/26 [00:00<00:00, 85.99it/s, S=0.5795, loss=-0.5215]
                                                                                              
Epoch 122/150  train loss=-0.4975  val loss=-0.4831  S[mean]=0.5452  ζ=0.3824  mean_plane_ζ=0.3627  reg=0.0621  λscale=1.00  lr=1.37e-04

Epoch 123/150 [train]:   0%|          | 0/26 [00:00<?, ?it/s]
Epoch 123/150 [train]:   0%|          | 0/26 [00:00<?, ?it/s, S=0.5552, loss=-0.4960]
Epoch 123/150 [train]:   0%|          | 0/26 [00:00<?, ?it/s, S=0.5832, loss=-0.5222]
Epoch 123/150 [train]:   0%|          | 0/26 [00:00<?, ?it/s, S=0.5625, loss=-0.5012]
Epoch 123/150 [train]:   0%|          | 0/26 [00:00<?, ?it/s, S=0.5089, loss=-0.4422]
Epoch 123/150 [train]:   0%|          | 0/26 [00:00<?, ?it/s, S=0.5495, loss=-0.4899]
Epoch 123/150 [train]:   0%|          | 0/26 [00:00<?, ?it/s, S=0.5529, loss=-0.4929]
Epoch 123/150 [train]:   0%|          | 0/26 [00:00<?, ?it/s, S=0.5567, loss=-0.4976]
Epoch 123/150 [train]:   0%|          | 0/26 [00:00<?, ?it/s, S=0.5768, loss=-0.5180]
Epoch 123/150 [train]:   0%|          | 0/26 [00:00<?, ?it/s, S=0.5416, loss=-0.4830]
Epoch 123/150 [train]:  35%|███▍      | 9/26 [00:00<00:00, 85.63it/s, S=0.5416, loss=-0.4830]
Epoch 123/150 [train]:  35%|███▍      | 9/26 [00:00<00:00, 85.63it/s, S=0.5372, loss=-0.4761]
Epoch 123/150 [train]:  35%|███▍      | 9/26 [00:00<00:00, 85.63it/s, S=0.5343, loss=-0.4759]
Epoch 123/150 [train]:  35%|███▍      | 9/26 [00:00<00:00, 85.63it/s, S=0.5615, loss=-0.5028]
Epoch 123/150 [train]:  35%|███▍      | 9/26 [00:00<00:00, 85.63it/s, S=0.5677, loss=-0.5063]
Epoch 123/150 [train]:  35%|███▍      | 9/26 [00:00<00:00, 85.63it/s, S=0.5653, loss=-0.5068]
Epoch 123/150 [train]:  35%|███▍      | 9/26 [00:00<00:00, 85.63it/s, S=0.5295, loss=-0.4690]
Epoch 123/150 [train]:  35%|███▍      | 9/26 [00:00<00:00, 85.63it/s, S=0.5563, loss=-0.4954]
Epoch 123/150 [train]:  35%|███▍      | 9/26 [00:00<00:00, 85.63it/s, S=0.5443, loss=-0.4868]
Epoch 123/150 [train]:  35%|███▍      | 9/26 [00:00<00:00, 85.63it/s, S=0.5559, loss=-0.5002]
Epoch 123/150 [train]:  69%|██████▉   | 18/26 [00:00<00:00, 85.77it/s, S=0.5559, loss=-0.5002]
Epoch 123/150 [train]:  69%|██████▉   | 18/26 [00:00<00:00, 85.77it/s, S=0.5368, loss=-0.4746]
Epoch 123/150 [train]:  69%|██████▉   | 18/26 [00:00<00:00, 85.77it/s, S=0.5550, loss=-0.4974]
Epoch 123/150 [train]:  69%|██████▉   | 18/26 [00:00<00:00, 85.77it/s, S=0.5618, loss=-0.5022]
Epoch 123/150 [train]:  69%|██████▉   | 18/26 [00:00<00:00, 85.77it/s, S=0.5454, loss=-0.4815]
Epoch 123/150 [train]:  69%|██████▉   | 18/26 [00:00<00:00, 85.77it/s, S=0.5798, loss=-0.5167]
Epoch 123/150 [train]:  69%|██████▉   | 18/26 [00:00<00:00, 85.77it/s, S=0.5375, loss=-0.4813]
Epoch 123/150 [train]:  69%|██████▉   | 18/26 [00:00<00:00, 85.77it/s, S=0.5427, loss=-0.4837]
Epoch 123/150 [train]:  69%|██████▉   | 18/26 [00:00<00:00, 85.77it/s, S=0.5539, loss=-0.4979]
                                                                                              
Epoch 123/150  train loss=-0.4922  val loss=-0.4830  S[mean]=0.5454  ζ=0.3820  mean_plane_ζ=0.3626  reg=0.0624  λscale=1.00  lr=1.28e-04

Epoch 124/150 [train]:   0%|          | 0/26 [00:00<?, ?it/s]
Epoch 124/150 [train]:   0%|          | 0/26 [00:00<?, ?it/s, S=0.5500, loss=-0.4912]
Epoch 124/150 [train]:   0%|          | 0/26 [00:00<?, ?it/s, S=0.5698, loss=-0.5079]
Epoch 124/150 [train]:   0%|          | 0/26 [00:00<?, ?it/s, S=0.5151, loss=-0.4564]
Epoch 124/150 [train]:   0%|          | 0/26 [00:00<?, ?it/s, S=0.5661, loss=-0.5030]
Epoch 124/150 [train]:   0%|          | 0/26 [00:00<?, ?it/s, S=0.5478, loss=-0.4834]
Epoch 124/150 [train]:   0%|          | 0/26 [00:00<?, ?it/s, S=0.5358, loss=-0.4768]
Epoch 124/150 [train]:   0%|          | 0/26 [00:00<?, ?it/s, S=0.5551, loss=-0.4940]
Epoch 124/150 [train]:   0%|          | 0/26 [00:00<?, ?it/s, S=0.5818, loss=-0.5219]
Epoch 124/150 [train]:   0%|          | 0/26 [00:00<?, ?it/s, S=0.5655, loss=-0.5046]
Epoch 124/150 [train]:  35%|███▍      | 9/26 [00:00<00:00, 85.85it/s, S=0.5655, loss=-0.5046]
Epoch 124/150 [train]:  35%|███▍      | 9/26 [00:00<00:00, 85.85it/s, S=0.5618, loss=-0.4982]
Epoch 124/150 [train]:  35%|███▍      | 9/26 [00:00<00:00, 85.85it/s, S=0.5686, loss=-0.5064]
Epoch 124/150 [train]:  35%|███▍      | 9/26 [00:00<00:00, 85.85it/s, S=0.5531, loss=-0.4967]
Epoch 124/150 [train]:  35%|███▍      | 9/26 [00:00<00:00, 85.85it/s, S=0.5458, loss=-0.4886]
Epoch 124/150 [train]:  35%|███▍      | 9/26 [00:00<00:00, 85.85it/s, S=0.5390, loss=-0.4802]
Epoch 124/150 [train]:  35%|███▍      | 9/26 [00:00<00:00, 85.85it/s, S=0.5553, loss=-0.4976]
Epoch 124/150 [train]:  35%|███▍      | 9/26 [00:00<00:00, 85.85it/s, S=0.5973, loss=-0.5365]
Epoch 124/150 [train]:  35%|███▍      | 9/26 [00:00<00:00, 85.85it/s, S=0.5723, loss=-0.5077]
Epoch 124/150 [train]:  35%|███▍      | 9/26 [00:00<00:00, 85.85it/s, S=0.5914, loss=-0.5293]
Epoch 124/150 [train]:  69%|██████▉   | 18/26 [00:00<00:00, 85.93it/s, S=0.5914, loss=-0.5293]
Epoch 124/150 [train]:  69%|██████▉   | 18/26 [00:00<00:00, 85.93it/s, S=0.5521, loss=-0.4956]
Epoch 124/150 [train]:  69%|██████▉   | 18/26 [00:00<00:00, 85.93it/s, S=0.5765, loss=-0.5173]
Epoch 124/150 [train]:  69%|██████▉   | 18/26 [00:00<00:00, 85.93it/s, S=0.5623, loss=-0.5003]
Epoch 124/150 [train]:  69%|██████▉   | 18/26 [00:00<00:00, 85.93it/s, S=0.5453, loss=-0.4806]
Epoch 124/150 [train]:  69%|██████▉   | 18/26 [00:00<00:00, 85.93it/s, S=0.5911, loss=-0.5322]
Epoch 124/150 [train]:  69%|██████▉   | 18/26 [00:00<00:00, 85.93it/s, S=0.5579, loss=-0.4997]
Epoch 124/150 [train]:  69%|██████▉   | 18/26 [00:00<00:00, 85.93it/s, S=0.5353, loss=-0.4777]
Epoch 124/150 [train]:  69%|██████▉   | 18/26 [00:00<00:00, 85.93it/s, S=0.5529, loss=-0.4943]
                                                                                              
Epoch 124/150  train loss=-0.4992  val loss=-0.4839  S[mean]=0.5459  ζ=0.3818  mean_plane_ζ=0.3622  reg=0.0620  λscale=1.00  lr=1.19e-04

Epoch 125/150 [train]:   0%|          | 0/26 [00:00<?, ?it/s]
Epoch 125/150 [train]:   0%|          | 0/26 [00:00<?, ?it/s, S=0.5450, loss=-0.4872]
Epoch 125/150 [train]:   0%|          | 0/26 [00:00<?, ?it/s, S=0.6068, loss=-0.5450]
Epoch 125/150 [train]:   0%|          | 0/26 [00:00<?, ?it/s, S=0.5592, loss=-0.4967]
Epoch 125/150 [train]:   0%|          | 0/26 [00:00<?, ?it/s, S=0.5487, loss=-0.4892]
Epoch 125/150 [train]:   0%|          | 0/26 [00:00<?, ?it/s, S=0.5514, loss=-0.4896]
Epoch 125/150 [train]:   0%|          | 0/26 [00:00<?, ?it/s, S=0.5350, loss=-0.4772]
Epoch 125/150 [train]:   0%|          | 0/26 [00:00<?, ?it/s, S=0.5698, loss=-0.5111]
Epoch 125/150 [train]:   0%|          | 0/26 [00:00<?, ?it/s, S=0.5708, loss=-0.5124]
Epoch 125/150 [train]:   0%|          | 0/26 [00:00<?, ?it/s, S=0.5483, loss=-0.4902]
Epoch 125/150 [train]:  35%|███▍      | 9/26 [00:00<00:00, 86.04it/s, S=0.5483, loss=-0.4902]
Epoch 125/150 [train]:  35%|███▍      | 9/26 [00:00<00:00, 86.04it/s, S=0.5686, loss=-0.5096]
Epoch 125/150 [train]:  35%|███▍      | 9/26 [00:00<00:00, 86.04it/s, S=0.5785, loss=-0.5146]
Epoch 125/150 [train]:  35%|███▍      | 9/26 [00:00<00:00, 86.04it/s, S=0.5424, loss=-0.4813]
Epoch 125/150 [train]:  35%|███▍      | 9/26 [00:00<00:00, 86.04it/s, S=0.5555, loss=-0.4976]
Epoch 125/150 [train]:  35%|███▍      | 9/26 [00:00<00:00, 86.04it/s, S=0.5692, loss=-0.5034]
Epoch 125/150 [train]:  35%|███▍      | 9/26 [00:00<00:00, 86.04it/s, S=0.5508, loss=-0.4952]
Epoch 125/150 [train]:  35%|███▍      | 9/26 [00:00<00:00, 86.04it/s, S=0.5515, loss=-0.4934]
Epoch 125/150 [train]:  35%|███▍      | 9/26 [00:00<00:00, 86.04it/s, S=0.5399, loss=-0.4794]
Epoch 125/150 [train]:  35%|███▍      | 9/26 [00:00<00:00, 86.04it/s, S=0.5523, loss=-0.4929]
Epoch 125/150 [train]:  69%|██████▉   | 18/26 [00:00<00:00, 86.08it/s, S=0.5523, loss=-0.4929]
Epoch 125/150 [train]:  69%|██████▉   | 18/26 [00:00<00:00, 86.08it/s, S=0.5374, loss=-0.4816]
Epoch 125/150 [train]:  69%|██████▉   | 18/26 [00:00<00:00, 86.08it/s, S=0.5621, loss=-0.5007]
Epoch 125/150 [train]:  69%|██████▉   | 18/26 [00:00<00:00, 86.08it/s, S=0.5519, loss=-0.4939]
Epoch 125/150 [train]:  69%|██████▉   | 18/26 [00:00<00:00, 86.08it/s, S=0.5547, loss=-0.4969]
Epoch 125/150 [train]:  69%|██████▉   | 18/26 [00:00<00:00, 86.08it/s, S=0.5670, loss=-0.5118]
Epoch 125/150 [train]:  69%|██████▉   | 18/26 [00:00<00:00, 86.08it/s, S=0.5706, loss=-0.5061]
Epoch 125/150 [train]:  69%|██████▉   | 18/26 [00:00<00:00, 86.08it/s, S=0.5980, loss=-0.5365]
Epoch 125/150 [train]:  69%|██████▉   | 18/26 [00:00<00:00, 86.08it/s, S=0.5507, loss=-0.4885]
                                                                                              
Epoch 125/150  train loss=-0.4993  val loss=-0.4847  S[mean]=0.5468  ζ=0.3815  mean_plane_ζ=0.3622  reg=0.0622  λscale=1.00  lr=1.11e-04

Epoch 126/150 [train]:   0%|          | 0/26 [00:00<?, ?it/s]
Epoch 126/150 [train]:   0%|          | 0/26 [00:00<?, ?it/s, S=0.5345, loss=-0.4674]
Epoch 126/150 [train]:   0%|          | 0/26 [00:00<?, ?it/s, S=0.5461, loss=-0.4884]
Epoch 126/150 [train]:   0%|          | 0/26 [00:00<?, ?it/s, S=0.5148, loss=-0.4559]
Epoch 126/150 [train]:   0%|          | 0/26 [00:00<?, ?it/s, S=0.5265, loss=-0.4700]
Epoch 126/150 [train]:   0%|          | 0/26 [00:00<?, ?it/s, S=0.5627, loss=-0.5035]
Epoch 126/150 [train]:   0%|          | 0/26 [00:00<?, ?it/s, S=0.5546, loss=-0.4950]
Epoch 126/150 [train]:   0%|          | 0/26 [00:00<?, ?it/s, S=0.5634, loss=-0.5052]
Epoch 126/150 [train]:   0%|          | 0/26 [00:00<?, ?it/s, S=0.5501, loss=-0.4914]
Epoch 126/150 [train]:   0%|          | 0/26 [00:00<?, ?it/s, S=0.5429, loss=-0.4826]
Epoch 126/150 [train]:  35%|███▍      | 9/26 [00:00<00:00, 85.80it/s, S=0.5429, loss=-0.4826]
Epoch 126/150 [train]:  35%|███▍      | 9/26 [00:00<00:00, 85.80it/s, S=0.5768, loss=-0.5056]
Epoch 126/150 [train]:  35%|███▍      | 9/26 [00:00<00:00, 85.80it/s, S=0.5346, loss=-0.4755]
Epoch 126/150 [train]:  35%|███▍      | 9/26 [00:00<00:00, 85.80it/s, S=0.5470, loss=-0.4926]
Epoch 126/150 [train]:  35%|███▍      | 9/26 [00:00<00:00, 85.80it/s, S=0.5581, loss=-0.5011]
Epoch 126/150 [train]:  35%|███▍      | 9/26 [00:00<00:00, 85.80it/s, S=0.5354, loss=-0.4774]
Epoch 126/150 [train]:  35%|███▍      | 9/26 [00:00<00:00, 85.80it/s, S=0.5634, loss=-0.5043]
Epoch 126/150 [train]:  35%|███▍      | 9/26 [00:00<00:00, 85.80it/s, S=0.5673, loss=-0.5075]
Epoch 126/150 [train]:  35%|███▍      | 9/26 [00:00<00:00, 85.80it/s, S=0.5611, loss=-0.5024]
Epoch 126/150 [train]:  35%|███▍      | 9/26 [00:00<00:00, 85.80it/s, S=0.5845, loss=-0.5252]
Epoch 126/150 [train]:  69%|██████▉   | 18/26 [00:00<00:00, 85.89it/s, S=0.5845, loss=-0.5252]
Epoch 126/150 [train]:  69%|██████▉   | 18/26 [00:00<00:00, 85.89it/s, S=0.5633, loss=-0.5025]
Epoch 126/150 [train]:  69%|██████▉   | 18/26 [00:00<00:00, 85.89it/s, S=0.5728, loss=-0.5126]
Epoch 126/150 [train]:  69%|██████▉   | 18/26 [00:00<00:00, 85.89it/s, S=0.5481, loss=-0.4886]
Epoch 126/150 [train]:  69%|██████▉   | 18/26 [00:00<00:00, 85.89it/s, S=0.5237, loss=-0.4664]
Epoch 126/150 [train]:  69%|██████▉   | 18/26 [00:00<00:00, 85.89it/s, S=0.5871, loss=-0.5295]
Epoch 126/150 [train]:  69%|██████▉   | 18/26 [00:00<00:00, 85.89it/s, S=0.5313, loss=-0.4697]
Epoch 126/150 [train]:  69%|██████▉   | 18/26 [00:00<00:00, 85.89it/s, S=0.5758, loss=-0.5172]
Epoch 126/150 [train]:  69%|██████▉   | 18/26 [00:00<00:00, 85.89it/s, S=0.5772, loss=-0.5182]
                                                                                              
Epoch 126/150  train loss=-0.4944  val loss=-0.4849  S[mean]=0.5469  ζ=0.3814  mean_plane_ζ=0.3622  reg=0.0620  λscale=1.00  lr=1.03e-04

Epoch 127/150 [train]:   0%|          | 0/26 [00:00<?, ?it/s]
Epoch 127/150 [train]:   0%|          | 0/26 [00:00<?, ?it/s, S=0.5285, loss=-0.4631]
Epoch 127/150 [train]:   0%|          | 0/26 [00:00<?, ?it/s, S=0.5335, loss=-0.4772]
Epoch 127/150 [train]:   0%|          | 0/26 [00:00<?, ?it/s, S=0.5525, loss=-0.4950]
Epoch 127/150 [train]:   0%|          | 0/26 [00:00<?, ?it/s, S=0.5612, loss=-0.5036]
Epoch 127/150 [train]:   0%|          | 0/26 [00:00<?, ?it/s, S=0.5543, loss=-0.4961]
Epoch 127/150 [train]:   0%|          | 0/26 [00:00<?, ?it/s, S=0.5746, loss=-0.5110]
Epoch 127/150 [train]:   0%|          | 0/26 [00:00<?, ?it/s, S=0.5362, loss=-0.4782]
Epoch 127/150 [train]:   0%|          | 0/26 [00:00<?, ?it/s, S=0.5592, loss=-0.4983]
Epoch 127/150 [train]:   0%|          | 0/26 [00:00<?, ?it/s, S=0.5669, loss=-0.5071]
Epoch 127/150 [train]:  35%|███▍      | 9/26 [00:00<00:00, 85.69it/s, S=0.5669, loss=-0.5071]
Epoch 127/150 [train]:  35%|███▍      | 9/26 [00:00<00:00, 85.69it/s, S=0.5861, loss=-0.5265]
Epoch 127/150 [train]:  35%|███▍      | 9/26 [00:00<00:00, 85.69it/s, S=0.5504, loss=-0.4925]
Epoch 127/150 [train]:  35%|███▍      | 9/26 [00:00<00:00, 85.69it/s, S=0.5819, loss=-0.5234]
Epoch 127/150 [train]:  35%|███▍      | 9/26 [00:00<00:00, 85.69it/s, S=0.5739, loss=-0.5127]
Epoch 127/150 [train]:  35%|███▍      | 9/26 [00:00<00:00, 85.69it/s, S=0.6058, loss=-0.5440]
Epoch 127/150 [train]:  35%|███▍      | 9/26 [00:00<00:00, 85.69it/s, S=0.5611, loss=-0.5013]
Epoch 127/150 [train]:  35%|███▍      | 9/26 [00:00<00:00, 85.69it/s, S=0.5475, loss=-0.4900]
Epoch 127/150 [train]:  35%|███▍      | 9/26 [00:00<00:00, 85.69it/s, S=0.5459, loss=-0.4854]
Epoch 127/150 [train]:  35%|███▍      | 9/26 [00:00<00:00, 85.69it/s, S=0.5795, loss=-0.5165]
Epoch 127/150 [train]:  69%|██████▉   | 18/26 [00:00<00:00, 85.71it/s, S=0.5795, loss=-0.5165]
Epoch 127/150 [train]:  69%|██████▉   | 18/26 [00:00<00:00, 85.71it/s, S=0.5750, loss=-0.5199]
Epoch 127/150 [train]:  69%|██████▉   | 18/26 [00:00<00:00, 85.71it/s, S=0.5448, loss=-0.4867]
Epoch 127/150 [train]:  69%|██████▉   | 18/26 [00:00<00:00, 85.71it/s, S=0.5694, loss=-0.5052]
Epoch 127/150 [train]:  69%|██████▉   | 18/26 [00:00<00:00, 85.71it/s, S=0.5278, loss=-0.4688]
Epoch 127/150 [train]:  69%|██████▉   | 18/26 [00:00<00:00, 85.71it/s, S=0.5375, loss=-0.4807]
Epoch 127/150 [train]:  69%|██████▉   | 18/26 [00:00<00:00, 85.71it/s, S=0.5602, loss=-0.5025]
Epoch 127/150 [train]:  69%|██████▉   | 18/26 [00:00<00:00, 85.71it/s, S=0.5438, loss=-0.4850]
Epoch 127/150 [train]:  69%|██████▉   | 18/26 [00:00<00:00, 85.71it/s, S=0.5464, loss=-0.4881]
                                                                                              
Epoch 127/150  train loss=-0.4984  val loss=-0.4852  S[mean]=0.5470  ζ=0.3813  mean_plane_ζ=0.3621  reg=0.0619  λscale=1.00  lr=9.52e-05

Epoch 128/150 [train]:   0%|          | 0/26 [00:00<?, ?it/s]
Epoch 128/150 [train]:   0%|          | 0/26 [00:00<?, ?it/s, S=0.5384, loss=-0.4805]
Epoch 128/150 [train]:   0%|          | 0/26 [00:00<?, ?it/s, S=0.5287, loss=-0.4725]
Epoch 128/150 [train]:   0%|          | 0/26 [00:00<?, ?it/s, S=0.5708, loss=-0.5112]
Epoch 128/150 [train]:   0%|          | 0/26 [00:00<?, ?it/s, S=0.5776, loss=-0.5167]
Epoch 128/150 [train]:   0%|          | 0/26 [00:00<?, ?it/s, S=0.5471, loss=-0.4904]
Epoch 128/150 [train]:   0%|          | 0/26 [00:00<?, ?it/s, S=0.5899, loss=-0.5347]
Epoch 128/150 [train]:   0%|          | 0/26 [00:00<?, ?it/s, S=0.5812, loss=-0.5224]
Epoch 128/150 [train]:   0%|          | 0/26 [00:00<?, ?it/s, S=0.5278, loss=-0.4646]
Epoch 128/150 [train]:   0%|          | 0/26 [00:00<?, ?it/s, S=0.5442, loss=-0.4856]
Epoch 128/150 [train]:  35%|███▍      | 9/26 [00:00<00:00, 85.41it/s, S=0.5442, loss=-0.4856]
Epoch 128/150 [train]:  35%|███▍      | 9/26 [00:00<00:00, 85.41it/s, S=0.5502, loss=-0.4842]
Epoch 128/150 [train]:  35%|███▍      | 9/26 [00:00<00:00, 85.41it/s, S=0.5569, loss=-0.5006]
Epoch 128/150 [train]:  35%|███▍      | 9/26 [00:00<00:00, 85.41it/s, S=0.5395, loss=-0.4829]
Epoch 128/150 [train]:  35%|███▍      | 9/26 [00:00<00:00, 85.41it/s, S=0.5667, loss=-0.5087]
Epoch 128/150 [train]:  35%|███▍      | 9/26 [00:00<00:00, 85.41it/s, S=0.5540, loss=-0.4927]
Epoch 128/150 [train]:  35%|███▍      | 9/26 [00:00<00:00, 85.41it/s, S=0.6045, loss=-0.5461]
Epoch 128/150 [train]:  35%|███▍      | 9/26 [00:00<00:00, 85.41it/s, S=0.5527, loss=-0.4930]
Epoch 128/150 [train]:  35%|███▍      | 9/26 [00:00<00:00, 85.41it/s, S=0.5460, loss=-0.4893]
Epoch 128/150 [train]:  35%|███▍      | 9/26 [00:00<00:00, 85.41it/s, S=0.5713, loss=-0.5098]
Epoch 128/150 [train]:  69%|██████▉   | 18/26 [00:00<00:00, 85.72it/s, S=0.5713, loss=-0.5098]
Epoch 128/150 [train]:  69%|██████▉   | 18/26 [00:00<00:00, 85.72it/s, S=0.5568, loss=-0.4958]
Epoch 128/150 [train]:  69%|██████▉   | 18/26 [00:00<00:00, 85.72it/s, S=0.5728, loss=-0.5171]
Epoch 128/150 [train]:  69%|██████▉   | 18/26 [00:00<00:00, 85.72it/s, S=0.5448, loss=-0.4851]
Epoch 128/150 [train]:  69%|██████▉   | 18/26 [00:00<00:00, 85.72it/s, S=0.5540, loss=-0.4955]
Epoch 128/150 [train]:  69%|██████▉   | 18/26 [00:00<00:00, 85.72it/s, S=0.5745, loss=-0.5134]
Epoch 128/150 [train]:  69%|██████▉   | 18/26 [00:00<00:00, 85.72it/s, S=0.5744, loss=-0.5174]
Epoch 128/150 [train]:  69%|██████▉   | 18/26 [00:00<00:00, 85.72it/s, S=0.5590, loss=-0.5019]
Epoch 128/150 [train]:  69%|██████▉   | 18/26 [00:00<00:00, 85.72it/s, S=0.5500, loss=-0.4944]
                                                                                              
Epoch 128/150  train loss=-0.5003  val loss=-0.4853  S[mean]=0.5472  ζ=0.3812  mean_plane_ζ=0.3620  reg=0.0619  λscale=1.00  lr=8.76e-05

Epoch 129/150 [train]:   0%|          | 0/26 [00:00<?, ?it/s]
Epoch 129/150 [train]:   0%|          | 0/26 [00:00<?, ?it/s, S=0.5862, loss=-0.5261]
Epoch 129/150 [train]:   0%|          | 0/26 [00:00<?, ?it/s, S=0.5497, loss=-0.4940]
Epoch 129/150 [train]:   0%|          | 0/26 [00:00<?, ?it/s, S=0.5481, loss=-0.4920]
Epoch 129/150 [train]:   0%|          | 0/26 [00:00<?, ?it/s, S=0.5387, loss=-0.4804]
Epoch 129/150 [train]:   0%|          | 0/26 [00:00<?, ?it/s, S=0.5670, loss=-0.5088]
Epoch 129/150 [train]:   0%|          | 0/26 [00:00<?, ?it/s, S=0.5621, loss=-0.5067]
Epoch 129/150 [train]:   0%|          | 0/26 [00:00<?, ?it/s, S=0.4728, loss=-0.4087]
Epoch 129/150 [train]:   0%|          | 0/26 [00:00<?, ?it/s, S=0.5567, loss=-0.4946]
Epoch 129/150 [train]:   0%|          | 0/26 [00:00<?, ?it/s, S=0.5898, loss=-0.5323]
Epoch 129/150 [train]:  35%|███▍      | 9/26 [00:00<00:00, 85.98it/s, S=0.5898, loss=-0.5323]
Epoch 129/150 [train]:  35%|███▍      | 9/26 [00:00<00:00, 85.98it/s, S=0.5417, loss=-0.4834]
Epoch 129/150 [train]:  35%|███▍      | 9/26 [00:00<00:00, 85.98it/s, S=0.5425, loss=-0.4828]
Epoch 129/150 [train]:  35%|███▍      | 9/26 [00:00<00:00, 85.98it/s, S=0.5474, loss=-0.4871]
Epoch 129/150 [train]:  35%|███▍      | 9/26 [00:00<00:00, 85.98it/s, S=0.5783, loss=-0.5225]
Epoch 129/150 [train]:  35%|███▍      | 9/26 [00:00<00:00, 85.98it/s, S=0.5944, loss=-0.5283]
Epoch 129/150 [train]:  35%|███▍      | 9/26 [00:00<00:00, 85.98it/s, S=0.5688, loss=-0.5117]
Epoch 129/150 [train]:  35%|███▍      | 9/26 [00:00<00:00, 85.98it/s, S=0.5272, loss=-0.4671]
Epoch 129/150 [train]:  35%|███▍      | 9/26 [00:00<00:00, 85.98it/s, S=0.5672, loss=-0.5069]
Epoch 129/150 [train]:  35%|███▍      | 9/26 [00:00<00:00, 85.98it/s, S=0.5389, loss=-0.4805]
Epoch 129/150 [train]:  69%|██████▉   | 18/26 [00:00<00:00, 85.78it/s, S=0.5389, loss=-0.4805]
Epoch 129/150 [train]:  69%|██████▉   | 18/26 [00:00<00:00, 85.78it/s, S=0.5498, loss=-0.4930]
Epoch 129/150 [train]:  69%|██████▉   | 18/26 [00:00<00:00, 85.78it/s, S=0.5736, loss=-0.5165]
Epoch 129/150 [train]:  69%|██████▉   | 18/26 [00:00<00:00, 85.78it/s, S=0.5457, loss=-0.4899]
Epoch 129/150 [train]:  69%|██████▉   | 18/26 [00:00<00:00, 85.78it/s, S=0.5690, loss=-0.5063]
Epoch 129/150 [train]:  69%|██████▉   | 18/26 [00:00<00:00, 85.78it/s, S=0.5487, loss=-0.4901]
Epoch 129/150 [train]:  69%|██████▉   | 18/26 [00:00<00:00, 85.78it/s, S=0.5632, loss=-0.5047]
Epoch 129/150 [train]:  69%|██████▉   | 18/26 [00:00<00:00, 85.78it/s, S=0.5697, loss=-0.5110]
Epoch 129/150 [train]:  69%|██████▉   | 18/26 [00:00<00:00, 85.78it/s, S=0.5443, loss=-0.4854]
                                                                                              
Epoch 129/150  train loss=-0.4966  val loss=-0.4856  S[mean]=0.5476  ζ=0.3811  mean_plane_ζ=0.3619  reg=0.0620  λscale=1.00  lr=8.03e-05

Epoch 130/150 [train]:   0%|          | 0/26 [00:00<?, ?it/s]
Epoch 130/150 [train]:   0%|          | 0/26 [00:00<?, ?it/s, S=0.5349, loss=-0.4795]
Epoch 130/150 [train]:   0%|          | 0/26 [00:00<?, ?it/s, S=0.5396, loss=-0.4841]
Epoch 130/150 [train]:   0%|          | 0/26 [00:00<?, ?it/s, S=0.5450, loss=-0.4848]
Epoch 130/150 [train]:   0%|          | 0/26 [00:00<?, ?it/s, S=0.5465, loss=-0.4837]
Epoch 130/150 [train]:   0%|          | 0/26 [00:00<?, ?it/s, S=0.5809, loss=-0.5218]
Epoch 130/150 [train]:   0%|          | 0/26 [00:00<?, ?it/s, S=0.5678, loss=-0.5086]
Epoch 130/150 [train]:   0%|          | 0/26 [00:00<?, ?it/s, S=0.5798, loss=-0.5165]
Epoch 130/150 [train]:   0%|          | 0/26 [00:00<?, ?it/s, S=0.5572, loss=-0.4980]
Epoch 130/150 [train]:   0%|          | 0/26 [00:00<?, ?it/s, S=0.5751, loss=-0.5147]
Epoch 130/150 [train]:  35%|███▍      | 9/26 [00:00<00:00, 85.85it/s, S=0.5751, loss=-0.5147]
Epoch 130/150 [train]:  35%|███▍      | 9/26 [00:00<00:00, 85.85it/s, S=0.5388, loss=-0.4801]
Epoch 130/150 [train]:  35%|███▍      | 9/26 [00:00<00:00, 85.85it/s, S=0.5888, loss=-0.5227]
Epoch 130/150 [train]:  35%|███▍      | 9/26 [00:00<00:00, 85.85it/s, S=0.5347, loss=-0.4719]
Epoch 130/150 [train]:  35%|███▍      | 9/26 [00:00<00:00, 85.85it/s, S=0.5791, loss=-0.5176]
Epoch 130/150 [train]:  35%|███▍      | 9/26 [00:00<00:00, 85.85it/s, S=0.5365, loss=-0.4821]
Epoch 130/150 [train]:  35%|███▍      | 9/26 [00:00<00:00, 85.85it/s, S=0.5639, loss=-0.5090]
Epoch 130/150 [train]:  35%|███▍      | 9/26 [00:00<00:00, 85.85it/s, S=0.5553, loss=-0.4970]
Epoch 130/150 [train]:  35%|███▍      | 9/26 [00:00<00:00, 85.85it/s, S=0.5510, loss=-0.4897]
Epoch 130/150 [train]:  35%|███▍      | 9/26 [00:00<00:00, 85.85it/s, S=0.5678, loss=-0.5087]
Epoch 130/150 [train]:  69%|██████▉   | 18/26 [00:00<00:00, 85.95it/s, S=0.5678, loss=-0.5087]
Epoch 130/150 [train]:  69%|██████▉   | 18/26 [00:00<00:00, 85.95it/s, S=0.5404, loss=-0.4825]
Epoch 130/150 [train]:  69%|██████▉   | 18/26 [00:00<00:00, 85.95it/s, S=0.5779, loss=-0.5199]
Epoch 130/150 [train]:  69%|██████▉   | 18/26 [00:00<00:00, 85.95it/s, S=0.5539, loss=-0.4920]
Epoch 130/150 [train]:  69%|██████▉   | 18/26 [00:00<00:00, 85.95it/s, S=0.5322, loss=-0.4756]
Epoch 130/150 [train]:  69%|██████▉   | 18/26 [00:00<00:00, 85.95it/s, S=0.5748, loss=-0.5176]
Epoch 130/150 [train]:  69%|██████▉   | 18/26 [00:00<00:00, 85.95it/s, S=0.5460, loss=-0.4906]
Epoch 130/150 [train]:  69%|██████▉   | 18/26 [00:00<00:00, 85.95it/s, S=0.5739, loss=-0.5125]
Epoch 130/150 [train]:  69%|██████▉   | 18/26 [00:00<00:00, 85.95it/s, S=0.5607, loss=-0.5019]
                                                                                              
Epoch 130/150  train loss=-0.4986  val loss=-0.4857  S[mean]=0.5476  ζ=0.3808  mean_plane_ζ=0.3617  reg=0.0619  λscale=1.00  lr=7.32e-05

Epoch 131/150 [train]:   0%|          | 0/26 [00:00<?, ?it/s]
Epoch 131/150 [train]:   0%|          | 0/26 [00:00<?, ?it/s, S=0.5576, loss=-0.4977]
Epoch 131/150 [train]:   0%|          | 0/26 [00:00<?, ?it/s, S=0.5812, loss=-0.5208]
Epoch 131/150 [train]:   0%|          | 0/26 [00:00<?, ?it/s, S=0.5465, loss=-0.4878]
Epoch 131/150 [train]:   0%|          | 0/26 [00:00<?, ?it/s, S=0.5458, loss=-0.4896]
Epoch 131/150 [train]:   0%|          | 0/26 [00:00<?, ?it/s, S=0.5443, loss=-0.4886]
Epoch 131/150 [train]:   0%|          | 0/26 [00:00<?, ?it/s, S=0.5626, loss=-0.5072]
Epoch 131/150 [train]:   0%|          | 0/26 [00:00<?, ?it/s, S=0.5854, loss=-0.5256]
Epoch 131/150 [train]:   0%|          | 0/26 [00:00<?, ?it/s, S=0.5418, loss=-0.4789]
Epoch 131/150 [train]:   0%|          | 0/26 [00:00<?, ?it/s, S=0.5578, loss=-0.4978]
Epoch 131/150 [train]:  35%|███▍      | 9/26 [00:00<00:00, 85.71it/s, S=0.5578, loss=-0.4978]
Epoch 131/150 [train]:  35%|███▍      | 9/26 [00:00<00:00, 85.71it/s, S=0.5638, loss=-0.5053]
Epoch 131/150 [train]:  35%|███▍      | 9/26 [00:00<00:00, 85.71it/s, S=0.5288, loss=-0.4730]
Epoch 131/150 [train]:  35%|███▍      | 9/26 [00:00<00:00, 85.71it/s, S=0.5581, loss=-0.4967]
Epoch 131/150 [train]:  35%|███▍      | 9/26 [00:00<00:00, 85.71it/s, S=0.5638, loss=-0.5072]
Epoch 131/150 [train]:  35%|███▍      | 9/26 [00:00<00:00, 85.71it/s, S=0.5672, loss=-0.5111]
Epoch 131/150 [train]:  35%|███▍      | 9/26 [00:00<00:00, 85.71it/s, S=0.5654, loss=-0.5080]
Epoch 131/150 [train]:  35%|███▍      | 9/26 [00:00<00:00, 85.71it/s, S=0.5566, loss=-0.4959]
Epoch 131/150 [train]:  35%|███▍      | 9/26 [00:00<00:00, 85.71it/s, S=0.5479, loss=-0.4914]
Epoch 131/150 [train]:  35%|███▍      | 9/26 [00:00<00:00, 85.71it/s, S=0.5568, loss=-0.4968]
Epoch 131/150 [train]:  69%|██████▉   | 18/26 [00:00<00:00, 85.88it/s, S=0.5568, loss=-0.4968]
Epoch 131/150 [train]:  69%|██████▉   | 18/26 [00:00<00:00, 85.88it/s, S=0.5687, loss=-0.5117]
Epoch 131/150 [train]:  69%|██████▉   | 18/26 [00:00<00:00, 85.88it/s, S=0.5537, loss=-0.4973]
Epoch 131/150 [train]:  69%|██████▉   | 18/26 [00:00<00:00, 85.88it/s, S=0.5466, loss=-0.4862]
Epoch 131/150 [train]:  69%|██████▉   | 18/26 [00:00<00:00, 85.88it/s, S=0.5691, loss=-0.5105]
Epoch 131/150 [train]:  69%|██████▉   | 18/26 [00:00<00:00, 85.88it/s, S=0.5310, loss=-0.4725]
Epoch 131/150 [train]:  69%|██████▉   | 18/26 [00:00<00:00, 85.88it/s, S=0.5438, loss=-0.4868]
Epoch 131/150 [train]:  69%|██████▉   | 18/26 [00:00<00:00, 85.88it/s, S=0.5245, loss=-0.4696]
Epoch 131/150 [train]:  69%|██████▉   | 18/26 [00:00<00:00, 85.88it/s, S=0.5778, loss=-0.5132]
                                                                                              
Epoch 131/150  train loss=-0.4972  val loss=-0.4858  S[mean]=0.5478  ζ=0.3809  mean_plane_ζ=0.3618  reg=0.0620  λscale=1.00  lr=6.64e-05

Epoch 132/150 [train]:   0%|          | 0/26 [00:00<?, ?it/s]
Epoch 132/150 [train]:   0%|          | 0/26 [00:00<?, ?it/s, S=0.5725, loss=-0.5165]
Epoch 132/150 [train]:   0%|          | 0/26 [00:00<?, ?it/s, S=0.5543, loss=-0.4952]
Epoch 132/150 [train]:   0%|          | 0/26 [00:00<?, ?it/s, S=0.5501, loss=-0.4925]
Epoch 132/150 [train]:   0%|          | 0/26 [00:00<?, ?it/s, S=0.5661, loss=-0.5075]
Epoch 132/150 [train]:   0%|          | 0/26 [00:00<?, ?it/s, S=0.5454, loss=-0.4863]
Epoch 132/150 [train]:   0%|          | 0/26 [00:00<?, ?it/s, S=0.5636, loss=-0.5040]
Epoch 132/150 [train]:   0%|          | 0/26 [00:00<?, ?it/s, S=0.5645, loss=-0.5035]
Epoch 132/150 [train]:   0%|          | 0/26 [00:00<?, ?it/s, S=0.5491, loss=-0.4883]
Epoch 132/150 [train]:   0%|          | 0/26 [00:00<?, ?it/s, S=0.5453, loss=-0.4782]
Epoch 132/150 [train]:  35%|███▍      | 9/26 [00:00<00:00, 85.92it/s, S=0.5453, loss=-0.4782]
Epoch 132/150 [train]:  35%|███▍      | 9/26 [00:00<00:00, 85.92it/s, S=0.5663, loss=-0.5071]
Epoch 132/150 [train]:  35%|███▍      | 9/26 [00:00<00:00, 85.92it/s, S=0.5854, loss=-0.5265]
Epoch 132/150 [train]:  35%|███▍      | 9/26 [00:00<00:00, 85.92it/s, S=0.5225, loss=-0.4628]
Epoch 132/150 [train]:  35%|███▍      | 9/26 [00:00<00:00, 85.92it/s, S=0.5470, loss=-0.4899]
Epoch 132/150 [train]:  35%|███▍      | 9/26 [00:00<00:00, 85.92it/s, S=0.5677, loss=-0.5096]
Epoch 132/150 [train]:  35%|███▍      | 9/26 [00:00<00:00, 85.92it/s, S=0.5692, loss=-0.5127]
Epoch 132/150 [train]:  35%|███▍      | 9/26 [00:00<00:00, 85.92it/s, S=0.5706, loss=-0.5099]
Epoch 132/150 [train]:  35%|███▍      | 9/26 [00:00<00:00, 85.92it/s, S=0.5660, loss=-0.5106]
Epoch 132/150 [train]:  35%|███▍      | 9/26 [00:00<00:00, 85.92it/s, S=0.5516, loss=-0.4941]
Epoch 132/150 [train]:  69%|██████▉   | 18/26 [00:00<00:00, 85.95it/s, S=0.5516, loss=-0.4941]
Epoch 132/150 [train]:  69%|██████▉   | 18/26 [00:00<00:00, 85.95it/s, S=0.5574, loss=-0.5005]
Epoch 132/150 [train]:  69%|██████▉   | 18/26 [00:00<00:00, 85.95it/s, S=0.5558, loss=-0.4966]
Epoch 132/150 [train]:  69%|██████▉   | 18/26 [00:00<00:00, 85.95it/s, S=0.5399, loss=-0.4758]
Epoch 132/150 [train]:  69%|██████▉   | 18/26 [00:00<00:00, 85.95it/s, S=0.5930, loss=-0.5362]
Epoch 132/150 [train]:  69%|██████▉   | 18/26 [00:00<00:00, 85.95it/s, S=0.5820, loss=-0.5226]
Epoch 132/150 [train]:  69%|██████▉   | 18/26 [00:00<00:00, 85.95it/s, S=0.6135, loss=-0.5447]
Epoch 132/150 [train]:  69%|██████▉   | 18/26 [00:00<00:00, 85.95it/s, S=0.5553, loss=-0.4964]
Epoch 132/150 [train]:  69%|██████▉   | 18/26 [00:00<00:00, 85.95it/s, S=0.5358, loss=-0.4741]
                                                                                              
Epoch 132/150  train loss=-0.5016  val loss=-0.4860  S[mean]=0.5480  ζ=0.3806  mean_plane_ζ=0.3616  reg=0.0620  λscale=1.00  lr=5.99e-05

Epoch 133/150 [train]:   0%|          | 0/26 [00:00<?, ?it/s]
Epoch 133/150 [train]:   0%|          | 0/26 [00:00<?, ?it/s, S=0.5378, loss=-0.4825]
Epoch 133/150 [train]:   0%|          | 0/26 [00:00<?, ?it/s, S=0.5595, loss=-0.5036]
Epoch 133/150 [train]:   0%|          | 0/26 [00:00<?, ?it/s, S=0.5414, loss=-0.4829]
Epoch 133/150 [train]:   0%|          | 0/26 [00:00<?, ?it/s, S=0.5397, loss=-0.4814]
Epoch 133/150 [train]:   0%|          | 0/26 [00:00<?, ?it/s, S=0.5582, loss=-0.4890]
Epoch 133/150 [train]:   0%|          | 0/26 [00:00<?, ?it/s, S=0.5524, loss=-0.4938]
Epoch 133/150 [train]:   0%|          | 0/26 [00:00<?, ?it/s, S=0.5893, loss=-0.5316]
Epoch 133/150 [train]:   0%|          | 0/26 [00:00<?, ?it/s, S=0.5498, loss=-0.4911]
Epoch 133/150 [train]:   0%|          | 0/26 [00:00<?, ?it/s, S=0.5919, loss=-0.5347]
Epoch 133/150 [train]:  35%|███▍      | 9/26 [00:00<00:00, 85.77it/s, S=0.5919, loss=-0.5347]
Epoch 133/150 [train]:  35%|███▍      | 9/26 [00:00<00:00, 85.77it/s, S=0.5433, loss=-0.4846]
Epoch 133/150 [train]:  35%|███▍      | 9/26 [00:00<00:00, 85.77it/s, S=0.5566, loss=-0.5006]
Epoch 133/150 [train]:  35%|███▍      | 9/26 [00:00<00:00, 85.77it/s, S=0.5594, loss=-0.5031]
Epoch 133/150 [train]:  35%|███▍      | 9/26 [00:00<00:00, 85.77it/s, S=0.5746, loss=-0.5195]
Epoch 133/150 [train]:  35%|███▍      | 9/26 [00:00<00:00, 85.77it/s, S=0.5743, loss=-0.5163]
Epoch 133/150 [train]:  35%|███▍      | 9/26 [00:00<00:00, 85.77it/s, S=0.5633, loss=-0.5057]
Epoch 133/150 [train]:  35%|███▍      | 9/26 [00:00<00:00, 85.77it/s, S=0.5639, loss=-0.5011]
Epoch 133/150 [train]:  35%|███▍      | 9/26 [00:00<00:00, 85.77it/s, S=0.5386, loss=-0.4752]
Epoch 133/150 [train]:  35%|███▍      | 9/26 [00:00<00:00, 85.77it/s, S=0.5213, loss=-0.4633]
Epoch 133/150 [train]:  69%|██████▉   | 18/26 [00:00<00:00, 85.76it/s, S=0.5213, loss=-0.4633]
Epoch 133/150 [train]:  69%|██████▉   | 18/26 [00:00<00:00, 85.76it/s, S=0.5629, loss=-0.4958]
Epoch 133/150 [train]:  69%|██████▉   | 18/26 [00:00<00:00, 85.76it/s, S=0.5558, loss=-0.5004]
Epoch 133/150 [train]:  69%|██████▉   | 18/26 [00:00<00:00, 85.76it/s, S=0.5849, loss=-0.5239]
Epoch 133/150 [train]:  69%|██████▉   | 18/26 [00:00<00:00, 85.76it/s, S=0.5797, loss=-0.5184]
Epoch 133/150 [train]:  69%|██████▉   | 18/26 [00:00<00:00, 85.76it/s, S=0.6018, loss=-0.5454]
Epoch 133/150 [train]:  69%|██████▉   | 18/26 [00:00<00:00, 85.76it/s, S=0.5279, loss=-0.4692]
Epoch 133/150 [train]:  69%|██████▉   | 18/26 [00:00<00:00, 85.76it/s, S=0.5408, loss=-0.4812]
Epoch 133/150 [train]:  69%|██████▉   | 18/26 [00:00<00:00, 85.76it/s, S=0.5805, loss=-0.5229]
                                                                                              
Epoch 133/150  train loss=-0.5007  val loss=-0.4863  S[mean]=0.5481  ζ=0.3806  mean_plane_ζ=0.3617  reg=0.0618  λscale=1.00  lr=5.37e-05

Epoch 134/150 [train]:   0%|          | 0/26 [00:00<?, ?it/s]
Epoch 134/150 [train]:   0%|          | 0/26 [00:00<?, ?it/s, S=0.5485, loss=-0.4886]
Epoch 134/150 [train]:   0%|          | 0/26 [00:00<?, ?it/s, S=0.6000, loss=-0.5397]
Epoch 134/150 [train]:   0%|          | 0/26 [00:00<?, ?it/s, S=0.5649, loss=-0.5044]
Epoch 134/150 [train]:   0%|          | 0/26 [00:00<?, ?it/s, S=0.5691, loss=-0.5107]
Epoch 134/150 [train]:   0%|          | 0/26 [00:00<?, ?it/s, S=0.5551, loss=-0.4955]
Epoch 134/150 [train]:   0%|          | 0/26 [00:00<?, ?it/s, S=0.5647, loss=-0.5067]
Epoch 134/150 [train]:   0%|          | 0/26 [00:00<?, ?it/s, S=0.5617, loss=-0.5028]
Epoch 134/150 [train]:   0%|          | 0/26 [00:00<?, ?it/s, S=0.5636, loss=-0.5060]
Epoch 134/150 [train]:   0%|          | 0/26 [00:00<?, ?it/s, S=0.5679, loss=-0.5128]
Epoch 134/150 [train]:  35%|███▍      | 9/26 [00:00<00:00, 85.59it/s, S=0.5679, loss=-0.5128]
Epoch 134/150 [train]:  35%|███▍      | 9/26 [00:00<00:00, 85.59it/s, S=0.5732, loss=-0.5149]
Epoch 134/150 [train]:  35%|███▍      | 9/26 [00:00<00:00, 85.59it/s, S=0.5731, loss=-0.5119]
Epoch 134/150 [train]:  35%|███▍      | 9/26 [00:00<00:00, 85.59it/s, S=0.5728, loss=-0.5137]
Epoch 134/150 [train]:  35%|███▍      | 9/26 [00:00<00:00, 85.59it/s, S=0.5575, loss=-0.4936]
Epoch 134/150 [train]:  35%|███▍      | 9/26 [00:00<00:00, 85.59it/s, S=0.5524, loss=-0.4944]
Epoch 134/150 [train]:  35%|███▍      | 9/26 [00:00<00:00, 85.59it/s, S=0.5331, loss=-0.4766]
Epoch 134/150 [train]:  35%|███▍      | 9/26 [00:00<00:00, 85.59it/s, S=0.5408, loss=-0.4837]
Epoch 134/150 [train]:  35%|███▍      | 9/26 [00:00<00:00, 85.59it/s, S=0.5346, loss=-0.4753]
Epoch 134/150 [train]:  35%|███▍      | 9/26 [00:00<00:00, 85.59it/s, S=0.5621, loss=-0.5058]
Epoch 134/150 [train]:  69%|██████▉   | 18/26 [00:00<00:00, 85.84it/s, S=0.5621, loss=-0.5058]
Epoch 134/150 [train]:  69%|██████▉   | 18/26 [00:00<00:00, 85.84it/s, S=0.5677, loss=-0.5095]
Epoch 134/150 [train]:  69%|██████▉   | 18/26 [00:00<00:00, 85.84it/s, S=0.5311, loss=-0.4687]
Epoch 134/150 [train]:  69%|██████▉   | 18/26 [00:00<00:00, 85.84it/s, S=0.5537, loss=-0.4944]
Epoch 134/150 [train]:  69%|██████▉   | 18/26 [00:00<00:00, 85.84it/s, S=0.5477, loss=-0.4912]
Epoch 134/150 [train]:  69%|██████▉   | 18/26 [00:00<00:00, 85.84it/s, S=0.5856, loss=-0.5241]
Epoch 134/150 [train]:  69%|██████▉   | 18/26 [00:00<00:00, 85.84it/s, S=0.5571, loss=-0.4974]
Epoch 134/150 [train]:  69%|██████▉   | 18/26 [00:00<00:00, 85.84it/s, S=0.6007, loss=-0.5390]
Epoch 134/150 [train]:  69%|██████▉   | 18/26 [00:00<00:00, 85.84it/s, S=0.5461, loss=-0.4853]
                                                                                              
Epoch 134/150  train loss=-0.5018  val loss=-0.4866  S[mean]=0.5484  ζ=0.3804  mean_plane_ζ=0.3615  reg=0.0619  λscale=1.00  lr=4.77e-05

Epoch 135/150 [train]:   0%|          | 0/26 [00:00<?, ?it/s]
Epoch 135/150 [train]:   0%|          | 0/26 [00:00<?, ?it/s, S=0.5679, loss=-0.5102]
Epoch 135/150 [train]:   0%|          | 0/26 [00:00<?, ?it/s, S=0.5522, loss=-0.4899]
Epoch 135/150 [train]:   0%|          | 0/26 [00:00<?, ?it/s, S=0.5738, loss=-0.5046]
Epoch 135/150 [train]:   0%|          | 0/26 [00:00<?, ?it/s, S=0.5583, loss=-0.5030]
Epoch 135/150 [train]:   0%|          | 0/26 [00:00<?, ?it/s, S=0.5750, loss=-0.5134]
Epoch 135/150 [train]:   0%|          | 0/26 [00:00<?, ?it/s, S=0.5588, loss=-0.5035]
Epoch 135/150 [train]:   0%|          | 0/26 [00:00<?, ?it/s, S=0.5699, loss=-0.5081]
Epoch 135/150 [train]:   0%|          | 0/26 [00:00<?, ?it/s, S=0.5783, loss=-0.5177]
Epoch 135/150 [train]:   0%|          | 0/26 [00:00<?, ?it/s, S=0.5187, loss=-0.4608]
Epoch 135/150 [train]:  35%|███▍      | 9/26 [00:00<00:00, 85.72it/s, S=0.5187, loss=-0.4608]
Epoch 135/150 [train]:  35%|███▍      | 9/26 [00:00<00:00, 85.72it/s, S=0.5970, loss=-0.5367]
Epoch 135/150 [train]:  35%|███▍      | 9/26 [00:00<00:00, 85.72it/s, S=0.5356, loss=-0.4753]
Epoch 135/150 [train]:  35%|███▍      | 9/26 [00:00<00:00, 85.72it/s, S=0.5589, loss=-0.4993]
Epoch 135/150 [train]:  35%|███▍      | 9/26 [00:00<00:00, 85.72it/s, S=0.5426, loss=-0.4831]
Epoch 135/150 [train]:  35%|███▍      | 9/26 [00:00<00:00, 85.72it/s, S=0.5517, loss=-0.4939]
Epoch 135/150 [train]:  35%|███▍      | 9/26 [00:00<00:00, 85.72it/s, S=0.5708, loss=-0.5171]
Epoch 135/150 [train]:  35%|███▍      | 9/26 [00:00<00:00, 85.72it/s, S=0.5617, loss=-0.5026]
Epoch 135/150 [train]:  35%|███▍      | 9/26 [00:00<00:00, 85.72it/s, S=0.5438, loss=-0.4734]
Epoch 135/150 [train]:  35%|███▍      | 9/26 [00:00<00:00, 85.72it/s, S=0.5784, loss=-0.5179]
Epoch 135/150 [train]:  69%|██████▉   | 18/26 [00:00<00:00, 85.93it/s, S=0.5784, loss=-0.5179]
Epoch 135/150 [train]:  69%|██████▉   | 18/26 [00:00<00:00, 85.93it/s, S=0.5284, loss=-0.4601]
Epoch 135/150 [train]:  69%|██████▉   | 18/26 [00:00<00:00, 85.93it/s, S=0.5767, loss=-0.5153]
Epoch 135/150 [train]:  69%|██████▉   | 18/26 [00:00<00:00, 85.93it/s, S=0.5368, loss=-0.4765]
Epoch 135/150 [train]:  69%|██████▉   | 18/26 [00:00<00:00, 85.93it/s, S=0.5981, loss=-0.5338]
Epoch 135/150 [train]:  69%|██████▉   | 18/26 [00:00<00:00, 85.93it/s, S=0.5417, loss=-0.4837]
Epoch 135/150 [train]:  69%|██████▉   | 18/26 [00:00<00:00, 85.93it/s, S=0.5319, loss=-0.4766]
Epoch 135/150 [train]:  69%|██████▉   | 18/26 [00:00<00:00, 85.93it/s, S=0.5598, loss=-0.5024]
Epoch 135/150 [train]:  69%|██████▉   | 18/26 [00:00<00:00, 85.93it/s, S=0.5605, loss=-0.5010]
                                                                                              
Epoch 135/150  train loss=-0.4985  val loss=-0.4866  S[mean]=0.5484  ζ=0.3803  mean_plane_ζ=0.3615  reg=0.0619  λscale=1.00  lr=4.21e-05

Epoch 136/150 [train]:   0%|          | 0/26 [00:00<?, ?it/s]
Epoch 136/150 [train]:   0%|          | 0/26 [00:00<?, ?it/s, S=0.5627, loss=-0.5046]
Epoch 136/150 [train]:   0%|          | 0/26 [00:00<?, ?it/s, S=0.5735, loss=-0.5176]
Epoch 136/150 [train]:   0%|          | 0/26 [00:00<?, ?it/s, S=0.5364, loss=-0.4791]
Epoch 136/150 [train]:   0%|          | 0/26 [00:00<?, ?it/s, S=0.5593, loss=-0.5010]
Epoch 136/150 [train]:   0%|          | 0/26 [00:00<?, ?it/s, S=0.5637, loss=-0.5060]
Epoch 136/150 [train]:   0%|          | 0/26 [00:00<?, ?it/s, S=0.5874, loss=-0.5251]
Epoch 136/150 [train]:   0%|          | 0/26 [00:00<?, ?it/s, S=0.5824, loss=-0.5219]
Epoch 136/150 [train]:   0%|          | 0/26 [00:00<?, ?it/s, S=0.5721, loss=-0.5144]
Epoch 136/150 [train]:   0%|          | 0/26 [00:00<?, ?it/s, S=0.5448, loss=-0.4858]
Epoch 136/150 [train]:  35%|███▍      | 9/26 [00:00<00:00, 85.99it/s, S=0.5448, loss=-0.4858]
Epoch 136/150 [train]:  35%|███▍      | 9/26 [00:00<00:00, 85.99it/s, S=0.4923, loss=-0.4296]
Epoch 136/150 [train]:  35%|███▍      | 9/26 [00:00<00:00, 85.99it/s, S=0.5580, loss=-0.5002]
Epoch 136/150 [train]:  35%|███▍      | 9/26 [00:00<00:00, 85.99it/s, S=0.5315, loss=-0.4736]
Epoch 136/150 [train]:  35%|███▍      | 9/26 [00:00<00:00, 85.99it/s, S=0.5467, loss=-0.4904]
Epoch 136/150 [train]:  35%|███▍      | 9/26 [00:00<00:00, 85.99it/s, S=0.5714, loss=-0.5151]
Epoch 136/150 [train]:  35%|███▍      | 9/26 [00:00<00:00, 85.99it/s, S=0.5909, loss=-0.5325]
Epoch 136/150 [train]:  35%|███▍      | 9/26 [00:00<00:00, 85.99it/s, S=0.5649, loss=-0.5057]
Epoch 136/150 [train]:  35%|███▍      | 9/26 [00:00<00:00, 85.99it/s, S=0.5585, loss=-0.5011]
Epoch 136/150 [train]:  35%|███▍      | 9/26 [00:00<00:00, 85.99it/s, S=0.5644, loss=-0.5063]
Epoch 136/150 [train]:  69%|██████▉   | 18/26 [00:00<00:00, 86.12it/s, S=0.5644, loss=-0.5063]
Epoch 136/150 [train]:  69%|██████▉   | 18/26 [00:00<00:00, 86.12it/s, S=0.5513, loss=-0.4883]
Epoch 136/150 [train]:  69%|██████▉   | 18/26 [00:00<00:00, 86.12it/s, S=0.5740, loss=-0.5170]
Epoch 136/150 [train]:  69%|██████▉   | 18/26 [00:00<00:00, 86.12it/s, S=0.5392, loss=-0.4849]
Epoch 136/150 [train]:  69%|██████▉   | 18/26 [00:00<00:00, 86.12it/s, S=0.5400, loss=-0.4858]
Epoch 136/150 [train]:  69%|██████▉   | 18/26 [00:00<00:00, 86.12it/s, S=0.5537, loss=-0.4917]
Epoch 136/150 [train]:  69%|██████▉   | 18/26 [00:00<00:00, 86.12it/s, S=0.5704, loss=-0.5103]
Epoch 136/150 [train]:  69%|██████▉   | 18/26 [00:00<00:00, 86.12it/s, S=0.5314, loss=-0.4737]
Epoch 136/150 [train]:  69%|██████▉   | 18/26 [00:00<00:00, 86.12it/s, S=0.5403, loss=-0.4785]
                                                                                              
Epoch 136/150  train loss=-0.4977  val loss=-0.4869  S[mean]=0.5487  ζ=0.3802  mean_plane_ζ=0.3614  reg=0.0618  λscale=1.00  lr=3.68e-05

Epoch 137/150 [train]:   0%|          | 0/26 [00:00<?, ?it/s]
Epoch 137/150 [train]:   0%|          | 0/26 [00:00<?, ?it/s, S=0.5521, loss=-0.4943]
Epoch 137/150 [train]:   0%|          | 0/26 [00:00<?, ?it/s, S=0.5436, loss=-0.4815]
Epoch 137/150 [train]:   0%|          | 0/26 [00:00<?, ?it/s, S=0.5790, loss=-0.5245]
Epoch 137/150 [train]:   0%|          | 0/26 [00:00<?, ?it/s, S=0.5484, loss=-0.4903]
Epoch 137/150 [train]:   0%|          | 0/26 [00:00<?, ?it/s, S=0.5667, loss=-0.5070]
Epoch 137/150 [train]:   0%|          | 0/26 [00:00<?, ?it/s, S=0.5431, loss=-0.4867]
Epoch 137/150 [train]:   0%|          | 0/26 [00:00<?, ?it/s, S=0.5700, loss=-0.5103]
Epoch 137/150 [train]:   0%|          | 0/26 [00:00<?, ?it/s, S=0.5498, loss=-0.4913]
Epoch 137/150 [train]:   0%|          | 0/26 [00:00<?, ?it/s, S=0.5596, loss=-0.4995]
Epoch 137/150 [train]:  35%|███▍      | 9/26 [00:00<00:00, 86.07it/s, S=0.5596, loss=-0.4995]
Epoch 137/150 [train]:  35%|███▍      | 9/26 [00:00<00:00, 86.07it/s, S=0.5644, loss=-0.4991]
Epoch 137/150 [train]:  35%|███▍      | 9/26 [00:00<00:00, 86.07it/s, S=0.5882, loss=-0.5307]
Epoch 137/150 [train]:  35%|███▍      | 9/26 [00:00<00:00, 86.07it/s, S=0.5793, loss=-0.5164]
Epoch 137/150 [train]:  35%|███▍      | 9/26 [00:00<00:00, 86.07it/s, S=0.5491, loss=-0.4880]
Epoch 137/150 [train]:  35%|███▍      | 9/26 [00:00<00:00, 86.07it/s, S=0.5535, loss=-0.4988]
Epoch 137/150 [train]:  35%|███▍      | 9/26 [00:00<00:00, 86.07it/s, S=0.5378, loss=-0.4784]
Epoch 137/150 [train]:  35%|███▍      | 9/26 [00:00<00:00, 86.07it/s, S=0.5832, loss=-0.5254]
Epoch 137/150 [train]:  35%|███▍      | 9/26 [00:00<00:00, 86.07it/s, S=0.5500, loss=-0.4831]
Epoch 137/150 [train]:  35%|███▍      | 9/26 [00:00<00:00, 86.07it/s, S=0.5598, loss=-0.5014]
Epoch 137/150 [train]:  69%|██████▉   | 18/26 [00:00<00:00, 86.00it/s, S=0.5598, loss=-0.5014]
Epoch 137/150 [train]:  69%|██████▉   | 18/26 [00:00<00:00, 86.00it/s, S=0.5741, loss=-0.5113]
Epoch 137/150 [train]:  69%|██████▉   | 18/26 [00:00<00:00, 86.00it/s, S=0.5328, loss=-0.4727]
Epoch 137/150 [train]:  69%|██████▉   | 18/26 [00:00<00:00, 86.00it/s, S=0.5453, loss=-0.4878]
Epoch 137/150 [train]:  69%|██████▉   | 18/26 [00:00<00:00, 86.00it/s, S=0.5888, loss=-0.5321]
Epoch 137/150 [train]:  69%|██████▉   | 18/26 [00:00<00:00, 86.00it/s, S=0.5565, loss=-0.4916]
Epoch 137/150 [train]:  69%|██████▉   | 18/26 [00:00<00:00, 86.00it/s, S=0.5540, loss=-0.4978]
Epoch 137/150 [train]:  69%|██████▉   | 18/26 [00:00<00:00, 86.00it/s, S=0.5159, loss=-0.4570]
Epoch 137/150 [train]:  69%|██████▉   | 18/26 [00:00<00:00, 86.00it/s, S=0.5464, loss=-0.4906]
                                                                                              
Epoch 137/150  train loss=-0.4980  val loss=-0.4869  S[mean]=0.5487  ζ=0.3802  mean_plane_ζ=0.3614  reg=0.0619  λscale=1.00  lr=3.19e-05

Epoch 138/150 [train]:   0%|          | 0/26 [00:00<?, ?it/s]
Epoch 138/150 [train]:   0%|          | 0/26 [00:00<?, ?it/s, S=0.5819, loss=-0.5232]
Epoch 138/150 [train]:   0%|          | 0/26 [00:00<?, ?it/s, S=0.5460, loss=-0.4880]
Epoch 138/150 [train]:   0%|          | 0/26 [00:00<?, ?it/s, S=0.5500, loss=-0.4941]
Epoch 138/150 [train]:   0%|          | 0/26 [00:00<?, ?it/s, S=0.5590, loss=-0.5017]
Epoch 138/150 [train]:   0%|          | 0/26 [00:00<?, ?it/s, S=0.5586, loss=-0.5003]
Epoch 138/150 [train]:   0%|          | 0/26 [00:00<?, ?it/s, S=0.5506, loss=-0.4924]
Epoch 138/150 [train]:   0%|          | 0/26 [00:00<?, ?it/s, S=0.5531, loss=-0.4921]
Epoch 138/150 [train]:   0%|          | 0/26 [00:00<?, ?it/s, S=0.5678, loss=-0.5097]
Epoch 138/150 [train]:   0%|          | 0/26 [00:00<?, ?it/s, S=0.5487, loss=-0.4816]
Epoch 138/150 [train]:  35%|███▍      | 9/26 [00:00<00:00, 85.89it/s, S=0.5487, loss=-0.4816]
Epoch 138/150 [train]:  35%|███▍      | 9/26 [00:00<00:00, 85.89it/s, S=0.5736, loss=-0.5147]
Epoch 138/150 [train]:  35%|███▍      | 9/26 [00:00<00:00, 85.89it/s, S=0.5559, loss=-0.4982]
Epoch 138/150 [train]:  35%|███▍      | 9/26 [00:00<00:00, 85.89it/s, S=0.5769, loss=-0.5167]
Epoch 138/150 [train]:  35%|███▍      | 9/26 [00:00<00:00, 85.89it/s, S=0.5558, loss=-0.4986]
Epoch 138/150 [train]:  35%|███▍      | 9/26 [00:00<00:00, 85.89it/s, S=0.5494, loss=-0.4918]
Epoch 138/150 [train]:  35%|███▍      | 9/26 [00:00<00:00, 85.89it/s, S=0.5414, loss=-0.4846]
Epoch 138/150 [train]:  35%|███▍      | 9/26 [00:00<00:00, 85.89it/s, S=0.5613, loss=-0.5024]
Epoch 138/150 [train]:  35%|███▍      | 9/26 [00:00<00:00, 85.89it/s, S=0.5182, loss=-0.4557]
Epoch 138/150 [train]:  35%|███▍      | 9/26 [00:00<00:00, 85.89it/s, S=0.5487, loss=-0.4926]
Epoch 138/150 [train]:  69%|██████▉   | 18/26 [00:00<00:00, 85.90it/s, S=0.5487, loss=-0.4926]
Epoch 138/150 [train]:  69%|██████▉   | 18/26 [00:00<00:00, 85.90it/s, S=0.5709, loss=-0.5132]
Epoch 138/150 [train]:  69%|██████▉   | 18/26 [00:00<00:00, 85.90it/s, S=0.5598, loss=-0.5027]
Epoch 138/150 [train]:  69%|██████▉   | 18/26 [00:00<00:00, 85.90it/s, S=0.5700, loss=-0.5048]
Epoch 138/150 [train]:  69%|██████▉   | 18/26 [00:00<00:00, 85.90it/s, S=0.5662, loss=-0.5039]
Epoch 138/150 [train]:  69%|██████▉   | 18/26 [00:00<00:00, 85.90it/s, S=0.5909, loss=-0.5338]
Epoch 138/150 [train]:  69%|██████▉   | 18/26 [00:00<00:00, 85.90it/s, S=0.5515, loss=-0.4888]
Epoch 138/150 [train]:  69%|██████▉   | 18/26 [00:00<00:00, 85.90it/s, S=0.5679, loss=-0.5120]
Epoch 138/150 [train]:  69%|██████▉   | 18/26 [00:00<00:00, 85.90it/s, S=0.5362, loss=-0.4737]
                                                                                              
Epoch 138/150  train loss=-0.4989  val loss=-0.4870  S[mean]=0.5488  ζ=0.3801  mean_plane_ζ=0.3614  reg=0.0618  λscale=1.00  lr=2.72e-05

Epoch 139/150 [train]:   0%|          | 0/26 [00:00<?, ?it/s]
Epoch 139/150 [train]:   0%|          | 0/26 [00:00<?, ?it/s, S=0.5781, loss=-0.5209]
Epoch 139/150 [train]:   0%|          | 0/26 [00:00<?, ?it/s, S=0.5297, loss=-0.4737]
Epoch 139/150 [train]:   0%|          | 0/26 [00:00<?, ?it/s, S=0.5504, loss=-0.4926]
Epoch 139/150 [train]:   0%|          | 0/26 [00:00<?, ?it/s, S=0.5439, loss=-0.4868]
Epoch 139/150 [train]:   0%|          | 0/26 [00:00<?, ?it/s, S=0.5774, loss=-0.5213]
Epoch 139/150 [train]:   0%|          | 0/26 [00:00<?, ?it/s, S=0.5565, loss=-0.4986]
Epoch 139/150 [train]:   0%|          | 0/26 [00:00<?, ?it/s, S=0.5662, loss=-0.5049]
Epoch 139/150 [train]:   0%|          | 0/26 [00:00<?, ?it/s, S=0.5692, loss=-0.5094]
Epoch 139/150 [train]:   0%|          | 0/26 [00:00<?, ?it/s, S=0.5381, loss=-0.4812]
Epoch 139/150 [train]:  35%|███▍      | 9/26 [00:00<00:00, 85.47it/s, S=0.5381, loss=-0.4812]
Epoch 139/150 [train]:  35%|███▍      | 9/26 [00:00<00:00, 85.47it/s, S=0.5511, loss=-0.4939]
Epoch 139/150 [train]:  35%|███▍      | 9/26 [00:00<00:00, 85.47it/s, S=0.5544, loss=-0.4976]
Epoch 139/150 [train]:  35%|███▍      | 9/26 [00:00<00:00, 85.47it/s, S=0.5697, loss=-0.5099]
Epoch 139/150 [train]:  35%|███▍      | 9/26 [00:00<00:00, 85.47it/s, S=0.5501, loss=-0.4923]
Epoch 139/150 [train]:  35%|███▍      | 9/26 [00:00<00:00, 85.47it/s, S=0.5572, loss=-0.5031]
Epoch 139/150 [train]:  35%|███▍      | 9/26 [00:00<00:00, 85.47it/s, S=0.5725, loss=-0.5123]
Epoch 139/150 [train]:  35%|███▍      | 9/26 [00:00<00:00, 85.47it/s, S=0.5367, loss=-0.4788]
Epoch 139/150 [train]:  35%|███▍      | 9/26 [00:00<00:00, 85.47it/s, S=0.5485, loss=-0.4911]
Epoch 139/150 [train]:  35%|███▍      | 9/26 [00:00<00:00, 85.47it/s, S=0.5471, loss=-0.4928]
Epoch 139/150 [train]:  69%|██████▉   | 18/26 [00:00<00:00, 85.73it/s, S=0.5471, loss=-0.4928]
Epoch 139/150 [train]:  69%|██████▉   | 18/26 [00:00<00:00, 85.73it/s, S=0.5841, loss=-0.5258]
Epoch 139/150 [train]:  69%|██████▉   | 18/26 [00:00<00:00, 85.73it/s, S=0.5758, loss=-0.5164]
Epoch 139/150 [train]:  69%|██████▉   | 18/26 [00:00<00:00, 85.73it/s, S=0.5836, loss=-0.5078]
Epoch 139/150 [train]:  69%|██████▉   | 18/26 [00:00<00:00, 85.73it/s, S=0.5806, loss=-0.5240]
Epoch 139/150 [train]:  69%|██████▉   | 18/26 [00:00<00:00, 85.73it/s, S=0.5426, loss=-0.4830]
Epoch 139/150 [train]:  69%|██████▉   | 18/26 [00:00<00:00, 85.73it/s, S=0.5432, loss=-0.4887]
Epoch 139/150 [train]:  69%|██████▉   | 18/26 [00:00<00:00, 85.73it/s, S=0.5346, loss=-0.4789]
Epoch 139/150 [train]:  69%|██████▉   | 18/26 [00:00<00:00, 85.73it/s, S=0.5392, loss=-0.4748]
                                                                                              
Epoch 139/150  train loss=-0.4985  val loss=-0.4872  S[mean]=0.5489  ζ=0.3802  mean_plane_ζ=0.3615  reg=0.0618  λscale=1.00  lr=2.30e-05

Epoch 140/150 [train]:   0%|          | 0/26 [00:00<?, ?it/s]
Epoch 140/150 [train]:   0%|          | 0/26 [00:00<?, ?it/s, S=0.5736, loss=-0.5140]
Epoch 140/150 [train]:   0%|          | 0/26 [00:00<?, ?it/s, S=0.5484, loss=-0.4925]
Epoch 140/150 [train]:   0%|          | 0/26 [00:00<?, ?it/s, S=0.5689, loss=-0.5025]
Epoch 140/150 [train]:   0%|          | 0/26 [00:00<?, ?it/s, S=0.5336, loss=-0.4762]
Epoch 140/150 [train]:   0%|          | 0/26 [00:00<?, ?it/s, S=0.5534, loss=-0.4890]
Epoch 140/150 [train]:   0%|          | 0/26 [00:00<?, ?it/s, S=0.5490, loss=-0.4909]
Epoch 140/150 [train]:   0%|          | 0/26 [00:00<?, ?it/s, S=0.5372, loss=-0.4809]
Epoch 140/150 [train]:   0%|          | 0/26 [00:00<?, ?it/s, S=0.5435, loss=-0.4862]
Epoch 140/150 [train]:   0%|          | 0/26 [00:00<?, ?it/s, S=0.5842, loss=-0.5284]
Epoch 140/150 [train]:  35%|███▍      | 9/26 [00:00<00:00, 85.88it/s, S=0.5842, loss=-0.5284]
Epoch 140/150 [train]:  35%|███▍      | 9/26 [00:00<00:00, 85.88it/s, S=0.5815, loss=-0.5234]
Epoch 140/150 [train]:  35%|███▍      | 9/26 [00:00<00:00, 85.88it/s, S=0.5531, loss=-0.4957]
Epoch 140/150 [train]:  35%|███▍      | 9/26 [00:00<00:00, 85.88it/s, S=0.5491, loss=-0.4916]
Epoch 140/150 [train]:  35%|███▍      | 9/26 [00:00<00:00, 85.88it/s, S=0.5968, loss=-0.5384]
Epoch 140/150 [train]:  35%|███▍      | 9/26 [00:00<00:00, 85.88it/s, S=0.5892, loss=-0.5292]
Epoch 140/150 [train]:  35%|███▍      | 9/26 [00:00<00:00, 85.88it/s, S=0.5510, loss=-0.4918]
Epoch 140/150 [train]:  35%|███▍      | 9/26 [00:00<00:00, 85.88it/s, S=0.4910, loss=-0.4251]
Epoch 140/150 [train]:  35%|███▍      | 9/26 [00:00<00:00, 85.88it/s, S=0.5419, loss=-0.4795]
Epoch 140/150 [train]:  35%|███▍      | 9/26 [00:00<00:00, 85.88it/s, S=0.5774, loss=-0.5185]
Epoch 140/150 [train]:  69%|██████▉   | 18/26 [00:00<00:00, 86.13it/s, S=0.5774, loss=-0.5185]
Epoch 140/150 [train]:  69%|██████▉   | 18/26 [00:00<00:00, 86.13it/s, S=0.5438, loss=-0.4856]
Epoch 140/150 [train]:  69%|██████▉   | 18/26 [00:00<00:00, 86.13it/s, S=0.5783, loss=-0.5185]
Epoch 140/150 [train]:  69%|██████▉   | 18/26 [00:00<00:00, 86.13it/s, S=0.5519, loss=-0.4897]
Epoch 140/150 [train]:  69%|██████▉   | 18/26 [00:00<00:00, 86.13it/s, S=0.5869, loss=-0.5249]
Epoch 140/150 [train]:  69%|██████▉   | 18/26 [00:00<00:00, 86.13it/s, S=0.5892, loss=-0.5289]
Epoch 140/150 [train]:  69%|██████▉   | 18/26 [00:00<00:00, 86.13it/s, S=0.5626, loss=-0.4970]
Epoch 140/150 [train]:  69%|██████▉   | 18/26 [00:00<00:00, 86.13it/s, S=0.5506, loss=-0.4915]
Epoch 140/150 [train]:  69%|██████▉   | 18/26 [00:00<00:00, 86.13it/s, S=0.5759, loss=-0.5200]
                                                                                              
Epoch 140/150  train loss=-0.5004  val loss=-0.4873  S[mean]=0.5491  ζ=0.3801  mean_plane_ζ=0.3615  reg=0.0618  λscale=1.00  lr=1.90e-05

Epoch 141/150 [train]:   0%|          | 0/26 [00:00<?, ?it/s]
Epoch 141/150 [train]:   0%|          | 0/26 [00:00<?, ?it/s, S=0.5600, loss=-0.5035]
Epoch 141/150 [train]:   0%|          | 0/26 [00:00<?, ?it/s, S=0.5424, loss=-0.4861]
Epoch 141/150 [train]:   0%|          | 0/26 [00:00<?, ?it/s, S=0.5380, loss=-0.4827]
Epoch 141/150 [train]:   0%|          | 0/26 [00:00<?, ?it/s, S=0.5511, loss=-0.4934]
Epoch 141/150 [train]:   0%|          | 0/26 [00:00<?, ?it/s, S=0.5571, loss=-0.4983]
Epoch 141/150 [train]:   0%|          | 0/26 [00:00<?, ?it/s, S=0.6034, loss=-0.5381]
Epoch 141/150 [train]:   0%|          | 0/26 [00:00<?, ?it/s, S=0.5468, loss=-0.4877]
Epoch 141/150 [train]:   0%|          | 0/26 [00:00<?, ?it/s, S=0.5813, loss=-0.5231]
Epoch 141/150 [train]:   0%|          | 0/26 [00:00<?, ?it/s, S=0.5901, loss=-0.5309]
Epoch 141/150 [train]:  35%|███▍      | 9/26 [00:00<00:00, 85.84it/s, S=0.5901, loss=-0.5309]
Epoch 141/150 [train]:  35%|███▍      | 9/26 [00:00<00:00, 85.84it/s, S=0.5915, loss=-0.5280]
Epoch 141/150 [train]:  35%|███▍      | 9/26 [00:00<00:00, 85.84it/s, S=0.5529, loss=-0.4969]
Epoch 141/150 [train]:  35%|███▍      | 9/26 [00:00<00:00, 85.84it/s, S=0.5618, loss=-0.4996]
Epoch 141/150 [train]:  35%|███▍      | 9/26 [00:00<00:00, 85.84it/s, S=0.5898, loss=-0.5287]
Epoch 141/150 [train]:  35%|███▍      | 9/26 [00:00<00:00, 85.84it/s, S=0.5920, loss=-0.5367]
Epoch 141/150 [train]:  35%|███▍      | 9/26 [00:00<00:00, 85.84it/s, S=0.5793, loss=-0.5195]
Epoch 141/150 [train]:  35%|███▍      | 9/26 [00:00<00:00, 85.84it/s, S=0.5618, loss=-0.5019]
Epoch 141/150 [train]:  35%|███▍      | 9/26 [00:00<00:00, 85.84it/s, S=0.5435, loss=-0.4851]
Epoch 141/150 [train]:  35%|███▍      | 9/26 [00:00<00:00, 85.84it/s, S=0.5742, loss=-0.5177]
Epoch 141/150 [train]:  69%|██████▉   | 18/26 [00:00<00:00, 85.97it/s, S=0.5742, loss=-0.5177]
Epoch 141/150 [train]:  69%|██████▉   | 18/26 [00:00<00:00, 85.97it/s, S=0.5504, loss=-0.4941]
Epoch 141/150 [train]:  69%|██████▉   | 18/26 [00:00<00:00, 85.97it/s, S=0.5612, loss=-0.5039]
Epoch 141/150 [train]:  69%|██████▉   | 18/26 [00:00<00:00, 85.97it/s, S=0.5487, loss=-0.4907]
Epoch 141/150 [train]:  69%|██████▉   | 18/26 [00:00<00:00, 85.97it/s, S=0.5654, loss=-0.5041]
Epoch 141/150 [train]:  69%|██████▉   | 18/26 [00:00<00:00, 85.97it/s, S=0.5813, loss=-0.5243]
Epoch 141/150 [train]:  69%|██████▉   | 18/26 [00:00<00:00, 85.97it/s, S=0.5680, loss=-0.5114]
Epoch 141/150 [train]:  69%|██████▉   | 18/26 [00:00<00:00, 85.97it/s, S=0.5480, loss=-0.4932]
Epoch 141/150 [train]:  69%|██████▉   | 18/26 [00:00<00:00, 85.97it/s, S=0.5388, loss=-0.4793]
                                                                                              
Epoch 141/150  train loss=-0.5061  val loss=-0.4874  S[mean]=0.5491  ζ=0.3801  mean_plane_ζ=0.3614  reg=0.0617  λscale=1.00  lr=1.55e-05

Epoch 142/150 [train]:   0%|          | 0/26 [00:00<?, ?it/s]
Epoch 142/150 [train]:   0%|          | 0/26 [00:00<?, ?it/s, S=0.5577, loss=-0.5031]
Epoch 142/150 [train]:   0%|          | 0/26 [00:00<?, ?it/s, S=0.5836, loss=-0.5197]
Epoch 142/150 [train]:   0%|          | 0/26 [00:00<?, ?it/s, S=0.5737, loss=-0.5142]
Epoch 142/150 [train]:   0%|          | 0/26 [00:00<?, ?it/s, S=0.5587, loss=-0.4985]
Epoch 142/150 [train]:   0%|          | 0/26 [00:00<?, ?it/s, S=0.5641, loss=-0.5012]
Epoch 142/150 [train]:   0%|          | 0/26 [00:00<?, ?it/s, S=0.5375, loss=-0.4772]
Epoch 142/150 [train]:   0%|          | 0/26 [00:00<?, ?it/s, S=0.5768, loss=-0.5216]
Epoch 142/150 [train]:   0%|          | 0/26 [00:00<?, ?it/s, S=0.5397, loss=-0.4805]
Epoch 142/150 [train]:   0%|          | 0/26 [00:00<?, ?it/s, S=0.5644, loss=-0.5055]
Epoch 142/150 [train]:  35%|███▍      | 9/26 [00:00<00:00, 85.75it/s, S=0.5644, loss=-0.5055]
Epoch 142/150 [train]:  35%|███▍      | 9/26 [00:00<00:00, 85.75it/s, S=0.5451, loss=-0.4864]
Epoch 142/150 [train]:  35%|███▍      | 9/26 [00:00<00:00, 85.75it/s, S=0.5346, loss=-0.4751]
Epoch 142/150 [train]:  35%|███▍      | 9/26 [00:00<00:00, 85.75it/s, S=0.5632, loss=-0.5038]
Epoch 142/150 [train]:  35%|███▍      | 9/26 [00:00<00:00, 85.75it/s, S=0.5832, loss=-0.5072]
Epoch 142/150 [train]:  35%|███▍      | 9/26 [00:00<00:00, 85.75it/s, S=0.5661, loss=-0.5081]
Epoch 142/150 [train]:  35%|███▍      | 9/26 [00:00<00:00, 85.75it/s, S=0.5604, loss=-0.5017]
Epoch 142/150 [train]:  35%|███▍      | 9/26 [00:00<00:00, 85.75it/s, S=0.5881, loss=-0.5255]
Epoch 142/150 [train]:  35%|███▍      | 9/26 [00:00<00:00, 85.75it/s, S=0.5679, loss=-0.5122]
Epoch 142/150 [train]:  35%|███▍      | 9/26 [00:00<00:00, 85.75it/s, S=0.5841, loss=-0.5245]
Epoch 142/150 [train]:  69%|██████▉   | 18/26 [00:00<00:00, 85.85it/s, S=0.5841, loss=-0.5245]
Epoch 142/150 [train]:  69%|██████▉   | 18/26 [00:00<00:00, 85.85it/s, S=0.5567, loss=-0.4980]
Epoch 142/150 [train]:  69%|██████▉   | 18/26 [00:00<00:00, 85.85it/s, S=0.5551, loss=-0.4967]
Epoch 142/150 [train]:  69%|██████▉   | 18/26 [00:00<00:00, 85.85it/s, S=0.5574, loss=-0.4998]
Epoch 142/150 [train]:  69%|██████▉   | 18/26 [00:00<00:00, 85.85it/s, S=0.5556, loss=-0.5000]
Epoch 142/150 [train]:  69%|██████▉   | 18/26 [00:00<00:00, 85.85it/s, S=0.5384, loss=-0.4810]
Epoch 142/150 [train]:  69%|██████▉   | 18/26 [00:00<00:00, 85.85it/s, S=0.5460, loss=-0.4898]
Epoch 142/150 [train]:  69%|██████▉   | 18/26 [00:00<00:00, 85.85it/s, S=0.5711, loss=-0.5145]
Epoch 142/150 [train]:  69%|██████▉   | 18/26 [00:00<00:00, 85.85it/s, S=0.5748, loss=-0.5170]
                                                                                              
Epoch 142/150  train loss=-0.5024  val loss=-0.4874  S[mean]=0.5491  ζ=0.3800  mean_plane_ζ=0.3614  reg=0.0618  λscale=1.00  lr=1.22e-05

Epoch 143/150 [train]:   0%|          | 0/26 [00:00<?, ?it/s]
Epoch 143/150 [train]:   0%|          | 0/26 [00:00<?, ?it/s, S=0.5549, loss=-0.4969]
Epoch 143/150 [train]:   0%|          | 0/26 [00:00<?, ?it/s, S=0.5719, loss=-0.5154]
Epoch 143/150 [train]:   0%|          | 0/26 [00:00<?, ?it/s, S=0.5423, loss=-0.4839]
Epoch 143/150 [train]:   0%|          | 0/26 [00:00<?, ?it/s, S=0.5678, loss=-0.5118]
Epoch 143/150 [train]:   0%|          | 0/26 [00:00<?, ?it/s, S=0.5897, loss=-0.5280]
Epoch 143/150 [train]:   0%|          | 0/26 [00:00<?, ?it/s, S=0.5696, loss=-0.5090]
Epoch 143/150 [train]:   0%|          | 0/26 [00:00<?, ?it/s, S=0.5536, loss=-0.4982]
Epoch 143/150 [train]:   0%|          | 0/26 [00:00<?, ?it/s, S=0.5832, loss=-0.5184]
Epoch 143/150 [train]:   0%|          | 0/26 [00:00<?, ?it/s, S=0.5697, loss=-0.5102]
Epoch 143/150 [train]:  35%|███▍      | 9/26 [00:00<00:00, 85.76it/s, S=0.5697, loss=-0.5102]
Epoch 143/150 [train]:  35%|███▍      | 9/26 [00:00<00:00, 85.76it/s, S=0.5743, loss=-0.5121]
Epoch 143/150 [train]:  35%|███▍      | 9/26 [00:00<00:00, 85.76it/s, S=0.5549, loss=-0.4994]
Epoch 143/150 [train]:  35%|███▍      | 9/26 [00:00<00:00, 85.76it/s, S=0.5934, loss=-0.5351]
Epoch 143/150 [train]:  35%|███▍      | 9/26 [00:00<00:00, 85.76it/s, S=0.5408, loss=-0.4854]
Epoch 143/150 [train]:  35%|███▍      | 9/26 [00:00<00:00, 85.76it/s, S=0.5307, loss=-0.4696]
Epoch 143/150 [train]:  35%|███▍      | 9/26 [00:00<00:00, 85.76it/s, S=0.5598, loss=-0.5040]
Epoch 143/150 [train]:  35%|███▍      | 9/26 [00:00<00:00, 85.76it/s, S=0.5551, loss=-0.4977]
Epoch 143/150 [train]:  35%|███▍      | 9/26 [00:00<00:00, 85.76it/s, S=0.5466, loss=-0.4878]
Epoch 143/150 [train]:  35%|███▍      | 9/26 [00:00<00:00, 85.76it/s, S=0.5614, loss=-0.5015]
Epoch 143/150 [train]:  69%|██████▉   | 18/26 [00:00<00:00, 85.92it/s, S=0.5614, loss=-0.5015]
Epoch 143/150 [train]:  69%|██████▉   | 18/26 [00:00<00:00, 85.92it/s, S=0.5516, loss=-0.4937]
Epoch 143/150 [train]:  69%|██████▉   | 18/26 [00:00<00:00, 85.92it/s, S=0.5507, loss=-0.4933]
Epoch 143/150 [train]:  69%|██████▉   | 18/26 [00:00<00:00, 85.92it/s, S=0.5589, loss=-0.4983]
Epoch 143/150 [train]:  69%|██████▉   | 18/26 [00:00<00:00, 85.92it/s, S=0.5493, loss=-0.4876]
Epoch 143/150 [train]:  69%|██████▉   | 18/26 [00:00<00:00, 85.92it/s, S=0.5487, loss=-0.4862]
Epoch 143/150 [train]:  69%|██████▉   | 18/26 [00:00<00:00, 85.92it/s, S=0.5315, loss=-0.4764]
Epoch 143/150 [train]:  69%|██████▉   | 18/26 [00:00<00:00, 85.92it/s, S=0.5781, loss=-0.5165]
Epoch 143/150 [train]:  69%|██████▉   | 18/26 [00:00<00:00, 85.92it/s, S=0.5471, loss=-0.4901]
                                                                                              
Epoch 143/150  train loss=-0.5002  val loss=-0.4874  S[mean]=0.5492  ζ=0.3800  mean_plane_ζ=0.3614  reg=0.0618  λscale=1.00  lr=9.39e-06

Epoch 144/150 [train]:   0%|          | 0/26 [00:00<?, ?it/s]
Epoch 144/150 [train]:   0%|          | 0/26 [00:00<?, ?it/s, S=0.5622, loss=-0.5070]
Epoch 144/150 [train]:   0%|          | 0/26 [00:00<?, ?it/s, S=0.5729, loss=-0.5162]
Epoch 144/150 [train]:   0%|          | 0/26 [00:00<?, ?it/s, S=0.5491, loss=-0.4908]
Epoch 144/150 [train]:   0%|          | 0/26 [00:00<?, ?it/s, S=0.6044, loss=-0.5477]
Epoch 144/150 [train]:   0%|          | 0/26 [00:00<?, ?it/s, S=0.5423, loss=-0.4821]
Epoch 144/150 [train]:   0%|          | 0/26 [00:00<?, ?it/s, S=0.5788, loss=-0.5179]
Epoch 144/150 [train]:   0%|          | 0/26 [00:00<?, ?it/s, S=0.5440, loss=-0.4852]
Epoch 144/150 [train]:   0%|          | 0/26 [00:00<?, ?it/s, S=0.5671, loss=-0.5096]
Epoch 144/150 [train]:   0%|          | 0/26 [00:00<?, ?it/s, S=0.5455, loss=-0.4875]
Epoch 144/150 [train]:  35%|███▍      | 9/26 [00:00<00:00, 85.64it/s, S=0.5455, loss=-0.4875]
Epoch 144/150 [train]:  35%|███▍      | 9/26 [00:00<00:00, 85.64it/s, S=0.5754, loss=-0.5164]
Epoch 144/150 [train]:  35%|███▍      | 9/26 [00:00<00:00, 85.64it/s, S=0.5522, loss=-0.4978]
Epoch 144/150 [train]:  35%|███▍      | 9/26 [00:00<00:00, 85.64it/s, S=0.5470, loss=-0.4898]
Epoch 144/150 [train]:  35%|███▍      | 9/26 [00:00<00:00, 85.64it/s, S=0.5739, loss=-0.5166]
Epoch 144/150 [train]:  35%|███▍      | 9/26 [00:00<00:00, 85.64it/s, S=0.6059, loss=-0.5472]
Epoch 144/150 [train]:  35%|███▍      | 9/26 [00:00<00:00, 85.64it/s, S=0.5769, loss=-0.5162]
Epoch 144/150 [train]:  35%|███▍      | 9/26 [00:00<00:00, 85.64it/s, S=0.5494, loss=-0.4939]
Epoch 144/150 [train]:  35%|███▍      | 9/26 [00:00<00:00, 85.64it/s, S=0.5381, loss=-0.4749]
Epoch 144/150 [train]:  35%|███▍      | 9/26 [00:00<00:00, 85.64it/s, S=0.5935, loss=-0.5371]
Epoch 144/150 [train]:  69%|██████▉   | 18/26 [00:00<00:00, 85.81it/s, S=0.5935, loss=-0.5371]
Epoch 144/150 [train]:  69%|██████▉   | 18/26 [00:00<00:00, 85.81it/s, S=0.6104, loss=-0.5490]
Epoch 144/150 [train]:  69%|██████▉   | 18/26 [00:00<00:00, 85.81it/s, S=0.5624, loss=-0.5045]
Epoch 144/150 [train]:  69%|██████▉   | 18/26 [00:00<00:00, 85.81it/s, S=0.5838, loss=-0.5199]
Epoch 144/150 [train]:  69%|██████▉   | 18/26 [00:00<00:00, 85.81it/s, S=0.5784, loss=-0.5185]
Epoch 144/150 [train]:  69%|██████▉   | 18/26 [00:00<00:00, 85.81it/s, S=0.5924, loss=-0.5287]
Epoch 144/150 [train]:  69%|██████▉   | 18/26 [00:00<00:00, 85.81it/s, S=0.5649, loss=-0.5085]
Epoch 144/150 [train]:  69%|██████▉   | 18/26 [00:00<00:00, 85.81it/s, S=0.5967, loss=-0.5379]
Epoch 144/150 [train]:  69%|██████▉   | 18/26 [00:00<00:00, 85.81it/s, S=0.5746, loss=-0.5148]
                                                                                              
Epoch 144/150  train loss=-0.5121  val loss=-0.4874  S[mean]=0.5492  ζ=0.3800  mean_plane_ζ=0.3614  reg=0.0618  λscale=1.00  lr=6.91e-06

Epoch 145/150 [train]:   0%|          | 0/26 [00:00<?, ?it/s]
Epoch 145/150 [train]:   0%|          | 0/26 [00:00<?, ?it/s, S=0.5649, loss=-0.5102]
Epoch 145/150 [train]:   0%|          | 0/26 [00:00<?, ?it/s, S=0.5777, loss=-0.5190]
Epoch 145/150 [train]:   0%|          | 0/26 [00:00<?, ?it/s, S=0.5534, loss=-0.4964]
Epoch 145/150 [train]:   0%|          | 0/26 [00:00<?, ?it/s, S=0.5541, loss=-0.4934]
Epoch 145/150 [train]:   0%|          | 0/26 [00:00<?, ?it/s, S=0.5558, loss=-0.4970]
Epoch 145/150 [train]:   0%|          | 0/26 [00:00<?, ?it/s, S=0.5736, loss=-0.5096]
Epoch 145/150 [train]:   0%|          | 0/26 [00:00<?, ?it/s, S=0.5882, loss=-0.5295]
Epoch 145/150 [train]:   0%|          | 0/26 [00:00<?, ?it/s, S=0.5677, loss=-0.5093]
Epoch 145/150 [train]:   0%|          | 0/26 [00:00<?, ?it/s, S=0.5771, loss=-0.5199]
Epoch 145/150 [train]:  35%|███▍      | 9/26 [00:00<00:00, 85.95it/s, S=0.5771, loss=-0.5199]
Epoch 145/150 [train]:  35%|███▍      | 9/26 [00:00<00:00, 85.95it/s, S=0.5527, loss=-0.4905]
Epoch 145/150 [train]:  35%|███▍      | 9/26 [00:00<00:00, 85.95it/s, S=0.5735, loss=-0.5156]
Epoch 145/150 [train]:  35%|███▍      | 9/26 [00:00<00:00, 85.95it/s, S=0.5812, loss=-0.5246]
Epoch 145/150 [train]:  35%|███▍      | 9/26 [00:00<00:00, 85.95it/s, S=0.5663, loss=-0.5111]
Epoch 145/150 [train]:  35%|███▍      | 9/26 [00:00<00:00, 85.95it/s, S=0.5399, loss=-0.4843]
Epoch 145/150 [train]:  35%|███▍      | 9/26 [00:00<00:00, 85.95it/s, S=0.5557, loss=-0.4957]
Epoch 145/150 [train]:  35%|███▍      | 9/26 [00:00<00:00, 85.95it/s, S=0.5578, loss=-0.5021]
Epoch 145/150 [train]:  35%|███▍      | 9/26 [00:00<00:00, 85.95it/s, S=0.5408, loss=-0.4837]
Epoch 145/150 [train]:  35%|███▍      | 9/26 [00:00<00:00, 85.95it/s, S=0.5506, loss=-0.4900]
Epoch 145/150 [train]:  69%|██████▉   | 18/26 [00:00<00:00, 85.90it/s, S=0.5506, loss=-0.4900]
Epoch 145/150 [train]:  69%|██████▉   | 18/26 [00:00<00:00, 85.90it/s, S=0.5892, loss=-0.5314]
Epoch 145/150 [train]:  69%|██████▉   | 18/26 [00:00<00:00, 85.90it/s, S=0.5757, loss=-0.5175]
Epoch 145/150 [train]:  69%|██████▉   | 18/26 [00:00<00:00, 85.90it/s, S=0.5766, loss=-0.5221]
Epoch 145/150 [train]:  69%|██████▉   | 18/26 [00:00<00:00, 85.90it/s, S=0.5672, loss=-0.5118]
Epoch 145/150 [train]:  69%|██████▉   | 18/26 [00:00<00:00, 85.90it/s, S=0.5351, loss=-0.4779]
Epoch 145/150 [train]:  69%|██████▉   | 18/26 [00:00<00:00, 85.90it/s, S=0.5663, loss=-0.5048]
Epoch 145/150 [train]:  69%|██████▉   | 18/26 [00:00<00:00, 85.90it/s, S=0.5498, loss=-0.4925]
Epoch 145/150 [train]:  69%|██████▉   | 18/26 [00:00<00:00, 85.90it/s, S=0.5409, loss=-0.4850]
                                                                                              
Epoch 145/150  train loss=-0.5048  val loss=-0.4875  S[mean]=0.5492  ζ=0.3800  mean_plane_ζ=0.3614  reg=0.0617  λscale=1.00  lr=4.80e-06

Epoch 146/150 [train]:   0%|          | 0/26 [00:00<?, ?it/s]
Epoch 146/150 [train]:   0%|          | 0/26 [00:00<?, ?it/s, S=0.5692, loss=-0.5123]
Epoch 146/150 [train]:   0%|          | 0/26 [00:00<?, ?it/s, S=0.5906, loss=-0.5295]
Epoch 146/150 [train]:   0%|          | 0/26 [00:00<?, ?it/s, S=0.5575, loss=-0.4988]
Epoch 146/150 [train]:   0%|          | 0/26 [00:00<?, ?it/s, S=0.5602, loss=-0.4987]
Epoch 146/150 [train]:   0%|          | 0/26 [00:00<?, ?it/s, S=0.5467, loss=-0.4885]
Epoch 146/150 [train]:   0%|          | 0/26 [00:00<?, ?it/s, S=0.5539, loss=-0.4913]
Epoch 146/150 [train]:   0%|          | 0/26 [00:00<?, ?it/s, S=0.5815, loss=-0.5256]
Epoch 146/150 [train]:   0%|          | 0/26 [00:00<?, ?it/s, S=0.5635, loss=-0.5038]
Epoch 146/150 [train]:   0%|          | 0/26 [00:00<?, ?it/s, S=0.5608, loss=-0.5053]
Epoch 146/150 [train]:  35%|███▍      | 9/26 [00:00<00:00, 85.71it/s, S=0.5608, loss=-0.5053]
Epoch 146/150 [train]:  35%|███▍      | 9/26 [00:00<00:00, 85.71it/s, S=0.5440, loss=-0.4834]
Epoch 146/150 [train]:  35%|███▍      | 9/26 [00:00<00:00, 85.71it/s, S=0.5692, loss=-0.5125]
Epoch 146/150 [train]:  35%|███▍      | 9/26 [00:00<00:00, 85.71it/s, S=0.5546, loss=-0.4936]
Epoch 146/150 [train]:  35%|███▍      | 9/26 [00:00<00:00, 85.71it/s, S=0.5788, loss=-0.5213]
Epoch 146/150 [train]:  35%|███▍      | 9/26 [00:00<00:00, 85.71it/s, S=0.5771, loss=-0.5186]
Epoch 146/150 [train]:  35%|███▍      | 9/26 [00:00<00:00, 85.71it/s, S=0.5452, loss=-0.4823]
Epoch 146/150 [train]:  35%|███▍      | 9/26 [00:00<00:00, 85.71it/s, S=0.5604, loss=-0.4979]
Epoch 146/150 [train]:  35%|███▍      | 9/26 [00:00<00:00, 85.71it/s, S=0.5646, loss=-0.5022]
Epoch 146/150 [train]:  35%|███▍      | 9/26 [00:00<00:00, 85.71it/s, S=0.5598, loss=-0.4972]
Epoch 146/150 [train]:  69%|██████▉   | 18/26 [00:00<00:00, 85.87it/s, S=0.5598, loss=-0.4972]
Epoch 146/150 [train]:  69%|██████▉   | 18/26 [00:00<00:00, 85.87it/s, S=0.5386, loss=-0.4800]
Epoch 146/150 [train]:  69%|██████▉   | 18/26 [00:00<00:00, 85.87it/s, S=0.5792, loss=-0.5207]
Epoch 146/150 [train]:  69%|██████▉   | 18/26 [00:00<00:00, 85.87it/s, S=0.5495, loss=-0.4927]
Epoch 146/150 [train]:  69%|██████▉   | 18/26 [00:00<00:00, 85.87it/s, S=0.5427, loss=-0.4875]
Epoch 146/150 [train]:  69%|██████▉   | 18/26 [00:00<00:00, 85.87it/s, S=0.5507, loss=-0.4934]
Epoch 146/150 [train]:  69%|██████▉   | 18/26 [00:00<00:00, 85.87it/s, S=0.5738, loss=-0.5167]
Epoch 146/150 [train]:  69%|██████▉   | 18/26 [00:00<00:00, 85.87it/s, S=0.5788, loss=-0.5224]
Epoch 146/150 [train]:  69%|██████▉   | 18/26 [00:00<00:00, 85.87it/s, S=0.5575, loss=-0.4942]
                                                                                              
Epoch 146/150  train loss=-0.5027  val loss=-0.4875  S[mean]=0.5493  ζ=0.3800  mean_plane_ζ=0.3614  reg=0.0618  λscale=1.00  lr=3.08e-06

Epoch 147/150 [train]:   0%|          | 0/26 [00:00<?, ?it/s]
Epoch 147/150 [train]:   0%|          | 0/26 [00:00<?, ?it/s, S=0.6044, loss=-0.5421]
Epoch 147/150 [train]:   0%|          | 0/26 [00:00<?, ?it/s, S=0.5846, loss=-0.5246]
Epoch 147/150 [train]:   0%|          | 0/26 [00:00<?, ?it/s, S=0.5464, loss=-0.4890]
Epoch 147/150 [train]:   0%|          | 0/26 [00:00<?, ?it/s, S=0.5749, loss=-0.5117]
Epoch 147/150 [train]:   0%|          | 0/26 [00:00<?, ?it/s, S=0.5670, loss=-0.5073]
Epoch 147/150 [train]:   0%|          | 0/26 [00:00<?, ?it/s, S=0.5286, loss=-0.4712]
Epoch 147/150 [train]:   0%|          | 0/26 [00:00<?, ?it/s, S=0.5365, loss=-0.4783]
Epoch 147/150 [train]:   0%|          | 0/26 [00:00<?, ?it/s, S=0.5807, loss=-0.5187]
Epoch 147/150 [train]:   0%|          | 0/26 [00:00<?, ?it/s, S=0.5619, loss=-0.5049]
Epoch 147/150 [train]:  35%|███▍      | 9/26 [00:00<00:00, 85.67it/s, S=0.5619, loss=-0.5049]
Epoch 147/150 [train]:  35%|███▍      | 9/26 [00:00<00:00, 85.67it/s, S=0.5641, loss=-0.5055]
Epoch 147/150 [train]:  35%|███▍      | 9/26 [00:00<00:00, 85.67it/s, S=0.5664, loss=-0.5101]
Epoch 147/150 [train]:  35%|███▍      | 9/26 [00:00<00:00, 85.67it/s, S=0.5625, loss=-0.5071]
Epoch 147/150 [train]:  35%|███▍      | 9/26 [00:00<00:00, 85.67it/s, S=0.5870, loss=-0.5283]
Epoch 147/150 [train]:  35%|███▍      | 9/26 [00:00<00:00, 85.67it/s, S=0.5425, loss=-0.4833]
Epoch 147/150 [train]:  35%|███▍      | 9/26 [00:00<00:00, 85.67it/s, S=0.5507, loss=-0.4891]
Epoch 147/150 [train]:  35%|███▍      | 9/26 [00:00<00:00, 85.67it/s, S=0.5430, loss=-0.4851]
Epoch 147/150 [train]:  35%|███▍      | 9/26 [00:00<00:00, 85.67it/s, S=0.5528, loss=-0.4926]
Epoch 147/150 [train]:  35%|███▍      | 9/26 [00:00<00:00, 85.67it/s, S=0.5654, loss=-0.4989]
Epoch 147/150 [train]:  69%|██████▉   | 18/26 [00:00<00:00, 85.76it/s, S=0.5654, loss=-0.4989]
Epoch 147/150 [train]:  69%|██████▉   | 18/26 [00:00<00:00, 85.76it/s, S=0.5344, loss=-0.4692]
Epoch 147/150 [train]:  69%|██████▉   | 18/26 [00:00<00:00, 85.76it/s, S=0.5648, loss=-0.5080]
Epoch 147/150 [train]:  69%|██████▉   | 18/26 [00:00<00:00, 85.76it/s, S=0.6115, loss=-0.5447]
Epoch 147/150 [train]:  69%|██████▉   | 18/26 [00:00<00:00, 85.76it/s, S=0.5900, loss=-0.5278]
Epoch 147/150 [train]:  69%|██████▉   | 18/26 [00:00<00:00, 85.76it/s, S=0.5601, loss=-0.5029]
Epoch 147/150 [train]:  69%|██████▉   | 18/26 [00:00<00:00, 85.76it/s, S=0.5702, loss=-0.5095]
Epoch 147/150 [train]:  69%|██████▉   | 18/26 [00:00<00:00, 85.76it/s, S=0.5406, loss=-0.4821]
Epoch 147/150 [train]:  69%|██████▉   | 18/26 [00:00<00:00, 85.76it/s, S=0.5617, loss=-0.5037]
                                                                                              
Epoch 147/150  train loss=-0.5037  val loss=-0.4875  S[mean]=0.5493  ζ=0.3800  mean_plane_ζ=0.3614  reg=0.0618  λscale=1.00  lr=1.73e-06

Epoch 148/150 [train]:   0%|          | 0/26 [00:00<?, ?it/s]
Epoch 148/150 [train]:   0%|          | 0/26 [00:00<?, ?it/s, S=0.6062, loss=-0.5490]
Epoch 148/150 [train]:   0%|          | 0/26 [00:00<?, ?it/s, S=0.5677, loss=-0.5061]
Epoch 148/150 [train]:   0%|          | 0/26 [00:00<?, ?it/s, S=0.5632, loss=-0.5073]
Epoch 148/150 [train]:   0%|          | 0/26 [00:00<?, ?it/s, S=0.5463, loss=-0.4905]
Epoch 148/150 [train]:   0%|          | 0/26 [00:00<?, ?it/s, S=0.5552, loss=-0.4984]
Epoch 148/150 [train]:   0%|          | 0/26 [00:00<?, ?it/s, S=0.5662, loss=-0.5055]
Epoch 148/150 [train]:   0%|          | 0/26 [00:00<?, ?it/s, S=0.5723, loss=-0.5156]
Epoch 148/150 [train]:   0%|          | 0/26 [00:00<?, ?it/s, S=0.5867, loss=-0.5292]
Epoch 148/150 [train]:   0%|          | 0/26 [00:00<?, ?it/s, S=0.5553, loss=-0.4964]
Epoch 148/150 [train]:  35%|███▍      | 9/26 [00:00<00:00, 85.81it/s, S=0.5553, loss=-0.4964]
Epoch 148/150 [train]:  35%|███▍      | 9/26 [00:00<00:00, 85.81it/s, S=0.5399, loss=-0.4776]
Epoch 148/150 [train]:  35%|███▍      | 9/26 [00:00<00:00, 85.81it/s, S=0.5738, loss=-0.5163]
Epoch 148/150 [train]:  35%|███▍      | 9/26 [00:00<00:00, 85.81it/s, S=0.5990, loss=-0.5369]
Epoch 148/150 [train]:  35%|███▍      | 9/26 [00:00<00:00, 85.81it/s, S=0.6137, loss=-0.5548]
Epoch 148/150 [train]:  35%|███▍      | 9/26 [00:00<00:00, 85.81it/s, S=0.5630, loss=-0.5047]
Epoch 148/150 [train]:  35%|███▍      | 9/26 [00:00<00:00, 85.81it/s, S=0.5496, loss=-0.4918]
Epoch 148/150 [train]:  35%|███▍      | 9/26 [00:00<00:00, 85.81it/s, S=0.5663, loss=-0.5052]
Epoch 148/150 [train]:  35%|███▍      | 9/26 [00:00<00:00, 85.81it/s, S=0.5593, loss=-0.5004]
Epoch 148/150 [train]:  35%|███▍      | 9/26 [00:00<00:00, 85.81it/s, S=0.5857, loss=-0.5280]
Epoch 148/150 [train]:  69%|██████▉   | 18/26 [00:00<00:00, 85.95it/s, S=0.5857, loss=-0.5280]
Epoch 148/150 [train]:  69%|██████▉   | 18/26 [00:00<00:00, 85.95it/s, S=0.5548, loss=-0.4975]
Epoch 148/150 [train]:  69%|██████▉   | 18/26 [00:00<00:00, 85.95it/s, S=0.5560, loss=-0.5012]
Epoch 148/150 [train]:  69%|██████▉   | 18/26 [00:00<00:00, 85.95it/s, S=0.5447, loss=-0.4894]
Epoch 148/150 [train]:  69%|██████▉   | 18/26 [00:00<00:00, 85.95it/s, S=0.5742, loss=-0.5124]
Epoch 148/150 [train]:  69%|██████▉   | 18/26 [00:00<00:00, 85.95it/s, S=0.6061, loss=-0.5487]
Epoch 148/150 [train]:  69%|██████▉   | 18/26 [00:00<00:00, 85.95it/s, S=0.5629, loss=-0.5056]
Epoch 148/150 [train]:  69%|██████▉   | 18/26 [00:00<00:00, 85.95it/s, S=0.5635, loss=-0.5067]
Epoch 148/150 [train]:  69%|██████▉   | 18/26 [00:00<00:00, 85.95it/s, S=0.5615, loss=-0.4987]
                                                                                              
Epoch 148/150  train loss=-0.5105  val loss=-0.4875  S[mean]=0.5493  ζ=0.3800  mean_plane_ζ=0.3613  reg=0.0618  λscale=1.00  lr=7.71e-07

Epoch 149/150 [train]:   0%|          | 0/26 [00:00<?, ?it/s]
Epoch 149/150 [train]:   0%|          | 0/26 [00:00<?, ?it/s, S=0.5503, loss=-0.4934]
Epoch 149/150 [train]:   0%|          | 0/26 [00:00<?, ?it/s, S=0.5682, loss=-0.5123]
Epoch 149/150 [train]:   0%|          | 0/26 [00:00<?, ?it/s, S=0.5564, loss=-0.4978]
Epoch 149/150 [train]:   0%|          | 0/26 [00:00<?, ?it/s, S=0.5804, loss=-0.5222]
Epoch 149/150 [train]:   0%|          | 0/26 [00:00<?, ?it/s, S=0.5825, loss=-0.5248]
Epoch 149/150 [train]:   0%|          | 0/26 [00:00<?, ?it/s, S=0.5804, loss=-0.5235]
Epoch 149/150 [train]:   0%|          | 0/26 [00:00<?, ?it/s, S=0.5505, loss=-0.4928]
Epoch 149/150 [train]:   0%|          | 0/26 [00:00<?, ?it/s, S=0.5297, loss=-0.4664]
Epoch 149/150 [train]:   0%|          | 0/26 [00:00<?, ?it/s, S=0.5280, loss=-0.4692]
Epoch 149/150 [train]:  35%|███▍      | 9/26 [00:00<00:00, 86.23it/s, S=0.5280, loss=-0.4692]
Epoch 149/150 [train]:  35%|███▍      | 9/26 [00:00<00:00, 86.23it/s, S=0.5567, loss=-0.4971]
Epoch 149/150 [train]:  35%|███▍      | 9/26 [00:00<00:00, 86.23it/s, S=0.5613, loss=-0.5024]
Epoch 149/150 [train]:  35%|███▍      | 9/26 [00:00<00:00, 86.23it/s, S=0.5722, loss=-0.5106]
Epoch 149/150 [train]:  35%|███▍      | 9/26 [00:00<00:00, 86.23it/s, S=0.5780, loss=-0.5203]
Epoch 149/150 [train]:  35%|███▍      | 9/26 [00:00<00:00, 86.23it/s, S=0.6024, loss=-0.5437]
Epoch 149/150 [train]:  35%|███▍      | 9/26 [00:00<00:00, 86.23it/s, S=0.5464, loss=-0.4771]
Epoch 149/150 [train]:  35%|███▍      | 9/26 [00:00<00:00, 86.23it/s, S=0.5752, loss=-0.5158]
Epoch 149/150 [train]:  35%|███▍      | 9/26 [00:00<00:00, 86.23it/s, S=0.5581, loss=-0.4952]
Epoch 149/150 [train]:  35%|███▍      | 9/26 [00:00<00:00, 86.23it/s, S=0.5446, loss=-0.4884]
Epoch 149/150 [train]:  69%|██████▉   | 18/26 [00:00<00:00, 86.02it/s, S=0.5446, loss=-0.4884]
Epoch 149/150 [train]:  69%|██████▉   | 18/26 [00:00<00:00, 86.02it/s, S=0.5558, loss=-0.4993]
Epoch 149/150 [train]:  69%|██████▉   | 18/26 [00:00<00:00, 86.02it/s, S=0.5361, loss=-0.4764]
Epoch 149/150 [train]:  69%|██████▉   | 18/26 [00:00<00:00, 86.02it/s, S=0.5671, loss=-0.5084]
Epoch 149/150 [train]:  69%|██████▉   | 18/26 [00:00<00:00, 86.02it/s, S=0.5481, loss=-0.4913]
Epoch 149/150 [train]:  69%|██████▉   | 18/26 [00:00<00:00, 86.02it/s, S=0.5744, loss=-0.5188]
Epoch 149/150 [train]:  69%|██████▉   | 18/26 [00:00<00:00, 86.02it/s, S=0.5228, loss=-0.4621]
Epoch 149/150 [train]:  69%|██████▉   | 18/26 [00:00<00:00, 86.02it/s, S=0.5671, loss=-0.5133]
Epoch 149/150 [train]:  69%|██████▉   | 18/26 [00:00<00:00, 86.02it/s, S=0.5347, loss=-0.4755]
                                                                                              
Epoch 149/150  train loss=-0.4999  val loss=-0.4875  S[mean]=0.5493  ζ=0.3800  mean_plane_ζ=0.3613  reg=0.0618  λscale=1.00  lr=1.93e-07

Epoch 150/150 [train]:   0%|          | 0/26 [00:00<?, ?it/s]
Epoch 150/150 [train]:   0%|          | 0/26 [00:00<?, ?it/s, S=0.5783, loss=-0.5189]
Epoch 150/150 [train]:   0%|          | 0/26 [00:00<?, ?it/s, S=0.5295, loss=-0.4689]
Epoch 150/150 [train]:   0%|          | 0/26 [00:00<?, ?it/s, S=0.5332, loss=-0.4730]
Epoch 150/150 [train]:   0%|          | 0/26 [00:00<?, ?it/s, S=0.5657, loss=-0.5056]
Epoch 150/150 [train]:   0%|          | 0/26 [00:00<?, ?it/s, S=0.5745, loss=-0.5140]
Epoch 150/150 [train]:   0%|          | 0/26 [00:00<?, ?it/s, S=0.5560, loss=-0.4980]
Epoch 150/150 [train]:   0%|          | 0/26 [00:00<?, ?it/s, S=0.5471, loss=-0.4905]
Epoch 150/150 [train]:   0%|          | 0/26 [00:00<?, ?it/s, S=0.6066, loss=-0.5493]
Epoch 150/150 [train]:   0%|          | 0/26 [00:00<?, ?it/s, S=0.5734, loss=-0.5159]
Epoch 150/150 [train]:  35%|███▍      | 9/26 [00:00<00:00, 85.90it/s, S=0.5734, loss=-0.5159]
Epoch 150/150 [train]:  35%|███▍      | 9/26 [00:00<00:00, 85.90it/s, S=0.5426, loss=-0.4830]
Epoch 150/150 [train]:  35%|███▍      | 9/26 [00:00<00:00, 85.90it/s, S=0.5487, loss=-0.4857]
Epoch 150/150 [train]:  35%|███▍      | 9/26 [00:00<00:00, 85.90it/s, S=0.5222, loss=-0.4558]
Epoch 150/150 [train]:  35%|███▍      | 9/26 [00:00<00:00, 85.90it/s, S=0.5710, loss=-0.5093]
Epoch 150/150 [train]:  35%|███▍      | 9/26 [00:00<00:00, 85.90it/s, S=0.5841, loss=-0.5246]
Epoch 150/150 [train]:  35%|███▍      | 9/26 [00:00<00:00, 85.90it/s, S=0.5557, loss=-0.4981]
Epoch 150/150 [train]:  35%|███▍      | 9/26 [00:00<00:00, 85.90it/s, S=0.5541, loss=-0.4921]
Epoch 150/150 [train]:  35%|███▍      | 9/26 [00:00<00:00, 85.90it/s, S=0.5502, loss=-0.4931]
Epoch 150/150 [train]:  35%|███▍      | 9/26 [00:00<00:00, 85.90it/s, S=0.5498, loss=-0.4908]
Epoch 150/150 [train]:  69%|██████▉   | 18/26 [00:00<00:00, 86.03it/s, S=0.5498, loss=-0.4908]
Epoch 150/150 [train]:  69%|██████▉   | 18/26 [00:00<00:00, 86.03it/s, S=0.5472, loss=-0.4861]
Epoch 150/150 [train]:  69%|██████▉   | 18/26 [00:00<00:00, 86.03it/s, S=0.5322, loss=-0.4750]
Epoch 150/150 [train]:  69%|██████▉   | 18/26 [00:00<00:00, 86.03it/s, S=0.5705, loss=-0.5147]
Epoch 150/150 [train]:  69%|██████▉   | 18/26 [00:00<00:00, 86.03it/s, S=0.5941, loss=-0.5319]
Epoch 150/150 [train]:  69%|██████▉   | 18/26 [00:00<00:00, 86.03it/s, S=0.5724, loss=-0.5089]
Epoch 150/150 [train]:  69%|██████▉   | 18/26 [00:00<00:00, 86.03it/s, S=0.5001, loss=-0.4404]
Epoch 150/150 [train]:  69%|██████▉   | 18/26 [00:00<00:00, 86.03it/s, S=0.5725, loss=-0.5127]
Epoch 150/150 [train]:  69%|██████▉   | 18/26 [00:00<00:00, 86.03it/s, S=0.5844, loss=-0.5258]
                                                                                              
Epoch 150/150  train loss=-0.4986  val loss=-0.4875  S[mean]=0.5493  ζ=0.3800  mean_plane_ζ=0.3613  reg=0.0618  λscale=1.00  lr=5.00e-04

==================================================
Training complete
  Final train loss    : -0.4986
  Best val ζ          : 0.4079
  Val loss at best ζ  : -0.4342
  Wall-clock time     : 50.0 s  (0.8 min)
  Checkpoint          : /home/omo26/Non-Rev-Owen/mcmaze/runs/20260730_174148_d128_h256_dep2_bs64_ep150_lr5e-04_lxp0.0_lbt0.0_lcca2.0_sig10.0_s0/checkpoints/best.pt
  Loss curve          : '/home/omo26/Non-Rev-Owen/mcmaze/runs/20260730_174148_d128_h256_dep2_bs64_ep150_lr5e-04_lxp0.0_lbt0.0_lcca2.0_sig10.0_s0/outputs/loss_curve.png'
==================================================

Skipping diagnostic plots because SKIP_DIAGNOSTICS=1.
Appended best-model val metrics → /home/omo26/Non-Rev-Owen/mcmaze/runs/20260730_174148_d128_h256_dep2_bs64_ep150_lr5e-04_lxp0.0_lbt0.0_lcca2.0_sig10.0_s0/about.txt
