Run directory: /home/omo26/Non-Rev-Owen/mcmaze/runs/20260730_183626_d128_h256_dep2_bs64_ep150_lr5e-04_lxp0.0_lbt0.0_lcca20.0_sig10.0_s0
Seed set to: 0
Loading MC_Maze data …
  Channels: 137  |  Bin width: 10 ms  |  Trials: 2295
  Gaussian smoothing sigma: 10.0 ms = 1 bins
  Soft-normalising per neuron (method='churchland')
Windowing (trial_aligned, align=move_onset_time, pre=200ms, T=90, context=30) …
  Windows shape: (2295, 137, 150)  (K, N, T)
  Train: 1722  |  Val: 573  (random 25%)
Model parameters: 345,960

Starting training for 150 epochs …


Epoch 1/150 [train]:   0%|          | 0/26 [00:00<?, ?it/s]
Epoch 1/150 [train]:   0%|          | 0/26 [00:00<?, ?it/s, S=0.0153, loss=0.1950]
Epoch 1/150 [train]:   4%|▍         | 1/26 [00:00<00:06,  4.10it/s, S=0.0153, loss=0.1950]
Epoch 1/150 [train]:   4%|▍         | 1/26 [00:00<00:06,  4.10it/s, S=0.0154, loss=0.1485]
Epoch 1/150 [train]:   4%|▍         | 1/26 [00:00<00:06,  4.10it/s, S=0.0154, loss=0.1063]
Epoch 1/150 [train]:   4%|▍         | 1/26 [00:00<00:06,  4.10it/s, S=0.0154, loss=0.0831]
Epoch 1/150 [train]:   4%|▍         | 1/26 [00:00<00:06,  4.10it/s, S=0.0152, loss=0.0672]
Epoch 1/150 [train]:   4%|▍         | 1/26 [00:00<00:06,  4.10it/s, S=0.0151, loss=0.0541]
Epoch 1/150 [train]:   4%|▍         | 1/26 [00:00<00:06,  4.10it/s, S=0.0155, loss=0.0464]
Epoch 1/150 [train]:   4%|▍         | 1/26 [00:00<00:06,  4.10it/s, S=0.0153, loss=0.0411]
Epoch 1/150 [train]:   4%|▍         | 1/26 [00:00<00:06,  4.10it/s, S=0.0155, loss=0.0365]
Epoch 1/150 [train]:   4%|▍         | 1/26 [00:00<00:06,  4.10it/s, S=0.0154, loss=0.0339]
Epoch 1/150 [train]:  38%|███▊      | 10/26 [00:00<00:00, 34.33it/s, S=0.0154, loss=0.0339]
Epoch 1/150 [train]:  38%|███▊      | 10/26 [00:00<00:00, 34.33it/s, S=0.0154, loss=0.0298]
Epoch 1/150 [train]:  38%|███▊      | 10/26 [00:00<00:00, 34.33it/s, S=0.0152, loss=0.0273]
Epoch 1/150 [train]:  38%|███▊      | 10/26 [00:00<00:00, 34.33it/s, S=0.0152, loss=0.0254]
Epoch 1/150 [train]:  38%|███▊      | 10/26 [00:00<00:00, 34.33it/s, S=0.0152, loss=0.0244]
Epoch 1/150 [train]:  38%|███▊      | 10/26 [00:00<00:00, 34.33it/s, S=0.0151, loss=0.0234]
Epoch 1/150 [train]:  38%|███▊      | 10/26 [00:00<00:00, 34.33it/s, S=0.0153, loss=0.0228]
Epoch 1/150 [train]:  38%|███▊      | 10/26 [00:00<00:00, 34.33it/s, S=0.0153, loss=0.0227]
Epoch 1/150 [train]:  38%|███▊      | 10/26 [00:00<00:00, 34.33it/s, S=0.0153, loss=0.0219]
Epoch 1/150 [train]:  38%|███▊      | 10/26 [00:00<00:00, 34.33it/s, S=0.0153, loss=0.0226]
Epoch 1/150 [train]:  73%|███████▎  | 19/26 [00:00<00:00, 51.38it/s, S=0.0153, loss=0.0226]
Epoch 1/150 [train]:  73%|███████▎  | 19/26 [00:00<00:00, 51.38it/s, S=0.0153, loss=0.0223]
Epoch 1/150 [train]:  73%|███████▎  | 19/26 [00:00<00:00, 51.38it/s, S=0.0152, loss=0.0211]
Epoch 1/150 [train]:  73%|███████▎  | 19/26 [00:00<00:00, 51.38it/s, S=0.0153, loss=0.0211]
Epoch 1/150 [train]:  73%|███████▎  | 19/26 [00:00<00:00, 51.38it/s, S=0.0152, loss=0.0207]
Epoch 1/150 [train]:  73%|███████▎  | 19/26 [00:00<00:00, 51.38it/s, S=0.0155, loss=0.0198]
Epoch 1/150 [train]:  73%|███████▎  | 19/26 [00:00<00:00, 51.38it/s, S=0.0153, loss=0.0204]
Epoch 1/150 [train]:  73%|███████▎  | 19/26 [00:00<00:00, 51.38it/s, S=0.0153, loss=0.0199]
                                                                                           
Epoch   1/150  train loss=0.0453  val loss=0.0248  S[mean]=0.0153  ζ=0.1482  mean_plane_ζ=0.1488  reg=0.0402  λscale=1.00  lr=4.88e-04
Saved val-mean plane ζ checkpoint val_mean_plane_zeta_0.1.pt: threshold=0.1 epoch=1 val_mean_plane_zeta=0.1488

Epoch 2/150 [train]:   0%|          | 0/26 [00:00<?, ?it/s]
Epoch 2/150 [train]:   0%|          | 0/26 [00:00<?, ?it/s, S=0.0153, loss=0.0180]
Epoch 2/150 [train]:   0%|          | 0/26 [00:00<?, ?it/s, S=0.0154, loss=0.0171]
Epoch 2/150 [train]:   0%|          | 0/26 [00:00<?, ?it/s, S=0.0154, loss=0.0167]
Epoch 2/150 [train]:   0%|          | 0/26 [00:00<?, ?it/s, S=0.0154, loss=0.0159]
Epoch 2/150 [train]:   0%|          | 0/26 [00:00<?, ?it/s, S=0.0152, loss=0.0163]
Epoch 2/150 [train]:   0%|          | 0/26 [00:00<?, ?it/s, S=0.0153, loss=0.0156]
Epoch 2/150 [train]:   0%|          | 0/26 [00:00<?, ?it/s, S=0.0154, loss=0.0156]
Epoch 2/150 [train]:   0%|          | 0/26 [00:00<?, ?it/s, S=0.0152, loss=0.0147]
Epoch 2/150 [train]:   0%|          | 0/26 [00:00<?, ?it/s, S=0.0154, loss=0.0141]
Epoch 2/150 [train]:  35%|███▍      | 9/26 [00:00<00:00, 86.54it/s, S=0.0154, loss=0.0141]
Epoch 2/150 [train]:  35%|███▍      | 9/26 [00:00<00:00, 86.54it/s, S=0.0152, loss=0.0149]
Epoch 2/150 [train]:  35%|███▍      | 9/26 [00:00<00:00, 86.54it/s, S=0.0151, loss=0.0136]
Epoch 2/150 [train]:  35%|███▍      | 9/26 [00:00<00:00, 86.54it/s, S=0.0153, loss=0.0135]
Epoch 2/150 [train]:  35%|███▍      | 9/26 [00:00<00:00, 86.54it/s, S=0.0154, loss=0.0141]
Epoch 2/150 [train]:  35%|███▍      | 9/26 [00:00<00:00, 86.54it/s, S=0.0153, loss=0.0147]
Epoch 2/150 [train]:  35%|███▍      | 9/26 [00:00<00:00, 86.54it/s, S=0.0153, loss=0.0132]
Epoch 2/150 [train]:  35%|███▍      | 9/26 [00:00<00:00, 86.54it/s, S=0.0153, loss=0.0143]
Epoch 2/150 [train]:  35%|███▍      | 9/26 [00:00<00:00, 86.54it/s, S=0.0153, loss=0.0142]
Epoch 2/150 [train]:  35%|███▍      | 9/26 [00:00<00:00, 86.54it/s, S=0.0152, loss=0.0143]
Epoch 2/150 [train]:  69%|██████▉   | 18/26 [00:00<00:00, 87.06it/s, S=0.0152, loss=0.0143]
Epoch 2/150 [train]:  69%|██████▉   | 18/26 [00:00<00:00, 87.06it/s, S=0.0153, loss=0.0142]
Epoch 2/150 [train]:  69%|██████▉   | 18/26 [00:00<00:00, 87.06it/s, S=0.0153, loss=0.0140]
Epoch 2/150 [train]:  69%|██████▉   | 18/26 [00:00<00:00, 87.06it/s, S=0.0154, loss=0.0126]
Epoch 2/150 [train]:  69%|██████▉   | 18/26 [00:00<00:00, 87.06it/s, S=0.0153, loss=0.0137]
Epoch 2/150 [train]:  69%|██████▉   | 18/26 [00:00<00:00, 87.06it/s, S=0.0154, loss=0.0128]
Epoch 2/150 [train]:  69%|██████▉   | 18/26 [00:00<00:00, 87.06it/s, S=0.0155, loss=0.0128]
Epoch 2/150 [train]:  69%|██████▉   | 18/26 [00:00<00:00, 87.06it/s, S=0.0153, loss=0.0134]
Epoch 2/150 [train]:  69%|██████▉   | 18/26 [00:00<00:00, 87.06it/s, S=0.0153, loss=0.0115]
                                                                                           
Epoch   2/150  train loss=0.0145  val loss=0.0189  S[mean]=0.0154  ζ=0.1520  mean_plane_ζ=0.1525  reg=0.0343  λscale=1.00  lr=4.52e-04

Epoch 3/150 [train]:   0%|          | 0/26 [00:00<?, ?it/s]
Epoch 3/150 [train]:   0%|          | 0/26 [00:00<?, ?it/s, S=0.0153, loss=0.0119]
Epoch 3/150 [train]:   0%|          | 0/26 [00:00<?, ?it/s, S=0.0155, loss=0.0112]
Epoch 3/150 [train]:   0%|          | 0/26 [00:00<?, ?it/s, S=0.0152, loss=0.0120]
Epoch 3/150 [train]:   0%|          | 0/26 [00:00<?, ?it/s, S=0.0153, loss=0.0127]
Epoch 3/150 [train]:   0%|          | 0/26 [00:00<?, ?it/s, S=0.0153, loss=0.0119]
Epoch 3/150 [train]:   0%|          | 0/26 [00:00<?, ?it/s, S=0.0153, loss=0.0116]
Epoch 3/150 [train]:   0%|          | 0/26 [00:00<?, ?it/s, S=0.0152, loss=0.0118]
Epoch 3/150 [train]:   0%|          | 0/26 [00:00<?, ?it/s, S=0.0153, loss=0.0117]
Epoch 3/150 [train]:   0%|          | 0/26 [00:00<?, ?it/s, S=0.0154, loss=0.0120]
Epoch 3/150 [train]:  35%|███▍      | 9/26 [00:00<00:00, 86.73it/s, S=0.0154, loss=0.0120]
Epoch 3/150 [train]:  35%|███▍      | 9/26 [00:00<00:00, 86.73it/s, S=0.0154, loss=0.0125]
Epoch 3/150 [train]:  35%|███▍      | 9/26 [00:00<00:00, 86.73it/s, S=0.0153, loss=0.0118]
Epoch 3/150 [train]:  35%|███▍      | 9/26 [00:00<00:00, 86.73it/s, S=0.0152, loss=0.0119]
Epoch 3/150 [train]:  35%|███▍      | 9/26 [00:00<00:00, 86.73it/s, S=0.0154, loss=0.0125]
Epoch 3/150 [train]:  35%|███▍      | 9/26 [00:00<00:00, 86.73it/s, S=0.0154, loss=0.0114]
Epoch 3/150 [train]:  35%|███▍      | 9/26 [00:00<00:00, 86.73it/s, S=0.0153, loss=0.0119]
Epoch 3/150 [train]:  35%|███▍      | 9/26 [00:00<00:00, 86.73it/s, S=0.0154, loss=0.0117]
Epoch 3/150 [train]:  35%|███▍      | 9/26 [00:00<00:00, 86.73it/s, S=0.0155, loss=0.0120]
Epoch 3/150 [train]:  35%|███▍      | 9/26 [00:00<00:00, 86.73it/s, S=0.0152, loss=0.0124]
Epoch 3/150 [train]:  69%|██████▉   | 18/26 [00:00<00:00, 87.02it/s, S=0.0152, loss=0.0124]
Epoch 3/150 [train]:  69%|██████▉   | 18/26 [00:00<00:00, 87.02it/s, S=0.0153, loss=0.0114]
Epoch 3/150 [train]:  69%|██████▉   | 18/26 [00:00<00:00, 87.02it/s, S=0.0152, loss=0.0122]
Epoch 3/150 [train]:  69%|██████▉   | 18/26 [00:00<00:00, 87.02it/s, S=0.0153, loss=0.0119]
Epoch 3/150 [train]:  69%|██████▉   | 18/26 [00:00<00:00, 87.02it/s, S=0.0154, loss=0.0121]
Epoch 3/150 [train]:  69%|██████▉   | 18/26 [00:00<00:00, 87.02it/s, S=0.0154, loss=0.0114]
Epoch 3/150 [train]:  69%|██████▉   | 18/26 [00:00<00:00, 87.02it/s, S=0.0154, loss=0.0116]
Epoch 3/150 [train]:  69%|██████▉   | 18/26 [00:00<00:00, 87.02it/s, S=0.0154, loss=0.0117]
Epoch 3/150 [train]:  69%|██████▉   | 18/26 [00:00<00:00, 87.02it/s, S=0.0154, loss=0.0113]
                                                                                           
Epoch   3/150  train loss=0.0119  val loss=0.0176  S[mean]=0.0154  ζ=0.1553  mean_plane_ζ=0.1557  reg=0.0330  λscale=1.00  lr=3.97e-04

Epoch 4/150 [train]:   0%|          | 0/26 [00:00<?, ?it/s]
Epoch 4/150 [train]:   0%|          | 0/26 [00:00<?, ?it/s, S=0.0152, loss=0.0107]
Epoch 4/150 [train]:   0%|          | 0/26 [00:00<?, ?it/s, S=0.0152, loss=0.0110]
Epoch 4/150 [train]:   0%|          | 0/26 [00:00<?, ?it/s, S=0.0153, loss=0.0100]
Epoch 4/150 [train]:   0%|          | 0/26 [00:00<?, ?it/s, S=0.0153, loss=0.0108]
Epoch 4/150 [train]:   0%|          | 0/26 [00:00<?, ?it/s, S=0.0154, loss=0.0111]
Epoch 4/150 [train]:   0%|          | 0/26 [00:00<?, ?it/s, S=0.0152, loss=0.0113]
Epoch 4/150 [train]:   0%|          | 0/26 [00:00<?, ?it/s, S=0.0154, loss=0.0113]
Epoch 4/150 [train]:   0%|          | 0/26 [00:00<?, ?it/s, S=0.0154, loss=0.0114]
Epoch 4/150 [train]:   0%|          | 0/26 [00:00<?, ?it/s, S=0.0154, loss=0.0109]
Epoch 4/150 [train]:  35%|███▍      | 9/26 [00:00<00:00, 86.32it/s, S=0.0154, loss=0.0109]
Epoch 4/150 [train]:  35%|███▍      | 9/26 [00:00<00:00, 86.32it/s, S=0.0154, loss=0.0105]
Epoch 4/150 [train]:  35%|███▍      | 9/26 [00:00<00:00, 86.32it/s, S=0.0154, loss=0.0102]
Epoch 4/150 [train]:  35%|███▍      | 9/26 [00:00<00:00, 86.32it/s, S=0.0154, loss=0.0121]
Epoch 4/150 [train]:  35%|███▍      | 9/26 [00:00<00:00, 86.32it/s, S=0.0155, loss=0.0107]
Epoch 4/150 [train]:  35%|███▍      | 9/26 [00:00<00:00, 86.32it/s, S=0.0153, loss=0.0096]
Epoch 4/150 [train]:  35%|███▍      | 9/26 [00:00<00:00, 86.32it/s, S=0.0154, loss=0.0115]
Epoch 4/150 [train]:  35%|███▍      | 9/26 [00:00<00:00, 86.32it/s, S=0.0153, loss=0.0106]
Epoch 4/150 [train]:  35%|███▍      | 9/26 [00:00<00:00, 86.32it/s, S=0.0154, loss=0.0109]
Epoch 4/150 [train]:  35%|███▍      | 9/26 [00:00<00:00, 86.32it/s, S=0.0154, loss=0.0109]
Epoch 4/150 [train]:  69%|██████▉   | 18/26 [00:00<00:00, 86.77it/s, S=0.0154, loss=0.0109]
Epoch 4/150 [train]:  69%|██████▉   | 18/26 [00:00<00:00, 86.77it/s, S=0.0153, loss=0.0097]
Epoch 4/150 [train]:  69%|██████▉   | 18/26 [00:00<00:00, 86.77it/s, S=0.0154, loss=0.0109]
Epoch 4/150 [train]:  69%|██████▉   | 18/26 [00:00<00:00, 86.77it/s, S=0.0153, loss=0.0110]
Epoch 4/150 [train]:  69%|██████▉   | 18/26 [00:00<00:00, 86.77it/s, S=0.0154, loss=0.0112]
Epoch 4/150 [train]:  69%|██████▉   | 18/26 [00:00<00:00, 86.77it/s, S=0.0153, loss=0.0108]
Epoch 4/150 [train]:  69%|██████▉   | 18/26 [00:00<00:00, 86.77it/s, S=0.0153, loss=0.0104]
Epoch 4/150 [train]:  69%|██████▉   | 18/26 [00:00<00:00, 86.77it/s, S=0.0155, loss=0.0105]
Epoch 4/150 [train]:  69%|██████▉   | 18/26 [00:00<00:00, 86.77it/s, S=0.0154, loss=0.0119]
                                                                                           
Epoch   4/150  train loss=0.0108  val loss=0.0167  S[mean]=0.0154  ζ=0.1577  mean_plane_ζ=0.1581  reg=0.0321  λscale=1.00  lr=3.27e-04

Epoch 5/150 [train]:   0%|          | 0/26 [00:00<?, ?it/s]
Epoch 5/150 [train]:   0%|          | 0/26 [00:00<?, ?it/s, S=0.0154, loss=0.0098]
Epoch 5/150 [train]:   0%|          | 0/26 [00:00<?, ?it/s, S=0.0154, loss=0.0095]
Epoch 5/150 [train]:   0%|          | 0/26 [00:00<?, ?it/s, S=0.0153, loss=0.0101]
Epoch 5/150 [train]:   0%|          | 0/26 [00:00<?, ?it/s, S=0.0155, loss=0.0099]
Epoch 5/150 [train]:   0%|          | 0/26 [00:00<?, ?it/s, S=0.0153, loss=0.0099]
Epoch 5/150 [train]:   0%|          | 0/26 [00:00<?, ?it/s, S=0.0152, loss=0.0097]
Epoch 5/150 [train]:   0%|          | 0/26 [00:00<?, ?it/s, S=0.0153, loss=0.0098]
Epoch 5/150 [train]:   0%|          | 0/26 [00:00<?, ?it/s, S=0.0155, loss=0.0102]
Epoch 5/150 [train]:   0%|          | 0/26 [00:00<?, ?it/s, S=0.0153, loss=0.0099]
Epoch 5/150 [train]:  35%|███▍      | 9/26 [00:00<00:00, 86.59it/s, S=0.0153, loss=0.0099]
Epoch 5/150 [train]:  35%|███▍      | 9/26 [00:00<00:00, 86.59it/s, S=0.0154, loss=0.0109]
Epoch 5/150 [train]:  35%|███▍      | 9/26 [00:00<00:00, 86.59it/s, S=0.0155, loss=0.0100]
Epoch 5/150 [train]:  35%|███▍      | 9/26 [00:00<00:00, 86.59it/s, S=0.0154, loss=0.0104]
Epoch 5/150 [train]:  35%|███▍      | 9/26 [00:00<00:00, 86.59it/s, S=0.0154, loss=0.0099]
Epoch 5/150 [train]:  35%|███▍      | 9/26 [00:00<00:00, 86.59it/s, S=0.0155, loss=0.0102]
Epoch 5/150 [train]:  35%|███▍      | 9/26 [00:00<00:00, 86.59it/s, S=0.0153, loss=0.0100]
Epoch 5/150 [train]:  35%|███▍      | 9/26 [00:00<00:00, 86.59it/s, S=0.0154, loss=0.0105]
Epoch 5/150 [train]:  35%|███▍      | 9/26 [00:00<00:00, 86.59it/s, S=0.0154, loss=0.0091]
Epoch 5/150 [train]:  35%|███▍      | 9/26 [00:00<00:00, 86.59it/s, S=0.0153, loss=0.0093]
Epoch 5/150 [train]:  69%|██████▉   | 18/26 [00:00<00:00, 86.82it/s, S=0.0153, loss=0.0093]
Epoch 5/150 [train]:  69%|██████▉   | 18/26 [00:00<00:00, 86.82it/s, S=0.0153, loss=0.0097]
Epoch 5/150 [train]:  69%|██████▉   | 18/26 [00:00<00:00, 86.82it/s, S=0.0153, loss=0.0108]
Epoch 5/150 [train]:  69%|██████▉   | 18/26 [00:00<00:00, 86.82it/s, S=0.0152, loss=0.0101]
Epoch 5/150 [train]:  69%|██████▉   | 18/26 [00:00<00:00, 86.82it/s, S=0.0152, loss=0.0098]
Epoch 5/150 [train]:  69%|██████▉   | 18/26 [00:00<00:00, 86.82it/s, S=0.0153, loss=0.0106]
Epoch 5/150 [train]:  69%|██████▉   | 18/26 [00:00<00:00, 86.82it/s, S=0.0154, loss=0.0101]
Epoch 5/150 [train]:  69%|██████▉   | 18/26 [00:00<00:00, 86.82it/s, S=0.0153, loss=0.0100]
Epoch 5/150 [train]:  69%|██████▉   | 18/26 [00:00<00:00, 86.82it/s, S=0.0154, loss=0.0091]
                                                                                           
Epoch   5/150  train loss=0.0100  val loss=0.0159  S[mean]=0.0154  ζ=0.1594  mean_plane_ζ=0.1598  reg=0.0313  λscale=1.00  lr=2.50e-04

Epoch 6/150 [train]:   0%|          | 0/26 [00:00<?, ?it/s]
Epoch 6/150 [train]:   0%|          | 0/26 [00:00<?, ?it/s, S=0.0154, loss=0.0094]
Epoch 6/150 [train]:   0%|          | 0/26 [00:00<?, ?it/s, S=0.0153, loss=0.0093]
Epoch 6/150 [train]:   0%|          | 0/26 [00:00<?, ?it/s, S=0.0153, loss=0.0087]
Epoch 6/150 [train]:   0%|          | 0/26 [00:00<?, ?it/s, S=0.0153, loss=0.0085]
Epoch 6/150 [train]:   0%|          | 0/26 [00:00<?, ?it/s, S=0.0153, loss=0.0096]
Epoch 6/150 [train]:   0%|          | 0/26 [00:00<?, ?it/s, S=0.0153, loss=0.0090]
Epoch 6/150 [train]:   0%|          | 0/26 [00:00<?, ?it/s, S=0.0153, loss=0.0090]
Epoch 6/150 [train]:   0%|          | 0/26 [00:00<?, ?it/s, S=0.0154, loss=0.0086]
Epoch 6/150 [train]:   0%|          | 0/26 [00:00<?, ?it/s, S=0.0155, loss=0.0086]
Epoch 6/150 [train]:  35%|███▍      | 9/26 [00:00<00:00, 86.43it/s, S=0.0155, loss=0.0086]
Epoch 6/150 [train]:  35%|███▍      | 9/26 [00:00<00:00, 86.43it/s, S=0.0154, loss=0.0085]
Epoch 6/150 [train]:  35%|███▍      | 9/26 [00:00<00:00, 86.43it/s, S=0.0153, loss=0.0095]
Epoch 6/150 [train]:  35%|███▍      | 9/26 [00:00<00:00, 86.43it/s, S=0.0154, loss=0.0094]
Epoch 6/150 [train]:  35%|███▍      | 9/26 [00:00<00:00, 86.43it/s, S=0.0155, loss=0.0095]
Epoch 6/150 [train]:  35%|███▍      | 9/26 [00:00<00:00, 86.43it/s, S=0.0153, loss=0.0094]
Epoch 6/150 [train]:  35%|███▍      | 9/26 [00:00<00:00, 86.43it/s, S=0.0154, loss=0.0094]
Epoch 6/150 [train]:  35%|███▍      | 9/26 [00:00<00:00, 86.43it/s, S=0.0153, loss=0.0097]
Epoch 6/150 [train]:  35%|███▍      | 9/26 [00:00<00:00, 86.43it/s, S=0.0154, loss=0.0093]
Epoch 6/150 [train]:  35%|███▍      | 9/26 [00:00<00:00, 86.43it/s, S=0.0153, loss=0.0095]
Epoch 6/150 [train]:  69%|██████▉   | 18/26 [00:00<00:00, 86.74it/s, S=0.0153, loss=0.0095]
Epoch 6/150 [train]:  69%|██████▉   | 18/26 [00:00<00:00, 86.74it/s, S=0.0152, loss=0.0093]
Epoch 6/150 [train]:  69%|██████▉   | 18/26 [00:00<00:00, 86.74it/s, S=0.0154, loss=0.0093]
Epoch 6/150 [train]:  69%|██████▉   | 18/26 [00:00<00:00, 86.74it/s, S=0.0154, loss=0.0099]
Epoch 6/150 [train]:  69%|██████▉   | 18/26 [00:00<00:00, 86.74it/s, S=0.0153, loss=0.0095]
Epoch 6/150 [train]:  69%|██████▉   | 18/26 [00:00<00:00, 86.74it/s, S=0.0154, loss=0.0094]
Epoch 6/150 [train]:  69%|██████▉   | 18/26 [00:00<00:00, 86.74it/s, S=0.0155, loss=0.0087]
Epoch 6/150 [train]:  69%|██████▉   | 18/26 [00:00<00:00, 86.74it/s, S=0.0153, loss=0.0099]
Epoch 6/150 [train]:  69%|██████▉   | 18/26 [00:00<00:00, 86.74it/s, S=0.0155, loss=0.0089]
                                                                                           
Epoch   6/150  train loss=0.0092  val loss=0.0154  S[mean]=0.0154  ζ=0.1607  mean_plane_ζ=0.1610  reg=0.0308  λscale=1.00  lr=1.73e-04

Epoch 7/150 [train]:   0%|          | 0/26 [00:00<?, ?it/s]
Epoch 7/150 [train]:   0%|          | 0/26 [00:00<?, ?it/s, S=0.0153, loss=0.0082]
Epoch 7/150 [train]:   0%|          | 0/26 [00:00<?, ?it/s, S=0.0154, loss=0.0090]
Epoch 7/150 [train]:   0%|          | 0/26 [00:00<?, ?it/s, S=0.0153, loss=0.0079]
Epoch 7/150 [train]:   0%|          | 0/26 [00:00<?, ?it/s, S=0.0153, loss=0.0081]
Epoch 7/150 [train]:   0%|          | 0/26 [00:00<?, ?it/s, S=0.0154, loss=0.0077]
Epoch 7/150 [train]:   0%|          | 0/26 [00:00<?, ?it/s, S=0.0154, loss=0.0095]
Epoch 7/150 [train]:   0%|          | 0/26 [00:00<?, ?it/s, S=0.0153, loss=0.0078]
Epoch 7/150 [train]:   0%|          | 0/26 [00:00<?, ?it/s, S=0.0154, loss=0.0088]
Epoch 7/150 [train]:   0%|          | 0/26 [00:00<?, ?it/s, S=0.0154, loss=0.0085]
Epoch 7/150 [train]:  35%|███▍      | 9/26 [00:00<00:00, 86.27it/s, S=0.0154, loss=0.0085]
Epoch 7/150 [train]:  35%|███▍      | 9/26 [00:00<00:00, 86.27it/s, S=0.0153, loss=0.0080]
Epoch 7/150 [train]:  35%|███▍      | 9/26 [00:00<00:00, 86.27it/s, S=0.0153, loss=0.0081]
Epoch 7/150 [train]:  35%|███▍      | 9/26 [00:00<00:00, 86.27it/s, S=0.0153, loss=0.0085]
Epoch 7/150 [train]:  35%|███▍      | 9/26 [00:00<00:00, 86.27it/s, S=0.0154, loss=0.0085]
Epoch 7/150 [train]:  35%|███▍      | 9/26 [00:00<00:00, 86.27it/s, S=0.0152, loss=0.0085]
Epoch 7/150 [train]:  35%|███▍      | 9/26 [00:00<00:00, 86.27it/s, S=0.0154, loss=0.0092]
Epoch 7/150 [train]:  35%|███▍      | 9/26 [00:00<00:00, 86.27it/s, S=0.0156, loss=0.0081]
Epoch 7/150 [train]:  35%|███▍      | 9/26 [00:00<00:00, 86.27it/s, S=0.0155, loss=0.0086]
Epoch 7/150 [train]:  35%|███▍      | 9/26 [00:00<00:00, 86.27it/s, S=0.0153, loss=0.0094]
Epoch 7/150 [train]:  69%|██████▉   | 18/26 [00:00<00:00, 86.72it/s, S=0.0153, loss=0.0094]
Epoch 7/150 [train]:  69%|██████▉   | 18/26 [00:00<00:00, 86.72it/s, S=0.0153, loss=0.0086]
Epoch 7/150 [train]:  69%|██████▉   | 18/26 [00:00<00:00, 86.72it/s, S=0.0153, loss=0.0088]
Epoch 7/150 [train]:  69%|██████▉   | 18/26 [00:00<00:00, 86.72it/s, S=0.0154, loss=0.0084]
Epoch 7/150 [train]:  69%|██████▉   | 18/26 [00:00<00:00, 86.72it/s, S=0.0154, loss=0.0087]
Epoch 7/150 [train]:  69%|██████▉   | 18/26 [00:00<00:00, 86.72it/s, S=0.0153, loss=0.0091]
Epoch 7/150 [train]:  69%|██████▉   | 18/26 [00:00<00:00, 86.72it/s, S=0.0153, loss=0.0086]
Epoch 7/150 [train]:  69%|██████▉   | 18/26 [00:00<00:00, 86.72it/s, S=0.0153, loss=0.0091]
Epoch 7/150 [train]:  69%|██████▉   | 18/26 [00:00<00:00, 86.72it/s, S=0.0153, loss=0.0090]
                                                                                           
Epoch   7/150  train loss=0.0086  val loss=0.0150  S[mean]=0.0154  ζ=0.1615  mean_plane_ζ=0.1618  reg=0.0305  λscale=1.00  lr=1.03e-04

Epoch 8/150 [train]:   0%|          | 0/26 [00:00<?, ?it/s]
Epoch 8/150 [train]:   0%|          | 0/26 [00:00<?, ?it/s, S=0.0154, loss=0.0083]
Epoch 8/150 [train]:   0%|          | 0/26 [00:00<?, ?it/s, S=0.0154, loss=0.0084]
Epoch 8/150 [train]:   0%|          | 0/26 [00:00<?, ?it/s, S=0.0154, loss=0.0087]
Epoch 8/150 [train]:   0%|          | 0/26 [00:00<?, ?it/s, S=0.0154, loss=0.0080]
Epoch 8/150 [train]:   0%|          | 0/26 [00:00<?, ?it/s, S=0.0153, loss=0.0079]
Epoch 8/150 [train]:   0%|          | 0/26 [00:00<?, ?it/s, S=0.0154, loss=0.0084]
Epoch 8/150 [train]:   0%|          | 0/26 [00:00<?, ?it/s, S=0.0155, loss=0.0081]
Epoch 8/150 [train]:   0%|          | 0/26 [00:00<?, ?it/s, S=0.0155, loss=0.0074]
Epoch 8/150 [train]:   0%|          | 0/26 [00:00<?, ?it/s, S=0.0154, loss=0.0082]
Epoch 8/150 [train]:  35%|███▍      | 9/26 [00:00<00:00, 86.54it/s, S=0.0154, loss=0.0082]
Epoch 8/150 [train]:  35%|███▍      | 9/26 [00:00<00:00, 86.54it/s, S=0.0155, loss=0.0076]
Epoch 8/150 [train]:  35%|███▍      | 9/26 [00:00<00:00, 86.54it/s, S=0.0154, loss=0.0077]
Epoch 8/150 [train]:  35%|███▍      | 9/26 [00:00<00:00, 86.54it/s, S=0.0153, loss=0.0075]
Epoch 8/150 [train]:  35%|███▍      | 9/26 [00:00<00:00, 86.54it/s, S=0.0153, loss=0.0085]
Epoch 8/150 [train]:  35%|███▍      | 9/26 [00:00<00:00, 86.54it/s, S=0.0154, loss=0.0075]
Epoch 8/150 [train]:  35%|███▍      | 9/26 [00:00<00:00, 86.54it/s, S=0.0154, loss=0.0086]
Epoch 8/150 [train]:  35%|███▍      | 9/26 [00:00<00:00, 86.54it/s, S=0.0153, loss=0.0082]
Epoch 8/150 [train]:  35%|███▍      | 9/26 [00:00<00:00, 86.54it/s, S=0.0155, loss=0.0083]
Epoch 8/150 [train]:  35%|███▍      | 9/26 [00:00<00:00, 86.54it/s, S=0.0153, loss=0.0078]
Epoch 8/150 [train]:  69%|██████▉   | 18/26 [00:00<00:00, 86.81it/s, S=0.0153, loss=0.0078]
Epoch 8/150 [train]:  69%|██████▉   | 18/26 [00:00<00:00, 86.81it/s, S=0.0153, loss=0.0082]
Epoch 8/150 [train]:  69%|██████▉   | 18/26 [00:00<00:00, 86.81it/s, S=0.0155, loss=0.0083]
Epoch 8/150 [train]:  69%|██████▉   | 18/26 [00:00<00:00, 86.81it/s, S=0.0153, loss=0.0087]
Epoch 8/150 [train]:  69%|██████▉   | 18/26 [00:00<00:00, 86.81it/s, S=0.0154, loss=0.0084]
Epoch 8/150 [train]:  69%|██████▉   | 18/26 [00:00<00:00, 86.81it/s, S=0.0154, loss=0.0077]
Epoch 8/150 [train]:  69%|██████▉   | 18/26 [00:00<00:00, 86.81it/s, S=0.0154, loss=0.0078]
Epoch 8/150 [train]:  69%|██████▉   | 18/26 [00:00<00:00, 86.81it/s, S=0.0153, loss=0.0082]
Epoch 8/150 [train]:  69%|██████▉   | 18/26 [00:00<00:00, 86.81it/s, S=0.0154, loss=0.0081]
                                                                                           
Epoch   8/150  train loss=0.0081  val loss=0.0146  S[mean]=0.0154  ζ=0.1619  mean_plane_ζ=0.1622  reg=0.0301  λscale=1.00  lr=4.77e-05

Epoch 9/150 [train]:   0%|          | 0/26 [00:00<?, ?it/s]
Epoch 9/150 [train]:   0%|          | 0/26 [00:00<?, ?it/s, S=0.0154, loss=0.0073]
Epoch 9/150 [train]:   0%|          | 0/26 [00:00<?, ?it/s, S=0.0153, loss=0.0084]
Epoch 9/150 [train]:   0%|          | 0/26 [00:00<?, ?it/s, S=0.0153, loss=0.0075]
Epoch 9/150 [train]:   0%|          | 0/26 [00:00<?, ?it/s, S=0.0153, loss=0.0072]
Epoch 9/150 [train]:   0%|          | 0/26 [00:00<?, ?it/s, S=0.0154, loss=0.0078]
Epoch 9/150 [train]:   0%|          | 0/26 [00:00<?, ?it/s, S=0.0153, loss=0.0074]
Epoch 9/150 [train]:   0%|          | 0/26 [00:00<?, ?it/s, S=0.0154, loss=0.0077]
Epoch 9/150 [train]:   0%|          | 0/26 [00:00<?, ?it/s, S=0.0153, loss=0.0081]
Epoch 9/150 [train]:   0%|          | 0/26 [00:00<?, ?it/s, S=0.0154, loss=0.0079]
Epoch 9/150 [train]:  35%|███▍      | 9/26 [00:00<00:00, 86.49it/s, S=0.0154, loss=0.0079]
Epoch 9/150 [train]:  35%|███▍      | 9/26 [00:00<00:00, 86.49it/s, S=0.0154, loss=0.0069]
Epoch 9/150 [train]:  35%|███▍      | 9/26 [00:00<00:00, 86.49it/s, S=0.0154, loss=0.0073]
Epoch 9/150 [train]:  35%|███▍      | 9/26 [00:00<00:00, 86.49it/s, S=0.0153, loss=0.0082]
Epoch 9/150 [train]:  35%|███▍      | 9/26 [00:00<00:00, 86.49it/s, S=0.0153, loss=0.0079]
Epoch 9/150 [train]:  35%|███▍      | 9/26 [00:00<00:00, 86.49it/s, S=0.0153, loss=0.0079]
Epoch 9/150 [train]:  35%|███▍      | 9/26 [00:00<00:00, 86.49it/s, S=0.0153, loss=0.0081]
Epoch 9/150 [train]:  35%|███▍      | 9/26 [00:00<00:00, 86.49it/s, S=0.0154, loss=0.0074]
Epoch 9/150 [train]:  35%|███▍      | 9/26 [00:00<00:00, 86.49it/s, S=0.0154, loss=0.0079]
Epoch 9/150 [train]:  35%|███▍      | 9/26 [00:00<00:00, 86.49it/s, S=0.0154, loss=0.0080]
Epoch 9/150 [train]:  69%|██████▉   | 18/26 [00:00<00:00, 86.72it/s, S=0.0154, loss=0.0080]
Epoch 9/150 [train]:  69%|██████▉   | 18/26 [00:00<00:00, 86.72it/s, S=0.0153, loss=0.0073]
Epoch 9/150 [train]:  69%|██████▉   | 18/26 [00:00<00:00, 86.72it/s, S=0.0154, loss=0.0075]
Epoch 9/150 [train]:  69%|██████▉   | 18/26 [00:00<00:00, 86.72it/s, S=0.0153, loss=0.0080]
Epoch 9/150 [train]:  69%|██████▉   | 18/26 [00:00<00:00, 86.72it/s, S=0.0154, loss=0.0079]
Epoch 9/150 [train]:  69%|██████▉   | 18/26 [00:00<00:00, 86.72it/s, S=0.0153, loss=0.0081]
Epoch 9/150 [train]:  69%|██████▉   | 18/26 [00:00<00:00, 86.72it/s, S=0.0155, loss=0.0079]
Epoch 9/150 [train]:  69%|██████▉   | 18/26 [00:00<00:00, 86.72it/s, S=0.0153, loss=0.0083]
Epoch 9/150 [train]:  69%|██████▉   | 18/26 [00:00<00:00, 86.72it/s, S=0.0154, loss=0.0075]
                                                                                           
Epoch   9/150  train loss=0.0077  val loss=0.0145  S[mean]=0.0154  ζ=0.1621  mean_plane_ζ=0.1625  reg=0.0300  λscale=1.00  lr=1.22e-05

Epoch 10/150 [train]:   0%|          | 0/26 [00:00<?, ?it/s]
Epoch 10/150 [train]:   0%|          | 0/26 [00:00<?, ?it/s, S=0.0154, loss=0.0077]
Epoch 10/150 [train]:   0%|          | 0/26 [00:00<?, ?it/s, S=0.0153, loss=0.0081]
Epoch 10/150 [train]:   0%|          | 0/26 [00:00<?, ?it/s, S=0.0154, loss=0.0067]
Epoch 10/150 [train]:   0%|          | 0/26 [00:00<?, ?it/s, S=0.0153, loss=0.0070]
Epoch 10/150 [train]:   0%|          | 0/26 [00:00<?, ?it/s, S=0.0155, loss=0.0075]
Epoch 10/150 [train]:   0%|          | 0/26 [00:00<?, ?it/s, S=0.0154, loss=0.0074]
Epoch 10/150 [train]:   0%|          | 0/26 [00:00<?, ?it/s, S=0.0155, loss=0.0074]
Epoch 10/150 [train]:   0%|          | 0/26 [00:00<?, ?it/s, S=0.0153, loss=0.0075]
Epoch 10/150 [train]:   0%|          | 0/26 [00:00<?, ?it/s, S=0.0154, loss=0.0068]
Epoch 10/150 [train]:  35%|███▍      | 9/26 [00:00<00:00, 86.51it/s, S=0.0154, loss=0.0068]
Epoch 10/150 [train]:  35%|███▍      | 9/26 [00:00<00:00, 86.51it/s, S=0.0153, loss=0.0077]
Epoch 10/150 [train]:  35%|███▍      | 9/26 [00:00<00:00, 86.51it/s, S=0.0153, loss=0.0076]
Epoch 10/150 [train]:  35%|███▍      | 9/26 [00:00<00:00, 86.51it/s, S=0.0154, loss=0.0067]
Epoch 10/150 [train]:  35%|███▍      | 9/26 [00:00<00:00, 86.51it/s, S=0.0155, loss=0.0069]
Epoch 10/150 [train]:  35%|███▍      | 9/26 [00:00<00:00, 86.51it/s, S=0.0153, loss=0.0080]
Epoch 10/150 [train]:  35%|███▍      | 9/26 [00:00<00:00, 86.51it/s, S=0.0155, loss=0.0073]
Epoch 10/150 [train]:  35%|███▍      | 9/26 [00:00<00:00, 86.51it/s, S=0.0154, loss=0.0074]
Epoch 10/150 [train]:  35%|███▍      | 9/26 [00:00<00:00, 86.51it/s, S=0.0155, loss=0.0072]
Epoch 10/150 [train]:  35%|███▍      | 9/26 [00:00<00:00, 86.51it/s, S=0.0154, loss=0.0073]
Epoch 10/150 [train]:  69%|██████▉   | 18/26 [00:00<00:00, 86.78it/s, S=0.0154, loss=0.0073]
Epoch 10/150 [train]:  69%|██████▉   | 18/26 [00:00<00:00, 86.78it/s, S=0.0154, loss=0.0069]
Epoch 10/150 [train]:  69%|██████▉   | 18/26 [00:00<00:00, 86.78it/s, S=0.0155, loss=0.0072]
Epoch 10/150 [train]:  69%|██████▉   | 18/26 [00:00<00:00, 86.78it/s, S=0.0153, loss=0.0080]
Epoch 10/150 [train]:  69%|██████▉   | 18/26 [00:00<00:00, 86.78it/s, S=0.0155, loss=0.0068]
Epoch 10/150 [train]:  69%|██████▉   | 18/26 [00:00<00:00, 86.78it/s, S=0.0154, loss=0.0074]
Epoch 10/150 [train]:  69%|██████▉   | 18/26 [00:00<00:00, 86.78it/s, S=0.0153, loss=0.0075]
Epoch 10/150 [train]:  69%|██████▉   | 18/26 [00:00<00:00, 86.78it/s, S=0.0153, loss=0.0074]
Epoch 10/150 [train]:  69%|██████▉   | 18/26 [00:00<00:00, 86.78it/s, S=0.0152, loss=0.0078]
                                                                                            
Epoch  10/150  train loss=0.0074  val loss=0.0145  S[mean]=0.0154  ζ=0.1622  mean_plane_ζ=0.1625  reg=0.0299  λscale=1.00  lr=5.00e-04

Epoch 11/150 [train]:   0%|          | 0/26 [00:00<?, ?it/s]
Epoch 11/150 [train]:   0%|          | 0/26 [00:00<?, ?it/s, S=0.0153, loss=0.0076]
Epoch 11/150 [train]:   0%|          | 0/26 [00:00<?, ?it/s, S=0.0154, loss=0.0071]
Epoch 11/150 [train]:   0%|          | 0/26 [00:00<?, ?it/s, S=0.0153, loss=0.0085]
Epoch 11/150 [train]:   0%|          | 0/26 [00:00<?, ?it/s, S=0.0154, loss=0.0083]
Epoch 11/150 [train]:   0%|          | 0/26 [00:00<?, ?it/s, S=0.0155, loss=0.0089]
Epoch 11/150 [train]:   0%|          | 0/26 [00:00<?, ?it/s, S=0.0155, loss=0.0080]
Epoch 11/150 [train]:   0%|          | 0/26 [00:00<?, ?it/s, S=0.0154, loss=0.0085]
Epoch 11/150 [train]:   0%|          | 0/26 [00:00<?, ?it/s, S=0.0153, loss=0.0089]
Epoch 11/150 [train]:   0%|          | 0/26 [00:00<?, ?it/s, S=0.0154, loss=0.0085]
Epoch 11/150 [train]:  35%|███▍      | 9/26 [00:00<00:00, 86.37it/s, S=0.0154, loss=0.0085]
Epoch 11/150 [train]:  35%|███▍      | 9/26 [00:00<00:00, 86.37it/s, S=0.0154, loss=0.0095]
Epoch 11/150 [train]:  35%|███▍      | 9/26 [00:00<00:00, 86.37it/s, S=0.0153, loss=0.0095]
Epoch 11/150 [train]:  35%|███▍      | 9/26 [00:00<00:00, 86.37it/s, S=0.0155, loss=0.0090]
Epoch 11/150 [train]:  35%|███▍      | 9/26 [00:00<00:00, 86.37it/s, S=0.0154, loss=0.0101]
Epoch 11/150 [train]:  35%|███▍      | 9/26 [00:00<00:00, 86.37it/s, S=0.0154, loss=0.0088]
Epoch 11/150 [train]:  35%|███▍      | 9/26 [00:00<00:00, 86.37it/s, S=0.0154, loss=0.0097]
Epoch 11/150 [train]:  35%|███▍      | 9/26 [00:00<00:00, 86.37it/s, S=0.0153, loss=0.0101]
Epoch 11/150 [train]:  35%|███▍      | 9/26 [00:00<00:00, 86.37it/s, S=0.0154, loss=0.0096]
Epoch 11/150 [train]:  35%|███▍      | 9/26 [00:00<00:00, 86.37it/s, S=0.0154, loss=0.0094]
Epoch 11/150 [train]:  69%|██████▉   | 18/26 [00:00<00:00, 86.83it/s, S=0.0154, loss=0.0094]
Epoch 11/150 [train]:  69%|██████▉   | 18/26 [00:00<00:00, 86.83it/s, S=0.0153, loss=0.0105]
Epoch 11/150 [train]:  69%|██████▉   | 18/26 [00:00<00:00, 86.83it/s, S=0.0154, loss=0.0100]
Epoch 11/150 [train]:  69%|██████▉   | 18/26 [00:00<00:00, 86.83it/s, S=0.0154, loss=0.0100]
Epoch 11/150 [train]:  69%|██████▉   | 18/26 [00:00<00:00, 86.83it/s, S=0.0154, loss=0.0089]
Epoch 11/150 [train]:  69%|██████▉   | 18/26 [00:00<00:00, 86.83it/s, S=0.0153, loss=0.0105]
Epoch 11/150 [train]:  69%|██████▉   | 18/26 [00:00<00:00, 86.83it/s, S=0.0153, loss=0.0095]
Epoch 11/150 [train]:  69%|██████▉   | 18/26 [00:00<00:00, 86.83it/s, S=0.0153, loss=0.0098]
Epoch 11/150 [train]:  69%|██████▉   | 18/26 [00:00<00:00, 86.83it/s, S=0.0154, loss=0.0101]
                                                                                            
Epoch  11/150  train loss=0.0092  val loss=0.0168  S[mean]=0.0154  ζ=0.1643  mean_plane_ζ=0.1646  reg=0.0323  λscale=1.00  lr=4.97e-04

Epoch 12/150 [train]:   0%|          | 0/26 [00:00<?, ?it/s]
Epoch 12/150 [train]:   0%|          | 0/26 [00:00<?, ?it/s, S=0.0155, loss=0.0082]
Epoch 12/150 [train]:   0%|          | 0/26 [00:00<?, ?it/s, S=0.0153, loss=0.0093]
Epoch 12/150 [train]:   0%|          | 0/26 [00:00<?, ?it/s, S=0.0155, loss=0.0089]
Epoch 12/150 [train]:   0%|          | 0/26 [00:00<?, ?it/s, S=0.0154, loss=0.0093]
Epoch 12/150 [train]:   0%|          | 0/26 [00:00<?, ?it/s, S=0.0153, loss=0.0090]
Epoch 12/150 [train]:   0%|          | 0/26 [00:00<?, ?it/s, S=0.0154, loss=0.0091]
Epoch 12/150 [train]:   0%|          | 0/26 [00:00<?, ?it/s, S=0.0153, loss=0.0089]
Epoch 12/150 [train]:   0%|          | 0/26 [00:00<?, ?it/s, S=0.0153, loss=0.0091]
Epoch 12/150 [train]:   0%|          | 0/26 [00:00<?, ?it/s, S=0.0154, loss=0.0094]
Epoch 12/150 [train]:  35%|███▍      | 9/26 [00:00<00:00, 86.40it/s, S=0.0154, loss=0.0094]
Epoch 12/150 [train]:  35%|███▍      | 9/26 [00:00<00:00, 86.40it/s, S=0.0153, loss=0.0094]
Epoch 12/150 [train]:  35%|███▍      | 9/26 [00:00<00:00, 86.40it/s, S=0.0154, loss=0.0095]
Epoch 12/150 [train]:  35%|███▍      | 9/26 [00:00<00:00, 86.40it/s, S=0.0154, loss=0.0103]
Epoch 12/150 [train]:  35%|███▍      | 9/26 [00:00<00:00, 86.40it/s, S=0.0154, loss=0.0096]
Epoch 12/150 [train]:  35%|███▍      | 9/26 [00:00<00:00, 86.40it/s, S=0.0154, loss=0.0091]
Epoch 12/150 [train]:  35%|███▍      | 9/26 [00:00<00:00, 86.40it/s, S=0.0154, loss=0.0088]
Epoch 12/150 [train]:  35%|███▍      | 9/26 [00:00<00:00, 86.40it/s, S=0.0154, loss=0.0092]
Epoch 12/150 [train]:  35%|███▍      | 9/26 [00:00<00:00, 86.40it/s, S=0.0154, loss=0.0094]
Epoch 12/150 [train]:  35%|███▍      | 9/26 [00:00<00:00, 86.40it/s, S=0.0154, loss=0.0097]
Epoch 12/150 [train]:  69%|██████▉   | 18/26 [00:00<00:00, 86.77it/s, S=0.0154, loss=0.0097]
Epoch 12/150 [train]:  69%|██████▉   | 18/26 [00:00<00:00, 86.77it/s, S=0.0156, loss=0.0094]
Epoch 12/150 [train]:  69%|██████▉   | 18/26 [00:00<00:00, 86.77it/s, S=0.0153, loss=0.0091]
Epoch 12/150 [train]:  69%|██████▉   | 18/26 [00:00<00:00, 86.77it/s, S=0.0154, loss=0.0096]
Epoch 12/150 [train]:  69%|██████▉   | 18/26 [00:00<00:00, 86.77it/s, S=0.0154, loss=0.0089]
Epoch 12/150 [train]:  69%|██████▉   | 18/26 [00:00<00:00, 86.77it/s, S=0.0154, loss=0.0089]
Epoch 12/150 [train]:  69%|██████▉   | 18/26 [00:00<00:00, 86.77it/s, S=0.0154, loss=0.0089]
Epoch 12/150 [train]:  69%|██████▉   | 18/26 [00:00<00:00, 86.77it/s, S=0.0154, loss=0.0095]
Epoch 12/150 [train]:  69%|██████▉   | 18/26 [00:00<00:00, 86.77it/s, S=0.0154, loss=0.0093]
                                                                                            
Epoch  12/150  train loss=0.0092  val loss=0.0164  S[mean]=0.0155  ζ=0.1660  mean_plane_ζ=0.1663  reg=0.0318  λscale=1.00  lr=4.88e-04

Epoch 13/150 [train]:   0%|          | 0/26 [00:00<?, ?it/s]
Epoch 13/150 [train]:   0%|          | 0/26 [00:00<?, ?it/s, S=0.0154, loss=0.0081]
Epoch 13/150 [train]:   0%|          | 0/26 [00:00<?, ?it/s, S=0.0154, loss=0.0084]
Epoch 13/150 [train]:   0%|          | 0/26 [00:00<?, ?it/s, S=0.0155, loss=0.0083]
Epoch 13/150 [train]:   0%|          | 0/26 [00:00<?, ?it/s, S=0.0154, loss=0.0081]
Epoch 13/150 [train]:   0%|          | 0/26 [00:00<?, ?it/s, S=0.0152, loss=0.0085]
Epoch 13/150 [train]:   0%|          | 0/26 [00:00<?, ?it/s, S=0.0154, loss=0.0090]
Epoch 13/150 [train]:   0%|          | 0/26 [00:00<?, ?it/s, S=0.0153, loss=0.0089]
Epoch 13/150 [train]:   0%|          | 0/26 [00:00<?, ?it/s, S=0.0155, loss=0.0082]
Epoch 13/150 [train]:   0%|          | 0/26 [00:00<?, ?it/s, S=0.0155, loss=0.0083]
Epoch 13/150 [train]:  35%|███▍      | 9/26 [00:00<00:00, 86.44it/s, S=0.0155, loss=0.0083]
Epoch 13/150 [train]:  35%|███▍      | 9/26 [00:00<00:00, 86.44it/s, S=0.0154, loss=0.0083]
Epoch 13/150 [train]:  35%|███▍      | 9/26 [00:00<00:00, 86.44it/s, S=0.0154, loss=0.0081]
Epoch 13/150 [train]:  35%|███▍      | 9/26 [00:00<00:00, 86.44it/s, S=0.0154, loss=0.0093]
Epoch 13/150 [train]:  35%|███▍      | 9/26 [00:00<00:00, 86.44it/s, S=0.0155, loss=0.0085]
Epoch 13/150 [train]:  35%|███▍      | 9/26 [00:00<00:00, 86.44it/s, S=0.0153, loss=0.0094]
Epoch 13/150 [train]:  35%|███▍      | 9/26 [00:00<00:00, 86.44it/s, S=0.0154, loss=0.0077]
Epoch 13/150 [train]:  35%|███▍      | 9/26 [00:00<00:00, 86.44it/s, S=0.0155, loss=0.0094]
Epoch 13/150 [train]:  35%|███▍      | 9/26 [00:00<00:00, 86.44it/s, S=0.0155, loss=0.0085]
Epoch 13/150 [train]:  35%|███▍      | 9/26 [00:00<00:00, 86.44it/s, S=0.0154, loss=0.0086]
Epoch 13/150 [train]:  69%|██████▉   | 18/26 [00:00<00:00, 86.48it/s, S=0.0154, loss=0.0086]
Epoch 13/150 [train]:  69%|██████▉   | 18/26 [00:00<00:00, 86.48it/s, S=0.0154, loss=0.0088]
Epoch 13/150 [train]:  69%|██████▉   | 18/26 [00:00<00:00, 86.48it/s, S=0.0154, loss=0.0083]
Epoch 13/150 [train]:  69%|██████▉   | 18/26 [00:00<00:00, 86.48it/s, S=0.0154, loss=0.0090]
Epoch 13/150 [train]:  69%|██████▉   | 18/26 [00:00<00:00, 86.48it/s, S=0.0155, loss=0.0084]
Epoch 13/150 [train]:  69%|██████▉   | 18/26 [00:00<00:00, 86.48it/s, S=0.0153, loss=0.0082]
Epoch 13/150 [train]:  69%|██████▉   | 18/26 [00:00<00:00, 86.48it/s, S=0.0154, loss=0.0089]
Epoch 13/150 [train]:  69%|██████▉   | 18/26 [00:00<00:00, 86.48it/s, S=0.0154, loss=0.0087]
Epoch 13/150 [train]:  69%|██████▉   | 18/26 [00:00<00:00, 86.48it/s, S=0.0154, loss=0.0094]
                                                                                            
Epoch  13/150  train loss=0.0086  val loss=0.0162  S[mean]=0.0155  ζ=0.1676  mean_plane_ζ=0.1679  reg=0.0316  λscale=1.00  lr=4.73e-04

Epoch 14/150 [train]:   0%|          | 0/26 [00:00<?, ?it/s]
Epoch 14/150 [train]:   0%|          | 0/26 [00:00<?, ?it/s, S=0.0155, loss=0.0076]
Epoch 14/150 [train]:   0%|          | 0/26 [00:00<?, ?it/s, S=0.0154, loss=0.0083]
Epoch 14/150 [train]:   0%|          | 0/26 [00:00<?, ?it/s, S=0.0155, loss=0.0078]
Epoch 14/150 [train]:   0%|          | 0/26 [00:00<?, ?it/s, S=0.0153, loss=0.0074]
Epoch 14/150 [train]:   0%|          | 0/26 [00:00<?, ?it/s, S=0.0153, loss=0.0083]
Epoch 14/150 [train]:   0%|          | 0/26 [00:00<?, ?it/s, S=0.0154, loss=0.0085]
Epoch 14/150 [train]:   0%|          | 0/26 [00:00<?, ?it/s, S=0.0154, loss=0.0085]
Epoch 14/150 [train]:   0%|          | 0/26 [00:00<?, ?it/s, S=0.0154, loss=0.0090]
Epoch 14/150 [train]:   0%|          | 0/26 [00:00<?, ?it/s, S=0.0154, loss=0.0085]
Epoch 14/150 [train]:  35%|███▍      | 9/26 [00:00<00:00, 86.54it/s, S=0.0154, loss=0.0085]
Epoch 14/150 [train]:  35%|███▍      | 9/26 [00:00<00:00, 86.54it/s, S=0.0154, loss=0.0086]
Epoch 14/150 [train]:  35%|███▍      | 9/26 [00:00<00:00, 86.54it/s, S=0.0153, loss=0.0088]
Epoch 14/150 [train]:  35%|███▍      | 9/26 [00:00<00:00, 86.54it/s, S=0.0155, loss=0.0088]
Epoch 14/150 [train]:  35%|███▍      | 9/26 [00:00<00:00, 86.54it/s, S=0.0155, loss=0.0082]
Epoch 14/150 [train]:  35%|███▍      | 9/26 [00:00<00:00, 86.54it/s, S=0.0154, loss=0.0076]
Epoch 14/150 [train]:  35%|███▍      | 9/26 [00:00<00:00, 86.54it/s, S=0.0155, loss=0.0079]
Epoch 14/150 [train]:  35%|███▍      | 9/26 [00:00<00:00, 86.54it/s, S=0.0154, loss=0.0079]
Epoch 14/150 [train]:  35%|███▍      | 9/26 [00:00<00:00, 86.54it/s, S=0.0154, loss=0.0079]
Epoch 14/150 [train]:  35%|███▍      | 9/26 [00:00<00:00, 86.54it/s, S=0.0153, loss=0.0077]
Epoch 14/150 [train]:  69%|██████▉   | 18/26 [00:00<00:00, 86.87it/s, S=0.0153, loss=0.0077]
Epoch 14/150 [train]:  69%|██████▉   | 18/26 [00:00<00:00, 86.87it/s, S=0.0153, loss=0.0080]
Epoch 14/150 [train]:  69%|██████▉   | 18/26 [00:00<00:00, 86.87it/s, S=0.0155, loss=0.0084]
Epoch 14/150 [train]:  69%|██████▉   | 18/26 [00:00<00:00, 86.87it/s, S=0.0154, loss=0.0077]
Epoch 14/150 [train]:  69%|██████▉   | 18/26 [00:00<00:00, 86.87it/s, S=0.0154, loss=0.0076]
Epoch 14/150 [train]:  69%|██████▉   | 18/26 [00:00<00:00, 86.87it/s, S=0.0155, loss=0.0079]
Epoch 14/150 [train]:  69%|██████▉   | 18/26 [00:00<00:00, 86.87it/s, S=0.0155, loss=0.0077]
Epoch 14/150 [train]:  69%|██████▉   | 18/26 [00:00<00:00, 86.87it/s, S=0.0154, loss=0.0087]
Epoch 14/150 [train]:  69%|██████▉   | 18/26 [00:00<00:00, 86.87it/s, S=0.0154, loss=0.0089]
                                                                                            
Epoch  14/150  train loss=0.0082  val loss=0.0160  S[mean]=0.0155  ζ=0.1685  mean_plane_ζ=0.1688  reg=0.0314  λscale=1.00  lr=4.52e-04

Epoch 15/150 [train]:   0%|          | 0/26 [00:00<?, ?it/s]
Epoch 15/150 [train]:   0%|          | 0/26 [00:00<?, ?it/s, S=0.0154, loss=0.0069]
Epoch 15/150 [train]:   0%|          | 0/26 [00:00<?, ?it/s, S=0.0154, loss=0.0073]
Epoch 15/150 [train]:   0%|          | 0/26 [00:00<?, ?it/s, S=0.0154, loss=0.0068]
Epoch 15/150 [train]:   0%|          | 0/26 [00:00<?, ?it/s, S=0.0154, loss=0.0079]
Epoch 15/150 [train]:   0%|          | 0/26 [00:00<?, ?it/s, S=0.0154, loss=0.0072]
Epoch 15/150 [train]:   0%|          | 0/26 [00:00<?, ?it/s, S=0.0154, loss=0.0077]
Epoch 15/150 [train]:   0%|          | 0/26 [00:00<?, ?it/s, S=0.0154, loss=0.0081]
Epoch 15/150 [train]:   0%|          | 0/26 [00:00<?, ?it/s, S=0.0154, loss=0.0077]
Epoch 15/150 [train]:   0%|          | 0/26 [00:00<?, ?it/s, S=0.0153, loss=0.0078]
Epoch 15/150 [train]:  35%|███▍      | 9/26 [00:00<00:00, 86.31it/s, S=0.0153, loss=0.0078]
Epoch 15/150 [train]:  35%|███▍      | 9/26 [00:00<00:00, 86.31it/s, S=0.0154, loss=0.0082]
Epoch 15/150 [train]:  35%|███▍      | 9/26 [00:00<00:00, 86.31it/s, S=0.0153, loss=0.0085]
Epoch 15/150 [train]:  35%|███▍      | 9/26 [00:00<00:00, 86.31it/s, S=0.0153, loss=0.0077]
Epoch 15/150 [train]:  35%|███▍      | 9/26 [00:00<00:00, 86.31it/s, S=0.0155, loss=0.0079]
Epoch 15/150 [train]:  35%|███▍      | 9/26 [00:00<00:00, 86.31it/s, S=0.0154, loss=0.0072]
Epoch 15/150 [train]:  35%|███▍      | 9/26 [00:00<00:00, 86.31it/s, S=0.0154, loss=0.0074]
Epoch 15/150 [train]:  35%|███▍      | 9/26 [00:00<00:00, 86.31it/s, S=0.0154, loss=0.0075]
Epoch 15/150 [train]:  35%|███▍      | 9/26 [00:00<00:00, 86.31it/s, S=0.0154, loss=0.0079]
Epoch 15/150 [train]:  35%|███▍      | 9/26 [00:00<00:00, 86.31it/s, S=0.0153, loss=0.0079]
Epoch 15/150 [train]:  69%|██████▉   | 18/26 [00:00<00:00, 86.58it/s, S=0.0153, loss=0.0079]
Epoch 15/150 [train]:  69%|██████▉   | 18/26 [00:00<00:00, 86.58it/s, S=0.0154, loss=0.0072]
Epoch 15/150 [train]:  69%|██████▉   | 18/26 [00:00<00:00, 86.58it/s, S=0.0155, loss=0.0077]
Epoch 15/150 [train]:  69%|██████▉   | 18/26 [00:00<00:00, 86.58it/s, S=0.0155, loss=0.0075]
Epoch 15/150 [train]:  69%|██████▉   | 18/26 [00:00<00:00, 86.58it/s, S=0.0154, loss=0.0078]
Epoch 15/150 [train]:  69%|██████▉   | 18/26 [00:00<00:00, 86.58it/s, S=0.0155, loss=0.0082]
Epoch 15/150 [train]:  69%|██████▉   | 18/26 [00:00<00:00, 86.58it/s, S=0.0155, loss=0.0082]
Epoch 15/150 [train]:  69%|██████▉   | 18/26 [00:00<00:00, 86.58it/s, S=0.0154, loss=0.0076]
Epoch 15/150 [train]:  69%|██████▉   | 18/26 [00:00<00:00, 86.58it/s, S=0.0155, loss=0.0073]
                                                                                            
Epoch  15/150  train loss=0.0077  val loss=0.0159  S[mean]=0.0155  ζ=0.1696  mean_plane_ζ=0.1699  reg=0.0314  λscale=1.00  lr=4.27e-04

Epoch 16/150 [train]:   0%|          | 0/26 [00:00<?, ?it/s]
Epoch 16/150 [train]:   0%|          | 0/26 [00:00<?, ?it/s, S=0.0154, loss=0.0073]
Epoch 16/150 [train]:   0%|          | 0/26 [00:00<?, ?it/s, S=0.0155, loss=0.0067]
Epoch 16/150 [train]:   0%|          | 0/26 [00:00<?, ?it/s, S=0.0154, loss=0.0073]
Epoch 16/150 [train]:   0%|          | 0/26 [00:00<?, ?it/s, S=0.0155, loss=0.0076]
Epoch 16/150 [train]:   0%|          | 0/26 [00:00<?, ?it/s, S=0.0153, loss=0.0069]
Epoch 16/150 [train]:   0%|          | 0/26 [00:00<?, ?it/s, S=0.0154, loss=0.0070]
Epoch 16/150 [train]:   0%|          | 0/26 [00:00<?, ?it/s, S=0.0154, loss=0.0077]
Epoch 16/150 [train]:   0%|          | 0/26 [00:00<?, ?it/s, S=0.0153, loss=0.0077]
Epoch 16/150 [train]:   0%|          | 0/26 [00:00<?, ?it/s, S=0.0154, loss=0.0073]
Epoch 16/150 [train]:  35%|███▍      | 9/26 [00:00<00:00, 86.30it/s, S=0.0154, loss=0.0073]
Epoch 16/150 [train]:  35%|███▍      | 9/26 [00:00<00:00, 86.30it/s, S=0.0155, loss=0.0068]
Epoch 16/150 [train]:  35%|███▍      | 9/26 [00:00<00:00, 86.30it/s, S=0.0155, loss=0.0073]
Epoch 16/150 [train]:  35%|███▍      | 9/26 [00:00<00:00, 86.30it/s, S=0.0154, loss=0.0071]
Epoch 16/150 [train]:  35%|███▍      | 9/26 [00:00<00:00, 86.30it/s, S=0.0154, loss=0.0077]
Epoch 16/150 [train]:  35%|███▍      | 9/26 [00:00<00:00, 86.30it/s, S=0.0154, loss=0.0072]
Epoch 16/150 [train]:  35%|███▍      | 9/26 [00:00<00:00, 86.30it/s, S=0.0154, loss=0.0078]
Epoch 16/150 [train]:  35%|███▍      | 9/26 [00:00<00:00, 86.30it/s, S=0.0155, loss=0.0075]
Epoch 16/150 [train]:  35%|███▍      | 9/26 [00:00<00:00, 86.30it/s, S=0.0154, loss=0.0067]
Epoch 16/150 [train]:  35%|███▍      | 9/26 [00:00<00:00, 86.30it/s, S=0.0155, loss=0.0075]
Epoch 16/150 [train]:  69%|██████▉   | 18/26 [00:00<00:00, 86.58it/s, S=0.0155, loss=0.0075]
Epoch 16/150 [train]:  69%|██████▉   | 18/26 [00:00<00:00, 86.58it/s, S=0.0155, loss=0.0074]
Epoch 16/150 [train]:  69%|██████▉   | 18/26 [00:00<00:00, 86.58it/s, S=0.0156, loss=0.0078]
Epoch 16/150 [train]:  69%|██████▉   | 18/26 [00:00<00:00, 86.58it/s, S=0.0155, loss=0.0070]
Epoch 16/150 [train]:  69%|██████▉   | 18/26 [00:00<00:00, 86.58it/s, S=0.0153, loss=0.0075]
Epoch 16/150 [train]:  69%|██████▉   | 18/26 [00:00<00:00, 86.58it/s, S=0.0154, loss=0.0075]
Epoch 16/150 [train]:  69%|██████▉   | 18/26 [00:00<00:00, 86.58it/s, S=0.0155, loss=0.0074]
Epoch 16/150 [train]:  69%|██████▉   | 18/26 [00:00<00:00, 86.58it/s, S=0.0155, loss=0.0073]
Epoch 16/150 [train]:  69%|██████▉   | 18/26 [00:00<00:00, 86.58it/s, S=0.0155, loss=0.0076]
                                                                                            
Epoch  16/150  train loss=0.0073  val loss=0.0158  S[mean]=0.0156  ζ=0.1707  mean_plane_ζ=0.1709  reg=0.0314  λscale=1.00  lr=3.97e-04

Epoch 17/150 [train]:   0%|          | 0/26 [00:00<?, ?it/s]
Epoch 17/150 [train]:   0%|          | 0/26 [00:00<?, ?it/s, S=0.0155, loss=0.0056]
Epoch 17/150 [train]:   0%|          | 0/26 [00:00<?, ?it/s, S=0.0153, loss=0.0073]
Epoch 17/150 [train]:   0%|          | 0/26 [00:00<?, ?it/s, S=0.0153, loss=0.0063]
Epoch 17/150 [train]:   0%|          | 0/26 [00:00<?, ?it/s, S=0.0155, loss=0.0064]
Epoch 17/150 [train]:   0%|          | 0/26 [00:00<?, ?it/s, S=0.0155, loss=0.0066]
Epoch 17/150 [train]:   0%|          | 0/26 [00:00<?, ?it/s, S=0.0154, loss=0.0069]
Epoch 17/150 [train]:   0%|          | 0/26 [00:00<?, ?it/s, S=0.0154, loss=0.0075]
Epoch 17/150 [train]:   0%|          | 0/26 [00:00<?, ?it/s, S=0.0154, loss=0.0074]
Epoch 17/150 [train]:   0%|          | 0/26 [00:00<?, ?it/s, S=0.0155, loss=0.0071]
Epoch 17/150 [train]:  35%|███▍      | 9/26 [00:00<00:00, 86.29it/s, S=0.0155, loss=0.0071]
Epoch 17/150 [train]:  35%|███▍      | 9/26 [00:00<00:00, 86.29it/s, S=0.0154, loss=0.0070]
Epoch 17/150 [train]:  35%|███▍      | 9/26 [00:00<00:00, 86.29it/s, S=0.0156, loss=0.0071]
Epoch 17/150 [train]:  35%|███▍      | 9/26 [00:00<00:00, 86.29it/s, S=0.0155, loss=0.0057]
Epoch 17/150 [train]:  35%|███▍      | 9/26 [00:00<00:00, 86.29it/s, S=0.0155, loss=0.0066]
Epoch 17/150 [train]:  35%|███▍      | 9/26 [00:00<00:00, 86.29it/s, S=0.0155, loss=0.0066]
Epoch 17/150 [train]:  35%|███▍      | 9/26 [00:00<00:00, 86.29it/s, S=0.0155, loss=0.0069]
Epoch 17/150 [train]:  35%|███▍      | 9/26 [00:00<00:00, 86.29it/s, S=0.0156, loss=0.0076]
Epoch 17/150 [train]:  35%|███▍      | 9/26 [00:00<00:00, 86.29it/s, S=0.0155, loss=0.0067]
Epoch 17/150 [train]:  35%|███▍      | 9/26 [00:00<00:00, 86.29it/s, S=0.0155, loss=0.0069]
Epoch 17/150 [train]:  69%|██████▉   | 18/26 [00:00<00:00, 86.61it/s, S=0.0155, loss=0.0069]
Epoch 17/150 [train]:  69%|██████▉   | 18/26 [00:00<00:00, 86.61it/s, S=0.0155, loss=0.0067]
Epoch 17/150 [train]:  69%|██████▉   | 18/26 [00:00<00:00, 86.61it/s, S=0.0154, loss=0.0073]
Epoch 17/150 [train]:  69%|██████▉   | 18/26 [00:00<00:00, 86.61it/s, S=0.0156, loss=0.0075]
Epoch 17/150 [train]:  69%|██████▉   | 18/26 [00:00<00:00, 86.61it/s, S=0.0155, loss=0.0068]
Epoch 17/150 [train]:  69%|██████▉   | 18/26 [00:00<00:00, 86.61it/s, S=0.0154, loss=0.0071]
Epoch 17/150 [train]:  69%|██████▉   | 18/26 [00:00<00:00, 86.61it/s, S=0.0156, loss=0.0077]
Epoch 17/150 [train]:  69%|██████▉   | 18/26 [00:00<00:00, 86.61it/s, S=0.0154, loss=0.0073]
Epoch 17/150 [train]:  69%|██████▉   | 18/26 [00:00<00:00, 86.61it/s, S=0.0155, loss=0.0073]
                                                                                            
Epoch  17/150  train loss=0.0069  val loss=0.0162  S[mean]=0.0156  ζ=0.1716  mean_plane_ζ=0.1718  reg=0.0319  λscale=1.00  lr=3.63e-04

Epoch 18/150 [train]:   0%|          | 0/26 [00:00<?, ?it/s]
Epoch 18/150 [train]:   0%|          | 0/26 [00:00<?, ?it/s, S=0.0154, loss=0.0061]
Epoch 18/150 [train]:   0%|          | 0/26 [00:00<?, ?it/s, S=0.0155, loss=0.0066]
Epoch 18/150 [train]:   0%|          | 0/26 [00:00<?, ?it/s, S=0.0157, loss=0.0054]
Epoch 18/150 [train]:   0%|          | 0/26 [00:00<?, ?it/s, S=0.0154, loss=0.0066]
Epoch 18/150 [train]:   0%|          | 0/26 [00:00<?, ?it/s, S=0.0156, loss=0.0058]
Epoch 18/150 [train]:   0%|          | 0/26 [00:00<?, ?it/s, S=0.0156, loss=0.0064]
Epoch 18/150 [train]:   0%|          | 0/26 [00:00<?, ?it/s, S=0.0155, loss=0.0062]
Epoch 18/150 [train]:   0%|          | 0/26 [00:00<?, ?it/s, S=0.0155, loss=0.0068]
Epoch 18/150 [train]:   0%|          | 0/26 [00:00<?, ?it/s, S=0.0154, loss=0.0069]
Epoch 18/150 [train]:  35%|███▍      | 9/26 [00:00<00:00, 86.04it/s, S=0.0154, loss=0.0069]
Epoch 18/150 [train]:  35%|███▍      | 9/26 [00:00<00:00, 86.04it/s, S=0.0154, loss=0.0069]
Epoch 18/150 [train]:  35%|███▍      | 9/26 [00:00<00:00, 86.04it/s, S=0.0156, loss=0.0068]
Epoch 18/150 [train]:  35%|███▍      | 9/26 [00:00<00:00, 86.04it/s, S=0.0157, loss=0.0068]
Epoch 18/150 [train]:  35%|███▍      | 9/26 [00:00<00:00, 86.04it/s, S=0.0157, loss=0.0058]
Epoch 18/150 [train]:  35%|███▍      | 9/26 [00:00<00:00, 86.04it/s, S=0.0156, loss=0.0060]
Epoch 18/150 [train]:  35%|███▍      | 9/26 [00:00<00:00, 86.04it/s, S=0.0156, loss=0.0060]
Epoch 18/150 [train]:  35%|███▍      | 9/26 [00:00<00:00, 86.04it/s, S=0.0156, loss=0.0062]
Epoch 18/150 [train]:  35%|███▍      | 9/26 [00:00<00:00, 86.04it/s, S=0.0155, loss=0.0078]
Epoch 18/150 [train]:  35%|███▍      | 9/26 [00:00<00:00, 86.04it/s, S=0.0156, loss=0.0076]
Epoch 18/150 [train]:  69%|██████▉   | 18/26 [00:00<00:00, 86.52it/s, S=0.0156, loss=0.0076]
Epoch 18/150 [train]:  69%|██████▉   | 18/26 [00:00<00:00, 86.52it/s, S=0.0155, loss=0.0066]
Epoch 18/150 [train]:  69%|██████▉   | 18/26 [00:00<00:00, 86.52it/s, S=0.0155, loss=0.0061]
Epoch 18/150 [train]:  69%|██████▉   | 18/26 [00:00<00:00, 86.52it/s, S=0.0157, loss=0.0069]
Epoch 18/150 [train]:  69%|██████▉   | 18/26 [00:00<00:00, 86.52it/s, S=0.0156, loss=0.0071]
Epoch 18/150 [train]:  69%|██████▉   | 18/26 [00:00<00:00, 86.52it/s, S=0.0157, loss=0.0070]
Epoch 18/150 [train]:  69%|██████▉   | 18/26 [00:00<00:00, 86.52it/s, S=0.0156, loss=0.0062]
Epoch 18/150 [train]:  69%|██████▉   | 18/26 [00:00<00:00, 86.52it/s, S=0.0156, loss=0.0066]
Epoch 18/150 [train]:  69%|██████▉   | 18/26 [00:00<00:00, 86.52it/s, S=0.0155, loss=0.0067]
                                                                                            
Epoch  18/150  train loss=0.0065  val loss=0.0158  S[mean]=0.0158  ζ=0.1735  mean_plane_ζ=0.1731  reg=0.0316  λscale=1.00  lr=3.27e-04

Epoch 19/150 [train]:   0%|          | 0/26 [00:00<?, ?it/s]
Epoch 19/150 [train]:   0%|          | 0/26 [00:00<?, ?it/s, S=0.0156, loss=0.0062]
Epoch 19/150 [train]:   0%|          | 0/26 [00:00<?, ?it/s, S=0.0155, loss=0.0052]
Epoch 19/150 [train]:   0%|          | 0/26 [00:00<?, ?it/s, S=0.0155, loss=0.0059]
Epoch 19/150 [train]:   0%|          | 0/26 [00:00<?, ?it/s, S=0.0158, loss=0.0049]
Epoch 19/150 [train]:   0%|          | 0/26 [00:00<?, ?it/s, S=0.0156, loss=0.0057]
Epoch 19/150 [train]:   0%|          | 0/26 [00:00<?, ?it/s, S=0.0157, loss=0.0057]
Epoch 19/150 [train]:   0%|          | 0/26 [00:00<?, ?it/s, S=0.0156, loss=0.0070]
Epoch 19/150 [train]:   0%|          | 0/26 [00:00<?, ?it/s, S=0.0158, loss=0.0058]
Epoch 19/150 [train]:   0%|          | 0/26 [00:00<?, ?it/s, S=0.0158, loss=0.0057]
Epoch 19/150 [train]:  35%|███▍      | 9/26 [00:00<00:00, 86.62it/s, S=0.0158, loss=0.0057]
Epoch 19/150 [train]:  35%|███▍      | 9/26 [00:00<00:00, 86.62it/s, S=0.0157, loss=0.0062]
Epoch 19/150 [train]:  35%|███▍      | 9/26 [00:00<00:00, 86.62it/s, S=0.0158, loss=0.0057]
Epoch 19/150 [train]:  35%|███▍      | 9/26 [00:00<00:00, 86.62it/s, S=0.0158, loss=0.0063]
Epoch 19/150 [train]:  35%|███▍      | 9/26 [00:00<00:00, 86.62it/s, S=0.0159, loss=0.0058]
Epoch 19/150 [train]:  35%|███▍      | 9/26 [00:00<00:00, 86.62it/s, S=0.0157, loss=0.0065]
Epoch 19/150 [train]:  35%|███▍      | 9/26 [00:00<00:00, 86.62it/s, S=0.0158, loss=0.0068]
Epoch 19/150 [train]:  35%|███▍      | 9/26 [00:00<00:00, 86.62it/s, S=0.0159, loss=0.0063]
Epoch 19/150 [train]:  35%|███▍      | 9/26 [00:00<00:00, 86.62it/s, S=0.0160, loss=0.0063]
Epoch 19/150 [train]:  35%|███▍      | 9/26 [00:00<00:00, 86.62it/s, S=0.0160, loss=0.0059]
Epoch 19/150 [train]:  69%|██████▉   | 18/26 [00:00<00:00, 86.82it/s, S=0.0160, loss=0.0059]
Epoch 19/150 [train]:  69%|██████▉   | 18/26 [00:00<00:00, 86.82it/s, S=0.0159, loss=0.0057]
Epoch 19/150 [train]:  69%|██████▉   | 18/26 [00:00<00:00, 86.82it/s, S=0.0159, loss=0.0057]
Epoch 19/150 [train]:  69%|██████▉   | 18/26 [00:00<00:00, 86.82it/s, S=0.0159, loss=0.0061]
Epoch 19/150 [train]:  69%|██████▉   | 18/26 [00:00<00:00, 86.82it/s, S=0.0160, loss=0.0053]
Epoch 19/150 [train]:  69%|██████▉   | 18/26 [00:00<00:00, 86.82it/s, S=0.0159, loss=0.0056]
Epoch 19/150 [train]:  69%|██████▉   | 18/26 [00:00<00:00, 86.82it/s, S=0.0162, loss=0.0053]
Epoch 19/150 [train]:  69%|██████▉   | 18/26 [00:00<00:00, 86.82it/s, S=0.0162, loss=0.0055]
Epoch 19/150 [train]:  69%|██████▉   | 18/26 [00:00<00:00, 86.82it/s, S=0.0158, loss=0.0065]
                                                                                            
Epoch  19/150  train loss=0.0059  val loss=0.0149  S[mean]=0.0168  ζ=0.1798  mean_plane_ζ=0.1752  reg=0.0317  λscale=1.00  lr=2.89e-04

Epoch 20/150 [train]:   0%|          | 0/26 [00:00<?, ?it/s]
Epoch 20/150 [train]:   0%|          | 0/26 [00:00<?, ?it/s, S=0.0164, loss=0.0043]
Epoch 20/150 [train]:   0%|          | 0/26 [00:00<?, ?it/s, S=0.0161, loss=0.0049]
Epoch 20/150 [train]:   0%|          | 0/26 [00:00<?, ?it/s, S=0.0163, loss=0.0051]
Epoch 20/150 [train]:   0%|          | 0/26 [00:00<?, ?it/s, S=0.0165, loss=0.0046]
Epoch 20/150 [train]:   0%|          | 0/26 [00:00<?, ?it/s, S=0.0163, loss=0.0044]
Epoch 20/150 [train]:   0%|          | 0/26 [00:00<?, ?it/s, S=0.0167, loss=0.0045]
Epoch 20/150 [train]:   0%|          | 0/26 [00:00<?, ?it/s, S=0.0163, loss=0.0050]
Epoch 20/150 [train]:   0%|          | 0/26 [00:00<?, ?it/s, S=0.0164, loss=0.0053]
Epoch 20/150 [train]:   0%|          | 0/26 [00:00<?, ?it/s, S=0.0166, loss=0.0050]
Epoch 20/150 [train]:  35%|███▍      | 9/26 [00:00<00:00, 86.45it/s, S=0.0166, loss=0.0050]
Epoch 20/150 [train]:  35%|███▍      | 9/26 [00:00<00:00, 86.45it/s, S=0.0167, loss=0.0052]
Epoch 20/150 [train]:  35%|███▍      | 9/26 [00:00<00:00, 86.45it/s, S=0.0168, loss=0.0052]
Epoch 20/150 [train]:  35%|███▍      | 9/26 [00:00<00:00, 86.45it/s, S=0.0171, loss=0.0047]
Epoch 20/150 [train]:  35%|███▍      | 9/26 [00:00<00:00, 86.45it/s, S=0.0170, loss=0.0050]
Epoch 20/150 [train]:  35%|███▍      | 9/26 [00:00<00:00, 86.45it/s, S=0.0170, loss=0.0046]
Epoch 20/150 [train]:  35%|███▍      | 9/26 [00:00<00:00, 86.45it/s, S=0.0172, loss=0.0042]
Epoch 20/150 [train]:  35%|███▍      | 9/26 [00:00<00:00, 86.45it/s, S=0.0171, loss=0.0044]
Epoch 20/150 [train]:  35%|███▍      | 9/26 [00:00<00:00, 86.45it/s, S=0.0177, loss=0.0036]
Epoch 20/150 [train]:  35%|███▍      | 9/26 [00:00<00:00, 86.45it/s, S=0.0175, loss=0.0043]
Epoch 20/150 [train]:  69%|██████▉   | 18/26 [00:00<00:00, 86.67it/s, S=0.0175, loss=0.0043]
Epoch 20/150 [train]:  69%|██████▉   | 18/26 [00:00<00:00, 86.67it/s, S=0.0178, loss=0.0043]
Epoch 20/150 [train]:  69%|██████▉   | 18/26 [00:00<00:00, 86.67it/s, S=0.0173, loss=0.0044]
Epoch 20/150 [train]:  69%|██████▉   | 18/26 [00:00<00:00, 86.67it/s, S=0.0177, loss=0.0049]
Epoch 20/150 [train]:  69%|██████▉   | 18/26 [00:00<00:00, 86.67it/s, S=0.0179, loss=0.0035]
Epoch 20/150 [train]:  69%|██████▉   | 18/26 [00:00<00:00, 86.67it/s, S=0.0180, loss=0.0035]
Epoch 20/150 [train]:  69%|██████▉   | 18/26 [00:00<00:00, 86.67it/s, S=0.0179, loss=0.0033]
Epoch 20/150 [train]:  69%|██████▉   | 18/26 [00:00<00:00, 86.67it/s, S=0.0187, loss=0.0023]
Epoch 20/150 [train]:  69%|██████▉   | 18/26 [00:00<00:00, 86.67it/s, S=0.0188, loss=0.0028]
                                                                                            
Epoch  20/150  train loss=0.0043  val loss=0.0122  S[mean]=0.0197  ζ=0.1982  mean_plane_ζ=0.1770  reg=0.0320  λscale=1.00  lr=2.50e-04

Epoch 21/150 [train]:   0%|          | 0/26 [00:00<?, ?it/s]
Epoch 21/150 [train]:   0%|          | 0/26 [00:00<?, ?it/s, S=0.0186, loss=0.0021]
Epoch 21/150 [train]:   0%|          | 0/26 [00:00<?, ?it/s, S=0.0189, loss=0.0020]
Epoch 21/150 [train]:   0%|          | 0/26 [00:00<?, ?it/s, S=0.0188, loss=0.0020]
Epoch 21/150 [train]:   0%|          | 0/26 [00:00<?, ?it/s, S=0.0190, loss=0.0022]
Epoch 21/150 [train]:   0%|          | 0/26 [00:00<?, ?it/s, S=0.0191, loss=0.0015]
Epoch 21/150 [train]:   0%|          | 0/26 [00:00<?, ?it/s, S=0.0186, loss=0.0026]
Epoch 21/150 [train]:   0%|          | 0/26 [00:00<?, ?it/s, S=0.0191, loss=0.0023]
Epoch 21/150 [train]:   0%|          | 0/26 [00:00<?, ?it/s, S=0.0194, loss=0.0023]
Epoch 21/150 [train]:   0%|          | 0/26 [00:00<?, ?it/s, S=0.0196, loss=0.0018]
Epoch 21/150 [train]:  35%|███▍      | 9/26 [00:00<00:00, 86.59it/s, S=0.0196, loss=0.0018]
Epoch 21/150 [train]:  35%|███▍      | 9/26 [00:00<00:00, 86.59it/s, S=0.0196, loss=0.0018]
Epoch 21/150 [train]:  35%|███▍      | 9/26 [00:00<00:00, 86.59it/s, S=0.0195, loss=0.0016]
Epoch 21/150 [train]:  35%|███▍      | 9/26 [00:00<00:00, 86.59it/s, S=0.0198, loss=0.0019]
Epoch 21/150 [train]:  35%|███▍      | 9/26 [00:00<00:00, 86.59it/s, S=0.0203, loss=0.0013]
Epoch 21/150 [train]:  35%|███▍      | 9/26 [00:00<00:00, 86.59it/s, S=0.0198, loss=0.0018]
Epoch 21/150 [train]:  35%|███▍      | 9/26 [00:00<00:00, 86.59it/s, S=0.0203, loss=0.0014]
Epoch 21/150 [train]:  35%|███▍      | 9/26 [00:00<00:00, 86.59it/s, S=0.0205, loss=0.0011]
Epoch 21/150 [train]:  35%|███▍      | 9/26 [00:00<00:00, 86.59it/s, S=0.0202, loss=0.0016]
Epoch 21/150 [train]:  35%|███▍      | 9/26 [00:00<00:00, 86.59it/s, S=0.0205, loss=0.0009]
Epoch 21/150 [train]:  69%|██████▉   | 18/26 [00:00<00:00, 86.77it/s, S=0.0205, loss=0.0009]
Epoch 21/150 [train]:  69%|██████▉   | 18/26 [00:00<00:00, 86.77it/s, S=0.0206, loss=0.0009]
Epoch 21/150 [train]:  69%|██████▉   | 18/26 [00:00<00:00, 86.77it/s, S=0.0207, loss=0.0011]
Epoch 21/150 [train]:  69%|██████▉   | 18/26 [00:00<00:00, 86.77it/s, S=0.0213, loss=0.0008]
Epoch 21/150 [train]:  69%|██████▉   | 18/26 [00:00<00:00, 86.77it/s, S=0.0210, loss=0.0004]
Epoch 21/150 [train]:  69%|██████▉   | 18/26 [00:00<00:00, 86.77it/s, S=0.0214, loss=0.0002]
Epoch 21/150 [train]:  69%|██████▉   | 18/26 [00:00<00:00, 86.77it/s, S=0.0209, loss=0.0001]
Epoch 21/150 [train]:  69%|██████▉   | 18/26 [00:00<00:00, 86.77it/s, S=0.0210, loss=-0.0000]
Epoch 21/150 [train]:  69%|██████▉   | 18/26 [00:00<00:00, 86.77it/s, S=0.0215, loss=0.0004] 
                                                                                            
Epoch  21/150  train loss=0.0014  val loss=0.0092  S[mean]=0.0227  ζ=0.2128  mean_plane_ζ=0.1773  reg=0.0319  λscale=1.00  lr=2.11e-04

Epoch 22/150 [train]:   0%|          | 0/26 [00:00<?, ?it/s]
Epoch 22/150 [train]:   0%|          | 0/26 [00:00<?, ?it/s, S=0.0213, loss=-0.0010]
Epoch 22/150 [train]:   0%|          | 0/26 [00:00<?, ?it/s, S=0.0215, loss=-0.0008]
Epoch 22/150 [train]:   0%|          | 0/26 [00:00<?, ?it/s, S=0.0215, loss=-0.0005]
Epoch 22/150 [train]:   0%|          | 0/26 [00:00<?, ?it/s, S=0.0218, loss=-0.0012]
Epoch 22/150 [train]:   0%|          | 0/26 [00:00<?, ?it/s, S=0.0222, loss=-0.0009]
Epoch 22/150 [train]:   0%|          | 0/26 [00:00<?, ?it/s, S=0.0216, loss=-0.0005]
Epoch 22/150 [train]:   0%|          | 0/26 [00:00<?, ?it/s, S=0.0220, loss=-0.0011]
Epoch 22/150 [train]:   0%|          | 0/26 [00:00<?, ?it/s, S=0.0221, loss=-0.0015]
Epoch 22/150 [train]:   0%|          | 0/26 [00:00<?, ?it/s, S=0.0218, loss=-0.0001]
Epoch 22/150 [train]:  35%|███▍      | 9/26 [00:00<00:00, 86.49it/s, S=0.0218, loss=-0.0001]
Epoch 22/150 [train]:  35%|███▍      | 9/26 [00:00<00:00, 86.49it/s, S=0.0219, loss=-0.0011]
Epoch 22/150 [train]:  35%|███▍      | 9/26 [00:00<00:00, 86.49it/s, S=0.0217, loss=-0.0011]
Epoch 22/150 [train]:  35%|███▍      | 9/26 [00:00<00:00, 86.49it/s, S=0.0217, loss=-0.0004]
Epoch 22/150 [train]:  35%|███▍      | 9/26 [00:00<00:00, 86.49it/s, S=0.0223, loss=-0.0008]
Epoch 22/150 [train]:  35%|███▍      | 9/26 [00:00<00:00, 86.49it/s, S=0.0223, loss=-0.0006]
Epoch 22/150 [train]:  35%|███▍      | 9/26 [00:00<00:00, 86.49it/s, S=0.0217, loss=-0.0005]
Epoch 22/150 [train]:  35%|███▍      | 9/26 [00:00<00:00, 86.49it/s, S=0.0229, loss=-0.0016]
Epoch 22/150 [train]:  35%|███▍      | 9/26 [00:00<00:00, 86.49it/s, S=0.0220, loss=0.0005] 
Epoch 22/150 [train]:  35%|███▍      | 9/26 [00:00<00:00, 86.49it/s, S=0.0225, loss=-0.0010]
Epoch 22/150 [train]:  69%|██████▉   | 18/26 [00:00<00:00, 86.77it/s, S=0.0225, loss=-0.0010]
Epoch 22/150 [train]:  69%|██████▉   | 18/26 [00:00<00:00, 86.77it/s, S=0.0228, loss=-0.0007]
Epoch 22/150 [train]:  69%|██████▉   | 18/26 [00:00<00:00, 86.77it/s, S=0.0223, loss=-0.0014]
Epoch 22/150 [train]:  69%|██████▉   | 18/26 [00:00<00:00, 86.77it/s, S=0.0223, loss=-0.0011]
Epoch 22/150 [train]:  69%|██████▉   | 18/26 [00:00<00:00, 86.77it/s, S=0.0233, loss=-0.0019]
Epoch 22/150 [train]:  69%|██████▉   | 18/26 [00:00<00:00, 86.77it/s, S=0.0228, loss=-0.0010]
Epoch 22/150 [train]:  69%|██████▉   | 18/26 [00:00<00:00, 86.77it/s, S=0.0227, loss=-0.0016]
Epoch 22/150 [train]:  69%|██████▉   | 18/26 [00:00<00:00, 86.77it/s, S=0.0223, loss=-0.0011]
Epoch 22/150 [train]:  69%|██████▉   | 18/26 [00:00<00:00, 86.77it/s, S=0.0232, loss=-0.0023]
                                                                                             
Epoch  22/150  train loss=-0.0010  val loss=0.0075  S[mean]=0.0247  ζ=0.2187  mean_plane_ζ=0.1770  reg=0.0322  λscale=1.00  lr=1.73e-04

Epoch 23/150 [train]:   0%|          | 0/26 [00:00<?, ?it/s]
Epoch 23/150 [train]:   0%|          | 0/26 [00:00<?, ?it/s, S=0.0235, loss=-0.0030]
Epoch 23/150 [train]:   0%|          | 0/26 [00:00<?, ?it/s, S=0.0231, loss=-0.0027]
Epoch 23/150 [train]:   0%|          | 0/26 [00:00<?, ?it/s, S=0.0233, loss=-0.0030]
Epoch 23/150 [train]:   0%|          | 0/26 [00:00<?, ?it/s, S=0.0233, loss=-0.0022]
Epoch 23/150 [train]:   0%|          | 0/26 [00:00<?, ?it/s, S=0.0232, loss=-0.0032]
Epoch 23/150 [train]:   0%|          | 0/26 [00:00<?, ?it/s, S=0.0225, loss=-0.0019]
Epoch 23/150 [train]:   0%|          | 0/26 [00:00<?, ?it/s, S=0.0233, loss=-0.0023]
Epoch 23/150 [train]:   0%|          | 0/26 [00:00<?, ?it/s, S=0.0233, loss=-0.0030]
Epoch 23/150 [train]:   0%|          | 0/26 [00:00<?, ?it/s, S=0.0226, loss=-0.0015]
Epoch 23/150 [train]:  35%|███▍      | 9/26 [00:00<00:00, 86.37it/s, S=0.0226, loss=-0.0015]
Epoch 23/150 [train]:  35%|███▍      | 9/26 [00:00<00:00, 86.37it/s, S=0.0240, loss=-0.0036]
Epoch 23/150 [train]:  35%|███▍      | 9/26 [00:00<00:00, 86.37it/s, S=0.0234, loss=-0.0020]
Epoch 23/150 [train]:  35%|███▍      | 9/26 [00:00<00:00, 86.37it/s, S=0.0237, loss=-0.0031]
Epoch 23/150 [train]:  35%|███▍      | 9/26 [00:00<00:00, 86.37it/s, S=0.0239, loss=-0.0030]
Epoch 23/150 [train]:  35%|███▍      | 9/26 [00:00<00:00, 86.37it/s, S=0.0239, loss=-0.0022]
Epoch 23/150 [train]:  35%|███▍      | 9/26 [00:00<00:00, 86.37it/s, S=0.0242, loss=-0.0029]
Epoch 23/150 [train]:  35%|███▍      | 9/26 [00:00<00:00, 86.37it/s, S=0.0243, loss=-0.0029]
Epoch 23/150 [train]:  35%|███▍      | 9/26 [00:00<00:00, 86.37it/s, S=0.0245, loss=-0.0035]
Epoch 23/150 [train]:  35%|███▍      | 9/26 [00:00<00:00, 86.37it/s, S=0.0250, loss=-0.0039]
Epoch 23/150 [train]:  69%|██████▉   | 18/26 [00:00<00:00, 86.84it/s, S=0.0250, loss=-0.0039]
Epoch 23/150 [train]:  69%|██████▉   | 18/26 [00:00<00:00, 86.84it/s, S=0.0241, loss=-0.0032]
Epoch 23/150 [train]:  69%|██████▉   | 18/26 [00:00<00:00, 86.84it/s, S=0.0241, loss=-0.0032]
Epoch 23/150 [train]:  69%|██████▉   | 18/26 [00:00<00:00, 86.84it/s, S=0.0248, loss=-0.0039]
Epoch 23/150 [train]:  69%|██████▉   | 18/26 [00:00<00:00, 86.84it/s, S=0.0241, loss=-0.0028]
Epoch 23/150 [train]:  69%|██████▉   | 18/26 [00:00<00:00, 86.84it/s, S=0.0246, loss=-0.0039]
Epoch 23/150 [train]:  69%|██████▉   | 18/26 [00:00<00:00, 86.84it/s, S=0.0241, loss=-0.0025]
Epoch 23/150 [train]:  69%|██████▉   | 18/26 [00:00<00:00, 86.84it/s, S=0.0251, loss=-0.0032]
Epoch 23/150 [train]:  69%|██████▉   | 18/26 [00:00<00:00, 86.84it/s, S=0.0243, loss=-0.0029]
                                                                                             
Epoch  23/150  train loss=-0.0029  val loss=0.0057  S[mean]=0.0267  ζ=0.2242  mean_plane_ζ=0.1770  reg=0.0324  λscale=1.00  lr=1.37e-04

Epoch 24/150 [train]:   0%|          | 0/26 [00:00<?, ?it/s]
Epoch 24/150 [train]:   0%|          | 0/26 [00:00<?, ?it/s, S=0.0251, loss=-0.0046]
Epoch 24/150 [train]:   0%|          | 0/26 [00:00<?, ?it/s, S=0.0246, loss=-0.0037]
Epoch 24/150 [train]:   0%|          | 0/26 [00:00<?, ?it/s, S=0.0250, loss=-0.0042]
Epoch 24/150 [train]:   0%|          | 0/26 [00:00<?, ?it/s, S=0.0256, loss=-0.0048]
Epoch 24/150 [train]:   0%|          | 0/26 [00:00<?, ?it/s, S=0.0246, loss=-0.0040]
Epoch 24/150 [train]:   0%|          | 0/26 [00:00<?, ?it/s, S=0.0257, loss=-0.0055]
Epoch 24/150 [train]:   0%|          | 0/26 [00:00<?, ?it/s, S=0.0249, loss=-0.0043]
Epoch 24/150 [train]:   0%|          | 0/26 [00:00<?, ?it/s, S=0.0258, loss=-0.0051]
Epoch 24/150 [train]:   0%|          | 0/26 [00:00<?, ?it/s, S=0.0253, loss=-0.0047]
Epoch 24/150 [train]:  35%|███▍      | 9/26 [00:00<00:00, 86.63it/s, S=0.0253, loss=-0.0047]
Epoch 24/150 [train]:  35%|███▍      | 9/26 [00:00<00:00, 86.63it/s, S=0.0248, loss=-0.0038]
Epoch 24/150 [train]:  35%|███▍      | 9/26 [00:00<00:00, 86.63it/s, S=0.0256, loss=-0.0047]
Epoch 24/150 [train]:  35%|███▍      | 9/26 [00:00<00:00, 86.63it/s, S=0.0259, loss=-0.0053]
Epoch 24/150 [train]:  35%|███▍      | 9/26 [00:00<00:00, 86.63it/s, S=0.0259, loss=-0.0053]
Epoch 24/150 [train]:  35%|███▍      | 9/26 [00:00<00:00, 86.63it/s, S=0.0253, loss=-0.0040]
Epoch 24/150 [train]:  35%|███▍      | 9/26 [00:00<00:00, 86.63it/s, S=0.0247, loss=-0.0039]
Epoch 24/150 [train]:  35%|███▍      | 9/26 [00:00<00:00, 86.63it/s, S=0.0257, loss=-0.0053]
Epoch 24/150 [train]:  35%|███▍      | 9/26 [00:00<00:00, 86.63it/s, S=0.0260, loss=-0.0049]
Epoch 24/150 [train]:  35%|███▍      | 9/26 [00:00<00:00, 86.63it/s, S=0.0257, loss=-0.0036]
Epoch 24/150 [train]:  69%|██████▉   | 18/26 [00:00<00:00, 86.85it/s, S=0.0257, loss=-0.0036]
Epoch 24/150 [train]:  69%|██████▉   | 18/26 [00:00<00:00, 86.85it/s, S=0.0259, loss=-0.0051]
Epoch 24/150 [train]:  69%|██████▉   | 18/26 [00:00<00:00, 86.85it/s, S=0.0270, loss=-0.0065]
Epoch 24/150 [train]:  69%|██████▉   | 18/26 [00:00<00:00, 86.85it/s, S=0.0263, loss=-0.0048]
Epoch 24/150 [train]:  69%|██████▉   | 18/26 [00:00<00:00, 86.85it/s, S=0.0267, loss=-0.0059]
Epoch 24/150 [train]:  69%|██████▉   | 18/26 [00:00<00:00, 86.85it/s, S=0.0261, loss=-0.0046]
Epoch 24/150 [train]:  69%|██████▉   | 18/26 [00:00<00:00, 86.85it/s, S=0.0260, loss=-0.0051]
Epoch 24/150 [train]:  69%|██████▉   | 18/26 [00:00<00:00, 86.85it/s, S=0.0265, loss=-0.0059]
Epoch 24/150 [train]:  69%|██████▉   | 18/26 [00:00<00:00, 86.85it/s, S=0.0247, loss=-0.0029]
                                                                                             
Epoch  24/150  train loss=-0.0047  val loss=0.0043  S[mean]=0.0284  ζ=0.2290  mean_plane_ζ=0.1768  reg=0.0327  λscale=1.00  lr=1.03e-04

Epoch 25/150 [train]:   0%|          | 0/26 [00:00<?, ?it/s]
Epoch 25/150 [train]:   0%|          | 0/26 [00:00<?, ?it/s, S=0.0269, loss=-0.0071]
Epoch 25/150 [train]:   0%|          | 0/26 [00:00<?, ?it/s, S=0.0265, loss=-0.0061]
Epoch 25/150 [train]:   0%|          | 0/26 [00:00<?, ?it/s, S=0.0266, loss=-0.0068]
Epoch 25/150 [train]:   0%|          | 0/26 [00:00<?, ?it/s, S=0.0267, loss=-0.0062]
Epoch 25/150 [train]:   0%|          | 0/26 [00:00<?, ?it/s, S=0.0264, loss=-0.0059]
Epoch 25/150 [train]:   0%|          | 0/26 [00:00<?, ?it/s, S=0.0255, loss=-0.0054]
Epoch 25/150 [train]:   0%|          | 0/26 [00:00<?, ?it/s, S=0.0267, loss=-0.0060]
Epoch 25/150 [train]:   0%|          | 0/26 [00:00<?, ?it/s, S=0.0274, loss=-0.0062]
Epoch 25/150 [train]:   0%|          | 0/26 [00:00<?, ?it/s, S=0.0273, loss=-0.0061]
Epoch 25/150 [train]:  35%|███▍      | 9/26 [00:00<00:00, 86.63it/s, S=0.0273, loss=-0.0061]
Epoch 25/150 [train]:  35%|███▍      | 9/26 [00:00<00:00, 86.63it/s, S=0.0267, loss=-0.0059]
Epoch 25/150 [train]:  35%|███▍      | 9/26 [00:00<00:00, 86.63it/s, S=0.0268, loss=-0.0062]
Epoch 25/150 [train]:  35%|███▍      | 9/26 [00:00<00:00, 86.63it/s, S=0.0256, loss=-0.0040]
Epoch 25/150 [train]:  35%|███▍      | 9/26 [00:00<00:00, 86.63it/s, S=0.0272, loss=-0.0066]
Epoch 25/150 [train]:  35%|███▍      | 9/26 [00:00<00:00, 86.63it/s, S=0.0267, loss=-0.0066]
Epoch 25/150 [train]:  35%|███▍      | 9/26 [00:00<00:00, 86.63it/s, S=0.0279, loss=-0.0071]
Epoch 25/150 [train]:  35%|███▍      | 9/26 [00:00<00:00, 86.63it/s, S=0.0273, loss=-0.0073]
Epoch 25/150 [train]:  35%|███▍      | 9/26 [00:00<00:00, 86.63it/s, S=0.0275, loss=-0.0065]
Epoch 25/150 [train]:  35%|███▍      | 9/26 [00:00<00:00, 86.63it/s, S=0.0275, loss=-0.0063]
Epoch 25/150 [train]:  69%|██████▉   | 18/26 [00:00<00:00, 86.96it/s, S=0.0275, loss=-0.0063]
Epoch 25/150 [train]:  69%|██████▉   | 18/26 [00:00<00:00, 86.96it/s, S=0.0275, loss=-0.0069]
Epoch 25/150 [train]:  69%|██████▉   | 18/26 [00:00<00:00, 86.96it/s, S=0.0273, loss=-0.0072]
Epoch 25/150 [train]:  69%|██████▉   | 18/26 [00:00<00:00, 86.96it/s, S=0.0275, loss=-0.0068]
Epoch 25/150 [train]:  69%|██████▉   | 18/26 [00:00<00:00, 86.96it/s, S=0.0270, loss=-0.0058]
Epoch 25/150 [train]:  69%|██████▉   | 18/26 [00:00<00:00, 86.96it/s, S=0.0269, loss=-0.0063]
Epoch 25/150 [train]:  69%|██████▉   | 18/26 [00:00<00:00, 86.96it/s, S=0.0270, loss=-0.0066]
Epoch 25/150 [train]:  69%|██████▉   | 18/26 [00:00<00:00, 86.96it/s, S=0.0281, loss=-0.0061]
Epoch 25/150 [train]:  69%|██████▉   | 18/26 [00:00<00:00, 86.96it/s, S=0.0283, loss=-0.0084]
                                                                                             
Epoch  25/150  train loss=-0.0064  val loss=0.0031  S[mean]=0.0296  ζ=0.2321  mean_plane_ζ=0.1766  reg=0.0326  λscale=1.00  lr=7.32e-05

Epoch 26/150 [train]:   0%|          | 0/26 [00:00<?, ?it/s]
Epoch 26/150 [train]:   0%|          | 0/26 [00:00<?, ?it/s, S=0.0273, loss=-0.0063]
Epoch 26/150 [train]:   0%|          | 0/26 [00:00<?, ?it/s, S=0.0289, loss=-0.0088]
Epoch 26/150 [train]:   0%|          | 0/26 [00:00<?, ?it/s, S=0.0282, loss=-0.0080]
Epoch 26/150 [train]:   0%|          | 0/26 [00:00<?, ?it/s, S=0.0276, loss=-0.0070]
Epoch 26/150 [train]:   0%|          | 0/26 [00:00<?, ?it/s, S=0.0281, loss=-0.0075]
Epoch 26/150 [train]:   0%|          | 0/26 [00:00<?, ?it/s, S=0.0283, loss=-0.0083]
Epoch 26/150 [train]:   0%|          | 0/26 [00:00<?, ?it/s, S=0.0268, loss=-0.0074]
Epoch 26/150 [train]:   0%|          | 0/26 [00:00<?, ?it/s, S=0.0281, loss=-0.0078]
Epoch 26/150 [train]:   0%|          | 0/26 [00:00<?, ?it/s, S=0.0280, loss=-0.0074]
Epoch 26/150 [train]:  35%|███▍      | 9/26 [00:00<00:00, 86.23it/s, S=0.0280, loss=-0.0074]
Epoch 26/150 [train]:  35%|███▍      | 9/26 [00:00<00:00, 86.23it/s, S=0.0276, loss=-0.0071]
Epoch 26/150 [train]:  35%|███▍      | 9/26 [00:00<00:00, 86.23it/s, S=0.0289, loss=-0.0087]
Epoch 26/150 [train]:  35%|███▍      | 9/26 [00:00<00:00, 86.23it/s, S=0.0269, loss=-0.0069]
Epoch 26/150 [train]:  35%|███▍      | 9/26 [00:00<00:00, 86.23it/s, S=0.0286, loss=-0.0082]
Epoch 26/150 [train]:  35%|███▍      | 9/26 [00:00<00:00, 86.23it/s, S=0.0287, loss=-0.0082]
Epoch 26/150 [train]:  35%|███▍      | 9/26 [00:00<00:00, 86.23it/s, S=0.0272, loss=-0.0064]
Epoch 26/150 [train]:  35%|███▍      | 9/26 [00:00<00:00, 86.23it/s, S=0.0295, loss=-0.0090]
Epoch 26/150 [train]:  35%|███▍      | 9/26 [00:00<00:00, 86.23it/s, S=0.0285, loss=-0.0086]
Epoch 26/150 [train]:  35%|███▍      | 9/26 [00:00<00:00, 86.23it/s, S=0.0280, loss=-0.0068]
Epoch 26/150 [train]:  69%|██████▉   | 18/26 [00:00<00:00, 86.68it/s, S=0.0280, loss=-0.0068]
Epoch 26/150 [train]:  69%|██████▉   | 18/26 [00:00<00:00, 86.68it/s, S=0.0286, loss=-0.0074]
Epoch 26/150 [train]:  69%|██████▉   | 18/26 [00:00<00:00, 86.68it/s, S=0.0282, loss=-0.0074]
Epoch 26/150 [train]:  69%|██████▉   | 18/26 [00:00<00:00, 86.68it/s, S=0.0270, loss=-0.0060]
Epoch 26/150 [train]:  69%|██████▉   | 18/26 [00:00<00:00, 86.68it/s, S=0.0276, loss=-0.0072]
Epoch 26/150 [train]:  69%|██████▉   | 18/26 [00:00<00:00, 86.68it/s, S=0.0270, loss=-0.0059]
Epoch 26/150 [train]:  69%|██████▉   | 18/26 [00:00<00:00, 86.68it/s, S=0.0270, loss=-0.0068]
Epoch 26/150 [train]:  69%|██████▉   | 18/26 [00:00<00:00, 86.68it/s, S=0.0281, loss=-0.0074]
Epoch 26/150 [train]:  69%|██████▉   | 18/26 [00:00<00:00, 86.68it/s, S=0.0290, loss=-0.0078]
                                                                                             
Epoch  26/150  train loss=-0.0075  val loss=0.0023  S[mean]=0.0302  ζ=0.2338  mean_plane_ζ=0.1764  reg=0.0326  λscale=1.00  lr=4.77e-05

Epoch 27/150 [train]:   0%|          | 0/26 [00:00<?, ?it/s]
Epoch 27/150 [train]:   0%|          | 0/26 [00:00<?, ?it/s, S=0.0278, loss=-0.0082]
Epoch 27/150 [train]:   0%|          | 0/26 [00:00<?, ?it/s, S=0.0286, loss=-0.0090]
Epoch 27/150 [train]:   0%|          | 0/26 [00:00<?, ?it/s, S=0.0288, loss=-0.0083]
Epoch 27/150 [train]:   0%|          | 0/26 [00:00<?, ?it/s, S=0.0279, loss=-0.0078]
Epoch 27/150 [train]:   0%|          | 0/26 [00:00<?, ?it/s, S=0.0282, loss=-0.0082]
Epoch 27/150 [train]:   0%|          | 0/26 [00:00<?, ?it/s, S=0.0294, loss=-0.0094]
Epoch 27/150 [train]:   0%|          | 0/26 [00:00<?, ?it/s, S=0.0277, loss=-0.0067]
Epoch 27/150 [train]:   0%|          | 0/26 [00:00<?, ?it/s, S=0.0285, loss=-0.0089]
Epoch 27/150 [train]:   0%|          | 0/26 [00:00<?, ?it/s, S=0.0278, loss=-0.0065]
Epoch 27/150 [train]:  35%|███▍      | 9/26 [00:00<00:00, 86.54it/s, S=0.0278, loss=-0.0065]
Epoch 27/150 [train]:  35%|███▍      | 9/26 [00:00<00:00, 86.54it/s, S=0.0293, loss=-0.0092]
Epoch 27/150 [train]:  35%|███▍      | 9/26 [00:00<00:00, 86.54it/s, S=0.0293, loss=-0.0096]
Epoch 27/150 [train]:  35%|███▍      | 9/26 [00:00<00:00, 86.54it/s, S=0.0297, loss=-0.0096]
Epoch 27/150 [train]:  35%|███▍      | 9/26 [00:00<00:00, 86.54it/s, S=0.0285, loss=-0.0081]
Epoch 27/150 [train]:  35%|███▍      | 9/26 [00:00<00:00, 86.54it/s, S=0.0284, loss=-0.0080]
Epoch 27/150 [train]:  35%|███▍      | 9/26 [00:00<00:00, 86.54it/s, S=0.0289, loss=-0.0083]
Epoch 27/150 [train]:  35%|███▍      | 9/26 [00:00<00:00, 86.54it/s, S=0.0291, loss=-0.0088]
Epoch 27/150 [train]:  35%|███▍      | 9/26 [00:00<00:00, 86.54it/s, S=0.0286, loss=-0.0082]
Epoch 27/150 [train]:  35%|███▍      | 9/26 [00:00<00:00, 86.54it/s, S=0.0289, loss=-0.0085]
Epoch 27/150 [train]:  69%|██████▉   | 18/26 [00:00<00:00, 86.71it/s, S=0.0289, loss=-0.0085]
Epoch 27/150 [train]:  69%|██████▉   | 18/26 [00:00<00:00, 86.71it/s, S=0.0289, loss=-0.0089]
Epoch 27/150 [train]:  69%|██████▉   | 18/26 [00:00<00:00, 86.71it/s, S=0.0275, loss=-0.0065]
Epoch 27/150 [train]:  69%|██████▉   | 18/26 [00:00<00:00, 86.71it/s, S=0.0280, loss=-0.0077]
Epoch 27/150 [train]:  69%|██████▉   | 18/26 [00:00<00:00, 86.71it/s, S=0.0281, loss=-0.0077]
Epoch 27/150 [train]:  69%|██████▉   | 18/26 [00:00<00:00, 86.71it/s, S=0.0287, loss=-0.0085]
Epoch 27/150 [train]:  69%|██████▉   | 18/26 [00:00<00:00, 86.71it/s, S=0.0288, loss=-0.0087]
Epoch 27/150 [train]:  69%|██████▉   | 18/26 [00:00<00:00, 86.71it/s, S=0.0288, loss=-0.0081]
Epoch 27/150 [train]:  69%|██████▉   | 18/26 [00:00<00:00, 86.71it/s, S=0.0285, loss=-0.0075]
                                                                                             
Epoch  27/150  train loss=-0.0083  val loss=0.0020  S[mean]=0.0307  ζ=0.2349  mean_plane_ζ=0.1762  reg=0.0327  λscale=1.00  lr=2.72e-05

Epoch 28/150 [train]:   0%|          | 0/26 [00:00<?, ?it/s]
Epoch 28/150 [train]:   0%|          | 0/26 [00:00<?, ?it/s, S=0.0302, loss=-0.0106]
Epoch 28/150 [train]:   0%|          | 0/26 [00:00<?, ?it/s, S=0.0279, loss=-0.0075]
Epoch 28/150 [train]:   0%|          | 0/26 [00:00<?, ?it/s, S=0.0284, loss=-0.0077]
Epoch 28/150 [train]:   0%|          | 0/26 [00:00<?, ?it/s, S=0.0281, loss=-0.0082]
Epoch 28/150 [train]:   0%|          | 0/26 [00:00<?, ?it/s, S=0.0285, loss=-0.0083]
Epoch 28/150 [train]:   0%|          | 0/26 [00:00<?, ?it/s, S=0.0289, loss=-0.0088]
Epoch 28/150 [train]:   0%|          | 0/26 [00:00<?, ?it/s, S=0.0276, loss=-0.0074]
Epoch 28/150 [train]:   0%|          | 0/26 [00:00<?, ?it/s, S=0.0285, loss=-0.0081]
Epoch 28/150 [train]:   0%|          | 0/26 [00:00<?, ?it/s, S=0.0290, loss=-0.0083]
Epoch 28/150 [train]:  35%|███▍      | 9/26 [00:00<00:00, 86.33it/s, S=0.0290, loss=-0.0083]
Epoch 28/150 [train]:  35%|███▍      | 9/26 [00:00<00:00, 86.33it/s, S=0.0298, loss=-0.0102]
Epoch 28/150 [train]:  35%|███▍      | 9/26 [00:00<00:00, 86.33it/s, S=0.0299, loss=-0.0096]
Epoch 28/150 [train]:  35%|███▍      | 9/26 [00:00<00:00, 86.33it/s, S=0.0285, loss=-0.0082]
Epoch 28/150 [train]:  35%|███▍      | 9/26 [00:00<00:00, 86.33it/s, S=0.0284, loss=-0.0083]
Epoch 28/150 [train]:  35%|███▍      | 9/26 [00:00<00:00, 86.33it/s, S=0.0291, loss=-0.0083]
Epoch 28/150 [train]:  35%|███▍      | 9/26 [00:00<00:00, 86.33it/s, S=0.0294, loss=-0.0092]
Epoch 28/150 [train]:  35%|███▍      | 9/26 [00:00<00:00, 86.33it/s, S=0.0290, loss=-0.0084]
Epoch 28/150 [train]:  35%|███▍      | 9/26 [00:00<00:00, 86.33it/s, S=0.0295, loss=-0.0093]
Epoch 28/150 [train]:  35%|███▍      | 9/26 [00:00<00:00, 86.33it/s, S=0.0285, loss=-0.0083]
Epoch 28/150 [train]:  69%|██████▉   | 18/26 [00:00<00:00, 86.67it/s, S=0.0285, loss=-0.0083]
Epoch 28/150 [train]:  69%|██████▉   | 18/26 [00:00<00:00, 86.67it/s, S=0.0289, loss=-0.0080]
Epoch 28/150 [train]:  69%|██████▉   | 18/26 [00:00<00:00, 86.67it/s, S=0.0295, loss=-0.0088]
Epoch 28/150 [train]:  69%|██████▉   | 18/26 [00:00<00:00, 86.67it/s, S=0.0286, loss=-0.0083]
Epoch 28/150 [train]:  69%|██████▉   | 18/26 [00:00<00:00, 86.67it/s, S=0.0289, loss=-0.0084]
Epoch 28/150 [train]:  69%|██████▉   | 18/26 [00:00<00:00, 86.67it/s, S=0.0297, loss=-0.0101]
Epoch 28/150 [train]:  69%|██████▉   | 18/26 [00:00<00:00, 86.67it/s, S=0.0298, loss=-0.0099]
Epoch 28/150 [train]:  69%|██████▉   | 18/26 [00:00<00:00, 86.67it/s, S=0.0295, loss=-0.0091]
Epoch 28/150 [train]:  69%|██████▉   | 18/26 [00:00<00:00, 86.67it/s, S=0.0278, loss=-0.0078]
                                                                                             
Epoch  28/150  train loss=-0.0087  val loss=0.0018  S[mean]=0.0309  ζ=0.2353  mean_plane_ζ=0.1762  reg=0.0326  λscale=1.00  lr=1.22e-05

Epoch 29/150 [train]:   0%|          | 0/26 [00:00<?, ?it/s]
Epoch 29/150 [train]:   0%|          | 0/26 [00:00<?, ?it/s, S=0.0286, loss=-0.0091]
Epoch 29/150 [train]:   0%|          | 0/26 [00:00<?, ?it/s, S=0.0279, loss=-0.0069]
Epoch 29/150 [train]:   0%|          | 0/26 [00:00<?, ?it/s, S=0.0280, loss=-0.0071]
Epoch 29/150 [train]:   0%|          | 0/26 [00:00<?, ?it/s, S=0.0280, loss=-0.0085]
Epoch 29/150 [train]:   0%|          | 0/26 [00:00<?, ?it/s, S=0.0295, loss=-0.0101]
Epoch 29/150 [train]:   0%|          | 0/26 [00:00<?, ?it/s, S=0.0296, loss=-0.0100]
Epoch 29/150 [train]:   0%|          | 0/26 [00:00<?, ?it/s, S=0.0290, loss=-0.0090]
Epoch 29/150 [train]:   0%|          | 0/26 [00:00<?, ?it/s, S=0.0292, loss=-0.0083]
Epoch 29/150 [train]:   0%|          | 0/26 [00:00<?, ?it/s, S=0.0297, loss=-0.0101]
Epoch 29/150 [train]:  35%|███▍      | 9/26 [00:00<00:00, 86.89it/s, S=0.0297, loss=-0.0101]
Epoch 29/150 [train]:  35%|███▍      | 9/26 [00:00<00:00, 86.89it/s, S=0.0293, loss=-0.0090]
Epoch 29/150 [train]:  35%|███▍      | 9/26 [00:00<00:00, 86.89it/s, S=0.0301, loss=-0.0107]
Epoch 29/150 [train]:  35%|███▍      | 9/26 [00:00<00:00, 86.89it/s, S=0.0291, loss=-0.0097]
Epoch 29/150 [train]:  35%|███▍      | 9/26 [00:00<00:00, 86.89it/s, S=0.0295, loss=-0.0099]
Epoch 29/150 [train]:  35%|███▍      | 9/26 [00:00<00:00, 86.89it/s, S=0.0302, loss=-0.0098]
Epoch 29/150 [train]:  35%|███▍      | 9/26 [00:00<00:00, 86.89it/s, S=0.0291, loss=-0.0092]
Epoch 29/150 [train]:  35%|███▍      | 9/26 [00:00<00:00, 86.89it/s, S=0.0297, loss=-0.0098]
Epoch 29/150 [train]:  35%|███▍      | 9/26 [00:00<00:00, 86.89it/s, S=0.0300, loss=-0.0100]
Epoch 29/150 [train]:  35%|███▍      | 9/26 [00:00<00:00, 86.89it/s, S=0.0296, loss=-0.0096]
Epoch 29/150 [train]:  69%|██████▉   | 18/26 [00:00<00:00, 87.08it/s, S=0.0296, loss=-0.0096]
Epoch 29/150 [train]:  69%|██████▉   | 18/26 [00:00<00:00, 87.08it/s, S=0.0295, loss=-0.0092]
Epoch 29/150 [train]:  69%|██████▉   | 18/26 [00:00<00:00, 87.08it/s, S=0.0298, loss=-0.0096]
Epoch 29/150 [train]:  69%|██████▉   | 18/26 [00:00<00:00, 87.08it/s, S=0.0292, loss=-0.0093]
Epoch 29/150 [train]:  69%|██████▉   | 18/26 [00:00<00:00, 87.08it/s, S=0.0280, loss=-0.0081]
Epoch 29/150 [train]:  69%|██████▉   | 18/26 [00:00<00:00, 87.08it/s, S=0.0292, loss=-0.0089]
Epoch 29/150 [train]:  69%|██████▉   | 18/26 [00:00<00:00, 87.08it/s, S=0.0288, loss=-0.0082]
Epoch 29/150 [train]:  69%|██████▉   | 18/26 [00:00<00:00, 87.08it/s, S=0.0296, loss=-0.0095]
Epoch 29/150 [train]:  69%|██████▉   | 18/26 [00:00<00:00, 87.08it/s, S=0.0285, loss=-0.0092]
                                                                                             
Epoch  29/150  train loss=-0.0092  val loss=0.0017  S[mean]=0.0310  ζ=0.2356  mean_plane_ζ=0.1761  reg=0.0326  λscale=1.00  lr=3.08e-06

Epoch 30/150 [train]:   0%|          | 0/26 [00:00<?, ?it/s]
Epoch 30/150 [train]:   0%|          | 0/26 [00:00<?, ?it/s, S=0.0288, loss=-0.0091]
Epoch 30/150 [train]:   0%|          | 0/26 [00:00<?, ?it/s, S=0.0295, loss=-0.0101]
Epoch 30/150 [train]:   0%|          | 0/26 [00:00<?, ?it/s, S=0.0285, loss=-0.0087]
Epoch 30/150 [train]:   0%|          | 0/26 [00:00<?, ?it/s, S=0.0305, loss=-0.0113]
Epoch 30/150 [train]:   0%|          | 0/26 [00:00<?, ?it/s, S=0.0296, loss=-0.0104]
Epoch 30/150 [train]:   0%|          | 0/26 [00:00<?, ?it/s, S=0.0289, loss=-0.0088]
Epoch 30/150 [train]:   0%|          | 0/26 [00:00<?, ?it/s, S=0.0282, loss=-0.0072]
Epoch 30/150 [train]:   0%|          | 0/26 [00:00<?, ?it/s, S=0.0294, loss=-0.0094]
Epoch 30/150 [train]:   0%|          | 0/26 [00:00<?, ?it/s, S=0.0293, loss=-0.0096]
Epoch 30/150 [train]:  35%|███▍      | 9/26 [00:00<00:00, 86.37it/s, S=0.0293, loss=-0.0096]
Epoch 30/150 [train]:  35%|███▍      | 9/26 [00:00<00:00, 86.37it/s, S=0.0289, loss=-0.0094]
Epoch 30/150 [train]:  35%|███▍      | 9/26 [00:00<00:00, 86.37it/s, S=0.0297, loss=-0.0096]
Epoch 30/150 [train]:  35%|███▍      | 9/26 [00:00<00:00, 86.37it/s, S=0.0291, loss=-0.0086]
Epoch 30/150 [train]:  35%|███▍      | 9/26 [00:00<00:00, 86.37it/s, S=0.0287, loss=-0.0094]
Epoch 30/150 [train]:  35%|███▍      | 9/26 [00:00<00:00, 86.37it/s, S=0.0291, loss=-0.0094]
Epoch 30/150 [train]:  35%|███▍      | 9/26 [00:00<00:00, 86.37it/s, S=0.0292, loss=-0.0089]
Epoch 30/150 [train]:  35%|███▍      | 9/26 [00:00<00:00, 86.37it/s, S=0.0300, loss=-0.0105]
Epoch 30/150 [train]:  35%|███▍      | 9/26 [00:00<00:00, 86.37it/s, S=0.0291, loss=-0.0088]
Epoch 30/150 [train]:  35%|███▍      | 9/26 [00:00<00:00, 86.37it/s, S=0.0291, loss=-0.0088]
Epoch 30/150 [train]:  69%|██████▉   | 18/26 [00:00<00:00, 86.59it/s, S=0.0291, loss=-0.0088]
Epoch 30/150 [train]:  69%|██████▉   | 18/26 [00:00<00:00, 86.59it/s, S=0.0281, loss=-0.0082]
Epoch 30/150 [train]:  69%|██████▉   | 18/26 [00:00<00:00, 86.59it/s, S=0.0289, loss=-0.0090]
Epoch 30/150 [train]:  69%|██████▉   | 18/26 [00:00<00:00, 86.59it/s, S=0.0290, loss=-0.0088]
Epoch 30/150 [train]:  69%|██████▉   | 18/26 [00:00<00:00, 86.59it/s, S=0.0286, loss=-0.0092]
Epoch 30/150 [train]:  69%|██████▉   | 18/26 [00:00<00:00, 86.59it/s, S=0.0294, loss=-0.0091]
Epoch 30/150 [train]:  69%|██████▉   | 18/26 [00:00<00:00, 86.59it/s, S=0.0294, loss=-0.0095]
Epoch 30/150 [train]:  69%|██████▉   | 18/26 [00:00<00:00, 86.59it/s, S=0.0295, loss=-0.0103]
Epoch 30/150 [train]:  69%|██████▉   | 18/26 [00:00<00:00, 86.59it/s, S=0.0294, loss=-0.0093]
                                                                                             
Epoch  30/150  train loss=-0.0093  val loss=0.0016  S[mean]=0.0310  ζ=0.2356  mean_plane_ζ=0.1761  reg=0.0326  λscale=1.00  lr=5.00e-04

Epoch 31/150 [train]:   0%|          | 0/26 [00:00<?, ?it/s]
Epoch 31/150 [train]:   0%|          | 0/26 [00:00<?, ?it/s, S=0.0285, loss=-0.0083]
Epoch 31/150 [train]:   0%|          | 0/26 [00:00<?, ?it/s, S=0.0295, loss=-0.0083]
Epoch 31/150 [train]:   0%|          | 0/26 [00:00<?, ?it/s, S=0.0290, loss=-0.0079]
Epoch 31/150 [train]:   0%|          | 0/26 [00:00<?, ?it/s, S=0.0300, loss=-0.0089]
Epoch 31/150 [train]:   0%|          | 0/26 [00:00<?, ?it/s, S=0.0309, loss=-0.0092]
Epoch 31/150 [train]:   0%|          | 0/26 [00:00<?, ?it/s, S=0.0303, loss=-0.0086]
Epoch 31/150 [train]:   0%|          | 0/26 [00:00<?, ?it/s, S=0.0298, loss=-0.0078]
Epoch 31/150 [train]:   0%|          | 0/26 [00:00<?, ?it/s, S=0.0306, loss=-0.0080]
Epoch 31/150 [train]:   0%|          | 0/26 [00:00<?, ?it/s, S=0.0298, loss=-0.0069]
Epoch 31/150 [train]:  35%|███▍      | 9/26 [00:00<00:00, 86.04it/s, S=0.0298, loss=-0.0069]
Epoch 31/150 [train]:  35%|███▍      | 9/26 [00:00<00:00, 86.04it/s, S=0.0320, loss=-0.0097]
Epoch 31/150 [train]:  35%|███▍      | 9/26 [00:00<00:00, 86.04it/s, S=0.0304, loss=-0.0086]
Epoch 31/150 [train]:  35%|███▍      | 9/26 [00:00<00:00, 86.04it/s, S=0.0296, loss=-0.0064]
Epoch 31/150 [train]:  35%|███▍      | 9/26 [00:00<00:00, 86.04it/s, S=0.0315, loss=-0.0083]
Epoch 31/150 [train]:  35%|███▍      | 9/26 [00:00<00:00, 86.04it/s, S=0.0305, loss=-0.0072]
Epoch 31/150 [train]:  35%|███▍      | 9/26 [00:00<00:00, 86.04it/s, S=0.0311, loss=-0.0073]
Epoch 31/150 [train]:  35%|███▍      | 9/26 [00:00<00:00, 86.04it/s, S=0.0315, loss=-0.0080]
Epoch 31/150 [train]:  35%|███▍      | 9/26 [00:00<00:00, 86.04it/s, S=0.0324, loss=-0.0098]
Epoch 31/150 [train]:  35%|███▍      | 9/26 [00:00<00:00, 86.04it/s, S=0.0311, loss=-0.0081]
Epoch 31/150 [train]:  69%|██████▉   | 18/26 [00:00<00:00, 86.36it/s, S=0.0311, loss=-0.0081]
Epoch 31/150 [train]:  69%|██████▉   | 18/26 [00:00<00:00, 86.36it/s, S=0.0298, loss=-0.0070]
Epoch 31/150 [train]:  69%|██████▉   | 18/26 [00:00<00:00, 86.36it/s, S=0.0323, loss=-0.0094]
Epoch 31/150 [train]:  69%|██████▉   | 18/26 [00:00<00:00, 86.36it/s, S=0.0302, loss=-0.0071]
Epoch 31/150 [train]:  69%|██████▉   | 18/26 [00:00<00:00, 86.36it/s, S=0.0313, loss=-0.0081]
Epoch 31/150 [train]:  69%|██████▉   | 18/26 [00:00<00:00, 86.36it/s, S=0.0311, loss=-0.0078]
Epoch 31/150 [train]:  69%|██████▉   | 18/26 [00:00<00:00, 86.36it/s, S=0.0315, loss=-0.0078]
Epoch 31/150 [train]:  69%|██████▉   | 18/26 [00:00<00:00, 86.36it/s, S=0.0306, loss=-0.0067]
Epoch 31/150 [train]:  69%|██████▉   | 18/26 [00:00<00:00, 86.36it/s, S=0.0307, loss=-0.0069]
                                                                                             
Epoch  31/150  train loss=-0.0080  val loss=0.0045  S[mean]=0.0335  ζ=0.2412  mean_plane_ζ=0.1743  reg=0.0380  λscale=1.00  lr=4.99e-04

Epoch 32/150 [train]:   0%|          | 0/26 [00:00<?, ?it/s]
Epoch 32/150 [train]:   0%|          | 0/26 [00:00<?, ?it/s, S=0.0320, loss=-0.0099]
Epoch 32/150 [train]:   0%|          | 0/26 [00:00<?, ?it/s, S=0.0320, loss=-0.0089]
Epoch 32/150 [train]:   0%|          | 0/26 [00:00<?, ?it/s, S=0.0323, loss=-0.0085]
Epoch 32/150 [train]:   0%|          | 0/26 [00:00<?, ?it/s, S=0.0320, loss=-0.0080]
Epoch 32/150 [train]:   0%|          | 0/26 [00:00<?, ?it/s, S=0.0319, loss=-0.0075]
Epoch 32/150 [train]:   0%|          | 0/26 [00:00<?, ?it/s, S=0.0321, loss=-0.0088]
Epoch 32/150 [train]:   0%|          | 0/26 [00:00<?, ?it/s, S=0.0320, loss=-0.0078]
Epoch 32/150 [train]:   0%|          | 0/26 [00:00<?, ?it/s, S=0.0327, loss=-0.0088]
Epoch 32/150 [train]:   0%|          | 0/26 [00:00<?, ?it/s, S=0.0324, loss=-0.0078]
Epoch 32/150 [train]:  35%|███▍      | 9/26 [00:00<00:00, 86.59it/s, S=0.0324, loss=-0.0078]
Epoch 32/150 [train]:  35%|███▍      | 9/26 [00:00<00:00, 86.59it/s, S=0.0323, loss=-0.0087]
Epoch 32/150 [train]:  35%|███▍      | 9/26 [00:00<00:00, 86.59it/s, S=0.0326, loss=-0.0088]
Epoch 32/150 [train]:  35%|███▍      | 9/26 [00:00<00:00, 86.59it/s, S=0.0329, loss=-0.0077]
Epoch 32/150 [train]:  35%|███▍      | 9/26 [00:00<00:00, 86.59it/s, S=0.0314, loss=-0.0076]
Epoch 32/150 [train]:  35%|███▍      | 9/26 [00:00<00:00, 86.59it/s, S=0.0328, loss=-0.0100]
Epoch 32/150 [train]:  35%|███▍      | 9/26 [00:00<00:00, 86.59it/s, S=0.0333, loss=-0.0101]
Epoch 32/150 [train]:  35%|███▍      | 9/26 [00:00<00:00, 86.59it/s, S=0.0332, loss=-0.0097]
Epoch 32/150 [train]:  35%|███▍      | 9/26 [00:00<00:00, 86.59it/s, S=0.0336, loss=-0.0102]
Epoch 32/150 [train]:  35%|███▍      | 9/26 [00:00<00:00, 86.59it/s, S=0.0327, loss=-0.0092]
Epoch 32/150 [train]:  69%|██████▉   | 18/26 [00:00<00:00, 86.72it/s, S=0.0327, loss=-0.0092]
Epoch 32/150 [train]:  69%|██████▉   | 18/26 [00:00<00:00, 86.72it/s, S=0.0338, loss=-0.0107]
Epoch 32/150 [train]:  69%|██████▉   | 18/26 [00:00<00:00, 86.72it/s, S=0.0336, loss=-0.0112]
Epoch 32/150 [train]:  69%|██████▉   | 18/26 [00:00<00:00, 86.72it/s, S=0.0327, loss=-0.0095]
Epoch 32/150 [train]:  69%|██████▉   | 18/26 [00:00<00:00, 86.72it/s, S=0.0325, loss=-0.0093]
Epoch 32/150 [train]:  69%|██████▉   | 18/26 [00:00<00:00, 86.72it/s, S=0.0323, loss=-0.0078]
Epoch 32/150 [train]:  69%|██████▉   | 18/26 [00:00<00:00, 86.72it/s, S=0.0330, loss=-0.0095]
Epoch 32/150 [train]:  69%|██████▉   | 18/26 [00:00<00:00, 86.72it/s, S=0.0341, loss=-0.0096]
Epoch 32/150 [train]:  69%|██████▉   | 18/26 [00:00<00:00, 86.72it/s, S=0.0334, loss=-0.0094]
                                                                                             
Epoch  32/150  train loss=-0.0090  val loss=0.0041  S[mean]=0.0349  ζ=0.2443  mean_plane_ζ=0.1738  reg=0.0390  λscale=1.00  lr=4.97e-04

Epoch 33/150 [train]:   0%|          | 0/26 [00:00<?, ?it/s]
Epoch 33/150 [train]:   0%|          | 0/26 [00:00<?, ?it/s, S=0.0343, loss=-0.0108]
Epoch 33/150 [train]:   0%|          | 0/26 [00:00<?, ?it/s, S=0.0339, loss=-0.0106]
Epoch 33/150 [train]:   0%|          | 0/26 [00:00<?, ?it/s, S=0.0340, loss=-0.0105]
Epoch 33/150 [train]:   0%|          | 0/26 [00:00<?, ?it/s, S=0.0336, loss=-0.0115]
Epoch 33/150 [train]:   0%|          | 0/26 [00:00<?, ?it/s, S=0.0333, loss=-0.0098]
Epoch 33/150 [train]:   0%|          | 0/26 [00:00<?, ?it/s, S=0.0347, loss=-0.0113]
Epoch 33/150 [train]:   0%|          | 0/26 [00:00<?, ?it/s, S=0.0344, loss=-0.0108]
Epoch 33/150 [train]:   0%|          | 0/26 [00:00<?, ?it/s, S=0.0341, loss=-0.0112]
Epoch 33/150 [train]:   0%|          | 0/26 [00:00<?, ?it/s, S=0.0341, loss=-0.0100]
Epoch 33/150 [train]:  35%|███▍      | 9/26 [00:00<00:00, 86.51it/s, S=0.0341, loss=-0.0100]
Epoch 33/150 [train]:  35%|███▍      | 9/26 [00:00<00:00, 86.51it/s, S=0.0335, loss=-0.0098]
Epoch 33/150 [train]:  35%|███▍      | 9/26 [00:00<00:00, 86.51it/s, S=0.0340, loss=-0.0097]
Epoch 33/150 [train]:  35%|███▍      | 9/26 [00:00<00:00, 86.51it/s, S=0.0340, loss=-0.0100]
Epoch 33/150 [train]:  35%|███▍      | 9/26 [00:00<00:00, 86.51it/s, S=0.0344, loss=-0.0105]
Epoch 33/150 [train]:  35%|███▍      | 9/26 [00:00<00:00, 86.51it/s, S=0.0336, loss=-0.0103]
Epoch 33/150 [train]:  35%|███▍      | 9/26 [00:00<00:00, 86.51it/s, S=0.0344, loss=-0.0110]
Epoch 33/150 [train]:  35%|███▍      | 9/26 [00:00<00:00, 86.51it/s, S=0.0333, loss=-0.0101]
Epoch 33/150 [train]:  35%|███▍      | 9/26 [00:00<00:00, 86.51it/s, S=0.0337, loss=-0.0110]
Epoch 33/150 [train]:  35%|███▍      | 9/26 [00:00<00:00, 86.51it/s, S=0.0342, loss=-0.0106]
Epoch 33/150 [train]:  69%|██████▉   | 18/26 [00:00<00:00, 86.76it/s, S=0.0342, loss=-0.0106]
Epoch 33/150 [train]:  69%|██████▉   | 18/26 [00:00<00:00, 86.76it/s, S=0.0342, loss=-0.0108]
Epoch 33/150 [train]:  69%|██████▉   | 18/26 [00:00<00:00, 86.76it/s, S=0.0354, loss=-0.0115]
Epoch 33/150 [train]:  69%|██████▉   | 18/26 [00:00<00:00, 86.76it/s, S=0.0338, loss=-0.0091]
Epoch 33/150 [train]:  69%|██████▉   | 18/26 [00:00<00:00, 86.76it/s, S=0.0345, loss=-0.0111]
Epoch 33/150 [train]:  69%|██████▉   | 18/26 [00:00<00:00, 86.76it/s, S=0.0335, loss=-0.0106]
Epoch 33/150 [train]:  69%|██████▉   | 18/26 [00:00<00:00, 86.76it/s, S=0.0341, loss=-0.0101]
Epoch 33/150 [train]:  69%|██████▉   | 18/26 [00:00<00:00, 86.76it/s, S=0.0350, loss=-0.0104]
Epoch 33/150 [train]:  69%|██████▉   | 18/26 [00:00<00:00, 86.76it/s, S=0.0339, loss=-0.0092]
                                                                                             
Epoch  33/150  train loss=-0.0105  val loss=0.0042  S[mean]=0.0357  ζ=0.2459  mean_plane_ζ=0.1732  reg=0.0399  λscale=1.00  lr=4.93e-04

Epoch 34/150 [train]:   0%|          | 0/26 [00:00<?, ?it/s]
Epoch 34/150 [train]:   0%|          | 0/26 [00:00<?, ?it/s, S=0.0344, loss=-0.0119]
Epoch 34/150 [train]:   0%|          | 0/26 [00:00<?, ?it/s, S=0.0344, loss=-0.0117]
Epoch 34/150 [train]:   0%|          | 0/26 [00:00<?, ?it/s, S=0.0346, loss=-0.0115]
Epoch 34/150 [train]:   0%|          | 0/26 [00:00<?, ?it/s, S=0.0360, loss=-0.0134]
Epoch 34/150 [train]:   0%|          | 0/26 [00:00<?, ?it/s, S=0.0344, loss=-0.0112]
Epoch 34/150 [train]:   0%|          | 0/26 [00:00<?, ?it/s, S=0.0338, loss=-0.0098]
Epoch 34/150 [train]:   0%|          | 0/26 [00:00<?, ?it/s, S=0.0337, loss=-0.0098]
Epoch 34/150 [train]:   0%|          | 0/26 [00:00<?, ?it/s, S=0.0349, loss=-0.0112]
Epoch 34/150 [train]:   0%|          | 0/26 [00:00<?, ?it/s, S=0.0350, loss=-0.0126]
Epoch 34/150 [train]:  35%|███▍      | 9/26 [00:00<00:00, 86.48it/s, S=0.0350, loss=-0.0126]
Epoch 34/150 [train]:  35%|███▍      | 9/26 [00:00<00:00, 86.48it/s, S=0.0348, loss=-0.0117]
Epoch 34/150 [train]:  35%|███▍      | 9/26 [00:00<00:00, 86.48it/s, S=0.0353, loss=-0.0124]
Epoch 34/150 [train]:  35%|███▍      | 9/26 [00:00<00:00, 86.48it/s, S=0.0357, loss=-0.0117]
Epoch 34/150 [train]:  35%|███▍      | 9/26 [00:00<00:00, 86.48it/s, S=0.0338, loss=-0.0090]
Epoch 34/150 [train]:  35%|███▍      | 9/26 [00:00<00:00, 86.48it/s, S=0.0349, loss=-0.0110]
Epoch 34/150 [train]:  35%|███▍      | 9/26 [00:00<00:00, 86.48it/s, S=0.0357, loss=-0.0118]
Epoch 34/150 [train]:  35%|███▍      | 9/26 [00:00<00:00, 86.48it/s, S=0.0346, loss=-0.0111]
Epoch 34/150 [train]:  35%|███▍      | 9/26 [00:00<00:00, 86.48it/s, S=0.0350, loss=-0.0122]
Epoch 34/150 [train]:  35%|███▍      | 9/26 [00:00<00:00, 86.48it/s, S=0.0338, loss=-0.0093]
Epoch 34/150 [train]:  69%|██████▉   | 18/26 [00:00<00:00, 86.72it/s, S=0.0338, loss=-0.0093]
Epoch 34/150 [train]:  69%|██████▉   | 18/26 [00:00<00:00, 86.72it/s, S=0.0351, loss=-0.0120]
Epoch 34/150 [train]:  69%|██████▉   | 18/26 [00:00<00:00, 86.72it/s, S=0.0348, loss=-0.0109]
Epoch 34/150 [train]:  69%|██████▉   | 18/26 [00:00<00:00, 86.72it/s, S=0.0342, loss=-0.0113]
Epoch 34/150 [train]:  69%|██████▉   | 18/26 [00:00<00:00, 86.72it/s, S=0.0358, loss=-0.0128]
Epoch 34/150 [train]:  69%|██████▉   | 18/26 [00:00<00:00, 86.72it/s, S=0.0353, loss=-0.0108]
Epoch 34/150 [train]:  69%|██████▉   | 18/26 [00:00<00:00, 86.72it/s, S=0.0344, loss=-0.0097]
Epoch 34/150 [train]:  69%|██████▉   | 18/26 [00:00<00:00, 86.72it/s, S=0.0353, loss=-0.0105]
Epoch 34/150 [train]:  69%|██████▉   | 18/26 [00:00<00:00, 86.72it/s, S=0.0355, loss=-0.0126]
                                                                                             
Epoch  34/150  train loss=-0.0113  val loss=0.0051  S[mean]=0.0363  ζ=0.2475  mean_plane_ζ=0.1729  reg=0.0414  λscale=1.00  lr=4.88e-04

Epoch 35/150 [train]:   0%|          | 0/26 [00:00<?, ?it/s]
Epoch 35/150 [train]:   0%|          | 0/26 [00:00<?, ?it/s, S=0.0349, loss=-0.0119]
Epoch 35/150 [train]:   0%|          | 0/26 [00:00<?, ?it/s, S=0.0354, loss=-0.0121]
Epoch 35/150 [train]:   0%|          | 0/26 [00:00<?, ?it/s, S=0.0343, loss=-0.0099]
Epoch 35/150 [train]:   0%|          | 0/26 [00:00<?, ?it/s, S=0.0349, loss=-0.0123]
Epoch 35/150 [train]:   0%|          | 0/26 [00:00<?, ?it/s, S=0.0356, loss=-0.0122]
Epoch 35/150 [train]:   0%|          | 0/26 [00:00<?, ?it/s, S=0.0355, loss=-0.0116]
Epoch 35/150 [train]:   0%|          | 0/26 [00:00<?, ?it/s, S=0.0352, loss=-0.0119]
Epoch 35/150 [train]:   0%|          | 0/26 [00:00<?, ?it/s, S=0.0358, loss=-0.0127]
Epoch 35/150 [train]:   0%|          | 0/26 [00:00<?, ?it/s, S=0.0346, loss=-0.0107]
Epoch 35/150 [train]:  35%|███▍      | 9/26 [00:00<00:00, 86.50it/s, S=0.0346, loss=-0.0107]
Epoch 35/150 [train]:  35%|███▍      | 9/26 [00:00<00:00, 86.50it/s, S=0.0343, loss=-0.0102]
Epoch 35/150 [train]:  35%|███▍      | 9/26 [00:00<00:00, 86.50it/s, S=0.0350, loss=-0.0102]
Epoch 35/150 [train]:  35%|███▍      | 9/26 [00:00<00:00, 86.50it/s, S=0.0352, loss=-0.0124]
Epoch 35/150 [train]:  35%|███▍      | 9/26 [00:00<00:00, 86.50it/s, S=0.0354, loss=-0.0123]
Epoch 35/150 [train]:  35%|███▍      | 9/26 [00:00<00:00, 86.50it/s, S=0.0351, loss=-0.0113]
Epoch 35/150 [train]:  35%|███▍      | 9/26 [00:00<00:00, 86.50it/s, S=0.0358, loss=-0.0096]
Epoch 35/150 [train]:  35%|███▍      | 9/26 [00:00<00:00, 86.50it/s, S=0.0366, loss=-0.0130]
Epoch 35/150 [train]:  35%|███▍      | 9/26 [00:00<00:00, 86.50it/s, S=0.0363, loss=-0.0130]
Epoch 35/150 [train]:  35%|███▍      | 9/26 [00:00<00:00, 86.50it/s, S=0.0353, loss=-0.0119]
Epoch 35/150 [train]:  69%|██████▉   | 18/26 [00:00<00:00, 86.47it/s, S=0.0353, loss=-0.0119]
Epoch 35/150 [train]:  69%|██████▉   | 18/26 [00:00<00:00, 86.47it/s, S=0.0360, loss=-0.0127]
Epoch 35/150 [train]:  69%|██████▉   | 18/26 [00:00<00:00, 86.47it/s, S=0.0349, loss=-0.0115]
Epoch 35/150 [train]:  69%|██████▉   | 18/26 [00:00<00:00, 86.47it/s, S=0.0361, loss=-0.0127]
Epoch 35/150 [train]:  69%|██████▉   | 18/26 [00:00<00:00, 86.47it/s, S=0.0352, loss=-0.0106]
Epoch 35/150 [train]:  69%|██████▉   | 18/26 [00:00<00:00, 86.47it/s, S=0.0358, loss=-0.0124]
Epoch 35/150 [train]:  69%|██████▉   | 18/26 [00:00<00:00, 86.47it/s, S=0.0361, loss=-0.0126]
Epoch 35/150 [train]:  69%|██████▉   | 18/26 [00:00<00:00, 86.47it/s, S=0.0358, loss=-0.0119]
Epoch 35/150 [train]:  69%|██████▉   | 18/26 [00:00<00:00, 86.47it/s, S=0.0353, loss=-0.0124]
                                                                                             
Epoch  35/150  train loss=-0.0118  val loss=0.0049  S[mean]=0.0369  ζ=0.2492  mean_plane_ζ=0.1729  reg=0.0418  λscale=1.00  lr=4.81e-04

Epoch 36/150 [train]:   0%|          | 0/26 [00:00<?, ?it/s]
Epoch 36/150 [train]:   0%|          | 0/26 [00:00<?, ?it/s, S=0.0365, loss=-0.0138]
Epoch 36/150 [train]:   0%|          | 0/26 [00:00<?, ?it/s, S=0.0365, loss=-0.0132]
Epoch 36/150 [train]:   0%|          | 0/26 [00:00<?, ?it/s, S=0.0365, loss=-0.0142]
Epoch 36/150 [train]:   0%|          | 0/26 [00:00<?, ?it/s, S=0.0353, loss=-0.0126]
Epoch 36/150 [train]:   0%|          | 0/26 [00:00<?, ?it/s, S=0.0362, loss=-0.0134]
Epoch 36/150 [train]:   0%|          | 0/26 [00:00<?, ?it/s, S=0.0345, loss=-0.0099]
Epoch 36/150 [train]:   0%|          | 0/26 [00:00<?, ?it/s, S=0.0365, loss=-0.0135]
Epoch 36/150 [train]:   0%|          | 0/26 [00:00<?, ?it/s, S=0.0350, loss=-0.0125]
Epoch 36/150 [train]:   0%|          | 0/26 [00:00<?, ?it/s, S=0.0362, loss=-0.0136]
Epoch 36/150 [train]:  35%|███▍      | 9/26 [00:00<00:00, 86.32it/s, S=0.0362, loss=-0.0136]
Epoch 36/150 [train]:  35%|███▍      | 9/26 [00:00<00:00, 86.32it/s, S=0.0358, loss=-0.0124]
Epoch 36/150 [train]:  35%|███▍      | 9/26 [00:00<00:00, 86.32it/s, S=0.0354, loss=-0.0122]
Epoch 36/150 [train]:  35%|███▍      | 9/26 [00:00<00:00, 86.32it/s, S=0.0364, loss=-0.0135]
Epoch 36/150 [train]:  35%|███▍      | 9/26 [00:00<00:00, 86.32it/s, S=0.0362, loss=-0.0127]
Epoch 36/150 [train]:  35%|███▍      | 9/26 [00:00<00:00, 86.32it/s, S=0.0367, loss=-0.0139]
Epoch 36/150 [train]:  35%|███▍      | 9/26 [00:00<00:00, 86.32it/s, S=0.0355, loss=-0.0125]
Epoch 36/150 [train]:  35%|███▍      | 9/26 [00:00<00:00, 86.32it/s, S=0.0362, loss=-0.0137]
Epoch 36/150 [train]:  35%|███▍      | 9/26 [00:00<00:00, 86.32it/s, S=0.0357, loss=-0.0123]
Epoch 36/150 [train]:  35%|███▍      | 9/26 [00:00<00:00, 86.32it/s, S=0.0364, loss=-0.0126]
Epoch 36/150 [train]:  69%|██████▉   | 18/26 [00:00<00:00, 86.64it/s, S=0.0364, loss=-0.0126]
Epoch 36/150 [train]:  69%|██████▉   | 18/26 [00:00<00:00, 86.64it/s, S=0.0364, loss=-0.0140]
Epoch 36/150 [train]:  69%|██████▉   | 18/26 [00:00<00:00, 86.64it/s, S=0.0359, loss=-0.0129]
Epoch 36/150 [train]:  69%|██████▉   | 18/26 [00:00<00:00, 86.64it/s, S=0.0346, loss=-0.0115]
Epoch 36/150 [train]:  69%|██████▉   | 18/26 [00:00<00:00, 86.64it/s, S=0.0364, loss=-0.0133]
Epoch 36/150 [train]:  69%|██████▉   | 18/26 [00:00<00:00, 86.64it/s, S=0.0369, loss=-0.0144]
Epoch 36/150 [train]:  69%|██████▉   | 18/26 [00:00<00:00, 86.64it/s, S=0.0365, loss=-0.0140]
Epoch 36/150 [train]:  69%|██████▉   | 18/26 [00:00<00:00, 86.64it/s, S=0.0353, loss=-0.0133]
Epoch 36/150 [train]:  69%|██████▉   | 18/26 [00:00<00:00, 86.64it/s, S=0.0367, loss=-0.0130]
                                                                                             
Epoch  36/150  train loss=-0.0130  val loss=0.0049  S[mean]=0.0374  ζ=0.2504  mean_plane_ζ=0.1730  reg=0.0422  λscale=1.00  lr=4.73e-04

Epoch 37/150 [train]:   0%|          | 0/26 [00:00<?, ?it/s]
Epoch 37/150 [train]:   0%|          | 0/26 [00:00<?, ?it/s, S=0.0371, loss=-0.0143]
Epoch 37/150 [train]:   0%|          | 0/26 [00:00<?, ?it/s, S=0.0355, loss=-0.0124]
Epoch 37/150 [train]:   0%|          | 0/26 [00:00<?, ?it/s, S=0.0359, loss=-0.0141]
Epoch 37/150 [train]:   0%|          | 0/26 [00:00<?, ?it/s, S=0.0359, loss=-0.0126]
Epoch 37/150 [train]:   0%|          | 0/26 [00:00<?, ?it/s, S=0.0353, loss=-0.0130]
Epoch 37/150 [train]:   0%|          | 0/26 [00:00<?, ?it/s, S=0.0357, loss=-0.0134]
Epoch 37/150 [train]:   0%|          | 0/26 [00:00<?, ?it/s, S=0.0361, loss=-0.0128]
Epoch 37/150 [train]:   0%|          | 0/26 [00:00<?, ?it/s, S=0.0365, loss=-0.0126]
Epoch 37/150 [train]:   0%|          | 0/26 [00:00<?, ?it/s, S=0.0373, loss=-0.0146]
Epoch 37/150 [train]:  35%|███▍      | 9/26 [00:00<00:00, 86.49it/s, S=0.0373, loss=-0.0146]
Epoch 37/150 [train]:  35%|███▍      | 9/26 [00:00<00:00, 86.49it/s, S=0.0373, loss=-0.0145]
Epoch 37/150 [train]:  35%|███▍      | 9/26 [00:00<00:00, 86.49it/s, S=0.0373, loss=-0.0150]
Epoch 37/150 [train]:  35%|███▍      | 9/26 [00:00<00:00, 86.49it/s, S=0.0369, loss=-0.0137]
Epoch 37/150 [train]:  35%|███▍      | 9/26 [00:00<00:00, 86.49it/s, S=0.0363, loss=-0.0124]
Epoch 37/150 [train]:  35%|███▍      | 9/26 [00:00<00:00, 86.49it/s, S=0.0360, loss=-0.0138]
Epoch 37/150 [train]:  35%|███▍      | 9/26 [00:00<00:00, 86.49it/s, S=0.0351, loss=-0.0098]
Epoch 37/150 [train]:  35%|███▍      | 9/26 [00:00<00:00, 86.49it/s, S=0.0363, loss=-0.0124]
Epoch 37/150 [train]:  35%|███▍      | 9/26 [00:00<00:00, 86.49it/s, S=0.0363, loss=-0.0127]
Epoch 37/150 [train]:  35%|███▍      | 9/26 [00:00<00:00, 86.49it/s, S=0.0356, loss=-0.0123]
Epoch 37/150 [train]:  69%|██████▉   | 18/26 [00:00<00:00, 86.47it/s, S=0.0356, loss=-0.0123]
Epoch 37/150 [train]:  69%|██████▉   | 18/26 [00:00<00:00, 86.47it/s, S=0.0357, loss=-0.0088]
Epoch 37/150 [train]:  69%|██████▉   | 18/26 [00:00<00:00, 86.47it/s, S=0.0367, loss=-0.0136]
Epoch 37/150 [train]:  69%|██████▉   | 18/26 [00:00<00:00, 86.47it/s, S=0.0370, loss=-0.0138]
Epoch 37/150 [train]:  69%|██████▉   | 18/26 [00:00<00:00, 86.47it/s, S=0.0360, loss=-0.0134]
Epoch 37/150 [train]:  69%|██████▉   | 18/26 [00:00<00:00, 86.47it/s, S=0.0362, loss=-0.0136]
Epoch 37/150 [train]:  69%|██████▉   | 18/26 [00:00<00:00, 86.47it/s, S=0.0361, loss=-0.0133]
Epoch 37/150 [train]:  69%|██████▉   | 18/26 [00:00<00:00, 86.47it/s, S=0.0363, loss=-0.0140]
Epoch 37/150 [train]:  69%|██████▉   | 18/26 [00:00<00:00, 86.47it/s, S=0.0370, loss=-0.0147]
                                                                                             
Epoch  37/150  train loss=-0.0131  val loss=0.0049  S[mean]=0.0377  ζ=0.2515  mean_plane_ζ=0.1730  reg=0.0426  λscale=1.00  lr=4.63e-04

Epoch 38/150 [train]:   0%|          | 0/26 [00:00<?, ?it/s]
Epoch 38/150 [train]:   0%|          | 0/26 [00:00<?, ?it/s, S=0.0367, loss=-0.0149]
Epoch 38/150 [train]:   0%|          | 0/26 [00:00<?, ?it/s, S=0.0372, loss=-0.0149]
Epoch 38/150 [train]:   0%|          | 0/26 [00:00<?, ?it/s, S=0.0363, loss=-0.0139]
Epoch 38/150 [train]:   0%|          | 0/26 [00:00<?, ?it/s, S=0.0371, loss=-0.0158]
Epoch 38/150 [train]:   0%|          | 0/26 [00:00<?, ?it/s, S=0.0368, loss=-0.0150]
Epoch 38/150 [train]:   0%|          | 0/26 [00:00<?, ?it/s, S=0.0365, loss=-0.0151]
Epoch 38/150 [train]:   0%|          | 0/26 [00:00<?, ?it/s, S=0.0352, loss=-0.0134]
Epoch 38/150 [train]:   0%|          | 0/26 [00:00<?, ?it/s, S=0.0370, loss=-0.0153]
Epoch 38/150 [train]:   0%|          | 0/26 [00:00<?, ?it/s, S=0.0373, loss=-0.0140]
Epoch 38/150 [train]:  35%|███▍      | 9/26 [00:00<00:00, 85.94it/s, S=0.0373, loss=-0.0140]
Epoch 38/150 [train]:  35%|███▍      | 9/26 [00:00<00:00, 85.94it/s, S=0.0366, loss=-0.0141]
Epoch 38/150 [train]:  35%|███▍      | 9/26 [00:00<00:00, 85.94it/s, S=0.0374, loss=-0.0152]
Epoch 38/150 [train]:  35%|███▍      | 9/26 [00:00<00:00, 85.94it/s, S=0.0371, loss=-0.0147]
Epoch 38/150 [train]:  35%|███▍      | 9/26 [00:00<00:00, 85.94it/s, S=0.0369, loss=-0.0139]
Epoch 38/150 [train]:  35%|███▍      | 9/26 [00:00<00:00, 85.94it/s, S=0.0354, loss=-0.0124]
Epoch 38/150 [train]:  35%|███▍      | 9/26 [00:00<00:00, 85.94it/s, S=0.0380, loss=-0.0161]
Epoch 38/150 [train]:  35%|███▍      | 9/26 [00:00<00:00, 85.94it/s, S=0.0367, loss=-0.0140]
Epoch 38/150 [train]:  35%|███▍      | 9/26 [00:00<00:00, 85.94it/s, S=0.0370, loss=-0.0146]
Epoch 38/150 [train]:  35%|███▍      | 9/26 [00:00<00:00, 85.94it/s, S=0.0377, loss=-0.0148]
Epoch 38/150 [train]:  69%|██████▉   | 18/26 [00:00<00:00, 86.35it/s, S=0.0377, loss=-0.0148]
Epoch 38/150 [train]:  69%|██████▉   | 18/26 [00:00<00:00, 86.35it/s, S=0.0363, loss=-0.0148]
Epoch 38/150 [train]:  69%|██████▉   | 18/26 [00:00<00:00, 86.35it/s, S=0.0365, loss=-0.0152]
Epoch 38/150 [train]:  69%|██████▉   | 18/26 [00:00<00:00, 86.35it/s, S=0.0377, loss=-0.0162]
Epoch 38/150 [train]:  69%|██████▉   | 18/26 [00:00<00:00, 86.35it/s, S=0.0374, loss=-0.0151]
Epoch 38/150 [train]:  69%|██████▉   | 18/26 [00:00<00:00, 86.35it/s, S=0.0374, loss=-0.0157]
Epoch 38/150 [train]:  69%|██████▉   | 18/26 [00:00<00:00, 86.35it/s, S=0.0375, loss=-0.0159]
Epoch 38/150 [train]:  69%|██████▉   | 18/26 [00:00<00:00, 86.35it/s, S=0.0369, loss=-0.0141]
Epoch 38/150 [train]:  69%|██████▉   | 18/26 [00:00<00:00, 86.35it/s, S=0.0369, loss=-0.0137]
                                                                                             
Epoch  38/150  train loss=-0.0147  val loss=0.0039  S[mean]=0.0381  ζ=0.2523  mean_plane_ζ=0.1731  reg=0.0420  λscale=1.00  lr=4.52e-04

Epoch 39/150 [train]:   0%|          | 0/26 [00:00<?, ?it/s]
Epoch 39/150 [train]:   0%|          | 0/26 [00:00<?, ?it/s, S=0.0367, loss=-0.0151]
Epoch 39/150 [train]:   0%|          | 0/26 [00:00<?, ?it/s, S=0.0384, loss=-0.0174]
Epoch 39/150 [train]:   0%|          | 0/26 [00:00<?, ?it/s, S=0.0374, loss=-0.0152]
Epoch 39/150 [train]:   0%|          | 0/26 [00:00<?, ?it/s, S=0.0376, loss=-0.0158]
Epoch 39/150 [train]:   0%|          | 0/26 [00:00<?, ?it/s, S=0.0360, loss=-0.0138]
Epoch 39/150 [train]:   0%|          | 0/26 [00:00<?, ?it/s, S=0.0375, loss=-0.0152]
Epoch 39/150 [train]:   0%|          | 0/26 [00:00<?, ?it/s, S=0.0371, loss=-0.0148]
Epoch 39/150 [train]:   0%|          | 0/26 [00:00<?, ?it/s, S=0.0377, loss=-0.0167]
Epoch 39/150 [train]:   0%|          | 0/26 [00:00<?, ?it/s, S=0.0374, loss=-0.0154]
Epoch 39/150 [train]:  35%|███▍      | 9/26 [00:00<00:00, 86.42it/s, S=0.0374, loss=-0.0154]
Epoch 39/150 [train]:  35%|███▍      | 9/26 [00:00<00:00, 86.42it/s, S=0.0374, loss=-0.0154]
Epoch 39/150 [train]:  35%|███▍      | 9/26 [00:00<00:00, 86.42it/s, S=0.0373, loss=-0.0152]
Epoch 39/150 [train]:  35%|███▍      | 9/26 [00:00<00:00, 86.42it/s, S=0.0376, loss=-0.0161]
Epoch 39/150 [train]:  35%|███▍      | 9/26 [00:00<00:00, 86.42it/s, S=0.0368, loss=-0.0146]
Epoch 39/150 [train]:  35%|███▍      | 9/26 [00:00<00:00, 86.42it/s, S=0.0370, loss=-0.0154]
Epoch 39/150 [train]:  35%|███▍      | 9/26 [00:00<00:00, 86.42it/s, S=0.0367, loss=-0.0144]
Epoch 39/150 [train]:  35%|███▍      | 9/26 [00:00<00:00, 86.42it/s, S=0.0371, loss=-0.0146]
Epoch 39/150 [train]:  35%|███▍      | 9/26 [00:00<00:00, 86.42it/s, S=0.0366, loss=-0.0131]
Epoch 39/150 [train]:  35%|███▍      | 9/26 [00:00<00:00, 86.42it/s, S=0.0377, loss=-0.0154]
Epoch 39/150 [train]:  69%|██████▉   | 18/26 [00:00<00:00, 86.58it/s, S=0.0377, loss=-0.0154]
Epoch 39/150 [train]:  69%|██████▉   | 18/26 [00:00<00:00, 86.58it/s, S=0.0372, loss=-0.0142]
Epoch 39/150 [train]:  69%|██████▉   | 18/26 [00:00<00:00, 86.58it/s, S=0.0371, loss=-0.0131]
Epoch 39/150 [train]:  69%|██████▉   | 18/26 [00:00<00:00, 86.58it/s, S=0.0375, loss=-0.0143]
Epoch 39/150 [train]:  69%|██████▉   | 18/26 [00:00<00:00, 86.58it/s, S=0.0373, loss=-0.0161]
Epoch 39/150 [train]:  69%|██████▉   | 18/26 [00:00<00:00, 86.58it/s, S=0.0370, loss=-0.0150]
Epoch 39/150 [train]:  69%|██████▉   | 18/26 [00:00<00:00, 86.58it/s, S=0.0374, loss=-0.0152]
Epoch 39/150 [train]:  69%|██████▉   | 18/26 [00:00<00:00, 86.58it/s, S=0.0378, loss=-0.0152]
Epoch 39/150 [train]:  69%|██████▉   | 18/26 [00:00<00:00, 86.58it/s, S=0.0374, loss=-0.0152]
                                                                                             
Epoch  39/150  train loss=-0.0151  val loss=0.0047  S[mean]=0.0383  ζ=0.2523  mean_plane_ζ=0.1730  reg=0.0430  λscale=1.00  lr=4.40e-04

Epoch 40/150 [train]:   0%|          | 0/26 [00:00<?, ?it/s]
Epoch 40/150 [train]:   0%|          | 0/26 [00:00<?, ?it/s, S=0.0368, loss=-0.0145]
Epoch 40/150 [train]:   0%|          | 0/26 [00:00<?, ?it/s, S=0.0376, loss=-0.0162]
Epoch 40/150 [train]:   0%|          | 0/26 [00:00<?, ?it/s, S=0.0377, loss=-0.0162]
Epoch 40/150 [train]:   0%|          | 0/26 [00:00<?, ?it/s, S=0.0380, loss=-0.0168]
Epoch 40/150 [train]:   0%|          | 0/26 [00:00<?, ?it/s, S=0.0385, loss=-0.0177]
Epoch 40/150 [train]:   0%|          | 0/26 [00:00<?, ?it/s, S=0.0379, loss=-0.0163]
Epoch 40/150 [train]:   0%|          | 0/26 [00:00<?, ?it/s, S=0.0378, loss=-0.0165]
Epoch 40/150 [train]:   0%|          | 0/26 [00:00<?, ?it/s, S=0.0377, loss=-0.0155]
Epoch 40/150 [train]:   0%|          | 0/26 [00:00<?, ?it/s, S=0.0383, loss=-0.0166]
Epoch 40/150 [train]:  35%|███▍      | 9/26 [00:00<00:00, 86.49it/s, S=0.0383, loss=-0.0166]
Epoch 40/150 [train]:  35%|███▍      | 9/26 [00:00<00:00, 86.49it/s, S=0.0373, loss=-0.0153]
Epoch 40/150 [train]:  35%|███▍      | 9/26 [00:00<00:00, 86.49it/s, S=0.0379, loss=-0.0157]
Epoch 40/150 [train]:  35%|███▍      | 9/26 [00:00<00:00, 86.49it/s, S=0.0378, loss=-0.0160]
Epoch 40/150 [train]:  35%|███▍      | 9/26 [00:00<00:00, 86.49it/s, S=0.0368, loss=-0.0152]
Epoch 40/150 [train]:  35%|███▍      | 9/26 [00:00<00:00, 86.49it/s, S=0.0386, loss=-0.0162]
Epoch 40/150 [train]:  35%|███▍      | 9/26 [00:00<00:00, 86.49it/s, S=0.0370, loss=-0.0159]
Epoch 40/150 [train]:  35%|███▍      | 9/26 [00:00<00:00, 86.49it/s, S=0.0367, loss=-0.0142]
Epoch 40/150 [train]:  35%|███▍      | 9/26 [00:00<00:00, 86.49it/s, S=0.0375, loss=-0.0160]
Epoch 40/150 [train]:  35%|███▍      | 9/26 [00:00<00:00, 86.49it/s, S=0.0370, loss=-0.0156]
Epoch 40/150 [train]:  69%|██████▉   | 18/26 [00:00<00:00, 86.73it/s, S=0.0370, loss=-0.0156]
Epoch 40/150 [train]:  69%|██████▉   | 18/26 [00:00<00:00, 86.73it/s, S=0.0366, loss=-0.0150]
Epoch 40/150 [train]:  69%|██████▉   | 18/26 [00:00<00:00, 86.73it/s, S=0.0378, loss=-0.0162]
Epoch 40/150 [train]:  69%|██████▉   | 18/26 [00:00<00:00, 86.73it/s, S=0.0372, loss=-0.0154]
Epoch 40/150 [train]:  69%|██████▉   | 18/26 [00:00<00:00, 86.73it/s, S=0.0375, loss=-0.0159]
Epoch 40/150 [train]:  69%|██████▉   | 18/26 [00:00<00:00, 86.73it/s, S=0.0369, loss=-0.0155]
Epoch 40/150 [train]:  69%|██████▉   | 18/26 [00:00<00:00, 86.73it/s, S=0.0382, loss=-0.0167]
Epoch 40/150 [train]:  69%|██████▉   | 18/26 [00:00<00:00, 86.73it/s, S=0.0371, loss=-0.0148]
Epoch 40/150 [train]:  69%|██████▉   | 18/26 [00:00<00:00, 86.73it/s, S=0.0376, loss=-0.0151]
                                                                                             
Epoch  40/150  train loss=-0.0158  val loss=0.0047  S[mean]=0.0386  ζ=0.2527  mean_plane_ζ=0.1728  reg=0.0433  λscale=1.00  lr=4.27e-04

Epoch 41/150 [train]:   0%|          | 0/26 [00:00<?, ?it/s]
Epoch 41/150 [train]:   0%|          | 0/26 [00:00<?, ?it/s, S=0.0376, loss=-0.0156]
Epoch 41/150 [train]:   0%|          | 0/26 [00:00<?, ?it/s, S=0.0374, loss=-0.0168]
Epoch 41/150 [train]:   0%|          | 0/26 [00:00<?, ?it/s, S=0.0372, loss=-0.0159]
Epoch 41/150 [train]:   0%|          | 0/26 [00:00<?, ?it/s, S=0.0381, loss=-0.0166]
Epoch 41/150 [train]:   0%|          | 0/26 [00:00<?, ?it/s, S=0.0365, loss=-0.0142]
Epoch 41/150 [train]:   0%|          | 0/26 [00:00<?, ?it/s, S=0.0368, loss=-0.0138]
Epoch 41/150 [train]:   0%|          | 0/26 [00:00<?, ?it/s, S=0.0376, loss=-0.0159]
Epoch 41/150 [train]:   0%|          | 0/26 [00:00<?, ?it/s, S=0.0381, loss=-0.0161]
Epoch 41/150 [train]:   0%|          | 0/26 [00:00<?, ?it/s, S=0.0385, loss=-0.0171]
Epoch 41/150 [train]:  35%|███▍      | 9/26 [00:00<00:00, 86.26it/s, S=0.0385, loss=-0.0171]
Epoch 41/150 [train]:  35%|███▍      | 9/26 [00:00<00:00, 86.26it/s, S=0.0376, loss=-0.0157]
Epoch 41/150 [train]:  35%|███▍      | 9/26 [00:00<00:00, 86.26it/s, S=0.0373, loss=-0.0157]
Epoch 41/150 [train]:  35%|███▍      | 9/26 [00:00<00:00, 86.26it/s, S=0.0380, loss=-0.0163]
Epoch 41/150 [train]:  35%|███▍      | 9/26 [00:00<00:00, 86.26it/s, S=0.0375, loss=-0.0146]
Epoch 41/150 [train]:  35%|███▍      | 9/26 [00:00<00:00, 86.26it/s, S=0.0379, loss=-0.0154]
Epoch 41/150 [train]:  35%|███▍      | 9/26 [00:00<00:00, 86.26it/s, S=0.0380, loss=-0.0159]
Epoch 41/150 [train]:  35%|███▍      | 9/26 [00:00<00:00, 86.26it/s, S=0.0380, loss=-0.0169]
Epoch 41/150 [train]:  35%|███▍      | 9/26 [00:00<00:00, 86.26it/s, S=0.0375, loss=-0.0155]
Epoch 41/150 [train]:  35%|███▍      | 9/26 [00:00<00:00, 86.26it/s, S=0.0383, loss=-0.0163]
Epoch 41/150 [train]:  69%|██████▉   | 18/26 [00:00<00:00, 86.35it/s, S=0.0383, loss=-0.0163]
Epoch 41/150 [train]:  69%|██████▉   | 18/26 [00:00<00:00, 86.35it/s, S=0.0383, loss=-0.0170]
Epoch 41/150 [train]:  69%|██████▉   | 18/26 [00:00<00:00, 86.35it/s, S=0.0384, loss=-0.0163]
Epoch 41/150 [train]:  69%|██████▉   | 18/26 [00:00<00:00, 86.35it/s, S=0.0375, loss=-0.0155]
Epoch 41/150 [train]:  69%|██████▉   | 18/26 [00:00<00:00, 86.35it/s, S=0.0384, loss=-0.0167]
Epoch 41/150 [train]:  69%|██████▉   | 18/26 [00:00<00:00, 86.35it/s, S=0.0376, loss=-0.0151]
Epoch 41/150 [train]:  69%|██████▉   | 18/26 [00:00<00:00, 86.35it/s, S=0.0383, loss=-0.0167]
Epoch 41/150 [train]:  69%|██████▉   | 18/26 [00:00<00:00, 86.35it/s, S=0.0381, loss=-0.0165]
Epoch 41/150 [train]:  69%|██████▉   | 18/26 [00:00<00:00, 86.35it/s, S=0.0381, loss=-0.0159]
                                                                                             
Epoch  41/150  train loss=-0.0159  val loss=0.0041  S[mean]=0.0389  ζ=0.2533  mean_plane_ζ=0.1730  reg=0.0430  λscale=1.00  lr=4.12e-04

Epoch 42/150 [train]:   0%|          | 0/26 [00:00<?, ?it/s]
Epoch 42/150 [train]:   0%|          | 0/26 [00:00<?, ?it/s, S=0.0378, loss=-0.0175]
Epoch 42/150 [train]:   0%|          | 0/26 [00:00<?, ?it/s, S=0.0382, loss=-0.0179]
Epoch 42/150 [train]:   0%|          | 0/26 [00:00<?, ?it/s, S=0.0379, loss=-0.0173]
Epoch 42/150 [train]:   0%|          | 0/26 [00:00<?, ?it/s, S=0.0378, loss=-0.0180]
Epoch 42/150 [train]:   0%|          | 0/26 [00:00<?, ?it/s, S=0.0379, loss=-0.0153]
Epoch 42/150 [train]:   0%|          | 0/26 [00:00<?, ?it/s, S=0.0383, loss=-0.0169]
Epoch 42/150 [train]:   0%|          | 0/26 [00:00<?, ?it/s, S=0.0379, loss=-0.0168]
Epoch 42/150 [train]:   0%|          | 0/26 [00:00<?, ?it/s, S=0.0389, loss=-0.0176]
Epoch 42/150 [train]:   0%|          | 0/26 [00:00<?, ?it/s, S=0.0382, loss=-0.0166]
Epoch 42/150 [train]:  35%|███▍      | 9/26 [00:00<00:00, 86.22it/s, S=0.0382, loss=-0.0166]
Epoch 42/150 [train]:  35%|███▍      | 9/26 [00:00<00:00, 86.22it/s, S=0.0382, loss=-0.0168]
Epoch 42/150 [train]:  35%|███▍      | 9/26 [00:00<00:00, 86.22it/s, S=0.0372, loss=-0.0152]
Epoch 42/150 [train]:  35%|███▍      | 9/26 [00:00<00:00, 86.22it/s, S=0.0379, loss=-0.0171]
Epoch 42/150 [train]:  35%|███▍      | 9/26 [00:00<00:00, 86.22it/s, S=0.0382, loss=-0.0169]
Epoch 42/150 [train]:  35%|███▍      | 9/26 [00:00<00:00, 86.22it/s, S=0.0382, loss=-0.0165]
Epoch 42/150 [train]:  35%|███▍      | 9/26 [00:00<00:00, 86.22it/s, S=0.0383, loss=-0.0167]
Epoch 42/150 [train]:  35%|███▍      | 9/26 [00:00<00:00, 86.22it/s, S=0.0380, loss=-0.0162]
Epoch 42/150 [train]:  35%|███▍      | 9/26 [00:00<00:00, 86.22it/s, S=0.0375, loss=-0.0161]
Epoch 42/150 [train]:  35%|███▍      | 9/26 [00:00<00:00, 86.22it/s, S=0.0371, loss=-0.0166]
Epoch 42/150 [train]:  69%|██████▉   | 18/26 [00:00<00:00, 86.56it/s, S=0.0371, loss=-0.0166]
Epoch 42/150 [train]:  69%|██████▉   | 18/26 [00:00<00:00, 86.56it/s, S=0.0378, loss=-0.0159]
Epoch 42/150 [train]:  69%|██████▉   | 18/26 [00:00<00:00, 86.56it/s, S=0.0381, loss=-0.0152]
Epoch 42/150 [train]:  69%|██████▉   | 18/26 [00:00<00:00, 86.56it/s, S=0.0376, loss=-0.0168]
Epoch 42/150 [train]:  69%|██████▉   | 18/26 [00:00<00:00, 86.56it/s, S=0.0383, loss=-0.0167]
Epoch 42/150 [train]:  69%|██████▉   | 18/26 [00:00<00:00, 86.56it/s, S=0.0377, loss=-0.0164]
Epoch 42/150 [train]:  69%|██████▉   | 18/26 [00:00<00:00, 86.56it/s, S=0.0382, loss=-0.0177]
Epoch 42/150 [train]:  69%|██████▉   | 18/26 [00:00<00:00, 86.56it/s, S=0.0387, loss=-0.0173]
Epoch 42/150 [train]:  69%|██████▉   | 18/26 [00:00<00:00, 86.56it/s, S=0.0391, loss=-0.0173]
                                                                                             
Epoch  42/150  train loss=-0.0167  val loss=0.0048  S[mean]=0.0391  ζ=0.2535  mean_plane_ζ=0.1731  reg=0.0440  λscale=1.00  lr=3.97e-04

Epoch 43/150 [train]:   0%|          | 0/26 [00:00<?, ?it/s]
Epoch 43/150 [train]:   0%|          | 0/26 [00:00<?, ?it/s, S=0.0391, loss=-0.0191]
Epoch 43/150 [train]:   0%|          | 0/26 [00:00<?, ?it/s, S=0.0385, loss=-0.0175]
Epoch 43/150 [train]:   0%|          | 0/26 [00:00<?, ?it/s, S=0.0380, loss=-0.0160]
Epoch 43/150 [train]:   0%|          | 0/26 [00:00<?, ?it/s, S=0.0382, loss=-0.0171]
Epoch 43/150 [train]:   0%|          | 0/26 [00:00<?, ?it/s, S=0.0373, loss=-0.0160]
Epoch 43/150 [train]:   0%|          | 0/26 [00:00<?, ?it/s, S=0.0386, loss=-0.0164]
Epoch 43/150 [train]:   0%|          | 0/26 [00:00<?, ?it/s, S=0.0376, loss=-0.0161]
Epoch 43/150 [train]:   0%|          | 0/26 [00:00<?, ?it/s, S=0.0382, loss=-0.0171]
Epoch 43/150 [train]:   0%|          | 0/26 [00:00<?, ?it/s, S=0.0380, loss=-0.0176]
Epoch 43/150 [train]:  35%|███▍      | 9/26 [00:00<00:00, 86.35it/s, S=0.0380, loss=-0.0176]
Epoch 43/150 [train]:  35%|███▍      | 9/26 [00:00<00:00, 86.35it/s, S=0.0383, loss=-0.0178]
Epoch 43/150 [train]:  35%|███▍      | 9/26 [00:00<00:00, 86.35it/s, S=0.0381, loss=-0.0165]
Epoch 43/150 [train]:  35%|███▍      | 9/26 [00:00<00:00, 86.35it/s, S=0.0374, loss=-0.0156]
Epoch 43/150 [train]:  35%|███▍      | 9/26 [00:00<00:00, 86.35it/s, S=0.0375, loss=-0.0156]
Epoch 43/150 [train]:  35%|███▍      | 9/26 [00:00<00:00, 86.35it/s, S=0.0389, loss=-0.0175]
Epoch 43/150 [train]:  35%|███▍      | 9/26 [00:00<00:00, 86.35it/s, S=0.0375, loss=-0.0164]
Epoch 43/150 [train]:  35%|███▍      | 9/26 [00:00<00:00, 86.35it/s, S=0.0380, loss=-0.0165]
Epoch 43/150 [train]:  35%|███▍      | 9/26 [00:00<00:00, 86.35it/s, S=0.0386, loss=-0.0171]
Epoch 43/150 [train]:  35%|███▍      | 9/26 [00:00<00:00, 86.35it/s, S=0.0383, loss=-0.0167]
Epoch 43/150 [train]:  69%|██████▉   | 18/26 [00:00<00:00, 86.64it/s, S=0.0383, loss=-0.0167]
Epoch 43/150 [train]:  69%|██████▉   | 18/26 [00:00<00:00, 86.64it/s, S=0.0386, loss=-0.0175]
Epoch 43/150 [train]:  69%|██████▉   | 18/26 [00:00<00:00, 86.64it/s, S=0.0372, loss=-0.0154]
Epoch 43/150 [train]:  69%|██████▉   | 18/26 [00:00<00:00, 86.64it/s, S=0.0377, loss=-0.0157]
Epoch 43/150 [train]:  69%|██████▉   | 18/26 [00:00<00:00, 86.64it/s, S=0.0390, loss=-0.0182]
Epoch 43/150 [train]:  69%|██████▉   | 18/26 [00:00<00:00, 86.64it/s, S=0.0387, loss=-0.0175]
Epoch 43/150 [train]:  69%|██████▉   | 18/26 [00:00<00:00, 86.64it/s, S=0.0391, loss=-0.0176]
Epoch 43/150 [train]:  69%|██████▉   | 18/26 [00:00<00:00, 86.64it/s, S=0.0393, loss=-0.0183]
Epoch 43/150 [train]:  69%|██████▉   | 18/26 [00:00<00:00, 86.64it/s, S=0.0384, loss=-0.0166]
                                                                                             
Epoch  43/150  train loss=-0.0169  val loss=0.0054  S[mean]=0.0394  ζ=0.2536  mean_plane_ζ=0.1733  reg=0.0448  λscale=1.00  lr=3.81e-04

Epoch 44/150 [train]:   0%|          | 0/26 [00:00<?, ?it/s]
Epoch 44/150 [train]:   0%|          | 0/26 [00:00<?, ?it/s, S=0.0389, loss=-0.0186]
Epoch 44/150 [train]:   0%|          | 0/26 [00:00<?, ?it/s, S=0.0381, loss=-0.0170]
Epoch 44/150 [train]:   0%|          | 0/26 [00:00<?, ?it/s, S=0.0371, loss=-0.0149]
Epoch 44/150 [train]:   0%|          | 0/26 [00:00<?, ?it/s, S=0.0384, loss=-0.0177]
Epoch 44/150 [train]:   0%|          | 0/26 [00:00<?, ?it/s, S=0.0377, loss=-0.0164]
Epoch 44/150 [train]:   0%|          | 0/26 [00:00<?, ?it/s, S=0.0379, loss=-0.0160]
Epoch 44/150 [train]:   0%|          | 0/26 [00:00<?, ?it/s, S=0.0382, loss=-0.0133]
Epoch 44/150 [train]:   0%|          | 0/26 [00:00<?, ?it/s, S=0.0385, loss=-0.0176]
Epoch 44/150 [train]:   0%|          | 0/26 [00:00<?, ?it/s, S=0.0388, loss=-0.0177]
Epoch 44/150 [train]:  35%|███▍      | 9/26 [00:00<00:00, 86.44it/s, S=0.0388, loss=-0.0177]
Epoch 44/150 [train]:  35%|███▍      | 9/26 [00:00<00:00, 86.44it/s, S=0.0377, loss=-0.0152]
Epoch 44/150 [train]:  35%|███▍      | 9/26 [00:00<00:00, 86.44it/s, S=0.0387, loss=-0.0171]
Epoch 44/150 [train]:  35%|███▍      | 9/26 [00:00<00:00, 86.44it/s, S=0.0389, loss=-0.0179]
Epoch 44/150 [train]:  35%|███▍      | 9/26 [00:00<00:00, 86.44it/s, S=0.0385, loss=-0.0167]
Epoch 44/150 [train]:  35%|███▍      | 9/26 [00:00<00:00, 86.44it/s, S=0.0381, loss=-0.0168]
Epoch 44/150 [train]:  35%|███▍      | 9/26 [00:00<00:00, 86.44it/s, S=0.0390, loss=-0.0184]
Epoch 44/150 [train]:  35%|███▍      | 9/26 [00:00<00:00, 86.44it/s, S=0.0390, loss=-0.0182]
Epoch 44/150 [train]:  35%|███▍      | 9/26 [00:00<00:00, 86.44it/s, S=0.0387, loss=-0.0179]
Epoch 44/150 [train]:  35%|███▍      | 9/26 [00:00<00:00, 86.44it/s, S=0.0386, loss=-0.0180]
Epoch 44/150 [train]:  69%|██████▉   | 18/26 [00:00<00:00, 86.62it/s, S=0.0386, loss=-0.0180]
Epoch 44/150 [train]:  69%|██████▉   | 18/26 [00:00<00:00, 86.62it/s, S=0.0396, loss=-0.0187]
Epoch 44/150 [train]:  69%|██████▉   | 18/26 [00:00<00:00, 86.62it/s, S=0.0386, loss=-0.0170]
Epoch 44/150 [train]:  69%|██████▉   | 18/26 [00:00<00:00, 86.62it/s, S=0.0386, loss=-0.0172]
Epoch 44/150 [train]:  69%|██████▉   | 18/26 [00:00<00:00, 86.62it/s, S=0.0363, loss=-0.0138]
Epoch 44/150 [train]:  69%|██████▉   | 18/26 [00:00<00:00, 86.62it/s, S=0.0395, loss=-0.0195]
Epoch 44/150 [train]:  69%|██████▉   | 18/26 [00:00<00:00, 86.62it/s, S=0.0387, loss=-0.0172]
Epoch 44/150 [train]:  69%|██████▉   | 18/26 [00:00<00:00, 86.62it/s, S=0.0393, loss=-0.0181]
Epoch 44/150 [train]:  69%|██████▉   | 18/26 [00:00<00:00, 86.62it/s, S=0.0376, loss=-0.0178]
                                                                                             
Epoch  44/150  train loss=-0.0171  val loss=0.0051  S[mean]=0.0399  ζ=0.2534  mean_plane_ζ=0.1736  reg=0.0450  λscale=1.00  lr=3.63e-04

Epoch 45/150 [train]:   0%|          | 0/26 [00:00<?, ?it/s]
Epoch 45/150 [train]:   0%|          | 0/26 [00:00<?, ?it/s, S=0.0390, loss=-0.0188]
Epoch 45/150 [train]:   0%|          | 0/26 [00:00<?, ?it/s, S=0.0383, loss=-0.0186]
Epoch 45/150 [train]:   0%|          | 0/26 [00:00<?, ?it/s, S=0.0386, loss=-0.0185]
Epoch 45/150 [train]:   0%|          | 0/26 [00:00<?, ?it/s, S=0.0386, loss=-0.0183]
Epoch 45/150 [train]:   0%|          | 0/26 [00:00<?, ?it/s, S=0.0394, loss=-0.0183]
Epoch 45/150 [train]:   0%|          | 0/26 [00:00<?, ?it/s, S=0.0390, loss=-0.0153]
Epoch 45/150 [train]:   0%|          | 0/26 [00:00<?, ?it/s, S=0.0385, loss=-0.0181]
Epoch 45/150 [train]:   0%|          | 0/26 [00:00<?, ?it/s, S=0.0385, loss=-0.0181]
Epoch 45/150 [train]:   0%|          | 0/26 [00:00<?, ?it/s, S=0.0391, loss=-0.0186]
Epoch 45/150 [train]:  35%|███▍      | 9/26 [00:00<00:00, 86.35it/s, S=0.0391, loss=-0.0186]
Epoch 45/150 [train]:  35%|███▍      | 9/26 [00:00<00:00, 86.35it/s, S=0.0393, loss=-0.0185]
Epoch 45/150 [train]:  35%|███▍      | 9/26 [00:00<00:00, 86.35it/s, S=0.0384, loss=-0.0181]
Epoch 45/150 [train]:  35%|███▍      | 9/26 [00:00<00:00, 86.35it/s, S=0.0402, loss=-0.0196]
Epoch 45/150 [train]:  35%|███▍      | 9/26 [00:00<00:00, 86.35it/s, S=0.0393, loss=-0.0185]
Epoch 45/150 [train]:  35%|███▍      | 9/26 [00:00<00:00, 86.35it/s, S=0.0377, loss=-0.0166]
Epoch 45/150 [train]:  35%|███▍      | 9/26 [00:00<00:00, 86.35it/s, S=0.0385, loss=-0.0169]
Epoch 45/150 [train]:  35%|███▍      | 9/26 [00:00<00:00, 86.35it/s, S=0.0388, loss=-0.0171]
Epoch 45/150 [train]:  35%|███▍      | 9/26 [00:00<00:00, 86.35it/s, S=0.0381, loss=-0.0178]
Epoch 45/150 [train]:  35%|███▍      | 9/26 [00:00<00:00, 86.35it/s, S=0.0392, loss=-0.0183]
Epoch 45/150 [train]:  69%|██████▉   | 18/26 [00:00<00:00, 86.55it/s, S=0.0392, loss=-0.0183]
Epoch 45/150 [train]:  69%|██████▉   | 18/26 [00:00<00:00, 86.55it/s, S=0.0397, loss=-0.0184]
Epoch 45/150 [train]:  69%|██████▉   | 18/26 [00:00<00:00, 86.55it/s, S=0.0385, loss=-0.0170]
Epoch 45/150 [train]:  69%|██████▉   | 18/26 [00:00<00:00, 86.55it/s, S=0.0396, loss=-0.0187]
Epoch 45/150 [train]:  69%|██████▉   | 18/26 [00:00<00:00, 86.55it/s, S=0.0390, loss=-0.0172]
Epoch 45/150 [train]:  69%|██████▉   | 18/26 [00:00<00:00, 86.55it/s, S=0.0401, loss=-0.0196]
Epoch 45/150 [train]:  69%|██████▉   | 18/26 [00:00<00:00, 86.55it/s, S=0.0388, loss=-0.0178]
Epoch 45/150 [train]:  69%|██████▉   | 18/26 [00:00<00:00, 86.55it/s, S=0.0396, loss=-0.0192]
Epoch 45/150 [train]:  69%|██████▉   | 18/26 [00:00<00:00, 86.55it/s, S=0.0402, loss=-0.0190]
                                                                                             
Epoch  45/150  train loss=-0.0181  val loss=0.0039  S[mean]=0.0411  ζ=0.2537  mean_plane_ζ=0.1739  reg=0.0450  λscale=1.00  lr=3.46e-04

Epoch 46/150 [train]:   0%|          | 0/26 [00:00<?, ?it/s]
Epoch 46/150 [train]:   0%|          | 0/26 [00:00<?, ?it/s, S=0.0394, loss=-0.0190]
Epoch 46/150 [train]:   0%|          | 0/26 [00:00<?, ?it/s, S=0.0401, loss=-0.0198]
Epoch 46/150 [train]:   0%|          | 0/26 [00:00<?, ?it/s, S=0.0403, loss=-0.0203]
Epoch 46/150 [train]:   0%|          | 0/26 [00:00<?, ?it/s, S=0.0393, loss=-0.0191]
Epoch 46/150 [train]:   0%|          | 0/26 [00:00<?, ?it/s, S=0.0392, loss=-0.0182]
Epoch 46/150 [train]:   0%|          | 0/26 [00:00<?, ?it/s, S=0.0388, loss=-0.0184]
Epoch 46/150 [train]:   0%|          | 0/26 [00:00<?, ?it/s, S=0.0396, loss=-0.0196]
Epoch 46/150 [train]:   0%|          | 0/26 [00:00<?, ?it/s, S=0.0402, loss=-0.0206]
Epoch 46/150 [train]:   0%|          | 0/26 [00:00<?, ?it/s, S=0.0394, loss=-0.0195]
Epoch 46/150 [train]:  35%|███▍      | 9/26 [00:00<00:00, 85.93it/s, S=0.0394, loss=-0.0195]
Epoch 46/150 [train]:  35%|███▍      | 9/26 [00:00<00:00, 85.93it/s, S=0.0405, loss=-0.0196]
Epoch 46/150 [train]:  35%|███▍      | 9/26 [00:00<00:00, 85.93it/s, S=0.0396, loss=-0.0187]
Epoch 46/150 [train]:  35%|███▍      | 9/26 [00:00<00:00, 85.93it/s, S=0.0413, loss=-0.0210]
Epoch 46/150 [train]:  35%|███▍      | 9/26 [00:00<00:00, 85.93it/s, S=0.0404, loss=-0.0201]
Epoch 46/150 [train]:  35%|███▍      | 9/26 [00:00<00:00, 85.93it/s, S=0.0395, loss=-0.0190]
Epoch 46/150 [train]:  35%|███▍      | 9/26 [00:00<00:00, 85.93it/s, S=0.0404, loss=-0.0192]
Epoch 46/150 [train]:  35%|███▍      | 9/26 [00:00<00:00, 85.93it/s, S=0.0388, loss=-0.0172]
Epoch 46/150 [train]:  35%|███▍      | 9/26 [00:00<00:00, 85.93it/s, S=0.0415, loss=-0.0206]
Epoch 46/150 [train]:  35%|███▍      | 9/26 [00:00<00:00, 85.93it/s, S=0.0415, loss=-0.0205]
Epoch 46/150 [train]:  69%|██████▉   | 18/26 [00:00<00:00, 86.41it/s, S=0.0415, loss=-0.0205]
Epoch 46/150 [train]:  69%|██████▉   | 18/26 [00:00<00:00, 86.41it/s, S=0.0405, loss=-0.0188]
Epoch 46/150 [train]:  69%|██████▉   | 18/26 [00:00<00:00, 86.41it/s, S=0.0397, loss=-0.0184]
Epoch 46/150 [train]:  69%|██████▉   | 18/26 [00:00<00:00, 86.41it/s, S=0.0412, loss=-0.0201]
Epoch 46/150 [train]:  69%|██████▉   | 18/26 [00:00<00:00, 86.41it/s, S=0.0403, loss=-0.0178]
Epoch 46/150 [train]:  69%|██████▉   | 18/26 [00:00<00:00, 86.41it/s, S=0.0421, loss=-0.0210]
Epoch 46/150 [train]:  69%|██████▉   | 18/26 [00:00<00:00, 86.41it/s, S=0.0425, loss=-0.0210]
Epoch 46/150 [train]:  69%|██████▉   | 18/26 [00:00<00:00, 86.41it/s, S=0.0404, loss=-0.0168]
Epoch 46/150 [train]:  69%|██████▉   | 18/26 [00:00<00:00, 86.41it/s, S=0.0414, loss=-0.0201]
                                                                                             
Epoch  46/150  train loss=-0.0194  val loss=0.0019  S[mean]=0.0435  ζ=0.2542  mean_plane_ζ=0.1740  reg=0.0454  λscale=1.00  lr=3.27e-04

Epoch 47/150 [train]:   0%|          | 0/26 [00:00<?, ?it/s]
Epoch 47/150 [train]:   0%|          | 0/26 [00:00<?, ?it/s, S=0.0417, loss=-0.0224]
Epoch 47/150 [train]:   0%|          | 0/26 [00:00<?, ?it/s, S=0.0423, loss=-0.0220]
Epoch 47/150 [train]:   0%|          | 0/26 [00:00<?, ?it/s, S=0.0417, loss=-0.0208]
Epoch 47/150 [train]:   0%|          | 0/26 [00:00<?, ?it/s, S=0.0425, loss=-0.0212]
Epoch 47/150 [train]:   0%|          | 0/26 [00:00<?, ?it/s, S=0.0425, loss=-0.0221]
Epoch 47/150 [train]:   0%|          | 0/26 [00:00<?, ?it/s, S=0.0418, loss=-0.0212]
Epoch 47/150 [train]:   0%|          | 0/26 [00:00<?, ?it/s, S=0.0415, loss=-0.0197]
Epoch 47/150 [train]:   0%|          | 0/26 [00:00<?, ?it/s, S=0.0428, loss=-0.0210]
Epoch 47/150 [train]:   0%|          | 0/26 [00:00<?, ?it/s, S=0.0429, loss=-0.0211]
Epoch 47/150 [train]:  35%|███▍      | 9/26 [00:00<00:00, 86.44it/s, S=0.0429, loss=-0.0211]
Epoch 47/150 [train]:  35%|███▍      | 9/26 [00:00<00:00, 86.44it/s, S=0.0417, loss=-0.0217]
Epoch 47/150 [train]:  35%|███▍      | 9/26 [00:00<00:00, 86.44it/s, S=0.0409, loss=-0.0196]
Epoch 47/150 [train]:  35%|███▍      | 9/26 [00:00<00:00, 86.44it/s, S=0.0427, loss=-0.0220]
Epoch 47/150 [train]:  35%|███▍      | 9/26 [00:00<00:00, 86.44it/s, S=0.0427, loss=-0.0229]
Epoch 47/150 [train]:  35%|███▍      | 9/26 [00:00<00:00, 86.44it/s, S=0.0435, loss=-0.0233]
Epoch 47/150 [train]:  35%|███▍      | 9/26 [00:00<00:00, 86.44it/s, S=0.0405, loss=-0.0193]
Epoch 47/150 [train]:  35%|███▍      | 9/26 [00:00<00:00, 86.44it/s, S=0.0428, loss=-0.0227]
Epoch 47/150 [train]:  35%|███▍      | 9/26 [00:00<00:00, 86.44it/s, S=0.0430, loss=-0.0221]
Epoch 47/150 [train]:  35%|███▍      | 9/26 [00:00<00:00, 86.44it/s, S=0.0422, loss=-0.0211]
Epoch 47/150 [train]:  69%|██████▉   | 18/26 [00:00<00:00, 86.61it/s, S=0.0422, loss=-0.0211]
Epoch 47/150 [train]:  69%|██████▉   | 18/26 [00:00<00:00, 86.61it/s, S=0.0443, loss=-0.0239]
Epoch 47/150 [train]:  69%|██████▉   | 18/26 [00:00<00:00, 86.61it/s, S=0.0431, loss=-0.0226]
Epoch 47/150 [train]:  69%|██████▉   | 18/26 [00:00<00:00, 86.61it/s, S=0.0437, loss=-0.0225]
Epoch 47/150 [train]:  69%|██████▉   | 18/26 [00:00<00:00, 86.61it/s, S=0.0419, loss=-0.0213]
Epoch 47/150 [train]:  69%|██████▉   | 18/26 [00:00<00:00, 86.61it/s, S=0.0433, loss=-0.0229]
Epoch 47/150 [train]:  69%|██████▉   | 18/26 [00:00<00:00, 86.61it/s, S=0.0419, loss=-0.0208]
Epoch 47/150 [train]:  69%|██████▉   | 18/26 [00:00<00:00, 86.61it/s, S=0.0439, loss=-0.0237]
Epoch 47/150 [train]:  69%|██████▉   | 18/26 [00:00<00:00, 86.61it/s, S=0.0430, loss=-0.0231]
                                                                                             
Epoch  47/150  train loss=-0.0218  val loss=0.0004  S[mean]=0.0458  ζ=0.2554  mean_plane_ζ=0.1732  reg=0.0461  λscale=1.00  lr=3.08e-04

Epoch 48/150 [train]:   0%|          | 0/26 [00:00<?, ?it/s]
Epoch 48/150 [train]:   0%|          | 0/26 [00:00<?, ?it/s, S=0.0445, loss=-0.0239]
Epoch 48/150 [train]:   0%|          | 0/26 [00:00<?, ?it/s, S=0.0446, loss=-0.0225]
Epoch 48/150 [train]:   0%|          | 0/26 [00:00<?, ?it/s, S=0.0447, loss=-0.0236]
Epoch 48/150 [train]:   0%|          | 0/26 [00:00<?, ?it/s, S=0.0404, loss=-0.0199]
Epoch 48/150 [train]:   0%|          | 0/26 [00:00<?, ?it/s, S=0.0429, loss=-0.0229]
Epoch 48/150 [train]:   0%|          | 0/26 [00:00<?, ?it/s, S=0.0453, loss=-0.0255]
Epoch 48/150 [train]:   0%|          | 0/26 [00:00<?, ?it/s, S=0.0449, loss=-0.0238]
Epoch 48/150 [train]:   0%|          | 0/26 [00:00<?, ?it/s, S=0.0430, loss=-0.0211]
Epoch 48/150 [train]:   0%|          | 0/26 [00:00<?, ?it/s, S=0.0449, loss=-0.0234]
Epoch 48/150 [train]:  35%|███▍      | 9/26 [00:00<00:00, 86.33it/s, S=0.0449, loss=-0.0234]
Epoch 48/150 [train]:  35%|███▍      | 9/26 [00:00<00:00, 86.33it/s, S=0.0428, loss=-0.0211]
Epoch 48/150 [train]:  35%|███▍      | 9/26 [00:00<00:00, 86.33it/s, S=0.0444, loss=-0.0233]
Epoch 48/150 [train]:  35%|███▍      | 9/26 [00:00<00:00, 86.33it/s, S=0.0450, loss=-0.0234]
Epoch 48/150 [train]:  35%|███▍      | 9/26 [00:00<00:00, 86.33it/s, S=0.0452, loss=-0.0231]
Epoch 48/150 [train]:  35%|███▍      | 9/26 [00:00<00:00, 86.33it/s, S=0.0423, loss=-0.0217]
Epoch 48/150 [train]:  35%|███▍      | 9/26 [00:00<00:00, 86.33it/s, S=0.0445, loss=-0.0238]
Epoch 48/150 [train]:  35%|███▍      | 9/26 [00:00<00:00, 86.33it/s, S=0.0444, loss=-0.0224]
Epoch 48/150 [train]:  35%|███▍      | 9/26 [00:00<00:00, 86.33it/s, S=0.0429, loss=-0.0209]
Epoch 48/150 [train]:  35%|███▍      | 9/26 [00:00<00:00, 86.33it/s, S=0.0447, loss=-0.0238]
Epoch 48/150 [train]:  69%|██████▉   | 18/26 [00:00<00:00, 86.65it/s, S=0.0447, loss=-0.0238]
Epoch 48/150 [train]:  69%|██████▉   | 18/26 [00:00<00:00, 86.65it/s, S=0.0455, loss=-0.0229]
Epoch 48/150 [train]:  69%|██████▉   | 18/26 [00:00<00:00, 86.65it/s, S=0.0431, loss=-0.0207]
Epoch 48/150 [train]:  69%|██████▉   | 18/26 [00:00<00:00, 86.65it/s, S=0.0432, loss=-0.0210]
Epoch 48/150 [train]:  69%|██████▉   | 18/26 [00:00<00:00, 86.65it/s, S=0.0441, loss=-0.0214]
Epoch 48/150 [train]:  69%|██████▉   | 18/26 [00:00<00:00, 86.65it/s, S=0.0454, loss=-0.0249]
Epoch 48/150 [train]:  69%|██████▉   | 18/26 [00:00<00:00, 86.65it/s, S=0.0450, loss=-0.0242]
Epoch 48/150 [train]:  69%|██████▉   | 18/26 [00:00<00:00, 86.65it/s, S=0.0440, loss=-0.0223]
Epoch 48/150 [train]:  69%|██████▉   | 18/26 [00:00<00:00, 86.65it/s, S=0.0447, loss=-0.0238]
                                                                                             
Epoch  48/150  train loss=-0.0227  val loss=-0.0009  S[mean]=0.0471  ζ=0.2567  mean_plane_ζ=0.1730  reg=0.0463  λscale=1.00  lr=2.89e-04

Epoch 49/150 [train]:   0%|          | 0/26 [00:00<?, ?it/s]
Epoch 49/150 [train]:   0%|          | 0/26 [00:00<?, ?it/s, S=0.0454, loss=-0.0241]
Epoch 49/150 [train]:   0%|          | 0/26 [00:00<?, ?it/s, S=0.0462, loss=-0.0265]
Epoch 49/150 [train]:   0%|          | 0/26 [00:00<?, ?it/s, S=0.0457, loss=-0.0243]
Epoch 49/150 [train]:   0%|          | 0/26 [00:00<?, ?it/s, S=0.0458, loss=-0.0241]
Epoch 49/150 [train]:   0%|          | 0/26 [00:00<?, ?it/s, S=0.0437, loss=-0.0238]
Epoch 49/150 [train]:   0%|          | 0/26 [00:00<?, ?it/s, S=0.0452, loss=-0.0249]
Epoch 49/150 [train]:   0%|          | 0/26 [00:00<?, ?it/s, S=0.0461, loss=-0.0252]
Epoch 49/150 [train]:   0%|          | 0/26 [00:00<?, ?it/s, S=0.0460, loss=-0.0256]
Epoch 49/150 [train]:   0%|          | 0/26 [00:00<?, ?it/s, S=0.0458, loss=-0.0243]
Epoch 49/150 [train]:  35%|███▍      | 9/26 [00:00<00:00, 86.36it/s, S=0.0458, loss=-0.0243]
Epoch 49/150 [train]:  35%|███▍      | 9/26 [00:00<00:00, 86.36it/s, S=0.0450, loss=-0.0249]
Epoch 49/150 [train]:  35%|███▍      | 9/26 [00:00<00:00, 86.36it/s, S=0.0464, loss=-0.0261]
Epoch 49/150 [train]:  35%|███▍      | 9/26 [00:00<00:00, 86.36it/s, S=0.0458, loss=-0.0244]
Epoch 49/150 [train]:  35%|███▍      | 9/26 [00:00<00:00, 86.36it/s, S=0.0450, loss=-0.0252]
Epoch 49/150 [train]:  35%|███▍      | 9/26 [00:00<00:00, 86.36it/s, S=0.0460, loss=-0.0248]
Epoch 49/150 [train]:  35%|███▍      | 9/26 [00:00<00:00, 86.36it/s, S=0.0454, loss=-0.0245]
Epoch 49/150 [train]:  35%|███▍      | 9/26 [00:00<00:00, 86.36it/s, S=0.0452, loss=-0.0231]
Epoch 49/150 [train]:  35%|███▍      | 9/26 [00:00<00:00, 86.36it/s, S=0.0446, loss=-0.0232]
Epoch 49/150 [train]:  35%|███▍      | 9/26 [00:00<00:00, 86.36it/s, S=0.0465, loss=-0.0260]
Epoch 49/150 [train]:  69%|██████▉   | 18/26 [00:00<00:00, 86.56it/s, S=0.0465, loss=-0.0260]
Epoch 49/150 [train]:  69%|██████▉   | 18/26 [00:00<00:00, 86.56it/s, S=0.0451, loss=-0.0240]
Epoch 49/150 [train]:  69%|██████▉   | 18/26 [00:00<00:00, 86.56it/s, S=0.0460, loss=-0.0251]
Epoch 49/150 [train]:  69%|██████▉   | 18/26 [00:00<00:00, 86.56it/s, S=0.0452, loss=-0.0248]
Epoch 49/150 [train]:  69%|██████▉   | 18/26 [00:00<00:00, 86.56it/s, S=0.0464, loss=-0.0263]
Epoch 49/150 [train]:  69%|██████▉   | 18/26 [00:00<00:00, 86.56it/s, S=0.0455, loss=-0.0251]
Epoch 49/150 [train]:  69%|██████▉   | 18/26 [00:00<00:00, 86.56it/s, S=0.0465, loss=-0.0258]
Epoch 49/150 [train]:  69%|██████▉   | 18/26 [00:00<00:00, 86.56it/s, S=0.0450, loss=-0.0247]
Epoch 49/150 [train]:  69%|██████▉   | 18/26 [00:00<00:00, 86.56it/s, S=0.0464, loss=-0.0262]
                                                                                             
Epoch  49/150  train loss=-0.0249  val loss=-0.0016  S[mean]=0.0481  ζ=0.2576  mean_plane_ζ=0.1726  reg=0.0466  λscale=1.00  lr=2.70e-04

Epoch 50/150 [train]:   0%|          | 0/26 [00:00<?, ?it/s]
Epoch 50/150 [train]:   0%|          | 0/26 [00:00<?, ?it/s, S=0.0460, loss=-0.0259]
Epoch 50/150 [train]:   0%|          | 0/26 [00:00<?, ?it/s, S=0.0477, loss=-0.0277]
Epoch 50/150 [train]:   0%|          | 0/26 [00:00<?, ?it/s, S=0.0460, loss=-0.0255]
Epoch 50/150 [train]:   0%|          | 0/26 [00:00<?, ?it/s, S=0.0462, loss=-0.0256]
Epoch 50/150 [train]:   0%|          | 0/26 [00:00<?, ?it/s, S=0.0465, loss=-0.0258]
Epoch 50/150 [train]:   0%|          | 0/26 [00:00<?, ?it/s, S=0.0459, loss=-0.0267]
Epoch 50/150 [train]:   0%|          | 0/26 [00:00<?, ?it/s, S=0.0449, loss=-0.0252]
Epoch 50/150 [train]:   0%|          | 0/26 [00:00<?, ?it/s, S=0.0471, loss=-0.0254]
Epoch 50/150 [train]:   0%|          | 0/26 [00:00<?, ?it/s, S=0.0451, loss=-0.0244]
Epoch 50/150 [train]:  35%|███▍      | 9/26 [00:00<00:00, 86.39it/s, S=0.0451, loss=-0.0244]
Epoch 50/150 [train]:  35%|███▍      | 9/26 [00:00<00:00, 86.39it/s, S=0.0474, loss=-0.0273]
Epoch 50/150 [train]:  35%|███▍      | 9/26 [00:00<00:00, 86.39it/s, S=0.0468, loss=-0.0267]
Epoch 50/150 [train]:  35%|███▍      | 9/26 [00:00<00:00, 86.39it/s, S=0.0453, loss=-0.0231]
Epoch 50/150 [train]:  35%|███▍      | 9/26 [00:00<00:00, 86.39it/s, S=0.0455, loss=-0.0252]
Epoch 50/150 [train]:  35%|███▍      | 9/26 [00:00<00:00, 86.39it/s, S=0.0469, loss=-0.0269]
Epoch 50/150 [train]:  35%|███▍      | 9/26 [00:00<00:00, 86.39it/s, S=0.0441, loss=-0.0231]
Epoch 50/150 [train]:  35%|███▍      | 9/26 [00:00<00:00, 86.39it/s, S=0.0467, loss=-0.0263]
Epoch 50/150 [train]:  35%|███▍      | 9/26 [00:00<00:00, 86.39it/s, S=0.0467, loss=-0.0268]
Epoch 50/150 [train]:  35%|███▍      | 9/26 [00:00<00:00, 86.39it/s, S=0.0447, loss=-0.0222]
Epoch 50/150 [train]:  69%|██████▉   | 18/26 [00:00<00:00, 86.53it/s, S=0.0447, loss=-0.0222]
Epoch 50/150 [train]:  69%|██████▉   | 18/26 [00:00<00:00, 86.53it/s, S=0.0457, loss=-0.0246]
Epoch 50/150 [train]:  69%|██████▉   | 18/26 [00:00<00:00, 86.53it/s, S=0.0478, loss=-0.0270]
Epoch 50/150 [train]:  69%|██████▉   | 18/26 [00:00<00:00, 86.53it/s, S=0.0477, loss=-0.0269]
Epoch 50/150 [train]:  69%|██████▉   | 18/26 [00:00<00:00, 86.53it/s, S=0.0480, loss=-0.0273]
Epoch 50/150 [train]:  69%|██████▉   | 18/26 [00:00<00:00, 86.53it/s, S=0.0462, loss=-0.0259]
Epoch 50/150 [train]:  69%|██████▉   | 18/26 [00:00<00:00, 86.53it/s, S=0.0482, loss=-0.0285]
Epoch 50/150 [train]:  69%|██████▉   | 18/26 [00:00<00:00, 86.53it/s, S=0.0470, loss=-0.0270]
Epoch 50/150 [train]:  69%|██████▉   | 18/26 [00:00<00:00, 86.53it/s, S=0.0475, loss=-0.0258]
                                                                                             
Epoch  50/150  train loss=-0.0259  val loss=-0.0021  S[mean]=0.0488  ζ=0.2582  mean_plane_ζ=0.1722  reg=0.0466  λscale=1.00  lr=2.50e-04

Epoch 51/150 [train]:   0%|          | 0/26 [00:00<?, ?it/s]
Epoch 51/150 [train]:   0%|          | 0/26 [00:00<?, ?it/s, S=0.0451, loss=-0.0247]
Epoch 51/150 [train]:   0%|          | 0/26 [00:00<?, ?it/s, S=0.0479, loss=-0.0285]
Epoch 51/150 [train]:   0%|          | 0/26 [00:00<?, ?it/s, S=0.0454, loss=-0.0254]
Epoch 51/150 [train]:   0%|          | 0/26 [00:00<?, ?it/s, S=0.0475, loss=-0.0280]
Epoch 51/150 [train]:   0%|          | 0/26 [00:00<?, ?it/s, S=0.0472, loss=-0.0270]
Epoch 51/150 [train]:   0%|          | 0/26 [00:00<?, ?it/s, S=0.0466, loss=-0.0268]
Epoch 51/150 [train]:   0%|          | 0/26 [00:00<?, ?it/s, S=0.0483, loss=-0.0273]
Epoch 51/150 [train]:   0%|          | 0/26 [00:00<?, ?it/s, S=0.0461, loss=-0.0262]
Epoch 51/150 [train]:   0%|          | 0/26 [00:00<?, ?it/s, S=0.0473, loss=-0.0274]
Epoch 51/150 [train]:  35%|███▍      | 9/26 [00:00<00:00, 86.34it/s, S=0.0473, loss=-0.0274]
Epoch 51/150 [train]:  35%|███▍      | 9/26 [00:00<00:00, 86.34it/s, S=0.0482, loss=-0.0268]
Epoch 51/150 [train]:  35%|███▍      | 9/26 [00:00<00:00, 86.34it/s, S=0.0470, loss=-0.0257]
Epoch 51/150 [train]:  35%|███▍      | 9/26 [00:00<00:00, 86.34it/s, S=0.0473, loss=-0.0267]
Epoch 51/150 [train]:  35%|███▍      | 9/26 [00:00<00:00, 86.34it/s, S=0.0473, loss=-0.0265]
Epoch 51/150 [train]:  35%|███▍      | 9/26 [00:00<00:00, 86.34it/s, S=0.0471, loss=-0.0272]
Epoch 51/150 [train]:  35%|███▍      | 9/26 [00:00<00:00, 86.34it/s, S=0.0467, loss=-0.0262]
Epoch 51/150 [train]:  35%|███▍      | 9/26 [00:00<00:00, 86.34it/s, S=0.0468, loss=-0.0258]
Epoch 51/150 [train]:  35%|███▍      | 9/26 [00:00<00:00, 86.34it/s, S=0.0475, loss=-0.0272]
Epoch 51/150 [train]:  35%|███▍      | 9/26 [00:00<00:00, 86.34it/s, S=0.0485, loss=-0.0284]
Epoch 51/150 [train]:  69%|██████▉   | 18/26 [00:00<00:00, 86.62it/s, S=0.0485, loss=-0.0284]
Epoch 51/150 [train]:  69%|██████▉   | 18/26 [00:00<00:00, 86.62it/s, S=0.0464, loss=-0.0256]
Epoch 51/150 [train]:  69%|██████▉   | 18/26 [00:00<00:00, 86.62it/s, S=0.0470, loss=-0.0249]
Epoch 51/150 [train]:  69%|██████▉   | 18/26 [00:00<00:00, 86.62it/s, S=0.0473, loss=-0.0272]
Epoch 51/150 [train]:  69%|██████▉   | 18/26 [00:00<00:00, 86.62it/s, S=0.0473, loss=-0.0274]
Epoch 51/150 [train]:  69%|██████▉   | 18/26 [00:00<00:00, 86.62it/s, S=0.0460, loss=-0.0247]
Epoch 51/150 [train]:  69%|██████▉   | 18/26 [00:00<00:00, 86.62it/s, S=0.0489, loss=-0.0289]
Epoch 51/150 [train]:  69%|██████▉   | 18/26 [00:00<00:00, 86.62it/s, S=0.0481, loss=-0.0280]
Epoch 51/150 [train]:  69%|██████▉   | 18/26 [00:00<00:00, 86.62it/s, S=0.0479, loss=-0.0266]
                                                                                             
Epoch  51/150  train loss=-0.0267  val loss=-0.0025  S[mean]=0.0493  ζ=0.2585  mean_plane_ζ=0.1722  reg=0.0469  λscale=1.00  lr=2.30e-04

Epoch 52/150 [train]:   0%|          | 0/26 [00:00<?, ?it/s]
Epoch 52/150 [train]:   0%|          | 0/26 [00:00<?, ?it/s, S=0.0475, loss=-0.0285]
Epoch 52/150 [train]:   0%|          | 0/26 [00:00<?, ?it/s, S=0.0480, loss=-0.0285]
Epoch 52/150 [train]:   0%|          | 0/26 [00:00<?, ?it/s, S=0.0476, loss=-0.0273]
Epoch 52/150 [train]:   0%|          | 0/26 [00:00<?, ?it/s, S=0.0480, loss=-0.0281]
Epoch 52/150 [train]:   0%|          | 0/26 [00:00<?, ?it/s, S=0.0483, loss=-0.0292]
Epoch 52/150 [train]:   0%|          | 0/26 [00:00<?, ?it/s, S=0.0476, loss=-0.0269]
Epoch 52/150 [train]:   0%|          | 0/26 [00:00<?, ?it/s, S=0.0482, loss=-0.0285]
Epoch 52/150 [train]:   0%|          | 0/26 [00:00<?, ?it/s, S=0.0470, loss=-0.0269]
Epoch 52/150 [train]:   0%|          | 0/26 [00:00<?, ?it/s, S=0.0471, loss=-0.0274]
Epoch 52/150 [train]:  35%|███▍      | 9/26 [00:00<00:00, 86.30it/s, S=0.0471, loss=-0.0274]
Epoch 52/150 [train]:  35%|███▍      | 9/26 [00:00<00:00, 86.30it/s, S=0.0461, loss=-0.0233]
Epoch 52/150 [train]:  35%|███▍      | 9/26 [00:00<00:00, 86.30it/s, S=0.0473, loss=-0.0258]
Epoch 52/150 [train]:  35%|███▍      | 9/26 [00:00<00:00, 86.30it/s, S=0.0479, loss=-0.0274]
Epoch 52/150 [train]:  35%|███▍      | 9/26 [00:00<00:00, 86.30it/s, S=0.0481, loss=-0.0283]
Epoch 52/150 [train]:  35%|███▍      | 9/26 [00:00<00:00, 86.30it/s, S=0.0482, loss=-0.0262]
Epoch 52/150 [train]:  35%|███▍      | 9/26 [00:00<00:00, 86.30it/s, S=0.0485, loss=-0.0274]
Epoch 52/150 [train]:  35%|███▍      | 9/26 [00:00<00:00, 86.30it/s, S=0.0487, loss=-0.0285]
Epoch 52/150 [train]:  35%|███▍      | 9/26 [00:00<00:00, 86.30it/s, S=0.0475, loss=-0.0263]
Epoch 52/150 [train]:  35%|███▍      | 9/26 [00:00<00:00, 86.30it/s, S=0.0483, loss=-0.0286]
Epoch 52/150 [train]:  69%|██████▉   | 18/26 [00:00<00:00, 86.33it/s, S=0.0483, loss=-0.0286]
Epoch 52/150 [train]:  69%|██████▉   | 18/26 [00:00<00:00, 86.33it/s, S=0.0464, loss=-0.0252]
Epoch 52/150 [train]:  69%|██████▉   | 18/26 [00:00<00:00, 86.33it/s, S=0.0477, loss=-0.0281]
Epoch 52/150 [train]:  69%|██████▉   | 18/26 [00:00<00:00, 86.33it/s, S=0.0464, loss=-0.0253]
Epoch 52/150 [train]:  69%|██████▉   | 18/26 [00:00<00:00, 86.33it/s, S=0.0476, loss=-0.0279]
Epoch 52/150 [train]:  69%|██████▉   | 18/26 [00:00<00:00, 86.33it/s, S=0.0472, loss=-0.0275]
Epoch 52/150 [train]:  69%|██████▉   | 18/26 [00:00<00:00, 86.33it/s, S=0.0486, loss=-0.0295]
Epoch 52/150 [train]:  69%|██████▉   | 18/26 [00:00<00:00, 86.33it/s, S=0.0482, loss=-0.0280]
Epoch 52/150 [train]:  69%|██████▉   | 18/26 [00:00<00:00, 86.33it/s, S=0.0477, loss=-0.0273]
                                                                                             
Epoch  52/150  train loss=-0.0274  val loss=-0.0022  S[mean]=0.0498  ζ=0.2590  mean_plane_ζ=0.1721  reg=0.0476  λscale=1.00  lr=2.11e-04

Epoch 53/150 [train]:   0%|          | 0/26 [00:00<?, ?it/s]
Epoch 53/150 [train]:   0%|          | 0/26 [00:00<?, ?it/s, S=0.0480, loss=-0.0287]
Epoch 53/150 [train]:   0%|          | 0/26 [00:00<?, ?it/s, S=0.0469, loss=-0.0271]
Epoch 53/150 [train]:   0%|          | 0/26 [00:00<?, ?it/s, S=0.0487, loss=-0.0285]
Epoch 53/150 [train]:   0%|          | 0/26 [00:00<?, ?it/s, S=0.0478, loss=-0.0288]
Epoch 53/150 [train]:   0%|          | 0/26 [00:00<?, ?it/s, S=0.0466, loss=-0.0266]
Epoch 53/150 [train]:   0%|          | 0/26 [00:00<?, ?it/s, S=0.0495, loss=-0.0300]
Epoch 53/150 [train]:   0%|          | 0/26 [00:00<?, ?it/s, S=0.0463, loss=-0.0267]
Epoch 53/150 [train]:   0%|          | 0/26 [00:00<?, ?it/s, S=0.0486, loss=-0.0292]
Epoch 53/150 [train]:   0%|          | 0/26 [00:00<?, ?it/s, S=0.0477, loss=-0.0272]
Epoch 53/150 [train]:  35%|███▍      | 9/26 [00:00<00:00, 86.48it/s, S=0.0477, loss=-0.0272]
Epoch 53/150 [train]:  35%|███▍      | 9/26 [00:00<00:00, 86.48it/s, S=0.0457, loss=-0.0255]
Epoch 53/150 [train]:  35%|███▍      | 9/26 [00:00<00:00, 86.48it/s, S=0.0476, loss=-0.0281]
Epoch 53/150 [train]:  35%|███▍      | 9/26 [00:00<00:00, 86.48it/s, S=0.0463, loss=-0.0262]
Epoch 53/150 [train]:  35%|███▍      | 9/26 [00:00<00:00, 86.48it/s, S=0.0483, loss=-0.0254]
Epoch 53/150 [train]:  35%|███▍      | 9/26 [00:00<00:00, 86.48it/s, S=0.0485, loss=-0.0279]
Epoch 53/150 [train]:  35%|███▍      | 9/26 [00:00<00:00, 86.48it/s, S=0.0482, loss=-0.0280]
Epoch 53/150 [train]:  35%|███▍      | 9/26 [00:00<00:00, 86.48it/s, S=0.0480, loss=-0.0272]
Epoch 53/150 [train]:  35%|███▍      | 9/26 [00:00<00:00, 86.48it/s, S=0.0477, loss=-0.0246]
Epoch 53/150 [train]:  35%|███▍      | 9/26 [00:00<00:00, 86.48it/s, S=0.0483, loss=-0.0274]
Epoch 53/150 [train]:  69%|██████▉   | 18/26 [00:00<00:00, 86.67it/s, S=0.0483, loss=-0.0274]
Epoch 53/150 [train]:  69%|██████▉   | 18/26 [00:00<00:00, 86.67it/s, S=0.0489, loss=-0.0290]
Epoch 53/150 [train]:  69%|██████▉   | 18/26 [00:00<00:00, 86.67it/s, S=0.0484, loss=-0.0285]
Epoch 53/150 [train]:  69%|██████▉   | 18/26 [00:00<00:00, 86.67it/s, S=0.0489, loss=-0.0291]
Epoch 53/150 [train]:  69%|██████▉   | 18/26 [00:00<00:00, 86.67it/s, S=0.0491, loss=-0.0283]
Epoch 53/150 [train]:  69%|██████▉   | 18/26 [00:00<00:00, 86.67it/s, S=0.0487, loss=-0.0284]
Epoch 53/150 [train]:  69%|██████▉   | 18/26 [00:00<00:00, 86.67it/s, S=0.0476, loss=-0.0276]
Epoch 53/150 [train]:  69%|██████▉   | 18/26 [00:00<00:00, 86.67it/s, S=0.0498, loss=-0.0298]
Epoch 53/150 [train]:  69%|██████▉   | 18/26 [00:00<00:00, 86.67it/s, S=0.0491, loss=-0.0292]
                                                                                             
Epoch  53/150  train loss=-0.0278  val loss=-0.0031  S[mean]=0.0502  ζ=0.2594  mean_plane_ζ=0.1720  reg=0.0471  λscale=1.00  lr=1.92e-04

Epoch 54/150 [train]:   0%|          | 0/26 [00:00<?, ?it/s]
Epoch 54/150 [train]:   0%|          | 0/26 [00:00<?, ?it/s, S=0.0461, loss=-0.0269]
Epoch 54/150 [train]:   0%|          | 0/26 [00:00<?, ?it/s, S=0.0491, loss=-0.0300]
Epoch 54/150 [train]:   0%|          | 0/26 [00:00<?, ?it/s, S=0.0482, loss=-0.0291]
Epoch 54/150 [train]:   0%|          | 0/26 [00:00<?, ?it/s, S=0.0474, loss=-0.0283]
Epoch 54/150 [train]:   0%|          | 0/26 [00:00<?, ?it/s, S=0.0494, loss=-0.0297]
Epoch 54/150 [train]:   0%|          | 0/26 [00:00<?, ?it/s, S=0.0488, loss=-0.0278]
Epoch 54/150 [train]:   0%|          | 0/26 [00:00<?, ?it/s, S=0.0494, loss=-0.0302]
Epoch 54/150 [train]:   0%|          | 0/26 [00:00<?, ?it/s, S=0.0494, loss=-0.0289]
Epoch 54/150 [train]:   0%|          | 0/26 [00:00<?, ?it/s, S=0.0482, loss=-0.0285]
Epoch 54/150 [train]:  35%|███▍      | 9/26 [00:00<00:00, 86.45it/s, S=0.0482, loss=-0.0285]
Epoch 54/150 [train]:  35%|███▍      | 9/26 [00:00<00:00, 86.45it/s, S=0.0479, loss=-0.0268]
Epoch 54/150 [train]:  35%|███▍      | 9/26 [00:00<00:00, 86.45it/s, S=0.0480, loss=-0.0280]
Epoch 54/150 [train]:  35%|███▍      | 9/26 [00:00<00:00, 86.45it/s, S=0.0470, loss=-0.0276]
Epoch 54/150 [train]:  35%|███▍      | 9/26 [00:00<00:00, 86.45it/s, S=0.0477, loss=-0.0269]
Epoch 54/150 [train]:  35%|███▍      | 9/26 [00:00<00:00, 86.45it/s, S=0.0482, loss=-0.0263]
Epoch 54/150 [train]:  35%|███▍      | 9/26 [00:00<00:00, 86.45it/s, S=0.0496, loss=-0.0299]
Epoch 54/150 [train]:  35%|███▍      | 9/26 [00:00<00:00, 86.45it/s, S=0.0471, loss=-0.0263]
Epoch 54/150 [train]:  35%|███▍      | 9/26 [00:00<00:00, 86.45it/s, S=0.0492, loss=-0.0291]
Epoch 54/150 [train]:  35%|███▍      | 9/26 [00:00<00:00, 86.45it/s, S=0.0486, loss=-0.0273]
Epoch 54/150 [train]:  69%|██████▉   | 18/26 [00:00<00:00, 86.62it/s, S=0.0486, loss=-0.0273]
Epoch 54/150 [train]:  69%|██████▉   | 18/26 [00:00<00:00, 86.62it/s, S=0.0470, loss=-0.0263]
Epoch 54/150 [train]:  69%|██████▉   | 18/26 [00:00<00:00, 86.62it/s, S=0.0482, loss=-0.0287]
Epoch 54/150 [train]:  69%|██████▉   | 18/26 [00:00<00:00, 86.62it/s, S=0.0495, loss=-0.0284]
Epoch 54/150 [train]:  69%|██████▉   | 18/26 [00:00<00:00, 86.62it/s, S=0.0493, loss=-0.0293]
Epoch 54/150 [train]:  69%|██████▉   | 18/26 [00:00<00:00, 86.62it/s, S=0.0451, loss=-0.0231]
Epoch 54/150 [train]:  69%|██████▉   | 18/26 [00:00<00:00, 86.62it/s, S=0.0492, loss=-0.0294]
Epoch 54/150 [train]:  69%|██████▉   | 18/26 [00:00<00:00, 86.62it/s, S=0.0497, loss=-0.0300]
Epoch 54/150 [train]:  69%|██████▉   | 18/26 [00:00<00:00, 86.62it/s, S=0.0483, loss=-0.0272]
                                                                                             
Epoch  54/150  train loss=-0.0281  val loss=-0.0028  S[mean]=0.0505  ζ=0.2594  mean_plane_ζ=0.1720  reg=0.0477  λscale=1.00  lr=1.73e-04

Epoch 55/150 [train]:   0%|          | 0/26 [00:00<?, ?it/s]
Epoch 55/150 [train]:   0%|          | 0/26 [00:00<?, ?it/s, S=0.0475, loss=-0.0278]
Epoch 55/150 [train]:   0%|          | 0/26 [00:00<?, ?it/s, S=0.0495, loss=-0.0308]
Epoch 55/150 [train]:   0%|          | 0/26 [00:00<?, ?it/s, S=0.0484, loss=-0.0278]
Epoch 55/150 [train]:   0%|          | 0/26 [00:00<?, ?it/s, S=0.0473, loss=-0.0270]
Epoch 55/150 [train]:   0%|          | 0/26 [00:00<?, ?it/s, S=0.0487, loss=-0.0292]
Epoch 55/150 [train]:   0%|          | 0/26 [00:00<?, ?it/s, S=0.0494, loss=-0.0305]
Epoch 55/150 [train]:   0%|          | 0/26 [00:00<?, ?it/s, S=0.0480, loss=-0.0288]
Epoch 55/150 [train]:   0%|          | 0/26 [00:00<?, ?it/s, S=0.0495, loss=-0.0297]
Epoch 55/150 [train]:   0%|          | 0/26 [00:00<?, ?it/s, S=0.0490, loss=-0.0299]
Epoch 55/150 [train]:  35%|███▍      | 9/26 [00:00<00:00, 86.38it/s, S=0.0490, loss=-0.0299]
Epoch 55/150 [train]:  35%|███▍      | 9/26 [00:00<00:00, 86.38it/s, S=0.0494, loss=-0.0298]
Epoch 55/150 [train]:  35%|███▍      | 9/26 [00:00<00:00, 86.38it/s, S=0.0485, loss=-0.0291]
Epoch 55/150 [train]:  35%|███▍      | 9/26 [00:00<00:00, 86.38it/s, S=0.0476, loss=-0.0262]
Epoch 55/150 [train]:  35%|███▍      | 9/26 [00:00<00:00, 86.38it/s, S=0.0485, loss=-0.0278]
Epoch 55/150 [train]:  35%|███▍      | 9/26 [00:00<00:00, 86.38it/s, S=0.0492, loss=-0.0283]
Epoch 55/150 [train]:  35%|███▍      | 9/26 [00:00<00:00, 86.38it/s, S=0.0494, loss=-0.0294]
Epoch 55/150 [train]:  35%|███▍      | 9/26 [00:00<00:00, 86.38it/s, S=0.0491, loss=-0.0295]
Epoch 55/150 [train]:  35%|███▍      | 9/26 [00:00<00:00, 86.38it/s, S=0.0477, loss=-0.0247]
Epoch 55/150 [train]:  35%|███▍      | 9/26 [00:00<00:00, 86.38it/s, S=0.0473, loss=-0.0257]
Epoch 55/150 [train]:  69%|██████▉   | 18/26 [00:00<00:00, 86.51it/s, S=0.0473, loss=-0.0257]
Epoch 55/150 [train]:  69%|██████▉   | 18/26 [00:00<00:00, 86.51it/s, S=0.0495, loss=-0.0294]
Epoch 55/150 [train]:  69%|██████▉   | 18/26 [00:00<00:00, 86.51it/s, S=0.0480, loss=-0.0270]
Epoch 55/150 [train]:  69%|██████▉   | 18/26 [00:00<00:00, 86.51it/s, S=0.0496, loss=-0.0294]
Epoch 55/150 [train]:  69%|██████▉   | 18/26 [00:00<00:00, 86.51it/s, S=0.0478, loss=-0.0281]
Epoch 55/150 [train]:  69%|██████▉   | 18/26 [00:00<00:00, 86.51it/s, S=0.0490, loss=-0.0290]
Epoch 55/150 [train]:  69%|██████▉   | 18/26 [00:00<00:00, 86.51it/s, S=0.0484, loss=-0.0268]
Epoch 55/150 [train]:  69%|██████▉   | 18/26 [00:00<00:00, 86.51it/s, S=0.0472, loss=-0.0268]
Epoch 55/150 [train]:  69%|██████▉   | 18/26 [00:00<00:00, 86.51it/s, S=0.0495, loss=-0.0300]
                                                                                             
Epoch  55/150  train loss=-0.0284  val loss=-0.0028  S[mean]=0.0508  ζ=0.2600  mean_plane_ζ=0.1722  reg=0.0480  λscale=1.00  lr=1.54e-04

Epoch 56/150 [train]:   0%|          | 0/26 [00:00<?, ?it/s]
Epoch 56/150 [train]:   0%|          | 0/26 [00:00<?, ?it/s, S=0.0484, loss=-0.0288]
Epoch 56/150 [train]:   0%|          | 0/26 [00:00<?, ?it/s, S=0.0469, loss=-0.0274]
Epoch 56/150 [train]:   0%|          | 0/26 [00:00<?, ?it/s, S=0.0481, loss=-0.0284]
Epoch 56/150 [train]:   0%|          | 0/26 [00:00<?, ?it/s, S=0.0484, loss=-0.0280]
Epoch 56/150 [train]:   0%|          | 0/26 [00:00<?, ?it/s, S=0.0489, loss=-0.0303]
Epoch 56/150 [train]:   0%|          | 0/26 [00:00<?, ?it/s, S=0.0486, loss=-0.0291]
Epoch 56/150 [train]:   0%|          | 0/26 [00:00<?, ?it/s, S=0.0499, loss=-0.0312]
Epoch 56/150 [train]:   0%|          | 0/26 [00:00<?, ?it/s, S=0.0470, loss=-0.0266]
Epoch 56/150 [train]:   0%|          | 0/26 [00:00<?, ?it/s, S=0.0490, loss=-0.0296]
Epoch 56/150 [train]:  35%|███▍      | 9/26 [00:00<00:00, 86.35it/s, S=0.0490, loss=-0.0296]
Epoch 56/150 [train]:  35%|███▍      | 9/26 [00:00<00:00, 86.35it/s, S=0.0489, loss=-0.0292]
Epoch 56/150 [train]:  35%|███▍      | 9/26 [00:00<00:00, 86.35it/s, S=0.0493, loss=-0.0305]
Epoch 56/150 [train]:  35%|███▍      | 9/26 [00:00<00:00, 86.35it/s, S=0.0490, loss=-0.0298]
Epoch 56/150 [train]:  35%|███▍      | 9/26 [00:00<00:00, 86.35it/s, S=0.0479, loss=-0.0291]
Epoch 56/150 [train]:  35%|███▍      | 9/26 [00:00<00:00, 86.35it/s, S=0.0492, loss=-0.0292]
Epoch 56/150 [train]:  35%|███▍      | 9/26 [00:00<00:00, 86.35it/s, S=0.0498, loss=-0.0307]
Epoch 56/150 [train]:  35%|███▍      | 9/26 [00:00<00:00, 86.35it/s, S=0.0495, loss=-0.0301]
Epoch 56/150 [train]:  35%|███▍      | 9/26 [00:00<00:00, 86.35it/s, S=0.0496, loss=-0.0307]
Epoch 56/150 [train]:  35%|███▍      | 9/26 [00:00<00:00, 86.35it/s, S=0.0491, loss=-0.0267]
Epoch 56/150 [train]:  69%|██████▉   | 18/26 [00:00<00:00, 86.57it/s, S=0.0491, loss=-0.0267]
Epoch 56/150 [train]:  69%|██████▉   | 18/26 [00:00<00:00, 86.57it/s, S=0.0493, loss=-0.0282]
Epoch 56/150 [train]:  69%|██████▉   | 18/26 [00:00<00:00, 86.57it/s, S=0.0489, loss=-0.0293]
Epoch 56/150 [train]:  69%|██████▉   | 18/26 [00:00<00:00, 86.57it/s, S=0.0488, loss=-0.0294]
Epoch 56/150 [train]:  69%|██████▉   | 18/26 [00:00<00:00, 86.57it/s, S=0.0496, loss=-0.0283]
Epoch 56/150 [train]:  69%|██████▉   | 18/26 [00:00<00:00, 86.57it/s, S=0.0490, loss=-0.0282]
Epoch 56/150 [train]:  69%|██████▉   | 18/26 [00:00<00:00, 86.57it/s, S=0.0503, loss=-0.0298]
Epoch 56/150 [train]:  69%|██████▉   | 18/26 [00:00<00:00, 86.57it/s, S=0.0500, loss=-0.0309]
Epoch 56/150 [train]:  69%|██████▉   | 18/26 [00:00<00:00, 86.57it/s, S=0.0493, loss=-0.0284]
                                                                                             
Epoch  56/150  train loss=-0.0292  val loss=-0.0033  S[mean]=0.0511  ζ=0.2604  mean_plane_ζ=0.1723  reg=0.0478  λscale=1.00  lr=1.37e-04

Epoch 57/150 [train]:   0%|          | 0/26 [00:00<?, ?it/s]
Epoch 57/150 [train]:   0%|          | 0/26 [00:00<?, ?it/s, S=0.0492, loss=-0.0295]
Epoch 57/150 [train]:   0%|          | 0/26 [00:00<?, ?it/s, S=0.0487, loss=-0.0297]
Epoch 57/150 [train]:   0%|          | 0/26 [00:00<?, ?it/s, S=0.0477, loss=-0.0282]
Epoch 57/150 [train]:   0%|          | 0/26 [00:00<?, ?it/s, S=0.0488, loss=-0.0299]
Epoch 57/150 [train]:   0%|          | 0/26 [00:00<?, ?it/s, S=0.0487, loss=-0.0293]
Epoch 57/150 [train]:   0%|          | 0/26 [00:00<?, ?it/s, S=0.0500, loss=-0.0307]
Epoch 57/150 [train]:   0%|          | 0/26 [00:00<?, ?it/s, S=0.0490, loss=-0.0299]
Epoch 57/150 [train]:   0%|          | 0/26 [00:00<?, ?it/s, S=0.0507, loss=-0.0311]
Epoch 57/150 [train]:   0%|          | 0/26 [00:00<?, ?it/s, S=0.0484, loss=-0.0275]
Epoch 57/150 [train]:  35%|███▍      | 9/26 [00:00<00:00, 86.41it/s, S=0.0484, loss=-0.0275]
Epoch 57/150 [train]:  35%|███▍      | 9/26 [00:00<00:00, 86.41it/s, S=0.0471, loss=-0.0272]
Epoch 57/150 [train]:  35%|███▍      | 9/26 [00:00<00:00, 86.41it/s, S=0.0497, loss=-0.0304]
Epoch 57/150 [train]:  35%|███▍      | 9/26 [00:00<00:00, 86.41it/s, S=0.0476, loss=-0.0275]
Epoch 57/150 [train]:  35%|███▍      | 9/26 [00:00<00:00, 86.41it/s, S=0.0493, loss=-0.0298]
Epoch 57/150 [train]:  35%|███▍      | 9/26 [00:00<00:00, 86.41it/s, S=0.0506, loss=-0.0309]
Epoch 57/150 [train]:  35%|███▍      | 9/26 [00:00<00:00, 86.41it/s, S=0.0492, loss=-0.0294]
Epoch 57/150 [train]:  35%|███▍      | 9/26 [00:00<00:00, 86.41it/s, S=0.0495, loss=-0.0300]
Epoch 57/150 [train]:  35%|███▍      | 9/26 [00:02<00:00, 86.41it/s, S=0.0497, loss=-0.0299]
Epoch 57/150 [train]:  35%|███▍      | 9/26 [00:02<00:00, 86.41it/s, S=0.0485, loss=-0.0289]
Epoch 57/150 [train]:  69%|██████▉   | 18/26 [00:02<00:01,  5.48it/s, S=0.0485, loss=-0.0289]
Epoch 57/150 [train]:  69%|██████▉   | 18/26 [00:02<00:01,  5.48it/s, S=0.0492, loss=-0.0302]
Epoch 57/150 [train]:  69%|██████▉   | 18/26 [00:02<00:01,  5.48it/s, S=0.0513, loss=-0.0317]
Epoch 57/150 [train]:  69%|██████▉   | 18/26 [00:02<00:01,  5.48it/s, S=0.0485, loss=-0.0296]
Epoch 57/150 [train]:  69%|██████▉   | 18/26 [00:02<00:01,  5.48it/s, S=0.0499, loss=-0.0307]
Epoch 57/150 [train]:  69%|██████▉   | 18/26 [00:02<00:01,  5.48it/s, S=0.0501, loss=-0.0312]
Epoch 57/150 [train]:  69%|██████▉   | 18/26 [00:02<00:01,  5.48it/s, S=0.0510, loss=-0.0323]
Epoch 57/150 [train]:  69%|██████▉   | 18/26 [00:02<00:01,  5.48it/s, S=0.0481, loss=-0.0272]
Epoch 57/150 [train]:  69%|██████▉   | 18/26 [00:02<00:01,  5.48it/s, S=0.0501, loss=-0.0312]
                                                                                             
Epoch  57/150  train loss=-0.0298  val loss=-0.0038  S[mean]=0.0513  ζ=0.2607  mean_plane_ζ=0.1725  reg=0.0476  λscale=1.00  lr=1.19e-04

Epoch 58/150 [train]:   0%|          | 0/26 [00:00<?, ?it/s]
Epoch 58/150 [train]:   0%|          | 0/26 [00:00<?, ?it/s, S=0.0490, loss=-0.0294]
Epoch 58/150 [train]:   0%|          | 0/26 [00:00<?, ?it/s, S=0.0495, loss=-0.0300]
Epoch 58/150 [train]:   0%|          | 0/26 [00:00<?, ?it/s, S=0.0496, loss=-0.0314]
Epoch 58/150 [train]:   0%|          | 0/26 [00:00<?, ?it/s, S=0.0499, loss=-0.0306]
Epoch 58/150 [train]:   0%|          | 0/26 [00:00<?, ?it/s, S=0.0499, loss=-0.0313]
Epoch 58/150 [train]:   0%|          | 0/26 [00:00<?, ?it/s, S=0.0490, loss=-0.0300]
Epoch 58/150 [train]:   0%|          | 0/26 [00:00<?, ?it/s, S=0.0495, loss=-0.0313]
Epoch 58/150 [train]:   0%|          | 0/26 [00:00<?, ?it/s, S=0.0495, loss=-0.0305]
Epoch 58/150 [train]:   0%|          | 0/26 [00:00<?, ?it/s, S=0.0498, loss=-0.0308]
Epoch 58/150 [train]:  35%|███▍      | 9/26 [00:00<00:00, 85.70it/s, S=0.0498, loss=-0.0308]
Epoch 58/150 [train]:  35%|███▍      | 9/26 [00:00<00:00, 85.70it/s, S=0.0503, loss=-0.0312]
Epoch 58/150 [train]:  35%|███▍      | 9/26 [00:00<00:00, 85.70it/s, S=0.0504, loss=-0.0320]
Epoch 58/150 [train]:  35%|███▍      | 9/26 [00:00<00:00, 85.70it/s, S=0.0484, loss=-0.0286]
Epoch 58/150 [train]:  35%|███▍      | 9/26 [00:00<00:00, 85.70it/s, S=0.0492, loss=-0.0291]
Epoch 58/150 [train]:  35%|███▍      | 9/26 [00:00<00:00, 85.70it/s, S=0.0484, loss=-0.0281]
Epoch 58/150 [train]:  35%|███▍      | 9/26 [00:00<00:00, 85.70it/s, S=0.0490, loss=-0.0300]
Epoch 58/150 [train]:  35%|███▍      | 9/26 [00:00<00:00, 85.70it/s, S=0.0493, loss=-0.0301]
Epoch 58/150 [train]:  35%|███▍      | 9/26 [00:00<00:00, 85.70it/s, S=0.0483, loss=-0.0294]
Epoch 58/150 [train]:  35%|███▍      | 9/26 [00:00<00:00, 85.70it/s, S=0.0481, loss=-0.0285]
Epoch 58/150 [train]:  69%|██████▉   | 18/26 [00:00<00:00, 86.31it/s, S=0.0481, loss=-0.0285]
Epoch 58/150 [train]:  69%|██████▉   | 18/26 [00:00<00:00, 86.31it/s, S=0.0503, loss=-0.0299]
Epoch 58/150 [train]:  69%|██████▉   | 18/26 [00:00<00:00, 86.31it/s, S=0.0500, loss=-0.0309]
Epoch 58/150 [train]:  69%|██████▉   | 18/26 [00:00<00:00, 86.31it/s, S=0.0501, loss=-0.0305]
Epoch 58/150 [train]:  69%|██████▉   | 18/26 [00:00<00:00, 86.31it/s, S=0.0507, loss=-0.0319]
Epoch 58/150 [train]:  69%|██████▉   | 18/26 [00:00<00:00, 86.31it/s, S=0.0487, loss=-0.0288]
Epoch 58/150 [train]:  69%|██████▉   | 18/26 [00:00<00:00, 86.31it/s, S=0.0503, loss=-0.0311]
Epoch 58/150 [train]:  69%|██████▉   | 18/26 [00:00<00:00, 86.31it/s, S=0.0492, loss=-0.0293]
Epoch 58/150 [train]:  69%|██████▉   | 18/26 [00:00<00:00, 86.31it/s, S=0.0491, loss=-0.0285]
                                                                                             
Epoch  58/150  train loss=-0.0301  val loss=-0.0037  S[mean]=0.0515  ζ=0.2608  mean_plane_ζ=0.1725  reg=0.0478  λscale=1.00  lr=1.03e-04

Epoch 59/150 [train]:   0%|          | 0/26 [00:00<?, ?it/s]
Epoch 59/150 [train]:   0%|          | 0/26 [00:00<?, ?it/s, S=0.0478, loss=-0.0286]
Epoch 59/150 [train]:   0%|          | 0/26 [00:00<?, ?it/s, S=0.0492, loss=-0.0294]
Epoch 59/150 [train]:   0%|          | 0/26 [00:00<?, ?it/s, S=0.0493, loss=-0.0306]
Epoch 59/150 [train]:   0%|          | 0/26 [00:00<?, ?it/s, S=0.0503, loss=-0.0313]
Epoch 59/150 [train]:   0%|          | 0/26 [00:00<?, ?it/s, S=0.0500, loss=-0.0313]
Epoch 59/150 [train]:   0%|          | 0/26 [00:00<?, ?it/s, S=0.0490, loss=-0.0299]
Epoch 59/150 [train]:   0%|          | 0/26 [00:00<?, ?it/s, S=0.0503, loss=-0.0310]
Epoch 59/150 [train]:   0%|          | 0/26 [00:00<?, ?it/s, S=0.0477, loss=-0.0292]
Epoch 59/150 [train]:   0%|          | 0/26 [00:00<?, ?it/s, S=0.0490, loss=-0.0300]
Epoch 59/150 [train]:  35%|███▍      | 9/26 [00:00<00:00, 86.27it/s, S=0.0490, loss=-0.0300]
Epoch 59/150 [train]:  35%|███▍      | 9/26 [00:00<00:00, 86.27it/s, S=0.0498, loss=-0.0307]
Epoch 59/150 [train]:  35%|███▍      | 9/26 [00:00<00:00, 86.27it/s, S=0.0491, loss=-0.0297]
Epoch 59/150 [train]:  35%|███▍      | 9/26 [00:00<00:00, 86.27it/s, S=0.0486, loss=-0.0291]
Epoch 59/150 [train]:  35%|███▍      | 9/26 [00:00<00:00, 86.27it/s, S=0.0501, loss=-0.0316]
Epoch 59/150 [train]:  35%|███▍      | 9/26 [00:00<00:00, 86.27it/s, S=0.0499, loss=-0.0304]
Epoch 59/150 [train]:  35%|███▍      | 9/26 [00:00<00:00, 86.27it/s, S=0.0505, loss=-0.0310]
Epoch 59/150 [train]:  35%|███▍      | 9/26 [00:00<00:00, 86.27it/s, S=0.0501, loss=-0.0315]
Epoch 59/150 [train]:  35%|███▍      | 9/26 [00:00<00:00, 86.27it/s, S=0.0508, loss=-0.0317]
Epoch 59/150 [train]:  35%|███▍      | 9/26 [00:00<00:00, 86.27it/s, S=0.0506, loss=-0.0318]
Epoch 59/150 [train]:  69%|██████▉   | 18/26 [00:00<00:00, 86.56it/s, S=0.0506, loss=-0.0318]
Epoch 59/150 [train]:  69%|██████▉   | 18/26 [00:00<00:00, 86.56it/s, S=0.0489, loss=-0.0300]
Epoch 59/150 [train]:  69%|██████▉   | 18/26 [00:00<00:00, 86.56it/s, S=0.0489, loss=-0.0294]
Epoch 59/150 [train]:  69%|██████▉   | 18/26 [00:00<00:00, 86.56it/s, S=0.0497, loss=-0.0308]
Epoch 59/150 [train]:  69%|██████▉   | 18/26 [00:00<00:00, 86.56it/s, S=0.0487, loss=-0.0302]
Epoch 59/150 [train]:  69%|██████▉   | 18/26 [00:00<00:00, 86.56it/s, S=0.0496, loss=-0.0279]
Epoch 59/150 [train]:  69%|██████▉   | 18/26 [00:00<00:00, 86.56it/s, S=0.0486, loss=-0.0293]
Epoch 59/150 [train]:  69%|██████▉   | 18/26 [00:00<00:00, 86.56it/s, S=0.0498, loss=-0.0299]
Epoch 59/150 [train]:  69%|██████▉   | 18/26 [00:00<00:00, 86.56it/s, S=0.0507, loss=-0.0305]
                                                                                             
Epoch  59/150  train loss=-0.0303  val loss=-0.0039  S[mean]=0.0517  ζ=0.2610  mean_plane_ζ=0.1728  reg=0.0477  λscale=1.00  lr=8.76e-05

Epoch 60/150 [train]:   0%|          | 0/26 [00:00<?, ?it/s]
Epoch 60/150 [train]:   0%|          | 0/26 [00:00<?, ?it/s, S=0.0489, loss=-0.0298]
Epoch 60/150 [train]:   0%|          | 0/26 [00:00<?, ?it/s, S=0.0501, loss=-0.0309]
Epoch 60/150 [train]:   0%|          | 0/26 [00:00<?, ?it/s, S=0.0491, loss=-0.0313]
Epoch 60/150 [train]:   0%|          | 0/26 [00:00<?, ?it/s, S=0.0509, loss=-0.0324]
Epoch 60/150 [train]:   0%|          | 0/26 [00:00<?, ?it/s, S=0.0505, loss=-0.0317]
Epoch 60/150 [train]:   0%|          | 0/26 [00:00<?, ?it/s, S=0.0498, loss=-0.0308]
Epoch 60/150 [train]:   0%|          | 0/26 [00:00<?, ?it/s, S=0.0490, loss=-0.0306]
Epoch 60/150 [train]:   0%|          | 0/26 [00:00<?, ?it/s, S=0.0510, loss=-0.0326]
Epoch 60/150 [train]:   0%|          | 0/26 [00:00<?, ?it/s, S=0.0491, loss=-0.0305]
Epoch 60/150 [train]:  35%|███▍      | 9/26 [00:00<00:00, 86.26it/s, S=0.0491, loss=-0.0305]
Epoch 60/150 [train]:  35%|███▍      | 9/26 [00:00<00:00, 86.26it/s, S=0.0501, loss=-0.0316]
Epoch 60/150 [train]:  35%|███▍      | 9/26 [00:00<00:00, 86.26it/s, S=0.0502, loss=-0.0314]
Epoch 60/150 [train]:  35%|███▍      | 9/26 [00:00<00:00, 86.26it/s, S=0.0492, loss=-0.0287]
Epoch 60/150 [train]:  35%|███▍      | 9/26 [00:00<00:00, 86.26it/s, S=0.0496, loss=-0.0311]
Epoch 60/150 [train]:  35%|███▍      | 9/26 [00:00<00:00, 86.26it/s, S=0.0500, loss=-0.0305]
Epoch 60/150 [train]:  35%|███▍      | 9/26 [00:00<00:00, 86.26it/s, S=0.0493, loss=-0.0287]
Epoch 60/150 [train]:  35%|███▍      | 9/26 [00:00<00:00, 86.26it/s, S=0.0482, loss=-0.0284]
Epoch 60/150 [train]:  35%|███▍      | 9/26 [00:00<00:00, 86.26it/s, S=0.0499, loss=-0.0304]
Epoch 60/150 [train]:  35%|███▍      | 9/26 [00:00<00:00, 86.26it/s, S=0.0505, loss=-0.0317]
Epoch 60/150 [train]:  69%|██████▉   | 18/26 [00:00<00:00, 86.34it/s, S=0.0505, loss=-0.0317]
Epoch 60/150 [train]:  69%|██████▉   | 18/26 [00:00<00:00, 86.34it/s, S=0.0500, loss=-0.0312]
Epoch 60/150 [train]:  69%|██████▉   | 18/26 [00:00<00:00, 86.34it/s, S=0.0502, loss=-0.0303]
Epoch 60/150 [train]:  69%|██████▉   | 18/26 [00:00<00:00, 86.34it/s, S=0.0497, loss=-0.0306]
Epoch 60/150 [train]:  69%|██████▉   | 18/26 [00:00<00:00, 86.34it/s, S=0.0493, loss=-0.0296]
Epoch 60/150 [train]:  69%|██████▉   | 18/26 [00:00<00:00, 86.34it/s, S=0.0503, loss=-0.0309]
Epoch 60/150 [train]:  69%|██████▉   | 18/26 [00:00<00:00, 86.34it/s, S=0.0483, loss=-0.0283]
Epoch 60/150 [train]:  69%|██████▉   | 18/26 [00:00<00:00, 86.34it/s, S=0.0501, loss=-0.0317]
Epoch 60/150 [train]:  69%|██████▉   | 18/26 [00:00<00:00, 86.34it/s, S=0.0472, loss=-0.0277]
                                                                                             
Epoch  60/150  train loss=-0.0305  val loss=-0.0040  S[mean]=0.0519  ζ=0.2615  mean_plane_ζ=0.1732  reg=0.0479  λscale=1.00  lr=7.32e-05

Epoch 61/150 [train]:   0%|          | 0/26 [00:00<?, ?it/s]
Epoch 61/150 [train]:   0%|          | 0/26 [00:00<?, ?it/s, S=0.0502, loss=-0.0319]
Epoch 61/150 [train]:   0%|          | 0/26 [00:00<?, ?it/s, S=0.0505, loss=-0.0317]
Epoch 61/150 [train]:   0%|          | 0/26 [00:00<?, ?it/s, S=0.0503, loss=-0.0318]
Epoch 61/150 [train]:   0%|          | 0/26 [00:00<?, ?it/s, S=0.0501, loss=-0.0314]
Epoch 61/150 [train]:   0%|          | 0/26 [00:00<?, ?it/s, S=0.0492, loss=-0.0299]
Epoch 61/150 [train]:   0%|          | 0/26 [00:00<?, ?it/s, S=0.0489, loss=-0.0305]
Epoch 61/150 [train]:   0%|          | 0/26 [00:00<?, ?it/s, S=0.0508, loss=-0.0325]
Epoch 61/150 [train]:   0%|          | 0/26 [00:00<?, ?it/s, S=0.0497, loss=-0.0314]
Epoch 61/150 [train]:   0%|          | 0/26 [00:00<?, ?it/s, S=0.0487, loss=-0.0287]
Epoch 61/150 [train]:  35%|███▍      | 9/26 [00:00<00:00, 86.04it/s, S=0.0487, loss=-0.0287]
Epoch 61/150 [train]:  35%|███▍      | 9/26 [00:00<00:00, 86.04it/s, S=0.0503, loss=-0.0313]
Epoch 61/150 [train]:  35%|███▍      | 9/26 [00:00<00:00, 86.04it/s, S=0.0506, loss=-0.0308]
Epoch 61/150 [train]:  35%|███▍      | 9/26 [00:00<00:00, 86.04it/s, S=0.0500, loss=-0.0313]
Epoch 61/150 [train]:  35%|███▍      | 9/26 [00:00<00:00, 86.04it/s, S=0.0489, loss=-0.0296]
Epoch 61/150 [train]:  35%|███▍      | 9/26 [00:00<00:00, 86.04it/s, S=0.0494, loss=-0.0313]
Epoch 61/150 [train]:  35%|███▍      | 9/26 [00:00<00:00, 86.04it/s, S=0.0507, loss=-0.0314]
Epoch 61/150 [train]:  35%|███▍      | 9/26 [00:00<00:00, 86.04it/s, S=0.0500, loss=-0.0313]
Epoch 61/150 [train]:  35%|███▍      | 9/26 [00:00<00:00, 86.04it/s, S=0.0482, loss=-0.0287]
Epoch 61/150 [train]:  35%|███▍      | 9/26 [00:00<00:00, 86.04it/s, S=0.0489, loss=-0.0293]
Epoch 61/150 [train]:  69%|██████▉   | 18/26 [00:00<00:00, 86.02it/s, S=0.0489, loss=-0.0293]
Epoch 61/150 [train]:  69%|██████▉   | 18/26 [00:00<00:00, 86.02it/s, S=0.0497, loss=-0.0307]
Epoch 61/150 [train]:  69%|██████▉   | 18/26 [00:00<00:00, 86.02it/s, S=0.0504, loss=-0.0306]
Epoch 61/150 [train]:  69%|██████▉   | 18/26 [00:00<00:00, 86.02it/s, S=0.0504, loss=-0.0310]
Epoch 61/150 [train]:  69%|██████▉   | 18/26 [00:00<00:00, 86.02it/s, S=0.0504, loss=-0.0320]
Epoch 61/150 [train]:  69%|██████▉   | 18/26 [00:00<00:00, 86.02it/s, S=0.0504, loss=-0.0311]
Epoch 61/150 [train]:  69%|██████▉   | 18/26 [00:00<00:00, 86.02it/s, S=0.0514, loss=-0.0326]
Epoch 61/150 [train]:  69%|██████▉   | 18/26 [00:00<00:00, 86.02it/s, S=0.0504, loss=-0.0316]
Epoch 61/150 [train]:  69%|██████▉   | 18/26 [00:00<00:00, 86.02it/s, S=0.0490, loss=-0.0296]
                                                                                             
Epoch  61/150  train loss=-0.0309  val loss=-0.0042  S[mean]=0.0520  ζ=0.2616  mean_plane_ζ=0.1732  reg=0.0478  λscale=1.00  lr=5.99e-05

Epoch 62/150 [train]:   0%|          | 0/26 [00:00<?, ?it/s]
Epoch 62/150 [train]:   0%|          | 0/26 [00:00<?, ?it/s, S=0.0490, loss=-0.0300]
Epoch 62/150 [train]:   0%|          | 0/26 [00:00<?, ?it/s, S=0.0501, loss=-0.0319]
Epoch 62/150 [train]:   0%|          | 0/26 [00:00<?, ?it/s, S=0.0501, loss=-0.0317]
Epoch 62/150 [train]:   0%|          | 0/26 [00:00<?, ?it/s, S=0.0497, loss=-0.0308]
Epoch 62/150 [train]:   0%|          | 0/26 [00:00<?, ?it/s, S=0.0498, loss=-0.0313]
Epoch 62/150 [train]:   0%|          | 0/26 [00:00<?, ?it/s, S=0.0499, loss=-0.0314]
Epoch 62/150 [train]:   0%|          | 0/26 [00:00<?, ?it/s, S=0.0501, loss=-0.0312]
Epoch 62/150 [train]:   0%|          | 0/26 [00:00<?, ?it/s, S=0.0493, loss=-0.0306]
Epoch 62/150 [train]:   0%|          | 0/26 [00:00<?, ?it/s, S=0.0495, loss=-0.0301]
Epoch 62/150 [train]:  35%|███▍      | 9/26 [00:00<00:00, 86.07it/s, S=0.0495, loss=-0.0301]
Epoch 62/150 [train]:  35%|███▍      | 9/26 [00:00<00:00, 86.07it/s, S=0.0495, loss=-0.0304]
Epoch 62/150 [train]:  35%|███▍      | 9/26 [00:00<00:00, 86.07it/s, S=0.0479, loss=-0.0274]
Epoch 62/150 [train]:  35%|███▍      | 9/26 [00:00<00:00, 86.07it/s, S=0.0498, loss=-0.0308]
Epoch 62/150 [train]:  35%|███▍      | 9/26 [00:00<00:00, 86.07it/s, S=0.0496, loss=-0.0313]
Epoch 62/150 [train]:  35%|███▍      | 9/26 [00:00<00:00, 86.07it/s, S=0.0511, loss=-0.0330]
Epoch 62/150 [train]:  35%|███▍      | 9/26 [00:00<00:00, 86.07it/s, S=0.0500, loss=-0.0317]
Epoch 62/150 [train]:  35%|███▍      | 9/26 [00:00<00:00, 86.07it/s, S=0.0494, loss=-0.0312]
Epoch 62/150 [train]:  35%|███▍      | 9/26 [00:00<00:00, 86.07it/s, S=0.0505, loss=-0.0318]
Epoch 62/150 [train]:  35%|███▍      | 9/26 [00:00<00:00, 86.07it/s, S=0.0490, loss=-0.0308]
Epoch 62/150 [train]:  69%|██████▉   | 18/26 [00:00<00:00, 86.40it/s, S=0.0490, loss=-0.0308]
Epoch 62/150 [train]:  69%|██████▉   | 18/26 [00:00<00:00, 86.40it/s, S=0.0497, loss=-0.0304]
Epoch 62/150 [train]:  69%|██████▉   | 18/26 [00:00<00:00, 86.40it/s, S=0.0505, loss=-0.0299]
Epoch 62/150 [train]:  69%|██████▉   | 18/26 [00:00<00:00, 86.40it/s, S=0.0493, loss=-0.0298]
Epoch 62/150 [train]:  69%|██████▉   | 18/26 [00:00<00:00, 86.40it/s, S=0.0499, loss=-0.0321]
Epoch 62/150 [train]:  69%|██████▉   | 18/26 [00:00<00:00, 86.40it/s, S=0.0494, loss=-0.0309]
Epoch 62/150 [train]:  69%|██████▉   | 18/26 [00:00<00:00, 86.40it/s, S=0.0496, loss=-0.0318]
Epoch 62/150 [train]:  69%|██████▉   | 18/26 [00:00<00:00, 86.40it/s, S=0.0502, loss=-0.0310]
Epoch 62/150 [train]:  69%|██████▉   | 18/26 [00:00<00:00, 86.40it/s, S=0.0499, loss=-0.0288]
                                                                                             
Epoch  62/150  train loss=-0.0308  val loss=-0.0044  S[mean]=0.0522  ζ=0.2619  mean_plane_ζ=0.1736  reg=0.0478  λscale=1.00  lr=4.77e-05

Epoch 63/150 [train]:   0%|          | 0/26 [00:00<?, ?it/s]
Epoch 63/150 [train]:   0%|          | 0/26 [00:00<?, ?it/s, S=0.0485, loss=-0.0275]
Epoch 63/150 [train]:   0%|          | 0/26 [00:00<?, ?it/s, S=0.0503, loss=-0.0321]
Epoch 63/150 [train]:   0%|          | 0/26 [00:00<?, ?it/s, S=0.0500, loss=-0.0314]
Epoch 63/150 [train]:   0%|          | 0/26 [00:00<?, ?it/s, S=0.0499, loss=-0.0310]
Epoch 63/150 [train]:   0%|          | 0/26 [00:00<?, ?it/s, S=0.0490, loss=-0.0312]
Epoch 63/150 [train]:   0%|          | 0/26 [00:00<?, ?it/s, S=0.0487, loss=-0.0297]
Epoch 63/150 [train]:   0%|          | 0/26 [00:00<?, ?it/s, S=0.0499, loss=-0.0314]
Epoch 63/150 [train]:   0%|          | 0/26 [00:00<?, ?it/s, S=0.0499, loss=-0.0320]
Epoch 63/150 [train]:   0%|          | 0/26 [00:00<?, ?it/s, S=0.0492, loss=-0.0302]
Epoch 63/150 [train]:  35%|███▍      | 9/26 [00:00<00:00, 86.18it/s, S=0.0492, loss=-0.0302]
Epoch 63/150 [train]:  35%|███▍      | 9/26 [00:00<00:00, 86.18it/s, S=0.0498, loss=-0.0303]
Epoch 63/150 [train]:  35%|███▍      | 9/26 [00:00<00:00, 86.18it/s, S=0.0509, loss=-0.0323]
Epoch 63/150 [train]:  35%|███▍      | 9/26 [00:00<00:00, 86.18it/s, S=0.0505, loss=-0.0315]
Epoch 63/150 [train]:  35%|███▍      | 9/26 [00:00<00:00, 86.18it/s, S=0.0491, loss=-0.0304]
Epoch 63/150 [train]:  35%|███▍      | 9/26 [00:00<00:00, 86.18it/s, S=0.0509, loss=-0.0329]
Epoch 63/150 [train]:  35%|███▍      | 9/26 [00:00<00:00, 86.18it/s, S=0.0501, loss=-0.0305]
Epoch 63/150 [train]:  35%|███▍      | 9/26 [00:00<00:00, 86.18it/s, S=0.0501, loss=-0.0307]
Epoch 63/150 [train]:  35%|███▍      | 9/26 [00:00<00:00, 86.18it/s, S=0.0510, loss=-0.0317]
Epoch 63/150 [train]:  35%|███▍      | 9/26 [00:00<00:00, 86.18it/s, S=0.0484, loss=-0.0287]
Epoch 63/150 [train]:  69%|██████▉   | 18/26 [00:00<00:00, 86.14it/s, S=0.0484, loss=-0.0287]
Epoch 63/150 [train]:  69%|██████▉   | 18/26 [00:00<00:00, 86.14it/s, S=0.0503, loss=-0.0312]
Epoch 63/150 [train]:  69%|██████▉   | 18/26 [00:00<00:00, 86.14it/s, S=0.0483, loss=-0.0278]
Epoch 63/150 [train]:  69%|██████▉   | 18/26 [00:00<00:00, 86.14it/s, S=0.0510, loss=-0.0319]
Epoch 63/150 [train]:  69%|██████▉   | 18/26 [00:00<00:00, 86.14it/s, S=0.0504, loss=-0.0316]
Epoch 63/150 [train]:  69%|██████▉   | 18/26 [00:00<00:00, 86.14it/s, S=0.0515, loss=-0.0330]
Epoch 63/150 [train]:  69%|██████▉   | 18/26 [00:00<00:00, 86.14it/s, S=0.0500, loss=-0.0308]
Epoch 63/150 [train]:  69%|██████▉   | 18/26 [00:00<00:00, 86.14it/s, S=0.0491, loss=-0.0307]
Epoch 63/150 [train]:  69%|██████▉   | 18/26 [00:00<00:00, 86.14it/s, S=0.0494, loss=-0.0306]
                                                                                             
Epoch  63/150  train loss=-0.0309  val loss=-0.0043  S[mean]=0.0522  ζ=0.2620  mean_plane_ζ=0.1735  reg=0.0479  λscale=1.00  lr=3.68e-05

Epoch 64/150 [train]:   0%|          | 0/26 [00:00<?, ?it/s]
Epoch 64/150 [train]:   0%|          | 0/26 [00:00<?, ?it/s, S=0.0500, loss=-0.0304]
Epoch 64/150 [train]:   0%|          | 0/26 [00:00<?, ?it/s, S=0.0492, loss=-0.0308]
Epoch 64/150 [train]:   0%|          | 0/26 [00:00<?, ?it/s, S=0.0498, loss=-0.0318]
Epoch 64/150 [train]:   0%|          | 0/26 [00:00<?, ?it/s, S=0.0509, loss=-0.0326]
Epoch 64/150 [train]:   0%|          | 0/26 [00:00<?, ?it/s, S=0.0502, loss=-0.0324]
Epoch 64/150 [train]:   0%|          | 0/26 [00:00<?, ?it/s, S=0.0488, loss=-0.0305]
Epoch 64/150 [train]:   0%|          | 0/26 [00:00<?, ?it/s, S=0.0503, loss=-0.0324]
Epoch 64/150 [train]:   0%|          | 0/26 [00:00<?, ?it/s, S=0.0500, loss=-0.0305]
Epoch 64/150 [train]:   0%|          | 0/26 [00:00<?, ?it/s, S=0.0502, loss=-0.0316]
Epoch 64/150 [train]:  35%|███▍      | 9/26 [00:00<00:00, 86.09it/s, S=0.0502, loss=-0.0316]
Epoch 64/150 [train]:  35%|███▍      | 9/26 [00:00<00:00, 86.09it/s, S=0.0507, loss=-0.0331]
Epoch 64/150 [train]:  35%|███▍      | 9/26 [00:00<00:00, 86.09it/s, S=0.0513, loss=-0.0330]
Epoch 64/150 [train]:  35%|███▍      | 9/26 [00:00<00:00, 86.09it/s, S=0.0489, loss=-0.0316]
Epoch 64/150 [train]:  35%|███▍      | 9/26 [00:00<00:00, 86.09it/s, S=0.0502, loss=-0.0316]
Epoch 64/150 [train]:  35%|███▍      | 9/26 [00:00<00:00, 86.09it/s, S=0.0498, loss=-0.0317]
Epoch 64/150 [train]:  35%|███▍      | 9/26 [00:00<00:00, 86.09it/s, S=0.0509, loss=-0.0322]
Epoch 64/150 [train]:  35%|███▍      | 9/26 [00:00<00:00, 86.09it/s, S=0.0512, loss=-0.0311]
Epoch 64/150 [train]:  35%|███▍      | 9/26 [00:00<00:00, 86.09it/s, S=0.0505, loss=-0.0322]
Epoch 64/150 [train]:  35%|███▍      | 9/26 [00:00<00:00, 86.09it/s, S=0.0504, loss=-0.0316]
Epoch 64/150 [train]:  69%|██████▉   | 18/26 [00:00<00:00, 86.31it/s, S=0.0504, loss=-0.0316]
Epoch 64/150 [train]:  69%|██████▉   | 18/26 [00:00<00:00, 86.31it/s, S=0.0504, loss=-0.0324]
Epoch 64/150 [train]:  69%|██████▉   | 18/26 [00:00<00:00, 86.31it/s, S=0.0491, loss=-0.0289]
Epoch 64/150 [train]:  69%|██████▉   | 18/26 [00:00<00:00, 86.31it/s, S=0.0494, loss=-0.0304]
Epoch 64/150 [train]:  69%|██████▉   | 18/26 [00:00<00:00, 86.31it/s, S=0.0493, loss=-0.0301]
Epoch 64/150 [train]:  69%|██████▉   | 18/26 [00:00<00:00, 86.31it/s, S=0.0512, loss=-0.0311]
Epoch 64/150 [train]:  69%|██████▉   | 18/26 [00:00<00:00, 86.31it/s, S=0.0502, loss=-0.0317]
Epoch 64/150 [train]:  69%|██████▉   | 18/26 [00:00<00:00, 86.31it/s, S=0.0489, loss=-0.0305]
Epoch 64/150 [train]:  69%|██████▉   | 18/26 [00:00<00:00, 86.31it/s, S=0.0507, loss=-0.0325]
                                                                                             
Epoch  64/150  train loss=-0.0315  val loss=-0.0045  S[mean]=0.0523  ζ=0.2622  mean_plane_ζ=0.1737  reg=0.0478  λscale=1.00  lr=2.72e-05

Epoch 65/150 [train]:   0%|          | 0/26 [00:00<?, ?it/s]
Epoch 65/150 [train]:   0%|          | 0/26 [00:00<?, ?it/s, S=0.0482, loss=-0.0297]
Epoch 65/150 [train]:   0%|          | 0/26 [00:00<?, ?it/s, S=0.0512, loss=-0.0326]
Epoch 65/150 [train]:   0%|          | 0/26 [00:00<?, ?it/s, S=0.0505, loss=-0.0324]
Epoch 65/150 [train]:   0%|          | 0/26 [00:00<?, ?it/s, S=0.0494, loss=-0.0284]
Epoch 65/150 [train]:   0%|          | 0/26 [00:00<?, ?it/s, S=0.0499, loss=-0.0314]
Epoch 65/150 [train]:   0%|          | 0/26 [00:00<?, ?it/s, S=0.0491, loss=-0.0294]
Epoch 65/150 [train]:   0%|          | 0/26 [00:00<?, ?it/s, S=0.0504, loss=-0.0324]
Epoch 65/150 [train]:   0%|          | 0/26 [00:00<?, ?it/s, S=0.0504, loss=-0.0328]
Epoch 65/150 [train]:   0%|          | 0/26 [00:00<?, ?it/s, S=0.0503, loss=-0.0317]
Epoch 65/150 [train]:  35%|███▍      | 9/26 [00:00<00:00, 86.07it/s, S=0.0503, loss=-0.0317]
Epoch 65/150 [train]:  35%|███▍      | 9/26 [00:00<00:00, 86.07it/s, S=0.0504, loss=-0.0320]
Epoch 65/150 [train]:  35%|███▍      | 9/26 [00:00<00:00, 86.07it/s, S=0.0499, loss=-0.0320]
Epoch 65/150 [train]:  35%|███▍      | 9/26 [00:00<00:00, 86.07it/s, S=0.0501, loss=-0.0321]
Epoch 65/150 [train]:  35%|███▍      | 9/26 [00:00<00:00, 86.07it/s, S=0.0502, loss=-0.0317]
Epoch 65/150 [train]:  35%|███▍      | 9/26 [00:00<00:00, 86.07it/s, S=0.0483, loss=-0.0292]
Epoch 65/150 [train]:  35%|███▍      | 9/26 [00:00<00:00, 86.07it/s, S=0.0505, loss=-0.0320]
Epoch 65/150 [train]:  35%|███▍      | 9/26 [00:00<00:00, 86.07it/s, S=0.0496, loss=-0.0312]
Epoch 65/150 [train]:  35%|███▍      | 9/26 [00:00<00:00, 86.07it/s, S=0.0499, loss=-0.0299]
Epoch 65/150 [train]:  35%|███▍      | 9/26 [00:00<00:00, 86.07it/s, S=0.0499, loss=-0.0279]
Epoch 65/150 [train]:  69%|██████▉   | 18/26 [00:00<00:00, 86.37it/s, S=0.0499, loss=-0.0279]
Epoch 65/150 [train]:  69%|██████▉   | 18/26 [00:00<00:00, 86.37it/s, S=0.0506, loss=-0.0315]
Epoch 65/150 [train]:  69%|██████▉   | 18/26 [00:00<00:00, 86.37it/s, S=0.0513, loss=-0.0325]
Epoch 65/150 [train]:  69%|██████▉   | 18/26 [00:00<00:00, 86.37it/s, S=0.0498, loss=-0.0319]
Epoch 65/150 [train]:  69%|██████▉   | 18/26 [00:00<00:00, 86.37it/s, S=0.0505, loss=-0.0315]
Epoch 65/150 [train]:  69%|██████▉   | 18/26 [00:00<00:00, 86.37it/s, S=0.0501, loss=-0.0317]
Epoch 65/150 [train]:  69%|██████▉   | 18/26 [00:00<00:00, 86.37it/s, S=0.0497, loss=-0.0314]
Epoch 65/150 [train]:  69%|██████▉   | 18/26 [00:00<00:00, 86.37it/s, S=0.0498, loss=-0.0308]
Epoch 65/150 [train]:  69%|██████▉   | 18/26 [00:00<00:00, 86.37it/s, S=0.0492, loss=-0.0298]
                                                                                             
Epoch  65/150  train loss=-0.0312  val loss=-0.0046  S[mean]=0.0524  ζ=0.2624  mean_plane_ζ=0.1739  reg=0.0478  λscale=1.00  lr=1.90e-05

Epoch 66/150 [train]:   0%|          | 0/26 [00:00<?, ?it/s]
Epoch 66/150 [train]:   0%|          | 0/26 [00:00<?, ?it/s, S=0.0474, loss=-0.0291]
Epoch 66/150 [train]:   0%|          | 0/26 [00:00<?, ?it/s, S=0.0504, loss=-0.0317]
Epoch 66/150 [train]:   0%|          | 0/26 [00:00<?, ?it/s, S=0.0505, loss=-0.0330]
Epoch 66/150 [train]:   0%|          | 0/26 [00:00<?, ?it/s, S=0.0493, loss=-0.0309]
Epoch 66/150 [train]:   0%|          | 0/26 [00:00<?, ?it/s, S=0.0503, loss=-0.0319]
Epoch 66/150 [train]:   0%|          | 0/26 [00:00<?, ?it/s, S=0.0498, loss=-0.0321]
Epoch 66/150 [train]:   0%|          | 0/26 [00:00<?, ?it/s, S=0.0511, loss=-0.0330]
Epoch 66/150 [train]:   0%|          | 0/26 [00:00<?, ?it/s, S=0.0502, loss=-0.0315]
Epoch 66/150 [train]:   0%|          | 0/26 [00:00<?, ?it/s, S=0.0502, loss=-0.0318]
Epoch 66/150 [train]:  35%|███▍      | 9/26 [00:00<00:00, 86.34it/s, S=0.0502, loss=-0.0318]
Epoch 66/150 [train]:  35%|███▍      | 9/26 [00:00<00:00, 86.34it/s, S=0.0495, loss=-0.0292]
Epoch 66/150 [train]:  35%|███▍      | 9/26 [00:00<00:00, 86.34it/s, S=0.0504, loss=-0.0322]
Epoch 66/150 [train]:  35%|███▍      | 9/26 [00:00<00:00, 86.34it/s, S=0.0496, loss=-0.0290]
Epoch 66/150 [train]:  35%|███▍      | 9/26 [00:00<00:00, 86.34it/s, S=0.0508, loss=-0.0322]
Epoch 66/150 [train]:  35%|███▍      | 9/26 [00:00<00:00, 86.34it/s, S=0.0489, loss=-0.0293]
Epoch 66/150 [train]:  35%|███▍      | 9/26 [00:00<00:00, 86.34it/s, S=0.0494, loss=-0.0306]
Epoch 66/150 [train]:  35%|███▍      | 9/26 [00:00<00:00, 86.34it/s, S=0.0498, loss=-0.0318]
Epoch 66/150 [train]:  35%|███▍      | 9/26 [00:00<00:00, 86.34it/s, S=0.0511, loss=-0.0325]
Epoch 66/150 [train]:  35%|███▍      | 9/26 [00:00<00:00, 86.34it/s, S=0.0501, loss=-0.0300]
Epoch 66/150 [train]:  69%|██████▉   | 18/26 [00:00<00:00, 86.48it/s, S=0.0501, loss=-0.0300]
Epoch 66/150 [train]:  69%|██████▉   | 18/26 [00:00<00:00, 86.48it/s, S=0.0499, loss=-0.0314]
Epoch 66/150 [train]:  69%|██████▉   | 18/26 [00:00<00:00, 86.48it/s, S=0.0500, loss=-0.0313]
Epoch 66/150 [train]:  69%|██████▉   | 18/26 [00:00<00:00, 86.48it/s, S=0.0510, loss=-0.0330]
Epoch 66/150 [train]:  69%|██████▉   | 18/26 [00:00<00:00, 86.48it/s, S=0.0505, loss=-0.0301]
Epoch 66/150 [train]:  69%|██████▉   | 18/26 [00:00<00:00, 86.48it/s, S=0.0507, loss=-0.0328]
Epoch 66/150 [train]:  69%|██████▉   | 18/26 [00:00<00:00, 86.48it/s, S=0.0512, loss=-0.0331]
Epoch 66/150 [train]:  69%|██████▉   | 18/26 [00:00<00:00, 86.48it/s, S=0.0506, loss=-0.0326]
Epoch 66/150 [train]:  69%|██████▉   | 18/26 [00:00<00:00, 86.48it/s, S=0.0500, loss=-0.0317]
                                                                                             
Epoch  66/150  train loss=-0.0315  val loss=-0.0047  S[mean]=0.0524  ζ=0.2625  mean_plane_ζ=0.1740  reg=0.0477  λscale=1.00  lr=1.22e-05

Epoch 67/150 [train]:   0%|          | 0/26 [00:00<?, ?it/s]
Epoch 67/150 [train]:   0%|          | 0/26 [00:00<?, ?it/s, S=0.0514, loss=-0.0334]
Epoch 67/150 [train]:   0%|          | 0/26 [00:00<?, ?it/s, S=0.0497, loss=-0.0297]
Epoch 67/150 [train]:   0%|          | 0/26 [00:00<?, ?it/s, S=0.0495, loss=-0.0302]
Epoch 67/150 [train]:   0%|          | 0/26 [00:00<?, ?it/s, S=0.0506, loss=-0.0327]
Epoch 67/150 [train]:   0%|          | 0/26 [00:00<?, ?it/s, S=0.0503, loss=-0.0320]
Epoch 67/150 [train]:   0%|          | 0/26 [00:00<?, ?it/s, S=0.0483, loss=-0.0287]
Epoch 67/150 [train]:   0%|          | 0/26 [00:00<?, ?it/s, S=0.0498, loss=-0.0312]
Epoch 67/150 [train]:   0%|          | 0/26 [00:00<?, ?it/s, S=0.0505, loss=-0.0313]
Epoch 67/150 [train]:   0%|          | 0/26 [00:00<?, ?it/s, S=0.0516, loss=-0.0330]
Epoch 67/150 [train]:  35%|███▍      | 9/26 [00:00<00:00, 86.30it/s, S=0.0516, loss=-0.0330]
Epoch 67/150 [train]:  35%|███▍      | 9/26 [00:00<00:00, 86.30it/s, S=0.0506, loss=-0.0324]
Epoch 67/150 [train]:  35%|███▍      | 9/26 [00:00<00:00, 86.30it/s, S=0.0511, loss=-0.0316]
Epoch 67/150 [train]:  35%|███▍      | 9/26 [00:00<00:00, 86.30it/s, S=0.0488, loss=-0.0300]
Epoch 67/150 [train]:  35%|███▍      | 9/26 [00:00<00:00, 86.30it/s, S=0.0506, loss=-0.0326]
Epoch 67/150 [train]:  35%|███▍      | 9/26 [00:00<00:00, 86.30it/s, S=0.0506, loss=-0.0319]
Epoch 67/150 [train]:  35%|███▍      | 9/26 [00:00<00:00, 86.30it/s, S=0.0490, loss=-0.0301]
Epoch 67/150 [train]:  35%|███▍      | 9/26 [00:00<00:00, 86.30it/s, S=0.0485, loss=-0.0295]
Epoch 67/150 [train]:  35%|███▍      | 9/26 [00:00<00:00, 86.30it/s, S=0.0505, loss=-0.0326]
Epoch 67/150 [train]:  35%|███▍      | 9/26 [00:00<00:00, 86.30it/s, S=0.0512, loss=-0.0322]
Epoch 67/150 [train]:  69%|██████▉   | 18/26 [00:00<00:00, 86.30it/s, S=0.0512, loss=-0.0322]
Epoch 67/150 [train]:  69%|██████▉   | 18/26 [00:00<00:00, 86.30it/s, S=0.0507, loss=-0.0323]
Epoch 67/150 [train]:  69%|██████▉   | 18/26 [00:00<00:00, 86.30it/s, S=0.0502, loss=-0.0318]
Epoch 67/150 [train]:  69%|██████▉   | 18/26 [00:00<00:00, 86.30it/s, S=0.0493, loss=-0.0305]
Epoch 67/150 [train]:  69%|██████▉   | 18/26 [00:00<00:00, 86.30it/s, S=0.0501, loss=-0.0312]
Epoch 67/150 [train]:  69%|██████▉   | 18/26 [00:00<00:00, 86.30it/s, S=0.0507, loss=-0.0321]
Epoch 67/150 [train]:  69%|██████▉   | 18/26 [00:00<00:00, 86.30it/s, S=0.0494, loss=-0.0295]
Epoch 67/150 [train]:  69%|██████▉   | 18/26 [00:00<00:00, 86.30it/s, S=0.0506, loss=-0.0326]
Epoch 67/150 [train]:  69%|██████▉   | 18/26 [00:00<00:00, 86.30it/s, S=0.0494, loss=-0.0309]
                                                                                             
Epoch  67/150  train loss=-0.0314  val loss=-0.0047  S[mean]=0.0525  ζ=0.2625  mean_plane_ζ=0.1740  reg=0.0478  λscale=1.00  lr=6.91e-06

Epoch 68/150 [train]:   0%|          | 0/26 [00:00<?, ?it/s]
Epoch 68/150 [train]:   0%|          | 0/26 [00:00<?, ?it/s, S=0.0510, loss=-0.0329]
Epoch 68/150 [train]:   0%|          | 0/26 [00:00<?, ?it/s, S=0.0485, loss=-0.0296]
Epoch 68/150 [train]:   0%|          | 0/26 [00:00<?, ?it/s, S=0.0503, loss=-0.0309]
Epoch 68/150 [train]:   0%|          | 0/26 [00:00<?, ?it/s, S=0.0505, loss=-0.0309]
Epoch 68/150 [train]:   0%|          | 0/26 [00:00<?, ?it/s, S=0.0505, loss=-0.0318]
Epoch 68/150 [train]:   0%|          | 0/26 [00:00<?, ?it/s, S=0.0500, loss=-0.0320]
Epoch 68/150 [train]:   0%|          | 0/26 [00:00<?, ?it/s, S=0.0512, loss=-0.0329]
Epoch 68/150 [train]:   0%|          | 0/26 [00:00<?, ?it/s, S=0.0506, loss=-0.0326]
Epoch 68/150 [train]:   0%|          | 0/26 [00:00<?, ?it/s, S=0.0507, loss=-0.0310]
Epoch 68/150 [train]:  35%|███▍      | 9/26 [00:00<00:00, 86.41it/s, S=0.0507, loss=-0.0310]
Epoch 68/150 [train]:  35%|███▍      | 9/26 [00:00<00:00, 86.41it/s, S=0.0492, loss=-0.0297]
Epoch 68/150 [train]:  35%|███▍      | 9/26 [00:00<00:00, 86.41it/s, S=0.0485, loss=-0.0304]
Epoch 68/150 [train]:  35%|███▍      | 9/26 [00:00<00:00, 86.41it/s, S=0.0504, loss=-0.0327]
Epoch 68/150 [train]:  35%|███▍      | 9/26 [00:00<00:00, 86.41it/s, S=0.0514, loss=-0.0319]
Epoch 68/150 [train]:  35%|███▍      | 9/26 [00:00<00:00, 86.41it/s, S=0.0501, loss=-0.0324]
Epoch 68/150 [train]:  35%|███▍      | 9/26 [00:00<00:00, 86.41it/s, S=0.0500, loss=-0.0306]
Epoch 68/150 [train]:  35%|███▍      | 9/26 [00:00<00:00, 86.41it/s, S=0.0509, loss=-0.0321]
Epoch 68/150 [train]:  35%|███▍      | 9/26 [00:00<00:00, 86.41it/s, S=0.0498, loss=-0.0320]
Epoch 68/150 [train]:  35%|███▍      | 9/26 [00:00<00:00, 86.41it/s, S=0.0500, loss=-0.0306]
Epoch 68/150 [train]:  69%|██████▉   | 18/26 [00:00<00:00, 86.49it/s, S=0.0500, loss=-0.0306]
Epoch 68/150 [train]:  69%|██████▉   | 18/26 [00:00<00:00, 86.49it/s, S=0.0493, loss=-0.0297]
Epoch 68/150 [train]:  69%|██████▉   | 18/26 [00:00<00:00, 86.49it/s, S=0.0510, loss=-0.0329]
Epoch 68/150 [train]:  69%|██████▉   | 18/26 [00:00<00:00, 86.49it/s, S=0.0497, loss=-0.0304]
Epoch 68/150 [train]:  69%|██████▉   | 18/26 [00:00<00:00, 86.49it/s, S=0.0501, loss=-0.0325]
Epoch 68/150 [train]:  69%|██████▉   | 18/26 [00:00<00:00, 86.49it/s, S=0.0502, loss=-0.0318]
Epoch 68/150 [train]:  69%|██████▉   | 18/26 [00:00<00:00, 86.49it/s, S=0.0498, loss=-0.0302]
Epoch 68/150 [train]:  69%|██████▉   | 18/26 [00:00<00:00, 86.49it/s, S=0.0494, loss=-0.0314]
Epoch 68/150 [train]:  69%|██████▉   | 18/26 [00:00<00:00, 86.49it/s, S=0.0491, loss=-0.0315]
                                                                                             
Epoch  68/150  train loss=-0.0314  val loss=-0.0047  S[mean]=0.0525  ζ=0.2625  mean_plane_ζ=0.1740  reg=0.0478  λscale=1.00  lr=3.08e-06

Epoch 69/150 [train]:   0%|          | 0/26 [00:00<?, ?it/s]
Epoch 69/150 [train]:   0%|          | 0/26 [00:00<?, ?it/s, S=0.0503, loss=-0.0329]
Epoch 69/150 [train]:   0%|          | 0/26 [00:00<?, ?it/s, S=0.0507, loss=-0.0321]
Epoch 69/150 [train]:   0%|          | 0/26 [00:00<?, ?it/s, S=0.0509, loss=-0.0329]
Epoch 69/150 [train]:   0%|          | 0/26 [00:00<?, ?it/s, S=0.0497, loss=-0.0312]
Epoch 69/150 [train]:   0%|          | 0/26 [00:00<?, ?it/s, S=0.0518, loss=-0.0334]
Epoch 69/150 [train]:   0%|          | 0/26 [00:00<?, ?it/s, S=0.0498, loss=-0.0307]
Epoch 69/150 [train]:   0%|          | 0/26 [00:00<?, ?it/s, S=0.0502, loss=-0.0316]
Epoch 69/150 [train]:   0%|          | 0/26 [00:00<?, ?it/s, S=0.0492, loss=-0.0313]
Epoch 69/150 [train]:   0%|          | 0/26 [00:00<?, ?it/s, S=0.0488, loss=-0.0298]
Epoch 69/150 [train]:  35%|███▍      | 9/26 [00:00<00:00, 86.43it/s, S=0.0488, loss=-0.0298]
Epoch 69/150 [train]:  35%|███▍      | 9/26 [00:00<00:00, 86.43it/s, S=0.0500, loss=-0.0313]
Epoch 69/150 [train]:  35%|███▍      | 9/26 [00:00<00:00, 86.43it/s, S=0.0510, loss=-0.0329]
Epoch 69/150 [train]:  35%|███▍      | 9/26 [00:00<00:00, 86.43it/s, S=0.0510, loss=-0.0335]
Epoch 69/150 [train]:  35%|███▍      | 9/26 [00:00<00:00, 86.43it/s, S=0.0499, loss=-0.0309]
Epoch 69/150 [train]:  35%|███▍      | 9/26 [00:00<00:00, 86.43it/s, S=0.0507, loss=-0.0320]
Epoch 69/150 [train]:  35%|███▍      | 9/26 [00:00<00:00, 86.43it/s, S=0.0500, loss=-0.0316]
Epoch 69/150 [train]:  35%|███▍      | 9/26 [00:00<00:00, 86.43it/s, S=0.0518, loss=-0.0335]
Epoch 69/150 [train]:  35%|███▍      | 9/26 [00:00<00:00, 86.43it/s, S=0.0509, loss=-0.0328]
Epoch 69/150 [train]:  35%|███▍      | 9/26 [00:00<00:00, 86.43it/s, S=0.0500, loss=-0.0317]
Epoch 69/150 [train]:  69%|██████▉   | 18/26 [00:00<00:00, 86.55it/s, S=0.0500, loss=-0.0317]
Epoch 69/150 [train]:  69%|██████▉   | 18/26 [00:00<00:00, 86.55it/s, S=0.0499, loss=-0.0323]
Epoch 69/150 [train]:  69%|██████▉   | 18/26 [00:00<00:00, 86.55it/s, S=0.0495, loss=-0.0317]
Epoch 69/150 [train]:  69%|██████▉   | 18/26 [00:00<00:00, 86.55it/s, S=0.0480, loss=-0.0273]
Epoch 69/150 [train]:  69%|██████▉   | 18/26 [00:00<00:00, 86.55it/s, S=0.0518, loss=-0.0341]
Epoch 69/150 [train]:  69%|██████▉   | 18/26 [00:00<00:00, 86.55it/s, S=0.0503, loss=-0.0319]
Epoch 69/150 [train]:  69%|██████▉   | 18/26 [00:00<00:00, 86.55it/s, S=0.0503, loss=-0.0319]
Epoch 69/150 [train]:  69%|██████▉   | 18/26 [00:00<00:00, 86.55it/s, S=0.0476, loss=-0.0293]
Epoch 69/150 [train]:  69%|██████▉   | 18/26 [00:00<00:00, 86.55it/s, S=0.0509, loss=-0.0319]
                                                                                             
Epoch  69/150  train loss=-0.0318  val loss=-0.0047  S[mean]=0.0525  ζ=0.2625  mean_plane_ζ=0.1740  reg=0.0478  λscale=1.00  lr=7.71e-07

Epoch 70/150 [train]:   0%|          | 0/26 [00:00<?, ?it/s]
Epoch 70/150 [train]:   0%|          | 0/26 [00:00<?, ?it/s, S=0.0515, loss=-0.0330]
Epoch 70/150 [train]:   0%|          | 0/26 [00:00<?, ?it/s, S=0.0500, loss=-0.0325]
Epoch 70/150 [train]:   0%|          | 0/26 [00:00<?, ?it/s, S=0.0505, loss=-0.0312]
Epoch 70/150 [train]:   0%|          | 0/26 [00:00<?, ?it/s, S=0.0506, loss=-0.0327]
Epoch 70/150 [train]:   0%|          | 0/26 [00:00<?, ?it/s, S=0.0497, loss=-0.0314]
Epoch 70/150 [train]:   0%|          | 0/26 [00:00<?, ?it/s, S=0.0492, loss=-0.0311]
Epoch 70/150 [train]:   0%|          | 0/26 [00:00<?, ?it/s, S=0.0496, loss=-0.0303]
Epoch 70/150 [train]:   0%|          | 0/26 [00:00<?, ?it/s, S=0.0501, loss=-0.0316]
Epoch 70/150 [train]:   0%|          | 0/26 [00:00<?, ?it/s, S=0.0505, loss=-0.0326]
Epoch 70/150 [train]:  35%|███▍      | 9/26 [00:00<00:00, 86.33it/s, S=0.0505, loss=-0.0326]
Epoch 70/150 [train]:  35%|███▍      | 9/26 [00:00<00:00, 86.33it/s, S=0.0494, loss=-0.0311]
Epoch 70/150 [train]:  35%|███▍      | 9/26 [00:00<00:00, 86.33it/s, S=0.0510, loss=-0.0323]
Epoch 70/150 [train]:  35%|███▍      | 9/26 [00:00<00:00, 86.33it/s, S=0.0492, loss=-0.0307]
Epoch 70/150 [train]:  35%|███▍      | 9/26 [00:00<00:00, 86.33it/s, S=0.0485, loss=-0.0293]
Epoch 70/150 [train]:  35%|███▍      | 9/26 [00:00<00:00, 86.33it/s, S=0.0495, loss=-0.0292]
Epoch 70/150 [train]:  35%|███▍      | 9/26 [00:00<00:00, 86.33it/s, S=0.0507, loss=-0.0328]
Epoch 70/150 [train]:  35%|███▍      | 9/26 [00:00<00:00, 86.33it/s, S=0.0503, loss=-0.0317]
Epoch 70/150 [train]:  35%|███▍      | 9/26 [00:00<00:00, 86.33it/s, S=0.0509, loss=-0.0333]
Epoch 70/150 [train]:  35%|███▍      | 9/26 [00:00<00:00, 86.33it/s, S=0.0505, loss=-0.0313]
Epoch 70/150 [train]:  69%|██████▉   | 18/26 [00:00<00:00, 86.45it/s, S=0.0505, loss=-0.0313]
Epoch 70/150 [train]:  69%|██████▉   | 18/26 [00:00<00:00, 86.45it/s, S=0.0497, loss=-0.0305]
Epoch 70/150 [train]:  69%|██████▉   | 18/26 [00:00<00:00, 86.45it/s, S=0.0495, loss=-0.0313]
Epoch 70/150 [train]:  69%|██████▉   | 18/26 [00:00<00:00, 86.45it/s, S=0.0504, loss=-0.0321]
Epoch 70/150 [train]:  69%|██████▉   | 18/26 [00:00<00:00, 86.45it/s, S=0.0490, loss=-0.0307]
Epoch 70/150 [train]:  69%|██████▉   | 18/26 [00:00<00:00, 86.45it/s, S=0.0503, loss=-0.0321]
Epoch 70/150 [train]:  69%|██████▉   | 18/26 [00:00<00:00, 86.45it/s, S=0.0496, loss=-0.0315]
Epoch 70/150 [train]:  69%|██████▉   | 18/26 [00:00<00:00, 86.45it/s, S=0.0510, loss=-0.0322]
Epoch 70/150 [train]:  69%|██████▉   | 18/26 [00:00<00:00, 86.45it/s, S=0.0513, loss=-0.0333]
                                                                                             
Epoch  70/150  train loss=-0.0316  val loss=-0.0047  S[mean]=0.0525  ζ=0.2625  mean_plane_ζ=0.1740  reg=0.0478  λscale=1.00  lr=5.00e-04

Epoch 71/150 [train]:   0%|          | 0/26 [00:00<?, ?it/s]
Epoch 71/150 [train]:   0%|          | 0/26 [00:00<?, ?it/s, S=0.0494, loss=-0.0310]
Epoch 71/150 [train]:   0%|          | 0/26 [00:00<?, ?it/s, S=0.0518, loss=-0.0338]
Epoch 71/150 [train]:   0%|          | 0/26 [00:00<?, ?it/s, S=0.0503, loss=-0.0317]
Epoch 71/150 [train]:   0%|          | 0/26 [00:00<?, ?it/s, S=0.0509, loss=-0.0309]
Epoch 71/150 [train]:   0%|          | 0/26 [00:00<?, ?it/s, S=0.0484, loss=-0.0262]
Epoch 71/150 [train]:   0%|          | 0/26 [00:00<?, ?it/s, S=0.0505, loss=-0.0302]
Epoch 71/150 [train]:   0%|          | 0/26 [00:00<?, ?it/s, S=0.0505, loss=-0.0296]
Epoch 71/150 [train]:   0%|          | 0/26 [00:00<?, ?it/s, S=0.0492, loss=-0.0284]
Epoch 71/150 [train]:   0%|          | 0/26 [00:00<?, ?it/s, S=0.0514, loss=-0.0305]
Epoch 71/150 [train]:  35%|███▍      | 9/26 [00:00<00:00, 86.27it/s, S=0.0514, loss=-0.0305]
Epoch 71/150 [train]:  35%|███▍      | 9/26 [00:00<00:00, 86.27it/s, S=0.0512, loss=-0.0299]
Epoch 71/150 [train]:  35%|███▍      | 9/26 [00:00<00:00, 86.27it/s, S=0.0501, loss=-0.0278]
Epoch 71/150 [train]:  35%|███▍      | 9/26 [00:00<00:00, 86.27it/s, S=0.0509, loss=-0.0297]
Epoch 71/150 [train]:  35%|███▍      | 9/26 [00:00<00:00, 86.27it/s, S=0.0493, loss=-0.0280]
Epoch 71/150 [train]:  35%|███▍      | 9/26 [00:00<00:00, 86.27it/s, S=0.0517, loss=-0.0302]
Epoch 71/150 [train]:  35%|███▍      | 9/26 [00:00<00:00, 86.27it/s, S=0.0500, loss=-0.0273]
Epoch 71/150 [train]:  35%|███▍      | 9/26 [00:00<00:00, 86.27it/s, S=0.0512, loss=-0.0306]
Epoch 71/150 [train]:  35%|███▍      | 9/26 [00:00<00:00, 86.27it/s, S=0.0500, loss=-0.0260]
Epoch 71/150 [train]:  35%|███▍      | 9/26 [00:00<00:00, 86.27it/s, S=0.0504, loss=-0.0283]
Epoch 71/150 [train]:  69%|██████▉   | 18/26 [00:00<00:00, 86.43it/s, S=0.0504, loss=-0.0283]
Epoch 71/150 [train]:  69%|██████▉   | 18/26 [00:00<00:00, 86.43it/s, S=0.0497, loss=-0.0276]
Epoch 71/150 [train]:  69%|██████▉   | 18/26 [00:00<00:00, 86.43it/s, S=0.0498, loss=-0.0256]
Epoch 71/150 [train]:  69%|██████▉   | 18/26 [00:00<00:00, 86.43it/s, S=0.0508, loss=-0.0284]
Epoch 71/150 [train]:  69%|██████▉   | 18/26 [00:00<00:00, 86.43it/s, S=0.0501, loss=-0.0287]
Epoch 71/150 [train]:  69%|██████▉   | 18/26 [00:00<00:00, 86.43it/s, S=0.0502, loss=-0.0281]
Epoch 71/150 [train]:  69%|██████▉   | 18/26 [00:00<00:00, 86.43it/s, S=0.0496, loss=-0.0261]
Epoch 71/150 [train]:  69%|██████▉   | 18/26 [00:00<00:00, 86.43it/s, S=0.0513, loss=-0.0274]
Epoch 71/150 [train]:  69%|██████▉   | 18/26 [00:00<00:00, 86.43it/s, S=0.0513, loss=-0.0290]
                                                                                             
Epoch  71/150  train loss=-0.0289  val loss=-0.0006  S[mean]=0.0540  ζ=0.2655  mean_plane_ζ=0.1754  reg=0.0535  λscale=1.00  lr=5.00e-04

Epoch 72/150 [train]:   0%|          | 0/26 [00:00<?, ?it/s]
Epoch 72/150 [train]:   0%|          | 0/26 [00:00<?, ?it/s, S=0.0503, loss=-0.0284]
Epoch 72/150 [train]:   0%|          | 0/26 [00:00<?, ?it/s, S=0.0510, loss=-0.0297]
Epoch 72/150 [train]:   0%|          | 0/26 [00:00<?, ?it/s, S=0.0513, loss=-0.0290]
Epoch 72/150 [train]:   0%|          | 0/26 [00:00<?, ?it/s, S=0.0513, loss=-0.0301]
Epoch 72/150 [train]:   0%|          | 0/26 [00:00<?, ?it/s, S=0.0498, loss=-0.0261]
Epoch 72/150 [train]:   0%|          | 0/26 [00:00<?, ?it/s, S=0.0515, loss=-0.0277]
Epoch 72/150 [train]:   0%|          | 0/26 [00:00<?, ?it/s, S=0.0515, loss=-0.0301]
Epoch 72/150 [train]:   0%|          | 0/26 [00:00<?, ?it/s, S=0.0521, loss=-0.0305]
Epoch 72/150 [train]:   0%|          | 0/26 [00:00<?, ?it/s, S=0.0515, loss=-0.0287]
Epoch 72/150 [train]:  35%|███▍      | 9/26 [00:00<00:00, 86.22it/s, S=0.0515, loss=-0.0287]
Epoch 72/150 [train]:  35%|███▍      | 9/26 [00:00<00:00, 86.22it/s, S=0.0513, loss=-0.0284]
Epoch 72/150 [train]:  35%|███▍      | 9/26 [00:00<00:00, 86.22it/s, S=0.0509, loss=-0.0288]
Epoch 72/150 [train]:  35%|███▍      | 9/26 [00:00<00:00, 86.22it/s, S=0.0507, loss=-0.0274]
Epoch 72/150 [train]:  35%|███▍      | 9/26 [00:00<00:00, 86.22it/s, S=0.0514, loss=-0.0279]
Epoch 72/150 [train]:  35%|███▍      | 9/26 [00:00<00:00, 86.22it/s, S=0.0519, loss=-0.0275]
Epoch 72/150 [train]:  35%|███▍      | 9/26 [00:00<00:00, 86.22it/s, S=0.0514, loss=-0.0298]
Epoch 72/150 [train]:  35%|███▍      | 9/26 [00:00<00:00, 86.22it/s, S=0.0515, loss=-0.0287]
Epoch 72/150 [train]:  35%|███▍      | 9/26 [00:00<00:00, 86.22it/s, S=0.0523, loss=-0.0294]
Epoch 72/150 [train]:  35%|███▍      | 9/26 [00:00<00:00, 86.22it/s, S=0.0520, loss=-0.0288]
Epoch 72/150 [train]:  69%|██████▉   | 18/26 [00:00<00:00, 86.59it/s, S=0.0520, loss=-0.0288]
Epoch 72/150 [train]:  69%|██████▉   | 18/26 [00:00<00:00, 86.59it/s, S=0.0519, loss=-0.0292]
Epoch 72/150 [train]:  69%|██████▉   | 18/26 [00:00<00:00, 86.59it/s, S=0.0512, loss=-0.0285]
Epoch 72/150 [train]:  69%|██████▉   | 18/26 [00:00<00:00, 86.59it/s, S=0.0513, loss=-0.0281]
Epoch 72/150 [train]:  69%|██████▉   | 18/26 [00:00<00:00, 86.59it/s, S=0.0529, loss=-0.0304]
Epoch 72/150 [train]:  69%|██████▉   | 18/26 [00:00<00:00, 86.59it/s, S=0.0520, loss=-0.0294]
Epoch 72/150 [train]:  69%|██████▉   | 18/26 [00:00<00:00, 86.59it/s, S=0.0519, loss=-0.0283]
Epoch 72/150 [train]:  69%|██████▉   | 18/26 [00:00<00:00, 86.59it/s, S=0.0513, loss=-0.0262]
Epoch 72/150 [train]:  69%|██████▉   | 18/26 [00:00<00:00, 86.59it/s, S=0.0522, loss=-0.0303]
                                                                                             
Epoch  72/150  train loss=-0.0287  val loss=-0.0023  S[mean]=0.0565  ζ=0.2713  mean_plane_ζ=0.1770  reg=0.0543  λscale=1.00  lr=4.99e-04

Epoch 73/150 [train]:   0%|          | 0/26 [00:00<?, ?it/s]
Epoch 73/150 [train]:   0%|          | 0/26 [00:00<?, ?it/s, S=0.0522, loss=-0.0303]
Epoch 73/150 [train]:   0%|          | 0/26 [00:00<?, ?it/s, S=0.0525, loss=-0.0311]
Epoch 73/150 [train]:   0%|          | 0/26 [00:00<?, ?it/s, S=0.0533, loss=-0.0317]
Epoch 73/150 [train]:   0%|          | 0/26 [00:00<?, ?it/s, S=0.0525, loss=-0.0302]
Epoch 73/150 [train]:   0%|          | 0/26 [00:00<?, ?it/s, S=0.0528, loss=-0.0313]
Epoch 73/150 [train]:   0%|          | 0/26 [00:00<?, ?it/s, S=0.0534, loss=-0.0317]
Epoch 73/150 [train]:   0%|          | 0/26 [00:00<?, ?it/s, S=0.0545, loss=-0.0328]
Epoch 73/150 [train]:   0%|          | 0/26 [00:00<?, ?it/s, S=0.0538, loss=-0.0309]
Epoch 73/150 [train]:   0%|          | 0/26 [00:00<?, ?it/s, S=0.0523, loss=-0.0289]
Epoch 73/150 [train]:  35%|███▍      | 9/26 [00:00<00:00, 86.19it/s, S=0.0523, loss=-0.0289]
Epoch 73/150 [train]:  35%|███▍      | 9/26 [00:00<00:00, 86.19it/s, S=0.0538, loss=-0.0318]
Epoch 73/150 [train]:  35%|███▍      | 9/26 [00:00<00:00, 86.19it/s, S=0.0538, loss=-0.0322]
Epoch 73/150 [train]:  35%|███▍      | 9/26 [00:00<00:00, 86.19it/s, S=0.0538, loss=-0.0319]
Epoch 73/150 [train]:  35%|███▍      | 9/26 [00:00<00:00, 86.19it/s, S=0.0536, loss=-0.0314]
Epoch 73/150 [train]:  35%|███▍      | 9/26 [00:00<00:00, 86.19it/s, S=0.0537, loss=-0.0316]
Epoch 73/150 [train]:  35%|███▍      | 9/26 [00:00<00:00, 86.19it/s, S=0.0543, loss=-0.0308]
Epoch 73/150 [train]:  35%|███▍      | 9/26 [00:00<00:00, 86.19it/s, S=0.0540, loss=-0.0308]
Epoch 73/150 [train]:  35%|███▍      | 9/26 [00:00<00:00, 86.19it/s, S=0.0550, loss=-0.0332]
Epoch 73/150 [train]:  35%|███▍      | 9/26 [00:00<00:00, 86.19it/s, S=0.0546, loss=-0.0317]
Epoch 73/150 [train]:  69%|██████▉   | 18/26 [00:00<00:00, 86.37it/s, S=0.0546, loss=-0.0317]
Epoch 73/150 [train]:  69%|██████▉   | 18/26 [00:00<00:00, 86.37it/s, S=0.0542, loss=-0.0323]
Epoch 73/150 [train]:  69%|██████▉   | 18/26 [00:00<00:00, 86.37it/s, S=0.0523, loss=-0.0289]
Epoch 73/150 [train]:  69%|██████▉   | 18/26 [00:00<00:00, 86.37it/s, S=0.0532, loss=-0.0301]
Epoch 73/150 [train]:  69%|██████▉   | 18/26 [00:00<00:00, 86.37it/s, S=0.0542, loss=-0.0319]
Epoch 73/150 [train]:  69%|██████▉   | 18/26 [00:00<00:00, 86.37it/s, S=0.0546, loss=-0.0328]
Epoch 73/150 [train]:  69%|██████▉   | 18/26 [00:00<00:00, 86.37it/s, S=0.0547, loss=-0.0332]
Epoch 73/150 [train]:  69%|██████▉   | 18/26 [00:00<00:00, 86.37it/s, S=0.0553, loss=-0.0328]
Epoch 73/150 [train]:  69%|██████▉   | 18/26 [00:00<00:00, 86.37it/s, S=0.0556, loss=-0.0340]
                                                                                             
Epoch  73/150  train loss=-0.0316  val loss=-0.0041  S[mean]=0.0596  ζ=0.2787  mean_plane_ζ=0.1785  reg=0.0555  λscale=1.00  lr=4.98e-04

Epoch 74/150 [train]:   0%|          | 0/26 [00:00<?, ?it/s]
Epoch 74/150 [train]:   0%|          | 0/26 [00:00<?, ?it/s, S=0.0562, loss=-0.0351]
Epoch 74/150 [train]:   0%|          | 0/26 [00:00<?, ?it/s, S=0.0555, loss=-0.0328]
Epoch 74/150 [train]:   0%|          | 0/26 [00:00<?, ?it/s, S=0.0561, loss=-0.0333]
Epoch 74/150 [train]:   0%|          | 0/26 [00:00<?, ?it/s, S=0.0564, loss=-0.0349]
Epoch 74/150 [train]:   0%|          | 0/26 [00:00<?, ?it/s, S=0.0536, loss=-0.0316]
Epoch 74/150 [train]:   0%|          | 0/26 [00:00<?, ?it/s, S=0.0553, loss=-0.0315]
Epoch 74/150 [train]:   0%|          | 0/26 [00:00<?, ?it/s, S=0.0554, loss=-0.0341]
Epoch 74/150 [train]:   0%|          | 0/26 [00:00<?, ?it/s, S=0.0531, loss=-0.0303]
Epoch 74/150 [train]:   0%|          | 0/26 [00:00<?, ?it/s, S=0.0563, loss=-0.0337]
Epoch 74/150 [train]:  35%|███▍      | 9/26 [00:00<00:00, 86.27it/s, S=0.0563, loss=-0.0337]
Epoch 74/150 [train]:  35%|███▍      | 9/26 [00:00<00:00, 86.27it/s, S=0.0547, loss=-0.0318]
Epoch 74/150 [train]:  35%|███▍      | 9/26 [00:00<00:00, 86.27it/s, S=0.0555, loss=-0.0320]
Epoch 74/150 [train]:  35%|███▍      | 9/26 [00:00<00:00, 86.27it/s, S=0.0559, loss=-0.0329]
Epoch 74/150 [train]:  35%|███▍      | 9/26 [00:00<00:00, 86.27it/s, S=0.0546, loss=-0.0294]
Epoch 74/150 [train]:  35%|███▍      | 9/26 [00:00<00:00, 86.27it/s, S=0.0551, loss=-0.0333]
Epoch 74/150 [train]:  35%|███▍      | 9/26 [00:00<00:00, 86.27it/s, S=0.0540, loss=-0.0292]
Epoch 74/150 [train]:  35%|███▍      | 9/26 [00:00<00:00, 86.27it/s, S=0.0569, loss=-0.0342]
Epoch 74/150 [train]:  35%|███▍      | 9/26 [00:00<00:00, 86.27it/s, S=0.0558, loss=-0.0338]
Epoch 74/150 [train]:  35%|███▍      | 9/26 [00:00<00:00, 86.27it/s, S=0.0572, loss=-0.0347]
Epoch 74/150 [train]:  69%|██████▉   | 18/26 [00:00<00:00, 86.50it/s, S=0.0572, loss=-0.0347]
Epoch 74/150 [train]:  69%|██████▉   | 18/26 [00:00<00:00, 86.50it/s, S=0.0575, loss=-0.0329]
Epoch 74/150 [train]:  69%|██████▉   | 18/26 [00:00<00:00, 86.50it/s, S=0.0572, loss=-0.0340]
Epoch 74/150 [train]:  69%|██████▉   | 18/26 [00:00<00:00, 86.50it/s, S=0.0568, loss=-0.0337]
Epoch 74/150 [train]:  69%|██████▉   | 18/26 [00:00<00:00, 86.50it/s, S=0.0576, loss=-0.0347]
Epoch 74/150 [train]:  69%|██████▉   | 18/26 [00:00<00:00, 86.50it/s, S=0.0569, loss=-0.0329]
Epoch 74/150 [train]:  69%|██████▉   | 18/26 [00:00<00:00, 86.50it/s, S=0.0580, loss=-0.0363]
Epoch 74/150 [train]:  69%|██████▉   | 18/26 [00:00<00:00, 86.50it/s, S=0.0567, loss=-0.0347]
Epoch 74/150 [train]:  69%|██████▉   | 18/26 [00:00<00:00, 86.50it/s, S=0.0566, loss=-0.0312]
                                                                                             
Epoch  74/150  train loss=-0.0330  val loss=-0.0071  S[mean]=0.0626  ζ=0.2856  mean_plane_ζ=0.1796  reg=0.0555  λscale=1.00  lr=4.97e-04

Epoch 75/150 [train]:   0%|          | 0/26 [00:00<?, ?it/s]
Epoch 75/150 [train]:   0%|          | 0/26 [00:00<?, ?it/s, S=0.0586, loss=-0.0372]
Epoch 75/150 [train]:   0%|          | 0/26 [00:00<?, ?it/s, S=0.0586, loss=-0.0358]
Epoch 75/150 [train]:   0%|          | 0/26 [00:00<?, ?it/s, S=0.0557, loss=-0.0328]
Epoch 75/150 [train]:   0%|          | 0/26 [00:00<?, ?it/s, S=0.0585, loss=-0.0361]
Epoch 75/150 [train]:   0%|          | 0/26 [00:00<?, ?it/s, S=0.0568, loss=-0.0332]
Epoch 75/150 [train]:   0%|          | 0/26 [00:00<?, ?it/s, S=0.0594, loss=-0.0370]
Epoch 75/150 [train]:   0%|          | 0/26 [00:00<?, ?it/s, S=0.0592, loss=-0.0357]
Epoch 75/150 [train]:   0%|          | 0/26 [00:00<?, ?it/s, S=0.0595, loss=-0.0364]
Epoch 75/150 [train]:   0%|          | 0/26 [00:00<?, ?it/s, S=0.0601, loss=-0.0387]
Epoch 75/150 [train]:  35%|███▍      | 9/26 [00:00<00:00, 86.32it/s, S=0.0601, loss=-0.0387]
Epoch 75/150 [train]:  35%|███▍      | 9/26 [00:00<00:00, 86.32it/s, S=0.0575, loss=-0.0344]
Epoch 75/150 [train]:  35%|███▍      | 9/26 [00:00<00:00, 86.32it/s, S=0.0603, loss=-0.0378]
Epoch 75/150 [train]:  35%|███▍      | 9/26 [00:00<00:00, 86.32it/s, S=0.0597, loss=-0.0363]
Epoch 75/150 [train]:  35%|███▍      | 9/26 [00:00<00:00, 86.32it/s, S=0.0602, loss=-0.0375]
Epoch 75/150 [train]:  35%|███▍      | 9/26 [00:00<00:00, 86.32it/s, S=0.0596, loss=-0.0367]
Epoch 75/150 [train]:  35%|███▍      | 9/26 [00:00<00:00, 86.32it/s, S=0.0582, loss=-0.0346]
Epoch 75/150 [train]:  35%|███▍      | 9/26 [00:00<00:00, 86.32it/s, S=0.0579, loss=-0.0361]
Epoch 75/150 [train]:  35%|███▍      | 9/26 [00:00<00:00, 86.32it/s, S=0.0571, loss=-0.0351]
Epoch 75/150 [train]:  35%|███▍      | 9/26 [00:00<00:00, 86.32it/s, S=0.0597, loss=-0.0369]
Epoch 75/150 [train]:  69%|██████▉   | 18/26 [00:00<00:00, 86.54it/s, S=0.0597, loss=-0.0369]
Epoch 75/150 [train]:  69%|██████▉   | 18/26 [00:00<00:00, 86.54it/s, S=0.0609, loss=-0.0363]
Epoch 75/150 [train]:  69%|██████▉   | 18/26 [00:00<00:00, 86.54it/s, S=0.0604, loss=-0.0385]
Epoch 75/150 [train]:  69%|██████▉   | 18/26 [00:00<00:00, 86.54it/s, S=0.0590, loss=-0.0367]
Epoch 75/150 [train]:  69%|██████▉   | 18/26 [00:00<00:00, 86.54it/s, S=0.0593, loss=-0.0359]
Epoch 75/150 [train]:  69%|██████▉   | 18/26 [00:00<00:00, 86.54it/s, S=0.0589, loss=-0.0367]
Epoch 75/150 [train]:  69%|██████▉   | 18/26 [00:00<00:00, 86.54it/s, S=0.0602, loss=-0.0375]
Epoch 75/150 [train]:  69%|██████▉   | 18/26 [00:00<00:00, 86.54it/s, S=0.0590, loss=-0.0334]
Epoch 75/150 [train]:  69%|██████▉   | 18/26 [00:00<00:00, 86.54it/s, S=0.0592, loss=-0.0373]
                                                                                             
Epoch  75/150  train loss=-0.0362  val loss=-0.0109  S[mean]=0.0659  ζ=0.2939  mean_plane_ζ=0.1807  reg=0.0551  λscale=1.00  lr=4.95e-04

Epoch 76/150 [train]:   0%|          | 0/26 [00:00<?, ?it/s]
Epoch 76/150 [train]:   0%|          | 0/26 [00:00<?, ?it/s, S=0.0629, loss=-0.0406]
Epoch 76/150 [train]:   0%|          | 0/26 [00:00<?, ?it/s, S=0.0602, loss=-0.0378]
Epoch 76/150 [train]:   0%|          | 0/26 [00:00<?, ?it/s, S=0.0597, loss=-0.0363]
Epoch 76/150 [train]:   0%|          | 0/26 [00:00<?, ?it/s, S=0.0613, loss=-0.0386]
Epoch 76/150 [train]:   0%|          | 0/26 [00:00<?, ?it/s, S=0.0592, loss=-0.0351]
Epoch 76/150 [train]:   0%|          | 0/26 [00:00<?, ?it/s, S=0.0620, loss=-0.0404]
Epoch 76/150 [train]:   0%|          | 0/26 [00:00<?, ?it/s, S=0.0621, loss=-0.0371]
Epoch 76/150 [train]:   0%|          | 0/26 [00:00<?, ?it/s, S=0.0615, loss=-0.0370]
Epoch 76/150 [train]:   0%|          | 0/26 [00:00<?, ?it/s, S=0.0630, loss=-0.0403]
Epoch 76/150 [train]:  35%|███▍      | 9/26 [00:00<00:00, 86.26it/s, S=0.0630, loss=-0.0403]
Epoch 76/150 [train]:  35%|███▍      | 9/26 [00:00<00:00, 86.26it/s, S=0.0637, loss=-0.0417]
Epoch 76/150 [train]:  35%|███▍      | 9/26 [00:00<00:00, 86.26it/s, S=0.0606, loss=-0.0362]
Epoch 76/150 [train]:  35%|███▍      | 9/26 [00:00<00:00, 86.26it/s, S=0.0620, loss=-0.0375]
Epoch 76/150 [train]:  35%|███▍      | 9/26 [00:00<00:00, 86.26it/s, S=0.0624, loss=-0.0392]
Epoch 76/150 [train]:  35%|███▍      | 9/26 [00:00<00:00, 86.26it/s, S=0.0634, loss=-0.0415]
Epoch 76/150 [train]:  35%|███▍      | 9/26 [00:00<00:00, 86.26it/s, S=0.0618, loss=-0.0383]
Epoch 76/150 [train]:  35%|███▍      | 9/26 [00:00<00:00, 86.26it/s, S=0.0607, loss=-0.0378]
Epoch 76/150 [train]:  35%|███▍      | 9/26 [00:00<00:00, 86.26it/s, S=0.0619, loss=-0.0377]
Epoch 76/150 [train]:  35%|███▍      | 9/26 [00:00<00:00, 86.26it/s, S=0.0633, loss=-0.0412]
Epoch 76/150 [train]:  69%|██████▉   | 18/26 [00:00<00:00, 86.38it/s, S=0.0633, loss=-0.0412]
Epoch 76/150 [train]:  69%|██████▉   | 18/26 [00:00<00:00, 86.38it/s, S=0.0630, loss=-0.0401]
Epoch 76/150 [train]:  69%|██████▉   | 18/26 [00:00<00:00, 86.38it/s, S=0.0629, loss=-0.0375]
Epoch 76/150 [train]:  69%|██████▉   | 18/26 [00:00<00:00, 86.38it/s, S=0.0631, loss=-0.0392]
Epoch 76/150 [train]:  69%|██████▉   | 18/26 [00:00<00:00, 86.38it/s, S=0.0634, loss=-0.0404]
Epoch 76/150 [train]:  69%|██████▉   | 18/26 [00:00<00:00, 86.38it/s, S=0.0609, loss=-0.0361]
Epoch 76/150 [train]:  69%|██████▉   | 18/26 [00:00<00:00, 86.38it/s, S=0.0627, loss=-0.0382]
Epoch 76/150 [train]:  69%|██████▉   | 18/26 [00:00<00:00, 86.38it/s, S=0.0624, loss=-0.0395]
Epoch 76/150 [train]:  69%|██████▉   | 18/26 [00:00<00:00, 86.38it/s, S=0.0618, loss=-0.0371]
                                                                                             
Epoch  76/150  train loss=-0.0385  val loss=-0.0135  S[mean]=0.0685  ζ=0.2994  mean_plane_ζ=0.1805  reg=0.0551  λscale=1.00  lr=4.93e-04

Epoch 77/150 [train]:   0%|          | 0/26 [00:00<?, ?it/s]
Epoch 77/150 [train]:   0%|          | 0/26 [00:00<?, ?it/s, S=0.0612, loss=-0.0397]
Epoch 77/150 [train]:   0%|          | 0/26 [00:00<?, ?it/s, S=0.0616, loss=-0.0386]
Epoch 77/150 [train]:   0%|          | 0/26 [00:00<?, ?it/s, S=0.0648, loss=-0.0423]
Epoch 77/150 [train]:   0%|          | 0/26 [00:00<?, ?it/s, S=0.0647, loss=-0.0410]
Epoch 77/150 [train]:   0%|          | 0/26 [00:00<?, ?it/s, S=0.0654, loss=-0.0434]
Epoch 77/150 [train]:   0%|          | 0/26 [00:00<?, ?it/s, S=0.0640, loss=-0.0379]
Epoch 77/150 [train]:   0%|          | 0/26 [00:00<?, ?it/s, S=0.0651, loss=-0.0428]
Epoch 77/150 [train]:   0%|          | 0/26 [00:00<?, ?it/s, S=0.0648, loss=-0.0415]
Epoch 77/150 [train]:   0%|          | 0/26 [00:00<?, ?it/s, S=0.0630, loss=-0.0373]
Epoch 77/150 [train]:  35%|███▍      | 9/26 [00:00<00:00, 86.29it/s, S=0.0630, loss=-0.0373]
Epoch 77/150 [train]:  35%|███▍      | 9/26 [00:00<00:00, 86.29it/s, S=0.0621, loss=-0.0370]
Epoch 77/150 [train]:  35%|███▍      | 9/26 [00:00<00:00, 86.29it/s, S=0.0651, loss=-0.0423]
Epoch 77/150 [train]:  35%|███▍      | 9/26 [00:00<00:00, 86.29it/s, S=0.0645, loss=-0.0427]
Epoch 77/150 [train]:  35%|███▍      | 9/26 [00:00<00:00, 86.29it/s, S=0.0649, loss=-0.0430]
Epoch 77/150 [train]:  35%|███▍      | 9/26 [00:00<00:00, 86.29it/s, S=0.0654, loss=-0.0431]
Epoch 77/150 [train]:  35%|███▍      | 9/26 [00:00<00:00, 86.29it/s, S=0.0638, loss=-0.0419]
Epoch 77/150 [train]:  35%|███▍      | 9/26 [00:00<00:00, 86.29it/s, S=0.0654, loss=-0.0428]
Epoch 77/150 [train]:  35%|███▍      | 9/26 [00:00<00:00, 86.29it/s, S=0.0635, loss=-0.0385]
Epoch 77/150 [train]:  35%|███▍      | 9/26 [00:00<00:00, 86.29it/s, S=0.0668, loss=-0.0444]
Epoch 77/150 [train]:  69%|██████▉   | 18/26 [00:00<00:00, 86.36it/s, S=0.0668, loss=-0.0444]
Epoch 77/150 [train]:  69%|██████▉   | 18/26 [00:00<00:00, 86.36it/s, S=0.0658, loss=-0.0445]
Epoch 77/150 [train]:  69%|██████▉   | 18/26 [00:00<00:00, 86.36it/s, S=0.0665, loss=-0.0434]
Epoch 77/150 [train]:  69%|██████▉   | 18/26 [00:00<00:00, 86.36it/s, S=0.0639, loss=-0.0406]
Epoch 77/150 [train]:  69%|██████▉   | 18/26 [00:00<00:00, 86.36it/s, S=0.0646, loss=-0.0418]
Epoch 77/150 [train]:  69%|██████▉   | 18/26 [00:00<00:00, 86.36it/s, S=0.0640, loss=-0.0427]
Epoch 77/150 [train]:  69%|██████▉   | 18/26 [00:00<00:00, 86.36it/s, S=0.0651, loss=-0.0402]
Epoch 77/150 [train]:  69%|██████▉   | 18/26 [00:00<00:00, 86.36it/s, S=0.0650, loss=-0.0419]
Epoch 77/150 [train]:  69%|██████▉   | 18/26 [00:00<00:00, 86.36it/s, S=0.0672, loss=-0.0437]
                                                                                             
Epoch  77/150  train loss=-0.0415  val loss=-0.0142  S[mean]=0.0704  ζ=0.3033  mean_plane_ζ=0.1804  reg=0.0562  λscale=1.00  lr=4.91e-04

Epoch 78/150 [train]:   0%|          | 0/26 [00:00<?, ?it/s]
Epoch 78/150 [train]:   0%|          | 0/26 [00:00<?, ?it/s, S=0.0640, loss=-0.0411]
Epoch 78/150 [train]:   0%|          | 0/26 [00:00<?, ?it/s, S=0.0653, loss=-0.0437]
Epoch 78/150 [train]:   0%|          | 0/26 [00:00<?, ?it/s, S=0.0661, loss=-0.0423]
Epoch 78/150 [train]:   0%|          | 0/26 [00:00<?, ?it/s, S=0.0670, loss=-0.0445]
Epoch 78/150 [train]:   0%|          | 0/26 [00:00<?, ?it/s, S=0.0644, loss=-0.0402]
Epoch 78/150 [train]:   0%|          | 0/26 [00:00<?, ?it/s, S=0.0654, loss=-0.0426]
Epoch 78/150 [train]:   0%|          | 0/26 [00:00<?, ?it/s, S=0.0655, loss=-0.0409]
Epoch 78/150 [train]:   0%|          | 0/26 [00:00<?, ?it/s, S=0.0659, loss=-0.0440]
Epoch 78/150 [train]:   0%|          | 0/26 [00:00<?, ?it/s, S=0.0676, loss=-0.0437]
Epoch 78/150 [train]:  35%|███▍      | 9/26 [00:00<00:00, 86.47it/s, S=0.0676, loss=-0.0437]
Epoch 78/150 [train]:  35%|███▍      | 9/26 [00:00<00:00, 86.47it/s, S=0.0673, loss=-0.0454]
Epoch 78/150 [train]:  35%|███▍      | 9/26 [00:00<00:00, 86.47it/s, S=0.0662, loss=-0.0416]
Epoch 78/150 [train]:  35%|███▍      | 9/26 [00:00<00:00, 86.47it/s, S=0.0647, loss=-0.0420]
Epoch 78/150 [train]:  35%|███▍      | 9/26 [00:00<00:00, 86.47it/s, S=0.0651, loss=-0.0417]
Epoch 78/150 [train]:  35%|███▍      | 9/26 [00:00<00:00, 86.47it/s, S=0.0666, loss=-0.0445]
Epoch 78/150 [train]:  35%|███▍      | 9/26 [00:00<00:00, 86.47it/s, S=0.0671, loss=-0.0448]
Epoch 78/150 [train]:  35%|███▍      | 9/26 [00:00<00:00, 86.47it/s, S=0.0666, loss=-0.0453]
Epoch 78/150 [train]:  35%|███▍      | 9/26 [00:00<00:00, 86.47it/s, S=0.0677, loss=-0.0443]
Epoch 78/150 [train]:  35%|███▍      | 9/26 [00:00<00:00, 86.47it/s, S=0.0676, loss=-0.0450]
Epoch 78/150 [train]:  69%|██████▉   | 18/26 [00:00<00:00, 86.31it/s, S=0.0676, loss=-0.0450]
Epoch 78/150 [train]:  69%|██████▉   | 18/26 [00:00<00:00, 86.31it/s, S=0.0677, loss=-0.0453]
Epoch 78/150 [train]:  69%|██████▉   | 18/26 [00:00<00:00, 86.31it/s, S=0.0676, loss=-0.0454]
Epoch 78/150 [train]:  69%|██████▉   | 18/26 [00:00<00:00, 86.31it/s, S=0.0669, loss=-0.0434]
Epoch 78/150 [train]:  69%|██████▉   | 18/26 [00:00<00:00, 86.31it/s, S=0.0659, loss=-0.0439]
Epoch 78/150 [train]:  69%|██████▉   | 18/26 [00:00<00:00, 86.31it/s, S=0.0674, loss=-0.0454]
Epoch 78/150 [train]:  69%|██████▉   | 18/26 [00:00<00:00, 86.31it/s, S=0.0675, loss=-0.0439]
Epoch 78/150 [train]:  69%|██████▉   | 18/26 [00:00<00:00, 86.31it/s, S=0.0678, loss=-0.0465]
Epoch 78/150 [train]:  69%|██████▉   | 18/26 [00:00<00:00, 86.31it/s, S=0.0666, loss=-0.0444]
                                                                                             
Epoch  78/150  train loss=-0.0437  val loss=-0.0161  S[mean]=0.0717  ζ=0.3054  mean_plane_ζ=0.1801  reg=0.0556  λscale=1.00  lr=4.88e-04

Epoch 79/150 [train]:   0%|          | 0/26 [00:00<?, ?it/s]
Epoch 79/150 [train]:   0%|          | 0/26 [00:00<?, ?it/s, S=0.0676, loss=-0.0461]
Epoch 79/150 [train]:   0%|          | 0/26 [00:00<?, ?it/s, S=0.0684, loss=-0.0462]
Epoch 79/150 [train]:   0%|          | 0/26 [00:00<?, ?it/s, S=0.0670, loss=-0.0439]
Epoch 79/150 [train]:   0%|          | 0/26 [00:00<?, ?it/s, S=0.0673, loss=-0.0439]
Epoch 79/150 [train]:   0%|          | 0/26 [00:00<?, ?it/s, S=0.0676, loss=-0.0449]
Epoch 79/150 [train]:   0%|          | 0/26 [00:00<?, ?it/s, S=0.0678, loss=-0.0461]
Epoch 79/150 [train]:   0%|          | 0/26 [00:00<?, ?it/s, S=0.0665, loss=-0.0443]
Epoch 79/150 [train]:   0%|          | 0/26 [00:00<?, ?it/s, S=0.0693, loss=-0.0477]
Epoch 79/150 [train]:   0%|          | 0/26 [00:00<?, ?it/s, S=0.0658, loss=-0.0429]
Epoch 79/150 [train]:  35%|███▍      | 9/26 [00:00<00:00, 86.07it/s, S=0.0658, loss=-0.0429]
Epoch 79/150 [train]:  35%|███▍      | 9/26 [00:00<00:00, 86.07it/s, S=0.0677, loss=-0.0464]
Epoch 79/150 [train]:  35%|███▍      | 9/26 [00:00<00:00, 86.07it/s, S=0.0678, loss=-0.0456]
Epoch 79/150 [train]:  35%|███▍      | 9/26 [00:00<00:00, 86.07it/s, S=0.0687, loss=-0.0415]
Epoch 79/150 [train]:  35%|███▍      | 9/26 [00:00<00:00, 86.07it/s, S=0.0666, loss=-0.0438]
Epoch 79/150 [train]:  35%|███▍      | 9/26 [00:00<00:00, 86.07it/s, S=0.0673, loss=-0.0457]
Epoch 79/150 [train]:  35%|███▍      | 9/26 [00:00<00:00, 86.07it/s, S=0.0700, loss=-0.0477]
Epoch 79/150 [train]:  35%|███▍      | 9/26 [00:00<00:00, 86.07it/s, S=0.0682, loss=-0.0457]
Epoch 79/150 [train]:  35%|███▍      | 9/26 [00:00<00:00, 86.07it/s, S=0.0688, loss=-0.0473]
Epoch 79/150 [train]:  35%|███▍      | 9/26 [00:00<00:00, 86.07it/s, S=0.0668, loss=-0.0448]
Epoch 79/150 [train]:  69%|██████▉   | 18/26 [00:00<00:00, 86.31it/s, S=0.0668, loss=-0.0448]
Epoch 79/150 [train]:  69%|██████▉   | 18/26 [00:00<00:00, 86.31it/s, S=0.0683, loss=-0.0457]
Epoch 79/150 [train]:  69%|██████▉   | 18/26 [00:00<00:00, 86.31it/s, S=0.0679, loss=-0.0464]
Epoch 79/150 [train]:  69%|██████▉   | 18/26 [00:00<00:00, 86.31it/s, S=0.0683, loss=-0.0459]
Epoch 79/150 [train]:  69%|██████▉   | 18/26 [00:00<00:00, 86.31it/s, S=0.0694, loss=-0.0473]
Epoch 79/150 [train]:  69%|██████▉   | 18/26 [00:00<00:00, 86.31it/s, S=0.0686, loss=-0.0459]
Epoch 79/150 [train]:  69%|██████▉   | 18/26 [00:00<00:00, 86.31it/s, S=0.0683, loss=-0.0455]
Epoch 79/150 [train]:  69%|██████▉   | 18/26 [00:00<00:00, 86.31it/s, S=0.0688, loss=-0.0449]
Epoch 79/150 [train]:  69%|██████▉   | 18/26 [00:00<00:00, 86.31it/s, S=0.0671, loss=-0.0441]
                                                                                             
Epoch  79/150  train loss=-0.0454  val loss=-0.0174  S[mean]=0.0728  ζ=0.3072  mean_plane_ζ=0.1796  reg=0.0554  λscale=1.00  lr=4.85e-04

Epoch 80/150 [train]:   0%|          | 0/26 [00:00<?, ?it/s]
Epoch 80/150 [train]:   0%|          | 0/26 [00:00<?, ?it/s, S=0.0695, loss=-0.0479]
Epoch 80/150 [train]:   0%|          | 0/26 [00:00<?, ?it/s, S=0.0681, loss=-0.0451]
Epoch 80/150 [train]:   0%|          | 0/26 [00:00<?, ?it/s, S=0.0688, loss=-0.0473]
Epoch 80/150 [train]:   0%|          | 0/26 [00:00<?, ?it/s, S=0.0678, loss=-0.0462]
Epoch 80/150 [train]:   0%|          | 0/26 [00:00<?, ?it/s, S=0.0681, loss=-0.0465]
Epoch 80/150 [train]:   0%|          | 0/26 [00:00<?, ?it/s, S=0.0702, loss=-0.0482]
Epoch 80/150 [train]:   0%|          | 0/26 [00:00<?, ?it/s, S=0.0675, loss=-0.0448]
Epoch 80/150 [train]:   0%|          | 0/26 [00:00<?, ?it/s, S=0.0683, loss=-0.0444]
Epoch 80/150 [train]:   0%|          | 0/26 [00:00<?, ?it/s, S=0.0698, loss=-0.0465]
Epoch 80/150 [train]:  35%|███▍      | 9/26 [00:00<00:00, 86.42it/s, S=0.0698, loss=-0.0465]
Epoch 80/150 [train]:  35%|███▍      | 9/26 [00:00<00:00, 86.42it/s, S=0.0678, loss=-0.0457]
Epoch 80/150 [train]:  35%|███▍      | 9/26 [00:00<00:00, 86.42it/s, S=0.0693, loss=-0.0480]
Epoch 80/150 [train]:  35%|███▍      | 9/26 [00:00<00:00, 86.42it/s, S=0.0696, loss=-0.0478]
Epoch 80/150 [train]:  35%|███▍      | 9/26 [00:00<00:00, 86.42it/s, S=0.0690, loss=-0.0466]
Epoch 80/150 [train]:  35%|███▍      | 9/26 [00:00<00:00, 86.42it/s, S=0.0696, loss=-0.0485]
Epoch 80/150 [train]:  35%|███▍      | 9/26 [00:00<00:00, 86.42it/s, S=0.0700, loss=-0.0481]
Epoch 80/150 [train]:  35%|███▍      | 9/26 [00:00<00:00, 86.42it/s, S=0.0699, loss=-0.0488]
Epoch 80/150 [train]:  35%|███▍      | 9/26 [00:00<00:00, 86.42it/s, S=0.0697, loss=-0.0452]
Epoch 80/150 [train]:  35%|███▍      | 9/26 [00:00<00:00, 86.42it/s, S=0.0681, loss=-0.0462]
Epoch 80/150 [train]:  69%|██████▉   | 18/26 [00:00<00:00, 86.54it/s, S=0.0681, loss=-0.0462]
Epoch 80/150 [train]:  69%|██████▉   | 18/26 [00:00<00:00, 86.54it/s, S=0.0696, loss=-0.0471]
Epoch 80/150 [train]:  69%|██████▉   | 18/26 [00:00<00:00, 86.54it/s, S=0.0688, loss=-0.0456]
Epoch 80/150 [train]:  69%|██████▉   | 18/26 [00:00<00:00, 86.54it/s, S=0.0684, loss=-0.0473]
Epoch 80/150 [train]:  69%|██████▉   | 18/26 [00:00<00:00, 86.54it/s, S=0.0695, loss=-0.0490]
Epoch 80/150 [train]:  69%|██████▉   | 18/26 [00:00<00:00, 86.54it/s, S=0.0682, loss=-0.0456]
Epoch 80/150 [train]:  69%|██████▉   | 18/26 [00:00<00:00, 86.54it/s, S=0.0690, loss=-0.0474]
Epoch 80/150 [train]:  69%|██████▉   | 18/26 [00:00<00:00, 86.54it/s, S=0.0701, loss=-0.0459]
Epoch 80/150 [train]:  69%|██████▉   | 18/26 [00:00<00:00, 86.54it/s, S=0.0700, loss=-0.0488]
                                                                                             
Epoch  80/150  train loss=-0.0469  val loss=-0.0175  S[mean]=0.0736  ζ=0.3086  mean_plane_ζ=0.1796  reg=0.0561  λscale=1.00  lr=4.81e-04

Epoch 81/150 [train]:   0%|          | 0/26 [00:00<?, ?it/s]
Epoch 81/150 [train]:   0%|          | 0/26 [00:00<?, ?it/s, S=0.0701, loss=-0.0490]
Epoch 81/150 [train]:   0%|          | 0/26 [00:00<?, ?it/s, S=0.0686, loss=-0.0460]
Epoch 81/150 [train]:   0%|          | 0/26 [00:00<?, ?it/s, S=0.0704, loss=-0.0477]
Epoch 81/150 [train]:   0%|          | 0/26 [00:00<?, ?it/s, S=0.0678, loss=-0.0469]
Epoch 81/150 [train]:   0%|          | 0/26 [00:00<?, ?it/s, S=0.0695, loss=-0.0470]
Epoch 81/150 [train]:   0%|          | 0/26 [00:00<?, ?it/s, S=0.0701, loss=-0.0482]
Epoch 81/150 [train]:   0%|          | 0/26 [00:00<?, ?it/s, S=0.0682, loss=-0.0459]
Epoch 81/150 [train]:   0%|          | 0/26 [00:00<?, ?it/s, S=0.0708, loss=-0.0472]
Epoch 81/150 [train]:   0%|          | 0/26 [00:00<?, ?it/s, S=0.0703, loss=-0.0479]
Epoch 81/150 [train]:  35%|███▍      | 9/26 [00:00<00:00, 86.25it/s, S=0.0703, loss=-0.0479]
Epoch 81/150 [train]:  35%|███▍      | 9/26 [00:00<00:00, 86.25it/s, S=0.0703, loss=-0.0471]
Epoch 81/150 [train]:  35%|███▍      | 9/26 [00:00<00:00, 86.25it/s, S=0.0691, loss=-0.0475]
Epoch 81/150 [train]:  35%|███▍      | 9/26 [00:00<00:00, 86.25it/s, S=0.0695, loss=-0.0462]
Epoch 81/150 [train]:  35%|███▍      | 9/26 [00:00<00:00, 86.25it/s, S=0.0705, loss=-0.0472]
Epoch 81/150 [train]:  35%|███▍      | 9/26 [00:00<00:00, 86.25it/s, S=0.0707, loss=-0.0471]
Epoch 81/150 [train]:  35%|███▍      | 9/26 [00:00<00:00, 86.25it/s, S=0.0708, loss=-0.0479]
Epoch 81/150 [train]:  35%|███▍      | 9/26 [00:00<00:00, 86.25it/s, S=0.0687, loss=-0.0471]
Epoch 81/150 [train]:  35%|███▍      | 9/26 [00:00<00:00, 86.25it/s, S=0.0699, loss=-0.0469]
Epoch 81/150 [train]:  35%|███▍      | 9/26 [00:00<00:00, 86.25it/s, S=0.0681, loss=-0.0419]
Epoch 81/150 [train]:  69%|██████▉   | 18/26 [00:00<00:00, 86.39it/s, S=0.0681, loss=-0.0419]
Epoch 81/150 [train]:  69%|██████▉   | 18/26 [00:00<00:00, 86.39it/s, S=0.0693, loss=-0.0469]
Epoch 81/150 [train]:  69%|██████▉   | 18/26 [00:00<00:00, 86.39it/s, S=0.0694, loss=-0.0465]
Epoch 81/150 [train]:  69%|██████▉   | 18/26 [00:00<00:00, 86.39it/s, S=0.0680, loss=-0.0435]
Epoch 81/150 [train]:  69%|██████▉   | 18/26 [00:00<00:00, 86.39it/s, S=0.0698, loss=-0.0457]
Epoch 81/150 [train]:  69%|██████▉   | 18/26 [00:00<00:00, 86.39it/s, S=0.0706, loss=-0.0472]
Epoch 81/150 [train]:  69%|██████▉   | 18/26 [00:00<00:00, 86.39it/s, S=0.0701, loss=-0.0470]
Epoch 81/150 [train]:  69%|██████▉   | 18/26 [00:00<00:00, 86.39it/s, S=0.0708, loss=-0.0485]
Epoch 81/150 [train]:  69%|██████▉   | 18/26 [00:00<00:00, 86.39it/s, S=0.0701, loss=-0.0457]
                                                                                             
Epoch  81/150  train loss=-0.0468  val loss=-0.0161  S[mean]=0.0744  ζ=0.3096  mean_plane_ζ=0.1793  reg=0.0582  λscale=1.00  lr=4.77e-04

Epoch 82/150 [train]:   0%|          | 0/26 [00:00<?, ?it/s]
Epoch 82/150 [train]:   0%|          | 0/26 [00:00<?, ?it/s, S=0.0703, loss=-0.0488]
Epoch 82/150 [train]:   0%|          | 0/26 [00:00<?, ?it/s, S=0.0699, loss=-0.0458]
Epoch 82/150 [train]:   0%|          | 0/26 [00:00<?, ?it/s, S=0.0687, loss=-0.0460]
Epoch 82/150 [train]:   0%|          | 0/26 [00:00<?, ?it/s, S=0.0704, loss=-0.0483]
Epoch 82/150 [train]:   0%|          | 0/26 [00:00<?, ?it/s, S=0.0716, loss=-0.0500]
Epoch 82/150 [train]:   0%|          | 0/26 [00:00<?, ?it/s, S=0.0695, loss=-0.0455]
Epoch 82/150 [train]:   0%|          | 0/26 [00:00<?, ?it/s, S=0.0714, loss=-0.0491]
Epoch 82/150 [train]:   0%|          | 0/26 [00:00<?, ?it/s, S=0.0709, loss=-0.0490]
Epoch 82/150 [train]:   0%|          | 0/26 [00:00<?, ?it/s, S=0.0690, loss=-0.0474]
Epoch 82/150 [train]:  35%|███▍      | 9/26 [00:00<00:00, 86.50it/s, S=0.0690, loss=-0.0474]
Epoch 82/150 [train]:  35%|███▍      | 9/26 [00:00<00:00, 86.50it/s, S=0.0721, loss=-0.0476]
Epoch 82/150 [train]:  35%|███▍      | 9/26 [00:00<00:00, 86.50it/s, S=0.0699, loss=-0.0469]
Epoch 82/150 [train]:  35%|███▍      | 9/26 [00:00<00:00, 86.50it/s, S=0.0705, loss=-0.0469]
Epoch 82/150 [train]:  35%|███▍      | 9/26 [00:00<00:00, 86.50it/s, S=0.0707, loss=-0.0451]
Epoch 82/150 [train]:  35%|███▍      | 9/26 [00:00<00:00, 86.50it/s, S=0.0699, loss=-0.0481]
Epoch 82/150 [train]:  35%|███▍      | 9/26 [00:00<00:00, 86.50it/s, S=0.0707, loss=-0.0486]
Epoch 82/150 [train]:  35%|███▍      | 9/26 [00:00<00:00, 86.50it/s, S=0.0702, loss=-0.0471]
Epoch 82/150 [train]:  35%|███▍      | 9/26 [00:00<00:00, 86.50it/s, S=0.0711, loss=-0.0503]
Epoch 82/150 [train]:  35%|███▍      | 9/26 [00:00<00:00, 86.50it/s, S=0.0695, loss=-0.0472]
Epoch 82/150 [train]:  69%|██████▉   | 18/26 [00:00<00:00, 86.22it/s, S=0.0695, loss=-0.0472]
Epoch 82/150 [train]:  69%|██████▉   | 18/26 [00:00<00:00, 86.22it/s, S=0.0699, loss=-0.0453]
Epoch 82/150 [train]:  69%|██████▉   | 18/26 [00:00<00:00, 86.22it/s, S=0.0707, loss=-0.0483]
Epoch 82/150 [train]:  69%|██████▉   | 18/26 [00:00<00:00, 86.22it/s, S=0.0722, loss=-0.0512]
Epoch 82/150 [train]:  69%|██████▉   | 18/26 [00:00<00:00, 86.22it/s, S=0.0720, loss=-0.0507]
Epoch 82/150 [train]:  69%|██████▉   | 18/26 [00:00<00:00, 86.22it/s, S=0.0688, loss=-0.0461]
Epoch 82/150 [train]:  69%|██████▉   | 18/26 [00:00<00:00, 86.22it/s, S=0.0695, loss=-0.0467]
Epoch 82/150 [train]:  69%|██████▉   | 18/26 [00:00<00:00, 86.22it/s, S=0.0718, loss=-0.0494]
Epoch 82/150 [train]:  69%|██████▉   | 18/26 [00:00<00:00, 86.22it/s, S=0.0703, loss=-0.0473]
                                                                                             
Epoch  82/150  train loss=-0.0478  val loss=-0.0173  S[mean]=0.0749  ζ=0.3102  mean_plane_ζ=0.1791  reg=0.0576  λscale=1.00  lr=4.73e-04

Epoch 83/150 [train]:   0%|          | 0/26 [00:00<?, ?it/s]
Epoch 83/150 [train]:   0%|          | 0/26 [00:00<?, ?it/s, S=0.0691, loss=-0.0474]
Epoch 83/150 [train]:   0%|          | 0/26 [00:00<?, ?it/s, S=0.0713, loss=-0.0492]
Epoch 83/150 [train]:   0%|          | 0/26 [00:00<?, ?it/s, S=0.0724, loss=-0.0510]
Epoch 83/150 [train]:   0%|          | 0/26 [00:00<?, ?it/s, S=0.0715, loss=-0.0491]
Epoch 83/150 [train]:   0%|          | 0/26 [00:00<?, ?it/s, S=0.0701, loss=-0.0483]
Epoch 83/150 [train]:   0%|          | 0/26 [00:00<?, ?it/s, S=0.0695, loss=-0.0481]
Epoch 83/150 [train]:   0%|          | 0/26 [00:00<?, ?it/s, S=0.0717, loss=-0.0504]
Epoch 83/150 [train]:   0%|          | 0/26 [00:00<?, ?it/s, S=0.0736, loss=-0.0506]
Epoch 83/150 [train]:   0%|          | 0/26 [00:00<?, ?it/s, S=0.0728, loss=-0.0498]
Epoch 83/150 [train]:  35%|███▍      | 9/26 [00:00<00:00, 86.20it/s, S=0.0728, loss=-0.0498]
Epoch 83/150 [train]:  35%|███▍      | 9/26 [00:00<00:00, 86.20it/s, S=0.0700, loss=-0.0489]
Epoch 83/150 [train]:  35%|███▍      | 9/26 [00:00<00:00, 86.20it/s, S=0.0695, loss=-0.0474]
Epoch 83/150 [train]:  35%|███▍      | 9/26 [00:00<00:00, 86.20it/s, S=0.0704, loss=-0.0458]
Epoch 83/150 [train]:  35%|███▍      | 9/26 [00:00<00:00, 86.20it/s, S=0.0720, loss=-0.0504]
Epoch 83/150 [train]:  35%|███▍      | 9/26 [00:00<00:00, 86.20it/s, S=0.0709, loss=-0.0497]
Epoch 83/150 [train]:  35%|███▍      | 9/26 [00:00<00:00, 86.20it/s, S=0.0725, loss=-0.0510]
Epoch 83/150 [train]:  35%|███▍      | 9/26 [00:00<00:00, 86.20it/s, S=0.0713, loss=-0.0493]
Epoch 83/150 [train]:  35%|███▍      | 9/26 [00:00<00:00, 86.20it/s, S=0.0701, loss=-0.0487]
Epoch 83/150 [train]:  35%|███▍      | 9/26 [00:00<00:00, 86.20it/s, S=0.0714, loss=-0.0479]
Epoch 83/150 [train]:  69%|██████▉   | 18/26 [00:00<00:00, 86.19it/s, S=0.0714, loss=-0.0479]
Epoch 83/150 [train]:  69%|██████▉   | 18/26 [00:00<00:00, 86.19it/s, S=0.0713, loss=-0.0506]
Epoch 83/150 [train]:  69%|██████▉   | 18/26 [00:00<00:00, 86.19it/s, S=0.0699, loss=-0.0461]
Epoch 83/150 [train]:  69%|██████▉   | 18/26 [00:00<00:00, 86.19it/s, S=0.0718, loss=-0.0508]
Epoch 83/150 [train]:  69%|██████▉   | 18/26 [00:00<00:00, 86.19it/s, S=0.0716, loss=-0.0485]
Epoch 83/150 [train]:  69%|██████▉   | 18/26 [00:00<00:00, 86.19it/s, S=0.0717, loss=-0.0486]
Epoch 83/150 [train]:  69%|██████▉   | 18/26 [00:00<00:00, 86.19it/s, S=0.0716, loss=-0.0503]
Epoch 83/150 [train]:  69%|██████▉   | 18/26 [00:00<00:00, 86.19it/s, S=0.0735, loss=-0.0526]
Epoch 83/150 [train]:  69%|██████▉   | 18/26 [00:00<00:00, 86.19it/s, S=0.0713, loss=-0.0476]
                                                                                             
Epoch  83/150  train loss=-0.0492  val loss=-0.0168  S[mean]=0.0753  ζ=0.3098  mean_plane_ζ=0.1789  reg=0.0584  λscale=1.00  lr=4.68e-04

Epoch 84/150 [train]:   0%|          | 0/26 [00:00<?, ?it/s]
Epoch 84/150 [train]:   0%|          | 0/26 [00:00<?, ?it/s, S=0.0708, loss=-0.0504]
Epoch 84/150 [train]:   0%|          | 0/26 [00:00<?, ?it/s, S=0.0721, loss=-0.0508]
Epoch 84/150 [train]:   0%|          | 0/26 [00:00<?, ?it/s, S=0.0708, loss=-0.0478]
Epoch 84/150 [train]:   0%|          | 0/26 [00:00<?, ?it/s, S=0.0724, loss=-0.0499]
Epoch 84/150 [train]:   0%|          | 0/26 [00:00<?, ?it/s, S=0.0708, loss=-0.0502]
Epoch 84/150 [train]:   0%|          | 0/26 [00:00<?, ?it/s, S=0.0724, loss=-0.0515]
Epoch 84/150 [train]:   0%|          | 0/26 [00:00<?, ?it/s, S=0.0722, loss=-0.0500]
Epoch 84/150 [train]:   0%|          | 0/26 [00:00<?, ?it/s, S=0.0725, loss=-0.0508]
Epoch 84/150 [train]:   0%|          | 0/26 [00:00<?, ?it/s, S=0.0712, loss=-0.0482]
Epoch 84/150 [train]:  35%|███▍      | 9/26 [00:00<00:00, 86.35it/s, S=0.0712, loss=-0.0482]
Epoch 84/150 [train]:  35%|███▍      | 9/26 [00:00<00:00, 86.35it/s, S=0.0712, loss=-0.0481]
Epoch 84/150 [train]:  35%|███▍      | 9/26 [00:00<00:00, 86.35it/s, S=0.0718, loss=-0.0507]
Epoch 84/150 [train]:  35%|███▍      | 9/26 [00:00<00:00, 86.35it/s, S=0.0733, loss=-0.0519]
Epoch 84/150 [train]:  35%|███▍      | 9/26 [00:00<00:00, 86.35it/s, S=0.0731, loss=-0.0514]
Epoch 84/150 [train]:  35%|███▍      | 9/26 [00:00<00:00, 86.35it/s, S=0.0716, loss=-0.0505]
Epoch 84/150 [train]:  35%|███▍      | 9/26 [00:00<00:00, 86.35it/s, S=0.0716, loss=-0.0502]
Epoch 84/150 [train]:  35%|███▍      | 9/26 [00:00<00:00, 86.35it/s, S=0.0714, loss=-0.0479]
Epoch 84/150 [train]:  35%|███▍      | 9/26 [00:00<00:00, 86.35it/s, S=0.0700, loss=-0.0481]
Epoch 84/150 [train]:  35%|███▍      | 9/26 [00:00<00:00, 86.35it/s, S=0.0695, loss=-0.0470]
Epoch 84/150 [train]:  69%|██████▉   | 18/26 [00:00<00:00, 86.43it/s, S=0.0695, loss=-0.0470]
Epoch 84/150 [train]:  69%|██████▉   | 18/26 [00:00<00:00, 86.43it/s, S=0.0730, loss=-0.0515]
Epoch 84/150 [train]:  69%|██████▉   | 18/26 [00:00<00:00, 86.43it/s, S=0.0714, loss=-0.0498]
Epoch 84/150 [train]:  69%|██████▉   | 18/26 [00:00<00:00, 86.43it/s, S=0.0727, loss=-0.0522]
Epoch 84/150 [train]:  69%|██████▉   | 18/26 [00:00<00:00, 86.43it/s, S=0.0708, loss=-0.0470]
Epoch 84/150 [train]:  69%|██████▉   | 18/26 [00:00<00:00, 86.43it/s, S=0.0721, loss=-0.0507]
Epoch 84/150 [train]:  69%|██████▉   | 18/26 [00:00<00:00, 86.43it/s, S=0.0729, loss=-0.0506]
Epoch 84/150 [train]:  69%|██████▉   | 18/26 [00:00<00:00, 86.43it/s, S=0.0725, loss=-0.0517]
Epoch 84/150 [train]:  69%|██████▉   | 18/26 [00:00<00:00, 86.43it/s, S=0.0715, loss=-0.0507]
                                                                                             
Epoch  84/150  train loss=-0.0500  val loss=-0.0163  S[mean]=0.0758  ζ=0.3106  mean_plane_ζ=0.1790  reg=0.0595  λscale=1.00  lr=4.63e-04

Epoch 85/150 [train]:   0%|          | 0/26 [00:00<?, ?it/s]
Epoch 85/150 [train]:   0%|          | 0/26 [00:00<?, ?it/s, S=0.0716, loss=-0.0506]
Epoch 85/150 [train]:   0%|          | 0/26 [00:00<?, ?it/s, S=0.0725, loss=-0.0516]
Epoch 85/150 [train]:   0%|          | 0/26 [00:00<?, ?it/s, S=0.0721, loss=-0.0506]
Epoch 85/150 [train]:   0%|          | 0/26 [00:00<?, ?it/s, S=0.0703, loss=-0.0458]
Epoch 85/150 [train]:   0%|          | 0/26 [00:00<?, ?it/s, S=0.0722, loss=-0.0485]
Epoch 85/150 [train]:   0%|          | 0/26 [00:00<?, ?it/s, S=0.0722, loss=-0.0507]
Epoch 85/150 [train]:   0%|          | 0/26 [00:00<?, ?it/s, S=0.0717, loss=-0.0505]
Epoch 85/150 [train]:   0%|          | 0/26 [00:00<?, ?it/s, S=0.0720, loss=-0.0515]
Epoch 85/150 [train]:   0%|          | 0/26 [00:00<?, ?it/s, S=0.0725, loss=-0.0515]
Epoch 85/150 [train]:  35%|███▍      | 9/26 [00:00<00:00, 86.19it/s, S=0.0725, loss=-0.0515]
Epoch 85/150 [train]:  35%|███▍      | 9/26 [00:00<00:00, 86.19it/s, S=0.0719, loss=-0.0516]
Epoch 85/150 [train]:  35%|███▍      | 9/26 [00:00<00:00, 86.19it/s, S=0.0727, loss=-0.0496]
Epoch 85/150 [train]:  35%|███▍      | 9/26 [00:00<00:00, 86.19it/s, S=0.0716, loss=-0.0503]
Epoch 85/150 [train]:  35%|███▍      | 9/26 [00:00<00:00, 86.19it/s, S=0.0721, loss=-0.0511]
Epoch 85/150 [train]:  35%|███▍      | 9/26 [00:00<00:00, 86.19it/s, S=0.0722, loss=-0.0466]
Epoch 85/150 [train]:  35%|███▍      | 9/26 [00:00<00:00, 86.19it/s, S=0.0713, loss=-0.0497]
Epoch 85/150 [train]:  35%|███▍      | 9/26 [00:00<00:00, 86.19it/s, S=0.0720, loss=-0.0483]
Epoch 85/150 [train]:  35%|███▍      | 9/26 [00:00<00:00, 86.19it/s, S=0.0725, loss=-0.0505]
Epoch 85/150 [train]:  35%|███▍      | 9/26 [00:00<00:00, 86.19it/s, S=0.0732, loss=-0.0517]
Epoch 85/150 [train]:  69%|██████▉   | 18/26 [00:00<00:00, 86.36it/s, S=0.0732, loss=-0.0517]
Epoch 85/150 [train]:  69%|██████▉   | 18/26 [00:00<00:00, 86.36it/s, S=0.0728, loss=-0.0498]
Epoch 85/150 [train]:  69%|██████▉   | 18/26 [00:00<00:00, 86.36it/s, S=0.0731, loss=-0.0498]
Epoch 85/150 [train]:  69%|██████▉   | 18/26 [00:00<00:00, 86.36it/s, S=0.0726, loss=-0.0519]
Epoch 85/150 [train]:  69%|██████▉   | 18/26 [00:00<00:00, 86.36it/s, S=0.0718, loss=-0.0494]
Epoch 85/150 [train]:  69%|██████▉   | 18/26 [00:00<00:00, 86.36it/s, S=0.0726, loss=-0.0514]
Epoch 85/150 [train]:  69%|██████▉   | 18/26 [00:00<00:00, 86.36it/s, S=0.0734, loss=-0.0519]
Epoch 85/150 [train]:  69%|██████▉   | 18/26 [00:00<00:00, 86.36it/s, S=0.0725, loss=-0.0494]
Epoch 85/150 [train]:  69%|██████▉   | 18/26 [00:00<00:00, 86.36it/s, S=0.0724, loss=-0.0524]
                                                                                             
Epoch  85/150  train loss=-0.0503  val loss=-0.0152  S[mean]=0.0759  ζ=0.3103  mean_plane_ζ=0.1787  reg=0.0607  λscale=1.00  lr=4.58e-04

Epoch 86/150 [train]:   0%|          | 0/26 [00:00<?, ?it/s]
Epoch 86/150 [train]:   0%|          | 0/26 [00:00<?, ?it/s, S=0.0738, loss=-0.0505]
Epoch 86/150 [train]:   0%|          | 0/26 [00:00<?, ?it/s, S=0.0731, loss=-0.0520]
Epoch 86/150 [train]:   0%|          | 0/26 [00:00<?, ?it/s, S=0.0720, loss=-0.0524]
Epoch 86/150 [train]:   0%|          | 0/26 [00:00<?, ?it/s, S=0.0701, loss=-0.0464]
Epoch 86/150 [train]:   0%|          | 0/26 [00:00<?, ?it/s, S=0.0729, loss=-0.0525]
Epoch 86/150 [train]:   0%|          | 0/26 [00:00<?, ?it/s, S=0.0725, loss=-0.0520]
Epoch 86/150 [train]:   0%|          | 0/26 [00:00<?, ?it/s, S=0.0721, loss=-0.0507]
Epoch 86/150 [train]:   0%|          | 0/26 [00:00<?, ?it/s, S=0.0722, loss=-0.0508]
Epoch 86/150 [train]:   0%|          | 0/26 [00:00<?, ?it/s, S=0.0736, loss=-0.0524]
Epoch 86/150 [train]:  35%|███▍      | 9/26 [00:00<00:00, 86.32it/s, S=0.0736, loss=-0.0524]
Epoch 86/150 [train]:  35%|███▍      | 9/26 [00:00<00:00, 86.32it/s, S=0.0713, loss=-0.0513]
Epoch 86/150 [train]:  35%|███▍      | 9/26 [00:00<00:00, 86.32it/s, S=0.0742, loss=-0.0533]
Epoch 86/150 [train]:  35%|███▍      | 9/26 [00:00<00:00, 86.32it/s, S=0.0733, loss=-0.0521]
Epoch 86/150 [train]:  35%|███▍      | 9/26 [00:00<00:00, 86.32it/s, S=0.0732, loss=-0.0511]
Epoch 86/150 [train]:  35%|███▍      | 9/26 [00:00<00:00, 86.32it/s, S=0.0734, loss=-0.0519]
Epoch 86/150 [train]:  35%|███▍      | 9/26 [00:00<00:00, 86.32it/s, S=0.0737, loss=-0.0515]
Epoch 86/150 [train]:  35%|███▍      | 9/26 [00:00<00:00, 86.32it/s, S=0.0729, loss=-0.0513]
Epoch 86/150 [train]:  35%|███▍      | 9/26 [00:00<00:00, 86.32it/s, S=0.0735, loss=-0.0523]
Epoch 86/150 [train]:  35%|███▍      | 9/26 [00:00<00:00, 86.32it/s, S=0.0733, loss=-0.0524]
Epoch 86/150 [train]:  69%|██████▉   | 18/26 [00:00<00:00, 86.29it/s, S=0.0733, loss=-0.0524]
Epoch 86/150 [train]:  69%|██████▉   | 18/26 [00:00<00:00, 86.29it/s, S=0.0729, loss=-0.0514]
Epoch 86/150 [train]:  69%|██████▉   | 18/26 [00:00<00:00, 86.29it/s, S=0.0722, loss=-0.0502]
Epoch 86/150 [train]:  69%|██████▉   | 18/26 [00:00<00:00, 86.29it/s, S=0.0728, loss=-0.0507]
Epoch 86/150 [train]:  69%|██████▉   | 18/26 [00:00<00:00, 86.29it/s, S=0.0715, loss=-0.0508]
Epoch 86/150 [train]:  69%|██████▉   | 18/26 [00:00<00:00, 86.29it/s, S=0.0713, loss=-0.0494]
Epoch 86/150 [train]:  69%|██████▉   | 18/26 [00:00<00:00, 86.29it/s, S=0.0724, loss=-0.0480]
Epoch 86/150 [train]:  69%|██████▉   | 18/26 [00:00<00:00, 86.29it/s, S=0.0728, loss=-0.0512]
Epoch 86/150 [train]:  69%|██████▉   | 18/26 [00:00<00:00, 86.29it/s, S=0.0723, loss=-0.0507]
                                                                                             
Epoch  86/150  train loss=-0.0511  val loss=-0.0143  S[mean]=0.0766  ζ=0.3121  mean_plane_ζ=0.1792  reg=0.0622  λscale=1.00  lr=4.52e-04

Epoch 87/150 [train]:   0%|          | 0/26 [00:00<?, ?it/s]
Epoch 87/150 [train]:   0%|          | 0/26 [00:00<?, ?it/s, S=0.0741, loss=-0.0530]
Epoch 87/150 [train]:   0%|          | 0/26 [00:00<?, ?it/s, S=0.0723, loss=-0.0510]
Epoch 87/150 [train]:   0%|          | 0/26 [00:00<?, ?it/s, S=0.0722, loss=-0.0516]
Epoch 87/150 [train]:   0%|          | 0/26 [00:00<?, ?it/s, S=0.0736, loss=-0.0519]
Epoch 87/150 [train]:   0%|          | 0/26 [00:00<?, ?it/s, S=0.0738, loss=-0.0530]
Epoch 87/150 [train]:   0%|          | 0/26 [00:00<?, ?it/s, S=0.0737, loss=-0.0510]
Epoch 87/150 [train]:   0%|          | 0/26 [00:00<?, ?it/s, S=0.0730, loss=-0.0521]
Epoch 87/150 [train]:   0%|          | 0/26 [00:00<?, ?it/s, S=0.0716, loss=-0.0479]
Epoch 87/150 [train]:   0%|          | 0/26 [00:00<?, ?it/s, S=0.0731, loss=-0.0522]
Epoch 87/150 [train]:  35%|███▍      | 9/26 [00:00<00:00, 86.29it/s, S=0.0731, loss=-0.0522]
Epoch 87/150 [train]:  35%|███▍      | 9/26 [00:00<00:00, 86.29it/s, S=0.0730, loss=-0.0494]
Epoch 87/150 [train]:  35%|███▍      | 9/26 [00:00<00:00, 86.29it/s, S=0.0732, loss=-0.0526]
Epoch 87/150 [train]:  35%|███▍      | 9/26 [00:00<00:00, 86.29it/s, S=0.0729, loss=-0.0513]
Epoch 87/150 [train]:  35%|███▍      | 9/26 [00:00<00:00, 86.29it/s, S=0.0733, loss=-0.0506]
Epoch 87/150 [train]:  35%|███▍      | 9/26 [00:00<00:00, 86.29it/s, S=0.0724, loss=-0.0511]
Epoch 87/150 [train]:  35%|███▍      | 9/26 [00:00<00:00, 86.29it/s, S=0.0727, loss=-0.0515]
Epoch 87/150 [train]:  35%|███▍      | 9/26 [00:00<00:00, 86.29it/s, S=0.0731, loss=-0.0505]
Epoch 87/150 [train]:  35%|███▍      | 9/26 [00:00<00:00, 86.29it/s, S=0.0711, loss=-0.0487]
Epoch 87/150 [train]:  35%|███▍      | 9/26 [00:00<00:00, 86.29it/s, S=0.0725, loss=-0.0491]
Epoch 87/150 [train]:  69%|██████▉   | 18/26 [00:00<00:00, 86.39it/s, S=0.0725, loss=-0.0491]
Epoch 87/150 [train]:  69%|██████▉   | 18/26 [00:00<00:00, 86.39it/s, S=0.0732, loss=-0.0525]
Epoch 87/150 [train]:  69%|██████▉   | 18/26 [00:00<00:00, 86.39it/s, S=0.0729, loss=-0.0499]
Epoch 87/150 [train]:  69%|██████▉   | 18/26 [00:00<00:00, 86.39it/s, S=0.0709, loss=-0.0500]
Epoch 87/150 [train]:  69%|██████▉   | 18/26 [00:00<00:00, 86.39it/s, S=0.0735, loss=-0.0501]
Epoch 87/150 [train]:  69%|██████▉   | 18/26 [00:00<00:00, 86.39it/s, S=0.0742, loss=-0.0526]
Epoch 87/150 [train]:  69%|██████▉   | 18/26 [00:00<00:00, 86.39it/s, S=0.0717, loss=-0.0508]
Epoch 87/150 [train]:  69%|██████▉   | 18/26 [00:00<00:00, 86.39it/s, S=0.0740, loss=-0.0518]
Epoch 87/150 [train]:  69%|██████▉   | 18/26 [00:00<00:00, 86.39it/s, S=0.0729, loss=-0.0513]
                                                                                             
Epoch  87/150  train loss=-0.0510  val loss=-0.0146  S[mean]=0.0768  ζ=0.3114  mean_plane_ζ=0.1787  reg=0.0622  λscale=1.00  lr=4.46e-04

Epoch 88/150 [train]:   0%|          | 0/26 [00:00<?, ?it/s]
Epoch 88/150 [train]:   0%|          | 0/26 [00:00<?, ?it/s, S=0.0722, loss=-0.0505]
Epoch 88/150 [train]:   0%|          | 0/26 [00:00<?, ?it/s, S=0.0735, loss=-0.0526]
Epoch 88/150 [train]:   0%|          | 0/26 [00:00<?, ?it/s, S=0.0725, loss=-0.0469]
Epoch 88/150 [train]:   0%|          | 0/26 [00:00<?, ?it/s, S=0.0724, loss=-0.0511]
Epoch 88/150 [train]:   0%|          | 0/26 [00:00<?, ?it/s, S=0.0712, loss=-0.0494]
Epoch 88/150 [train]:   0%|          | 0/26 [00:00<?, ?it/s, S=0.0730, loss=-0.0530]
Epoch 88/150 [train]:   0%|          | 0/26 [00:00<?, ?it/s, S=0.0722, loss=-0.0518]
Epoch 88/150 [train]:   0%|          | 0/26 [00:00<?, ?it/s, S=0.0742, loss=-0.0535]
Epoch 88/150 [train]:   0%|          | 0/26 [00:00<?, ?it/s, S=0.0742, loss=-0.0529]
Epoch 88/150 [train]:  35%|███▍      | 9/26 [00:00<00:00, 86.32it/s, S=0.0742, loss=-0.0529]
Epoch 88/150 [train]:  35%|███▍      | 9/26 [00:00<00:00, 86.32it/s, S=0.0744, loss=-0.0523]
Epoch 88/150 [train]:  35%|███▍      | 9/26 [00:00<00:00, 86.32it/s, S=0.0719, loss=-0.0482]
Epoch 88/150 [train]:  35%|███▍      | 9/26 [00:00<00:00, 86.32it/s, S=0.0745, loss=-0.0514]
Epoch 88/150 [train]:  35%|███▍      | 9/26 [00:00<00:00, 86.32it/s, S=0.0736, loss=-0.0511]
Epoch 88/150 [train]:  35%|███▍      | 9/26 [00:00<00:00, 86.32it/s, S=0.0731, loss=-0.0522]
Epoch 88/150 [train]:  35%|███▍      | 9/26 [00:00<00:00, 86.32it/s, S=0.0738, loss=-0.0505]
Epoch 88/150 [train]:  35%|███▍      | 9/26 [00:00<00:00, 86.32it/s, S=0.0723, loss=-0.0470]
Epoch 88/150 [train]:  35%|███▍      | 9/26 [00:00<00:00, 86.32it/s, S=0.0731, loss=-0.0523]
Epoch 88/150 [train]:  35%|███▍      | 9/26 [00:00<00:00, 86.32it/s, S=0.0744, loss=-0.0538]
Epoch 88/150 [train]:  69%|██████▉   | 18/26 [00:00<00:00, 86.43it/s, S=0.0744, loss=-0.0538]
Epoch 88/150 [train]:  69%|██████▉   | 18/26 [00:00<00:00, 86.43it/s, S=0.0737, loss=-0.0527]
Epoch 88/150 [train]:  69%|██████▉   | 18/26 [00:00<00:00, 86.43it/s, S=0.0729, loss=-0.0514]
Epoch 88/150 [train]:  69%|██████▉   | 18/26 [00:00<00:00, 86.43it/s, S=0.0721, loss=-0.0509]
Epoch 88/150 [train]:  69%|██████▉   | 18/26 [00:00<00:00, 86.43it/s, S=0.0735, loss=-0.0516]
Epoch 88/150 [train]:  69%|██████▉   | 18/26 [00:00<00:00, 86.43it/s, S=0.0732, loss=-0.0518]
Epoch 88/150 [train]:  69%|██████▉   | 18/26 [00:00<00:00, 86.43it/s, S=0.0726, loss=-0.0491]
Epoch 88/150 [train]:  69%|██████▉   | 18/26 [00:00<00:00, 86.43it/s, S=0.0724, loss=-0.0513]
Epoch 88/150 [train]:  69%|██████▉   | 18/26 [00:00<00:00, 86.43it/s, S=0.0728, loss=-0.0505]
                                                                                             
Epoch  88/150  train loss=-0.0511  val loss=-0.0153  S[mean]=0.0770  ζ=0.3113  mean_plane_ζ=0.1786  reg=0.0617  λscale=1.00  lr=4.40e-04

Epoch 89/150 [train]:   0%|          | 0/26 [00:00<?, ?it/s]
Epoch 89/150 [train]:   0%|          | 0/26 [00:00<?, ?it/s, S=0.0736, loss=-0.0536]
Epoch 89/150 [train]:   0%|          | 0/26 [00:00<?, ?it/s, S=0.0732, loss=-0.0530]
Epoch 89/150 [train]:   0%|          | 0/26 [00:00<?, ?it/s, S=0.0751, loss=-0.0529]
Epoch 89/150 [train]:   0%|          | 0/26 [00:00<?, ?it/s, S=0.0732, loss=-0.0525]
Epoch 89/150 [train]:   0%|          | 0/26 [00:00<?, ?it/s, S=0.0740, loss=-0.0528]
Epoch 89/150 [train]:   0%|          | 0/26 [00:00<?, ?it/s, S=0.0735, loss=-0.0529]
Epoch 89/150 [train]:   0%|          | 0/26 [00:00<?, ?it/s, S=0.0734, loss=-0.0514]
Epoch 89/150 [train]:   0%|          | 0/26 [00:00<?, ?it/s, S=0.0746, loss=-0.0537]
Epoch 89/150 [train]:   0%|          | 0/26 [00:00<?, ?it/s, S=0.0733, loss=-0.0524]
Epoch 89/150 [train]:  35%|███▍      | 9/26 [00:00<00:00, 86.22it/s, S=0.0733, loss=-0.0524]
Epoch 89/150 [train]:  35%|███▍      | 9/26 [00:00<00:00, 86.22it/s, S=0.0738, loss=-0.0493]
Epoch 89/150 [train]:  35%|███▍      | 9/26 [00:00<00:00, 86.22it/s, S=0.0740, loss=-0.0539]
Epoch 89/150 [train]:  35%|███▍      | 9/26 [00:00<00:00, 86.22it/s, S=0.0738, loss=-0.0537]
Epoch 89/150 [train]:  35%|███▍      | 9/26 [00:00<00:00, 86.22it/s, S=0.0736, loss=-0.0526]
Epoch 89/150 [train]:  35%|███▍      | 9/26 [00:00<00:00, 86.22it/s, S=0.0742, loss=-0.0535]
Epoch 89/150 [train]:  35%|███▍      | 9/26 [00:00<00:00, 86.22it/s, S=0.0723, loss=-0.0508]
Epoch 89/150 [train]:  35%|███▍      | 9/26 [00:00<00:00, 86.22it/s, S=0.0734, loss=-0.0521]
Epoch 89/150 [train]:  35%|███▍      | 9/26 [00:00<00:00, 86.22it/s, S=0.0733, loss=-0.0509]
Epoch 89/150 [train]:  35%|███▍      | 9/26 [00:00<00:00, 86.22it/s, S=0.0743, loss=-0.0530]
Epoch 89/150 [train]:  69%|██████▉   | 18/26 [00:00<00:00, 86.12it/s, S=0.0743, loss=-0.0530]
Epoch 89/150 [train]:  69%|██████▉   | 18/26 [00:00<00:00, 86.12it/s, S=0.0730, loss=-0.0531]
Epoch 89/150 [train]:  69%|██████▉   | 18/26 [00:00<00:00, 86.12it/s, S=0.0742, loss=-0.0538]
Epoch 89/150 [train]:  69%|██████▉   | 18/26 [00:00<00:00, 86.12it/s, S=0.0722, loss=-0.0477]
Epoch 89/150 [train]:  69%|██████▉   | 18/26 [00:00<00:00, 86.12it/s, S=0.0746, loss=-0.0531]
Epoch 89/150 [train]:  69%|██████▉   | 18/26 [00:00<00:00, 86.12it/s, S=0.0749, loss=-0.0547]
Epoch 89/150 [train]:  69%|██████▉   | 18/26 [00:00<00:00, 86.12it/s, S=0.0733, loss=-0.0528]
Epoch 89/150 [train]:  69%|██████▉   | 18/26 [00:00<00:00, 86.12it/s, S=0.0731, loss=-0.0519]
Epoch 89/150 [train]:  69%|██████▉   | 18/26 [00:00<00:00, 86.12it/s, S=0.0736, loss=-0.0515]
                                                                                             
Epoch  89/150  train loss=-0.0524  val loss=-0.0127  S[mean]=0.0773  ζ=0.3112  mean_plane_ζ=0.1789  reg=0.0645  λscale=1.00  lr=4.34e-04

Epoch 90/150 [train]:   0%|          | 0/26 [00:00<?, ?it/s]
Epoch 90/150 [train]:   0%|          | 0/26 [00:00<?, ?it/s, S=0.0732, loss=-0.0538]
Epoch 90/150 [train]:   0%|          | 0/26 [00:00<?, ?it/s, S=0.0730, loss=-0.0521]
Epoch 90/150 [train]:   0%|          | 0/26 [00:00<?, ?it/s, S=0.0738, loss=-0.0516]
Epoch 90/150 [train]:   0%|          | 0/26 [00:00<?, ?it/s, S=0.0739, loss=-0.0532]
Epoch 90/150 [train]:   0%|          | 0/26 [00:00<?, ?it/s, S=0.0744, loss=-0.0543]
Epoch 90/150 [train]:   0%|          | 0/26 [00:00<?, ?it/s, S=0.0736, loss=-0.0529]
Epoch 90/150 [train]:   0%|          | 0/26 [00:00<?, ?it/s, S=0.0737, loss=-0.0531]
Epoch 90/150 [train]:   0%|          | 0/26 [00:00<?, ?it/s, S=0.0741, loss=-0.0540]
Epoch 90/150 [train]:   0%|          | 0/26 [00:00<?, ?it/s, S=0.0718, loss=-0.0499]
Epoch 90/150 [train]:  35%|███▍      | 9/26 [00:00<00:00, 86.32it/s, S=0.0718, loss=-0.0499]
Epoch 90/150 [train]:  35%|███▍      | 9/26 [00:00<00:00, 86.32it/s, S=0.0732, loss=-0.0520]
Epoch 90/150 [train]:  35%|███▍      | 9/26 [00:00<00:00, 86.32it/s, S=0.0731, loss=-0.0523]
Epoch 90/150 [train]:  35%|███▍      | 9/26 [00:00<00:00, 86.32it/s, S=0.0754, loss=-0.0556]
Epoch 90/150 [train]:  35%|███▍      | 9/26 [00:00<00:00, 86.32it/s, S=0.0731, loss=-0.0512]
Epoch 90/150 [train]:  35%|███▍      | 9/26 [00:00<00:00, 86.32it/s, S=0.0762, loss=-0.0550]
Epoch 90/150 [train]:  35%|███▍      | 9/26 [00:00<00:00, 86.32it/s, S=0.0740, loss=-0.0538]
Epoch 90/150 [train]:  35%|███▍      | 9/26 [00:00<00:00, 86.32it/s, S=0.0733, loss=-0.0534]
Epoch 90/150 [train]:  35%|███▍      | 9/26 [00:00<00:00, 86.32it/s, S=0.0737, loss=-0.0531]
Epoch 90/150 [train]:  35%|███▍      | 9/26 [00:00<00:00, 86.32it/s, S=0.0736, loss=-0.0518]
Epoch 90/150 [train]:  69%|██████▉   | 18/26 [00:00<00:00, 86.42it/s, S=0.0736, loss=-0.0518]
Epoch 90/150 [train]:  69%|██████▉   | 18/26 [00:00<00:00, 86.42it/s, S=0.0747, loss=-0.0543]
Epoch 90/150 [train]:  69%|██████▉   | 18/26 [00:00<00:00, 86.42it/s, S=0.0740, loss=-0.0537]
Epoch 90/150 [train]:  69%|██████▉   | 18/26 [00:00<00:00, 86.42it/s, S=0.0733, loss=-0.0494]
Epoch 90/150 [train]:  69%|██████▉   | 18/26 [00:00<00:00, 86.42it/s, S=0.0745, loss=-0.0517]
Epoch 90/150 [train]:  69%|██████▉   | 18/26 [00:00<00:00, 86.42it/s, S=0.0733, loss=-0.0499]
Epoch 90/150 [train]:  69%|██████▉   | 18/26 [00:00<00:00, 86.42it/s, S=0.0752, loss=-0.0516]
Epoch 90/150 [train]:  69%|██████▉   | 18/26 [00:00<00:00, 86.42it/s, S=0.0746, loss=-0.0536]
Epoch 90/150 [train]:  69%|██████▉   | 18/26 [00:00<00:00, 86.42it/s, S=0.0742, loss=-0.0528]
                                                                                             
Epoch  90/150  train loss=-0.0527  val loss=-0.0118  S[mean]=0.0774  ζ=0.3110  mean_plane_ζ=0.1785  reg=0.0655  λscale=1.00  lr=4.27e-04

Epoch 91/150 [train]:   0%|          | 0/26 [00:00<?, ?it/s]
Epoch 91/150 [train]:   0%|          | 0/26 [00:00<?, ?it/s, S=0.0734, loss=-0.0546]
Epoch 91/150 [train]:   0%|          | 0/26 [00:00<?, ?it/s, S=0.0731, loss=-0.0516]
Epoch 91/150 [train]:   0%|          | 0/26 [00:00<?, ?it/s, S=0.0737, loss=-0.0530]
Epoch 91/150 [train]:   0%|          | 0/26 [00:00<?, ?it/s, S=0.0745, loss=-0.0524]
Epoch 91/150 [train]:   0%|          | 0/26 [00:00<?, ?it/s, S=0.0735, loss=-0.0521]
Epoch 91/150 [train]:   0%|          | 0/26 [00:00<?, ?it/s, S=0.0744, loss=-0.0538]
Epoch 91/150 [train]:   0%|          | 0/26 [00:00<?, ?it/s, S=0.0755, loss=-0.0534]
Epoch 91/150 [train]:   0%|          | 0/26 [00:00<?, ?it/s, S=0.0735, loss=-0.0538]
Epoch 91/150 [train]:   0%|          | 0/26 [00:00<?, ?it/s, S=0.0745, loss=-0.0541]
Epoch 91/150 [train]:  35%|███▍      | 9/26 [00:00<00:00, 86.18it/s, S=0.0745, loss=-0.0541]
Epoch 91/150 [train]:  35%|███▍      | 9/26 [00:00<00:00, 86.18it/s, S=0.0735, loss=-0.0532]
Epoch 91/150 [train]:  35%|███▍      | 9/26 [00:00<00:00, 86.18it/s, S=0.0741, loss=-0.0528]
Epoch 91/150 [train]:  35%|███▍      | 9/26 [00:00<00:00, 86.18it/s, S=0.0741, loss=-0.0534]
Epoch 91/150 [train]:  35%|███▍      | 9/26 [00:00<00:00, 86.18it/s, S=0.0751, loss=-0.0546]
Epoch 91/150 [train]:  35%|███▍      | 9/26 [00:00<00:00, 86.18it/s, S=0.0737, loss=-0.0510]
Epoch 91/150 [train]:  35%|███▍      | 9/26 [00:00<00:00, 86.18it/s, S=0.0740, loss=-0.0542]
Epoch 91/150 [train]:  35%|███▍      | 9/26 [00:00<00:00, 86.18it/s, S=0.0749, loss=-0.0536]
Epoch 91/150 [train]:  35%|███▍      | 9/26 [00:00<00:00, 86.18it/s, S=0.0741, loss=-0.0537]
Epoch 91/150 [train]:  35%|███▍      | 9/26 [00:00<00:00, 86.18it/s, S=0.0747, loss=-0.0550]
Epoch 91/150 [train]:  69%|██████▉   | 18/26 [00:00<00:00, 86.38it/s, S=0.0747, loss=-0.0550]
Epoch 91/150 [train]:  69%|██████▉   | 18/26 [00:00<00:00, 86.38it/s, S=0.0749, loss=-0.0537]
Epoch 91/150 [train]:  69%|██████▉   | 18/26 [00:00<00:00, 86.38it/s, S=0.0737, loss=-0.0523]
Epoch 91/150 [train]:  69%|██████▉   | 18/26 [00:00<00:00, 86.38it/s, S=0.0757, loss=-0.0569]
Epoch 91/150 [train]:  69%|██████▉   | 18/26 [00:00<00:00, 86.38it/s, S=0.0749, loss=-0.0533]
Epoch 91/150 [train]:  69%|██████▉   | 18/26 [00:00<00:00, 86.38it/s, S=0.0738, loss=-0.0526]
Epoch 91/150 [train]:  69%|██████▉   | 18/26 [00:00<00:00, 86.38it/s, S=0.0725, loss=-0.0508]
Epoch 91/150 [train]:  69%|██████▉   | 18/26 [00:00<00:00, 86.38it/s, S=0.0747, loss=-0.0531]
Epoch 91/150 [train]:  69%|██████▉   | 18/26 [00:00<00:00, 86.38it/s, S=0.0756, loss=-0.0565]
                                                                                             
Epoch  91/150  train loss=-0.0535  val loss=-0.0128  S[mean]=0.0777  ζ=0.3113  mean_plane_ζ=0.1785  reg=0.0649  λscale=1.00  lr=4.20e-04

Epoch 92/150 [train]:   0%|          | 0/26 [00:00<?, ?it/s]
Epoch 92/150 [train]:   0%|          | 0/26 [00:00<?, ?it/s, S=0.0747, loss=-0.0548]
Epoch 92/150 [train]:   0%|          | 0/26 [00:00<?, ?it/s, S=0.0736, loss=-0.0482]
Epoch 92/150 [train]:   0%|          | 0/26 [00:00<?, ?it/s, S=0.0746, loss=-0.0553]
Epoch 92/150 [train]:   0%|          | 0/26 [00:00<?, ?it/s, S=0.0725, loss=-0.0521]
Epoch 92/150 [train]:   0%|          | 0/26 [00:00<?, ?it/s, S=0.0757, loss=-0.0560]
Epoch 92/150 [train]:   0%|          | 0/26 [00:00<?, ?it/s, S=0.0756, loss=-0.0538]
Epoch 92/150 [train]:   0%|          | 0/26 [00:00<?, ?it/s, S=0.0748, loss=-0.0552]
Epoch 92/150 [train]:   0%|          | 0/26 [00:00<?, ?it/s, S=0.0752, loss=-0.0520]
Epoch 92/150 [train]:   0%|          | 0/26 [00:00<?, ?it/s, S=0.0741, loss=-0.0536]
Epoch 92/150 [train]:  35%|███▍      | 9/26 [00:00<00:00, 86.31it/s, S=0.0741, loss=-0.0536]
Epoch 92/150 [train]:  35%|███▍      | 9/26 [00:00<00:00, 86.31it/s, S=0.0740, loss=-0.0526]
Epoch 92/150 [train]:  35%|███▍      | 9/26 [00:00<00:00, 86.31it/s, S=0.0752, loss=-0.0540]
Epoch 92/150 [train]:  35%|███▍      | 9/26 [00:00<00:00, 86.31it/s, S=0.0746, loss=-0.0541]
Epoch 92/150 [train]:  35%|███▍      | 9/26 [00:48<00:00, 86.31it/s, S=0.0746, loss=-0.0541]
Epoch 92/150 [train]:  35%|███▍      | 9/26 [00:48<00:00, 86.31it/s, S=0.0735, loss=-0.0542]
Epoch 92/150 [train]:  50%|█████     | 13/26 [00:48<01:01,  4.73s/it, S=0.0735, loss=-0.0542]
Epoch 92/150 [train]:  50%|█████     | 13/26 [00:48<01:01,  4.73s/it, S=0.0741, loss=-0.0507]
Epoch 92/150 [train]:  50%|█████     | 13/26 [00:48<01:01,  4.73s/it, S=0.0737, loss=-0.0534]
Epoch 92/150 [train]:  50%|█████     | 13/26 [00:48<01:01,  4.73s/it, S=0.0733, loss=-0.0525]
Epoch 92/150 [train]:  50%|█████     | 13/26 [00:48<01:01,  4.73s/it, S=0.0731, loss=-0.0502]
Epoch 92/150 [train]:  50%|█████     | 13/26 [00:48<01:01,  4.73s/it, S=0.0744, loss=-0.0545]
Epoch 92/150 [train]:  50%|█████     | 13/26 [00:48<01:01,  4.73s/it, S=0.0746, loss=-0.0541]
Epoch 92/150 [train]:  50%|█████     | 13/26 [00:48<01:01,  4.73s/it, S=0.0753, loss=-0.0545]
Epoch 92/150 [train]:  50%|█████     | 13/26 [00:48<01:01,  4.73s/it, S=0.0745, loss=-0.0539]
Epoch 92/150 [train]:  50%|█████     | 13/26 [00:48<01:01,  4.73s/it, S=0.0749, loss=-0.0545]
Epoch 92/150 [train]:  85%|████████▍ | 22/26 [00:48<00:08,  2.11s/it, S=0.0749, loss=-0.0545]
Epoch 92/150 [train]:  85%|████████▍ | 22/26 [00:48<00:08,  2.11s/it, S=0.0749, loss=-0.0516]
Epoch 92/150 [train]:  85%|████████▍ | 22/26 [00:48<00:08,  2.11s/it, S=0.0743, loss=-0.0538]
Epoch 92/150 [train]:  85%|████████▍ | 22/26 [00:48<00:08,  2.11s/it, S=0.0744, loss=-0.0537]
Epoch 92/150 [train]:  85%|████████▍ | 22/26 [00:48<00:08,  2.11s/it, S=0.0745, loss=-0.0543]
                                                                                             
Epoch  92/150  train loss=-0.0534  val loss=-0.0117  S[mean]=0.0780  ζ=0.3120  mean_plane_ζ=0.1783  reg=0.0662  λscale=1.00  lr=4.12e-04

Epoch 93/150 [train]:   0%|          | 0/26 [00:00<?, ?it/s]
Epoch 93/150 [train]:   0%|          | 0/26 [00:00<?, ?it/s, S=0.0740, loss=-0.0544]
Epoch 93/150 [train]:   0%|          | 0/26 [00:00<?, ?it/s, S=0.0742, loss=-0.0534]
Epoch 93/150 [train]:   0%|          | 0/26 [00:00<?, ?it/s, S=0.0752, loss=-0.0549]
Epoch 93/150 [train]:   0%|          | 0/26 [00:00<?, ?it/s, S=0.0747, loss=-0.0530]
Epoch 93/150 [train]:   0%|          | 0/26 [00:00<?, ?it/s, S=0.0747, loss=-0.0541]
Epoch 93/150 [train]:   0%|          | 0/26 [00:00<?, ?it/s, S=0.0752, loss=-0.0536]
Epoch 93/150 [train]:   0%|          | 0/26 [00:00<?, ?it/s, S=0.0735, loss=-0.0513]
Epoch 93/150 [train]:   0%|          | 0/26 [00:00<?, ?it/s, S=0.0750, loss=-0.0542]
Epoch 93/150 [train]:   0%|          | 0/26 [00:00<?, ?it/s, S=0.0755, loss=-0.0540]
Epoch 93/150 [train]:  35%|███▍      | 9/26 [00:00<00:00, 84.68it/s, S=0.0755, loss=-0.0540]
Epoch 93/150 [train]:  35%|███▍      | 9/26 [00:00<00:00, 84.68it/s, S=0.0747, loss=-0.0534]
Epoch 93/150 [train]:  35%|███▍      | 9/26 [00:00<00:00, 84.68it/s, S=0.0751, loss=-0.0555]
Epoch 93/150 [train]:  35%|███▍      | 9/26 [00:00<00:00, 84.68it/s, S=0.0737, loss=-0.0534]
Epoch 93/150 [train]:  35%|███▍      | 9/26 [00:00<00:00, 84.68it/s, S=0.0756, loss=-0.0555]
Epoch 93/150 [train]:  35%|███▍      | 9/26 [00:00<00:00, 84.68it/s, S=0.0748, loss=-0.0550]
Epoch 93/150 [train]:  35%|███▍      | 9/26 [00:00<00:00, 84.68it/s, S=0.0746, loss=-0.0532]
Epoch 93/150 [train]:  35%|███▍      | 9/26 [00:00<00:00, 84.68it/s, S=0.0755, loss=-0.0559]
Epoch 93/150 [train]:  35%|███▍      | 9/26 [00:00<00:00, 84.68it/s, S=0.0732, loss=-0.0532]
Epoch 93/150 [train]:  35%|███▍      | 9/26 [00:00<00:00, 84.68it/s, S=0.0753, loss=-0.0565]
Epoch 93/150 [train]:  69%|██████▉   | 18/26 [00:00<00:00, 86.64it/s, S=0.0753, loss=-0.0565]
Epoch 93/150 [train]:  69%|██████▉   | 18/26 [00:00<00:00, 86.64it/s, S=0.0748, loss=-0.0543]
Epoch 93/150 [train]:  69%|██████▉   | 18/26 [00:00<00:00, 86.64it/s, S=0.0730, loss=-0.0531]
Epoch 93/150 [train]:  69%|██████▉   | 18/26 [00:00<00:00, 86.64it/s, S=0.0748, loss=-0.0549]
Epoch 93/150 [train]:  69%|██████▉   | 18/26 [00:00<00:00, 86.64it/s, S=0.0773, loss=-0.0569]
Epoch 93/150 [train]:  69%|██████▉   | 18/26 [00:00<00:00, 86.64it/s, S=0.0727, loss=-0.0473]
Epoch 93/150 [train]:  69%|██████▉   | 18/26 [00:00<00:00, 86.64it/s, S=0.0749, loss=-0.0536]
Epoch 93/150 [train]:  69%|██████▉   | 18/26 [00:00<00:00, 86.64it/s, S=0.0735, loss=-0.0511]
Epoch 93/150 [train]:  69%|██████▉   | 18/26 [00:00<00:00, 86.64it/s, S=0.0758, loss=-0.0564]
                                                                                             
Epoch  93/150  train loss=-0.0539  val loss=-0.0119  S[mean]=0.0781  ζ=0.3122  mean_plane_ζ=0.1789  reg=0.0663  λscale=1.00  lr=4.05e-04

Epoch 94/150 [train]:   0%|          | 0/26 [00:00<?, ?it/s]
Epoch 94/150 [train]:   0%|          | 0/26 [00:00<?, ?it/s, S=0.0743, loss=-0.0538]
Epoch 94/150 [train]:   0%|          | 0/26 [00:00<?, ?it/s, S=0.0751, loss=-0.0554]
Epoch 94/150 [train]:   0%|          | 0/26 [00:00<?, ?it/s, S=0.0745, loss=-0.0550]
Epoch 94/150 [train]:   0%|          | 0/26 [00:00<?, ?it/s, S=0.0753, loss=-0.0532]
Epoch 94/150 [train]:   0%|          | 0/26 [00:00<?, ?it/s, S=0.0744, loss=-0.0560]
Epoch 94/150 [train]:   0%|          | 0/26 [00:00<?, ?it/s, S=0.0741, loss=-0.0553]
Epoch 94/150 [train]:   0%|          | 0/26 [00:00<?, ?it/s, S=0.0761, loss=-0.0572]
Epoch 94/150 [train]:   0%|          | 0/26 [00:00<?, ?it/s, S=0.0750, loss=-0.0543]
Epoch 94/150 [train]:   0%|          | 0/26 [00:00<?, ?it/s, S=0.0743, loss=-0.0537]
Epoch 94/150 [train]:  35%|███▍      | 9/26 [00:00<00:00, 87.39it/s, S=0.0743, loss=-0.0537]
Epoch 94/150 [train]:  35%|███▍      | 9/26 [00:00<00:00, 87.39it/s, S=0.0743, loss=-0.0539]
Epoch 94/150 [train]:  35%|███▍      | 9/26 [00:00<00:00, 87.39it/s, S=0.0748, loss=-0.0532]
Epoch 94/150 [train]:  35%|███▍      | 9/26 [00:00<00:00, 87.39it/s, S=0.0762, loss=-0.0563]
Epoch 94/150 [train]:  35%|███▍      | 9/26 [00:00<00:00, 87.39it/s, S=0.0758, loss=-0.0557]
Epoch 94/150 [train]:  35%|███▍      | 9/26 [00:00<00:00, 87.39it/s, S=0.0754, loss=-0.0532]
Epoch 94/150 [train]:  35%|███▍      | 9/26 [00:00<00:00, 87.39it/s, S=0.0750, loss=-0.0546]
Epoch 94/150 [train]:  35%|███▍      | 9/26 [00:00<00:00, 87.39it/s, S=0.0749, loss=-0.0546]
Epoch 94/150 [train]:  35%|███▍      | 9/26 [00:00<00:00, 87.39it/s, S=0.0746, loss=-0.0557]
Epoch 94/150 [train]:  35%|███▍      | 9/26 [00:00<00:00, 87.39it/s, S=0.0739, loss=-0.0504]
Epoch 94/150 [train]:  69%|██████▉   | 18/26 [00:00<00:00, 87.46it/s, S=0.0739, loss=-0.0504]
Epoch 94/150 [train]:  69%|██████▉   | 18/26 [00:00<00:00, 87.46it/s, S=0.0741, loss=-0.0521]
Epoch 94/150 [train]:  69%|██████▉   | 18/26 [00:00<00:00, 87.46it/s, S=0.0755, loss=-0.0558]
Epoch 94/150 [train]:  69%|██████▉   | 18/26 [00:00<00:00, 87.46it/s, S=0.0761, loss=-0.0552]
Epoch 94/150 [train]:  69%|██████▉   | 18/26 [00:00<00:00, 87.46it/s, S=0.0753, loss=-0.0533]
Epoch 94/150 [train]:  69%|██████▉   | 18/26 [00:00<00:00, 87.46it/s, S=0.0751, loss=-0.0551]
Epoch 94/150 [train]:  69%|██████▉   | 18/26 [00:00<00:00, 87.46it/s, S=0.0751, loss=-0.0551]
Epoch 94/150 [train]:  69%|██████▉   | 18/26 [00:00<00:00, 87.46it/s, S=0.0751, loss=-0.0557]
Epoch 94/150 [train]:  69%|██████▉   | 18/26 [00:00<00:00, 87.46it/s, S=0.0743, loss=-0.0523]
                                                                                             
Epoch  94/150  train loss=-0.0545  val loss=-0.0110  S[mean]=0.0784  ζ=0.3124  mean_plane_ζ=0.1791  reg=0.0673  λscale=1.00  lr=3.97e-04

Epoch 95/150 [train]:   0%|          | 0/26 [00:00<?, ?it/s]
Epoch 95/150 [train]:   0%|          | 0/26 [00:00<?, ?it/s, S=0.0749, loss=-0.0563]
Epoch 95/150 [train]:   0%|          | 0/26 [00:00<?, ?it/s, S=0.0741, loss=-0.0553]
Epoch 95/150 [train]:   0%|          | 0/26 [00:00<?, ?it/s, S=0.0755, loss=-0.0547]
Epoch 95/150 [train]:   0%|          | 0/26 [00:00<?, ?it/s, S=0.0759, loss=-0.0559]
Epoch 95/150 [train]:   0%|          | 0/26 [00:00<?, ?it/s, S=0.0765, loss=-0.0578]
Epoch 95/150 [train]:   0%|          | 0/26 [00:00<?, ?it/s, S=0.0753, loss=-0.0558]
Epoch 95/150 [train]:   0%|          | 0/26 [00:00<?, ?it/s, S=0.0737, loss=-0.0540]
Epoch 95/150 [train]:   0%|          | 0/26 [00:00<?, ?it/s, S=0.0746, loss=-0.0529]
Epoch 95/150 [train]:   0%|          | 0/26 [00:00<?, ?it/s, S=0.0759, loss=-0.0544]
Epoch 95/150 [train]:  35%|███▍      | 9/26 [00:00<00:00, 86.43it/s, S=0.0759, loss=-0.0544]
Epoch 95/150 [train]:  35%|███▍      | 9/26 [00:00<00:00, 86.43it/s, S=0.0751, loss=-0.0548]
Epoch 95/150 [train]:  35%|███▍      | 9/26 [00:00<00:00, 86.43it/s, S=0.0753, loss=-0.0536]
Epoch 95/150 [train]:  35%|███▍      | 9/26 [00:00<00:00, 86.43it/s, S=0.0766, loss=-0.0569]
Epoch 95/150 [train]:  35%|███▍      | 9/26 [00:00<00:00, 86.43it/s, S=0.0757, loss=-0.0550]
Epoch 95/150 [train]:  35%|███▍      | 9/26 [00:00<00:00, 86.43it/s, S=0.0746, loss=-0.0534]
Epoch 95/150 [train]:  35%|███▍      | 9/26 [00:00<00:00, 86.43it/s, S=0.0744, loss=-0.0520]
Epoch 95/150 [train]:  35%|███▍      | 9/26 [00:00<00:00, 86.43it/s, S=0.0745, loss=-0.0537]
Epoch 95/150 [train]:  35%|███▍      | 9/26 [00:00<00:00, 86.43it/s, S=0.0738, loss=-0.0539]
Epoch 95/150 [train]:  35%|███▍      | 9/26 [00:00<00:00, 86.43it/s, S=0.0744, loss=-0.0535]
Epoch 95/150 [train]:  69%|██████▉   | 18/26 [00:00<00:00, 87.09it/s, S=0.0744, loss=-0.0535]
Epoch 95/150 [train]:  69%|██████▉   | 18/26 [00:00<00:00, 87.09it/s, S=0.0743, loss=-0.0537]
Epoch 95/150 [train]:  69%|██████▉   | 18/26 [00:00<00:00, 87.09it/s, S=0.0741, loss=-0.0537]
Epoch 95/150 [train]:  69%|██████▉   | 18/26 [00:00<00:00, 87.09it/s, S=0.0763, loss=-0.0565]
Epoch 95/150 [train]:  69%|██████▉   | 18/26 [00:00<00:00, 87.09it/s, S=0.0753, loss=-0.0561]
Epoch 95/150 [train]:  69%|██████▉   | 18/26 [00:00<00:00, 87.09it/s, S=0.0753, loss=-0.0540]
Epoch 95/150 [train]:  69%|██████▉   | 18/26 [00:00<00:00, 87.09it/s, S=0.0739, loss=-0.0518]
Epoch 95/150 [train]:  69%|██████▉   | 18/26 [00:00<00:00, 87.09it/s, S=0.0749, loss=-0.0543]
Epoch 95/150 [train]:  69%|██████▉   | 18/26 [00:00<00:00, 87.09it/s, S=0.0764, loss=-0.0550]
                                                                                             
Epoch  95/150  train loss=-0.0546  val loss=-0.0099  S[mean]=0.0786  ζ=0.3124  mean_plane_ζ=0.1791  reg=0.0687  λscale=1.00  lr=3.89e-04

Epoch 96/150 [train]:   0%|          | 0/26 [00:00<?, ?it/s]
Epoch 96/150 [train]:   0%|          | 0/26 [00:00<?, ?it/s, S=0.0758, loss=-0.0537]
Epoch 96/150 [train]:   0%|          | 0/26 [00:00<?, ?it/s, S=0.0760, loss=-0.0559]
Epoch 96/150 [train]:   0%|          | 0/26 [00:00<?, ?it/s, S=0.0756, loss=-0.0536]
Epoch 96/150 [train]:   0%|          | 0/26 [00:00<?, ?it/s, S=0.0782, loss=-0.0580]
Epoch 96/150 [train]:   0%|          | 0/26 [00:00<?, ?it/s, S=0.0749, loss=-0.0560]
Epoch 96/150 [train]:   0%|          | 0/26 [00:00<?, ?it/s, S=0.0744, loss=-0.0539]
Epoch 96/150 [train]:   0%|          | 0/26 [00:00<?, ?it/s, S=0.0755, loss=-0.0565]
Epoch 96/150 [train]:   0%|          | 0/26 [00:00<?, ?it/s, S=0.0758, loss=-0.0562]
Epoch 96/150 [train]:   0%|          | 0/26 [00:00<?, ?it/s, S=0.0758, loss=-0.0554]
Epoch 96/150 [train]:  35%|███▍      | 9/26 [00:00<00:00, 87.00it/s, S=0.0758, loss=-0.0554]
Epoch 96/150 [train]:  35%|███▍      | 9/26 [00:00<00:00, 87.00it/s, S=0.0736, loss=-0.0537]
Epoch 96/150 [train]:  35%|███▍      | 9/26 [00:00<00:00, 87.00it/s, S=0.0736, loss=-0.0506]
Epoch 96/150 [train]:  35%|███▍      | 9/26 [00:00<00:00, 87.00it/s, S=0.0763, loss=-0.0564]
Epoch 96/150 [train]:  35%|███▍      | 9/26 [00:00<00:00, 87.00it/s, S=0.0744, loss=-0.0533]
Epoch 96/150 [train]:  35%|███▍      | 9/26 [00:00<00:00, 87.00it/s, S=0.0753, loss=-0.0553]
Epoch 96/150 [train]:  35%|███▍      | 9/26 [00:00<00:00, 87.00it/s, S=0.0759, loss=-0.0547]
Epoch 96/150 [train]:  35%|███▍      | 9/26 [00:00<00:00, 87.00it/s, S=0.0756, loss=-0.0551]
Epoch 96/150 [train]:  35%|███▍      | 9/26 [00:00<00:00, 87.00it/s, S=0.0743, loss=-0.0529]
Epoch 96/150 [train]:  35%|███▍      | 9/26 [00:00<00:00, 87.00it/s, S=0.0751, loss=-0.0529]
Epoch 96/150 [train]:  69%|██████▉   | 18/26 [00:00<00:00, 87.25it/s, S=0.0751, loss=-0.0529]
Epoch 96/150 [train]:  69%|██████▉   | 18/26 [00:00<00:00, 87.25it/s, S=0.0750, loss=-0.0536]
Epoch 96/150 [train]:  69%|██████▉   | 18/26 [00:00<00:00, 87.25it/s, S=0.0738, loss=-0.0534]
Epoch 96/150 [train]:  69%|██████▉   | 18/26 [00:00<00:00, 87.25it/s, S=0.0747, loss=-0.0544]
Epoch 96/150 [train]:  69%|██████▉   | 18/26 [00:00<00:00, 87.25it/s, S=0.0754, loss=-0.0556]
Epoch 96/150 [train]:  69%|██████▉   | 18/26 [00:00<00:00, 87.25it/s, S=0.0762, loss=-0.0570]
Epoch 96/150 [train]:  69%|██████▉   | 18/26 [00:00<00:00, 87.25it/s, S=0.0749, loss=-0.0556]
Epoch 96/150 [train]:  69%|██████▉   | 18/26 [00:00<00:00, 87.25it/s, S=0.0737, loss=-0.0495]
Epoch 96/150 [train]:  69%|██████▉   | 18/26 [00:00<00:00, 87.25it/s, S=0.0754, loss=-0.0553]
                                                                                             
Epoch  96/150  train loss=-0.0546  val loss=-0.0093  S[mean]=0.0788  ζ=0.3121  mean_plane_ζ=0.1792  reg=0.0695  λscale=1.00  lr=3.81e-04

Epoch 97/150 [train]:   0%|          | 0/26 [00:00<?, ?it/s]
Epoch 97/150 [train]:   0%|          | 0/26 [00:00<?, ?it/s, S=0.0735, loss=-0.0513]
Epoch 97/150 [train]:   0%|          | 0/26 [00:00<?, ?it/s, S=0.0739, loss=-0.0542]
Epoch 97/150 [train]:   0%|          | 0/26 [00:00<?, ?it/s, S=0.0768, loss=-0.0573]
Epoch 97/150 [train]:   0%|          | 0/26 [00:00<?, ?it/s, S=0.0769, loss=-0.0565]
Epoch 97/150 [train]:   0%|          | 0/26 [00:00<?, ?it/s, S=0.0751, loss=-0.0540]
Epoch 97/150 [train]:   0%|          | 0/26 [00:00<?, ?it/s, S=0.0761, loss=-0.0568]
Epoch 97/150 [train]:   0%|          | 0/26 [00:00<?, ?it/s, S=0.0754, loss=-0.0558]
Epoch 97/150 [train]:   0%|          | 0/26 [00:00<?, ?it/s, S=0.0754, loss=-0.0547]
Epoch 97/150 [train]:   0%|          | 0/26 [00:00<?, ?it/s, S=0.0767, loss=-0.0568]
Epoch 97/150 [train]:  35%|███▍      | 9/26 [00:00<00:00, 86.89it/s, S=0.0767, loss=-0.0568]
Epoch 97/150 [train]:  35%|███▍      | 9/26 [00:00<00:00, 86.89it/s, S=0.0743, loss=-0.0536]
Epoch 97/150 [train]:  35%|███▍      | 9/26 [00:00<00:00, 86.89it/s, S=0.0752, loss=-0.0542]
Epoch 97/150 [train]:  35%|███▍      | 9/26 [00:00<00:00, 86.89it/s, S=0.0757, loss=-0.0565]
Epoch 97/150 [train]:  35%|███▍      | 9/26 [00:00<00:00, 86.89it/s, S=0.0754, loss=-0.0564]
Epoch 97/150 [train]:  35%|███▍      | 9/26 [00:00<00:00, 86.89it/s, S=0.0763, loss=-0.0555]
Epoch 97/150 [train]:  35%|███▍      | 9/26 [00:00<00:00, 86.89it/s, S=0.0752, loss=-0.0544]
Epoch 97/150 [train]:  35%|███▍      | 9/26 [00:00<00:00, 86.89it/s, S=0.0753, loss=-0.0561]
Epoch 97/150 [train]:  35%|███▍      | 9/26 [00:00<00:00, 86.89it/s, S=0.0759, loss=-0.0545]
Epoch 97/150 [train]:  35%|███▍      | 9/26 [00:00<00:00, 86.89it/s, S=0.0749, loss=-0.0527]
Epoch 97/150 [train]:  69%|██████▉   | 18/26 [00:00<00:00, 87.35it/s, S=0.0749, loss=-0.0527]
Epoch 97/150 [train]:  69%|██████▉   | 18/26 [00:00<00:00, 87.35it/s, S=0.0752, loss=-0.0568]
Epoch 97/150 [train]:  69%|██████▉   | 18/26 [00:00<00:00, 87.35it/s, S=0.0757, loss=-0.0560]
Epoch 97/150 [train]:  69%|██████▉   | 18/26 [00:00<00:00, 87.35it/s, S=0.0750, loss=-0.0557]
Epoch 97/150 [train]:  69%|██████▉   | 18/26 [00:00<00:00, 87.35it/s, S=0.0757, loss=-0.0560]
Epoch 97/150 [train]:  69%|██████▉   | 18/26 [00:00<00:00, 87.35it/s, S=0.0761, loss=-0.0547]
Epoch 97/150 [train]:  69%|██████▉   | 18/26 [00:00<00:00, 87.35it/s, S=0.0762, loss=-0.0545]
Epoch 97/150 [train]:  69%|██████▉   | 18/26 [00:00<00:00, 87.35it/s, S=0.0756, loss=-0.0548]
Epoch 97/150 [train]:  69%|██████▉   | 18/26 [00:00<00:00, 87.35it/s, S=0.0746, loss=-0.0556]
                                                                                             
Epoch  97/150  train loss=-0.0552  val loss=-0.0090  S[mean]=0.0788  ζ=0.3115  mean_plane_ζ=0.1793  reg=0.0698  λscale=1.00  lr=3.72e-04

Epoch 98/150 [train]:   0%|          | 0/26 [00:00<?, ?it/s]
Epoch 98/150 [train]:   0%|          | 0/26 [00:00<?, ?it/s, S=0.0771, loss=-0.0586]
Epoch 98/150 [train]:   0%|          | 0/26 [00:00<?, ?it/s, S=0.0760, loss=-0.0570]
Epoch 98/150 [train]:   0%|          | 0/26 [00:00<?, ?it/s, S=0.0756, loss=-0.0575]
Epoch 98/150 [train]:   0%|          | 0/26 [00:00<?, ?it/s, S=0.0749, loss=-0.0520]
Epoch 98/150 [train]:   0%|          | 0/26 [00:00<?, ?it/s, S=0.0760, loss=-0.0553]
Epoch 98/150 [train]:   0%|          | 0/26 [00:00<?, ?it/s, S=0.0754, loss=-0.0553]
Epoch 98/150 [train]:   0%|          | 0/26 [00:00<?, ?it/s, S=0.0738, loss=-0.0512]
Epoch 98/150 [train]:   0%|          | 0/26 [00:00<?, ?it/s, S=0.0740, loss=-0.0536]
Epoch 98/150 [train]:   0%|          | 0/26 [00:00<?, ?it/s, S=0.0755, loss=-0.0552]
Epoch 98/150 [train]:  35%|███▍      | 9/26 [00:00<00:00, 86.86it/s, S=0.0755, loss=-0.0552]
Epoch 98/150 [train]:  35%|███▍      | 9/26 [00:00<00:00, 86.86it/s, S=0.0763, loss=-0.0551]
Epoch 98/150 [train]:  35%|███▍      | 9/26 [00:00<00:00, 86.86it/s, S=0.0752, loss=-0.0558]
Epoch 98/150 [train]:  35%|███▍      | 9/26 [00:00<00:00, 86.86it/s, S=0.0765, loss=-0.0567]
Epoch 98/150 [train]:  35%|███▍      | 9/26 [00:00<00:00, 86.86it/s, S=0.0758, loss=-0.0547]
Epoch 98/150 [train]:  35%|███▍      | 9/26 [00:00<00:00, 86.86it/s, S=0.0755, loss=-0.0524]
Epoch 98/150 [train]:  35%|███▍      | 9/26 [00:00<00:00, 86.86it/s, S=0.0754, loss=-0.0564]
Epoch 98/150 [train]:  35%|███▍      | 9/26 [00:00<00:00, 86.86it/s, S=0.0748, loss=-0.0531]
Epoch 98/150 [train]:  35%|███▍      | 9/26 [00:00<00:00, 86.86it/s, S=0.0766, loss=-0.0572]
Epoch 98/150 [train]:  35%|███▍      | 9/26 [00:00<00:00, 86.86it/s, S=0.0757, loss=-0.0571]
Epoch 98/150 [train]:  69%|██████▉   | 18/26 [00:00<00:00, 87.30it/s, S=0.0757, loss=-0.0571]
Epoch 98/150 [train]:  69%|██████▉   | 18/26 [00:00<00:00, 87.30it/s, S=0.0753, loss=-0.0514]
Epoch 98/150 [train]:  69%|██████▉   | 18/26 [00:00<00:00, 87.30it/s, S=0.0755, loss=-0.0559]
Epoch 98/150 [train]:  69%|██████▉   | 18/26 [00:00<00:00, 87.30it/s, S=0.0759, loss=-0.0557]
Epoch 98/150 [train]:  69%|██████▉   | 18/26 [00:00<00:00, 87.30it/s, S=0.0738, loss=-0.0494]
Epoch 98/150 [train]:  69%|██████▉   | 18/26 [00:00<00:00, 87.30it/s, S=0.0765, loss=-0.0574]
Epoch 98/150 [train]:  69%|██████▉   | 18/26 [00:00<00:00, 87.30it/s, S=0.0768, loss=-0.0574]
Epoch 98/150 [train]:  69%|██████▉   | 18/26 [00:00<00:00, 87.30it/s, S=0.0766, loss=-0.0566]
Epoch 98/150 [train]:  69%|██████▉   | 18/26 [00:00<00:00, 87.30it/s, S=0.0739, loss=-0.0528]
                                                                                             
Epoch  98/150  train loss=-0.0550  val loss=-0.0085  S[mean]=0.0792  ζ=0.3127  mean_plane_ζ=0.1796  reg=0.0707  λscale=1.00  lr=3.63e-04

Epoch 99/150 [train]:   0%|          | 0/26 [00:00<?, ?it/s]
Epoch 99/150 [train]:   0%|          | 0/26 [00:00<?, ?it/s, S=0.0744, loss=-0.0554]
Epoch 99/150 [train]:   0%|          | 0/26 [00:00<?, ?it/s, S=0.0750, loss=-0.0563]
Epoch 99/150 [train]:   0%|          | 0/26 [00:00<?, ?it/s, S=0.0768, loss=-0.0578]
Epoch 99/150 [train]:   0%|          | 0/26 [00:00<?, ?it/s, S=0.0760, loss=-0.0576]
Epoch 99/150 [train]:   0%|          | 0/26 [00:00<?, ?it/s, S=0.0759, loss=-0.0550]
Epoch 99/150 [train]:   0%|          | 0/26 [00:00<?, ?it/s, S=0.0768, loss=-0.0565]
Epoch 99/150 [train]:   0%|          | 0/26 [00:00<?, ?it/s, S=0.0753, loss=-0.0569]
Epoch 99/150 [train]:   0%|          | 0/26 [00:00<?, ?it/s, S=0.0724, loss=-0.0459]
Epoch 99/150 [train]:   0%|          | 0/26 [00:00<?, ?it/s, S=0.0755, loss=-0.0559]
Epoch 99/150 [train]:  35%|███▍      | 9/26 [00:00<00:00, 87.16it/s, S=0.0755, loss=-0.0559]
Epoch 99/150 [train]:  35%|███▍      | 9/26 [00:00<00:00, 87.16it/s, S=0.0765, loss=-0.0570]
Epoch 99/150 [train]:  35%|███▍      | 9/26 [00:00<00:00, 87.16it/s, S=0.0751, loss=-0.0558]
Epoch 99/150 [train]:  35%|███▍      | 9/26 [00:00<00:00, 87.16it/s, S=0.0740, loss=-0.0522]
Epoch 99/150 [train]:  35%|███▍      | 9/26 [00:00<00:00, 87.16it/s, S=0.0758, loss=-0.0565]
Epoch 99/150 [train]:  35%|███▍      | 9/26 [00:00<00:00, 87.16it/s, S=0.0772, loss=-0.0574]
Epoch 99/150 [train]:  35%|███▍      | 9/26 [00:00<00:00, 87.16it/s, S=0.0763, loss=-0.0568]
Epoch 99/150 [train]:  35%|███▍      | 9/26 [00:00<00:00, 87.16it/s, S=0.0758, loss=-0.0563]
Epoch 99/150 [train]:  35%|███▍      | 9/26 [00:00<00:00, 87.16it/s, S=0.0754, loss=-0.0532]
Epoch 99/150 [train]:  35%|███▍      | 9/26 [00:00<00:00, 87.16it/s, S=0.0755, loss=-0.0543]
Epoch 99/150 [train]:  69%|██████▉   | 18/26 [00:00<00:00, 87.42it/s, S=0.0755, loss=-0.0543]
Epoch 99/150 [train]:  69%|██████▉   | 18/26 [00:00<00:00, 87.42it/s, S=0.0755, loss=-0.0562]
Epoch 99/150 [train]:  69%|██████▉   | 18/26 [00:00<00:00, 87.42it/s, S=0.0768, loss=-0.0580]
Epoch 99/150 [train]:  69%|██████▉   | 18/26 [00:00<00:00, 87.42it/s, S=0.0767, loss=-0.0569]
Epoch 99/150 [train]:  69%|██████▉   | 18/26 [00:00<00:00, 87.42it/s, S=0.0755, loss=-0.0551]
Epoch 99/150 [train]:  69%|██████▉   | 18/26 [00:00<00:00, 87.42it/s, S=0.0757, loss=-0.0548]
Epoch 99/150 [train]:  69%|██████▉   | 18/26 [00:00<00:00, 87.42it/s, S=0.0770, loss=-0.0569]
Epoch 99/150 [train]:  69%|██████▉   | 18/26 [00:00<00:00, 87.42it/s, S=0.0767, loss=-0.0574]
Epoch 99/150 [train]:  69%|██████▉   | 18/26 [00:00<00:00, 87.42it/s, S=0.0760, loss=-0.0541]
                                                                                             
Epoch  99/150  train loss=-0.0556  val loss=-0.0079  S[mean]=0.0792  ζ=0.3124  mean_plane_ζ=0.1798  reg=0.0713  λscale=1.00  lr=3.55e-04

Epoch 100/150 [train]:   0%|          | 0/26 [00:00<?, ?it/s]
Epoch 100/150 [train]:   0%|          | 0/26 [00:00<?, ?it/s, S=0.0751, loss=-0.0559]
Epoch 100/150 [train]:   0%|          | 0/26 [00:00<?, ?it/s, S=0.0757, loss=-0.0571]
Epoch 100/150 [train]:   0%|          | 0/26 [00:00<?, ?it/s, S=0.0754, loss=-0.0567]
Epoch 100/150 [train]:   0%|          | 0/26 [00:00<?, ?it/s, S=0.0764, loss=-0.0567]
Epoch 100/150 [train]:   0%|          | 0/26 [00:00<?, ?it/s, S=0.0746, loss=-0.0539]
Epoch 100/150 [train]:   0%|          | 0/26 [00:00<?, ?it/s, S=0.0758, loss=-0.0568]
Epoch 100/150 [train]:   0%|          | 0/26 [00:00<?, ?it/s, S=0.0755, loss=-0.0569]
Epoch 100/150 [train]:   0%|          | 0/26 [00:00<?, ?it/s, S=0.0761, loss=-0.0559]
Epoch 100/150 [train]:   0%|          | 0/26 [00:00<?, ?it/s, S=0.0757, loss=-0.0569]
Epoch 100/150 [train]:  35%|███▍      | 9/26 [00:00<00:00, 87.18it/s, S=0.0757, loss=-0.0569]
Epoch 100/150 [train]:  35%|███▍      | 9/26 [00:00<00:00, 87.18it/s, S=0.0757, loss=-0.0557]
Epoch 100/150 [train]:  35%|███▍      | 9/26 [00:00<00:00, 87.18it/s, S=0.0766, loss=-0.0585]
Epoch 100/150 [train]:  35%|███▍      | 9/26 [00:00<00:00, 87.18it/s, S=0.0758, loss=-0.0544]
Epoch 100/150 [train]:  35%|███▍      | 9/26 [00:00<00:00, 87.18it/s, S=0.0759, loss=-0.0543]
Epoch 100/150 [train]:  35%|███▍      | 9/26 [00:00<00:00, 87.18it/s, S=0.0777, loss=-0.0589]
Epoch 100/150 [train]:  35%|███▍      | 9/26 [00:00<00:00, 87.18it/s, S=0.0777, loss=-0.0569]
Epoch 100/150 [train]:  35%|███▍      | 9/26 [00:00<00:00, 87.18it/s, S=0.0747, loss=-0.0539]
Epoch 100/150 [train]:  35%|███▍      | 9/26 [00:00<00:00, 87.18it/s, S=0.0740, loss=-0.0522]
Epoch 100/150 [train]:  35%|███▍      | 9/26 [00:00<00:00, 87.18it/s, S=0.0765, loss=-0.0577]
Epoch 100/150 [train]:  69%|██████▉   | 18/26 [00:00<00:00, 87.26it/s, S=0.0765, loss=-0.0577]
Epoch 100/150 [train]:  69%|██████▉   | 18/26 [00:00<00:00, 87.26it/s, S=0.0758, loss=-0.0560]
Epoch 100/150 [train]:  69%|██████▉   | 18/26 [00:00<00:00, 87.26it/s, S=0.0757, loss=-0.0566]
Epoch 100/150 [train]:  69%|██████▉   | 18/26 [00:00<00:00, 87.26it/s, S=0.0771, loss=-0.0577]
Epoch 100/150 [train]:  69%|██████▉   | 18/26 [00:00<00:00, 87.26it/s, S=0.0756, loss=-0.0564]
Epoch 100/150 [train]:  69%|██████▉   | 18/26 [00:00<00:00, 87.26it/s, S=0.0773, loss=-0.0564]
Epoch 100/150 [train]:  69%|██████▉   | 18/26 [00:00<00:00, 87.26it/s, S=0.0763, loss=-0.0565]
Epoch 100/150 [train]:  69%|██████▉   | 18/26 [00:00<00:00, 87.26it/s, S=0.0766, loss=-0.0576]
Epoch 100/150 [train]:  69%|██████▉   | 18/26 [00:00<00:00, 87.26it/s, S=0.0775, loss=-0.0571]
                                                                                              
Epoch 100/150  train loss=-0.0563  val loss=-0.0072  S[mean]=0.0795  ζ=0.3126  mean_plane_ζ=0.1802  reg=0.0722  λscale=1.00  lr=3.46e-04

Epoch 101/150 [train]:   0%|          | 0/26 [00:00<?, ?it/s]
Epoch 101/150 [train]:   0%|          | 0/26 [00:00<?, ?it/s, S=0.0775, loss=-0.0568]
Epoch 101/150 [train]:   0%|          | 0/26 [00:00<?, ?it/s, S=0.0769, loss=-0.0578]
Epoch 101/150 [train]:   0%|          | 0/26 [00:00<?, ?it/s, S=0.0754, loss=-0.0573]
Epoch 101/150 [train]:   0%|          | 0/26 [00:00<?, ?it/s, S=0.0762, loss=-0.0576]
Epoch 101/150 [train]:   0%|          | 0/26 [00:00<?, ?it/s, S=0.0765, loss=-0.0565]
Epoch 101/150 [train]:   0%|          | 0/26 [00:00<?, ?it/s, S=0.0757, loss=-0.0561]
Epoch 101/150 [train]:   0%|          | 0/26 [00:00<?, ?it/s, S=0.0759, loss=-0.0557]
Epoch 101/150 [train]:   0%|          | 0/26 [00:00<?, ?it/s, S=0.0758, loss=-0.0554]
Epoch 101/150 [train]:   0%|          | 0/26 [00:00<?, ?it/s, S=0.0752, loss=-0.0565]
Epoch 101/150 [train]:  35%|███▍      | 9/26 [00:00<00:00, 87.22it/s, S=0.0752, loss=-0.0565]
Epoch 101/150 [train]:  35%|███▍      | 9/26 [00:00<00:00, 87.22it/s, S=0.0755, loss=-0.0563]
Epoch 101/150 [train]:  35%|███▍      | 9/26 [00:00<00:00, 87.22it/s, S=0.0756, loss=-0.0544]
Epoch 101/150 [train]:  35%|███▍      | 9/26 [00:00<00:00, 87.22it/s, S=0.0762, loss=-0.0557]
Epoch 101/150 [train]:  35%|███▍      | 9/26 [00:00<00:00, 87.22it/s, S=0.0767, loss=-0.0565]
Epoch 101/150 [train]:  35%|███▍      | 9/26 [00:00<00:00, 87.22it/s, S=0.0759, loss=-0.0552]
Epoch 101/150 [train]:  35%|███▍      | 9/26 [00:00<00:00, 87.22it/s, S=0.0767, loss=-0.0563]
Epoch 101/150 [train]:  35%|███▍      | 9/26 [00:00<00:00, 87.22it/s, S=0.0761, loss=-0.0568]
Epoch 101/150 [train]:  35%|███▍      | 9/26 [00:00<00:00, 87.22it/s, S=0.0757, loss=-0.0554]
Epoch 101/150 [train]:  35%|███▍      | 9/26 [00:00<00:00, 87.22it/s, S=0.0773, loss=-0.0585]
Epoch 101/150 [train]:  69%|██████▉   | 18/26 [00:00<00:00, 87.50it/s, S=0.0773, loss=-0.0585]
Epoch 101/150 [train]:  69%|██████▉   | 18/26 [00:00<00:00, 87.50it/s, S=0.0758, loss=-0.0568]
Epoch 101/150 [train]:  69%|██████▉   | 18/26 [00:00<00:00, 87.50it/s, S=0.0765, loss=-0.0566]
Epoch 101/150 [train]:  69%|██████▉   | 18/26 [00:00<00:00, 87.50it/s, S=0.0748, loss=-0.0549]
Epoch 101/150 [train]:  69%|██████▉   | 18/26 [00:00<00:00, 87.50it/s, S=0.0771, loss=-0.0589]
Epoch 101/150 [train]:  69%|██████▉   | 18/26 [00:00<00:00, 87.50it/s, S=0.0770, loss=-0.0579]
Epoch 101/150 [train]:  69%|██████▉   | 18/26 [00:00<00:00, 87.50it/s, S=0.0771, loss=-0.0576]
Epoch 101/150 [train]:  69%|██████▉   | 18/26 [00:00<00:00, 87.50it/s, S=0.0762, loss=-0.0575]
Epoch 101/150 [train]:  69%|██████▉   | 18/26 [00:00<00:00, 87.50it/s, S=0.0752, loss=-0.0556]
                                                                                              
Epoch 101/150  train loss=-0.0566  val loss=-0.0071  S[mean]=0.0796  ζ=0.3125  mean_plane_ζ=0.1805  reg=0.0725  λscale=1.00  lr=3.37e-04

Epoch 102/150 [train]:   0%|          | 0/26 [00:00<?, ?it/s]
Epoch 102/150 [train]:   0%|          | 0/26 [00:00<?, ?it/s, S=0.0773, loss=-0.0578]
Epoch 102/150 [train]:   0%|          | 0/26 [00:00<?, ?it/s, S=0.0768, loss=-0.0576]
Epoch 102/150 [train]:   0%|          | 0/26 [00:00<?, ?it/s, S=0.0754, loss=-0.0566]
Epoch 102/150 [train]:   0%|          | 0/26 [00:00<?, ?it/s, S=0.0766, loss=-0.0573]
Epoch 102/150 [train]:   0%|          | 0/26 [00:00<?, ?it/s, S=0.0753, loss=-0.0557]
Epoch 102/150 [train]:   0%|          | 0/26 [00:00<?, ?it/s, S=0.0755, loss=-0.0561]
Epoch 102/150 [train]:   0%|          | 0/26 [00:00<?, ?it/s, S=0.0763, loss=-0.0574]
Epoch 102/150 [train]:   0%|          | 0/26 [00:00<?, ?it/s, S=0.0769, loss=-0.0582]
Epoch 102/150 [train]:   0%|          | 0/26 [00:00<?, ?it/s, S=0.0780, loss=-0.0567]
Epoch 102/150 [train]:  35%|███▍      | 9/26 [00:00<00:00, 87.30it/s, S=0.0780, loss=-0.0567]
Epoch 102/150 [train]:  35%|███▍      | 9/26 [00:00<00:00, 87.30it/s, S=0.0762, loss=-0.0561]
Epoch 102/150 [train]:  35%|███▍      | 9/26 [00:00<00:00, 87.30it/s, S=0.0776, loss=-0.0566]
Epoch 102/150 [train]:  35%|███▍      | 9/26 [00:00<00:00, 87.30it/s, S=0.0763, loss=-0.0546]
Epoch 102/150 [train]:  35%|███▍      | 9/26 [00:00<00:00, 87.30it/s, S=0.0765, loss=-0.0584]
Epoch 102/150 [train]:  35%|███▍      | 9/26 [00:00<00:00, 87.30it/s, S=0.0763, loss=-0.0576]
Epoch 102/150 [train]:  35%|███▍      | 9/26 [00:00<00:00, 87.30it/s, S=0.0770, loss=-0.0584]
Epoch 102/150 [train]:  35%|███▍      | 9/26 [00:00<00:00, 87.30it/s, S=0.0751, loss=-0.0547]
Epoch 102/150 [train]:  35%|███▍      | 9/26 [00:00<00:00, 87.30it/s, S=0.0762, loss=-0.0566]
Epoch 102/150 [train]:  35%|███▍      | 9/26 [00:00<00:00, 87.30it/s, S=0.0771, loss=-0.0591]
Epoch 102/150 [train]:  69%|██████▉   | 18/26 [00:00<00:00, 87.40it/s, S=0.0771, loss=-0.0591]
Epoch 102/150 [train]:  69%|██████▉   | 18/26 [00:00<00:00, 87.40it/s, S=0.0769, loss=-0.0565]
Epoch 102/150 [train]:  69%|██████▉   | 18/26 [00:00<00:00, 87.40it/s, S=0.0753, loss=-0.0556]
Epoch 102/150 [train]:  69%|██████▉   | 18/26 [00:00<00:00, 87.40it/s, S=0.0765, loss=-0.0575]
Epoch 102/150 [train]:  69%|██████▉   | 18/26 [00:00<00:00, 87.40it/s, S=0.0760, loss=-0.0559]
Epoch 102/150 [train]:  69%|██████▉   | 18/26 [00:00<00:00, 87.40it/s, S=0.0762, loss=-0.0572]
Epoch 102/150 [train]:  69%|██████▉   | 18/26 [00:00<00:00, 87.40it/s, S=0.0762, loss=-0.0558]
Epoch 102/150 [train]:  69%|██████▉   | 18/26 [00:00<00:00, 87.40it/s, S=0.0762, loss=-0.0559]
Epoch 102/150 [train]:  69%|██████▉   | 18/26 [00:00<00:00, 87.40it/s, S=0.0755, loss=-0.0559]
                                                                                              
Epoch 102/150  train loss=-0.0568  val loss=-0.0067  S[mean]=0.0799  ζ=0.3127  mean_plane_ζ=0.1808  reg=0.0732  λscale=1.00  lr=3.27e-04

Epoch 103/150 [train]:   0%|          | 0/26 [00:00<?, ?it/s]
Epoch 103/150 [train]:   0%|          | 0/26 [00:00<?, ?it/s, S=0.0747, loss=-0.0540]
Epoch 103/150 [train]:   0%|          | 0/26 [00:00<?, ?it/s, S=0.0761, loss=-0.0561]
Epoch 103/150 [train]:   0%|          | 0/26 [00:00<?, ?it/s, S=0.0751, loss=-0.0546]
Epoch 103/150 [train]:   0%|          | 0/26 [00:00<?, ?it/s, S=0.0761, loss=-0.0571]
Epoch 103/150 [train]:   0%|          | 0/26 [00:00<?, ?it/s, S=0.0778, loss=-0.0592]
Epoch 103/150 [train]:   0%|          | 0/26 [00:00<?, ?it/s, S=0.0754, loss=-0.0539]
Epoch 103/150 [train]:   0%|          | 0/26 [00:00<?, ?it/s, S=0.0762, loss=-0.0575]
Epoch 103/150 [train]:   0%|          | 0/26 [00:00<?, ?it/s, S=0.0767, loss=-0.0572]
Epoch 103/150 [train]:   0%|          | 0/26 [00:00<?, ?it/s, S=0.0770, loss=-0.0586]
Epoch 103/150 [train]:  35%|███▍      | 9/26 [00:00<00:00, 87.25it/s, S=0.0770, loss=-0.0586]
Epoch 103/150 [train]:  35%|███▍      | 9/26 [00:00<00:00, 87.25it/s, S=0.0766, loss=-0.0551]
Epoch 103/150 [train]:  35%|███▍      | 9/26 [00:00<00:00, 87.25it/s, S=0.0763, loss=-0.0566]
Epoch 103/150 [train]:  35%|███▍      | 9/26 [00:00<00:00, 87.25it/s, S=0.0764, loss=-0.0564]
Epoch 103/150 [train]:  35%|███▍      | 9/26 [00:00<00:00, 87.25it/s, S=0.0771, loss=-0.0575]
Epoch 103/150 [train]:  35%|███▍      | 9/26 [00:00<00:00, 87.25it/s, S=0.0772, loss=-0.0565]
Epoch 103/150 [train]:  35%|███▍      | 9/26 [00:00<00:00, 87.25it/s, S=0.0775, loss=-0.0580]
Epoch 103/150 [train]:  35%|███▍      | 9/26 [00:00<00:00, 87.25it/s, S=0.0766, loss=-0.0553]
Epoch 103/150 [train]:  35%|███▍      | 9/26 [00:00<00:00, 87.25it/s, S=0.0773, loss=-0.0585]
Epoch 103/150 [train]:  35%|███▍      | 9/26 [00:00<00:00, 87.25it/s, S=0.0765, loss=-0.0572]
Epoch 103/150 [train]:  69%|██████▉   | 18/26 [00:00<00:00, 87.56it/s, S=0.0765, loss=-0.0572]
Epoch 103/150 [train]:  69%|██████▉   | 18/26 [00:00<00:00, 87.56it/s, S=0.0755, loss=-0.0547]
Epoch 103/150 [train]:  69%|██████▉   | 18/26 [00:00<00:00, 87.56it/s, S=0.0757, loss=-0.0556]
Epoch 103/150 [train]:  69%|██████▉   | 18/26 [00:00<00:00, 87.56it/s, S=0.0757, loss=-0.0550]
Epoch 103/150 [train]:  69%|██████▉   | 18/26 [00:00<00:00, 87.56it/s, S=0.0759, loss=-0.0545]
Epoch 103/150 [train]:  69%|██████▉   | 18/26 [00:00<00:00, 87.56it/s, S=0.0758, loss=-0.0565]
Epoch 103/150 [train]:  69%|██████▉   | 18/26 [00:00<00:00, 87.56it/s, S=0.0761, loss=-0.0573]
Epoch 103/150 [train]:  69%|██████▉   | 18/26 [00:00<00:00, 87.56it/s, S=0.0759, loss=-0.0550]
Epoch 103/150 [train]:  69%|██████▉   | 18/26 [00:00<00:00, 87.56it/s, S=0.0768, loss=-0.0582]
                                                                                              
Epoch 103/150  train loss=-0.0564  val loss=-0.0066  S[mean]=0.0801  ζ=0.3129  mean_plane_ζ=0.1812  reg=0.0736  λscale=1.00  lr=3.18e-04

Epoch 104/150 [train]:   0%|          | 0/26 [00:00<?, ?it/s]
Epoch 104/150 [train]:   0%|          | 0/26 [00:00<?, ?it/s, S=0.0769, loss=-0.0582]
Epoch 104/150 [train]:   0%|          | 0/26 [00:00<?, ?it/s, S=0.0771, loss=-0.0585]
Epoch 104/150 [train]:   0%|          | 0/26 [00:00<?, ?it/s, S=0.0770, loss=-0.0563]
Epoch 104/150 [train]:   0%|          | 0/26 [00:00<?, ?it/s, S=0.0755, loss=-0.0568]
Epoch 104/150 [train]:   0%|          | 0/26 [00:00<?, ?it/s, S=0.0767, loss=-0.0561]
Epoch 104/150 [train]:   0%|          | 0/26 [00:00<?, ?it/s, S=0.0738, loss=-0.0511]
Epoch 104/150 [train]:   0%|          | 0/26 [00:00<?, ?it/s, S=0.0774, loss=-0.0583]
Epoch 104/150 [train]:   0%|          | 0/26 [00:00<?, ?it/s, S=0.0770, loss=-0.0579]
Epoch 104/150 [train]:   0%|          | 0/26 [00:00<?, ?it/s, S=0.0769, loss=-0.0574]
Epoch 104/150 [train]:  35%|███▍      | 9/26 [00:00<00:00, 87.20it/s, S=0.0769, loss=-0.0574]
Epoch 104/150 [train]:  35%|███▍      | 9/26 [00:00<00:00, 87.20it/s, S=0.0768, loss=-0.0585]
Epoch 104/150 [train]:  35%|███▍      | 9/26 [00:00<00:00, 87.20it/s, S=0.0769, loss=-0.0577]
Epoch 104/150 [train]:  35%|███▍      | 9/26 [00:00<00:00, 87.20it/s, S=0.0752, loss=-0.0486]
Epoch 104/150 [train]:  35%|███▍      | 9/26 [00:00<00:00, 87.20it/s, S=0.0757, loss=-0.0557]
Epoch 104/150 [train]:  35%|███▍      | 9/26 [00:00<00:00, 87.20it/s, S=0.0762, loss=-0.0578]
Epoch 104/150 [train]:  35%|███▍      | 9/26 [00:00<00:00, 87.20it/s, S=0.0779, loss=-0.0578]
Epoch 104/150 [train]:  35%|███▍      | 9/26 [00:00<00:00, 87.20it/s, S=0.0755, loss=-0.0559]
Epoch 104/150 [train]:  35%|███▍      | 9/26 [00:00<00:00, 87.20it/s, S=0.0758, loss=-0.0562]
Epoch 104/150 [train]:  35%|███▍      | 9/26 [00:00<00:00, 87.20it/s, S=0.0755, loss=-0.0539]
Epoch 104/150 [train]:  69%|██████▉   | 18/26 [00:00<00:00, 87.62it/s, S=0.0755, loss=-0.0539]
Epoch 104/150 [train]:  69%|██████▉   | 18/26 [00:00<00:00, 87.62it/s, S=0.0754, loss=-0.0557]
Epoch 104/150 [train]:  69%|██████▉   | 18/26 [00:00<00:00, 87.62it/s, S=0.0766, loss=-0.0563]
Epoch 104/150 [train]:  69%|██████▉   | 18/26 [00:00<00:00, 87.62it/s, S=0.0770, loss=-0.0586]
Epoch 104/150 [train]:  69%|██████▉   | 18/26 [00:00<00:00, 87.62it/s, S=0.0773, loss=-0.0585]
Epoch 104/150 [train]:  69%|██████▉   | 18/26 [00:00<00:00, 87.62it/s, S=0.0760, loss=-0.0557]
Epoch 104/150 [train]:  69%|██████▉   | 18/26 [00:00<00:00, 87.62it/s, S=0.0764, loss=-0.0563]
Epoch 104/150 [train]:  69%|██████▉   | 18/26 [00:00<00:00, 87.62it/s, S=0.0768, loss=-0.0582]
Epoch 104/150 [train]:  69%|██████▉   | 18/26 [00:00<00:00, 87.62it/s, S=0.0776, loss=-0.0565]
                                                                                              
Epoch 104/150  train loss=-0.0565  val loss=-0.0069  S[mean]=0.0805  ζ=0.3139  mean_plane_ζ=0.1818  reg=0.0736  λscale=1.00  lr=3.08e-04

Epoch 105/150 [train]:   0%|          | 0/26 [00:00<?, ?it/s]
Epoch 105/150 [train]:   0%|          | 0/26 [00:00<?, ?it/s, S=0.0761, loss=-0.0575]
Epoch 105/150 [train]:   0%|          | 0/26 [00:00<?, ?it/s, S=0.0774, loss=-0.0595]
Epoch 105/150 [train]:   0%|          | 0/26 [00:00<?, ?it/s, S=0.0776, loss=-0.0592]
Epoch 105/150 [train]:   0%|          | 0/26 [00:00<?, ?it/s, S=0.0756, loss=-0.0564]
Epoch 105/150 [train]:   0%|          | 0/26 [00:00<?, ?it/s, S=0.0772, loss=-0.0584]
Epoch 105/150 [train]:   0%|          | 0/26 [00:00<?, ?it/s, S=0.0765, loss=-0.0566]
Epoch 105/150 [train]:   0%|          | 0/26 [00:00<?, ?it/s, S=0.0773, loss=-0.0587]
Epoch 105/150 [train]:   0%|          | 0/26 [00:00<?, ?it/s, S=0.0763, loss=-0.0579]
Epoch 105/150 [train]:   0%|          | 0/26 [00:00<?, ?it/s, S=0.0767, loss=-0.0571]
Epoch 105/150 [train]:  35%|███▍      | 9/26 [00:00<00:00, 87.35it/s, S=0.0767, loss=-0.0571]
Epoch 105/150 [train]:  35%|███▍      | 9/26 [00:00<00:00, 87.35it/s, S=0.0769, loss=-0.0586]
Epoch 105/150 [train]:  35%|███▍      | 9/26 [00:00<00:00, 87.35it/s, S=0.0780, loss=-0.0598]
Epoch 105/150 [train]:  35%|███▍      | 9/26 [00:00<00:00, 87.35it/s, S=0.0770, loss=-0.0570]
Epoch 105/150 [train]:  35%|███▍      | 9/26 [00:00<00:00, 87.35it/s, S=0.0773, loss=-0.0575]
Epoch 105/150 [train]:  35%|███▍      | 9/26 [00:00<00:00, 87.35it/s, S=0.0771, loss=-0.0588]
Epoch 105/150 [train]:  35%|███▍      | 9/26 [00:00<00:00, 87.35it/s, S=0.0779, loss=-0.0583]
Epoch 105/150 [train]:  35%|███▍      | 9/26 [00:00<00:00, 87.35it/s, S=0.0738, loss=-0.0500]
Epoch 105/150 [train]:  35%|███▍      | 9/26 [00:00<00:00, 87.35it/s, S=0.0771, loss=-0.0575]
Epoch 105/150 [train]:  35%|███▍      | 9/26 [00:00<00:00, 87.35it/s, S=0.0776, loss=-0.0579]
Epoch 105/150 [train]:  69%|██████▉   | 18/26 [00:00<00:00, 87.37it/s, S=0.0776, loss=-0.0579]
Epoch 105/150 [train]:  69%|██████▉   | 18/26 [00:00<00:00, 87.37it/s, S=0.0777, loss=-0.0579]
Epoch 105/150 [train]:  69%|██████▉   | 18/26 [00:00<00:00, 87.37it/s, S=0.0765, loss=-0.0568]
Epoch 105/150 [train]:  69%|██████▉   | 18/26 [00:00<00:00, 87.37it/s, S=0.0763, loss=-0.0577]
Epoch 105/150 [train]:  69%|██████▉   | 18/26 [00:00<00:00, 87.37it/s, S=0.0765, loss=-0.0532]
Epoch 105/150 [train]:  69%|██████▉   | 18/26 [00:00<00:00, 87.37it/s, S=0.0762, loss=-0.0579]
Epoch 105/150 [train]:  69%|██████▉   | 18/26 [00:00<00:00, 87.37it/s, S=0.0759, loss=-0.0575]
Epoch 105/150 [train]:  69%|██████▉   | 18/26 [00:00<00:00, 87.37it/s, S=0.0767, loss=-0.0581]
Epoch 105/150 [train]:  69%|██████▉   | 18/26 [00:00<00:00, 87.37it/s, S=0.0764, loss=-0.0552]
                                                                                              
Epoch 105/150  train loss=-0.0574  val loss=-0.0064  S[mean]=0.0808  ζ=0.3134  mean_plane_ζ=0.1819  reg=0.0744  λscale=1.00  lr=2.99e-04

Epoch 106/150 [train]:   0%|          | 0/26 [00:00<?, ?it/s]
Epoch 106/150 [train]:   0%|          | 0/26 [00:00<?, ?it/s, S=0.0760, loss=-0.0530]
Epoch 106/150 [train]:   0%|          | 0/26 [00:00<?, ?it/s, S=0.0769, loss=-0.0576]
Epoch 106/150 [train]:   0%|          | 0/26 [00:00<?, ?it/s, S=0.0768, loss=-0.0582]
Epoch 106/150 [train]:   0%|          | 0/26 [00:00<?, ?it/s, S=0.0768, loss=-0.0579]
Epoch 106/150 [train]:   0%|          | 0/26 [00:00<?, ?it/s, S=0.0769, loss=-0.0577]
Epoch 106/150 [train]:   0%|          | 0/26 [00:00<?, ?it/s, S=0.0759, loss=-0.0567]
Epoch 106/150 [train]:   0%|          | 0/26 [00:00<?, ?it/s, S=0.0759, loss=-0.0540]
Epoch 106/150 [train]:   0%|          | 0/26 [00:00<?, ?it/s, S=0.0766, loss=-0.0567]
Epoch 106/150 [train]:   0%|          | 0/26 [00:00<?, ?it/s, S=0.0762, loss=-0.0574]
Epoch 106/150 [train]:  35%|███▍      | 9/26 [00:00<00:00, 87.17it/s, S=0.0762, loss=-0.0574]
Epoch 106/150 [train]:  35%|███▍      | 9/26 [00:00<00:00, 87.17it/s, S=0.0771, loss=-0.0590]
Epoch 106/150 [train]:  35%|███▍      | 9/26 [00:00<00:00, 87.17it/s, S=0.0776, loss=-0.0592]
Epoch 106/150 [train]:  35%|███▍      | 9/26 [00:00<00:00, 87.17it/s, S=0.0770, loss=-0.0570]
Epoch 106/150 [train]:  35%|███▍      | 9/26 [00:00<00:00, 87.17it/s, S=0.0764, loss=-0.0575]
Epoch 106/150 [train]:  35%|███▍      | 9/26 [00:00<00:00, 87.17it/s, S=0.0751, loss=-0.0547]
Epoch 106/150 [train]:  35%|███▍      | 9/26 [00:00<00:00, 87.17it/s, S=0.0761, loss=-0.0543]
Epoch 106/150 [train]:  35%|███▍      | 9/26 [00:00<00:00, 87.17it/s, S=0.0772, loss=-0.0580]
Epoch 106/150 [train]:  35%|███▍      | 9/26 [00:00<00:00, 87.17it/s, S=0.0791, loss=-0.0600]
Epoch 106/150 [train]:  35%|███▍      | 9/26 [00:00<00:00, 87.17it/s, S=0.0770, loss=-0.0582]
Epoch 106/150 [train]:  69%|██████▉   | 18/26 [00:00<00:00, 87.44it/s, S=0.0770, loss=-0.0582]
Epoch 106/150 [train]:  69%|██████▉   | 18/26 [00:00<00:00, 87.44it/s, S=0.0768, loss=-0.0578]
Epoch 106/150 [train]:  69%|██████▉   | 18/26 [00:00<00:00, 87.44it/s, S=0.0770, loss=-0.0574]
Epoch 106/150 [train]:  69%|██████▉   | 18/26 [00:00<00:00, 87.44it/s, S=0.0769, loss=-0.0579]
Epoch 106/150 [train]:  69%|██████▉   | 18/26 [00:00<00:00, 87.44it/s, S=0.0760, loss=-0.0573]
Epoch 106/150 [train]:  69%|██████▉   | 18/26 [00:00<00:00, 87.44it/s, S=0.0776, loss=-0.0559]
Epoch 106/150 [train]:  69%|██████▉   | 18/26 [00:00<00:00, 87.44it/s, S=0.0761, loss=-0.0568]
Epoch 106/150 [train]:  69%|██████▉   | 18/26 [00:00<00:00, 87.44it/s, S=0.0783, loss=-0.0596]
Epoch 106/150 [train]:  69%|██████▉   | 18/26 [00:00<00:00, 87.44it/s, S=0.0773, loss=-0.0563]
                                                                                              
Epoch 106/150  train loss=-0.0572  val loss=-0.0064  S[mean]=0.0813  ζ=0.3147  mean_plane_ζ=0.1830  reg=0.0750  λscale=1.00  lr=2.89e-04

Epoch 107/150 [train]:   0%|          | 0/26 [00:00<?, ?it/s]
Epoch 107/150 [train]:   0%|          | 0/26 [00:00<?, ?it/s, S=0.0775, loss=-0.0569]
Epoch 107/150 [train]:   0%|          | 0/26 [00:00<?, ?it/s, S=0.0768, loss=-0.0574]
Epoch 107/150 [train]:   0%|          | 0/26 [00:00<?, ?it/s, S=0.0783, loss=-0.0604]
Epoch 107/150 [train]:   0%|          | 0/26 [00:00<?, ?it/s, S=0.0769, loss=-0.0577]
Epoch 107/150 [train]:   0%|          | 0/26 [00:00<?, ?it/s, S=0.0778, loss=-0.0583]
Epoch 107/150 [train]:   0%|          | 0/26 [00:00<?, ?it/s, S=0.0774, loss=-0.0598]
Epoch 107/150 [train]:   0%|          | 0/26 [00:00<?, ?it/s, S=0.0774, loss=-0.0578]
Epoch 107/150 [train]:   0%|          | 0/26 [00:00<?, ?it/s, S=0.0758, loss=-0.0556]
Epoch 107/150 [train]:   0%|          | 0/26 [00:00<?, ?it/s, S=0.0776, loss=-0.0591]
Epoch 107/150 [train]:  35%|███▍      | 9/26 [00:00<00:00, 87.02it/s, S=0.0776, loss=-0.0591]
Epoch 107/150 [train]:  35%|███▍      | 9/26 [00:00<00:00, 87.02it/s, S=0.0768, loss=-0.0572]
Epoch 107/150 [train]:  35%|███▍      | 9/26 [00:00<00:00, 87.02it/s, S=0.0769, loss=-0.0581]
Epoch 107/150 [train]:  35%|███▍      | 9/26 [00:00<00:00, 87.02it/s, S=0.0768, loss=-0.0585]
Epoch 107/150 [train]:  35%|███▍      | 9/26 [00:00<00:00, 87.02it/s, S=0.0774, loss=-0.0583]
Epoch 107/150 [train]:  35%|███▍      | 9/26 [00:00<00:00, 87.02it/s, S=0.0770, loss=-0.0558]
Epoch 107/150 [train]:  35%|███▍      | 9/26 [00:00<00:00, 87.02it/s, S=0.0780, loss=-0.0576]
Epoch 107/150 [train]:  35%|███▍      | 9/26 [00:00<00:00, 87.02it/s, S=0.0766, loss=-0.0559]
Epoch 107/150 [train]:  35%|███▍      | 9/26 [00:00<00:00, 87.02it/s, S=0.0771, loss=-0.0542]
Epoch 107/150 [train]:  35%|███▍      | 9/26 [00:00<00:00, 87.02it/s, S=0.0769, loss=-0.0567]
Epoch 107/150 [train]:  69%|██████▉   | 18/26 [00:00<00:00, 87.34it/s, S=0.0769, loss=-0.0567]
Epoch 107/150 [train]:  69%|██████▉   | 18/26 [00:00<00:00, 87.34it/s, S=0.0773, loss=-0.0555]
Epoch 107/150 [train]:  69%|██████▉   | 18/26 [00:00<00:00, 87.34it/s, S=0.0758, loss=-0.0570]
Epoch 107/150 [train]:  69%|██████▉   | 18/26 [00:00<00:00, 87.34it/s, S=0.0753, loss=-0.0558]
Epoch 107/150 [train]:  69%|██████▉   | 18/26 [00:00<00:00, 87.34it/s, S=0.0772, loss=-0.0581]
Epoch 107/150 [train]:  69%|██████▉   | 18/26 [00:00<00:00, 87.34it/s, S=0.0772, loss=-0.0580]
Epoch 107/150 [train]:  69%|██████▉   | 18/26 [00:00<00:00, 87.34it/s, S=0.0784, loss=-0.0594]
Epoch 107/150 [train]:  69%|██████▉   | 18/26 [00:00<00:00, 87.34it/s, S=0.0756, loss=-0.0550]
Epoch 107/150 [train]:  69%|██████▉   | 18/26 [00:00<00:00, 87.34it/s, S=0.0779, loss=-0.0586]
                                                                                              
Epoch 107/150  train loss=-0.0574  val loss=-0.0071  S[mean]=0.0818  ζ=0.3148  mean_plane_ζ=0.1832  reg=0.0747  λscale=1.00  lr=2.79e-04

Epoch 108/150 [train]:   0%|          | 0/26 [00:00<?, ?it/s]
Epoch 108/150 [train]:   0%|          | 0/26 [00:00<?, ?it/s, S=0.0781, loss=-0.0599]
Epoch 108/150 [train]:   0%|          | 0/26 [00:00<?, ?it/s, S=0.0783, loss=-0.0608]
Epoch 108/150 [train]:   0%|          | 0/26 [00:00<?, ?it/s, S=0.0782, loss=-0.0597]
Epoch 108/150 [train]:   0%|          | 0/26 [00:00<?, ?it/s, S=0.0783, loss=-0.0593]
Epoch 108/150 [train]:   0%|          | 0/26 [00:00<?, ?it/s, S=0.0780, loss=-0.0593]
Epoch 108/150 [train]:   0%|          | 0/26 [00:00<?, ?it/s, S=0.0761, loss=-0.0562]
Epoch 108/150 [train]:   0%|          | 0/26 [00:00<?, ?it/s, S=0.0769, loss=-0.0560]
Epoch 108/150 [train]:   0%|          | 0/26 [00:00<?, ?it/s, S=0.0772, loss=-0.0590]
Epoch 108/150 [train]:   0%|          | 0/26 [00:00<?, ?it/s, S=0.0788, loss=-0.0587]
Epoch 108/150 [train]:  35%|███▍      | 9/26 [00:00<00:00, 86.95it/s, S=0.0788, loss=-0.0587]
Epoch 108/150 [train]:  35%|███▍      | 9/26 [00:00<00:00, 86.95it/s, S=0.0780, loss=-0.0584]
Epoch 108/150 [train]:  35%|███▍      | 9/26 [00:00<00:00, 86.95it/s, S=0.0783, loss=-0.0591]
Epoch 108/150 [train]:  35%|███▍      | 9/26 [00:00<00:00, 86.95it/s, S=0.0776, loss=-0.0594]
Epoch 108/150 [train]:  35%|███▍      | 9/26 [00:00<00:00, 86.95it/s, S=0.0776, loss=-0.0585]
Epoch 108/150 [train]:  35%|███▍      | 9/26 [00:00<00:00, 86.95it/s, S=0.0758, loss=-0.0560]
Epoch 108/150 [train]:  35%|███▍      | 9/26 [00:00<00:00, 86.95it/s, S=0.0781, loss=-0.0589]
Epoch 108/150 [train]:  35%|███▍      | 9/26 [00:00<00:00, 86.95it/s, S=0.0764, loss=-0.0553]
Epoch 108/150 [train]:  35%|███▍      | 9/26 [00:00<00:00, 86.95it/s, S=0.0766, loss=-0.0582]
Epoch 108/150 [train]:  35%|███▍      | 9/26 [00:00<00:00, 86.95it/s, S=0.0781, loss=-0.0581]
Epoch 108/150 [train]:  69%|██████▉   | 18/26 [00:00<00:00, 87.24it/s, S=0.0781, loss=-0.0581]
Epoch 108/150 [train]:  69%|██████▉   | 18/26 [00:00<00:00, 87.24it/s, S=0.0771, loss=-0.0581]
Epoch 108/150 [train]:  69%|██████▉   | 18/26 [00:00<00:00, 87.24it/s, S=0.0769, loss=-0.0584]
Epoch 108/150 [train]:  69%|██████▉   | 18/26 [00:00<00:00, 87.24it/s, S=0.0758, loss=-0.0542]
Epoch 108/150 [train]:  69%|██████▉   | 18/26 [00:00<00:00, 87.24it/s, S=0.0786, loss=-0.0590]
Epoch 108/150 [train]:  69%|██████▉   | 18/26 [00:00<00:00, 87.24it/s, S=0.0781, loss=-0.0597]
Epoch 108/150 [train]:  69%|██████▉   | 18/26 [00:00<00:00, 87.24it/s, S=0.0769, loss=-0.0573]
Epoch 108/150 [train]:  69%|██████▉   | 18/26 [00:00<00:00, 87.24it/s, S=0.0774, loss=-0.0593]
Epoch 108/150 [train]:  69%|██████▉   | 18/26 [00:00<00:00, 87.24it/s, S=0.0759, loss=-0.0511]
                                                                                              
Epoch 108/150  train loss=-0.0580  val loss=-0.0077  S[mean]=0.0824  ζ=0.3156  mean_plane_ζ=0.1836  reg=0.0747  λscale=1.00  lr=2.70e-04

Epoch 109/150 [train]:   0%|          | 0/26 [00:00<?, ?it/s]
Epoch 109/150 [train]:   0%|          | 0/26 [00:00<?, ?it/s, S=0.0781, loss=-0.0589]
Epoch 109/150 [train]:   0%|          | 0/26 [00:00<?, ?it/s, S=0.0782, loss=-0.0605]
Epoch 109/150 [train]:   0%|          | 0/26 [00:00<?, ?it/s, S=0.0782, loss=-0.0589]
Epoch 109/150 [train]:   0%|          | 0/26 [00:00<?, ?it/s, S=0.0780, loss=-0.0580]
Epoch 109/150 [train]:   0%|          | 0/26 [00:00<?, ?it/s, S=0.0783, loss=-0.0601]
Epoch 109/150 [train]:   0%|          | 0/26 [00:00<?, ?it/s, S=0.0786, loss=-0.0600]
Epoch 109/150 [train]:   0%|          | 0/26 [00:00<?, ?it/s, S=0.0793, loss=-0.0619]
Epoch 109/150 [train]:   0%|          | 0/26 [00:00<?, ?it/s, S=0.0785, loss=-0.0604]
Epoch 109/150 [train]:   0%|          | 0/26 [00:00<?, ?it/s, S=0.0784, loss=-0.0599]
Epoch 109/150 [train]:  35%|███▍      | 9/26 [00:00<00:00, 87.12it/s, S=0.0784, loss=-0.0599]
Epoch 109/150 [train]:  35%|███▍      | 9/26 [00:00<00:00, 87.12it/s, S=0.0780, loss=-0.0599]
Epoch 109/150 [train]:  35%|███▍      | 9/26 [00:00<00:00, 87.12it/s, S=0.0774, loss=-0.0598]
Epoch 109/150 [train]:  35%|███▍      | 9/26 [00:00<00:00, 87.12it/s, S=0.0773, loss=-0.0579]
Epoch 109/150 [train]:  35%|███▍      | 9/26 [00:00<00:00, 87.12it/s, S=0.0774, loss=-0.0587]
Epoch 109/150 [train]:  35%|███▍      | 9/26 [00:00<00:00, 87.12it/s, S=0.0777, loss=-0.0583]
Epoch 109/150 [train]:  35%|███▍      | 9/26 [00:00<00:00, 87.12it/s, S=0.0783, loss=-0.0600]
Epoch 109/150 [train]:  35%|███▍      | 9/26 [00:00<00:00, 87.12it/s, S=0.0762, loss=-0.0536]
Epoch 109/150 [train]:  35%|███▍      | 9/26 [00:00<00:00, 87.12it/s, S=0.0766, loss=-0.0583]
Epoch 109/150 [train]:  35%|███▍      | 9/26 [00:00<00:00, 87.12it/s, S=0.0779, loss=-0.0595]
Epoch 109/150 [train]:  69%|██████▉   | 18/26 [00:00<00:00, 87.41it/s, S=0.0779, loss=-0.0595]
Epoch 109/150 [train]:  69%|██████▉   | 18/26 [00:00<00:00, 87.41it/s, S=0.0782, loss=-0.0595]
Epoch 109/150 [train]:  69%|██████▉   | 18/26 [00:00<00:00, 87.41it/s, S=0.0771, loss=-0.0571]
Epoch 109/150 [train]:  69%|██████▉   | 18/26 [00:00<00:00, 87.41it/s, S=0.0798, loss=-0.0605]
Epoch 109/150 [train]:  69%|██████▉   | 18/26 [00:00<00:00, 87.41it/s, S=0.0771, loss=-0.0568]
Epoch 109/150 [train]:  69%|██████▉   | 18/26 [00:00<00:00, 87.41it/s, S=0.0790, loss=-0.0611]
Epoch 109/150 [train]:  69%|██████▉   | 18/26 [00:00<00:00, 87.41it/s, S=0.0775, loss=-0.0574]
Epoch 109/150 [train]:  69%|██████▉   | 18/26 [00:00<00:00, 87.41it/s, S=0.0770, loss=-0.0563]
Epoch 109/150 [train]:  69%|██████▉   | 18/26 [00:00<00:00, 87.41it/s, S=0.0784, loss=-0.0607]
                                                                                              
Epoch 109/150  train loss=-0.0590  val loss=-0.0082  S[mean]=0.0831  ζ=0.3163  mean_plane_ζ=0.1840  reg=0.0749  λscale=1.00  lr=2.60e-04

Epoch 110/150 [train]:   0%|          | 0/26 [00:00<?, ?it/s]
Epoch 110/150 [train]:   0%|          | 0/26 [00:00<?, ?it/s, S=0.0782, loss=-0.0613]
Epoch 110/150 [train]:   0%|          | 0/26 [00:00<?, ?it/s, S=0.0780, loss=-0.0574]
Epoch 110/150 [train]:   0%|          | 0/26 [00:00<?, ?it/s, S=0.0772, loss=-0.0567]
Epoch 110/150 [train]:   0%|          | 0/26 [00:00<?, ?it/s, S=0.0773, loss=-0.0588]
Epoch 110/150 [train]:   0%|          | 0/26 [00:00<?, ?it/s, S=0.0771, loss=-0.0580]
Epoch 110/150 [train]:   0%|          | 0/26 [00:00<?, ?it/s, S=0.0786, loss=-0.0605]
Epoch 110/150 [train]:   0%|          | 0/26 [00:00<?, ?it/s, S=0.0786, loss=-0.0601]
Epoch 110/150 [train]:   0%|          | 0/26 [00:00<?, ?it/s, S=0.0788, loss=-0.0608]
Epoch 110/150 [train]:   0%|          | 0/26 [00:00<?, ?it/s, S=0.0783, loss=-0.0597]
Epoch 110/150 [train]:  35%|███▍      | 9/26 [00:00<00:00, 87.06it/s, S=0.0783, loss=-0.0597]
Epoch 110/150 [train]:  35%|███▍      | 9/26 [00:00<00:00, 87.06it/s, S=0.0774, loss=-0.0589]
Epoch 110/150 [train]:  35%|███▍      | 9/26 [00:00<00:00, 87.06it/s, S=0.0778, loss=-0.0578]
Epoch 110/150 [train]:  35%|███▍      | 9/26 [00:00<00:00, 87.06it/s, S=0.0778, loss=-0.0581]
Epoch 110/150 [train]:  35%|███▍      | 9/26 [00:00<00:00, 87.06it/s, S=0.0790, loss=-0.0607]
Epoch 110/150 [train]:  35%|███▍      | 9/26 [00:00<00:00, 87.06it/s, S=0.0802, loss=-0.0608]
Epoch 110/150 [train]:  35%|███▍      | 9/26 [00:00<00:00, 87.06it/s, S=0.0775, loss=-0.0592]
Epoch 110/150 [train]:  35%|███▍      | 9/26 [00:00<00:00, 87.06it/s, S=0.0793, loss=-0.0593]
Epoch 110/150 [train]:  35%|███▍      | 9/26 [00:00<00:00, 87.06it/s, S=0.0790, loss=-0.0583]
Epoch 110/150 [train]:  35%|███▍      | 9/26 [00:00<00:00, 87.06it/s, S=0.0787, loss=-0.0614]
Epoch 110/150 [train]:  69%|██████▉   | 18/26 [00:00<00:00, 87.06it/s, S=0.0787, loss=-0.0614]
Epoch 110/150 [train]:  69%|██████▉   | 18/26 [00:00<00:00, 87.06it/s, S=0.0792, loss=-0.0611]
Epoch 110/150 [train]:  69%|██████▉   | 18/26 [00:00<00:00, 87.06it/s, S=0.0775, loss=-0.0574]
Epoch 110/150 [train]:  69%|██████▉   | 18/26 [00:00<00:00, 87.06it/s, S=0.0787, loss=-0.0597]
Epoch 110/150 [train]:  69%|██████▉   | 18/26 [00:00<00:00, 87.06it/s, S=0.0767, loss=-0.0541]
Epoch 110/150 [train]:  69%|██████▉   | 18/26 [00:00<00:00, 87.06it/s, S=0.0799, loss=-0.0604]
Epoch 110/150 [train]:  69%|██████▉   | 18/26 [00:00<00:00, 87.06it/s, S=0.0783, loss=-0.0577]
Epoch 110/150 [train]:  69%|██████▉   | 18/26 [00:00<00:00, 87.06it/s, S=0.0805, loss=-0.0627]
Epoch 110/150 [train]:  69%|██████▉   | 18/26 [00:00<00:00, 87.06it/s, S=0.0782, loss=-0.0577]
                                                                                              
Epoch 110/150  train loss=-0.0592  val loss=-0.0094  S[mean]=0.0838  ζ=0.3168  mean_plane_ζ=0.1842  reg=0.0744  λscale=1.00  lr=2.50e-04

Epoch 111/150 [train]:   0%|          | 0/26 [00:00<?, ?it/s]
Epoch 111/150 [train]:   0%|          | 0/26 [00:00<?, ?it/s, S=0.0790, loss=-0.0614]
Epoch 111/150 [train]:   0%|          | 0/26 [00:00<?, ?it/s, S=0.0788, loss=-0.0612]
Epoch 111/150 [train]:   0%|          | 0/26 [00:00<?, ?it/s, S=0.0789, loss=-0.0612]
Epoch 111/150 [train]:   0%|          | 0/26 [00:00<?, ?it/s, S=0.0785, loss=-0.0598]
Epoch 111/150 [train]:   0%|          | 0/26 [00:00<?, ?it/s, S=0.0786, loss=-0.0605]
Epoch 111/150 [train]:   0%|          | 0/26 [00:00<?, ?it/s, S=0.0798, loss=-0.0601]
Epoch 111/150 [train]:   0%|          | 0/26 [00:00<?, ?it/s, S=0.0794, loss=-0.0597]
Epoch 111/150 [train]:   0%|          | 0/26 [00:00<?, ?it/s, S=0.0793, loss=-0.0590]
Epoch 111/150 [train]:   0%|          | 0/26 [00:00<?, ?it/s, S=0.0788, loss=-0.0602]
Epoch 111/150 [train]:  35%|███▍      | 9/26 [00:00<00:00, 87.09it/s, S=0.0788, loss=-0.0602]
Epoch 111/150 [train]:  35%|███▍      | 9/26 [00:00<00:00, 87.09it/s, S=0.0780, loss=-0.0591]
Epoch 111/150 [train]:  35%|███▍      | 9/26 [00:00<00:00, 87.09it/s, S=0.0792, loss=-0.0600]
Epoch 111/150 [train]:  35%|███▍      | 9/26 [00:00<00:00, 87.09it/s, S=0.0776, loss=-0.0580]
Epoch 111/150 [train]:  35%|███▍      | 9/26 [00:00<00:00, 87.09it/s, S=0.0786, loss=-0.0573]
Epoch 111/150 [train]:  35%|███▍      | 9/26 [00:00<00:00, 87.09it/s, S=0.0794, loss=-0.0604]
Epoch 111/150 [train]:  35%|███▍      | 9/26 [00:00<00:00, 87.09it/s, S=0.0791, loss=-0.0598]
Epoch 111/150 [train]:  35%|███▍      | 9/26 [00:00<00:00, 87.09it/s, S=0.0790, loss=-0.0606]
Epoch 111/150 [train]:  35%|███▍      | 9/26 [00:00<00:00, 87.09it/s, S=0.0801, loss=-0.0617]
Epoch 111/150 [train]:  35%|███▍      | 9/26 [00:00<00:00, 87.09it/s, S=0.0790, loss=-0.0588]
Epoch 111/150 [train]:  69%|██████▉   | 18/26 [00:00<00:00, 87.34it/s, S=0.0790, loss=-0.0588]
Epoch 111/150 [train]:  69%|██████▉   | 18/26 [00:00<00:00, 87.34it/s, S=0.0805, loss=-0.0601]
Epoch 111/150 [train]:  69%|██████▉   | 18/26 [00:00<00:00, 87.34it/s, S=0.0797, loss=-0.0611]
Epoch 111/150 [train]:  69%|██████▉   | 18/26 [00:00<00:00, 87.34it/s, S=0.0793, loss=-0.0604]
Epoch 111/150 [train]:  69%|██████▉   | 18/26 [00:00<00:00, 87.34it/s, S=0.0781, loss=-0.0563]
Epoch 111/150 [train]:  69%|██████▉   | 18/26 [00:00<00:00, 87.34it/s, S=0.0792, loss=-0.0600]
Epoch 111/150 [train]:  69%|██████▉   | 18/26 [00:00<00:00, 87.34it/s, S=0.0795, loss=-0.0577]
Epoch 111/150 [train]:  69%|██████▉   | 18/26 [00:00<00:00, 87.34it/s, S=0.0791, loss=-0.0566]
Epoch 111/150 [train]:  69%|██████▉   | 18/26 [00:00<00:00, 87.34it/s, S=0.0784, loss=-0.0594]
                                                                                              
Epoch 111/150  train loss=-0.0596  val loss=-0.0099  S[mean]=0.0845  ζ=0.3169  mean_plane_ζ=0.1841  reg=0.0745  λscale=1.00  lr=2.40e-04

Epoch 112/150 [train]:   0%|          | 0/26 [00:00<?, ?it/s]
Epoch 112/150 [train]:   0%|          | 0/26 [00:00<?, ?it/s, S=0.0795, loss=-0.0605]
Epoch 112/150 [train]:   0%|          | 0/26 [00:00<?, ?it/s, S=0.0797, loss=-0.0620]
Epoch 112/150 [train]:   0%|          | 0/26 [00:00<?, ?it/s, S=0.0801, loss=-0.0599]
Epoch 112/150 [train]:   0%|          | 0/26 [00:00<?, ?it/s, S=0.0800, loss=-0.0612]
Epoch 112/150 [train]:   0%|          | 0/26 [00:00<?, ?it/s, S=0.0783, loss=-0.0602]
Epoch 112/150 [train]:   0%|          | 0/26 [00:00<?, ?it/s, S=0.0778, loss=-0.0589]
Epoch 112/150 [train]:   0%|          | 0/26 [00:00<?, ?it/s, S=0.0802, loss=-0.0611]
Epoch 112/150 [train]:   0%|          | 0/26 [00:00<?, ?it/s, S=0.0788, loss=-0.0581]
Epoch 112/150 [train]:   0%|          | 0/26 [00:00<?, ?it/s, S=0.0799, loss=-0.0620]
Epoch 112/150 [train]:  35%|███▍      | 9/26 [00:00<00:00, 87.13it/s, S=0.0799, loss=-0.0620]
Epoch 112/150 [train]:  35%|███▍      | 9/26 [00:00<00:00, 87.13it/s, S=0.0793, loss=-0.0618]
Epoch 112/150 [train]:  35%|███▍      | 9/26 [00:00<00:00, 87.13it/s, S=0.0788, loss=-0.0594]
Epoch 112/150 [train]:  35%|███▍      | 9/26 [00:00<00:00, 87.13it/s, S=0.0797, loss=-0.0606]
Epoch 112/150 [train]:  35%|███▍      | 9/26 [00:00<00:00, 87.13it/s, S=0.0799, loss=-0.0599]
Epoch 112/150 [train]:  35%|███▍      | 9/26 [00:00<00:00, 87.13it/s, S=0.0801, loss=-0.0617]
Epoch 112/150 [train]:  35%|███▍      | 9/26 [00:00<00:00, 87.13it/s, S=0.0788, loss=-0.0605]
Epoch 112/150 [train]:  35%|███▍      | 9/26 [00:00<00:00, 87.13it/s, S=0.0805, loss=-0.0594]
Epoch 112/150 [train]:  35%|███▍      | 9/26 [00:00<00:00, 87.13it/s, S=0.0779, loss=-0.0579]
Epoch 112/150 [train]:  35%|███▍      | 9/26 [00:00<00:00, 87.13it/s, S=0.0817, loss=-0.0630]
Epoch 112/150 [train]:  69%|██████▉   | 18/26 [00:00<00:00, 87.44it/s, S=0.0817, loss=-0.0630]
Epoch 112/150 [train]:  69%|██████▉   | 18/26 [00:00<00:00, 87.44it/s, S=0.0810, loss=-0.0626]
Epoch 112/150 [train]:  69%|██████▉   | 18/26 [00:00<00:00, 87.44it/s, S=0.0791, loss=-0.0557]
Epoch 112/150 [train]:  69%|██████▉   | 18/26 [00:00<00:00, 87.44it/s, S=0.0796, loss=-0.0601]
Epoch 112/150 [train]:  69%|██████▉   | 18/26 [00:00<00:00, 87.44it/s, S=0.0794, loss=-0.0597]
Epoch 112/150 [train]:  69%|██████▉   | 18/26 [00:00<00:00, 87.44it/s, S=0.0795, loss=-0.0601]
Epoch 112/150 [train]:  69%|██████▉   | 18/26 [00:00<00:00, 87.44it/s, S=0.0803, loss=-0.0597]
Epoch 112/150 [train]:  69%|██████▉   | 18/26 [00:00<00:00, 87.44it/s, S=0.0795, loss=-0.0611]
Epoch 112/150 [train]:  69%|██████▉   | 18/26 [00:00<00:00, 87.44it/s, S=0.0794, loss=-0.0610]
                                                                                              
Epoch 112/150  train loss=-0.0603  val loss=-0.0106  S[mean]=0.0849  ζ=0.3169  mean_plane_ζ=0.1842  reg=0.0743  λscale=1.00  lr=2.30e-04

Epoch 113/150 [train]:   0%|          | 0/26 [00:00<?, ?it/s]
Epoch 113/150 [train]:   0%|          | 0/26 [00:00<?, ?it/s, S=0.0808, loss=-0.0604]
Epoch 113/150 [train]:   0%|          | 0/26 [00:00<?, ?it/s, S=0.0791, loss=-0.0604]
Epoch 113/150 [train]:   0%|          | 0/26 [00:00<?, ?it/s, S=0.0806, loss=-0.0607]
Epoch 113/150 [train]:   0%|          | 0/26 [00:00<?, ?it/s, S=0.0801, loss=-0.0616]
Epoch 113/150 [train]:   0%|          | 0/26 [00:00<?, ?it/s, S=0.0796, loss=-0.0607]
Epoch 113/150 [train]:   0%|          | 0/26 [00:00<?, ?it/s, S=0.0790, loss=-0.0605]
Epoch 113/150 [train]:   0%|          | 0/26 [00:00<?, ?it/s, S=0.0803, loss=-0.0620]
Epoch 113/150 [train]:   0%|          | 0/26 [00:00<?, ?it/s, S=0.0812, loss=-0.0638]
Epoch 113/150 [train]:   0%|          | 0/26 [00:00<?, ?it/s, S=0.0806, loss=-0.0606]
Epoch 113/150 [train]:  35%|███▍      | 9/26 [00:00<00:00, 87.03it/s, S=0.0806, loss=-0.0606]
Epoch 113/150 [train]:  35%|███▍      | 9/26 [00:00<00:00, 87.03it/s, S=0.0803, loss=-0.0616]
Epoch 113/150 [train]:  35%|███▍      | 9/26 [00:00<00:00, 87.03it/s, S=0.0814, loss=-0.0626]
Epoch 113/150 [train]:  35%|███▍      | 9/26 [00:00<00:00, 87.03it/s, S=0.0804, loss=-0.0602]
Epoch 113/150 [train]:  35%|███▍      | 9/26 [00:00<00:00, 87.03it/s, S=0.0793, loss=-0.0602]
Epoch 113/150 [train]:  35%|███▍      | 9/26 [00:00<00:00, 87.03it/s, S=0.0809, loss=-0.0597]
Epoch 113/150 [train]:  35%|███▍      | 9/26 [00:00<00:00, 87.03it/s, S=0.0790, loss=-0.0585]
Epoch 113/150 [train]:  35%|███▍      | 9/26 [00:00<00:00, 87.03it/s, S=0.0805, loss=-0.0615]
Epoch 113/150 [train]:  35%|███▍      | 9/26 [00:00<00:00, 87.03it/s, S=0.0806, loss=-0.0624]
Epoch 113/150 [train]:  35%|███▍      | 9/26 [00:00<00:00, 87.03it/s, S=0.0800, loss=-0.0616]
Epoch 113/150 [train]:  69%|██████▉   | 18/26 [00:00<00:00, 87.27it/s, S=0.0800, loss=-0.0616]
Epoch 113/150 [train]:  69%|██████▉   | 18/26 [00:00<00:00, 87.27it/s, S=0.0791, loss=-0.0593]
Epoch 113/150 [train]:  69%|██████▉   | 18/26 [00:00<00:00, 87.27it/s, S=0.0795, loss=-0.0588]
Epoch 113/150 [train]:  69%|██████▉   | 18/26 [00:00<00:00, 87.27it/s, S=0.0792, loss=-0.0613]
Epoch 113/150 [train]:  69%|██████▉   | 18/26 [00:00<00:00, 87.27it/s, S=0.0798, loss=-0.0617]
Epoch 113/150 [train]:  69%|██████▉   | 18/26 [00:00<00:00, 87.27it/s, S=0.0805, loss=-0.0617]
Epoch 113/150 [train]:  69%|██████▉   | 18/26 [00:00<00:00, 87.27it/s, S=0.0811, loss=-0.0625]
Epoch 113/150 [train]:  69%|██████▉   | 18/26 [00:00<00:00, 87.27it/s, S=0.0805, loss=-0.0620]
Epoch 113/150 [train]:  69%|██████▉   | 18/26 [00:00<00:00, 87.27it/s, S=0.0819, loss=-0.0633]
                                                                                              
Epoch 113/150  train loss=-0.0611  val loss=-0.0107  S[mean]=0.0854  ζ=0.3167  mean_plane_ζ=0.1841  reg=0.0746  λscale=1.00  lr=2.21e-04

Epoch 114/150 [train]:   0%|          | 0/26 [00:00<?, ?it/s]
Epoch 114/150 [train]:   0%|          | 0/26 [00:00<?, ?it/s, S=0.0796, loss=-0.0621]
Epoch 114/150 [train]:   0%|          | 0/26 [00:00<?, ?it/s, S=0.0817, loss=-0.0632]
Epoch 114/150 [train]:   0%|          | 0/26 [00:00<?, ?it/s, S=0.0809, loss=-0.0634]
Epoch 114/150 [train]:   0%|          | 0/26 [00:00<?, ?it/s, S=0.0812, loss=-0.0633]
Epoch 114/150 [train]:   0%|          | 0/26 [00:00<?, ?it/s, S=0.0799, loss=-0.0599]
Epoch 114/150 [train]:   0%|          | 0/26 [00:00<?, ?it/s, S=0.0794, loss=-0.0597]
Epoch 114/150 [train]:   0%|          | 0/26 [00:00<?, ?it/s, S=0.0825, loss=-0.0642]
Epoch 114/150 [train]:   0%|          | 0/26 [00:00<?, ?it/s, S=0.0802, loss=-0.0605]
Epoch 114/150 [train]:   0%|          | 0/26 [00:00<?, ?it/s, S=0.0802, loss=-0.0622]
Epoch 114/150 [train]:  35%|███▍      | 9/26 [00:00<00:00, 86.53it/s, S=0.0802, loss=-0.0622]
Epoch 114/150 [train]:  35%|███▍      | 9/26 [00:00<00:00, 86.53it/s, S=0.0811, loss=-0.0632]
Epoch 114/150 [train]:  35%|███▍      | 9/26 [00:00<00:00, 86.53it/s, S=0.0794, loss=-0.0580]
Epoch 114/150 [train]:  35%|███▍      | 9/26 [00:00<00:00, 86.53it/s, S=0.0807, loss=-0.0628]
Epoch 114/150 [train]:  35%|███▍      | 9/26 [00:00<00:00, 86.53it/s, S=0.0802, loss=-0.0618]
Epoch 114/150 [train]:  35%|███▍      | 9/26 [00:00<00:00, 86.53it/s, S=0.0824, loss=-0.0616]
Epoch 114/150 [train]:  35%|███▍      | 9/26 [00:00<00:00, 86.53it/s, S=0.0803, loss=-0.0619]
Epoch 114/150 [train]:  35%|███▍      | 9/26 [00:00<00:00, 86.53it/s, S=0.0801, loss=-0.0583]
Epoch 114/150 [train]:  35%|███▍      | 9/26 [00:00<00:00, 86.53it/s, S=0.0803, loss=-0.0629]
Epoch 114/150 [train]:  35%|███▍      | 9/26 [00:00<00:00, 86.53it/s, S=0.0797, loss=-0.0593]
Epoch 114/150 [train]:  69%|██████▉   | 18/26 [00:00<00:00, 87.07it/s, S=0.0797, loss=-0.0593]
Epoch 114/150 [train]:  69%|██████▉   | 18/26 [00:00<00:00, 87.07it/s, S=0.0819, loss=-0.0612]
Epoch 114/150 [train]:  69%|██████▉   | 18/26 [00:00<00:00, 87.07it/s, S=0.0808, loss=-0.0625]
Epoch 114/150 [train]:  69%|██████▉   | 18/26 [00:00<00:00, 87.07it/s, S=0.0818, loss=-0.0626]
Epoch 114/150 [train]:  69%|██████▉   | 18/26 [00:00<00:00, 87.07it/s, S=0.0792, loss=-0.0601]
Epoch 114/150 [train]:  69%|██████▉   | 18/26 [00:00<00:00, 87.07it/s, S=0.0814, loss=-0.0623]
Epoch 114/150 [train]:  69%|██████▉   | 18/26 [00:00<00:00, 87.07it/s, S=0.0801, loss=-0.0609]
Epoch 114/150 [train]:  69%|██████▉   | 18/26 [00:00<00:00, 87.07it/s, S=0.0787, loss=-0.0537]
Epoch 114/150 [train]:  69%|██████▉   | 18/26 [00:00<00:00, 87.07it/s, S=0.0808, loss=-0.0617]
                                                                                              
Epoch 114/150  train loss=-0.0613  val loss=-0.0121  S[mean]=0.0859  ζ=0.3177  mean_plane_ζ=0.1845  reg=0.0738  λscale=1.00  lr=2.11e-04

Epoch 115/150 [train]:   0%|          | 0/26 [00:00<?, ?it/s]
Epoch 115/150 [train]:   0%|          | 0/26 [00:00<?, ?it/s, S=0.0816, loss=-0.0644]
Epoch 115/150 [train]:   0%|          | 0/26 [00:00<?, ?it/s, S=0.0808, loss=-0.0632]
Epoch 115/150 [train]:   0%|          | 0/26 [00:00<?, ?it/s, S=0.0811, loss=-0.0625]
Epoch 115/150 [train]:   0%|          | 0/26 [00:00<?, ?it/s, S=0.0814, loss=-0.0629]
Epoch 115/150 [train]:   0%|          | 0/26 [00:00<?, ?it/s, S=0.0807, loss=-0.0627]
Epoch 115/150 [train]:   0%|          | 0/26 [00:00<?, ?it/s, S=0.0812, loss=-0.0636]
Epoch 115/150 [train]:   0%|          | 0/26 [00:00<?, ?it/s, S=0.0825, loss=-0.0643]
Epoch 115/150 [train]:   0%|          | 0/26 [00:00<?, ?it/s, S=0.0805, loss=-0.0625]
Epoch 115/150 [train]:   0%|          | 0/26 [00:00<?, ?it/s, S=0.0812, loss=-0.0614]
Epoch 115/150 [train]:  35%|███▍      | 9/26 [00:00<00:00, 87.04it/s, S=0.0812, loss=-0.0614]
Epoch 115/150 [train]:  35%|███▍      | 9/26 [00:00<00:00, 87.04it/s, S=0.0811, loss=-0.0620]
Epoch 115/150 [train]:  35%|███▍      | 9/26 [00:00<00:00, 87.04it/s, S=0.0819, loss=-0.0636]
Epoch 115/150 [train]:  35%|███▍      | 9/26 [00:00<00:00, 87.04it/s, S=0.0813, loss=-0.0630]
Epoch 115/150 [train]:  35%|███▍      | 9/26 [00:00<00:00, 87.04it/s, S=0.0824, loss=-0.0635]
Epoch 115/150 [train]:  35%|███▍      | 9/26 [00:00<00:00, 87.04it/s, S=0.0788, loss=-0.0599]
Epoch 115/150 [train]:  35%|███▍      | 9/26 [00:00<00:00, 87.04it/s, S=0.0821, loss=-0.0625]
Epoch 115/150 [train]:  35%|███▍      | 9/26 [00:00<00:00, 87.04it/s, S=0.0807, loss=-0.0619]
Epoch 115/150 [train]:  35%|███▍      | 9/26 [00:00<00:00, 87.04it/s, S=0.0811, loss=-0.0627]
Epoch 115/150 [train]:  35%|███▍      | 9/26 [00:00<00:00, 87.04it/s, S=0.0801, loss=-0.0603]
Epoch 115/150 [train]:  69%|██████▉   | 18/26 [00:00<00:00, 86.97it/s, S=0.0801, loss=-0.0603]
Epoch 115/150 [train]:  69%|██████▉   | 18/26 [00:00<00:00, 86.97it/s, S=0.0815, loss=-0.0631]
Epoch 115/150 [train]:  69%|██████▉   | 18/26 [00:00<00:00, 86.97it/s, S=0.0796, loss=-0.0608]
Epoch 115/150 [train]:  69%|██████▉   | 18/26 [00:00<00:00, 86.97it/s, S=0.0801, loss=-0.0591]
Epoch 115/150 [train]:  69%|██████▉   | 18/26 [00:00<00:00, 86.97it/s, S=0.0806, loss=-0.0626]
Epoch 115/150 [train]:  69%|██████▉   | 18/26 [00:00<00:00, 86.97it/s, S=0.0821, loss=-0.0622]
Epoch 115/150 [train]:  69%|██████▉   | 18/26 [00:00<00:00, 86.97it/s, S=0.0820, loss=-0.0634]
Epoch 115/150 [train]:  69%|██████▉   | 18/26 [00:00<00:00, 86.97it/s, S=0.0820, loss=-0.0621]
Epoch 115/150 [train]:  69%|██████▉   | 18/26 [00:00<00:00, 86.97it/s, S=0.0829, loss=-0.0641]
                                                                                              
Epoch 115/150  train loss=-0.0625  val loss=-0.0120  S[mean]=0.0863  ζ=0.3173  mean_plane_ζ=0.1844  reg=0.0743  λscale=1.00  lr=2.01e-04

Epoch 116/150 [train]:   0%|          | 0/26 [00:00<?, ?it/s]
Epoch 116/150 [train]:   0%|          | 0/26 [00:00<?, ?it/s, S=0.0817, loss=-0.0637]
Epoch 116/150 [train]:   0%|          | 0/26 [00:00<?, ?it/s, S=0.0814, loss=-0.0625]
Epoch 116/150 [train]:   0%|          | 0/26 [00:00<?, ?it/s, S=0.0808, loss=-0.0637]
Epoch 116/150 [train]:   0%|          | 0/26 [00:00<?, ?it/s, S=0.0819, loss=-0.0640]
Epoch 116/150 [train]:   0%|          | 0/26 [00:00<?, ?it/s, S=0.0821, loss=-0.0645]
Epoch 116/150 [train]:   0%|          | 0/26 [00:00<?, ?it/s, S=0.0820, loss=-0.0641]
Epoch 116/150 [train]:   0%|          | 0/26 [00:00<?, ?it/s, S=0.0802, loss=-0.0618]
Epoch 116/150 [train]:   0%|          | 0/26 [00:00<?, ?it/s, S=0.0808, loss=-0.0619]
Epoch 116/150 [train]:   0%|          | 0/26 [00:00<?, ?it/s, S=0.0803, loss=-0.0607]
Epoch 116/150 [train]:  35%|███▍      | 9/26 [00:00<00:00, 87.09it/s, S=0.0803, loss=-0.0607]
Epoch 116/150 [train]:  35%|███▍      | 9/26 [00:00<00:00, 87.09it/s, S=0.0822, loss=-0.0638]
Epoch 116/150 [train]:  35%|███▍      | 9/26 [00:00<00:00, 87.09it/s, S=0.0815, loss=-0.0607]
Epoch 116/150 [train]:  35%|███▍      | 9/26 [00:00<00:00, 87.09it/s, S=0.0823, loss=-0.0637]
Epoch 116/150 [train]:  35%|███▍      | 9/26 [00:00<00:00, 87.09it/s, S=0.0821, loss=-0.0628]
Epoch 116/150 [train]:  35%|███▍      | 9/26 [00:00<00:00, 87.09it/s, S=0.0811, loss=-0.0591]
Epoch 116/150 [train]:  35%|███▍      | 9/26 [00:00<00:00, 87.09it/s, S=0.0801, loss=-0.0606]
Epoch 116/150 [train]:  35%|███▍      | 9/26 [00:00<00:00, 87.09it/s, S=0.0816, loss=-0.0639]
Epoch 116/150 [train]:  35%|███▍      | 9/26 [00:00<00:00, 87.09it/s, S=0.0803, loss=-0.0607]
Epoch 116/150 [train]:  35%|███▍      | 9/26 [00:00<00:00, 87.09it/s, S=0.0820, loss=-0.0625]
Epoch 116/150 [train]:  69%|██████▉   | 18/26 [00:00<00:00, 87.37it/s, S=0.0820, loss=-0.0625]
Epoch 116/150 [train]:  69%|██████▉   | 18/26 [00:00<00:00, 87.37it/s, S=0.0802, loss=-0.0604]
Epoch 116/150 [train]:  69%|██████▉   | 18/26 [00:00<00:00, 87.37it/s, S=0.0820, loss=-0.0627]
Epoch 116/150 [train]:  69%|██████▉   | 18/26 [00:00<00:00, 87.37it/s, S=0.0810, loss=-0.0619]
Epoch 116/150 [train]:  69%|██████▉   | 18/26 [00:00<00:00, 87.37it/s, S=0.0809, loss=-0.0616]
Epoch 116/150 [train]:  69%|██████▉   | 18/26 [00:00<00:00, 87.37it/s, S=0.0817, loss=-0.0620]
Epoch 116/150 [train]:  69%|██████▉   | 18/26 [00:00<00:00, 87.37it/s, S=0.0809, loss=-0.0620]
Epoch 116/150 [train]:  69%|██████▉   | 18/26 [00:00<00:00, 87.37it/s, S=0.0822, loss=-0.0634]
Epoch 116/150 [train]:  69%|██████▉   | 18/26 [00:00<00:00, 87.37it/s, S=0.0816, loss=-0.0632]
                                                                                              
Epoch 116/150  train loss=-0.0624  val loss=-0.0133  S[mean]=0.0866  ζ=0.3179  mean_plane_ζ=0.1845  reg=0.0733  λscale=1.00  lr=1.92e-04

Epoch 117/150 [train]:   0%|          | 0/26 [00:00<?, ?it/s]
Epoch 117/150 [train]:   0%|          | 0/26 [00:00<?, ?it/s, S=0.0820, loss=-0.0645]
Epoch 117/150 [train]:   0%|          | 0/26 [00:00<?, ?it/s, S=0.0813, loss=-0.0634]
Epoch 117/150 [train]:   0%|          | 0/26 [00:00<?, ?it/s, S=0.0819, loss=-0.0636]
Epoch 117/150 [train]:   0%|          | 0/26 [00:00<?, ?it/s, S=0.0835, loss=-0.0644]
Epoch 117/150 [train]:   0%|          | 0/26 [00:00<?, ?it/s, S=0.0819, loss=-0.0649]
Epoch 117/150 [train]:   0%|          | 0/26 [00:00<?, ?it/s, S=0.0820, loss=-0.0643]
Epoch 117/150 [train]:   0%|          | 0/26 [00:00<?, ?it/s, S=0.0810, loss=-0.0590]
Epoch 117/150 [train]:   0%|          | 0/26 [00:00<?, ?it/s, S=0.0813, loss=-0.0603]
Epoch 117/150 [train]:   0%|          | 0/26 [00:00<?, ?it/s, S=0.0828, loss=-0.0655]
Epoch 117/150 [train]:  35%|███▍      | 9/26 [00:00<00:00, 86.98it/s, S=0.0828, loss=-0.0655]
Epoch 117/150 [train]:  35%|███▍      | 9/26 [00:00<00:00, 86.98it/s, S=0.0810, loss=-0.0626]
Epoch 117/150 [train]:  35%|███▍      | 9/26 [00:00<00:00, 86.98it/s, S=0.0821, loss=-0.0626]
Epoch 117/150 [train]:  35%|███▍      | 9/26 [00:00<00:00, 86.98it/s, S=0.0817, loss=-0.0613]
Epoch 117/150 [train]:  35%|███▍      | 9/26 [00:00<00:00, 86.98it/s, S=0.0824, loss=-0.0640]
Epoch 117/150 [train]:  35%|███▍      | 9/26 [00:00<00:00, 86.98it/s, S=0.0799, loss=-0.0620]
Epoch 117/150 [train]:  35%|███▍      | 9/26 [00:00<00:00, 86.98it/s, S=0.0807, loss=-0.0592]
Epoch 117/150 [train]:  35%|███▍      | 9/26 [00:00<00:00, 86.98it/s, S=0.0820, loss=-0.0628]
Epoch 117/150 [train]:  35%|███▍      | 9/26 [00:00<00:00, 86.98it/s, S=0.0815, loss=-0.0630]
Epoch 117/150 [train]:  35%|███▍      | 9/26 [00:00<00:00, 86.98it/s, S=0.0808, loss=-0.0594]
Epoch 117/150 [train]:  69%|██████▉   | 18/26 [00:00<00:00, 87.27it/s, S=0.0808, loss=-0.0594]
Epoch 117/150 [train]:  69%|██████▉   | 18/26 [00:00<00:00, 87.27it/s, S=0.0806, loss=-0.0609]
Epoch 117/150 [train]:  69%|██████▉   | 18/26 [00:00<00:00, 87.27it/s, S=0.0820, loss=-0.0635]
Epoch 117/150 [train]:  69%|██████▉   | 18/26 [00:00<00:00, 87.27it/s, S=0.0830, loss=-0.0641]
Epoch 117/150 [train]:  69%|██████▉   | 18/26 [00:00<00:00, 87.27it/s, S=0.0825, loss=-0.0628]
Epoch 117/150 [train]:  69%|██████▉   | 18/26 [00:00<00:00, 87.27it/s, S=0.0819, loss=-0.0633]
Epoch 117/150 [train]:  69%|██████▉   | 18/26 [00:00<00:00, 87.27it/s, S=0.0801, loss=-0.0545]
Epoch 117/150 [train]:  69%|██████▉   | 18/26 [00:00<00:00, 87.27it/s, S=0.0820, loss=-0.0629]
Epoch 117/150 [train]:  69%|██████▉   | 18/26 [00:00<00:00, 87.27it/s, S=0.0828, loss=-0.0649]
                                                                                              
Epoch 117/150  train loss=-0.0624  val loss=-0.0135  S[mean]=0.0868  ζ=0.3180  mean_plane_ζ=0.1846  reg=0.0734  λscale=1.00  lr=1.82e-04

Epoch 118/150 [train]:   0%|          | 0/26 [00:00<?, ?it/s]
Epoch 118/150 [train]:   0%|          | 0/26 [00:00<?, ?it/s, S=0.0807, loss=-0.0632]
Epoch 118/150 [train]:   0%|          | 0/26 [00:00<?, ?it/s, S=0.0828, loss=-0.0645]
Epoch 118/150 [train]:   0%|          | 0/26 [00:00<?, ?it/s, S=0.0826, loss=-0.0645]
Epoch 118/150 [train]:   0%|          | 0/26 [00:00<?, ?it/s, S=0.0820, loss=-0.0648]
Epoch 118/150 [train]:   0%|          | 0/26 [00:00<?, ?it/s, S=0.0837, loss=-0.0652]
Epoch 118/150 [train]:   0%|          | 0/26 [00:00<?, ?it/s, S=0.0812, loss=-0.0627]
Epoch 118/150 [train]:   0%|          | 0/26 [00:00<?, ?it/s, S=0.0812, loss=-0.0641]
Epoch 118/150 [train]:   0%|          | 0/26 [00:00<?, ?it/s, S=0.0814, loss=-0.0628]
Epoch 118/150 [train]:   0%|          | 0/26 [00:00<?, ?it/s, S=0.0810, loss=-0.0623]
Epoch 118/150 [train]:  35%|███▍      | 9/26 [00:00<00:00, 87.09it/s, S=0.0810, loss=-0.0623]
Epoch 118/150 [train]:  35%|███▍      | 9/26 [00:00<00:00, 87.09it/s, S=0.0823, loss=-0.0648]
Epoch 118/150 [train]:  35%|███▍      | 9/26 [00:00<00:00, 87.09it/s, S=0.0832, loss=-0.0653]
Epoch 118/150 [train]:  35%|███▍      | 9/26 [00:00<00:00, 87.09it/s, S=0.0817, loss=-0.0613]
Epoch 118/150 [train]:  35%|███▍      | 9/26 [00:00<00:00, 87.09it/s, S=0.0825, loss=-0.0649]
Epoch 118/150 [train]:  35%|███▍      | 9/26 [00:00<00:00, 87.09it/s, S=0.0827, loss=-0.0649]
Epoch 118/150 [train]:  35%|███▍      | 9/26 [00:00<00:00, 87.09it/s, S=0.0819, loss=-0.0616]
Epoch 118/150 [train]:  35%|███▍      | 9/26 [00:00<00:00, 87.09it/s, S=0.0827, loss=-0.0641]
Epoch 118/150 [train]:  35%|███▍      | 9/26 [00:00<00:00, 87.09it/s, S=0.0825, loss=-0.0633]
Epoch 118/150 [train]:  35%|███▍      | 9/26 [00:00<00:00, 87.09it/s, S=0.0822, loss=-0.0605]
Epoch 118/150 [train]:  69%|██████▉   | 18/26 [00:00<00:00, 87.32it/s, S=0.0822, loss=-0.0605]
Epoch 118/150 [train]:  69%|██████▉   | 18/26 [00:00<00:00, 87.32it/s, S=0.0809, loss=-0.0596]
Epoch 118/150 [train]:  69%|██████▉   | 18/26 [00:00<00:00, 87.32it/s, S=0.0828, loss=-0.0649]
Epoch 118/150 [train]:  69%|██████▉   | 18/26 [00:00<00:00, 87.32it/s, S=0.0826, loss=-0.0622]
Epoch 118/150 [train]:  69%|██████▉   | 18/26 [00:00<00:00, 87.32it/s, S=0.0824, loss=-0.0643]
Epoch 118/150 [train]:  69%|██████▉   | 18/26 [00:00<00:00, 87.32it/s, S=0.0821, loss=-0.0640]
Epoch 118/150 [train]:  69%|██████▉   | 18/26 [00:00<00:00, 87.32it/s, S=0.0820, loss=-0.0634]
Epoch 118/150 [train]:  69%|██████▉   | 18/26 [00:00<00:00, 87.32it/s, S=0.0813, loss=-0.0632]
Epoch 118/150 [train]:  69%|██████▉   | 18/26 [00:00<00:00, 87.32it/s, S=0.0825, loss=-0.0633]
                                                                                              
Epoch 118/150  train loss=-0.0635  val loss=-0.0130  S[mean]=0.0871  ζ=0.3182  mean_plane_ζ=0.1849  reg=0.0742  λscale=1.00  lr=1.73e-04

Epoch 119/150 [train]:   0%|          | 0/26 [00:00<?, ?it/s]
Epoch 119/150 [train]:   0%|          | 0/26 [00:00<?, ?it/s, S=0.0814, loss=-0.0638]
Epoch 119/150 [train]:   0%|          | 0/26 [00:00<?, ?it/s, S=0.0839, loss=-0.0659]
Epoch 119/150 [train]:   0%|          | 0/26 [00:00<?, ?it/s, S=0.0809, loss=-0.0600]
Epoch 119/150 [train]:   0%|          | 0/26 [00:00<?, ?it/s, S=0.0821, loss=-0.0632]
Epoch 119/150 [train]:   0%|          | 0/26 [00:00<?, ?it/s, S=0.0822, loss=-0.0642]
Epoch 119/150 [train]:   0%|          | 0/26 [00:00<?, ?it/s, S=0.0820, loss=-0.0641]
Epoch 119/150 [train]:   0%|          | 0/26 [00:00<?, ?it/s, S=0.0822, loss=-0.0647]
Epoch 119/150 [train]:   0%|          | 0/26 [00:00<?, ?it/s, S=0.0815, loss=-0.0620]
Epoch 119/150 [train]:   0%|          | 0/26 [00:00<?, ?it/s, S=0.0830, loss=-0.0641]
Epoch 119/150 [train]:  35%|███▍      | 9/26 [00:00<00:00, 87.05it/s, S=0.0830, loss=-0.0641]
Epoch 119/150 [train]:  35%|███▍      | 9/26 [00:00<00:00, 87.05it/s, S=0.0818, loss=-0.0625]
Epoch 119/150 [train]:  35%|███▍      | 9/26 [00:00<00:00, 87.05it/s, S=0.0818, loss=-0.0632]
Epoch 119/150 [train]:  35%|███▍      | 9/26 [00:00<00:00, 87.05it/s, S=0.0825, loss=-0.0630]
Epoch 119/150 [train]:  35%|███▍      | 9/26 [00:00<00:00, 87.05it/s, S=0.0829, loss=-0.0651]
Epoch 119/150 [train]:  35%|███▍      | 9/26 [00:00<00:00, 87.05it/s, S=0.0836, loss=-0.0655]
Epoch 119/150 [train]:  35%|███▍      | 9/26 [00:00<00:00, 87.05it/s, S=0.0828, loss=-0.0645]
Epoch 119/150 [train]:  35%|███▍      | 9/26 [00:00<00:00, 87.05it/s, S=0.0822, loss=-0.0617]
Epoch 119/150 [train]:  35%|███▍      | 9/26 [00:00<00:00, 87.05it/s, S=0.0804, loss=-0.0585]
Epoch 119/150 [train]:  35%|███▍      | 9/26 [00:00<00:00, 87.05it/s, S=0.0829, loss=-0.0642]
Epoch 119/150 [train]:  69%|██████▉   | 18/26 [00:00<00:00, 87.39it/s, S=0.0829, loss=-0.0642]
Epoch 119/150 [train]:  69%|██████▉   | 18/26 [00:00<00:00, 87.39it/s, S=0.0824, loss=-0.0629]
Epoch 119/150 [train]:  69%|██████▉   | 18/26 [00:00<00:00, 87.39it/s, S=0.0817, loss=-0.0606]
Epoch 119/150 [train]:  69%|██████▉   | 18/26 [00:00<00:00, 87.39it/s, S=0.0839, loss=-0.0658]
Epoch 119/150 [train]:  69%|██████▉   | 18/26 [00:00<00:00, 87.39it/s, S=0.0833, loss=-0.0652]
Epoch 119/150 [train]:  69%|██████▉   | 18/26 [00:00<00:00, 87.39it/s, S=0.0828, loss=-0.0636]
Epoch 119/150 [train]:  69%|██████▉   | 18/26 [00:00<00:00, 87.39it/s, S=0.0813, loss=-0.0586]
Epoch 119/150 [train]:  69%|██████▉   | 18/26 [00:00<00:00, 87.39it/s, S=0.0823, loss=-0.0649]
Epoch 119/150 [train]:  69%|██████▉   | 18/26 [00:00<00:00, 87.39it/s, S=0.0820, loss=-0.0624]
                                                                                              
Epoch 119/150  train loss=-0.0632  val loss=-0.0142  S[mean]=0.0873  ζ=0.3178  mean_plane_ζ=0.1847  reg=0.0731  λscale=1.00  lr=1.63e-04

Epoch 120/150 [train]:   0%|          | 0/26 [00:00<?, ?it/s]
Epoch 120/150 [train]:   0%|          | 0/26 [00:00<?, ?it/s, S=0.0829, loss=-0.0648]
Epoch 120/150 [train]:   0%|          | 0/26 [00:00<?, ?it/s, S=0.0835, loss=-0.0640]
Epoch 120/150 [train]:   0%|          | 0/26 [00:00<?, ?it/s, S=0.0838, loss=-0.0665]
Epoch 120/150 [train]:   0%|          | 0/26 [00:00<?, ?it/s, S=0.0837, loss=-0.0648]
Epoch 120/150 [train]:   0%|          | 0/26 [00:00<?, ?it/s, S=0.0814, loss=-0.0634]
Epoch 120/150 [train]:   0%|          | 0/26 [00:00<?, ?it/s, S=0.0827, loss=-0.0652]
Epoch 120/150 [train]:   0%|          | 0/26 [00:00<?, ?it/s, S=0.0834, loss=-0.0647]
Epoch 120/150 [train]:   0%|          | 0/26 [00:00<?, ?it/s, S=0.0816, loss=-0.0640]
Epoch 120/150 [train]:   0%|          | 0/26 [00:00<?, ?it/s, S=0.0834, loss=-0.0654]
Epoch 120/150 [train]:  35%|███▍      | 9/26 [00:00<00:00, 87.03it/s, S=0.0834, loss=-0.0654]
Epoch 120/150 [train]:  35%|███▍      | 9/26 [00:00<00:00, 87.03it/s, S=0.0822, loss=-0.0627]
Epoch 120/150 [train]:  35%|███▍      | 9/26 [00:00<00:00, 87.03it/s, S=0.0813, loss=-0.0621]
Epoch 120/150 [train]:  35%|███▍      | 9/26 [00:00<00:00, 87.03it/s, S=0.0839, loss=-0.0648]
Epoch 120/150 [train]:  35%|███▍      | 9/26 [00:00<00:00, 87.03it/s, S=0.0830, loss=-0.0642]
Epoch 120/150 [train]:  35%|███▍      | 9/26 [00:00<00:00, 87.03it/s, S=0.0816, loss=-0.0638]
Epoch 120/150 [train]:  35%|███▍      | 9/26 [00:00<00:00, 87.03it/s, S=0.0823, loss=-0.0625]
Epoch 120/150 [train]:  35%|███▍      | 9/26 [00:00<00:00, 87.03it/s, S=0.0832, loss=-0.0646]
Epoch 120/150 [train]:  35%|███▍      | 9/26 [00:00<00:00, 87.03it/s, S=0.0820, loss=-0.0645]
Epoch 120/150 [train]:  35%|███▍      | 9/26 [00:00<00:00, 87.03it/s, S=0.0818, loss=-0.0619]
Epoch 120/150 [train]:  69%|██████▉   | 18/26 [00:00<00:00, 87.28it/s, S=0.0818, loss=-0.0619]
Epoch 120/150 [train]:  69%|██████▉   | 18/26 [00:00<00:00, 87.28it/s, S=0.0821, loss=-0.0640]
Epoch 120/150 [train]:  69%|██████▉   | 18/26 [00:00<00:00, 87.28it/s, S=0.0819, loss=-0.0629]
Epoch 120/150 [train]:  69%|██████▉   | 18/26 [00:00<00:00, 87.28it/s, S=0.0833, loss=-0.0646]
Epoch 120/150 [train]:  69%|██████▉   | 18/26 [00:00<00:00, 87.28it/s, S=0.0835, loss=-0.0652]
Epoch 120/150 [train]:  69%|██████▉   | 18/26 [00:00<00:00, 87.28it/s, S=0.0817, loss=-0.0634]
Epoch 120/150 [train]:  69%|██████▉   | 18/26 [00:00<00:00, 87.28it/s, S=0.0827, loss=-0.0610]
Epoch 120/150 [train]:  69%|██████▉   | 18/26 [00:00<00:00, 87.28it/s, S=0.0800, loss=-0.0621]
Epoch 120/150 [train]:  69%|██████▉   | 18/26 [00:00<00:00, 87.28it/s, S=0.0826, loss=-0.0633]
                                                                                              
Epoch 120/150  train loss=-0.0639  val loss=-0.0142  S[mean]=0.0876  ζ=0.3181  mean_plane_ζ=0.1849  reg=0.0734  λscale=1.00  lr=1.54e-04

Epoch 121/150 [train]:   0%|          | 0/26 [00:00<?, ?it/s]
Epoch 121/150 [train]:   0%|          | 0/26 [00:00<?, ?it/s, S=0.0833, loss=-0.0656]
Epoch 121/150 [train]:   0%|          | 0/26 [00:00<?, ?it/s, S=0.0840, loss=-0.0664]
Epoch 121/150 [train]:   0%|          | 0/26 [00:00<?, ?it/s, S=0.0811, loss=-0.0620]
Epoch 121/150 [train]:   0%|          | 0/26 [00:00<?, ?it/s, S=0.0825, loss=-0.0642]
Epoch 121/150 [train]:   0%|          | 0/26 [00:00<?, ?it/s, S=0.0833, loss=-0.0649]
Epoch 121/150 [train]:   0%|          | 0/26 [00:00<?, ?it/s, S=0.0840, loss=-0.0650]
Epoch 121/150 [train]:   0%|          | 0/26 [00:00<?, ?it/s, S=0.0818, loss=-0.0631]
Epoch 121/150 [train]:   0%|          | 0/26 [00:00<?, ?it/s, S=0.0839, loss=-0.0662]
Epoch 121/150 [train]:   0%|          | 0/26 [00:00<?, ?it/s, S=0.0836, loss=-0.0643]
Epoch 121/150 [train]:  35%|███▍      | 9/26 [00:00<00:00, 86.62it/s, S=0.0836, loss=-0.0643]
Epoch 121/150 [train]:  35%|███▍      | 9/26 [00:00<00:00, 86.62it/s, S=0.0830, loss=-0.0638]
Epoch 121/150 [train]:  35%|███▍      | 9/26 [00:00<00:00, 86.62it/s, S=0.0831, loss=-0.0649]
Epoch 121/150 [train]:  35%|███▍      | 9/26 [00:00<00:00, 86.62it/s, S=0.0832, loss=-0.0643]
Epoch 121/150 [train]:  35%|███▍      | 9/26 [00:00<00:00, 86.62it/s, S=0.0834, loss=-0.0650]
Epoch 121/150 [train]:  35%|███▍      | 9/26 [00:00<00:00, 86.62it/s, S=0.0835, loss=-0.0659]
Epoch 121/150 [train]:  35%|███▍      | 9/26 [00:00<00:00, 86.62it/s, S=0.0818, loss=-0.0605]
Epoch 121/150 [train]:  35%|███▍      | 9/26 [00:00<00:00, 86.62it/s, S=0.0825, loss=-0.0659]
Epoch 121/150 [train]:  35%|███▍      | 9/26 [00:00<00:00, 86.62it/s, S=0.0831, loss=-0.0637]
Epoch 121/150 [train]:  35%|███▍      | 9/26 [00:00<00:00, 86.62it/s, S=0.0824, loss=-0.0646]
Epoch 121/150 [train]:  69%|██████▉   | 18/26 [00:00<00:00, 87.08it/s, S=0.0824, loss=-0.0646]
Epoch 121/150 [train]:  69%|██████▉   | 18/26 [00:00<00:00, 87.08it/s, S=0.0832, loss=-0.0651]
Epoch 121/150 [train]:  69%|██████▉   | 18/26 [00:00<00:00, 87.08it/s, S=0.0841, loss=-0.0662]
Epoch 121/150 [train]:  69%|██████▉   | 18/26 [00:00<00:00, 87.08it/s, S=0.0828, loss=-0.0645]
Epoch 121/150 [train]:  69%|██████▉   | 18/26 [00:00<00:00, 87.08it/s, S=0.0825, loss=-0.0574]
Epoch 121/150 [train]:  69%|██████▉   | 18/26 [00:00<00:00, 87.08it/s, S=0.0815, loss=-0.0639]
Epoch 121/150 [train]:  69%|██████▉   | 18/26 [00:00<00:00, 87.08it/s, S=0.0825, loss=-0.0626]
Epoch 121/150 [train]:  69%|██████▉   | 18/26 [00:00<00:00, 87.08it/s, S=0.0815, loss=-0.0637]
Epoch 121/150 [train]:  69%|██████▉   | 18/26 [00:00<00:00, 87.08it/s, S=0.0829, loss=-0.0634]
                                                                                              
Epoch 121/150  train loss=-0.0641  val loss=-0.0145  S[mean]=0.0878  ζ=0.3180  mean_plane_ζ=0.1850  reg=0.0733  λscale=1.00  lr=1.45e-04

Epoch 122/150 [train]:   0%|          | 0/26 [00:00<?, ?it/s]
Epoch 122/150 [train]:   0%|          | 0/26 [00:00<?, ?it/s, S=0.0838, loss=-0.0658]
Epoch 122/150 [train]:   0%|          | 0/26 [00:00<?, ?it/s, S=0.0828, loss=-0.0639]
Epoch 122/150 [train]:   0%|          | 0/26 [00:00<?, ?it/s, S=0.0826, loss=-0.0638]
Epoch 122/150 [train]:   0%|          | 0/26 [00:00<?, ?it/s, S=0.0817, loss=-0.0632]
Epoch 122/150 [train]:   0%|          | 0/26 [00:00<?, ?it/s, S=0.0838, loss=-0.0668]
Epoch 122/150 [train]:   0%|          | 0/26 [00:00<?, ?it/s, S=0.0824, loss=-0.0637]
Epoch 122/150 [train]:   0%|          | 0/26 [00:00<?, ?it/s, S=0.0843, loss=-0.0644]
Epoch 122/150 [train]:   0%|          | 0/26 [00:00<?, ?it/s, S=0.0838, loss=-0.0630]
Epoch 122/150 [train]:   0%|          | 0/26 [00:00<?, ?it/s, S=0.0834, loss=-0.0655]
Epoch 122/150 [train]:  35%|███▍      | 9/26 [00:00<00:00, 87.07it/s, S=0.0834, loss=-0.0655]
Epoch 122/150 [train]:  35%|███▍      | 9/26 [00:00<00:00, 87.07it/s, S=0.0835, loss=-0.0644]
Epoch 122/150 [train]:  35%|███▍      | 9/26 [00:00<00:00, 87.07it/s, S=0.0828, loss=-0.0650]
Epoch 122/150 [train]:  35%|███▍      | 9/26 [00:00<00:00, 87.07it/s, S=0.0835, loss=-0.0654]
Epoch 122/150 [train]:  35%|███▍      | 9/26 [00:00<00:00, 87.07it/s, S=0.0805, loss=-0.0586]
Epoch 122/150 [train]:  35%|███▍      | 9/26 [00:00<00:00, 87.07it/s, S=0.0839, loss=-0.0640]
Epoch 122/150 [train]:  35%|███▍      | 9/26 [00:00<00:00, 87.07it/s, S=0.0829, loss=-0.0635]
Epoch 122/150 [train]:  35%|███▍      | 9/26 [00:00<00:00, 87.07it/s, S=0.0833, loss=-0.0655]
Epoch 122/150 [train]:  35%|███▍      | 9/26 [00:00<00:00, 87.07it/s, S=0.0832, loss=-0.0650]
Epoch 122/150 [train]:  35%|███▍      | 9/26 [00:00<00:00, 87.07it/s, S=0.0822, loss=-0.0613]
Epoch 122/150 [train]:  69%|██████▉   | 18/26 [00:00<00:00, 87.32it/s, S=0.0822, loss=-0.0613]
Epoch 122/150 [train]:  69%|██████▉   | 18/26 [00:00<00:00, 87.32it/s, S=0.0828, loss=-0.0627]
Epoch 122/150 [train]:  69%|██████▉   | 18/26 [00:00<00:00, 87.32it/s, S=0.0832, loss=-0.0631]
Epoch 122/150 [train]:  69%|██████▉   | 18/26 [00:00<00:00, 87.32it/s, S=0.0835, loss=-0.0645]
Epoch 122/150 [train]:  69%|██████▉   | 18/26 [00:00<00:00, 87.32it/s, S=0.0825, loss=-0.0642]
Epoch 122/150 [train]:  69%|██████▉   | 18/26 [00:00<00:00, 87.32it/s, S=0.0830, loss=-0.0641]
Epoch 122/150 [train]:  69%|██████▉   | 18/26 [00:00<00:00, 87.32it/s, S=0.0828, loss=-0.0637]
Epoch 122/150 [train]:  69%|██████▉   | 18/26 [00:00<00:00, 87.32it/s, S=0.0826, loss=-0.0645]
Epoch 122/150 [train]:  69%|██████▉   | 18/26 [00:00<00:00, 87.32it/s, S=0.0833, loss=-0.0652]
                                                                                              
Epoch 122/150  train loss=-0.0640  val loss=-0.0143  S[mean]=0.0879  ζ=0.3183  mean_plane_ζ=0.1850  reg=0.0736  λscale=1.00  lr=1.37e-04

Epoch 123/150 [train]:   0%|          | 0/26 [00:00<?, ?it/s]
Epoch 123/150 [train]:   0%|          | 0/26 [00:00<?, ?it/s, S=0.0825, loss=-0.0649]
Epoch 123/150 [train]:   0%|          | 0/26 [00:00<?, ?it/s, S=0.0845, loss=-0.0659]
Epoch 123/150 [train]:   0%|          | 0/26 [00:00<?, ?it/s, S=0.0825, loss=-0.0639]
Epoch 123/150 [train]:   0%|          | 0/26 [00:00<?, ?it/s, S=0.0836, loss=-0.0639]
Epoch 123/150 [train]:   0%|          | 0/26 [00:00<?, ?it/s, S=0.0831, loss=-0.0657]
Epoch 123/150 [train]:   0%|          | 0/26 [00:00<?, ?it/s, S=0.0830, loss=-0.0653]
Epoch 123/150 [train]:   0%|          | 0/26 [00:00<?, ?it/s, S=0.0845, loss=-0.0663]
Epoch 123/150 [train]:   0%|          | 0/26 [00:00<?, ?it/s, S=0.0838, loss=-0.0654]
Epoch 123/150 [train]:   0%|          | 0/26 [00:00<?, ?it/s, S=0.0812, loss=-0.0620]
Epoch 123/150 [train]:  35%|███▍      | 9/26 [00:00<00:00, 87.01it/s, S=0.0812, loss=-0.0620]
Epoch 123/150 [train]:  35%|███▍      | 9/26 [00:00<00:00, 87.01it/s, S=0.0832, loss=-0.0650]
Epoch 123/150 [train]:  35%|███▍      | 9/26 [00:00<00:00, 87.01it/s, S=0.0829, loss=-0.0638]
Epoch 123/150 [train]:  35%|███▍      | 9/26 [00:00<00:00, 87.01it/s, S=0.0824, loss=-0.0645]
Epoch 123/150 [train]:  35%|███▍      | 9/26 [00:00<00:00, 87.01it/s, S=0.0823, loss=-0.0619]
Epoch 123/150 [train]:  35%|███▍      | 9/26 [00:00<00:00, 87.01it/s, S=0.0828, loss=-0.0633]
Epoch 123/150 [train]:  35%|███▍      | 9/26 [00:00<00:00, 87.01it/s, S=0.0825, loss=-0.0638]
Epoch 123/150 [train]:  35%|███▍      | 9/26 [00:00<00:00, 87.01it/s, S=0.0839, loss=-0.0654]
Epoch 123/150 [train]:  35%|███▍      | 9/26 [00:00<00:00, 87.01it/s, S=0.0843, loss=-0.0655]
Epoch 123/150 [train]:  35%|███▍      | 9/26 [00:00<00:00, 87.01it/s, S=0.0842, loss=-0.0660]
Epoch 123/150 [train]:  69%|██████▉   | 18/26 [00:00<00:00, 87.26it/s, S=0.0842, loss=-0.0660]
Epoch 123/150 [train]:  69%|██████▉   | 18/26 [00:00<00:00, 87.26it/s, S=0.0851, loss=-0.0641]
Epoch 123/150 [train]:  69%|██████▉   | 18/26 [00:00<00:00, 87.26it/s, S=0.0838, loss=-0.0646]
Epoch 123/150 [train]:  69%|██████▉   | 18/26 [00:00<00:00, 87.26it/s, S=0.0831, loss=-0.0647]
Epoch 123/150 [train]:  69%|██████▉   | 18/26 [00:00<00:00, 87.26it/s, S=0.0828, loss=-0.0641]
Epoch 123/150 [train]:  69%|██████▉   | 18/26 [00:00<00:00, 87.26it/s, S=0.0824, loss=-0.0627]
Epoch 123/150 [train]:  69%|██████▉   | 18/26 [00:00<00:00, 87.26it/s, S=0.0835, loss=-0.0658]
Epoch 123/150 [train]:  69%|██████▉   | 18/26 [00:00<00:00, 87.26it/s, S=0.0820, loss=-0.0627]
Epoch 123/150 [train]:  69%|██████▉   | 18/26 [00:00<00:00, 87.26it/s, S=0.0835, loss=-0.0657]
                                                                                              
Epoch 123/150  train loss=-0.0645  val loss=-0.0145  S[mean]=0.0881  ζ=0.3179  mean_plane_ζ=0.1850  reg=0.0736  λscale=1.00  lr=1.28e-04

Epoch 124/150 [train]:   0%|          | 0/26 [00:00<?, ?it/s]
Epoch 124/150 [train]:   0%|          | 0/26 [00:00<?, ?it/s, S=0.0834, loss=-0.0663]
Epoch 124/150 [train]:   0%|          | 0/26 [00:00<?, ?it/s, S=0.0830, loss=-0.0640]
Epoch 124/150 [train]:   0%|          | 0/26 [00:00<?, ?it/s, S=0.0828, loss=-0.0647]
Epoch 124/150 [train]:   0%|          | 0/26 [00:00<?, ?it/s, S=0.0837, loss=-0.0664]
Epoch 124/150 [train]:   0%|          | 0/26 [00:00<?, ?it/s, S=0.0808, loss=-0.0597]
Epoch 124/150 [train]:   0%|          | 0/26 [00:00<?, ?it/s, S=0.0830, loss=-0.0637]
Epoch 124/150 [train]:   0%|          | 0/26 [00:00<?, ?it/s, S=0.0845, loss=-0.0662]
Epoch 124/150 [train]:   0%|          | 0/26 [00:00<?, ?it/s, S=0.0844, loss=-0.0648]
Epoch 124/150 [train]:   0%|          | 0/26 [00:00<?, ?it/s, S=0.0823, loss=-0.0630]
Epoch 124/150 [train]:  35%|███▍      | 9/26 [00:00<00:00, 86.92it/s, S=0.0823, loss=-0.0630]
Epoch 124/150 [train]:  35%|███▍      | 9/26 [00:00<00:00, 86.92it/s, S=0.0838, loss=-0.0656]
Epoch 124/150 [train]:  35%|███▍      | 9/26 [00:00<00:00, 86.92it/s, S=0.0832, loss=-0.0631]
Epoch 124/150 [train]:  35%|███▍      | 9/26 [00:00<00:00, 86.92it/s, S=0.0826, loss=-0.0634]
Epoch 124/150 [train]:  35%|███▍      | 9/26 [00:00<00:00, 86.92it/s, S=0.0829, loss=-0.0646]
Epoch 124/150 [train]:  35%|███▍      | 9/26 [00:00<00:00, 86.92it/s, S=0.0815, loss=-0.0607]
Epoch 124/150 [train]:  35%|███▍      | 9/26 [00:00<00:00, 86.92it/s, S=0.0823, loss=-0.0643]
Epoch 124/150 [train]:  35%|███▍      | 9/26 [00:00<00:00, 86.92it/s, S=0.0825, loss=-0.0625]
Epoch 124/150 [train]:  35%|███▍      | 9/26 [00:00<00:00, 86.92it/s, S=0.0831, loss=-0.0648]
Epoch 124/150 [train]:  35%|███▍      | 9/26 [00:00<00:00, 86.92it/s, S=0.0841, loss=-0.0664]
Epoch 124/150 [train]:  69%|██████▉   | 18/26 [00:00<00:00, 87.22it/s, S=0.0841, loss=-0.0664]
Epoch 124/150 [train]:  69%|██████▉   | 18/26 [00:00<00:00, 87.22it/s, S=0.0825, loss=-0.0635]
Epoch 124/150 [train]:  69%|██████▉   | 18/26 [00:00<00:00, 87.22it/s, S=0.0848, loss=-0.0664]
Epoch 124/150 [train]:  69%|██████▉   | 18/26 [00:00<00:00, 87.22it/s, S=0.0842, loss=-0.0657]
Epoch 124/150 [train]:  69%|██████▉   | 18/26 [00:00<00:00, 87.22it/s, S=0.0847, loss=-0.0654]
Epoch 124/150 [train]:  69%|██████▉   | 18/26 [00:00<00:00, 87.22it/s, S=0.0827, loss=-0.0647]
Epoch 124/150 [train]:  69%|██████▉   | 18/26 [00:00<00:00, 87.22it/s, S=0.0842, loss=-0.0655]
Epoch 124/150 [train]:  69%|██████▉   | 18/26 [00:00<00:00, 87.22it/s, S=0.0831, loss=-0.0648]
Epoch 124/150 [train]:  69%|██████▉   | 18/26 [00:00<00:00, 87.22it/s, S=0.0844, loss=-0.0653]
                                                                                              
Epoch 124/150  train loss=-0.0644  val loss=-0.0148  S[mean]=0.0883  ζ=0.3182  mean_plane_ζ=0.1851  reg=0.0735  λscale=1.00  lr=1.19e-04

Epoch 125/150 [train]:   0%|          | 0/26 [00:00<?, ?it/s]
Epoch 125/150 [train]:   0%|          | 0/26 [00:00<?, ?it/s, S=0.0833, loss=-0.0661]
Epoch 125/150 [train]:   0%|          | 0/26 [00:00<?, ?it/s, S=0.0819, loss=-0.0605]
Epoch 125/150 [train]:   0%|          | 0/26 [00:00<?, ?it/s, S=0.0843, loss=-0.0658]
Epoch 125/150 [train]:   0%|          | 0/26 [00:00<?, ?it/s, S=0.0829, loss=-0.0644]
Epoch 125/150 [train]:   0%|          | 0/26 [00:00<?, ?it/s, S=0.0829, loss=-0.0651]
Epoch 125/150 [train]:   0%|          | 0/26 [00:00<?, ?it/s, S=0.0834, loss=-0.0660]
Epoch 125/150 [train]:   0%|          | 0/26 [00:00<?, ?it/s, S=0.0825, loss=-0.0649]
Epoch 125/150 [train]:   0%|          | 0/26 [00:00<?, ?it/s, S=0.0843, loss=-0.0650]
Epoch 125/150 [train]:   0%|          | 0/26 [00:00<?, ?it/s, S=0.0835, loss=-0.0659]
Epoch 125/150 [train]:  35%|███▍      | 9/26 [00:00<00:00, 86.82it/s, S=0.0835, loss=-0.0659]
Epoch 125/150 [train]:  35%|███▍      | 9/26 [00:00<00:00, 86.82it/s, S=0.0841, loss=-0.0663]
Epoch 125/150 [train]:  35%|███▍      | 9/26 [00:00<00:00, 86.82it/s, S=0.0821, loss=-0.0601]
Epoch 125/150 [train]:  35%|███▍      | 9/26 [00:00<00:00, 86.82it/s, S=0.0830, loss=-0.0647]
Epoch 125/150 [train]:  35%|███▍      | 9/26 [00:00<00:00, 86.82it/s, S=0.0833, loss=-0.0656]
Epoch 125/150 [train]:  35%|███▍      | 9/26 [00:00<00:00, 86.82it/s, S=0.0844, loss=-0.0670]
Epoch 125/150 [train]:  35%|███▍      | 9/26 [00:00<00:00, 86.82it/s, S=0.0837, loss=-0.0661]
Epoch 125/150 [train]:  35%|███▍      | 9/26 [00:00<00:00, 86.82it/s, S=0.0840, loss=-0.0661]
Epoch 125/150 [train]:  35%|███▍      | 9/26 [00:00<00:00, 86.82it/s, S=0.0830, loss=-0.0642]
Epoch 125/150 [train]:  35%|███▍      | 9/26 [00:00<00:00, 86.82it/s, S=0.0842, loss=-0.0659]
Epoch 125/150 [train]:  69%|██████▉   | 18/26 [00:00<00:00, 87.15it/s, S=0.0842, loss=-0.0659]
Epoch 125/150 [train]:  69%|██████▉   | 18/26 [00:00<00:00, 87.15it/s, S=0.0833, loss=-0.0646]
Epoch 125/150 [train]:  69%|██████▉   | 18/26 [00:00<00:00, 87.15it/s, S=0.0849, loss=-0.0671]
Epoch 125/150 [train]:  69%|██████▉   | 18/26 [00:00<00:00, 87.15it/s, S=0.0840, loss=-0.0661]
Epoch 125/150 [train]:  69%|██████▉   | 18/26 [00:00<00:00, 87.15it/s, S=0.0832, loss=-0.0649]
Epoch 125/150 [train]:  69%|██████▉   | 18/26 [00:00<00:00, 87.15it/s, S=0.0835, loss=-0.0660]
Epoch 125/150 [train]:  69%|██████▉   | 18/26 [00:00<00:00, 87.15it/s, S=0.0839, loss=-0.0652]
Epoch 125/150 [train]:  69%|██████▉   | 18/26 [00:00<00:00, 87.15it/s, S=0.0842, loss=-0.0654]
Epoch 125/150 [train]:  69%|██████▉   | 18/26 [00:00<00:00, 87.15it/s, S=0.0830, loss=-0.0629]
                                                                                              
Epoch 125/150  train loss=-0.0651  val loss=-0.0151  S[mean]=0.0885  ζ=0.3184  mean_plane_ζ=0.1853  reg=0.0734  λscale=1.00  lr=1.11e-04

Epoch 126/150 [train]:   0%|          | 0/26 [00:00<?, ?it/s]
Epoch 126/150 [train]:   0%|          | 0/26 [00:00<?, ?it/s, S=0.0823, loss=-0.0619]
Epoch 126/150 [train]:   0%|          | 0/26 [00:00<?, ?it/s, S=0.0857, loss=-0.0691]
Epoch 126/150 [train]:   0%|          | 0/26 [00:00<?, ?it/s, S=0.0840, loss=-0.0646]
Epoch 126/150 [train]:   0%|          | 0/26 [00:00<?, ?it/s, S=0.0836, loss=-0.0665]
Epoch 126/150 [train]:   0%|          | 0/26 [00:00<?, ?it/s, S=0.0847, loss=-0.0674]
Epoch 126/150 [train]:   0%|          | 0/26 [00:00<?, ?it/s, S=0.0821, loss=-0.0635]
Epoch 126/150 [train]:   0%|          | 0/26 [00:00<?, ?it/s, S=0.0839, loss=-0.0647]
Epoch 126/150 [train]:   0%|          | 0/26 [00:00<?, ?it/s, S=0.0841, loss=-0.0668]
Epoch 126/150 [train]:   0%|          | 0/26 [00:00<?, ?it/s, S=0.0822, loss=-0.0610]
Epoch 126/150 [train]:  35%|███▍      | 9/26 [00:00<00:00, 86.68it/s, S=0.0822, loss=-0.0610]
Epoch 126/150 [train]:  35%|███▍      | 9/26 [00:00<00:00, 86.68it/s, S=0.0833, loss=-0.0601]
Epoch 126/150 [train]:  35%|███▍      | 9/26 [00:00<00:00, 86.68it/s, S=0.0833, loss=-0.0662]
Epoch 126/150 [train]:  35%|███▍      | 9/26 [00:00<00:00, 86.68it/s, S=0.0829, loss=-0.0658]
Epoch 126/150 [train]:  35%|███▍      | 9/26 [00:00<00:00, 86.68it/s, S=0.0843, loss=-0.0661]
Epoch 126/150 [train]:  35%|███▍      | 9/26 [00:00<00:00, 86.68it/s, S=0.0836, loss=-0.0635]
Epoch 126/150 [train]:  35%|███▍      | 9/26 [00:00<00:00, 86.68it/s, S=0.0833, loss=-0.0652]
Epoch 126/150 [train]:  35%|███▍      | 9/26 [00:00<00:00, 86.68it/s, S=0.0841, loss=-0.0667]
Epoch 126/150 [train]:  35%|███▍      | 9/26 [00:00<00:00, 86.68it/s, S=0.0836, loss=-0.0662]
Epoch 126/150 [train]:  35%|███▍      | 9/26 [00:00<00:00, 86.68it/s, S=0.0831, loss=-0.0650]
Epoch 126/150 [train]:  69%|██████▉   | 18/26 [00:00<00:00, 86.83it/s, S=0.0831, loss=-0.0650]
Epoch 126/150 [train]:  69%|██████▉   | 18/26 [00:00<00:00, 86.83it/s, S=0.0831, loss=-0.0653]
Epoch 126/150 [train]:  69%|██████▉   | 18/26 [00:00<00:00, 86.83it/s, S=0.0836, loss=-0.0658]
Epoch 126/150 [train]:  69%|██████▉   | 18/26 [00:00<00:00, 86.83it/s, S=0.0826, loss=-0.0636]
Epoch 126/150 [train]:  69%|██████▉   | 18/26 [00:00<00:00, 86.83it/s, S=0.0834, loss=-0.0650]
Epoch 126/150 [train]:  69%|██████▉   | 18/26 [00:00<00:00, 86.83it/s, S=0.0852, loss=-0.0672]
Epoch 126/150 [train]:  69%|██████▉   | 18/26 [00:00<00:00, 86.83it/s, S=0.0841, loss=-0.0662]
Epoch 126/150 [train]:  69%|██████▉   | 18/26 [00:00<00:00, 86.83it/s, S=0.0836, loss=-0.0649]
Epoch 126/150 [train]:  69%|██████▉   | 18/26 [00:48<00:00, 86.83it/s, S=0.0836, loss=-0.0649]
Epoch 126/150 [train]:  69%|██████▉   | 18/26 [00:48<00:00, 86.83it/s, S=0.0826, loss=-0.0645]
Epoch 126/150 [train]: 100%|██████████| 26/26 [00:48<00:00,  2.61s/it, S=0.0826, loss=-0.0645]
                                                                                              
Epoch 126/150  train loss=-0.0651  val loss=-0.0150  S[mean]=0.0885  ζ=0.3183  mean_plane_ζ=0.1854  reg=0.0735  λscale=1.00  lr=1.03e-04

Epoch 127/150 [train]:   0%|          | 0/26 [00:00<?, ?it/s]
Epoch 127/150 [train]:   0%|          | 0/26 [00:00<?, ?it/s, S=0.0832, loss=-0.0641]
Epoch 127/150 [train]:   0%|          | 0/26 [00:00<?, ?it/s, S=0.0842, loss=-0.0673]
Epoch 127/150 [train]:   0%|          | 0/26 [00:00<?, ?it/s, S=0.0845, loss=-0.0660]
Epoch 127/150 [train]:   0%|          | 0/26 [00:00<?, ?it/s, S=0.0838, loss=-0.0671]
Epoch 127/150 [train]:   0%|          | 0/26 [00:00<?, ?it/s, S=0.0846, loss=-0.0673]
Epoch 127/150 [train]:   0%|          | 0/26 [00:00<?, ?it/s, S=0.0818, loss=-0.0621]
Epoch 127/150 [train]:   0%|          | 0/26 [00:00<?, ?it/s, S=0.0831, loss=-0.0654]
Epoch 127/150 [train]:   0%|          | 0/26 [00:00<?, ?it/s, S=0.0831, loss=-0.0658]
Epoch 127/150 [train]:   0%|          | 0/26 [00:00<?, ?it/s, S=0.0835, loss=-0.0665]
Epoch 127/150 [train]:  35%|███▍      | 9/26 [00:00<00:00, 81.86it/s, S=0.0835, loss=-0.0665]
Epoch 127/150 [train]:  35%|███▍      | 9/26 [00:00<00:00, 81.86it/s, S=0.0838, loss=-0.0658]
Epoch 127/150 [train]:  35%|███▍      | 9/26 [00:00<00:00, 81.86it/s, S=0.0834, loss=-0.0651]
Epoch 127/150 [train]:  35%|███▍      | 9/26 [00:00<00:00, 81.86it/s, S=0.0843, loss=-0.0657]
Epoch 127/150 [train]:  35%|███▍      | 9/26 [00:00<00:00, 81.86it/s, S=0.0834, loss=-0.0649]
Epoch 127/150 [train]:  35%|███▍      | 9/26 [00:00<00:00, 81.86it/s, S=0.0831, loss=-0.0621]
Epoch 127/150 [train]:  35%|███▍      | 9/26 [00:00<00:00, 81.86it/s, S=0.0841, loss=-0.0663]
Epoch 127/150 [train]:  35%|███▍      | 9/26 [00:00<00:00, 81.86it/s, S=0.0834, loss=-0.0658]
Epoch 127/150 [train]:  35%|███▍      | 9/26 [00:00<00:00, 81.86it/s, S=0.0839, loss=-0.0651]
Epoch 127/150 [train]:  35%|███▍      | 9/26 [00:00<00:00, 81.86it/s, S=0.0820, loss=-0.0619]
Epoch 127/150 [train]:  69%|██████▉   | 18/26 [00:00<00:00, 82.68it/s, S=0.0820, loss=-0.0619]
Epoch 127/150 [train]:  69%|██████▉   | 18/26 [00:00<00:00, 82.68it/s, S=0.0838, loss=-0.0663]
Epoch 127/150 [train]:  69%|██████▉   | 18/26 [00:00<00:00, 82.68it/s, S=0.0843, loss=-0.0665]
Epoch 127/150 [train]:  69%|██████▉   | 18/26 [00:00<00:00, 82.68it/s, S=0.0846, loss=-0.0652]
Epoch 127/150 [train]:  69%|██████▉   | 18/26 [00:00<00:00, 82.68it/s, S=0.0842, loss=-0.0669]
Epoch 127/150 [train]:  69%|██████▉   | 18/26 [00:00<00:00, 82.68it/s, S=0.0850, loss=-0.0671]
Epoch 127/150 [train]:  69%|██████▉   | 18/26 [00:00<00:00, 82.68it/s, S=0.0846, loss=-0.0673]
Epoch 127/150 [train]:  69%|██████▉   | 18/26 [00:00<00:00, 82.68it/s, S=0.0857, loss=-0.0682]
Epoch 127/150 [train]:  69%|██████▉   | 18/26 [00:00<00:00, 82.68it/s, S=0.0830, loss=-0.0657]
                                                                                              
Epoch 127/150  train loss=-0.0657  val loss=-0.0151  S[mean]=0.0887  ζ=0.3184  mean_plane_ζ=0.1855  reg=0.0737  λscale=1.00  lr=9.52e-05

Epoch 128/150 [train]:   0%|          | 0/26 [00:00<?, ?it/s]
Epoch 128/150 [train]:   0%|          | 0/26 [00:00<?, ?it/s, S=0.0841, loss=-0.0661]
Epoch 128/150 [train]:   0%|          | 0/26 [00:00<?, ?it/s, S=0.0858, loss=-0.0692]
Epoch 128/150 [train]:   0%|          | 0/26 [00:00<?, ?it/s, S=0.0837, loss=-0.0658]
Epoch 128/150 [train]:   0%|          | 0/26 [00:00<?, ?it/s, S=0.0842, loss=-0.0653]
Epoch 128/150 [train]:   0%|          | 0/26 [00:00<?, ?it/s, S=0.0833, loss=-0.0661]
Epoch 128/150 [train]:   0%|          | 0/26 [00:00<?, ?it/s, S=0.0826, loss=-0.0634]
Epoch 128/150 [train]:   0%|          | 0/26 [00:00<?, ?it/s, S=0.0845, loss=-0.0662]
Epoch 128/150 [train]:   0%|          | 0/26 [00:00<?, ?it/s, S=0.0835, loss=-0.0649]
Epoch 128/150 [train]:   0%|          | 0/26 [00:00<?, ?it/s, S=0.0836, loss=-0.0638]
Epoch 128/150 [train]:  35%|███▍      | 9/26 [00:00<00:00, 87.08it/s, S=0.0836, loss=-0.0638]
Epoch 128/150 [train]:  35%|███▍      | 9/26 [00:00<00:00, 87.08it/s, S=0.0851, loss=-0.0670]
Epoch 128/150 [train]:  35%|███▍      | 9/26 [00:00<00:00, 87.08it/s, S=0.0832, loss=-0.0657]
Epoch 128/150 [train]:  35%|███▍      | 9/26 [00:00<00:00, 87.08it/s, S=0.0829, loss=-0.0655]
Epoch 128/150 [train]:  35%|███▍      | 9/26 [00:00<00:00, 87.08it/s, S=0.0831, loss=-0.0661]
Epoch 128/150 [train]:  35%|███▍      | 9/26 [00:00<00:00, 87.08it/s, S=0.0827, loss=-0.0639]
Epoch 128/150 [train]:  35%|███▍      | 9/26 [00:00<00:00, 87.08it/s, S=0.0827, loss=-0.0627]
Epoch 128/150 [train]:  35%|███▍      | 9/26 [00:00<00:00, 87.08it/s, S=0.0846, loss=-0.0672]
Epoch 128/150 [train]:  35%|███▍      | 9/26 [00:00<00:00, 87.08it/s, S=0.0844, loss=-0.0664]
Epoch 128/150 [train]:  35%|███▍      | 9/26 [00:00<00:00, 87.08it/s, S=0.0845, loss=-0.0667]
Epoch 128/150 [train]:  69%|██████▉   | 18/26 [00:00<00:00, 87.44it/s, S=0.0845, loss=-0.0667]
Epoch 128/150 [train]:  69%|██████▉   | 18/26 [00:00<00:00, 87.44it/s, S=0.0838, loss=-0.0659]
Epoch 128/150 [train]:  69%|██████▉   | 18/26 [00:00<00:00, 87.44it/s, S=0.0836, loss=-0.0662]
Epoch 128/150 [train]:  69%|██████▉   | 18/26 [00:00<00:00, 87.44it/s, S=0.0845, loss=-0.0661]
Epoch 128/150 [train]:  69%|██████▉   | 18/26 [00:00<00:00, 87.44it/s, S=0.0845, loss=-0.0650]
Epoch 128/150 [train]:  69%|██████▉   | 18/26 [00:00<00:00, 87.44it/s, S=0.0842, loss=-0.0656]
Epoch 128/150 [train]:  69%|██████▉   | 18/26 [00:00<00:00, 87.44it/s, S=0.0857, loss=-0.0682]
Epoch 128/150 [train]:  69%|██████▉   | 18/26 [00:00<00:00, 87.44it/s, S=0.0837, loss=-0.0660]
Epoch 128/150 [train]:  69%|██████▉   | 18/26 [00:00<00:00, 87.44it/s, S=0.0837, loss=-0.0654]
                                                                                              
Epoch 128/150  train loss=-0.0658  val loss=-0.0153  S[mean]=0.0888  ζ=0.3185  mean_plane_ζ=0.1856  reg=0.0735  λscale=1.00  lr=8.76e-05

Epoch 129/150 [train]:   0%|          | 0/26 [00:00<?, ?it/s]
Epoch 129/150 [train]:   0%|          | 0/26 [00:00<?, ?it/s, S=0.0852, loss=-0.0672]
Epoch 129/150 [train]:   0%|          | 0/26 [00:00<?, ?it/s, S=0.0846, loss=-0.0660]
Epoch 129/150 [train]:   0%|          | 0/26 [00:00<?, ?it/s, S=0.0834, loss=-0.0648]
Epoch 129/150 [train]:   0%|          | 0/26 [00:00<?, ?it/s, S=0.0844, loss=-0.0675]
Epoch 129/150 [train]:   0%|          | 0/26 [00:00<?, ?it/s, S=0.0831, loss=-0.0658]
Epoch 129/150 [train]:   0%|          | 0/26 [00:00<?, ?it/s, S=0.0841, loss=-0.0675]
Epoch 129/150 [train]:   0%|          | 0/26 [00:00<?, ?it/s, S=0.0828, loss=-0.0606]
Epoch 129/150 [train]:   0%|          | 0/26 [00:00<?, ?it/s, S=0.0834, loss=-0.0653]
Epoch 129/150 [train]:   0%|          | 0/26 [00:00<?, ?it/s, S=0.0841, loss=-0.0673]
Epoch 129/150 [train]:  35%|███▍      | 9/26 [00:00<00:00, 87.73it/s, S=0.0841, loss=-0.0673]
Epoch 129/150 [train]:  35%|███▍      | 9/26 [00:00<00:00, 87.73it/s, S=0.0842, loss=-0.0670]
Epoch 129/150 [train]:  35%|███▍      | 9/26 [00:00<00:00, 87.73it/s, S=0.0829, loss=-0.0656]
Epoch 129/150 [train]:  35%|███▍      | 9/26 [00:00<00:00, 87.73it/s, S=0.0831, loss=-0.0650]
Epoch 129/150 [train]:  35%|███▍      | 9/26 [00:00<00:00, 87.73it/s, S=0.0837, loss=-0.0660]
Epoch 129/150 [train]:  35%|███▍      | 9/26 [00:00<00:00, 87.73it/s, S=0.0842, loss=-0.0644]
Epoch 129/150 [train]:  35%|███▍      | 9/26 [00:00<00:00, 87.73it/s, S=0.0824, loss=-0.0632]
Epoch 129/150 [train]:  35%|███▍      | 9/26 [00:00<00:00, 87.73it/s, S=0.0828, loss=-0.0634]
Epoch 129/150 [train]:  35%|███▍      | 9/26 [00:00<00:00, 87.73it/s, S=0.0832, loss=-0.0639]
Epoch 129/150 [train]:  35%|███▍      | 9/26 [00:00<00:00, 87.73it/s, S=0.0845, loss=-0.0669]
Epoch 129/150 [train]:  69%|██████▉   | 18/26 [00:00<00:00, 87.58it/s, S=0.0845, loss=-0.0669]
Epoch 129/150 [train]:  69%|██████▉   | 18/26 [00:00<00:00, 87.58it/s, S=0.0863, loss=-0.0680]
Epoch 129/150 [train]:  69%|██████▉   | 18/26 [00:00<00:00, 87.58it/s, S=0.0839, loss=-0.0663]
Epoch 129/150 [train]:  69%|██████▉   | 18/26 [00:00<00:00, 87.58it/s, S=0.0853, loss=-0.0676]
Epoch 129/150 [train]:  69%|██████▉   | 18/26 [00:00<00:00, 87.58it/s, S=0.0847, loss=-0.0653]
Epoch 129/150 [train]:  69%|██████▉   | 18/26 [00:00<00:00, 87.58it/s, S=0.0852, loss=-0.0674]
Epoch 129/150 [train]:  69%|██████▉   | 18/26 [00:00<00:00, 87.58it/s, S=0.0848, loss=-0.0666]
Epoch 129/150 [train]:  69%|██████▉   | 18/26 [00:00<00:00, 87.58it/s, S=0.0853, loss=-0.0670]
Epoch 129/150 [train]:  69%|██████▉   | 18/26 [00:00<00:00, 87.58it/s, S=0.0829, loss=-0.0652]
                                                                                              
Epoch 129/150  train loss=-0.0658  val loss=-0.0150  S[mean]=0.0889  ζ=0.3186  mean_plane_ζ=0.1857  reg=0.0739  λscale=1.00  lr=8.03e-05

Epoch 130/150 [train]:   0%|          | 0/26 [00:00<?, ?it/s]
Epoch 130/150 [train]:   0%|          | 0/26 [00:00<?, ?it/s, S=0.0842, loss=-0.0664]
Epoch 130/150 [train]:   0%|          | 0/26 [00:00<?, ?it/s, S=0.0845, loss=-0.0673]
Epoch 130/150 [train]:   0%|          | 0/26 [00:00<?, ?it/s, S=0.0844, loss=-0.0669]
Epoch 130/150 [train]:   0%|          | 0/26 [00:00<?, ?it/s, S=0.0850, loss=-0.0663]
Epoch 130/150 [train]:   0%|          | 0/26 [00:00<?, ?it/s, S=0.0838, loss=-0.0660]
Epoch 130/150 [train]:   0%|          | 0/26 [00:00<?, ?it/s, S=0.0847, loss=-0.0664]
Epoch 130/150 [train]:   0%|          | 0/26 [00:00<?, ?it/s, S=0.0829, loss=-0.0615]
Epoch 130/150 [train]:   0%|          | 0/26 [00:00<?, ?it/s, S=0.0831, loss=-0.0651]
Epoch 130/150 [train]:   0%|          | 0/26 [00:00<?, ?it/s, S=0.0834, loss=-0.0645]
Epoch 130/150 [train]:  35%|███▍      | 9/26 [00:00<00:00, 87.03it/s, S=0.0834, loss=-0.0645]
Epoch 130/150 [train]:  35%|███▍      | 9/26 [00:00<00:00, 87.03it/s, S=0.0845, loss=-0.0669]
Epoch 130/150 [train]:  35%|███▍      | 9/26 [00:00<00:00, 87.03it/s, S=0.0842, loss=-0.0652]
Epoch 130/150 [train]:  35%|███▍      | 9/26 [00:00<00:00, 87.03it/s, S=0.0830, loss=-0.0620]
Epoch 130/150 [train]:  35%|███▍      | 9/26 [00:00<00:00, 87.03it/s, S=0.0853, loss=-0.0657]
Epoch 130/150 [train]:  35%|███▍      | 9/26 [00:00<00:00, 87.03it/s, S=0.0838, loss=-0.0667]
Epoch 130/150 [train]:  35%|███▍      | 9/26 [00:00<00:00, 87.03it/s, S=0.0853, loss=-0.0678]
Epoch 130/150 [train]:  35%|███▍      | 9/26 [00:00<00:00, 87.03it/s, S=0.0854, loss=-0.0683]
Epoch 130/150 [train]:  35%|███▍      | 9/26 [00:00<00:00, 87.03it/s, S=0.0849, loss=-0.0676]
Epoch 130/150 [train]:  35%|███▍      | 9/26 [00:00<00:00, 87.03it/s, S=0.0828, loss=-0.0616]
Epoch 130/150 [train]:  69%|██████▉   | 18/26 [00:00<00:00, 87.55it/s, S=0.0828, loss=-0.0616]
Epoch 130/150 [train]:  69%|██████▉   | 18/26 [00:00<00:00, 87.55it/s, S=0.0827, loss=-0.0644]
Epoch 130/150 [train]:  69%|██████▉   | 18/26 [00:00<00:00, 87.55it/s, S=0.0828, loss=-0.0650]
Epoch 130/150 [train]:  69%|██████▉   | 18/26 [00:00<00:00, 87.55it/s, S=0.0846, loss=-0.0659]
Epoch 130/150 [train]:  69%|██████▉   | 18/26 [00:00<00:00, 87.55it/s, S=0.0844, loss=-0.0670]
Epoch 130/150 [train]:  69%|██████▉   | 18/26 [00:00<00:00, 87.55it/s, S=0.0850, loss=-0.0669]
Epoch 130/150 [train]:  69%|██████▉   | 18/26 [00:00<00:00, 87.55it/s, S=0.0822, loss=-0.0644]
Epoch 130/150 [train]:  69%|██████▉   | 18/26 [00:00<00:00, 87.55it/s, S=0.0842, loss=-0.0644]
Epoch 130/150 [train]:  69%|██████▉   | 18/26 [00:00<00:00, 87.55it/s, S=0.0832, loss=-0.0647]
                                                                                              
Epoch 130/150  train loss=-0.0656  val loss=-0.0155  S[mean]=0.0890  ζ=0.3187  mean_plane_ζ=0.1858  reg=0.0735  λscale=1.00  lr=7.32e-05

Epoch 131/150 [train]:   0%|          | 0/26 [00:00<?, ?it/s]
Epoch 131/150 [train]:   0%|          | 0/26 [00:00<?, ?it/s, S=0.0845, loss=-0.0654]
Epoch 131/150 [train]:   0%|          | 0/26 [00:00<?, ?it/s, S=0.0846, loss=-0.0678]
Epoch 131/150 [train]:   0%|          | 0/26 [00:00<?, ?it/s, S=0.0844, loss=-0.0678]
Epoch 131/150 [train]:   0%|          | 0/26 [00:00<?, ?it/s, S=0.0843, loss=-0.0670]
Epoch 131/150 [train]:   0%|          | 0/26 [00:00<?, ?it/s, S=0.0847, loss=-0.0682]
Epoch 131/150 [train]:   0%|          | 0/26 [00:00<?, ?it/s, S=0.0847, loss=-0.0678]
Epoch 131/150 [train]:   0%|          | 0/26 [00:00<?, ?it/s, S=0.0826, loss=-0.0651]
Epoch 131/150 [train]:   0%|          | 0/26 [00:00<?, ?it/s, S=0.0840, loss=-0.0650]
Epoch 131/150 [train]:   0%|          | 0/26 [00:00<?, ?it/s, S=0.0850, loss=-0.0678]
Epoch 131/150 [train]:  35%|███▍      | 9/26 [00:00<00:00, 87.17it/s, S=0.0850, loss=-0.0678]
Epoch 131/150 [train]:  35%|███▍      | 9/26 [00:00<00:00, 87.17it/s, S=0.0847, loss=-0.0671]
Epoch 131/150 [train]:  35%|███▍      | 9/26 [00:00<00:00, 87.17it/s, S=0.0832, loss=-0.0650]
Epoch 131/150 [train]:  35%|███▍      | 9/26 [00:00<00:00, 87.17it/s, S=0.0851, loss=-0.0668]
Epoch 131/150 [train]:  35%|███▍      | 9/26 [00:00<00:00, 87.17it/s, S=0.0842, loss=-0.0666]
Epoch 131/150 [train]:  35%|███▍      | 9/26 [00:00<00:00, 87.17it/s, S=0.0851, loss=-0.0675]
Epoch 131/150 [train]:  35%|███▍      | 9/26 [00:00<00:00, 87.17it/s, S=0.0844, loss=-0.0665]
Epoch 131/150 [train]:  35%|███▍      | 9/26 [00:00<00:00, 87.17it/s, S=0.0834, loss=-0.0639]
Epoch 131/150 [train]:  35%|███▍      | 9/26 [00:00<00:00, 87.17it/s, S=0.0852, loss=-0.0672]
Epoch 131/150 [train]:  35%|███▍      | 9/26 [00:00<00:00, 87.17it/s, S=0.0836, loss=-0.0650]
Epoch 131/150 [train]:  69%|██████▉   | 18/26 [00:00<00:00, 87.52it/s, S=0.0836, loss=-0.0650]
Epoch 131/150 [train]:  69%|██████▉   | 18/26 [00:00<00:00, 87.52it/s, S=0.0843, loss=-0.0669]
Epoch 131/150 [train]:  69%|██████▉   | 18/26 [00:00<00:00, 87.52it/s, S=0.0838, loss=-0.0665]
Epoch 131/150 [train]:  69%|██████▉   | 18/26 [00:00<00:00, 87.52it/s, S=0.0825, loss=-0.0625]
Epoch 131/150 [train]:  69%|██████▉   | 18/26 [00:00<00:00, 87.52it/s, S=0.0842, loss=-0.0651]
Epoch 131/150 [train]:  69%|██████▉   | 18/26 [00:00<00:00, 87.52it/s, S=0.0837, loss=-0.0657]
Epoch 131/150 [train]:  69%|██████▉   | 18/26 [00:00<00:00, 87.52it/s, S=0.0861, loss=-0.0692]
Epoch 131/150 [train]:  69%|██████▉   | 18/26 [00:00<00:00, 87.52it/s, S=0.0848, loss=-0.0676]
Epoch 131/150 [train]:  69%|██████▉   | 18/26 [00:00<00:00, 87.52it/s, S=0.0838, loss=-0.0651]
                                                                                              
Epoch 131/150  train loss=-0.0664  val loss=-0.0154  S[mean]=0.0891  ζ=0.3185  mean_plane_ζ=0.1859  reg=0.0737  λscale=1.00  lr=6.64e-05

Epoch 132/150 [train]:   0%|          | 0/26 [00:00<?, ?it/s]
Epoch 132/150 [train]:   0%|          | 0/26 [00:00<?, ?it/s, S=0.0855, loss=-0.0687]
Epoch 132/150 [train]:   0%|          | 0/26 [00:00<?, ?it/s, S=0.0840, loss=-0.0662]
Epoch 132/150 [train]:   0%|          | 0/26 [00:00<?, ?it/s, S=0.0847, loss=-0.0667]
Epoch 132/150 [train]:   0%|          | 0/26 [00:00<?, ?it/s, S=0.0847, loss=-0.0677]
Epoch 132/150 [train]:   0%|          | 0/26 [00:00<?, ?it/s, S=0.0827, loss=-0.0652]
Epoch 132/150 [train]:   0%|          | 0/26 [00:00<?, ?it/s, S=0.0842, loss=-0.0676]
Epoch 132/150 [train]:   0%|          | 0/26 [00:00<?, ?it/s, S=0.0843, loss=-0.0679]
Epoch 132/150 [train]:   0%|          | 0/26 [00:00<?, ?it/s, S=0.0845, loss=-0.0665]
Epoch 132/150 [train]:   0%|          | 0/26 [00:00<?, ?it/s, S=0.0838, loss=-0.0652]
Epoch 132/150 [train]:  35%|███▍      | 9/26 [00:00<00:00, 87.07it/s, S=0.0838, loss=-0.0652]
Epoch 132/150 [train]:  35%|███▍      | 9/26 [00:00<00:00, 87.07it/s, S=0.0829, loss=-0.0638]
Epoch 132/150 [train]:  35%|███▍      | 9/26 [00:00<00:00, 87.07it/s, S=0.0850, loss=-0.0671]
Epoch 132/150 [train]:  35%|███▍      | 9/26 [00:00<00:00, 87.07it/s, S=0.0846, loss=-0.0667]
Epoch 132/150 [train]:  35%|███▍      | 9/26 [00:00<00:00, 87.07it/s, S=0.0846, loss=-0.0663]
Epoch 132/150 [train]:  35%|███▍      | 9/26 [00:00<00:00, 87.07it/s, S=0.0838, loss=-0.0673]
Epoch 132/150 [train]:  35%|███▍      | 9/26 [00:00<00:00, 87.07it/s, S=0.0834, loss=-0.0656]
Epoch 132/150 [train]:  35%|███▍      | 9/26 [00:00<00:00, 87.07it/s, S=0.0853, loss=-0.0681]
Epoch 132/150 [train]:  35%|███▍      | 9/26 [00:00<00:00, 87.07it/s, S=0.0854, loss=-0.0684]
Epoch 132/150 [train]:  35%|███▍      | 9/26 [00:00<00:00, 87.07it/s, S=0.0848, loss=-0.0668]
Epoch 132/150 [train]:  69%|██████▉   | 18/26 [00:00<00:00, 87.43it/s, S=0.0848, loss=-0.0668]
Epoch 132/150 [train]:  69%|██████▉   | 18/26 [00:00<00:00, 87.43it/s, S=0.0833, loss=-0.0635]
Epoch 132/150 [train]:  69%|██████▉   | 18/26 [00:00<00:00, 87.43it/s, S=0.0839, loss=-0.0638]
Epoch 132/150 [train]:  69%|██████▉   | 18/26 [00:00<00:00, 87.43it/s, S=0.0851, loss=-0.0676]
Epoch 132/150 [train]:  69%|██████▉   | 18/26 [00:00<00:00, 87.43it/s, S=0.0826, loss=-0.0652]
Epoch 132/150 [train]:  69%|██████▉   | 18/26 [00:00<00:00, 87.43it/s, S=0.0850, loss=-0.0672]
Epoch 132/150 [train]:  69%|██████▉   | 18/26 [00:00<00:00, 87.43it/s, S=0.0842, loss=-0.0651]
Epoch 132/150 [train]:  69%|██████▉   | 18/26 [00:00<00:00, 87.43it/s, S=0.0839, loss=-0.0659]
Epoch 132/150 [train]:  69%|██████▉   | 18/26 [00:00<00:00, 87.43it/s, S=0.0857, loss=-0.0671]
                                                                                              
Epoch 132/150  train loss=-0.0664  val loss=-0.0156  S[mean]=0.0892  ζ=0.3187  mean_plane_ζ=0.1861  reg=0.0737  λscale=1.00  lr=5.99e-05

Epoch 133/150 [train]:   0%|          | 0/26 [00:00<?, ?it/s]
Epoch 133/150 [train]:   0%|          | 0/26 [00:00<?, ?it/s, S=0.0837, loss=-0.0657]
Epoch 133/150 [train]:   0%|          | 0/26 [00:00<?, ?it/s, S=0.0841, loss=-0.0674]
Epoch 133/150 [train]:   0%|          | 0/26 [00:00<?, ?it/s, S=0.0828, loss=-0.0609]
Epoch 133/150 [train]:   0%|          | 0/26 [00:00<?, ?it/s, S=0.0825, loss=-0.0654]
Epoch 133/150 [train]:   0%|          | 0/26 [00:00<?, ?it/s, S=0.0848, loss=-0.0645]
Epoch 133/150 [train]:   0%|          | 0/26 [00:00<?, ?it/s, S=0.0851, loss=-0.0673]
Epoch 133/150 [train]:   0%|          | 0/26 [00:00<?, ?it/s, S=0.0836, loss=-0.0660]
Epoch 133/150 [train]:   0%|          | 0/26 [00:00<?, ?it/s, S=0.0845, loss=-0.0662]
Epoch 133/150 [train]:   0%|          | 0/26 [00:00<?, ?it/s, S=0.0835, loss=-0.0657]
Epoch 133/150 [train]:  35%|███▍      | 9/26 [00:00<00:00, 86.93it/s, S=0.0835, loss=-0.0657]
Epoch 133/150 [train]:  35%|███▍      | 9/26 [00:00<00:00, 86.93it/s, S=0.0855, loss=-0.0689]
Epoch 133/150 [train]:  35%|███▍      | 9/26 [00:00<00:00, 86.93it/s, S=0.0852, loss=-0.0680]
Epoch 133/150 [train]:  35%|███▍      | 9/26 [00:00<00:00, 86.93it/s, S=0.0848, loss=-0.0671]
Epoch 133/150 [train]:  35%|███▍      | 9/26 [00:00<00:00, 86.93it/s, S=0.0836, loss=-0.0665]
Epoch 133/150 [train]:  35%|███▍      | 9/26 [00:00<00:00, 86.93it/s, S=0.0844, loss=-0.0661]
Epoch 133/150 [train]:  35%|███▍      | 9/26 [00:00<00:00, 86.93it/s, S=0.0852, loss=-0.0684]
Epoch 133/150 [train]:  35%|███▍      | 9/26 [00:00<00:00, 86.93it/s, S=0.0851, loss=-0.0632]
Epoch 133/150 [train]:  35%|███▍      | 9/26 [00:00<00:00, 86.93it/s, S=0.0836, loss=-0.0665]
Epoch 133/150 [train]:  35%|███▍      | 9/26 [00:00<00:00, 86.93it/s, S=0.0847, loss=-0.0670]
Epoch 133/150 [train]:  69%|██████▉   | 18/26 [00:00<00:00, 87.38it/s, S=0.0847, loss=-0.0670]
Epoch 133/150 [train]:  69%|██████▉   | 18/26 [00:00<00:00, 87.38it/s, S=0.0847, loss=-0.0623]
Epoch 133/150 [train]:  69%|██████▉   | 18/26 [00:00<00:00, 87.38it/s, S=0.0839, loss=-0.0670]
Epoch 133/150 [train]:  69%|██████▉   | 18/26 [00:00<00:00, 87.38it/s, S=0.0852, loss=-0.0680]
Epoch 133/150 [train]:  69%|██████▉   | 18/26 [00:00<00:00, 87.38it/s, S=0.0831, loss=-0.0624]
Epoch 133/150 [train]:  69%|██████▉   | 18/26 [00:00<00:00, 87.38it/s, S=0.0843, loss=-0.0667]
Epoch 133/150 [train]:  69%|██████▉   | 18/26 [00:00<00:00, 87.38it/s, S=0.0832, loss=-0.0639]
Epoch 133/150 [train]:  69%|██████▉   | 18/26 [00:00<00:00, 87.38it/s, S=0.0841, loss=-0.0665]
Epoch 133/150 [train]:  69%|██████▉   | 18/26 [00:00<00:00, 87.38it/s, S=0.0844, loss=-0.0670]
                                                                                              
Epoch 133/150  train loss=-0.0659  val loss=-0.0157  S[mean]=0.0893  ζ=0.3187  mean_plane_ζ=0.1861  reg=0.0736  λscale=1.00  lr=5.37e-05

Epoch 134/150 [train]:   0%|          | 0/26 [00:00<?, ?it/s]
Epoch 134/150 [train]:   0%|          | 0/26 [00:00<?, ?it/s, S=0.0851, loss=-0.0681]
Epoch 134/150 [train]:   0%|          | 0/26 [00:00<?, ?it/s, S=0.0858, loss=-0.0679]
Epoch 134/150 [train]:   0%|          | 0/26 [00:00<?, ?it/s, S=0.0833, loss=-0.0649]
Epoch 134/150 [train]:   0%|          | 0/26 [00:00<?, ?it/s, S=0.0861, loss=-0.0679]
Epoch 134/150 [train]:   0%|          | 0/26 [00:00<?, ?it/s, S=0.0852, loss=-0.0675]
Epoch 134/150 [train]:   0%|          | 0/26 [00:00<?, ?it/s, S=0.0852, loss=-0.0672]
Epoch 134/150 [train]:   0%|          | 0/26 [00:00<?, ?it/s, S=0.0843, loss=-0.0656]
Epoch 134/150 [train]:   0%|          | 0/26 [00:00<?, ?it/s, S=0.0840, loss=-0.0665]
Epoch 134/150 [train]:   0%|          | 0/26 [00:00<?, ?it/s, S=0.0842, loss=-0.0674]
Epoch 134/150 [train]:  35%|███▍      | 9/26 [00:00<00:00, 87.11it/s, S=0.0842, loss=-0.0674]
Epoch 134/150 [train]:  35%|███▍      | 9/26 [00:00<00:00, 87.11it/s, S=0.0848, loss=-0.0683]
Epoch 134/150 [train]:  35%|███▍      | 9/26 [00:00<00:00, 87.11it/s, S=0.0838, loss=-0.0661]
Epoch 134/150 [train]:  35%|███▍      | 9/26 [00:00<00:00, 87.11it/s, S=0.0834, loss=-0.0653]
Epoch 134/150 [train]:  35%|███▍      | 9/26 [00:00<00:00, 87.11it/s, S=0.0855, loss=-0.0657]
Epoch 134/150 [train]:  35%|███▍      | 9/26 [00:00<00:00, 87.11it/s, S=0.0841, loss=-0.0662]
Epoch 134/150 [train]:  35%|███▍      | 9/26 [00:00<00:00, 87.11it/s, S=0.0843, loss=-0.0675]
Epoch 134/150 [train]:  35%|███▍      | 9/26 [00:00<00:00, 87.11it/s, S=0.0840, loss=-0.0667]
Epoch 134/150 [train]:  35%|███▍      | 9/26 [00:00<00:00, 87.11it/s, S=0.0824, loss=-0.0643]
Epoch 134/150 [train]:  35%|███▍      | 9/26 [00:00<00:00, 87.11it/s, S=0.0845, loss=-0.0673]
Epoch 134/150 [train]:  69%|██████▉   | 18/26 [00:00<00:00, 87.49it/s, S=0.0845, loss=-0.0673]
Epoch 134/150 [train]:  69%|██████▉   | 18/26 [00:00<00:00, 87.49it/s, S=0.0842, loss=-0.0661]
Epoch 134/150 [train]:  69%|██████▉   | 18/26 [00:00<00:00, 87.49it/s, S=0.0848, loss=-0.0675]
Epoch 134/150 [train]:  69%|██████▉   | 18/26 [00:00<00:00, 87.49it/s, S=0.0835, loss=-0.0619]
Epoch 134/150 [train]:  69%|██████▉   | 18/26 [00:00<00:00, 87.49it/s, S=0.0831, loss=-0.0663]
Epoch 134/150 [train]:  69%|██████▉   | 18/26 [00:00<00:00, 87.49it/s, S=0.0838, loss=-0.0652]
Epoch 134/150 [train]:  69%|██████▉   | 18/26 [00:00<00:00, 87.49it/s, S=0.0841, loss=-0.0649]
Epoch 134/150 [train]:  69%|██████▉   | 18/26 [00:00<00:00, 87.49it/s, S=0.0850, loss=-0.0660]
Epoch 134/150 [train]:  69%|██████▉   | 18/26 [00:00<00:00, 87.49it/s, S=0.0854, loss=-0.0677]
                                                                                              
Epoch 134/150  train loss=-0.0664  val loss=-0.0157  S[mean]=0.0894  ζ=0.3189  mean_plane_ζ=0.1862  reg=0.0737  λscale=1.00  lr=4.77e-05

Epoch 135/150 [train]:   0%|          | 0/26 [00:00<?, ?it/s]
Epoch 135/150 [train]:   0%|          | 0/26 [00:00<?, ?it/s, S=0.0854, loss=-0.0676]
Epoch 135/150 [train]:   0%|          | 0/26 [00:00<?, ?it/s, S=0.0842, loss=-0.0647]
Epoch 135/150 [train]:   0%|          | 0/26 [00:00<?, ?it/s, S=0.0845, loss=-0.0662]
Epoch 135/150 [train]:   0%|          | 0/26 [00:00<?, ?it/s, S=0.0860, loss=-0.0699]
Epoch 135/150 [train]:   0%|          | 0/26 [00:00<?, ?it/s, S=0.0832, loss=-0.0654]
Epoch 135/150 [train]:   0%|          | 0/26 [00:00<?, ?it/s, S=0.0842, loss=-0.0659]
Epoch 135/150 [train]:   0%|          | 0/26 [00:00<?, ?it/s, S=0.0858, loss=-0.0690]
Epoch 135/150 [train]:   0%|          | 0/26 [00:00<?, ?it/s, S=0.0845, loss=-0.0675]
Epoch 135/150 [train]:   0%|          | 0/26 [00:00<?, ?it/s, S=0.0845, loss=-0.0681]
Epoch 135/150 [train]:  35%|███▍      | 9/26 [00:00<00:00, 87.34it/s, S=0.0845, loss=-0.0681]
Epoch 135/150 [train]:  35%|███▍      | 9/26 [00:00<00:00, 87.34it/s, S=0.0832, loss=-0.0641]
Epoch 135/150 [train]:  35%|███▍      | 9/26 [00:00<00:00, 87.34it/s, S=0.0820, loss=-0.0643]
Epoch 135/150 [train]:  35%|███▍      | 9/26 [00:00<00:00, 87.34it/s, S=0.0852, loss=-0.0674]
Epoch 135/150 [train]:  35%|███▍      | 9/26 [00:00<00:00, 87.34it/s, S=0.0848, loss=-0.0667]
Epoch 135/150 [train]:  35%|███▍      | 9/26 [00:00<00:00, 87.34it/s, S=0.0850, loss=-0.0676]
Epoch 135/150 [train]:  35%|███▍      | 9/26 [00:00<00:00, 87.34it/s, S=0.0852, loss=-0.0684]
Epoch 135/150 [train]:  35%|███▍      | 9/26 [00:00<00:00, 87.34it/s, S=0.0838, loss=-0.0658]
Epoch 135/150 [train]:  35%|███▍      | 9/26 [00:00<00:00, 87.34it/s, S=0.0847, loss=-0.0652]
Epoch 135/150 [train]:  35%|███▍      | 9/26 [00:00<00:00, 87.34it/s, S=0.0843, loss=-0.0665]
Epoch 135/150 [train]:  69%|██████▉   | 18/26 [00:00<00:00, 87.78it/s, S=0.0843, loss=-0.0665]
Epoch 135/150 [train]:  69%|██████▉   | 18/26 [00:00<00:00, 87.78it/s, S=0.0850, loss=-0.0649]
Epoch 135/150 [train]:  69%|██████▉   | 18/26 [00:00<00:00, 87.78it/s, S=0.0840, loss=-0.0636]
Epoch 135/150 [train]:  69%|██████▉   | 18/26 [00:00<00:00, 87.78it/s, S=0.0834, loss=-0.0648]
Epoch 135/150 [train]:  69%|██████▉   | 18/26 [00:00<00:00, 87.78it/s, S=0.0847, loss=-0.0664]
Epoch 135/150 [train]:  69%|██████▉   | 18/26 [00:00<00:00, 87.78it/s, S=0.0843, loss=-0.0666]
Epoch 135/150 [train]:  69%|██████▉   | 18/26 [00:00<00:00, 87.78it/s, S=0.0827, loss=-0.0648]
Epoch 135/150 [train]:  69%|██████▉   | 18/26 [00:00<00:00, 87.78it/s, S=0.0846, loss=-0.0660]
Epoch 135/150 [train]:  69%|██████▉   | 18/26 [00:00<00:00, 87.78it/s, S=0.0845, loss=-0.0676]
                                                                                              
Epoch 135/150  train loss=-0.0663  val loss=-0.0159  S[mean]=0.0894  ζ=0.3189  mean_plane_ζ=0.1863  reg=0.0736  λscale=1.00  lr=4.21e-05

Epoch 136/150 [train]:   0%|          | 0/26 [00:00<?, ?it/s]
Epoch 136/150 [train]:   0%|          | 0/26 [00:00<?, ?it/s, S=0.0838, loss=-0.0669]
Epoch 136/150 [train]:   0%|          | 0/26 [00:00<?, ?it/s, S=0.0847, loss=-0.0684]
Epoch 136/150 [train]:   0%|          | 0/26 [00:00<?, ?it/s, S=0.0842, loss=-0.0666]
Epoch 136/150 [train]:   0%|          | 0/26 [00:00<?, ?it/s, S=0.0841, loss=-0.0667]
Epoch 136/150 [train]:   0%|          | 0/26 [00:00<?, ?it/s, S=0.0844, loss=-0.0673]
Epoch 136/150 [train]:   0%|          | 0/26 [00:00<?, ?it/s, S=0.0832, loss=-0.0638]
Epoch 136/150 [train]:   0%|          | 0/26 [00:00<?, ?it/s, S=0.0837, loss=-0.0671]
Epoch 136/150 [train]:   0%|          | 0/26 [00:00<?, ?it/s, S=0.0848, loss=-0.0680]
Epoch 136/150 [train]:   0%|          | 0/26 [00:00<?, ?it/s, S=0.0856, loss=-0.0682]
Epoch 136/150 [train]:  35%|███▍      | 9/26 [00:00<00:00, 88.10it/s, S=0.0856, loss=-0.0682]
Epoch 136/150 [train]:  35%|███▍      | 9/26 [00:00<00:00, 88.10it/s, S=0.0849, loss=-0.0670]
Epoch 136/150 [train]:  35%|███▍      | 9/26 [00:00<00:00, 88.10it/s, S=0.0855, loss=-0.0678]
Epoch 136/150 [train]:  35%|███▍      | 9/26 [00:00<00:00, 88.10it/s, S=0.0847, loss=-0.0672]
Epoch 136/150 [train]:  35%|███▍      | 9/26 [00:00<00:00, 88.10it/s, S=0.0848, loss=-0.0651]
Epoch 136/150 [train]:  35%|███▍      | 9/26 [00:00<00:00, 88.10it/s, S=0.0842, loss=-0.0672]
Epoch 136/150 [train]:  35%|███▍      | 9/26 [00:00<00:00, 88.10it/s, S=0.0857, loss=-0.0686]
Epoch 136/150 [train]:  35%|███▍      | 9/26 [00:00<00:00, 88.10it/s, S=0.0859, loss=-0.0680]
Epoch 136/150 [train]:  35%|███▍      | 9/26 [00:00<00:00, 88.10it/s, S=0.0838, loss=-0.0633]
Epoch 136/150 [train]:  35%|███▍      | 9/26 [00:00<00:00, 88.10it/s, S=0.0853, loss=-0.0670]
Epoch 136/150 [train]:  69%|██████▉   | 18/26 [00:00<00:00, 88.00it/s, S=0.0853, loss=-0.0670]
Epoch 136/150 [train]:  69%|██████▉   | 18/26 [00:00<00:00, 88.00it/s, S=0.0836, loss=-0.0641]
Epoch 136/150 [train]:  69%|██████▉   | 18/26 [00:00<00:00, 88.00it/s, S=0.0847, loss=-0.0670]
Epoch 136/150 [train]:  69%|██████▉   | 18/26 [00:00<00:00, 88.00it/s, S=0.0852, loss=-0.0683]
Epoch 136/150 [train]:  69%|██████▉   | 18/26 [00:00<00:00, 88.00it/s, S=0.0855, loss=-0.0684]
Epoch 136/150 [train]:  69%|██████▉   | 18/26 [00:00<00:00, 88.00it/s, S=0.0830, loss=-0.0653]
Epoch 136/150 [train]:  69%|██████▉   | 18/26 [00:00<00:00, 88.00it/s, S=0.0855, loss=-0.0687]
Epoch 136/150 [train]:  69%|██████▉   | 18/26 [00:00<00:00, 88.00it/s, S=0.0836, loss=-0.0663]
Epoch 136/150 [train]:  69%|██████▉   | 18/26 [00:00<00:00, 88.00it/s, S=0.0838, loss=-0.0649]
                                                                                              
Epoch 136/150  train loss=-0.0668  val loss=-0.0159  S[mean]=0.0895  ζ=0.3189  mean_plane_ζ=0.1864  reg=0.0736  λscale=1.00  lr=3.68e-05

Epoch 137/150 [train]:   0%|          | 0/26 [00:00<?, ?it/s]
Epoch 137/150 [train]:   0%|          | 0/26 [00:00<?, ?it/s, S=0.0844, loss=-0.0664]
Epoch 137/150 [train]:   0%|          | 0/26 [00:00<?, ?it/s, S=0.0830, loss=-0.0645]
Epoch 137/150 [train]:   0%|          | 0/26 [00:00<?, ?it/s, S=0.0855, loss=-0.0684]
Epoch 137/150 [train]:   0%|          | 0/26 [00:00<?, ?it/s, S=0.0839, loss=-0.0658]
Epoch 137/150 [train]:   0%|          | 0/26 [00:00<?, ?it/s, S=0.0835, loss=-0.0664]
Epoch 137/150 [train]:   0%|          | 0/26 [00:00<?, ?it/s, S=0.0856, loss=-0.0683]
Epoch 137/150 [train]:   0%|          | 0/26 [00:00<?, ?it/s, S=0.0852, loss=-0.0685]
Epoch 137/150 [train]:   0%|          | 0/26 [00:00<?, ?it/s, S=0.0840, loss=-0.0656]
Epoch 137/150 [train]:   0%|          | 0/26 [00:00<?, ?it/s, S=0.0841, loss=-0.0657]
Epoch 137/150 [train]:  35%|███▍      | 9/26 [00:00<00:00, 87.28it/s, S=0.0841, loss=-0.0657]
Epoch 137/150 [train]:  35%|███▍      | 9/26 [00:00<00:00, 87.28it/s, S=0.0857, loss=-0.0654]
Epoch 137/150 [train]:  35%|███▍      | 9/26 [00:00<00:00, 87.28it/s, S=0.0840, loss=-0.0678]
Epoch 137/150 [train]:  35%|███▍      | 9/26 [00:00<00:00, 87.28it/s, S=0.0832, loss=-0.0641]
Epoch 137/150 [train]:  35%|███▍      | 9/26 [00:00<00:00, 87.28it/s, S=0.0842, loss=-0.0654]
Epoch 137/150 [train]:  35%|███▍      | 9/26 [00:00<00:00, 87.28it/s, S=0.0855, loss=-0.0682]
Epoch 137/150 [train]:  35%|███▍      | 9/26 [00:00<00:00, 87.28it/s, S=0.0860, loss=-0.0680]
Epoch 137/150 [train]:  35%|███▍      | 9/26 [00:00<00:00, 87.28it/s, S=0.0842, loss=-0.0663]
Epoch 137/150 [train]:  35%|███▍      | 9/26 [00:00<00:00, 87.28it/s, S=0.0827, loss=-0.0628]
Epoch 137/150 [train]:  35%|███▍      | 9/26 [00:00<00:00, 87.28it/s, S=0.0856, loss=-0.0677]
Epoch 137/150 [train]:  69%|██████▉   | 18/26 [00:00<00:00, 87.49it/s, S=0.0856, loss=-0.0677]
Epoch 137/150 [train]:  69%|██████▉   | 18/26 [00:00<00:00, 87.49it/s, S=0.0847, loss=-0.0664]
Epoch 137/150 [train]:  69%|██████▉   | 18/26 [00:00<00:00, 87.49it/s, S=0.0839, loss=-0.0664]
Epoch 137/150 [train]:  69%|██████▉   | 18/26 [00:00<00:00, 87.49it/s, S=0.0854, loss=-0.0682]
Epoch 137/150 [train]:  69%|██████▉   | 18/26 [00:00<00:00, 87.49it/s, S=0.0859, loss=-0.0690]
Epoch 137/150 [train]:  69%|██████▉   | 18/26 [00:00<00:00, 87.49it/s, S=0.0852, loss=-0.0664]
Epoch 137/150 [train]:  69%|██████▉   | 18/26 [00:00<00:00, 87.49it/s, S=0.0852, loss=-0.0681]
Epoch 137/150 [train]:  69%|██████▉   | 18/26 [00:00<00:00, 87.49it/s, S=0.0834, loss=-0.0635]
Epoch 137/150 [train]:  69%|██████▉   | 18/26 [00:00<00:00, 87.49it/s, S=0.0842, loss=-0.0670]
                                                                                              
Epoch 137/150  train loss=-0.0665  val loss=-0.0159  S[mean]=0.0895  ζ=0.3189  mean_plane_ζ=0.1864  reg=0.0736  λscale=1.00  lr=3.19e-05

Epoch 138/150 [train]:   0%|          | 0/26 [00:00<?, ?it/s]
Epoch 138/150 [train]:   0%|          | 0/26 [00:00<?, ?it/s, S=0.0845, loss=-0.0658]
Epoch 138/150 [train]:   0%|          | 0/26 [00:00<?, ?it/s, S=0.0841, loss=-0.0668]
Epoch 138/150 [train]:   0%|          | 0/26 [00:00<?, ?it/s, S=0.0847, loss=-0.0672]
Epoch 138/150 [train]:   0%|          | 0/26 [00:00<?, ?it/s, S=0.0851, loss=-0.0687]
Epoch 138/150 [train]:   0%|          | 0/26 [00:00<?, ?it/s, S=0.0852, loss=-0.0667]
Epoch 138/150 [train]:   0%|          | 0/26 [00:00<?, ?it/s, S=0.0856, loss=-0.0670]
Epoch 138/150 [train]:   0%|          | 0/26 [00:00<?, ?it/s, S=0.0848, loss=-0.0668]
Epoch 138/150 [train]:   0%|          | 0/26 [00:00<?, ?it/s, S=0.0833, loss=-0.0670]
Epoch 138/150 [train]:   0%|          | 0/26 [00:00<?, ?it/s, S=0.0845, loss=-0.0655]
Epoch 138/150 [train]:  35%|███▍      | 9/26 [00:00<00:00, 87.32it/s, S=0.0845, loss=-0.0655]
Epoch 138/150 [train]:  35%|███▍      | 9/26 [00:00<00:00, 87.32it/s, S=0.0849, loss=-0.0672]
Epoch 138/150 [train]:  35%|███▍      | 9/26 [00:00<00:00, 87.32it/s, S=0.0843, loss=-0.0665]
Epoch 138/150 [train]:  35%|███▍      | 9/26 [00:00<00:00, 87.32it/s, S=0.0858, loss=-0.0677]
Epoch 138/150 [train]:  35%|███▍      | 9/26 [00:00<00:00, 87.32it/s, S=0.0844, loss=-0.0670]
Epoch 138/150 [train]:  35%|███▍      | 9/26 [00:00<00:00, 87.32it/s, S=0.0841, loss=-0.0659]
Epoch 138/150 [train]:  35%|███▍      | 9/26 [00:00<00:00, 87.32it/s, S=0.0840, loss=-0.0663]
Epoch 138/150 [train]:  35%|███▍      | 9/26 [00:00<00:00, 87.32it/s, S=0.0849, loss=-0.0672]
Epoch 138/150 [train]:  35%|███▍      | 9/26 [00:00<00:00, 87.32it/s, S=0.0844, loss=-0.0665]
Epoch 138/150 [train]:  35%|███▍      | 9/26 [00:00<00:00, 87.32it/s, S=0.0857, loss=-0.0690]
Epoch 138/150 [train]:  69%|██████▉   | 18/26 [00:00<00:00, 87.70it/s, S=0.0857, loss=-0.0690]
Epoch 138/150 [train]:  69%|██████▉   | 18/26 [00:00<00:00, 87.70it/s, S=0.0837, loss=-0.0672]
Epoch 138/150 [train]:  69%|██████▉   | 18/26 [00:00<00:00, 87.70it/s, S=0.0845, loss=-0.0659]
Epoch 138/150 [train]:  69%|██████▉   | 18/26 [00:00<00:00, 87.70it/s, S=0.0847, loss=-0.0663]
Epoch 138/150 [train]:  69%|██████▉   | 18/26 [00:00<00:00, 87.70it/s, S=0.0840, loss=-0.0659]
Epoch 138/150 [train]:  69%|██████▉   | 18/26 [00:00<00:00, 87.70it/s, S=0.0848, loss=-0.0670]
Epoch 138/150 [train]:  69%|██████▉   | 18/26 [00:00<00:00, 87.70it/s, S=0.0853, loss=-0.0676]
Epoch 138/150 [train]:  69%|██████▉   | 18/26 [00:00<00:00, 87.70it/s, S=0.0843, loss=-0.0672]
Epoch 138/150 [train]:  69%|██████▉   | 18/26 [00:00<00:00, 87.70it/s, S=0.0838, loss=-0.0668]
                                                                                              
Epoch 138/150  train loss=-0.0669  val loss=-0.0160  S[mean]=0.0896  ζ=0.3190  mean_plane_ζ=0.1865  reg=0.0736  λscale=1.00  lr=2.72e-05

Epoch 139/150 [train]:   0%|          | 0/26 [00:00<?, ?it/s]
Epoch 139/150 [train]:   0%|          | 0/26 [00:00<?, ?it/s, S=0.0834, loss=-0.0659]
Epoch 139/150 [train]:   0%|          | 0/26 [00:00<?, ?it/s, S=0.0864, loss=-0.0702]
Epoch 139/150 [train]:   0%|          | 0/26 [00:00<?, ?it/s, S=0.0830, loss=-0.0631]
Epoch 139/150 [train]:   0%|          | 0/26 [00:00<?, ?it/s, S=0.0849, loss=-0.0683]
Epoch 139/150 [train]:   0%|          | 0/26 [00:00<?, ?it/s, S=0.0842, loss=-0.0666]
Epoch 139/150 [train]:   0%|          | 0/26 [00:00<?, ?it/s, S=0.0838, loss=-0.0667]
Epoch 139/150 [train]:   0%|          | 0/26 [00:00<?, ?it/s, S=0.0870, loss=-0.0699]
Epoch 139/150 [train]:   0%|          | 0/26 [00:00<?, ?it/s, S=0.0862, loss=-0.0694]
Epoch 139/150 [train]:   0%|          | 0/26 [00:00<?, ?it/s, S=0.0833, loss=-0.0652]
Epoch 139/150 [train]:  35%|███▍      | 9/26 [00:00<00:00, 87.34it/s, S=0.0833, loss=-0.0652]
Epoch 139/150 [train]:  35%|███▍      | 9/26 [00:00<00:00, 87.34it/s, S=0.0851, loss=-0.0679]
Epoch 139/150 [train]:  35%|███▍      | 9/26 [00:00<00:00, 87.34it/s, S=0.0834, loss=-0.0656]
Epoch 139/150 [train]:  35%|███▍      | 9/26 [00:00<00:00, 87.34it/s, S=0.0847, loss=-0.0670]
Epoch 139/150 [train]:  35%|███▍      | 9/26 [00:00<00:00, 87.34it/s, S=0.0855, loss=-0.0690]
Epoch 139/150 [train]:  35%|███▍      | 9/26 [00:00<00:00, 87.34it/s, S=0.0837, loss=-0.0669]
Epoch 139/150 [train]:  35%|███▍      | 9/26 [00:00<00:00, 87.34it/s, S=0.0853, loss=-0.0690]
Epoch 139/150 [train]:  35%|███▍      | 9/26 [00:00<00:00, 87.34it/s, S=0.0845, loss=-0.0682]
Epoch 139/150 [train]:  35%|███▍      | 9/26 [00:00<00:00, 87.34it/s, S=0.0841, loss=-0.0652]
Epoch 139/150 [train]:  35%|███▍      | 9/26 [00:00<00:00, 87.34it/s, S=0.0841, loss=-0.0676]
Epoch 139/150 [train]:  69%|██████▉   | 18/26 [00:00<00:00, 87.63it/s, S=0.0841, loss=-0.0676]
Epoch 139/150 [train]:  69%|██████▉   | 18/26 [00:00<00:00, 87.63it/s, S=0.0837, loss=-0.0657]
Epoch 139/150 [train]:  69%|██████▉   | 18/26 [00:00<00:00, 87.63it/s, S=0.0852, loss=-0.0665]
Epoch 139/150 [train]:  69%|██████▉   | 18/26 [00:00<00:00, 87.63it/s, S=0.0848, loss=-0.0602]
Epoch 139/150 [train]:  69%|██████▉   | 18/26 [00:00<00:00, 87.63it/s, S=0.0843, loss=-0.0663]
Epoch 139/150 [train]:  69%|██████▉   | 18/26 [00:00<00:00, 87.63it/s, S=0.0852, loss=-0.0665]
Epoch 139/150 [train]:  69%|██████▉   | 18/26 [00:00<00:00, 87.63it/s, S=0.0852, loss=-0.0686]
Epoch 139/150 [train]:  69%|██████▉   | 18/26 [00:00<00:00, 87.63it/s, S=0.0840, loss=-0.0664]
Epoch 139/150 [train]:  69%|██████▉   | 18/26 [00:00<00:00, 87.63it/s, S=0.0846, loss=-0.0677]
                                                                                              
Epoch 139/150  train loss=-0.0669  val loss=-0.0160  S[mean]=0.0896  ζ=0.3189  mean_plane_ζ=0.1864  reg=0.0736  λscale=1.00  lr=2.30e-05

Epoch 140/150 [train]:   0%|          | 0/26 [00:00<?, ?it/s]
Epoch 140/150 [train]:   0%|          | 0/26 [00:00<?, ?it/s, S=0.0848, loss=-0.0658]
Epoch 140/150 [train]:   0%|          | 0/26 [00:00<?, ?it/s, S=0.0838, loss=-0.0663]
Epoch 140/150 [train]:   0%|          | 0/26 [00:00<?, ?it/s, S=0.0849, loss=-0.0668]
Epoch 140/150 [train]:   0%|          | 0/26 [00:00<?, ?it/s, S=0.0860, loss=-0.0682]
Epoch 140/150 [train]:   0%|          | 0/26 [00:00<?, ?it/s, S=0.0839, loss=-0.0634]
Epoch 140/150 [train]:   0%|          | 0/26 [00:00<?, ?it/s, S=0.0840, loss=-0.0663]
Epoch 140/150 [train]:   0%|          | 0/26 [00:00<?, ?it/s, S=0.0852, loss=-0.0690]
Epoch 140/150 [train]:   0%|          | 0/26 [00:00<?, ?it/s, S=0.0849, loss=-0.0683]
Epoch 140/150 [train]:   0%|          | 0/26 [00:00<?, ?it/s, S=0.0848, loss=-0.0680]
Epoch 140/150 [train]:  35%|███▍      | 9/26 [00:00<00:00, 87.54it/s, S=0.0848, loss=-0.0680]
Epoch 140/150 [train]:  35%|███▍      | 9/26 [00:00<00:00, 87.54it/s, S=0.0851, loss=-0.0688]
Epoch 140/150 [train]:  35%|███▍      | 9/26 [00:00<00:00, 87.54it/s, S=0.0844, loss=-0.0658]
Epoch 140/150 [train]:  35%|███▍      | 9/26 [00:00<00:00, 87.54it/s, S=0.0843, loss=-0.0673]
Epoch 140/150 [train]:  35%|███▍      | 9/26 [00:00<00:00, 87.54it/s, S=0.0835, loss=-0.0653]
Epoch 140/150 [train]:  35%|███▍      | 9/26 [00:00<00:00, 87.54it/s, S=0.0852, loss=-0.0677]
Epoch 140/150 [train]:  35%|███▍      | 9/26 [00:00<00:00, 87.54it/s, S=0.0827, loss=-0.0623]
Epoch 140/150 [train]:  35%|███▍      | 9/26 [00:00<00:00, 87.54it/s, S=0.0836, loss=-0.0645]
Epoch 140/150 [train]:  35%|███▍      | 9/26 [00:00<00:00, 87.54it/s, S=0.0845, loss=-0.0648]
Epoch 140/150 [train]:  35%|███▍      | 9/26 [00:00<00:00, 87.54it/s, S=0.0851, loss=-0.0666]
Epoch 140/150 [train]:  69%|██████▉   | 18/26 [00:00<00:00, 87.61it/s, S=0.0851, loss=-0.0666]
Epoch 140/150 [train]:  69%|██████▉   | 18/26 [00:00<00:00, 87.61it/s, S=0.0857, loss=-0.0669]
Epoch 140/150 [train]:  69%|██████▉   | 18/26 [00:00<00:00, 87.61it/s, S=0.0841, loss=-0.0669]
Epoch 140/150 [train]:  69%|██████▉   | 18/26 [00:00<00:00, 87.61it/s, S=0.0852, loss=-0.0678]
Epoch 140/150 [train]:  69%|██████▉   | 18/26 [00:00<00:00, 87.61it/s, S=0.0830, loss=-0.0638]
Epoch 140/150 [train]:  69%|██████▉   | 18/26 [00:00<00:00, 87.61it/s, S=0.0848, loss=-0.0661]
Epoch 140/150 [train]:  69%|██████▉   | 18/26 [00:00<00:00, 87.61it/s, S=0.0839, loss=-0.0650]
Epoch 140/150 [train]:  69%|██████▉   | 18/26 [00:00<00:00, 87.61it/s, S=0.0849, loss=-0.0660]
Epoch 140/150 [train]:  69%|██████▉   | 18/26 [00:00<00:00, 87.61it/s, S=0.0854, loss=-0.0677]
                                                                                              
Epoch 140/150  train loss=-0.0664  val loss=-0.0160  S[mean]=0.0897  ζ=0.3190  mean_plane_ζ=0.1865  reg=0.0736  λscale=1.00  lr=1.90e-05

Epoch 141/150 [train]:   0%|          | 0/26 [00:00<?, ?it/s]
Epoch 141/150 [train]:   0%|          | 0/26 [00:00<?, ?it/s, S=0.0841, loss=-0.0672]
Epoch 141/150 [train]:   0%|          | 0/26 [00:00<?, ?it/s, S=0.0848, loss=-0.0665]
Epoch 141/150 [train]:   0%|          | 0/26 [00:00<?, ?it/s, S=0.0844, loss=-0.0664]
Epoch 141/150 [train]:   0%|          | 0/26 [00:00<?, ?it/s, S=0.0845, loss=-0.0670]
Epoch 141/150 [train]:   0%|          | 0/26 [00:00<?, ?it/s, S=0.0846, loss=-0.0671]
Epoch 141/150 [train]:   0%|          | 0/26 [00:00<?, ?it/s, S=0.0857, loss=-0.0681]
Epoch 141/150 [train]:   0%|          | 0/26 [00:00<?, ?it/s, S=0.0837, loss=-0.0632]
Epoch 141/150 [train]:   0%|          | 0/26 [00:00<?, ?it/s, S=0.0837, loss=-0.0664]
Epoch 141/150 [train]:   0%|          | 0/26 [00:00<?, ?it/s, S=0.0840, loss=-0.0660]
Epoch 141/150 [train]:  35%|███▍      | 9/26 [00:00<00:00, 87.32it/s, S=0.0840, loss=-0.0660]
Epoch 141/150 [train]:  35%|███▍      | 9/26 [00:00<00:00, 87.32it/s, S=0.0850, loss=-0.0664]
Epoch 141/150 [train]:  35%|███▍      | 9/26 [00:00<00:00, 87.32it/s, S=0.0854, loss=-0.0680]
Epoch 141/150 [train]:  35%|███▍      | 9/26 [00:00<00:00, 87.32it/s, S=0.0864, loss=-0.0690]
Epoch 141/150 [train]:  35%|███▍      | 9/26 [00:00<00:00, 87.32it/s, S=0.0841, loss=-0.0659]
Epoch 141/150 [train]:  35%|███▍      | 9/26 [00:00<00:00, 87.32it/s, S=0.0840, loss=-0.0674]
Epoch 141/150 [train]:  35%|███▍      | 9/26 [00:00<00:00, 87.32it/s, S=0.0859, loss=-0.0689]
Epoch 141/150 [train]:  35%|███▍      | 9/26 [00:00<00:00, 87.32it/s, S=0.0852, loss=-0.0674]
Epoch 141/150 [train]:  35%|███▍      | 9/26 [00:00<00:00, 87.32it/s, S=0.0842, loss=-0.0643]
Epoch 141/150 [train]:  35%|███▍      | 9/26 [00:00<00:00, 87.32it/s, S=0.0853, loss=-0.0685]
Epoch 141/150 [train]:  69%|██████▉   | 18/26 [00:00<00:00, 87.55it/s, S=0.0853, loss=-0.0685]
Epoch 141/150 [train]:  69%|██████▉   | 18/26 [00:00<00:00, 87.55it/s, S=0.0844, loss=-0.0657]
Epoch 141/150 [train]:  69%|██████▉   | 18/26 [00:00<00:00, 87.55it/s, S=0.0846, loss=-0.0667]
Epoch 141/150 [train]:  69%|██████▉   | 18/26 [00:00<00:00, 87.55it/s, S=0.0845, loss=-0.0681]
Epoch 141/150 [train]:  69%|██████▉   | 18/26 [00:00<00:00, 87.55it/s, S=0.0860, loss=-0.0686]
Epoch 141/150 [train]:  69%|██████▉   | 18/26 [00:00<00:00, 87.55it/s, S=0.0839, loss=-0.0676]
Epoch 141/150 [train]:  69%|██████▉   | 18/26 [00:00<00:00, 87.55it/s, S=0.0856, loss=-0.0691]
Epoch 141/150 [train]:  69%|██████▉   | 18/26 [00:00<00:00, 87.55it/s, S=0.0850, loss=-0.0671]
Epoch 141/150 [train]:  69%|██████▉   | 18/26 [00:00<00:00, 87.55it/s, S=0.0846, loss=-0.0669]
                                                                                              
Epoch 141/150  train loss=-0.0671  val loss=-0.0161  S[mean]=0.0897  ζ=0.3190  mean_plane_ζ=0.1865  reg=0.0736  λscale=1.00  lr=1.55e-05

Epoch 142/150 [train]:   0%|          | 0/26 [00:00<?, ?it/s]
Epoch 142/150 [train]:   0%|          | 0/26 [00:00<?, ?it/s, S=0.0836, loss=-0.0665]
Epoch 142/150 [train]:   0%|          | 0/26 [00:00<?, ?it/s, S=0.0842, loss=-0.0640]
Epoch 142/150 [train]:   0%|          | 0/26 [00:00<?, ?it/s, S=0.0855, loss=-0.0685]
Epoch 142/150 [train]:   0%|          | 0/26 [00:00<?, ?it/s, S=0.0848, loss=-0.0682]
Epoch 142/150 [train]:   0%|          | 0/26 [00:00<?, ?it/s, S=0.0850, loss=-0.0661]
Epoch 142/150 [train]:   0%|          | 0/26 [00:00<?, ?it/s, S=0.0843, loss=-0.0662]
Epoch 142/150 [train]:   0%|          | 0/26 [00:00<?, ?it/s, S=0.0846, loss=-0.0677]
Epoch 142/150 [train]:   0%|          | 0/26 [00:00<?, ?it/s, S=0.0843, loss=-0.0674]
Epoch 142/150 [train]:   0%|          | 0/26 [00:00<?, ?it/s, S=0.0853, loss=-0.0672]
Epoch 142/150 [train]:  35%|███▍      | 9/26 [00:00<00:00, 87.46it/s, S=0.0853, loss=-0.0672]
Epoch 142/150 [train]:  35%|███▍      | 9/26 [00:00<00:00, 87.46it/s, S=0.0835, loss=-0.0617]
Epoch 142/150 [train]:  35%|███▍      | 9/26 [00:00<00:00, 87.46it/s, S=0.0829, loss=-0.0645]
Epoch 142/150 [train]:  35%|███▍      | 9/26 [00:00<00:00, 87.46it/s, S=0.0842, loss=-0.0658]
Epoch 142/150 [train]:  35%|███▍      | 9/26 [00:00<00:00, 87.46it/s, S=0.0855, loss=-0.0686]
Epoch 142/150 [train]:  35%|███▍      | 9/26 [00:00<00:00, 87.46it/s, S=0.0839, loss=-0.0669]
Epoch 142/150 [train]:  35%|███▍      | 9/26 [00:00<00:00, 87.46it/s, S=0.0849, loss=-0.0675]
Epoch 142/150 [train]:  35%|███▍      | 9/26 [00:00<00:00, 87.46it/s, S=0.0853, loss=-0.0680]
Epoch 142/150 [train]:  35%|███▍      | 9/26 [00:00<00:00, 87.46it/s, S=0.0854, loss=-0.0681]
Epoch 142/150 [train]:  35%|███▍      | 9/26 [00:00<00:00, 87.46it/s, S=0.0861, loss=-0.0682]
Epoch 142/150 [train]:  69%|██████▉   | 18/26 [00:00<00:00, 87.77it/s, S=0.0861, loss=-0.0682]
Epoch 142/150 [train]:  69%|██████▉   | 18/26 [00:00<00:00, 87.77it/s, S=0.0857, loss=-0.0688]
Epoch 142/150 [train]:  69%|██████▉   | 18/26 [00:00<00:00, 87.77it/s, S=0.0845, loss=-0.0655]
Epoch 142/150 [train]:  69%|██████▉   | 18/26 [00:00<00:00, 87.77it/s, S=0.0825, loss=-0.0614]
Epoch 142/150 [train]:  69%|██████▉   | 18/26 [00:00<00:00, 87.77it/s, S=0.0840, loss=-0.0677]
Epoch 142/150 [train]:  69%|██████▉   | 18/26 [00:00<00:00, 87.77it/s, S=0.0857, loss=-0.0689]
Epoch 142/150 [train]:  69%|██████▉   | 18/26 [00:00<00:00, 87.77it/s, S=0.0824, loss=-0.0640]
Epoch 142/150 [train]:  69%|██████▉   | 18/26 [00:00<00:00, 87.77it/s, S=0.0844, loss=-0.0673]
Epoch 142/150 [train]:  69%|██████▉   | 18/26 [00:00<00:00, 87.77it/s, S=0.0845, loss=-0.0670]
                                                                                              
Epoch 142/150  train loss=-0.0666  val loss=-0.0161  S[mean]=0.0897  ζ=0.3190  mean_plane_ζ=0.1866  reg=0.0736  λscale=1.00  lr=1.22e-05

Epoch 143/150 [train]:   0%|          | 0/26 [00:00<?, ?it/s]
Epoch 143/150 [train]:   0%|          | 0/26 [00:00<?, ?it/s, S=0.0854, loss=-0.0683]
Epoch 143/150 [train]:   0%|          | 0/26 [00:00<?, ?it/s, S=0.0856, loss=-0.0674]
Epoch 143/150 [train]:   0%|          | 0/26 [00:00<?, ?it/s, S=0.0862, loss=-0.0691]
Epoch 143/150 [train]:   0%|          | 0/26 [00:00<?, ?it/s, S=0.0844, loss=-0.0662]
Epoch 143/150 [train]:   0%|          | 0/26 [00:00<?, ?it/s, S=0.0830, loss=-0.0655]
Epoch 143/150 [train]:   0%|          | 0/26 [00:00<?, ?it/s, S=0.0850, loss=-0.0652]
Epoch 143/150 [train]:   0%|          | 0/26 [00:00<?, ?it/s, S=0.0824, loss=-0.0639]
Epoch 143/150 [train]:   0%|          | 0/26 [00:00<?, ?it/s, S=0.0834, loss=-0.0646]
Epoch 143/150 [train]:   0%|          | 0/26 [00:00<?, ?it/s, S=0.0840, loss=-0.0662]
Epoch 143/150 [train]:  35%|███▍      | 9/26 [00:00<00:00, 87.43it/s, S=0.0840, loss=-0.0662]
Epoch 143/150 [train]:  35%|███▍      | 9/26 [00:00<00:00, 87.43it/s, S=0.0848, loss=-0.0676]
Epoch 143/150 [train]:  35%|███▍      | 9/26 [00:00<00:00, 87.43it/s, S=0.0853, loss=-0.0692]
Epoch 143/150 [train]:  35%|███▍      | 9/26 [00:00<00:00, 87.43it/s, S=0.0852, loss=-0.0679]
Epoch 143/150 [train]:  35%|███▍      | 9/26 [00:00<00:00, 87.43it/s, S=0.0853, loss=-0.0678]
Epoch 143/150 [train]:  35%|███▍      | 9/26 [00:00<00:00, 87.43it/s, S=0.0851, loss=-0.0664]
Epoch 143/150 [train]:  35%|███▍      | 9/26 [00:00<00:00, 87.43it/s, S=0.0853, loss=-0.0688]
Epoch 143/150 [train]:  35%|███▍      | 9/26 [00:00<00:00, 87.43it/s, S=0.0853, loss=-0.0677]
Epoch 143/150 [train]:  35%|███▍      | 9/26 [00:00<00:00, 87.43it/s, S=0.0858, loss=-0.0683]
Epoch 143/150 [train]:  35%|███▍      | 9/26 [00:00<00:00, 87.43it/s, S=0.0837, loss=-0.0668]
Epoch 143/150 [train]:  69%|██████▉   | 18/26 [00:00<00:00, 87.80it/s, S=0.0837, loss=-0.0668]
Epoch 143/150 [train]:  69%|██████▉   | 18/26 [00:00<00:00, 87.80it/s, S=0.0834, loss=-0.0649]
Epoch 143/150 [train]:  69%|██████▉   | 18/26 [00:00<00:00, 87.80it/s, S=0.0849, loss=-0.0678]
Epoch 143/150 [train]:  69%|██████▉   | 18/26 [00:00<00:00, 87.80it/s, S=0.0841, loss=-0.0651]
Epoch 143/150 [train]:  69%|██████▉   | 18/26 [00:00<00:00, 87.80it/s, S=0.0849, loss=-0.0678]
Epoch 143/150 [train]:  69%|██████▉   | 18/26 [00:00<00:00, 87.80it/s, S=0.0847, loss=-0.0666]
Epoch 143/150 [train]:  69%|██████▉   | 18/26 [00:00<00:00, 87.80it/s, S=0.0857, loss=-0.0671]
Epoch 143/150 [train]:  69%|██████▉   | 18/26 [00:00<00:00, 87.80it/s, S=0.0832, loss=-0.0637]
Epoch 143/150 [train]:  69%|██████▉   | 18/26 [00:00<00:00, 87.80it/s, S=0.0849, loss=-0.0679]
                                                                                              
Epoch 143/150  train loss=-0.0668  val loss=-0.0161  S[mean]=0.0897  ζ=0.3190  mean_plane_ζ=0.1866  reg=0.0736  λscale=1.00  lr=9.39e-06

Epoch 144/150 [train]:   0%|          | 0/26 [00:00<?, ?it/s]
Epoch 144/150 [train]:   0%|          | 0/26 [00:00<?, ?it/s, S=0.0852, loss=-0.0684]
Epoch 144/150 [train]:   0%|          | 0/26 [00:00<?, ?it/s, S=0.0847, loss=-0.0677]
Epoch 144/150 [train]:   0%|          | 0/26 [00:00<?, ?it/s, S=0.0849, loss=-0.0665]
Epoch 144/150 [train]:   0%|          | 0/26 [00:00<?, ?it/s, S=0.0856, loss=-0.0694]
Epoch 144/150 [train]:   0%|          | 0/26 [00:00<?, ?it/s, S=0.0855, loss=-0.0671]
Epoch 144/150 [train]:   0%|          | 0/26 [00:00<?, ?it/s, S=0.0841, loss=-0.0666]
Epoch 144/150 [train]:   0%|          | 0/26 [00:00<?, ?it/s, S=0.0854, loss=-0.0685]
Epoch 144/150 [train]:   0%|          | 0/26 [00:00<?, ?it/s, S=0.0853, loss=-0.0683]
Epoch 144/150 [train]:   0%|          | 0/26 [00:00<?, ?it/s, S=0.0847, loss=-0.0680]
Epoch 144/150 [train]:  35%|███▍      | 9/26 [00:00<00:00, 87.37it/s, S=0.0847, loss=-0.0680]
Epoch 144/150 [train]:  35%|███▍      | 9/26 [00:00<00:00, 87.37it/s, S=0.0855, loss=-0.0690]
Epoch 144/150 [train]:  35%|███▍      | 9/26 [00:00<00:00, 87.37it/s, S=0.0850, loss=-0.0673]
Epoch 144/150 [train]:  35%|███▍      | 9/26 [00:00<00:00, 87.37it/s, S=0.0844, loss=-0.0664]
Epoch 144/150 [train]:  35%|███▍      | 9/26 [00:00<00:00, 87.37it/s, S=0.0841, loss=-0.0669]
Epoch 144/150 [train]:  35%|███▍      | 9/26 [00:00<00:00, 87.37it/s, S=0.0833, loss=-0.0650]
Epoch 144/150 [train]:  35%|███▍      | 9/26 [00:00<00:00, 87.37it/s, S=0.0846, loss=-0.0672]
Epoch 144/150 [train]:  35%|███▍      | 9/26 [00:00<00:00, 87.37it/s, S=0.0856, loss=-0.0688]
Epoch 144/150 [train]:  35%|███▍      | 9/26 [00:00<00:00, 87.37it/s, S=0.0850, loss=-0.0683]
Epoch 144/150 [train]:  35%|███▍      | 9/26 [00:00<00:00, 87.37it/s, S=0.0848, loss=-0.0678]
Epoch 144/150 [train]:  69%|██████▉   | 18/26 [00:00<00:00, 87.74it/s, S=0.0848, loss=-0.0678]
Epoch 144/150 [train]:  69%|██████▉   | 18/26 [00:00<00:00, 87.74it/s, S=0.0828, loss=-0.0626]
Epoch 144/150 [train]:  69%|██████▉   | 18/26 [00:00<00:00, 87.74it/s, S=0.0850, loss=-0.0679]
Epoch 144/150 [train]:  69%|██████▉   | 18/26 [00:00<00:00, 87.74it/s, S=0.0835, loss=-0.0641]
Epoch 144/150 [train]:  69%|██████▉   | 18/26 [00:00<00:00, 87.74it/s, S=0.0855, loss=-0.0687]
Epoch 144/150 [train]:  69%|██████▉   | 18/26 [00:00<00:00, 87.74it/s, S=0.0849, loss=-0.0670]
Epoch 144/150 [train]:  69%|██████▉   | 18/26 [00:00<00:00, 87.74it/s, S=0.0848, loss=-0.0659]
Epoch 144/150 [train]:  69%|██████▉   | 18/26 [00:00<00:00, 87.74it/s, S=0.0857, loss=-0.0694]
Epoch 144/150 [train]:  69%|██████▉   | 18/26 [00:00<00:00, 87.74it/s, S=0.0825, loss=-0.0622]
                                                                                              
Epoch 144/150  train loss=-0.0671  val loss=-0.0161  S[mean]=0.0897  ζ=0.3190  mean_plane_ζ=0.1866  reg=0.0736  λscale=1.00  lr=6.91e-06

Epoch 145/150 [train]:   0%|          | 0/26 [00:00<?, ?it/s]
Epoch 145/150 [train]:   0%|          | 0/26 [00:00<?, ?it/s, S=0.0845, loss=-0.0681]
Epoch 145/150 [train]:   0%|          | 0/26 [00:00<?, ?it/s, S=0.0847, loss=-0.0675]
Epoch 145/150 [train]:   0%|          | 0/26 [00:00<?, ?it/s, S=0.0843, loss=-0.0672]
Epoch 145/150 [train]:   0%|          | 0/26 [00:00<?, ?it/s, S=0.0849, loss=-0.0665]
Epoch 145/150 [train]:   0%|          | 0/26 [00:00<?, ?it/s, S=0.0853, loss=-0.0687]
Epoch 145/150 [train]:   0%|          | 0/26 [00:00<?, ?it/s, S=0.0846, loss=-0.0655]
Epoch 145/150 [train]:   0%|          | 0/26 [00:00<?, ?it/s, S=0.0849, loss=-0.0678]
Epoch 145/150 [train]:   0%|          | 0/26 [00:00<?, ?it/s, S=0.0855, loss=-0.0681]
Epoch 145/150 [train]:   0%|          | 0/26 [00:00<?, ?it/s, S=0.0859, loss=-0.0692]
Epoch 145/150 [train]:  35%|███▍      | 9/26 [00:00<00:00, 87.09it/s, S=0.0859, loss=-0.0692]
Epoch 145/150 [train]:  35%|███▍      | 9/26 [00:00<00:00, 87.09it/s, S=0.0853, loss=-0.0679]
Epoch 145/150 [train]:  35%|███▍      | 9/26 [00:00<00:00, 87.09it/s, S=0.0848, loss=-0.0664]
Epoch 145/150 [train]:  35%|███▍      | 9/26 [00:00<00:00, 87.09it/s, S=0.0859, loss=-0.0688]
Epoch 145/150 [train]:  35%|███▍      | 9/26 [00:00<00:00, 87.09it/s, S=0.0837, loss=-0.0667]
Epoch 145/150 [train]:  35%|███▍      | 9/26 [00:00<00:00, 87.09it/s, S=0.0850, loss=-0.0677]
Epoch 145/150 [train]:  35%|███▍      | 9/26 [00:00<00:00, 87.09it/s, S=0.0849, loss=-0.0673]
Epoch 145/150 [train]:  35%|███▍      | 9/26 [00:00<00:00, 87.09it/s, S=0.0840, loss=-0.0673]
Epoch 145/150 [train]:  35%|███▍      | 9/26 [00:00<00:00, 87.09it/s, S=0.0849, loss=-0.0667]
Epoch 145/150 [train]:  35%|███▍      | 9/26 [00:00<00:00, 87.09it/s, S=0.0838, loss=-0.0668]
Epoch 145/150 [train]:  69%|██████▉   | 18/26 [00:00<00:00, 87.57it/s, S=0.0838, loss=-0.0668]
Epoch 145/150 [train]:  69%|██████▉   | 18/26 [00:00<00:00, 87.57it/s, S=0.0845, loss=-0.0676]
Epoch 145/150 [train]:  69%|██████▉   | 18/26 [00:00<00:00, 87.57it/s, S=0.0861, loss=-0.0689]
Epoch 145/150 [train]:  69%|██████▉   | 18/26 [00:00<00:00, 87.57it/s, S=0.0859, loss=-0.0684]
Epoch 145/150 [train]:  69%|██████▉   | 18/26 [00:00<00:00, 87.57it/s, S=0.0851, loss=-0.0687]
Epoch 145/150 [train]:  69%|██████▉   | 18/26 [00:00<00:00, 87.57it/s, S=0.0814, loss=-0.0612]
Epoch 145/150 [train]:  69%|██████▉   | 18/26 [00:00<00:00, 87.57it/s, S=0.0844, loss=-0.0666]
Epoch 145/150 [train]:  69%|██████▉   | 18/26 [00:00<00:00, 87.57it/s, S=0.0851, loss=-0.0675]
Epoch 145/150 [train]:  69%|██████▉   | 18/26 [00:00<00:00, 87.57it/s, S=0.0842, loss=-0.0664]
                                                                                              
Epoch 145/150  train loss=-0.0673  val loss=-0.0161  S[mean]=0.0897  ζ=0.3190  mean_plane_ζ=0.1866  reg=0.0736  λscale=1.00  lr=4.80e-06

Epoch 146/150 [train]:   0%|          | 0/26 [00:00<?, ?it/s]
Epoch 146/150 [train]:   0%|          | 0/26 [00:00<?, ?it/s, S=0.0850, loss=-0.0681]
Epoch 146/150 [train]:   0%|          | 0/26 [00:00<?, ?it/s, S=0.0834, loss=-0.0663]
Epoch 146/150 [train]:   0%|          | 0/26 [00:00<?, ?it/s, S=0.0843, loss=-0.0659]
Epoch 146/150 [train]:   0%|          | 0/26 [00:00<?, ?it/s, S=0.0858, loss=-0.0697]
Epoch 146/150 [train]:   0%|          | 0/26 [00:00<?, ?it/s, S=0.0834, loss=-0.0629]
Epoch 146/150 [train]:   0%|          | 0/26 [00:00<?, ?it/s, S=0.0848, loss=-0.0664]
Epoch 146/150 [train]:   0%|          | 0/26 [00:00<?, ?it/s, S=0.0851, loss=-0.0678]
Epoch 146/150 [train]:   0%|          | 0/26 [00:00<?, ?it/s, S=0.0846, loss=-0.0672]
Epoch 146/150 [train]:   0%|          | 0/26 [00:00<?, ?it/s, S=0.0843, loss=-0.0677]
Epoch 146/150 [train]:  35%|███▍      | 9/26 [00:00<00:00, 87.47it/s, S=0.0843, loss=-0.0677]
Epoch 146/150 [train]:  35%|███▍      | 9/26 [00:00<00:00, 87.47it/s, S=0.0834, loss=-0.0615]
Epoch 146/150 [train]:  35%|███▍      | 9/26 [00:00<00:00, 87.47it/s, S=0.0863, loss=-0.0689]
Epoch 146/150 [train]:  35%|███▍      | 9/26 [00:00<00:00, 87.47it/s, S=0.0841, loss=-0.0645]
Epoch 146/150 [train]:  35%|███▍      | 9/26 [00:00<00:00, 87.47it/s, S=0.0839, loss=-0.0662]
Epoch 146/150 [train]:  35%|███▍      | 9/26 [00:00<00:00, 87.47it/s, S=0.0852, loss=-0.0666]
Epoch 146/150 [train]:  35%|███▍      | 9/26 [00:00<00:00, 87.47it/s, S=0.0858, loss=-0.0690]
Epoch 146/150 [train]:  35%|███▍      | 9/26 [00:00<00:00, 87.47it/s, S=0.0849, loss=-0.0681]
Epoch 146/150 [train]:  35%|███▍      | 9/26 [00:00<00:00, 87.47it/s, S=0.0839, loss=-0.0641]
Epoch 146/150 [train]:  35%|███▍      | 9/26 [00:00<00:00, 87.47it/s, S=0.0854, loss=-0.0674]
Epoch 146/150 [train]:  69%|██████▉   | 18/26 [00:00<00:00, 87.81it/s, S=0.0854, loss=-0.0674]
Epoch 146/150 [train]:  69%|██████▉   | 18/26 [00:00<00:00, 87.81it/s, S=0.0849, loss=-0.0676]
Epoch 146/150 [train]:  69%|██████▉   | 18/26 [00:00<00:00, 87.81it/s, S=0.0830, loss=-0.0650]
Epoch 146/150 [train]:  69%|██████▉   | 18/26 [00:00<00:00, 87.81it/s, S=0.0850, loss=-0.0660]
Epoch 146/150 [train]:  69%|██████▉   | 18/26 [00:00<00:00, 87.81it/s, S=0.0851, loss=-0.0677]
Epoch 146/150 [train]:  69%|██████▉   | 18/26 [00:00<00:00, 87.81it/s, S=0.0847, loss=-0.0679]
Epoch 146/150 [train]:  69%|██████▉   | 18/26 [00:00<00:00, 87.81it/s, S=0.0831, loss=-0.0657]
Epoch 146/150 [train]:  69%|██████▉   | 18/26 [00:00<00:00, 87.81it/s, S=0.0838, loss=-0.0671]
Epoch 146/150 [train]:  69%|██████▉   | 18/26 [00:00<00:00, 87.81it/s, S=0.0840, loss=-0.0641]
                                                                                              
Epoch 146/150  train loss=-0.0665  val loss=-0.0161  S[mean]=0.0897  ζ=0.3190  mean_plane_ζ=0.1866  reg=0.0736  λscale=1.00  lr=3.08e-06

Epoch 147/150 [train]:   0%|          | 0/26 [00:00<?, ?it/s]
Epoch 147/150 [train]:   0%|          | 0/26 [00:00<?, ?it/s, S=0.0844, loss=-0.0659]
Epoch 147/150 [train]:   0%|          | 0/26 [00:00<?, ?it/s, S=0.0855, loss=-0.0677]
Epoch 147/150 [train]:   0%|          | 0/26 [00:00<?, ?it/s, S=0.0849, loss=-0.0652]
Epoch 147/150 [train]:   0%|          | 0/26 [00:00<?, ?it/s, S=0.0859, loss=-0.0689]
Epoch 147/150 [train]:   0%|          | 0/26 [00:00<?, ?it/s, S=0.0840, loss=-0.0650]
Epoch 147/150 [train]:   0%|          | 0/26 [00:00<?, ?it/s, S=0.0846, loss=-0.0674]
Epoch 147/150 [train]:   0%|          | 0/26 [00:00<?, ?it/s, S=0.0864, loss=-0.0685]
Epoch 147/150 [train]:   0%|          | 0/26 [00:00<?, ?it/s, S=0.0841, loss=-0.0666]
Epoch 147/150 [train]:   0%|          | 0/26 [00:00<?, ?it/s, S=0.0821, loss=-0.0655]
Epoch 147/150 [train]:  35%|███▍      | 9/26 [00:00<00:00, 87.11it/s, S=0.0821, loss=-0.0655]
Epoch 147/150 [train]:  35%|███▍      | 9/26 [00:00<00:00, 87.11it/s, S=0.0866, loss=-0.0684]
Epoch 147/150 [train]:  35%|███▍      | 9/26 [00:00<00:00, 87.11it/s, S=0.0857, loss=-0.0694]
Epoch 147/150 [train]:  35%|███▍      | 9/26 [00:00<00:00, 87.11it/s, S=0.0849, loss=-0.0682]
Epoch 147/150 [train]:  35%|███▍      | 9/26 [00:00<00:00, 87.11it/s, S=0.0849, loss=-0.0683]
Epoch 147/150 [train]:  35%|███▍      | 9/26 [00:00<00:00, 87.11it/s, S=0.0830, loss=-0.0654]
Epoch 147/150 [train]:  35%|███▍      | 9/26 [00:00<00:00, 87.11it/s, S=0.0827, loss=-0.0646]
Epoch 147/150 [train]:  35%|███▍      | 9/26 [00:00<00:00, 87.11it/s, S=0.0843, loss=-0.0669]
Epoch 147/150 [train]:  35%|███▍      | 9/26 [00:00<00:00, 87.11it/s, S=0.0850, loss=-0.0683]
Epoch 147/150 [train]:  35%|███▍      | 9/26 [00:00<00:00, 87.11it/s, S=0.0845, loss=-0.0642]
Epoch 147/150 [train]:  69%|██████▉   | 18/26 [00:00<00:00, 87.42it/s, S=0.0845, loss=-0.0642]
Epoch 147/150 [train]:  69%|██████▉   | 18/26 [00:00<00:00, 87.42it/s, S=0.0838, loss=-0.0638]
Epoch 147/150 [train]:  69%|██████▉   | 18/26 [00:00<00:00, 87.42it/s, S=0.0844, loss=-0.0668]
Epoch 147/150 [train]:  69%|██████▉   | 18/26 [00:00<00:00, 87.42it/s, S=0.0851, loss=-0.0666]
Epoch 147/150 [train]:  69%|██████▉   | 18/26 [00:00<00:00, 87.42it/s, S=0.0853, loss=-0.0676]
Epoch 147/150 [train]:  69%|██████▉   | 18/26 [00:00<00:00, 87.42it/s, S=0.0843, loss=-0.0660]
Epoch 147/150 [train]:  69%|██████▉   | 18/26 [00:00<00:00, 87.42it/s, S=0.0854, loss=-0.0690]
Epoch 147/150 [train]:  69%|██████▉   | 18/26 [00:00<00:00, 87.42it/s, S=0.0852, loss=-0.0666]
Epoch 147/150 [train]:  69%|██████▉   | 18/26 [00:00<00:00, 87.42it/s, S=0.0835, loss=-0.0657]
                                                                                              
Epoch 147/150  train loss=-0.0668  val loss=-0.0161  S[mean]=0.0897  ζ=0.3190  mean_plane_ζ=0.1866  reg=0.0736  λscale=1.00  lr=1.73e-06

Epoch 148/150 [train]:   0%|          | 0/26 [00:00<?, ?it/s]
Epoch 148/150 [train]:   0%|          | 0/26 [00:00<?, ?it/s, S=0.0850, loss=-0.0678]
Epoch 148/150 [train]:   0%|          | 0/26 [00:00<?, ?it/s, S=0.0838, loss=-0.0661]
Epoch 148/150 [train]:   0%|          | 0/26 [00:00<?, ?it/s, S=0.0845, loss=-0.0675]
Epoch 148/150 [train]:   0%|          | 0/26 [00:00<?, ?it/s, S=0.0854, loss=-0.0688]
Epoch 148/150 [train]:   0%|          | 0/26 [00:00<?, ?it/s, S=0.0853, loss=-0.0681]
Epoch 148/150 [train]:   0%|          | 0/26 [00:00<?, ?it/s, S=0.0853, loss=-0.0685]
Epoch 148/150 [train]:   0%|          | 0/26 [00:00<?, ?it/s, S=0.0846, loss=-0.0678]
Epoch 148/150 [train]:   0%|          | 0/26 [00:00<?, ?it/s, S=0.0846, loss=-0.0669]
Epoch 148/150 [train]:   0%|          | 0/26 [00:00<?, ?it/s, S=0.0840, loss=-0.0657]
Epoch 148/150 [train]:  35%|███▍      | 9/26 [00:00<00:00, 87.02it/s, S=0.0840, loss=-0.0657]
Epoch 148/150 [train]:  35%|███▍      | 9/26 [00:00<00:00, 87.02it/s, S=0.0837, loss=-0.0630]
Epoch 148/150 [train]:  35%|███▍      | 9/26 [00:00<00:00, 87.02it/s, S=0.0844, loss=-0.0674]
Epoch 148/150 [train]:  35%|███▍      | 9/26 [00:00<00:00, 87.02it/s, S=0.0864, loss=-0.0688]
Epoch 148/150 [train]:  35%|███▍      | 9/26 [00:00<00:00, 87.02it/s, S=0.0847, loss=-0.0660]
Epoch 148/150 [train]:  35%|███▍      | 9/26 [00:00<00:00, 87.02it/s, S=0.0846, loss=-0.0670]
Epoch 148/150 [train]:  35%|███▍      | 9/26 [00:00<00:00, 87.02it/s, S=0.0840, loss=-0.0667]
Epoch 148/150 [train]:  35%|███▍      | 9/26 [00:00<00:00, 87.02it/s, S=0.0834, loss=-0.0658]
Epoch 148/150 [train]:  35%|███▍      | 9/26 [00:00<00:00, 87.02it/s, S=0.0864, loss=-0.0683]
Epoch 148/150 [train]:  35%|███▍      | 9/26 [00:00<00:00, 87.02it/s, S=0.0852, loss=-0.0682]
Epoch 148/150 [train]:  69%|██████▉   | 18/26 [00:00<00:00, 87.39it/s, S=0.0852, loss=-0.0682]
Epoch 148/150 [train]:  69%|██████▉   | 18/26 [00:00<00:00, 87.39it/s, S=0.0848, loss=-0.0673]
Epoch 148/150 [train]:  69%|██████▉   | 18/26 [00:00<00:00, 87.39it/s, S=0.0849, loss=-0.0685]
Epoch 148/150 [train]:  69%|██████▉   | 18/26 [00:00<00:00, 87.39it/s, S=0.0851, loss=-0.0686]
Epoch 148/150 [train]:  69%|██████▉   | 18/26 [00:00<00:00, 87.39it/s, S=0.0855, loss=-0.0669]
Epoch 148/150 [train]:  69%|██████▉   | 18/26 [00:00<00:00, 87.39it/s, S=0.0857, loss=-0.0682]
Epoch 148/150 [train]:  69%|██████▉   | 18/26 [00:00<00:00, 87.39it/s, S=0.0847, loss=-0.0674]
Epoch 148/150 [train]:  69%|██████▉   | 18/26 [00:00<00:00, 87.39it/s, S=0.0830, loss=-0.0647]
Epoch 148/150 [train]:  69%|██████▉   | 18/26 [00:00<00:00, 87.39it/s, S=0.0855, loss=-0.0669]
                                                                                              
Epoch 148/150  train loss=-0.0672  val loss=-0.0161  S[mean]=0.0897  ζ=0.3190  mean_plane_ζ=0.1866  reg=0.0736  λscale=1.00  lr=7.71e-07

Epoch 149/150 [train]:   0%|          | 0/26 [00:00<?, ?it/s]
Epoch 149/150 [train]:   0%|          | 0/26 [00:00<?, ?it/s, S=0.0857, loss=-0.0679]
Epoch 149/150 [train]:   0%|          | 0/26 [00:00<?, ?it/s, S=0.0838, loss=-0.0647]
Epoch 149/150 [train]:   0%|          | 0/26 [00:00<?, ?it/s, S=0.0850, loss=-0.0681]
Epoch 149/150 [train]:   0%|          | 0/26 [00:00<?, ?it/s, S=0.0843, loss=-0.0667]
Epoch 149/150 [train]:   0%|          | 0/26 [00:00<?, ?it/s, S=0.0843, loss=-0.0668]
Epoch 149/150 [train]:   0%|          | 0/26 [00:00<?, ?it/s, S=0.0841, loss=-0.0674]
Epoch 149/150 [train]:   0%|          | 0/26 [00:00<?, ?it/s, S=0.0839, loss=-0.0654]
Epoch 149/150 [train]:   0%|          | 0/26 [00:00<?, ?it/s, S=0.0844, loss=-0.0658]
Epoch 149/150 [train]:   0%|          | 0/26 [00:00<?, ?it/s, S=0.0844, loss=-0.0660]
Epoch 149/150 [train]:  35%|███▍      | 9/26 [00:00<00:00, 87.20it/s, S=0.0844, loss=-0.0660]
Epoch 149/150 [train]:  35%|███▍      | 9/26 [00:00<00:00, 87.20it/s, S=0.0851, loss=-0.0674]
Epoch 149/150 [train]:  35%|███▍      | 9/26 [00:00<00:00, 87.20it/s, S=0.0854, loss=-0.0684]
Epoch 149/150 [train]:  35%|███▍      | 9/26 [00:00<00:00, 87.20it/s, S=0.0857, loss=-0.0679]
Epoch 149/150 [train]:  35%|███▍      | 9/26 [00:00<00:00, 87.20it/s, S=0.0847, loss=-0.0680]
Epoch 149/150 [train]:  35%|███▍      | 9/26 [00:00<00:00, 87.20it/s, S=0.0842, loss=-0.0662]
Epoch 149/150 [train]:  35%|███▍      | 9/26 [00:00<00:00, 87.20it/s, S=0.0840, loss=-0.0644]
Epoch 149/150 [train]:  35%|███▍      | 9/26 [00:00<00:00, 87.20it/s, S=0.0854, loss=-0.0691]
Epoch 149/150 [train]:  35%|███▍      | 9/26 [00:00<00:00, 87.20it/s, S=0.0850, loss=-0.0676]
Epoch 149/150 [train]:  35%|███▍      | 9/26 [00:00<00:00, 87.20it/s, S=0.0838, loss=-0.0667]
Epoch 149/150 [train]:  69%|██████▉   | 18/26 [00:00<00:00, 87.53it/s, S=0.0838, loss=-0.0667]
Epoch 149/150 [train]:  69%|██████▉   | 18/26 [00:00<00:00, 87.53it/s, S=0.0841, loss=-0.0663]
Epoch 149/150 [train]:  69%|██████▉   | 18/26 [00:00<00:00, 87.53it/s, S=0.0846, loss=-0.0633]
Epoch 149/150 [train]:  69%|██████▉   | 18/26 [00:00<00:00, 87.53it/s, S=0.0850, loss=-0.0675]
Epoch 149/150 [train]:  69%|██████▉   | 18/26 [00:00<00:00, 87.53it/s, S=0.0860, loss=-0.0679]
Epoch 149/150 [train]:  69%|██████▉   | 18/26 [00:00<00:00, 87.53it/s, S=0.0857, loss=-0.0690]
Epoch 149/150 [train]:  69%|██████▉   | 18/26 [00:00<00:00, 87.53it/s, S=0.0852, loss=-0.0681]
Epoch 149/150 [train]:  69%|██████▉   | 18/26 [00:00<00:00, 87.53it/s, S=0.0840, loss=-0.0661]
Epoch 149/150 [train]:  69%|██████▉   | 18/26 [00:00<00:00, 87.53it/s, S=0.0846, loss=-0.0674]
                                                                                              
Epoch 149/150  train loss=-0.0669  val loss=-0.0161  S[mean]=0.0897  ζ=0.3190  mean_plane_ζ=0.1866  reg=0.0736  λscale=1.00  lr=1.93e-07

Epoch 150/150 [train]:   0%|          | 0/26 [00:00<?, ?it/s]
Epoch 150/150 [train]:   0%|          | 0/26 [00:00<?, ?it/s, S=0.0843, loss=-0.0660]
Epoch 150/150 [train]:   0%|          | 0/26 [00:00<?, ?it/s, S=0.0848, loss=-0.0658]
Epoch 150/150 [train]:   0%|          | 0/26 [00:00<?, ?it/s, S=0.0861, loss=-0.0685]
Epoch 150/150 [train]:   0%|          | 0/26 [00:00<?, ?it/s, S=0.0840, loss=-0.0643]
Epoch 150/150 [train]:   0%|          | 0/26 [00:00<?, ?it/s, S=0.0845, loss=-0.0652]
Epoch 150/150 [train]:   0%|          | 0/26 [00:00<?, ?it/s, S=0.0844, loss=-0.0662]
Epoch 150/150 [train]:   0%|          | 0/26 [00:00<?, ?it/s, S=0.0833, loss=-0.0665]
Epoch 150/150 [train]:   0%|          | 0/26 [00:00<?, ?it/s, S=0.0844, loss=-0.0678]
Epoch 150/150 [train]:   0%|          | 0/26 [00:00<?, ?it/s, S=0.0847, loss=-0.0678]
Epoch 150/150 [train]:  35%|███▍      | 9/26 [00:00<00:00, 87.24it/s, S=0.0847, loss=-0.0678]
Epoch 150/150 [train]:  35%|███▍      | 9/26 [00:00<00:00, 87.24it/s, S=0.0845, loss=-0.0666]
Epoch 150/150 [train]:  35%|███▍      | 9/26 [00:00<00:00, 87.24it/s, S=0.0854, loss=-0.0680]
Epoch 150/150 [train]:  35%|███▍      | 9/26 [00:00<00:00, 87.24it/s, S=0.0832, loss=-0.0618]
Epoch 150/150 [train]:  35%|███▍      | 9/26 [00:00<00:00, 87.24it/s, S=0.0851, loss=-0.0684]
Epoch 150/150 [train]:  35%|███▍      | 9/26 [00:00<00:00, 87.24it/s, S=0.0846, loss=-0.0675]
Epoch 150/150 [train]:  35%|███▍      | 9/26 [00:00<00:00, 87.24it/s, S=0.0853, loss=-0.0664]
Epoch 150/150 [train]:  35%|███▍      | 9/26 [00:00<00:00, 87.24it/s, S=0.0849, loss=-0.0672]
Epoch 150/150 [train]:  35%|███▍      | 9/26 [00:00<00:00, 87.24it/s, S=0.0855, loss=-0.0682]
Epoch 150/150 [train]:  35%|███▍      | 9/26 [00:00<00:00, 87.24it/s, S=0.0849, loss=-0.0651]
Epoch 150/150 [train]:  69%|██████▉   | 18/26 [00:00<00:00, 87.50it/s, S=0.0849, loss=-0.0651]
Epoch 150/150 [train]:  69%|██████▉   | 18/26 [00:00<00:00, 87.50it/s, S=0.0847, loss=-0.0676]
Epoch 150/150 [train]:  69%|██████▉   | 18/26 [00:00<00:00, 87.50it/s, S=0.0843, loss=-0.0676]
Epoch 150/150 [train]:  69%|██████▉   | 18/26 [00:00<00:00, 87.50it/s, S=0.0845, loss=-0.0677]
Epoch 150/150 [train]:  69%|██████▉   | 18/26 [00:00<00:00, 87.50it/s, S=0.0833, loss=-0.0624]
Epoch 150/150 [train]:  69%|██████▉   | 18/26 [00:00<00:00, 87.50it/s, S=0.0854, loss=-0.0680]
Epoch 150/150 [train]:  69%|██████▉   | 18/26 [00:00<00:00, 87.50it/s, S=0.0855, loss=-0.0678]
Epoch 150/150 [train]:  69%|██████▉   | 18/26 [00:00<00:00, 87.50it/s, S=0.0833, loss=-0.0622]
Epoch 150/150 [train]:  69%|██████▉   | 18/26 [00:00<00:00, 87.50it/s, S=0.0839, loss=-0.0657]
                                                                                              
Epoch 150/150  train loss=-0.0664  val loss=-0.0161  S[mean]=0.0897  ζ=0.3190  mean_plane_ζ=0.1866  reg=0.0736  λscale=1.00  lr=5.00e-04

==================================================
Training complete
  Final train loss    : -0.0664
  Best val ζ          : 0.3190
  Val loss at best ζ  : -0.0161
  Wall-clock time     : 149.5 s  (2.5 min)
  Checkpoint          : /home/omo26/Non-Rev-Owen/mcmaze/runs/20260730_183626_d128_h256_dep2_bs64_ep150_lr5e-04_lxp0.0_lbt0.0_lcca20.0_sig10.0_s0/checkpoints/best.pt
  Loss curve          : '/home/omo26/Non-Rev-Owen/mcmaze/runs/20260730_183626_d128_h256_dep2_bs64_ep150_lr5e-04_lxp0.0_lbt0.0_lcca20.0_sig10.0_s0/outputs/loss_curve.png'
==================================================

Skipping diagnostic plots because SKIP_DIAGNOSTICS=1.
Appended best-model val metrics → /home/omo26/Non-Rev-Owen/mcmaze/runs/20260730_183626_d128_h256_dep2_bs64_ep150_lr5e-04_lxp0.0_lbt0.0_lcca20.0_sig10.0_s0/about.txt
