Run directory: /home/omo26/Non-Rev-Owen/mcmaze/runs/20260730_172358_d128_h256_dep2_bs64_ep150_lr5e-04_lxp0.0_lbt0.0_lcca1.0_sig10.0_s1
Seed set to: 1
Loading MC_Maze data …
  Channels: 137  |  Bin width: 10 ms  |  Trials: 2295
  Gaussian smoothing sigma: 10.0 ms = 1 bins
  Soft-normalising per neuron (method='churchland')
Windowing (trial_aligned, align=move_onset_time, pre=200ms, T=90, context=30) …
  Windows shape: (2295, 137, 150)  (K, N, T)
  Train: 1722  |  Val: 573  (random 25%)
Model parameters: 345,960

Starting training for 150 epochs …


Epoch 1/150 [train]:   0%|          | 0/26 [00:00<?, ?it/s]
Epoch 1/150 [train]:   0%|          | 0/26 [00:00<?, ?it/s, S=0.0154, loss=-0.0038]
Epoch 1/150 [train]:   4%|▍         | 1/26 [00:00<00:06,  4.12it/s, S=0.0154, loss=-0.0038]
Epoch 1/150 [train]:   4%|▍         | 1/26 [00:00<00:06,  4.12it/s, S=0.0153, loss=-0.0070]
Epoch 1/150 [train]:   4%|▍         | 1/26 [00:00<00:06,  4.12it/s, S=0.0154, loss=-0.0087]
Epoch 1/150 [train]:   4%|▍         | 1/26 [00:00<00:06,  4.12it/s, S=0.0156, loss=-0.0102]
Epoch 1/150 [train]:   4%|▍         | 1/26 [00:00<00:06,  4.12it/s, S=0.0155, loss=-0.0107]
Epoch 1/150 [train]:   4%|▍         | 1/26 [00:00<00:06,  4.12it/s, S=0.0156, loss=-0.0114]
Epoch 1/150 [train]:   4%|▍         | 1/26 [00:00<00:06,  4.12it/s, S=0.0156, loss=-0.0118]
Epoch 1/150 [train]:   4%|▍         | 1/26 [00:00<00:06,  4.12it/s, S=0.0154, loss=-0.0120]
Epoch 1/150 [train]:   4%|▍         | 1/26 [00:00<00:06,  4.12it/s, S=0.0154, loss=-0.0123]
Epoch 1/150 [train]:   4%|▍         | 1/26 [00:00<00:06,  4.12it/s, S=0.0158, loss=-0.0128]
Epoch 1/150 [train]:  38%|███▊      | 10/26 [00:00<00:00, 34.38it/s, S=0.0158, loss=-0.0128]
Epoch 1/150 [train]:  38%|███▊      | 10/26 [00:00<00:00, 34.38it/s, S=0.0160, loss=-0.0131]
Epoch 1/150 [train]:  38%|███▊      | 10/26 [00:00<00:00, 34.38it/s, S=0.0165, loss=-0.0137]
Epoch 1/150 [train]:  38%|███▊      | 10/26 [00:00<00:00, 34.38it/s, S=0.0170, loss=-0.0143]
Epoch 1/150 [train]:  38%|███▊      | 10/26 [00:00<00:00, 34.38it/s, S=0.0174, loss=-0.0147]
Epoch 1/150 [train]:  38%|███▊      | 10/26 [00:00<00:00, 34.38it/s, S=0.0181, loss=-0.0155]
Epoch 1/150 [train]:  38%|███▊      | 10/26 [00:00<00:00, 34.38it/s, S=0.0181, loss=-0.0154]
Epoch 1/150 [train]:  38%|███▊      | 10/26 [00:00<00:00, 34.38it/s, S=0.0191, loss=-0.0166]
Epoch 1/150 [train]:  38%|███▊      | 10/26 [00:00<00:00, 34.38it/s, S=0.0194, loss=-0.0168]
Epoch 1/150 [train]:  38%|███▊      | 10/26 [00:00<00:00, 34.38it/s, S=0.0204, loss=-0.0178]
Epoch 1/150 [train]:  73%|███████▎  | 19/26 [00:00<00:00, 51.79it/s, S=0.0204, loss=-0.0178]
Epoch 1/150 [train]:  73%|███████▎  | 19/26 [00:00<00:00, 51.79it/s, S=0.0207, loss=-0.0179]
Epoch 1/150 [train]:  73%|███████▎  | 19/26 [00:00<00:00, 51.79it/s, S=0.0215, loss=-0.0187]
Epoch 1/150 [train]:  73%|███████▎  | 19/26 [00:00<00:00, 51.79it/s, S=0.0225, loss=-0.0196]
Epoch 1/150 [train]:  73%|███████▎  | 19/26 [00:00<00:00, 51.79it/s, S=0.0226, loss=-0.0197]
Epoch 1/150 [train]:  73%|███████▎  | 19/26 [00:00<00:00, 51.79it/s, S=0.0243, loss=-0.0213]
Epoch 1/150 [train]:  73%|███████▎  | 19/26 [00:00<00:00, 51.79it/s, S=0.0248, loss=-0.0218]
Epoch 1/150 [train]:  73%|███████▎  | 19/26 [00:00<00:00, 51.79it/s, S=0.0259, loss=-0.0229]
                                                                                            
Epoch   1/150  train loss=-0.0146  val loss=-0.0244  S[mean]=0.0283  ζ=0.2002  mean_plane_ζ=0.1544  reg=0.0038  λscale=1.00  lr=4.88e-04
Saved val-mean plane ζ checkpoint val_mean_plane_zeta_0.1.pt: threshold=0.1 epoch=1 val_mean_plane_zeta=0.1544

Epoch 2/150 [train]:   0%|          | 0/26 [00:00<?, ?it/s]
Epoch 2/150 [train]:   0%|          | 0/26 [00:00<?, ?it/s, S=0.0268, loss=-0.0237]
Epoch 2/150 [train]:   0%|          | 0/26 [00:00<?, ?it/s, S=0.0267, loss=-0.0237]
Epoch 2/150 [train]:   0%|          | 0/26 [00:00<?, ?it/s, S=0.0278, loss=-0.0247]
Epoch 2/150 [train]:   0%|          | 0/26 [00:00<?, ?it/s, S=0.0302, loss=-0.0270]
Epoch 2/150 [train]:   0%|          | 0/26 [00:00<?, ?it/s, S=0.0291, loss=-0.0259]
Epoch 2/150 [train]:   0%|          | 0/26 [00:00<?, ?it/s, S=0.0316, loss=-0.0283]
Epoch 2/150 [train]:   0%|          | 0/26 [00:00<?, ?it/s, S=0.0301, loss=-0.0269]
Epoch 2/150 [train]:   0%|          | 0/26 [00:00<?, ?it/s, S=0.0332, loss=-0.0298]
Epoch 2/150 [train]:   0%|          | 0/26 [00:00<?, ?it/s, S=0.0319, loss=-0.0286]
Epoch 2/150 [train]:  35%|███▍      | 9/26 [00:00<00:00, 86.41it/s, S=0.0319, loss=-0.0286]
Epoch 2/150 [train]:  35%|███▍      | 9/26 [00:00<00:00, 86.41it/s, S=0.0325, loss=-0.0292]
Epoch 2/150 [train]:  35%|███▍      | 9/26 [00:00<00:00, 86.41it/s, S=0.0338, loss=-0.0305]
Epoch 2/150 [train]:  35%|███▍      | 9/26 [00:00<00:00, 86.41it/s, S=0.0348, loss=-0.0314]
Epoch 2/150 [train]:  35%|███▍      | 9/26 [00:00<00:00, 86.41it/s, S=0.0355, loss=-0.0320]
Epoch 2/150 [train]:  35%|███▍      | 9/26 [00:00<00:00, 86.41it/s, S=0.0360, loss=-0.0326]
Epoch 2/150 [train]:  35%|███▍      | 9/26 [00:00<00:00, 86.41it/s, S=0.0350, loss=-0.0314]
Epoch 2/150 [train]:  35%|███▍      | 9/26 [00:00<00:00, 86.41it/s, S=0.0359, loss=-0.0322]
Epoch 2/150 [train]:  35%|███▍      | 9/26 [00:00<00:00, 86.41it/s, S=0.0375, loss=-0.0338]
Epoch 2/150 [train]:  35%|███▍      | 9/26 [00:00<00:00, 86.41it/s, S=0.0390, loss=-0.0352]
Epoch 2/150 [train]:  69%|██████▉   | 18/26 [00:00<00:00, 86.65it/s, S=0.0390, loss=-0.0352]
Epoch 2/150 [train]:  69%|██████▉   | 18/26 [00:00<00:00, 86.65it/s, S=0.0407, loss=-0.0368]
Epoch 2/150 [train]:  69%|██████▉   | 18/26 [00:00<00:00, 86.65it/s, S=0.0418, loss=-0.0378]
Epoch 2/150 [train]:  69%|██████▉   | 18/26 [00:00<00:00, 86.65it/s, S=0.0436, loss=-0.0394]
Epoch 2/150 [train]:  69%|██████▉   | 18/26 [00:00<00:00, 86.65it/s, S=0.0447, loss=-0.0404]
Epoch 2/150 [train]:  69%|██████▉   | 18/26 [00:00<00:00, 86.65it/s, S=0.0434, loss=-0.0390]
Epoch 2/150 [train]:  69%|██████▉   | 18/26 [00:00<00:00, 86.65it/s, S=0.0448, loss=-0.0401]
Epoch 2/150 [train]:  69%|██████▉   | 18/26 [00:00<00:00, 86.65it/s, S=0.0472, loss=-0.0425]
Epoch 2/150 [train]:  69%|██████▉   | 18/26 [00:00<00:00, 86.65it/s, S=0.0486, loss=-0.0437]
                                                                                            
Epoch   2/150  train loss=-0.0326  val loss=-0.0463  S[mean]=0.0528  ζ=0.2441  mean_plane_ζ=0.1608  reg=0.0064  λscale=1.00  lr=4.52e-04

Epoch 3/150 [train]:   0%|          | 0/26 [00:00<?, ?it/s]
Epoch 3/150 [train]:   0%|          | 0/26 [00:00<?, ?it/s, S=0.0481, loss=-0.0430]
Epoch 3/150 [train]:   0%|          | 0/26 [00:00<?, ?it/s, S=0.0537, loss=-0.0483]
Epoch 3/150 [train]:   0%|          | 0/26 [00:00<?, ?it/s, S=0.0545, loss=-0.0490]
Epoch 3/150 [train]:   0%|          | 0/26 [00:00<?, ?it/s, S=0.0539, loss=-0.0484]
Epoch 3/150 [train]:   0%|          | 0/26 [00:00<?, ?it/s, S=0.0566, loss=-0.0508]
Epoch 3/150 [train]:   0%|          | 0/26 [00:00<?, ?it/s, S=0.0576, loss=-0.0509]
Epoch 3/150 [train]:   0%|          | 0/26 [00:00<?, ?it/s, S=0.0592, loss=-0.0528]
Epoch 3/150 [train]:   0%|          | 0/26 [00:00<?, ?it/s, S=0.0601, loss=-0.0534]
Epoch 3/150 [train]:   0%|          | 0/26 [00:00<?, ?it/s, S=0.0628, loss=-0.0559]
Epoch 3/150 [train]:  35%|███▍      | 9/26 [00:00<00:00, 86.17it/s, S=0.0628, loss=-0.0559]
Epoch 3/150 [train]:  35%|███▍      | 9/26 [00:00<00:00, 86.17it/s, S=0.0599, loss=-0.0531]
Epoch 3/150 [train]:  35%|███▍      | 9/26 [00:00<00:00, 86.17it/s, S=0.0657, loss=-0.0586]
Epoch 3/150 [train]:  35%|███▍      | 9/26 [00:00<00:00, 86.17it/s, S=0.0661, loss=-0.0587]
Epoch 3/150 [train]:  35%|███▍      | 9/26 [00:00<00:00, 86.17it/s, S=0.0669, loss=-0.0591]
Epoch 3/150 [train]:  35%|███▍      | 9/26 [00:00<00:00, 86.17it/s, S=0.0672, loss=-0.0592]
Epoch 3/150 [train]:  35%|███▍      | 9/26 [00:00<00:00, 86.17it/s, S=0.0726, loss=-0.0639]
Epoch 3/150 [train]:  35%|███▍      | 9/26 [00:00<00:00, 86.17it/s, S=0.0700, loss=-0.0613]
Epoch 3/150 [train]:  35%|███▍      | 9/26 [00:00<00:00, 86.17it/s, S=0.0731, loss=-0.0637]
Epoch 3/150 [train]:  35%|███▍      | 9/26 [00:00<00:00, 86.17it/s, S=0.0752, loss=-0.0657]
Epoch 3/150 [train]:  69%|██████▉   | 18/26 [00:00<00:00, 86.65it/s, S=0.0752, loss=-0.0657]
Epoch 3/150 [train]:  69%|██████▉   | 18/26 [00:00<00:00, 86.65it/s, S=0.0795, loss=-0.0693]
Epoch 3/150 [train]:  69%|██████▉   | 18/26 [00:00<00:00, 86.65it/s, S=0.0785, loss=-0.0683]
Epoch 3/150 [train]:  69%|██████▉   | 18/26 [00:00<00:00, 86.65it/s, S=0.0821, loss=-0.0713]
Epoch 3/150 [train]:  69%|██████▉   | 18/26 [00:00<00:00, 86.65it/s, S=0.0857, loss=-0.0746]
Epoch 3/150 [train]:  69%|██████▉   | 18/26 [00:00<00:00, 86.65it/s, S=0.0841, loss=-0.0725]
Epoch 3/150 [train]:  69%|██████▉   | 18/26 [00:00<00:00, 86.65it/s, S=0.0848, loss=-0.0735]
Epoch 3/150 [train]:  69%|██████▉   | 18/26 [00:00<00:00, 86.65it/s, S=0.0867, loss=-0.0748]
Epoch 3/150 [train]:  69%|██████▉   | 18/26 [00:00<00:00, 86.65it/s, S=0.0903, loss=-0.0780]
                                                                                            
Epoch   3/150  train loss=-0.0607  val loss=-0.0837  S[mean]=0.0991  ζ=0.2908  mean_plane_ζ=0.1752  reg=0.0154  λscale=1.00  lr=3.97e-04

Epoch 4/150 [train]:   0%|          | 0/26 [00:00<?, ?it/s]
Epoch 4/150 [train]:   0%|          | 0/26 [00:00<?, ?it/s, S=0.0916, loss=-0.0792]
Epoch 4/150 [train]:   0%|          | 0/26 [00:00<?, ?it/s, S=0.0925, loss=-0.0793]
Epoch 4/150 [train]:   0%|          | 0/26 [00:00<?, ?it/s, S=0.0935, loss=-0.0806]
Epoch 4/150 [train]:   0%|          | 0/26 [00:00<?, ?it/s, S=0.1006, loss=-0.0870]
Epoch 4/150 [train]:   0%|          | 0/26 [00:00<?, ?it/s, S=0.0970, loss=-0.0835]
Epoch 4/150 [train]:   0%|          | 0/26 [00:00<?, ?it/s, S=0.1016, loss=-0.0876]
Epoch 4/150 [train]:   0%|          | 0/26 [00:00<?, ?it/s, S=0.1022, loss=-0.0878]
Epoch 4/150 [train]:   0%|          | 0/26 [00:00<?, ?it/s, S=0.1024, loss=-0.0882]
Epoch 4/150 [train]:   0%|          | 0/26 [00:00<?, ?it/s, S=0.1027, loss=-0.0879]
Epoch 4/150 [train]:  35%|███▍      | 9/26 [00:00<00:00, 86.47it/s, S=0.1027, loss=-0.0879]
Epoch 4/150 [train]:  35%|███▍      | 9/26 [00:00<00:00, 86.47it/s, S=0.1025, loss=-0.0876]
Epoch 4/150 [train]:  35%|███▍      | 9/26 [00:00<00:00, 86.47it/s, S=0.1075, loss=-0.0927]
Epoch 4/150 [train]:  35%|███▍      | 9/26 [00:00<00:00, 86.47it/s, S=0.1062, loss=-0.0911]
Epoch 4/150 [train]:  35%|███▍      | 9/26 [00:00<00:00, 86.47it/s, S=0.1074, loss=-0.0917]
Epoch 4/150 [train]:  35%|███▍      | 9/26 [00:00<00:00, 86.47it/s, S=0.1139, loss=-0.0975]
Epoch 4/150 [train]:  35%|███▍      | 9/26 [00:00<00:00, 86.47it/s, S=0.1164, loss=-0.1007]
Epoch 4/150 [train]:  35%|███▍      | 9/26 [00:00<00:00, 86.47it/s, S=0.1118, loss=-0.0956]
Epoch 4/150 [train]:  35%|███▍      | 9/26 [00:00<00:00, 86.47it/s, S=0.1154, loss=-0.0979]
Epoch 4/150 [train]:  35%|███▍      | 9/26 [00:00<00:00, 86.47it/s, S=0.1198, loss=-0.1024]
Epoch 4/150 [train]:  69%|██████▉   | 18/26 [00:00<00:00, 86.94it/s, S=0.1198, loss=-0.1024]
Epoch 4/150 [train]:  69%|██████▉   | 18/26 [00:00<00:00, 86.94it/s, S=0.1172, loss=-0.0998]
Epoch 4/150 [train]:  69%|██████▉   | 18/26 [00:00<00:00, 86.94it/s, S=0.1198, loss=-0.1011]
Epoch 4/150 [train]:  69%|██████▉   | 18/26 [00:00<00:00, 86.94it/s, S=0.1249, loss=-0.1067]
Epoch 4/150 [train]:  69%|██████▉   | 18/26 [00:00<00:00, 86.94it/s, S=0.1279, loss=-0.1092]
Epoch 4/150 [train]:  69%|██████▉   | 18/26 [00:00<00:00, 86.94it/s, S=0.1276, loss=-0.1094]
Epoch 4/150 [train]:  69%|██████▉   | 18/26 [00:00<00:00, 86.94it/s, S=0.1245, loss=-0.1063]
Epoch 4/150 [train]:  69%|██████▉   | 18/26 [00:00<00:00, 86.94it/s, S=0.1283, loss=-0.1082]
Epoch 4/150 [train]:  69%|██████▉   | 18/26 [00:00<00:00, 86.94it/s, S=0.1302, loss=-0.1108]
                                                                                            
Epoch   4/150  train loss=-0.0950  val loss=-0.1210  S[mean]=0.1450  ζ=0.3138  mean_plane_ζ=0.1930  reg=0.0239  λscale=1.00  lr=3.27e-04

Epoch 5/150 [train]:   0%|          | 0/26 [00:00<?, ?it/s]
Epoch 5/150 [train]:   0%|          | 0/26 [00:00<?, ?it/s, S=0.1335, loss=-0.1138]
Epoch 5/150 [train]:   0%|          | 0/26 [00:00<?, ?it/s, S=0.1373, loss=-0.1170]
Epoch 5/150 [train]:   0%|          | 0/26 [00:00<?, ?it/s, S=0.1274, loss=-0.1069]
Epoch 5/150 [train]:   0%|          | 0/26 [00:00<?, ?it/s, S=0.1356, loss=-0.1155]
Epoch 5/150 [train]:   0%|          | 0/26 [00:00<?, ?it/s, S=0.1404, loss=-0.1190]
Epoch 5/150 [train]:   0%|          | 0/26 [00:00<?, ?it/s, S=0.1416, loss=-0.1203]
Epoch 5/150 [train]:   0%|          | 0/26 [00:00<?, ?it/s, S=0.1397, loss=-0.1191]
Epoch 5/150 [train]:   0%|          | 0/26 [00:00<?, ?it/s, S=0.1414, loss=-0.1194]
Epoch 5/150 [train]:   0%|          | 0/26 [00:00<?, ?it/s, S=0.1426, loss=-0.1204]
Epoch 5/150 [train]:  35%|███▍      | 9/26 [00:00<00:00, 86.30it/s, S=0.1426, loss=-0.1204]
Epoch 5/150 [train]:  35%|███▍      | 9/26 [00:00<00:00, 86.30it/s, S=0.1429, loss=-0.1202]
Epoch 5/150 [train]:  35%|███▍      | 9/26 [00:00<00:00, 86.30it/s, S=0.1478, loss=-0.1258]
Epoch 5/150 [train]:  35%|███▍      | 9/26 [00:00<00:00, 86.30it/s, S=0.1420, loss=-0.1201]
Epoch 5/150 [train]:  35%|███▍      | 9/26 [00:00<00:00, 86.30it/s, S=0.1467, loss=-0.1238]
Epoch 5/150 [train]:  35%|███▍      | 9/26 [00:00<00:00, 86.30it/s, S=0.1498, loss=-0.1269]
Epoch 5/150 [train]:  35%|███▍      | 9/26 [00:00<00:00, 86.30it/s, S=0.1495, loss=-0.1256]
Epoch 5/150 [train]:  35%|███▍      | 9/26 [00:00<00:00, 86.30it/s, S=0.1486, loss=-0.1252]
Epoch 5/150 [train]:  35%|███▍      | 9/26 [00:00<00:00, 86.30it/s, S=0.1591, loss=-0.1352]
Epoch 5/150 [train]:  35%|███▍      | 9/26 [00:00<00:00, 86.30it/s, S=0.1566, loss=-0.1329]
Epoch 5/150 [train]:  69%|██████▉   | 18/26 [00:00<00:00, 86.70it/s, S=0.1566, loss=-0.1329]
Epoch 5/150 [train]:  69%|██████▉   | 18/26 [00:00<00:00, 86.70it/s, S=0.1598, loss=-0.1356]
Epoch 5/150 [train]:  69%|██████▉   | 18/26 [00:00<00:00, 86.70it/s, S=0.1590, loss=-0.1342]
Epoch 5/150 [train]:  69%|██████▉   | 18/26 [00:00<00:00, 86.70it/s, S=0.1605, loss=-0.1349]
Epoch 5/150 [train]:  69%|██████▉   | 18/26 [00:00<00:00, 86.70it/s, S=0.1651, loss=-0.1402]
Epoch 5/150 [train]:  69%|██████▉   | 18/26 [00:00<00:00, 86.70it/s, S=0.1586, loss=-0.1335]
Epoch 5/150 [train]:  69%|██████▉   | 18/26 [00:00<00:00, 86.70it/s, S=0.1563, loss=-0.1307]
Epoch 5/150 [train]:  69%|██████▉   | 18/26 [00:00<00:00, 86.70it/s, S=0.1625, loss=-0.1364]
Epoch 5/150 [train]:  69%|██████▉   | 18/26 [00:00<00:00, 86.70it/s, S=0.1716, loss=-0.1449]
                                                                                            
Epoch   5/150  train loss=-0.1261  val loss=-0.1490  S[mean]=0.1802  ζ=0.3321  mean_plane_ζ=0.2120  reg=0.0313  λscale=1.00  lr=2.50e-04
Saved val-mean plane ζ checkpoint val_mean_plane_zeta_0.2.pt: threshold=0.2 epoch=5 val_mean_plane_zeta=0.2120

Epoch 6/150 [train]:   0%|          | 0/26 [00:00<?, ?it/s]
Epoch 6/150 [train]:   0%|          | 0/26 [00:00<?, ?it/s, S=0.1623, loss=-0.1363]
Epoch 6/150 [train]:   0%|          | 0/26 [00:00<?, ?it/s, S=0.1682, loss=-0.1412]
Epoch 6/150 [train]:   0%|          | 0/26 [00:00<?, ?it/s, S=0.1691, loss=-0.1426]
Epoch 6/150 [train]:   0%|          | 0/26 [00:00<?, ?it/s, S=0.1670, loss=-0.1402]
Epoch 6/150 [train]:   0%|          | 0/26 [00:00<?, ?it/s, S=0.1718, loss=-0.1440]
Epoch 6/150 [train]:   0%|          | 0/26 [00:00<?, ?it/s, S=0.1728, loss=-0.1442]
Epoch 6/150 [train]:   0%|          | 0/26 [00:00<?, ?it/s, S=0.1691, loss=-0.1416]
Epoch 6/150 [train]:   0%|          | 0/26 [00:00<?, ?it/s, S=0.1783, loss=-0.1496]
Epoch 6/150 [train]:   0%|          | 0/26 [00:00<?, ?it/s, S=0.1744, loss=-0.1468]
Epoch 6/150 [train]:  35%|███▍      | 9/26 [00:00<00:00, 86.10it/s, S=0.1744, loss=-0.1468]
Epoch 6/150 [train]:  35%|███▍      | 9/26 [00:00<00:00, 86.10it/s, S=0.1775, loss=-0.1490]
Epoch 6/150 [train]:  35%|███▍      | 9/26 [00:00<00:00, 86.10it/s, S=0.1813, loss=-0.1526]
Epoch 6/150 [train]:  35%|███▍      | 9/26 [00:00<00:00, 86.10it/s, S=0.1751, loss=-0.1452]
Epoch 6/150 [train]:  35%|███▍      | 9/26 [00:00<00:00, 86.10it/s, S=0.1829, loss=-0.1527]
Epoch 6/150 [train]:  35%|███▍      | 9/26 [00:00<00:00, 86.10it/s, S=0.1814, loss=-0.1513]
Epoch 6/150 [train]:  35%|███▍      | 9/26 [00:00<00:00, 86.10it/s, S=0.1904, loss=-0.1596]
Epoch 6/150 [train]:  35%|███▍      | 9/26 [00:00<00:00, 86.10it/s, S=0.1854, loss=-0.1554]
Epoch 6/150 [train]:  35%|███▍      | 9/26 [00:00<00:00, 86.10it/s, S=0.1792, loss=-0.1491]
Epoch 6/150 [train]:  35%|███▍      | 9/26 [00:00<00:00, 86.10it/s, S=0.1915, loss=-0.1609]
Epoch 6/150 [train]:  69%|██████▉   | 18/26 [00:00<00:00, 86.71it/s, S=0.1915, loss=-0.1609]
Epoch 6/150 [train]:  69%|██████▉   | 18/26 [00:00<00:00, 86.71it/s, S=0.1941, loss=-0.1621]
Epoch 6/150 [train]:  69%|██████▉   | 18/26 [00:00<00:00, 86.71it/s, S=0.1807, loss=-0.1505]
Epoch 6/150 [train]:  69%|██████▉   | 18/26 [00:00<00:00, 86.71it/s, S=0.1853, loss=-0.1549]
Epoch 6/150 [train]:  69%|██████▉   | 18/26 [00:00<00:00, 86.71it/s, S=0.1865, loss=-0.1553]
Epoch 6/150 [train]:  69%|██████▉   | 18/26 [00:00<00:00, 86.71it/s, S=0.1956, loss=-0.1628]
Epoch 6/150 [train]:  69%|██████▉   | 18/26 [00:00<00:00, 86.71it/s, S=0.1928, loss=-0.1589]
Epoch 6/150 [train]:  69%|██████▉   | 18/26 [00:00<00:00, 86.71it/s, S=0.1948, loss=-0.1604]
Epoch 6/150 [train]:  69%|██████▉   | 18/26 [00:00<00:00, 86.71it/s, S=0.1898, loss=-0.1554]
                                                                                            
Epoch   6/150  train loss=-0.1509  val loss=-0.1742  S[mean]=0.2142  ζ=0.3497  mean_plane_ζ=0.2347  reg=0.0400  λscale=1.00  lr=1.73e-04

Epoch 7/150 [train]:   0%|          | 0/26 [00:00<?, ?it/s]
Epoch 7/150 [train]:   0%|          | 0/26 [00:00<?, ?it/s, S=0.1925, loss=-0.1576]
Epoch 7/150 [train]:   0%|          | 0/26 [00:00<?, ?it/s, S=0.1968, loss=-0.1626]
Epoch 7/150 [train]:   0%|          | 0/26 [00:00<?, ?it/s, S=0.2029, loss=-0.1684]
Epoch 7/150 [train]:   0%|          | 0/26 [00:00<?, ?it/s, S=0.2006, loss=-0.1659]
Epoch 7/150 [train]:   0%|          | 0/26 [00:00<?, ?it/s, S=0.1941, loss=-0.1595]
Epoch 7/150 [train]:   0%|          | 0/26 [00:00<?, ?it/s, S=0.2072, loss=-0.1710]
Epoch 7/150 [train]:   0%|          | 0/26 [00:00<?, ?it/s, S=0.2060, loss=-0.1714]
Epoch 7/150 [train]:   0%|          | 0/26 [00:00<?, ?it/s, S=0.2085, loss=-0.1723]
Epoch 7/150 [train]:   0%|          | 0/26 [00:00<?, ?it/s, S=0.2068, loss=-0.1702]
Epoch 7/150 [train]:  35%|███▍      | 9/26 [00:00<00:00, 86.24it/s, S=0.2068, loss=-0.1702]
Epoch 7/150 [train]:  35%|███▍      | 9/26 [00:00<00:00, 86.24it/s, S=0.2132, loss=-0.1777]
Epoch 7/150 [train]:  35%|███▍      | 9/26 [00:00<00:00, 86.24it/s, S=0.2186, loss=-0.1812]
Epoch 7/150 [train]:  35%|███▍      | 9/26 [00:00<00:00, 86.24it/s, S=0.2079, loss=-0.1708]
Epoch 7/150 [train]:  35%|███▍      | 9/26 [00:00<00:00, 86.24it/s, S=0.2066, loss=-0.1684]
Epoch 7/150 [train]:  35%|███▍      | 9/26 [00:00<00:00, 86.24it/s, S=0.2101, loss=-0.1709]
Epoch 7/150 [train]:  35%|███▍      | 9/26 [00:00<00:00, 86.24it/s, S=0.2118, loss=-0.1732]
Epoch 7/150 [train]:  35%|███▍      | 9/26 [00:00<00:00, 86.24it/s, S=0.2182, loss=-0.1795]
Epoch 7/150 [train]:  35%|███▍      | 9/26 [00:00<00:00, 86.24it/s, S=0.2136, loss=-0.1758]
Epoch 7/150 [train]:  35%|███▍      | 9/26 [00:00<00:00, 86.24it/s, S=0.2182, loss=-0.1776]
Epoch 7/150 [train]:  69%|██████▉   | 18/26 [00:00<00:00, 86.75it/s, S=0.2182, loss=-0.1776]
Epoch 7/150 [train]:  69%|██████▉   | 18/26 [00:00<00:00, 86.75it/s, S=0.2229, loss=-0.1831]
Epoch 7/150 [train]:  69%|██████▉   | 18/26 [00:00<00:00, 86.75it/s, S=0.2121, loss=-0.1727]
Epoch 7/150 [train]:  69%|██████▉   | 18/26 [00:00<00:00, 86.75it/s, S=0.2192, loss=-0.1787]
Epoch 7/150 [train]:  69%|██████▉   | 18/26 [00:00<00:00, 86.75it/s, S=0.2172, loss=-0.1760]
Epoch 7/150 [train]:  69%|██████▉   | 18/26 [00:00<00:00, 86.75it/s, S=0.2201, loss=-0.1793]
Epoch 7/150 [train]:  69%|██████▉   | 18/26 [00:00<00:00, 86.75it/s, S=0.2221, loss=-0.1793]
Epoch 7/150 [train]:  69%|██████▉   | 18/26 [00:00<00:00, 86.75it/s, S=0.2322, loss=-0.1890]
Epoch 7/150 [train]:  69%|██████▉   | 18/26 [00:00<00:00, 86.75it/s, S=0.2235, loss=-0.1808]
                                                                                            
Epoch   7/150  train loss=-0.1736  val loss=-0.1966  S[mean]=0.2456  ζ=0.3663  mean_plane_ζ=0.2518  reg=0.0490  λscale=1.00  lr=1.03e-04

Epoch 8/150 [train]:   0%|          | 0/26 [00:00<?, ?it/s]
Epoch 8/150 [train]:   0%|          | 0/26 [00:00<?, ?it/s, S=0.2280, loss=-0.1852]
Epoch 8/150 [train]:   0%|          | 0/26 [00:00<?, ?it/s, S=0.2303, loss=-0.1860]
Epoch 8/150 [train]:   0%|          | 0/26 [00:00<?, ?it/s, S=0.2338, loss=-0.1908]
Epoch 8/150 [train]:   0%|          | 0/26 [00:00<?, ?it/s, S=0.2217, loss=-0.1772]
Epoch 8/150 [train]:   0%|          | 0/26 [00:00<?, ?it/s, S=0.2289, loss=-0.1870]
Epoch 8/150 [train]:   0%|          | 0/26 [00:00<?, ?it/s, S=0.2272, loss=-0.1852]
Epoch 8/150 [train]:   0%|          | 0/26 [00:00<?, ?it/s, S=0.2283, loss=-0.1854]
Epoch 8/150 [train]:   0%|          | 0/26 [00:00<?, ?it/s, S=0.2322, loss=-0.1888]
Epoch 8/150 [train]:   0%|          | 0/26 [00:00<?, ?it/s, S=0.2249, loss=-0.1798]
Epoch 8/150 [train]:  35%|███▍      | 9/26 [00:00<00:00, 86.19it/s, S=0.2249, loss=-0.1798]
Epoch 8/150 [train]:  35%|███▍      | 9/26 [00:00<00:00, 86.19it/s, S=0.2291, loss=-0.1844]
Epoch 8/150 [train]:  35%|███▍      | 9/26 [00:00<00:00, 86.19it/s, S=0.2336, loss=-0.1892]
Epoch 8/150 [train]:  35%|███▍      | 9/26 [00:00<00:00, 86.19it/s, S=0.2269, loss=-0.1842]
Epoch 8/150 [train]:  35%|███▍      | 9/26 [00:00<00:00, 86.19it/s, S=0.2442, loss=-0.1976]
Epoch 8/150 [train]:  35%|███▍      | 9/26 [00:00<00:00, 86.19it/s, S=0.2375, loss=-0.1930]
Epoch 8/150 [train]:  35%|███▍      | 9/26 [00:00<00:00, 86.19it/s, S=0.2379, loss=-0.1940]
Epoch 8/150 [train]:  35%|███▍      | 9/26 [00:00<00:00, 86.19it/s, S=0.2363, loss=-0.1915]
Epoch 8/150 [train]:  35%|███▍      | 9/26 [00:00<00:00, 86.19it/s, S=0.2479, loss=-0.2014]
Epoch 8/150 [train]:  35%|███▍      | 9/26 [00:00<00:00, 86.19it/s, S=0.2356, loss=-0.1882]
Epoch 8/150 [train]:  69%|██████▉   | 18/26 [00:00<00:00, 86.74it/s, S=0.2356, loss=-0.1882]
Epoch 8/150 [train]:  69%|██████▉   | 18/26 [00:00<00:00, 86.74it/s, S=0.2379, loss=-0.1912]
Epoch 8/150 [train]:  69%|██████▉   | 18/26 [00:00<00:00, 86.74it/s, S=0.2248, loss=-0.1750]
Epoch 8/150 [train]:  69%|██████▉   | 18/26 [00:00<00:00, 86.74it/s, S=0.2351, loss=-0.1891]
Epoch 8/150 [train]:  69%|██████▉   | 18/26 [00:00<00:00, 86.74it/s, S=0.2314, loss=-0.1865]
Epoch 8/150 [train]:  69%|██████▉   | 18/26 [00:00<00:00, 86.74it/s, S=0.2330, loss=-0.1865]
Epoch 8/150 [train]:  69%|██████▉   | 18/26 [00:00<00:00, 86.74it/s, S=0.2389, loss=-0.1912]
Epoch 8/150 [train]:  69%|██████▉   | 18/26 [00:00<00:00, 86.74it/s, S=0.2329, loss=-0.1847]
Epoch 8/150 [train]:  69%|██████▉   | 18/26 [00:00<00:00, 86.74it/s, S=0.2393, loss=-0.1925]
                                                                                            
Epoch   8/150  train loss=-0.1879  val loss=-0.2081  S[mean]=0.2615  ζ=0.3739  mean_plane_ζ=0.2587  reg=0.0534  λscale=1.00  lr=4.77e-05

Epoch 9/150 [train]:   0%|          | 0/26 [00:00<?, ?it/s]
Epoch 9/150 [train]:   0%|          | 0/26 [00:00<?, ?it/s, S=0.2388, loss=-0.1927]
Epoch 9/150 [train]:   0%|          | 0/26 [00:00<?, ?it/s, S=0.2416, loss=-0.1941]
Epoch 9/150 [train]:   0%|          | 0/26 [00:00<?, ?it/s, S=0.2358, loss=-0.1881]
Epoch 9/150 [train]:   0%|          | 0/26 [00:00<?, ?it/s, S=0.2439, loss=-0.1969]
Epoch 9/150 [train]:   0%|          | 0/26 [00:00<?, ?it/s, S=0.2458, loss=-0.1994]
Epoch 9/150 [train]:   0%|          | 0/26 [00:00<?, ?it/s, S=0.2420, loss=-0.1938]
Epoch 9/150 [train]:   0%|          | 0/26 [00:00<?, ?it/s, S=0.2467, loss=-0.2005]
Epoch 9/150 [train]:   0%|          | 0/26 [00:00<?, ?it/s, S=0.2381, loss=-0.1892]
Epoch 9/150 [train]:   0%|          | 0/26 [00:00<?, ?it/s, S=0.2302, loss=-0.1823]
Epoch 9/150 [train]:  35%|███▍      | 9/26 [00:00<00:00, 86.18it/s, S=0.2302, loss=-0.1823]
Epoch 9/150 [train]:  35%|███▍      | 9/26 [00:00<00:00, 86.18it/s, S=0.2418, loss=-0.1946]
Epoch 9/150 [train]:  35%|███▍      | 9/26 [00:00<00:00, 86.18it/s, S=0.2429, loss=-0.1944]
Epoch 9/150 [train]:  35%|███▍      | 9/26 [00:00<00:00, 86.18it/s, S=0.2316, loss=-0.1840]
Epoch 9/150 [train]:  35%|███▍      | 9/26 [00:00<00:00, 86.18it/s, S=0.2454, loss=-0.1973]
Epoch 9/150 [train]:  35%|███▍      | 9/26 [00:00<00:00, 86.18it/s, S=0.2542, loss=-0.2054]
Epoch 9/150 [train]:  35%|███▍      | 9/26 [00:00<00:00, 86.18it/s, S=0.2395, loss=-0.1914]
Epoch 9/150 [train]:  35%|███▍      | 9/26 [00:00<00:00, 86.18it/s, S=0.2506, loss=-0.2034]
Epoch 9/150 [train]:  35%|███▍      | 9/26 [00:00<00:00, 86.18it/s, S=0.2526, loss=-0.2046]
Epoch 9/150 [train]:  35%|███▍      | 9/26 [00:00<00:00, 86.18it/s, S=0.2498, loss=-0.2023]
Epoch 9/150 [train]:  69%|██████▉   | 18/26 [00:00<00:00, 86.76it/s, S=0.2498, loss=-0.2023]
Epoch 9/150 [train]:  69%|██████▉   | 18/26 [00:00<00:00, 86.76it/s, S=0.2527, loss=-0.2034]
Epoch 9/150 [train]:  69%|██████▉   | 18/26 [00:00<00:00, 86.76it/s, S=0.2479, loss=-0.2011]
Epoch 9/150 [train]:  69%|██████▉   | 18/26 [00:00<00:00, 86.76it/s, S=0.2498, loss=-0.2018]
Epoch 9/150 [train]:  69%|██████▉   | 18/26 [00:00<00:00, 86.76it/s, S=0.2415, loss=-0.1949]
Epoch 9/150 [train]:  69%|██████▉   | 18/26 [00:00<00:00, 86.76it/s, S=0.2503, loss=-0.2026]
Epoch 9/150 [train]:  69%|██████▉   | 18/26 [00:00<00:00, 86.76it/s, S=0.2487, loss=-0.2013]
Epoch 9/150 [train]:  69%|██████▉   | 18/26 [00:00<00:00, 86.76it/s, S=0.2456, loss=-0.1973]
Epoch 9/150 [train]:  69%|██████▉   | 18/26 [00:00<00:00, 86.76it/s, S=0.2496, loss=-0.2016]
                                                                                            
Epoch   9/150  train loss=-0.1969  val loss=-0.2129  S[mean]=0.2677  ζ=0.3771  mean_plane_ζ=0.2616  reg=0.0548  λscale=1.00  lr=1.22e-05

Epoch 10/150 [train]:   0%|          | 0/26 [00:00<?, ?it/s]
Epoch 10/150 [train]:   0%|          | 0/26 [00:00<?, ?it/s, S=0.2316, loss=-0.1818]
Epoch 10/150 [train]:   0%|          | 0/26 [00:00<?, ?it/s, S=0.2541, loss=-0.2048]
Epoch 10/150 [train]:   0%|          | 0/26 [00:00<?, ?it/s, S=0.2512, loss=-0.2042]
Epoch 10/150 [train]:   0%|          | 0/26 [00:00<?, ?it/s, S=0.2431, loss=-0.1955]
Epoch 10/150 [train]:   0%|          | 0/26 [00:00<?, ?it/s, S=0.2491, loss=-0.2016]
Epoch 10/150 [train]:   0%|          | 0/26 [00:00<?, ?it/s, S=0.2450, loss=-0.1961]
Epoch 10/150 [train]:   0%|          | 0/26 [00:00<?, ?it/s, S=0.2510, loss=-0.2014]
Epoch 10/150 [train]:   0%|          | 0/26 [00:00<?, ?it/s, S=0.2542, loss=-0.2066]
Epoch 10/150 [train]:   0%|          | 0/26 [00:00<?, ?it/s, S=0.2467, loss=-0.1993]
Epoch 10/150 [train]:  35%|███▍      | 9/26 [00:00<00:00, 86.27it/s, S=0.2467, loss=-0.1993]
Epoch 10/150 [train]:  35%|███▍      | 9/26 [00:00<00:00, 86.27it/s, S=0.2508, loss=-0.2009]
Epoch 10/150 [train]:  35%|███▍      | 9/26 [00:00<00:00, 86.27it/s, S=0.2423, loss=-0.1948]
Epoch 10/150 [train]:  35%|███▍      | 9/26 [00:00<00:00, 86.27it/s, S=0.2512, loss=-0.2034]
Epoch 10/150 [train]:  35%|███▍      | 9/26 [00:00<00:00, 86.27it/s, S=0.2491, loss=-0.2006]
Epoch 10/150 [train]:  35%|███▍      | 9/26 [00:00<00:00, 86.27it/s, S=0.2478, loss=-0.1994]
Epoch 10/150 [train]:  35%|███▍      | 9/26 [00:00<00:00, 86.27it/s, S=0.2442, loss=-0.1960]
Epoch 10/150 [train]:  35%|███▍      | 9/26 [00:00<00:00, 86.27it/s, S=0.2491, loss=-0.1999]
Epoch 10/150 [train]:  35%|███▍      | 9/26 [00:00<00:00, 86.27it/s, S=0.2525, loss=-0.2043]
Epoch 10/150 [train]:  35%|███▍      | 9/26 [00:00<00:00, 86.27it/s, S=0.2476, loss=-0.1994]
Epoch 10/150 [train]:  69%|██████▉   | 18/26 [00:00<00:00, 86.83it/s, S=0.2476, loss=-0.1994]
Epoch 10/150 [train]:  69%|██████▉   | 18/26 [00:00<00:00, 86.83it/s, S=0.2464, loss=-0.1992]
Epoch 10/150 [train]:  69%|██████▉   | 18/26 [00:00<00:00, 86.83it/s, S=0.2561, loss=-0.2062]
Epoch 10/150 [train]:  69%|██████▉   | 18/26 [00:00<00:00, 86.83it/s, S=0.2536, loss=-0.2039]
Epoch 10/150 [train]:  69%|██████▉   | 18/26 [00:00<00:00, 86.83it/s, S=0.2457, loss=-0.1984]
Epoch 10/150 [train]:  69%|██████▉   | 18/26 [00:00<00:00, 86.83it/s, S=0.2472, loss=-0.1987]
Epoch 10/150 [train]:  69%|██████▉   | 18/26 [00:00<00:00, 86.83it/s, S=0.2560, loss=-0.2068]
Epoch 10/150 [train]:  69%|██████▉   | 18/26 [00:00<00:00, 86.83it/s, S=0.2494, loss=-0.1998]
Epoch 10/150 [train]:  69%|██████▉   | 18/26 [00:00<00:00, 86.83it/s, S=0.2492, loss=-0.1992]
                                                                                             
Epoch  10/150  train loss=-0.2001  val loss=-0.2141  S[mean]=0.2692  ζ=0.3779  mean_plane_ζ=0.2623  reg=0.0551  λscale=1.00  lr=5.00e-04

Epoch 11/150 [train]:   0%|          | 0/26 [00:00<?, ?it/s]
Epoch 11/150 [train]:   0%|          | 0/26 [00:00<?, ?it/s, S=0.2451, loss=-0.1960]
Epoch 11/150 [train]:   0%|          | 0/26 [00:00<?, ?it/s, S=0.2595, loss=-0.2098]
Epoch 11/150 [train]:   0%|          | 0/26 [00:00<?, ?it/s, S=0.2534, loss=-0.2045]
Epoch 11/150 [train]:   0%|          | 0/26 [00:00<?, ?it/s, S=0.2586, loss=-0.2058]
Epoch 11/150 [train]:   0%|          | 0/26 [00:00<?, ?it/s, S=0.2565, loss=-0.2045]
Epoch 11/150 [train]:   0%|          | 0/26 [00:00<?, ?it/s, S=0.2537, loss=-0.2024]
Epoch 11/150 [train]:   0%|          | 0/26 [00:00<?, ?it/s, S=0.2576, loss=-0.2046]
Epoch 11/150 [train]:   0%|          | 0/26 [00:00<?, ?it/s, S=0.2614, loss=-0.2081]
Epoch 11/150 [train]:   0%|          | 0/26 [00:00<?, ?it/s, S=0.2574, loss=-0.2044]
Epoch 11/150 [train]:  35%|███▍      | 9/26 [00:00<00:00, 86.21it/s, S=0.2574, loss=-0.2044]
Epoch 11/150 [train]:  35%|███▍      | 9/26 [00:00<00:00, 86.21it/s, S=0.2693, loss=-0.2148]
Epoch 11/150 [train]:  35%|███▍      | 9/26 [00:00<00:00, 86.21it/s, S=0.2632, loss=-0.2083]
Epoch 11/150 [train]:  35%|███▍      | 9/26 [00:00<00:00, 86.21it/s, S=0.2685, loss=-0.2116]
Epoch 11/150 [train]:  35%|███▍      | 9/26 [00:00<00:00, 86.21it/s, S=0.2621, loss=-0.2078]
Epoch 11/150 [train]:  35%|███▍      | 9/26 [00:00<00:00, 86.21it/s, S=0.2707, loss=-0.2163]
Epoch 11/150 [train]:  35%|███▍      | 9/26 [00:00<00:00, 86.21it/s, S=0.2700, loss=-0.2154]
Epoch 11/150 [train]:  35%|███▍      | 9/26 [00:00<00:00, 86.21it/s, S=0.2807, loss=-0.2220]
Epoch 11/150 [train]:  35%|███▍      | 9/26 [00:00<00:00, 86.21it/s, S=0.2812, loss=-0.2222]
Epoch 11/150 [train]:  35%|███▍      | 9/26 [00:00<00:00, 86.21it/s, S=0.2609, loss=-0.2016]
Epoch 11/150 [train]:  69%|██████▉   | 18/26 [00:00<00:00, 86.61it/s, S=0.2609, loss=-0.2016]
Epoch 11/150 [train]:  69%|██████▉   | 18/26 [00:00<00:00, 86.61it/s, S=0.2776, loss=-0.2181]
Epoch 11/150 [train]:  69%|██████▉   | 18/26 [00:00<00:00, 86.61it/s, S=0.2810, loss=-0.2225]
Epoch 11/150 [train]:  69%|██████▉   | 18/26 [00:00<00:00, 86.61it/s, S=0.2812, loss=-0.2243]
Epoch 11/150 [train]:  69%|██████▉   | 18/26 [00:00<00:00, 86.61it/s, S=0.2745, loss=-0.2143]
Epoch 11/150 [train]:  69%|██████▉   | 18/26 [00:00<00:00, 86.61it/s, S=0.2888, loss=-0.2286]
Epoch 11/150 [train]:  69%|██████▉   | 18/26 [00:00<00:00, 86.61it/s, S=0.2822, loss=-0.2245]
Epoch 11/150 [train]:  69%|██████▉   | 18/26 [00:00<00:00, 86.61it/s, S=0.2879, loss=-0.2285]
Epoch 11/150 [train]:  69%|██████▉   | 18/26 [00:00<00:00, 86.61it/s, S=0.2868, loss=-0.2279]
                                                                                             
Epoch  11/150  train loss=-0.2134  val loss=-0.2440  S[mean]=0.3104  ζ=0.3901  mean_plane_ζ=0.2756  reg=0.0664  λscale=1.00  lr=4.97e-04

Epoch 12/150 [train]:   0%|          | 0/26 [00:00<?, ?it/s]
Epoch 12/150 [train]:   0%|          | 0/26 [00:00<?, ?it/s, S=0.2937, loss=-0.2337]
Epoch 12/150 [train]:   0%|          | 0/26 [00:00<?, ?it/s, S=0.2894, loss=-0.2310]
Epoch 12/150 [train]:   0%|          | 0/26 [00:00<?, ?it/s, S=0.2948, loss=-0.2360]
Epoch 12/150 [train]:   0%|          | 0/26 [00:00<?, ?it/s, S=0.2832, loss=-0.2252]
Epoch 12/150 [train]:   0%|          | 0/26 [00:00<?, ?it/s, S=0.2911, loss=-0.2300]
Epoch 12/150 [train]:   0%|          | 0/26 [00:00<?, ?it/s, S=0.3007, loss=-0.2390]
Epoch 12/150 [train]:   0%|          | 0/26 [00:00<?, ?it/s, S=0.2954, loss=-0.2363]
Epoch 12/150 [train]:   0%|          | 0/26 [00:00<?, ?it/s, S=0.2964, loss=-0.2328]
Epoch 12/150 [train]:   0%|          | 0/26 [00:00<?, ?it/s, S=0.3036, loss=-0.2426]
Epoch 12/150 [train]:  35%|███▍      | 9/26 [00:00<00:00, 85.81it/s, S=0.3036, loss=-0.2426]
Epoch 12/150 [train]:  35%|███▍      | 9/26 [00:00<00:00, 85.81it/s, S=0.3013, loss=-0.2398]
Epoch 12/150 [train]:  35%|███▍      | 9/26 [00:00<00:00, 85.81it/s, S=0.3045, loss=-0.2435]
Epoch 12/150 [train]:  35%|███▍      | 9/26 [00:00<00:00, 85.81it/s, S=0.3076, loss=-0.2438]
Epoch 12/150 [train]:  35%|███▍      | 9/26 [00:00<00:00, 85.81it/s, S=0.3036, loss=-0.2405]
Epoch 12/150 [train]:  35%|███▍      | 9/26 [00:00<00:00, 85.81it/s, S=0.3066, loss=-0.2443]
Epoch 12/150 [train]:  35%|███▍      | 9/26 [00:00<00:00, 85.81it/s, S=0.3111, loss=-0.2507]
Epoch 12/150 [train]:  35%|███▍      | 9/26 [00:00<00:00, 85.81it/s, S=0.3090, loss=-0.2476]
Epoch 12/150 [train]:  35%|███▍      | 9/26 [00:00<00:00, 85.81it/s, S=0.3138, loss=-0.2513]
Epoch 12/150 [train]:  35%|███▍      | 9/26 [00:00<00:00, 85.81it/s, S=0.3035, loss=-0.2402]
Epoch 12/150 [train]:  69%|██████▉   | 18/26 [00:00<00:00, 86.35it/s, S=0.3035, loss=-0.2402]
Epoch 12/150 [train]:  69%|██████▉   | 18/26 [00:00<00:00, 86.35it/s, S=0.3091, loss=-0.2472]
Epoch 12/150 [train]:  69%|██████▉   | 18/26 [00:00<00:00, 86.35it/s, S=0.3119, loss=-0.2477]
Epoch 12/150 [train]:  69%|██████▉   | 18/26 [00:00<00:00, 86.35it/s, S=0.3013, loss=-0.2365]
Epoch 12/150 [train]:  69%|██████▉   | 18/26 [00:00<00:00, 86.35it/s, S=0.3125, loss=-0.2510]
Epoch 12/150 [train]:  69%|██████▉   | 18/26 [00:00<00:00, 86.35it/s, S=0.3175, loss=-0.2540]
Epoch 12/150 [train]:  69%|██████▉   | 18/26 [00:00<00:00, 86.35it/s, S=0.3090, loss=-0.2439]
Epoch 12/150 [train]:  69%|██████▉   | 18/26 [00:00<00:00, 86.35it/s, S=0.3052, loss=-0.2412]
Epoch 12/150 [train]:  69%|██████▉   | 18/26 [00:00<00:00, 86.35it/s, S=0.3045, loss=-0.2409]
                                                                                             
Epoch  12/150  train loss=-0.2412  val loss=-0.2659  S[mean]=0.3361  ζ=0.4003  mean_plane_ζ=0.2856  reg=0.0702  λscale=1.00  lr=4.88e-04

Epoch 13/150 [train]:   0%|          | 0/26 [00:00<?, ?it/s]
Epoch 13/150 [train]:   0%|          | 0/26 [00:00<?, ?it/s, S=0.3209, loss=-0.2555]
Epoch 13/150 [train]:   0%|          | 0/26 [00:00<?, ?it/s, S=0.3098, loss=-0.2467]
Epoch 13/150 [train]:   0%|          | 0/26 [00:00<?, ?it/s, S=0.3191, loss=-0.2559]
Epoch 13/150 [train]:   0%|          | 0/26 [00:00<?, ?it/s, S=0.3131, loss=-0.2502]
Epoch 13/150 [train]:   0%|          | 0/26 [00:00<?, ?it/s, S=0.3231, loss=-0.2592]
Epoch 13/150 [train]:   0%|          | 0/26 [00:00<?, ?it/s, S=0.3145, loss=-0.2511]
Epoch 13/150 [train]:   0%|          | 0/26 [00:00<?, ?it/s, S=0.3218, loss=-0.2585]
Epoch 13/150 [train]:   0%|          | 0/26 [00:00<?, ?it/s, S=0.3199, loss=-0.2561]
Epoch 13/150 [train]:   0%|          | 0/26 [00:00<?, ?it/s, S=0.3260, loss=-0.2607]
Epoch 13/150 [train]:  35%|███▍      | 9/26 [00:00<00:00, 85.99it/s, S=0.3260, loss=-0.2607]
Epoch 13/150 [train]:  35%|███▍      | 9/26 [00:00<00:00, 85.99it/s, S=0.3268, loss=-0.2631]
Epoch 13/150 [train]:  35%|███▍      | 9/26 [00:00<00:00, 85.99it/s, S=0.3218, loss=-0.2572]
Epoch 13/150 [train]:  35%|███▍      | 9/26 [00:00<00:00, 85.99it/s, S=0.3227, loss=-0.2592]
Epoch 13/150 [train]:  35%|███▍      | 9/26 [00:00<00:00, 85.99it/s, S=0.3222, loss=-0.2572]
Epoch 13/150 [train]:  35%|███▍      | 9/26 [00:00<00:00, 85.99it/s, S=0.3086, loss=-0.2401]
Epoch 13/150 [train]:  35%|███▍      | 9/26 [00:00<00:00, 85.99it/s, S=0.3221, loss=-0.2531]
Epoch 13/150 [train]:  35%|███▍      | 9/26 [00:00<00:00, 85.99it/s, S=0.3332, loss=-0.2676]
Epoch 13/150 [train]:  35%|███▍      | 9/26 [00:00<00:00, 85.99it/s, S=0.3315, loss=-0.2667]
Epoch 13/150 [train]:  35%|███▍      | 9/26 [00:00<00:00, 85.99it/s, S=0.3303, loss=-0.2665]
Epoch 13/150 [train]:  69%|██████▉   | 18/26 [00:00<00:00, 86.56it/s, S=0.3303, loss=-0.2665]
Epoch 13/150 [train]:  69%|██████▉   | 18/26 [00:00<00:00, 86.56it/s, S=0.3228, loss=-0.2568]
Epoch 13/150 [train]:  69%|██████▉   | 18/26 [00:00<00:00, 86.56it/s, S=0.3333, loss=-0.2666]
Epoch 13/150 [train]:  69%|██████▉   | 18/26 [00:00<00:00, 86.56it/s, S=0.3277, loss=-0.2620]
Epoch 13/150 [train]:  69%|██████▉   | 18/26 [00:00<00:00, 86.56it/s, S=0.3243, loss=-0.2553]
Epoch 13/150 [train]:  69%|██████▉   | 18/26 [00:00<00:00, 86.56it/s, S=0.3297, loss=-0.2584]
Epoch 13/150 [train]:  69%|██████▉   | 18/26 [00:00<00:00, 86.56it/s, S=0.3370, loss=-0.2720]
Epoch 13/150 [train]:  69%|██████▉   | 18/26 [00:00<00:00, 86.56it/s, S=0.3275, loss=-0.2625]
Epoch 13/150 [train]:  69%|██████▉   | 18/26 [00:00<00:00, 86.56it/s, S=0.3375, loss=-0.2686]
                                                                                             
Epoch  13/150  train loss=-0.2587  val loss=-0.2793  S[mean]=0.3522  ζ=0.4055  mean_plane_ζ=0.2932  reg=0.0728  λscale=1.00  lr=4.73e-04

Epoch 14/150 [train]:   0%|          | 0/26 [00:00<?, ?it/s]
Epoch 14/150 [train]:   0%|          | 0/26 [00:00<?, ?it/s, S=0.3405, loss=-0.2753]
Epoch 14/150 [train]:   0%|          | 0/26 [00:00<?, ?it/s, S=0.3289, loss=-0.2613]
Epoch 14/150 [train]:   0%|          | 0/26 [00:00<?, ?it/s, S=0.3384, loss=-0.2739]
Epoch 14/150 [train]:   0%|          | 0/26 [00:00<?, ?it/s, S=0.3393, loss=-0.2729]
Epoch 14/150 [train]:   0%|          | 0/26 [00:00<?, ?it/s, S=0.3412, loss=-0.2747]
Epoch 14/150 [train]:   0%|          | 0/26 [00:00<?, ?it/s, S=0.3414, loss=-0.2764]
Epoch 14/150 [train]:   0%|          | 0/26 [00:00<?, ?it/s, S=0.3371, loss=-0.2698]
Epoch 14/150 [train]:   0%|          | 0/26 [00:00<?, ?it/s, S=0.3420, loss=-0.2745]
Epoch 14/150 [train]:   0%|          | 0/26 [00:00<?, ?it/s, S=0.3452, loss=-0.2786]
Epoch 14/150 [train]:  35%|███▍      | 9/26 [00:00<00:00, 85.77it/s, S=0.3452, loss=-0.2786]
Epoch 14/150 [train]:  35%|███▍      | 9/26 [00:00<00:00, 85.77it/s, S=0.3412, loss=-0.2754]
Epoch 14/150 [train]:  35%|███▍      | 9/26 [00:00<00:00, 85.77it/s, S=0.3464, loss=-0.2784]
Epoch 14/150 [train]:  35%|███▍      | 9/26 [00:00<00:00, 85.77it/s, S=0.3361, loss=-0.2646]
Epoch 14/150 [train]:  35%|███▍      | 9/26 [00:00<00:00, 85.77it/s, S=0.3472, loss=-0.2801]
Epoch 14/150 [train]:  35%|███▍      | 9/26 [00:00<00:00, 85.77it/s, S=0.3452, loss=-0.2803]
Epoch 14/150 [train]:  35%|███▍      | 9/26 [00:00<00:00, 85.77it/s, S=0.3499, loss=-0.2843]
Epoch 14/150 [train]:  35%|███▍      | 9/26 [00:00<00:00, 85.77it/s, S=0.3324, loss=-0.2646]
Epoch 14/150 [train]:  35%|███▍      | 9/26 [00:00<00:00, 85.77it/s, S=0.3327, loss=-0.2654]
Epoch 14/150 [train]:  35%|███▍      | 9/26 [00:00<00:00, 85.77it/s, S=0.3362, loss=-0.2657]
Epoch 14/150 [train]:  69%|██████▉   | 18/26 [00:00<00:00, 86.41it/s, S=0.3362, loss=-0.2657]
Epoch 14/150 [train]:  69%|██████▉   | 18/26 [00:00<00:00, 86.41it/s, S=0.3370, loss=-0.2718]
Epoch 14/150 [train]:  69%|██████▉   | 18/26 [00:00<00:00, 86.41it/s, S=0.3426, loss=-0.2712]
Epoch 14/150 [train]:  69%|██████▉   | 18/26 [00:00<00:00, 86.41it/s, S=0.3341, loss=-0.2645]
Epoch 14/150 [train]:  69%|██████▉   | 18/26 [00:00<00:00, 86.41it/s, S=0.3290, loss=-0.2626]
Epoch 14/150 [train]:  69%|██████▉   | 18/26 [00:00<00:00, 86.41it/s, S=0.3468, loss=-0.2783]
Epoch 14/150 [train]:  69%|██████▉   | 18/26 [00:00<00:00, 86.41it/s, S=0.3506, loss=-0.2845]
Epoch 14/150 [train]:  69%|██████▉   | 18/26 [00:00<00:00, 86.41it/s, S=0.3382, loss=-0.2684]
Epoch 14/150 [train]:  69%|██████▉   | 18/26 [00:00<00:00, 86.41it/s, S=0.3496, loss=-0.2819]
                                                                                             
Epoch  14/150  train loss=-0.2730  val loss=-0.2944  S[mean]=0.3683  ζ=0.4105  mean_plane_ζ=0.3030  reg=0.0739  λscale=1.00  lr=4.52e-04
Saved val-mean plane ζ checkpoint val_mean_plane_zeta_0.3.pt: threshold=0.3 epoch=14 val_mean_plane_zeta=0.3030

Epoch 15/150 [train]:   0%|          | 0/26 [00:00<?, ?it/s]
Epoch 15/150 [train]:   0%|          | 0/26 [00:00<?, ?it/s, S=0.3553, loss=-0.2885]
Epoch 15/150 [train]:   0%|          | 0/26 [00:00<?, ?it/s, S=0.3604, loss=-0.2945]
Epoch 15/150 [train]:   0%|          | 0/26 [00:00<?, ?it/s, S=0.3507, loss=-0.2847]
Epoch 15/150 [train]:   0%|          | 0/26 [00:00<?, ?it/s, S=0.3507, loss=-0.2788]
Epoch 15/150 [train]:   0%|          | 0/26 [00:00<?, ?it/s, S=0.3504, loss=-0.2823]
Epoch 15/150 [train]:   0%|          | 0/26 [00:00<?, ?it/s, S=0.3492, loss=-0.2828]
Epoch 15/150 [train]:   0%|          | 0/26 [00:00<?, ?it/s, S=0.3517, loss=-0.2831]
Epoch 15/150 [train]:   0%|          | 0/26 [00:00<?, ?it/s, S=0.3600, loss=-0.2923]
Epoch 15/150 [train]:   0%|          | 0/26 [00:00<?, ?it/s, S=0.3577, loss=-0.2884]
Epoch 15/150 [train]:  35%|███▍      | 9/26 [00:00<00:00, 85.80it/s, S=0.3577, loss=-0.2884]
Epoch 15/150 [train]:  35%|███▍      | 9/26 [00:00<00:00, 85.80it/s, S=0.3467, loss=-0.2751]
Epoch 15/150 [train]:  35%|███▍      | 9/26 [00:00<00:00, 85.80it/s, S=0.3572, loss=-0.2887]
Epoch 15/150 [train]:  35%|███▍      | 9/26 [00:00<00:00, 85.80it/s, S=0.3506, loss=-0.2805]
Epoch 15/150 [train]:  35%|███▍      | 9/26 [00:00<00:00, 85.80it/s, S=0.3551, loss=-0.2883]
Epoch 15/150 [train]:  35%|███▍      | 9/26 [00:00<00:00, 85.80it/s, S=0.3582, loss=-0.2905]
Epoch 15/150 [train]:  35%|███▍      | 9/26 [00:00<00:00, 85.80it/s, S=0.3600, loss=-0.2894]
Epoch 15/150 [train]:  35%|███▍      | 9/26 [00:00<00:00, 85.80it/s, S=0.3545, loss=-0.2831]
Epoch 15/150 [train]:  35%|███▍      | 9/26 [00:00<00:00, 85.80it/s, S=0.3651, loss=-0.2962]
Epoch 15/150 [train]:  35%|███▍      | 9/26 [00:00<00:00, 85.80it/s, S=0.3626, loss=-0.2941]
Epoch 15/150 [train]:  69%|██████▉   | 18/26 [00:00<00:00, 86.51it/s, S=0.3626, loss=-0.2941]
Epoch 15/150 [train]:  69%|██████▉   | 18/26 [00:00<00:00, 86.51it/s, S=0.3538, loss=-0.2851]
Epoch 15/150 [train]:  69%|██████▉   | 18/26 [00:00<00:00, 86.51it/s, S=0.3663, loss=-0.2968]
Epoch 15/150 [train]:  69%|██████▉   | 18/26 [00:00<00:00, 86.51it/s, S=0.3510, loss=-0.2832]
Epoch 15/150 [train]:  69%|██████▉   | 18/26 [00:00<00:00, 86.51it/s, S=0.3605, loss=-0.2922]
Epoch 15/150 [train]:  69%|██████▉   | 18/26 [00:00<00:00, 86.51it/s, S=0.3539, loss=-0.2785]
Epoch 15/150 [train]:  69%|██████▉   | 18/26 [00:00<00:00, 86.51it/s, S=0.3705, loss=-0.3013]
Epoch 15/150 [train]:  69%|██████▉   | 18/26 [00:00<00:00, 86.51it/s, S=0.3543, loss=-0.2855]
Epoch 15/150 [train]:  69%|██████▉   | 18/26 [00:00<00:00, 86.51it/s, S=0.3664, loss=-0.2967]
                                                                                             
Epoch  15/150  train loss=-0.2877  val loss=-0.3119  S[mean]=0.3866  ζ=0.4154  mean_plane_ζ=0.3130  reg=0.0747  λscale=1.00  lr=4.27e-04

Epoch 16/150 [train]:   0%|          | 0/26 [00:00<?, ?it/s]
Epoch 16/150 [train]:   0%|          | 0/26 [00:00<?, ?it/s, S=0.3648, loss=-0.2934]
Epoch 16/150 [train]:   0%|          | 0/26 [00:00<?, ?it/s, S=0.3782, loss=-0.3077]
Epoch 16/150 [train]:   0%|          | 0/26 [00:00<?, ?it/s, S=0.3656, loss=-0.2950]
Epoch 16/150 [train]:   0%|          | 0/26 [00:00<?, ?it/s, S=0.3770, loss=-0.3051]
Epoch 16/150 [train]:   0%|          | 0/26 [00:00<?, ?it/s, S=0.3658, loss=-0.2943]
Epoch 16/150 [train]:   0%|          | 0/26 [00:00<?, ?it/s, S=0.3722, loss=-0.3037]
Epoch 16/150 [train]:   0%|          | 0/26 [00:00<?, ?it/s, S=0.3752, loss=-0.3052]
Epoch 16/150 [train]:   0%|          | 0/26 [00:00<?, ?it/s, S=0.3759, loss=-0.3054]
Epoch 16/150 [train]:   0%|          | 0/26 [00:00<?, ?it/s, S=0.3746, loss=-0.3041]
Epoch 16/150 [train]:  35%|███▍      | 9/26 [00:00<00:00, 85.83it/s, S=0.3746, loss=-0.3041]
Epoch 16/150 [train]:  35%|███▍      | 9/26 [00:00<00:00, 85.83it/s, S=0.3711, loss=-0.3012]
Epoch 16/150 [train]:  35%|███▍      | 9/26 [00:00<00:00, 85.83it/s, S=0.3712, loss=-0.2983]
Epoch 16/150 [train]:  35%|███▍      | 9/26 [00:00<00:00, 85.83it/s, S=0.3572, loss=-0.2858]
Epoch 16/150 [train]:  35%|███▍      | 9/26 [00:00<00:00, 85.83it/s, S=0.3677, loss=-0.2911]
Epoch 16/150 [train]:  35%|███▍      | 9/26 [00:00<00:00, 85.83it/s, S=0.3736, loss=-0.3040]
Epoch 16/150 [train]:  35%|███▍      | 9/26 [00:00<00:00, 85.83it/s, S=0.3700, loss=-0.3002]
Epoch 16/150 [train]:  35%|███▍      | 9/26 [00:00<00:00, 85.83it/s, S=0.3757, loss=-0.3039]
Epoch 16/150 [train]:  35%|███▍      | 9/26 [00:00<00:00, 85.83it/s, S=0.3782, loss=-0.3059]
Epoch 16/150 [train]:  35%|███▍      | 9/26 [00:00<00:00, 85.83it/s, S=0.3778, loss=-0.3058]
Epoch 16/150 [train]:  69%|██████▉   | 18/26 [00:00<00:00, 86.45it/s, S=0.3778, loss=-0.3058]
Epoch 16/150 [train]:  69%|██████▉   | 18/26 [00:00<00:00, 86.45it/s, S=0.3840, loss=-0.3113]
Epoch 16/150 [train]:  69%|██████▉   | 18/26 [00:00<00:00, 86.45it/s, S=0.3812, loss=-0.3109]
Epoch 16/150 [train]:  69%|██████▉   | 18/26 [00:00<00:00, 86.45it/s, S=0.3777, loss=-0.3072]
Epoch 16/150 [train]:  69%|██████▉   | 18/26 [00:00<00:00, 86.45it/s, S=0.3823, loss=-0.3102]
Epoch 16/150 [train]:  69%|██████▉   | 18/26 [00:00<00:00, 86.45it/s, S=0.3783, loss=-0.3038]
Epoch 16/150 [train]:  69%|██████▉   | 18/26 [00:00<00:00, 86.45it/s, S=0.3794, loss=-0.3048]
Epoch 16/150 [train]:  69%|██████▉   | 18/26 [00:00<00:00, 86.45it/s, S=0.3805, loss=-0.3080]
Epoch 16/150 [train]:  69%|██████▉   | 18/26 [00:00<00:00, 86.45it/s, S=0.3816, loss=-0.3100]
                                                                                             
Epoch  16/150  train loss=-0.3029  val loss=-0.3281  S[mean]=0.4060  ζ=0.4217  mean_plane_ζ=0.3246  reg=0.0779  λscale=1.00  lr=3.97e-04

Epoch 17/150 [train]:   0%|          | 0/26 [00:00<?, ?it/s]
Epoch 17/150 [train]:   0%|          | 0/26 [00:00<?, ?it/s, S=0.3874, loss=-0.3143]
Epoch 17/150 [train]:   0%|          | 0/26 [00:00<?, ?it/s, S=0.3748, loss=-0.3017]
Epoch 17/150 [train]:   0%|          | 0/26 [00:00<?, ?it/s, S=0.3911, loss=-0.3167]
Epoch 17/150 [train]:   0%|          | 0/26 [00:00<?, ?it/s, S=0.3870, loss=-0.3099]
Epoch 17/150 [train]:   0%|          | 0/26 [00:00<?, ?it/s, S=0.3835, loss=-0.3101]
Epoch 17/150 [train]:   0%|          | 0/26 [00:00<?, ?it/s, S=0.3935, loss=-0.3180]
Epoch 17/150 [train]:   0%|          | 0/26 [00:00<?, ?it/s, S=0.3908, loss=-0.3139]
Epoch 17/150 [train]:   0%|          | 0/26 [00:00<?, ?it/s, S=0.3919, loss=-0.3212]
Epoch 17/150 [train]:   0%|          | 0/26 [00:00<?, ?it/s, S=0.3932, loss=-0.3196]
Epoch 17/150 [train]:  35%|███▍      | 9/26 [00:00<00:00, 86.82it/s, S=0.3932, loss=-0.3196]
Epoch 17/150 [train]:  35%|███▍      | 9/26 [00:00<00:00, 86.82it/s, S=0.3985, loss=-0.3222]
Epoch 17/150 [train]:  35%|███▍      | 9/26 [00:00<00:00, 86.82it/s, S=0.4035, loss=-0.3294]
Epoch 17/150 [train]:  35%|███▍      | 9/26 [00:00<00:00, 86.82it/s, S=0.3955, loss=-0.3233]
Epoch 17/150 [train]:  35%|███▍      | 9/26 [00:00<00:00, 86.82it/s, S=0.3896, loss=-0.3187]
Epoch 17/150 [train]:  35%|███▍      | 9/26 [00:00<00:00, 86.82it/s, S=0.3968, loss=-0.3237]
Epoch 17/150 [train]:  35%|███▍      | 9/26 [00:00<00:00, 86.82it/s, S=0.4029, loss=-0.3294]
Epoch 17/150 [train]:  35%|███▍      | 9/26 [00:00<00:00, 86.82it/s, S=0.3946, loss=-0.3217]
Epoch 17/150 [train]:  35%|███▍      | 9/26 [00:00<00:00, 86.82it/s, S=0.4008, loss=-0.3254]
Epoch 17/150 [train]:  35%|███▍      | 9/26 [00:00<00:00, 86.82it/s, S=0.3944, loss=-0.3172]
Epoch 17/150 [train]:  69%|██████▉   | 18/26 [00:00<00:00, 86.79it/s, S=0.3944, loss=-0.3172]
Epoch 17/150 [train]:  69%|██████▉   | 18/26 [00:00<00:00, 86.79it/s, S=0.3995, loss=-0.3171]
Epoch 17/150 [train]:  69%|██████▉   | 18/26 [00:00<00:00, 86.79it/s, S=0.3918, loss=-0.3122]
Epoch 17/150 [train]:  69%|██████▉   | 18/26 [00:00<00:00, 86.79it/s, S=0.3939, loss=-0.3191]
Epoch 17/150 [train]:  69%|██████▉   | 18/26 [00:00<00:00, 86.79it/s, S=0.3904, loss=-0.3149]
Epoch 17/150 [train]:  69%|██████▉   | 18/26 [00:00<00:00, 86.79it/s, S=0.3958, loss=-0.3213]
Epoch 17/150 [train]:  69%|██████▉   | 18/26 [00:00<00:00, 86.79it/s, S=0.3964, loss=-0.3176]
Epoch 17/150 [train]:  69%|██████▉   | 18/26 [00:00<00:00, 86.79it/s, S=0.3998, loss=-0.3246]
Epoch 17/150 [train]:  69%|██████▉   | 18/26 [00:00<00:00, 86.79it/s, S=0.4002, loss=-0.3205]
                                                                                             
Epoch  17/150  train loss=-0.3186  val loss=-0.3407  S[mean]=0.4222  ζ=0.4268  mean_plane_ζ=0.3308  reg=0.0814  λscale=1.00  lr=3.63e-04

Epoch 18/150 [train]:   0%|          | 0/26 [00:00<?, ?it/s]
Epoch 18/150 [train]:   0%|          | 0/26 [00:00<?, ?it/s, S=0.3986, loss=-0.3112]
Epoch 18/150 [train]:   0%|          | 0/26 [00:00<?, ?it/s, S=0.4030, loss=-0.3266]
Epoch 18/150 [train]:   0%|          | 0/26 [00:00<?, ?it/s, S=0.4063, loss=-0.3293]
Epoch 18/150 [train]:   0%|          | 0/26 [00:00<?, ?it/s, S=0.4141, loss=-0.3362]
Epoch 18/150 [train]:   0%|          | 0/26 [00:00<?, ?it/s, S=0.3947, loss=-0.3144]
Epoch 18/150 [train]:   0%|          | 0/26 [00:00<?, ?it/s, S=0.4110, loss=-0.3327]
Epoch 18/150 [train]:   0%|          | 0/26 [00:00<?, ?it/s, S=0.4087, loss=-0.3317]
Epoch 18/150 [train]:   0%|          | 0/26 [00:00<?, ?it/s, S=0.4136, loss=-0.3361]
Epoch 18/150 [train]:   0%|          | 0/26 [00:00<?, ?it/s, S=0.4137, loss=-0.3363]
Epoch 18/150 [train]:  35%|███▍      | 9/26 [00:00<00:00, 85.81it/s, S=0.4137, loss=-0.3363]
Epoch 18/150 [train]:  35%|███▍      | 9/26 [00:00<00:00, 85.81it/s, S=0.4104, loss=-0.3340]
Epoch 18/150 [train]:  35%|███▍      | 9/26 [00:00<00:00, 85.81it/s, S=0.4182, loss=-0.3424]
Epoch 18/150 [train]:  35%|███▍      | 9/26 [00:00<00:00, 85.81it/s, S=0.4066, loss=-0.3255]
Epoch 18/150 [train]:  35%|███▍      | 9/26 [00:00<00:00, 85.81it/s, S=0.4169, loss=-0.3401]
Epoch 18/150 [train]:  35%|███▍      | 9/26 [00:00<00:00, 85.81it/s, S=0.4084, loss=-0.3323]
Epoch 18/150 [train]:  35%|███▍      | 9/26 [00:00<00:00, 85.81it/s, S=0.4174, loss=-0.3415]
Epoch 18/150 [train]:  35%|███▍      | 9/26 [00:00<00:00, 85.81it/s, S=0.4072, loss=-0.3291]
Epoch 18/150 [train]:  35%|███▍      | 9/26 [00:00<00:00, 85.81it/s, S=0.4027, loss=-0.3232]
Epoch 18/150 [train]:  35%|███▍      | 9/26 [00:00<00:00, 85.81it/s, S=0.4110, loss=-0.3344]
Epoch 18/150 [train]:  69%|██████▉   | 18/26 [00:00<00:00, 86.41it/s, S=0.4110, loss=-0.3344]
Epoch 18/150 [train]:  69%|██████▉   | 18/26 [00:00<00:00, 86.41it/s, S=0.4088, loss=-0.3312]
Epoch 18/150 [train]:  69%|██████▉   | 18/26 [00:00<00:00, 86.41it/s, S=0.3946, loss=-0.3134]
Epoch 18/150 [train]:  69%|██████▉   | 18/26 [00:00<00:00, 86.41it/s, S=0.4097, loss=-0.3324]
Epoch 18/150 [train]:  69%|██████▉   | 18/26 [00:00<00:00, 86.41it/s, S=0.4031, loss=-0.3253]
Epoch 18/150 [train]:  69%|██████▉   | 18/26 [00:00<00:00, 86.41it/s, S=0.4099, loss=-0.3317]
Epoch 18/150 [train]:  69%|██████▉   | 18/26 [00:00<00:00, 86.41it/s, S=0.4033, loss=-0.3271]
Epoch 18/150 [train]:  69%|██████▉   | 18/26 [00:00<00:00, 86.41it/s, S=0.4252, loss=-0.3462]
Epoch 18/150 [train]:  69%|██████▉   | 18/26 [00:00<00:00, 86.41it/s, S=0.4095, loss=-0.3286]
                                                                                             
Epoch  18/150  train loss=-0.3305  val loss=-0.3463  S[mean]=0.4295  ζ=0.4271  mean_plane_ζ=0.3338  reg=0.0832  λscale=1.00  lr=3.27e-04

Epoch 19/150 [train]:   0%|          | 0/26 [00:00<?, ?it/s]
Epoch 19/150 [train]:   0%|          | 0/26 [00:00<?, ?it/s, S=0.4105, loss=-0.3300]
Epoch 19/150 [train]:   0%|          | 0/26 [00:00<?, ?it/s, S=0.4196, loss=-0.3402]
Epoch 19/150 [train]:   0%|          | 0/26 [00:00<?, ?it/s, S=0.4139, loss=-0.3375]
Epoch 19/150 [train]:   0%|          | 0/26 [00:00<?, ?it/s, S=0.4104, loss=-0.3280]
Epoch 19/150 [train]:   0%|          | 0/26 [00:00<?, ?it/s, S=0.4218, loss=-0.3390]
Epoch 19/150 [train]:   0%|          | 0/26 [00:00<?, ?it/s, S=0.4168, loss=-0.3345]
Epoch 19/150 [train]:   0%|          | 0/26 [00:00<?, ?it/s, S=0.4092, loss=-0.3295]
Epoch 19/150 [train]:   0%|          | 0/26 [00:00<?, ?it/s, S=0.4163, loss=-0.3379]
Epoch 19/150 [train]:   0%|          | 0/26 [00:00<?, ?it/s, S=0.4167, loss=-0.3376]
Epoch 19/150 [train]:  35%|███▍      | 9/26 [00:00<00:00, 85.38it/s, S=0.4167, loss=-0.3376]
Epoch 19/150 [train]:  35%|███▍      | 9/26 [00:00<00:00, 85.38it/s, S=0.4149, loss=-0.3344]
Epoch 19/150 [train]:  35%|███▍      | 9/26 [00:00<00:00, 85.38it/s, S=0.4220, loss=-0.3429]
Epoch 19/150 [train]:  35%|███▍      | 9/26 [00:00<00:00, 85.38it/s, S=0.4206, loss=-0.3421]
Epoch 19/150 [train]:  35%|███▍      | 9/26 [00:00<00:00, 85.38it/s, S=0.4231, loss=-0.3396]
Epoch 19/150 [train]:  35%|███▍      | 9/26 [00:00<00:00, 85.38it/s, S=0.4268, loss=-0.3479]
Epoch 19/150 [train]:  35%|███▍      | 9/26 [00:00<00:00, 85.38it/s, S=0.4142, loss=-0.3367]
Epoch 19/150 [train]:  35%|███▍      | 9/26 [00:00<00:00, 85.38it/s, S=0.4205, loss=-0.3393]
Epoch 19/150 [train]:  35%|███▍      | 9/26 [00:00<00:00, 85.38it/s, S=0.4242, loss=-0.3444]
Epoch 19/150 [train]:  35%|███▍      | 9/26 [00:00<00:00, 85.38it/s, S=0.4203, loss=-0.3395]
Epoch 19/150 [train]:  69%|██████▉   | 18/26 [00:00<00:00, 86.28it/s, S=0.4203, loss=-0.3395]
Epoch 19/150 [train]:  69%|██████▉   | 18/26 [00:00<00:00, 86.28it/s, S=0.4184, loss=-0.3388]
Epoch 19/150 [train]:  69%|██████▉   | 18/26 [00:00<00:00, 86.28it/s, S=0.4158, loss=-0.3362]
Epoch 19/150 [train]:  69%|██████▉   | 18/26 [00:00<00:00, 86.28it/s, S=0.4240, loss=-0.3448]
Epoch 19/150 [train]:  69%|██████▉   | 18/26 [00:00<00:00, 86.28it/s, S=0.4265, loss=-0.3475]
Epoch 19/150 [train]:  69%|██████▉   | 18/26 [00:00<00:00, 86.28it/s, S=0.4172, loss=-0.3312]
Epoch 19/150 [train]:  69%|██████▉   | 18/26 [00:00<00:00, 86.28it/s, S=0.4266, loss=-0.3383]
Epoch 19/150 [train]:  69%|██████▉   | 18/26 [00:00<00:00, 86.28it/s, S=0.4285, loss=-0.3446]
Epoch 19/150 [train]:  69%|██████▉   | 18/26 [00:00<00:00, 86.28it/s, S=0.4186, loss=-0.3349]
                                                                                             
Epoch  19/150  train loss=-0.3384  val loss=-0.3582  S[mean]=0.4425  ζ=0.4289  mean_plane_ζ=0.3410  reg=0.0843  λscale=1.00  lr=2.89e-04

Epoch 20/150 [train]:   0%|          | 0/26 [00:00<?, ?it/s]
Epoch 20/150 [train]:   0%|          | 0/26 [00:00<?, ?it/s, S=0.4220, loss=-0.3429]
Epoch 20/150 [train]:   0%|          | 0/26 [00:00<?, ?it/s, S=0.4094, loss=-0.3265]
Epoch 20/150 [train]:   0%|          | 0/26 [00:00<?, ?it/s, S=0.4341, loss=-0.3531]
Epoch 20/150 [train]:   0%|          | 0/26 [00:00<?, ?it/s, S=0.4306, loss=-0.3506]
Epoch 20/150 [train]:   0%|          | 0/26 [00:00<?, ?it/s, S=0.4279, loss=-0.3469]
Epoch 20/150 [train]:   0%|          | 0/26 [00:00<?, ?it/s, S=0.4336, loss=-0.3535]
Epoch 20/150 [train]:   0%|          | 0/26 [00:00<?, ?it/s, S=0.4271, loss=-0.3452]
Epoch 20/150 [train]:   0%|          | 0/26 [00:00<?, ?it/s, S=0.4422, loss=-0.3619]
Epoch 20/150 [train]:   0%|          | 0/26 [00:00<?, ?it/s, S=0.4333, loss=-0.3533]
Epoch 20/150 [train]:  35%|███▍      | 9/26 [00:00<00:00, 86.02it/s, S=0.4333, loss=-0.3533]
Epoch 20/150 [train]:  35%|███▍      | 9/26 [00:00<00:00, 86.02it/s, S=0.4257, loss=-0.3403]
Epoch 20/150 [train]:  35%|███▍      | 9/26 [00:00<00:00, 86.02it/s, S=0.4314, loss=-0.3470]
Epoch 20/150 [train]:  35%|███▍      | 9/26 [00:00<00:00, 86.02it/s, S=0.4352, loss=-0.3521]
Epoch 20/150 [train]:  35%|███▍      | 9/26 [00:00<00:00, 86.02it/s, S=0.4246, loss=-0.3416]
Epoch 20/150 [train]:  35%|███▍      | 9/26 [00:00<00:00, 86.02it/s, S=0.4310, loss=-0.3476]
Epoch 20/150 [train]:  35%|███▍      | 9/26 [00:00<00:00, 86.02it/s, S=0.4395, loss=-0.3583]
Epoch 20/150 [train]:  35%|███▍      | 9/26 [00:00<00:00, 86.02it/s, S=0.4359, loss=-0.3555]
Epoch 20/150 [train]:  35%|███▍      | 9/26 [00:00<00:00, 86.02it/s, S=0.4429, loss=-0.3611]
Epoch 20/150 [train]:  35%|███▍      | 9/26 [00:00<00:00, 86.02it/s, S=0.4400, loss=-0.3594]
Epoch 20/150 [train]:  69%|██████▉   | 18/26 [00:00<00:00, 86.60it/s, S=0.4400, loss=-0.3594]
Epoch 20/150 [train]:  69%|██████▉   | 18/26 [00:00<00:00, 86.60it/s, S=0.4337, loss=-0.3493]
Epoch 20/150 [train]:  69%|██████▉   | 18/26 [00:00<00:00, 86.60it/s, S=0.4360, loss=-0.3542]
Epoch 20/150 [train]:  69%|██████▉   | 18/26 [00:00<00:00, 86.60it/s, S=0.4437, loss=-0.3652]
Epoch 20/150 [train]:  69%|██████▉   | 18/26 [00:00<00:00, 86.60it/s, S=0.4414, loss=-0.3568]
Epoch 20/150 [train]:  69%|██████▉   | 18/26 [00:00<00:00, 86.60it/s, S=0.4370, loss=-0.3544]
Epoch 20/150 [train]:  69%|██████▉   | 18/26 [00:00<00:00, 86.60it/s, S=0.4431, loss=-0.3580]
Epoch 20/150 [train]:  69%|██████▉   | 18/26 [00:00<00:00, 86.60it/s, S=0.4340, loss=-0.3541]
Epoch 20/150 [train]:  69%|██████▉   | 18/26 [00:00<00:00, 86.60it/s, S=0.4381, loss=-0.3585]
                                                                                             
Epoch  20/150  train loss=-0.3518  val loss=-0.3684  S[mean]=0.4547  ζ=0.4307  mean_plane_ζ=0.3471  reg=0.0864  λscale=1.00  lr=2.50e-04

Epoch 21/150 [train]:   0%|          | 0/26 [00:00<?, ?it/s]
Epoch 21/150 [train]:   0%|          | 0/26 [00:00<?, ?it/s, S=0.4435, loss=-0.3618]
Epoch 21/150 [train]:   0%|          | 0/26 [00:00<?, ?it/s, S=0.4463, loss=-0.3664]
Epoch 21/150 [train]:   0%|          | 0/26 [00:00<?, ?it/s, S=0.4437, loss=-0.3630]
Epoch 21/150 [train]:   0%|          | 0/26 [00:00<?, ?it/s, S=0.4542, loss=-0.3696]
Epoch 21/150 [train]:   0%|          | 0/26 [00:00<?, ?it/s, S=0.4435, loss=-0.3614]
Epoch 21/150 [train]:   0%|          | 0/26 [00:00<?, ?it/s, S=0.4414, loss=-0.3596]
Epoch 21/150 [train]:   0%|          | 0/26 [00:00<?, ?it/s, S=0.4453, loss=-0.3632]
Epoch 21/150 [train]:   0%|          | 0/26 [00:00<?, ?it/s, S=0.4468, loss=-0.3640]
Epoch 21/150 [train]:   0%|          | 0/26 [00:00<?, ?it/s, S=0.4414, loss=-0.3596]
Epoch 21/150 [train]:  35%|███▍      | 9/26 [00:00<00:00, 85.86it/s, S=0.4414, loss=-0.3596]
Epoch 21/150 [train]:  35%|███▍      | 9/26 [00:00<00:00, 85.86it/s, S=0.4442, loss=-0.3621]
Epoch 21/150 [train]:  35%|███▍      | 9/26 [00:00<00:00, 85.86it/s, S=0.4383, loss=-0.3541]
Epoch 21/150 [train]:  35%|███▍      | 9/26 [00:00<00:00, 85.86it/s, S=0.4393, loss=-0.3553]
Epoch 21/150 [train]:  35%|███▍      | 9/26 [00:00<00:00, 85.86it/s, S=0.4506, loss=-0.3664]
Epoch 21/150 [train]:  35%|███▍      | 9/26 [00:00<00:00, 85.86it/s, S=0.4526, loss=-0.3655]
Epoch 21/150 [train]:  35%|███▍      | 9/26 [00:00<00:00, 85.86it/s, S=0.4451, loss=-0.3621]
Epoch 21/150 [train]:  35%|███▍      | 9/26 [00:00<00:00, 85.86it/s, S=0.4458, loss=-0.3605]
Epoch 21/150 [train]:  35%|███▍      | 9/26 [00:00<00:00, 85.86it/s, S=0.4451, loss=-0.3608]
Epoch 21/150 [train]:  35%|███▍      | 9/26 [00:00<00:00, 85.86it/s, S=0.4411, loss=-0.3565]
Epoch 21/150 [train]:  69%|██████▉   | 18/26 [00:00<00:00, 86.13it/s, S=0.4411, loss=-0.3565]
Epoch 21/150 [train]:  69%|██████▉   | 18/26 [00:00<00:00, 86.13it/s, S=0.4367, loss=-0.3542]
Epoch 21/150 [train]:  69%|██████▉   | 18/26 [00:00<00:00, 86.13it/s, S=0.4493, loss=-0.3671]
Epoch 21/150 [train]:  69%|██████▉   | 18/26 [00:00<00:00, 86.13it/s, S=0.4519, loss=-0.3695]
Epoch 21/150 [train]:  69%|██████▉   | 18/26 [00:00<00:00, 86.13it/s, S=0.4374, loss=-0.3475]
Epoch 21/150 [train]:  69%|██████▉   | 18/26 [00:00<00:00, 86.13it/s, S=0.4351, loss=-0.3426]
Epoch 21/150 [train]:  69%|██████▉   | 18/26 [00:00<00:00, 86.13it/s, S=0.4519, loss=-0.3672]
Epoch 21/150 [train]:  69%|██████▉   | 18/26 [00:00<00:00, 86.13it/s, S=0.4406, loss=-0.3523]
Epoch 21/150 [train]:  69%|██████▉   | 18/26 [00:00<00:00, 86.13it/s, S=0.4411, loss=-0.3574]
                                                                                             
Epoch  21/150  train loss=-0.3604  val loss=-0.3742  S[mean]=0.4623  ζ=0.4319  mean_plane_ζ=0.3510  reg=0.0881  λscale=1.00  lr=2.11e-04

Epoch 22/150 [train]:   0%|          | 0/26 [00:00<?, ?it/s]
Epoch 22/150 [train]:   0%|          | 0/26 [00:00<?, ?it/s, S=0.4498, loss=-0.3662]
Epoch 22/150 [train]:   0%|          | 0/26 [00:00<?, ?it/s, S=0.4407, loss=-0.3546]
Epoch 22/150 [train]:   0%|          | 0/26 [00:00<?, ?it/s, S=0.4496, loss=-0.3607]
Epoch 22/150 [train]:   0%|          | 0/26 [00:00<?, ?it/s, S=0.4510, loss=-0.3685]
Epoch 22/150 [train]:   0%|          | 0/26 [00:00<?, ?it/s, S=0.4582, loss=-0.3754]
Epoch 22/150 [train]:   0%|          | 0/26 [00:00<?, ?it/s, S=0.4405, loss=-0.3561]
Epoch 22/150 [train]:   0%|          | 0/26 [00:00<?, ?it/s, S=0.4603, loss=-0.3762]
Epoch 22/150 [train]:   0%|          | 0/26 [00:00<?, ?it/s, S=0.4557, loss=-0.3700]
Epoch 22/150 [train]:   0%|          | 0/26 [00:00<?, ?it/s, S=0.4525, loss=-0.3682]
Epoch 22/150 [train]:  35%|███▍      | 9/26 [00:00<00:00, 85.82it/s, S=0.4525, loss=-0.3682]
Epoch 22/150 [train]:  35%|███▍      | 9/26 [00:00<00:00, 85.82it/s, S=0.4566, loss=-0.3739]
Epoch 22/150 [train]:  35%|███▍      | 9/26 [00:00<00:00, 85.82it/s, S=0.4477, loss=-0.3647]
Epoch 22/150 [train]:  35%|███▍      | 9/26 [00:00<00:00, 85.82it/s, S=0.4416, loss=-0.3495]
Epoch 22/150 [train]:  35%|███▍      | 9/26 [00:00<00:00, 85.82it/s, S=0.4404, loss=-0.3583]
Epoch 22/150 [train]:  35%|███▍      | 9/26 [00:00<00:00, 85.82it/s, S=0.4464, loss=-0.3637]
Epoch 22/150 [train]:  35%|███▍      | 9/26 [00:00<00:00, 85.82it/s, S=0.4500, loss=-0.3661]
Epoch 22/150 [train]:  35%|███▍      | 9/26 [00:00<00:00, 85.82it/s, S=0.4510, loss=-0.3680]
Epoch 22/150 [train]:  35%|███▍      | 9/26 [00:00<00:00, 85.82it/s, S=0.4552, loss=-0.3713]
Epoch 22/150 [train]:  35%|███▍      | 9/26 [00:00<00:00, 85.82it/s, S=0.4452, loss=-0.3564]
Epoch 22/150 [train]:  69%|██████▉   | 18/26 [00:00<00:00, 86.33it/s, S=0.4452, loss=-0.3564]
Epoch 22/150 [train]:  69%|██████▉   | 18/26 [00:00<00:00, 86.33it/s, S=0.4577, loss=-0.3741]
Epoch 22/150 [train]:  69%|██████▉   | 18/26 [00:00<00:00, 86.33it/s, S=0.4539, loss=-0.3680]
Epoch 22/150 [train]:  69%|██████▉   | 18/26 [00:00<00:00, 86.33it/s, S=0.4512, loss=-0.3686]
Epoch 22/150 [train]:  69%|██████▉   | 18/26 [00:00<00:00, 86.33it/s, S=0.4585, loss=-0.3717]
Epoch 22/150 [train]:  69%|██████▉   | 18/26 [00:00<00:00, 86.33it/s, S=0.4431, loss=-0.3485]
Epoch 22/150 [train]:  69%|██████▉   | 18/26 [00:00<00:00, 86.33it/s, S=0.4582, loss=-0.3732]
Epoch 22/150 [train]:  69%|██████▉   | 18/26 [00:00<00:00, 86.33it/s, S=0.4474, loss=-0.3609]
Epoch 22/150 [train]:  69%|██████▉   | 18/26 [00:00<00:00, 86.33it/s, S=0.4580, loss=-0.3734]
                                                                                             
Epoch  22/150  train loss=-0.3656  val loss=-0.3789  S[mean]=0.4672  ζ=0.4322  mean_plane_ζ=0.3538  reg=0.0883  λscale=1.00  lr=1.73e-04

Epoch 23/150 [train]:   0%|          | 0/26 [00:00<?, ?it/s]
Epoch 23/150 [train]:   0%|          | 0/26 [00:00<?, ?it/s, S=0.4516, loss=-0.3671]
Epoch 23/150 [train]:   0%|          | 0/26 [00:00<?, ?it/s, S=0.4595, loss=-0.3738]
Epoch 23/150 [train]:   0%|          | 0/26 [00:00<?, ?it/s, S=0.4573, loss=-0.3737]
Epoch 23/150 [train]:   0%|          | 0/26 [00:00<?, ?it/s, S=0.4463, loss=-0.3549]
Epoch 23/150 [train]:   0%|          | 0/26 [00:00<?, ?it/s, S=0.4586, loss=-0.3742]
Epoch 23/150 [train]:   0%|          | 0/26 [00:00<?, ?it/s, S=0.4555, loss=-0.3662]
Epoch 23/150 [train]:   0%|          | 0/26 [00:00<?, ?it/s, S=0.4600, loss=-0.3748]
Epoch 23/150 [train]:   0%|          | 0/26 [00:00<?, ?it/s, S=0.4581, loss=-0.3723]
Epoch 23/150 [train]:   0%|          | 0/26 [00:00<?, ?it/s, S=0.4477, loss=-0.3620]
Epoch 23/150 [train]:  35%|███▍      | 9/26 [00:00<00:00, 85.75it/s, S=0.4477, loss=-0.3620]
Epoch 23/150 [train]:  35%|███▍      | 9/26 [00:00<00:00, 85.75it/s, S=0.4566, loss=-0.3715]
Epoch 23/150 [train]:  35%|███▍      | 9/26 [00:00<00:00, 85.75it/s, S=0.4593, loss=-0.3738]
Epoch 23/150 [train]:  35%|███▍      | 9/26 [00:00<00:00, 85.75it/s, S=0.4636, loss=-0.3779]
Epoch 23/150 [train]:  35%|███▍      | 9/26 [00:00<00:00, 85.75it/s, S=0.4513, loss=-0.3678]
Epoch 23/150 [train]:  35%|███▍      | 9/26 [00:00<00:00, 85.75it/s, S=0.4507, loss=-0.3618]
Epoch 23/150 [train]:  35%|███▍      | 9/26 [00:00<00:00, 85.75it/s, S=0.4624, loss=-0.3744]
Epoch 23/150 [train]:  35%|███▍      | 9/26 [00:00<00:00, 85.75it/s, S=0.4575, loss=-0.3734]
Epoch 23/150 [train]:  35%|███▍      | 9/26 [00:00<00:00, 85.75it/s, S=0.4590, loss=-0.3750]
Epoch 23/150 [train]:  35%|███▍      | 9/26 [00:00<00:00, 85.75it/s, S=0.4513, loss=-0.3669]
Epoch 23/150 [train]:  69%|██████▉   | 18/26 [00:00<00:00, 86.37it/s, S=0.4513, loss=-0.3669]
Epoch 23/150 [train]:  69%|██████▉   | 18/26 [00:00<00:00, 86.37it/s, S=0.4543, loss=-0.3676]
Epoch 23/150 [train]:  69%|██████▉   | 18/26 [00:00<00:00, 86.37it/s, S=0.4617, loss=-0.3774]
Epoch 23/150 [train]:  69%|██████▉   | 18/26 [00:00<00:00, 86.37it/s, S=0.4459, loss=-0.3634]
Epoch 23/150 [train]:  69%|██████▉   | 18/26 [00:00<00:00, 86.37it/s, S=0.4439, loss=-0.3493]
Epoch 23/150 [train]:  69%|██████▉   | 18/26 [00:00<00:00, 86.37it/s, S=0.4597, loss=-0.3763]
Epoch 23/150 [train]:  69%|██████▉   | 18/26 [00:00<00:00, 86.37it/s, S=0.4616, loss=-0.3756]
Epoch 23/150 [train]:  69%|██████▉   | 18/26 [00:00<00:00, 86.37it/s, S=0.4481, loss=-0.3646]
Epoch 23/150 [train]:  69%|██████▉   | 18/26 [00:00<00:00, 86.37it/s, S=0.4619, loss=-0.3782]
                                                                                             
Epoch  23/150  train loss=-0.3698  val loss=-0.3838  S[mean]=0.4725  ζ=0.4335  mean_plane_ζ=0.3580  reg=0.0887  λscale=1.00  lr=1.37e-04

Epoch 24/150 [train]:   0%|          | 0/26 [00:00<?, ?it/s]
Epoch 24/150 [train]:   0%|          | 0/26 [00:00<?, ?it/s, S=0.4690, loss=-0.3844]
Epoch 24/150 [train]:   0%|          | 0/26 [00:00<?, ?it/s, S=0.4564, loss=-0.3701]
Epoch 24/150 [train]:   0%|          | 0/26 [00:00<?, ?it/s, S=0.4639, loss=-0.3784]
Epoch 24/150 [train]:   0%|          | 0/26 [00:00<?, ?it/s, S=0.4648, loss=-0.3773]
Epoch 24/150 [train]:   0%|          | 0/26 [00:00<?, ?it/s, S=0.4491, loss=-0.3642]
Epoch 24/150 [train]:   0%|          | 0/26 [00:00<?, ?it/s, S=0.4651, loss=-0.3821]
Epoch 24/150 [train]:   0%|          | 0/26 [00:00<?, ?it/s, S=0.4592, loss=-0.3764]
Epoch 24/150 [train]:   0%|          | 0/26 [00:00<?, ?it/s, S=0.4592, loss=-0.3750]
Epoch 24/150 [train]:   0%|          | 0/26 [00:00<?, ?it/s, S=0.4410, loss=-0.3506]
Epoch 24/150 [train]:  35%|███▍      | 9/26 [00:00<00:00, 85.75it/s, S=0.4410, loss=-0.3506]
Epoch 24/150 [train]:  35%|███▍      | 9/26 [00:00<00:00, 85.75it/s, S=0.4608, loss=-0.3758]
Epoch 24/150 [train]:  35%|███▍      | 9/26 [00:00<00:00, 85.75it/s, S=0.4658, loss=-0.3774]
Epoch 24/150 [train]:  35%|███▍      | 9/26 [00:00<00:00, 85.75it/s, S=0.4546, loss=-0.3687]
Epoch 24/150 [train]:  35%|███▍      | 9/26 [00:00<00:00, 85.75it/s, S=0.4621, loss=-0.3768]
Epoch 24/150 [train]:  35%|███▍      | 9/26 [00:00<00:00, 85.75it/s, S=0.4623, loss=-0.3752]
Epoch 24/150 [train]:  35%|███▍      | 9/26 [00:00<00:00, 85.75it/s, S=0.4539, loss=-0.3646]
Epoch 24/150 [train]:  35%|███▍      | 9/26 [00:00<00:00, 85.75it/s, S=0.4618, loss=-0.3745]
Epoch 24/150 [train]:  35%|███▍      | 9/26 [00:00<00:00, 85.75it/s, S=0.4644, loss=-0.3762]
Epoch 24/150 [train]:  35%|███▍      | 9/26 [00:00<00:00, 85.75it/s, S=0.4590, loss=-0.3723]
Epoch 24/150 [train]:  69%|██████▉   | 18/26 [00:00<00:00, 86.41it/s, S=0.4590, loss=-0.3723]
Epoch 24/150 [train]:  69%|██████▉   | 18/26 [00:00<00:00, 86.41it/s, S=0.4524, loss=-0.3662]
Epoch 24/150 [train]:  69%|██████▉   | 18/26 [00:00<00:00, 86.41it/s, S=0.4622, loss=-0.3767]
Epoch 24/150 [train]:  69%|██████▉   | 18/26 [00:00<00:00, 86.41it/s, S=0.4591, loss=-0.3673]
Epoch 24/150 [train]:  69%|██████▉   | 18/26 [00:00<00:00, 86.41it/s, S=0.4620, loss=-0.3746]
Epoch 24/150 [train]:  69%|██████▉   | 18/26 [00:00<00:00, 86.41it/s, S=0.4529, loss=-0.3678]
Epoch 24/150 [train]:  69%|██████▉   | 18/26 [00:00<00:00, 86.41it/s, S=0.4657, loss=-0.3807]
Epoch 24/150 [train]:  69%|██████▉   | 18/26 [00:00<00:00, 86.41it/s, S=0.4680, loss=-0.3817]
Epoch 24/150 [train]:  69%|██████▉   | 18/26 [00:00<00:00, 86.41it/s, S=0.4641, loss=-0.3779]
                                                                                             
Epoch  24/150  train loss=-0.3736  val loss=-0.3868  S[mean]=0.4766  ζ=0.4339  mean_plane_ζ=0.3605  reg=0.0898  λscale=1.00  lr=1.03e-04

Epoch 25/150 [train]:   0%|          | 0/26 [00:00<?, ?it/s]
Epoch 25/150 [train]:   0%|          | 0/26 [00:00<?, ?it/s, S=0.4753, loss=-0.3895]
Epoch 25/150 [train]:   0%|          | 0/26 [00:00<?, ?it/s, S=0.4661, loss=-0.3767]
Epoch 25/150 [train]:   0%|          | 0/26 [00:00<?, ?it/s, S=0.4654, loss=-0.3819]
Epoch 25/150 [train]:   0%|          | 0/26 [00:00<?, ?it/s, S=0.4609, loss=-0.3748]
Epoch 25/150 [train]:   0%|          | 0/26 [00:00<?, ?it/s, S=0.4583, loss=-0.3727]
Epoch 25/150 [train]:   0%|          | 0/26 [00:00<?, ?it/s, S=0.4670, loss=-0.3765]
Epoch 25/150 [train]:   0%|          | 0/26 [00:00<?, ?it/s, S=0.4545, loss=-0.3673]
Epoch 25/150 [train]:   0%|          | 0/26 [00:00<?, ?it/s, S=0.4631, loss=-0.3784]
Epoch 25/150 [train]:   0%|          | 0/26 [00:00<?, ?it/s, S=0.4750, loss=-0.3901]
Epoch 25/150 [train]:  35%|███▍      | 9/26 [00:00<00:00, 85.71it/s, S=0.4750, loss=-0.3901]
Epoch 25/150 [train]:  35%|███▍      | 9/26 [00:00<00:00, 85.71it/s, S=0.4771, loss=-0.3892]
Epoch 25/150 [train]:  35%|███▍      | 9/26 [00:00<00:00, 85.71it/s, S=0.4415, loss=-0.3457]
Epoch 25/150 [train]:  35%|███▍      | 9/26 [00:00<00:00, 85.71it/s, S=0.4686, loss=-0.3838]
Epoch 25/150 [train]:  35%|███▍      | 9/26 [00:00<00:00, 85.71it/s, S=0.4639, loss=-0.3781]
Epoch 25/150 [train]:  35%|███▍      | 9/26 [00:00<00:00, 85.71it/s, S=0.4659, loss=-0.3760]
Epoch 25/150 [train]:  35%|███▍      | 9/26 [00:00<00:00, 85.71it/s, S=0.4663, loss=-0.3809]
Epoch 25/150 [train]:  35%|███▍      | 9/26 [00:00<00:00, 85.71it/s, S=0.4587, loss=-0.3704]
Epoch 25/150 [train]:  35%|███▍      | 9/26 [00:00<00:00, 85.71it/s, S=0.4685, loss=-0.3798]
Epoch 25/150 [train]:  35%|███▍      | 9/26 [00:00<00:00, 85.71it/s, S=0.4729, loss=-0.3881]
Epoch 25/150 [train]:  69%|██████▉   | 18/26 [00:00<00:00, 86.32it/s, S=0.4729, loss=-0.3881]
Epoch 25/150 [train]:  69%|██████▉   | 18/26 [00:00<00:00, 86.32it/s, S=0.4602, loss=-0.3726]
Epoch 25/150 [train]:  69%|██████▉   | 18/26 [00:00<00:00, 86.32it/s, S=0.4643, loss=-0.3791]
Epoch 25/150 [train]:  69%|██████▉   | 18/26 [00:00<00:00, 86.32it/s, S=0.4641, loss=-0.3790]
Epoch 25/150 [train]:  69%|██████▉   | 18/26 [00:00<00:00, 86.32it/s, S=0.4737, loss=-0.3855]
Epoch 25/150 [train]:  69%|██████▉   | 18/26 [00:00<00:00, 86.32it/s, S=0.4715, loss=-0.3878]
Epoch 25/150 [train]:  69%|██████▉   | 18/26 [00:00<00:00, 86.32it/s, S=0.4658, loss=-0.3803]
Epoch 25/150 [train]:  69%|██████▉   | 18/26 [00:00<00:00, 86.32it/s, S=0.4710, loss=-0.3872]
Epoch 25/150 [train]:  69%|██████▉   | 18/26 [00:00<00:00, 86.32it/s, S=0.4663, loss=-0.3771]
                                                                                             
Epoch  25/150  train loss=-0.3788  val loss=-0.3910  S[mean]=0.4810  ζ=0.4357  mean_plane_ζ=0.3633  reg=0.0900  λscale=1.00  lr=7.32e-05

Epoch 26/150 [train]:   0%|          | 0/26 [00:00<?, ?it/s]
Epoch 26/150 [train]:   0%|          | 0/26 [00:00<?, ?it/s, S=0.4643, loss=-0.3781]
Epoch 26/150 [train]:   0%|          | 0/26 [00:00<?, ?it/s, S=0.4662, loss=-0.3816]
Epoch 26/150 [train]:   0%|          | 0/26 [00:00<?, ?it/s, S=0.4673, loss=-0.3800]
Epoch 26/150 [train]:   0%|          | 0/26 [00:00<?, ?it/s, S=0.4691, loss=-0.3835]
Epoch 26/150 [train]:   0%|          | 0/26 [00:00<?, ?it/s, S=0.4634, loss=-0.3755]
Epoch 26/150 [train]:   0%|          | 0/26 [00:00<?, ?it/s, S=0.4689, loss=-0.3785]
Epoch 26/150 [train]:   0%|          | 0/26 [00:00<?, ?it/s, S=0.4737, loss=-0.3836]
Epoch 26/150 [train]:   0%|          | 0/26 [00:00<?, ?it/s, S=0.4735, loss=-0.3826]
Epoch 26/150 [train]:   0%|          | 0/26 [00:00<?, ?it/s, S=0.4655, loss=-0.3770]
Epoch 26/150 [train]:  35%|███▍      | 9/26 [00:00<00:00, 85.79it/s, S=0.4655, loss=-0.3770]
Epoch 26/150 [train]:  35%|███▍      | 9/26 [00:00<00:00, 85.79it/s, S=0.4655, loss=-0.3779]
Epoch 26/150 [train]:  35%|███▍      | 9/26 [00:00<00:00, 85.79it/s, S=0.4704, loss=-0.3840]
Epoch 26/150 [train]:  35%|███▍      | 9/26 [00:00<00:00, 85.79it/s, S=0.4604, loss=-0.3730]
Epoch 26/150 [train]:  35%|███▍      | 9/26 [00:00<00:00, 85.79it/s, S=0.4731, loss=-0.3875]
Epoch 26/150 [train]:  35%|███▍      | 9/26 [00:00<00:00, 85.79it/s, S=0.4622, loss=-0.3692]
Epoch 26/150 [train]:  35%|███▍      | 9/26 [00:00<00:00, 85.79it/s, S=0.4745, loss=-0.3883]
Epoch 26/150 [train]:  35%|███▍      | 9/26 [00:00<00:00, 85.79it/s, S=0.4679, loss=-0.3810]
Epoch 26/150 [train]:  35%|███▍      | 9/26 [00:00<00:00, 85.79it/s, S=0.4731, loss=-0.3857]
Epoch 26/150 [train]:  35%|███▍      | 9/26 [00:00<00:00, 85.79it/s, S=0.4731, loss=-0.3869]
Epoch 26/150 [train]:  69%|██████▉   | 18/26 [00:00<00:00, 86.36it/s, S=0.4731, loss=-0.3869]
Epoch 26/150 [train]:  69%|██████▉   | 18/26 [00:00<00:00, 86.36it/s, S=0.4622, loss=-0.3771]
Epoch 26/150 [train]:  69%|██████▉   | 18/26 [00:00<00:00, 86.36it/s, S=0.4625, loss=-0.3774]
Epoch 26/150 [train]:  69%|██████▉   | 18/26 [00:00<00:00, 86.36it/s, S=0.4770, loss=-0.3899]
Epoch 26/150 [train]:  69%|██████▉   | 18/26 [00:00<00:00, 86.36it/s, S=0.4722, loss=-0.3848]
Epoch 26/150 [train]:  69%|██████▉   | 18/26 [00:00<00:00, 86.36it/s, S=0.4733, loss=-0.3847]
Epoch 26/150 [train]:  69%|██████▉   | 18/26 [00:00<00:00, 86.36it/s, S=0.4668, loss=-0.3810]
Epoch 26/150 [train]:  69%|██████▉   | 18/26 [00:00<00:00, 86.36it/s, S=0.4677, loss=-0.3820]
Epoch 26/150 [train]:  69%|██████▉   | 18/26 [00:00<00:00, 86.36it/s, S=0.4803, loss=-0.3930]
                                                                                             
Epoch  26/150  train loss=-0.3817  val loss=-0.3927  S[mean]=0.4830  ζ=0.4362  mean_plane_ζ=0.3647  reg=0.0904  λscale=1.00  lr=4.77e-05

Epoch 27/150 [train]:   0%|          | 0/26 [00:00<?, ?it/s]
Epoch 27/150 [train]:   0%|          | 0/26 [00:00<?, ?it/s, S=0.4603, loss=-0.3738]
Epoch 27/150 [train]:   0%|          | 0/26 [00:00<?, ?it/s, S=0.4738, loss=-0.3887]
Epoch 27/150 [train]:   0%|          | 0/26 [00:00<?, ?it/s, S=0.4742, loss=-0.3881]
Epoch 27/150 [train]:   0%|          | 0/26 [00:00<?, ?it/s, S=0.4777, loss=-0.3914]
Epoch 27/150 [train]:   0%|          | 0/26 [00:00<?, ?it/s, S=0.4681, loss=-0.3816]
Epoch 27/150 [train]:   0%|          | 0/26 [00:00<?, ?it/s, S=0.4518, loss=-0.3603]
Epoch 27/150 [train]:   0%|          | 0/26 [00:00<?, ?it/s, S=0.4687, loss=-0.3812]
Epoch 27/150 [train]:   0%|          | 0/26 [00:00<?, ?it/s, S=0.4726, loss=-0.3869]
Epoch 27/150 [train]:   0%|          | 0/26 [00:00<?, ?it/s, S=0.4662, loss=-0.3739]
Epoch 27/150 [train]:  35%|███▍      | 9/26 [00:00<00:00, 85.81it/s, S=0.4662, loss=-0.3739]
Epoch 27/150 [train]:  35%|███▍      | 9/26 [00:00<00:00, 85.81it/s, S=0.4776, loss=-0.3866]
Epoch 27/150 [train]:  35%|███▍      | 9/26 [00:00<00:00, 85.81it/s, S=0.4618, loss=-0.3728]
Epoch 27/150 [train]:  35%|███▍      | 9/26 [00:00<00:00, 85.81it/s, S=0.4718, loss=-0.3839]
Epoch 27/150 [train]:  35%|███▍      | 9/26 [00:00<00:00, 85.81it/s, S=0.4679, loss=-0.3813]
Epoch 27/150 [train]:  35%|███▍      | 9/26 [00:00<00:00, 85.81it/s, S=0.4651, loss=-0.3765]
Epoch 27/150 [train]:  35%|███▍      | 9/26 [00:00<00:00, 85.81it/s, S=0.4729, loss=-0.3872]
Epoch 27/150 [train]:  35%|███▍      | 9/26 [00:00<00:00, 85.81it/s, S=0.4721, loss=-0.3875]
Epoch 27/150 [train]:  35%|███▍      | 9/26 [00:00<00:00, 85.81it/s, S=0.4752, loss=-0.3906]
Epoch 27/150 [train]:  35%|███▍      | 9/26 [00:00<00:00, 85.81it/s, S=0.4699, loss=-0.3841]
Epoch 27/150 [train]:  69%|██████▉   | 18/26 [00:00<00:00, 86.33it/s, S=0.4699, loss=-0.3841]
Epoch 27/150 [train]:  69%|██████▉   | 18/26 [00:00<00:00, 86.33it/s, S=0.4586, loss=-0.3719]
Epoch 27/150 [train]:  69%|██████▉   | 18/26 [00:00<00:00, 86.33it/s, S=0.4704, loss=-0.3844]
Epoch 27/150 [train]:  69%|██████▉   | 18/26 [00:00<00:00, 86.33it/s, S=0.4688, loss=-0.3780]
Epoch 27/150 [train]:  69%|██████▉   | 18/26 [00:00<00:00, 86.33it/s, S=0.4637, loss=-0.3737]
Epoch 27/150 [train]:  69%|██████▉   | 18/26 [00:00<00:00, 86.33it/s, S=0.4687, loss=-0.3804]
Epoch 27/150 [train]:  69%|██████▉   | 18/26 [00:00<00:00, 86.33it/s, S=0.4828, loss=-0.3988]
Epoch 27/150 [train]:  69%|██████▉   | 18/26 [00:00<00:00, 86.33it/s, S=0.4724, loss=-0.3853]
Epoch 27/150 [train]:  69%|██████▉   | 18/26 [00:00<00:00, 86.33it/s, S=0.4787, loss=-0.3917]
                                                                                             
Epoch  27/150  train loss=-0.3823  val loss=-0.3942  S[mean]=0.4845  ζ=0.4367  mean_plane_ζ=0.3657  reg=0.0904  λscale=1.00  lr=2.72e-05

Epoch 28/150 [train]:   0%|          | 0/26 [00:00<?, ?it/s]
Epoch 28/150 [train]:   0%|          | 0/26 [00:00<?, ?it/s, S=0.4712, loss=-0.3851]
Epoch 28/150 [train]:   0%|          | 0/26 [00:00<?, ?it/s, S=0.4697, loss=-0.3838]
Epoch 28/150 [train]:   0%|          | 0/26 [00:00<?, ?it/s, S=0.4680, loss=-0.3820]
Epoch 28/150 [train]:   0%|          | 0/26 [00:00<?, ?it/s, S=0.4702, loss=-0.3847]
Epoch 28/150 [train]:   0%|          | 0/26 [00:00<?, ?it/s, S=0.4596, loss=-0.3670]
Epoch 28/150 [train]:   0%|          | 0/26 [00:00<?, ?it/s, S=0.4699, loss=-0.3760]
Epoch 28/150 [train]:   0%|          | 0/26 [00:00<?, ?it/s, S=0.4641, loss=-0.3795]
Epoch 28/150 [train]:   0%|          | 0/26 [00:00<?, ?it/s, S=0.4810, loss=-0.3935]
Epoch 28/150 [train]:   0%|          | 0/26 [00:00<?, ?it/s, S=0.4778, loss=-0.3904]
Epoch 28/150 [train]:  35%|███▍      | 9/26 [00:00<00:00, 85.71it/s, S=0.4778, loss=-0.3904]
Epoch 28/150 [train]:  35%|███▍      | 9/26 [00:00<00:00, 85.71it/s, S=0.4700, loss=-0.3804]
Epoch 28/150 [train]:  35%|███▍      | 9/26 [00:00<00:00, 85.71it/s, S=0.4742, loss=-0.3889]
Epoch 28/150 [train]:  35%|███▍      | 9/26 [00:00<00:00, 85.71it/s, S=0.4724, loss=-0.3847]
Epoch 28/150 [train]:  35%|███▍      | 9/26 [00:00<00:00, 85.71it/s, S=0.4748, loss=-0.3857]
Epoch 28/150 [train]:  35%|███▍      | 9/26 [00:00<00:00, 85.71it/s, S=0.4741, loss=-0.3878]
Epoch 28/150 [train]:  35%|███▍      | 9/26 [00:00<00:00, 85.71it/s, S=0.4815, loss=-0.3966]
Epoch 28/150 [train]:  35%|███▍      | 9/26 [00:00<00:00, 85.71it/s, S=0.4781, loss=-0.3923]
Epoch 28/150 [train]:  35%|███▍      | 9/26 [00:00<00:00, 85.71it/s, S=0.4641, loss=-0.3779]
Epoch 28/150 [train]:  35%|███▍      | 9/26 [00:00<00:00, 85.71it/s, S=0.4682, loss=-0.3811]
Epoch 28/150 [train]:  69%|██████▉   | 18/26 [00:00<00:00, 86.36it/s, S=0.4682, loss=-0.3811]
Epoch 28/150 [train]:  69%|██████▉   | 18/26 [00:00<00:00, 86.36it/s, S=0.4739, loss=-0.3838]
Epoch 28/150 [train]:  69%|██████▉   | 18/26 [00:00<00:00, 86.36it/s, S=0.4699, loss=-0.3841]
Epoch 28/150 [train]:  69%|██████▉   | 18/26 [00:00<00:00, 86.36it/s, S=0.4714, loss=-0.3854]
Epoch 28/150 [train]:  69%|██████▉   | 18/26 [00:00<00:00, 86.36it/s, S=0.4669, loss=-0.3779]
Epoch 28/150 [train]:  69%|██████▉   | 18/26 [00:00<00:00, 86.36it/s, S=0.4734, loss=-0.3870]
Epoch 28/150 [train]:  69%|██████▉   | 18/26 [00:00<00:00, 86.36it/s, S=0.4823, loss=-0.3908]
Epoch 28/150 [train]:  69%|██████▉   | 18/26 [00:00<00:00, 86.36it/s, S=0.4744, loss=-0.3899]
Epoch 28/150 [train]:  69%|██████▉   | 18/26 [00:00<00:00, 86.36it/s, S=0.4738, loss=-0.3892]
                                                                                             
Epoch  28/150  train loss=-0.3848  val loss=-0.3949  S[mean]=0.4853  ζ=0.4370  mean_plane_ζ=0.3664  reg=0.0905  λscale=1.00  lr=1.22e-05

Epoch 29/150 [train]:   0%|          | 0/26 [00:00<?, ?it/s]
Epoch 29/150 [train]:   0%|          | 0/26 [00:00<?, ?it/s, S=0.4716, loss=-0.3875]
Epoch 29/150 [train]:   0%|          | 0/26 [00:00<?, ?it/s, S=0.4794, loss=-0.3878]
Epoch 29/150 [train]:   0%|          | 0/26 [00:00<?, ?it/s, S=0.4637, loss=-0.3757]
Epoch 29/150 [train]:   0%|          | 0/26 [00:00<?, ?it/s, S=0.4621, loss=-0.3739]
Epoch 29/150 [train]:   0%|          | 0/26 [00:00<?, ?it/s, S=0.4771, loss=-0.3913]
Epoch 29/150 [train]:   0%|          | 0/26 [00:00<?, ?it/s, S=0.4793, loss=-0.3905]
Epoch 29/150 [train]:   0%|          | 0/26 [00:00<?, ?it/s, S=0.4766, loss=-0.3903]
Epoch 29/150 [train]:   0%|          | 0/26 [00:00<?, ?it/s, S=0.4751, loss=-0.3838]
Epoch 29/150 [train]:   0%|          | 0/26 [00:00<?, ?it/s, S=0.4825, loss=-0.3986]
Epoch 29/150 [train]:  35%|███▍      | 9/26 [00:00<00:00, 85.83it/s, S=0.4825, loss=-0.3986]
Epoch 29/150 [train]:  35%|███▍      | 9/26 [00:00<00:00, 85.83it/s, S=0.4721, loss=-0.3881]
Epoch 29/150 [train]:  35%|███▍      | 9/26 [00:00<00:00, 85.83it/s, S=0.4762, loss=-0.3898]
Epoch 29/150 [train]:  35%|███▍      | 9/26 [00:00<00:00, 85.83it/s, S=0.4680, loss=-0.3801]
Epoch 29/150 [train]:  35%|███▍      | 9/26 [00:00<00:00, 85.83it/s, S=0.4606, loss=-0.3710]
Epoch 29/150 [train]:  35%|███▍      | 9/26 [00:00<00:00, 85.83it/s, S=0.4703, loss=-0.3852]
Epoch 29/150 [train]:  35%|███▍      | 9/26 [00:00<00:00, 85.83it/s, S=0.4714, loss=-0.3855]
Epoch 29/150 [train]:  35%|███▍      | 9/26 [00:00<00:00, 85.83it/s, S=0.4758, loss=-0.3916]
Epoch 29/150 [train]:  35%|███▍      | 9/26 [00:00<00:00, 85.83it/s, S=0.4694, loss=-0.3843]
Epoch 29/150 [train]:  35%|███▍      | 9/26 [00:00<00:00, 85.83it/s, S=0.4652, loss=-0.3754]
Epoch 29/150 [train]:  69%|██████▉   | 18/26 [00:00<00:00, 86.33it/s, S=0.4652, loss=-0.3754]
Epoch 29/150 [train]:  69%|██████▉   | 18/26 [00:00<00:00, 86.33it/s, S=0.4727, loss=-0.3852]
Epoch 29/150 [train]:  69%|██████▉   | 18/26 [00:00<00:00, 86.33it/s, S=0.4726, loss=-0.3813]
Epoch 29/150 [train]:  69%|██████▉   | 18/26 [00:00<00:00, 86.33it/s, S=0.4695, loss=-0.3763]
Epoch 29/150 [train]:  69%|██████▉   | 18/26 [00:00<00:00, 86.33it/s, S=0.4820, loss=-0.3921]
Epoch 29/150 [train]:  69%|██████▉   | 18/26 [00:00<00:00, 86.33it/s, S=0.4702, loss=-0.3834]
Epoch 29/150 [train]:  69%|██████▉   | 18/26 [00:00<00:00, 86.33it/s, S=0.4761, loss=-0.3893]
Epoch 29/150 [train]:  69%|██████▉   | 18/26 [00:00<00:00, 86.33it/s, S=0.4798, loss=-0.3940]
Epoch 29/150 [train]:  69%|██████▉   | 18/26 [00:00<00:00, 86.33it/s, S=0.4765, loss=-0.3855]
                                                                                             
Epoch  29/150  train loss=-0.3853  val loss=-0.3952  S[mean]=0.4857  ζ=0.4371  mean_plane_ζ=0.3667  reg=0.0905  λscale=1.00  lr=3.08e-06

Epoch 30/150 [train]:   0%|          | 0/26 [00:00<?, ?it/s]
Epoch 30/150 [train]:   0%|          | 0/26 [00:00<?, ?it/s, S=0.4748, loss=-0.3893]
Epoch 30/150 [train]:   0%|          | 0/26 [00:00<?, ?it/s, S=0.4678, loss=-0.3782]
Epoch 30/150 [train]:   0%|          | 0/26 [00:00<?, ?it/s, S=0.4745, loss=-0.3832]
Epoch 30/150 [train]:   0%|          | 0/26 [00:00<?, ?it/s, S=0.4722, loss=-0.3840]
Epoch 30/150 [train]:   0%|          | 0/26 [00:00<?, ?it/s, S=0.4758, loss=-0.3902]
Epoch 30/150 [train]:   0%|          | 0/26 [00:00<?, ?it/s, S=0.4675, loss=-0.3792]
Epoch 30/150 [train]:   0%|          | 0/26 [00:00<?, ?it/s, S=0.4706, loss=-0.3839]
Epoch 30/150 [train]:   0%|          | 0/26 [00:00<?, ?it/s, S=0.4690, loss=-0.3806]
Epoch 30/150 [train]:   0%|          | 0/26 [00:00<?, ?it/s, S=0.4709, loss=-0.3745]
Epoch 30/150 [train]:  35%|███▍      | 9/26 [00:00<00:00, 85.83it/s, S=0.4709, loss=-0.3745]
Epoch 30/150 [train]:  35%|███▍      | 9/26 [00:00<00:00, 85.83it/s, S=0.4714, loss=-0.3850]
Epoch 30/150 [train]:  35%|███▍      | 9/26 [00:00<00:00, 85.83it/s, S=0.4640, loss=-0.3743]
Epoch 30/150 [train]:  35%|███▍      | 9/26 [00:00<00:00, 85.83it/s, S=0.4735, loss=-0.3810]
Epoch 30/150 [train]:  35%|███▍      | 9/26 [00:00<00:00, 85.83it/s, S=0.4845, loss=-0.3997]
Epoch 30/150 [train]:  35%|███▍      | 9/26 [00:00<00:00, 85.83it/s, S=0.4814, loss=-0.3962]
Epoch 30/150 [train]:  35%|███▍      | 9/26 [00:00<00:00, 85.83it/s, S=0.4674, loss=-0.3787]
Epoch 30/150 [train]:  35%|███▍      | 9/26 [00:00<00:00, 85.83it/s, S=0.4706, loss=-0.3840]
Epoch 30/150 [train]:  35%|███▍      | 9/26 [00:00<00:00, 85.83it/s, S=0.4868, loss=-0.3997]
Epoch 30/150 [train]:  35%|███▍      | 9/26 [00:00<00:00, 85.83it/s, S=0.4695, loss=-0.3811]
Epoch 30/150 [train]:  69%|██████▉   | 18/26 [00:00<00:00, 86.31it/s, S=0.4695, loss=-0.3811]
Epoch 30/150 [train]:  69%|██████▉   | 18/26 [00:00<00:00, 86.31it/s, S=0.4740, loss=-0.3874]
Epoch 30/150 [train]:  69%|██████▉   | 18/26 [00:00<00:00, 86.31it/s, S=0.4728, loss=-0.3890]
Epoch 30/150 [train]:  69%|██████▉   | 18/26 [00:00<00:00, 86.31it/s, S=0.4797, loss=-0.3938]
Epoch 30/150 [train]:  69%|██████▉   | 18/26 [00:00<00:00, 86.31it/s, S=0.4654, loss=-0.3741]
Epoch 30/150 [train]:  69%|██████▉   | 18/26 [00:00<00:00, 86.31it/s, S=0.4682, loss=-0.3754]
Epoch 30/150 [train]:  69%|██████▉   | 18/26 [00:00<00:00, 86.31it/s, S=0.4702, loss=-0.3800]
Epoch 30/150 [train]:  69%|██████▉   | 18/26 [00:00<00:00, 86.31it/s, S=0.4801, loss=-0.3948]
Epoch 30/150 [train]:  69%|██████▉   | 18/26 [00:00<00:00, 86.31it/s, S=0.4624, loss=-0.3761]
                                                                                             
Epoch  30/150  train loss=-0.3844  val loss=-0.3953  S[mean]=0.4858  ζ=0.4371  mean_plane_ζ=0.3667  reg=0.0905  λscale=1.00  lr=5.00e-04

Epoch 31/150 [train]:   0%|          | 0/26 [00:00<?, ?it/s]
Epoch 31/150 [train]:   0%|          | 0/26 [00:00<?, ?it/s, S=0.4685, loss=-0.3824]
Epoch 31/150 [train]:   0%|          | 0/26 [00:00<?, ?it/s, S=0.4759, loss=-0.3910]
Epoch 31/150 [train]:   0%|          | 0/26 [00:00<?, ?it/s, S=0.4800, loss=-0.3898]
Epoch 31/150 [train]:   0%|          | 0/26 [00:00<?, ?it/s, S=0.4667, loss=-0.3797]
Epoch 31/150 [train]:   0%|          | 0/26 [00:00<?, ?it/s, S=0.4713, loss=-0.3850]
Epoch 31/150 [train]:   0%|          | 0/26 [00:00<?, ?it/s, S=0.4809, loss=-0.3947]
Epoch 31/150 [train]:   0%|          | 0/26 [00:00<?, ?it/s, S=0.4746, loss=-0.3849]
Epoch 31/150 [train]:   0%|          | 0/26 [00:00<?, ?it/s, S=0.4770, loss=-0.3913]
Epoch 31/150 [train]:   0%|          | 0/26 [00:00<?, ?it/s, S=0.4637, loss=-0.3746]
Epoch 31/150 [train]:  35%|███▍      | 9/26 [00:00<00:00, 84.82it/s, S=0.4637, loss=-0.3746]
Epoch 31/150 [train]:  35%|███▍      | 9/26 [00:00<00:00, 84.82it/s, S=0.4729, loss=-0.3832]
Epoch 31/150 [train]:  35%|███▍      | 9/26 [00:00<00:00, 84.82it/s, S=0.4739, loss=-0.3882]
Epoch 31/150 [train]:  35%|███▍      | 9/26 [00:00<00:00, 84.82it/s, S=0.4787, loss=-0.3923]
Epoch 31/150 [train]:  35%|███▍      | 9/26 [00:00<00:00, 84.82it/s, S=0.4721, loss=-0.3825]
Epoch 31/150 [train]:  35%|███▍      | 9/26 [00:00<00:00, 84.82it/s, S=0.4780, loss=-0.3889]
Epoch 31/150 [train]:  35%|███▍      | 9/26 [00:00<00:00, 84.82it/s, S=0.4731, loss=-0.3792]
Epoch 31/150 [train]:  35%|███▍      | 9/26 [00:00<00:00, 84.82it/s, S=0.4783, loss=-0.3931]
Epoch 31/150 [train]:  35%|███▍      | 9/26 [00:00<00:00, 84.82it/s, S=0.4789, loss=-0.3912]
Epoch 31/150 [train]:  35%|███▍      | 9/26 [00:00<00:00, 84.82it/s, S=0.4820, loss=-0.3932]
Epoch 31/150 [train]:  69%|██████▉   | 18/26 [00:00<00:00, 85.67it/s, S=0.4820, loss=-0.3932]
Epoch 31/150 [train]:  69%|██████▉   | 18/26 [00:00<00:00, 85.67it/s, S=0.4767, loss=-0.3868]
Epoch 31/150 [train]:  69%|██████▉   | 18/26 [00:00<00:00, 85.67it/s, S=0.4778, loss=-0.3886]
Epoch 31/150 [train]:  69%|██████▉   | 18/26 [00:00<00:00, 85.67it/s, S=0.4767, loss=-0.3774]
Epoch 31/150 [train]:  69%|██████▉   | 18/26 [00:00<00:00, 85.67it/s, S=0.4859, loss=-0.3986]
Epoch 31/150 [train]:  69%|██████▉   | 18/26 [00:00<00:00, 85.67it/s, S=0.4727, loss=-0.3781]
Epoch 31/150 [train]:  69%|██████▉   | 18/26 [00:00<00:00, 85.67it/s, S=0.4831, loss=-0.3956]
Epoch 31/150 [train]:  69%|██████▉   | 18/26 [00:00<00:00, 85.67it/s, S=0.4762, loss=-0.3865]
Epoch 31/150 [train]:  69%|██████▉   | 18/26 [00:00<00:00, 85.67it/s, S=0.4890, loss=-0.4000]
                                                                                             
Epoch  31/150  train loss=-0.3876  val loss=-0.4013  S[mean]=0.4946  ζ=0.4398  mean_plane_ζ=0.3723  reg=0.0933  λscale=1.00  lr=4.99e-04

Epoch 32/150 [train]:   0%|          | 0/26 [00:00<?, ?it/s]
Epoch 32/150 [train]:   0%|          | 0/26 [00:00<?, ?it/s, S=0.4820, loss=-0.3892]
Epoch 32/150 [train]:   0%|          | 0/26 [00:00<?, ?it/s, S=0.4766, loss=-0.3818]
Epoch 32/150 [train]:   0%|          | 0/26 [00:00<?, ?it/s, S=0.4890, loss=-0.4006]
Epoch 32/150 [train]:   0%|          | 0/26 [00:00<?, ?it/s, S=0.4874, loss=-0.3977]
Epoch 32/150 [train]:   0%|          | 0/26 [00:00<?, ?it/s, S=0.4877, loss=-0.3977]
Epoch 32/150 [train]:   0%|          | 0/26 [00:00<?, ?it/s, S=0.4930, loss=-0.4030]
Epoch 32/150 [train]:   0%|          | 0/26 [00:00<?, ?it/s, S=0.4808, loss=-0.3909]
Epoch 32/150 [train]:   0%|          | 0/26 [00:00<?, ?it/s, S=0.4887, loss=-0.3959]
Epoch 32/150 [train]:   0%|          | 0/26 [00:00<?, ?it/s, S=0.4959, loss=-0.4061]
Epoch 32/150 [train]:  35%|███▍      | 9/26 [00:00<00:00, 85.75it/s, S=0.4959, loss=-0.4061]
Epoch 32/150 [train]:  35%|███▍      | 9/26 [00:00<00:00, 85.75it/s, S=0.4922, loss=-0.4041]
Epoch 32/150 [train]:  35%|███▍      | 9/26 [00:00<00:00, 85.75it/s, S=0.4897, loss=-0.4042]
Epoch 32/150 [train]:  35%|███▍      | 9/26 [00:00<00:00, 85.75it/s, S=0.4779, loss=-0.3868]
Epoch 32/150 [train]:  35%|███▍      | 9/26 [00:00<00:00, 85.75it/s, S=0.4835, loss=-0.3956]
Epoch 32/150 [train]:  35%|███▍      | 9/26 [00:00<00:00, 85.75it/s, S=0.4870, loss=-0.3990]
Epoch 32/150 [train]:  35%|███▍      | 9/26 [00:00<00:00, 85.75it/s, S=0.4913, loss=-0.3989]
Epoch 32/150 [train]:  35%|███▍      | 9/26 [00:00<00:00, 85.75it/s, S=0.4867, loss=-0.4003]
Epoch 32/150 [train]:  35%|███▍      | 9/26 [00:00<00:00, 85.75it/s, S=0.4835, loss=-0.3956]
Epoch 32/150 [train]:  35%|███▍      | 9/26 [00:00<00:00, 85.75it/s, S=0.4779, loss=-0.3878]
Epoch 32/150 [train]:  69%|██████▉   | 18/26 [00:00<00:00, 86.30it/s, S=0.4779, loss=-0.3878]
Epoch 32/150 [train]:  69%|██████▉   | 18/26 [00:00<00:00, 86.30it/s, S=0.4911, loss=-0.4047]
Epoch 32/150 [train]:  69%|██████▉   | 18/26 [00:00<00:00, 86.30it/s, S=0.4814, loss=-0.3944]
Epoch 32/150 [train]:  69%|██████▉   | 18/26 [00:00<00:00, 86.30it/s, S=0.4892, loss=-0.4026]
Epoch 32/150 [train]:  69%|██████▉   | 18/26 [00:00<00:00, 86.30it/s, S=0.4735, loss=-0.3797]
Epoch 32/150 [train]:  69%|██████▉   | 18/26 [00:00<00:00, 86.30it/s, S=0.4926, loss=-0.4065]
Epoch 32/150 [train]:  69%|██████▉   | 18/26 [00:00<00:00, 86.30it/s, S=0.4926, loss=-0.4024]
Epoch 32/150 [train]:  69%|██████▉   | 18/26 [00:00<00:00, 86.30it/s, S=0.4858, loss=-0.3949]
Epoch 32/150 [train]:  69%|██████▉   | 18/26 [00:00<00:00, 86.30it/s, S=0.4901, loss=-0.4022]
                                                                                             
Epoch  32/150  train loss=-0.3970  val loss=-0.4126  S[mean]=0.5052  ζ=0.4410  mean_plane_ζ=0.3752  reg=0.0927  λscale=1.00  lr=4.97e-04

Epoch 33/150 [train]:   0%|          | 0/26 [00:00<?, ?it/s]
Epoch 33/150 [train]:   0%|          | 0/26 [00:00<?, ?it/s, S=0.4953, loss=-0.4027]
Epoch 33/150 [train]:   0%|          | 0/26 [00:00<?, ?it/s, S=0.4881, loss=-0.3982]
Epoch 33/150 [train]:   0%|          | 0/26 [00:00<?, ?it/s, S=0.4921, loss=-0.4044]
Epoch 33/150 [train]:   0%|          | 0/26 [00:00<?, ?it/s, S=0.5013, loss=-0.4133]
Epoch 33/150 [train]:   0%|          | 0/26 [00:00<?, ?it/s, S=0.4862, loss=-0.3965]
Epoch 33/150 [train]:   0%|          | 0/26 [00:00<?, ?it/s, S=0.4971, loss=-0.4032]
Epoch 33/150 [train]:   0%|          | 0/26 [00:00<?, ?it/s, S=0.4921, loss=-0.3999]
Epoch 33/150 [train]:   0%|          | 0/26 [00:00<?, ?it/s, S=0.4938, loss=-0.4006]
Epoch 33/150 [train]:   0%|          | 0/26 [00:00<?, ?it/s, S=0.4948, loss=-0.4077]
Epoch 33/150 [train]:  35%|███▍      | 9/26 [00:00<00:00, 85.75it/s, S=0.4948, loss=-0.4077]
Epoch 33/150 [train]:  35%|███▍      | 9/26 [00:00<00:00, 85.75it/s, S=0.4998, loss=-0.4110]
Epoch 33/150 [train]:  35%|███▍      | 9/26 [00:00<00:00, 85.75it/s, S=0.4987, loss=-0.4109]
Epoch 33/150 [train]:  35%|███▍      | 9/26 [00:00<00:00, 85.75it/s, S=0.4961, loss=-0.4058]
Epoch 33/150 [train]:  35%|███▍      | 9/26 [00:00<00:00, 85.75it/s, S=0.5007, loss=-0.4107]
Epoch 33/150 [train]:  35%|███▍      | 9/26 [00:00<00:00, 85.75it/s, S=0.4918, loss=-0.3989]
Epoch 33/150 [train]:  35%|███▍      | 9/26 [00:00<00:00, 85.75it/s, S=0.5011, loss=-0.4104]
Epoch 33/150 [train]:  35%|███▍      | 9/26 [00:00<00:00, 85.75it/s, S=0.4907, loss=-0.3993]
Epoch 33/150 [train]:  35%|███▍      | 9/26 [00:00<00:00, 85.75it/s, S=0.4995, loss=-0.4124]
Epoch 33/150 [train]:  35%|███▍      | 9/26 [00:00<00:00, 85.75it/s, S=0.4966, loss=-0.4050]
Epoch 33/150 [train]:  69%|██████▉   | 18/26 [00:00<00:00, 86.27it/s, S=0.4966, loss=-0.4050]
Epoch 33/150 [train]:  69%|██████▉   | 18/26 [00:00<00:00, 86.27it/s, S=0.5003, loss=-0.4125]
Epoch 33/150 [train]:  69%|██████▉   | 18/26 [00:00<00:00, 86.27it/s, S=0.5014, loss=-0.4110]
Epoch 33/150 [train]:  69%|██████▉   | 18/26 [00:00<00:00, 86.27it/s, S=0.5055, loss=-0.4150]
Epoch 33/150 [train]:  69%|██████▉   | 18/26 [00:00<00:00, 86.27it/s, S=0.5023, loss=-0.4141]
Epoch 33/150 [train]:  69%|██████▉   | 18/26 [00:00<00:00, 86.27it/s, S=0.5033, loss=-0.4136]
Epoch 33/150 [train]:  69%|██████▉   | 18/26 [00:00<00:00, 86.27it/s, S=0.4942, loss=-0.4046]
Epoch 33/150 [train]:  69%|██████▉   | 18/26 [00:00<00:00, 86.27it/s, S=0.5063, loss=-0.4176]
Epoch 33/150 [train]:  69%|██████▉   | 18/26 [00:00<00:00, 86.27it/s, S=0.4992, loss=-0.4100]
                                                                                             
Epoch  33/150  train loss=-0.4073  val loss=-0.4215  S[mean]=0.5143  ζ=0.4447  mean_plane_ζ=0.3802  reg=0.0928  λscale=1.00  lr=4.93e-04

Epoch 34/150 [train]:   0%|          | 0/26 [00:00<?, ?it/s]
Epoch 34/150 [train]:   0%|          | 0/26 [00:00<?, ?it/s, S=0.4986, loss=-0.4083]
Epoch 34/150 [train]:   0%|          | 0/26 [00:00<?, ?it/s, S=0.5011, loss=-0.4116]
Epoch 34/150 [train]:   0%|          | 0/26 [00:00<?, ?it/s, S=0.4879, loss=-0.3906]
Epoch 34/150 [train]:   0%|          | 0/26 [00:00<?, ?it/s, S=0.5113, loss=-0.4258]
Epoch 34/150 [train]:   0%|          | 0/26 [00:00<?, ?it/s, S=0.4963, loss=-0.4095]
Epoch 34/150 [train]:   0%|          | 0/26 [00:00<?, ?it/s, S=0.5053, loss=-0.4151]
Epoch 34/150 [train]:   0%|          | 0/26 [00:00<?, ?it/s, S=0.5089, loss=-0.4171]
Epoch 34/150 [train]:   0%|          | 0/26 [00:00<?, ?it/s, S=0.5006, loss=-0.4106]
Epoch 34/150 [train]:   0%|          | 0/26 [00:00<?, ?it/s, S=0.5023, loss=-0.4092]
Epoch 34/150 [train]:  35%|███▍      | 9/26 [00:00<00:00, 85.84it/s, S=0.5023, loss=-0.4092]
Epoch 34/150 [train]:  35%|███▍      | 9/26 [00:00<00:00, 85.84it/s, S=0.5058, loss=-0.4136]
Epoch 34/150 [train]:  35%|███▍      | 9/26 [00:00<00:00, 85.84it/s, S=0.5098, loss=-0.4233]
Epoch 34/150 [train]:  35%|███▍      | 9/26 [00:00<00:00, 85.84it/s, S=0.5111, loss=-0.4167]
Epoch 34/150 [train]:  35%|███▍      | 9/26 [00:00<00:00, 85.84it/s, S=0.5057, loss=-0.4111]
Epoch 34/150 [train]:  35%|███▍      | 9/26 [00:00<00:00, 85.84it/s, S=0.5157, loss=-0.4268]
Epoch 34/150 [train]:  35%|███▍      | 9/26 [00:00<00:00, 85.84it/s, S=0.5113, loss=-0.4193]
Epoch 34/150 [train]:  35%|███▍      | 9/26 [00:00<00:00, 85.84it/s, S=0.5094, loss=-0.4208]
Epoch 34/150 [train]:  35%|███▍      | 9/26 [00:00<00:00, 85.84it/s, S=0.5133, loss=-0.4242]
Epoch 34/150 [train]:  35%|███▍      | 9/26 [00:00<00:00, 85.84it/s, S=0.5039, loss=-0.4109]
Epoch 34/150 [train]:  69%|██████▉   | 18/26 [00:00<00:00, 86.34it/s, S=0.5039, loss=-0.4109]
Epoch 34/150 [train]:  69%|██████▉   | 18/26 [00:00<00:00, 86.34it/s, S=0.5014, loss=-0.4093]
Epoch 34/150 [train]:  69%|██████▉   | 18/26 [00:00<00:00, 86.34it/s, S=0.5031, loss=-0.4123]
Epoch 34/150 [train]:  69%|██████▉   | 18/26 [00:00<00:00, 86.34it/s, S=0.4935, loss=-0.3972]
Epoch 34/150 [train]:  69%|██████▉   | 18/26 [00:00<00:00, 86.34it/s, S=0.5049, loss=-0.4176]
Epoch 34/150 [train]:  69%|██████▉   | 18/26 [00:00<00:00, 86.34it/s, S=0.5060, loss=-0.4147]
Epoch 34/150 [train]:  69%|██████▉   | 18/26 [00:00<00:00, 86.34it/s, S=0.4979, loss=-0.4076]
Epoch 34/150 [train]:  69%|██████▉   | 18/26 [00:00<00:00, 86.34it/s, S=0.5172, loss=-0.4289]
Epoch 34/150 [train]:  69%|██████▉   | 18/26 [00:00<00:00, 86.34it/s, S=0.5035, loss=-0.4140]
                                                                                             
Epoch  34/150  train loss=-0.4141  val loss=-0.4229  S[mean]=0.5170  ζ=0.4455  mean_plane_ζ=0.3809  reg=0.0941  λscale=1.00  lr=4.88e-04

Epoch 35/150 [train]:   0%|          | 0/26 [00:00<?, ?it/s]
Epoch 35/150 [train]:   0%|          | 0/26 [00:00<?, ?it/s, S=0.5136, loss=-0.4270]
Epoch 35/150 [train]:   0%|          | 0/26 [00:00<?, ?it/s, S=0.5119, loss=-0.4158]
Epoch 35/150 [train]:   0%|          | 0/26 [00:00<?, ?it/s, S=0.5076, loss=-0.4188]
Epoch 35/150 [train]:   0%|          | 0/26 [00:00<?, ?it/s, S=0.5014, loss=-0.3959]
Epoch 35/150 [train]:   0%|          | 0/26 [00:00<?, ?it/s, S=0.5172, loss=-0.4296]
Epoch 35/150 [train]:   0%|          | 0/26 [00:00<?, ?it/s, S=0.4999, loss=-0.4011]
Epoch 35/150 [train]:   0%|          | 0/26 [00:00<?, ?it/s, S=0.5151, loss=-0.4261]
Epoch 35/150 [train]:   0%|          | 0/26 [00:00<?, ?it/s, S=0.5178, loss=-0.4242]
Epoch 35/150 [train]:   0%|          | 0/26 [00:00<?, ?it/s, S=0.5049, loss=-0.4179]
Epoch 35/150 [train]:  35%|███▍      | 9/26 [00:00<00:00, 85.70it/s, S=0.5049, loss=-0.4179]
Epoch 35/150 [train]:  35%|███▍      | 9/26 [00:00<00:00, 85.70it/s, S=0.5060, loss=-0.4166]
Epoch 35/150 [train]:  35%|███▍      | 9/26 [00:00<00:00, 85.70it/s, S=0.5084, loss=-0.4157]
Epoch 35/150 [train]:  35%|███▍      | 9/26 [00:00<00:00, 85.70it/s, S=0.5136, loss=-0.4197]
Epoch 35/150 [train]:  35%|███▍      | 9/26 [00:00<00:00, 85.70it/s, S=0.5136, loss=-0.4254]
Epoch 35/150 [train]:  35%|███▍      | 9/26 [00:00<00:00, 85.70it/s, S=0.5163, loss=-0.4285]
Epoch 35/150 [train]:  35%|███▍      | 9/26 [00:00<00:00, 85.70it/s, S=0.5144, loss=-0.4217]
Epoch 35/150 [train]:  35%|███▍      | 9/26 [00:00<00:00, 85.70it/s, S=0.5166, loss=-0.4265]
Epoch 35/150 [train]:  35%|███▍      | 9/26 [00:00<00:00, 85.70it/s, S=0.5068, loss=-0.4168]
Epoch 35/150 [train]:  35%|███▍      | 9/26 [00:00<00:00, 85.70it/s, S=0.5145, loss=-0.4234]
Epoch 35/150 [train]:  69%|██████▉   | 18/26 [00:00<00:00, 86.32it/s, S=0.5145, loss=-0.4234]
Epoch 35/150 [train]:  69%|██████▉   | 18/26 [00:00<00:00, 86.32it/s, S=0.5106, loss=-0.4225]
Epoch 35/150 [train]:  69%|██████▉   | 18/26 [00:00<00:00, 86.32it/s, S=0.5114, loss=-0.4200]
Epoch 35/150 [train]:  69%|██████▉   | 18/26 [00:00<00:00, 86.32it/s, S=0.5174, loss=-0.4282]
Epoch 35/150 [train]:  69%|██████▉   | 18/26 [00:00<00:00, 86.32it/s, S=0.5083, loss=-0.4156]
Epoch 35/150 [train]:  69%|██████▉   | 18/26 [00:00<00:00, 86.32it/s, S=0.5051, loss=-0.4117]
Epoch 35/150 [train]:  69%|██████▉   | 18/26 [00:00<00:00, 86.32it/s, S=0.5095, loss=-0.4207]
Epoch 35/150 [train]:  69%|██████▉   | 18/26 [00:00<00:00, 86.32it/s, S=0.5060, loss=-0.4145]
Epoch 35/150 [train]:  69%|██████▉   | 18/26 [00:00<00:00, 86.32it/s, S=0.5145, loss=-0.4274]
                                                                                             
Epoch  35/150  train loss=-0.4197  val loss=-0.4285  S[mean]=0.5214  ζ=0.4474  mean_plane_ζ=0.3839  reg=0.0930  λscale=1.00  lr=4.81e-04

Epoch 36/150 [train]:   0%|          | 0/26 [00:00<?, ?it/s]
Epoch 36/150 [train]:   0%|          | 0/26 [00:00<?, ?it/s, S=0.5087, loss=-0.4193]
Epoch 36/150 [train]:   0%|          | 0/26 [00:00<?, ?it/s, S=0.5218, loss=-0.4344]
Epoch 36/150 [train]:   0%|          | 0/26 [00:00<?, ?it/s, S=0.5170, loss=-0.4276]
Epoch 36/150 [train]:   0%|          | 0/26 [00:00<?, ?it/s, S=0.5045, loss=-0.4109]
Epoch 36/150 [train]:   0%|          | 0/26 [00:00<?, ?it/s, S=0.5118, loss=-0.4147]
Epoch 36/150 [train]:   0%|          | 0/26 [00:00<?, ?it/s, S=0.5097, loss=-0.4222]
Epoch 36/150 [train]:   0%|          | 0/26 [00:00<?, ?it/s, S=0.5216, loss=-0.4349]
Epoch 36/150 [train]:   0%|          | 0/26 [00:00<?, ?it/s, S=0.5041, loss=-0.4153]
Epoch 36/150 [train]:   0%|          | 0/26 [00:00<?, ?it/s, S=0.5061, loss=-0.4122]
Epoch 36/150 [train]:  35%|███▍      | 9/26 [00:00<00:00, 85.61it/s, S=0.5061, loss=-0.4122]
Epoch 36/150 [train]:  35%|███▍      | 9/26 [00:00<00:00, 85.61it/s, S=0.5145, loss=-0.4238]
Epoch 36/150 [train]:  35%|███▍      | 9/26 [00:00<00:00, 85.61it/s, S=0.5153, loss=-0.4222]
Epoch 36/150 [train]:  35%|███▍      | 9/26 [00:00<00:00, 85.61it/s, S=0.5147, loss=-0.4259]
Epoch 36/150 [train]:  35%|███▍      | 9/26 [00:00<00:00, 85.61it/s, S=0.5199, loss=-0.4286]
Epoch 36/150 [train]:  35%|███▍      | 9/26 [00:00<00:00, 85.61it/s, S=0.5235, loss=-0.4334]
Epoch 36/150 [train]:  35%|███▍      | 9/26 [00:00<00:00, 85.61it/s, S=0.5201, loss=-0.4322]
Epoch 36/150 [train]:  35%|███▍      | 9/26 [00:00<00:00, 85.61it/s, S=0.5253, loss=-0.4356]
Epoch 36/150 [train]:  35%|███▍      | 9/26 [00:00<00:00, 85.61it/s, S=0.5190, loss=-0.4294]
Epoch 36/150 [train]:  35%|███▍      | 9/26 [00:00<00:00, 85.61it/s, S=0.5194, loss=-0.4307]
Epoch 36/150 [train]:  69%|██████▉   | 18/26 [00:00<00:00, 86.20it/s, S=0.5194, loss=-0.4307]
Epoch 36/150 [train]:  69%|██████▉   | 18/26 [00:00<00:00, 86.20it/s, S=0.5226, loss=-0.4348]
Epoch 36/150 [train]:  69%|██████▉   | 18/26 [00:00<00:00, 86.20it/s, S=0.5195, loss=-0.4327]
Epoch 36/150 [train]:  69%|██████▉   | 18/26 [00:00<00:00, 86.20it/s, S=0.5122, loss=-0.4231]
Epoch 36/150 [train]:  69%|██████▉   | 18/26 [00:00<00:00, 86.20it/s, S=0.5133, loss=-0.4243]
Epoch 36/150 [train]:  69%|██████▉   | 18/26 [00:00<00:00, 86.20it/s, S=0.5247, loss=-0.4356]
Epoch 36/150 [train]:  69%|██████▉   | 18/26 [00:00<00:00, 86.20it/s, S=0.5207, loss=-0.4316]
Epoch 36/150 [train]:  69%|██████▉   | 18/26 [00:00<00:00, 86.20it/s, S=0.5231, loss=-0.4355]
Epoch 36/150 [train]:  69%|██████▉   | 18/26 [00:00<00:00, 86.20it/s, S=0.5142, loss=-0.4254]
                                                                                             
Epoch  36/150  train loss=-0.4268  val loss=-0.4357  S[mean]=0.5283  ζ=0.4488  mean_plane_ζ=0.3876  reg=0.0926  λscale=1.00  lr=4.73e-04

Epoch 37/150 [train]:   0%|          | 0/26 [00:00<?, ?it/s]
Epoch 37/150 [train]:   0%|          | 0/26 [00:00<?, ?it/s, S=0.5170, loss=-0.4283]
Epoch 37/150 [train]:   0%|          | 0/26 [00:00<?, ?it/s, S=0.5200, loss=-0.4295]
Epoch 37/150 [train]:   0%|          | 0/26 [00:00<?, ?it/s, S=0.5193, loss=-0.4282]
Epoch 37/150 [train]:   0%|          | 0/26 [00:00<?, ?it/s, S=0.5208, loss=-0.4268]
Epoch 37/150 [train]:   0%|          | 0/26 [00:00<?, ?it/s, S=0.5198, loss=-0.4252]
Epoch 37/150 [train]:   0%|          | 0/26 [00:00<?, ?it/s, S=0.5145, loss=-0.4258]
Epoch 37/150 [train]:   0%|          | 0/26 [00:00<?, ?it/s, S=0.5172, loss=-0.4309]
Epoch 37/150 [train]:   0%|          | 0/26 [00:00<?, ?it/s, S=0.5239, loss=-0.4319]
Epoch 37/150 [train]:   0%|          | 0/26 [00:00<?, ?it/s, S=0.5247, loss=-0.4374]
Epoch 37/150 [train]:  35%|███▍      | 9/26 [00:00<00:00, 85.83it/s, S=0.5247, loss=-0.4374]
Epoch 37/150 [train]:  35%|███▍      | 9/26 [00:00<00:00, 85.83it/s, S=0.5179, loss=-0.4297]
Epoch 37/150 [train]:  35%|███▍      | 9/26 [00:00<00:00, 85.83it/s, S=0.5250, loss=-0.4391]
Epoch 37/150 [train]:  35%|███▍      | 9/26 [00:00<00:00, 85.83it/s, S=0.5285, loss=-0.4375]
Epoch 37/150 [train]:  35%|███▍      | 9/26 [00:00<00:00, 85.83it/s, S=0.5258, loss=-0.4392]
Epoch 37/150 [train]:  35%|███▍      | 9/26 [00:00<00:00, 85.83it/s, S=0.5291, loss=-0.4350]
Epoch 37/150 [train]:  35%|███▍      | 9/26 [00:00<00:00, 85.83it/s, S=0.5253, loss=-0.4340]
Epoch 37/150 [train]:  35%|███▍      | 9/26 [00:00<00:00, 85.83it/s, S=0.5311, loss=-0.4400]
Epoch 37/150 [train]:  35%|███▍      | 9/26 [00:00<00:00, 85.83it/s, S=0.5163, loss=-0.4283]
Epoch 37/150 [train]:  35%|███▍      | 9/26 [00:00<00:00, 85.83it/s, S=0.5254, loss=-0.4382]
Epoch 37/150 [train]:  69%|██████▉   | 18/26 [00:00<00:00, 86.38it/s, S=0.5254, loss=-0.4382]
Epoch 37/150 [train]:  69%|██████▉   | 18/26 [00:00<00:00, 86.38it/s, S=0.5204, loss=-0.4332]
Epoch 37/150 [train]:  69%|██████▉   | 18/26 [00:00<00:00, 86.38it/s, S=0.5251, loss=-0.4380]
Epoch 37/150 [train]:  69%|██████▉   | 18/26 [00:00<00:00, 86.38it/s, S=0.5261, loss=-0.4356]
Epoch 37/150 [train]:  69%|██████▉   | 18/26 [00:00<00:00, 86.38it/s, S=0.5203, loss=-0.4248]
Epoch 37/150 [train]:  69%|██████▉   | 18/26 [00:00<00:00, 86.38it/s, S=0.5245, loss=-0.4346]
Epoch 37/150 [train]:  69%|██████▉   | 18/26 [00:00<00:00, 86.38it/s, S=0.5310, loss=-0.4404]
Epoch 37/150 [train]:  69%|██████▉   | 18/26 [00:00<00:00, 86.38it/s, S=0.5237, loss=-0.4348]
Epoch 37/150 [train]:  69%|██████▉   | 18/26 [00:00<00:00, 86.38it/s, S=0.5297, loss=-0.4360]
                                                                                             
Epoch  37/150  train loss=-0.4332  val loss=-0.4398  S[mean]=0.5338  ζ=0.4475  mean_plane_ζ=0.3920  reg=0.0940  λscale=1.00  lr=4.63e-04

Epoch 38/150 [train]:   0%|          | 0/26 [00:00<?, ?it/s]
Epoch 38/150 [train]:   0%|          | 0/26 [00:00<?, ?it/s, S=0.5299, loss=-0.4372]
Epoch 38/150 [train]:   0%|          | 0/26 [00:00<?, ?it/s, S=0.5311, loss=-0.4417]
Epoch 38/150 [train]:   0%|          | 0/26 [00:00<?, ?it/s, S=0.5229, loss=-0.4289]
Epoch 38/150 [train]:   0%|          | 0/26 [00:00<?, ?it/s, S=0.5326, loss=-0.4434]
Epoch 38/150 [train]:   0%|          | 0/26 [00:00<?, ?it/s, S=0.5291, loss=-0.4359]
Epoch 38/150 [train]:   0%|          | 0/26 [00:00<?, ?it/s, S=0.5339, loss=-0.4453]
Epoch 38/150 [train]:   0%|          | 0/26 [00:00<?, ?it/s, S=0.5336, loss=-0.4433]
Epoch 38/150 [train]:   0%|          | 0/26 [00:00<?, ?it/s, S=0.5409, loss=-0.4505]
Epoch 38/150 [train]:   0%|          | 0/26 [00:00<?, ?it/s, S=0.5368, loss=-0.4472]
Epoch 38/150 [train]:  35%|███▍      | 9/26 [00:00<00:00, 85.78it/s, S=0.5368, loss=-0.4472]
Epoch 38/150 [train]:  35%|███▍      | 9/26 [00:00<00:00, 85.78it/s, S=0.5293, loss=-0.4370]
Epoch 38/150 [train]:  35%|███▍      | 9/26 [00:00<00:00, 85.78it/s, S=0.5207, loss=-0.4266]
Epoch 38/150 [train]:  35%|███▍      | 9/26 [00:00<00:00, 85.78it/s, S=0.5365, loss=-0.4447]
Epoch 38/150 [train]:  35%|███▍      | 9/26 [00:00<00:00, 85.78it/s, S=0.5247, loss=-0.4296]
Epoch 38/150 [train]:  35%|███▍      | 9/26 [00:00<00:00, 85.78it/s, S=0.5353, loss=-0.4458]
Epoch 38/150 [train]:  35%|███▍      | 9/26 [00:00<00:00, 85.78it/s, S=0.5313, loss=-0.4441]
Epoch 38/150 [train]:  35%|███▍      | 9/26 [00:00<00:00, 85.78it/s, S=0.5378, loss=-0.4470]
Epoch 38/150 [train]:  35%|███▍      | 9/26 [00:00<00:00, 85.78it/s, S=0.5325, loss=-0.4430]
Epoch 38/150 [train]:  35%|███▍      | 9/26 [00:00<00:00, 85.78it/s, S=0.5357, loss=-0.4450]
Epoch 38/150 [train]:  69%|██████▉   | 18/26 [00:00<00:00, 86.30it/s, S=0.5357, loss=-0.4450]
Epoch 38/150 [train]:  69%|██████▉   | 18/26 [00:00<00:00, 86.30it/s, S=0.5379, loss=-0.4492]
Epoch 38/150 [train]:  69%|██████▉   | 18/26 [00:00<00:00, 86.30it/s, S=0.5399, loss=-0.4439]
Epoch 38/150 [train]:  69%|██████▉   | 18/26 [00:00<00:00, 86.30it/s, S=0.5384, loss=-0.4450]
Epoch 38/150 [train]:  69%|██████▉   | 18/26 [00:00<00:00, 86.30it/s, S=0.5435, loss=-0.4517]
Epoch 38/150 [train]:  69%|██████▉   | 18/26 [00:00<00:00, 86.30it/s, S=0.5380, loss=-0.4469]
Epoch 38/150 [train]:  69%|██████▉   | 18/26 [00:00<00:00, 86.30it/s, S=0.5385, loss=-0.4491]
Epoch 38/150 [train]:  69%|██████▉   | 18/26 [00:00<00:00, 86.30it/s, S=0.5467, loss=-0.4566]
Epoch 38/150 [train]:  69%|██████▉   | 18/26 [00:00<00:00, 86.30it/s, S=0.5390, loss=-0.4440]
                                                                                             
Epoch  38/150  train loss=-0.4432  val loss=-0.4520  S[mean]=0.5478  ζ=0.4523  mean_plane_ζ=0.4008  reg=0.0958  λscale=1.00  lr=4.52e-04
Saved val-mean plane ζ checkpoint val_mean_plane_zeta_0.4.pt: threshold=0.4 epoch=38 val_mean_plane_zeta=0.4008

Epoch 39/150 [train]:   0%|          | 0/26 [00:00<?, ?it/s]
Epoch 39/150 [train]:   0%|          | 0/26 [00:00<?, ?it/s, S=0.5454, loss=-0.4519]
Epoch 39/150 [train]:   0%|          | 0/26 [00:00<?, ?it/s, S=0.5398, loss=-0.4418]
Epoch 39/150 [train]:   0%|          | 0/26 [00:00<?, ?it/s, S=0.5369, loss=-0.4421]
Epoch 39/150 [train]:   0%|          | 0/26 [00:00<?, ?it/s, S=0.5455, loss=-0.4540]
Epoch 39/150 [train]:   0%|          | 0/26 [00:00<?, ?it/s, S=0.5429, loss=-0.4515]
Epoch 39/150 [train]:   0%|          | 0/26 [00:00<?, ?it/s, S=0.5497, loss=-0.4569]
Epoch 39/150 [train]:   0%|          | 0/26 [00:00<?, ?it/s, S=0.5515, loss=-0.4571]
Epoch 39/150 [train]:   0%|          | 0/26 [00:00<?, ?it/s, S=0.5443, loss=-0.4543]
Epoch 39/150 [train]:   0%|          | 0/26 [00:00<?, ?it/s, S=0.5454, loss=-0.4534]
Epoch 39/150 [train]:  35%|███▍      | 9/26 [00:00<00:00, 85.29it/s, S=0.5454, loss=-0.4534]
Epoch 39/150 [train]:  35%|███▍      | 9/26 [00:00<00:00, 85.29it/s, S=0.5348, loss=-0.4384]
Epoch 39/150 [train]:  35%|███▍      | 9/26 [00:00<00:00, 85.29it/s, S=0.5490, loss=-0.4520]
Epoch 39/150 [train]:  35%|███▍      | 9/26 [00:00<00:00, 85.29it/s, S=0.5505, loss=-0.4560]
Epoch 39/150 [train]:  35%|███▍      | 9/26 [00:00<00:00, 85.29it/s, S=0.5476, loss=-0.4527]
Epoch 39/150 [train]:  35%|███▍      | 9/26 [00:00<00:00, 85.29it/s, S=0.5483, loss=-0.4546]
Epoch 39/150 [train]:  35%|███▍      | 9/26 [00:00<00:00, 85.29it/s, S=0.5467, loss=-0.4510]
Epoch 39/150 [train]:  35%|███▍      | 9/26 [00:00<00:00, 85.29it/s, S=0.5503, loss=-0.4588]
Epoch 39/150 [train]:  35%|███▍      | 9/26 [00:00<00:00, 85.29it/s, S=0.5487, loss=-0.4564]
Epoch 39/150 [train]:  35%|███▍      | 9/26 [00:00<00:00, 85.29it/s, S=0.5457, loss=-0.4532]
Epoch 39/150 [train]:  69%|██████▉   | 18/26 [00:00<00:00, 85.90it/s, S=0.5457, loss=-0.4532]
Epoch 39/150 [train]:  69%|██████▉   | 18/26 [00:00<00:00, 85.90it/s, S=0.5473, loss=-0.4566]
Epoch 39/150 [train]:  69%|██████▉   | 18/26 [00:00<00:00, 85.90it/s, S=0.5605, loss=-0.4643]
Epoch 39/150 [train]:  69%|██████▉   | 18/26 [00:00<00:00, 85.90it/s, S=0.5531, loss=-0.4580]
Epoch 39/150 [train]:  69%|██████▉   | 18/26 [00:00<00:00, 85.90it/s, S=0.5501, loss=-0.4583]
Epoch 39/150 [train]:  69%|██████▉   | 18/26 [00:00<00:00, 85.90it/s, S=0.5422, loss=-0.4473]
Epoch 39/150 [train]:  69%|██████▉   | 18/26 [00:00<00:00, 85.90it/s, S=0.5458, loss=-0.4532]
Epoch 39/150 [train]:  69%|██████▉   | 18/26 [00:00<00:00, 85.90it/s, S=0.5480, loss=-0.4545]
Epoch 39/150 [train]:  69%|██████▉   | 18/26 [00:00<00:00, 85.90it/s, S=0.5499, loss=-0.4567]
                                                                                             
Epoch  39/150  train loss=-0.4533  val loss=-0.4597  S[mean]=0.5570  ζ=0.4551  mean_plane_ζ=0.4059  reg=0.0972  λscale=1.00  lr=4.40e-04

Epoch 40/150 [train]:   0%|          | 0/26 [00:00<?, ?it/s]
Epoch 40/150 [train]:   0%|          | 0/26 [00:00<?, ?it/s, S=0.5591, loss=-0.4647]
Epoch 40/150 [train]:   0%|          | 0/26 [00:00<?, ?it/s, S=0.5554, loss=-0.4600]
Epoch 40/150 [train]:   0%|          | 0/26 [00:00<?, ?it/s, S=0.5519, loss=-0.4604]
Epoch 40/150 [train]:   0%|          | 0/26 [00:00<?, ?it/s, S=0.5521, loss=-0.4587]
Epoch 40/150 [train]:   0%|          | 0/26 [00:00<?, ?it/s, S=0.5483, loss=-0.4564]
Epoch 40/150 [train]:   0%|          | 0/26 [00:00<?, ?it/s, S=0.5558, loss=-0.4639]
Epoch 40/150 [train]:   0%|          | 0/26 [00:00<?, ?it/s, S=0.5620, loss=-0.4670]
Epoch 40/150 [train]:   0%|          | 0/26 [00:00<?, ?it/s, S=0.5586, loss=-0.4652]
Epoch 40/150 [train]:   0%|          | 0/26 [00:00<?, ?it/s, S=0.5422, loss=-0.4459]
Epoch 40/150 [train]:  35%|███▍      | 9/26 [00:00<00:00, 85.73it/s, S=0.5422, loss=-0.4459]
Epoch 40/150 [train]:  35%|███▍      | 9/26 [00:00<00:00, 85.73it/s, S=0.5525, loss=-0.4591]
Epoch 40/150 [train]:  35%|███▍      | 9/26 [00:00<00:00, 85.73it/s, S=0.5525, loss=-0.4550]
Epoch 40/150 [train]:  35%|███▍      | 9/26 [00:00<00:00, 85.73it/s, S=0.5680, loss=-0.4760]
Epoch 40/150 [train]:  35%|███▍      | 9/26 [00:00<00:00, 85.73it/s, S=0.5548, loss=-0.4634]
Epoch 40/150 [train]:  35%|███▍      | 9/26 [00:00<00:00, 85.73it/s, S=0.5585, loss=-0.4573]
Epoch 40/150 [train]:  35%|███▍      | 9/26 [00:00<00:00, 85.73it/s, S=0.5559, loss=-0.4628]
Epoch 40/150 [train]:  35%|███▍      | 9/26 [00:00<00:00, 85.73it/s, S=0.5619, loss=-0.4697]
Epoch 40/150 [train]:  35%|███▍      | 9/26 [00:00<00:00, 85.73it/s, S=0.5624, loss=-0.4705]
Epoch 40/150 [train]:  35%|███▍      | 9/26 [00:00<00:00, 85.73it/s, S=0.5603, loss=-0.4673]
Epoch 40/150 [train]:  69%|██████▉   | 18/26 [00:00<00:00, 86.27it/s, S=0.5603, loss=-0.4673]
Epoch 40/150 [train]:  69%|██████▉   | 18/26 [00:00<00:00, 86.27it/s, S=0.5614, loss=-0.4587]
Epoch 40/150 [train]:  69%|██████▉   | 18/26 [00:00<00:00, 86.27it/s, S=0.5606, loss=-0.4637]
Epoch 40/150 [train]:  69%|██████▉   | 18/26 [00:00<00:00, 86.27it/s, S=0.5695, loss=-0.4753]
Epoch 40/150 [train]:  69%|██████▉   | 18/26 [00:00<00:00, 86.27it/s, S=0.5631, loss=-0.4691]
Epoch 40/150 [train]:  69%|██████▉   | 18/26 [00:00<00:00, 86.27it/s, S=0.5374, loss=-0.4226]
Epoch 40/150 [train]:  69%|██████▉   | 18/26 [00:00<00:00, 86.27it/s, S=0.5523, loss=-0.4557]
Epoch 40/150 [train]:  69%|██████▉   | 18/26 [00:00<00:00, 86.27it/s, S=0.5524, loss=-0.4584]
Epoch 40/150 [train]:  69%|██████▉   | 18/26 [00:00<00:00, 86.27it/s, S=0.5586, loss=-0.4653]
                                                                                             
Epoch  40/150  train loss=-0.4612  val loss=-0.4643  S[mean]=0.5631  ζ=0.4539  mean_plane_ζ=0.4090  reg=0.0988  λscale=1.00  lr=4.27e-04

Epoch 41/150 [train]:   0%|          | 0/26 [00:00<?, ?it/s]
Epoch 41/150 [train]:   0%|          | 0/26 [00:00<?, ?it/s, S=0.5554, loss=-0.4577]
Epoch 41/150 [train]:   0%|          | 0/26 [00:00<?, ?it/s, S=0.5708, loss=-0.4786]
Epoch 41/150 [train]:   0%|          | 0/26 [00:00<?, ?it/s, S=0.5649, loss=-0.4725]
Epoch 41/150 [train]:   0%|          | 0/26 [00:00<?, ?it/s, S=0.5655, loss=-0.4689]
Epoch 41/150 [train]:   0%|          | 0/26 [00:00<?, ?it/s, S=0.5583, loss=-0.4559]
Epoch 41/150 [train]:   0%|          | 0/26 [00:00<?, ?it/s, S=0.5592, loss=-0.4625]
Epoch 41/150 [train]:   0%|          | 0/26 [00:00<?, ?it/s, S=0.5724, loss=-0.4794]
Epoch 41/150 [train]:   0%|          | 0/26 [00:00<?, ?it/s, S=0.5688, loss=-0.4738]
Epoch 41/150 [train]:   0%|          | 0/26 [00:00<?, ?it/s, S=0.5650, loss=-0.4657]
Epoch 41/150 [train]:  35%|███▍      | 9/26 [00:00<00:00, 85.84it/s, S=0.5650, loss=-0.4657]
Epoch 41/150 [train]:  35%|███▍      | 9/26 [00:00<00:00, 85.84it/s, S=0.5538, loss=-0.4580]
Epoch 41/150 [train]:  35%|███▍      | 9/26 [00:00<00:00, 85.84it/s, S=0.5601, loss=-0.4600]
Epoch 41/150 [train]:  35%|███▍      | 9/26 [00:00<00:00, 85.84it/s, S=0.5675, loss=-0.4722]
Epoch 41/150 [train]:  35%|███▍      | 9/26 [00:00<00:00, 85.84it/s, S=0.5722, loss=-0.4773]
Epoch 41/150 [train]:  35%|███▍      | 9/26 [00:00<00:00, 85.84it/s, S=0.5693, loss=-0.4712]
Epoch 41/150 [train]:  35%|███▍      | 9/26 [00:00<00:00, 85.84it/s, S=0.5622, loss=-0.4707]
Epoch 41/150 [train]:  35%|███▍      | 9/26 [00:00<00:00, 85.84it/s, S=0.5677, loss=-0.4743]
Epoch 41/150 [train]:  35%|███▍      | 9/26 [00:00<00:00, 85.84it/s, S=0.5617, loss=-0.4676]
Epoch 41/150 [train]:  35%|███▍      | 9/26 [00:00<00:00, 85.84it/s, S=0.5595, loss=-0.4612]
Epoch 41/150 [train]:  69%|██████▉   | 18/26 [00:00<00:00, 86.34it/s, S=0.5595, loss=-0.4612]
Epoch 41/150 [train]:  69%|██████▉   | 18/26 [00:00<00:00, 86.34it/s, S=0.5634, loss=-0.4704]
Epoch 41/150 [train]:  69%|██████▉   | 18/26 [00:00<00:00, 86.34it/s, S=0.5631, loss=-0.4665]
Epoch 41/150 [train]:  69%|██████▉   | 18/26 [00:00<00:00, 86.34it/s, S=0.5617, loss=-0.4654]
Epoch 41/150 [train]:  69%|██████▉   | 18/26 [00:00<00:00, 86.34it/s, S=0.5787, loss=-0.4825]
Epoch 41/150 [train]:  69%|██████▉   | 18/26 [00:00<00:00, 86.34it/s, S=0.5677, loss=-0.4735]
Epoch 41/150 [train]:  69%|██████▉   | 18/26 [00:00<00:00, 86.34it/s, S=0.5658, loss=-0.4658]
Epoch 41/150 [train]:  69%|██████▉   | 18/26 [00:00<00:00, 86.34it/s, S=0.5676, loss=-0.4729]
Epoch 41/150 [train]:  69%|██████▉   | 18/26 [00:00<00:00, 86.34it/s, S=0.5537, loss=-0.4402]
                                                                                             
Epoch  41/150  train loss=-0.4679  val loss=-0.4718  S[mean]=0.5717  ζ=0.4571  mean_plane_ζ=0.4157  reg=0.0999  λscale=1.00  lr=4.12e-04

Epoch 42/150 [train]:   0%|          | 0/26 [00:00<?, ?it/s]
Epoch 42/150 [train]:   0%|          | 0/26 [00:00<?, ?it/s, S=0.5700, loss=-0.4719]
Epoch 42/150 [train]:   0%|          | 0/26 [00:00<?, ?it/s, S=0.5738, loss=-0.4784]
Epoch 42/150 [train]:   0%|          | 0/26 [00:00<?, ?it/s, S=0.5780, loss=-0.4794]
Epoch 42/150 [train]:   0%|          | 0/26 [00:00<?, ?it/s, S=0.5853, loss=-0.4887]
Epoch 42/150 [train]:   0%|          | 0/26 [00:00<?, ?it/s, S=0.5800, loss=-0.4814]
Epoch 42/150 [train]:   0%|          | 0/26 [00:00<?, ?it/s, S=0.5690, loss=-0.4742]
Epoch 42/150 [train]:   0%|          | 0/26 [00:00<?, ?it/s, S=0.5722, loss=-0.4692]
Epoch 42/150 [train]:   0%|          | 0/26 [00:00<?, ?it/s, S=0.5827, loss=-0.4889]
Epoch 42/150 [train]:   0%|          | 0/26 [00:00<?, ?it/s, S=0.5726, loss=-0.4763]
Epoch 42/150 [train]:  35%|███▍      | 9/26 [00:00<00:00, 85.66it/s, S=0.5726, loss=-0.4763]
Epoch 42/150 [train]:  35%|███▍      | 9/26 [00:00<00:00, 85.66it/s, S=0.5656, loss=-0.4671]
Epoch 42/150 [train]:  35%|███▍      | 9/26 [00:00<00:00, 85.66it/s, S=0.5818, loss=-0.4860]
Epoch 42/150 [train]:  35%|███▍      | 9/26 [00:00<00:00, 85.66it/s, S=0.5713, loss=-0.4758]
Epoch 42/150 [train]:  35%|███▍      | 9/26 [00:00<00:00, 85.66it/s, S=0.5663, loss=-0.4637]
Epoch 42/150 [train]:  35%|███▍      | 9/26 [00:00<00:00, 85.66it/s, S=0.5749, loss=-0.4744]
Epoch 42/150 [train]:  35%|███▍      | 9/26 [00:00<00:00, 85.66it/s, S=0.5729, loss=-0.4759]
Epoch 42/150 [train]:  35%|███▍      | 9/26 [00:00<00:00, 85.66it/s, S=0.5708, loss=-0.4699]
Epoch 42/150 [train]:  35%|███▍      | 9/26 [00:00<00:00, 85.66it/s, S=0.5713, loss=-0.4762]
Epoch 42/150 [train]:  35%|███▍      | 9/26 [00:00<00:00, 85.66it/s, S=0.5607, loss=-0.4653]
Epoch 42/150 [train]:  69%|██████▉   | 18/26 [00:00<00:00, 86.04it/s, S=0.5607, loss=-0.4653]
Epoch 42/150 [train]:  69%|██████▉   | 18/26 [00:00<00:00, 86.04it/s, S=0.5691, loss=-0.4620]
Epoch 42/150 [train]:  69%|██████▉   | 18/26 [00:00<00:00, 86.04it/s, S=0.5782, loss=-0.4836]
Epoch 42/150 [train]:  69%|██████▉   | 18/26 [00:00<00:00, 86.04it/s, S=0.5754, loss=-0.4797]
Epoch 42/150 [train]:  69%|██████▉   | 18/26 [00:00<00:00, 86.04it/s, S=0.5779, loss=-0.4841]
Epoch 42/150 [train]:  69%|██████▉   | 18/26 [00:00<00:00, 86.04it/s, S=0.5889, loss=-0.4946]
Epoch 42/150 [train]:  69%|██████▉   | 18/26 [00:00<00:00, 86.04it/s, S=0.5712, loss=-0.4710]
Epoch 42/150 [train]:  69%|██████▉   | 18/26 [00:00<00:00, 86.04it/s, S=0.5742, loss=-0.4773]
Epoch 42/150 [train]:  69%|██████▉   | 18/26 [00:00<00:00, 86.04it/s, S=0.5645, loss=-0.4628]
                                                                                             
Epoch  42/150  train loss=-0.4761  val loss=-0.4767  S[mean]=0.5768  ζ=0.4583  mean_plane_ζ=0.4185  reg=0.1001  λscale=1.00  lr=3.97e-04

Epoch 43/150 [train]:   0%|          | 0/26 [00:00<?, ?it/s]
Epoch 43/150 [train]:   0%|          | 0/26 [00:00<?, ?it/s, S=0.5791, loss=-0.4794]
Epoch 43/150 [train]:   0%|          | 0/26 [00:00<?, ?it/s, S=0.5769, loss=-0.4794]
Epoch 43/150 [train]:   0%|          | 0/26 [00:00<?, ?it/s, S=0.5853, loss=-0.4905]
Epoch 43/150 [train]:   0%|          | 0/26 [00:00<?, ?it/s, S=0.5744, loss=-0.4778]
Epoch 43/150 [train]:   0%|          | 0/26 [00:00<?, ?it/s, S=0.5769, loss=-0.4720]
Epoch 43/150 [train]:   0%|          | 0/26 [00:00<?, ?it/s, S=0.5752, loss=-0.4752]
Epoch 43/150 [train]:   0%|          | 0/26 [00:00<?, ?it/s, S=0.5739, loss=-0.4708]
Epoch 43/150 [train]:   0%|          | 0/26 [00:00<?, ?it/s, S=0.5797, loss=-0.4861]
Epoch 43/150 [train]:   0%|          | 0/26 [00:00<?, ?it/s, S=0.5855, loss=-0.4921]
Epoch 43/150 [train]:  35%|███▍      | 9/26 [00:00<00:00, 85.57it/s, S=0.5855, loss=-0.4921]
Epoch 43/150 [train]:  35%|███▍      | 9/26 [00:00<00:00, 85.57it/s, S=0.5794, loss=-0.4866]
Epoch 43/150 [train]:  35%|███▍      | 9/26 [00:00<00:00, 85.57it/s, S=0.5828, loss=-0.4861]
Epoch 43/150 [train]:  35%|███▍      | 9/26 [00:00<00:00, 85.57it/s, S=0.5748, loss=-0.4784]
Epoch 43/150 [train]:  35%|███▍      | 9/26 [00:00<00:00, 85.57it/s, S=0.5821, loss=-0.4867]
Epoch 43/150 [train]:  35%|███▍      | 9/26 [00:00<00:00, 85.57it/s, S=0.5772, loss=-0.4823]
Epoch 43/150 [train]:  35%|███▍      | 9/26 [00:00<00:00, 85.57it/s, S=0.5860, loss=-0.4868]
Epoch 43/150 [train]:  35%|███▍      | 9/26 [00:00<00:00, 85.57it/s, S=0.5764, loss=-0.4742]
Epoch 43/150 [train]:  35%|███▍      | 9/26 [00:00<00:00, 85.57it/s, S=0.5773, loss=-0.4797]
Epoch 43/150 [train]:  35%|███▍      | 9/26 [00:00<00:00, 85.57it/s, S=0.5796, loss=-0.4844]
Epoch 43/150 [train]:  69%|██████▉   | 18/26 [00:00<00:00, 86.21it/s, S=0.5796, loss=-0.4844]
Epoch 43/150 [train]:  69%|██████▉   | 18/26 [00:00<00:00, 86.21it/s, S=0.5831, loss=-0.4879]
Epoch 43/150 [train]:  69%|██████▉   | 18/26 [00:00<00:00, 86.21it/s, S=0.5865, loss=-0.4854]
Epoch 43/150 [train]:  69%|██████▉   | 18/26 [00:00<00:00, 86.21it/s, S=0.5837, loss=-0.4865]
Epoch 43/150 [train]:  69%|██████▉   | 18/26 [00:00<00:00, 86.21it/s, S=0.5833, loss=-0.4878]
Epoch 43/150 [train]:  69%|██████▉   | 18/26 [00:00<00:00, 86.21it/s, S=0.5696, loss=-0.4690]
Epoch 43/150 [train]:  69%|██████▉   | 18/26 [00:00<00:00, 86.21it/s, S=0.5769, loss=-0.4789]
Epoch 43/150 [train]:  69%|██████▉   | 18/26 [00:00<00:00, 86.21it/s, S=0.5753, loss=-0.4815]
Epoch 43/150 [train]:  69%|██████▉   | 18/26 [00:00<00:00, 86.21it/s, S=0.5730, loss=-0.4782]
                                                                                             
Epoch  43/150  train loss=-0.4817  val loss=-0.4820  S[mean]=0.5809  ζ=0.4587  mean_plane_ζ=0.4191  reg=0.0989  λscale=1.00  lr=3.81e-04

Epoch 44/150 [train]:   0%|          | 0/26 [00:00<?, ?it/s]
Epoch 44/150 [train]:   0%|          | 0/26 [00:00<?, ?it/s, S=0.5736, loss=-0.4815]
Epoch 44/150 [train]:   0%|          | 0/26 [00:00<?, ?it/s, S=0.5897, loss=-0.4920]
Epoch 44/150 [train]:   0%|          | 0/26 [00:00<?, ?it/s, S=0.5886, loss=-0.4934]
Epoch 44/150 [train]:   0%|          | 0/26 [00:00<?, ?it/s, S=0.5785, loss=-0.4827]
Epoch 44/150 [train]:   0%|          | 0/26 [00:00<?, ?it/s, S=0.5821, loss=-0.4886]
Epoch 44/150 [train]:   0%|          | 0/26 [00:00<?, ?it/s, S=0.5787, loss=-0.4855]
Epoch 44/150 [train]:   0%|          | 0/26 [00:00<?, ?it/s, S=0.5802, loss=-0.4823]
Epoch 44/150 [train]:   0%|          | 0/26 [00:00<?, ?it/s, S=0.5897, loss=-0.4964]
Epoch 44/150 [train]:   0%|          | 0/26 [00:00<?, ?it/s, S=0.5821, loss=-0.4847]
Epoch 44/150 [train]:  35%|███▍      | 9/26 [00:00<00:00, 85.78it/s, S=0.5821, loss=-0.4847]
Epoch 44/150 [train]:  35%|███▍      | 9/26 [00:00<00:00, 85.78it/s, S=0.5748, loss=-0.4744]
Epoch 44/150 [train]:  35%|███▍      | 9/26 [00:00<00:00, 85.78it/s, S=0.5856, loss=-0.4881]
Epoch 44/150 [train]:  35%|███▍      | 9/26 [00:00<00:00, 85.78it/s, S=0.5855, loss=-0.4873]
Epoch 44/150 [train]:  35%|███▍      | 9/26 [00:00<00:00, 85.78it/s, S=0.5865, loss=-0.4852]
Epoch 44/150 [train]:  35%|███▍      | 9/26 [00:00<00:00, 85.78it/s, S=0.5822, loss=-0.4885]
Epoch 44/150 [train]:  35%|███▍      | 9/26 [00:00<00:00, 85.78it/s, S=0.5933, loss=-0.4985]
Epoch 44/150 [train]:  35%|███▍      | 9/26 [00:00<00:00, 85.78it/s, S=0.5829, loss=-0.4883]
Epoch 44/150 [train]:  35%|███▍      | 9/26 [00:00<00:00, 85.78it/s, S=0.5758, loss=-0.4780]
Epoch 44/150 [train]:  35%|███▍      | 9/26 [00:00<00:00, 85.78it/s, S=0.5758, loss=-0.4757]
Epoch 44/150 [train]:  69%|██████▉   | 18/26 [00:00<00:00, 86.27it/s, S=0.5758, loss=-0.4757]
Epoch 44/150 [train]:  69%|██████▉   | 18/26 [00:00<00:00, 86.27it/s, S=0.5834, loss=-0.4867]
Epoch 44/150 [train]:  69%|██████▉   | 18/26 [00:00<00:00, 86.27it/s, S=0.5807, loss=-0.4727]
Epoch 44/150 [train]:  69%|██████▉   | 18/26 [00:00<00:00, 86.27it/s, S=0.5881, loss=-0.4882]
Epoch 44/150 [train]:  69%|██████▉   | 18/26 [00:00<00:00, 86.27it/s, S=0.5798, loss=-0.4792]
Epoch 44/150 [train]:  69%|██████▉   | 18/26 [00:00<00:00, 86.27it/s, S=0.5783, loss=-0.4819]
Epoch 44/150 [train]:  69%|██████▉   | 18/26 [00:00<00:00, 86.27it/s, S=0.5856, loss=-0.4905]
Epoch 44/150 [train]:  69%|██████▉   | 18/26 [00:00<00:00, 86.27it/s, S=0.5870, loss=-0.4905]
Epoch 44/150 [train]:  69%|██████▉   | 18/26 [00:00<00:00, 86.27it/s, S=0.5857, loss=-0.4882]
                                                                                             
Epoch  44/150  train loss=-0.4857  val loss=-0.4835  S[mean]=0.5833  ζ=0.4598  mean_plane_ζ=0.4204  reg=0.0998  λscale=1.00  lr=3.63e-04

Epoch 45/150 [train]:   0%|          | 0/26 [00:00<?, ?it/s]
Epoch 45/150 [train]:   0%|          | 0/26 [00:00<?, ?it/s, S=0.5943, loss=-0.4982]
Epoch 45/150 [train]:   0%|          | 0/26 [00:00<?, ?it/s, S=0.5880, loss=-0.4930]
Epoch 45/150 [train]:   0%|          | 0/26 [00:00<?, ?it/s, S=0.5884, loss=-0.4884]
Epoch 45/150 [train]:   0%|          | 0/26 [00:00<?, ?it/s, S=0.5957, loss=-0.5015]
Epoch 45/150 [train]:   0%|          | 0/26 [00:00<?, ?it/s, S=0.5970, loss=-0.5003]
Epoch 45/150 [train]:   0%|          | 0/26 [00:00<?, ?it/s, S=0.5780, loss=-0.4849]
Epoch 45/150 [train]:   0%|          | 0/26 [00:00<?, ?it/s, S=0.5839, loss=-0.4809]
Epoch 45/150 [train]:   0%|          | 0/26 [00:00<?, ?it/s, S=0.5904, loss=-0.4918]
Epoch 45/150 [train]:   0%|          | 0/26 [00:00<?, ?it/s, S=0.5842, loss=-0.4867]
Epoch 45/150 [train]:  35%|███▍      | 9/26 [00:00<00:00, 85.72it/s, S=0.5842, loss=-0.4867]
Epoch 45/150 [train]:  35%|███▍      | 9/26 [00:00<00:00, 85.72it/s, S=0.5749, loss=-0.4704]
Epoch 45/150 [train]:  35%|███▍      | 9/26 [00:00<00:00, 85.72it/s, S=0.5861, loss=-0.4941]
Epoch 45/150 [train]:  35%|███▍      | 9/26 [00:00<00:00, 85.72it/s, S=0.5939, loss=-0.4989]
Epoch 45/150 [train]:  35%|███▍      | 9/26 [00:00<00:00, 85.72it/s, S=0.5801, loss=-0.4829]
Epoch 45/150 [train]:  35%|███▍      | 9/26 [00:00<00:00, 85.72it/s, S=0.5780, loss=-0.4813]
Epoch 45/150 [train]:  35%|███▍      | 9/26 [00:00<00:00, 85.72it/s, S=0.5959, loss=-0.5009]
Epoch 45/150 [train]:  35%|███▍      | 9/26 [00:00<00:00, 85.72it/s, S=0.5982, loss=-0.5056]
Epoch 45/150 [train]:  35%|███▍      | 9/26 [00:00<00:00, 85.72it/s, S=0.5893, loss=-0.4876]
Epoch 45/150 [train]:  35%|███▍      | 9/26 [00:00<00:00, 85.72it/s, S=0.5953, loss=-0.4991]
Epoch 45/150 [train]:  69%|██████▉   | 18/26 [00:00<00:00, 86.27it/s, S=0.5953, loss=-0.4991]
Epoch 45/150 [train]:  69%|██████▉   | 18/26 [00:00<00:00, 86.27it/s, S=0.5884, loss=-0.4921]
Epoch 45/150 [train]:  69%|██████▉   | 18/26 [00:00<00:00, 86.27it/s, S=0.5836, loss=-0.4875]
Epoch 45/150 [train]:  69%|██████▉   | 18/26 [00:00<00:00, 86.27it/s, S=0.5720, loss=-0.4726]
Epoch 45/150 [train]:  69%|██████▉   | 18/26 [00:00<00:00, 86.27it/s, S=0.5778, loss=-0.4816]
Epoch 45/150 [train]:  69%|██████▉   | 18/26 [00:00<00:00, 86.27it/s, S=0.5905, loss=-0.4973]
Epoch 45/150 [train]:  69%|██████▉   | 18/26 [00:00<00:00, 86.27it/s, S=0.5937, loss=-0.4960]
Epoch 45/150 [train]:  69%|██████▉   | 18/26 [00:00<00:00, 86.27it/s, S=0.5891, loss=-0.4947]
Epoch 45/150 [train]:  69%|██████▉   | 18/26 [00:00<00:00, 86.27it/s, S=0.5816, loss=-0.4882]
                                                                                             
Epoch  45/150  train loss=-0.4906  val loss=-0.4880  S[mean]=0.5868  ζ=0.4603  mean_plane_ζ=0.4214  reg=0.0988  λscale=1.00  lr=3.46e-04

Epoch 46/150 [train]:   0%|          | 0/26 [00:00<?, ?it/s]
Epoch 46/150 [train]:   0%|          | 0/26 [00:00<?, ?it/s, S=0.5890, loss=-0.4931]
Epoch 46/150 [train]:   0%|          | 0/26 [00:00<?, ?it/s, S=0.5917, loss=-0.4952]
Epoch 46/150 [train]:   0%|          | 0/26 [00:00<?, ?it/s, S=0.5830, loss=-0.4866]
Epoch 46/150 [train]:   0%|          | 0/26 [00:00<?, ?it/s, S=0.5923, loss=-0.4990]
Epoch 46/150 [train]:   0%|          | 0/26 [00:00<?, ?it/s, S=0.5957, loss=-0.4982]
Epoch 46/150 [train]:   0%|          | 0/26 [00:00<?, ?it/s, S=0.5976, loss=-0.5007]
Epoch 46/150 [train]:   0%|          | 0/26 [00:00<?, ?it/s, S=0.5887, loss=-0.4915]
Epoch 46/150 [train]:   0%|          | 0/26 [00:00<?, ?it/s, S=0.5906, loss=-0.4937]
Epoch 46/150 [train]:   0%|          | 0/26 [00:00<?, ?it/s, S=0.5987, loss=-0.5032]
Epoch 46/150 [train]:  35%|███▍      | 9/26 [00:00<00:00, 85.86it/s, S=0.5987, loss=-0.5032]
Epoch 46/150 [train]:  35%|███▍      | 9/26 [00:00<00:00, 85.86it/s, S=0.5836, loss=-0.4839]
Epoch 46/150 [train]:  35%|███▍      | 9/26 [00:00<00:00, 85.86it/s, S=0.5941, loss=-0.4991]
Epoch 46/150 [train]:  35%|███▍      | 9/26 [00:00<00:00, 85.86it/s, S=0.5873, loss=-0.4939]
Epoch 46/150 [train]:  35%|███▍      | 9/26 [00:00<00:00, 85.86it/s, S=0.5980, loss=-0.5019]
Epoch 46/150 [train]:  35%|███▍      | 9/26 [00:00<00:00, 85.86it/s, S=0.5962, loss=-0.5035]
Epoch 46/150 [train]:  35%|███▍      | 9/26 [00:00<00:00, 85.86it/s, S=0.5892, loss=-0.4924]
Epoch 46/150 [train]:  35%|███▍      | 9/26 [00:00<00:00, 85.86it/s, S=0.5973, loss=-0.5058]
Epoch 46/150 [train]:  35%|███▍      | 9/26 [00:00<00:00, 85.86it/s, S=0.5941, loss=-0.4949]
Epoch 46/150 [train]:  35%|███▍      | 9/26 [00:00<00:00, 85.86it/s, S=0.5836, loss=-0.4851]
Epoch 46/150 [train]:  69%|██████▉   | 18/26 [00:00<00:00, 86.28it/s, S=0.5836, loss=-0.4851]
Epoch 46/150 [train]:  69%|██████▉   | 18/26 [00:00<00:00, 86.28it/s, S=0.5973, loss=-0.5054]
Epoch 46/150 [train]:  69%|██████▉   | 18/26 [00:00<00:00, 86.28it/s, S=0.6029, loss=-0.5054]
Epoch 46/150 [train]:  69%|██████▉   | 18/26 [00:00<00:00, 86.28it/s, S=0.5932, loss=-0.4999]
Epoch 46/150 [train]:  69%|██████▉   | 18/26 [00:00<00:00, 86.28it/s, S=0.5849, loss=-0.4834]
Epoch 46/150 [train]:  69%|██████▉   | 18/26 [00:00<00:00, 86.28it/s, S=0.5841, loss=-0.4854]
Epoch 46/150 [train]:  69%|██████▉   | 18/26 [00:00<00:00, 86.28it/s, S=0.5895, loss=-0.4927]
Epoch 46/150 [train]:  69%|██████▉   | 18/26 [00:00<00:00, 86.28it/s, S=0.5847, loss=-0.4907]
Epoch 46/150 [train]:  69%|██████▉   | 18/26 [00:00<00:00, 86.28it/s, S=0.5901, loss=-0.4882]
                                                                                             
Epoch  46/150  train loss=-0.4951  val loss=-0.4905  S[mean]=0.5890  ζ=0.4598  mean_plane_ζ=0.4217  reg=0.0985  λscale=1.00  lr=3.27e-04

Epoch 47/150 [train]:   0%|          | 0/26 [00:00<?, ?it/s]
Epoch 47/150 [train]:   0%|          | 0/26 [00:00<?, ?it/s, S=0.6008, loss=-0.5085]
Epoch 47/150 [train]:   0%|          | 0/26 [00:00<?, ?it/s, S=0.5900, loss=-0.4946]
Epoch 47/150 [train]:   0%|          | 0/26 [00:00<?, ?it/s, S=0.5998, loss=-0.5030]
Epoch 47/150 [train]:   0%|          | 0/26 [00:00<?, ?it/s, S=0.5973, loss=-0.5038]
Epoch 47/150 [train]:   0%|          | 0/26 [00:00<?, ?it/s, S=0.5965, loss=-0.5011]
Epoch 47/150 [train]:   0%|          | 0/26 [00:00<?, ?it/s, S=0.6002, loss=-0.5075]
Epoch 47/150 [train]:   0%|          | 0/26 [00:00<?, ?it/s, S=0.5944, loss=-0.4978]
Epoch 47/150 [train]:   0%|          | 0/26 [00:00<?, ?it/s, S=0.6020, loss=-0.5066]
Epoch 47/150 [train]:   0%|          | 0/26 [00:00<?, ?it/s, S=0.5911, loss=-0.4950]
Epoch 47/150 [train]:  35%|███▍      | 9/26 [00:00<00:00, 85.66it/s, S=0.5911, loss=-0.4950]
Epoch 47/150 [train]:  35%|███▍      | 9/26 [00:00<00:00, 85.66it/s, S=0.5932, loss=-0.4974]
Epoch 47/150 [train]:  35%|███▍      | 9/26 [00:00<00:00, 85.66it/s, S=0.5958, loss=-0.5024]
Epoch 47/150 [train]:  35%|███▍      | 9/26 [00:00<00:00, 85.66it/s, S=0.5974, loss=-0.5031]
Epoch 47/150 [train]:  35%|███▍      | 9/26 [00:00<00:00, 85.66it/s, S=0.5914, loss=-0.4993]
Epoch 47/150 [train]:  35%|███▍      | 9/26 [00:00<00:00, 85.66it/s, S=0.5869, loss=-0.4805]
Epoch 47/150 [train]:  35%|███▍      | 9/26 [00:00<00:00, 85.66it/s, S=0.5953, loss=-0.4971]
Epoch 47/150 [train]:  35%|███▍      | 9/26 [00:00<00:00, 85.66it/s, S=0.5939, loss=-0.4992]
Epoch 47/150 [train]:  35%|███▍      | 9/26 [00:00<00:00, 85.66it/s, S=0.5914, loss=-0.4958]
Epoch 47/150 [train]:  35%|███▍      | 9/26 [00:00<00:00, 85.66it/s, S=0.6036, loss=-0.5069]
Epoch 47/150 [train]:  69%|██████▉   | 18/26 [00:00<00:00, 86.29it/s, S=0.6036, loss=-0.5069]
Epoch 47/150 [train]:  69%|██████▉   | 18/26 [00:00<00:00, 86.29it/s, S=0.5965, loss=-0.5035]
Epoch 47/150 [train]:  69%|██████▉   | 18/26 [00:00<00:00, 86.29it/s, S=0.5949, loss=-0.4994]
Epoch 47/150 [train]:  69%|██████▉   | 18/26 [00:00<00:00, 86.29it/s, S=0.5825, loss=-0.4825]
Epoch 47/150 [train]:  69%|██████▉   | 18/26 [00:00<00:00, 86.29it/s, S=0.5974, loss=-0.5004]
Epoch 47/150 [train]:  69%|██████▉   | 18/26 [00:00<00:00, 86.29it/s, S=0.5979, loss=-0.5070]
Epoch 47/150 [train]:  69%|██████▉   | 18/26 [00:00<00:00, 86.29it/s, S=0.5926, loss=-0.4966]
Epoch 47/150 [train]:  69%|██████▉   | 18/26 [00:00<00:00, 86.29it/s, S=0.5981, loss=-0.5028]
Epoch 47/150 [train]:  69%|██████▉   | 18/26 [00:00<00:00, 86.29it/s, S=0.5967, loss=-0.5007]
                                                                                             
Epoch  47/150  train loss=-0.4997  val loss=-0.4935  S[mean]=0.5920  ζ=0.4599  mean_plane_ζ=0.4234  reg=0.0985  λscale=1.00  lr=3.08e-04

Epoch 48/150 [train]:   0%|          | 0/26 [00:00<?, ?it/s]
Epoch 48/150 [train]:   0%|          | 0/26 [00:00<?, ?it/s, S=0.5955, loss=-0.4985]
Epoch 48/150 [train]:   0%|          | 0/26 [00:00<?, ?it/s, S=0.6004, loss=-0.5013]
Epoch 48/150 [train]:   0%|          | 0/26 [00:00<?, ?it/s, S=0.5948, loss=-0.4963]
Epoch 48/150 [train]:   0%|          | 0/26 [00:00<?, ?it/s, S=0.6050, loss=-0.5133]
Epoch 48/150 [train]:   0%|          | 0/26 [00:00<?, ?it/s, S=0.5946, loss=-0.4973]
Epoch 48/150 [train]:   0%|          | 0/26 [00:00<?, ?it/s, S=0.5914, loss=-0.4912]
Epoch 48/150 [train]:   0%|          | 0/26 [00:00<?, ?it/s, S=0.5983, loss=-0.4985]
Epoch 48/150 [train]:   0%|          | 0/26 [00:00<?, ?it/s, S=0.6068, loss=-0.5120]
Epoch 48/150 [train]:   0%|          | 0/26 [00:00<?, ?it/s, S=0.5949, loss=-0.4912]
Epoch 48/150 [train]:  35%|███▍      | 9/26 [00:00<00:00, 85.62it/s, S=0.5949, loss=-0.4912]
Epoch 48/150 [train]:  35%|███▍      | 9/26 [00:00<00:00, 85.62it/s, S=0.6030, loss=-0.5056]
Epoch 48/150 [train]:  35%|███▍      | 9/26 [00:00<00:00, 85.62it/s, S=0.5904, loss=-0.4907]
Epoch 48/150 [train]:  35%|███▍      | 9/26 [00:00<00:00, 85.62it/s, S=0.5986, loss=-0.5014]
Epoch 48/150 [train]:  35%|███▍      | 9/26 [00:00<00:00, 85.62it/s, S=0.6046, loss=-0.5123]
Epoch 48/150 [train]:  35%|███▍      | 9/26 [00:00<00:00, 85.62it/s, S=0.6071, loss=-0.5102]
Epoch 48/150 [train]:  35%|███▍      | 9/26 [00:00<00:00, 85.62it/s, S=0.6076, loss=-0.5096]
Epoch 48/150 [train]:  35%|███▍      | 9/26 [00:00<00:00, 85.62it/s, S=0.5953, loss=-0.4996]
Epoch 48/150 [train]:  35%|███▍      | 9/26 [00:00<00:00, 85.62it/s, S=0.5931, loss=-0.4989]
Epoch 48/150 [train]:  35%|███▍      | 9/26 [00:00<00:00, 85.62it/s, S=0.6022, loss=-0.5071]
Epoch 48/150 [train]:  69%|██████▉   | 18/26 [00:00<00:00, 86.09it/s, S=0.6022, loss=-0.5071]
Epoch 48/150 [train]:  69%|██████▉   | 18/26 [00:00<00:00, 86.09it/s, S=0.6053, loss=-0.5099]
Epoch 48/150 [train]:  69%|██████▉   | 18/26 [00:00<00:00, 86.09it/s, S=0.5865, loss=-0.4932]
Epoch 48/150 [train]:  69%|██████▉   | 18/26 [00:00<00:00, 86.09it/s, S=0.6047, loss=-0.5061]
Epoch 48/150 [train]:  69%|██████▉   | 18/26 [00:00<00:00, 86.09it/s, S=0.5913, loss=-0.4989]
Epoch 48/150 [train]:  69%|██████▉   | 18/26 [00:00<00:00, 86.09it/s, S=0.6022, loss=-0.5045]
Epoch 48/150 [train]:  69%|██████▉   | 18/26 [00:00<00:00, 86.09it/s, S=0.5941, loss=-0.4950]
Epoch 48/150 [train]:  69%|██████▉   | 18/26 [00:00<00:00, 86.09it/s, S=0.5959, loss=-0.4994]
Epoch 48/150 [train]:  69%|██████▉   | 18/26 [00:00<00:00, 86.09it/s, S=0.5977, loss=-0.5017]
                                                                                             
Epoch  48/150  train loss=-0.5017  val loss=-0.4960  S[mean]=0.5943  ζ=0.4597  mean_plane_ζ=0.4238  reg=0.0983  λscale=1.00  lr=2.89e-04

Epoch 49/150 [train]:   0%|          | 0/26 [00:00<?, ?it/s]
Epoch 49/150 [train]:   0%|          | 0/26 [00:00<?, ?it/s, S=0.6006, loss=-0.5052]
Epoch 49/150 [train]:   0%|          | 0/26 [00:00<?, ?it/s, S=0.6073, loss=-0.5101]
Epoch 49/150 [train]:   0%|          | 0/26 [00:00<?, ?it/s, S=0.6011, loss=-0.5063]
Epoch 49/150 [train]:   0%|          | 0/26 [00:00<?, ?it/s, S=0.6071, loss=-0.5089]
Epoch 49/150 [train]:   0%|          | 0/26 [00:00<?, ?it/s, S=0.6108, loss=-0.5170]
Epoch 49/150 [train]:   0%|          | 0/26 [00:00<?, ?it/s, S=0.6098, loss=-0.5162]
Epoch 49/150 [train]:   0%|          | 0/26 [00:00<?, ?it/s, S=0.6096, loss=-0.5082]
Epoch 49/150 [train]:   0%|          | 0/26 [00:00<?, ?it/s, S=0.5964, loss=-0.4977]
Epoch 49/150 [train]:   0%|          | 0/26 [00:00<?, ?it/s, S=0.6063, loss=-0.5105]
Epoch 49/150 [train]:  35%|███▍      | 9/26 [00:00<00:00, 85.83it/s, S=0.6063, loss=-0.5105]
Epoch 49/150 [train]:  35%|███▍      | 9/26 [00:00<00:00, 85.83it/s, S=0.6040, loss=-0.5094]
Epoch 49/150 [train]:  35%|███▍      | 9/26 [00:00<00:00, 85.83it/s, S=0.5926, loss=-0.4937]
Epoch 49/150 [train]:  35%|███▍      | 9/26 [00:00<00:00, 85.83it/s, S=0.6012, loss=-0.5079]
Epoch 49/150 [train]:  35%|███▍      | 9/26 [00:00<00:00, 85.83it/s, S=0.5849, loss=-0.4897]
Epoch 49/150 [train]:  35%|███▍      | 9/26 [00:00<00:00, 85.83it/s, S=0.6029, loss=-0.5029]
Epoch 49/150 [train]:  35%|███▍      | 9/26 [00:00<00:00, 85.83it/s, S=0.5950, loss=-0.4985]
Epoch 49/150 [train]:  35%|███▍      | 9/26 [00:00<00:00, 85.83it/s, S=0.5908, loss=-0.4913]
Epoch 49/150 [train]:  35%|███▍      | 9/26 [00:00<00:00, 85.83it/s, S=0.6077, loss=-0.5045]
Epoch 49/150 [train]:  35%|███▍      | 9/26 [00:00<00:00, 85.83it/s, S=0.6055, loss=-0.5129]
Epoch 49/150 [train]:  69%|██████▉   | 18/26 [00:00<00:00, 86.26it/s, S=0.6055, loss=-0.5129]
Epoch 49/150 [train]:  69%|██████▉   | 18/26 [00:00<00:00, 86.26it/s, S=0.5901, loss=-0.4913]
Epoch 49/150 [train]:  69%|██████▉   | 18/26 [00:00<00:00, 86.26it/s, S=0.6012, loss=-0.5086]
Epoch 49/150 [train]:  69%|██████▉   | 18/26 [00:00<00:00, 86.26it/s, S=0.6027, loss=-0.5055]
Epoch 49/150 [train]:  69%|██████▉   | 18/26 [00:00<00:00, 86.26it/s, S=0.5965, loss=-0.4951]
Epoch 49/150 [train]:  69%|██████▉   | 18/26 [00:00<00:00, 86.26it/s, S=0.6039, loss=-0.5099]
Epoch 49/150 [train]:  69%|██████▉   | 18/26 [00:00<00:00, 86.26it/s, S=0.6037, loss=-0.5070]
Epoch 49/150 [train]:  69%|██████▉   | 18/26 [00:00<00:00, 86.26it/s, S=0.6066, loss=-0.5124]
Epoch 49/150 [train]:  69%|██████▉   | 18/26 [00:00<00:00, 86.26it/s, S=0.6023, loss=-0.4997]
                                                                                             
Epoch  49/150  train loss=-0.5046  val loss=-0.4978  S[mean]=0.5972  ζ=0.4598  mean_plane_ζ=0.4257  reg=0.0993  λscale=1.00  lr=2.70e-04

Epoch 50/150 [train]:   0%|          | 0/26 [00:00<?, ?it/s]
Epoch 50/150 [train]:   0%|          | 0/26 [00:00<?, ?it/s, S=0.6082, loss=-0.5154]
Epoch 50/150 [train]:   0%|          | 0/26 [00:00<?, ?it/s, S=0.6038, loss=-0.5068]
Epoch 50/150 [train]:   0%|          | 0/26 [00:00<?, ?it/s, S=0.5954, loss=-0.5003]
Epoch 50/150 [train]:   0%|          | 0/26 [00:00<?, ?it/s, S=0.6040, loss=-0.5096]
Epoch 50/150 [train]:   0%|          | 0/26 [00:00<?, ?it/s, S=0.6099, loss=-0.5118]
Epoch 50/150 [train]:   0%|          | 0/26 [00:00<?, ?it/s, S=0.6048, loss=-0.5094]
Epoch 50/150 [train]:   0%|          | 0/26 [00:00<?, ?it/s, S=0.6187, loss=-0.5223]
Epoch 50/150 [train]:   0%|          | 0/26 [00:00<?, ?it/s, S=0.6133, loss=-0.5135]
Epoch 50/150 [train]:   0%|          | 0/26 [00:00<?, ?it/s, S=0.6068, loss=-0.5146]
Epoch 50/150 [train]:  35%|███▍      | 9/26 [00:00<00:00, 85.76it/s, S=0.6068, loss=-0.5146]
Epoch 50/150 [train]:  35%|███▍      | 9/26 [00:00<00:00, 85.76it/s, S=0.5981, loss=-0.5017]
Epoch 50/150 [train]:  35%|███▍      | 9/26 [00:00<00:00, 85.76it/s, S=0.6045, loss=-0.5030]
Epoch 50/150 [train]:  35%|███▍      | 9/26 [00:00<00:00, 85.76it/s, S=0.6058, loss=-0.5099]
Epoch 50/150 [train]:  35%|███▍      | 9/26 [00:00<00:00, 85.76it/s, S=0.6096, loss=-0.5145]
Epoch 50/150 [train]:  35%|███▍      | 9/26 [00:00<00:00, 85.76it/s, S=0.6200, loss=-0.5217]
Epoch 50/150 [train]:  35%|███▍      | 9/26 [00:00<00:00, 85.76it/s, S=0.6082, loss=-0.5151]
Epoch 50/150 [train]:  35%|███▍      | 9/26 [00:00<00:00, 85.76it/s, S=0.5985, loss=-0.4983]
Epoch 50/150 [train]:  35%|███▍      | 9/26 [00:00<00:00, 85.76it/s, S=0.6085, loss=-0.5128]
Epoch 50/150 [train]:  35%|███▍      | 9/26 [00:00<00:00, 85.76it/s, S=0.6019, loss=-0.5078]
Epoch 50/150 [train]:  69%|██████▉   | 18/26 [00:00<00:00, 86.29it/s, S=0.6019, loss=-0.5078]
Epoch 50/150 [train]:  69%|██████▉   | 18/26 [00:00<00:00, 86.29it/s, S=0.6060, loss=-0.5017]
Epoch 50/150 [train]:  69%|██████▉   | 18/26 [00:00<00:00, 86.29it/s, S=0.6062, loss=-0.5086]
Epoch 50/150 [train]:  69%|██████▉   | 18/26 [00:00<00:00, 86.29it/s, S=0.6154, loss=-0.5162]
Epoch 50/150 [train]:  69%|██████▉   | 18/26 [00:00<00:00, 86.29it/s, S=0.6063, loss=-0.5098]
Epoch 50/150 [train]:  69%|██████▉   | 18/26 [00:00<00:00, 86.29it/s, S=0.6020, loss=-0.5073]
Epoch 50/150 [train]:  69%|██████▉   | 18/26 [00:00<00:00, 86.29it/s, S=0.6067, loss=-0.5059]
Epoch 50/150 [train]:  69%|██████▉   | 18/26 [00:00<00:00, 86.29it/s, S=0.6117, loss=-0.5157]
Epoch 50/150 [train]:  69%|██████▉   | 18/26 [00:00<00:00, 86.29it/s, S=0.6066, loss=-0.5073]
                                                                                             
Epoch  50/150  train loss=-0.5100  val loss=-0.5010  S[mean]=0.6010  ζ=0.4594  mean_plane_ζ=0.4272  reg=0.1000  λscale=1.00  lr=2.50e-04

Epoch 51/150 [train]:   0%|          | 0/26 [00:00<?, ?it/s]
Epoch 51/150 [train]:   0%|          | 0/26 [00:00<?, ?it/s, S=0.6118, loss=-0.5146]
Epoch 51/150 [train]:   0%|          | 0/26 [00:00<?, ?it/s, S=0.5966, loss=-0.4947]
Epoch 51/150 [train]:   0%|          | 0/26 [00:00<?, ?it/s, S=0.6135, loss=-0.5199]
Epoch 51/150 [train]:   0%|          | 0/26 [00:00<?, ?it/s, S=0.5986, loss=-0.4912]
Epoch 51/150 [train]:   0%|          | 0/26 [00:00<?, ?it/s, S=0.6068, loss=-0.5105]
Epoch 51/150 [train]:   0%|          | 0/26 [00:00<?, ?it/s, S=0.6257, loss=-0.5279]
Epoch 51/150 [train]:   0%|          | 0/26 [00:00<?, ?it/s, S=0.6133, loss=-0.5127]
Epoch 51/150 [train]:   0%|          | 0/26 [00:00<?, ?it/s, S=0.6108, loss=-0.5165]
Epoch 51/150 [train]:   0%|          | 0/26 [00:00<?, ?it/s, S=0.6038, loss=-0.5005]
Epoch 51/150 [train]:  35%|███▍      | 9/26 [00:00<00:00, 85.72it/s, S=0.6038, loss=-0.5005]
Epoch 51/150 [train]:  35%|███▍      | 9/26 [00:00<00:00, 85.72it/s, S=0.6114, loss=-0.5121]
Epoch 51/150 [train]:  35%|███▍      | 9/26 [00:00<00:00, 85.72it/s, S=0.6099, loss=-0.5156]
Epoch 51/150 [train]:  35%|███▍      | 9/26 [00:00<00:00, 85.72it/s, S=0.6110, loss=-0.5095]
Epoch 51/150 [train]:  35%|███▍      | 9/26 [00:00<00:00, 85.72it/s, S=0.6136, loss=-0.5142]
Epoch 51/150 [train]:  35%|███▍      | 9/26 [00:00<00:00, 85.72it/s, S=0.6089, loss=-0.5123]
Epoch 51/150 [train]:  35%|███▍      | 9/26 [00:00<00:00, 85.72it/s, S=0.6027, loss=-0.5071]
Epoch 51/150 [train]:  35%|███▍      | 9/26 [00:00<00:00, 85.72it/s, S=0.6098, loss=-0.5140]
Epoch 51/150 [train]:  35%|███▍      | 9/26 [00:00<00:00, 85.72it/s, S=0.6228, loss=-0.5186]
Epoch 51/150 [train]:  35%|███▍      | 9/26 [00:00<00:00, 85.72it/s, S=0.6069, loss=-0.5074]
Epoch 51/150 [train]:  69%|██████▉   | 18/26 [00:00<00:00, 86.32it/s, S=0.6069, loss=-0.5074]
Epoch 51/150 [train]:  69%|██████▉   | 18/26 [00:00<00:00, 86.32it/s, S=0.5994, loss=-0.4974]
Epoch 51/150 [train]:  69%|██████▉   | 18/26 [00:00<00:00, 86.32it/s, S=0.6098, loss=-0.5109]
Epoch 51/150 [train]:  69%|██████▉   | 18/26 [00:00<00:00, 86.32it/s, S=0.6107, loss=-0.5106]
Epoch 51/150 [train]:  69%|██████▉   | 18/26 [00:00<00:00, 86.32it/s, S=0.6164, loss=-0.5155]
Epoch 51/150 [train]:  69%|██████▉   | 18/26 [00:00<00:00, 86.32it/s, S=0.6112, loss=-0.5092]
Epoch 51/150 [train]:  69%|██████▉   | 18/26 [00:00<00:00, 86.32it/s, S=0.6110, loss=-0.5164]
Epoch 51/150 [train]:  69%|██████▉   | 18/26 [00:00<00:00, 86.32it/s, S=0.6148, loss=-0.5204]
Epoch 51/150 [train]:  69%|██████▉   | 18/26 [00:00<00:00, 86.32it/s, S=0.6113, loss=-0.5157]
                                                                                             
Epoch  51/150  train loss=-0.5114  val loss=-0.5034  S[mean]=0.6046  ζ=0.4597  mean_plane_ζ=0.4287  reg=0.1012  λscale=1.00  lr=2.30e-04

Epoch 52/150 [train]:   0%|          | 0/26 [00:00<?, ?it/s]
Epoch 52/150 [train]:   0%|          | 0/26 [00:00<?, ?it/s, S=0.6139, loss=-0.5157]
Epoch 52/150 [train]:   0%|          | 0/26 [00:00<?, ?it/s, S=0.6176, loss=-0.5109]
Epoch 52/150 [train]:   0%|          | 0/26 [00:00<?, ?it/s, S=0.6112, loss=-0.5143]
Epoch 52/150 [train]:   0%|          | 0/26 [00:00<?, ?it/s, S=0.6214, loss=-0.5209]
Epoch 52/150 [train]:   0%|          | 0/26 [00:00<?, ?it/s, S=0.6175, loss=-0.5189]
Epoch 52/150 [train]:   0%|          | 0/26 [00:00<?, ?it/s, S=0.6144, loss=-0.5109]
Epoch 52/150 [train]:   0%|          | 0/26 [00:00<?, ?it/s, S=0.6159, loss=-0.5149]
Epoch 52/150 [train]:   0%|          | 0/26 [00:00<?, ?it/s, S=0.6053, loss=-0.5044]
Epoch 52/150 [train]:   0%|          | 0/26 [00:00<?, ?it/s, S=0.6202, loss=-0.5198]
Epoch 52/150 [train]:  35%|███▍      | 9/26 [00:00<00:00, 85.59it/s, S=0.6202, loss=-0.5198]
Epoch 52/150 [train]:  35%|███▍      | 9/26 [00:00<00:00, 85.59it/s, S=0.6086, loss=-0.5069]
Epoch 52/150 [train]:  35%|███▍      | 9/26 [00:00<00:00, 85.59it/s, S=0.6171, loss=-0.5209]
Epoch 52/150 [train]:  35%|███▍      | 9/26 [00:00<00:00, 85.59it/s, S=0.6220, loss=-0.5237]
Epoch 52/150 [train]:  35%|███▍      | 9/26 [00:00<00:00, 85.59it/s, S=0.6028, loss=-0.4997]
Epoch 52/150 [train]:  35%|███▍      | 9/26 [00:00<00:00, 85.59it/s, S=0.6084, loss=-0.5038]
Epoch 52/150 [train]:  35%|███▍      | 9/26 [00:00<00:00, 85.59it/s, S=0.6186, loss=-0.5223]
Epoch 52/150 [train]:  35%|███▍      | 9/26 [00:00<00:00, 85.59it/s, S=0.6156, loss=-0.5193]
Epoch 52/150 [train]:  35%|███▍      | 9/26 [00:00<00:00, 85.59it/s, S=0.6085, loss=-0.5016]
Epoch 52/150 [train]:  35%|███▍      | 9/26 [00:00<00:00, 85.59it/s, S=0.6180, loss=-0.5197]
Epoch 52/150 [train]:  69%|██████▉   | 18/26 [00:00<00:00, 86.22it/s, S=0.6180, loss=-0.5197]
Epoch 52/150 [train]:  69%|██████▉   | 18/26 [00:00<00:00, 86.22it/s, S=0.6276, loss=-0.5275]
Epoch 52/150 [train]:  69%|██████▉   | 18/26 [00:00<00:00, 86.22it/s, S=0.6153, loss=-0.5157]
Epoch 52/150 [train]:  69%|██████▉   | 18/26 [00:00<00:00, 86.22it/s, S=0.6149, loss=-0.5148]
Epoch 52/150 [train]:  69%|██████▉   | 18/26 [00:00<00:00, 86.22it/s, S=0.6086, loss=-0.5107]
Epoch 52/150 [train]:  69%|██████▉   | 18/26 [00:00<00:00, 86.22it/s, S=0.6136, loss=-0.5108]
Epoch 52/150 [train]:  69%|██████▉   | 18/26 [00:00<00:00, 86.22it/s, S=0.6163, loss=-0.5157]
Epoch 52/150 [train]:  69%|██████▉   | 18/26 [00:00<00:00, 86.22it/s, S=0.6168, loss=-0.5160]
Epoch 52/150 [train]:  69%|██████▉   | 18/26 [00:00<00:00, 86.22it/s, S=0.6181, loss=-0.5206]
                                                                                             
Epoch  52/150  train loss=-0.5146  val loss=-0.5067  S[mean]=0.6084  ζ=0.4613  mean_plane_ζ=0.4306  reg=0.1017  λscale=1.00  lr=2.11e-04

Epoch 53/150 [train]:   0%|          | 0/26 [00:00<?, ?it/s]
Epoch 53/150 [train]:   0%|          | 0/26 [00:00<?, ?it/s, S=0.6182, loss=-0.5180]
Epoch 53/150 [train]:   0%|          | 0/26 [00:00<?, ?it/s, S=0.6072, loss=-0.5005]
Epoch 53/150 [train]:   0%|          | 0/26 [00:00<?, ?it/s, S=0.6120, loss=-0.5116]
Epoch 53/150 [train]:   0%|          | 0/26 [00:00<?, ?it/s, S=0.6165, loss=-0.5152]
Epoch 53/150 [train]:   0%|          | 0/26 [00:00<?, ?it/s, S=0.6148, loss=-0.5163]
Epoch 53/150 [train]:   0%|          | 0/26 [00:00<?, ?it/s, S=0.6196, loss=-0.5190]
Epoch 53/150 [train]:   0%|          | 0/26 [00:00<?, ?it/s, S=0.6191, loss=-0.5201]
Epoch 53/150 [train]:   0%|          | 0/26 [00:00<?, ?it/s, S=0.6255, loss=-0.5304]
Epoch 53/150 [train]:   0%|          | 0/26 [00:00<?, ?it/s, S=0.6117, loss=-0.5173]
Epoch 53/150 [train]:  35%|███▍      | 9/26 [00:00<00:00, 85.83it/s, S=0.6117, loss=-0.5173]
Epoch 53/150 [train]:  35%|███▍      | 9/26 [00:00<00:00, 85.83it/s, S=0.6270, loss=-0.5220]
Epoch 53/150 [train]:  35%|███▍      | 9/26 [00:00<00:00, 85.83it/s, S=0.6213, loss=-0.5234]
Epoch 53/150 [train]:  35%|███▍      | 9/26 [00:00<00:00, 85.83it/s, S=0.6209, loss=-0.5211]
Epoch 53/150 [train]:  35%|███▍      | 9/26 [00:00<00:00, 85.83it/s, S=0.6091, loss=-0.5110]
Epoch 53/150 [train]:  35%|███▍      | 9/26 [00:00<00:00, 85.83it/s, S=0.6236, loss=-0.5249]
Epoch 53/150 [train]:  35%|███▍      | 9/26 [00:00<00:00, 85.83it/s, S=0.6184, loss=-0.5166]
Epoch 53/150 [train]:  35%|███▍      | 9/26 [00:00<00:00, 85.83it/s, S=0.6185, loss=-0.5193]
Epoch 53/150 [train]:  35%|███▍      | 9/26 [00:00<00:00, 85.83it/s, S=0.6227, loss=-0.5261]
Epoch 53/150 [train]:  35%|███▍      | 9/26 [00:00<00:00, 85.83it/s, S=0.6180, loss=-0.5164]
Epoch 53/150 [train]:  69%|██████▉   | 18/26 [00:00<00:00, 86.25it/s, S=0.6180, loss=-0.5164]
Epoch 53/150 [train]:  69%|██████▉   | 18/26 [00:00<00:00, 86.25it/s, S=0.6283, loss=-0.5292]
Epoch 53/150 [train]:  69%|██████▉   | 18/26 [00:00<00:00, 86.25it/s, S=0.6061, loss=-0.4954]
Epoch 53/150 [train]:  69%|██████▉   | 18/26 [00:00<00:00, 86.25it/s, S=0.6173, loss=-0.5147]
Epoch 53/150 [train]:  69%|██████▉   | 18/26 [00:00<00:00, 86.25it/s, S=0.6192, loss=-0.5170]
Epoch 53/150 [train]:  69%|██████▉   | 18/26 [00:00<00:00, 86.25it/s, S=0.6283, loss=-0.5299]
Epoch 53/150 [train]:  69%|██████▉   | 18/26 [00:00<00:00, 86.25it/s, S=0.6222, loss=-0.5248]
Epoch 53/150 [train]:  69%|██████▉   | 18/26 [00:00<00:00, 86.25it/s, S=0.6182, loss=-0.5160]
Epoch 53/150 [train]:  69%|██████▉   | 18/26 [00:00<00:00, 86.25it/s, S=0.6221, loss=-0.5207]
                                                                                             
Epoch  53/150  train loss=-0.5183  val loss=-0.5075  S[mean]=0.6095  ζ=0.4599  mean_plane_ζ=0.4305  reg=0.1021  λscale=1.00  lr=1.92e-04

Epoch 54/150 [train]:   0%|          | 0/26 [00:00<?, ?it/s]
Epoch 54/150 [train]:   0%|          | 0/26 [00:00<?, ?it/s, S=0.6168, loss=-0.5151]
Epoch 54/150 [train]:   0%|          | 0/26 [00:00<?, ?it/s, S=0.6269, loss=-0.5280]
Epoch 54/150 [train]:   0%|          | 0/26 [00:00<?, ?it/s, S=0.6216, loss=-0.5206]
Epoch 54/150 [train]:   0%|          | 0/26 [00:00<?, ?it/s, S=0.6168, loss=-0.5144]
Epoch 54/150 [train]:   0%|          | 0/26 [00:00<?, ?it/s, S=0.6208, loss=-0.5207]
Epoch 54/150 [train]:   0%|          | 0/26 [00:00<?, ?it/s, S=0.6154, loss=-0.5169]
Epoch 54/150 [train]:   0%|          | 0/26 [00:00<?, ?it/s, S=0.6190, loss=-0.5198]
Epoch 54/150 [train]:   0%|          | 0/26 [00:00<?, ?it/s, S=0.6181, loss=-0.5098]
Epoch 54/150 [train]:   0%|          | 0/26 [00:00<?, ?it/s, S=0.6173, loss=-0.5166]
Epoch 54/150 [train]:  35%|███▍      | 9/26 [00:00<00:00, 85.75it/s, S=0.6173, loss=-0.5166]
Epoch 54/150 [train]:  35%|███▍      | 9/26 [00:00<00:00, 85.75it/s, S=0.6196, loss=-0.5199]
Epoch 54/150 [train]:  35%|███▍      | 9/26 [00:00<00:00, 85.75it/s, S=0.6202, loss=-0.5095]
Epoch 54/150 [train]:  35%|███▍      | 9/26 [00:00<00:00, 85.75it/s, S=0.6219, loss=-0.5224]
Epoch 54/150 [train]:  35%|███▍      | 9/26 [00:00<00:00, 85.75it/s, S=0.6179, loss=-0.5185]
Epoch 54/150 [train]:  35%|███▍      | 9/26 [00:00<00:00, 85.75it/s, S=0.6254, loss=-0.5198]
Epoch 54/150 [train]:  35%|███▍      | 9/26 [00:00<00:00, 85.75it/s, S=0.6230, loss=-0.5260]
Epoch 54/150 [train]:  35%|███▍      | 9/26 [00:00<00:00, 85.75it/s, S=0.6151, loss=-0.5188]
Epoch 54/150 [train]:  35%|███▍      | 9/26 [00:00<00:00, 85.75it/s, S=0.6239, loss=-0.5249]
Epoch 54/150 [train]:  35%|███▍      | 9/26 [00:00<00:00, 85.75it/s, S=0.6295, loss=-0.5320]
Epoch 54/150 [train]:  69%|██████▉   | 18/26 [00:00<00:00, 86.03it/s, S=0.6295, loss=-0.5320]
Epoch 54/150 [train]:  69%|██████▉   | 18/26 [00:00<00:00, 86.03it/s, S=0.6271, loss=-0.5294]
Epoch 54/150 [train]:  69%|██████▉   | 18/26 [00:00<00:00, 86.03it/s, S=0.6233, loss=-0.5253]
Epoch 54/150 [train]:  69%|██████▉   | 18/26 [00:00<00:00, 86.03it/s, S=0.6246, loss=-0.5271]
Epoch 54/150 [train]:  69%|██████▉   | 18/26 [00:00<00:00, 86.03it/s, S=0.6381, loss=-0.5358]
Epoch 54/150 [train]:  69%|██████▉   | 18/26 [00:00<00:00, 86.03it/s, S=0.6142, loss=-0.5168]
Epoch 54/150 [train]:  69%|██████▉   | 18/26 [00:00<00:00, 86.03it/s, S=0.6074, loss=-0.5002]
Epoch 54/150 [train]:  69%|██████▉   | 18/26 [00:00<00:00, 86.03it/s, S=0.6163, loss=-0.5146]
Epoch 54/150 [train]:  69%|██████▉   | 18/26 [00:00<00:00, 86.03it/s, S=0.6258, loss=-0.5305]
                                                                                             
Epoch  54/150  train loss=-0.5205  val loss=-0.5096  S[mean]=0.6120  ζ=0.4611  mean_plane_ζ=0.4322  reg=0.1024  λscale=1.00  lr=1.73e-04

Epoch 55/150 [train]:   0%|          | 0/26 [00:00<?, ?it/s]
Epoch 55/150 [train]:   0%|          | 0/26 [00:00<?, ?it/s, S=0.6285, loss=-0.5263]
Epoch 55/150 [train]:   0%|          | 0/26 [00:00<?, ?it/s, S=0.6275, loss=-0.5306]
Epoch 55/150 [train]:   0%|          | 0/26 [00:00<?, ?it/s, S=0.6245, loss=-0.5042]
Epoch 55/150 [train]:   0%|          | 0/26 [00:00<?, ?it/s, S=0.6195, loss=-0.5155]
Epoch 55/150 [train]:   0%|          | 0/26 [00:00<?, ?it/s, S=0.6157, loss=-0.5130]
Epoch 55/150 [train]:   0%|          | 0/26 [00:00<?, ?it/s, S=0.6186, loss=-0.5152]
Epoch 55/150 [train]:   0%|          | 0/26 [00:00<?, ?it/s, S=0.6143, loss=-0.5118]
Epoch 55/150 [train]:   0%|          | 0/26 [00:00<?, ?it/s, S=0.6295, loss=-0.5311]
Epoch 55/150 [train]:   0%|          | 0/26 [00:00<?, ?it/s, S=0.6229, loss=-0.5211]
Epoch 55/150 [train]:  35%|███▍      | 9/26 [00:00<00:00, 85.71it/s, S=0.6229, loss=-0.5211]
Epoch 55/150 [train]:  35%|███▍      | 9/26 [00:00<00:00, 85.71it/s, S=0.6187, loss=-0.5207]
Epoch 55/150 [train]:  35%|███▍      | 9/26 [00:00<00:00, 85.71it/s, S=0.6329, loss=-0.5319]
Epoch 55/150 [train]:  35%|███▍      | 9/26 [00:00<00:00, 85.71it/s, S=0.6180, loss=-0.5187]
Epoch 55/150 [train]:  35%|███▍      | 9/26 [00:00<00:00, 85.71it/s, S=0.6204, loss=-0.5246]
Epoch 55/150 [train]:  35%|███▍      | 9/26 [00:00<00:00, 85.71it/s, S=0.6231, loss=-0.5227]
Epoch 55/150 [train]:  35%|███▍      | 9/26 [00:00<00:00, 85.71it/s, S=0.6274, loss=-0.5296]
Epoch 55/150 [train]:  35%|███▍      | 9/26 [00:00<00:00, 85.71it/s, S=0.6247, loss=-0.5258]
Epoch 55/150 [train]:  35%|███▍      | 9/26 [00:00<00:00, 85.71it/s, S=0.6214, loss=-0.5191]
Epoch 55/150 [train]:  35%|███▍      | 9/26 [00:00<00:00, 85.71it/s, S=0.6239, loss=-0.5254]
Epoch 55/150 [train]:  69%|██████▉   | 18/26 [00:00<00:00, 86.25it/s, S=0.6239, loss=-0.5254]
Epoch 55/150 [train]:  69%|██████▉   | 18/26 [00:00<00:00, 86.25it/s, S=0.6232, loss=-0.5252]
Epoch 55/150 [train]:  69%|██████▉   | 18/26 [00:00<00:00, 86.25it/s, S=0.6214, loss=-0.5207]
Epoch 55/150 [train]:  69%|██████▉   | 18/26 [00:00<00:00, 86.25it/s, S=0.6326, loss=-0.5338]
Epoch 55/150 [train]:  69%|██████▉   | 18/26 [00:00<00:00, 86.25it/s, S=0.6301, loss=-0.5332]
Epoch 55/150 [train]:  69%|██████▉   | 18/26 [00:00<00:00, 86.25it/s, S=0.6234, loss=-0.5221]
Epoch 55/150 [train]:  69%|██████▉   | 18/26 [00:00<00:00, 86.25it/s, S=0.6039, loss=-0.5011]
Epoch 55/150 [train]:  69%|██████▉   | 18/26 [00:00<00:00, 86.25it/s, S=0.6292, loss=-0.5281]
Epoch 55/150 [train]:  69%|██████▉   | 18/26 [00:00<00:00, 86.25it/s, S=0.6202, loss=-0.5151]
                                                                                             
Epoch  55/150  train loss=-0.5218  val loss=-0.5104  S[mean]=0.6131  ζ=0.4615  mean_plane_ζ=0.4331  reg=0.1027  λscale=1.00  lr=1.54e-04

Epoch 56/150 [train]:   0%|          | 0/26 [00:00<?, ?it/s]
Epoch 56/150 [train]:   0%|          | 0/26 [00:00<?, ?it/s, S=0.6240, loss=-0.5228]
Epoch 56/150 [train]:   0%|          | 0/26 [00:00<?, ?it/s, S=0.6288, loss=-0.5315]
Epoch 56/150 [train]:   0%|          | 0/26 [00:00<?, ?it/s, S=0.6307, loss=-0.5320]
Epoch 56/150 [train]:   0%|          | 0/26 [00:00<?, ?it/s, S=0.6289, loss=-0.5277]
Epoch 56/150 [train]:   0%|          | 0/26 [00:00<?, ?it/s, S=0.6233, loss=-0.5246]
Epoch 56/150 [train]:   0%|          | 0/26 [00:00<?, ?it/s, S=0.6191, loss=-0.5214]
Epoch 56/150 [train]:   0%|          | 0/26 [00:00<?, ?it/s, S=0.6308, loss=-0.5335]
Epoch 56/150 [train]:   0%|          | 0/26 [00:00<?, ?it/s, S=0.6276, loss=-0.5283]
Epoch 56/150 [train]:   0%|          | 0/26 [00:00<?, ?it/s, S=0.6222, loss=-0.5231]
Epoch 56/150 [train]:  35%|███▍      | 9/26 [00:00<00:00, 85.40it/s, S=0.6222, loss=-0.5231]
Epoch 56/150 [train]:  35%|███▍      | 9/26 [00:00<00:00, 85.40it/s, S=0.6259, loss=-0.5264]
Epoch 56/150 [train]:  35%|███▍      | 9/26 [00:00<00:00, 85.40it/s, S=0.6205, loss=-0.5140]
Epoch 56/150 [train]:  35%|███▍      | 9/26 [00:00<00:00, 85.40it/s, S=0.6202, loss=-0.5184]
Epoch 56/150 [train]:  35%|███▍      | 9/26 [00:00<00:00, 85.40it/s, S=0.6234, loss=-0.5182]
Epoch 56/150 [train]:  35%|███▍      | 9/26 [00:00<00:00, 85.40it/s, S=0.6288, loss=-0.5251]
Epoch 56/150 [train]:  35%|███▍      | 9/26 [00:00<00:00, 85.40it/s, S=0.6179, loss=-0.5130]
Epoch 56/150 [train]:  35%|███▍      | 9/26 [00:00<00:00, 85.40it/s, S=0.6293, loss=-0.5308]
Epoch 56/150 [train]:  35%|███▍      | 9/26 [00:00<00:00, 85.40it/s, S=0.6297, loss=-0.5299]
Epoch 56/150 [train]:  35%|███▍      | 9/26 [00:00<00:00, 85.40it/s, S=0.6258, loss=-0.5247]
Epoch 56/150 [train]:  69%|██████▉   | 18/26 [00:00<00:00, 86.18it/s, S=0.6258, loss=-0.5247]
Epoch 56/150 [train]:  69%|██████▉   | 18/26 [00:00<00:00, 86.18it/s, S=0.6242, loss=-0.5118]
Epoch 56/150 [train]:  69%|██████▉   | 18/26 [00:00<00:00, 86.18it/s, S=0.6326, loss=-0.5355]
Epoch 56/150 [train]:  69%|██████▉   | 18/26 [00:00<00:00, 86.18it/s, S=0.6209, loss=-0.5212]
Epoch 56/150 [train]:  69%|██████▉   | 18/26 [00:00<00:00, 86.18it/s, S=0.6292, loss=-0.5323]
Epoch 56/150 [train]:  69%|██████▉   | 18/26 [00:00<00:00, 86.18it/s, S=0.6181, loss=-0.5111]
Epoch 56/150 [train]:  69%|██████▉   | 18/26 [00:00<00:00, 86.18it/s, S=0.6214, loss=-0.5168]
Epoch 56/150 [train]:  69%|██████▉   | 18/26 [00:00<00:00, 86.18it/s, S=0.6303, loss=-0.5262]
Epoch 56/150 [train]:  69%|██████▉   | 18/26 [00:00<00:00, 86.18it/s, S=0.6260, loss=-0.5223]
                                                                                             
Epoch  56/150  train loss=-0.5239  val loss=-0.5123  S[mean]=0.6147  ζ=0.4614  mean_plane_ζ=0.4339  reg=0.1024  λscale=1.00  lr=1.37e-04

Epoch 57/150 [train]:   0%|          | 0/26 [00:00<?, ?it/s]
Epoch 57/150 [train]:   0%|          | 0/26 [00:00<?, ?it/s, S=0.6171, loss=-0.5148]
Epoch 57/150 [train]:   0%|          | 0/26 [00:00<?, ?it/s, S=0.6189, loss=-0.5157]
Epoch 57/150 [train]:   0%|          | 0/26 [00:00<?, ?it/s, S=0.6282, loss=-0.5292]
Epoch 57/150 [train]:   0%|          | 0/26 [00:00<?, ?it/s, S=0.6092, loss=-0.4964]
Epoch 57/150 [train]:   0%|          | 0/26 [00:00<?, ?it/s, S=0.6287, loss=-0.5309]
Epoch 57/150 [train]:   0%|          | 0/26 [00:00<?, ?it/s, S=0.6298, loss=-0.5339]
Epoch 57/150 [train]:   0%|          | 0/26 [00:00<?, ?it/s, S=0.6290, loss=-0.5303]
Epoch 57/150 [train]:   0%|          | 0/26 [00:00<?, ?it/s, S=0.6258, loss=-0.5282]
Epoch 57/150 [train]:   0%|          | 0/26 [00:00<?, ?it/s, S=0.6321, loss=-0.5310]
Epoch 57/150 [train]:  35%|███▍      | 9/26 [00:00<00:00, 85.73it/s, S=0.6321, loss=-0.5310]
Epoch 57/150 [train]:  35%|███▍      | 9/26 [00:00<00:00, 85.73it/s, S=0.6345, loss=-0.5380]
Epoch 57/150 [train]:  35%|███▍      | 9/26 [00:00<00:00, 85.73it/s, S=0.6316, loss=-0.5333]
Epoch 57/150 [train]:  35%|███▍      | 9/26 [00:00<00:00, 85.73it/s, S=0.6258, loss=-0.5268]
Epoch 57/150 [train]:  35%|███▍      | 9/26 [00:00<00:00, 85.73it/s, S=0.6294, loss=-0.5264]
Epoch 57/150 [train]:  35%|███▍      | 9/26 [00:00<00:00, 85.73it/s, S=0.6198, loss=-0.5178]
Epoch 57/150 [train]:  35%|███▍      | 9/26 [00:00<00:00, 85.73it/s, S=0.6168, loss=-0.5114]
Epoch 57/150 [train]:  35%|███▍      | 9/26 [00:00<00:00, 85.73it/s, S=0.6272, loss=-0.5283]
Epoch 57/150 [train]:  35%|███▍      | 9/26 [00:00<00:00, 85.73it/s, S=0.6249, loss=-0.5241]
Epoch 57/150 [train]:  35%|███▍      | 9/26 [00:00<00:00, 85.73it/s, S=0.6326, loss=-0.5338]
Epoch 57/150 [train]:  69%|██████▉   | 18/26 [00:00<00:00, 86.15it/s, S=0.6326, loss=-0.5338]
Epoch 57/150 [train]:  69%|██████▉   | 18/26 [00:00<00:00, 86.15it/s, S=0.6393, loss=-0.5384]
Epoch 57/150 [train]:  69%|██████▉   | 18/26 [00:00<00:00, 86.15it/s, S=0.6223, loss=-0.5221]
Epoch 57/150 [train]:  69%|██████▉   | 18/26 [00:00<00:00, 86.15it/s, S=0.6267, loss=-0.5297]
Epoch 57/150 [train]:  69%|██████▉   | 18/26 [00:00<00:00, 86.15it/s, S=0.6298, loss=-0.5260]
Epoch 57/150 [train]:  69%|██████▉   | 18/26 [00:00<00:00, 86.15it/s, S=0.6315, loss=-0.5332]
Epoch 57/150 [train]:  69%|██████▉   | 18/26 [00:00<00:00, 86.15it/s, S=0.6333, loss=-0.5377]
Epoch 57/150 [train]:  69%|██████▉   | 18/26 [00:00<00:00, 86.15it/s, S=0.6370, loss=-0.5357]
Epoch 57/150 [train]:  69%|██████▉   | 18/26 [00:00<00:00, 86.15it/s, S=0.6266, loss=-0.5234]
                                                                                             
Epoch  57/150  train loss=-0.5268  val loss=-0.5131  S[mean]=0.6158  ζ=0.4613  mean_plane_ζ=0.4346  reg=0.1027  λscale=1.00  lr=1.19e-04

Epoch 58/150 [train]:   0%|          | 0/26 [00:00<?, ?it/s]
Epoch 58/150 [train]:   0%|          | 0/26 [00:00<?, ?it/s, S=0.6228, loss=-0.5212]
Epoch 58/150 [train]:   0%|          | 0/26 [00:00<?, ?it/s, S=0.6279, loss=-0.5298]
Epoch 58/150 [train]:   0%|          | 0/26 [00:00<?, ?it/s, S=0.6252, loss=-0.5233]
Epoch 58/150 [train]:   0%|          | 0/26 [00:00<?, ?it/s, S=0.6263, loss=-0.5243]
Epoch 58/150 [train]:   0%|          | 0/26 [00:00<?, ?it/s, S=0.6199, loss=-0.5106]
Epoch 58/150 [train]:   0%|          | 0/26 [00:00<?, ?it/s, S=0.6272, loss=-0.5306]
Epoch 58/150 [train]:   0%|          | 0/26 [00:00<?, ?it/s, S=0.6327, loss=-0.5357]
Epoch 58/150 [train]:   0%|          | 0/26 [00:00<?, ?it/s, S=0.6195, loss=-0.5206]
Epoch 58/150 [train]:   0%|          | 0/26 [00:00<?, ?it/s, S=0.6316, loss=-0.5304]
Epoch 58/150 [train]:  35%|███▍      | 9/26 [00:00<00:00, 85.87it/s, S=0.6316, loss=-0.5304]
Epoch 58/150 [train]:  35%|███▍      | 9/26 [00:00<00:00, 85.87it/s, S=0.6283, loss=-0.5268]
Epoch 58/150 [train]:  35%|███▍      | 9/26 [00:00<00:00, 85.87it/s, S=0.6237, loss=-0.5209]
Epoch 58/150 [train]:  35%|███▍      | 9/26 [00:00<00:00, 85.87it/s, S=0.6293, loss=-0.5210]
Epoch 58/150 [train]:  35%|███▍      | 9/26 [00:00<00:00, 85.87it/s, S=0.6325, loss=-0.5354]
Epoch 58/150 [train]:  35%|███▍      | 9/26 [00:00<00:00, 85.87it/s, S=0.6210, loss=-0.5130]
Epoch 58/150 [train]:  35%|███▍      | 9/26 [00:00<00:00, 85.87it/s, S=0.6312, loss=-0.5289]
Epoch 58/150 [train]:  35%|███▍      | 9/26 [00:00<00:00, 85.87it/s, S=0.6293, loss=-0.5297]
Epoch 58/150 [train]:  35%|███▍      | 9/26 [00:00<00:00, 85.87it/s, S=0.6347, loss=-0.5355]
Epoch 58/150 [train]:  35%|███▍      | 9/26 [00:00<00:00, 85.87it/s, S=0.6242, loss=-0.5280]
Epoch 58/150 [train]:  69%|██████▉   | 18/26 [00:00<00:00, 86.29it/s, S=0.6242, loss=-0.5280]
Epoch 58/150 [train]:  69%|██████▉   | 18/26 [00:00<00:00, 86.29it/s, S=0.6341, loss=-0.5336]
Epoch 58/150 [train]:  69%|██████▉   | 18/26 [00:00<00:00, 86.29it/s, S=0.6312, loss=-0.5309]
Epoch 58/150 [train]:  69%|██████▉   | 18/26 [00:00<00:00, 86.29it/s, S=0.6213, loss=-0.5171]
Epoch 58/150 [train]:  69%|██████▉   | 18/26 [00:00<00:00, 86.29it/s, S=0.6243, loss=-0.5223]
Epoch 58/150 [train]:  69%|██████▉   | 18/26 [00:00<00:00, 86.29it/s, S=0.6306, loss=-0.5301]
Epoch 58/150 [train]:  69%|██████▉   | 18/26 [00:00<00:00, 86.29it/s, S=0.6290, loss=-0.5292]
Epoch 58/150 [train]:  69%|██████▉   | 18/26 [00:00<00:00, 86.29it/s, S=0.6262, loss=-0.5274]
Epoch 58/150 [train]:  69%|██████▉   | 18/26 [00:00<00:00, 86.29it/s, S=0.6251, loss=-0.5230]
                                                                                             
Epoch  58/150  train loss=-0.5261  val loss=-0.5139  S[mean]=0.6171  ζ=0.4621  mean_plane_ζ=0.4360  reg=0.1032  λscale=1.00  lr=1.03e-04

Epoch 59/150 [train]:   0%|          | 0/26 [00:00<?, ?it/s]
Epoch 59/150 [train]:   0%|          | 0/26 [00:00<?, ?it/s, S=0.6391, loss=-0.5417]
Epoch 59/150 [train]:   0%|          | 0/26 [00:00<?, ?it/s, S=0.6231, loss=-0.5071]
Epoch 59/150 [train]:   0%|          | 0/26 [00:00<?, ?it/s, S=0.6273, loss=-0.5259]
Epoch 59/150 [train]:   0%|          | 0/26 [00:00<?, ?it/s, S=0.6246, loss=-0.5206]
Epoch 59/150 [train]:   0%|          | 0/26 [00:00<?, ?it/s, S=0.6323, loss=-0.5318]
Epoch 59/150 [train]:   0%|          | 0/26 [00:00<?, ?it/s, S=0.6348, loss=-0.5358]
Epoch 59/150 [train]:   0%|          | 0/26 [00:00<?, ?it/s, S=0.6157, loss=-0.5074]
Epoch 59/150 [train]:   0%|          | 0/26 [00:00<?, ?it/s, S=0.6360, loss=-0.5307]
Epoch 59/150 [train]:   0%|          | 0/26 [00:00<?, ?it/s, S=0.6281, loss=-0.5217]
Epoch 59/150 [train]:  35%|███▍      | 9/26 [00:00<00:00, 85.44it/s, S=0.6281, loss=-0.5217]
Epoch 59/150 [train]:  35%|███▍      | 9/26 [00:00<00:00, 85.44it/s, S=0.6244, loss=-0.5243]
Epoch 59/150 [train]:  35%|███▍      | 9/26 [00:00<00:00, 85.44it/s, S=0.6313, loss=-0.5308]
Epoch 59/150 [train]:  35%|███▍      | 9/26 [00:00<00:00, 85.44it/s, S=0.6292, loss=-0.5278]
Epoch 59/150 [train]:  35%|███▍      | 9/26 [00:00<00:00, 85.44it/s, S=0.6272, loss=-0.5246]
Epoch 59/150 [train]:  35%|███▍      | 9/26 [00:00<00:00, 85.44it/s, S=0.6399, loss=-0.5419]
Epoch 59/150 [train]:  35%|███▍      | 9/26 [00:00<00:00, 85.44it/s, S=0.6240, loss=-0.5236]
Epoch 59/150 [train]:  35%|███▍      | 9/26 [00:00<00:00, 85.44it/s, S=0.6331, loss=-0.5335]
Epoch 59/150 [train]:  35%|███▍      | 9/26 [00:00<00:00, 85.44it/s, S=0.6268, loss=-0.5141]
Epoch 59/150 [train]:  35%|███▍      | 9/26 [00:00<00:00, 85.44it/s, S=0.6251, loss=-0.5267]
Epoch 59/150 [train]:  69%|██████▉   | 18/26 [00:00<00:00, 85.98it/s, S=0.6251, loss=-0.5267]
Epoch 59/150 [train]:  69%|██████▉   | 18/26 [00:00<00:00, 85.98it/s, S=0.6367, loss=-0.5382]
Epoch 59/150 [train]:  69%|██████▉   | 18/26 [00:00<00:00, 85.98it/s, S=0.6306, loss=-0.5330]
Epoch 59/150 [train]:  69%|██████▉   | 18/26 [00:00<00:00, 85.98it/s, S=0.6390, loss=-0.5379]
Epoch 59/150 [train]:  69%|██████▉   | 18/26 [00:00<00:00, 85.98it/s, S=0.6301, loss=-0.5309]
Epoch 59/150 [train]:  69%|██████▉   | 18/26 [00:00<00:00, 85.98it/s, S=0.6355, loss=-0.5372]
Epoch 59/150 [train]:  69%|██████▉   | 18/26 [00:00<00:00, 85.98it/s, S=0.6260, loss=-0.5281]
Epoch 59/150 [train]:  69%|██████▉   | 18/26 [00:00<00:00, 85.98it/s, S=0.6341, loss=-0.5357]
Epoch 59/150 [train]:  69%|██████▉   | 18/26 [00:00<00:00, 85.98it/s, S=0.6395, loss=-0.5396]
                                                                                             
Epoch  59/150  train loss=-0.5289  val loss=-0.5149  S[mean]=0.6179  ζ=0.4616  mean_plane_ζ=0.4360  reg=0.1030  λscale=1.00  lr=8.76e-05

Epoch 60/150 [train]:   0%|          | 0/26 [00:00<?, ?it/s]
Epoch 60/150 [train]:   0%|          | 0/26 [00:00<?, ?it/s, S=0.6379, loss=-0.5377]
Epoch 60/150 [train]:   0%|          | 0/26 [00:00<?, ?it/s, S=0.6348, loss=-0.5287]
Epoch 60/150 [train]:   0%|          | 0/26 [00:00<?, ?it/s, S=0.6320, loss=-0.5296]
Epoch 60/150 [train]:   0%|          | 0/26 [00:00<?, ?it/s, S=0.6355, loss=-0.5382]
Epoch 60/150 [train]:   0%|          | 0/26 [00:00<?, ?it/s, S=0.6363, loss=-0.5380]
Epoch 60/150 [train]:   0%|          | 0/26 [00:00<?, ?it/s, S=0.6260, loss=-0.5268]
Epoch 60/150 [train]:   0%|          | 0/26 [00:00<?, ?it/s, S=0.6324, loss=-0.5326]
Epoch 60/150 [train]:   0%|          | 0/26 [00:00<?, ?it/s, S=0.6318, loss=-0.5289]
Epoch 60/150 [train]:   0%|          | 0/26 [00:00<?, ?it/s, S=0.6148, loss=-0.5110]
Epoch 60/150 [train]:  35%|███▍      | 9/26 [00:00<00:00, 85.70it/s, S=0.6148, loss=-0.5110]
Epoch 60/150 [train]:  35%|███▍      | 9/26 [00:00<00:00, 85.70it/s, S=0.6275, loss=-0.5251]
Epoch 60/150 [train]:  35%|███▍      | 9/26 [00:00<00:00, 85.70it/s, S=0.6274, loss=-0.5246]
Epoch 60/150 [train]:  35%|███▍      | 9/26 [00:00<00:00, 85.70it/s, S=0.6301, loss=-0.5263]
Epoch 60/150 [train]:  35%|███▍      | 9/26 [00:00<00:00, 85.70it/s, S=0.6305, loss=-0.5280]
Epoch 60/150 [train]:  35%|███▍      | 9/26 [00:00<00:00, 85.70it/s, S=0.6212, loss=-0.5187]
Epoch 60/150 [train]:  35%|███▍      | 9/26 [00:00<00:00, 85.70it/s, S=0.6374, loss=-0.5378]
Epoch 60/150 [train]:  35%|███▍      | 9/26 [00:00<00:00, 85.70it/s, S=0.6215, loss=-0.5205]
Epoch 60/150 [train]:  35%|███▍      | 9/26 [00:00<00:00, 85.70it/s, S=0.6286, loss=-0.5185]
Epoch 60/150 [train]:  35%|███▍      | 9/26 [00:00<00:00, 85.70it/s, S=0.6243, loss=-0.5230]
Epoch 60/150 [train]:  69%|██████▉   | 18/26 [00:00<00:00, 86.22it/s, S=0.6243, loss=-0.5230]
Epoch 60/150 [train]:  69%|██████▉   | 18/26 [00:00<00:00, 86.22it/s, S=0.6286, loss=-0.5279]
Epoch 60/150 [train]:  69%|██████▉   | 18/26 [00:00<00:00, 86.22it/s, S=0.6154, loss=-0.5097]
Epoch 60/150 [train]:  69%|██████▉   | 18/26 [00:00<00:00, 86.22it/s, S=0.6318, loss=-0.5313]
Epoch 60/150 [train]:  69%|██████▉   | 18/26 [00:00<00:00, 86.22it/s, S=0.6313, loss=-0.5277]
Epoch 60/150 [train]:  69%|██████▉   | 18/26 [00:00<00:00, 86.22it/s, S=0.6355, loss=-0.5324]
Epoch 60/150 [train]:  69%|██████▉   | 18/26 [00:00<00:00, 86.22it/s, S=0.6367, loss=-0.5313]
Epoch 60/150 [train]:  69%|██████▉   | 18/26 [00:00<00:00, 86.22it/s, S=0.6375, loss=-0.5382]
Epoch 60/150 [train]:  69%|██████▉   | 18/26 [00:00<00:00, 86.22it/s, S=0.6416, loss=-0.5431]
                                                                                             
Epoch  60/150  train loss=-0.5283  val loss=-0.5160  S[mean]=0.6191  ζ=0.4622  mean_plane_ζ=0.4371  reg=0.1031  λscale=1.00  lr=7.32e-05

Epoch 61/150 [train]:   0%|          | 0/26 [00:00<?, ?it/s]
Epoch 61/150 [train]:   0%|          | 0/26 [00:00<?, ?it/s, S=0.6481, loss=-0.5477]
Epoch 61/150 [train]:   0%|          | 0/26 [00:00<?, ?it/s, S=0.6332, loss=-0.5209]
Epoch 61/150 [train]:   0%|          | 0/26 [00:00<?, ?it/s, S=0.6366, loss=-0.5322]
Epoch 61/150 [train]:   0%|          | 0/26 [00:00<?, ?it/s, S=0.6298, loss=-0.5287]
Epoch 61/150 [train]:   0%|          | 0/26 [00:00<?, ?it/s, S=0.6396, loss=-0.5400]
Epoch 61/150 [train]:   0%|          | 0/26 [00:00<?, ?it/s, S=0.6347, loss=-0.5338]
Epoch 61/150 [train]:   0%|          | 0/26 [00:00<?, ?it/s, S=0.6311, loss=-0.5281]
Epoch 61/150 [train]:   0%|          | 0/26 [00:00<?, ?it/s, S=0.6404, loss=-0.5401]
Epoch 61/150 [train]:   0%|          | 0/26 [00:00<?, ?it/s, S=0.6354, loss=-0.5401]
Epoch 61/150 [train]:  35%|███▍      | 9/26 [00:00<00:00, 85.72it/s, S=0.6354, loss=-0.5401]
Epoch 61/150 [train]:  35%|███▍      | 9/26 [00:00<00:00, 85.72it/s, S=0.6336, loss=-0.5352]
Epoch 61/150 [train]:  35%|███▍      | 9/26 [00:00<00:00, 85.72it/s, S=0.6211, loss=-0.5208]
Epoch 61/150 [train]:  35%|███▍      | 9/26 [00:00<00:00, 85.72it/s, S=0.6290, loss=-0.5296]
Epoch 61/150 [train]:  35%|███▍      | 9/26 [00:00<00:00, 85.72it/s, S=0.6307, loss=-0.5285]
Epoch 61/150 [train]:  35%|███▍      | 9/26 [00:00<00:00, 85.72it/s, S=0.6311, loss=-0.5283]
Epoch 61/150 [train]:  35%|███▍      | 9/26 [00:00<00:00, 85.72it/s, S=0.6234, loss=-0.5230]
Epoch 61/150 [train]:  35%|███▍      | 9/26 [00:00<00:00, 85.72it/s, S=0.6345, loss=-0.5337]
Epoch 61/150 [train]:  35%|███▍      | 9/26 [00:00<00:00, 85.72it/s, S=0.6303, loss=-0.5300]
Epoch 61/150 [train]:  35%|███▍      | 9/26 [00:00<00:00, 85.72it/s, S=0.6253, loss=-0.5266]
Epoch 61/150 [train]:  69%|██████▉   | 18/26 [00:00<00:00, 86.24it/s, S=0.6253, loss=-0.5266]
Epoch 61/150 [train]:  69%|██████▉   | 18/26 [00:00<00:00, 86.24it/s, S=0.6354, loss=-0.5337]
Epoch 61/150 [train]:  69%|██████▉   | 18/26 [00:00<00:00, 86.24it/s, S=0.6270, loss=-0.5286]
Epoch 61/150 [train]:  69%|██████▉   | 18/26 [00:00<00:00, 86.24it/s, S=0.6382, loss=-0.5411]
Epoch 61/150 [train]:  69%|██████▉   | 18/26 [00:00<00:00, 86.24it/s, S=0.6376, loss=-0.5378]
Epoch 61/150 [train]:  69%|██████▉   | 18/26 [00:00<00:00, 86.24it/s, S=0.6404, loss=-0.5434]
Epoch 61/150 [train]:  69%|██████▉   | 18/26 [00:00<00:00, 86.24it/s, S=0.6287, loss=-0.5253]
Epoch 61/150 [train]:  69%|██████▉   | 18/26 [00:00<00:00, 86.24it/s, S=0.6315, loss=-0.5311]
Epoch 61/150 [train]:  69%|██████▉   | 18/26 [00:00<00:00, 86.24it/s, S=0.6308, loss=-0.5325]
                                                                                             
Epoch  61/150  train loss=-0.5323  val loss=-0.5164  S[mean]=0.6198  ζ=0.4621  mean_plane_ζ=0.4373  reg=0.1034  λscale=1.00  lr=5.99e-05

Epoch 62/150 [train]:   0%|          | 0/26 [00:00<?, ?it/s]
Epoch 62/150 [train]:   0%|          | 0/26 [00:00<?, ?it/s, S=0.6452, loss=-0.5434]
Epoch 62/150 [train]:   0%|          | 0/26 [00:00<?, ?it/s, S=0.6311, loss=-0.5322]
Epoch 62/150 [train]:   0%|          | 0/26 [00:00<?, ?it/s, S=0.6330, loss=-0.5330]
Epoch 62/150 [train]:   0%|          | 0/26 [00:00<?, ?it/s, S=0.6381, loss=-0.5415]
Epoch 62/150 [train]:   0%|          | 0/26 [00:00<?, ?it/s, S=0.6367, loss=-0.5360]
Epoch 62/150 [train]:   0%|          | 0/26 [00:00<?, ?it/s, S=0.6415, loss=-0.5428]
Epoch 62/150 [train]:   0%|          | 0/26 [00:00<?, ?it/s, S=0.6372, loss=-0.5371]
Epoch 62/150 [train]:   0%|          | 0/26 [00:00<?, ?it/s, S=0.6289, loss=-0.5321]
Epoch 62/150 [train]:   0%|          | 0/26 [00:00<?, ?it/s, S=0.6442, loss=-0.5417]
Epoch 62/150 [train]:  35%|███▍      | 9/26 [00:00<00:00, 85.84it/s, S=0.6442, loss=-0.5417]
Epoch 62/150 [train]:  35%|███▍      | 9/26 [00:00<00:00, 85.84it/s, S=0.6303, loss=-0.5319]
Epoch 62/150 [train]:  35%|███▍      | 9/26 [00:00<00:00, 85.84it/s, S=0.6411, loss=-0.5391]
Epoch 62/150 [train]:  35%|███▍      | 9/26 [00:00<00:00, 85.84it/s, S=0.6299, loss=-0.5277]
Epoch 62/150 [train]:  35%|███▍      | 9/26 [00:00<00:00, 85.84it/s, S=0.6399, loss=-0.5388]
Epoch 62/150 [train]:  35%|███▍      | 9/26 [00:00<00:00, 85.84it/s, S=0.6348, loss=-0.5369]
Epoch 62/150 [train]:  35%|███▍      | 9/26 [00:00<00:00, 85.84it/s, S=0.6279, loss=-0.5303]
Epoch 62/150 [train]:  35%|███▍      | 9/26 [00:00<00:00, 85.84it/s, S=0.6303, loss=-0.5285]
Epoch 62/150 [train]:  35%|███▍      | 9/26 [00:00<00:00, 85.84it/s, S=0.6277, loss=-0.5290]
Epoch 62/150 [train]:  35%|███▍      | 9/26 [00:00<00:00, 85.84it/s, S=0.6360, loss=-0.5375]
Epoch 62/150 [train]:  69%|██████▉   | 18/26 [00:00<00:00, 86.32it/s, S=0.6360, loss=-0.5375]
Epoch 62/150 [train]:  69%|██████▉   | 18/26 [00:00<00:00, 86.32it/s, S=0.6328, loss=-0.5304]
Epoch 62/150 [train]:  69%|██████▉   | 18/26 [00:00<00:00, 86.32it/s, S=0.6148, loss=-0.5072]
Epoch 62/150 [train]:  69%|██████▉   | 18/26 [00:00<00:00, 86.32it/s, S=0.6383, loss=-0.5383]
Epoch 62/150 [train]:  69%|██████▉   | 18/26 [00:00<00:00, 86.32it/s, S=0.6280, loss=-0.5225]
Epoch 62/150 [train]:  69%|██████▉   | 18/26 [00:00<00:00, 86.32it/s, S=0.6350, loss=-0.5359]
Epoch 62/150 [train]:  69%|██████▉   | 18/26 [00:00<00:00, 86.32it/s, S=0.6326, loss=-0.5373]
Epoch 62/150 [train]:  69%|██████▉   | 18/26 [00:00<00:00, 86.32it/s, S=0.6280, loss=-0.5221]
Epoch 62/150 [train]:  69%|██████▉   | 18/26 [00:00<00:00, 86.32it/s, S=0.6292, loss=-0.5244]
                                                                                             
Epoch  62/150  train loss=-0.5330  val loss=-0.5172  S[mean]=0.6206  ζ=0.4626  mean_plane_ζ=0.4378  reg=0.1034  λscale=1.00  lr=4.77e-05

Epoch 63/150 [train]:   0%|          | 0/26 [00:00<?, ?it/s]
Epoch 63/150 [train]:   0%|          | 0/26 [00:00<?, ?it/s, S=0.6387, loss=-0.5406]
Epoch 63/150 [train]:   0%|          | 0/26 [00:00<?, ?it/s, S=0.6390, loss=-0.5413]
Epoch 63/150 [train]:   0%|          | 0/26 [00:00<?, ?it/s, S=0.6341, loss=-0.5334]
Epoch 63/150 [train]:   0%|          | 0/26 [00:00<?, ?it/s, S=0.6413, loss=-0.5403]
Epoch 63/150 [train]:   0%|          | 0/26 [00:00<?, ?it/s, S=0.6349, loss=-0.5304]
Epoch 63/150 [train]:   0%|          | 0/26 [00:00<?, ?it/s, S=0.6322, loss=-0.5356]
Epoch 63/150 [train]:   0%|          | 0/26 [00:00<?, ?it/s, S=0.6378, loss=-0.5322]
Epoch 63/150 [train]:   0%|          | 0/26 [00:00<?, ?it/s, S=0.6273, loss=-0.5289]
Epoch 63/150 [train]:   0%|          | 0/26 [00:00<?, ?it/s, S=0.6372, loss=-0.5347]
Epoch 63/150 [train]:  35%|███▍      | 9/26 [00:00<00:00, 85.72it/s, S=0.6372, loss=-0.5347]
Epoch 63/150 [train]:  35%|███▍      | 9/26 [00:00<00:00, 85.72it/s, S=0.6417, loss=-0.5434]
Epoch 63/150 [train]:  35%|███▍      | 9/26 [00:00<00:00, 85.72it/s, S=0.6386, loss=-0.5414]
Epoch 63/150 [train]:  35%|███▍      | 9/26 [00:00<00:00, 85.72it/s, S=0.6352, loss=-0.5355]
Epoch 63/150 [train]:  35%|███▍      | 9/26 [00:00<00:00, 85.72it/s, S=0.6248, loss=-0.5206]
Epoch 63/150 [train]:  35%|███▍      | 9/26 [00:00<00:00, 85.72it/s, S=0.6228, loss=-0.5162]
Epoch 63/150 [train]:  35%|███▍      | 9/26 [00:00<00:00, 85.72it/s, S=0.6337, loss=-0.5332]
Epoch 63/150 [train]:  35%|███▍      | 9/26 [00:00<00:00, 85.72it/s, S=0.6363, loss=-0.5388]
Epoch 63/150 [train]:  35%|███▍      | 9/26 [00:00<00:00, 85.72it/s, S=0.6386, loss=-0.5370]
Epoch 63/150 [train]:  35%|███▍      | 9/26 [00:00<00:00, 85.72it/s, S=0.6376, loss=-0.5398]
Epoch 63/150 [train]:  69%|██████▉   | 18/26 [00:00<00:00, 86.00it/s, S=0.6376, loss=-0.5398]
Epoch 63/150 [train]:  69%|██████▉   | 18/26 [00:00<00:00, 86.00it/s, S=0.6293, loss=-0.5259]
Epoch 63/150 [train]:  69%|██████▉   | 18/26 [00:00<00:00, 86.00it/s, S=0.6339, loss=-0.5312]
Epoch 63/150 [train]:  69%|██████▉   | 18/26 [00:00<00:00, 86.00it/s, S=0.6271, loss=-0.5268]
Epoch 63/150 [train]:  69%|██████▉   | 18/26 [00:00<00:00, 86.00it/s, S=0.6404, loss=-0.5430]
Epoch 63/150 [train]:  69%|██████▉   | 18/26 [00:00<00:00, 86.00it/s, S=0.6375, loss=-0.5380]
Epoch 63/150 [train]:  69%|██████▉   | 18/26 [00:00<00:00, 86.00it/s, S=0.6286, loss=-0.5294]
Epoch 63/150 [train]:  69%|██████▉   | 18/26 [00:00<00:00, 86.00it/s, S=0.6335, loss=-0.5341]
Epoch 63/150 [train]:  69%|██████▉   | 18/26 [00:00<00:00, 86.00it/s, S=0.6380, loss=-0.5358]
                                                                                             
Epoch  63/150  train loss=-0.5341  val loss=-0.5174  S[mean]=0.6208  ζ=0.4622  mean_plane_ζ=0.4377  reg=0.1034  λscale=1.00  lr=3.68e-05

Epoch 64/150 [train]:   0%|          | 0/26 [00:00<?, ?it/s]
Epoch 64/150 [train]:   0%|          | 0/26 [00:00<?, ?it/s, S=0.6293, loss=-0.5251]
Epoch 64/150 [train]:   0%|          | 0/26 [00:00<?, ?it/s, S=0.6392, loss=-0.5404]
Epoch 64/150 [train]:   0%|          | 0/26 [00:00<?, ?it/s, S=0.6358, loss=-0.5352]
Epoch 64/150 [train]:   0%|          | 0/26 [00:00<?, ?it/s, S=0.6395, loss=-0.5392]
Epoch 64/150 [train]:   0%|          | 0/26 [00:00<?, ?it/s, S=0.6318, loss=-0.5306]
Epoch 64/150 [train]:   0%|          | 0/26 [00:00<?, ?it/s, S=0.6227, loss=-0.5224]
Epoch 64/150 [train]:   0%|          | 0/26 [00:00<?, ?it/s, S=0.6314, loss=-0.5305]
Epoch 64/150 [train]:   0%|          | 0/26 [00:00<?, ?it/s, S=0.6372, loss=-0.5378]
Epoch 64/150 [train]:   0%|          | 0/26 [00:00<?, ?it/s, S=0.6418, loss=-0.5449]
Epoch 64/150 [train]:  35%|███▍      | 9/26 [00:00<00:00, 85.74it/s, S=0.6418, loss=-0.5449]
Epoch 64/150 [train]:  35%|███▍      | 9/26 [00:00<00:00, 85.74it/s, S=0.6427, loss=-0.5434]
Epoch 64/150 [train]:  35%|███▍      | 9/26 [00:00<00:00, 85.74it/s, S=0.6353, loss=-0.5378]
Epoch 64/150 [train]:  35%|███▍      | 9/26 [00:00<00:00, 85.74it/s, S=0.6287, loss=-0.5229]
Epoch 64/150 [train]:  35%|███▍      | 9/26 [00:00<00:00, 85.74it/s, S=0.6345, loss=-0.5336]
Epoch 64/150 [train]:  35%|███▍      | 9/26 [00:00<00:00, 85.74it/s, S=0.6379, loss=-0.5365]
Epoch 64/150 [train]:  35%|███▍      | 9/26 [00:00<00:00, 85.74it/s, S=0.6374, loss=-0.5249]
Epoch 64/150 [train]:  35%|███▍      | 9/26 [00:00<00:00, 85.74it/s, S=0.6383, loss=-0.5393]
Epoch 64/150 [train]:  35%|███▍      | 9/26 [00:00<00:00, 85.74it/s, S=0.6356, loss=-0.5328]
Epoch 64/150 [train]:  35%|███▍      | 9/26 [00:00<00:00, 85.74it/s, S=0.6319, loss=-0.5295]
Epoch 64/150 [train]:  69%|██████▉   | 18/26 [00:00<00:00, 85.91it/s, S=0.6319, loss=-0.5295]
Epoch 64/150 [train]:  69%|██████▉   | 18/26 [00:00<00:00, 85.91it/s, S=0.6422, loss=-0.5374]
Epoch 64/150 [train]:  69%|██████▉   | 18/26 [00:00<00:00, 85.91it/s, S=0.6302, loss=-0.5319]
Epoch 64/150 [train]:  69%|██████▉   | 18/26 [00:00<00:00, 85.91it/s, S=0.6324, loss=-0.5345]
Epoch 64/150 [train]:  69%|██████▉   | 18/26 [00:00<00:00, 85.91it/s, S=0.6331, loss=-0.5338]
Epoch 64/150 [train]:  69%|██████▉   | 18/26 [00:00<00:00, 85.91it/s, S=0.6331, loss=-0.5358]
Epoch 64/150 [train]:  69%|██████▉   | 18/26 [00:00<00:00, 85.91it/s, S=0.6247, loss=-0.5157]
Epoch 64/150 [train]:  69%|██████▉   | 18/26 [00:00<00:00, 85.91it/s, S=0.6371, loss=-0.5368]
Epoch 64/150 [train]:  69%|██████▉   | 18/26 [00:00<00:00, 85.91it/s, S=0.6235, loss=-0.5240]
                                                                                             
Epoch  64/150  train loss=-0.5330  val loss=-0.5177  S[mean]=0.6212  ζ=0.4624  mean_plane_ζ=0.4379  reg=0.1035  λscale=1.00  lr=2.72e-05

Epoch 65/150 [train]:   0%|          | 0/26 [00:00<?, ?it/s]
Epoch 65/150 [train]:   0%|          | 0/26 [00:00<?, ?it/s, S=0.6330, loss=-0.5338]
Epoch 65/150 [train]:   0%|          | 0/26 [00:00<?, ?it/s, S=0.6385, loss=-0.5395]
Epoch 65/150 [train]:   0%|          | 0/26 [00:00<?, ?it/s, S=0.6378, loss=-0.5412]
Epoch 65/150 [train]:   0%|          | 0/26 [00:00<?, ?it/s, S=0.6423, loss=-0.5402]
Epoch 65/150 [train]:   0%|          | 0/26 [00:00<?, ?it/s, S=0.6320, loss=-0.5345]
Epoch 65/150 [train]:   0%|          | 0/26 [00:00<?, ?it/s, S=0.6410, loss=-0.5333]
Epoch 65/150 [train]:   0%|          | 0/26 [00:00<?, ?it/s, S=0.6376, loss=-0.5308]
Epoch 65/150 [train]:   0%|          | 0/26 [00:00<?, ?it/s, S=0.6287, loss=-0.5214]
Epoch 65/150 [train]:   0%|          | 0/26 [00:00<?, ?it/s, S=0.6333, loss=-0.5344]
Epoch 65/150 [train]:  35%|███▍      | 9/26 [00:00<00:00, 85.73it/s, S=0.6333, loss=-0.5344]
Epoch 65/150 [train]:  35%|███▍      | 9/26 [00:00<00:00, 85.73it/s, S=0.6308, loss=-0.5228]
Epoch 65/150 [train]:  35%|███▍      | 9/26 [00:00<00:00, 85.73it/s, S=0.6321, loss=-0.5304]
Epoch 65/150 [train]:  35%|███▍      | 9/26 [00:00<00:00, 85.73it/s, S=0.6278, loss=-0.5253]
Epoch 65/150 [train]:  35%|███▍      | 9/26 [00:00<00:00, 85.73it/s, S=0.6315, loss=-0.5267]
Epoch 65/150 [train]:  35%|███▍      | 9/26 [00:00<00:00, 85.73it/s, S=0.6340, loss=-0.5244]
Epoch 65/150 [train]:  35%|███▍      | 9/26 [00:00<00:00, 85.73it/s, S=0.6404, loss=-0.5427]
Epoch 65/150 [train]:  35%|███▍      | 9/26 [00:00<00:00, 85.73it/s, S=0.6345, loss=-0.5348]
Epoch 65/150 [train]:  35%|███▍      | 9/26 [00:00<00:00, 85.73it/s, S=0.6268, loss=-0.5224]
Epoch 65/150 [train]:  35%|███▍      | 9/26 [00:00<00:00, 85.73it/s, S=0.6330, loss=-0.5329]
Epoch 65/150 [train]:  69%|██████▉   | 18/26 [00:00<00:00, 85.85it/s, S=0.6330, loss=-0.5329]
Epoch 65/150 [train]:  69%|██████▉   | 18/26 [00:00<00:00, 85.85it/s, S=0.6453, loss=-0.5394]
Epoch 65/150 [train]:  69%|██████▉   | 18/26 [00:00<00:00, 85.85it/s, S=0.6374, loss=-0.5357]
Epoch 65/150 [train]:  69%|██████▉   | 18/26 [00:00<00:00, 85.85it/s, S=0.6344, loss=-0.5365]
Epoch 65/150 [train]:  69%|██████▉   | 18/26 [00:00<00:00, 85.85it/s, S=0.6371, loss=-0.5398]
Epoch 65/150 [train]:  69%|██████▉   | 18/26 [00:00<00:00, 85.85it/s, S=0.6381, loss=-0.5382]
Epoch 65/150 [train]:  69%|██████▉   | 18/26 [00:00<00:00, 85.85it/s, S=0.6361, loss=-0.5353]
Epoch 65/150 [train]:  69%|██████▉   | 18/26 [00:00<00:00, 85.85it/s, S=0.6308, loss=-0.5286]
Epoch 65/150 [train]:  69%|██████▉   | 18/26 [00:00<00:00, 85.85it/s, S=0.6269, loss=-0.5210]
                                                                                             
Epoch  65/150  train loss=-0.5325  val loss=-0.5179  S[mean]=0.6214  ζ=0.4624  mean_plane_ζ=0.4380  reg=0.1035  λscale=1.00  lr=1.90e-05

Epoch 66/150 [train]:   0%|          | 0/26 [00:00<?, ?it/s]
Epoch 66/150 [train]:   0%|          | 0/26 [00:00<?, ?it/s, S=0.6392, loss=-0.5397]
Epoch 66/150 [train]:   0%|          | 0/26 [00:00<?, ?it/s, S=0.6253, loss=-0.5187]
Epoch 66/150 [train]:   0%|          | 0/26 [00:00<?, ?it/s, S=0.6251, loss=-0.5272]
Epoch 66/150 [train]:   0%|          | 0/26 [00:00<?, ?it/s, S=0.6377, loss=-0.5337]
Epoch 66/150 [train]:   0%|          | 0/26 [00:00<?, ?it/s, S=0.6354, loss=-0.5387]
Epoch 66/150 [train]:   0%|          | 0/26 [00:00<?, ?it/s, S=0.6341, loss=-0.5358]
Epoch 66/150 [train]:   0%|          | 0/26 [00:00<?, ?it/s, S=0.6351, loss=-0.5335]
Epoch 66/150 [train]:   0%|          | 0/26 [00:00<?, ?it/s, S=0.6299, loss=-0.5277]
Epoch 66/150 [train]:   0%|          | 0/26 [00:00<?, ?it/s, S=0.6414, loss=-0.5427]
Epoch 66/150 [train]:  35%|███▍      | 9/26 [00:00<00:00, 85.76it/s, S=0.6414, loss=-0.5427]
Epoch 66/150 [train]:  35%|███▍      | 9/26 [00:00<00:00, 85.76it/s, S=0.6445, loss=-0.5460]
Epoch 66/150 [train]:  35%|███▍      | 9/26 [00:00<00:00, 85.76it/s, S=0.6363, loss=-0.5361]
Epoch 66/150 [train]:  35%|███▍      | 9/26 [00:00<00:00, 85.76it/s, S=0.6355, loss=-0.5357]
Epoch 66/150 [train]:  35%|███▍      | 9/26 [00:00<00:00, 85.76it/s, S=0.6258, loss=-0.5302]
Epoch 66/150 [train]:  35%|███▍      | 9/26 [00:00<00:00, 85.76it/s, S=0.6371, loss=-0.5385]
Epoch 66/150 [train]:  35%|███▍      | 9/26 [00:00<00:00, 85.76it/s, S=0.6354, loss=-0.5340]
Epoch 66/150 [train]:  35%|███▍      | 9/26 [00:00<00:00, 85.76it/s, S=0.6336, loss=-0.5343]
Epoch 66/150 [train]:  35%|███▍      | 9/26 [00:00<00:00, 85.76it/s, S=0.6477, loss=-0.5468]
Epoch 66/150 [train]:  35%|███▍      | 9/26 [00:00<00:00, 85.76it/s, S=0.6313, loss=-0.5252]
Epoch 66/150 [train]:  69%|██████▉   | 18/26 [00:00<00:00, 85.96it/s, S=0.6313, loss=-0.5252]
Epoch 66/150 [train]:  69%|██████▉   | 18/26 [00:00<00:00, 85.96it/s, S=0.6351, loss=-0.5378]
Epoch 66/150 [train]:  69%|██████▉   | 18/26 [00:00<00:00, 85.96it/s, S=0.6407, loss=-0.5439]
Epoch 66/150 [train]:  69%|██████▉   | 18/26 [00:00<00:00, 85.96it/s, S=0.6350, loss=-0.5285]
Epoch 66/150 [train]:  69%|██████▉   | 18/26 [00:00<00:00, 85.96it/s, S=0.6290, loss=-0.5206]
Epoch 66/150 [train]:  69%|██████▉   | 18/26 [00:00<00:00, 85.96it/s, S=0.6411, loss=-0.5377]
Epoch 66/150 [train]:  69%|██████▉   | 18/26 [00:00<00:00, 85.96it/s, S=0.6372, loss=-0.5386]
Epoch 66/150 [train]:  69%|██████▉   | 18/26 [00:00<00:00, 85.96it/s, S=0.6398, loss=-0.5367]
Epoch 66/150 [train]:  69%|██████▉   | 18/26 [00:00<00:00, 85.96it/s, S=0.6261, loss=-0.5213]
                                                                                             
Epoch  66/150  train loss=-0.5342  val loss=-0.5181  S[mean]=0.6216  ζ=0.4624  mean_plane_ζ=0.4381  reg=0.1035  λscale=1.00  lr=1.22e-05

Epoch 67/150 [train]:   0%|          | 0/26 [00:00<?, ?it/s]
Epoch 67/150 [train]:   0%|          | 0/26 [00:00<?, ?it/s, S=0.6311, loss=-0.5294]
Epoch 67/150 [train]:   0%|          | 0/26 [00:00<?, ?it/s, S=0.6348, loss=-0.5226]
Epoch 67/150 [train]:   0%|          | 0/26 [00:00<?, ?it/s, S=0.6416, loss=-0.5445]
Epoch 67/150 [train]:   0%|          | 0/26 [00:00<?, ?it/s, S=0.6224, loss=-0.5198]
Epoch 67/150 [train]:   0%|          | 0/26 [00:00<?, ?it/s, S=0.6458, loss=-0.5473]
Epoch 67/150 [train]:   0%|          | 0/26 [00:00<?, ?it/s, S=0.6279, loss=-0.5220]
Epoch 67/150 [train]:   0%|          | 0/26 [00:00<?, ?it/s, S=0.6419, loss=-0.5378]
Epoch 67/150 [train]:   0%|          | 0/26 [00:00<?, ?it/s, S=0.6275, loss=-0.5266]
Epoch 67/150 [train]:   0%|          | 0/26 [00:00<?, ?it/s, S=0.6227, loss=-0.5029]
Epoch 67/150 [train]:  35%|███▍      | 9/26 [00:00<00:00, 85.72it/s, S=0.6227, loss=-0.5029]
Epoch 67/150 [train]:  35%|███▍      | 9/26 [00:00<00:00, 85.72it/s, S=0.6403, loss=-0.5403]
Epoch 67/150 [train]:  35%|███▍      | 9/26 [00:00<00:00, 85.72it/s, S=0.6407, loss=-0.5400]
Epoch 67/150 [train]:  35%|███▍      | 9/26 [00:00<00:00, 85.72it/s, S=0.6306, loss=-0.5301]
Epoch 67/150 [train]:  35%|███▍      | 9/26 [00:00<00:00, 85.72it/s, S=0.6417, loss=-0.5453]
Epoch 67/150 [train]:  35%|███▍      | 9/26 [00:00<00:00, 85.72it/s, S=0.6159, loss=-0.5021]
Epoch 67/150 [train]:  35%|███▍      | 9/26 [00:00<00:00, 85.72it/s, S=0.6392, loss=-0.5353]
Epoch 67/150 [train]:  35%|███▍      | 9/26 [00:00<00:00, 85.72it/s, S=0.6240, loss=-0.5171]
Epoch 67/150 [train]:  35%|███▍      | 9/26 [00:00<00:00, 85.72it/s, S=0.6347, loss=-0.5347]
Epoch 67/150 [train]:  35%|███▍      | 9/26 [00:00<00:00, 85.72it/s, S=0.6394, loss=-0.5381]
Epoch 67/150 [train]:  69%|██████▉   | 18/26 [00:00<00:00, 85.82it/s, S=0.6394, loss=-0.5381]
Epoch 67/150 [train]:  69%|██████▉   | 18/26 [00:00<00:00, 85.82it/s, S=0.6469, loss=-0.5470]
Epoch 67/150 [train]:  69%|██████▉   | 18/26 [00:00<00:00, 85.82it/s, S=0.6420, loss=-0.5342]
Epoch 67/150 [train]:  69%|██████▉   | 18/26 [00:00<00:00, 85.82it/s, S=0.6392, loss=-0.5338]
Epoch 67/150 [train]:  69%|██████▉   | 18/26 [00:00<00:00, 85.82it/s, S=0.6290, loss=-0.5275]
Epoch 67/150 [train]:  69%|██████▉   | 18/26 [00:00<00:00, 85.82it/s, S=0.6257, loss=-0.5235]
Epoch 67/150 [train]:  69%|██████▉   | 18/26 [00:00<00:00, 85.82it/s, S=0.6401, loss=-0.5403]
Epoch 67/150 [train]:  69%|██████▉   | 18/26 [00:00<00:00, 85.82it/s, S=0.6345, loss=-0.5301]
Epoch 67/150 [train]:  69%|██████▉   | 18/26 [00:00<00:00, 85.82it/s, S=0.6133, loss=-0.5122]
                                                                                             
Epoch  67/150  train loss=-0.5302  val loss=-0.5182  S[mean]=0.6216  ζ=0.4624  mean_plane_ζ=0.4381  reg=0.1035  λscale=1.00  lr=6.91e-06

Epoch 68/150 [train]:   0%|          | 0/26 [00:00<?, ?it/s]
Epoch 68/150 [train]:   0%|          | 0/26 [00:00<?, ?it/s, S=0.6416, loss=-0.5412]
Epoch 68/150 [train]:   0%|          | 0/26 [00:00<?, ?it/s, S=0.6300, loss=-0.5274]
Epoch 68/150 [train]:   0%|          | 0/26 [00:00<?, ?it/s, S=0.6325, loss=-0.5334]
Epoch 68/150 [train]:   0%|          | 0/26 [00:00<?, ?it/s, S=0.6382, loss=-0.5400]
Epoch 68/150 [train]:   0%|          | 0/26 [00:00<?, ?it/s, S=0.6301, loss=-0.5302]
Epoch 68/150 [train]:   0%|          | 0/26 [00:00<?, ?it/s, S=0.6455, loss=-0.5419]
Epoch 68/150 [train]:   0%|          | 0/26 [00:00<?, ?it/s, S=0.6231, loss=-0.5222]
Epoch 68/150 [train]:   0%|          | 0/26 [00:00<?, ?it/s, S=0.6336, loss=-0.5341]
Epoch 68/150 [train]:   0%|          | 0/26 [00:00<?, ?it/s, S=0.6447, loss=-0.5467]
Epoch 68/150 [train]:  35%|███▍      | 9/26 [00:00<00:00, 85.97it/s, S=0.6447, loss=-0.5467]
Epoch 68/150 [train]:  35%|███▍      | 9/26 [00:00<00:00, 85.97it/s, S=0.6232, loss=-0.5193]
Epoch 68/150 [train]:  35%|███▍      | 9/26 [00:00<00:00, 85.97it/s, S=0.6391, loss=-0.5354]
Epoch 68/150 [train]:  35%|███▍      | 9/26 [00:00<00:00, 85.97it/s, S=0.6383, loss=-0.5409]
Epoch 68/150 [train]:  35%|███▍      | 9/26 [00:00<00:00, 85.97it/s, S=0.6331, loss=-0.5361]
Epoch 68/150 [train]:  35%|███▍      | 9/26 [00:00<00:00, 85.97it/s, S=0.6359, loss=-0.5360]
Epoch 68/150 [train]:  35%|███▍      | 9/26 [00:00<00:00, 85.97it/s, S=0.6331, loss=-0.5308]
Epoch 68/150 [train]:  35%|███▍      | 9/26 [00:00<00:00, 85.97it/s, S=0.6354, loss=-0.5307]
Epoch 68/150 [train]:  35%|███▍      | 9/26 [00:00<00:00, 85.97it/s, S=0.6237, loss=-0.5067]
Epoch 68/150 [train]:  35%|███▍      | 9/26 [00:00<00:00, 85.97it/s, S=0.6326, loss=-0.5327]
Epoch 68/150 [train]:  69%|██████▉   | 18/26 [00:00<00:00, 85.92it/s, S=0.6326, loss=-0.5327]
Epoch 68/150 [train]:  69%|██████▉   | 18/26 [00:00<00:00, 85.92it/s, S=0.6341, loss=-0.5340]
Epoch 68/150 [train]:  69%|██████▉   | 18/26 [00:00<00:00, 85.92it/s, S=0.6382, loss=-0.5395]
Epoch 68/150 [train]:  69%|██████▉   | 18/26 [00:00<00:00, 85.92it/s, S=0.6410, loss=-0.5361]
Epoch 68/150 [train]:  69%|██████▉   | 18/26 [00:00<00:00, 85.92it/s, S=0.6382, loss=-0.5372]
Epoch 68/150 [train]:  69%|██████▉   | 18/26 [00:00<00:00, 85.92it/s, S=0.6292, loss=-0.5323]
Epoch 68/150 [train]:  69%|██████▉   | 18/26 [00:00<00:00, 85.92it/s, S=0.6471, loss=-0.5480]
Epoch 68/150 [train]:  69%|██████▉   | 18/26 [00:00<00:00, 85.92it/s, S=0.6344, loss=-0.5345]
Epoch 68/150 [train]:  69%|██████▉   | 18/26 [00:00<00:00, 85.92it/s, S=0.6405, loss=-0.5407]
                                                                                             
Epoch  68/150  train loss=-0.5342  val loss=-0.5182  S[mean]=0.6217  ζ=0.4624  mean_plane_ζ=0.4381  reg=0.1034  λscale=1.00  lr=3.08e-06

Epoch 69/150 [train]:   0%|          | 0/26 [00:00<?, ?it/s]
Epoch 69/150 [train]:   0%|          | 0/26 [00:00<?, ?it/s, S=0.6421, loss=-0.5452]
Epoch 69/150 [train]:   0%|          | 0/26 [00:00<?, ?it/s, S=0.6428, loss=-0.5452]
Epoch 69/150 [train]:   0%|          | 0/26 [00:00<?, ?it/s, S=0.6324, loss=-0.5342]
Epoch 69/150 [train]:   0%|          | 0/26 [00:00<?, ?it/s, S=0.6354, loss=-0.5373]
Epoch 69/150 [train]:   0%|          | 0/26 [00:00<?, ?it/s, S=0.6390, loss=-0.5378]
Epoch 69/150 [train]:   0%|          | 0/26 [00:00<?, ?it/s, S=0.6351, loss=-0.5336]
Epoch 69/150 [train]:   0%|          | 0/26 [00:00<?, ?it/s, S=0.6411, loss=-0.5419]
Epoch 69/150 [train]:   0%|          | 0/26 [00:00<?, ?it/s, S=0.6359, loss=-0.5376]
Epoch 69/150 [train]:   0%|          | 0/26 [00:00<?, ?it/s, S=0.6389, loss=-0.5381]
Epoch 69/150 [train]:  35%|███▍      | 9/26 [00:00<00:00, 85.63it/s, S=0.6389, loss=-0.5381]
Epoch 69/150 [train]:  35%|███▍      | 9/26 [00:00<00:00, 85.63it/s, S=0.6410, loss=-0.5423]
Epoch 69/150 [train]:  35%|███▍      | 9/26 [00:00<00:00, 85.63it/s, S=0.6365, loss=-0.5365]
Epoch 69/150 [train]:  35%|███▍      | 9/26 [00:00<00:00, 85.63it/s, S=0.6329, loss=-0.5316]
Epoch 69/150 [train]:  35%|███▍      | 9/26 [00:00<00:00, 85.63it/s, S=0.6312, loss=-0.5313]
Epoch 69/150 [train]:  35%|███▍      | 9/26 [00:00<00:00, 85.63it/s, S=0.6158, loss=-0.5146]
Epoch 69/150 [train]:  35%|███▍      | 9/26 [00:00<00:00, 85.63it/s, S=0.6265, loss=-0.5134]
Epoch 69/150 [train]:  35%|███▍      | 9/26 [00:00<00:00, 85.63it/s, S=0.6339, loss=-0.5351]
Epoch 69/150 [train]:  35%|███▍      | 9/26 [00:00<00:00, 85.63it/s, S=0.6347, loss=-0.5352]
Epoch 69/150 [train]:  35%|███▍      | 9/26 [00:00<00:00, 85.63it/s, S=0.6355, loss=-0.5314]
Epoch 69/150 [train]:  69%|██████▉   | 18/26 [00:00<00:00, 85.95it/s, S=0.6355, loss=-0.5314]
Epoch 69/150 [train]:  69%|██████▉   | 18/26 [00:00<00:00, 85.95it/s, S=0.6299, loss=-0.5188]
Epoch 69/150 [train]:  69%|██████▉   | 18/26 [00:00<00:00, 85.95it/s, S=0.6466, loss=-0.5406]
Epoch 69/150 [train]:  69%|██████▉   | 18/26 [00:00<00:00, 85.95it/s, S=0.6385, loss=-0.5398]
Epoch 69/150 [train]:  69%|██████▉   | 18/26 [00:00<00:00, 85.95it/s, S=0.6294, loss=-0.5281]
Epoch 69/150 [train]:  69%|██████▉   | 18/26 [00:00<00:00, 85.95it/s, S=0.6359, loss=-0.5322]
Epoch 69/150 [train]:  69%|██████▉   | 18/26 [00:00<00:00, 85.95it/s, S=0.6457, loss=-0.5438]
Epoch 69/150 [train]:  69%|██████▉   | 18/26 [00:00<00:00, 85.95it/s, S=0.6375, loss=-0.5378]
Epoch 69/150 [train]:  69%|██████▉   | 18/26 [00:00<00:00, 85.95it/s, S=0.6382, loss=-0.5393]
                                                                                             
Epoch  69/150  train loss=-0.5347  val loss=-0.5182  S[mean]=0.6217  ζ=0.4624  mean_plane_ζ=0.4382  reg=0.1035  λscale=1.00  lr=7.71e-07

Epoch 70/150 [train]:   0%|          | 0/26 [00:00<?, ?it/s]
Epoch 70/150 [train]:   0%|          | 0/26 [00:00<?, ?it/s, S=0.6336, loss=-0.5348]
Epoch 70/150 [train]:   0%|          | 0/26 [00:00<?, ?it/s, S=0.6349, loss=-0.5343]
Epoch 70/150 [train]:   0%|          | 0/26 [00:00<?, ?it/s, S=0.6461, loss=-0.5442]
Epoch 70/150 [train]:   0%|          | 0/26 [00:00<?, ?it/s, S=0.6406, loss=-0.5373]
Epoch 70/150 [train]:   0%|          | 0/26 [00:00<?, ?it/s, S=0.6400, loss=-0.5392]
Epoch 70/150 [train]:   0%|          | 0/26 [00:00<?, ?it/s, S=0.6385, loss=-0.5308]
Epoch 70/150 [train]:   0%|          | 0/26 [00:00<?, ?it/s, S=0.6244, loss=-0.5195]
Epoch 70/150 [train]:   0%|          | 0/26 [00:00<?, ?it/s, S=0.6415, loss=-0.5411]
Epoch 70/150 [train]:   0%|          | 0/26 [00:00<?, ?it/s, S=0.6401, loss=-0.5391]
Epoch 70/150 [train]:  35%|███▍      | 9/26 [00:00<00:00, 85.75it/s, S=0.6401, loss=-0.5391]
Epoch 70/150 [train]:  35%|███▍      | 9/26 [00:00<00:00, 85.75it/s, S=0.6269, loss=-0.5260]
Epoch 70/150 [train]:  35%|███▍      | 9/26 [00:00<00:00, 85.75it/s, S=0.6303, loss=-0.5234]
Epoch 70/150 [train]:  35%|███▍      | 9/26 [00:00<00:00, 85.75it/s, S=0.6266, loss=-0.5202]
Epoch 70/150 [train]:  35%|███▍      | 9/26 [00:00<00:00, 85.75it/s, S=0.6409, loss=-0.5399]
Epoch 70/150 [train]:  35%|███▍      | 9/26 [00:00<00:00, 85.75it/s, S=0.6316, loss=-0.5312]
Epoch 70/150 [train]:  35%|███▍      | 9/26 [00:00<00:00, 85.75it/s, S=0.6367, loss=-0.5358]
Epoch 70/150 [train]:  35%|███▍      | 9/26 [00:00<00:00, 85.75it/s, S=0.6427, loss=-0.5461]
Epoch 70/150 [train]:  35%|███▍      | 9/26 [00:00<00:00, 85.75it/s, S=0.6346, loss=-0.5368]
Epoch 70/150 [train]:  35%|███▍      | 9/26 [00:00<00:00, 85.75it/s, S=0.6303, loss=-0.5280]
Epoch 70/150 [train]:  69%|██████▉   | 18/26 [00:00<00:00, 85.41it/s, S=0.6303, loss=-0.5280]
Epoch 70/150 [train]:  69%|██████▉   | 18/26 [00:00<00:00, 85.41it/s, S=0.6388, loss=-0.5380]
Epoch 70/150 [train]:  69%|██████▉   | 18/26 [00:00<00:00, 85.41it/s, S=0.6376, loss=-0.5352]
Epoch 70/150 [train]:  69%|██████▉   | 18/26 [00:00<00:00, 85.41it/s, S=0.6410, loss=-0.5420]
Epoch 70/150 [train]:  69%|██████▉   | 18/26 [00:00<00:00, 85.41it/s, S=0.6316, loss=-0.5314]
Epoch 70/150 [train]:  69%|██████▉   | 18/26 [00:00<00:00, 85.41it/s, S=0.6329, loss=-0.5355]
Epoch 70/150 [train]:  69%|██████▉   | 18/26 [00:00<00:00, 85.41it/s, S=0.6340, loss=-0.5346]
Epoch 70/150 [train]:  69%|██████▉   | 18/26 [00:00<00:00, 85.41it/s, S=0.6393, loss=-0.5409]
Epoch 70/150 [train]:  69%|██████▉   | 18/26 [00:00<00:00, 85.41it/s, S=0.6253, loss=-0.5261]
                                                                                             
Epoch  70/150  train loss=-0.5343  val loss=-0.5183  S[mean]=0.6217  ζ=0.4624  mean_plane_ζ=0.4382  reg=0.1035  λscale=1.00  lr=5.00e-04

Epoch 71/150 [train]:   0%|          | 0/26 [00:00<?, ?it/s]
Epoch 71/150 [train]:   0%|          | 0/26 [00:00<?, ?it/s, S=0.6314, loss=-0.5292]
Epoch 71/150 [train]:   0%|          | 0/26 [00:00<?, ?it/s, S=0.6366, loss=-0.5374]
Epoch 71/150 [train]:   0%|          | 0/26 [00:00<?, ?it/s, S=0.6372, loss=-0.5390]
Epoch 71/150 [train]:   0%|          | 0/26 [00:00<?, ?it/s, S=0.6333, loss=-0.5362]
Epoch 71/150 [train]:   0%|          | 0/26 [00:00<?, ?it/s, S=0.6250, loss=-0.5286]
Epoch 71/150 [train]:   0%|          | 0/26 [00:00<?, ?it/s, S=0.6347, loss=-0.5339]
Epoch 71/150 [train]:   0%|          | 0/26 [00:00<?, ?it/s, S=0.6295, loss=-0.5259]
Epoch 71/150 [train]:   0%|          | 0/26 [00:00<?, ?it/s, S=0.6306, loss=-0.5292]
Epoch 71/150 [train]:   0%|          | 0/26 [00:00<?, ?it/s, S=0.6358, loss=-0.5352]
Epoch 71/150 [train]:  35%|███▍      | 9/26 [00:00<00:00, 86.02it/s, S=0.6358, loss=-0.5352]
Epoch 71/150 [train]:  35%|███▍      | 9/26 [00:00<00:00, 86.02it/s, S=0.6352, loss=-0.5370]
Epoch 71/150 [train]:  35%|███▍      | 9/26 [00:00<00:00, 86.02it/s, S=0.6318, loss=-0.5195]
Epoch 71/150 [train]:  35%|███▍      | 9/26 [00:00<00:00, 86.02it/s, S=0.6395, loss=-0.5393]
Epoch 71/150 [train]:  35%|███▍      | 9/26 [00:00<00:00, 86.02it/s, S=0.6420, loss=-0.5422]
Epoch 71/150 [train]:  35%|███▍      | 9/26 [00:00<00:00, 86.02it/s, S=0.6401, loss=-0.5361]
Epoch 71/150 [train]:  35%|███▍      | 9/26 [00:00<00:00, 86.02it/s, S=0.6383, loss=-0.5355]
Epoch 71/150 [train]:  35%|███▍      | 9/26 [00:00<00:00, 86.02it/s, S=0.6388, loss=-0.5417]
Epoch 71/150 [train]:  35%|███▍      | 9/26 [00:00<00:00, 86.02it/s, S=0.6379, loss=-0.5367]
Epoch 71/150 [train]:  35%|███▍      | 9/26 [00:00<00:00, 86.02it/s, S=0.6344, loss=-0.5330]
Epoch 71/150 [train]:  69%|██████▉   | 18/26 [00:00<00:00, 86.10it/s, S=0.6344, loss=-0.5330]
Epoch 71/150 [train]:  69%|██████▉   | 18/26 [00:00<00:00, 86.10it/s, S=0.6366, loss=-0.5357]
Epoch 71/150 [train]:  69%|██████▉   | 18/26 [00:00<00:00, 86.10it/s, S=0.6333, loss=-0.5277]
Epoch 71/150 [train]:  69%|██████▉   | 18/26 [00:00<00:00, 86.10it/s, S=0.6381, loss=-0.5377]
Epoch 71/150 [train]:  69%|██████▉   | 18/26 [00:00<00:00, 86.10it/s, S=0.6285, loss=-0.5263]
Epoch 71/150 [train]:  69%|██████▉   | 18/26 [00:00<00:00, 86.10it/s, S=0.6329, loss=-0.5283]
Epoch 71/150 [train]:  69%|██████▉   | 18/26 [00:00<00:00, 86.10it/s, S=0.6370, loss=-0.5356]
Epoch 71/150 [train]:  69%|██████▉   | 18/26 [00:00<00:00, 86.10it/s, S=0.6353, loss=-0.5351]
Epoch 71/150 [train]:  69%|██████▉   | 18/26 [00:00<00:00, 86.10it/s, S=0.6220, loss=-0.5149]
                                                                                             
Epoch  71/150  train loss=-0.5330  val loss=-0.5189  S[mean]=0.6239  ζ=0.4618  mean_plane_ζ=0.4382  reg=0.1049  λscale=1.00  lr=5.00e-04

Epoch 72/150 [train]:   0%|          | 0/26 [00:00<?, ?it/s]
Epoch 72/150 [train]:   0%|          | 0/26 [00:00<?, ?it/s, S=0.6402, loss=-0.5310]
Epoch 72/150 [train]:   0%|          | 0/26 [00:00<?, ?it/s, S=0.6331, loss=-0.5269]
Epoch 72/150 [train]:   0%|          | 0/26 [00:00<?, ?it/s, S=0.6467, loss=-0.5431]
Epoch 72/150 [train]:   0%|          | 0/26 [00:00<?, ?it/s, S=0.6307, loss=-0.5271]
Epoch 72/150 [train]:   0%|          | 0/26 [00:00<?, ?it/s, S=0.6460, loss=-0.5439]
Epoch 72/150 [train]:   0%|          | 0/26 [00:00<?, ?it/s, S=0.6481, loss=-0.5466]
Epoch 72/150 [train]:   0%|          | 0/26 [00:00<?, ?it/s, S=0.6308, loss=-0.5297]
Epoch 72/150 [train]:   0%|          | 0/26 [00:00<?, ?it/s, S=0.6374, loss=-0.5385]
Epoch 72/150 [train]:   0%|          | 0/26 [00:00<?, ?it/s, S=0.6358, loss=-0.5381]
Epoch 72/150 [train]:  35%|███▍      | 9/26 [00:00<00:00, 85.90it/s, S=0.6358, loss=-0.5381]
Epoch 72/150 [train]:  35%|███▍      | 9/26 [00:00<00:00, 85.90it/s, S=0.6398, loss=-0.5406]
Epoch 72/150 [train]:  35%|███▍      | 9/26 [00:00<00:00, 85.90it/s, S=0.6310, loss=-0.5280]
Epoch 72/150 [train]:  35%|███▍      | 9/26 [00:00<00:00, 85.90it/s, S=0.6431, loss=-0.5431]
Epoch 72/150 [train]:  35%|███▍      | 9/26 [00:00<00:00, 85.90it/s, S=0.6426, loss=-0.5420]
Epoch 72/150 [train]:  35%|███▍      | 9/26 [00:00<00:00, 85.90it/s, S=0.6332, loss=-0.5254]
Epoch 72/150 [train]:  35%|███▍      | 9/26 [00:00<00:00, 85.90it/s, S=0.6410, loss=-0.5411]
Epoch 72/150 [train]:  35%|███▍      | 9/26 [00:00<00:00, 85.90it/s, S=0.6412, loss=-0.5385]
Epoch 72/150 [train]:  35%|███▍      | 9/26 [00:00<00:00, 85.90it/s, S=0.6383, loss=-0.5383]
Epoch 72/150 [train]:  35%|███▍      | 9/26 [00:00<00:00, 85.90it/s, S=0.6436, loss=-0.5402]
Epoch 72/150 [train]:  69%|██████▉   | 18/26 [00:00<00:00, 86.11it/s, S=0.6436, loss=-0.5402]
Epoch 72/150 [train]:  69%|██████▉   | 18/26 [00:00<00:00, 86.11it/s, S=0.6411, loss=-0.5404]
Epoch 72/150 [train]:  69%|██████▉   | 18/26 [00:00<00:00, 86.11it/s, S=0.6423, loss=-0.5406]
Epoch 72/150 [train]:  69%|██████▉   | 18/26 [00:00<00:00, 86.11it/s, S=0.6238, loss=-0.5052]
Epoch 72/150 [train]:  69%|██████▉   | 18/26 [00:00<00:00, 86.11it/s, S=0.6178, loss=-0.5106]
Epoch 72/150 [train]:  69%|██████▉   | 18/26 [00:00<00:00, 86.11it/s, S=0.6395, loss=-0.5409]
Epoch 72/150 [train]:  69%|██████▉   | 18/26 [00:00<00:00, 86.11it/s, S=0.6337, loss=-0.5286]
Epoch 72/150 [train]:  69%|██████▉   | 18/26 [00:00<00:00, 86.11it/s, S=0.6444, loss=-0.5385]
Epoch 72/150 [train]:  69%|██████▉   | 18/26 [00:00<00:00, 86.11it/s, S=0.6480, loss=-0.5470]
                                                                                             
Epoch  72/150  train loss=-0.5352  val loss=-0.5190  S[mean]=0.6247  ζ=0.4589  mean_plane_ζ=0.4373  reg=0.1057  λscale=1.00  lr=4.99e-04

Epoch 73/150 [train]:   0%|          | 0/26 [00:00<?, ?it/s]
Epoch 73/150 [train]:   0%|          | 0/26 [00:00<?, ?it/s, S=0.6443, loss=-0.5437]
Epoch 73/150 [train]:   0%|          | 0/26 [00:00<?, ?it/s, S=0.6502, loss=-0.5497]
Epoch 73/150 [train]:   0%|          | 0/26 [00:00<?, ?it/s, S=0.6450, loss=-0.5445]
Epoch 73/150 [train]:   0%|          | 0/26 [00:00<?, ?it/s, S=0.6441, loss=-0.5401]
Epoch 73/150 [train]:   0%|          | 0/26 [00:00<?, ?it/s, S=0.6431, loss=-0.5448]
Epoch 73/150 [train]:   0%|          | 0/26 [00:00<?, ?it/s, S=0.6385, loss=-0.5345]
Epoch 73/150 [train]:   0%|          | 0/26 [00:00<?, ?it/s, S=0.6472, loss=-0.5484]
Epoch 73/150 [train]:   0%|          | 0/26 [00:00<?, ?it/s, S=0.6503, loss=-0.5496]
Epoch 73/150 [train]:   0%|          | 0/26 [00:00<?, ?it/s, S=0.6392, loss=-0.5370]
Epoch 73/150 [train]:  35%|███▍      | 9/26 [00:00<00:00, 85.60it/s, S=0.6392, loss=-0.5370]
Epoch 73/150 [train]:  35%|███▍      | 9/26 [00:00<00:00, 85.60it/s, S=0.6436, loss=-0.5418]
Epoch 73/150 [train]:  35%|███▍      | 9/26 [00:00<00:00, 85.60it/s, S=0.6390, loss=-0.5374]
Epoch 73/150 [train]:  35%|███▍      | 9/26 [00:00<00:00, 85.60it/s, S=0.6416, loss=-0.5408]
Epoch 73/150 [train]:  35%|███▍      | 9/26 [00:00<00:00, 85.60it/s, S=0.6384, loss=-0.5335]
Epoch 73/150 [train]:  35%|███▍      | 9/26 [00:00<00:00, 85.60it/s, S=0.6388, loss=-0.5319]
Epoch 73/150 [train]:  35%|███▍      | 9/26 [00:00<00:00, 85.60it/s, S=0.6429, loss=-0.5387]
Epoch 73/150 [train]:  35%|███▍      | 9/26 [00:00<00:00, 85.60it/s, S=0.6429, loss=-0.5405]
Epoch 73/150 [train]:  35%|███▍      | 9/26 [00:00<00:00, 85.60it/s, S=0.6361, loss=-0.5365]
Epoch 73/150 [train]:  35%|███▍      | 9/26 [00:00<00:00, 85.60it/s, S=0.6495, loss=-0.5476]
Epoch 73/150 [train]:  69%|██████▉   | 18/26 [00:00<00:00, 86.07it/s, S=0.6495, loss=-0.5476]
Epoch 73/150 [train]:  69%|██████▉   | 18/26 [00:00<00:00, 86.07it/s, S=0.6536, loss=-0.5488]
Epoch 73/150 [train]:  69%|██████▉   | 18/26 [00:00<00:00, 86.07it/s, S=0.6391, loss=-0.5351]
Epoch 73/150 [train]:  69%|██████▉   | 18/26 [00:00<00:00, 86.07it/s, S=0.6328, loss=-0.5293]
Epoch 73/150 [train]:  69%|██████▉   | 18/26 [00:00<00:00, 86.07it/s, S=0.6514, loss=-0.5518]
Epoch 73/150 [train]:  69%|██████▉   | 18/26 [00:00<00:00, 86.07it/s, S=0.6330, loss=-0.5208]
Epoch 73/150 [train]:  69%|██████▉   | 18/26 [00:00<00:00, 86.07it/s, S=0.6380, loss=-0.5334]
Epoch 73/150 [train]:  69%|██████▉   | 18/26 [00:00<00:00, 86.07it/s, S=0.6370, loss=-0.5349]
Epoch 73/150 [train]:  69%|██████▉   | 18/26 [00:00<00:00, 86.07it/s, S=0.6468, loss=-0.5425]
                                                                                             
Epoch  73/150  train loss=-0.5399  val loss=-0.5264  S[mean]=0.6315  ζ=0.4613  mean_plane_ζ=0.4422  reg=0.1051  λscale=1.00  lr=4.98e-04

Epoch 74/150 [train]:   0%|          | 0/26 [00:00<?, ?it/s]
Epoch 74/150 [train]:   0%|          | 0/26 [00:00<?, ?it/s, S=0.6437, loss=-0.5350]
Epoch 74/150 [train]:   0%|          | 0/26 [00:00<?, ?it/s, S=0.6508, loss=-0.5519]
Epoch 74/150 [train]:   0%|          | 0/26 [00:00<?, ?it/s, S=0.6450, loss=-0.5414]
Epoch 74/150 [train]:   0%|          | 0/26 [00:00<?, ?it/s, S=0.6549, loss=-0.5520]
Epoch 74/150 [train]:   0%|          | 0/26 [00:00<?, ?it/s, S=0.6475, loss=-0.5466]
Epoch 74/150 [train]:   0%|          | 0/26 [00:00<?, ?it/s, S=0.6454, loss=-0.5448]
Epoch 74/150 [train]:   0%|          | 0/26 [00:00<?, ?it/s, S=0.6451, loss=-0.5421]
Epoch 74/150 [train]:   0%|          | 0/26 [00:00<?, ?it/s, S=0.6392, loss=-0.5352]
Epoch 74/150 [train]:   0%|          | 0/26 [00:00<?, ?it/s, S=0.6534, loss=-0.5495]
Epoch 74/150 [train]:  35%|███▍      | 9/26 [00:00<00:00, 86.34it/s, S=0.6534, loss=-0.5495]
Epoch 74/150 [train]:  35%|███▍      | 9/26 [00:00<00:00, 86.34it/s, S=0.6507, loss=-0.5385]
Epoch 74/150 [train]:  35%|███▍      | 9/26 [00:00<00:00, 86.34it/s, S=0.6299, loss=-0.5184]
Epoch 74/150 [train]:  35%|███▍      | 9/26 [00:00<00:00, 86.34it/s, S=0.6405, loss=-0.5407]
Epoch 74/150 [train]:  35%|███▍      | 9/26 [00:00<00:00, 86.34it/s, S=0.6486, loss=-0.5470]
Epoch 74/150 [train]:  35%|███▍      | 9/26 [00:00<00:00, 86.34it/s, S=0.6450, loss=-0.5364]
Epoch 74/150 [train]:  35%|███▍      | 9/26 [00:00<00:00, 86.34it/s, S=0.6496, loss=-0.5471]
Epoch 74/150 [train]:  35%|███▍      | 9/26 [00:00<00:00, 86.34it/s, S=0.6510, loss=-0.5508]
Epoch 74/150 [train]:  35%|███▍      | 9/26 [00:00<00:00, 86.34it/s, S=0.6548, loss=-0.5488]
Epoch 74/150 [train]:  35%|███▍      | 9/26 [00:00<00:00, 86.34it/s, S=0.6577, loss=-0.5583]
Epoch 74/150 [train]:  69%|██████▉   | 18/26 [00:00<00:00, 86.34it/s, S=0.6577, loss=-0.5583]
Epoch 74/150 [train]:  69%|██████▉   | 18/26 [00:00<00:00, 86.34it/s, S=0.6542, loss=-0.5499]
Epoch 74/150 [train]:  69%|██████▉   | 18/26 [00:00<00:00, 86.34it/s, S=0.6449, loss=-0.5419]
Epoch 74/150 [train]:  69%|██████▉   | 18/26 [00:00<00:00, 86.34it/s, S=0.6429, loss=-0.5327]
Epoch 74/150 [train]:  69%|██████▉   | 18/26 [00:00<00:00, 86.34it/s, S=0.6476, loss=-0.5413]
Epoch 74/150 [train]:  69%|██████▉   | 18/26 [00:00<00:00, 86.34it/s, S=0.6412, loss=-0.5362]
Epoch 74/150 [train]:  69%|██████▉   | 18/26 [00:00<00:00, 86.34it/s, S=0.6399, loss=-0.5413]
Epoch 74/150 [train]:  69%|██████▉   | 18/26 [00:00<00:00, 86.34it/s, S=0.6462, loss=-0.5409]
Epoch 74/150 [train]:  69%|██████▉   | 18/26 [00:00<00:00, 86.34it/s, S=0.6564, loss=-0.5513]
                                                                                             
Epoch  74/150  train loss=-0.5431  val loss=-0.5300  S[mean]=0.6367  ζ=0.4604  mean_plane_ζ=0.4441  reg=0.1067  λscale=1.00  lr=4.97e-04

Epoch 75/150 [train]:   0%|          | 0/26 [00:00<?, ?it/s]
Epoch 75/150 [train]:   0%|          | 0/26 [00:00<?, ?it/s, S=0.6557, loss=-0.5501]
Epoch 75/150 [train]:   0%|          | 0/26 [00:00<?, ?it/s, S=0.6546, loss=-0.5528]
Epoch 75/150 [train]:   0%|          | 0/26 [00:00<?, ?it/s, S=0.6541, loss=-0.5518]
Epoch 75/150 [train]:   0%|          | 0/26 [00:00<?, ?it/s, S=0.6454, loss=-0.5435]
Epoch 75/150 [train]:   0%|          | 0/26 [00:00<?, ?it/s, S=0.6460, loss=-0.5356]
Epoch 75/150 [train]:   0%|          | 0/26 [00:00<?, ?it/s, S=0.6595, loss=-0.5583]
Epoch 75/150 [train]:   0%|          | 0/26 [00:00<?, ?it/s, S=0.6578, loss=-0.5558]
Epoch 75/150 [train]:   0%|          | 0/26 [00:00<?, ?it/s, S=0.6522, loss=-0.5488]
Epoch 75/150 [train]:   0%|          | 0/26 [00:00<?, ?it/s, S=0.6574, loss=-0.5429]
Epoch 75/150 [train]:  35%|███▍      | 9/26 [00:00<00:00, 86.05it/s, S=0.6574, loss=-0.5429]
Epoch 75/150 [train]:  35%|███▍      | 9/26 [00:00<00:00, 86.05it/s, S=0.6551, loss=-0.5527]
Epoch 75/150 [train]:  35%|███▍      | 9/26 [00:00<00:00, 86.05it/s, S=0.6519, loss=-0.5427]
Epoch 75/150 [train]:  35%|███▍      | 9/26 [00:00<00:00, 86.05it/s, S=0.6421, loss=-0.5321]
Epoch 75/150 [train]:  35%|███▍      | 9/26 [00:00<00:00, 86.05it/s, S=0.6515, loss=-0.5477]
Epoch 75/150 [train]:  35%|███▍      | 9/26 [00:00<00:00, 86.05it/s, S=0.6578, loss=-0.5573]
Epoch 75/150 [train]:  35%|███▍      | 9/26 [00:00<00:00, 86.05it/s, S=0.6545, loss=-0.5514]
Epoch 75/150 [train]:  35%|███▍      | 9/26 [00:00<00:00, 86.05it/s, S=0.6461, loss=-0.5450]
Epoch 75/150 [train]:  35%|███▍      | 9/26 [00:00<00:00, 86.05it/s, S=0.6653, loss=-0.5535]
Epoch 75/150 [train]:  35%|███▍      | 9/26 [00:00<00:00, 86.05it/s, S=0.6352, loss=-0.5287]
Epoch 75/150 [train]:  69%|██████▉   | 18/26 [00:00<00:00, 86.25it/s, S=0.6352, loss=-0.5287]
Epoch 75/150 [train]:  69%|██████▉   | 18/26 [00:00<00:00, 86.25it/s, S=0.6355, loss=-0.5220]
Epoch 75/150 [train]:  69%|██████▉   | 18/26 [00:00<00:00, 86.25it/s, S=0.6616, loss=-0.5588]
Epoch 75/150 [train]:  69%|██████▉   | 18/26 [00:00<00:00, 86.25it/s, S=0.6569, loss=-0.5534]
Epoch 75/150 [train]:  69%|██████▉   | 18/26 [00:00<00:00, 86.25it/s, S=0.6517, loss=-0.5450]
Epoch 75/150 [train]:  69%|██████▉   | 18/26 [00:00<00:00, 86.25it/s, S=0.6613, loss=-0.5566]
Epoch 75/150 [train]:  69%|██████▉   | 18/26 [00:00<00:00, 86.25it/s, S=0.6546, loss=-0.5498]
Epoch 75/150 [train]:  69%|██████▉   | 18/26 [00:00<00:00, 86.25it/s, S=0.6576, loss=-0.5530]
Epoch 75/150 [train]:  69%|██████▉   | 18/26 [00:00<00:00, 86.25it/s, S=0.6532, loss=-0.5455]
                                                                                             
Epoch  75/150  train loss=-0.5475  val loss=-0.5326  S[mean]=0.6405  ζ=0.4608  mean_plane_ζ=0.4454  reg=0.1079  λscale=1.00  lr=4.95e-04

Epoch 76/150 [train]:   0%|          | 0/26 [00:00<?, ?it/s]
Epoch 76/150 [train]:   0%|          | 0/26 [00:00<?, ?it/s, S=0.6559, loss=-0.5518]
Epoch 76/150 [train]:   0%|          | 0/26 [00:00<?, ?it/s, S=0.6583, loss=-0.5514]
Epoch 76/150 [train]:   0%|          | 0/26 [00:00<?, ?it/s, S=0.6508, loss=-0.5475]
Epoch 76/150 [train]:   0%|          | 0/26 [00:00<?, ?it/s, S=0.6655, loss=-0.5604]
Epoch 76/150 [train]:   0%|          | 0/26 [00:00<?, ?it/s, S=0.6610, loss=-0.5559]
Epoch 76/150 [train]:   0%|          | 0/26 [00:00<?, ?it/s, S=0.6559, loss=-0.5480]
Epoch 76/150 [train]:   0%|          | 0/26 [00:00<?, ?it/s, S=0.6602, loss=-0.5588]
Epoch 76/150 [train]:   0%|          | 0/26 [00:00<?, ?it/s, S=0.6577, loss=-0.5513]
Epoch 76/150 [train]:   0%|          | 0/26 [00:00<?, ?it/s, S=0.6709, loss=-0.5648]
Epoch 76/150 [train]:  35%|███▍      | 9/26 [00:00<00:00, 86.04it/s, S=0.6709, loss=-0.5648]
Epoch 76/150 [train]:  35%|███▍      | 9/26 [00:00<00:00, 86.04it/s, S=0.6567, loss=-0.5427]
Epoch 76/150 [train]:  35%|███▍      | 9/26 [00:00<00:00, 86.04it/s, S=0.6587, loss=-0.5556]
Epoch 76/150 [train]:  35%|███▍      | 9/26 [00:00<00:00, 86.04it/s, S=0.6618, loss=-0.5552]
Epoch 76/150 [train]:  35%|███▍      | 9/26 [00:00<00:00, 86.04it/s, S=0.6633, loss=-0.5574]
Epoch 76/150 [train]:  35%|███▍      | 9/26 [00:00<00:00, 86.04it/s, S=0.6594, loss=-0.5540]
Epoch 76/150 [train]:  35%|███▍      | 9/26 [00:00<00:00, 86.04it/s, S=0.6640, loss=-0.5602]
Epoch 76/150 [train]:  35%|███▍      | 9/26 [00:00<00:00, 86.04it/s, S=0.6498, loss=-0.5454]
Epoch 76/150 [train]:  35%|███▍      | 9/26 [00:00<00:00, 86.04it/s, S=0.6606, loss=-0.5527]
Epoch 76/150 [train]:  35%|███▍      | 9/26 [00:00<00:00, 86.04it/s, S=0.6533, loss=-0.5544]
Epoch 76/150 [train]:  69%|██████▉   | 18/26 [00:00<00:00, 86.10it/s, S=0.6533, loss=-0.5544]
Epoch 76/150 [train]:  69%|██████▉   | 18/26 [00:00<00:00, 86.10it/s, S=0.6548, loss=-0.5520]
Epoch 76/150 [train]:  69%|██████▉   | 18/26 [00:00<00:00, 86.10it/s, S=0.6625, loss=-0.5569]
Epoch 76/150 [train]:  69%|██████▉   | 18/26 [00:00<00:00, 86.10it/s, S=0.6606, loss=-0.5562]
Epoch 76/150 [train]:  69%|██████▉   | 18/26 [00:00<00:00, 86.10it/s, S=0.6490, loss=-0.5386]
Epoch 76/150 [train]:  69%|██████▉   | 18/26 [00:00<00:00, 86.10it/s, S=0.6565, loss=-0.5487]
Epoch 76/150 [train]:  69%|██████▉   | 18/26 [00:00<00:00, 86.10it/s, S=0.6492, loss=-0.5492]
Epoch 76/150 [train]:  69%|██████▉   | 18/26 [00:00<00:00, 86.10it/s, S=0.6491, loss=-0.5411]
Epoch 76/150 [train]:  69%|██████▉   | 18/26 [00:00<00:00, 86.10it/s, S=0.6511, loss=-0.5468]
                                                                                             
Epoch  76/150  train loss=-0.5522  val loss=-0.5367  S[mean]=0.6446  ζ=0.4625  mean_plane_ζ=0.4478  reg=0.1079  λscale=1.00  lr=4.93e-04

Epoch 77/150 [train]:   0%|          | 0/26 [00:00<?, ?it/s]
Epoch 77/150 [train]:   0%|          | 0/26 [00:00<?, ?it/s, S=0.6723, loss=-0.5671]
Epoch 77/150 [train]:   0%|          | 0/26 [00:00<?, ?it/s, S=0.6671, loss=-0.5560]
Epoch 77/150 [train]:   0%|          | 0/26 [00:00<?, ?it/s, S=0.6620, loss=-0.5543]
Epoch 77/150 [train]:   0%|          | 0/26 [00:00<?, ?it/s, S=0.6589, loss=-0.5517]
Epoch 77/150 [train]:   0%|          | 0/26 [00:00<?, ?it/s, S=0.6505, loss=-0.5441]
Epoch 77/150 [train]:   0%|          | 0/26 [00:00<?, ?it/s, S=0.6524, loss=-0.5438]
Epoch 77/150 [train]:   0%|          | 0/26 [00:00<?, ?it/s, S=0.6650, loss=-0.5598]
Epoch 77/150 [train]:   0%|          | 0/26 [00:00<?, ?it/s, S=0.6635, loss=-0.5593]
Epoch 77/150 [train]:   0%|          | 0/26 [00:00<?, ?it/s, S=0.6622, loss=-0.5614]
Epoch 77/150 [train]:  35%|███▍      | 9/26 [00:00<00:00, 86.05it/s, S=0.6622, loss=-0.5614]
Epoch 77/150 [train]:  35%|███▍      | 9/26 [00:00<00:00, 86.05it/s, S=0.6656, loss=-0.5598]
Epoch 77/150 [train]:  35%|███▍      | 9/26 [00:00<00:00, 86.05it/s, S=0.6619, loss=-0.5550]
Epoch 77/150 [train]:  35%|███▍      | 9/26 [00:00<00:00, 86.05it/s, S=0.6625, loss=-0.5581]
Epoch 77/150 [train]:  35%|███▍      | 9/26 [00:00<00:00, 86.05it/s, S=0.6642, loss=-0.5646]
Epoch 77/150 [train]:  35%|███▍      | 9/26 [00:00<00:00, 86.05it/s, S=0.6663, loss=-0.5627]
Epoch 77/150 [train]:  35%|███▍      | 9/26 [00:00<00:00, 86.05it/s, S=0.6621, loss=-0.5557]
Epoch 77/150 [train]:  35%|███▍      | 9/26 [00:00<00:00, 86.05it/s, S=0.6616, loss=-0.5561]
Epoch 77/150 [train]:  35%|███▍      | 9/26 [00:00<00:00, 86.05it/s, S=0.6600, loss=-0.5522]
Epoch 77/150 [train]:  35%|███▍      | 9/26 [00:00<00:00, 86.05it/s, S=0.6555, loss=-0.5516]
Epoch 77/150 [train]:  69%|██████▉   | 18/26 [00:00<00:00, 86.19it/s, S=0.6555, loss=-0.5516]
Epoch 77/150 [train]:  69%|██████▉   | 18/26 [00:00<00:00, 86.19it/s, S=0.6684, loss=-0.5624]
Epoch 77/150 [train]:  69%|██████▉   | 18/26 [00:00<00:00, 86.19it/s, S=0.6559, loss=-0.5511]
Epoch 77/150 [train]:  69%|██████▉   | 18/26 [00:00<00:00, 86.19it/s, S=0.6580, loss=-0.5563]
Epoch 77/150 [train]:  69%|██████▉   | 18/26 [00:00<00:00, 86.19it/s, S=0.6583, loss=-0.5544]
Epoch 77/150 [train]:  69%|██████▉   | 18/26 [00:00<00:00, 86.19it/s, S=0.6624, loss=-0.5563]
Epoch 77/150 [train]:  69%|██████▉   | 18/26 [00:00<00:00, 86.19it/s, S=0.6649, loss=-0.5623]
Epoch 77/150 [train]:  69%|██████▉   | 18/26 [00:00<00:00, 86.19it/s, S=0.6592, loss=-0.5574]
Epoch 77/150 [train]:  69%|██████▉   | 18/26 [00:00<00:00, 86.19it/s, S=0.6608, loss=-0.5555]
                                                                                             
Epoch  77/150  train loss=-0.5565  val loss=-0.5402  S[mean]=0.6472  ζ=0.4615  mean_plane_ζ=0.4473  reg=0.1070  λscale=1.00  lr=4.91e-04

Epoch 78/150 [train]:   0%|          | 0/26 [00:00<?, ?it/s]
Epoch 78/150 [train]:   0%|          | 0/26 [00:00<?, ?it/s, S=0.6660, loss=-0.5640]
Epoch 78/150 [train]:   0%|          | 0/26 [00:00<?, ?it/s, S=0.6675, loss=-0.5668]
Epoch 78/150 [train]:   0%|          | 0/26 [00:00<?, ?it/s, S=0.6678, loss=-0.5674]
Epoch 78/150 [train]:   0%|          | 0/26 [00:00<?, ?it/s, S=0.6670, loss=-0.5595]
Epoch 78/150 [train]:   0%|          | 0/26 [00:00<?, ?it/s, S=0.6662, loss=-0.5646]
Epoch 78/150 [train]:   0%|          | 0/26 [00:00<?, ?it/s, S=0.6613, loss=-0.5603]
Epoch 78/150 [train]:   0%|          | 0/26 [00:00<?, ?it/s, S=0.6584, loss=-0.5516]
Epoch 78/150 [train]:   0%|          | 0/26 [00:00<?, ?it/s, S=0.6695, loss=-0.5545]
Epoch 78/150 [train]:   0%|          | 0/26 [00:00<?, ?it/s, S=0.6686, loss=-0.5636]
Epoch 78/150 [train]:  35%|███▍      | 9/26 [00:00<00:00, 86.13it/s, S=0.6686, loss=-0.5636]
Epoch 78/150 [train]:  35%|███▍      | 9/26 [00:00<00:00, 86.13it/s, S=0.6585, loss=-0.5499]
Epoch 78/150 [train]:  35%|███▍      | 9/26 [00:00<00:00, 86.13it/s, S=0.6752, loss=-0.5703]
Epoch 78/150 [train]:  35%|███▍      | 9/26 [00:00<00:00, 86.13it/s, S=0.6716, loss=-0.5692]
Epoch 78/150 [train]:  35%|███▍      | 9/26 [00:00<00:00, 86.13it/s, S=0.6674, loss=-0.5644]
Epoch 78/150 [train]:  35%|███▍      | 9/26 [00:00<00:00, 86.13it/s, S=0.6627, loss=-0.5600]
Epoch 78/150 [train]:  35%|███▍      | 9/26 [00:00<00:00, 86.13it/s, S=0.6663, loss=-0.5463]
Epoch 78/150 [train]:  35%|███▍      | 9/26 [00:00<00:00, 86.13it/s, S=0.6683, loss=-0.5672]
Epoch 78/150 [train]:  35%|███▍      | 9/26 [00:00<00:00, 86.13it/s, S=0.6717, loss=-0.5687]
Epoch 78/150 [train]:  35%|███▍      | 9/26 [00:00<00:00, 86.13it/s, S=0.6675, loss=-0.5649]
Epoch 78/150 [train]:  69%|██████▉   | 18/26 [00:00<00:00, 86.30it/s, S=0.6675, loss=-0.5649]
Epoch 78/150 [train]:  69%|██████▉   | 18/26 [00:00<00:00, 86.30it/s, S=0.6558, loss=-0.5525]
Epoch 78/150 [train]:  69%|██████▉   | 18/26 [00:00<00:00, 86.30it/s, S=0.6610, loss=-0.5579]
Epoch 78/150 [train]:  69%|██████▉   | 18/26 [00:00<00:00, 86.30it/s, S=0.6667, loss=-0.5586]
Epoch 78/150 [train]:  69%|██████▉   | 18/26 [00:00<00:00, 86.30it/s, S=0.6692, loss=-0.5668]
Epoch 78/150 [train]:  69%|██████▉   | 18/26 [00:00<00:00, 86.30it/s, S=0.6568, loss=-0.5545]
Epoch 78/150 [train]:  69%|██████▉   | 18/26 [00:00<00:00, 86.30it/s, S=0.6593, loss=-0.5584]
Epoch 78/150 [train]:  69%|██████▉   | 18/26 [00:00<00:00, 86.30it/s, S=0.6747, loss=-0.5733]
Epoch 78/150 [train]:  69%|██████▉   | 18/26 [00:00<00:00, 86.30it/s, S=0.6719, loss=-0.5636]
                                                                                             
Epoch  78/150  train loss=-0.5615  val loss=-0.5425  S[mean]=0.6492  ζ=0.4617  mean_plane_ζ=0.4482  reg=0.1067  λscale=1.00  lr=4.88e-04

Epoch 79/150 [train]:   0%|          | 0/26 [00:00<?, ?it/s]
Epoch 79/150 [train]:   0%|          | 0/26 [00:00<?, ?it/s, S=0.6774, loss=-0.5776]
Epoch 79/150 [train]:   0%|          | 0/26 [00:00<?, ?it/s, S=0.6739, loss=-0.5703]
Epoch 79/150 [train]:   0%|          | 0/26 [00:00<?, ?it/s, S=0.6740, loss=-0.5700]
Epoch 79/150 [train]:   0%|          | 0/26 [00:00<?, ?it/s, S=0.6704, loss=-0.5686]
Epoch 79/150 [train]:   0%|          | 0/26 [00:00<?, ?it/s, S=0.6673, loss=-0.5628]
Epoch 79/150 [train]:   0%|          | 0/26 [00:00<?, ?it/s, S=0.6575, loss=-0.5530]
Epoch 79/150 [train]:   0%|          | 0/26 [00:00<?, ?it/s, S=0.6686, loss=-0.5645]
Epoch 79/150 [train]:   0%|          | 0/26 [00:00<?, ?it/s, S=0.6650, loss=-0.5594]
Epoch 79/150 [train]:   0%|          | 0/26 [00:00<?, ?it/s, S=0.6544, loss=-0.5462]
Epoch 79/150 [train]:  35%|███▍      | 9/26 [00:00<00:00, 85.88it/s, S=0.6544, loss=-0.5462]
Epoch 79/150 [train]:  35%|███▍      | 9/26 [00:00<00:00, 85.88it/s, S=0.6715, loss=-0.5625]
Epoch 79/150 [train]:  35%|███▍      | 9/26 [00:00<00:00, 85.88it/s, S=0.6710, loss=-0.5635]
Epoch 79/150 [train]:  35%|███▍      | 9/26 [00:00<00:00, 85.88it/s, S=0.6747, loss=-0.5564]
Epoch 79/150 [train]:  35%|███▍      | 9/26 [00:00<00:00, 85.88it/s, S=0.6526, loss=-0.5416]
Epoch 79/150 [train]:  35%|███▍      | 9/26 [00:00<00:00, 85.88it/s, S=0.6656, loss=-0.5643]
Epoch 79/150 [train]:  35%|███▍      | 9/26 [00:00<00:00, 85.88it/s, S=0.6638, loss=-0.5627]
Epoch 79/150 [train]:  35%|███▍      | 9/26 [00:00<00:00, 85.88it/s, S=0.6768, loss=-0.5787]
Epoch 79/150 [train]:  35%|███▍      | 9/26 [00:00<00:00, 85.88it/s, S=0.6733, loss=-0.5702]
Epoch 79/150 [train]:  35%|███▍      | 9/26 [00:00<00:00, 85.88it/s, S=0.6630, loss=-0.5628]
Epoch 79/150 [train]:  69%|██████▉   | 18/26 [00:00<00:00, 86.01it/s, S=0.6630, loss=-0.5628]
Epoch 79/150 [train]:  69%|██████▉   | 18/26 [00:00<00:00, 86.01it/s, S=0.6636, loss=-0.5554]
Epoch 79/150 [train]:  69%|██████▉   | 18/26 [00:00<00:00, 86.01it/s, S=0.6767, loss=-0.5717]
Epoch 79/150 [train]:  69%|██████▉   | 18/26 [00:00<00:00, 86.01it/s, S=0.6716, loss=-0.5713]
Epoch 79/150 [train]:  69%|██████▉   | 18/26 [00:00<00:00, 86.01it/s, S=0.6676, loss=-0.5647]
Epoch 79/150 [train]:  69%|██████▉   | 18/26 [00:00<00:00, 86.01it/s, S=0.6690, loss=-0.5682]
Epoch 79/150 [train]:  69%|██████▉   | 18/26 [00:00<00:00, 86.01it/s, S=0.6636, loss=-0.5568]
Epoch 79/150 [train]:  69%|██████▉   | 18/26 [00:00<00:00, 86.01it/s, S=0.6651, loss=-0.5640]
Epoch 79/150 [train]:  69%|██████▉   | 18/26 [00:00<00:00, 86.01it/s, S=0.6644, loss=-0.5588]
                                                                                             
Epoch  79/150  train loss=-0.5633  val loss=-0.5463  S[mean]=0.6521  ζ=0.4629  mean_plane_ζ=0.4498  reg=0.1059  λscale=1.00  lr=4.85e-04

Epoch 80/150 [train]:   0%|          | 0/26 [00:00<?, ?it/s]
Epoch 80/150 [train]:   0%|          | 0/26 [00:00<?, ?it/s, S=0.6637, loss=-0.5539]
Epoch 80/150 [train]:   0%|          | 0/26 [00:00<?, ?it/s, S=0.6782, loss=-0.5768]
Epoch 80/150 [train]:   0%|          | 0/26 [00:00<?, ?it/s, S=0.6782, loss=-0.5733]
Epoch 80/150 [train]:   0%|          | 0/26 [00:00<?, ?it/s, S=0.6763, loss=-0.5688]
Epoch 80/150 [train]:   0%|          | 0/26 [00:00<?, ?it/s, S=0.6769, loss=-0.5700]
Epoch 80/150 [train]:   0%|          | 0/26 [00:00<?, ?it/s, S=0.6704, loss=-0.5655]
Epoch 80/150 [train]:   0%|          | 0/26 [00:00<?, ?it/s, S=0.6748, loss=-0.5729]
Epoch 80/150 [train]:   0%|          | 0/26 [00:00<?, ?it/s, S=0.6625, loss=-0.5553]
Epoch 80/150 [train]:   0%|          | 0/26 [00:00<?, ?it/s, S=0.6746, loss=-0.5725]
Epoch 80/150 [train]:  35%|███▍      | 9/26 [00:00<00:00, 86.14it/s, S=0.6746, loss=-0.5725]
Epoch 80/150 [train]:  35%|███▍      | 9/26 [00:00<00:00, 86.14it/s, S=0.6637, loss=-0.5542]
Epoch 80/150 [train]:  35%|███▍      | 9/26 [00:00<00:00, 86.14it/s, S=0.6660, loss=-0.5591]
Epoch 80/150 [train]:  35%|███▍      | 9/26 [00:00<00:00, 86.14it/s, S=0.6704, loss=-0.5682]
Epoch 80/150 [train]:  35%|███▍      | 9/26 [00:00<00:00, 86.14it/s, S=0.6599, loss=-0.5538]
Epoch 80/150 [train]:  35%|███▍      | 9/26 [00:00<00:00, 86.14it/s, S=0.6752, loss=-0.5740]
Epoch 80/150 [train]:  35%|███▍      | 9/26 [00:00<00:00, 86.14it/s, S=0.6742, loss=-0.5722]
Epoch 80/150 [train]:  35%|███▍      | 9/26 [00:00<00:00, 86.14it/s, S=0.6615, loss=-0.5599]
Epoch 80/150 [train]:  35%|███▍      | 9/26 [00:00<00:00, 86.14it/s, S=0.6659, loss=-0.5572]
Epoch 80/150 [train]:  35%|███▍      | 9/26 [00:00<00:00, 86.14it/s, S=0.6698, loss=-0.5705]
Epoch 80/150 [train]:  69%|██████▉   | 18/26 [00:00<00:00, 86.04it/s, S=0.6698, loss=-0.5705]
Epoch 80/150 [train]:  69%|██████▉   | 18/26 [00:00<00:00, 86.04it/s, S=0.6763, loss=-0.5723]
Epoch 80/150 [train]:  69%|██████▉   | 18/26 [00:00<00:00, 86.04it/s, S=0.6705, loss=-0.5656]
Epoch 80/150 [train]:  69%|██████▉   | 18/26 [00:00<00:00, 86.04it/s, S=0.6717, loss=-0.5702]
Epoch 80/150 [train]:  69%|██████▉   | 18/26 [00:00<00:00, 86.04it/s, S=0.6712, loss=-0.5675]
Epoch 80/150 [train]:  69%|██████▉   | 18/26 [00:00<00:00, 86.04it/s, S=0.6848, loss=-0.5820]
Epoch 80/150 [train]:  69%|██████▉   | 18/26 [00:00<00:00, 86.04it/s, S=0.6626, loss=-0.5625]
Epoch 80/150 [train]:  69%|██████▉   | 18/26 [00:00<00:00, 86.04it/s, S=0.6805, loss=-0.5769]
Epoch 80/150 [train]:  69%|██████▉   | 18/26 [00:00<00:00, 86.04it/s, S=0.6714, loss=-0.5692]
                                                                                             
Epoch  80/150  train loss=-0.5671  val loss=-0.5454  S[mean]=0.6524  ζ=0.4617  mean_plane_ζ=0.4496  reg=0.1069  λscale=1.00  lr=4.81e-04

Epoch 81/150 [train]:   0%|          | 0/26 [00:00<?, ?it/s]
Epoch 81/150 [train]:   0%|          | 0/26 [00:00<?, ?it/s, S=0.6697, loss=-0.5579]
Epoch 81/150 [train]:   0%|          | 0/26 [00:00<?, ?it/s, S=0.6759, loss=-0.5754]
Epoch 81/150 [train]:   0%|          | 0/26 [00:00<?, ?it/s, S=0.6816, loss=-0.5811]
Epoch 81/150 [train]:   0%|          | 0/26 [00:00<?, ?it/s, S=0.6753, loss=-0.5762]
Epoch 81/150 [train]:   0%|          | 0/26 [00:00<?, ?it/s, S=0.6731, loss=-0.5675]
Epoch 81/150 [train]:   0%|          | 0/26 [00:00<?, ?it/s, S=0.6746, loss=-0.5732]
Epoch 81/150 [train]:   0%|          | 0/26 [00:00<?, ?it/s, S=0.6675, loss=-0.5609]
Epoch 81/150 [train]:   0%|          | 0/26 [00:00<?, ?it/s, S=0.6836, loss=-0.5800]
Epoch 81/150 [train]:   0%|          | 0/26 [00:00<?, ?it/s, S=0.6741, loss=-0.5739]
Epoch 81/150 [train]:  35%|███▍      | 9/26 [00:00<00:00, 86.00it/s, S=0.6741, loss=-0.5739]
Epoch 81/150 [train]:  35%|███▍      | 9/26 [00:00<00:00, 86.00it/s, S=0.6693, loss=-0.5617]
Epoch 81/150 [train]:  35%|███▍      | 9/26 [00:00<00:00, 86.00it/s, S=0.6729, loss=-0.5690]
Epoch 81/150 [train]:  35%|███▍      | 9/26 [00:00<00:00, 86.00it/s, S=0.6683, loss=-0.5683]
Epoch 81/150 [train]:  35%|███▍      | 9/26 [00:00<00:00, 86.00it/s, S=0.6689, loss=-0.5647]
Epoch 81/150 [train]:  35%|███▍      | 9/26 [00:00<00:00, 86.00it/s, S=0.6656, loss=-0.5530]
Epoch 81/150 [train]:  35%|███▍      | 9/26 [00:00<00:00, 86.00it/s, S=0.6751, loss=-0.5728]
Epoch 81/150 [train]:  35%|███▍      | 9/26 [00:00<00:00, 86.00it/s, S=0.6703, loss=-0.5719]
Epoch 81/150 [train]:  35%|███▍      | 9/26 [00:00<00:00, 86.00it/s, S=0.6701, loss=-0.5639]
Epoch 81/150 [train]:  35%|███▍      | 9/26 [00:00<00:00, 86.00it/s, S=0.6592, loss=-0.5429]
Epoch 81/150 [train]:  69%|██████▉   | 18/26 [00:00<00:00, 86.09it/s, S=0.6592, loss=-0.5429]
Epoch 81/150 [train]:  69%|██████▉   | 18/26 [00:00<00:00, 86.09it/s, S=0.6698, loss=-0.5622]
Epoch 81/150 [train]:  69%|██████▉   | 18/26 [00:00<00:00, 86.09it/s, S=0.6831, loss=-0.5786]
Epoch 81/150 [train]:  69%|██████▉   | 18/26 [00:00<00:00, 86.09it/s, S=0.6666, loss=-0.5587]
Epoch 81/150 [train]:  69%|██████▉   | 18/26 [00:00<00:00, 86.09it/s, S=0.6681, loss=-0.5648]
Epoch 81/150 [train]:  69%|██████▉   | 18/26 [00:00<00:00, 86.09it/s, S=0.6672, loss=-0.5576]
Epoch 81/150 [train]:  69%|██████▉   | 18/26 [00:00<00:00, 86.09it/s, S=0.6721, loss=-0.5593]
Epoch 81/150 [train]:  69%|██████▉   | 18/26 [00:00<00:00, 86.09it/s, S=0.6783, loss=-0.5787]
Epoch 81/150 [train]:  69%|██████▉   | 18/26 [00:00<00:00, 86.09it/s, S=0.6851, loss=-0.5878]
                                                                                             
Epoch  81/150  train loss=-0.5678  val loss=-0.5488  S[mean]=0.6542  ζ=0.4614  mean_plane_ζ=0.4515  reg=0.1054  λscale=1.00  lr=4.77e-04

Epoch 82/150 [train]:   0%|          | 0/26 [00:00<?, ?it/s]
Epoch 82/150 [train]:   0%|          | 0/26 [00:00<?, ?it/s, S=0.6705, loss=-0.5688]
Epoch 82/150 [train]:   0%|          | 0/26 [00:00<?, ?it/s, S=0.6802, loss=-0.5759]
Epoch 82/150 [train]:   0%|          | 0/26 [00:00<?, ?it/s, S=0.6767, loss=-0.5713]
Epoch 82/150 [train]:   0%|          | 0/26 [00:00<?, ?it/s, S=0.6864, loss=-0.5853]
Epoch 82/150 [train]:   0%|          | 0/26 [00:00<?, ?it/s, S=0.6757, loss=-0.5716]
Epoch 82/150 [train]:   0%|          | 0/26 [00:00<?, ?it/s, S=0.6688, loss=-0.5639]
Epoch 82/150 [train]:   0%|          | 0/26 [00:00<?, ?it/s, S=0.6786, loss=-0.5725]
Epoch 82/150 [train]:   0%|          | 0/26 [00:00<?, ?it/s, S=0.6853, loss=-0.5836]
Epoch 82/150 [train]:   0%|          | 0/26 [00:00<?, ?it/s, S=0.6754, loss=-0.5747]
Epoch 82/150 [train]:  35%|███▍      | 9/26 [00:00<00:00, 86.05it/s, S=0.6754, loss=-0.5747]
Epoch 82/150 [train]:  35%|███▍      | 9/26 [00:00<00:00, 86.05it/s, S=0.6885, loss=-0.5850]
Epoch 82/150 [train]:  35%|███▍      | 9/26 [00:00<00:00, 86.05it/s, S=0.6721, loss=-0.5671]
Epoch 82/150 [train]:  35%|███▍      | 9/26 [00:00<00:00, 86.05it/s, S=0.6747, loss=-0.5675]
Epoch 82/150 [train]:  35%|███▍      | 9/26 [00:00<00:00, 86.05it/s, S=0.6729, loss=-0.5684]
Epoch 82/150 [train]:  35%|███▍      | 9/26 [00:00<00:00, 86.05it/s, S=0.6752, loss=-0.5713]
Epoch 82/150 [train]:  35%|███▍      | 9/26 [00:00<00:00, 86.05it/s, S=0.6773, loss=-0.5696]
Epoch 82/150 [train]:  35%|███▍      | 9/26 [00:00<00:00, 86.05it/s, S=0.6810, loss=-0.5818]
Epoch 82/150 [train]:  35%|███▍      | 9/26 [00:00<00:00, 86.05it/s, S=0.6830, loss=-0.5783]
Epoch 82/150 [train]:  35%|███▍      | 9/26 [00:00<00:00, 86.05it/s, S=0.6736, loss=-0.5744]
Epoch 82/150 [train]:  69%|██████▉   | 18/26 [00:00<00:00, 86.21it/s, S=0.6736, loss=-0.5744]
Epoch 82/150 [train]:  69%|██████▉   | 18/26 [00:00<00:00, 86.21it/s, S=0.6729, loss=-0.5707]
Epoch 82/150 [train]:  69%|██████▉   | 18/26 [00:00<00:00, 86.21it/s, S=0.6846, loss=-0.5843]
Epoch 82/150 [train]:  69%|██████▉   | 18/26 [00:00<00:00, 86.21it/s, S=0.6887, loss=-0.5866]
Epoch 82/150 [train]:  69%|██████▉   | 18/26 [00:00<00:00, 86.21it/s, S=0.6803, loss=-0.5804]
Epoch 82/150 [train]:  69%|██████▉   | 18/26 [00:00<00:00, 86.21it/s, S=0.6745, loss=-0.5735]
Epoch 82/150 [train]:  69%|██████▉   | 18/26 [00:00<00:00, 86.21it/s, S=0.6839, loss=-0.5846]
Epoch 82/150 [train]:  69%|██████▉   | 18/26 [00:00<00:00, 86.21it/s, S=0.6786, loss=-0.5777]
Epoch 82/150 [train]:  69%|██████▉   | 18/26 [00:00<00:00, 86.21it/s, S=0.6738, loss=-0.5710]
                                                                                             
Epoch  82/150  train loss=-0.5754  val loss=-0.5534  S[mean]=0.6591  ζ=0.4614  mean_plane_ζ=0.4547  reg=0.1057  λscale=1.00  lr=4.73e-04

Epoch 83/150 [train]:   0%|          | 0/26 [00:00<?, ?it/s]
Epoch 83/150 [train]:   0%|          | 0/26 [00:00<?, ?it/s, S=0.6756, loss=-0.5680]
Epoch 83/150 [train]:   0%|          | 0/26 [00:00<?, ?it/s, S=0.6813, loss=-0.5785]
Epoch 83/150 [train]:   0%|          | 0/26 [00:00<?, ?it/s, S=0.6915, loss=-0.5846]
Epoch 83/150 [train]:   0%|          | 0/26 [00:00<?, ?it/s, S=0.6875, loss=-0.5784]
Epoch 83/150 [train]:   0%|          | 0/26 [00:00<?, ?it/s, S=0.6864, loss=-0.5809]
Epoch 83/150 [train]:   0%|          | 0/26 [00:00<?, ?it/s, S=0.6896, loss=-0.5870]
Epoch 83/150 [train]:   0%|          | 0/26 [00:00<?, ?it/s, S=0.6900, loss=-0.5897]
Epoch 83/150 [train]:   0%|          | 0/26 [00:00<?, ?it/s, S=0.6857, loss=-0.5851]
Epoch 83/150 [train]:   0%|          | 0/26 [00:00<?, ?it/s, S=0.6845, loss=-0.5684]
Epoch 83/150 [train]:  35%|███▍      | 9/26 [00:00<00:00, 85.94it/s, S=0.6845, loss=-0.5684]
Epoch 83/150 [train]:  35%|███▍      | 9/26 [00:00<00:00, 85.94it/s, S=0.6822, loss=-0.5793]
Epoch 83/150 [train]:  35%|███▍      | 9/26 [00:00<00:00, 85.94it/s, S=0.6714, loss=-0.5708]
Epoch 83/150 [train]:  35%|███▍      | 9/26 [00:00<00:00, 85.94it/s, S=0.6855, loss=-0.5819]
Epoch 83/150 [train]:  35%|███▍      | 9/26 [00:00<00:00, 85.94it/s, S=0.6825, loss=-0.5811]
Epoch 83/150 [train]:  35%|███▍      | 9/26 [00:00<00:00, 85.94it/s, S=0.6774, loss=-0.5706]
Epoch 83/150 [train]:  35%|███▍      | 9/26 [00:00<00:00, 85.94it/s, S=0.6765, loss=-0.5666]
Epoch 83/150 [train]:  35%|███▍      | 9/26 [00:00<00:00, 85.94it/s, S=0.6822, loss=-0.5798]
Epoch 83/150 [train]:  35%|███▍      | 9/26 [00:00<00:00, 85.94it/s, S=0.6738, loss=-0.5677]
Epoch 83/150 [train]:  35%|███▍      | 9/26 [00:00<00:00, 85.94it/s, S=0.6913, loss=-0.5902]
Epoch 83/150 [train]:  69%|██████▉   | 18/26 [00:00<00:00, 86.07it/s, S=0.6913, loss=-0.5902]
Epoch 83/150 [train]:  69%|██████▉   | 18/26 [00:00<00:00, 86.07it/s, S=0.6710, loss=-0.5632]
Epoch 83/150 [train]:  69%|██████▉   | 18/26 [00:00<00:00, 86.07it/s, S=0.6707, loss=-0.5575]
Epoch 83/150 [train]:  69%|██████▉   | 18/26 [00:00<00:00, 86.07it/s, S=0.6931, loss=-0.5878]
Epoch 83/150 [train]:  69%|██████▉   | 18/26 [00:00<00:00, 86.07it/s, S=0.6725, loss=-0.5589]
Epoch 83/150 [train]:  69%|██████▉   | 18/26 [00:00<00:00, 86.07it/s, S=0.6806, loss=-0.5707]
Epoch 83/150 [train]:  69%|██████▉   | 18/26 [00:00<00:00, 86.07it/s, S=0.6866, loss=-0.5800]
Epoch 83/150 [train]:  69%|██████▉   | 18/26 [00:00<00:00, 86.07it/s, S=0.6798, loss=-0.5688]
Epoch 83/150 [train]:  69%|██████▉   | 18/26 [00:00<00:00, 86.07it/s, S=0.6841, loss=-0.5788]
                                                                                             
Epoch  83/150  train loss=-0.5759  val loss=-0.5560  S[mean]=0.6640  ζ=0.4604  mean_plane_ζ=0.4587  reg=0.1080  λscale=1.00  lr=4.68e-04

Epoch 84/150 [train]:   0%|          | 0/26 [00:00<?, ?it/s]
Epoch 84/150 [train]:   0%|          | 0/26 [00:00<?, ?it/s, S=0.6961, loss=-0.5932]
Epoch 84/150 [train]:   0%|          | 0/26 [00:00<?, ?it/s, S=0.7001, loss=-0.5901]
Epoch 84/150 [train]:   0%|          | 0/26 [00:00<?, ?it/s, S=0.6893, loss=-0.5752]
Epoch 84/150 [train]:   0%|          | 0/26 [00:00<?, ?it/s, S=0.6917, loss=-0.5852]
Epoch 84/150 [train]:   0%|          | 0/26 [00:00<?, ?it/s, S=0.6839, loss=-0.5761]
Epoch 84/150 [train]:   0%|          | 0/26 [00:00<?, ?it/s, S=0.6968, loss=-0.5859]
Epoch 84/150 [train]:   0%|          | 0/26 [00:00<?, ?it/s, S=0.6984, loss=-0.5973]
Epoch 84/150 [train]:   0%|          | 0/26 [00:00<?, ?it/s, S=0.6868, loss=-0.5793]
Epoch 84/150 [train]:   0%|          | 0/26 [00:00<?, ?it/s, S=0.6941, loss=-0.5893]
Epoch 84/150 [train]:  35%|███▍      | 9/26 [00:00<00:00, 86.08it/s, S=0.6941, loss=-0.5893]
Epoch 84/150 [train]:  35%|███▍      | 9/26 [00:00<00:00, 86.08it/s, S=0.6897, loss=-0.5858]
Epoch 84/150 [train]:  35%|███▍      | 9/26 [00:00<00:00, 86.08it/s, S=0.6963, loss=-0.5891]
Epoch 84/150 [train]:  35%|███▍      | 9/26 [00:00<00:00, 86.08it/s, S=0.6827, loss=-0.5751]
Epoch 84/150 [train]:  35%|███▍      | 9/26 [00:00<00:00, 86.08it/s, S=0.6964, loss=-0.5904]
Epoch 84/150 [train]:  35%|███▍      | 9/26 [00:00<00:00, 86.08it/s, S=0.6791, loss=-0.5692]
Epoch 84/150 [train]:  35%|███▍      | 9/26 [00:00<00:00, 86.08it/s, S=0.6893, loss=-0.5843]
Epoch 84/150 [train]:  35%|███▍      | 9/26 [00:00<00:00, 86.08it/s, S=0.6936, loss=-0.5902]
Epoch 84/150 [train]:  35%|███▍      | 9/26 [00:00<00:00, 86.08it/s, S=0.6862, loss=-0.5846]
Epoch 84/150 [train]:  35%|███▍      | 9/26 [00:00<00:00, 86.08it/s, S=0.6894, loss=-0.5833]
Epoch 84/150 [train]:  69%|██████▉   | 18/26 [00:00<00:00, 86.14it/s, S=0.6894, loss=-0.5833]
Epoch 84/150 [train]:  69%|██████▉   | 18/26 [00:00<00:00, 86.14it/s, S=0.6849, loss=-0.5736]
Epoch 84/150 [train]:  69%|██████▉   | 18/26 [00:00<00:00, 86.14it/s, S=0.6842, loss=-0.5761]
Epoch 84/150 [train]:  69%|██████▉   | 18/26 [00:00<00:00, 86.14it/s, S=0.6839, loss=-0.5700]
Epoch 84/150 [train]:  69%|██████▉   | 18/26 [00:00<00:00, 86.14it/s, S=0.6909, loss=-0.5844]
Epoch 84/150 [train]:  69%|██████▉   | 18/26 [00:00<00:00, 86.14it/s, S=0.6926, loss=-0.5822]
Epoch 84/150 [train]:  69%|██████▉   | 18/26 [00:00<00:00, 86.14it/s, S=0.6960, loss=-0.5893]
Epoch 84/150 [train]:  69%|██████▉   | 18/26 [00:00<00:00, 86.14it/s, S=0.7007, loss=-0.5950]
Epoch 84/150 [train]:  69%|██████▉   | 18/26 [00:00<00:00, 86.14it/s, S=0.6924, loss=-0.5849]
                                                                                             
Epoch  84/150  train loss=-0.5838  val loss=-0.5629  S[mean]=0.6726  ζ=0.4615  mean_plane_ζ=0.4626  reg=0.1097  λscale=1.00  lr=4.63e-04

Epoch 85/150 [train]:   0%|          | 0/26 [00:00<?, ?it/s]
Epoch 85/150 [train]:   0%|          | 0/26 [00:00<?, ?it/s, S=0.6900, loss=-0.5859]
Epoch 85/150 [train]:   0%|          | 0/26 [00:00<?, ?it/s, S=0.6951, loss=-0.5916]
Epoch 85/150 [train]:   0%|          | 0/26 [00:00<?, ?it/s, S=0.7023, loss=-0.5993]
Epoch 85/150 [train]:   0%|          | 0/26 [00:00<?, ?it/s, S=0.6894, loss=-0.5781]
Epoch 85/150 [train]:   0%|          | 0/26 [00:00<?, ?it/s, S=0.6990, loss=-0.5927]
Epoch 85/150 [train]:   0%|          | 0/26 [00:00<?, ?it/s, S=0.6987, loss=-0.5910]
Epoch 85/150 [train]:   0%|          | 0/26 [00:00<?, ?it/s, S=0.6958, loss=-0.5892]
Epoch 85/150 [train]:   0%|          | 0/26 [00:00<?, ?it/s, S=0.7001, loss=-0.5920]
Epoch 85/150 [train]:   0%|          | 0/26 [00:00<?, ?it/s, S=0.6993, loss=-0.5933]
Epoch 85/150 [train]:  35%|███▍      | 9/26 [00:00<00:00, 85.94it/s, S=0.6993, loss=-0.5933]
Epoch 85/150 [train]:  35%|███▍      | 9/26 [00:00<00:00, 85.94it/s, S=0.7125, loss=-0.6016]
Epoch 85/150 [train]:  35%|███▍      | 9/26 [00:00<00:00, 85.94it/s, S=0.7046, loss=-0.5903]
Epoch 85/150 [train]:  35%|███▍      | 9/26 [00:00<00:00, 85.94it/s, S=0.7040, loss=-0.5808]
Epoch 85/150 [train]:  35%|███▍      | 9/26 [00:00<00:00, 85.94it/s, S=0.6919, loss=-0.5882]
Epoch 85/150 [train]:  35%|███▍      | 9/26 [00:00<00:00, 85.94it/s, S=0.7057, loss=-0.5953]
Epoch 85/150 [train]:  35%|███▍      | 9/26 [00:00<00:00, 85.94it/s, S=0.7033, loss=-0.5955]
Epoch 85/150 [train]:  35%|███▍      | 9/26 [00:00<00:00, 85.94it/s, S=0.7030, loss=-0.5985]
Epoch 85/150 [train]:  35%|███▍      | 9/26 [00:00<00:00, 85.94it/s, S=0.7054, loss=-0.5950]
Epoch 85/150 [train]:  35%|███▍      | 9/26 [00:00<00:00, 85.94it/s, S=0.7035, loss=-0.5987]
Epoch 85/150 [train]:  69%|██████▉   | 18/26 [00:00<00:00, 86.08it/s, S=0.7035, loss=-0.5987]
Epoch 85/150 [train]:  69%|██████▉   | 18/26 [00:00<00:00, 86.08it/s, S=0.6968, loss=-0.5893]
Epoch 85/150 [train]:  69%|██████▉   | 18/26 [00:00<00:00, 86.08it/s, S=0.6954, loss=-0.5877]
Epoch 85/150 [train]:  69%|██████▉   | 18/26 [00:00<00:00, 86.08it/s, S=0.6981, loss=-0.5933]
Epoch 85/150 [train]:  69%|██████▉   | 18/26 [00:00<00:00, 86.08it/s, S=0.6950, loss=-0.5895]
Epoch 85/150 [train]:  69%|██████▉   | 18/26 [00:00<00:00, 86.08it/s, S=0.6990, loss=-0.5875]
Epoch 85/150 [train]:  69%|██████▉   | 18/26 [00:00<00:00, 86.08it/s, S=0.6957, loss=-0.5785]
Epoch 85/150 [train]:  69%|██████▉   | 18/26 [00:00<00:00, 86.08it/s, S=0.6986, loss=-0.5944]
Epoch 85/150 [train]:  69%|██████▉   | 18/26 [00:00<00:00, 86.08it/s, S=0.7041, loss=-0.5987]
                                                                                             
Epoch  85/150  train loss=-0.5914  val loss=-0.5702  S[mean]=0.6806  ζ=0.4622  mean_plane_ζ=0.4662  reg=0.1104  λscale=1.00  lr=4.58e-04

Epoch 86/150 [train]:   0%|          | 0/26 [00:00<?, ?it/s]
Epoch 86/150 [train]:   0%|          | 0/26 [00:00<?, ?it/s, S=0.7104, loss=-0.6015]
Epoch 86/150 [train]:   0%|          | 0/26 [00:00<?, ?it/s, S=0.7109, loss=-0.5996]
Epoch 86/150 [train]:   0%|          | 0/26 [00:00<?, ?it/s, S=0.7073, loss=-0.6026]
Epoch 86/150 [train]:   0%|          | 0/26 [00:00<?, ?it/s, S=0.7210, loss=-0.6123]
Epoch 86/150 [train]:   0%|          | 0/26 [00:00<?, ?it/s, S=0.7049, loss=-0.5958]
Epoch 86/150 [train]:   0%|          | 0/26 [00:00<?, ?it/s, S=0.7034, loss=-0.5821]
Epoch 86/150 [train]:   0%|          | 0/26 [00:00<?, ?it/s, S=0.7054, loss=-0.5974]
Epoch 86/150 [train]:   0%|          | 0/26 [00:00<?, ?it/s, S=0.7150, loss=-0.6099]
Epoch 86/150 [train]:   0%|          | 0/26 [00:00<?, ?it/s, S=0.7005, loss=-0.5917]
Epoch 86/150 [train]:  35%|███▍      | 9/26 [00:00<00:00, 85.99it/s, S=0.7005, loss=-0.5917]
Epoch 86/150 [train]:  35%|███▍      | 9/26 [00:00<00:00, 85.99it/s, S=0.6967, loss=-0.5891]
Epoch 86/150 [train]:  35%|███▍      | 9/26 [00:00<00:00, 85.99it/s, S=0.7020, loss=-0.5939]
Epoch 86/150 [train]:  35%|███▍      | 9/26 [00:00<00:00, 85.99it/s, S=0.7127, loss=-0.6076]
Epoch 86/150 [train]:  35%|███▍      | 9/26 [00:00<00:00, 85.99it/s, S=0.7054, loss=-0.5966]
Epoch 86/150 [train]:  35%|███▍      | 9/26 [00:00<00:00, 85.99it/s, S=0.7032, loss=-0.5995]
Epoch 86/150 [train]:  35%|███▍      | 9/26 [00:00<00:00, 85.99it/s, S=0.7164, loss=-0.6089]
Epoch 86/150 [train]:  35%|███▍      | 9/26 [00:00<00:00, 85.99it/s, S=0.6996, loss=-0.5912]
Epoch 86/150 [train]:  35%|███▍      | 9/26 [00:00<00:00, 85.99it/s, S=0.6996, loss=-0.5958]
Epoch 86/150 [train]:  35%|███▍      | 9/26 [00:00<00:00, 85.99it/s, S=0.6970, loss=-0.5867]
Epoch 86/150 [train]:  69%|██████▉   | 18/26 [00:00<00:00, 86.24it/s, S=0.6970, loss=-0.5867]
Epoch 86/150 [train]:  69%|██████▉   | 18/26 [00:00<00:00, 86.24it/s, S=0.7093, loss=-0.5970]
Epoch 86/150 [train]:  69%|██████▉   | 18/26 [00:00<00:00, 86.24it/s, S=0.6910, loss=-0.5813]
Epoch 86/150 [train]:  69%|██████▉   | 18/26 [00:00<00:00, 86.24it/s, S=0.7131, loss=-0.6076]
Epoch 86/150 [train]:  69%|██████▉   | 18/26 [00:00<00:00, 86.24it/s, S=0.7070, loss=-0.5992]
Epoch 86/150 [train]:  69%|██████▉   | 18/26 [00:00<00:00, 86.24it/s, S=0.6969, loss=-0.5879]
Epoch 86/150 [train]:  69%|██████▉   | 18/26 [00:00<00:00, 86.24it/s, S=0.7088, loss=-0.6047]
Epoch 86/150 [train]:  69%|██████▉   | 18/26 [00:00<00:00, 86.24it/s, S=0.7124, loss=-0.6027]
Epoch 86/150 [train]:  69%|██████▉   | 18/26 [00:00<00:00, 86.24it/s, S=0.7150, loss=-0.6068]
                                                                                             
Epoch  86/150  train loss=-0.5981  val loss=-0.5742  S[mean]=0.6852  ζ=0.4604  mean_plane_ζ=0.4676  reg=0.1110  λscale=1.00  lr=4.52e-04

Epoch 87/150 [train]:   0%|          | 0/26 [00:00<?, ?it/s]
Epoch 87/150 [train]:   0%|          | 0/26 [00:00<?, ?it/s, S=0.7145, loss=-0.6053]
Epoch 87/150 [train]:   0%|          | 0/26 [00:00<?, ?it/s, S=0.7103, loss=-0.6011]
Epoch 87/150 [train]:   0%|          | 0/26 [00:00<?, ?it/s, S=0.7043, loss=-0.5984]
Epoch 87/150 [train]:   0%|          | 0/26 [00:00<?, ?it/s, S=0.7188, loss=-0.6131]
Epoch 87/150 [train]:   0%|          | 0/26 [00:00<?, ?it/s, S=0.6928, loss=-0.5831]
Epoch 87/150 [train]:   0%|          | 0/26 [00:00<?, ?it/s, S=0.7042, loss=-0.5986]
Epoch 87/150 [train]:   0%|          | 0/26 [00:00<?, ?it/s, S=0.7116, loss=-0.5941]
Epoch 87/150 [train]:   0%|          | 0/26 [00:00<?, ?it/s, S=0.7037, loss=-0.5971]
Epoch 87/150 [train]:   0%|          | 0/26 [00:00<?, ?it/s, S=0.7122, loss=-0.6052]
Epoch 87/150 [train]:  35%|███▍      | 9/26 [00:00<00:00, 86.04it/s, S=0.7122, loss=-0.6052]
Epoch 87/150 [train]:  35%|███▍      | 9/26 [00:00<00:00, 86.04it/s, S=0.6996, loss=-0.5804]
Epoch 87/150 [train]:  35%|███▍      | 9/26 [00:00<00:00, 86.04it/s, S=0.7070, loss=-0.5998]
Epoch 87/150 [train]:  35%|███▍      | 9/26 [00:00<00:00, 86.04it/s, S=0.7210, loss=-0.6117]
Epoch 87/150 [train]:  35%|███▍      | 9/26 [00:00<00:00, 86.04it/s, S=0.7028, loss=-0.5874]
Epoch 87/150 [train]:  35%|███▍      | 9/26 [00:00<00:00, 86.04it/s, S=0.7139, loss=-0.6085]
Epoch 87/150 [train]:  35%|███▍      | 9/26 [00:00<00:00, 86.04it/s, S=0.7016, loss=-0.5771]
Epoch 87/150 [train]:  35%|███▍      | 9/26 [00:00<00:00, 86.04it/s, S=0.7101, loss=-0.6048]
Epoch 87/150 [train]:  35%|███▍      | 9/26 [00:00<00:00, 86.04it/s, S=0.7102, loss=-0.6036]
Epoch 87/150 [train]:  35%|███▍      | 9/26 [00:00<00:00, 86.04it/s, S=0.7103, loss=-0.6012]
Epoch 87/150 [train]:  69%|██████▉   | 18/26 [00:00<00:00, 86.05it/s, S=0.7103, loss=-0.6012]
Epoch 87/150 [train]:  69%|██████▉   | 18/26 [00:00<00:00, 86.05it/s, S=0.7101, loss=-0.5998]
Epoch 87/150 [train]:  69%|██████▉   | 18/26 [00:00<00:00, 86.05it/s, S=0.6962, loss=-0.5869]
Epoch 87/150 [train]:  69%|██████▉   | 18/26 [00:00<00:00, 86.05it/s, S=0.7102, loss=-0.5975]
Epoch 87/150 [train]:  69%|██████▉   | 18/26 [00:00<00:00, 86.05it/s, S=0.6950, loss=-0.5890]
Epoch 87/150 [train]:  69%|██████▉   | 18/26 [00:00<00:00, 86.05it/s, S=0.7108, loss=-0.6020]
Epoch 87/150 [train]:  69%|██████▉   | 18/26 [00:00<00:00, 86.05it/s, S=0.7189, loss=-0.6125]
Epoch 87/150 [train]:  69%|██████▉   | 18/26 [00:00<00:00, 86.05it/s, S=0.7252, loss=-0.6215]
Epoch 87/150 [train]:  69%|██████▉   | 18/26 [00:00<00:00, 86.05it/s, S=0.7113, loss=-0.6059]
                                                                                             
Epoch  87/150  train loss=-0.5995  val loss=-0.5811  S[mean]=0.6918  ζ=0.4600  mean_plane_ζ=0.4709  reg=0.1107  λscale=1.00  lr=4.46e-04

Epoch 88/150 [train]:   0%|          | 0/26 [00:00<?, ?it/s]
Epoch 88/150 [train]:   0%|          | 0/26 [00:00<?, ?it/s, S=0.7373, loss=-0.6282]
Epoch 88/150 [train]:   0%|          | 0/26 [00:00<?, ?it/s, S=0.7279, loss=-0.6153]
Epoch 88/150 [train]:   0%|          | 0/26 [00:00<?, ?it/s, S=0.6999, loss=-0.5862]
Epoch 88/150 [train]:   0%|          | 0/26 [00:00<?, ?it/s, S=0.7119, loss=-0.6047]
Epoch 88/150 [train]:   0%|          | 0/26 [00:00<?, ?it/s, S=0.7172, loss=-0.6063]
Epoch 88/150 [train]:   0%|          | 0/26 [00:00<?, ?it/s, S=0.7274, loss=-0.6200]
Epoch 88/150 [train]:   0%|          | 0/26 [00:00<?, ?it/s, S=0.7260, loss=-0.6217]
Epoch 88/150 [train]:   0%|          | 0/26 [00:00<?, ?it/s, S=0.7127, loss=-0.6029]
Epoch 88/150 [train]:   0%|          | 0/26 [00:00<?, ?it/s, S=0.7268, loss=-0.6187]
Epoch 88/150 [train]:  35%|███▍      | 9/26 [00:00<00:00, 85.91it/s, S=0.7268, loss=-0.6187]
Epoch 88/150 [train]:  35%|███▍      | 9/26 [00:00<00:00, 85.91it/s, S=0.7114, loss=-0.5974]
Epoch 88/150 [train]:  35%|███▍      | 9/26 [00:00<00:00, 85.91it/s, S=0.7052, loss=-0.5923]
Epoch 88/150 [train]:  35%|███▍      | 9/26 [00:00<00:00, 85.91it/s, S=0.7205, loss=-0.6145]
Epoch 88/150 [train]:  35%|███▍      | 9/26 [00:00<00:00, 85.91it/s, S=0.7070, loss=-0.6005]
Epoch 88/150 [train]:  35%|███▍      | 9/26 [00:00<00:00, 85.91it/s, S=0.7126, loss=-0.6068]
Epoch 88/150 [train]:  35%|███▍      | 9/26 [00:00<00:00, 85.91it/s, S=0.6932, loss=-0.5841]
Epoch 88/150 [train]:  35%|███▍      | 9/26 [00:00<00:00, 85.91it/s, S=0.7257, loss=-0.6180]
Epoch 88/150 [train]:  35%|███▍      | 9/26 [00:00<00:00, 85.91it/s, S=0.7037, loss=-0.5948]
Epoch 88/150 [train]:  35%|███▍      | 9/26 [00:00<00:00, 85.91it/s, S=0.7175, loss=-0.6057]
Epoch 88/150 [train]:  69%|██████▉   | 18/26 [00:00<00:00, 85.96it/s, S=0.7175, loss=-0.6057]
Epoch 88/150 [train]:  69%|██████▉   | 18/26 [00:00<00:00, 85.96it/s, S=0.7167, loss=-0.6095]
Epoch 88/150 [train]:  69%|██████▉   | 18/26 [00:00<00:00, 85.96it/s, S=0.7263, loss=-0.6201]
Epoch 88/150 [train]:  69%|██████▉   | 18/26 [00:00<00:00, 85.96it/s, S=0.7144, loss=-0.6040]
Epoch 88/150 [train]:  69%|██████▉   | 18/26 [00:00<00:00, 85.96it/s, S=0.7302, loss=-0.6152]
Epoch 88/150 [train]:  69%|██████▉   | 18/26 [00:00<00:00, 85.96it/s, S=0.7211, loss=-0.6115]
Epoch 88/150 [train]:  69%|██████▉   | 18/26 [00:00<00:00, 85.96it/s, S=0.7262, loss=-0.6184]
Epoch 88/150 [train]:  69%|██████▉   | 18/26 [00:00<00:00, 85.96it/s, S=0.7158, loss=-0.6096]
Epoch 88/150 [train]:  69%|██████▉   | 18/26 [00:00<00:00, 85.96it/s, S=0.7213, loss=-0.6048]
                                                                                             
Epoch  88/150  train loss=-0.6081  val loss=-0.5873  S[mean]=0.6989  ζ=0.4590  mean_plane_ζ=0.4730  reg=0.1116  λscale=1.00  lr=4.40e-04

Epoch 89/150 [train]:   0%|          | 0/26 [00:00<?, ?it/s]
Epoch 89/150 [train]:   0%|          | 0/26 [00:00<?, ?it/s, S=0.7244, loss=-0.6083]
Epoch 89/150 [train]:   0%|          | 0/26 [00:00<?, ?it/s, S=0.7157, loss=-0.6078]
Epoch 89/150 [train]:   0%|          | 0/26 [00:00<?, ?it/s, S=0.7397, loss=-0.6305]
Epoch 89/150 [train]:   0%|          | 0/26 [00:00<?, ?it/s, S=0.7036, loss=-0.5964]
Epoch 89/150 [train]:   0%|          | 0/26 [00:00<?, ?it/s, S=0.7253, loss=-0.6184]
Epoch 89/150 [train]:   0%|          | 0/26 [00:00<?, ?it/s, S=0.7300, loss=-0.6220]
Epoch 89/150 [train]:   0%|          | 0/26 [00:00<?, ?it/s, S=0.7218, loss=-0.6170]
Epoch 89/150 [train]:   0%|          | 0/26 [00:00<?, ?it/s, S=0.7306, loss=-0.6258]
Epoch 89/150 [train]:   0%|          | 0/26 [00:00<?, ?it/s, S=0.7179, loss=-0.6067]
Epoch 89/150 [train]:  35%|███▍      | 9/26 [00:00<00:00, 85.97it/s, S=0.7179, loss=-0.6067]
Epoch 89/150 [train]:  35%|███▍      | 9/26 [00:00<00:00, 85.97it/s, S=0.7322, loss=-0.6221]
Epoch 89/150 [train]:  35%|███▍      | 9/26 [00:00<00:00, 85.97it/s, S=0.7223, loss=-0.6107]
Epoch 89/150 [train]:  35%|███▍      | 9/26 [00:00<00:00, 85.97it/s, S=0.7381, loss=-0.6329]
Epoch 89/150 [train]:  35%|███▍      | 9/26 [00:00<00:00, 85.97it/s, S=0.7077, loss=-0.5951]
Epoch 89/150 [train]:  35%|███▍      | 9/26 [00:00<00:00, 85.97it/s, S=0.7158, loss=-0.6026]
Epoch 89/150 [train]:  35%|███▍      | 9/26 [00:00<00:00, 85.97it/s, S=0.7177, loss=-0.6009]
Epoch 89/150 [train]:  35%|███▍      | 9/26 [00:00<00:00, 85.97it/s, S=0.6923, loss=-0.5824]
Epoch 89/150 [train]:  35%|███▍      | 9/26 [00:00<00:00, 85.97it/s, S=0.7287, loss=-0.6201]
Epoch 89/150 [train]:  35%|███▍      | 9/26 [00:00<00:00, 85.97it/s, S=0.7186, loss=-0.6051]
Epoch 89/150 [train]:  69%|██████▉   | 18/26 [00:00<00:00, 85.94it/s, S=0.7186, loss=-0.6051]
Epoch 89/150 [train]:  69%|██████▉   | 18/26 [00:00<00:00, 85.94it/s, S=0.7220, loss=-0.6118]
Epoch 89/150 [train]:  69%|██████▉   | 18/26 [00:00<00:00, 85.94it/s, S=0.7344, loss=-0.6263]
Epoch 89/150 [train]:  69%|██████▉   | 18/26 [00:00<00:00, 85.94it/s, S=0.7228, loss=-0.6132]
Epoch 89/150 [train]:  69%|██████▉   | 18/26 [00:00<00:00, 85.94it/s, S=0.7170, loss=-0.6038]
Epoch 89/150 [train]:  69%|██████▉   | 18/26 [00:00<00:00, 85.94it/s, S=0.7302, loss=-0.6179]
Epoch 89/150 [train]:  69%|██████▉   | 18/26 [00:00<00:00, 85.94it/s, S=0.7344, loss=-0.6239]
Epoch 89/150 [train]:  69%|██████▉   | 18/26 [00:00<00:00, 85.94it/s, S=0.7342, loss=-0.6213]
Epoch 89/150 [train]:  69%|██████▉   | 18/26 [00:00<00:00, 85.94it/s, S=0.7265, loss=-0.6183]
                                                                                             
Epoch  89/150  train loss=-0.6131  val loss=-0.5918  S[mean]=0.7046  ζ=0.4585  mean_plane_ζ=0.4751  reg=0.1128  λscale=1.00  lr=4.34e-04

Epoch 90/150 [train]:   0%|          | 0/26 [00:00<?, ?it/s]
Epoch 90/150 [train]:   0%|          | 0/26 [00:00<?, ?it/s, S=0.7260, loss=-0.6152]
Epoch 90/150 [train]:   0%|          | 0/26 [00:00<?, ?it/s, S=0.7159, loss=-0.6035]
Epoch 90/150 [train]:   0%|          | 0/26 [00:00<?, ?it/s, S=0.7328, loss=-0.6264]
Epoch 90/150 [train]:   0%|          | 0/26 [00:00<?, ?it/s, S=0.7181, loss=-0.6091]
Epoch 90/150 [train]:   0%|          | 0/26 [00:00<?, ?it/s, S=0.7260, loss=-0.6068]
Epoch 90/150 [train]:   0%|          | 0/26 [00:00<?, ?it/s, S=0.7304, loss=-0.6167]
Epoch 90/150 [train]:   0%|          | 0/26 [00:00<?, ?it/s, S=0.7225, loss=-0.6136]
Epoch 90/150 [train]:   0%|          | 0/26 [00:00<?, ?it/s, S=0.7317, loss=-0.6174]
Epoch 90/150 [train]:   0%|          | 0/26 [00:00<?, ?it/s, S=0.7304, loss=-0.6212]
Epoch 90/150 [train]:  35%|███▍      | 9/26 [00:00<00:00, 85.81it/s, S=0.7304, loss=-0.6212]
Epoch 90/150 [train]:  35%|███▍      | 9/26 [00:00<00:00, 85.81it/s, S=0.7222, loss=-0.6146]
Epoch 90/150 [train]:  35%|███▍      | 9/26 [00:00<00:00, 85.81it/s, S=0.7414, loss=-0.6225]
Epoch 90/150 [train]:  35%|███▍      | 9/26 [00:00<00:00, 85.81it/s, S=0.7220, loss=-0.6084]
Epoch 90/150 [train]:  35%|███▍      | 9/26 [00:00<00:00, 85.81it/s, S=0.7238, loss=-0.6127]
Epoch 90/150 [train]:  35%|███▍      | 9/26 [00:00<00:00, 85.81it/s, S=0.7065, loss=-0.5928]
Epoch 90/150 [train]:  35%|███▍      | 9/26 [00:00<00:00, 85.81it/s, S=0.7314, loss=-0.6175]
Epoch 90/150 [train]:  35%|███▍      | 9/26 [00:00<00:00, 85.81it/s, S=0.7285, loss=-0.6120]
Epoch 90/150 [train]:  35%|███▍      | 9/26 [00:00<00:00, 85.81it/s, S=0.7345, loss=-0.6191]
Epoch 90/150 [train]:  35%|███▍      | 9/26 [00:00<00:00, 85.81it/s, S=0.7296, loss=-0.6195]
Epoch 90/150 [train]:  69%|██████▉   | 18/26 [00:00<00:00, 85.94it/s, S=0.7296, loss=-0.6195]
Epoch 90/150 [train]:  69%|██████▉   | 18/26 [00:00<00:00, 85.94it/s, S=0.7125, loss=-0.5947]
Epoch 90/150 [train]:  69%|██████▉   | 18/26 [00:00<00:00, 85.94it/s, S=0.7080, loss=-0.5953]
Epoch 90/150 [train]:  69%|██████▉   | 18/26 [00:00<00:00, 85.94it/s, S=0.7111, loss=-0.5939]
Epoch 90/150 [train]:  69%|██████▉   | 18/26 [00:00<00:00, 85.94it/s, S=0.7274, loss=-0.6025]
Epoch 90/150 [train]:  69%|██████▉   | 18/26 [00:00<00:00, 85.94it/s, S=0.7327, loss=-0.6236]
Epoch 90/150 [train]:  69%|██████▉   | 18/26 [00:00<00:00, 85.94it/s, S=0.7110, loss=-0.5986]
Epoch 90/150 [train]:  69%|██████▉   | 18/26 [00:00<00:00, 85.94it/s, S=0.7099, loss=-0.5948]
Epoch 90/150 [train]:  69%|██████▉   | 18/26 [00:00<00:00, 85.94it/s, S=0.7055, loss=-0.5939]
                                                                                             
Epoch  90/150  train loss=-0.6095  val loss=-0.5946  S[mean]=0.7087  ζ=0.4566  mean_plane_ζ=0.4754  reg=0.1141  λscale=1.00  lr=4.27e-04

Epoch 91/150 [train]:   0%|          | 0/26 [00:00<?, ?it/s]
Epoch 91/150 [train]:   0%|          | 0/26 [00:00<?, ?it/s, S=0.7430, loss=-0.6346]
Epoch 91/150 [train]:   0%|          | 0/26 [00:00<?, ?it/s, S=0.7348, loss=-0.6206]
Epoch 91/150 [train]:   0%|          | 0/26 [00:00<?, ?it/s, S=0.7425, loss=-0.6334]
Epoch 91/150 [train]:   0%|          | 0/26 [00:00<?, ?it/s, S=0.7303, loss=-0.6167]
Epoch 91/150 [train]:   0%|          | 0/26 [00:00<?, ?it/s, S=0.7291, loss=-0.6174]
Epoch 91/150 [train]:   0%|          | 0/26 [00:00<?, ?it/s, S=0.7300, loss=-0.6239]
Epoch 91/150 [train]:   0%|          | 0/26 [00:00<?, ?it/s, S=0.7436, loss=-0.6319]
Epoch 91/150 [train]:   0%|          | 0/26 [00:00<?, ?it/s, S=0.7220, loss=-0.6079]
Epoch 91/150 [train]:   0%|          | 0/26 [00:00<?, ?it/s, S=0.7292, loss=-0.6085]
Epoch 91/150 [train]:  35%|███▍      | 9/26 [00:00<00:00, 85.92it/s, S=0.7292, loss=-0.6085]
Epoch 91/150 [train]:  35%|███▍      | 9/26 [00:00<00:00, 85.92it/s, S=0.7424, loss=-0.6315]
Epoch 91/150 [train]:  35%|███▍      | 9/26 [00:00<00:00, 85.92it/s, S=0.7360, loss=-0.6204]
Epoch 91/150 [train]:  35%|███▍      | 9/26 [00:00<00:00, 85.92it/s, S=0.7220, loss=-0.6083]
Epoch 91/150 [train]:  35%|███▍      | 9/26 [00:00<00:00, 85.92it/s, S=0.7380, loss=-0.6245]
Epoch 91/150 [train]:  35%|███▍      | 9/26 [00:00<00:00, 85.92it/s, S=0.7252, loss=-0.6125]
Epoch 91/150 [train]:  35%|███▍      | 9/26 [00:00<00:00, 85.92it/s, S=0.7389, loss=-0.6293]
Epoch 91/150 [train]:  35%|███▍      | 9/26 [00:00<00:00, 85.92it/s, S=0.7274, loss=-0.6103]
Epoch 91/150 [train]:  35%|███▍      | 9/26 [00:00<00:00, 85.92it/s, S=0.7435, loss=-0.6292]
Epoch 91/150 [train]:  35%|███▍      | 9/26 [00:00<00:00, 85.92it/s, S=0.7244, loss=-0.6095]
Epoch 91/150 [train]:  69%|██████▉   | 18/26 [00:00<00:00, 85.94it/s, S=0.7244, loss=-0.6095]
Epoch 91/150 [train]:  69%|██████▉   | 18/26 [00:00<00:00, 85.94it/s, S=0.7304, loss=-0.6197]
Epoch 91/150 [train]:  69%|██████▉   | 18/26 [00:00<00:00, 85.94it/s, S=0.7127, loss=-0.5993]
Epoch 91/150 [train]:  69%|██████▉   | 18/26 [00:00<00:00, 85.94it/s, S=0.7378, loss=-0.6220]
Epoch 91/150 [train]:  69%|██████▉   | 18/26 [00:00<00:00, 85.94it/s, S=0.7350, loss=-0.6250]
Epoch 91/150 [train]:  69%|██████▉   | 18/26 [00:00<00:00, 85.94it/s, S=0.7326, loss=-0.6182]
Epoch 91/150 [train]:  69%|██████▉   | 18/26 [00:00<00:00, 85.94it/s, S=0.7339, loss=-0.6183]
Epoch 91/150 [train]:  69%|██████▉   | 18/26 [00:00<00:00, 85.94it/s, S=0.7353, loss=-0.6233]
Epoch 91/150 [train]:  69%|██████▉   | 18/26 [00:00<00:00, 85.94it/s, S=0.7387, loss=-0.6254]
                                                                                             
Epoch  91/150  train loss=-0.6201  val loss=-0.5984  S[mean]=0.7137  ζ=0.4574  mean_plane_ζ=0.4772  reg=0.1153  λscale=1.00  lr=4.20e-04

Epoch 92/150 [train]:   0%|          | 0/26 [00:00<?, ?it/s]
Epoch 92/150 [train]:   0%|          | 0/26 [00:00<?, ?it/s, S=0.7424, loss=-0.6319]
Epoch 92/150 [train]:   0%|          | 0/26 [00:00<?, ?it/s, S=0.7300, loss=-0.6189]
Epoch 92/150 [train]:   0%|          | 0/26 [00:00<?, ?it/s, S=0.7516, loss=-0.6395]
Epoch 92/150 [train]:   0%|          | 0/26 [00:00<?, ?it/s, S=0.7507, loss=-0.6412]
Epoch 92/150 [train]:   0%|          | 0/26 [00:00<?, ?it/s, S=0.7244, loss=-0.6106]
Epoch 92/150 [train]:   0%|          | 0/26 [00:00<?, ?it/s, S=0.7241, loss=-0.6071]
Epoch 92/150 [train]:   0%|          | 0/26 [00:00<?, ?it/s, S=0.7327, loss=-0.6210]
Epoch 92/150 [train]:   0%|          | 0/26 [00:00<?, ?it/s, S=0.7406, loss=-0.6269]
Epoch 92/150 [train]:   0%|          | 0/26 [00:00<?, ?it/s, S=0.7358, loss=-0.6158]
Epoch 92/150 [train]:  35%|███▍      | 9/26 [00:00<00:00, 86.02it/s, S=0.7358, loss=-0.6158]
Epoch 92/150 [train]:  35%|███▍      | 9/26 [00:00<00:00, 86.02it/s, S=0.7417, loss=-0.6321]
Epoch 92/150 [train]:  35%|███▍      | 9/26 [00:00<00:00, 86.02it/s, S=0.7414, loss=-0.6289]
Epoch 92/150 [train]:  35%|███▍      | 9/26 [00:00<00:00, 86.02it/s, S=0.7333, loss=-0.6173]
Epoch 92/150 [train]:  35%|███▍      | 9/26 [00:00<00:00, 86.02it/s, S=0.7572, loss=-0.6475]
Epoch 92/150 [train]:  35%|███▍      | 9/26 [00:00<00:00, 86.02it/s, S=0.7402, loss=-0.6213]
Epoch 92/150 [train]:  35%|███▍      | 9/26 [00:00<00:00, 86.02it/s, S=0.7418, loss=-0.6312]
Epoch 92/150 [train]:  35%|███▍      | 9/26 [00:00<00:00, 86.02it/s, S=0.7377, loss=-0.6275]
Epoch 92/150 [train]:  35%|███▍      | 9/26 [00:00<00:00, 86.02it/s, S=0.7342, loss=-0.6211]
Epoch 92/150 [train]:  35%|███▍      | 9/26 [00:00<00:00, 86.02it/s, S=0.7475, loss=-0.6389]
Epoch 92/150 [train]:  69%|██████▉   | 18/26 [00:00<00:00, 85.80it/s, S=0.7475, loss=-0.6389]
Epoch 92/150 [train]:  69%|██████▉   | 18/26 [00:00<00:00, 85.80it/s, S=0.7435, loss=-0.6332]
Epoch 92/150 [train]:  69%|██████▉   | 18/26 [00:00<00:00, 85.80it/s, S=0.7383, loss=-0.6236]
Epoch 92/150 [train]:  69%|██████▉   | 18/26 [00:00<00:00, 85.80it/s, S=0.7389, loss=-0.6276]
Epoch 92/150 [train]:  69%|██████▉   | 18/26 [00:00<00:00, 85.80it/s, S=0.7376, loss=-0.6212]
Epoch 92/150 [train]:  69%|██████▉   | 18/26 [00:00<00:00, 85.80it/s, S=0.7263, loss=-0.6094]
Epoch 92/150 [train]:  69%|██████▉   | 18/26 [00:00<00:00, 85.80it/s, S=0.7296, loss=-0.6095]
Epoch 92/150 [train]:  69%|██████▉   | 18/26 [00:00<00:00, 85.80it/s, S=0.7456, loss=-0.6361]
Epoch 92/150 [train]:  69%|██████▉   | 18/26 [00:00<00:00, 85.80it/s, S=0.7202, loss=-0.6055]
                                                                                             
Epoch  92/150  train loss=-0.6248  val loss=-0.6015  S[mean]=0.7174  ζ=0.4579  mean_plane_ζ=0.4781  reg=0.1159  λscale=1.00  lr=4.12e-04

Epoch 93/150 [train]:   0%|          | 0/26 [00:00<?, ?it/s]
Epoch 93/150 [train]:   0%|          | 0/26 [00:00<?, ?it/s, S=0.7291, loss=-0.6120]
Epoch 93/150 [train]:   0%|          | 0/26 [00:00<?, ?it/s, S=0.7355, loss=-0.6164]
Epoch 93/150 [train]:   0%|          | 0/26 [00:00<?, ?it/s, S=0.7449, loss=-0.6321]
Epoch 93/150 [train]:   0%|          | 0/26 [00:00<?, ?it/s, S=0.7288, loss=-0.6197]
Epoch 93/150 [train]:   0%|          | 0/26 [00:00<?, ?it/s, S=0.7510, loss=-0.6399]
Epoch 93/150 [train]:   0%|          | 0/26 [00:00<?, ?it/s, S=0.7321, loss=-0.6216]
Epoch 93/150 [train]:   0%|          | 0/26 [00:00<?, ?it/s, S=0.7284, loss=-0.6075]
Epoch 93/150 [train]:   0%|          | 0/26 [00:00<?, ?it/s, S=0.7490, loss=-0.6357]
Epoch 93/150 [train]:   0%|          | 0/26 [00:00<?, ?it/s, S=0.7290, loss=-0.6111]
Epoch 93/150 [train]:  35%|███▍      | 9/26 [00:00<00:00, 85.67it/s, S=0.7290, loss=-0.6111]
Epoch 93/150 [train]:  35%|███▍      | 9/26 [00:00<00:00, 85.67it/s, S=0.7461, loss=-0.6319]
Epoch 93/150 [train]:  35%|███▍      | 9/26 [00:00<00:00, 85.67it/s, S=0.7456, loss=-0.6369]
Epoch 93/150 [train]:  35%|███▍      | 9/26 [00:00<00:00, 85.67it/s, S=0.7243, loss=-0.6115]
Epoch 93/150 [train]:  35%|███▍      | 9/26 [00:00<00:00, 85.67it/s, S=0.7479, loss=-0.6322]
Epoch 93/150 [train]:  35%|███▍      | 9/26 [00:00<00:00, 85.67it/s, S=0.7283, loss=-0.6171]
Epoch 93/150 [train]:  35%|███▍      | 9/26 [00:00<00:00, 85.67it/s, S=0.7349, loss=-0.6199]
Epoch 93/150 [train]:  35%|███▍      | 9/26 [00:00<00:00, 85.67it/s, S=0.7516, loss=-0.6314]
Epoch 93/150 [train]:  35%|███▍      | 9/26 [00:00<00:00, 85.67it/s, S=0.7577, loss=-0.6461]
Epoch 93/150 [train]:  35%|███▍      | 9/26 [00:00<00:00, 85.67it/s, S=0.7295, loss=-0.6135]
Epoch 93/150 [train]:  69%|██████▉   | 18/26 [00:00<00:00, 85.94it/s, S=0.7295, loss=-0.6135]
Epoch 93/150 [train]:  69%|██████▉   | 18/26 [00:00<00:00, 85.94it/s, S=0.7573, loss=-0.6469]
Epoch 93/150 [train]:  69%|██████▉   | 18/26 [00:00<00:00, 85.94it/s, S=0.7309, loss=-0.6124]
Epoch 93/150 [train]:  69%|██████▉   | 18/26 [00:00<00:00, 85.94it/s, S=0.7296, loss=-0.6045]
Epoch 93/150 [train]:  69%|██████▉   | 18/26 [00:00<00:00, 85.94it/s, S=0.7400, loss=-0.6295]
Epoch 93/150 [train]:  69%|██████▉   | 18/26 [00:00<00:00, 85.94it/s, S=0.7291, loss=-0.6145]
Epoch 93/150 [train]:  69%|██████▉   | 18/26 [00:00<00:00, 85.94it/s, S=0.7389, loss=-0.6278]
Epoch 93/150 [train]:  69%|██████▉   | 18/26 [00:00<00:00, 85.94it/s, S=0.7375, loss=-0.6251]
Epoch 93/150 [train]:  69%|██████▉   | 18/26 [00:00<00:00, 85.94it/s, S=0.7627, loss=-0.6531]
                                                                                             
Epoch  93/150  train loss=-0.6250  val loss=-0.6016  S[mean]=0.7178  ζ=0.4562  mean_plane_ζ=0.4774  reg=0.1162  λscale=1.00  lr=4.05e-04

Epoch 94/150 [train]:   0%|          | 0/26 [00:00<?, ?it/s]
Epoch 94/150 [train]:   0%|          | 0/26 [00:00<?, ?it/s, S=0.7230, loss=-0.6066]
Epoch 94/150 [train]:   0%|          | 0/26 [00:00<?, ?it/s, S=0.7600, loss=-0.6445]
Epoch 94/150 [train]:   0%|          | 0/26 [00:00<?, ?it/s, S=0.7543, loss=-0.6414]
Epoch 94/150 [train]:   0%|          | 0/26 [00:00<?, ?it/s, S=0.7535, loss=-0.6443]
Epoch 94/150 [train]:   0%|          | 0/26 [00:00<?, ?it/s, S=0.7547, loss=-0.6349]
Epoch 94/150 [train]:   0%|          | 0/26 [00:00<?, ?it/s, S=0.7470, loss=-0.6373]
Epoch 94/150 [train]:   0%|          | 0/26 [00:00<?, ?it/s, S=0.7367, loss=-0.6277]
Epoch 94/150 [train]:   0%|          | 0/26 [00:00<?, ?it/s, S=0.7368, loss=-0.6234]
Epoch 94/150 [train]:   0%|          | 0/26 [00:00<?, ?it/s, S=0.7549, loss=-0.6451]
Epoch 94/150 [train]:  35%|███▍      | 9/26 [00:00<00:00, 85.47it/s, S=0.7549, loss=-0.6451]
Epoch 94/150 [train]:  35%|███▍      | 9/26 [00:00<00:00, 85.47it/s, S=0.7679, loss=-0.6595]
Epoch 94/150 [train]:  35%|███▍      | 9/26 [00:00<00:00, 85.47it/s, S=0.7267, loss=-0.6144]
Epoch 94/150 [train]:  35%|███▍      | 9/26 [00:00<00:00, 85.47it/s, S=0.7506, loss=-0.6403]
Epoch 94/150 [train]:  35%|███▍      | 9/26 [00:00<00:00, 85.47it/s, S=0.7577, loss=-0.6469]
Epoch 94/150 [train]:  35%|███▍      | 9/26 [00:00<00:00, 85.47it/s, S=0.7265, loss=-0.6104]
Epoch 94/150 [train]:  35%|███▍      | 9/26 [00:00<00:00, 85.47it/s, S=0.7374, loss=-0.6211]
Epoch 94/150 [train]:  35%|███▍      | 9/26 [00:00<00:00, 85.47it/s, S=0.7314, loss=-0.6185]
Epoch 94/150 [train]:  35%|███▍      | 9/26 [00:00<00:00, 85.47it/s, S=0.7308, loss=-0.6130]
Epoch 94/150 [train]:  35%|███▍      | 9/26 [00:00<00:00, 85.47it/s, S=0.7376, loss=-0.6264]
Epoch 94/150 [train]:  69%|██████▉   | 18/26 [00:00<00:00, 85.96it/s, S=0.7376, loss=-0.6264]
Epoch 94/150 [train]:  69%|██████▉   | 18/26 [00:00<00:00, 85.96it/s, S=0.7422, loss=-0.6304]
Epoch 94/150 [train]:  69%|██████▉   | 18/26 [00:00<00:00, 85.96it/s, S=0.7505, loss=-0.6364]
Epoch 94/150 [train]:  69%|██████▉   | 18/26 [00:00<00:00, 85.96it/s, S=0.7301, loss=-0.6188]
Epoch 94/150 [train]:  69%|██████▉   | 18/26 [00:00<00:00, 85.96it/s, S=0.7357, loss=-0.6226]
Epoch 94/150 [train]:  69%|██████▉   | 18/26 [00:00<00:00, 85.96it/s, S=0.7317, loss=-0.6175]
Epoch 94/150 [train]:  69%|██████▉   | 18/26 [00:00<00:00, 85.96it/s, S=0.7484, loss=-0.6232]
Epoch 94/150 [train]:  69%|██████▉   | 18/26 [00:00<00:00, 85.96it/s, S=0.7472, loss=-0.6356]
Epoch 94/150 [train]:  69%|██████▉   | 18/26 [00:00<00:00, 85.96it/s, S=0.7488, loss=-0.6362]
                                                                                             
Epoch  94/150  train loss=-0.6299  val loss=-0.6038  S[mean]=0.7196  ζ=0.4572  mean_plane_ζ=0.4791  reg=0.1158  λscale=1.00  lr=3.97e-04

Epoch 95/150 [train]:   0%|          | 0/26 [00:00<?, ?it/s]
Epoch 95/150 [train]:   0%|          | 0/26 [00:00<?, ?it/s, S=0.7606, loss=-0.6499]
Epoch 95/150 [train]:   0%|          | 0/26 [00:00<?, ?it/s, S=0.7518, loss=-0.6382]
Epoch 95/150 [train]:   0%|          | 0/26 [00:00<?, ?it/s, S=0.7456, loss=-0.6311]
Epoch 95/150 [train]:   0%|          | 0/26 [00:00<?, ?it/s, S=0.7571, loss=-0.6441]
Epoch 95/150 [train]:   0%|          | 0/26 [00:00<?, ?it/s, S=0.7332, loss=-0.6143]
Epoch 95/150 [train]:   0%|          | 0/26 [00:00<?, ?it/s, S=0.7450, loss=-0.6304]
Epoch 95/150 [train]:   0%|          | 0/26 [00:00<?, ?it/s, S=0.7581, loss=-0.6477]
Epoch 95/150 [train]:   0%|          | 0/26 [00:00<?, ?it/s, S=0.7640, loss=-0.6528]
Epoch 95/150 [train]:   0%|          | 0/26 [00:00<?, ?it/s, S=0.7436, loss=-0.6255]
Epoch 95/150 [train]:  35%|███▍      | 9/26 [00:00<00:00, 85.84it/s, S=0.7436, loss=-0.6255]
Epoch 95/150 [train]:  35%|███▍      | 9/26 [00:00<00:00, 85.84it/s, S=0.7400, loss=-0.6270]
Epoch 95/150 [train]:  35%|███▍      | 9/26 [00:00<00:00, 85.84it/s, S=0.7363, loss=-0.6128]
Epoch 95/150 [train]:  35%|███▍      | 9/26 [00:00<00:00, 85.84it/s, S=0.7357, loss=-0.6260]
Epoch 95/150 [train]:  35%|███▍      | 9/26 [00:00<00:00, 85.84it/s, S=0.7472, loss=-0.6360]
Epoch 95/150 [train]:  35%|███▍      | 9/26 [00:00<00:00, 85.84it/s, S=0.7299, loss=-0.6050]
Epoch 95/150 [train]:  35%|███▍      | 9/26 [00:00<00:00, 85.84it/s, S=0.7432, loss=-0.6251]
Epoch 95/150 [train]:  35%|███▍      | 9/26 [00:00<00:00, 85.84it/s, S=0.7436, loss=-0.6188]
Epoch 95/150 [train]:  35%|███▍      | 9/26 [00:00<00:00, 85.84it/s, S=0.7509, loss=-0.6413]
Epoch 95/150 [train]:  35%|███▍      | 9/26 [00:00<00:00, 85.84it/s, S=0.7435, loss=-0.6320]
Epoch 95/150 [train]:  69%|██████▉   | 18/26 [00:00<00:00, 86.01it/s, S=0.7435, loss=-0.6320]
Epoch 95/150 [train]:  69%|██████▉   | 18/26 [00:00<00:00, 86.01it/s, S=0.7334, loss=-0.6202]
Epoch 95/150 [train]:  69%|██████▉   | 18/26 [00:00<00:00, 86.01it/s, S=0.7386, loss=-0.6291]
Epoch 95/150 [train]:  69%|██████▉   | 18/26 [00:00<00:00, 86.01it/s, S=0.7458, loss=-0.6342]
Epoch 95/150 [train]:  69%|██████▉   | 18/26 [00:00<00:00, 86.01it/s, S=0.7379, loss=-0.6277]
Epoch 95/150 [train]:  69%|██████▉   | 18/26 [00:00<00:00, 86.01it/s, S=0.7600, loss=-0.6496]
Epoch 95/150 [train]:  69%|██████▉   | 18/26 [00:00<00:00, 86.01it/s, S=0.7276, loss=-0.6108]
Epoch 95/150 [train]:  69%|██████▉   | 18/26 [00:00<00:00, 86.01it/s, S=0.7535, loss=-0.6352]
Epoch 95/150 [train]:  69%|██████▉   | 18/26 [00:00<00:00, 86.01it/s, S=0.7411, loss=-0.6303]
                                                                                             
Epoch  95/150  train loss=-0.6306  val loss=-0.6049  S[mean]=0.7210  ζ=0.4564  mean_plane_ζ=0.4795  reg=0.1161  λscale=1.00  lr=3.89e-04

Epoch 96/150 [train]:   0%|          | 0/26 [00:00<?, ?it/s]
Epoch 96/150 [train]:   0%|          | 0/26 [00:00<?, ?it/s, S=0.7185, loss=-0.5840]
Epoch 96/150 [train]:   0%|          | 0/26 [00:00<?, ?it/s, S=0.7483, loss=-0.6343]
Epoch 96/150 [train]:   0%|          | 0/26 [00:00<?, ?it/s, S=0.7423, loss=-0.6297]
Epoch 96/150 [train]:   0%|          | 0/26 [00:00<?, ?it/s, S=0.7375, loss=-0.6197]
Epoch 96/150 [train]:   0%|          | 0/26 [00:00<?, ?it/s, S=0.7516, loss=-0.6374]
Epoch 96/150 [train]:   0%|          | 0/26 [00:00<?, ?it/s, S=0.7454, loss=-0.6339]
Epoch 96/150 [train]:   0%|          | 0/26 [00:00<?, ?it/s, S=0.7450, loss=-0.6317]
Epoch 96/150 [train]:   0%|          | 0/26 [00:00<?, ?it/s, S=0.7417, loss=-0.6187]
Epoch 96/150 [train]:   0%|          | 0/26 [00:00<?, ?it/s, S=0.7466, loss=-0.6331]
Epoch 96/150 [train]:  35%|███▍      | 9/26 [00:00<00:00, 86.02it/s, S=0.7466, loss=-0.6331]
Epoch 96/150 [train]:  35%|███▍      | 9/26 [00:00<00:00, 86.02it/s, S=0.7485, loss=-0.6337]
Epoch 96/150 [train]:  35%|███▍      | 9/26 [00:00<00:00, 86.02it/s, S=0.7497, loss=-0.6406]
Epoch 96/150 [train]:  35%|███▍      | 9/26 [00:00<00:00, 86.02it/s, S=0.7546, loss=-0.6402]
Epoch 96/150 [train]:  35%|███▍      | 9/26 [00:00<00:00, 86.02it/s, S=0.7401, loss=-0.6285]
Epoch 96/150 [train]:  35%|███▍      | 9/26 [00:00<00:00, 86.02it/s, S=0.7451, loss=-0.6249]
Epoch 96/150 [train]:  35%|███▍      | 9/26 [00:00<00:00, 86.02it/s, S=0.7360, loss=-0.6212]
Epoch 96/150 [train]:  35%|███▍      | 9/26 [00:00<00:00, 86.02it/s, S=0.7587, loss=-0.6480]
Epoch 96/150 [train]:  35%|███▍      | 9/26 [00:00<00:00, 86.02it/s, S=0.7626, loss=-0.6507]
Epoch 96/150 [train]:  35%|███▍      | 9/26 [00:00<00:00, 86.02it/s, S=0.7432, loss=-0.6279]
Epoch 96/150 [train]:  69%|██████▉   | 18/26 [00:00<00:00, 85.89it/s, S=0.7432, loss=-0.6279]
Epoch 96/150 [train]:  69%|██████▉   | 18/26 [00:00<00:00, 85.89it/s, S=0.7353, loss=-0.6062]
Epoch 96/150 [train]:  69%|██████▉   | 18/26 [00:00<00:00, 85.89it/s, S=0.7379, loss=-0.6214]
Epoch 96/150 [train]:  69%|██████▉   | 18/26 [00:00<00:00, 85.89it/s, S=0.7286, loss=-0.6151]
Epoch 96/150 [train]:  69%|██████▉   | 18/26 [00:00<00:00, 85.89it/s, S=0.7350, loss=-0.6193]
Epoch 96/150 [train]:  69%|██████▉   | 18/26 [00:00<00:00, 85.89it/s, S=0.7379, loss=-0.6260]
Epoch 96/150 [train]:  69%|██████▉   | 18/26 [00:00<00:00, 85.89it/s, S=0.7529, loss=-0.6411]
Epoch 96/150 [train]:  69%|██████▉   | 18/26 [00:00<00:00, 85.89it/s, S=0.7469, loss=-0.6255]
Epoch 96/150 [train]:  69%|██████▉   | 18/26 [00:00<00:00, 85.89it/s, S=0.7495, loss=-0.6298]
                                                                                             
Epoch  96/150  train loss=-0.6278  val loss=-0.6080  S[mean]=0.7232  ζ=0.4562  mean_plane_ζ=0.4806  reg=0.1152  λscale=1.00  lr=3.81e-04

Epoch 97/150 [train]:   0%|          | 0/26 [00:00<?, ?it/s]
Epoch 97/150 [train]:   0%|          | 0/26 [00:00<?, ?it/s, S=0.7497, loss=-0.6401]
Epoch 97/150 [train]:   0%|          | 0/26 [00:00<?, ?it/s, S=0.7573, loss=-0.6478]
Epoch 97/150 [train]:   0%|          | 0/26 [00:00<?, ?it/s, S=0.7498, loss=-0.6363]
Epoch 97/150 [train]:   0%|          | 0/26 [00:00<?, ?it/s, S=0.7423, loss=-0.6284]
Epoch 97/150 [train]:   0%|          | 0/26 [00:00<?, ?it/s, S=0.7449, loss=-0.6320]
Epoch 97/150 [train]:   0%|          | 0/26 [00:00<?, ?it/s, S=0.7509, loss=-0.6377]
Epoch 97/150 [train]:   0%|          | 0/26 [00:00<?, ?it/s, S=0.7620, loss=-0.6543]
Epoch 97/150 [train]:   0%|          | 0/26 [00:00<?, ?it/s, S=0.7421, loss=-0.6294]
Epoch 97/150 [train]:   0%|          | 0/26 [00:00<?, ?it/s, S=0.7444, loss=-0.6325]
Epoch 97/150 [train]:  35%|███▍      | 9/26 [00:00<00:00, 85.88it/s, S=0.7444, loss=-0.6325]
Epoch 97/150 [train]:  35%|███▍      | 9/26 [00:00<00:00, 85.88it/s, S=0.7292, loss=-0.6174]
Epoch 97/150 [train]:  35%|███▍      | 9/26 [00:00<00:00, 85.88it/s, S=0.7378, loss=-0.6200]
Epoch 97/150 [train]:  35%|███▍      | 9/26 [00:00<00:00, 85.88it/s, S=0.7334, loss=-0.6203]
Epoch 97/150 [train]:  35%|███▍      | 9/26 [00:00<00:00, 85.88it/s, S=0.7468, loss=-0.6346]
Epoch 97/150 [train]:  35%|███▍      | 9/26 [00:00<00:00, 85.88it/s, S=0.7364, loss=-0.6222]
Epoch 97/150 [train]:  35%|███▍      | 9/26 [00:00<00:00, 85.88it/s, S=0.7476, loss=-0.6349]
Epoch 97/150 [train]:  35%|███▍      | 9/26 [00:00<00:00, 85.88it/s, S=0.7432, loss=-0.6251]
Epoch 97/150 [train]:  35%|███▍      | 9/26 [00:00<00:00, 85.88it/s, S=0.7317, loss=-0.6089]
Epoch 97/150 [train]:  35%|███▍      | 9/26 [00:00<00:00, 85.88it/s, S=0.7362, loss=-0.6165]
Epoch 97/150 [train]:  69%|██████▉   | 18/26 [00:00<00:00, 85.89it/s, S=0.7362, loss=-0.6165]
Epoch 97/150 [train]:  69%|██████▉   | 18/26 [00:00<00:00, 85.89it/s, S=0.7508, loss=-0.6268]
Epoch 97/150 [train]:  69%|██████▉   | 18/26 [00:00<00:00, 85.89it/s, S=0.7419, loss=-0.6248]
Epoch 97/150 [train]:  69%|██████▉   | 18/26 [00:00<00:00, 85.89it/s, S=0.7398, loss=-0.6298]
Epoch 97/150 [train]:  69%|██████▉   | 18/26 [00:00<00:00, 85.89it/s, S=0.7563, loss=-0.6449]
Epoch 97/150 [train]:  69%|██████▉   | 18/26 [00:00<00:00, 85.89it/s, S=0.7523, loss=-0.6395]
Epoch 97/150 [train]:  69%|██████▉   | 18/26 [00:00<00:00, 85.89it/s, S=0.7371, loss=-0.6234]
Epoch 97/150 [train]:  69%|██████▉   | 18/26 [00:00<00:00, 85.89it/s, S=0.7435, loss=-0.6289]
Epoch 97/150 [train]:  69%|██████▉   | 18/26 [00:00<00:00, 85.89it/s, S=0.7651, loss=-0.6499]
                                                                                             
Epoch  97/150  train loss=-0.6310  val loss=-0.6103  S[mean]=0.7253  ζ=0.4560  mean_plane_ζ=0.4820  reg=0.1151  λscale=1.00  lr=3.72e-04

Epoch 98/150 [train]:   0%|          | 0/26 [00:00<?, ?it/s]
Epoch 98/150 [train]:   0%|          | 0/26 [00:00<?, ?it/s, S=0.7665, loss=-0.6516]
Epoch 98/150 [train]:   0%|          | 0/26 [00:00<?, ?it/s, S=0.7517, loss=-0.6412]
Epoch 98/150 [train]:   0%|          | 0/26 [00:00<?, ?it/s, S=0.7698, loss=-0.6611]
Epoch 98/150 [train]:   0%|          | 0/26 [00:00<?, ?it/s, S=0.7645, loss=-0.6553]
Epoch 98/150 [train]:   0%|          | 0/26 [00:00<?, ?it/s, S=0.7650, loss=-0.6544]
Epoch 98/150 [train]:   0%|          | 0/26 [00:00<?, ?it/s, S=0.7688, loss=-0.6595]
Epoch 98/150 [train]:   0%|          | 0/26 [00:00<?, ?it/s, S=0.7415, loss=-0.6301]
Epoch 98/150 [train]:   0%|          | 0/26 [00:00<?, ?it/s, S=0.7572, loss=-0.6394]
Epoch 98/150 [train]:   0%|          | 0/26 [00:00<?, ?it/s, S=0.7668, loss=-0.6537]
Epoch 98/150 [train]:  35%|███▍      | 9/26 [00:00<00:00, 86.01it/s, S=0.7668, loss=-0.6537]
Epoch 98/150 [train]:  35%|███▍      | 9/26 [00:00<00:00, 86.01it/s, S=0.7391, loss=-0.6180]
Epoch 98/150 [train]:  35%|███▍      | 9/26 [00:00<00:00, 86.01it/s, S=0.7497, loss=-0.6289]
Epoch 98/150 [train]:  35%|███▍      | 9/26 [00:00<00:00, 86.01it/s, S=0.7413, loss=-0.6293]
Epoch 98/150 [train]:  35%|███▍      | 9/26 [00:00<00:00, 86.01it/s, S=0.7503, loss=-0.6357]
Epoch 98/150 [train]:  35%|███▍      | 9/26 [00:00<00:00, 86.01it/s, S=0.7336, loss=-0.6159]
Epoch 98/150 [train]:  35%|███▍      | 9/26 [00:00<00:00, 86.01it/s, S=0.7501, loss=-0.6315]
Epoch 98/150 [train]:  35%|███▍      | 9/26 [00:00<00:00, 86.01it/s, S=0.7671, loss=-0.6523]
Epoch 98/150 [train]:  35%|███▍      | 9/26 [00:00<00:00, 86.01it/s, S=0.7504, loss=-0.6373]
Epoch 98/150 [train]:  35%|███▍      | 9/26 [00:00<00:00, 86.01it/s, S=0.7666, loss=-0.6528]
Epoch 98/150 [train]:  69%|██████▉   | 18/26 [00:00<00:00, 86.09it/s, S=0.7666, loss=-0.6528]
Epoch 98/150 [train]:  69%|██████▉   | 18/26 [00:00<00:00, 86.09it/s, S=0.7608, loss=-0.6439]
Epoch 98/150 [train]:  69%|██████▉   | 18/26 [00:00<00:00, 86.09it/s, S=0.7597, loss=-0.6436]
Epoch 98/150 [train]:  69%|██████▉   | 18/26 [00:00<00:00, 86.09it/s, S=0.7524, loss=-0.6296]
Epoch 98/150 [train]:  69%|██████▉   | 18/26 [00:00<00:00, 86.09it/s, S=0.7533, loss=-0.6401]
Epoch 98/150 [train]:  69%|██████▉   | 18/26 [00:00<00:00, 86.09it/s, S=0.7631, loss=-0.6363]
Epoch 98/150 [train]:  69%|██████▉   | 18/26 [00:00<00:00, 86.09it/s, S=0.7621, loss=-0.6471]
Epoch 98/150 [train]:  69%|██████▉   | 18/26 [00:00<00:00, 86.09it/s, S=0.7454, loss=-0.6198]
Epoch 98/150 [train]:  69%|██████▉   | 18/26 [00:00<00:00, 86.09it/s, S=0.7406, loss=-0.6274]
                                                                                             
Epoch  98/150  train loss=-0.6398  val loss=-0.6128  S[mean]=0.7285  ζ=0.4553  mean_plane_ζ=0.4828  reg=0.1157  λscale=1.00  lr=3.63e-04

Epoch 99/150 [train]:   0%|          | 0/26 [00:00<?, ?it/s]
Epoch 99/150 [train]:   0%|          | 0/26 [00:00<?, ?it/s, S=0.7394, loss=-0.6304]
Epoch 99/150 [train]:   0%|          | 0/26 [00:00<?, ?it/s, S=0.7486, loss=-0.6343]
Epoch 99/150 [train]:   0%|          | 0/26 [00:00<?, ?it/s, S=0.7500, loss=-0.6373]
Epoch 99/150 [train]:   0%|          | 0/26 [00:00<?, ?it/s, S=0.7614, loss=-0.6467]
Epoch 99/150 [train]:   0%|          | 0/26 [00:00<?, ?it/s, S=0.7516, loss=-0.6299]
Epoch 99/150 [train]:   0%|          | 0/26 [00:00<?, ?it/s, S=0.7662, loss=-0.6551]
Epoch 99/150 [train]:   0%|          | 0/26 [00:00<?, ?it/s, S=0.7755, loss=-0.6639]
Epoch 99/150 [train]:   0%|          | 0/26 [00:00<?, ?it/s, S=0.7505, loss=-0.6365]
Epoch 99/150 [train]:   0%|          | 0/26 [00:00<?, ?it/s, S=0.7478, loss=-0.6336]
Epoch 99/150 [train]:  35%|███▍      | 9/26 [00:00<00:00, 85.94it/s, S=0.7478, loss=-0.6336]
Epoch 99/150 [train]:  35%|███▍      | 9/26 [00:00<00:00, 85.94it/s, S=0.7708, loss=-0.6579]
Epoch 99/150 [train]:  35%|███▍      | 9/26 [00:00<00:00, 85.94it/s, S=0.7780, loss=-0.6655]
Epoch 99/150 [train]:  35%|███▍      | 9/26 [00:00<00:00, 85.94it/s, S=0.7723, loss=-0.6622]
Epoch 99/150 [train]:  35%|███▍      | 9/26 [00:00<00:00, 85.94it/s, S=0.7728, loss=-0.6609]
Epoch 99/150 [train]:  35%|███▍      | 9/26 [00:00<00:00, 85.94it/s, S=0.7623, loss=-0.6515]
Epoch 99/150 [train]:  35%|███▍      | 9/26 [00:00<00:00, 85.94it/s, S=0.7683, loss=-0.6585]
Epoch 99/150 [train]:  35%|███▍      | 9/26 [00:00<00:00, 85.94it/s, S=0.7520, loss=-0.6398]
Epoch 99/150 [train]:  35%|███▍      | 9/26 [00:16<00:00, 85.94it/s, S=0.7520, loss=-0.6398]
Epoch 99/150 [train]:  35%|███▍      | 9/26 [00:17<00:00, 85.94it/s, S=0.7445, loss=-0.6277]
Epoch 99/150 [train]:  65%|██████▌   | 17/26 [00:17<00:10,  1.19s/it, S=0.7445, loss=-0.6277]
Epoch 99/150 [train]:  65%|██████▌   | 17/26 [00:17<00:10,  1.19s/it, S=0.7475, loss=-0.6282]
Epoch 99/150 [train]:  65%|██████▌   | 17/26 [00:17<00:10,  1.19s/it, S=0.7557, loss=-0.6437]
Epoch 99/150 [train]:  65%|██████▌   | 17/26 [00:17<00:10,  1.19s/it, S=0.7557, loss=-0.6437]
Epoch 99/150 [train]:  65%|██████▌   | 17/26 [00:17<00:10,  1.19s/it, S=0.7579, loss=-0.6399]
Epoch 99/150 [train]:  65%|██████▌   | 17/26 [00:17<00:10,  1.19s/it, S=0.7557, loss=-0.6421]
Epoch 99/150 [train]:  65%|██████▌   | 17/26 [00:17<00:10,  1.19s/it, S=0.7603, loss=-0.6458]
Epoch 99/150 [train]:  65%|██████▌   | 17/26 [00:17<00:10,  1.19s/it, S=0.7673, loss=-0.6532]
Epoch 99/150 [train]:  65%|██████▌   | 17/26 [00:17<00:10,  1.19s/it, S=0.7562, loss=-0.6390]
Epoch 99/150 [train]:  65%|██████▌   | 17/26 [00:17<00:10,  1.19s/it, S=0.7433, loss=-0.6262]
Epoch 99/150 [train]: 100%|██████████| 26/26 [00:17<00:00,  1.58it/s, S=0.7433, loss=-0.6262]
                                                                                             
Epoch  99/150  train loss=-0.6444  val loss=-0.6144  S[mean]=0.7307  ζ=0.4552  mean_plane_ζ=0.4844  reg=0.1164  λscale=1.00  lr=3.55e-04

Epoch 100/150 [train]:   0%|          | 0/26 [00:00<?, ?it/s]
Epoch 100/150 [train]:   0%|          | 0/26 [00:00<?, ?it/s, S=0.7734, loss=-0.6568]
Epoch 100/150 [train]:   0%|          | 0/26 [00:00<?, ?it/s, S=0.7371, loss=-0.6252]
Epoch 100/150 [train]:   0%|          | 0/26 [00:00<?, ?it/s, S=0.7655, loss=-0.6427]
Epoch 100/150 [train]:   0%|          | 0/26 [00:00<?, ?it/s, S=0.7590, loss=-0.6470]
Epoch 100/150 [train]:   0%|          | 0/26 [00:00<?, ?it/s, S=0.7527, loss=-0.6403]
Epoch 100/150 [train]:   0%|          | 0/26 [00:00<?, ?it/s, S=0.7478, loss=-0.6320]
Epoch 100/150 [train]:   0%|          | 0/26 [00:00<?, ?it/s, S=0.7663, loss=-0.6532]
Epoch 100/150 [train]:   0%|          | 0/26 [00:00<?, ?it/s, S=0.7404, loss=-0.6227]
Epoch 100/150 [train]:   0%|          | 0/26 [00:00<?, ?it/s, S=0.7432, loss=-0.6303]
Epoch 100/150 [train]:  35%|███▍      | 9/26 [00:00<00:00, 86.20it/s, S=0.7432, loss=-0.6303]
Epoch 100/150 [train]:  35%|███▍      | 9/26 [00:00<00:00, 86.20it/s, S=0.7573, loss=-0.6410]
Epoch 100/150 [train]:  35%|███▍      | 9/26 [00:00<00:00, 86.20it/s, S=0.7727, loss=-0.6600]
Epoch 100/150 [train]:  35%|███▍      | 9/26 [00:00<00:00, 86.20it/s, S=0.7637, loss=-0.6525]
Epoch 100/150 [train]:  35%|███▍      | 9/26 [00:00<00:00, 86.20it/s, S=0.7508, loss=-0.6411]
Epoch 100/150 [train]:  35%|███▍      | 9/26 [00:00<00:00, 86.20it/s, S=0.7746, loss=-0.6641]
Epoch 100/150 [train]:  35%|███▍      | 9/26 [00:00<00:00, 86.20it/s, S=0.7561, loss=-0.6315]
Epoch 100/150 [train]:  35%|███▍      | 9/26 [00:00<00:00, 86.20it/s, S=0.7709, loss=-0.6561]
Epoch 100/150 [train]:  35%|███▍      | 9/26 [00:00<00:00, 86.20it/s, S=0.7660, loss=-0.6520]
Epoch 100/150 [train]:  35%|███▍      | 9/26 [00:00<00:00, 86.20it/s, S=0.7762, loss=-0.6551]
Epoch 100/150 [train]:  69%|██████▉   | 18/26 [00:00<00:00, 86.90it/s, S=0.7762, loss=-0.6551]
Epoch 100/150 [train]:  69%|██████▉   | 18/26 [00:00<00:00, 86.90it/s, S=0.7599, loss=-0.6475]
Epoch 100/150 [train]:  69%|██████▉   | 18/26 [00:00<00:00, 86.90it/s, S=0.7485, loss=-0.6337]
Epoch 100/150 [train]:  69%|██████▉   | 18/26 [00:00<00:00, 86.90it/s, S=0.7493, loss=-0.6345]
Epoch 100/150 [train]:  69%|██████▉   | 18/26 [00:00<00:00, 86.90it/s, S=0.7719, loss=-0.6583]
Epoch 100/150 [train]:  69%|██████▉   | 18/26 [00:00<00:00, 86.90it/s, S=0.7686, loss=-0.6498]
Epoch 100/150 [train]:  69%|██████▉   | 18/26 [00:00<00:00, 86.90it/s, S=0.7710, loss=-0.6600]
Epoch 100/150 [train]:  69%|██████▉   | 18/26 [00:00<00:00, 86.90it/s, S=0.7498, loss=-0.6385]
Epoch 100/150 [train]:  69%|██████▉   | 18/26 [00:00<00:00, 86.90it/s, S=0.7591, loss=-0.6448]
                                                                                              
Epoch 100/150  train loss=-0.6450  val loss=-0.6167  S[mean]=0.7327  ζ=0.4541  mean_plane_ζ=0.4849  reg=0.1160  λscale=1.00  lr=3.46e-04

Epoch 101/150 [train]:   0%|          | 0/26 [00:00<?, ?it/s]
Epoch 101/150 [train]:   0%|          | 0/26 [00:00<?, ?it/s, S=0.7662, loss=-0.6539]
Epoch 101/150 [train]:   0%|          | 0/26 [00:00<?, ?it/s, S=0.7745, loss=-0.6619]
Epoch 101/150 [train]:   0%|          | 0/26 [00:00<?, ?it/s, S=0.7524, loss=-0.6362]
Epoch 101/150 [train]:   0%|          | 0/26 [00:00<?, ?it/s, S=0.7540, loss=-0.6438]
Epoch 101/150 [train]:   0%|          | 0/26 [00:00<?, ?it/s, S=0.7521, loss=-0.6333]
Epoch 101/150 [train]:   0%|          | 0/26 [00:00<?, ?it/s, S=0.7761, loss=-0.6660]
Epoch 101/150 [train]:   0%|          | 0/26 [00:00<?, ?it/s, S=0.7449, loss=-0.6298]
Epoch 101/150 [train]:   0%|          | 0/26 [00:00<?, ?it/s, S=0.7801, loss=-0.6677]
Epoch 101/150 [train]:   0%|          | 0/26 [00:00<?, ?it/s, S=0.7483, loss=-0.6294]
Epoch 101/150 [train]:  35%|███▍      | 9/26 [00:00<00:00, 86.78it/s, S=0.7483, loss=-0.6294]
Epoch 101/150 [train]:  35%|███▍      | 9/26 [00:00<00:00, 86.78it/s, S=0.7634, loss=-0.6511]
Epoch 101/150 [train]:  35%|███▍      | 9/26 [00:00<00:00, 86.78it/s, S=0.7612, loss=-0.6452]
Epoch 101/150 [train]:  35%|███▍      | 9/26 [00:00<00:00, 86.78it/s, S=0.7455, loss=-0.6237]
Epoch 101/150 [train]:  35%|███▍      | 9/26 [00:00<00:00, 86.78it/s, S=0.7528, loss=-0.6416]
Epoch 101/150 [train]:  35%|███▍      | 9/26 [00:00<00:00, 86.78it/s, S=0.7582, loss=-0.6469]
Epoch 101/150 [train]:  35%|███▍      | 9/26 [00:00<00:00, 86.78it/s, S=0.7589, loss=-0.6481]
Epoch 101/150 [train]:  35%|███▍      | 9/26 [00:00<00:00, 86.78it/s, S=0.7730, loss=-0.6596]
Epoch 101/150 [train]:  35%|███▍      | 9/26 [00:00<00:00, 86.78it/s, S=0.7361, loss=-0.6245]
Epoch 101/150 [train]:  35%|███▍      | 9/26 [00:00<00:00, 86.78it/s, S=0.7758, loss=-0.6592]
Epoch 101/150 [train]:  69%|██████▉   | 18/26 [00:00<00:00, 86.96it/s, S=0.7758, loss=-0.6592]
Epoch 101/150 [train]:  69%|██████▉   | 18/26 [00:00<00:00, 86.96it/s, S=0.7593, loss=-0.6467]
Epoch 101/150 [train]:  69%|██████▉   | 18/26 [00:00<00:00, 86.96it/s, S=0.7576, loss=-0.6431]
Epoch 101/150 [train]:  69%|██████▉   | 18/26 [00:00<00:00, 86.96it/s, S=0.7356, loss=-0.6262]
Epoch 101/150 [train]:  69%|██████▉   | 18/26 [00:00<00:00, 86.96it/s, S=0.7716, loss=-0.6572]
Epoch 101/150 [train]:  69%|██████▉   | 18/26 [00:00<00:00, 86.96it/s, S=0.7712, loss=-0.6576]
Epoch 101/150 [train]:  69%|██████▉   | 18/26 [00:00<00:00, 86.96it/s, S=0.7506, loss=-0.6378]
Epoch 101/150 [train]:  69%|██████▉   | 18/26 [00:00<00:00, 86.96it/s, S=0.7548, loss=-0.6343]
Epoch 101/150 [train]:  69%|██████▉   | 18/26 [00:00<00:00, 86.96it/s, S=0.7806, loss=-0.6671]
                                                                                              
Epoch 101/150  train loss=-0.6458  val loss=-0.6172  S[mean]=0.7344  ζ=0.4533  mean_plane_ζ=0.4852  reg=0.1172  λscale=1.00  lr=3.37e-04

Epoch 102/150 [train]:   0%|          | 0/26 [00:00<?, ?it/s]
Epoch 102/150 [train]:   0%|          | 0/26 [00:00<?, ?it/s, S=0.7844, loss=-0.6707]
Epoch 102/150 [train]:   0%|          | 0/26 [00:00<?, ?it/s, S=0.7764, loss=-0.6670]
Epoch 102/150 [train]:   0%|          | 0/26 [00:00<?, ?it/s, S=0.7559, loss=-0.6390]
Epoch 102/150 [train]:   0%|          | 0/26 [00:00<?, ?it/s, S=0.7831, loss=-0.6711]
Epoch 102/150 [train]:   0%|          | 0/26 [00:00<?, ?it/s, S=0.7644, loss=-0.6459]
Epoch 102/150 [train]:   0%|          | 0/26 [00:00<?, ?it/s, S=0.7676, loss=-0.6552]
Epoch 102/150 [train]:   0%|          | 0/26 [00:00<?, ?it/s, S=0.7522, loss=-0.6338]
Epoch 102/150 [train]:   0%|          | 0/26 [00:00<?, ?it/s, S=0.7659, loss=-0.6545]
Epoch 102/150 [train]:   0%|          | 0/26 [00:00<?, ?it/s, S=0.7504, loss=-0.6304]
Epoch 102/150 [train]:  35%|███▍      | 9/26 [00:00<00:00, 86.11it/s, S=0.7504, loss=-0.6304]
Epoch 102/150 [train]:  35%|███▍      | 9/26 [00:00<00:00, 86.11it/s, S=0.7737, loss=-0.6624]
Epoch 102/150 [train]:  35%|███▍      | 9/26 [00:00<00:00, 86.11it/s, S=0.7782, loss=-0.6642]
Epoch 102/150 [train]:  35%|███▍      | 9/26 [00:00<00:00, 86.11it/s, S=0.7533, loss=-0.6390]
Epoch 102/150 [train]:  35%|███▍      | 9/26 [00:00<00:00, 86.11it/s, S=0.7527, loss=-0.6293]
Epoch 102/150 [train]:  35%|███▍      | 9/26 [00:00<00:00, 86.11it/s, S=0.7441, loss=-0.6302]
Epoch 102/150 [train]:  35%|███▍      | 9/26 [00:00<00:00, 86.11it/s, S=0.7793, loss=-0.6675]
Epoch 102/150 [train]:  35%|███▍      | 9/26 [00:00<00:00, 86.11it/s, S=0.7590, loss=-0.6425]
Epoch 102/150 [train]:  35%|███▍      | 9/26 [00:00<00:00, 86.11it/s, S=0.7552, loss=-0.6361]
Epoch 102/150 [train]:  35%|███▍      | 9/26 [00:00<00:00, 86.11it/s, S=0.7550, loss=-0.6415]
Epoch 102/150 [train]:  69%|██████▉   | 18/26 [00:00<00:00, 86.63it/s, S=0.7550, loss=-0.6415]
Epoch 102/150 [train]:  69%|██████▉   | 18/26 [00:00<00:00, 86.63it/s, S=0.7678, loss=-0.6494]
Epoch 102/150 [train]:  69%|██████▉   | 18/26 [00:00<00:00, 86.63it/s, S=0.7644, loss=-0.6514]
Epoch 102/150 [train]:  69%|██████▉   | 18/26 [00:00<00:00, 86.63it/s, S=0.7688, loss=-0.6527]
Epoch 102/150 [train]:  69%|██████▉   | 18/26 [00:00<00:00, 86.63it/s, S=0.7671, loss=-0.6553]
Epoch 102/150 [train]:  69%|██████▉   | 18/26 [00:00<00:00, 86.63it/s, S=0.7868, loss=-0.6736]
Epoch 102/150 [train]:  69%|██████▉   | 18/26 [00:00<00:00, 86.63it/s, S=0.7530, loss=-0.6387]
Epoch 102/150 [train]:  69%|██████▉   | 18/26 [00:00<00:00, 86.63it/s, S=0.7657, loss=-0.6489]
Epoch 102/150 [train]:  69%|██████▉   | 18/26 [00:00<00:00, 86.63it/s, S=0.7673, loss=-0.6552]
                                                                                              
Epoch 102/150  train loss=-0.6502  val loss=-0.6209  S[mean]=0.7371  ζ=0.4545  mean_plane_ζ=0.4869  reg=0.1163  λscale=1.00  lr=3.27e-04

Epoch 103/150 [train]:   0%|          | 0/26 [00:00<?, ?it/s]
Epoch 103/150 [train]:   0%|          | 0/26 [00:00<?, ?it/s, S=0.7635, loss=-0.6544]
Epoch 103/150 [train]:   0%|          | 0/26 [00:00<?, ?it/s, S=0.7525, loss=-0.6385]
Epoch 103/150 [train]:   0%|          | 0/26 [00:00<?, ?it/s, S=0.7609, loss=-0.6468]
Epoch 103/150 [train]:   0%|          | 0/26 [00:00<?, ?it/s, S=0.7741, loss=-0.6605]
Epoch 103/150 [train]:   0%|          | 0/26 [00:00<?, ?it/s, S=0.7603, loss=-0.6447]
Epoch 103/150 [train]:   0%|          | 0/26 [00:00<?, ?it/s, S=0.7904, loss=-0.6735]
Epoch 103/150 [train]:   0%|          | 0/26 [00:00<?, ?it/s, S=0.7583, loss=-0.6473]
Epoch 103/150 [train]:   0%|          | 0/26 [00:00<?, ?it/s, S=0.7774, loss=-0.6571]
Epoch 103/150 [train]:   0%|          | 0/26 [00:00<?, ?it/s, S=0.7533, loss=-0.6388]
Epoch 103/150 [train]:  35%|███▍      | 9/26 [00:00<00:00, 85.92it/s, S=0.7533, loss=-0.6388]
Epoch 103/150 [train]:  35%|███▍      | 9/26 [00:00<00:00, 85.92it/s, S=0.7686, loss=-0.6516]
Epoch 103/150 [train]:  35%|███▍      | 9/26 [00:00<00:00, 85.92it/s, S=0.7686, loss=-0.6553]
Epoch 103/150 [train]:  35%|███▍      | 9/26 [00:00<00:00, 85.92it/s, S=0.7490, loss=-0.6361]
Epoch 103/150 [train]:  35%|███▍      | 9/26 [00:00<00:00, 85.92it/s, S=0.7659, loss=-0.6510]
Epoch 103/150 [train]:  35%|███▍      | 9/26 [00:00<00:00, 85.92it/s, S=0.7637, loss=-0.6476]
Epoch 103/150 [train]:  35%|███▍      | 9/26 [00:00<00:00, 85.92it/s, S=0.7692, loss=-0.6453]
Epoch 103/150 [train]:  35%|███▍      | 9/26 [00:00<00:00, 85.92it/s, S=0.7407, loss=-0.6125]
Epoch 103/150 [train]:  35%|███▍      | 9/26 [00:00<00:00, 85.92it/s, S=0.7716, loss=-0.6554]
Epoch 103/150 [train]:  35%|███▍      | 9/26 [00:00<00:00, 85.92it/s, S=0.7635, loss=-0.6491]
Epoch 103/150 [train]:  69%|██████▉   | 18/26 [00:00<00:00, 86.36it/s, S=0.7635, loss=-0.6491]
Epoch 103/150 [train]:  69%|██████▉   | 18/26 [00:00<00:00, 86.36it/s, S=0.7671, loss=-0.6517]
Epoch 103/150 [train]:  69%|██████▉   | 18/26 [00:00<00:00, 86.36it/s, S=0.7463, loss=-0.6348]
Epoch 103/150 [train]:  69%|██████▉   | 18/26 [00:00<00:00, 86.36it/s, S=0.7717, loss=-0.6565]
Epoch 103/150 [train]:  69%|██████▉   | 18/26 [00:00<00:00, 86.36it/s, S=0.7393, loss=-0.6081]
Epoch 103/150 [train]:  69%|██████▉   | 18/26 [00:00<00:00, 86.36it/s, S=0.7766, loss=-0.6621]
Epoch 103/150 [train]:  69%|██████▉   | 18/26 [00:00<00:00, 86.36it/s, S=0.7656, loss=-0.6510]
Epoch 103/150 [train]:  69%|██████▉   | 18/26 [00:00<00:00, 86.36it/s, S=0.7609, loss=-0.6472]
Epoch 103/150 [train]:  69%|██████▉   | 18/26 [00:00<00:00, 86.36it/s, S=0.7522, loss=-0.6355]
                                                                                              
Epoch 103/150  train loss=-0.6466  val loss=-0.6233  S[mean]=0.7388  ζ=0.4543  mean_plane_ζ=0.4878  reg=0.1155  λscale=1.00  lr=3.18e-04

Epoch 104/150 [train]:   0%|          | 0/26 [00:00<?, ?it/s]
Epoch 104/150 [train]:   0%|          | 0/26 [00:00<?, ?it/s, S=0.7821, loss=-0.6644]
Epoch 104/150 [train]:   0%|          | 0/26 [00:00<?, ?it/s, S=0.7668, loss=-0.6547]
Epoch 104/150 [train]:   0%|          | 0/26 [00:00<?, ?it/s, S=0.7663, loss=-0.6469]
Epoch 104/150 [train]:   0%|          | 0/26 [00:00<?, ?it/s, S=0.7728, loss=-0.6607]
Epoch 104/150 [train]:   0%|          | 0/26 [00:00<?, ?it/s, S=0.7496, loss=-0.6304]
Epoch 104/150 [train]:   0%|          | 0/26 [00:00<?, ?it/s, S=0.7720, loss=-0.6597]
Epoch 104/150 [train]:   0%|          | 0/26 [00:00<?, ?it/s, S=0.7798, loss=-0.6643]
Epoch 104/150 [train]:   0%|          | 0/26 [00:00<?, ?it/s, S=0.7599, loss=-0.6436]
Epoch 104/150 [train]:   0%|          | 0/26 [00:00<?, ?it/s, S=0.7651, loss=-0.6444]
Epoch 104/150 [train]:  35%|███▍      | 9/26 [00:00<00:00, 86.39it/s, S=0.7651, loss=-0.6444]
Epoch 104/150 [train]:  35%|███▍      | 9/26 [00:00<00:00, 86.39it/s, S=0.7816, loss=-0.6695]
Epoch 104/150 [train]:  35%|███▍      | 9/26 [00:00<00:00, 86.39it/s, S=0.7594, loss=-0.6492]
Epoch 104/150 [train]:  35%|███▍      | 9/26 [00:00<00:00, 86.39it/s, S=0.7682, loss=-0.6541]
Epoch 104/150 [train]:  35%|███▍      | 9/26 [00:00<00:00, 86.39it/s, S=0.7832, loss=-0.6726]
Epoch 104/150 [train]:  35%|███▍      | 9/26 [00:00<00:00, 86.39it/s, S=0.7790, loss=-0.6636]
Epoch 104/150 [train]:  35%|███▍      | 9/26 [00:00<00:00, 86.39it/s, S=0.7542, loss=-0.6352]
Epoch 104/150 [train]:  35%|███▍      | 9/26 [00:00<00:00, 86.39it/s, S=0.7616, loss=-0.6466]
Epoch 104/150 [train]:  35%|███▍      | 9/26 [00:00<00:00, 86.39it/s, S=0.7678, loss=-0.6544]
Epoch 104/150 [train]:  35%|███▍      | 9/26 [00:00<00:00, 86.39it/s, S=0.7879, loss=-0.6748]
Epoch 104/150 [train]:  69%|██████▉   | 18/26 [00:00<00:00, 86.75it/s, S=0.7879, loss=-0.6748]
Epoch 104/150 [train]:  69%|██████▉   | 18/26 [00:00<00:00, 86.75it/s, S=0.7556, loss=-0.6362]
Epoch 104/150 [train]:  69%|██████▉   | 18/26 [00:00<00:00, 86.75it/s, S=0.7632, loss=-0.6465]
Epoch 104/150 [train]:  69%|██████▉   | 18/26 [00:00<00:00, 86.75it/s, S=0.7664, loss=-0.6490]
Epoch 104/150 [train]:  69%|██████▉   | 18/26 [00:00<00:00, 86.75it/s, S=0.7657, loss=-0.6505]
Epoch 104/150 [train]:  69%|██████▉   | 18/26 [00:00<00:00, 86.75it/s, S=0.7574, loss=-0.6466]
Epoch 104/150 [train]:  69%|██████▉   | 18/26 [00:00<00:00, 86.75it/s, S=0.7784, loss=-0.6644]
Epoch 104/150 [train]:  69%|██████▉   | 18/26 [00:00<00:00, 86.75it/s, S=0.7682, loss=-0.6566]
Epoch 104/150 [train]:  69%|██████▉   | 18/26 [00:00<00:00, 86.75it/s, S=0.7670, loss=-0.6531]
                                                                                              
Epoch 104/150  train loss=-0.6535  val loss=-0.6241  S[mean]=0.7408  ζ=0.4542  mean_plane_ζ=0.4887  reg=0.1167  λscale=1.00  lr=3.08e-04

Epoch 105/150 [train]:   0%|          | 0/26 [00:00<?, ?it/s]
Epoch 105/150 [train]:   0%|          | 0/26 [00:00<?, ?it/s, S=0.7646, loss=-0.6548]
Epoch 105/150 [train]:   0%|          | 0/26 [00:00<?, ?it/s, S=0.7628, loss=-0.6481]
Epoch 105/150 [train]:   0%|          | 0/26 [00:00<?, ?it/s, S=0.7807, loss=-0.6630]
Epoch 105/150 [train]:   0%|          | 0/26 [00:00<?, ?it/s, S=0.7507, loss=-0.6361]
Epoch 105/150 [train]:   0%|          | 0/26 [00:00<?, ?it/s, S=0.7575, loss=-0.6431]
Epoch 105/150 [train]:   0%|          | 0/26 [00:00<?, ?it/s, S=0.7748, loss=-0.6608]
Epoch 105/150 [train]:   0%|          | 0/26 [00:00<?, ?it/s, S=0.7676, loss=-0.6571]
Epoch 105/150 [train]:   0%|          | 0/26 [00:00<?, ?it/s, S=0.7685, loss=-0.6455]
Epoch 105/150 [train]:   0%|          | 0/26 [00:00<?, ?it/s, S=0.7592, loss=-0.6398]
Epoch 105/150 [train]:  35%|███▍      | 9/26 [00:00<00:00, 86.45it/s, S=0.7592, loss=-0.6398]
Epoch 105/150 [train]:  35%|███▍      | 9/26 [00:00<00:00, 86.45it/s, S=0.7792, loss=-0.6632]
Epoch 105/150 [train]:  35%|███▍      | 9/26 [00:00<00:00, 86.45it/s, S=0.7710, loss=-0.6572]
Epoch 105/150 [train]:  35%|███▍      | 9/26 [00:00<00:00, 86.45it/s, S=0.7654, loss=-0.6475]
Epoch 105/150 [train]:  35%|███▍      | 9/26 [00:00<00:00, 86.45it/s, S=0.7782, loss=-0.6608]
Epoch 105/150 [train]:  35%|███▍      | 9/26 [00:00<00:00, 86.45it/s, S=0.7782, loss=-0.6653]
Epoch 105/150 [train]:  35%|███▍      | 9/26 [00:00<00:00, 86.45it/s, S=0.7688, loss=-0.6561]
Epoch 105/150 [train]:  35%|███▍      | 9/26 [00:00<00:00, 86.45it/s, S=0.7809, loss=-0.6675]
Epoch 105/150 [train]:  35%|███▍      | 9/26 [00:00<00:00, 86.45it/s, S=0.7661, loss=-0.6573]
Epoch 105/150 [train]:  35%|███▍      | 9/26 [00:00<00:00, 86.45it/s, S=0.7813, loss=-0.6698]
Epoch 105/150 [train]:  69%|██████▉   | 18/26 [00:00<00:00, 86.72it/s, S=0.7813, loss=-0.6698]
Epoch 105/150 [train]:  69%|██████▉   | 18/26 [00:00<00:00, 86.72it/s, S=0.7688, loss=-0.6579]
Epoch 105/150 [train]:  69%|██████▉   | 18/26 [00:00<00:00, 86.72it/s, S=0.7623, loss=-0.6467]
Epoch 105/150 [train]:  69%|██████▉   | 18/26 [00:00<00:00, 86.72it/s, S=0.7948, loss=-0.6848]
Epoch 105/150 [train]:  69%|██████▉   | 18/26 [00:00<00:00, 86.72it/s, S=0.7620, loss=-0.6494]
Epoch 105/150 [train]:  69%|██████▉   | 18/26 [00:00<00:00, 86.72it/s, S=0.7902, loss=-0.6794]
Epoch 105/150 [train]:  69%|██████▉   | 18/26 [00:00<00:00, 86.72it/s, S=0.7801, loss=-0.6666]
Epoch 105/150 [train]:  69%|██████▉   | 18/26 [00:00<00:00, 86.72it/s, S=0.7710, loss=-0.6573]
Epoch 105/150 [train]:  69%|██████▉   | 18/26 [00:00<00:00, 86.72it/s, S=0.7841, loss=-0.6695]
                                                                                              
Epoch 105/150  train loss=-0.6579  val loss=-0.6247  S[mean]=0.7413  ζ=0.4529  mean_plane_ζ=0.4883  reg=0.1165  λscale=1.00  lr=2.99e-04

Epoch 106/150 [train]:   0%|          | 0/26 [00:00<?, ?it/s]
Epoch 106/150 [train]:   0%|          | 0/26 [00:00<?, ?it/s, S=0.7583, loss=-0.6391]
Epoch 106/150 [train]:   0%|          | 0/26 [00:00<?, ?it/s, S=0.7818, loss=-0.6671]
Epoch 106/150 [train]:   0%|          | 0/26 [00:00<?, ?it/s, S=0.7954, loss=-0.6811]
Epoch 106/150 [train]:   0%|          | 0/26 [00:00<?, ?it/s, S=0.7669, loss=-0.6519]
Epoch 106/150 [train]:   0%|          | 0/26 [00:00<?, ?it/s, S=0.7732, loss=-0.6507]
Epoch 106/150 [train]:   0%|          | 0/26 [00:00<?, ?it/s, S=0.7806, loss=-0.6616]
Epoch 106/150 [train]:   0%|          | 0/26 [00:00<?, ?it/s, S=0.7624, loss=-0.6469]
Epoch 106/150 [train]:   0%|          | 0/26 [00:00<?, ?it/s, S=0.7807, loss=-0.6614]
Epoch 106/150 [train]:   0%|          | 0/26 [00:00<?, ?it/s, S=0.7546, loss=-0.6400]
Epoch 106/150 [train]:  35%|███▍      | 9/26 [00:00<00:00, 86.68it/s, S=0.7546, loss=-0.6400]
Epoch 106/150 [train]:  35%|███▍      | 9/26 [00:00<00:00, 86.68it/s, S=0.7628, loss=-0.6514]
Epoch 106/150 [train]:  35%|███▍      | 9/26 [00:00<00:00, 86.68it/s, S=0.7939, loss=-0.6820]
Epoch 106/150 [train]:  35%|███▍      | 9/26 [00:00<00:00, 86.68it/s, S=0.7635, loss=-0.6415]
Epoch 106/150 [train]:  35%|███▍      | 9/26 [00:00<00:00, 86.68it/s, S=0.7599, loss=-0.6361]
Epoch 106/150 [train]:  35%|███▍      | 9/26 [00:00<00:00, 86.68it/s, S=0.7686, loss=-0.6517]
Epoch 106/150 [train]:  35%|███▍      | 9/26 [00:00<00:00, 86.68it/s, S=0.7708, loss=-0.6539]
Epoch 106/150 [train]:  35%|███▍      | 9/26 [00:00<00:00, 86.68it/s, S=0.7632, loss=-0.6526]
Epoch 106/150 [train]:  35%|███▍      | 9/26 [00:00<00:00, 86.68it/s, S=0.7607, loss=-0.6423]
Epoch 106/150 [train]:  35%|███▍      | 9/26 [00:00<00:00, 86.68it/s, S=0.7649, loss=-0.6471]
Epoch 106/150 [train]:  69%|██████▉   | 18/26 [00:00<00:00, 86.81it/s, S=0.7649, loss=-0.6471]
Epoch 106/150 [train]:  69%|██████▉   | 18/26 [00:00<00:00, 86.81it/s, S=0.7767, loss=-0.6628]
Epoch 106/150 [train]:  69%|██████▉   | 18/26 [00:00<00:00, 86.81it/s, S=0.7798, loss=-0.6674]
Epoch 106/150 [train]:  69%|██████▉   | 18/26 [00:00<00:00, 86.81it/s, S=0.7806, loss=-0.6666]
Epoch 106/150 [train]:  69%|██████▉   | 18/26 [00:00<00:00, 86.81it/s, S=0.7915, loss=-0.6749]
Epoch 106/150 [train]:  69%|██████▉   | 18/26 [00:00<00:00, 86.81it/s, S=0.7800, loss=-0.6655]
Epoch 106/150 [train]:  69%|██████▉   | 18/26 [00:00<00:00, 86.81it/s, S=0.7796, loss=-0.6671]
Epoch 106/150 [train]:  69%|██████▉   | 18/26 [00:00<00:00, 86.81it/s, S=0.7770, loss=-0.6597]
Epoch 106/150 [train]:  69%|██████▉   | 18/26 [00:00<00:00, 86.81it/s, S=0.7792, loss=-0.6676]
                                                                                              
Epoch 106/150  train loss=-0.6573  val loss=-0.6255  S[mean]=0.7424  ζ=0.4531  mean_plane_ζ=0.4899  reg=0.1169  λscale=1.00  lr=2.89e-04

Epoch 107/150 [train]:   0%|          | 0/26 [00:00<?, ?it/s]
Epoch 107/150 [train]:   0%|          | 0/26 [00:00<?, ?it/s, S=0.7669, loss=-0.6497]
Epoch 107/150 [train]:   0%|          | 0/26 [00:00<?, ?it/s, S=0.7758, loss=-0.6631]
Epoch 107/150 [train]:   0%|          | 0/26 [00:00<?, ?it/s, S=0.7656, loss=-0.6492]
Epoch 107/150 [train]:   0%|          | 0/26 [00:00<?, ?it/s, S=0.7499, loss=-0.6308]
Epoch 107/150 [train]:   0%|          | 0/26 [00:00<?, ?it/s, S=0.7913, loss=-0.6781]
Epoch 107/150 [train]:   0%|          | 0/26 [00:00<?, ?it/s, S=0.7744, loss=-0.6577]
Epoch 107/150 [train]:   0%|          | 0/26 [00:00<?, ?it/s, S=0.7858, loss=-0.6679]
Epoch 107/150 [train]:   0%|          | 0/26 [00:00<?, ?it/s, S=0.7657, loss=-0.6486]
Epoch 107/150 [train]:   0%|          | 0/26 [00:00<?, ?it/s, S=0.7790, loss=-0.6644]
Epoch 107/150 [train]:  35%|███▍      | 9/26 [00:00<00:00, 86.63it/s, S=0.7790, loss=-0.6644]
Epoch 107/150 [train]:  35%|███▍      | 9/26 [00:00<00:00, 86.63it/s, S=0.7658, loss=-0.6498]
Epoch 107/150 [train]:  35%|███▍      | 9/26 [00:00<00:00, 86.63it/s, S=0.7725, loss=-0.6614]
Epoch 107/150 [train]:  35%|███▍      | 9/26 [00:00<00:00, 86.63it/s, S=0.7602, loss=-0.6476]
Epoch 107/150 [train]:  35%|███▍      | 9/26 [00:00<00:00, 86.63it/s, S=0.7690, loss=-0.6536]
Epoch 107/150 [train]:  35%|███▍      | 9/26 [00:00<00:00, 86.63it/s, S=0.7637, loss=-0.6495]
Epoch 107/150 [train]:  35%|███▍      | 9/26 [00:00<00:00, 86.63it/s, S=0.7773, loss=-0.6658]
Epoch 107/150 [train]:  35%|███▍      | 9/26 [00:00<00:00, 86.63it/s, S=0.7562, loss=-0.6452]
Epoch 107/150 [train]:  35%|███▍      | 9/26 [00:00<00:00, 86.63it/s, S=0.7843, loss=-0.6658]
Epoch 107/150 [train]:  35%|███▍      | 9/26 [00:00<00:00, 86.63it/s, S=0.7840, loss=-0.6688]
Epoch 107/150 [train]:  69%|██████▉   | 18/26 [00:00<00:00, 86.94it/s, S=0.7840, loss=-0.6688]
Epoch 107/150 [train]:  69%|██████▉   | 18/26 [00:00<00:00, 86.94it/s, S=0.7815, loss=-0.6681]
Epoch 107/150 [train]:  69%|██████▉   | 18/26 [00:00<00:00, 86.94it/s, S=0.7571, loss=-0.6408]
Epoch 107/150 [train]:  69%|██████▉   | 18/26 [00:00<00:00, 86.94it/s, S=0.7798, loss=-0.6612]
Epoch 107/150 [train]:  69%|██████▉   | 18/26 [00:00<00:00, 86.94it/s, S=0.7817, loss=-0.6661]
Epoch 107/150 [train]:  69%|██████▉   | 18/26 [00:00<00:00, 86.94it/s, S=0.7785, loss=-0.6581]
Epoch 107/150 [train]:  69%|██████▉   | 18/26 [00:00<00:00, 86.94it/s, S=0.7775, loss=-0.6618]
Epoch 107/150 [train]:  69%|██████▉   | 18/26 [00:00<00:00, 86.94it/s, S=0.7826, loss=-0.6665]
Epoch 107/150 [train]:  69%|██████▉   | 18/26 [00:00<00:00, 86.94it/s, S=0.7727, loss=-0.6603]
                                                                                              
Epoch 107/150  train loss=-0.6577  val loss=-0.6281  S[mean]=0.7445  ζ=0.4532  mean_plane_ζ=0.4907  reg=0.1163  λscale=1.00  lr=2.79e-04

Epoch 108/150 [train]:   0%|          | 0/26 [00:00<?, ?it/s]
Epoch 108/150 [train]:   0%|          | 0/26 [00:00<?, ?it/s, S=0.7747, loss=-0.6607]
Epoch 108/150 [train]:   0%|          | 0/26 [00:00<?, ?it/s, S=0.7673, loss=-0.6530]
Epoch 108/150 [train]:   0%|          | 0/26 [00:00<?, ?it/s, S=0.7938, loss=-0.6808]
Epoch 108/150 [train]:   0%|          | 0/26 [00:00<?, ?it/s, S=0.7593, loss=-0.6490]
Epoch 108/150 [train]:   0%|          | 0/26 [00:00<?, ?it/s, S=0.7646, loss=-0.6319]
Epoch 108/150 [train]:   0%|          | 0/26 [00:00<?, ?it/s, S=0.7711, loss=-0.6593]
Epoch 108/150 [train]:   0%|          | 0/26 [00:00<?, ?it/s, S=0.7718, loss=-0.6568]
Epoch 108/150 [train]:   0%|          | 0/26 [00:00<?, ?it/s, S=0.7801, loss=-0.6662]
Epoch 108/150 [train]:   0%|          | 0/26 [00:00<?, ?it/s, S=0.7822, loss=-0.6688]
Epoch 108/150 [train]:  35%|███▍      | 9/26 [00:00<00:00, 86.95it/s, S=0.7822, loss=-0.6688]
Epoch 108/150 [train]:  35%|███▍      | 9/26 [00:00<00:00, 86.95it/s, S=0.7759, loss=-0.6574]
Epoch 108/150 [train]:  35%|███▍      | 9/26 [00:00<00:00, 86.95it/s, S=0.7911, loss=-0.6780]
Epoch 108/150 [train]:  35%|███▍      | 9/26 [00:00<00:00, 86.95it/s, S=0.7575, loss=-0.6360]
Epoch 108/150 [train]:  35%|███▍      | 9/26 [00:00<00:00, 86.95it/s, S=0.7723, loss=-0.6571]
Epoch 108/150 [train]:  35%|███▍      | 9/26 [00:00<00:00, 86.95it/s, S=0.7820, loss=-0.6717]
Epoch 108/150 [train]:  35%|███▍      | 9/26 [00:00<00:00, 86.95it/s, S=0.7912, loss=-0.6768]
Epoch 108/150 [train]:  35%|███▍      | 9/26 [00:00<00:00, 86.95it/s, S=0.7751, loss=-0.6632]
Epoch 108/150 [train]:  35%|███▍      | 9/26 [00:00<00:00, 86.95it/s, S=0.7796, loss=-0.6644]
Epoch 108/150 [train]:  35%|███▍      | 9/26 [00:00<00:00, 86.95it/s, S=0.7905, loss=-0.6791]
Epoch 108/150 [train]:  69%|██████▉   | 18/26 [00:00<00:00, 87.10it/s, S=0.7905, loss=-0.6791]
Epoch 108/150 [train]:  69%|██████▉   | 18/26 [00:00<00:00, 87.10it/s, S=0.7909, loss=-0.6769]
Epoch 108/150 [train]:  69%|██████▉   | 18/26 [00:00<00:00, 87.10it/s, S=0.7803, loss=-0.6601]
Epoch 108/150 [train]:  69%|██████▉   | 18/26 [00:00<00:00, 87.10it/s, S=0.7713, loss=-0.6548]
Epoch 108/150 [train]:  69%|██████▉   | 18/26 [00:00<00:00, 87.10it/s, S=0.7928, loss=-0.6729]
Epoch 108/150 [train]:  69%|██████▉   | 18/26 [00:00<00:00, 87.10it/s, S=0.7873, loss=-0.6722]
Epoch 108/150 [train]:  69%|██████▉   | 18/26 [00:00<00:00, 87.10it/s, S=0.7885, loss=-0.6738]
Epoch 108/150 [train]:  69%|██████▉   | 18/26 [00:00<00:00, 87.10it/s, S=0.7653, loss=-0.6532]
Epoch 108/150 [train]:  69%|██████▉   | 18/26 [00:00<00:00, 87.10it/s, S=0.7613, loss=-0.6469]
                                                                                              
Epoch 108/150  train loss=-0.6623  val loss=-0.6292  S[mean]=0.7455  ζ=0.4523  mean_plane_ζ=0.4909  reg=0.1163  λscale=1.00  lr=2.70e-04

Epoch 109/150 [train]:   0%|          | 0/26 [00:00<?, ?it/s]
Epoch 109/150 [train]:   0%|          | 0/26 [00:00<?, ?it/s, S=0.7721, loss=-0.6589]
Epoch 109/150 [train]:   0%|          | 0/26 [00:00<?, ?it/s, S=0.7873, loss=-0.6750]
Epoch 109/150 [train]:   0%|          | 0/26 [00:00<?, ?it/s, S=0.7745, loss=-0.6602]
Epoch 109/150 [train]:   0%|          | 0/26 [00:00<?, ?it/s, S=0.7847, loss=-0.6700]
Epoch 109/150 [train]:   0%|          | 0/26 [00:00<?, ?it/s, S=0.7758, loss=-0.6585]
Epoch 109/150 [train]:   0%|          | 0/26 [00:00<?, ?it/s, S=0.7916, loss=-0.6791]
Epoch 109/150 [train]:   0%|          | 0/26 [00:00<?, ?it/s, S=0.7974, loss=-0.6874]
Epoch 109/150 [train]:   0%|          | 0/26 [00:00<?, ?it/s, S=0.7788, loss=-0.6625]
Epoch 109/150 [train]:   0%|          | 0/26 [00:00<?, ?it/s, S=0.7693, loss=-0.6560]
Epoch 109/150 [train]:  35%|███▍      | 9/26 [00:00<00:00, 86.56it/s, S=0.7693, loss=-0.6560]
Epoch 109/150 [train]:  35%|███▍      | 9/26 [00:00<00:00, 86.56it/s, S=0.7795, loss=-0.6665]
Epoch 109/150 [train]:  35%|███▍      | 9/26 [00:00<00:00, 86.56it/s, S=0.7517, loss=-0.6378]
Epoch 109/150 [train]:  35%|███▍      | 9/26 [00:00<00:00, 86.56it/s, S=0.7758, loss=-0.6557]
Epoch 109/150 [train]:  35%|███▍      | 9/26 [00:00<00:00, 86.56it/s, S=0.7726, loss=-0.6535]
Epoch 109/150 [train]:  35%|███▍      | 9/26 [00:00<00:00, 86.56it/s, S=0.7708, loss=-0.6565]
Epoch 109/150 [train]:  35%|███▍      | 9/26 [00:00<00:00, 86.56it/s, S=0.7631, loss=-0.6482]
Epoch 109/150 [train]:  35%|███▍      | 9/26 [00:00<00:00, 86.56it/s, S=0.7848, loss=-0.6739]
Epoch 109/150 [train]:  35%|███▍      | 9/26 [00:00<00:00, 86.56it/s, S=0.7617, loss=-0.6499]
Epoch 109/150 [train]:  35%|███▍      | 9/26 [00:00<00:00, 86.56it/s, S=0.7725, loss=-0.6509]
Epoch 109/150 [train]:  69%|██████▉   | 18/26 [00:00<00:00, 86.85it/s, S=0.7725, loss=-0.6509]
Epoch 109/150 [train]:  69%|██████▉   | 18/26 [00:00<00:00, 86.85it/s, S=0.7860, loss=-0.6708]
Epoch 109/150 [train]:  69%|██████▉   | 18/26 [00:00<00:00, 86.85it/s, S=0.7899, loss=-0.6769]
Epoch 109/150 [train]:  69%|██████▉   | 18/26 [00:00<00:00, 86.85it/s, S=0.7753, loss=-0.6630]
Epoch 109/150 [train]:  69%|██████▉   | 18/26 [00:00<00:00, 86.85it/s, S=0.7599, loss=-0.6299]
Epoch 109/150 [train]:  69%|██████▉   | 18/26 [00:00<00:00, 86.85it/s, S=0.7730, loss=-0.6594]
Epoch 109/150 [train]:  69%|██████▉   | 18/26 [00:00<00:00, 86.85it/s, S=0.7731, loss=-0.6599]
Epoch 109/150 [train]:  69%|██████▉   | 18/26 [00:00<00:00, 86.85it/s, S=0.7568, loss=-0.6429]
Epoch 109/150 [train]:  69%|██████▉   | 18/26 [00:00<00:00, 86.85it/s, S=0.7746, loss=-0.6590]
                                                                                              
Epoch 109/150  train loss=-0.6601  val loss=-0.6292  S[mean]=0.7462  ζ=0.4521  mean_plane_ζ=0.4910  reg=0.1169  λscale=1.00  lr=2.60e-04

Epoch 110/150 [train]:   0%|          | 0/26 [00:00<?, ?it/s]
Epoch 110/150 [train]:   0%|          | 0/26 [00:00<?, ?it/s, S=0.7767, loss=-0.6631]
Epoch 110/150 [train]:   0%|          | 0/26 [00:00<?, ?it/s, S=0.7712, loss=-0.6519]
Epoch 110/150 [train]:   0%|          | 0/26 [00:00<?, ?it/s, S=0.7755, loss=-0.6584]
Epoch 110/150 [train]:   0%|          | 0/26 [00:00<?, ?it/s, S=0.7835, loss=-0.6685]
Epoch 110/150 [train]:   0%|          | 0/26 [00:00<?, ?it/s, S=0.7587, loss=-0.6423]
Epoch 110/150 [train]:   0%|          | 0/26 [00:00<?, ?it/s, S=0.7667, loss=-0.6429]
Epoch 110/150 [train]:   0%|          | 0/26 [00:00<?, ?it/s, S=0.7726, loss=-0.6608]
Epoch 110/150 [train]:   0%|          | 0/26 [00:00<?, ?it/s, S=0.7927, loss=-0.6802]
Epoch 110/150 [train]:   0%|          | 0/26 [00:00<?, ?it/s, S=0.7904, loss=-0.6787]
Epoch 110/150 [train]:  35%|███▍      | 9/26 [00:00<00:00, 86.90it/s, S=0.7904, loss=-0.6787]
Epoch 110/150 [train]:  35%|███▍      | 9/26 [00:00<00:00, 86.90it/s, S=0.7957, loss=-0.6829]
Epoch 110/150 [train]:  35%|███▍      | 9/26 [00:00<00:00, 86.90it/s, S=0.7636, loss=-0.6407]
Epoch 110/150 [train]:  35%|███▍      | 9/26 [00:00<00:00, 86.90it/s, S=0.7887, loss=-0.6748]
Epoch 110/150 [train]:  35%|███▍      | 9/26 [00:00<00:00, 86.90it/s, S=0.7832, loss=-0.6671]
Epoch 110/150 [train]:  35%|███▍      | 9/26 [00:00<00:00, 86.90it/s, S=0.7788, loss=-0.6687]
Epoch 110/150 [train]:  35%|███▍      | 9/26 [00:00<00:00, 86.90it/s, S=0.7710, loss=-0.6513]
Epoch 110/150 [train]:  35%|███▍      | 9/26 [00:00<00:00, 86.90it/s, S=0.7769, loss=-0.6604]
Epoch 110/150 [train]:  35%|███▍      | 9/26 [00:00<00:00, 86.90it/s, S=0.7726, loss=-0.6616]
Epoch 110/150 [train]:  35%|███▍      | 9/26 [00:00<00:00, 86.90it/s, S=0.7892, loss=-0.6711]
Epoch 110/150 [train]:  69%|██████▉   | 18/26 [00:00<00:00, 87.20it/s, S=0.7892, loss=-0.6711]
Epoch 110/150 [train]:  69%|██████▉   | 18/26 [00:00<00:00, 87.20it/s, S=0.7598, loss=-0.6447]
Epoch 110/150 [train]:  69%|██████▉   | 18/26 [00:00<00:00, 87.20it/s, S=0.7479, loss=-0.6278]
Epoch 110/150 [train]:  69%|██████▉   | 18/26 [00:00<00:00, 87.20it/s, S=0.7790, loss=-0.6662]
Epoch 110/150 [train]:  69%|██████▉   | 18/26 [00:00<00:00, 87.20it/s, S=0.7605, loss=-0.6432]
Epoch 110/150 [train]:  69%|██████▉   | 18/26 [00:00<00:00, 87.20it/s, S=0.7730, loss=-0.6599]
Epoch 110/150 [train]:  69%|██████▉   | 18/26 [00:00<00:00, 87.20it/s, S=0.7762, loss=-0.6606]
Epoch 110/150 [train]:  69%|██████▉   | 18/26 [00:00<00:00, 87.20it/s, S=0.7719, loss=-0.6598]
Epoch 110/150 [train]:  69%|██████▉   | 18/26 [00:00<00:00, 87.20it/s, S=0.7975, loss=-0.6809]
                                                                                              
Epoch 110/150  train loss=-0.6603  val loss=-0.6296  S[mean]=0.7468  ζ=0.4516  mean_plane_ζ=0.4912  reg=0.1172  λscale=1.00  lr=2.50e-04

Epoch 111/150 [train]:   0%|          | 0/26 [00:00<?, ?it/s]
Epoch 111/150 [train]:   0%|          | 0/26 [00:00<?, ?it/s, S=0.7754, loss=-0.6619]
Epoch 111/150 [train]:   0%|          | 0/26 [00:00<?, ?it/s, S=0.7980, loss=-0.6820]
Epoch 111/150 [train]:   0%|          | 0/26 [00:00<?, ?it/s, S=0.7581, loss=-0.6381]
Epoch 111/150 [train]:   0%|          | 0/26 [00:00<?, ?it/s, S=0.7730, loss=-0.6541]
Epoch 111/150 [train]:   0%|          | 0/26 [00:00<?, ?it/s, S=0.7673, loss=-0.6541]
Epoch 111/150 [train]:   0%|          | 0/26 [00:00<?, ?it/s, S=0.7702, loss=-0.6535]
Epoch 111/150 [train]:   0%|          | 0/26 [00:00<?, ?it/s, S=0.7859, loss=-0.6741]
Epoch 111/150 [train]:   0%|          | 0/26 [00:00<?, ?it/s, S=0.7965, loss=-0.6772]
Epoch 111/150 [train]:   0%|          | 0/26 [00:00<?, ?it/s, S=0.7826, loss=-0.6703]
Epoch 111/150 [train]:  35%|███▍      | 9/26 [00:00<00:00, 86.74it/s, S=0.7826, loss=-0.6703]
Epoch 111/150 [train]:  35%|███▍      | 9/26 [00:00<00:00, 86.74it/s, S=0.7764, loss=-0.6603]
Epoch 111/150 [train]:  35%|███▍      | 9/26 [00:00<00:00, 86.74it/s, S=0.7834, loss=-0.6677]
Epoch 111/150 [train]:  35%|███▍      | 9/26 [00:00<00:00, 86.74it/s, S=0.7917, loss=-0.6797]
Epoch 111/150 [train]:  35%|███▍      | 9/26 [00:00<00:00, 86.74it/s, S=0.7820, loss=-0.6691]
Epoch 111/150 [train]:  35%|███▍      | 9/26 [00:00<00:00, 86.74it/s, S=0.7794, loss=-0.6602]
Epoch 111/150 [train]:  35%|███▍      | 9/26 [00:00<00:00, 86.74it/s, S=0.7961, loss=-0.6826]
Epoch 111/150 [train]:  35%|███▍      | 9/26 [00:00<00:00, 86.74it/s, S=0.7730, loss=-0.6610]
Epoch 111/150 [train]:  35%|███▍      | 9/26 [00:00<00:00, 86.74it/s, S=0.7941, loss=-0.6795]
Epoch 111/150 [train]:  35%|███▍      | 9/26 [00:00<00:00, 86.74it/s, S=0.7653, loss=-0.6526]
Epoch 111/150 [train]:  69%|██████▉   | 18/26 [00:00<00:00, 87.01it/s, S=0.7653, loss=-0.6526]
Epoch 111/150 [train]:  69%|██████▉   | 18/26 [00:00<00:00, 87.01it/s, S=0.8000, loss=-0.6826]
Epoch 111/150 [train]:  69%|██████▉   | 18/26 [00:00<00:00, 87.01it/s, S=0.7799, loss=-0.6669]
Epoch 111/150 [train]:  69%|██████▉   | 18/26 [00:00<00:00, 87.01it/s, S=0.7867, loss=-0.6701]
Epoch 111/150 [train]:  69%|██████▉   | 18/26 [00:00<00:00, 87.01it/s, S=0.7857, loss=-0.6723]
Epoch 111/150 [train]:  69%|██████▉   | 18/26 [00:00<00:00, 87.01it/s, S=0.7737, loss=-0.6637]
Epoch 111/150 [train]:  69%|██████▉   | 18/26 [00:00<00:00, 87.01it/s, S=0.7811, loss=-0.6635]
Epoch 111/150 [train]:  69%|██████▉   | 18/26 [00:00<00:00, 87.01it/s, S=0.7927, loss=-0.6775]
Epoch 111/150 [train]:  69%|██████▉   | 18/26 [00:00<00:00, 87.01it/s, S=0.7786, loss=-0.6633]
                                                                                              
Epoch 111/150  train loss=-0.6668  val loss=-0.6320  S[mean]=0.7487  ζ=0.4520  mean_plane_ζ=0.4919  reg=0.1167  λscale=1.00  lr=2.40e-04

Epoch 112/150 [train]:   0%|          | 0/26 [00:00<?, ?it/s]
Epoch 112/150 [train]:   0%|          | 0/26 [00:00<?, ?it/s, S=0.7923, loss=-0.6800]
Epoch 112/150 [train]:   0%|          | 0/26 [00:00<?, ?it/s, S=0.7851, loss=-0.6738]
Epoch 112/150 [train]:   0%|          | 0/26 [00:00<?, ?it/s, S=0.7809, loss=-0.6644]
Epoch 112/150 [train]:   0%|          | 0/26 [00:00<?, ?it/s, S=0.7664, loss=-0.6512]
Epoch 112/150 [train]:   0%|          | 0/26 [00:00<?, ?it/s, S=0.8035, loss=-0.6795]
Epoch 112/150 [train]:   0%|          | 0/26 [00:00<?, ?it/s, S=0.7955, loss=-0.6796]
Epoch 112/150 [train]:   0%|          | 0/26 [00:00<?, ?it/s, S=0.8022, loss=-0.6900]
Epoch 112/150 [train]:   0%|          | 0/26 [00:00<?, ?it/s, S=0.7816, loss=-0.6657]
Epoch 112/150 [train]:   0%|          | 0/26 [00:00<?, ?it/s, S=0.7740, loss=-0.6612]
Epoch 112/150 [train]:  35%|███▍      | 9/26 [00:00<00:00, 86.69it/s, S=0.7740, loss=-0.6612]
Epoch 112/150 [train]:  35%|███▍      | 9/26 [00:00<00:00, 86.69it/s, S=0.7634, loss=-0.6532]
Epoch 112/150 [train]:  35%|███▍      | 9/26 [00:00<00:00, 86.69it/s, S=0.7927, loss=-0.6819]
Epoch 112/150 [train]:  35%|███▍      | 9/26 [00:00<00:00, 86.69it/s, S=0.7798, loss=-0.6674]
Epoch 112/150 [train]:  35%|███▍      | 9/26 [00:00<00:00, 86.69it/s, S=0.7966, loss=-0.6829]
Epoch 112/150 [train]:  35%|███▍      | 9/26 [00:00<00:00, 86.69it/s, S=0.7713, loss=-0.6580]
Epoch 112/150 [train]:  35%|███▍      | 9/26 [00:00<00:00, 86.69it/s, S=0.7717, loss=-0.6611]
Epoch 112/150 [train]:  35%|███▍      | 9/26 [00:00<00:00, 86.69it/s, S=0.7761, loss=-0.6595]
Epoch 112/150 [train]:  35%|███▍      | 9/26 [00:00<00:00, 86.69it/s, S=0.7960, loss=-0.6818]
Epoch 112/150 [train]:  35%|███▍      | 9/26 [00:00<00:00, 86.69it/s, S=0.7923, loss=-0.6791]
Epoch 112/150 [train]:  69%|██████▉   | 18/26 [00:00<00:00, 86.74it/s, S=0.7923, loss=-0.6791]
Epoch 112/150 [train]:  69%|██████▉   | 18/26 [00:00<00:00, 86.74it/s, S=0.7979, loss=-0.6870]
Epoch 112/150 [train]:  69%|██████▉   | 18/26 [00:00<00:00, 86.74it/s, S=0.7795, loss=-0.6595]
Epoch 112/150 [train]:  69%|██████▉   | 18/26 [00:00<00:00, 86.74it/s, S=0.7928, loss=-0.6811]
Epoch 112/150 [train]:  69%|██████▉   | 18/26 [00:00<00:00, 86.74it/s, S=0.7808, loss=-0.6588]
Epoch 112/150 [train]:  69%|██████▉   | 18/26 [00:00<00:00, 86.74it/s, S=0.7986, loss=-0.6871]
Epoch 112/150 [train]:  69%|██████▉   | 18/26 [00:00<00:00, 86.74it/s, S=0.7910, loss=-0.6786]
Epoch 112/150 [train]:  69%|██████▉   | 18/26 [00:00<00:00, 86.74it/s, S=0.7717, loss=-0.6606]
Epoch 112/150 [train]:  69%|██████▉   | 18/26 [00:00<00:00, 86.74it/s, S=0.7671, loss=-0.6508]
                                                                                              
Epoch 112/150  train loss=-0.6705  val loss=-0.6326  S[mean]=0.7493  ζ=0.4509  mean_plane_ζ=0.4910  reg=0.1168  λscale=1.00  lr=2.30e-04

Epoch 113/150 [train]:   0%|          | 0/26 [00:00<?, ?it/s]
Epoch 113/150 [train]:   0%|          | 0/26 [00:00<?, ?it/s, S=0.7886, loss=-0.6791]
Epoch 113/150 [train]:   0%|          | 0/26 [00:00<?, ?it/s, S=0.7837, loss=-0.6722]
Epoch 113/150 [train]:   0%|          | 0/26 [00:00<?, ?it/s, S=0.7898, loss=-0.6748]
Epoch 113/150 [train]:   0%|          | 0/26 [00:00<?, ?it/s, S=0.7737, loss=-0.6571]
Epoch 113/150 [train]:   0%|          | 0/26 [00:00<?, ?it/s, S=0.7725, loss=-0.6439]
Epoch 113/150 [train]:   0%|          | 0/26 [00:00<?, ?it/s, S=0.7875, loss=-0.6661]
Epoch 113/150 [train]:   0%|          | 0/26 [00:00<?, ?it/s, S=0.7886, loss=-0.6749]
Epoch 113/150 [train]:   0%|          | 0/26 [00:00<?, ?it/s, S=0.7955, loss=-0.6830]
Epoch 113/150 [train]:   0%|          | 0/26 [00:00<?, ?it/s, S=0.7851, loss=-0.6698]
Epoch 113/150 [train]:  35%|███▍      | 9/26 [00:00<00:00, 86.87it/s, S=0.7851, loss=-0.6698]
Epoch 113/150 [train]:  35%|███▍      | 9/26 [00:00<00:00, 86.87it/s, S=0.8046, loss=-0.6922]
Epoch 113/150 [train]:  35%|███▍      | 9/26 [00:00<00:00, 86.87it/s, S=0.7757, loss=-0.6606]
Epoch 113/150 [train]:  35%|███▍      | 9/26 [00:00<00:00, 86.87it/s, S=0.7623, loss=-0.6455]
Epoch 113/150 [train]:  35%|███▍      | 9/26 [00:00<00:00, 86.87it/s, S=0.7808, loss=-0.6691]
Epoch 113/150 [train]:  35%|███▍      | 9/26 [00:00<00:00, 86.87it/s, S=0.7821, loss=-0.6657]
Epoch 113/150 [train]:  35%|███▍      | 9/26 [00:00<00:00, 86.87it/s, S=0.7845, loss=-0.6648]
Epoch 113/150 [train]:  35%|███▍      | 9/26 [00:00<00:00, 86.87it/s, S=0.7873, loss=-0.6686]
Epoch 113/150 [train]:  35%|███▍      | 9/26 [00:00<00:00, 86.87it/s, S=0.7753, loss=-0.6530]
Epoch 113/150 [train]:  35%|███▍      | 9/26 [00:00<00:00, 86.87it/s, S=0.7739, loss=-0.6599]
Epoch 113/150 [train]:  69%|██████▉   | 18/26 [00:00<00:00, 86.97it/s, S=0.7739, loss=-0.6599]
Epoch 113/150 [train]:  69%|██████▉   | 18/26 [00:00<00:00, 86.97it/s, S=0.7887, loss=-0.6696]
Epoch 113/150 [train]:  69%|██████▉   | 18/26 [00:00<00:00, 86.97it/s, S=0.7705, loss=-0.6581]
Epoch 113/150 [train]:  69%|██████▉   | 18/26 [00:00<00:00, 86.97it/s, S=0.7699, loss=-0.6519]
Epoch 113/150 [train]:  69%|██████▉   | 18/26 [00:00<00:00, 86.97it/s, S=0.7882, loss=-0.6713]
Epoch 113/150 [train]:  69%|██████▉   | 18/26 [00:00<00:00, 86.97it/s, S=0.7654, loss=-0.6432]
Epoch 113/150 [train]:  69%|██████▉   | 18/26 [00:00<00:00, 86.97it/s, S=0.7660, loss=-0.6448]
Epoch 113/150 [train]:  69%|██████▉   | 18/26 [00:00<00:00, 86.97it/s, S=0.7836, loss=-0.6634]
Epoch 113/150 [train]:  69%|██████▉   | 18/26 [00:00<00:00, 86.97it/s, S=0.7711, loss=-0.6616]
                                                                                              
Epoch 113/150  train loss=-0.6640  val loss=-0.6335  S[mean]=0.7497  ζ=0.4509  mean_plane_ζ=0.4913  reg=0.1162  λscale=1.00  lr=2.21e-04

Epoch 114/150 [train]:   0%|          | 0/26 [00:00<?, ?it/s]
Epoch 114/150 [train]:   0%|          | 0/26 [00:00<?, ?it/s, S=0.7757, loss=-0.6541]
Epoch 114/150 [train]:   0%|          | 0/26 [00:00<?, ?it/s, S=0.7797, loss=-0.6634]
Epoch 114/150 [train]:   0%|          | 0/26 [00:00<?, ?it/s, S=0.7851, loss=-0.6733]
Epoch 114/150 [train]:   0%|          | 0/26 [00:00<?, ?it/s, S=0.7901, loss=-0.6781]
Epoch 114/150 [train]:   0%|          | 0/26 [00:00<?, ?it/s, S=0.7950, loss=-0.6801]
Epoch 114/150 [train]:   0%|          | 0/26 [00:00<?, ?it/s, S=0.7796, loss=-0.6634]
Epoch 114/150 [train]:   0%|          | 0/26 [00:00<?, ?it/s, S=0.7904, loss=-0.6770]
Epoch 114/150 [train]:   0%|          | 0/26 [00:00<?, ?it/s, S=0.7845, loss=-0.6637]
Epoch 114/150 [train]:   0%|          | 0/26 [00:00<?, ?it/s, S=0.7848, loss=-0.6681]
Epoch 114/150 [train]:  35%|███▍      | 9/26 [00:00<00:00, 86.60it/s, S=0.7848, loss=-0.6681]
Epoch 114/150 [train]:  35%|███▍      | 9/26 [00:00<00:00, 86.60it/s, S=0.7950, loss=-0.6784]
Epoch 114/150 [train]:  35%|███▍      | 9/26 [00:00<00:00, 86.60it/s, S=0.7608, loss=-0.6402]
Epoch 114/150 [train]:  35%|███▍      | 9/26 [00:00<00:00, 86.60it/s, S=0.7938, loss=-0.6815]
Epoch 114/150 [train]:  35%|███▍      | 9/26 [00:00<00:00, 86.60it/s, S=0.7810, loss=-0.6686]
Epoch 114/150 [train]:  35%|███▍      | 9/26 [00:00<00:00, 86.60it/s, S=0.8010, loss=-0.6898]
Epoch 114/150 [train]:  35%|███▍      | 9/26 [00:00<00:00, 86.60it/s, S=0.7870, loss=-0.6727]
Epoch 114/150 [train]:  35%|███▍      | 9/26 [00:00<00:00, 86.60it/s, S=0.7738, loss=-0.6583]
Epoch 114/150 [train]:  35%|███▍      | 9/26 [00:00<00:00, 86.60it/s, S=0.7971, loss=-0.6812]
Epoch 114/150 [train]:  35%|███▍      | 9/26 [00:00<00:00, 86.60it/s, S=0.8062, loss=-0.6932]
Epoch 114/150 [train]:  69%|██████▉   | 18/26 [00:00<00:00, 86.62it/s, S=0.8062, loss=-0.6932]
Epoch 114/150 [train]:  69%|██████▉   | 18/26 [00:00<00:00, 86.62it/s, S=0.7896, loss=-0.6797]
Epoch 114/150 [train]:  69%|██████▉   | 18/26 [00:00<00:00, 86.62it/s, S=0.7928, loss=-0.6807]
Epoch 114/150 [train]:  69%|██████▉   | 18/26 [00:00<00:00, 86.62it/s, S=0.7806, loss=-0.6637]
Epoch 114/150 [train]:  69%|██████▉   | 18/26 [00:00<00:00, 86.62it/s, S=0.7624, loss=-0.6455]
Epoch 114/150 [train]:  69%|██████▉   | 18/26 [00:00<00:00, 86.62it/s, S=0.7738, loss=-0.6596]
Epoch 114/150 [train]:  69%|██████▉   | 18/26 [00:00<00:00, 86.62it/s, S=0.7855, loss=-0.6713]
Epoch 114/150 [train]:  69%|██████▉   | 18/26 [00:00<00:00, 86.62it/s, S=0.7653, loss=-0.6538]
Epoch 114/150 [train]:  69%|██████▉   | 18/26 [00:00<00:00, 86.62it/s, S=0.7937, loss=-0.6706]
                                                                                              
Epoch 114/150  train loss=-0.6696  val loss=-0.6343  S[mean]=0.7509  ζ=0.4508  mean_plane_ζ=0.4914  reg=0.1167  λscale=1.00  lr=2.11e-04

Epoch 115/150 [train]:   0%|          | 0/26 [00:00<?, ?it/s]
Epoch 115/150 [train]:   0%|          | 0/26 [00:00<?, ?it/s, S=0.7803, loss=-0.6666]
Epoch 115/150 [train]:   0%|          | 0/26 [00:00<?, ?it/s, S=0.7884, loss=-0.6683]
Epoch 115/150 [train]:   0%|          | 0/26 [00:00<?, ?it/s, S=0.7820, loss=-0.6670]
Epoch 115/150 [train]:   0%|          | 0/26 [00:00<?, ?it/s, S=0.7729, loss=-0.6628]
Epoch 115/150 [train]:   0%|          | 0/26 [00:00<?, ?it/s, S=0.7939, loss=-0.6787]
Epoch 115/150 [train]:   0%|          | 0/26 [00:00<?, ?it/s, S=0.7954, loss=-0.6816]
Epoch 115/150 [train]:   0%|          | 0/26 [00:00<?, ?it/s, S=0.7979, loss=-0.6836]
Epoch 115/150 [train]:   0%|          | 0/26 [00:00<?, ?it/s, S=0.7899, loss=-0.6793]
Epoch 115/150 [train]:   0%|          | 0/26 [00:00<?, ?it/s, S=0.7825, loss=-0.6639]
Epoch 115/150 [train]:  35%|███▍      | 9/26 [00:00<00:00, 86.58it/s, S=0.7825, loss=-0.6639]
Epoch 115/150 [train]:  35%|███▍      | 9/26 [00:00<00:00, 86.58it/s, S=0.7864, loss=-0.6734]
Epoch 115/150 [train]:  35%|███▍      | 9/26 [00:00<00:00, 86.58it/s, S=0.7755, loss=-0.6618]
Epoch 115/150 [train]:  35%|███▍      | 9/26 [00:00<00:00, 86.58it/s, S=0.7838, loss=-0.6734]
Epoch 115/150 [train]:  35%|███▍      | 9/26 [00:00<00:00, 86.58it/s, S=0.7904, loss=-0.6791]
Epoch 115/150 [train]:  35%|███▍      | 9/26 [00:00<00:00, 86.58it/s, S=0.7888, loss=-0.6766]
Epoch 115/150 [train]:  35%|███▍      | 9/26 [00:00<00:00, 86.58it/s, S=0.7934, loss=-0.6731]
Epoch 115/150 [train]:  35%|███▍      | 9/26 [00:00<00:00, 86.58it/s, S=0.7919, loss=-0.6775]
Epoch 115/150 [train]:  35%|███▍      | 9/26 [00:00<00:00, 86.58it/s, S=0.8004, loss=-0.6907]
Epoch 115/150 [train]:  35%|███▍      | 9/26 [00:00<00:00, 86.58it/s, S=0.7739, loss=-0.6580]
Epoch 115/150 [train]:  69%|██████▉   | 18/26 [00:00<00:00, 86.79it/s, S=0.7739, loss=-0.6580]
Epoch 115/150 [train]:  69%|██████▉   | 18/26 [00:00<00:00, 86.79it/s, S=0.7757, loss=-0.6634]
Epoch 115/150 [train]:  69%|██████▉   | 18/26 [00:00<00:00, 86.79it/s, S=0.7660, loss=-0.6532]
Epoch 115/150 [train]:  69%|██████▉   | 18/26 [00:00<00:00, 86.79it/s, S=0.7931, loss=-0.6731]
Epoch 115/150 [train]:  69%|██████▉   | 18/26 [00:00<00:00, 86.79it/s, S=0.7955, loss=-0.6752]
Epoch 115/150 [train]:  69%|██████▉   | 18/26 [00:00<00:00, 86.79it/s, S=0.7730, loss=-0.6537]
Epoch 115/150 [train]:  69%|██████▉   | 18/26 [00:00<00:00, 86.79it/s, S=0.7731, loss=-0.6631]
Epoch 115/150 [train]:  69%|██████▉   | 18/26 [00:00<00:00, 86.79it/s, S=0.7890, loss=-0.6711]
Epoch 115/150 [train]:  69%|██████▉   | 18/26 [00:00<00:00, 86.79it/s, S=0.8084, loss=-0.6963]
                                                                                              
Epoch 115/150  train loss=-0.6717  val loss=-0.6340  S[mean]=0.7511  ζ=0.4498  mean_plane_ζ=0.4908  reg=0.1171  λscale=1.00  lr=2.01e-04

Epoch 116/150 [train]:   0%|          | 0/26 [00:00<?, ?it/s]
Epoch 116/150 [train]:   0%|          | 0/26 [00:00<?, ?it/s, S=0.7859, loss=-0.6655]
Epoch 116/150 [train]:   0%|          | 0/26 [00:00<?, ?it/s, S=0.7973, loss=-0.6820]
Epoch 116/150 [train]:   0%|          | 0/26 [00:00<?, ?it/s, S=0.7796, loss=-0.6624]
Epoch 116/150 [train]:   0%|          | 0/26 [00:00<?, ?it/s, S=0.7862, loss=-0.6736]
Epoch 116/150 [train]:   0%|          | 0/26 [00:00<?, ?it/s, S=0.7732, loss=-0.6533]
Epoch 116/150 [train]:   0%|          | 0/26 [00:00<?, ?it/s, S=0.7861, loss=-0.6721]
Epoch 116/150 [train]:   0%|          | 0/26 [00:00<?, ?it/s, S=0.8099, loss=-0.6944]
Epoch 116/150 [train]:   0%|          | 0/26 [00:00<?, ?it/s, S=0.8025, loss=-0.6882]
Epoch 116/150 [train]:   0%|          | 0/26 [00:00<?, ?it/s, S=0.7619, loss=-0.6242]
Epoch 116/150 [train]:  35%|███▍      | 9/26 [00:00<00:00, 86.80it/s, S=0.7619, loss=-0.6242]
Epoch 116/150 [train]:  35%|███▍      | 9/26 [00:00<00:00, 86.80it/s, S=0.7686, loss=-0.6551]
Epoch 116/150 [train]:  35%|███▍      | 9/26 [00:00<00:00, 86.80it/s, S=0.7969, loss=-0.6767]
Epoch 116/150 [train]:  35%|███▍      | 9/26 [00:00<00:00, 86.80it/s, S=0.7994, loss=-0.6869]
Epoch 116/150 [train]:  35%|███▍      | 9/26 [00:00<00:00, 86.80it/s, S=0.7800, loss=-0.6671]
Epoch 116/150 [train]:  35%|███▍      | 9/26 [00:00<00:00, 86.80it/s, S=0.7922, loss=-0.6757]
Epoch 116/150 [train]:  35%|███▍      | 9/26 [00:00<00:00, 86.80it/s, S=0.7721, loss=-0.6603]
Epoch 116/150 [train]:  35%|███▍      | 9/26 [00:00<00:00, 86.80it/s, S=0.7800, loss=-0.6623]
Epoch 116/150 [train]:  35%|███▍      | 9/26 [00:00<00:00, 86.80it/s, S=0.7915, loss=-0.6781]
Epoch 116/150 [train]:  35%|███▍      | 9/26 [00:00<00:00, 86.80it/s, S=0.7814, loss=-0.6700]
Epoch 116/150 [train]:  69%|██████▉   | 18/26 [00:00<00:00, 86.98it/s, S=0.7814, loss=-0.6700]
Epoch 116/150 [train]:  69%|██████▉   | 18/26 [00:00<00:00, 86.98it/s, S=0.7770, loss=-0.6529]
Epoch 116/150 [train]:  69%|██████▉   | 18/26 [00:00<00:00, 86.98it/s, S=0.7720, loss=-0.6585]
Epoch 116/150 [train]:  69%|██████▉   | 18/26 [00:00<00:00, 86.98it/s, S=0.7788, loss=-0.6580]
Epoch 116/150 [train]:  69%|██████▉   | 18/26 [00:00<00:00, 86.98it/s, S=0.7677, loss=-0.6525]
Epoch 116/150 [train]:  69%|██████▉   | 18/26 [00:00<00:00, 86.98it/s, S=0.7855, loss=-0.6670]
Epoch 116/150 [train]:  69%|██████▉   | 18/26 [00:00<00:00, 86.98it/s, S=0.7864, loss=-0.6676]
Epoch 116/150 [train]:  69%|██████▉   | 18/26 [00:00<00:00, 86.98it/s, S=0.7777, loss=-0.6621]
Epoch 116/150 [train]:  69%|██████▉   | 18/26 [00:00<00:00, 86.98it/s, S=0.7903, loss=-0.6784]
                                                                                              
Epoch 116/150  train loss=-0.6671  val loss=-0.6357  S[mean]=0.7523  ζ=0.4505  mean_plane_ζ=0.4914  reg=0.1166  λscale=1.00  lr=1.92e-04

Epoch 117/150 [train]:   0%|          | 0/26 [00:00<?, ?it/s]
Epoch 117/150 [train]:   0%|          | 0/26 [00:00<?, ?it/s, S=0.7804, loss=-0.6670]
Epoch 117/150 [train]:   0%|          | 0/26 [00:00<?, ?it/s, S=0.7966, loss=-0.6809]
Epoch 117/150 [train]:   0%|          | 0/26 [00:00<?, ?it/s, S=0.7855, loss=-0.6677]
Epoch 117/150 [train]:   0%|          | 0/26 [00:00<?, ?it/s, S=0.7756, loss=-0.6571]
Epoch 117/150 [train]:   0%|          | 0/26 [00:00<?, ?it/s, S=0.7798, loss=-0.6628]
Epoch 117/150 [train]:   0%|          | 0/26 [00:00<?, ?it/s, S=0.7821, loss=-0.6695]
Epoch 117/150 [train]:   0%|          | 0/26 [00:00<?, ?it/s, S=0.7700, loss=-0.6568]
Epoch 117/150 [train]:   0%|          | 0/26 [00:00<?, ?it/s, S=0.7649, loss=-0.6507]
Epoch 117/150 [train]:   0%|          | 0/26 [00:00<?, ?it/s, S=0.7880, loss=-0.6679]
Epoch 117/150 [train]:  35%|███▍      | 9/26 [00:00<00:00, 86.07it/s, S=0.7880, loss=-0.6679]
Epoch 117/150 [train]:  35%|███▍      | 9/26 [00:00<00:00, 86.07it/s, S=0.7762, loss=-0.6526]
Epoch 117/150 [train]:  35%|███▍      | 9/26 [00:00<00:00, 86.07it/s, S=0.8023, loss=-0.6901]
Epoch 117/150 [train]:  35%|███▍      | 9/26 [00:00<00:00, 86.07it/s, S=0.7755, loss=-0.6618]
Epoch 117/150 [train]:  35%|███▍      | 9/26 [00:00<00:00, 86.07it/s, S=0.7991, loss=-0.6859]
Epoch 117/150 [train]:  35%|███▍      | 9/26 [00:00<00:00, 86.07it/s, S=0.7887, loss=-0.6784]
Epoch 117/150 [train]:  35%|███▍      | 9/26 [00:00<00:00, 86.07it/s, S=0.7948, loss=-0.6781]
Epoch 117/150 [train]:  35%|███▍      | 9/26 [00:00<00:00, 86.07it/s, S=0.7980, loss=-0.6863]
Epoch 117/150 [train]:  35%|███▍      | 9/26 [00:00<00:00, 86.07it/s, S=0.7947, loss=-0.6836]
Epoch 117/150 [train]:  35%|███▍      | 9/26 [00:00<00:00, 86.07it/s, S=0.7894, loss=-0.6770]
Epoch 117/150 [train]:  69%|██████▉   | 18/26 [00:00<00:00, 86.41it/s, S=0.7894, loss=-0.6770]
Epoch 117/150 [train]:  69%|██████▉   | 18/26 [00:00<00:00, 86.41it/s, S=0.7746, loss=-0.6513]
Epoch 117/150 [train]:  69%|██████▉   | 18/26 [00:00<00:00, 86.41it/s, S=0.7985, loss=-0.6882]
Epoch 117/150 [train]:  69%|██████▉   | 18/26 [00:00<00:00, 86.41it/s, S=0.7982, loss=-0.6838]
Epoch 117/150 [train]:  69%|██████▉   | 18/26 [00:00<00:00, 86.41it/s, S=0.7604, loss=-0.6348]
Epoch 117/150 [train]:  69%|██████▉   | 18/26 [00:00<00:00, 86.41it/s, S=0.7785, loss=-0.6588]
Epoch 117/150 [train]:  69%|██████▉   | 18/26 [00:00<00:00, 86.41it/s, S=0.7881, loss=-0.6696]
Epoch 117/150 [train]:  69%|██████▉   | 18/26 [00:00<00:00, 86.41it/s, S=0.7980, loss=-0.6789]
Epoch 117/150 [train]:  69%|██████▉   | 18/26 [00:00<00:00, 86.41it/s, S=0.7834, loss=-0.6720]
                                                                                              
Epoch 117/150  train loss=-0.6697  val loss=-0.6364  S[mean]=0.7530  ζ=0.4504  mean_plane_ζ=0.4915  reg=0.1166  λscale=1.00  lr=1.82e-04

Epoch 118/150 [train]:   0%|          | 0/26 [00:00<?, ?it/s]
Epoch 118/150 [train]:   0%|          | 0/26 [00:00<?, ?it/s, S=0.7871, loss=-0.6734]
Epoch 118/150 [train]:   0%|          | 0/26 [00:00<?, ?it/s, S=0.7847, loss=-0.6727]
Epoch 118/150 [train]:   0%|          | 0/26 [00:00<?, ?it/s, S=0.8044, loss=-0.6921]
Epoch 118/150 [train]:   0%|          | 0/26 [00:00<?, ?it/s, S=0.7794, loss=-0.6489]
Epoch 118/150 [train]:   0%|          | 0/26 [00:00<?, ?it/s, S=0.7895, loss=-0.6767]
Epoch 118/150 [train]:   0%|          | 0/26 [00:00<?, ?it/s, S=0.7953, loss=-0.6767]
Epoch 118/150 [train]:   0%|          | 0/26 [00:00<?, ?it/s, S=0.7779, loss=-0.6591]
Epoch 118/150 [train]:   0%|          | 0/26 [00:00<?, ?it/s, S=0.7824, loss=-0.6713]
Epoch 118/150 [train]:   0%|          | 0/26 [00:00<?, ?it/s, S=0.7827, loss=-0.6692]
Epoch 118/150 [train]:  35%|███▍      | 9/26 [00:00<00:00, 86.62it/s, S=0.7827, loss=-0.6692]
Epoch 118/150 [train]:  35%|███▍      | 9/26 [00:00<00:00, 86.62it/s, S=0.7788, loss=-0.6657]
Epoch 118/150 [train]:  35%|███▍      | 9/26 [00:00<00:00, 86.62it/s, S=0.7867, loss=-0.6711]
Epoch 118/150 [train]:  35%|███▍      | 9/26 [00:00<00:00, 86.62it/s, S=0.7835, loss=-0.6740]
Epoch 118/150 [train]:  35%|███▍      | 9/26 [00:00<00:00, 86.62it/s, S=0.7828, loss=-0.6726]
Epoch 118/150 [train]:  35%|███▍      | 9/26 [00:00<00:00, 86.62it/s, S=0.7959, loss=-0.6797]
Epoch 118/150 [train]:  35%|███▍      | 9/26 [00:00<00:00, 86.62it/s, S=0.8022, loss=-0.6881]
Epoch 118/150 [train]:  35%|███▍      | 9/26 [00:00<00:00, 86.62it/s, S=0.7891, loss=-0.6760]
Epoch 118/150 [train]:  35%|███▍      | 9/26 [00:00<00:00, 86.62it/s, S=0.7917, loss=-0.6802]
Epoch 118/150 [train]:  35%|███▍      | 9/26 [00:00<00:00, 86.62it/s, S=0.7765, loss=-0.6606]
Epoch 118/150 [train]:  69%|██████▉   | 18/26 [00:00<00:00, 86.79it/s, S=0.7765, loss=-0.6606]
Epoch 118/150 [train]:  69%|██████▉   | 18/26 [00:00<00:00, 86.79it/s, S=0.8008, loss=-0.6856]
Epoch 118/150 [train]:  69%|██████▉   | 18/26 [00:00<00:00, 86.79it/s, S=0.7914, loss=-0.6786]
Epoch 118/150 [train]:  69%|██████▉   | 18/26 [00:00<00:00, 86.79it/s, S=0.7854, loss=-0.6715]
Epoch 118/150 [train]:  69%|██████▉   | 18/26 [00:00<00:00, 86.79it/s, S=0.7924, loss=-0.6747]
Epoch 118/150 [train]:  69%|██████▉   | 18/26 [00:00<00:00, 86.79it/s, S=0.7865, loss=-0.6717]
Epoch 118/150 [train]:  69%|██████▉   | 18/26 [00:00<00:00, 86.79it/s, S=0.7841, loss=-0.6677]
Epoch 118/150 [train]:  69%|██████▉   | 18/26 [00:00<00:00, 86.79it/s, S=0.7932, loss=-0.6787]
Epoch 118/150 [train]:  69%|██████▉   | 18/26 [00:00<00:00, 86.79it/s, S=0.7947, loss=-0.6796]
                                                                                              
Epoch 118/150  train loss=-0.6737  val loss=-0.6362  S[mean]=0.7529  ζ=0.4490  mean_plane_ζ=0.4900  reg=0.1167  λscale=1.00  lr=1.73e-04

Epoch 119/150 [train]:   0%|          | 0/26 [00:00<?, ?it/s]
Epoch 119/150 [train]:   0%|          | 0/26 [00:00<?, ?it/s, S=0.7747, loss=-0.6576]
Epoch 119/150 [train]:   0%|          | 0/26 [00:00<?, ?it/s, S=0.7947, loss=-0.6771]
Epoch 119/150 [train]:   0%|          | 0/26 [00:00<?, ?it/s, S=0.7818, loss=-0.6706]
Epoch 119/150 [train]:   0%|          | 0/26 [00:00<?, ?it/s, S=0.7801, loss=-0.6584]
Epoch 119/150 [train]:   0%|          | 0/26 [00:00<?, ?it/s, S=0.7992, loss=-0.6823]
Epoch 119/150 [train]:   0%|          | 0/26 [00:00<?, ?it/s, S=0.7840, loss=-0.6721]
Epoch 119/150 [train]:   0%|          | 0/26 [00:00<?, ?it/s, S=0.7735, loss=-0.6616]
Epoch 119/150 [train]:   0%|          | 0/26 [00:00<?, ?it/s, S=0.7951, loss=-0.6840]
Epoch 119/150 [train]:   0%|          | 0/26 [00:00<?, ?it/s, S=0.7881, loss=-0.6737]
Epoch 119/150 [train]:  35%|███▍      | 9/26 [00:00<00:00, 86.76it/s, S=0.7881, loss=-0.6737]
Epoch 119/150 [train]:  35%|███▍      | 9/26 [00:00<00:00, 86.76it/s, S=0.8044, loss=-0.6905]
Epoch 119/150 [train]:  35%|███▍      | 9/26 [00:00<00:00, 86.76it/s, S=0.7742, loss=-0.6587]
Epoch 119/150 [train]:  35%|███▍      | 9/26 [00:00<00:00, 86.76it/s, S=0.7905, loss=-0.6757]
Epoch 119/150 [train]:  35%|███▍      | 9/26 [00:00<00:00, 86.76it/s, S=0.7785, loss=-0.6619]
Epoch 119/150 [train]:  35%|███▍      | 9/26 [00:00<00:00, 86.76it/s, S=0.7863, loss=-0.6736]
Epoch 119/150 [train]:  35%|███▍      | 9/26 [00:00<00:00, 86.76it/s, S=0.8009, loss=-0.6872]
Epoch 119/150 [train]:  35%|███▍      | 9/26 [00:00<00:00, 86.76it/s, S=0.8036, loss=-0.6904]
Epoch 119/150 [train]:  35%|███▍      | 9/26 [00:00<00:00, 86.76it/s, S=0.8025, loss=-0.6819]
Epoch 119/150 [train]:  35%|███▍      | 9/26 [00:00<00:00, 86.76it/s, S=0.7711, loss=-0.6517]
Epoch 119/150 [train]:  69%|██████▉   | 18/26 [00:00<00:00, 86.69it/s, S=0.7711, loss=-0.6517]
Epoch 119/150 [train]:  69%|██████▉   | 18/26 [00:00<00:00, 86.69it/s, S=0.8006, loss=-0.6814]
Epoch 119/150 [train]:  69%|██████▉   | 18/26 [00:00<00:00, 86.69it/s, S=0.7703, loss=-0.6574]
Epoch 119/150 [train]:  69%|██████▉   | 18/26 [00:00<00:00, 86.69it/s, S=0.7941, loss=-0.6822]
Epoch 119/150 [train]:  69%|██████▉   | 18/26 [00:00<00:00, 86.69it/s, S=0.7883, loss=-0.6743]
Epoch 119/150 [train]:  69%|██████▉   | 18/26 [00:00<00:00, 86.69it/s, S=0.7863, loss=-0.6647]
Epoch 119/150 [train]:  69%|██████▉   | 18/26 [00:00<00:00, 86.69it/s, S=0.7995, loss=-0.6801]
Epoch 119/150 [train]:  69%|██████▉   | 18/26 [00:00<00:00, 86.69it/s, S=0.7950, loss=-0.6811]
Epoch 119/150 [train]:  69%|██████▉   | 18/26 [00:00<00:00, 86.69it/s, S=0.7970, loss=-0.6818]
                                                                                              
Epoch 119/150  train loss=-0.6735  val loss=-0.6367  S[mean]=0.7535  ζ=0.4491  mean_plane_ζ=0.4904  reg=0.1167  λscale=1.00  lr=1.63e-04

Epoch 120/150 [train]:   0%|          | 0/26 [00:00<?, ?it/s]
Epoch 120/150 [train]:   0%|          | 0/26 [00:00<?, ?it/s, S=0.7803, loss=-0.6642]
Epoch 120/150 [train]:   0%|          | 0/26 [00:00<?, ?it/s, S=0.7587, loss=-0.6411]
Epoch 120/150 [train]:   0%|          | 0/26 [00:00<?, ?it/s, S=0.8048, loss=-0.6864]
Epoch 120/150 [train]:   0%|          | 0/26 [00:00<?, ?it/s, S=0.7744, loss=-0.6619]
Epoch 120/150 [train]:   0%|          | 0/26 [00:00<?, ?it/s, S=0.7919, loss=-0.6776]
Epoch 120/150 [train]:   0%|          | 0/26 [00:00<?, ?it/s, S=0.7988, loss=-0.6851]
Epoch 120/150 [train]:   0%|          | 0/26 [00:00<?, ?it/s, S=0.7894, loss=-0.6800]
Epoch 120/150 [train]:   0%|          | 0/26 [00:00<?, ?it/s, S=0.7741, loss=-0.6534]
Epoch 120/150 [train]:   0%|          | 0/26 [00:00<?, ?it/s, S=0.7871, loss=-0.6758]
Epoch 120/150 [train]:  35%|███▍      | 9/26 [00:00<00:00, 86.77it/s, S=0.7871, loss=-0.6758]
Epoch 120/150 [train]:  35%|███▍      | 9/26 [00:00<00:00, 86.77it/s, S=0.8005, loss=-0.6860]
Epoch 120/150 [train]:  35%|███▍      | 9/26 [00:00<00:00, 86.77it/s, S=0.7858, loss=-0.6710]
Epoch 120/150 [train]:  35%|███▍      | 9/26 [00:00<00:00, 86.77it/s, S=0.7896, loss=-0.6750]
Epoch 120/150 [train]:  35%|███▍      | 9/26 [00:00<00:00, 86.77it/s, S=0.7870, loss=-0.6689]
Epoch 120/150 [train]:  35%|███▍      | 9/26 [00:00<00:00, 86.77it/s, S=0.7835, loss=-0.6671]
Epoch 120/150 [train]:  35%|███▍      | 9/26 [00:00<00:00, 86.77it/s, S=0.7809, loss=-0.6684]
Epoch 120/150 [train]:  35%|███▍      | 9/26 [00:00<00:00, 86.77it/s, S=0.7873, loss=-0.6752]
Epoch 120/150 [train]:  35%|███▍      | 9/26 [00:00<00:00, 86.77it/s, S=0.8109, loss=-0.6992]
Epoch 120/150 [train]:  35%|███▍      | 9/26 [00:00<00:00, 86.77it/s, S=0.7893, loss=-0.6788]
Epoch 120/150 [train]:  69%|██████▉   | 18/26 [00:00<00:00, 86.56it/s, S=0.7893, loss=-0.6788]
Epoch 120/150 [train]:  69%|██████▉   | 18/26 [00:00<00:00, 86.56it/s, S=0.7848, loss=-0.6666]
Epoch 120/150 [train]:  69%|██████▉   | 18/26 [00:00<00:00, 86.56it/s, S=0.7814, loss=-0.6631]
Epoch 120/150 [train]:  69%|██████▉   | 18/26 [00:00<00:00, 86.56it/s, S=0.7871, loss=-0.6731]
Epoch 120/150 [train]:  69%|██████▉   | 18/26 [00:00<00:00, 86.56it/s, S=0.7778, loss=-0.6679]
Epoch 120/150 [train]:  69%|██████▉   | 18/26 [00:00<00:00, 86.56it/s, S=0.7919, loss=-0.6735]
Epoch 120/150 [train]:  69%|██████▉   | 18/26 [00:00<00:00, 86.56it/s, S=0.7816, loss=-0.6673]
Epoch 120/150 [train]:  69%|██████▉   | 18/26 [00:00<00:00, 86.56it/s, S=0.7815, loss=-0.6659]
Epoch 120/150 [train]:  69%|██████▉   | 18/26 [00:00<00:00, 86.56it/s, S=0.7643, loss=-0.6531]
                                                                                              
Epoch 120/150  train loss=-0.6710  val loss=-0.6375  S[mean]=0.7543  ζ=0.4488  mean_plane_ζ=0.4902  reg=0.1168  λscale=1.00  lr=1.54e-04

Epoch 121/150 [train]:   0%|          | 0/26 [00:00<?, ?it/s]
Epoch 121/150 [train]:   0%|          | 0/26 [00:00<?, ?it/s, S=0.7655, loss=-0.6533]
Epoch 121/150 [train]:   0%|          | 0/26 [00:00<?, ?it/s, S=0.8032, loss=-0.6871]
Epoch 121/150 [train]:   0%|          | 0/26 [00:00<?, ?it/s, S=0.7728, loss=-0.6604]
Epoch 121/150 [train]:   0%|          | 0/26 [00:00<?, ?it/s, S=0.7715, loss=-0.6553]
Epoch 121/150 [train]:   0%|          | 0/26 [00:00<?, ?it/s, S=0.7866, loss=-0.6657]
Epoch 121/150 [train]:   0%|          | 0/26 [00:00<?, ?it/s, S=0.7803, loss=-0.6702]
Epoch 121/150 [train]:   0%|          | 0/26 [00:00<?, ?it/s, S=0.7825, loss=-0.6719]
Epoch 121/150 [train]:   0%|          | 0/26 [00:00<?, ?it/s, S=0.7814, loss=-0.6648]
Epoch 121/150 [train]:   0%|          | 0/26 [00:00<?, ?it/s, S=0.7796, loss=-0.6645]
Epoch 121/150 [train]:  35%|███▍      | 9/26 [00:00<00:00, 86.46it/s, S=0.7796, loss=-0.6645]
Epoch 121/150 [train]:  35%|███▍      | 9/26 [00:00<00:00, 86.46it/s, S=0.7866, loss=-0.6649]
Epoch 121/150 [train]:  35%|███▍      | 9/26 [00:00<00:00, 86.46it/s, S=0.8074, loss=-0.6941]
Epoch 121/150 [train]:  35%|███▍      | 9/26 [00:00<00:00, 86.46it/s, S=0.7955, loss=-0.6817]
Epoch 121/150 [train]:  35%|███▍      | 9/26 [00:00<00:00, 86.46it/s, S=0.7896, loss=-0.6740]
Epoch 121/150 [train]:  35%|███▍      | 9/26 [00:00<00:00, 86.46it/s, S=0.7994, loss=-0.6868]
Epoch 121/150 [train]:  35%|███▍      | 9/26 [00:00<00:00, 86.46it/s, S=0.7952, loss=-0.6722]
Epoch 121/150 [train]:  35%|███▍      | 9/26 [00:00<00:00, 86.46it/s, S=0.7756, loss=-0.6569]
Epoch 121/150 [train]:  35%|███▍      | 9/26 [00:00<00:00, 86.46it/s, S=0.7956, loss=-0.6847]
Epoch 121/150 [train]:  35%|███▍      | 9/26 [00:00<00:00, 86.46it/s, S=0.7844, loss=-0.6681]
Epoch 121/150 [train]:  69%|██████▉   | 18/26 [00:00<00:00, 86.76it/s, S=0.7844, loss=-0.6681]
Epoch 121/150 [train]:  69%|██████▉   | 18/26 [00:00<00:00, 86.76it/s, S=0.7899, loss=-0.6764]
Epoch 121/150 [train]:  69%|██████▉   | 18/26 [00:00<00:00, 86.76it/s, S=0.7883, loss=-0.6650]
Epoch 121/150 [train]:  69%|██████▉   | 18/26 [00:00<00:00, 86.76it/s, S=0.7772, loss=-0.6646]
Epoch 121/150 [train]:  69%|██████▉   | 18/26 [00:00<00:00, 86.76it/s, S=0.8042, loss=-0.6876]
Epoch 121/150 [train]:  69%|██████▉   | 18/26 [00:00<00:00, 86.76it/s, S=0.7774, loss=-0.6602]
Epoch 121/150 [train]:  69%|██████▉   | 18/26 [00:00<00:00, 86.76it/s, S=0.7925, loss=-0.6785]
Epoch 121/150 [train]:  69%|██████▉   | 18/26 [00:00<00:00, 86.76it/s, S=0.7740, loss=-0.6568]
Epoch 121/150 [train]:  69%|██████▉   | 18/26 [00:00<00:00, 86.76it/s, S=0.8133, loss=-0.7013]
                                                                                              
Epoch 121/150  train loss=-0.6718  val loss=-0.6379  S[mean]=0.7542  ζ=0.4491  mean_plane_ζ=0.4908  reg=0.1163  λscale=1.00  lr=1.45e-04

Epoch 122/150 [train]:   0%|          | 0/26 [00:00<?, ?it/s]
Epoch 122/150 [train]:   0%|          | 0/26 [00:00<?, ?it/s, S=0.7826, loss=-0.6708]
Epoch 122/150 [train]:   0%|          | 0/26 [00:00<?, ?it/s, S=0.7728, loss=-0.6583]
Epoch 122/150 [train]:   0%|          | 0/26 [00:00<?, ?it/s, S=0.8003, loss=-0.6878]
Epoch 122/150 [train]:   0%|          | 0/26 [00:00<?, ?it/s, S=0.8031, loss=-0.6924]
Epoch 122/150 [train]:   0%|          | 0/26 [00:00<?, ?it/s, S=0.7899, loss=-0.6737]
Epoch 122/150 [train]:   0%|          | 0/26 [00:00<?, ?it/s, S=0.7771, loss=-0.6628]
Epoch 122/150 [train]:   0%|          | 0/26 [00:00<?, ?it/s, S=0.7730, loss=-0.6607]
Epoch 122/150 [train]:   0%|          | 0/26 [00:00<?, ?it/s, S=0.7933, loss=-0.6774]
Epoch 122/150 [train]:   0%|          | 0/26 [00:00<?, ?it/s, S=0.7913, loss=-0.6769]
Epoch 122/150 [train]:  35%|███▍      | 9/26 [00:00<00:00, 86.48it/s, S=0.7913, loss=-0.6769]
Epoch 122/150 [train]:  35%|███▍      | 9/26 [00:00<00:00, 86.48it/s, S=0.7804, loss=-0.6606]
Epoch 122/150 [train]:  35%|███▍      | 9/26 [00:00<00:00, 86.48it/s, S=0.7945, loss=-0.6764]
Epoch 122/150 [train]:  35%|███▍      | 9/26 [00:00<00:00, 86.48it/s, S=0.7909, loss=-0.6787]
Epoch 122/150 [train]:  35%|███▍      | 9/26 [00:00<00:00, 86.48it/s, S=0.7940, loss=-0.6794]
Epoch 122/150 [train]:  35%|███▍      | 9/26 [00:00<00:00, 86.48it/s, S=0.7930, loss=-0.6795]
Epoch 122/150 [train]:  35%|███▍      | 9/26 [00:00<00:00, 86.48it/s, S=0.7689, loss=-0.6581]
Epoch 122/150 [train]:  35%|███▍      | 9/26 [00:00<00:00, 86.48it/s, S=0.7877, loss=-0.6759]
Epoch 122/150 [train]:  35%|███▍      | 9/26 [00:00<00:00, 86.48it/s, S=0.8096, loss=-0.6914]
Epoch 122/150 [train]:  35%|███▍      | 9/26 [00:00<00:00, 86.48it/s, S=0.7983, loss=-0.6810]
Epoch 122/150 [train]:  69%|██████▉   | 18/26 [00:00<00:00, 86.59it/s, S=0.7983, loss=-0.6810]
Epoch 122/150 [train]:  69%|██████▉   | 18/26 [00:00<00:00, 86.59it/s, S=0.7710, loss=-0.6454]
Epoch 122/150 [train]:  69%|██████▉   | 18/26 [00:00<00:00, 86.59it/s, S=0.7780, loss=-0.6596]
Epoch 122/150 [train]:  69%|██████▉   | 18/26 [00:00<00:00, 86.59it/s, S=0.7921, loss=-0.6805]
Epoch 122/150 [train]:  69%|██████▉   | 18/26 [00:00<00:00, 86.59it/s, S=0.8031, loss=-0.6775]
Epoch 122/150 [train]:  69%|██████▉   | 18/26 [00:00<00:00, 86.59it/s, S=0.8065, loss=-0.6935]
Epoch 122/150 [train]:  69%|██████▉   | 18/26 [00:00<00:00, 86.59it/s, S=0.7870, loss=-0.6728]
Epoch 122/150 [train]:  69%|██████▉   | 18/26 [00:00<00:00, 86.59it/s, S=0.7732, loss=-0.6609]
Epoch 122/150 [train]:  69%|██████▉   | 18/26 [00:00<00:00, 86.59it/s, S=0.8086, loss=-0.6939]
                                                                                              
Epoch 122/150  train loss=-0.6741  val loss=-0.6383  S[mean]=0.7550  ζ=0.4487  mean_plane_ζ=0.4906  reg=0.1167  λscale=1.00  lr=1.37e-04

Epoch 123/150 [train]:   0%|          | 0/26 [00:00<?, ?it/s]
Epoch 123/150 [train]:   0%|          | 0/26 [00:00<?, ?it/s, S=0.8041, loss=-0.6936]
Epoch 123/150 [train]:   0%|          | 0/26 [00:00<?, ?it/s, S=0.8022, loss=-0.6891]
Epoch 123/150 [train]:   0%|          | 0/26 [00:00<?, ?it/s, S=0.7735, loss=-0.6530]
Epoch 123/150 [train]:   0%|          | 0/26 [00:00<?, ?it/s, S=0.8094, loss=-0.6942]
Epoch 123/150 [train]:   0%|          | 0/26 [00:00<?, ?it/s, S=0.7805, loss=-0.6638]
Epoch 123/150 [train]:   0%|          | 0/26 [00:00<?, ?it/s, S=0.7801, loss=-0.6653]
Epoch 123/150 [train]:   0%|          | 0/26 [00:00<?, ?it/s, S=0.8038, loss=-0.6907]
Epoch 123/150 [train]:   0%|          | 0/26 [00:00<?, ?it/s, S=0.7880, loss=-0.6758]
Epoch 123/150 [train]:   0%|          | 0/26 [00:00<?, ?it/s, S=0.8042, loss=-0.6915]
Epoch 123/150 [train]:  35%|███▍      | 9/26 [00:00<00:00, 86.52it/s, S=0.8042, loss=-0.6915]
Epoch 123/150 [train]:  35%|███▍      | 9/26 [00:00<00:00, 86.52it/s, S=0.7908, loss=-0.6804]
Epoch 123/150 [train]:  35%|███▍      | 9/26 [00:00<00:00, 86.52it/s, S=0.7802, loss=-0.6562]
Epoch 123/150 [train]:  35%|███▍      | 9/26 [00:00<00:00, 86.52it/s, S=0.7943, loss=-0.6848]
Epoch 123/150 [train]:  35%|███▍      | 9/26 [00:00<00:00, 86.52it/s, S=0.7872, loss=-0.6749]
Epoch 123/150 [train]:  35%|███▍      | 9/26 [00:00<00:00, 86.52it/s, S=0.7750, loss=-0.6622]
Epoch 123/150 [train]:  35%|███▍      | 9/26 [00:00<00:00, 86.52it/s, S=0.7966, loss=-0.6841]
Epoch 123/150 [train]:  35%|███▍      | 9/26 [00:00<00:00, 86.52it/s, S=0.7829, loss=-0.6673]
Epoch 123/150 [train]:  35%|███▍      | 9/26 [00:00<00:00, 86.52it/s, S=0.8107, loss=-0.7008]
Epoch 123/150 [train]:  35%|███▍      | 9/26 [00:00<00:00, 86.52it/s, S=0.7836, loss=-0.6723]
Epoch 123/150 [train]:  69%|██████▉   | 18/26 [00:00<00:00, 86.61it/s, S=0.7836, loss=-0.6723]
Epoch 123/150 [train]:  69%|██████▉   | 18/26 [00:00<00:00, 86.61it/s, S=0.7945, loss=-0.6819]
Epoch 123/150 [train]:  69%|██████▉   | 18/26 [00:00<00:00, 86.61it/s, S=0.8031, loss=-0.6886]
Epoch 123/150 [train]:  69%|██████▉   | 18/26 [00:00<00:00, 86.61it/s, S=0.7791, loss=-0.6624]
Epoch 123/150 [train]:  69%|██████▉   | 18/26 [00:00<00:00, 86.61it/s, S=0.8002, loss=-0.6829]
Epoch 123/150 [train]:  69%|██████▉   | 18/26 [00:00<00:00, 86.61it/s, S=0.7944, loss=-0.6831]
Epoch 123/150 [train]:  69%|██████▉   | 18/26 [00:00<00:00, 86.61it/s, S=0.7815, loss=-0.6692]
Epoch 123/150 [train]:  69%|██████▉   | 18/26 [00:00<00:00, 86.61it/s, S=0.7982, loss=-0.6833]
Epoch 123/150 [train]:  69%|██████▉   | 18/26 [00:00<00:00, 86.61it/s, S=0.7714, loss=-0.6602]
                                                                                              
Epoch 123/150  train loss=-0.6774  val loss=-0.6390  S[mean]=0.7553  ζ=0.4486  mean_plane_ζ=0.4907  reg=0.1163  λscale=1.00  lr=1.28e-04

Epoch 124/150 [train]:   0%|          | 0/26 [00:00<?, ?it/s]
Epoch 124/150 [train]:   0%|          | 0/26 [00:00<?, ?it/s, S=0.8068, loss=-0.6893]
Epoch 124/150 [train]:   0%|          | 0/26 [00:00<?, ?it/s, S=0.8053, loss=-0.6942]
Epoch 124/150 [train]:   0%|          | 0/26 [00:00<?, ?it/s, S=0.7698, loss=-0.6503]
Epoch 124/150 [train]:   0%|          | 0/26 [00:00<?, ?it/s, S=0.7832, loss=-0.6736]
Epoch 124/150 [train]:   0%|          | 0/26 [00:00<?, ?it/s, S=0.7794, loss=-0.6562]
Epoch 124/150 [train]:   0%|          | 0/26 [00:00<?, ?it/s, S=0.8098, loss=-0.6949]
Epoch 124/150 [train]:   0%|          | 0/26 [00:00<?, ?it/s, S=0.7837, loss=-0.6665]
Epoch 124/150 [train]:   0%|          | 0/26 [00:00<?, ?it/s, S=0.7743, loss=-0.6643]
Epoch 124/150 [train]:   0%|          | 0/26 [00:00<?, ?it/s, S=0.7800, loss=-0.6693]
Epoch 124/150 [train]:  35%|███▍      | 9/26 [00:00<00:00, 86.43it/s, S=0.7800, loss=-0.6693]
Epoch 124/150 [train]:  35%|███▍      | 9/26 [00:00<00:00, 86.43it/s, S=0.7715, loss=-0.6591]
Epoch 124/150 [train]:  35%|███▍      | 9/26 [00:00<00:00, 86.43it/s, S=0.8021, loss=-0.6864]
Epoch 124/150 [train]:  35%|███▍      | 9/26 [00:00<00:00, 86.43it/s, S=0.7936, loss=-0.6764]
Epoch 124/150 [train]:  35%|███▍      | 9/26 [00:00<00:00, 86.43it/s, S=0.7859, loss=-0.6617]
Epoch 124/150 [train]:  35%|███▍      | 9/26 [00:00<00:00, 86.43it/s, S=0.7955, loss=-0.6782]
Epoch 124/150 [train]:  35%|███▍      | 9/26 [00:00<00:00, 86.43it/s, S=0.8120, loss=-0.6976]
Epoch 124/150 [train]:  35%|███▍      | 9/26 [00:00<00:00, 86.43it/s, S=0.8019, loss=-0.6912]
Epoch 124/150 [train]:  35%|███▍      | 9/26 [00:00<00:00, 86.43it/s, S=0.8003, loss=-0.6895]
Epoch 124/150 [train]:  35%|███▍      | 9/26 [00:00<00:00, 86.43it/s, S=0.7951, loss=-0.6808]
Epoch 124/150 [train]:  69%|██████▉   | 18/26 [00:00<00:00, 86.65it/s, S=0.7951, loss=-0.6808]
Epoch 124/150 [train]:  69%|██████▉   | 18/26 [00:00<00:00, 86.65it/s, S=0.7885, loss=-0.6743]
Epoch 124/150 [train]:  69%|██████▉   | 18/26 [00:00<00:00, 86.65it/s, S=0.8039, loss=-0.6899]
Epoch 124/150 [train]:  69%|██████▉   | 18/26 [00:00<00:00, 86.65it/s, S=0.7772, loss=-0.6668]
Epoch 124/150 [train]:  69%|██████▉   | 18/26 [00:00<00:00, 86.65it/s, S=0.7927, loss=-0.6803]
Epoch 124/150 [train]:  69%|██████▉   | 18/26 [00:00<00:00, 86.65it/s, S=0.7920, loss=-0.6806]
Epoch 124/150 [train]:  69%|██████▉   | 18/26 [00:00<00:00, 86.65it/s, S=0.7936, loss=-0.6825]
Epoch 124/150 [train]:  69%|██████▉   | 18/26 [00:00<00:00, 86.65it/s, S=0.7858, loss=-0.6706]
Epoch 124/150 [train]:  69%|██████▉   | 18/26 [00:00<00:00, 86.65it/s, S=0.7913, loss=-0.6734]
                                                                                              
Epoch 124/150  train loss=-0.6769  val loss=-0.6390  S[mean]=0.7555  ζ=0.4482  mean_plane_ζ=0.4905  reg=0.1165  λscale=1.00  lr=1.19e-04

Epoch 125/150 [train]:   0%|          | 0/26 [00:00<?, ?it/s]
Epoch 125/150 [train]:   0%|          | 0/26 [00:00<?, ?it/s, S=0.7935, loss=-0.6734]
Epoch 125/150 [train]:   0%|          | 0/26 [00:00<?, ?it/s, S=0.7840, loss=-0.6689]
Epoch 125/150 [train]:   0%|          | 0/26 [00:00<?, ?it/s, S=0.7824, loss=-0.6700]
Epoch 125/150 [train]:   0%|          | 0/26 [00:00<?, ?it/s, S=0.7850, loss=-0.6758]
Epoch 125/150 [train]:   0%|          | 0/26 [00:00<?, ?it/s, S=0.7831, loss=-0.6649]
Epoch 125/150 [train]:   0%|          | 0/26 [00:00<?, ?it/s, S=0.8078, loss=-0.6944]
Epoch 125/150 [train]:   0%|          | 0/26 [00:00<?, ?it/s, S=0.7938, loss=-0.6764]
Epoch 125/150 [train]:   0%|          | 0/26 [00:00<?, ?it/s, S=0.8013, loss=-0.6830]
Epoch 125/150 [train]:   0%|          | 0/26 [00:00<?, ?it/s, S=0.7975, loss=-0.6797]
Epoch 125/150 [train]:  35%|███▍      | 9/26 [00:00<00:00, 85.97it/s, S=0.7975, loss=-0.6797]
Epoch 125/150 [train]:  35%|███▍      | 9/26 [00:00<00:00, 85.97it/s, S=0.7971, loss=-0.6869]
Epoch 125/150 [train]:  35%|███▍      | 9/26 [00:00<00:00, 85.97it/s, S=0.7906, loss=-0.6729]
Epoch 125/150 [train]:  35%|███▍      | 9/26 [00:00<00:00, 85.97it/s, S=0.8025, loss=-0.6919]
Epoch 125/150 [train]:  35%|███▍      | 9/26 [00:00<00:00, 85.97it/s, S=0.8033, loss=-0.6917]
Epoch 125/150 [train]:  35%|███▍      | 9/26 [00:00<00:00, 85.97it/s, S=0.7830, loss=-0.6700]
Epoch 125/150 [train]:  35%|███▍      | 9/26 [00:00<00:00, 85.97it/s, S=0.7858, loss=-0.6678]
Epoch 125/150 [train]:  35%|███▍      | 9/26 [00:00<00:00, 85.97it/s, S=0.7839, loss=-0.6696]
Epoch 125/150 [train]:  35%|███▍      | 9/26 [00:00<00:00, 85.97it/s, S=0.8004, loss=-0.6851]
Epoch 125/150 [train]:  35%|███▍      | 9/26 [00:00<00:00, 85.97it/s, S=0.7895, loss=-0.6746]
Epoch 125/150 [train]:  69%|██████▉   | 18/26 [00:00<00:00, 86.38it/s, S=0.7895, loss=-0.6746]
Epoch 125/150 [train]:  69%|██████▉   | 18/26 [00:00<00:00, 86.38it/s, S=0.7957, loss=-0.6735]
Epoch 125/150 [train]:  69%|██████▉   | 18/26 [00:00<00:00, 86.38it/s, S=0.7880, loss=-0.6780]
Epoch 125/150 [train]:  69%|██████▉   | 18/26 [00:00<00:00, 86.38it/s, S=0.8120, loss=-0.7010]
Epoch 125/150 [train]:  69%|██████▉   | 18/26 [00:00<00:00, 86.38it/s, S=0.8022, loss=-0.6833]
Epoch 125/150 [train]:  69%|██████▉   | 18/26 [00:00<00:00, 86.38it/s, S=0.8021, loss=-0.6844]
Epoch 125/150 [train]:  69%|██████▉   | 18/26 [00:00<00:00, 86.38it/s, S=0.8097, loss=-0.6970]
Epoch 125/150 [train]:  69%|██████▉   | 18/26 [00:00<00:00, 86.38it/s, S=0.7996, loss=-0.6890]
Epoch 125/150 [train]:  69%|██████▉   | 18/26 [00:00<00:00, 86.38it/s, S=0.7887, loss=-0.6784]
                                                                                              
Epoch 125/150  train loss=-0.6801  val loss=-0.6394  S[mean]=0.7558  ζ=0.4479  mean_plane_ζ=0.4906  reg=0.1164  λscale=1.00  lr=1.11e-04

Epoch 126/150 [train]:   0%|          | 0/26 [00:00<?, ?it/s]
Epoch 126/150 [train]:   0%|          | 0/26 [00:00<?, ?it/s, S=0.7924, loss=-0.6762]
Epoch 126/150 [train]:   0%|          | 0/26 [00:00<?, ?it/s, S=0.8100, loss=-0.6989]
Epoch 126/150 [train]:   0%|          | 0/26 [00:00<?, ?it/s, S=0.7840, loss=-0.6746]
Epoch 126/150 [train]:   0%|          | 0/26 [00:00<?, ?it/s, S=0.8029, loss=-0.6890]
Epoch 126/150 [train]:   0%|          | 0/26 [00:00<?, ?it/s, S=0.7894, loss=-0.6712]
Epoch 126/150 [train]:   0%|          | 0/26 [00:00<?, ?it/s, S=0.7907, loss=-0.6752]
Epoch 126/150 [train]:   0%|          | 0/26 [00:00<?, ?it/s, S=0.7843, loss=-0.6695]
Epoch 126/150 [train]:   0%|          | 0/26 [00:00<?, ?it/s, S=0.7871, loss=-0.6754]
Epoch 126/150 [train]:   0%|          | 0/26 [00:00<?, ?it/s, S=0.7679, loss=-0.6484]
Epoch 126/150 [train]:  35%|███▍      | 9/26 [00:00<00:00, 86.35it/s, S=0.7679, loss=-0.6484]
Epoch 126/150 [train]:  35%|███▍      | 9/26 [00:00<00:00, 86.35it/s, S=0.7893, loss=-0.6738]
Epoch 126/150 [train]:  35%|███▍      | 9/26 [00:00<00:00, 86.35it/s, S=0.7954, loss=-0.6628]
Epoch 126/150 [train]:  35%|███▍      | 9/26 [00:00<00:00, 86.35it/s, S=0.7870, loss=-0.6712]
Epoch 126/150 [train]:  35%|███▍      | 9/26 [00:00<00:00, 86.35it/s, S=0.8096, loss=-0.6920]
Epoch 126/150 [train]:  35%|███▍      | 9/26 [00:00<00:00, 86.35it/s, S=0.7877, loss=-0.6769]
Epoch 126/150 [train]:  35%|███▍      | 9/26 [00:00<00:00, 86.35it/s, S=0.7893, loss=-0.6770]
Epoch 126/150 [train]:  35%|███▍      | 9/26 [00:00<00:00, 86.35it/s, S=0.8009, loss=-0.6875]
Epoch 126/150 [train]:  35%|███▍      | 9/26 [00:00<00:00, 86.35it/s, S=0.7739, loss=-0.6612]
Epoch 126/150 [train]:  35%|███▍      | 9/26 [00:00<00:00, 86.35it/s, S=0.7820, loss=-0.6629]
Epoch 126/150 [train]:  69%|██████▉   | 18/26 [00:00<00:00, 86.69it/s, S=0.7820, loss=-0.6629]
Epoch 126/150 [train]:  69%|██████▉   | 18/26 [00:00<00:00, 86.69it/s, S=0.8100, loss=-0.6908]
Epoch 126/150 [train]:  69%|██████▉   | 18/26 [00:00<00:00, 86.69it/s, S=0.7861, loss=-0.6784]
Epoch 126/150 [train]:  69%|██████▉   | 18/26 [00:00<00:00, 86.69it/s, S=0.7917, loss=-0.6776]
Epoch 126/150 [train]:  69%|██████▉   | 18/26 [00:00<00:00, 86.69it/s, S=0.7697, loss=-0.6557]
Epoch 126/150 [train]:  69%|██████▉   | 18/26 [00:00<00:00, 86.69it/s, S=0.8067, loss=-0.6917]
Epoch 126/150 [train]:  69%|██████▉   | 18/26 [00:00<00:00, 86.69it/s, S=0.7871, loss=-0.6737]
Epoch 126/150 [train]:  69%|██████▉   | 18/26 [00:00<00:00, 86.69it/s, S=0.7998, loss=-0.6799]
Epoch 126/150 [train]:  69%|██████▉   | 18/26 [00:00<00:00, 86.69it/s, S=0.7839, loss=-0.6678]
                                                                                              
Epoch 126/150  train loss=-0.6754  val loss=-0.6400  S[mean]=0.7565  ζ=0.4481  mean_plane_ζ=0.4909  reg=0.1165  λscale=1.00  lr=1.03e-04

Epoch 127/150 [train]:   0%|          | 0/26 [00:00<?, ?it/s]
Epoch 127/150 [train]:   0%|          | 0/26 [00:00<?, ?it/s, S=0.7829, loss=-0.6725]
Epoch 127/150 [train]:   0%|          | 0/26 [00:00<?, ?it/s, S=0.7922, loss=-0.6774]
Epoch 127/150 [train]:   0%|          | 0/26 [00:00<?, ?it/s, S=0.8149, loss=-0.7003]
Epoch 127/150 [train]:   0%|          | 0/26 [00:00<?, ?it/s, S=0.7818, loss=-0.6677]
Epoch 127/150 [train]:   0%|          | 0/26 [00:00<?, ?it/s, S=0.7909, loss=-0.6784]
Epoch 127/150 [train]:   0%|          | 0/26 [00:00<?, ?it/s, S=0.7787, loss=-0.6646]
Epoch 127/150 [train]:   0%|          | 0/26 [00:00<?, ?it/s, S=0.8111, loss=-0.6982]
Epoch 127/150 [train]:   0%|          | 0/26 [00:00<?, ?it/s, S=0.8021, loss=-0.6913]
Epoch 127/150 [train]:   0%|          | 0/26 [00:00<?, ?it/s, S=0.8097, loss=-0.6949]
Epoch 127/150 [train]:  35%|███▍      | 9/26 [00:00<00:00, 86.48it/s, S=0.8097, loss=-0.6949]
Epoch 127/150 [train]:  35%|███▍      | 9/26 [00:00<00:00, 86.48it/s, S=0.7654, loss=-0.6506]
Epoch 127/150 [train]:  35%|███▍      | 9/26 [00:00<00:00, 86.48it/s, S=0.7848, loss=-0.6697]
Epoch 127/150 [train]:  35%|███▍      | 9/26 [00:00<00:00, 86.48it/s, S=0.7887, loss=-0.6766]
Epoch 127/150 [train]:  35%|███▍      | 9/26 [00:00<00:00, 86.48it/s, S=0.7818, loss=-0.6653]
Epoch 127/150 [train]:  35%|███▍      | 9/26 [00:00<00:00, 86.48it/s, S=0.7797, loss=-0.6519]
Epoch 127/150 [train]:  35%|███▍      | 9/26 [00:00<00:00, 86.48it/s, S=0.7915, loss=-0.6770]
Epoch 127/150 [train]:  35%|███▍      | 9/26 [00:00<00:00, 86.48it/s, S=0.7854, loss=-0.6729]
Epoch 127/150 [train]:  35%|███▍      | 9/26 [00:00<00:00, 86.48it/s, S=0.8148, loss=-0.7007]
Epoch 127/150 [train]:  35%|███▍      | 9/26 [00:00<00:00, 86.48it/s, S=0.7983, loss=-0.6808]
Epoch 127/150 [train]:  69%|██████▉   | 18/26 [00:00<00:00, 86.64it/s, S=0.7983, loss=-0.6808]
Epoch 127/150 [train]:  69%|██████▉   | 18/26 [00:00<00:00, 86.64it/s, S=0.7826, loss=-0.6681]
Epoch 127/150 [train]:  69%|██████▉   | 18/26 [00:00<00:00, 86.64it/s, S=0.8091, loss=-0.6948]
Epoch 127/150 [train]:  69%|██████▉   | 18/26 [00:00<00:00, 86.64it/s, S=0.7997, loss=-0.6815]
Epoch 127/150 [train]:  69%|██████▉   | 18/26 [00:00<00:00, 86.64it/s, S=0.7774, loss=-0.6670]
Epoch 127/150 [train]:  69%|██████▉   | 18/26 [00:00<00:00, 86.64it/s, S=0.7859, loss=-0.6729]
Epoch 127/150 [train]:  69%|██████▉   | 18/26 [00:00<00:00, 86.64it/s, S=0.7975, loss=-0.6832]
Epoch 127/150 [train]:  69%|██████▉   | 18/26 [00:00<00:00, 86.64it/s, S=0.7978, loss=-0.6846]
Epoch 127/150 [train]:  69%|██████▉   | 18/26 [00:00<00:00, 86.64it/s, S=0.7849, loss=-0.6744]
                                                                                              
Epoch 127/150  train loss=-0.6776  val loss=-0.6405  S[mean]=0.7571  ζ=0.4484  mean_plane_ζ=0.4914  reg=0.1166  λscale=1.00  lr=9.52e-05

Epoch 128/150 [train]:   0%|          | 0/26 [00:00<?, ?it/s]
Epoch 128/150 [train]:   0%|          | 0/26 [00:00<?, ?it/s, S=0.7972, loss=-0.6761]
Epoch 128/150 [train]:   0%|          | 0/26 [00:00<?, ?it/s, S=0.7802, loss=-0.6592]
Epoch 128/150 [train]:   0%|          | 0/26 [00:00<?, ?it/s, S=0.7859, loss=-0.6710]
Epoch 128/150 [train]:   0%|          | 0/26 [00:00<?, ?it/s, S=0.7942, loss=-0.6825]
Epoch 128/150 [train]:   0%|          | 0/26 [00:00<?, ?it/s, S=0.7839, loss=-0.6704]
Epoch 128/150 [train]:   0%|          | 0/26 [00:00<?, ?it/s, S=0.8108, loss=-0.6963]
Epoch 128/150 [train]:   0%|          | 0/26 [00:00<?, ?it/s, S=0.7997, loss=-0.6880]
Epoch 128/150 [train]:   0%|          | 0/26 [00:00<?, ?it/s, S=0.8065, loss=-0.6929]
Epoch 128/150 [train]:   0%|          | 0/26 [00:00<?, ?it/s, S=0.8032, loss=-0.6917]
Epoch 128/150 [train]:  35%|███▍      | 9/26 [00:00<00:00, 86.79it/s, S=0.8032, loss=-0.6917]
Epoch 128/150 [train]:  35%|███▍      | 9/26 [00:00<00:00, 86.79it/s, S=0.7754, loss=-0.6460]
Epoch 128/150 [train]:  35%|███▍      | 9/26 [00:00<00:00, 86.79it/s, S=0.7747, loss=-0.6593]
Epoch 128/150 [train]:  35%|███▍      | 9/26 [00:00<00:00, 86.79it/s, S=0.7930, loss=-0.6807]
Epoch 128/150 [train]:  35%|███▍      | 9/26 [00:00<00:00, 86.79it/s, S=0.8161, loss=-0.7019]
Epoch 128/150 [train]:  35%|███▍      | 9/26 [00:00<00:00, 86.79it/s, S=0.8108, loss=-0.7003]
Epoch 128/150 [train]:  35%|███▍      | 9/26 [00:00<00:00, 86.79it/s, S=0.7776, loss=-0.6654]
Epoch 128/150 [train]:  35%|███▍      | 9/26 [00:00<00:00, 86.79it/s, S=0.8038, loss=-0.6905]
Epoch 128/150 [train]:  35%|███▍      | 9/26 [00:00<00:00, 86.79it/s, S=0.7918, loss=-0.6754]
Epoch 128/150 [train]:  35%|███▍      | 9/26 [00:00<00:00, 86.79it/s, S=0.8026, loss=-0.6886]
Epoch 128/150 [train]:  69%|██████▉   | 18/26 [00:00<00:00, 86.82it/s, S=0.8026, loss=-0.6886]
Epoch 128/150 [train]:  69%|██████▉   | 18/26 [00:00<00:00, 86.82it/s, S=0.7799, loss=-0.6642]
Epoch 128/150 [train]:  69%|██████▉   | 18/26 [00:00<00:00, 86.82it/s, S=0.7949, loss=-0.6812]
Epoch 128/150 [train]:  69%|██████▉   | 18/26 [00:00<00:00, 86.82it/s, S=0.7903, loss=-0.6631]
Epoch 128/150 [train]:  69%|██████▉   | 18/26 [00:00<00:00, 86.82it/s, S=0.8043, loss=-0.6881]
Epoch 128/150 [train]:  69%|██████▉   | 18/26 [00:00<00:00, 86.82it/s, S=0.8011, loss=-0.6871]
Epoch 128/150 [train]:  69%|██████▉   | 18/26 [00:00<00:00, 86.82it/s, S=0.7999, loss=-0.6847]
Epoch 128/150 [train]:  69%|██████▉   | 18/26 [00:00<00:00, 86.82it/s, S=0.8125, loss=-0.6990]
Epoch 128/150 [train]:  69%|██████▉   | 18/26 [00:00<00:00, 86.82it/s, S=0.8004, loss=-0.6872]
                                                                                              
Epoch 128/150  train loss=-0.6804  val loss=-0.6401  S[mean]=0.7571  ζ=0.4478  mean_plane_ζ=0.4913  reg=0.1170  λscale=1.00  lr=8.76e-05

Epoch 129/150 [train]:   0%|          | 0/26 [00:00<?, ?it/s]
Epoch 129/150 [train]:   0%|          | 0/26 [00:00<?, ?it/s, S=0.8156, loss=-0.7032]
Epoch 129/150 [train]:   0%|          | 0/26 [00:00<?, ?it/s, S=0.7944, loss=-0.6798]
Epoch 129/150 [train]:   0%|          | 0/26 [00:00<?, ?it/s, S=0.7915, loss=-0.6761]
Epoch 129/150 [train]:   0%|          | 0/26 [00:00<?, ?it/s, S=0.7930, loss=-0.6776]
Epoch 129/150 [train]:   0%|          | 0/26 [00:00<?, ?it/s, S=0.7961, loss=-0.6766]
Epoch 129/150 [train]:   0%|          | 0/26 [00:00<?, ?it/s, S=0.7911, loss=-0.6748]
Epoch 129/150 [train]:   0%|          | 0/26 [00:00<?, ?it/s, S=0.7913, loss=-0.6799]
Epoch 129/150 [train]:   0%|          | 0/26 [00:00<?, ?it/s, S=0.7916, loss=-0.6768]
Epoch 129/150 [train]:   0%|          | 0/26 [00:00<?, ?it/s, S=0.8114, loss=-0.6984]
Epoch 129/150 [train]:  35%|███▍      | 9/26 [00:00<00:00, 86.05it/s, S=0.8114, loss=-0.6984]
Epoch 129/150 [train]:  35%|███▍      | 9/26 [00:00<00:00, 86.05it/s, S=0.7801, loss=-0.6695]
Epoch 129/150 [train]:  35%|███▍      | 9/26 [00:00<00:00, 86.05it/s, S=0.7926, loss=-0.6808]
Epoch 129/150 [train]:  35%|███▍      | 9/26 [00:00<00:00, 86.05it/s, S=0.7848, loss=-0.6640]
Epoch 129/150 [train]:  35%|███▍      | 9/26 [00:00<00:00, 86.05it/s, S=0.7963, loss=-0.6801]
Epoch 129/150 [train]:  35%|███▍      | 9/26 [00:00<00:00, 86.05it/s, S=0.8082, loss=-0.6918]
Epoch 129/150 [train]:  35%|███▍      | 9/26 [00:00<00:00, 86.05it/s, S=0.7839, loss=-0.6733]
Epoch 129/150 [train]:  35%|███▍      | 9/26 [00:00<00:00, 86.05it/s, S=0.8046, loss=-0.6889]
Epoch 129/150 [train]:  35%|███▍      | 9/26 [00:00<00:00, 86.05it/s, S=0.8073, loss=-0.6922]
Epoch 129/150 [train]:  35%|███▍      | 9/26 [00:00<00:00, 86.05it/s, S=0.8060, loss=-0.6879]
Epoch 129/150 [train]:  69%|██████▉   | 18/26 [00:00<00:00, 86.48it/s, S=0.8060, loss=-0.6879]
Epoch 129/150 [train]:  69%|██████▉   | 18/26 [00:00<00:00, 86.48it/s, S=0.7956, loss=-0.6836]
Epoch 129/150 [train]:  69%|██████▉   | 18/26 [00:00<00:00, 86.48it/s, S=0.8028, loss=-0.6825]
Epoch 129/150 [train]:  69%|██████▉   | 18/26 [00:00<00:00, 86.48it/s, S=0.8070, loss=-0.6904]
Epoch 129/150 [train]:  69%|██████▉   | 18/26 [00:00<00:00, 86.48it/s, S=0.7800, loss=-0.6590]
Epoch 129/150 [train]:  69%|██████▉   | 18/26 [00:00<00:00, 86.48it/s, S=0.8007, loss=-0.6838]
Epoch 129/150 [train]:  69%|██████▉   | 18/26 [00:00<00:00, 86.48it/s, S=0.8035, loss=-0.6901]
Epoch 129/150 [train]:  69%|██████▉   | 18/26 [00:00<00:00, 86.48it/s, S=0.7687, loss=-0.6521]
Epoch 129/150 [train]:  69%|██████▉   | 18/26 [00:00<00:00, 86.48it/s, S=0.8053, loss=-0.6888]
                                                                                              
Epoch 129/150  train loss=-0.6808  val loss=-0.6409  S[mean]=0.7578  ζ=0.4481  mean_plane_ζ=0.4919  reg=0.1170  λscale=1.00  lr=8.03e-05

Epoch 130/150 [train]:   0%|          | 0/26 [00:00<?, ?it/s]
Epoch 130/150 [train]:   0%|          | 0/26 [00:00<?, ?it/s, S=0.7899, loss=-0.6744]
Epoch 130/150 [train]:   0%|          | 0/26 [00:00<?, ?it/s, S=0.8104, loss=-0.6955]
Epoch 130/150 [train]:   0%|          | 0/26 [00:00<?, ?it/s, S=0.8123, loss=-0.6946]
Epoch 130/150 [train]:   0%|          | 0/26 [00:00<?, ?it/s, S=0.7960, loss=-0.6816]
Epoch 130/150 [train]:   0%|          | 0/26 [00:00<?, ?it/s, S=0.7845, loss=-0.6665]
Epoch 130/150 [train]:   0%|          | 0/26 [00:00<?, ?it/s, S=0.7946, loss=-0.6800]
Epoch 130/150 [train]:   0%|          | 0/26 [00:00<?, ?it/s, S=0.8088, loss=-0.6949]
Epoch 130/150 [train]:   0%|          | 0/26 [00:00<?, ?it/s, S=0.7887, loss=-0.6630]
Epoch 130/150 [train]:   0%|          | 0/26 [00:00<?, ?it/s, S=0.7792, loss=-0.6668]
Epoch 130/150 [train]:  35%|███▍      | 9/26 [00:00<00:00, 86.37it/s, S=0.7792, loss=-0.6668]
Epoch 130/150 [train]:  35%|███▍      | 9/26 [00:00<00:00, 86.37it/s, S=0.8005, loss=-0.6888]
Epoch 130/150 [train]:  35%|███▍      | 9/26 [00:00<00:00, 86.37it/s, S=0.7873, loss=-0.6746]
Epoch 130/150 [train]:  35%|███▍      | 9/26 [00:00<00:00, 86.37it/s, S=0.8078, loss=-0.6875]
Epoch 130/150 [train]:  35%|███▍      | 9/26 [00:00<00:00, 86.37it/s, S=0.7868, loss=-0.6717]
Epoch 130/150 [train]:  35%|███▍      | 9/26 [00:00<00:00, 86.37it/s, S=0.8078, loss=-0.6904]
Epoch 130/150 [train]:  35%|███▍      | 9/26 [00:00<00:00, 86.37it/s, S=0.8081, loss=-0.6959]
Epoch 130/150 [train]:  35%|███▍      | 9/26 [00:00<00:00, 86.37it/s, S=0.8004, loss=-0.6807]
Epoch 130/150 [train]:  35%|███▍      | 9/26 [00:00<00:00, 86.37it/s, S=0.8068, loss=-0.6892]
Epoch 130/150 [train]:  35%|███▍      | 9/26 [00:00<00:00, 86.37it/s, S=0.7923, loss=-0.6761]
Epoch 130/150 [train]:  69%|██████▉   | 18/26 [00:00<00:00, 86.53it/s, S=0.7923, loss=-0.6761]
Epoch 130/150 [train]:  69%|██████▉   | 18/26 [00:00<00:00, 86.53it/s, S=0.7980, loss=-0.6848]
Epoch 130/150 [train]:  69%|██████▉   | 18/26 [00:00<00:00, 86.53it/s, S=0.7834, loss=-0.6599]
Epoch 130/150 [train]:  69%|██████▉   | 18/26 [00:00<00:00, 86.53it/s, S=0.7704, loss=-0.6525]
Epoch 130/150 [train]:  69%|██████▉   | 18/26 [00:00<00:00, 86.53it/s, S=0.7921, loss=-0.6815]
Epoch 130/150 [train]:  69%|██████▉   | 18/26 [00:00<00:00, 86.53it/s, S=0.8172, loss=-0.7046]
Epoch 130/150 [train]:  69%|██████▉   | 18/26 [00:00<00:00, 86.53it/s, S=0.8148, loss=-0.6981]
Epoch 130/150 [train]:  69%|██████▉   | 18/26 [00:00<00:00, 86.53it/s, S=0.7924, loss=-0.6785]
Epoch 130/150 [train]:  69%|██████▉   | 18/26 [00:00<00:00, 86.53it/s, S=0.7802, loss=-0.6681]
                                                                                              
Epoch 130/150  train loss=-0.6808  val loss=-0.6410  S[mean]=0.7582  ζ=0.4478  mean_plane_ζ=0.4922  reg=0.1172  λscale=1.00  lr=7.32e-05

Epoch 131/150 [train]:   0%|          | 0/26 [00:00<?, ?it/s]
Epoch 131/150 [train]:   0%|          | 0/26 [00:00<?, ?it/s, S=0.7829, loss=-0.6704]
Epoch 131/150 [train]:   0%|          | 0/26 [00:00<?, ?it/s, S=0.7979, loss=-0.6828]
Epoch 131/150 [train]:   0%|          | 0/26 [00:00<?, ?it/s, S=0.8052, loss=-0.6939]
Epoch 131/150 [train]:   0%|          | 0/26 [00:00<?, ?it/s, S=0.8107, loss=-0.6948]
Epoch 131/150 [train]:   0%|          | 0/26 [00:00<?, ?it/s, S=0.7893, loss=-0.6737]
Epoch 131/150 [train]:   0%|          | 0/26 [00:00<?, ?it/s, S=0.7982, loss=-0.6757]
Epoch 131/150 [train]:   0%|          | 0/26 [00:00<?, ?it/s, S=0.7991, loss=-0.6835]
Epoch 131/150 [train]:   0%|          | 0/26 [00:00<?, ?it/s, S=0.8130, loss=-0.6978]
Epoch 131/150 [train]:   0%|          | 0/26 [00:00<?, ?it/s, S=0.8056, loss=-0.6849]
Epoch 131/150 [train]:  35%|███▍      | 9/26 [00:00<00:00, 86.34it/s, S=0.8056, loss=-0.6849]
Epoch 131/150 [train]:  35%|███▍      | 9/26 [00:00<00:00, 86.34it/s, S=0.8078, loss=-0.6911]
Epoch 131/150 [train]:  35%|███▍      | 9/26 [00:00<00:00, 86.34it/s, S=0.7875, loss=-0.6737]
Epoch 131/150 [train]:  35%|███▍      | 9/26 [00:00<00:00, 86.34it/s, S=0.8021, loss=-0.6903]
Epoch 131/150 [train]:  35%|███▍      | 9/26 [00:00<00:00, 86.34it/s, S=0.8025, loss=-0.6900]
Epoch 131/150 [train]:  35%|███▍      | 9/26 [00:00<00:00, 86.34it/s, S=0.8024, loss=-0.6858]
Epoch 131/150 [train]:  35%|███▍      | 9/26 [00:00<00:00, 86.34it/s, S=0.8039, loss=-0.6908]
Epoch 131/150 [train]:  35%|███▍      | 9/26 [00:00<00:00, 86.34it/s, S=0.7970, loss=-0.6793]
Epoch 131/150 [train]:  35%|███▍      | 9/26 [00:00<00:00, 86.34it/s, S=0.7947, loss=-0.6781]
Epoch 131/150 [train]:  35%|███▍      | 9/26 [00:00<00:00, 86.34it/s, S=0.7869, loss=-0.6710]
Epoch 131/150 [train]:  69%|██████▉   | 18/26 [00:00<00:00, 86.45it/s, S=0.7869, loss=-0.6710]
Epoch 131/150 [train]:  69%|██████▉   | 18/26 [00:00<00:00, 86.45it/s, S=0.7722, loss=-0.6522]
Epoch 131/150 [train]:  69%|██████▉   | 18/26 [00:00<00:00, 86.45it/s, S=0.7928, loss=-0.6825]
Epoch 131/150 [train]:  69%|██████▉   | 18/26 [00:00<00:00, 86.45it/s, S=0.7920, loss=-0.6749]
Epoch 131/150 [train]:  69%|██████▉   | 18/26 [00:00<00:00, 86.45it/s, S=0.7752, loss=-0.6619]
Epoch 131/150 [train]:  69%|██████▉   | 18/26 [00:00<00:00, 86.45it/s, S=0.7768, loss=-0.6589]
Epoch 131/150 [train]:  69%|██████▉   | 18/26 [00:00<00:00, 86.45it/s, S=0.7997, loss=-0.6831]
Epoch 131/150 [train]:  69%|██████▉   | 18/26 [00:00<00:00, 86.45it/s, S=0.7844, loss=-0.6642]
Epoch 131/150 [train]:  69%|██████▉   | 18/26 [00:00<00:00, 86.45it/s, S=0.8002, loss=-0.6842]
                                                                                              
Epoch 131/150  train loss=-0.6796  val loss=-0.6417  S[mean]=0.7588  ζ=0.4480  mean_plane_ζ=0.4926  reg=0.1171  λscale=1.00  lr=6.64e-05

Epoch 132/150 [train]:   0%|          | 0/26 [00:00<?, ?it/s]
Epoch 132/150 [train]:   0%|          | 0/26 [00:00<?, ?it/s, S=0.8004, loss=-0.6891]
Epoch 132/150 [train]:   0%|          | 0/26 [00:00<?, ?it/s, S=0.7843, loss=-0.6684]
Epoch 132/150 [train]:   0%|          | 0/26 [00:00<?, ?it/s, S=0.8070, loss=-0.6905]
Epoch 132/150 [train]:   0%|          | 0/26 [00:00<?, ?it/s, S=0.8000, loss=-0.6788]
Epoch 132/150 [train]:   0%|          | 0/26 [00:00<?, ?it/s, S=0.7880, loss=-0.6705]
Epoch 132/150 [train]:   0%|          | 0/26 [00:00<?, ?it/s, S=0.7796, loss=-0.6564]
Epoch 132/150 [train]:   0%|          | 0/26 [00:00<?, ?it/s, S=0.8059, loss=-0.6913]
Epoch 132/150 [train]:   0%|          | 0/26 [00:00<?, ?it/s, S=0.7975, loss=-0.6840]
Epoch 132/150 [train]:   0%|          | 0/26 [00:00<?, ?it/s, S=0.7967, loss=-0.6825]
Epoch 132/150 [train]:  35%|███▍      | 9/26 [00:00<00:00, 86.23it/s, S=0.7967, loss=-0.6825]
Epoch 132/150 [train]:  35%|███▍      | 9/26 [00:00<00:00, 86.23it/s, S=0.7790, loss=-0.6673]
Epoch 132/150 [train]:  35%|███▍      | 9/26 [00:00<00:00, 86.23it/s, S=0.8144, loss=-0.6996]
Epoch 132/150 [train]:  35%|███▍      | 9/26 [00:00<00:00, 86.23it/s, S=0.7898, loss=-0.6751]
Epoch 132/150 [train]:  35%|███▍      | 9/26 [00:00<00:00, 86.23it/s, S=0.7875, loss=-0.6753]
Epoch 132/150 [train]:  35%|███▍      | 9/26 [00:00<00:00, 86.23it/s, S=0.8038, loss=-0.6837]
Epoch 132/150 [train]:  35%|███▍      | 9/26 [00:00<00:00, 86.23it/s, S=0.7878, loss=-0.6752]
Epoch 132/150 [train]:  35%|███▍      | 9/26 [00:00<00:00, 86.23it/s, S=0.8161, loss=-0.7042]
Epoch 132/150 [train]:  35%|███▍      | 9/26 [00:00<00:00, 86.23it/s, S=0.7904, loss=-0.6754]
Epoch 132/150 [train]:  35%|███▍      | 9/26 [00:00<00:00, 86.23it/s, S=0.7893, loss=-0.6691]
Epoch 132/150 [train]:  69%|██████▉   | 18/26 [00:00<00:00, 86.44it/s, S=0.7893, loss=-0.6691]
Epoch 132/150 [train]:  69%|██████▉   | 18/26 [00:00<00:00, 86.44it/s, S=0.7854, loss=-0.6718]
Epoch 132/150 [train]:  69%|██████▉   | 18/26 [00:00<00:00, 86.44it/s, S=0.8031, loss=-0.6923]
Epoch 132/150 [train]:  69%|██████▉   | 18/26 [00:00<00:00, 86.44it/s, S=0.8007, loss=-0.6821]
Epoch 132/150 [train]:  69%|██████▉   | 18/26 [00:00<00:00, 86.44it/s, S=0.7987, loss=-0.6851]
Epoch 132/150 [train]:  69%|██████▉   | 18/26 [00:00<00:00, 86.44it/s, S=0.7937, loss=-0.6813]
Epoch 132/150 [train]:  69%|██████▉   | 18/26 [00:00<00:00, 86.44it/s, S=0.7989, loss=-0.6829]
Epoch 132/150 [train]:  69%|██████▉   | 18/26 [00:00<00:00, 86.44it/s, S=0.7959, loss=-0.6815]
Epoch 132/150 [train]:  69%|██████▉   | 18/26 [00:00<00:00, 86.44it/s, S=0.7780, loss=-0.6669]
                                                                                              
Epoch 132/150  train loss=-0.6800  val loss=-0.6419  S[mean]=0.7592  ζ=0.4477  mean_plane_ζ=0.4925  reg=0.1172  λscale=1.00  lr=5.99e-05

Epoch 133/150 [train]:   0%|          | 0/26 [00:00<?, ?it/s]
Epoch 133/150 [train]:   0%|          | 0/26 [00:00<?, ?it/s, S=0.8184, loss=-0.7059]
Epoch 133/150 [train]:   0%|          | 0/26 [00:00<?, ?it/s, S=0.7951, loss=-0.6778]
Epoch 133/150 [train]:   0%|          | 0/26 [00:00<?, ?it/s, S=0.8136, loss=-0.6993]
Epoch 133/150 [train]:   0%|          | 0/26 [00:00<?, ?it/s, S=0.8147, loss=-0.7041]
Epoch 133/150 [train]:   0%|          | 0/26 [00:00<?, ?it/s, S=0.8134, loss=-0.6942]
Epoch 133/150 [train]:   0%|          | 0/26 [00:00<?, ?it/s, S=0.7758, loss=-0.6613]
Epoch 133/150 [train]:   0%|          | 0/26 [00:00<?, ?it/s, S=0.7928, loss=-0.6780]
Epoch 133/150 [train]:   0%|          | 0/26 [00:00<?, ?it/s, S=0.7963, loss=-0.6840]
Epoch 133/150 [train]:   0%|          | 0/26 [00:00<?, ?it/s, S=0.7931, loss=-0.6763]
Epoch 133/150 [train]:  35%|███▍      | 9/26 [00:00<00:00, 86.35it/s, S=0.7931, loss=-0.6763]
Epoch 133/150 [train]:  35%|███▍      | 9/26 [00:00<00:00, 86.35it/s, S=0.7984, loss=-0.6816]
Epoch 133/150 [train]:  35%|███▍      | 9/26 [00:00<00:00, 86.35it/s, S=0.8038, loss=-0.6883]
Epoch 133/150 [train]:  35%|███▍      | 9/26 [00:00<00:00, 86.35it/s, S=0.8002, loss=-0.6830]
Epoch 133/150 [train]:  35%|███▍      | 9/26 [00:00<00:00, 86.35it/s, S=0.8141, loss=-0.7019]
Epoch 133/150 [train]:  35%|███▍      | 9/26 [00:00<00:00, 86.35it/s, S=0.7673, loss=-0.6504]
Epoch 133/150 [train]:  35%|███▍      | 9/26 [00:00<00:00, 86.35it/s, S=0.7849, loss=-0.6626]
Epoch 133/150 [train]:  35%|███▍      | 9/26 [00:00<00:00, 86.35it/s, S=0.7790, loss=-0.6660]
Epoch 133/150 [train]:  35%|███▍      | 9/26 [00:00<00:00, 86.35it/s, S=0.8097, loss=-0.6946]
Epoch 133/150 [train]:  35%|███▍      | 9/26 [00:00<00:00, 86.35it/s, S=0.8129, loss=-0.6985]
Epoch 133/150 [train]:  69%|██████▉   | 18/26 [00:00<00:00, 86.43it/s, S=0.8129, loss=-0.6985]
Epoch 133/150 [train]:  69%|██████▉   | 18/26 [00:00<00:00, 86.43it/s, S=0.7940, loss=-0.6781]
Epoch 133/150 [train]:  69%|██████▉   | 18/26 [00:00<00:00, 86.43it/s, S=0.8041, loss=-0.6888]
Epoch 133/150 [train]:  69%|██████▉   | 18/26 [00:00<00:00, 86.43it/s, S=0.7845, loss=-0.6625]
Epoch 133/150 [train]:  69%|██████▉   | 18/26 [00:00<00:00, 86.43it/s, S=0.7804, loss=-0.6686]
Epoch 133/150 [train]:  69%|██████▉   | 18/26 [00:00<00:00, 86.43it/s, S=0.7993, loss=-0.6762]
Epoch 133/150 [train]:  69%|██████▉   | 18/26 [00:00<00:00, 86.43it/s, S=0.7763, loss=-0.6606]
Epoch 133/150 [train]:  69%|██████▉   | 18/26 [00:00<00:00, 86.43it/s, S=0.7941, loss=-0.6832]
Epoch 133/150 [train]:  69%|██████▉   | 18/26 [00:00<00:00, 86.43it/s, S=0.7898, loss=-0.6714]
                                                                                              
Epoch 133/150  train loss=-0.6807  val loss=-0.6422  S[mean]=0.7596  ζ=0.4479  mean_plane_ζ=0.4932  reg=0.1175  λscale=1.00  lr=5.37e-05

Epoch 134/150 [train]:   0%|          | 0/26 [00:00<?, ?it/s]
Epoch 134/150 [train]:   0%|          | 0/26 [00:00<?, ?it/s, S=0.7892, loss=-0.6724]
Epoch 134/150 [train]:   0%|          | 0/26 [00:00<?, ?it/s, S=0.7816, loss=-0.6626]
Epoch 134/150 [train]:   0%|          | 0/26 [00:00<?, ?it/s, S=0.8004, loss=-0.6841]
Epoch 134/150 [train]:   0%|          | 0/26 [00:00<?, ?it/s, S=0.8065, loss=-0.6930]
Epoch 134/150 [train]:   0%|          | 0/26 [00:00<?, ?it/s, S=0.8090, loss=-0.6938]
Epoch 134/150 [train]:   0%|          | 0/26 [00:00<?, ?it/s, S=0.7988, loss=-0.6881]
Epoch 134/150 [train]:   0%|          | 0/26 [00:00<?, ?it/s, S=0.8098, loss=-0.6975]
Epoch 134/150 [train]:   0%|          | 0/26 [00:00<?, ?it/s, S=0.7825, loss=-0.6671]
Epoch 134/150 [train]:   0%|          | 0/26 [00:00<?, ?it/s, S=0.7993, loss=-0.6861]
Epoch 134/150 [train]:  35%|███▍      | 9/26 [00:00<00:00, 80.30it/s, S=0.7993, loss=-0.6861]
Epoch 134/150 [train]:  35%|███▍      | 9/26 [00:00<00:00, 80.30it/s, S=0.8042, loss=-0.6876]
Epoch 134/150 [train]:  35%|███▍      | 9/26 [00:00<00:00, 80.30it/s, S=0.7903, loss=-0.6744]
Epoch 134/150 [train]:  35%|███▍      | 9/26 [00:00<00:00, 80.30it/s, S=0.7807, loss=-0.6593]
Epoch 134/150 [train]:  35%|███▍      | 9/26 [00:00<00:00, 80.30it/s, S=0.8068, loss=-0.6899]
Epoch 134/150 [train]:  35%|███▍      | 9/26 [00:00<00:00, 80.30it/s, S=0.8014, loss=-0.6885]
Epoch 134/150 [train]:  35%|███▍      | 9/26 [00:00<00:00, 80.30it/s, S=0.8056, loss=-0.6895]
Epoch 134/150 [train]:  35%|███▍      | 9/26 [00:00<00:00, 80.30it/s, S=0.8001, loss=-0.6819]
Epoch 134/150 [train]:  35%|███▍      | 9/26 [00:00<00:00, 80.30it/s, S=0.7966, loss=-0.6838]
Epoch 134/150 [train]:  35%|███▍      | 9/26 [00:00<00:00, 80.30it/s, S=0.7887, loss=-0.6749]
Epoch 134/150 [train]:  69%|██████▉   | 18/26 [00:00<00:00, 83.09it/s, S=0.7887, loss=-0.6749]
Epoch 134/150 [train]:  69%|██████▉   | 18/26 [00:00<00:00, 83.09it/s, S=0.7850, loss=-0.6748]
Epoch 134/150 [train]:  69%|██████▉   | 18/26 [00:00<00:00, 83.09it/s, S=0.8028, loss=-0.6817]
Epoch 134/150 [train]:  69%|██████▉   | 18/26 [00:00<00:00, 83.09it/s, S=0.8108, loss=-0.6991]
Epoch 134/150 [train]:  69%|██████▉   | 18/26 [00:00<00:00, 83.09it/s, S=0.7844, loss=-0.6699]
Epoch 134/150 [train]:  69%|██████▉   | 18/26 [00:00<00:00, 83.09it/s, S=0.8084, loss=-0.6958]
Epoch 134/150 [train]:  69%|██████▉   | 18/26 [00:00<00:00, 83.09it/s, S=0.7987, loss=-0.6879]
Epoch 134/150 [train]:  69%|██████▉   | 18/26 [00:00<00:00, 83.09it/s, S=0.7890, loss=-0.6765]
Epoch 134/150 [train]:  69%|██████▉   | 18/26 [00:00<00:00, 83.09it/s, S=0.8185, loss=-0.7044]
                                                                                              
Epoch 134/150  train loss=-0.6833  val loss=-0.6424  S[mean]=0.7600  ζ=0.4477  mean_plane_ζ=0.4932  reg=0.1177  λscale=1.00  lr=4.77e-05

Epoch 135/150 [train]:   0%|          | 0/26 [00:00<?, ?it/s]
Epoch 135/150 [train]:   0%|          | 0/26 [00:00<?, ?it/s, S=0.8152, loss=-0.6998]
Epoch 135/150 [train]:   0%|          | 0/26 [00:00<?, ?it/s, S=0.7902, loss=-0.6771]
Epoch 135/150 [train]:   0%|          | 0/26 [00:00<?, ?it/s, S=0.7943, loss=-0.6758]
Epoch 135/150 [train]:   0%|          | 0/26 [00:00<?, ?it/s, S=0.7947, loss=-0.6790]
Epoch 135/150 [train]:   0%|          | 0/26 [00:00<?, ?it/s, S=0.7872, loss=-0.6739]
Epoch 135/150 [train]:   0%|          | 0/26 [00:00<?, ?it/s, S=0.8116, loss=-0.6975]
Epoch 135/150 [train]:   0%|          | 0/26 [00:00<?, ?it/s, S=0.8040, loss=-0.6911]
Epoch 135/150 [train]:   0%|          | 0/26 [00:00<?, ?it/s, S=0.7886, loss=-0.6736]
Epoch 135/150 [train]:   0%|          | 0/26 [00:00<?, ?it/s, S=0.7715, loss=-0.6609]
Epoch 135/150 [train]:  35%|███▍      | 9/26 [00:00<00:00, 87.05it/s, S=0.7715, loss=-0.6609]
Epoch 135/150 [train]:  35%|███▍      | 9/26 [00:00<00:00, 87.05it/s, S=0.8127, loss=-0.6987]
Epoch 135/150 [train]:  35%|███▍      | 9/26 [00:00<00:00, 87.05it/s, S=0.7985, loss=-0.6824]
Epoch 135/150 [train]:  35%|███▍      | 9/26 [00:00<00:00, 87.05it/s, S=0.8041, loss=-0.6922]
Epoch 135/150 [train]:  35%|███▍      | 9/26 [00:00<00:00, 87.05it/s, S=0.7812, loss=-0.6659]
Epoch 135/150 [train]:  35%|███▍      | 9/26 [00:00<00:00, 87.05it/s, S=0.7977, loss=-0.6836]
Epoch 135/150 [train]:  35%|███▍      | 9/26 [00:00<00:00, 87.05it/s, S=0.8034, loss=-0.6881]
Epoch 135/150 [train]:  35%|███▍      | 9/26 [00:00<00:00, 87.05it/s, S=0.7792, loss=-0.6603]
Epoch 135/150 [train]:  35%|███▍      | 9/26 [00:00<00:00, 87.05it/s, S=0.7920, loss=-0.6757]
Epoch 135/150 [train]:  35%|███▍      | 9/26 [00:00<00:00, 87.05it/s, S=0.7900, loss=-0.6733]
Epoch 135/150 [train]:  69%|██████▉   | 18/26 [00:00<00:00, 87.33it/s, S=0.7900, loss=-0.6733]
Epoch 135/150 [train]:  69%|██████▉   | 18/26 [00:00<00:00, 87.33it/s, S=0.8103, loss=-0.6951]
Epoch 135/150 [train]:  69%|██████▉   | 18/26 [00:00<00:00, 87.33it/s, S=0.8118, loss=-0.6942]
Epoch 135/150 [train]:  69%|██████▉   | 18/26 [00:00<00:00, 87.33it/s, S=0.7851, loss=-0.6707]
Epoch 135/150 [train]:  69%|██████▉   | 18/26 [00:00<00:00, 87.33it/s, S=0.8131, loss=-0.6964]
Epoch 135/150 [train]:  69%|██████▉   | 18/26 [00:00<00:00, 87.33it/s, S=0.8074, loss=-0.6905]
Epoch 135/150 [train]:  69%|██████▉   | 18/26 [00:00<00:00, 87.33it/s, S=0.7829, loss=-0.6708]
Epoch 135/150 [train]:  69%|██████▉   | 18/26 [00:00<00:00, 87.33it/s, S=0.7908, loss=-0.6754]
Epoch 135/150 [train]:  69%|██████▉   | 18/26 [00:00<00:00, 87.33it/s, S=0.7921, loss=-0.6687]
                                                                                              
Epoch 135/150  train loss=-0.6812  val loss=-0.6430  S[mean]=0.7607  ζ=0.4478  mean_plane_ζ=0.4934  reg=0.1177  λscale=1.00  lr=4.21e-05

Epoch 136/150 [train]:   0%|          | 0/26 [00:00<?, ?it/s]
Epoch 136/150 [train]:   0%|          | 0/26 [00:00<?, ?it/s, S=0.8035, loss=-0.6860]
Epoch 136/150 [train]:   0%|          | 0/26 [00:00<?, ?it/s, S=0.8014, loss=-0.6849]
Epoch 136/150 [train]:   0%|          | 0/26 [00:00<?, ?it/s, S=0.7881, loss=-0.6703]
Epoch 136/150 [train]:   0%|          | 0/26 [00:00<?, ?it/s, S=0.7893, loss=-0.6760]
Epoch 136/150 [train]:   0%|          | 0/26 [00:00<?, ?it/s, S=0.8041, loss=-0.6868]
Epoch 136/150 [train]:   0%|          | 0/26 [00:00<?, ?it/s, S=0.8161, loss=-0.7029]
Epoch 136/150 [train]:   0%|          | 0/26 [00:00<?, ?it/s, S=0.8054, loss=-0.6902]
Epoch 136/150 [train]:   0%|          | 0/26 [00:00<?, ?it/s, S=0.7663, loss=-0.6512]
Epoch 136/150 [train]:   0%|          | 0/26 [00:00<?, ?it/s, S=0.8169, loss=-0.7043]
Epoch 136/150 [train]:  35%|███▍      | 9/26 [00:00<00:00, 87.11it/s, S=0.8169, loss=-0.7043]
Epoch 136/150 [train]:  35%|███▍      | 9/26 [00:00<00:00, 87.11it/s, S=0.8066, loss=-0.6912]
Epoch 136/150 [train]:  35%|███▍      | 9/26 [00:00<00:00, 87.11it/s, S=0.8171, loss=-0.7042]
Epoch 136/150 [train]:  35%|███▍      | 9/26 [00:00<00:00, 87.11it/s, S=0.7934, loss=-0.6804]
Epoch 136/150 [train]:  35%|███▍      | 9/26 [00:00<00:00, 87.11it/s, S=0.7894, loss=-0.6787]
Epoch 136/150 [train]:  35%|███▍      | 9/26 [00:00<00:00, 87.11it/s, S=0.8150, loss=-0.6975]
Epoch 136/150 [train]:  35%|███▍      | 9/26 [00:00<00:00, 87.11it/s, S=0.7984, loss=-0.6820]
Epoch 136/150 [train]:  35%|███▍      | 9/26 [00:00<00:00, 87.11it/s, S=0.7952, loss=-0.6753]
Epoch 136/150 [train]:  35%|███▍      | 9/26 [00:00<00:00, 87.11it/s, S=0.7917, loss=-0.6783]
Epoch 136/150 [train]:  35%|███▍      | 9/26 [00:00<00:00, 87.11it/s, S=0.7888, loss=-0.6708]
Epoch 136/150 [train]:  69%|██████▉   | 18/26 [00:00<00:00, 87.42it/s, S=0.7888, loss=-0.6708]
Epoch 136/150 [train]:  69%|██████▉   | 18/26 [00:00<00:00, 87.42it/s, S=0.8065, loss=-0.6901]
Epoch 136/150 [train]:  69%|██████▉   | 18/26 [00:00<00:00, 87.42it/s, S=0.8003, loss=-0.6844]
Epoch 136/150 [train]:  69%|██████▉   | 18/26 [00:00<00:00, 87.42it/s, S=0.7728, loss=-0.6451]
Epoch 136/150 [train]:  69%|██████▉   | 18/26 [00:00<00:00, 87.42it/s, S=0.7955, loss=-0.6739]
Epoch 136/150 [train]:  69%|██████▉   | 18/26 [00:00<00:00, 87.42it/s, S=0.8067, loss=-0.6917]
Epoch 136/150 [train]:  69%|██████▉   | 18/26 [00:00<00:00, 87.42it/s, S=0.8130, loss=-0.6981]
Epoch 136/150 [train]:  69%|██████▉   | 18/26 [00:00<00:00, 87.42it/s, S=0.7869, loss=-0.6686]
Epoch 136/150 [train]:  69%|██████▉   | 18/26 [00:00<00:00, 87.42it/s, S=0.8125, loss=-0.6934]
                                                                                              
Epoch 136/150  train loss=-0.6829  val loss=-0.6431  S[mean]=0.7608  ζ=0.4478  mean_plane_ζ=0.4934  reg=0.1177  λscale=1.00  lr=3.68e-05

Epoch 137/150 [train]:   0%|          | 0/26 [00:00<?, ?it/s]
Epoch 137/150 [train]:   0%|          | 0/26 [00:00<?, ?it/s, S=0.8052, loss=-0.6850]
Epoch 137/150 [train]:   0%|          | 0/26 [00:00<?, ?it/s, S=0.8038, loss=-0.6903]
Epoch 137/150 [train]:   0%|          | 0/26 [00:00<?, ?it/s, S=0.7908, loss=-0.6741]
Epoch 137/150 [train]:   0%|          | 0/26 [00:00<?, ?it/s, S=0.7931, loss=-0.6785]
Epoch 137/150 [train]:   0%|          | 0/26 [00:00<?, ?it/s, S=0.7869, loss=-0.6715]
Epoch 137/150 [train]:   0%|          | 0/26 [00:00<?, ?it/s, S=0.8053, loss=-0.6875]
Epoch 137/150 [train]:   0%|          | 0/26 [00:00<?, ?it/s, S=0.7949, loss=-0.6798]
Epoch 137/150 [train]:   0%|          | 0/26 [00:00<?, ?it/s, S=0.8082, loss=-0.6896]
Epoch 137/150 [train]:   0%|          | 0/26 [00:00<?, ?it/s, S=0.8146, loss=-0.6970]
Epoch 137/150 [train]:  35%|███▍      | 9/26 [00:00<00:00, 87.03it/s, S=0.8146, loss=-0.6970]
Epoch 137/150 [train]:  35%|███▍      | 9/26 [00:00<00:00, 87.03it/s, S=0.8110, loss=-0.6983]
Epoch 137/150 [train]:  35%|███▍      | 9/26 [00:00<00:00, 87.03it/s, S=0.8032, loss=-0.6886]
Epoch 137/150 [train]:  35%|███▍      | 9/26 [00:00<00:00, 87.03it/s, S=0.8097, loss=-0.6939]
Epoch 137/150 [train]:  35%|███▍      | 9/26 [00:00<00:00, 87.03it/s, S=0.7956, loss=-0.6801]
Epoch 137/150 [train]:  35%|███▍      | 9/26 [00:00<00:00, 87.03it/s, S=0.8068, loss=-0.6923]
Epoch 137/150 [train]:  35%|███▍      | 9/26 [00:00<00:00, 87.03it/s, S=0.7739, loss=-0.6530]
Epoch 137/150 [train]:  35%|███▍      | 9/26 [00:00<00:00, 87.03it/s, S=0.7989, loss=-0.6830]
Epoch 137/150 [train]:  35%|███▍      | 9/26 [00:00<00:00, 87.03it/s, S=0.7932, loss=-0.6797]
Epoch 137/150 [train]:  35%|███▍      | 9/26 [00:00<00:00, 87.03it/s, S=0.7986, loss=-0.6868]
Epoch 137/150 [train]:  69%|██████▉   | 18/26 [00:00<00:00, 87.35it/s, S=0.7986, loss=-0.6868]
Epoch 137/150 [train]:  69%|██████▉   | 18/26 [00:00<00:00, 87.35it/s, S=0.7891, loss=-0.6681]
Epoch 137/150 [train]:  69%|██████▉   | 18/26 [00:00<00:00, 87.35it/s, S=0.7859, loss=-0.6692]
Epoch 137/150 [train]:  69%|██████▉   | 18/26 [00:00<00:00, 87.35it/s, S=0.7954, loss=-0.6779]
Epoch 137/150 [train]:  69%|██████▉   | 18/26 [00:00<00:00, 87.35it/s, S=0.8062, loss=-0.6931]
Epoch 137/150 [train]:  69%|██████▉   | 18/26 [00:00<00:00, 87.35it/s, S=0.7781, loss=-0.6657]
Epoch 137/150 [train]:  69%|██████▉   | 18/26 [00:00<00:00, 87.35it/s, S=0.8022, loss=-0.6868]
Epoch 137/150 [train]:  69%|██████▉   | 18/26 [00:00<00:00, 87.35it/s, S=0.7833, loss=-0.6703]
Epoch 137/150 [train]:  69%|██████▉   | 18/26 [00:00<00:00, 87.35it/s, S=0.8004, loss=-0.6862]
                                                                                              
Epoch 137/150  train loss=-0.6818  val loss=-0.6434  S[mean]=0.7612  ζ=0.4479  mean_plane_ζ=0.4938  reg=0.1178  λscale=1.00  lr=3.19e-05

Epoch 138/150 [train]:   0%|          | 0/26 [00:00<?, ?it/s]
Epoch 138/150 [train]:   0%|          | 0/26 [00:00<?, ?it/s, S=0.7995, loss=-0.6847]
Epoch 138/150 [train]:   0%|          | 0/26 [00:00<?, ?it/s, S=0.7865, loss=-0.6660]
Epoch 138/150 [train]:   0%|          | 0/26 [00:00<?, ?it/s, S=0.7971, loss=-0.6840]
Epoch 138/150 [train]:   0%|          | 0/26 [00:00<?, ?it/s, S=0.8078, loss=-0.6890]
Epoch 138/150 [train]:   0%|          | 0/26 [00:00<?, ?it/s, S=0.7921, loss=-0.6745]
Epoch 138/150 [train]:   0%|          | 0/26 [00:00<?, ?it/s, S=0.7821, loss=-0.6705]
Epoch 138/150 [train]:   0%|          | 0/26 [00:00<?, ?it/s, S=0.7937, loss=-0.6784]
Epoch 138/150 [train]:   0%|          | 0/26 [00:00<?, ?it/s, S=0.8024, loss=-0.6894]
Epoch 138/150 [train]:   0%|          | 0/26 [00:00<?, ?it/s, S=0.7872, loss=-0.6702]
Epoch 138/150 [train]:  35%|███▍      | 9/26 [00:00<00:00, 86.85it/s, S=0.7872, loss=-0.6702]
Epoch 138/150 [train]:  35%|███▍      | 9/26 [00:00<00:00, 86.85it/s, S=0.8077, loss=-0.6923]
Epoch 138/150 [train]:  35%|███▍      | 9/26 [00:00<00:00, 86.85it/s, S=0.7878, loss=-0.6687]
Epoch 138/150 [train]:  35%|███▍      | 9/26 [00:00<00:00, 86.85it/s, S=0.8060, loss=-0.6799]
Epoch 138/150 [train]:  35%|███▍      | 9/26 [00:00<00:00, 86.85it/s, S=0.8155, loss=-0.6996]
Epoch 138/150 [train]:  35%|███▍      | 9/26 [00:00<00:00, 86.85it/s, S=0.7959, loss=-0.6817]
Epoch 138/150 [train]:  35%|███▍      | 9/26 [00:00<00:00, 86.85it/s, S=0.7881, loss=-0.6764]
Epoch 138/150 [train]:  35%|███▍      | 9/26 [00:00<00:00, 86.85it/s, S=0.8149, loss=-0.7030]
Epoch 138/150 [train]:  35%|███▍      | 9/26 [00:00<00:00, 86.85it/s, S=0.7903, loss=-0.6761]
Epoch 138/150 [train]:  35%|███▍      | 9/26 [00:00<00:00, 86.85it/s, S=0.7878, loss=-0.6674]
Epoch 138/150 [train]:  69%|██████▉   | 18/26 [00:00<00:00, 87.34it/s, S=0.7878, loss=-0.6674]
Epoch 138/150 [train]:  69%|██████▉   | 18/26 [00:00<00:00, 87.34it/s, S=0.7904, loss=-0.6748]
Epoch 138/150 [train]:  69%|██████▉   | 18/26 [00:00<00:00, 87.34it/s, S=0.8011, loss=-0.6887]
Epoch 138/150 [train]:  69%|██████▉   | 18/26 [00:00<00:00, 87.34it/s, S=0.7969, loss=-0.6757]
Epoch 138/150 [train]:  69%|██████▉   | 18/26 [00:00<00:00, 87.34it/s, S=0.8056, loss=-0.6909]
Epoch 138/150 [train]:  69%|██████▉   | 18/26 [00:00<00:00, 87.34it/s, S=0.7841, loss=-0.6732]
Epoch 138/150 [train]:  69%|██████▉   | 18/26 [00:00<00:00, 87.34it/s, S=0.7945, loss=-0.6725]
Epoch 138/150 [train]:  69%|██████▉   | 18/26 [00:00<00:00, 87.34it/s, S=0.7952, loss=-0.6811]
Epoch 138/150 [train]:  69%|██████▉   | 18/26 [00:00<00:00, 87.34it/s, S=0.7856, loss=-0.6659]
                                                                                              
Epoch 138/150  train loss=-0.6798  val loss=-0.6437  S[mean]=0.7615  ζ=0.4478  mean_plane_ζ=0.4938  reg=0.1178  λscale=1.00  lr=2.72e-05

Epoch 139/150 [train]:   0%|          | 0/26 [00:00<?, ?it/s]
Epoch 139/150 [train]:   0%|          | 0/26 [00:00<?, ?it/s, S=0.7981, loss=-0.6813]
Epoch 139/150 [train]:   0%|          | 0/26 [00:00<?, ?it/s, S=0.8034, loss=-0.6892]
Epoch 139/150 [train]:   0%|          | 0/26 [00:00<?, ?it/s, S=0.7977, loss=-0.6835]
Epoch 139/150 [train]:   0%|          | 0/26 [00:00<?, ?it/s, S=0.7937, loss=-0.6821]
Epoch 139/150 [train]:   0%|          | 0/26 [00:00<?, ?it/s, S=0.8019, loss=-0.6853]
Epoch 139/150 [train]:   0%|          | 0/26 [00:00<?, ?it/s, S=0.8020, loss=-0.6890]
Epoch 139/150 [train]:   0%|          | 0/26 [00:00<?, ?it/s, S=0.8080, loss=-0.6904]
Epoch 139/150 [train]:   0%|          | 0/26 [00:00<?, ?it/s, S=0.7863, loss=-0.6746]
Epoch 139/150 [train]:   0%|          | 0/26 [00:00<?, ?it/s, S=0.7869, loss=-0.6667]
Epoch 139/150 [train]:  35%|███▍      | 9/26 [00:00<00:00, 87.20it/s, S=0.7869, loss=-0.6667]
Epoch 139/150 [train]:  35%|███▍      | 9/26 [00:00<00:00, 87.20it/s, S=0.8098, loss=-0.6907]
Epoch 139/150 [train]:  35%|███▍      | 9/26 [00:00<00:00, 87.20it/s, S=0.8050, loss=-0.6887]
Epoch 139/150 [train]:  35%|███▍      | 9/26 [00:00<00:00, 87.20it/s, S=0.7911, loss=-0.6739]
Epoch 139/150 [train]:  35%|███▍      | 9/26 [00:00<00:00, 87.20it/s, S=0.7972, loss=-0.6848]
Epoch 139/150 [train]:  35%|███▍      | 9/26 [00:00<00:00, 87.20it/s, S=0.7947, loss=-0.6834]
Epoch 139/150 [train]:  35%|███▍      | 9/26 [00:00<00:00, 87.20it/s, S=0.7951, loss=-0.6795]
Epoch 139/150 [train]:  35%|███▍      | 9/26 [00:00<00:00, 87.20it/s, S=0.8030, loss=-0.6917]
Epoch 139/150 [train]:  35%|███▍      | 9/26 [00:00<00:00, 87.20it/s, S=0.7594, loss=-0.6334]
Epoch 139/150 [train]:  35%|███▍      | 9/26 [00:00<00:00, 87.20it/s, S=0.8108, loss=-0.6992]
Epoch 139/150 [train]:  69%|██████▉   | 18/26 [00:00<00:00, 87.55it/s, S=0.8108, loss=-0.6992]
Epoch 139/150 [train]:  69%|██████▉   | 18/26 [00:00<00:00, 87.55it/s, S=0.8069, loss=-0.6897]
Epoch 139/150 [train]:  69%|██████▉   | 18/26 [00:00<00:00, 87.55it/s, S=0.8122, loss=-0.6960]
Epoch 139/150 [train]:  69%|██████▉   | 18/26 [00:00<00:00, 87.55it/s, S=0.7876, loss=-0.6665]
Epoch 139/150 [train]:  69%|██████▉   | 18/26 [00:00<00:00, 87.55it/s, S=0.8117, loss=-0.6988]
Epoch 139/150 [train]:  69%|██████▉   | 18/26 [00:00<00:00, 87.55it/s, S=0.8164, loss=-0.7021]
Epoch 139/150 [train]:  69%|██████▉   | 18/26 [00:00<00:00, 87.55it/s, S=0.8053, loss=-0.6902]
Epoch 139/150 [train]:  69%|██████▉   | 18/26 [00:00<00:00, 87.55it/s, S=0.7909, loss=-0.6706]
Epoch 139/150 [train]:  69%|██████▉   | 18/26 [00:00<00:00, 87.55it/s, S=0.7835, loss=-0.6670]
                                                                                              
Epoch 139/150  train loss=-0.6826  val loss=-0.6438  S[mean]=0.7616  ζ=0.4478  mean_plane_ζ=0.4939  reg=0.1178  λscale=1.00  lr=2.30e-05

Epoch 140/150 [train]:   0%|          | 0/26 [00:00<?, ?it/s]
Epoch 140/150 [train]:   0%|          | 0/26 [00:00<?, ?it/s, S=0.7936, loss=-0.6787]
Epoch 140/150 [train]:   0%|          | 0/26 [00:00<?, ?it/s, S=0.8054, loss=-0.6905]
Epoch 140/150 [train]:   0%|          | 0/26 [00:00<?, ?it/s, S=0.7916, loss=-0.6723]
Epoch 140/150 [train]:   0%|          | 0/26 [00:00<?, ?it/s, S=0.7995, loss=-0.6812]
Epoch 140/150 [train]:   0%|          | 0/26 [00:00<?, ?it/s, S=0.7835, loss=-0.6701]
Epoch 140/150 [train]:   0%|          | 0/26 [00:00<?, ?it/s, S=0.8157, loss=-0.7003]
Epoch 140/150 [train]:   0%|          | 0/26 [00:00<?, ?it/s, S=0.7861, loss=-0.6707]
Epoch 140/150 [train]:   0%|          | 0/26 [00:00<?, ?it/s, S=0.7776, loss=-0.6624]
Epoch 140/150 [train]:   0%|          | 0/26 [00:00<?, ?it/s, S=0.7925, loss=-0.6762]
Epoch 140/150 [train]:  35%|███▍      | 9/26 [00:00<00:00, 86.96it/s, S=0.7925, loss=-0.6762]
Epoch 140/150 [train]:  35%|███▍      | 9/26 [00:00<00:00, 86.96it/s, S=0.8109, loss=-0.6946]
Epoch 140/150 [train]:  35%|███▍      | 9/26 [00:00<00:00, 86.96it/s, S=0.8162, loss=-0.6975]
Epoch 140/150 [train]:  35%|███▍      | 9/26 [00:00<00:00, 86.96it/s, S=0.8087, loss=-0.6921]
Epoch 140/150 [train]:  35%|███▍      | 9/26 [00:00<00:00, 86.96it/s, S=0.8081, loss=-0.6860]
Epoch 140/150 [train]:  35%|███▍      | 9/26 [00:00<00:00, 86.96it/s, S=0.8004, loss=-0.6788]
Epoch 140/150 [train]:  35%|███▍      | 9/26 [00:00<00:00, 86.96it/s, S=0.8053, loss=-0.6825]
Epoch 140/150 [train]:  35%|███▍      | 9/26 [00:00<00:00, 86.96it/s, S=0.7786, loss=-0.6592]
Epoch 140/150 [train]:  35%|███▍      | 9/26 [00:00<00:00, 86.96it/s, S=0.7992, loss=-0.6772]
Epoch 140/150 [train]:  35%|███▍      | 9/26 [00:00<00:00, 86.96it/s, S=0.8045, loss=-0.6915]
Epoch 140/150 [train]:  69%|██████▉   | 18/26 [00:00<00:00, 87.41it/s, S=0.8045, loss=-0.6915]
Epoch 140/150 [train]:  69%|██████▉   | 18/26 [00:00<00:00, 87.41it/s, S=0.8033, loss=-0.6911]
Epoch 140/150 [train]:  69%|██████▉   | 18/26 [00:00<00:00, 87.41it/s, S=0.8199, loss=-0.7053]
Epoch 140/150 [train]:  69%|██████▉   | 18/26 [00:00<00:00, 87.41it/s, S=0.8163, loss=-0.7022]
Epoch 140/150 [train]:  69%|██████▉   | 18/26 [00:00<00:00, 87.41it/s, S=0.8040, loss=-0.6908]
Epoch 140/150 [train]:  69%|██████▉   | 18/26 [00:00<00:00, 87.41it/s, S=0.7973, loss=-0.6838]
Epoch 140/150 [train]:  69%|██████▉   | 18/26 [00:00<00:00, 87.41it/s, S=0.7876, loss=-0.6762]
Epoch 140/150 [train]:  69%|██████▉   | 18/26 [00:00<00:00, 87.41it/s, S=0.7777, loss=-0.6532]
Epoch 140/150 [train]:  69%|██████▉   | 18/26 [00:00<00:00, 87.41it/s, S=0.7896, loss=-0.6719]
                                                                                              
Epoch 140/150  train loss=-0.6822  val loss=-0.6437  S[mean]=0.7617  ζ=0.4476  mean_plane_ζ=0.4938  reg=0.1180  λscale=1.00  lr=1.90e-05

Epoch 141/150 [train]:   0%|          | 0/26 [00:00<?, ?it/s]
Epoch 141/150 [train]:   0%|          | 0/26 [00:00<?, ?it/s, S=0.8064, loss=-0.6931]
Epoch 141/150 [train]:   0%|          | 0/26 [00:00<?, ?it/s, S=0.7939, loss=-0.6806]
Epoch 141/150 [train]:   0%|          | 0/26 [00:00<?, ?it/s, S=0.8147, loss=-0.7033]
Epoch 141/150 [train]:   0%|          | 0/26 [00:00<?, ?it/s, S=0.8157, loss=-0.7031]
Epoch 141/150 [train]:   0%|          | 0/26 [00:00<?, ?it/s, S=0.8023, loss=-0.6836]
Epoch 141/150 [train]:   0%|          | 0/26 [00:00<?, ?it/s, S=0.7864, loss=-0.6704]
Epoch 141/150 [train]:   0%|          | 0/26 [00:00<?, ?it/s, S=0.7891, loss=-0.6668]
Epoch 141/150 [train]:   0%|          | 0/26 [00:00<?, ?it/s, S=0.7872, loss=-0.6675]
Epoch 141/150 [train]:   0%|          | 0/26 [00:00<?, ?it/s, S=0.8022, loss=-0.6877]
Epoch 141/150 [train]:  35%|███▍      | 9/26 [00:00<00:00, 87.24it/s, S=0.8022, loss=-0.6877]
Epoch 141/150 [train]:  35%|███▍      | 9/26 [00:00<00:00, 87.24it/s, S=0.8037, loss=-0.6868]
Epoch 141/150 [train]:  35%|███▍      | 9/26 [00:00<00:00, 87.24it/s, S=0.8190, loss=-0.7059]
Epoch 141/150 [train]:  35%|███▍      | 9/26 [00:00<00:00, 87.24it/s, S=0.8099, loss=-0.6980]
Epoch 141/150 [train]:  35%|███▍      | 9/26 [00:00<00:00, 87.24it/s, S=0.7932, loss=-0.6802]
Epoch 141/150 [train]:  35%|███▍      | 9/26 [00:00<00:00, 87.24it/s, S=0.7865, loss=-0.6674]
Epoch 141/150 [train]:  35%|███▍      | 9/26 [00:00<00:00, 87.24it/s, S=0.7902, loss=-0.6732]
Epoch 141/150 [train]:  35%|███▍      | 9/26 [00:00<00:00, 87.24it/s, S=0.7814, loss=-0.6666]
Epoch 141/150 [train]:  35%|███▍      | 9/26 [00:00<00:00, 87.24it/s, S=0.7924, loss=-0.6758]
Epoch 141/150 [train]:  35%|███▍      | 9/26 [00:00<00:00, 87.24it/s, S=0.8073, loss=-0.6923]
Epoch 141/150 [train]:  69%|██████▉   | 18/26 [00:00<00:00, 87.19it/s, S=0.8073, loss=-0.6923]
Epoch 141/150 [train]:  69%|██████▉   | 18/26 [00:00<00:00, 87.19it/s, S=0.7922, loss=-0.6713]
Epoch 141/150 [train]:  69%|██████▉   | 18/26 [00:00<00:00, 87.19it/s, S=0.8021, loss=-0.6871]
Epoch 141/150 [train]:  69%|██████▉   | 18/26 [00:00<00:00, 87.19it/s, S=0.7973, loss=-0.6746]
Epoch 141/150 [train]:  69%|██████▉   | 18/26 [00:00<00:00, 87.19it/s, S=0.8101, loss=-0.6939]
Epoch 141/150 [train]:  69%|██████▉   | 18/26 [00:00<00:00, 87.19it/s, S=0.7781, loss=-0.6624]
Epoch 141/150 [train]:  69%|██████▉   | 18/26 [00:00<00:00, 87.19it/s, S=0.8005, loss=-0.6785]
Epoch 141/150 [train]:  69%|██████▉   | 18/26 [00:00<00:00, 87.19it/s, S=0.7946, loss=-0.6706]
Epoch 141/150 [train]:  69%|██████▉   | 18/26 [00:00<00:00, 87.19it/s, S=0.7871, loss=-0.6732]
                                                                                              
Epoch 141/150  train loss=-0.6813  val loss=-0.6439  S[mean]=0.7619  ζ=0.4477  mean_plane_ζ=0.4939  reg=0.1180  λscale=1.00  lr=1.55e-05

Epoch 142/150 [train]:   0%|          | 0/26 [00:00<?, ?it/s]
Epoch 142/150 [train]:   0%|          | 0/26 [00:00<?, ?it/s, S=0.8091, loss=-0.6883]
Epoch 142/150 [train]:   0%|          | 0/26 [00:00<?, ?it/s, S=0.8084, loss=-0.6871]
Epoch 142/150 [train]:   0%|          | 0/26 [00:00<?, ?it/s, S=0.8008, loss=-0.6823]
Epoch 142/150 [train]:   0%|          | 0/26 [00:00<?, ?it/s, S=0.8131, loss=-0.6983]
Epoch 142/150 [train]:   0%|          | 0/26 [00:00<?, ?it/s, S=0.8004, loss=-0.6824]
Epoch 142/150 [train]:   0%|          | 0/26 [00:00<?, ?it/s, S=0.7886, loss=-0.6731]
Epoch 142/150 [train]:   0%|          | 0/26 [00:00<?, ?it/s, S=0.7904, loss=-0.6701]
Epoch 142/150 [train]:   0%|          | 0/26 [00:00<?, ?it/s, S=0.8009, loss=-0.6849]
Epoch 142/150 [train]:   0%|          | 0/26 [00:00<?, ?it/s, S=0.7902, loss=-0.6728]
Epoch 142/150 [train]:  35%|███▍      | 9/26 [00:00<00:00, 87.44it/s, S=0.7902, loss=-0.6728]
Epoch 142/150 [train]:  35%|███▍      | 9/26 [00:00<00:00, 87.44it/s, S=0.7821, loss=-0.6682]
Epoch 142/150 [train]:  35%|███▍      | 9/26 [00:00<00:00, 87.44it/s, S=0.7909, loss=-0.6719]
Epoch 142/150 [train]:  35%|███▍      | 9/26 [00:00<00:00, 87.44it/s, S=0.7793, loss=-0.6620]
Epoch 142/150 [train]:  35%|███▍      | 9/26 [00:00<00:00, 87.44it/s, S=0.7959, loss=-0.6760]
Epoch 142/150 [train]:  35%|███▍      | 9/26 [00:00<00:00, 87.44it/s, S=0.7882, loss=-0.6773]
Epoch 142/150 [train]:  35%|███▍      | 9/26 [00:00<00:00, 87.44it/s, S=0.8115, loss=-0.6967]
Epoch 142/150 [train]:  35%|███▍      | 9/26 [00:00<00:00, 87.44it/s, S=0.8052, loss=-0.6860]
Epoch 142/150 [train]:  35%|███▍      | 9/26 [00:00<00:00, 87.44it/s, S=0.8033, loss=-0.6856]
Epoch 142/150 [train]:  35%|███▍      | 9/26 [00:00<00:00, 87.44it/s, S=0.7831, loss=-0.6614]
Epoch 142/150 [train]:  69%|██████▉   | 18/26 [00:00<00:00, 87.46it/s, S=0.7831, loss=-0.6614]
Epoch 142/150 [train]:  69%|██████▉   | 18/26 [00:00<00:00, 87.46it/s, S=0.7921, loss=-0.6793]
Epoch 142/150 [train]:  69%|██████▉   | 18/26 [00:00<00:00, 87.46it/s, S=0.7932, loss=-0.6792]
Epoch 142/150 [train]:  69%|██████▉   | 18/26 [00:00<00:00, 87.46it/s, S=0.7927, loss=-0.6800]
Epoch 142/150 [train]:  69%|██████▉   | 18/26 [00:00<00:00, 87.46it/s, S=0.7863, loss=-0.6696]
Epoch 142/150 [train]:  69%|██████▉   | 18/26 [00:00<00:00, 87.46it/s, S=0.8038, loss=-0.6900]
Epoch 142/150 [train]:  69%|██████▉   | 18/26 [00:00<00:00, 87.46it/s, S=0.7862, loss=-0.6674]
Epoch 142/150 [train]:  69%|██████▉   | 18/26 [00:00<00:00, 87.46it/s, S=0.8136, loss=-0.6973]
Epoch 142/150 [train]:  69%|██████▉   | 18/26 [00:00<00:00, 87.46it/s, S=0.7999, loss=-0.6855]
                                                                                              
Epoch 142/150  train loss=-0.6797  val loss=-0.6440  S[mean]=0.7620  ζ=0.4477  mean_plane_ζ=0.4940  reg=0.1180  λscale=1.00  lr=1.22e-05

Epoch 143/150 [train]:   0%|          | 0/26 [00:00<?, ?it/s]
Epoch 143/150 [train]:   0%|          | 0/26 [00:00<?, ?it/s, S=0.8022, loss=-0.6824]
Epoch 143/150 [train]:   0%|          | 0/26 [00:00<?, ?it/s, S=0.8199, loss=-0.7076]
Epoch 143/150 [train]:   0%|          | 0/26 [00:00<?, ?it/s, S=0.7936, loss=-0.6777]
Epoch 143/150 [train]:   0%|          | 0/26 [00:00<?, ?it/s, S=0.7896, loss=-0.6699]
Epoch 143/150 [train]:   0%|          | 0/26 [00:00<?, ?it/s, S=0.8020, loss=-0.6848]
Epoch 143/150 [train]:   0%|          | 0/26 [00:00<?, ?it/s, S=0.8030, loss=-0.6881]
Epoch 143/150 [train]:   0%|          | 0/26 [00:00<?, ?it/s, S=0.8124, loss=-0.6959]
Epoch 143/150 [train]:   0%|          | 0/26 [00:00<?, ?it/s, S=0.8119, loss=-0.6956]
Epoch 143/150 [train]:   0%|          | 0/26 [00:00<?, ?it/s, S=0.7925, loss=-0.6762]
Epoch 143/150 [train]:  35%|███▍      | 9/26 [00:00<00:00, 87.29it/s, S=0.7925, loss=-0.6762]
Epoch 143/150 [train]:  35%|███▍      | 9/26 [00:00<00:00, 87.29it/s, S=0.7999, loss=-0.6849]
Epoch 143/150 [train]:  35%|███▍      | 9/26 [00:00<00:00, 87.29it/s, S=0.7972, loss=-0.6819]
Epoch 143/150 [train]:  35%|███▍      | 9/26 [00:00<00:00, 87.29it/s, S=0.7896, loss=-0.6707]
Epoch 143/150 [train]:  35%|███▍      | 9/26 [00:00<00:00, 87.29it/s, S=0.7934, loss=-0.6810]
Epoch 143/150 [train]:  35%|███▍      | 9/26 [00:00<00:00, 87.29it/s, S=0.7890, loss=-0.6667]
Epoch 143/150 [train]:  35%|███▍      | 9/26 [00:00<00:00, 87.29it/s, S=0.8144, loss=-0.7005]
Epoch 143/150 [train]:  35%|███▍      | 9/26 [00:00<00:00, 87.29it/s, S=0.8028, loss=-0.6879]
Epoch 143/150 [train]:  35%|███▍      | 9/26 [00:00<00:00, 87.29it/s, S=0.8046, loss=-0.6869]
Epoch 143/150 [train]:  35%|███▍      | 9/26 [00:00<00:00, 87.29it/s, S=0.8150, loss=-0.6940]
Epoch 143/150 [train]:  69%|██████▉   | 18/26 [00:00<00:00, 87.62it/s, S=0.8150, loss=-0.6940]
Epoch 143/150 [train]:  69%|██████▉   | 18/26 [00:00<00:00, 87.62it/s, S=0.7882, loss=-0.6721]
Epoch 143/150 [train]:  69%|██████▉   | 18/26 [00:00<00:00, 87.62it/s, S=0.7931, loss=-0.6757]
Epoch 143/150 [train]:  69%|██████▉   | 18/26 [00:00<00:00, 87.62it/s, S=0.7870, loss=-0.6702]
Epoch 143/150 [train]:  69%|██████▉   | 18/26 [00:00<00:00, 87.62it/s, S=0.7779, loss=-0.6680]
Epoch 143/150 [train]:  69%|██████▉   | 18/26 [00:00<00:00, 87.62it/s, S=0.8029, loss=-0.6900]
Epoch 143/150 [train]:  69%|██████▉   | 18/26 [00:00<00:00, 87.62it/s, S=0.7982, loss=-0.6819]
Epoch 143/150 [train]:  69%|██████▉   | 18/26 [00:00<00:00, 87.62it/s, S=0.7978, loss=-0.6784]
Epoch 143/150 [train]:  69%|██████▉   | 18/26 [00:00<00:00, 87.62it/s, S=0.8072, loss=-0.6907]
                                                                                              
Epoch 143/150  train loss=-0.6831  val loss=-0.6440  S[mean]=0.7621  ζ=0.4477  mean_plane_ζ=0.4940  reg=0.1181  λscale=1.00  lr=9.39e-06

Epoch 144/150 [train]:   0%|          | 0/26 [00:00<?, ?it/s]
Epoch 144/150 [train]:   0%|          | 0/26 [00:00<?, ?it/s, S=0.7942, loss=-0.6710]
Epoch 144/150 [train]:   0%|          | 0/26 [00:00<?, ?it/s, S=0.7955, loss=-0.6809]
Epoch 144/150 [train]:   0%|          | 0/26 [00:00<?, ?it/s, S=0.7733, loss=-0.6572]
Epoch 144/150 [train]:   0%|          | 0/26 [00:00<?, ?it/s, S=0.8060, loss=-0.6885]
Epoch 144/150 [train]:   0%|          | 0/26 [00:00<?, ?it/s, S=0.7941, loss=-0.6713]
Epoch 144/150 [train]:   0%|          | 0/26 [00:00<?, ?it/s, S=0.8002, loss=-0.6836]
Epoch 144/150 [train]:   0%|          | 0/26 [00:00<?, ?it/s, S=0.8093, loss=-0.6928]
Epoch 144/150 [train]:   0%|          | 0/26 [00:00<?, ?it/s, S=0.8125, loss=-0.6971]
Epoch 144/150 [train]:   0%|          | 0/26 [00:00<?, ?it/s, S=0.7992, loss=-0.6794]
Epoch 144/150 [train]:  35%|███▍      | 9/26 [00:00<00:00, 86.40it/s, S=0.7992, loss=-0.6794]
Epoch 144/150 [train]:  35%|███▍      | 9/26 [00:00<00:00, 86.40it/s, S=0.8188, loss=-0.7016]
Epoch 144/150 [train]:  35%|███▍      | 9/26 [00:00<00:00, 86.40it/s, S=0.7981, loss=-0.6782]
Epoch 144/150 [train]:  35%|███▍      | 9/26 [00:00<00:00, 86.40it/s, S=0.7933, loss=-0.6702]
Epoch 144/150 [train]:  35%|███▍      | 9/26 [00:00<00:00, 86.40it/s, S=0.8139, loss=-0.6995]
Epoch 144/150 [train]:  35%|███▍      | 9/26 [00:00<00:00, 86.40it/s, S=0.8202, loss=-0.7059]
Epoch 144/150 [train]:  35%|███▍      | 9/26 [00:00<00:00, 86.40it/s, S=0.8114, loss=-0.6997]
Epoch 144/150 [train]:  35%|███▍      | 9/26 [00:00<00:00, 86.40it/s, S=0.7948, loss=-0.6816]
Epoch 144/150 [train]:  35%|███▍      | 9/26 [00:00<00:00, 86.40it/s, S=0.8167, loss=-0.6991]
Epoch 144/150 [train]:  35%|███▍      | 9/26 [00:00<00:00, 86.40it/s, S=0.7868, loss=-0.6646]
Epoch 144/150 [train]:  69%|██████▉   | 18/26 [00:00<00:00, 87.01it/s, S=0.7868, loss=-0.6646]
Epoch 144/150 [train]:  69%|██████▉   | 18/26 [00:00<00:00, 87.01it/s, S=0.7887, loss=-0.6776]
Epoch 144/150 [train]:  69%|██████▉   | 18/26 [00:00<00:00, 87.01it/s, S=0.8024, loss=-0.6897]
Epoch 144/150 [train]:  69%|██████▉   | 18/26 [00:00<00:00, 87.01it/s, S=0.8135, loss=-0.6952]
Epoch 144/150 [train]:  69%|██████▉   | 18/26 [00:00<00:00, 87.01it/s, S=0.8062, loss=-0.6930]
Epoch 144/150 [train]:  69%|██████▉   | 18/26 [00:00<00:00, 87.01it/s, S=0.7706, loss=-0.6545]
Epoch 144/150 [train]:  69%|██████▉   | 18/26 [00:00<00:00, 87.01it/s, S=0.7890, loss=-0.6742]
Epoch 144/150 [train]:  69%|██████▉   | 18/26 [00:00<00:00, 87.01it/s, S=0.8003, loss=-0.6805]
Epoch 144/150 [train]:  69%|██████▉   | 18/26 [00:00<00:00, 87.01it/s, S=0.8094, loss=-0.6932]
                                                                                              
Epoch 144/150  train loss=-0.6838  val loss=-0.6440  S[mean]=0.7621  ζ=0.4476  mean_plane_ζ=0.4939  reg=0.1181  λscale=1.00  lr=6.91e-06

Epoch 145/150 [train]:   0%|          | 0/26 [00:00<?, ?it/s]
Epoch 145/150 [train]:   0%|          | 0/26 [00:00<?, ?it/s, S=0.7970, loss=-0.6809]
Epoch 145/150 [train]:   0%|          | 0/26 [00:00<?, ?it/s, S=0.7925, loss=-0.6743]
Epoch 145/150 [train]:   0%|          | 0/26 [00:00<?, ?it/s, S=0.7896, loss=-0.6702]
Epoch 145/150 [train]:   0%|          | 0/26 [00:00<?, ?it/s, S=0.8098, loss=-0.6972]
Epoch 145/150 [train]:   0%|          | 0/26 [00:00<?, ?it/s, S=0.8100, loss=-0.6962]
Epoch 145/150 [train]:   0%|          | 0/26 [00:00<?, ?it/s, S=0.8055, loss=-0.6905]
Epoch 145/150 [train]:   0%|          | 0/26 [00:00<?, ?it/s, S=0.8008, loss=-0.6847]
Epoch 145/150 [train]:   0%|          | 0/26 [00:00<?, ?it/s, S=0.7950, loss=-0.6793]
Epoch 145/150 [train]:   0%|          | 0/26 [00:00<?, ?it/s, S=0.8187, loss=-0.7007]
Epoch 145/150 [train]:  35%|███▍      | 9/26 [00:00<00:00, 87.11it/s, S=0.8187, loss=-0.7007]
Epoch 145/150 [train]:  35%|███▍      | 9/26 [00:00<00:00, 87.11it/s, S=0.8091, loss=-0.6956]
Epoch 145/150 [train]:  35%|███▍      | 9/26 [00:00<00:00, 87.11it/s, S=0.7902, loss=-0.6753]
Epoch 145/150 [train]:  35%|███▍      | 9/26 [00:00<00:00, 87.11it/s, S=0.7948, loss=-0.6792]
Epoch 145/150 [train]:  35%|███▍      | 9/26 [00:00<00:00, 87.11it/s, S=0.7901, loss=-0.6666]
Epoch 145/150 [train]:  35%|███▍      | 9/26 [00:00<00:00, 87.11it/s, S=0.7937, loss=-0.6816]
Epoch 145/150 [train]:  35%|███▍      | 9/26 [00:00<00:00, 87.11it/s, S=0.7879, loss=-0.6713]
Epoch 145/150 [train]:  35%|███▍      | 9/26 [00:00<00:00, 87.11it/s, S=0.7959, loss=-0.6802]
Epoch 145/150 [train]:  35%|███▍      | 9/26 [00:00<00:00, 87.11it/s, S=0.8110, loss=-0.6970]
Epoch 145/150 [train]:  35%|███▍      | 9/26 [00:00<00:00, 87.11it/s, S=0.8085, loss=-0.6885]
Epoch 145/150 [train]:  69%|██████▉   | 18/26 [00:00<00:00, 87.38it/s, S=0.8085, loss=-0.6885]
Epoch 145/150 [train]:  69%|██████▉   | 18/26 [00:00<00:00, 87.38it/s, S=0.7976, loss=-0.6836]
Epoch 145/150 [train]:  69%|██████▉   | 18/26 [00:00<00:00, 87.38it/s, S=0.8070, loss=-0.6934]
Epoch 145/150 [train]:  69%|██████▉   | 18/26 [00:00<00:00, 87.38it/s, S=0.7902, loss=-0.6747]
Epoch 145/150 [train]:  69%|██████▉   | 18/26 [00:00<00:00, 87.38it/s, S=0.8114, loss=-0.6928]
Epoch 145/150 [train]:  69%|██████▉   | 18/26 [00:00<00:00, 87.38it/s, S=0.8187, loss=-0.7016]
Epoch 145/150 [train]:  69%|██████▉   | 18/26 [00:00<00:00, 87.38it/s, S=0.8121, loss=-0.6949]
Epoch 145/150 [train]:  69%|██████▉   | 18/26 [00:00<00:00, 87.38it/s, S=0.8091, loss=-0.6976]
Epoch 145/150 [train]:  69%|██████▉   | 18/26 [00:00<00:00, 87.38it/s, S=0.7906, loss=-0.6748]
                                                                                              
Epoch 145/150  train loss=-0.6855  val loss=-0.6441  S[mean]=0.7622  ζ=0.4476  mean_plane_ζ=0.4940  reg=0.1181  λscale=1.00  lr=4.80e-06

Epoch 146/150 [train]:   0%|          | 0/26 [00:00<?, ?it/s]
Epoch 146/150 [train]:   0%|          | 0/26 [00:00<?, ?it/s, S=0.7723, loss=-0.6569]
Epoch 146/150 [train]:   0%|          | 0/26 [00:00<?, ?it/s, S=0.7986, loss=-0.6819]
Epoch 146/150 [train]:   0%|          | 0/26 [00:00<?, ?it/s, S=0.8102, loss=-0.6924]
Epoch 146/150 [train]:   0%|          | 0/26 [00:00<?, ?it/s, S=0.8071, loss=-0.6928]
Epoch 146/150 [train]:   0%|          | 0/26 [00:00<?, ?it/s, S=0.7941, loss=-0.6777]
Epoch 146/150 [train]:   0%|          | 0/26 [00:00<?, ?it/s, S=0.8003, loss=-0.6878]
Epoch 146/150 [train]:   0%|          | 0/26 [00:00<?, ?it/s, S=0.7986, loss=-0.6802]
Epoch 146/150 [train]:   0%|          | 0/26 [00:00<?, ?it/s, S=0.8092, loss=-0.6905]
Epoch 146/150 [train]:   0%|          | 0/26 [00:00<?, ?it/s, S=0.7997, loss=-0.6860]
Epoch 146/150 [train]:  35%|███▍      | 9/26 [00:00<00:00, 87.14it/s, S=0.7997, loss=-0.6860]
Epoch 146/150 [train]:  35%|███▍      | 9/26 [00:00<00:00, 87.14it/s, S=0.8117, loss=-0.6906]
Epoch 146/150 [train]:  35%|███▍      | 9/26 [00:00<00:00, 87.14it/s, S=0.8112, loss=-0.6943]
Epoch 146/150 [train]:  35%|███▍      | 9/26 [00:00<00:00, 87.14it/s, S=0.7996, loss=-0.6731]
Epoch 146/150 [train]:  35%|███▍      | 9/26 [00:00<00:00, 87.14it/s, S=0.8153, loss=-0.7022]
Epoch 146/150 [train]:  35%|███▍      | 9/26 [00:00<00:00, 87.14it/s, S=0.7990, loss=-0.6852]
Epoch 146/150 [train]:  35%|███▍      | 9/26 [00:00<00:00, 87.14it/s, S=0.7953, loss=-0.6761]
Epoch 146/150 [train]:  35%|███▍      | 9/26 [00:00<00:00, 87.14it/s, S=0.8222, loss=-0.7067]
Epoch 146/150 [train]:  35%|███▍      | 9/26 [00:00<00:00, 87.14it/s, S=0.8007, loss=-0.6834]
Epoch 146/150 [train]:  35%|███▍      | 9/26 [00:00<00:00, 87.14it/s, S=0.8078, loss=-0.6937]
Epoch 146/150 [train]:  69%|██████▉   | 18/26 [00:00<00:00, 87.41it/s, S=0.8078, loss=-0.6937]
Epoch 146/150 [train]:  69%|██████▉   | 18/26 [00:00<00:00, 87.41it/s, S=0.8117, loss=-0.6914]
Epoch 146/150 [train]:  69%|██████▉   | 18/26 [00:00<00:00, 87.41it/s, S=0.7894, loss=-0.6716]
Epoch 146/150 [train]:  69%|██████▉   | 18/26 [00:00<00:00, 87.41it/s, S=0.7815, loss=-0.6611]
Epoch 146/150 [train]:  69%|██████▉   | 18/26 [00:00<00:00, 87.41it/s, S=0.8047, loss=-0.6914]
Epoch 146/150 [train]:  69%|██████▉   | 18/26 [00:00<00:00, 87.41it/s, S=0.7941, loss=-0.6833]
Epoch 146/150 [train]:  69%|██████▉   | 18/26 [00:00<00:00, 87.41it/s, S=0.7859, loss=-0.6721]
Epoch 146/150 [train]:  69%|██████▉   | 18/26 [00:00<00:00, 87.41it/s, S=0.8080, loss=-0.6950]
Epoch 146/150 [train]:  69%|██████▉   | 18/26 [00:00<00:00, 87.41it/s, S=0.7967, loss=-0.6779]
                                                                                              
Epoch 146/150  train loss=-0.6844  val loss=-0.6441  S[mean]=0.7623  ζ=0.4476  mean_plane_ζ=0.4940  reg=0.1181  λscale=1.00  lr=3.08e-06

Epoch 147/150 [train]:   0%|          | 0/26 [00:00<?, ?it/s]
Epoch 147/150 [train]:   0%|          | 0/26 [00:00<?, ?it/s, S=0.7917, loss=-0.6701]
Epoch 147/150 [train]:   0%|          | 0/26 [00:00<?, ?it/s, S=0.8184, loss=-0.7041]
Epoch 147/150 [train]:   0%|          | 0/26 [00:00<?, ?it/s, S=0.7854, loss=-0.6613]
Epoch 147/150 [train]:   0%|          | 0/26 [00:00<?, ?it/s, S=0.8007, loss=-0.6891]
Epoch 147/150 [train]:   0%|          | 0/26 [00:00<?, ?it/s, S=0.8188, loss=-0.7056]
Epoch 147/150 [train]:   0%|          | 0/26 [00:00<?, ?it/s, S=0.7951, loss=-0.6755]
Epoch 147/150 [train]:   0%|          | 0/26 [00:00<?, ?it/s, S=0.7954, loss=-0.6833]
Epoch 147/150 [train]:   0%|          | 0/26 [00:00<?, ?it/s, S=0.7935, loss=-0.6775]
Epoch 147/150 [train]:   0%|          | 0/26 [00:00<?, ?it/s, S=0.8031, loss=-0.6843]
Epoch 147/150 [train]:  35%|███▍      | 9/26 [00:00<00:00, 86.99it/s, S=0.8031, loss=-0.6843]
Epoch 147/150 [train]:  35%|███▍      | 9/26 [00:00<00:00, 86.99it/s, S=0.7781, loss=-0.6616]
Epoch 147/150 [train]:  35%|███▍      | 9/26 [00:00<00:00, 86.99it/s, S=0.7956, loss=-0.6805]
Epoch 147/150 [train]:  35%|███▍      | 9/26 [00:00<00:00, 86.99it/s, S=0.8050, loss=-0.6925]
Epoch 147/150 [train]:  35%|███▍      | 9/26 [00:00<00:00, 86.99it/s, S=0.8002, loss=-0.6879]
Epoch 147/150 [train]:  35%|███▍      | 9/26 [00:00<00:00, 86.99it/s, S=0.8049, loss=-0.6857]
Epoch 147/150 [train]:  35%|███▍      | 9/26 [00:00<00:00, 86.99it/s, S=0.7919, loss=-0.6782]
Epoch 147/150 [train]:  35%|███▍      | 9/26 [00:00<00:00, 86.99it/s, S=0.8030, loss=-0.6902]
Epoch 147/150 [train]:  35%|███▍      | 9/26 [00:00<00:00, 86.99it/s, S=0.8166, loss=-0.7033]
Epoch 147/150 [train]:  35%|███▍      | 9/26 [00:00<00:00, 86.99it/s, S=0.7847, loss=-0.6650]
Epoch 147/150 [train]:  69%|██████▉   | 18/26 [00:00<00:00, 87.30it/s, S=0.7847, loss=-0.6650]
Epoch 147/150 [train]:  69%|██████▉   | 18/26 [00:00<00:00, 87.30it/s, S=0.7995, loss=-0.6885]
Epoch 147/150 [train]:  69%|██████▉   | 18/26 [00:00<00:00, 87.30it/s, S=0.8146, loss=-0.6980]
Epoch 147/150 [train]:  69%|██████▉   | 18/26 [00:00<00:00, 87.30it/s, S=0.7924, loss=-0.6768]
Epoch 147/150 [train]:  69%|██████▉   | 18/26 [00:00<00:00, 87.30it/s, S=0.7972, loss=-0.6737]
Epoch 147/150 [train]:  69%|██████▉   | 18/26 [00:00<00:00, 87.30it/s, S=0.8110, loss=-0.6909]
Epoch 147/150 [train]:  69%|██████▉   | 18/26 [00:00<00:00, 87.30it/s, S=0.8158, loss=-0.7026]
Epoch 147/150 [train]:  69%|██████▉   | 18/26 [00:00<00:00, 87.30it/s, S=0.7862, loss=-0.6720]
Epoch 147/150 [train]:  69%|██████▉   | 18/26 [00:00<00:00, 87.30it/s, S=0.8168, loss=-0.6988]
                                                                                              
Epoch 147/150  train loss=-0.6845  val loss=-0.6441  S[mean]=0.7623  ζ=0.4476  mean_plane_ζ=0.4940  reg=0.1181  λscale=1.00  lr=1.73e-06

Epoch 148/150 [train]:   0%|          | 0/26 [00:00<?, ?it/s]
Epoch 148/150 [train]:   0%|          | 0/26 [00:00<?, ?it/s, S=0.8076, loss=-0.6914]
Epoch 148/150 [train]:   0%|          | 0/26 [00:00<?, ?it/s, S=0.7921, loss=-0.6770]
Epoch 148/150 [train]:   0%|          | 0/26 [00:00<?, ?it/s, S=0.8128, loss=-0.6995]
Epoch 148/150 [train]:   0%|          | 0/26 [00:00<?, ?it/s, S=0.7999, loss=-0.6866]
Epoch 148/150 [train]:   0%|          | 0/26 [00:00<?, ?it/s, S=0.8014, loss=-0.6864]
Epoch 148/150 [train]:   0%|          | 0/26 [00:00<?, ?it/s, S=0.7882, loss=-0.6720]
Epoch 148/150 [train]:   0%|          | 0/26 [00:00<?, ?it/s, S=0.8098, loss=-0.6928]
Epoch 148/150 [train]:   0%|          | 0/26 [00:00<?, ?it/s, S=0.7989, loss=-0.6858]
Epoch 148/150 [train]:   0%|          | 0/26 [00:00<?, ?it/s, S=0.8088, loss=-0.6964]
Epoch 148/150 [train]:  35%|███▍      | 9/26 [00:00<00:00, 86.66it/s, S=0.8088, loss=-0.6964]
Epoch 148/150 [train]:  35%|███▍      | 9/26 [00:00<00:00, 86.66it/s, S=0.7876, loss=-0.6695]
Epoch 148/150 [train]:  35%|███▍      | 9/26 [00:00<00:00, 86.66it/s, S=0.7839, loss=-0.6704]
Epoch 148/150 [train]:  35%|███▍      | 9/26 [00:00<00:00, 86.66it/s, S=0.8105, loss=-0.6963]
Epoch 148/150 [train]:  35%|███▍      | 9/26 [00:00<00:00, 86.66it/s, S=0.8191, loss=-0.7023]
Epoch 148/150 [train]:  35%|███▍      | 9/26 [00:00<00:00, 86.66it/s, S=0.8110, loss=-0.6941]
Epoch 148/150 [train]:  35%|███▍      | 9/26 [00:00<00:00, 86.66it/s, S=0.7778, loss=-0.6608]
Epoch 148/150 [train]:  35%|███▍      | 9/26 [00:00<00:00, 86.66it/s, S=0.7938, loss=-0.6807]
Epoch 148/150 [train]:  35%|███▍      | 9/26 [00:00<00:00, 86.66it/s, S=0.7861, loss=-0.6676]
Epoch 148/150 [train]:  35%|███▍      | 9/26 [00:00<00:00, 86.66it/s, S=0.8018, loss=-0.6855]
Epoch 148/150 [train]:  69%|██████▉   | 18/26 [00:00<00:00, 86.89it/s, S=0.8018, loss=-0.6855]
Epoch 148/150 [train]:  69%|██████▉   | 18/26 [00:00<00:00, 86.89it/s, S=0.7948, loss=-0.6808]
Epoch 148/150 [train]:  69%|██████▉   | 18/26 [00:00<00:00, 86.89it/s, S=0.7853, loss=-0.6632]
Epoch 148/150 [train]:  69%|██████▉   | 18/26 [00:00<00:00, 86.89it/s, S=0.7902, loss=-0.6738]
Epoch 148/150 [train]:  69%|██████▉   | 18/26 [00:00<00:00, 86.89it/s, S=0.8093, loss=-0.6923]
Epoch 148/150 [train]:  69%|██████▉   | 18/26 [00:00<00:00, 86.89it/s, S=0.7847, loss=-0.6694]
Epoch 148/150 [train]:  69%|██████▉   | 18/26 [00:00<00:00, 86.89it/s, S=0.7937, loss=-0.6803]
Epoch 148/150 [train]:  69%|██████▉   | 18/26 [00:00<00:00, 86.89it/s, S=0.8160, loss=-0.6938]
Epoch 148/150 [train]:  69%|██████▉   | 18/26 [00:00<00:00, 86.89it/s, S=0.8056, loss=-0.6936]
                                                                                              
Epoch 148/150  train loss=-0.6832  val loss=-0.6442  S[mean]=0.7623  ζ=0.4476  mean_plane_ζ=0.4940  reg=0.1181  λscale=1.00  lr=7.71e-07

Epoch 149/150 [train]:   0%|          | 0/26 [00:00<?, ?it/s]
Epoch 149/150 [train]:   0%|          | 0/26 [00:00<?, ?it/s, S=0.8157, loss=-0.7022]
Epoch 149/150 [train]:   0%|          | 0/26 [00:00<?, ?it/s, S=0.8004, loss=-0.6851]
Epoch 149/150 [train]:   0%|          | 0/26 [00:00<?, ?it/s, S=0.7971, loss=-0.6798]
Epoch 149/150 [train]:   0%|          | 0/26 [00:00<?, ?it/s, S=0.8079, loss=-0.6941]
Epoch 149/150 [train]:   0%|          | 0/26 [00:00<?, ?it/s, S=0.8198, loss=-0.7038]
Epoch 149/150 [train]:   0%|          | 0/26 [00:00<?, ?it/s, S=0.8193, loss=-0.7040]
Epoch 149/150 [train]:   0%|          | 0/26 [00:00<?, ?it/s, S=0.8158, loss=-0.6846]
Epoch 149/150 [train]:   0%|          | 0/26 [00:00<?, ?it/s, S=0.8157, loss=-0.6949]
Epoch 149/150 [train]:   0%|          | 0/26 [00:00<?, ?it/s, S=0.8143, loss=-0.6981]
Epoch 149/150 [train]:  35%|███▍      | 9/26 [00:00<00:00, 87.03it/s, S=0.8143, loss=-0.6981]
Epoch 149/150 [train]:  35%|███▍      | 9/26 [00:00<00:00, 87.03it/s, S=0.7938, loss=-0.6788]
Epoch 149/150 [train]:  35%|███▍      | 9/26 [00:00<00:00, 87.03it/s, S=0.8061, loss=-0.6929]
Epoch 149/150 [train]:  35%|███▍      | 9/26 [00:00<00:00, 87.03it/s, S=0.8077, loss=-0.6921]
Epoch 149/150 [train]:  35%|███▍      | 9/26 [00:00<00:00, 87.03it/s, S=0.8196, loss=-0.7052]
Epoch 149/150 [train]:  35%|███▍      | 9/26 [00:00<00:00, 87.03it/s, S=0.8028, loss=-0.6892]
Epoch 149/150 [train]:  35%|███▍      | 9/26 [00:00<00:00, 87.03it/s, S=0.8128, loss=-0.6990]
Epoch 149/150 [train]:  35%|███▍      | 9/26 [00:00<00:00, 87.03it/s, S=0.8206, loss=-0.7075]
Epoch 149/150 [train]:  35%|███▍      | 9/26 [00:00<00:00, 87.03it/s, S=0.8039, loss=-0.6878]
Epoch 149/150 [train]:  35%|███▍      | 9/26 [00:00<00:00, 87.03it/s, S=0.7874, loss=-0.6732]
Epoch 149/150 [train]:  69%|██████▉   | 18/26 [00:00<00:00, 87.20it/s, S=0.7874, loss=-0.6732]
Epoch 149/150 [train]:  69%|██████▉   | 18/26 [00:00<00:00, 87.20it/s, S=0.8048, loss=-0.6842]
Epoch 149/150 [train]:  69%|██████▉   | 18/26 [00:00<00:00, 87.20it/s, S=0.8109, loss=-0.6991]
Epoch 149/150 [train]:  69%|██████▉   | 18/26 [00:00<00:00, 87.20it/s, S=0.7867, loss=-0.6736]
Epoch 149/150 [train]:  69%|██████▉   | 18/26 [00:00<00:00, 87.20it/s, S=0.7847, loss=-0.6582]
Epoch 149/150 [train]:  69%|██████▉   | 18/26 [00:00<00:00, 87.20it/s, S=0.7893, loss=-0.6762]
Epoch 149/150 [train]:  69%|██████▉   | 18/26 [00:00<00:00, 87.20it/s, S=0.7822, loss=-0.6626]
Epoch 149/150 [train]:  69%|██████▉   | 18/26 [00:00<00:00, 87.20it/s, S=0.7939, loss=-0.6739]
Epoch 149/150 [train]:  69%|██████▉   | 18/26 [00:00<00:00, 87.20it/s, S=0.7967, loss=-0.6758]
                                                                                              
Epoch 149/150  train loss=-0.6875  val loss=-0.6442  S[mean]=0.7623  ζ=0.4476  mean_plane_ζ=0.4940  reg=0.1181  λscale=1.00  lr=1.93e-07

Epoch 150/150 [train]:   0%|          | 0/26 [00:00<?, ?it/s]
Epoch 150/150 [train]:   0%|          | 0/26 [00:00<?, ?it/s, S=0.8127, loss=-0.6932]
Epoch 150/150 [train]:   0%|          | 0/26 [00:00<?, ?it/s, S=0.7941, loss=-0.6821]
Epoch 150/150 [train]:   0%|          | 0/26 [00:00<?, ?it/s, S=0.8140, loss=-0.7030]
Epoch 150/150 [train]:   0%|          | 0/26 [00:00<?, ?it/s, S=0.8094, loss=-0.6886]
Epoch 150/150 [train]:   0%|          | 0/26 [00:00<?, ?it/s, S=0.7854, loss=-0.6673]
Epoch 150/150 [train]:   0%|          | 0/26 [00:00<?, ?it/s, S=0.8126, loss=-0.6917]
Epoch 150/150 [train]:   0%|          | 0/26 [00:00<?, ?it/s, S=0.7821, loss=-0.6630]
Epoch 150/150 [train]:   0%|          | 0/26 [00:00<?, ?it/s, S=0.7999, loss=-0.6837]
Epoch 150/150 [train]:   0%|          | 0/26 [00:00<?, ?it/s, S=0.8072, loss=-0.6923]
Epoch 150/150 [train]:  35%|███▍      | 9/26 [00:00<00:00, 86.97it/s, S=0.8072, loss=-0.6923]
Epoch 150/150 [train]:  35%|███▍      | 9/26 [00:00<00:00, 86.97it/s, S=0.7947, loss=-0.6802]
Epoch 150/150 [train]:  35%|███▍      | 9/26 [00:00<00:00, 86.97it/s, S=0.8062, loss=-0.6895]
Epoch 150/150 [train]:  35%|███▍      | 9/26 [00:00<00:00, 86.97it/s, S=0.7955, loss=-0.6717]
Epoch 150/150 [train]:  35%|███▍      | 9/26 [00:00<00:00, 86.97it/s, S=0.8140, loss=-0.6973]
Epoch 150/150 [train]:  35%|███▍      | 9/26 [00:00<00:00, 86.97it/s, S=0.8024, loss=-0.6854]
Epoch 150/150 [train]:  35%|███▍      | 9/26 [00:00<00:00, 86.97it/s, S=0.8101, loss=-0.6958]
Epoch 150/150 [train]:  35%|███▍      | 9/26 [00:00<00:00, 86.97it/s, S=0.8084, loss=-0.6920]
Epoch 150/150 [train]:  35%|███▍      | 9/26 [00:00<00:00, 86.97it/s, S=0.8109, loss=-0.6939]
Epoch 150/150 [train]:  35%|███▍      | 9/26 [00:00<00:00, 86.97it/s, S=0.7876, loss=-0.6722]
Epoch 150/150 [train]:  69%|██████▉   | 18/26 [00:00<00:00, 87.28it/s, S=0.7876, loss=-0.6722]
Epoch 150/150 [train]:  69%|██████▉   | 18/26 [00:00<00:00, 87.28it/s, S=0.7919, loss=-0.6807]
Epoch 150/150 [train]:  69%|██████▉   | 18/26 [00:00<00:00, 87.28it/s, S=0.7998, loss=-0.6827]
Epoch 150/150 [train]:  69%|██████▉   | 18/26 [00:00<00:00, 87.28it/s, S=0.8093, loss=-0.6908]
Epoch 150/150 [train]:  69%|██████▉   | 18/26 [00:00<00:00, 87.28it/s, S=0.8049, loss=-0.6922]
Epoch 150/150 [train]:  69%|██████▉   | 18/26 [00:00<00:00, 87.28it/s, S=0.8093, loss=-0.6944]
Epoch 150/150 [train]:  69%|██████▉   | 18/26 [00:00<00:00, 87.28it/s, S=0.8133, loss=-0.6915]
Epoch 150/150 [train]:  69%|██████▉   | 18/26 [00:00<00:00, 87.28it/s, S=0.8145, loss=-0.7003]
Epoch 150/150 [train]:  69%|██████▉   | 18/26 [00:00<00:00, 87.28it/s, S=0.7948, loss=-0.6830]
                                                                                              
Epoch 150/150  train loss=-0.6869  val loss=-0.6442  S[mean]=0.7623  ζ=0.4476  mean_plane_ζ=0.4940  reg=0.1181  λscale=1.00  lr=5.00e-04

==================================================
Training complete
  Final train loss    : -0.6869
  Best val ζ          : 0.4476
  Val loss at best ζ  : -0.6442
  Wall-clock time     : 115.4 s  (1.9 min)
  Checkpoint          : /home/omo26/Non-Rev-Owen/mcmaze/runs/20260730_172358_d128_h256_dep2_bs64_ep150_lr5e-04_lxp0.0_lbt0.0_lcca1.0_sig10.0_s1/checkpoints/best.pt
  Loss curve          : '/home/omo26/Non-Rev-Owen/mcmaze/runs/20260730_172358_d128_h256_dep2_bs64_ep150_lr5e-04_lxp0.0_lbt0.0_lcca1.0_sig10.0_s1/outputs/loss_curve.png'
==================================================

Skipping diagnostic plots because SKIP_DIAGNOSTICS=1.
Appended best-model val metrics → /home/omo26/Non-Rev-Owen/mcmaze/runs/20260730_172358_d128_h256_dep2_bs64_ep150_lr5e-04_lxp0.0_lbt0.0_lcca1.0_sig10.0_s1/about.txt
