Run directory: /home/omo26/Non-Rev-Owen/mcmaze/runs/20260730_181258_d128_h256_dep2_bs64_ep150_lr5e-04_lxp0.0_lbt0.0_lcca5.0_sig10.0_s4
Seed set to: 4
Loading MC_Maze data …
  Channels: 137  |  Bin width: 10 ms  |  Trials: 2295
  Gaussian smoothing sigma: 10.0 ms = 1 bins
  Soft-normalising per neuron (method='churchland')
Windowing (trial_aligned, align=move_onset_time, pre=200ms, T=90, context=30) …
  Windows shape: (2295, 137, 150)  (K, N, T)
  Train: 1722  |  Val: 573  (random 25%)
Model parameters: 345,960

Starting training for 150 epochs …


Epoch 1/150 [train]:   0%|          | 0/26 [00:00<?, ?it/s]
Epoch 1/150 [train]:   0%|          | 0/26 [00:00<?, ?it/s, S=0.0159, loss=0.0438]
Epoch 1/150 [train]:   4%|▍         | 1/26 [00:00<00:06,  4.02it/s, S=0.0159, loss=0.0438]
Epoch 1/150 [train]:   4%|▍         | 1/26 [00:00<00:06,  4.02it/s, S=0.0157, loss=0.0276]
Epoch 1/150 [train]:   4%|▍         | 1/26 [00:00<00:06,  4.02it/s, S=0.0154, loss=0.0188]
Epoch 1/150 [train]:   4%|▍         | 1/26 [00:00<00:06,  4.02it/s, S=0.0152, loss=0.0122]
Epoch 1/150 [train]:   4%|▍         | 1/26 [00:00<00:06,  4.02it/s, S=0.0154, loss=0.0068]
Epoch 1/150 [train]:   4%|▍         | 1/26 [00:00<00:06,  4.02it/s, S=0.0153, loss=0.0048]
Epoch 1/150 [train]:   4%|▍         | 1/26 [00:00<00:06,  4.02it/s, S=0.0152, loss=0.0021]
Epoch 1/150 [train]:   4%|▍         | 1/26 [00:00<00:06,  4.02it/s, S=0.0152, loss=0.0003]
Epoch 1/150 [train]:   4%|▍         | 1/26 [00:00<00:06,  4.02it/s, S=0.0153, loss=-0.0012]
Epoch 1/150 [train]:  35%|███▍      | 9/26 [00:00<00:00, 31.69it/s, S=0.0153, loss=-0.0012]
Epoch 1/150 [train]:  35%|███▍      | 9/26 [00:00<00:00, 31.69it/s, S=0.0155, loss=-0.0021]
Epoch 1/150 [train]:  35%|███▍      | 9/26 [00:00<00:00, 31.69it/s, S=0.0154, loss=-0.0029]
Epoch 1/150 [train]:  35%|███▍      | 9/26 [00:00<00:00, 31.69it/s, S=0.0154, loss=-0.0040]
Epoch 1/150 [train]:  35%|███▍      | 9/26 [00:00<00:00, 31.69it/s, S=0.0153, loss=-0.0044]
Epoch 1/150 [train]:  35%|███▍      | 9/26 [00:00<00:00, 31.69it/s, S=0.0154, loss=-0.0051]
Epoch 1/150 [train]:  35%|███▍      | 9/26 [00:00<00:00, 31.69it/s, S=0.0153, loss=-0.0054]
Epoch 1/150 [train]:  35%|███▍      | 9/26 [00:00<00:00, 31.69it/s, S=0.0153, loss=-0.0056]
Epoch 1/150 [train]:  35%|███▍      | 9/26 [00:00<00:00, 31.69it/s, S=0.0153, loss=-0.0055]
Epoch 1/150 [train]:  35%|███▍      | 9/26 [00:00<00:00, 31.69it/s, S=0.0153, loss=-0.0062]
Epoch 1/150 [train]:  69%|██████▉   | 18/26 [00:00<00:00, 50.50it/s, S=0.0153, loss=-0.0062]
Epoch 1/150 [train]:  69%|██████▉   | 18/26 [00:00<00:00, 50.50it/s, S=0.0154, loss=-0.0061]
Epoch 1/150 [train]:  69%|██████▉   | 18/26 [00:00<00:00, 50.50it/s, S=0.0154, loss=-0.0061]
Epoch 1/150 [train]:  69%|██████▉   | 18/26 [00:00<00:00, 50.50it/s, S=0.0153, loss=-0.0059]
Epoch 1/150 [train]:  69%|██████▉   | 18/26 [00:00<00:00, 50.50it/s, S=0.0155, loss=-0.0062]
Epoch 1/150 [train]:  69%|██████▉   | 18/26 [00:00<00:00, 50.50it/s, S=0.0154, loss=-0.0064]
Epoch 1/150 [train]:  69%|██████▉   | 18/26 [00:00<00:00, 50.50it/s, S=0.0153, loss=-0.0060]
Epoch 1/150 [train]:  69%|██████▉   | 18/26 [00:00<00:00, 50.50it/s, S=0.0156, loss=-0.0067]
Epoch 1/150 [train]:  69%|██████▉   | 18/26 [00:00<00:00, 50.50it/s, S=0.0156, loss=-0.0068]
                                                                                            
Epoch   1/150  train loss=0.0009  val loss=-0.0052  S[mean]=0.0155  ζ=0.1500  mean_plane_ζ=0.1504  reg=0.0103  λscale=1.00  lr=4.88e-04
Saved val-mean plane ζ checkpoint val_mean_plane_zeta_0.1.pt: threshold=0.1 epoch=1 val_mean_plane_zeta=0.1504

Epoch 2/150 [train]:   0%|          | 0/26 [00:00<?, ?it/s]
Epoch 2/150 [train]:   0%|          | 0/26 [00:00<?, ?it/s, S=0.0155, loss=-0.0072]
Epoch 2/150 [train]:   0%|          | 0/26 [00:00<?, ?it/s, S=0.0155, loss=-0.0066]
Epoch 2/150 [train]:   0%|          | 0/26 [00:00<?, ?it/s, S=0.0153, loss=-0.0069]
Epoch 2/150 [train]:   0%|          | 0/26 [00:00<?, ?it/s, S=0.0154, loss=-0.0069]
Epoch 2/150 [train]:   0%|          | 0/26 [00:00<?, ?it/s, S=0.0153, loss=-0.0071]
Epoch 2/150 [train]:   0%|          | 0/26 [00:00<?, ?it/s, S=0.0154, loss=-0.0072]
Epoch 2/150 [train]:   0%|          | 0/26 [00:00<?, ?it/s, S=0.0156, loss=-0.0077]
Epoch 2/150 [train]:   0%|          | 0/26 [00:00<?, ?it/s, S=0.0154, loss=-0.0075]
Epoch 2/150 [train]:   0%|          | 0/26 [00:00<?, ?it/s, S=0.0154, loss=-0.0080]
Epoch 2/150 [train]:  35%|███▍      | 9/26 [00:00<00:00, 86.44it/s, S=0.0154, loss=-0.0080]
Epoch 2/150 [train]:  35%|███▍      | 9/26 [00:00<00:00, 86.44it/s, S=0.0155, loss=-0.0079]
Epoch 2/150 [train]:  35%|███▍      | 9/26 [00:00<00:00, 86.44it/s, S=0.0155, loss=-0.0079]
Epoch 2/150 [train]:  35%|███▍      | 9/26 [00:00<00:00, 86.44it/s, S=0.0153, loss=-0.0077]
Epoch 2/150 [train]:  35%|███▍      | 9/26 [00:00<00:00, 86.44it/s, S=0.0154, loss=-0.0078]
Epoch 2/150 [train]:  35%|███▍      | 9/26 [00:00<00:00, 86.44it/s, S=0.0155, loss=-0.0080]
Epoch 2/150 [train]:  35%|███▍      | 9/26 [00:00<00:00, 86.44it/s, S=0.0155, loss=-0.0079]
Epoch 2/150 [train]:  35%|███▍      | 9/26 [00:00<00:00, 86.44it/s, S=0.0157, loss=-0.0081]
Epoch 2/150 [train]:  35%|███▍      | 9/26 [00:00<00:00, 86.44it/s, S=0.0154, loss=-0.0078]
Epoch 2/150 [train]:  35%|███▍      | 9/26 [00:00<00:00, 86.44it/s, S=0.0156, loss=-0.0085]
Epoch 2/150 [train]:  69%|██████▉   | 18/26 [00:00<00:00, 86.81it/s, S=0.0156, loss=-0.0085]
Epoch 2/150 [train]:  69%|██████▉   | 18/26 [00:00<00:00, 86.81it/s, S=0.0155, loss=-0.0080]
Epoch 2/150 [train]:  69%|██████▉   | 18/26 [00:00<00:00, 86.81it/s, S=0.0153, loss=-0.0081]
Epoch 2/150 [train]:  69%|██████▉   | 18/26 [00:00<00:00, 86.81it/s, S=0.0154, loss=-0.0080]
Epoch 2/150 [train]:  69%|██████▉   | 18/26 [00:00<00:00, 86.81it/s, S=0.0154, loss=-0.0080]
Epoch 2/150 [train]:  69%|██████▉   | 18/26 [00:00<00:00, 86.81it/s, S=0.0154, loss=-0.0083]
Epoch 2/150 [train]:  69%|██████▉   | 18/26 [00:00<00:00, 86.81it/s, S=0.0155, loss=-0.0082]
Epoch 2/150 [train]:  69%|██████▉   | 18/26 [00:00<00:00, 86.81it/s, S=0.0154, loss=-0.0082]
Epoch 2/150 [train]:  69%|██████▉   | 18/26 [00:00<00:00, 86.81it/s, S=0.0155, loss=-0.0081]
                                                                                            
Epoch   2/150  train loss=-0.0078  val loss=-0.0069  S[mean]=0.0157  ζ=0.1542  mean_plane_ζ=0.1544  reg=0.0088  λscale=1.00  lr=4.52e-04

Epoch 3/150 [train]:   0%|          | 0/26 [00:00<?, ?it/s]
Epoch 3/150 [train]:   0%|          | 0/26 [00:00<?, ?it/s, S=0.0154, loss=-0.0083]
Epoch 3/150 [train]:   0%|          | 0/26 [00:00<?, ?it/s, S=0.0154, loss=-0.0084]
Epoch 3/150 [train]:   0%|          | 0/26 [00:00<?, ?it/s, S=0.0156, loss=-0.0086]
Epoch 3/150 [train]:   0%|          | 0/26 [00:00<?, ?it/s, S=0.0156, loss=-0.0084]
Epoch 3/150 [train]:   0%|          | 0/26 [00:00<?, ?it/s, S=0.0154, loss=-0.0084]
Epoch 3/150 [train]:   0%|          | 0/26 [00:00<?, ?it/s, S=0.0155, loss=-0.0084]
Epoch 3/150 [train]:   0%|          | 0/26 [00:00<?, ?it/s, S=0.0156, loss=-0.0085]
Epoch 3/150 [train]:   0%|          | 0/26 [00:00<?, ?it/s, S=0.0155, loss=-0.0085]
Epoch 3/150 [train]:   0%|          | 0/26 [00:00<?, ?it/s, S=0.0157, loss=-0.0087]
Epoch 3/150 [train]:  35%|███▍      | 9/26 [00:00<00:00, 86.41it/s, S=0.0157, loss=-0.0087]
Epoch 3/150 [train]:  35%|███▍      | 9/26 [00:00<00:00, 86.41it/s, S=0.0156, loss=-0.0084]
Epoch 3/150 [train]:  35%|███▍      | 9/26 [00:00<00:00, 86.41it/s, S=0.0156, loss=-0.0086]
Epoch 3/150 [train]:  35%|███▍      | 9/26 [00:00<00:00, 86.41it/s, S=0.0156, loss=-0.0087]
Epoch 3/150 [train]:  35%|███▍      | 9/26 [00:00<00:00, 86.41it/s, S=0.0156, loss=-0.0084]
Epoch 3/150 [train]:  35%|███▍      | 9/26 [00:00<00:00, 86.41it/s, S=0.0158, loss=-0.0083]
Epoch 3/150 [train]:  35%|███▍      | 9/26 [00:00<00:00, 86.41it/s, S=0.0158, loss=-0.0088]
Epoch 3/150 [train]:  35%|███▍      | 9/26 [00:00<00:00, 86.41it/s, S=0.0157, loss=-0.0088]
Epoch 3/150 [train]:  35%|███▍      | 9/26 [00:00<00:00, 86.41it/s, S=0.0156, loss=-0.0086]
Epoch 3/150 [train]:  35%|███▍      | 9/26 [00:00<00:00, 86.41it/s, S=0.0158, loss=-0.0089]
Epoch 3/150 [train]:  69%|██████▉   | 18/26 [00:00<00:00, 86.63it/s, S=0.0158, loss=-0.0089]
Epoch 3/150 [train]:  69%|██████▉   | 18/26 [00:00<00:00, 86.63it/s, S=0.0159, loss=-0.0088]
Epoch 3/150 [train]:  69%|██████▉   | 18/26 [00:00<00:00, 86.63it/s, S=0.0156, loss=-0.0084]
Epoch 3/150 [train]:  69%|██████▉   | 18/26 [00:00<00:00, 86.63it/s, S=0.0160, loss=-0.0089]
Epoch 3/150 [train]:  69%|██████▉   | 18/26 [00:00<00:00, 86.63it/s, S=0.0161, loss=-0.0091]
Epoch 3/150 [train]:  69%|██████▉   | 18/26 [00:00<00:00, 86.63it/s, S=0.0159, loss=-0.0088]
Epoch 3/150 [train]:  69%|██████▉   | 18/26 [00:00<00:00, 86.63it/s, S=0.0163, loss=-0.0091]
Epoch 3/150 [train]:  69%|██████▉   | 18/26 [00:00<00:00, 86.63it/s, S=0.0163, loss=-0.0093]
Epoch 3/150 [train]:  69%|██████▉   | 18/26 [00:00<00:00, 86.63it/s, S=0.0167, loss=-0.0094]
                                                                                            
Epoch   3/150  train loss=-0.0087  val loss=-0.0086  S[mean]=0.0174  ζ=0.1648  mean_plane_ζ=0.1601  reg=0.0087  λscale=1.00  lr=3.97e-04

Epoch 4/150 [train]:   0%|          | 0/26 [00:00<?, ?it/s]
Epoch 4/150 [train]:   0%|          | 0/26 [00:00<?, ?it/s, S=0.0165, loss=-0.0096]
Epoch 4/150 [train]:   0%|          | 0/26 [00:00<?, ?it/s, S=0.0166, loss=-0.0096]
Epoch 4/150 [train]:   0%|          | 0/26 [00:00<?, ?it/s, S=0.0170, loss=-0.0096]
Epoch 4/150 [train]:   0%|          | 0/26 [00:00<?, ?it/s, S=0.0168, loss=-0.0100]
Epoch 4/150 [train]:   0%|          | 0/26 [00:00<?, ?it/s, S=0.0175, loss=-0.0103]
Epoch 4/150 [train]:   0%|          | 0/26 [00:00<?, ?it/s, S=0.0178, loss=-0.0109]
Epoch 4/150 [train]:   0%|          | 0/26 [00:00<?, ?it/s, S=0.0179, loss=-0.0111]
Epoch 4/150 [train]:   0%|          | 0/26 [00:00<?, ?it/s, S=0.0190, loss=-0.0117]
Epoch 4/150 [train]:   0%|          | 0/26 [00:00<?, ?it/s, S=0.0186, loss=-0.0113]
Epoch 4/150 [train]:  35%|███▍      | 9/26 [00:00<00:00, 86.60it/s, S=0.0186, loss=-0.0113]
Epoch 4/150 [train]:  35%|███▍      | 9/26 [00:00<00:00, 86.60it/s, S=0.0187, loss=-0.0114]
Epoch 4/150 [train]:  35%|███▍      | 9/26 [00:00<00:00, 86.60it/s, S=0.0190, loss=-0.0115]
Epoch 4/150 [train]:  35%|███▍      | 9/26 [00:00<00:00, 86.60it/s, S=0.0196, loss=-0.0123]
Epoch 4/150 [train]:  35%|███▍      | 9/26 [00:00<00:00, 86.60it/s, S=0.0210, loss=-0.0136]
Epoch 4/150 [train]:  35%|███▍      | 9/26 [00:00<00:00, 86.60it/s, S=0.0208, loss=-0.0134]
Epoch 4/150 [train]:  35%|███▍      | 9/26 [00:00<00:00, 86.60it/s, S=0.0209, loss=-0.0134]
Epoch 4/150 [train]:  35%|███▍      | 9/26 [00:00<00:00, 86.60it/s, S=0.0220, loss=-0.0145]
Epoch 4/150 [train]:  35%|███▍      | 9/26 [00:00<00:00, 86.60it/s, S=0.0222, loss=-0.0146]
Epoch 4/150 [train]:  35%|███▍      | 9/26 [00:00<00:00, 86.60it/s, S=0.0238, loss=-0.0161]
Epoch 4/150 [train]:  69%|██████▉   | 18/26 [00:00<00:00, 86.83it/s, S=0.0238, loss=-0.0161]
Epoch 4/150 [train]:  69%|██████▉   | 18/26 [00:00<00:00, 86.83it/s, S=0.0227, loss=-0.0152]
Epoch 4/150 [train]:  69%|██████▉   | 18/26 [00:00<00:00, 86.83it/s, S=0.0247, loss=-0.0173]
Epoch 4/150 [train]:  69%|██████▉   | 18/26 [00:00<00:00, 86.83it/s, S=0.0235, loss=-0.0161]
Epoch 4/150 [train]:  69%|██████▉   | 18/26 [00:00<00:00, 86.83it/s, S=0.0250, loss=-0.0177]
Epoch 4/150 [train]:  69%|██████▉   | 18/26 [00:00<00:00, 86.83it/s, S=0.0239, loss=-0.0164]
Epoch 4/150 [train]:  69%|██████▉   | 18/26 [00:00<00:00, 86.83it/s, S=0.0251, loss=-0.0176]
Epoch 4/150 [train]:  69%|██████▉   | 18/26 [00:00<00:00, 86.83it/s, S=0.0248, loss=-0.0176]
Epoch 4/150 [train]:  69%|██████▉   | 18/26 [00:00<00:00, 86.83it/s, S=0.0261, loss=-0.0184]
                                                                                            
Epoch   4/150  train loss=-0.0135  val loss=-0.0192  S[mean]=0.0284  ζ=0.2099  mean_plane_ζ=0.1629  reg=0.0092  λscale=1.00  lr=3.27e-04

Epoch 5/150 [train]:   0%|          | 0/26 [00:00<?, ?it/s]
Epoch 5/150 [train]:   0%|          | 0/26 [00:00<?, ?it/s, S=0.0255, loss=-0.0188]
Epoch 5/150 [train]:   0%|          | 0/26 [00:00<?, ?it/s, S=0.0267, loss=-0.0197]
Epoch 5/150 [train]:   0%|          | 0/26 [00:00<?, ?it/s, S=0.0271, loss=-0.0201]
Epoch 5/150 [train]:   0%|          | 0/26 [00:00<?, ?it/s, S=0.0275, loss=-0.0204]
Epoch 5/150 [train]:   0%|          | 0/26 [00:00<?, ?it/s, S=0.0278, loss=-0.0204]
Epoch 5/150 [train]:   0%|          | 0/26 [00:00<?, ?it/s, S=0.0278, loss=-0.0206]
Epoch 5/150 [train]:   0%|          | 0/26 [00:00<?, ?it/s, S=0.0291, loss=-0.0221]
Epoch 5/150 [train]:   0%|          | 0/26 [00:00<?, ?it/s, S=0.0284, loss=-0.0210]
Epoch 5/150 [train]:   0%|          | 0/26 [00:00<?, ?it/s, S=0.0292, loss=-0.0219]
Epoch 5/150 [train]:  35%|███▍      | 9/26 [00:00<00:00, 87.05it/s, S=0.0292, loss=-0.0219]
Epoch 5/150 [train]:  35%|███▍      | 9/26 [00:00<00:00, 87.05it/s, S=0.0302, loss=-0.0227]
Epoch 5/150 [train]:  35%|███▍      | 9/26 [00:00<00:00, 87.05it/s, S=0.0308, loss=-0.0231]
Epoch 5/150 [train]:  35%|███▍      | 9/26 [00:00<00:00, 87.05it/s, S=0.0307, loss=-0.0232]
Epoch 5/150 [train]:  35%|███▍      | 9/26 [00:00<00:00, 87.05it/s, S=0.0317, loss=-0.0242]
Epoch 5/150 [train]:  35%|███▍      | 9/26 [00:00<00:00, 87.05it/s, S=0.0300, loss=-0.0226]
Epoch 5/150 [train]:  35%|███▍      | 9/26 [00:00<00:00, 87.05it/s, S=0.0317, loss=-0.0242]
Epoch 5/150 [train]:  35%|███▍      | 9/26 [00:00<00:00, 87.05it/s, S=0.0314, loss=-0.0240]
Epoch 5/150 [train]:  35%|███▍      | 9/26 [00:00<00:00, 87.05it/s, S=0.0302, loss=-0.0228]
Epoch 5/150 [train]:  35%|███▍      | 9/26 [00:00<00:00, 87.05it/s, S=0.0323, loss=-0.0246]
Epoch 5/150 [train]:  69%|██████▉   | 18/26 [00:00<00:00, 86.89it/s, S=0.0323, loss=-0.0246]
Epoch 5/150 [train]:  69%|██████▉   | 18/26 [00:00<00:00, 86.89it/s, S=0.0308, loss=-0.0229]
Epoch 5/150 [train]:  69%|██████▉   | 18/26 [00:00<00:00, 86.89it/s, S=0.0331, loss=-0.0257]
Epoch 5/150 [train]:  69%|██████▉   | 18/26 [00:00<00:00, 86.89it/s, S=0.0330, loss=-0.0252]
Epoch 5/150 [train]:  69%|██████▉   | 18/26 [00:00<00:00, 86.89it/s, S=0.0328, loss=-0.0248]
Epoch 5/150 [train]:  69%|██████▉   | 18/26 [00:00<00:00, 86.89it/s, S=0.0330, loss=-0.0255]
Epoch 5/150 [train]:  69%|██████▉   | 18/26 [00:00<00:00, 86.89it/s, S=0.0340, loss=-0.0264]
Epoch 5/150 [train]:  69%|██████▉   | 18/26 [00:00<00:00, 86.89it/s, S=0.0345, loss=-0.0268]
Epoch 5/150 [train]:  69%|██████▉   | 18/26 [00:00<00:00, 86.89it/s, S=0.0348, loss=-0.0276]
                                                                                            
Epoch   5/150  train loss=-0.0231  val loss=-0.0276  S[mean]=0.0375  ζ=0.2295  mean_plane_ζ=0.1607  reg=0.0099  λscale=1.00  lr=2.50e-04

Epoch 6/150 [train]:   0%|          | 0/26 [00:00<?, ?it/s]
Epoch 6/150 [train]:   0%|          | 0/26 [00:00<?, ?it/s, S=0.0352, loss=-0.0280]
Epoch 6/150 [train]:   0%|          | 0/26 [00:00<?, ?it/s, S=0.0361, loss=-0.0288]
Epoch 6/150 [train]:   0%|          | 0/26 [00:00<?, ?it/s, S=0.0357, loss=-0.0283]
Epoch 6/150 [train]:   0%|          | 0/26 [00:00<?, ?it/s, S=0.0359, loss=-0.0280]
Epoch 6/150 [train]:   0%|          | 0/26 [00:00<?, ?it/s, S=0.0338, loss=-0.0268]
Epoch 6/150 [train]:   0%|          | 0/26 [00:00<?, ?it/s, S=0.0361, loss=-0.0289]
Epoch 6/150 [train]:   0%|          | 0/26 [00:00<?, ?it/s, S=0.0378, loss=-0.0299]
Epoch 6/150 [train]:   0%|          | 0/26 [00:00<?, ?it/s, S=0.0384, loss=-0.0306]
Epoch 6/150 [train]:   0%|          | 0/26 [00:00<?, ?it/s, S=0.0379, loss=-0.0306]
Epoch 6/150 [train]:  35%|███▍      | 9/26 [00:00<00:00, 86.45it/s, S=0.0379, loss=-0.0306]
Epoch 6/150 [train]:  35%|███▍      | 9/26 [00:00<00:00, 86.45it/s, S=0.0357, loss=-0.0274]
Epoch 6/150 [train]:  35%|███▍      | 9/26 [00:00<00:00, 86.45it/s, S=0.0378, loss=-0.0302]
Epoch 6/150 [train]:  35%|███▍      | 9/26 [00:00<00:00, 86.45it/s, S=0.0362, loss=-0.0284]
Epoch 6/150 [train]:  35%|███▍      | 9/26 [00:00<00:00, 86.45it/s, S=0.0376, loss=-0.0301]
Epoch 6/150 [train]:  35%|███▍      | 9/26 [00:00<00:00, 86.45it/s, S=0.0383, loss=-0.0308]
Epoch 6/150 [train]:  35%|███▍      | 9/26 [00:00<00:00, 86.45it/s, S=0.0372, loss=-0.0299]
Epoch 6/150 [train]:  35%|███▍      | 9/26 [00:00<00:00, 86.45it/s, S=0.0382, loss=-0.0307]
Epoch 6/150 [train]:  35%|███▍      | 9/26 [00:00<00:00, 86.45it/s, S=0.0390, loss=-0.0312]
Epoch 6/150 [train]:  35%|███▍      | 9/26 [00:00<00:00, 86.45it/s, S=0.0390, loss=-0.0314]
Epoch 6/150 [train]:  69%|██████▉   | 18/26 [00:00<00:00, 86.70it/s, S=0.0390, loss=-0.0314]
Epoch 6/150 [train]:  69%|██████▉   | 18/26 [00:00<00:00, 86.70it/s, S=0.0383, loss=-0.0306]
Epoch 6/150 [train]:  69%|██████▉   | 18/26 [00:00<00:00, 86.70it/s, S=0.0387, loss=-0.0311]
Epoch 6/150 [train]:  69%|██████▉   | 18/26 [00:00<00:00, 86.70it/s, S=0.0397, loss=-0.0318]
Epoch 6/150 [train]:  69%|██████▉   | 18/26 [00:00<00:00, 86.70it/s, S=0.0398, loss=-0.0316]
Epoch 6/150 [train]:  69%|██████▉   | 18/26 [00:00<00:00, 86.70it/s, S=0.0405, loss=-0.0328]
Epoch 6/150 [train]:  69%|██████▉   | 18/26 [00:00<00:00, 86.70it/s, S=0.0406, loss=-0.0325]
Epoch 6/150 [train]:  69%|██████▉   | 18/26 [00:00<00:00, 86.70it/s, S=0.0401, loss=-0.0320]
Epoch 6/150 [train]:  69%|██████▉   | 18/26 [00:00<00:00, 86.70it/s, S=0.0415, loss=-0.0337]
                                                                                            
Epoch   6/150  train loss=-0.0302  val loss=-0.0321  S[mean]=0.0423  ζ=0.2374  mean_plane_ζ=0.1583  reg=0.0102  λscale=1.00  lr=1.73e-04

Epoch 7/150 [train]:   0%|          | 0/26 [00:00<?, ?it/s]
Epoch 7/150 [train]:   0%|          | 0/26 [00:00<?, ?it/s, S=0.0400, loss=-0.0323]
Epoch 7/150 [train]:   0%|          | 0/26 [00:00<?, ?it/s, S=0.0401, loss=-0.0328]
Epoch 7/150 [train]:   0%|          | 0/26 [00:00<?, ?it/s, S=0.0418, loss=-0.0344]
Epoch 7/150 [train]:   0%|          | 0/26 [00:00<?, ?it/s, S=0.0402, loss=-0.0328]
Epoch 7/150 [train]:   0%|          | 0/26 [00:00<?, ?it/s, S=0.0422, loss=-0.0349]
Epoch 7/150 [train]:   0%|          | 0/26 [00:00<?, ?it/s, S=0.0413, loss=-0.0333]
Epoch 7/150 [train]:   0%|          | 0/26 [00:00<?, ?it/s, S=0.0419, loss=-0.0343]
Epoch 7/150 [train]:   0%|          | 0/26 [00:00<?, ?it/s, S=0.0414, loss=-0.0343]
Epoch 7/150 [train]:   0%|          | 0/26 [00:00<?, ?it/s, S=0.0410, loss=-0.0336]
Epoch 7/150 [train]:  35%|███▍      | 9/26 [00:00<00:00, 86.56it/s, S=0.0410, loss=-0.0336]
Epoch 7/150 [train]:  35%|███▍      | 9/26 [00:00<00:00, 86.56it/s, S=0.0416, loss=-0.0342]
Epoch 7/150 [train]:  35%|███▍      | 9/26 [00:00<00:00, 86.56it/s, S=0.0421, loss=-0.0344]
Epoch 7/150 [train]:  35%|███▍      | 9/26 [00:00<00:00, 86.56it/s, S=0.0410, loss=-0.0339]
Epoch 7/150 [train]:  35%|███▍      | 9/26 [00:00<00:00, 86.56it/s, S=0.0409, loss=-0.0329]
Epoch 7/150 [train]:  35%|███▍      | 9/26 [00:00<00:00, 86.56it/s, S=0.0395, loss=-0.0318]
Epoch 7/150 [train]:  35%|███▍      | 9/26 [00:00<00:00, 86.56it/s, S=0.0414, loss=-0.0339]
Epoch 7/150 [train]:  35%|███▍      | 9/26 [00:00<00:00, 86.56it/s, S=0.0408, loss=-0.0336]
Epoch 7/150 [train]:  35%|███▍      | 9/26 [00:00<00:00, 86.56it/s, S=0.0416, loss=-0.0344]
Epoch 7/150 [train]:  35%|███▍      | 9/26 [00:00<00:00, 86.56it/s, S=0.0404, loss=-0.0330]
Epoch 7/150 [train]:  69%|██████▉   | 18/26 [00:00<00:00, 86.58it/s, S=0.0404, loss=-0.0330]
Epoch 7/150 [train]:  69%|██████▉   | 18/26 [00:00<00:00, 86.58it/s, S=0.0420, loss=-0.0347]
Epoch 7/150 [train]:  69%|██████▉   | 18/26 [00:00<00:00, 86.58it/s, S=0.0431, loss=-0.0354]
Epoch 7/150 [train]:  69%|██████▉   | 18/26 [00:00<00:00, 86.58it/s, S=0.0422, loss=-0.0343]
Epoch 7/150 [train]:  69%|██████▉   | 18/26 [00:00<00:00, 86.58it/s, S=0.0423, loss=-0.0349]
Epoch 7/150 [train]:  69%|██████▉   | 18/26 [00:00<00:00, 86.58it/s, S=0.0408, loss=-0.0329]
Epoch 7/150 [train]:  69%|██████▉   | 18/26 [00:00<00:00, 86.58it/s, S=0.0433, loss=-0.0359]
Epoch 7/150 [train]:  69%|██████▉   | 18/26 [00:00<00:00, 86.58it/s, S=0.0410, loss=-0.0334]
Epoch 7/150 [train]:  69%|██████▉   | 18/26 [00:00<00:00, 86.58it/s, S=0.0413, loss=-0.0323]
                                                                                            
Epoch   7/150  train loss=-0.0338  val loss=-0.0341  S[mean]=0.0443  ζ=0.2394  mean_plane_ζ=0.1566  reg=0.0102  λscale=1.00  lr=1.03e-04

Epoch 8/150 [train]:   0%|          | 0/26 [00:00<?, ?it/s]
Epoch 8/150 [train]:   0%|          | 0/26 [00:00<?, ?it/s, S=0.0437, loss=-0.0365]
Epoch 8/150 [train]:   0%|          | 0/26 [00:00<?, ?it/s, S=0.0425, loss=-0.0353]
Epoch 8/150 [train]:   0%|          | 0/26 [00:00<?, ?it/s, S=0.0441, loss=-0.0366]
Epoch 8/150 [train]:   0%|          | 0/26 [00:00<?, ?it/s, S=0.0431, loss=-0.0356]
Epoch 8/150 [train]:   0%|          | 0/26 [00:00<?, ?it/s, S=0.0409, loss=-0.0335]
Epoch 8/150 [train]:   0%|          | 0/26 [00:00<?, ?it/s, S=0.0432, loss=-0.0356]
Epoch 8/150 [train]:   0%|          | 0/26 [00:00<?, ?it/s, S=0.0434, loss=-0.0363]
Epoch 8/150 [train]:   0%|          | 0/26 [00:00<?, ?it/s, S=0.0417, loss=-0.0340]
Epoch 8/150 [train]:   0%|          | 0/26 [00:00<?, ?it/s, S=0.0425, loss=-0.0354]
Epoch 8/150 [train]:  35%|███▍      | 9/26 [00:00<00:00, 86.65it/s, S=0.0425, loss=-0.0354]
Epoch 8/150 [train]:  35%|███▍      | 9/26 [00:00<00:00, 86.65it/s, S=0.0438, loss=-0.0366]
Epoch 8/150 [train]:  35%|███▍      | 9/26 [00:00<00:00, 86.65it/s, S=0.0433, loss=-0.0360]
Epoch 8/150 [train]:  35%|███▍      | 9/26 [00:00<00:00, 86.65it/s, S=0.0427, loss=-0.0353]
Epoch 8/150 [train]:  35%|███▍      | 9/26 [00:00<00:00, 86.65it/s, S=0.0426, loss=-0.0353]
Epoch 8/150 [train]:  35%|███▍      | 9/26 [00:00<00:00, 86.65it/s, S=0.0429, loss=-0.0352]
Epoch 8/150 [train]:  35%|███▍      | 9/26 [00:00<00:00, 86.65it/s, S=0.0428, loss=-0.0356]
Epoch 8/150 [train]:  35%|███▍      | 9/26 [00:00<00:00, 86.65it/s, S=0.0432, loss=-0.0357]
Epoch 8/150 [train]:  35%|███▍      | 9/26 [00:00<00:00, 86.65it/s, S=0.0432, loss=-0.0357]
Epoch 8/150 [train]:  35%|███▍      | 9/26 [00:00<00:00, 86.65it/s, S=0.0428, loss=-0.0349]
Epoch 8/150 [train]:  69%|██████▉   | 18/26 [00:00<00:00, 86.78it/s, S=0.0428, loss=-0.0349]
Epoch 8/150 [train]:  69%|██████▉   | 18/26 [00:00<00:00, 86.78it/s, S=0.0427, loss=-0.0356]
Epoch 8/150 [train]:  69%|██████▉   | 18/26 [00:00<00:00, 86.78it/s, S=0.0430, loss=-0.0359]
Epoch 8/150 [train]:  69%|██████▉   | 18/26 [00:00<00:00, 86.78it/s, S=0.0451, loss=-0.0374]
Epoch 8/150 [train]:  69%|██████▉   | 18/26 [00:00<00:00, 86.78it/s, S=0.0448, loss=-0.0372]
Epoch 8/150 [train]:  69%|██████▉   | 18/26 [00:00<00:00, 86.78it/s, S=0.0431, loss=-0.0353]
Epoch 8/150 [train]:  69%|██████▉   | 18/26 [00:00<00:00, 86.78it/s, S=0.0422, loss=-0.0347]
Epoch 8/150 [train]:  69%|██████▉   | 18/26 [00:00<00:00, 86.78it/s, S=0.0434, loss=-0.0363]
Epoch 8/150 [train]:  69%|██████▉   | 18/26 [00:00<00:00, 86.78it/s, S=0.0433, loss=-0.0358]
                                                                                            
Epoch   8/150  train loss=-0.0357  val loss=-0.0352  S[mean]=0.0452  ζ=0.2407  mean_plane_ζ=0.1563  reg=0.0101  λscale=1.00  lr=4.77e-05

Epoch 9/150 [train]:   0%|          | 0/26 [00:00<?, ?it/s]
Epoch 9/150 [train]:   0%|          | 0/26 [00:00<?, ?it/s, S=0.0430, loss=-0.0359]
Epoch 9/150 [train]:   0%|          | 0/26 [00:00<?, ?it/s, S=0.0436, loss=-0.0366]
Epoch 9/150 [train]:   0%|          | 0/26 [00:00<?, ?it/s, S=0.0428, loss=-0.0353]
Epoch 9/150 [train]:   0%|          | 0/26 [00:00<?, ?it/s, S=0.0447, loss=-0.0377]
Epoch 9/150 [train]:   0%|          | 0/26 [00:00<?, ?it/s, S=0.0447, loss=-0.0375]
Epoch 9/150 [train]:   0%|          | 0/26 [00:00<?, ?it/s, S=0.0438, loss=-0.0367]
Epoch 9/150 [train]:   0%|          | 0/26 [00:00<?, ?it/s, S=0.0437, loss=-0.0364]
Epoch 9/150 [train]:   0%|          | 0/26 [00:00<?, ?it/s, S=0.0448, loss=-0.0380]
Epoch 9/150 [train]:   0%|          | 0/26 [00:00<?, ?it/s, S=0.0451, loss=-0.0380]
Epoch 9/150 [train]:  35%|███▍      | 9/26 [00:00<00:00, 86.06it/s, S=0.0451, loss=-0.0380]
Epoch 9/150 [train]:  35%|███▍      | 9/26 [00:00<00:00, 86.06it/s, S=0.0454, loss=-0.0384]
Epoch 9/150 [train]:  35%|███▍      | 9/26 [00:00<00:00, 86.06it/s, S=0.0432, loss=-0.0361]
Epoch 9/150 [train]:  35%|███▍      | 9/26 [00:00<00:00, 86.06it/s, S=0.0414, loss=-0.0336]
Epoch 9/150 [train]:  35%|███▍      | 9/26 [00:00<00:00, 86.06it/s, S=0.0439, loss=-0.0370]
Epoch 9/150 [train]:  35%|███▍      | 9/26 [00:00<00:00, 86.06it/s, S=0.0432, loss=-0.0359]
Epoch 9/150 [train]:  35%|███▍      | 9/26 [00:00<00:00, 86.06it/s, S=0.0427, loss=-0.0351]
Epoch 9/150 [train]:  35%|███▍      | 9/26 [00:00<00:00, 86.06it/s, S=0.0426, loss=-0.0355]
Epoch 9/150 [train]:  35%|███▍      | 9/26 [00:00<00:00, 86.06it/s, S=0.0433, loss=-0.0362]
Epoch 9/150 [train]:  35%|███▍      | 9/26 [00:00<00:00, 86.06it/s, S=0.0449, loss=-0.0381]
Epoch 9/150 [train]:  69%|██████▉   | 18/26 [00:00<00:00, 86.56it/s, S=0.0449, loss=-0.0381]
Epoch 9/150 [train]:  69%|██████▉   | 18/26 [00:00<00:00, 86.56it/s, S=0.0445, loss=-0.0373]
Epoch 9/150 [train]:  69%|██████▉   | 18/26 [00:00<00:00, 86.56it/s, S=0.0440, loss=-0.0365]
Epoch 9/150 [train]:  69%|██████▉   | 18/26 [00:00<00:00, 86.56it/s, S=0.0442, loss=-0.0371]
Epoch 9/150 [train]:  69%|██████▉   | 18/26 [00:00<00:00, 86.56it/s, S=0.0443, loss=-0.0375]
Epoch 9/150 [train]:  69%|██████▉   | 18/26 [00:00<00:00, 86.56it/s, S=0.0425, loss=-0.0351]
Epoch 9/150 [train]:  69%|██████▉   | 18/26 [00:00<00:00, 86.56it/s, S=0.0437, loss=-0.0366]
Epoch 9/150 [train]:  69%|██████▉   | 18/26 [00:00<00:00, 86.56it/s, S=0.0436, loss=-0.0363]
Epoch 9/150 [train]:  69%|██████▉   | 18/26 [00:00<00:00, 86.56it/s, S=0.0443, loss=-0.0372]
                                                                                            
Epoch   9/150  train loss=-0.0366  val loss=-0.0357  S[mean]=0.0456  ζ=0.2414  mean_plane_ζ=0.1563  reg=0.0100  λscale=1.00  lr=1.22e-05

Epoch 10/150 [train]:   0%|          | 0/26 [00:00<?, ?it/s]
Epoch 10/150 [train]:   0%|          | 0/26 [00:00<?, ?it/s, S=0.0453, loss=-0.0381]
Epoch 10/150 [train]:   0%|          | 0/26 [00:00<?, ?it/s, S=0.0441, loss=-0.0365]
Epoch 10/150 [train]:   0%|          | 0/26 [00:00<?, ?it/s, S=0.0434, loss=-0.0360]
Epoch 10/150 [train]:   0%|          | 0/26 [00:00<?, ?it/s, S=0.0450, loss=-0.0385]
Epoch 10/150 [train]:   0%|          | 0/26 [00:00<?, ?it/s, S=0.0426, loss=-0.0352]
Epoch 10/150 [train]:   0%|          | 0/26 [00:00<?, ?it/s, S=0.0438, loss=-0.0361]
Epoch 10/150 [train]:   0%|          | 0/26 [00:00<?, ?it/s, S=0.0431, loss=-0.0360]
Epoch 10/150 [train]:   0%|          | 0/26 [00:00<?, ?it/s, S=0.0450, loss=-0.0379]
Epoch 10/150 [train]:   0%|          | 0/26 [00:00<?, ?it/s, S=0.0426, loss=-0.0356]
Epoch 10/150 [train]:  35%|███▍      | 9/26 [00:00<00:00, 86.35it/s, S=0.0426, loss=-0.0356]
Epoch 10/150 [train]:  35%|███▍      | 9/26 [00:00<00:00, 86.35it/s, S=0.0443, loss=-0.0373]
Epoch 10/150 [train]:  35%|███▍      | 9/26 [00:00<00:00, 86.35it/s, S=0.0439, loss=-0.0369]
Epoch 10/150 [train]:  35%|███▍      | 9/26 [00:00<00:00, 86.35it/s, S=0.0454, loss=-0.0380]
Epoch 10/150 [train]:  35%|███▍      | 9/26 [00:00<00:00, 86.35it/s, S=0.0430, loss=-0.0361]
Epoch 10/150 [train]:  35%|███▍      | 9/26 [00:00<00:00, 86.35it/s, S=0.0437, loss=-0.0367]
Epoch 10/150 [train]:  35%|███▍      | 9/26 [00:00<00:00, 86.35it/s, S=0.0442, loss=-0.0369]
Epoch 10/150 [train]:  35%|███▍      | 9/26 [00:00<00:00, 86.35it/s, S=0.0422, loss=-0.0347]
Epoch 10/150 [train]:  35%|███▍      | 9/26 [00:00<00:00, 86.35it/s, S=0.0435, loss=-0.0361]
Epoch 10/150 [train]:  35%|███▍      | 9/26 [00:00<00:00, 86.35it/s, S=0.0447, loss=-0.0374]
Epoch 10/150 [train]:  69%|██████▉   | 18/26 [00:00<00:00, 86.52it/s, S=0.0447, loss=-0.0374]
Epoch 10/150 [train]:  69%|██████▉   | 18/26 [00:00<00:00, 86.52it/s, S=0.0428, loss=-0.0355]
Epoch 10/150 [train]:  69%|██████▉   | 18/26 [00:00<00:00, 86.52it/s, S=0.0446, loss=-0.0374]
Epoch 10/150 [train]:  69%|██████▉   | 18/26 [00:00<00:00, 86.52it/s, S=0.0442, loss=-0.0372]
Epoch 10/150 [train]:  69%|██████▉   | 18/26 [00:00<00:00, 86.52it/s, S=0.0451, loss=-0.0384]
Epoch 10/150 [train]:  69%|██████▉   | 18/26 [00:00<00:00, 86.52it/s, S=0.0439, loss=-0.0366]
Epoch 10/150 [train]:  69%|██████▉   | 18/26 [00:00<00:00, 86.52it/s, S=0.0447, loss=-0.0378]
Epoch 10/150 [train]:  69%|██████▉   | 18/26 [00:00<00:00, 86.52it/s, S=0.0442, loss=-0.0373]
Epoch 10/150 [train]:  69%|██████▉   | 18/26 [00:00<00:00, 86.52it/s, S=0.0440, loss=-0.0369]
                                                                                             
Epoch  10/150  train loss=-0.0368  val loss=-0.0358  S[mean]=0.0457  ζ=0.2414  mean_plane_ζ=0.1562  reg=0.0099  λscale=1.00  lr=5.00e-04

Epoch 11/150 [train]:   0%|          | 0/26 [00:00<?, ?it/s]
Epoch 11/150 [train]:   0%|          | 0/26 [00:00<?, ?it/s, S=0.0435, loss=-0.0365]
Epoch 11/150 [train]:   0%|          | 0/26 [00:00<?, ?it/s, S=0.0449, loss=-0.0379]
Epoch 11/150 [train]:   0%|          | 0/26 [00:00<?, ?it/s, S=0.0439, loss=-0.0363]
Epoch 11/150 [train]:   0%|          | 0/26 [00:00<?, ?it/s, S=0.0439, loss=-0.0359]
Epoch 11/150 [train]:   0%|          | 0/26 [00:00<?, ?it/s, S=0.0447, loss=-0.0371]
Epoch 11/150 [train]:   0%|          | 0/26 [00:00<?, ?it/s, S=0.0465, loss=-0.0392]
Epoch 11/150 [train]:   0%|          | 0/26 [00:00<?, ?it/s, S=0.0443, loss=-0.0366]
Epoch 11/150 [train]:   0%|          | 0/26 [00:00<?, ?it/s, S=0.0459, loss=-0.0384]
Epoch 11/150 [train]:   0%|          | 0/26 [00:00<?, ?it/s, S=0.0438, loss=-0.0357]
Epoch 11/150 [train]:  35%|███▍      | 9/26 [00:00<00:00, 86.58it/s, S=0.0438, loss=-0.0357]
Epoch 11/150 [train]:  35%|███▍      | 9/26 [00:00<00:00, 86.58it/s, S=0.0454, loss=-0.0372]
Epoch 11/150 [train]:  35%|███▍      | 9/26 [00:00<00:00, 86.58it/s, S=0.0460, loss=-0.0377]
Epoch 11/150 [train]:  35%|███▍      | 9/26 [00:00<00:00, 86.58it/s, S=0.0451, loss=-0.0372]
Epoch 11/150 [train]:  35%|███▍      | 9/26 [00:00<00:00, 86.58it/s, S=0.0456, loss=-0.0376]
Epoch 11/150 [train]:  35%|███▍      | 9/26 [00:00<00:00, 86.58it/s, S=0.0449, loss=-0.0364]
Epoch 11/150 [train]:  35%|███▍      | 9/26 [00:00<00:00, 86.58it/s, S=0.0468, loss=-0.0390]
Epoch 11/150 [train]:  35%|███▍      | 9/26 [00:00<00:00, 86.58it/s, S=0.0456, loss=-0.0374]
Epoch 11/150 [train]:  35%|███▍      | 9/26 [00:00<00:00, 86.58it/s, S=0.0464, loss=-0.0383]
Epoch 11/150 [train]:  35%|███▍      | 9/26 [00:00<00:00, 86.58it/s, S=0.0445, loss=-0.0356]
Epoch 11/150 [train]:  69%|██████▉   | 18/26 [00:00<00:00, 86.55it/s, S=0.0445, loss=-0.0356]
Epoch 11/150 [train]:  69%|██████▉   | 18/26 [00:00<00:00, 86.55it/s, S=0.0455, loss=-0.0370]
Epoch 11/150 [train]:  69%|██████▉   | 18/26 [00:00<00:00, 86.55it/s, S=0.0463, loss=-0.0381]
Epoch 11/150 [train]:  69%|██████▉   | 18/26 [00:00<00:00, 86.55it/s, S=0.0469, loss=-0.0385]
Epoch 11/150 [train]:  69%|██████▉   | 18/26 [00:00<00:00, 86.55it/s, S=0.0476, loss=-0.0396]
Epoch 11/150 [train]:  69%|██████▉   | 18/26 [00:00<00:00, 86.55it/s, S=0.0472, loss=-0.0385]
Epoch 11/150 [train]:  69%|██████▉   | 18/26 [00:00<00:00, 86.55it/s, S=0.0469, loss=-0.0380]
Epoch 11/150 [train]:  69%|██████▉   | 18/26 [00:00<00:00, 86.55it/s, S=0.0485, loss=-0.0401]
Epoch 11/150 [train]:  69%|██████▉   | 18/26 [00:00<00:00, 86.55it/s, S=0.0474, loss=-0.0385]
                                                                                             
Epoch  11/150  train loss=-0.0376  val loss=-0.0378  S[mean]=0.0497  ζ=0.2435  mean_plane_ζ=0.1560  reg=0.0119  λscale=1.00  lr=4.97e-04

Epoch 12/150 [train]:   0%|          | 0/26 [00:00<?, ?it/s]
Epoch 12/150 [train]:   0%|          | 0/26 [00:00<?, ?it/s, S=0.0476, loss=-0.0392]
Epoch 12/150 [train]:   0%|          | 0/26 [00:00<?, ?it/s, S=0.0462, loss=-0.0380]
Epoch 12/150 [train]:   0%|          | 0/26 [00:00<?, ?it/s, S=0.0484, loss=-0.0399]
Epoch 12/150 [train]:   0%|          | 0/26 [00:00<?, ?it/s, S=0.0480, loss=-0.0398]
Epoch 12/150 [train]:   0%|          | 0/26 [00:00<?, ?it/s, S=0.0487, loss=-0.0406]
Epoch 12/150 [train]:   0%|          | 0/26 [00:00<?, ?it/s, S=0.0482, loss=-0.0404]
Epoch 12/150 [train]:   0%|          | 0/26 [00:00<?, ?it/s, S=0.0494, loss=-0.0408]
Epoch 12/150 [train]:   0%|          | 0/26 [00:00<?, ?it/s, S=0.0504, loss=-0.0415]
Epoch 12/150 [train]:   0%|          | 0/26 [00:00<?, ?it/s, S=0.0480, loss=-0.0397]
Epoch 12/150 [train]:  35%|███▍      | 9/26 [00:00<00:00, 86.20it/s, S=0.0480, loss=-0.0397]
Epoch 12/150 [train]:  35%|███▍      | 9/26 [00:00<00:00, 86.20it/s, S=0.0483, loss=-0.0398]
Epoch 12/150 [train]:  35%|███▍      | 9/26 [00:00<00:00, 86.20it/s, S=0.0491, loss=-0.0404]
Epoch 12/150 [train]:  35%|███▍      | 9/26 [00:00<00:00, 86.20it/s, S=0.0503, loss=-0.0412]
Epoch 12/150 [train]:  35%|███▍      | 9/26 [00:00<00:00, 86.20it/s, S=0.0513, loss=-0.0429]
Epoch 12/150 [train]:  35%|███▍      | 9/26 [00:00<00:00, 86.20it/s, S=0.0498, loss=-0.0406]
Epoch 12/150 [train]:  35%|███▍      | 9/26 [00:00<00:00, 86.20it/s, S=0.0512, loss=-0.0427]
Epoch 12/150 [train]:  35%|███▍      | 9/26 [00:00<00:00, 86.20it/s, S=0.0507, loss=-0.0420]
Epoch 12/150 [train]:  35%|███▍      | 9/26 [00:00<00:00, 86.20it/s, S=0.0525, loss=-0.0429]
Epoch 12/150 [train]:  35%|███▍      | 9/26 [00:00<00:00, 86.20it/s, S=0.0509, loss=-0.0424]
Epoch 12/150 [train]:  69%|██████▉   | 18/26 [00:00<00:00, 86.57it/s, S=0.0509, loss=-0.0424]
Epoch 12/150 [train]:  69%|██████▉   | 18/26 [00:00<00:00, 86.57it/s, S=0.0539, loss=-0.0448]
Epoch 12/150 [train]:  69%|██████▉   | 18/26 [00:00<00:00, 86.57it/s, S=0.0538, loss=-0.0444]
Epoch 12/150 [train]:  69%|██████▉   | 18/26 [00:00<00:00, 86.57it/s, S=0.0528, loss=-0.0440]
Epoch 12/150 [train]:  69%|██████▉   | 18/26 [00:00<00:00, 86.57it/s, S=0.0521, loss=-0.0434]
Epoch 12/150 [train]:  69%|██████▉   | 18/26 [00:00<00:00, 86.57it/s, S=0.0530, loss=-0.0430]
Epoch 12/150 [train]:  69%|██████▉   | 18/26 [00:00<00:00, 86.57it/s, S=0.0522, loss=-0.0436]
Epoch 12/150 [train]:  69%|██████▉   | 18/26 [00:00<00:00, 86.57it/s, S=0.0512, loss=-0.0421]
Epoch 12/150 [train]:  69%|██████▉   | 18/26 [00:00<00:00, 86.57it/s, S=0.0542, loss=-0.0457]
                                                                                             
Epoch  12/150  train loss=-0.0418  val loss=-0.0432  S[mean]=0.0561  ζ=0.2488  mean_plane_ζ=0.1560  reg=0.0129  λscale=1.00  lr=4.88e-04

Epoch 13/150 [train]:   0%|          | 0/26 [00:00<?, ?it/s]
Epoch 13/150 [train]:   0%|          | 0/26 [00:00<?, ?it/s, S=0.0538, loss=-0.0452]
Epoch 13/150 [train]:   0%|          | 0/26 [00:00<?, ?it/s, S=0.0541, loss=-0.0454]
Epoch 13/150 [train]:   0%|          | 0/26 [00:00<?, ?it/s, S=0.0538, loss=-0.0456]
Epoch 13/150 [train]:   0%|          | 0/26 [00:00<?, ?it/s, S=0.0553, loss=-0.0467]
Epoch 13/150 [train]:   0%|          | 0/26 [00:00<?, ?it/s, S=0.0558, loss=-0.0459]
Epoch 13/150 [train]:   0%|          | 0/26 [00:00<?, ?it/s, S=0.0545, loss=-0.0458]
Epoch 13/150 [train]:   0%|          | 0/26 [00:00<?, ?it/s, S=0.0542, loss=-0.0459]
Epoch 13/150 [train]:   0%|          | 0/26 [00:00<?, ?it/s, S=0.0561, loss=-0.0475]
Epoch 13/150 [train]:   0%|          | 0/26 [00:00<?, ?it/s, S=0.0535, loss=-0.0448]
Epoch 13/150 [train]:  35%|███▍      | 9/26 [00:00<00:00, 86.61it/s, S=0.0535, loss=-0.0448]
Epoch 13/150 [train]:  35%|███▍      | 9/26 [00:00<00:00, 86.61it/s, S=0.0546, loss=-0.0462]
Epoch 13/150 [train]:  35%|███▍      | 9/26 [00:00<00:00, 86.61it/s, S=0.0552, loss=-0.0465]
Epoch 13/150 [train]:  35%|███▍      | 9/26 [00:00<00:00, 86.61it/s, S=0.0546, loss=-0.0462]
Epoch 13/150 [train]:  35%|███▍      | 9/26 [00:00<00:00, 86.61it/s, S=0.0565, loss=-0.0484]
Epoch 13/150 [train]:  35%|███▍      | 9/26 [00:00<00:00, 86.61it/s, S=0.0563, loss=-0.0477]
Epoch 13/150 [train]:  35%|███▍      | 9/26 [00:00<00:00, 86.61it/s, S=0.0581, loss=-0.0485]
Epoch 13/150 [train]:  35%|███▍      | 9/26 [00:00<00:00, 86.61it/s, S=0.0583, loss=-0.0493]
Epoch 13/150 [train]:  35%|███▍      | 9/26 [00:00<00:00, 86.61it/s, S=0.0566, loss=-0.0479]
Epoch 13/150 [train]:  35%|███▍      | 9/26 [00:00<00:00, 86.61it/s, S=0.0566, loss=-0.0477]
Epoch 13/150 [train]:  69%|██████▉   | 18/26 [00:00<00:00, 86.71it/s, S=0.0566, loss=-0.0477]
Epoch 13/150 [train]:  69%|██████▉   | 18/26 [00:00<00:00, 86.71it/s, S=0.0581, loss=-0.0494]
Epoch 13/150 [train]:  69%|██████▉   | 18/26 [00:00<00:00, 86.71it/s, S=0.0580, loss=-0.0491]
Epoch 13/150 [train]:  69%|██████▉   | 18/26 [00:00<00:00, 86.71it/s, S=0.0581, loss=-0.0499]
Epoch 13/150 [train]:  69%|██████▉   | 18/26 [00:00<00:00, 86.71it/s, S=0.0582, loss=-0.0492]
Epoch 13/150 [train]:  69%|██████▉   | 18/26 [00:00<00:00, 86.71it/s, S=0.0575, loss=-0.0481]
Epoch 13/150 [train]:  69%|██████▉   | 18/26 [00:00<00:00, 86.71it/s, S=0.0567, loss=-0.0478]
Epoch 13/150 [train]:  69%|██████▉   | 18/26 [00:00<00:00, 86.71it/s, S=0.0586, loss=-0.0495]
Epoch 13/150 [train]:  69%|██████▉   | 18/26 [00:00<00:00, 86.71it/s, S=0.0563, loss=-0.0476]
                                                                                             
Epoch  13/150  train loss=-0.0474  val loss=-0.0478  S[mean]=0.0616  ζ=0.2497  mean_plane_ζ=0.1581  reg=0.0138  λscale=1.00  lr=4.73e-04

Epoch 14/150 [train]:   0%|          | 0/26 [00:00<?, ?it/s]
Epoch 14/150 [train]:   0%|          | 0/26 [00:00<?, ?it/s, S=0.0579, loss=-0.0498]
Epoch 14/150 [train]:   0%|          | 0/26 [00:00<?, ?it/s, S=0.0600, loss=-0.0512]
Epoch 14/150 [train]:   0%|          | 0/26 [00:00<?, ?it/s, S=0.0586, loss=-0.0492]
Epoch 14/150 [train]:   0%|          | 0/26 [00:00<?, ?it/s, S=0.0599, loss=-0.0511]
Epoch 14/150 [train]:   0%|          | 0/26 [00:00<?, ?it/s, S=0.0607, loss=-0.0517]
Epoch 14/150 [train]:   0%|          | 0/26 [00:00<?, ?it/s, S=0.0601, loss=-0.0516]
Epoch 14/150 [train]:   0%|          | 0/26 [00:00<?, ?it/s, S=0.0594, loss=-0.0507]
Epoch 14/150 [train]:   0%|          | 0/26 [00:00<?, ?it/s, S=0.0602, loss=-0.0508]
Epoch 14/150 [train]:   0%|          | 0/26 [00:00<?, ?it/s, S=0.0605, loss=-0.0512]
Epoch 14/150 [train]:  35%|███▍      | 9/26 [00:00<00:00, 86.52it/s, S=0.0605, loss=-0.0512]
Epoch 14/150 [train]:  35%|███▍      | 9/26 [00:00<00:00, 86.52it/s, S=0.0602, loss=-0.0505]
Epoch 14/150 [train]:  35%|███▍      | 9/26 [00:00<00:00, 86.52it/s, S=0.0611, loss=-0.0517]
Epoch 14/150 [train]:  35%|███▍      | 9/26 [00:00<00:00, 86.52it/s, S=0.0607, loss=-0.0513]
Epoch 14/150 [train]:  35%|███▍      | 9/26 [00:00<00:00, 86.52it/s, S=0.0621, loss=-0.0519]
Epoch 14/150 [train]:  35%|███▍      | 9/26 [00:00<00:00, 86.52it/s, S=0.0612, loss=-0.0523]
Epoch 14/150 [train]:  35%|███▍      | 9/26 [00:00<00:00, 86.52it/s, S=0.0598, loss=-0.0495]
Epoch 14/150 [train]:  35%|███▍      | 9/26 [00:00<00:00, 86.52it/s, S=0.0612, loss=-0.0522]
Epoch 14/150 [train]:  35%|███▍      | 9/26 [00:00<00:00, 86.52it/s, S=0.0626, loss=-0.0526]
Epoch 14/150 [train]:  35%|███▍      | 9/26 [00:00<00:00, 86.52it/s, S=0.0612, loss=-0.0522]
Epoch 14/150 [train]:  69%|██████▉   | 18/26 [00:00<00:00, 86.77it/s, S=0.0612, loss=-0.0522]
Epoch 14/150 [train]:  69%|██████▉   | 18/26 [00:00<00:00, 86.77it/s, S=0.0619, loss=-0.0527]
Epoch 14/150 [train]:  69%|██████▉   | 18/26 [00:00<00:00, 86.77it/s, S=0.0637, loss=-0.0541]
Epoch 14/150 [train]:  69%|██████▉   | 18/26 [00:00<00:00, 86.77it/s, S=0.0651, loss=-0.0552]
Epoch 14/150 [train]:  69%|██████▉   | 18/26 [00:00<00:00, 86.77it/s, S=0.0639, loss=-0.0536]
Epoch 14/150 [train]:  69%|██████▉   | 18/26 [00:00<00:00, 86.77it/s, S=0.0648, loss=-0.0553]
Epoch 14/150 [train]:  69%|██████▉   | 18/26 [00:00<00:00, 86.77it/s, S=0.0645, loss=-0.0550]
Epoch 14/150 [train]:  69%|██████▉   | 18/26 [00:00<00:00, 86.77it/s, S=0.0670, loss=-0.0561]
Epoch 14/150 [train]:  69%|██████▉   | 18/26 [00:00<00:00, 86.77it/s, S=0.0679, loss=-0.0573]
                                                                                             
Epoch  14/150  train loss=-0.0523  val loss=-0.0575  S[mean]=0.0745  ζ=0.2609  mean_plane_ζ=0.1670  reg=0.0170  λscale=1.00  lr=4.52e-04

Epoch 15/150 [train]:   0%|          | 0/26 [00:00<?, ?it/s]
Epoch 15/150 [train]:   0%|          | 0/26 [00:00<?, ?it/s, S=0.0675, loss=-0.0567]
Epoch 15/150 [train]:   0%|          | 0/26 [00:00<?, ?it/s, S=0.0680, loss=-0.0573]
Epoch 15/150 [train]:   0%|          | 0/26 [00:00<?, ?it/s, S=0.0691, loss=-0.0592]
Epoch 15/150 [train]:   0%|          | 0/26 [00:00<?, ?it/s, S=0.0716, loss=-0.0605]
Epoch 15/150 [train]:   0%|          | 0/26 [00:00<?, ?it/s, S=0.0694, loss=-0.0590]
Epoch 15/150 [train]:   0%|          | 0/26 [00:00<?, ?it/s, S=0.0686, loss=-0.0580]
Epoch 15/150 [train]:   0%|          | 0/26 [00:00<?, ?it/s, S=0.0694, loss=-0.0587]
Epoch 15/150 [train]:   0%|          | 0/26 [00:00<?, ?it/s, S=0.0717, loss=-0.0600]
Epoch 15/150 [train]:   0%|          | 0/26 [00:00<?, ?it/s, S=0.0728, loss=-0.0612]
Epoch 15/150 [train]:  35%|███▍      | 9/26 [00:00<00:00, 86.37it/s, S=0.0728, loss=-0.0612]
Epoch 15/150 [train]:  35%|███▍      | 9/26 [00:00<00:00, 86.37it/s, S=0.0723, loss=-0.0599]
Epoch 15/150 [train]:  35%|███▍      | 9/26 [00:00<00:00, 86.37it/s, S=0.0740, loss=-0.0623]
Epoch 15/150 [train]:  35%|███▍      | 9/26 [00:00<00:00, 86.37it/s, S=0.0750, loss=-0.0623]
Epoch 15/150 [train]:  35%|███▍      | 9/26 [00:00<00:00, 86.37it/s, S=0.0739, loss=-0.0620]
Epoch 15/150 [train]:  35%|███▍      | 9/26 [00:00<00:00, 86.37it/s, S=0.0743, loss=-0.0618]
Epoch 15/150 [train]:  35%|███▍      | 9/26 [00:00<00:00, 86.37it/s, S=0.0795, loss=-0.0671]
Epoch 15/150 [train]:  35%|███▍      | 9/26 [00:00<00:00, 86.37it/s, S=0.0759, loss=-0.0629]
Epoch 15/150 [train]:  35%|███▍      | 9/26 [00:00<00:00, 86.37it/s, S=0.0774, loss=-0.0644]
Epoch 15/150 [train]:  35%|███▍      | 9/26 [00:00<00:00, 86.37it/s, S=0.0779, loss=-0.0638]
Epoch 15/150 [train]:  69%|██████▉   | 18/26 [00:00<00:00, 86.62it/s, S=0.0779, loss=-0.0638]
Epoch 15/150 [train]:  69%|██████▉   | 18/26 [00:00<00:00, 86.62it/s, S=0.0756, loss=-0.0635]
Epoch 15/150 [train]:  69%|██████▉   | 18/26 [00:00<00:00, 86.62it/s, S=0.0803, loss=-0.0677]
Epoch 15/150 [train]:  69%|██████▉   | 18/26 [00:00<00:00, 86.62it/s, S=0.0827, loss=-0.0683]
Epoch 15/150 [train]:  69%|██████▉   | 18/26 [00:00<00:00, 86.62it/s, S=0.0791, loss=-0.0657]
Epoch 15/150 [train]:  69%|██████▉   | 18/26 [00:00<00:00, 86.62it/s, S=0.0804, loss=-0.0668]
Epoch 15/150 [train]:  69%|██████▉   | 18/26 [00:00<00:00, 86.62it/s, S=0.0811, loss=-0.0667]
Epoch 15/150 [train]:  69%|██████▉   | 18/26 [00:00<00:00, 86.62it/s, S=0.0826, loss=-0.0692]
Epoch 15/150 [train]:  69%|██████▉   | 18/26 [00:00<00:00, 86.62it/s, S=0.0818, loss=-0.0669]
                                                                                             
Epoch  15/150  train loss=-0.0628  val loss=-0.0735  S[mean]=0.0947  ζ=0.2846  mean_plane_ζ=0.1756  reg=0.0212  λscale=1.00  lr=4.27e-04

Epoch 16/150 [train]:   0%|          | 0/26 [00:00<?, ?it/s]
Epoch 16/150 [train]:   0%|          | 0/26 [00:00<?, ?it/s, S=0.0848, loss=-0.0718]
Epoch 16/150 [train]:   0%|          | 0/26 [00:00<?, ?it/s, S=0.0839, loss=-0.0695]
Epoch 16/150 [train]:   0%|          | 0/26 [00:00<?, ?it/s, S=0.0856, loss=-0.0714]
Epoch 16/150 [train]:   0%|          | 0/26 [00:00<?, ?it/s, S=0.0882, loss=-0.0752]
Epoch 16/150 [train]:   0%|          | 0/26 [00:00<?, ?it/s, S=0.0863, loss=-0.0735]
Epoch 16/150 [train]:   0%|          | 0/26 [00:00<?, ?it/s, S=0.0863, loss=-0.0720]
Epoch 16/150 [train]:   0%|          | 0/26 [00:00<?, ?it/s, S=0.0905, loss=-0.0765]
Epoch 16/150 [train]:   0%|          | 0/26 [00:00<?, ?it/s, S=0.0846, loss=-0.0699]
Epoch 16/150 [train]:   0%|          | 0/26 [00:00<?, ?it/s, S=0.0909, loss=-0.0769]
Epoch 16/150 [train]:  35%|███▍      | 9/26 [00:00<00:00, 86.45it/s, S=0.0909, loss=-0.0769]
Epoch 16/150 [train]:  35%|███▍      | 9/26 [00:00<00:00, 86.45it/s, S=0.0877, loss=-0.0732]
Epoch 16/150 [train]:  35%|███▍      | 9/26 [00:00<00:00, 86.45it/s, S=0.0927, loss=-0.0787]
Epoch 16/150 [train]:  35%|███▍      | 9/26 [00:00<00:00, 86.45it/s, S=0.0912, loss=-0.0745]
Epoch 16/150 [train]:  35%|███▍      | 9/26 [00:00<00:00, 86.45it/s, S=0.0919, loss=-0.0772]
Epoch 16/150 [train]:  35%|███▍      | 9/26 [00:00<00:00, 86.45it/s, S=0.0942, loss=-0.0782]
Epoch 16/150 [train]:  35%|███▍      | 9/26 [00:00<00:00, 86.45it/s, S=0.0936, loss=-0.0781]
Epoch 16/150 [train]:  35%|███▍      | 9/26 [00:00<00:00, 86.45it/s, S=0.0934, loss=-0.0788]
Epoch 16/150 [train]:  35%|███▍      | 9/26 [00:00<00:00, 86.45it/s, S=0.0935, loss=-0.0782]
Epoch 16/150 [train]:  35%|███▍      | 9/26 [00:00<00:00, 86.45it/s, S=0.0952, loss=-0.0804]
Epoch 16/150 [train]:  69%|██████▉   | 18/26 [00:00<00:00, 86.60it/s, S=0.0952, loss=-0.0804]
Epoch 16/150 [train]:  69%|██████▉   | 18/26 [00:00<00:00, 86.60it/s, S=0.0971, loss=-0.0809]
Epoch 16/150 [train]:  69%|██████▉   | 18/26 [00:00<00:00, 86.60it/s, S=0.0951, loss=-0.0785]
Epoch 16/150 [train]:  69%|██████▉   | 18/26 [00:00<00:00, 86.60it/s, S=0.0965, loss=-0.0812]
Epoch 16/150 [train]:  69%|██████▉   | 18/26 [00:00<00:00, 86.60it/s, S=0.0947, loss=-0.0782]
Epoch 16/150 [train]:  69%|██████▉   | 18/26 [00:00<00:00, 86.60it/s, S=0.1006, loss=-0.0840]
Epoch 16/150 [train]:  69%|██████▉   | 18/26 [00:00<00:00, 86.60it/s, S=0.0953, loss=-0.0798]
Epoch 16/150 [train]:  69%|██████▉   | 18/26 [00:00<00:00, 86.60it/s, S=0.0986, loss=-0.0819]
Epoch 16/150 [train]:  69%|██████▉   | 18/26 [00:00<00:00, 86.60it/s, S=0.0966, loss=-0.0812]
                                                                                             
Epoch  16/150  train loss=-0.0769  val loss=-0.0861  S[mean]=0.1114  ζ=0.3026  mean_plane_ζ=0.1830  reg=0.0254  λscale=1.00  lr=3.97e-04

Epoch 17/150 [train]:   0%|          | 0/26 [00:00<?, ?it/s]
Epoch 17/150 [train]:   0%|          | 0/26 [00:00<?, ?it/s, S=0.0982, loss=-0.0831]
Epoch 17/150 [train]:   0%|          | 0/26 [00:00<?, ?it/s, S=0.0992, loss=-0.0830]
Epoch 17/150 [train]:   0%|          | 0/26 [00:00<?, ?it/s, S=0.1006, loss=-0.0829]
Epoch 17/150 [train]:   0%|          | 0/26 [00:00<?, ?it/s, S=0.0994, loss=-0.0831]
Epoch 17/150 [train]:   0%|          | 0/26 [00:00<?, ?it/s, S=0.1016, loss=-0.0836]
Epoch 17/150 [train]:   0%|          | 0/26 [00:00<?, ?it/s, S=0.1028, loss=-0.0842]
Epoch 17/150 [train]:   0%|          | 0/26 [00:00<?, ?it/s, S=0.1034, loss=-0.0858]
Epoch 17/150 [train]:   0%|          | 0/26 [00:00<?, ?it/s, S=0.1011, loss=-0.0847]
Epoch 17/150 [train]:   0%|          | 0/26 [00:00<?, ?it/s, S=0.1044, loss=-0.0868]
Epoch 17/150 [train]:  35%|███▍      | 9/26 [00:00<00:00, 86.28it/s, S=0.1044, loss=-0.0868]
Epoch 17/150 [train]:  35%|███▍      | 9/26 [00:00<00:00, 86.28it/s, S=0.1054, loss=-0.0887]
Epoch 17/150 [train]:  35%|███▍      | 9/26 [00:00<00:00, 86.28it/s, S=0.1070, loss=-0.0888]
Epoch 17/150 [train]:  35%|███▍      | 9/26 [00:00<00:00, 86.28it/s, S=0.1053, loss=-0.0864]
Epoch 17/150 [train]:  35%|███▍      | 9/26 [00:00<00:00, 86.28it/s, S=0.1087, loss=-0.0902]
Epoch 17/150 [train]:  35%|███▍      | 9/26 [00:00<00:00, 86.28it/s, S=0.1041, loss=-0.0860]
Epoch 17/150 [train]:  35%|███▍      | 9/26 [00:00<00:00, 86.28it/s, S=0.1048, loss=-0.0872]
Epoch 17/150 [train]:  35%|███▍      | 9/26 [00:00<00:00, 86.28it/s, S=0.1049, loss=-0.0869]
Epoch 17/150 [train]:  35%|███▍      | 9/26 [00:00<00:00, 86.28it/s, S=0.1073, loss=-0.0910]
Epoch 17/150 [train]:  35%|███▍      | 9/26 [00:00<00:00, 86.28it/s, S=0.1072, loss=-0.0888]
Epoch 17/150 [train]:  69%|██████▉   | 18/26 [00:00<00:00, 86.60it/s, S=0.1072, loss=-0.0888]
Epoch 17/150 [train]:  69%|██████▉   | 18/26 [00:00<00:00, 86.60it/s, S=0.1071, loss=-0.0882]
Epoch 17/150 [train]:  69%|██████▉   | 18/26 [00:00<00:00, 86.60it/s, S=0.1095, loss=-0.0912]
Epoch 17/150 [train]:  69%|██████▉   | 18/26 [00:00<00:00, 86.60it/s, S=0.1076, loss=-0.0883]
Epoch 17/150 [train]:  69%|██████▉   | 18/26 [00:00<00:00, 86.60it/s, S=0.1092, loss=-0.0905]
Epoch 17/150 [train]:  69%|██████▉   | 18/26 [00:00<00:00, 86.60it/s, S=0.1131, loss=-0.0954]
Epoch 17/150 [train]:  69%|██████▉   | 18/26 [00:00<00:00, 86.60it/s, S=0.1117, loss=-0.0938]
Epoch 17/150 [train]:  69%|██████▉   | 18/26 [00:00<00:00, 86.60it/s, S=0.1130, loss=-0.0945]
Epoch 17/150 [train]:  69%|██████▉   | 18/26 [00:00<00:00, 86.60it/s, S=0.1093, loss=-0.0906]
                                                                                             
Epoch  17/150  train loss=-0.0878  val loss=-0.0968  S[mean]=0.1245  ζ=0.3163  mean_plane_ζ=0.1887  reg=0.0276  λscale=1.00  lr=3.63e-04

Epoch 18/150 [train]:   0%|          | 0/26 [00:00<?, ?it/s]
Epoch 18/150 [train]:   0%|          | 0/26 [00:00<?, ?it/s, S=0.1123, loss=-0.0949]
Epoch 18/150 [train]:   0%|          | 0/26 [00:00<?, ?it/s, S=0.1090, loss=-0.0897]
Epoch 18/150 [train]:   0%|          | 0/26 [00:00<?, ?it/s, S=0.1131, loss=-0.0952]
Epoch 18/150 [train]:   0%|          | 0/26 [00:00<?, ?it/s, S=0.1147, loss=-0.0954]
Epoch 18/150 [train]:   0%|          | 0/26 [00:00<?, ?it/s, S=0.1111, loss=-0.0918]
Epoch 18/150 [train]:   0%|          | 0/26 [00:00<?, ?it/s, S=0.1128, loss=-0.0944]
Epoch 18/150 [train]:   0%|          | 0/26 [00:00<?, ?it/s, S=0.1145, loss=-0.0950]
Epoch 18/150 [train]:   0%|          | 0/26 [00:00<?, ?it/s, S=0.1142, loss=-0.0936]
Epoch 18/150 [train]:   0%|          | 0/26 [00:00<?, ?it/s, S=0.1132, loss=-0.0934]
Epoch 18/150 [train]:  35%|███▍      | 9/26 [00:00<00:00, 86.57it/s, S=0.1132, loss=-0.0934]
Epoch 18/150 [train]:  35%|███▍      | 9/26 [00:00<00:00, 86.57it/s, S=0.1165, loss=-0.0989]
Epoch 18/150 [train]:  35%|███▍      | 9/26 [00:00<00:00, 86.57it/s, S=0.1151, loss=-0.0949]
Epoch 18/150 [train]:  35%|███▍      | 9/26 [00:00<00:00, 86.57it/s, S=0.1151, loss=-0.0963]
Epoch 18/150 [train]:  35%|███▍      | 9/26 [00:00<00:00, 86.57it/s, S=0.1128, loss=-0.0924]
Epoch 18/150 [train]:  35%|███▍      | 9/26 [00:00<00:00, 86.57it/s, S=0.1169, loss=-0.0963]
Epoch 18/150 [train]:  35%|███▍      | 9/26 [00:00<00:00, 86.57it/s, S=0.1153, loss=-0.0940]
Epoch 18/150 [train]:  35%|███▍      | 9/26 [00:00<00:00, 86.57it/s, S=0.1195, loss=-0.1000]
Epoch 18/150 [train]:  35%|███▍      | 9/26 [00:00<00:00, 86.57it/s, S=0.1203, loss=-0.0979]
Epoch 18/150 [train]:  35%|███▍      | 9/26 [00:00<00:00, 86.57it/s, S=0.1180, loss=-0.0978]
Epoch 18/150 [train]:  69%|██████▉   | 18/26 [00:00<00:00, 86.68it/s, S=0.1180, loss=-0.0978]
Epoch 18/150 [train]:  69%|██████▉   | 18/26 [00:00<00:00, 86.68it/s, S=0.1205, loss=-0.0998]
Epoch 18/150 [train]:  69%|██████▉   | 18/26 [00:00<00:00, 86.68it/s, S=0.1130, loss=-0.0942]
Epoch 18/150 [train]:  69%|██████▉   | 18/26 [00:00<00:00, 86.68it/s, S=0.1198, loss=-0.1009]
Epoch 18/150 [train]:  69%|██████▉   | 18/26 [00:00<00:00, 86.68it/s, S=0.1184, loss=-0.0987]
Epoch 18/150 [train]:  69%|██████▉   | 18/26 [00:00<00:00, 86.68it/s, S=0.1227, loss=-0.1035]
Epoch 18/150 [train]:  69%|██████▉   | 18/26 [00:00<00:00, 86.68it/s, S=0.1205, loss=-0.1006]
Epoch 18/150 [train]:  69%|██████▉   | 18/26 [00:00<00:00, 86.68it/s, S=0.1163, loss=-0.0968]
Epoch 18/150 [train]:  69%|██████▉   | 18/26 [00:00<00:00, 86.68it/s, S=0.1198, loss=-0.0966]
                                                                                             
Epoch  18/150  train loss=-0.0963  val loss=-0.1044  S[mean]=0.1344  ζ=0.3243  mean_plane_ζ=0.1927  reg=0.0300  λscale=1.00  lr=3.27e-04

Epoch 19/150 [train]:   0%|          | 0/26 [00:00<?, ?it/s]
Epoch 19/150 [train]:   0%|          | 0/26 [00:00<?, ?it/s, S=0.1218, loss=-0.1023]
Epoch 19/150 [train]:   0%|          | 0/26 [00:00<?, ?it/s, S=0.1227, loss=-0.1015]
Epoch 19/150 [train]:   0%|          | 0/26 [00:00<?, ?it/s, S=0.1237, loss=-0.1034]
Epoch 19/150 [train]:   0%|          | 0/26 [00:00<?, ?it/s, S=0.1202, loss=-0.0993]
Epoch 19/150 [train]:   0%|          | 0/26 [00:00<?, ?it/s, S=0.1227, loss=-0.1031]
Epoch 19/150 [train]:   0%|          | 0/26 [00:00<?, ?it/s, S=0.1232, loss=-0.1031]
Epoch 19/150 [train]:   0%|          | 0/26 [00:00<?, ?it/s, S=0.1208, loss=-0.1017]
Epoch 19/150 [train]:   0%|          | 0/26 [00:00<?, ?it/s, S=0.1212, loss=-0.1014]
Epoch 19/150 [train]:   0%|          | 0/26 [00:00<?, ?it/s, S=0.1204, loss=-0.0994]
Epoch 19/150 [train]:  35%|███▍      | 9/26 [00:00<00:00, 86.45it/s, S=0.1204, loss=-0.0994]
Epoch 19/150 [train]:  35%|███▍      | 9/26 [00:00<00:00, 86.45it/s, S=0.1213, loss=-0.1009]
Epoch 19/150 [train]:  35%|███▍      | 9/26 [00:00<00:00, 86.45it/s, S=0.1287, loss=-0.1084]
Epoch 19/150 [train]:  35%|███▍      | 9/26 [00:00<00:00, 86.45it/s, S=0.1225, loss=-0.1021]
Epoch 19/150 [train]:  35%|███▍      | 9/26 [00:00<00:00, 86.45it/s, S=0.1244, loss=-0.1027]
Epoch 19/150 [train]:  35%|███▍      | 9/26 [00:00<00:00, 86.45it/s, S=0.1266, loss=-0.1053]
Epoch 19/150 [train]:  35%|███▍      | 9/26 [00:00<00:00, 86.45it/s, S=0.1251, loss=-0.1055]
Epoch 19/150 [train]:  35%|███▍      | 9/26 [00:00<00:00, 86.45it/s, S=0.1240, loss=-0.1049]
Epoch 19/150 [train]:  35%|███▍      | 9/26 [00:00<00:00, 86.45it/s, S=0.1268, loss=-0.1057]
Epoch 19/150 [train]:  35%|███▍      | 9/26 [00:00<00:00, 86.45it/s, S=0.1279, loss=-0.1055]
Epoch 19/150 [train]:  69%|██████▉   | 18/26 [00:00<00:00, 86.70it/s, S=0.1279, loss=-0.1055]
Epoch 19/150 [train]:  69%|██████▉   | 18/26 [00:00<00:00, 86.70it/s, S=0.1251, loss=-0.1009]
Epoch 19/150 [train]:  69%|██████▉   | 18/26 [00:00<00:00, 86.70it/s, S=0.1265, loss=-0.1049]
Epoch 19/150 [train]:  69%|██████▉   | 18/26 [00:00<00:00, 86.70it/s, S=0.1232, loss=-0.1010]
Epoch 19/150 [train]:  69%|██████▉   | 18/26 [00:00<00:00, 86.70it/s, S=0.1276, loss=-0.1049]
Epoch 19/150 [train]:  69%|██████▉   | 18/26 [00:00<00:00, 86.70it/s, S=0.1268, loss=-0.1064]
Epoch 19/150 [train]:  69%|██████▉   | 18/26 [00:00<00:00, 86.70it/s, S=0.1229, loss=-0.1007]
Epoch 19/150 [train]:  69%|██████▉   | 18/26 [00:00<00:00, 86.70it/s, S=0.1293, loss=-0.1053]
Epoch 19/150 [train]:  69%|██████▉   | 18/26 [00:00<00:00, 86.70it/s, S=0.1295, loss=-0.1086]
                                                                                             
Epoch  19/150  train loss=-0.1034  val loss=-0.1120  S[mean]=0.1426  ζ=0.3331  mean_plane_ζ=0.1977  reg=0.0306  λscale=1.00  lr=2.89e-04

Epoch 20/150 [train]:   0%|          | 0/26 [00:00<?, ?it/s]
Epoch 20/150 [train]:   0%|          | 0/26 [00:00<?, ?it/s, S=0.1300, loss=-0.1087]
Epoch 20/150 [train]:   0%|          | 0/26 [00:00<?, ?it/s, S=0.1287, loss=-0.1093]
Epoch 20/150 [train]:   0%|          | 0/26 [00:00<?, ?it/s, S=0.1331, loss=-0.1114]
Epoch 20/150 [train]:   0%|          | 0/26 [00:00<?, ?it/s, S=0.1301, loss=-0.1096]
Epoch 20/150 [train]:   0%|          | 0/26 [00:00<?, ?it/s, S=0.1311, loss=-0.1116]
Epoch 20/150 [train]:   0%|          | 0/26 [00:00<?, ?it/s, S=0.1301, loss=-0.1098]
Epoch 20/150 [train]:   0%|          | 0/26 [00:00<?, ?it/s, S=0.1297, loss=-0.1057]
Epoch 20/150 [train]:   0%|          | 0/26 [00:00<?, ?it/s, S=0.1334, loss=-0.1124]
Epoch 20/150 [train]:   0%|          | 0/26 [00:00<?, ?it/s, S=0.1242, loss=-0.1025]
Epoch 20/150 [train]:  35%|███▍      | 9/26 [00:00<00:00, 86.38it/s, S=0.1242, loss=-0.1025]
Epoch 20/150 [train]:  35%|███▍      | 9/26 [00:00<00:00, 86.38it/s, S=0.1312, loss=-0.1113]
Epoch 20/150 [train]:  35%|███▍      | 9/26 [00:00<00:00, 86.38it/s, S=0.1291, loss=-0.1095]
Epoch 20/150 [train]:  35%|███▍      | 9/26 [00:00<00:00, 86.38it/s, S=0.1270, loss=-0.1021]
Epoch 20/150 [train]:  35%|███▍      | 9/26 [00:00<00:00, 86.38it/s, S=0.1318, loss=-0.1078]
Epoch 20/150 [train]:  35%|███▍      | 9/26 [00:00<00:00, 86.38it/s, S=0.1318, loss=-0.1111]
Epoch 20/150 [train]:  35%|███▍      | 9/26 [00:00<00:00, 86.38it/s, S=0.1323, loss=-0.1100]
Epoch 20/150 [train]:  35%|███▍      | 9/26 [00:00<00:00, 86.38it/s, S=0.1298, loss=-0.1078]
Epoch 20/150 [train]:  35%|███▍      | 9/26 [00:00<00:00, 86.38it/s, S=0.1348, loss=-0.1130]
Epoch 20/150 [train]:  35%|███▍      | 9/26 [00:00<00:00, 86.38it/s, S=0.1274, loss=-0.1062]
Epoch 20/150 [train]:  69%|██████▉   | 18/26 [00:00<00:00, 86.66it/s, S=0.1274, loss=-0.1062]
Epoch 20/150 [train]:  69%|██████▉   | 18/26 [00:00<00:00, 86.66it/s, S=0.1294, loss=-0.1094]
Epoch 20/150 [train]:  69%|██████▉   | 18/26 [00:00<00:00, 86.66it/s, S=0.1295, loss=-0.1075]
Epoch 20/150 [train]:  69%|██████▉   | 18/26 [00:00<00:00, 86.66it/s, S=0.1292, loss=-0.1066]
Epoch 20/150 [train]:  69%|██████▉   | 18/26 [00:00<00:00, 86.66it/s, S=0.1323, loss=-0.1116]
Epoch 20/150 [train]:  69%|██████▉   | 18/26 [00:00<00:00, 86.66it/s, S=0.1286, loss=-0.1052]
Epoch 20/150 [train]:  69%|██████▉   | 18/26 [00:00<00:00, 86.66it/s, S=0.1341, loss=-0.1140]
Epoch 20/150 [train]:  69%|██████▉   | 18/26 [00:00<00:00, 86.66it/s, S=0.1317, loss=-0.1103]
Epoch 20/150 [train]:  69%|██████▉   | 18/26 [00:00<00:00, 86.66it/s, S=0.1343, loss=-0.1119]
                                                                                             
Epoch  20/150  train loss=-0.1091  val loss=-0.1177  S[mean]=0.1487  ζ=0.3391  mean_plane_ζ=0.2019  reg=0.0311  λscale=1.00  lr=2.50e-04
Saved val-mean plane ζ checkpoint val_mean_plane_zeta_0.2.pt: threshold=0.2 epoch=20 val_mean_plane_zeta=0.2019

Epoch 21/150 [train]:   0%|          | 0/26 [00:00<?, ?it/s]
Epoch 21/150 [train]:   0%|          | 0/26 [00:00<?, ?it/s, S=0.1344, loss=-0.1107]
Epoch 21/150 [train]:   0%|          | 0/26 [00:00<?, ?it/s, S=0.1371, loss=-0.1149]
Epoch 21/150 [train]:   0%|          | 0/26 [00:00<?, ?it/s, S=0.1344, loss=-0.1119]
Epoch 21/150 [train]:   0%|          | 0/26 [00:00<?, ?it/s, S=0.1386, loss=-0.1178]
Epoch 21/150 [train]:   0%|          | 0/26 [00:00<?, ?it/s, S=0.1351, loss=-0.1147]
Epoch 21/150 [train]:   0%|          | 0/26 [00:00<?, ?it/s, S=0.1342, loss=-0.1140]
Epoch 21/150 [train]:   0%|          | 0/26 [00:00<?, ?it/s, S=0.1316, loss=-0.1099]
Epoch 21/150 [train]:   0%|          | 0/26 [00:00<?, ?it/s, S=0.1368, loss=-0.1153]
Epoch 21/150 [train]:   0%|          | 0/26 [00:00<?, ?it/s, S=0.1418, loss=-0.1211]
Epoch 21/150 [train]:  35%|███▍      | 9/26 [00:00<00:00, 86.06it/s, S=0.1418, loss=-0.1211]
Epoch 21/150 [train]:  35%|███▍      | 9/26 [00:00<00:00, 86.06it/s, S=0.1331, loss=-0.1129]
Epoch 21/150 [train]:  35%|███▍      | 9/26 [00:00<00:00, 86.06it/s, S=0.1369, loss=-0.1154]
Epoch 21/150 [train]:  35%|███▍      | 9/26 [00:00<00:00, 86.06it/s, S=0.1345, loss=-0.1134]
Epoch 21/150 [train]:  35%|███▍      | 9/26 [00:00<00:00, 86.06it/s, S=0.1359, loss=-0.1133]
Epoch 21/150 [train]:  35%|███▍      | 9/26 [00:00<00:00, 86.06it/s, S=0.1402, loss=-0.1193]
Epoch 21/150 [train]:  35%|███▍      | 9/26 [00:00<00:00, 86.06it/s, S=0.1328, loss=-0.1101]
Epoch 21/150 [train]:  35%|███▍      | 9/26 [00:00<00:00, 86.06it/s, S=0.1358, loss=-0.1147]
Epoch 21/150 [train]:  35%|███▍      | 9/26 [00:00<00:00, 86.06it/s, S=0.1365, loss=-0.1139]
Epoch 21/150 [train]:  35%|███▍      | 9/26 [00:00<00:00, 86.06it/s, S=0.1382, loss=-0.1184]
Epoch 21/150 [train]:  69%|██████▉   | 18/26 [00:00<00:00, 86.40it/s, S=0.1382, loss=-0.1184]
Epoch 21/150 [train]:  69%|██████▉   | 18/26 [00:00<00:00, 86.40it/s, S=0.1385, loss=-0.1165]
Epoch 21/150 [train]:  69%|██████▉   | 18/26 [00:00<00:00, 86.40it/s, S=0.1373, loss=-0.1147]
Epoch 21/150 [train]:  69%|██████▉   | 18/26 [00:00<00:00, 86.40it/s, S=0.1358, loss=-0.1147]
Epoch 21/150 [train]:  69%|██████▉   | 18/26 [00:00<00:00, 86.40it/s, S=0.1340, loss=-0.1091]
Epoch 21/150 [train]:  69%|██████▉   | 18/26 [00:00<00:00, 86.40it/s, S=0.1373, loss=-0.1158]
Epoch 21/150 [train]:  69%|██████▉   | 18/26 [00:00<00:00, 86.40it/s, S=0.1381, loss=-0.1167]
Epoch 21/150 [train]:  69%|██████▉   | 18/26 [00:00<00:00, 86.40it/s, S=0.1341, loss=-0.1081]
Epoch 21/150 [train]:  69%|██████▉   | 18/26 [00:00<00:00, 86.40it/s, S=0.1384, loss=-0.1170]
                                                                                             
Epoch  21/150  train loss=-0.1144  val loss=-0.1237  S[mean]=0.1554  ζ=0.3463  mean_plane_ζ=0.2062  reg=0.0317  λscale=1.00  lr=2.11e-04

Epoch 22/150 [train]:   0%|          | 0/26 [00:00<?, ?it/s]
Epoch 22/150 [train]:   0%|          | 0/26 [00:00<?, ?it/s, S=0.1380, loss=-0.1138]
Epoch 22/150 [train]:   0%|          | 0/26 [00:00<?, ?it/s, S=0.1419, loss=-0.1188]
Epoch 22/150 [train]:   0%|          | 0/26 [00:00<?, ?it/s, S=0.1379, loss=-0.1175]
Epoch 22/150 [train]:   0%|          | 0/26 [00:00<?, ?it/s, S=0.1394, loss=-0.1152]
Epoch 22/150 [train]:   0%|          | 0/26 [00:00<?, ?it/s, S=0.1436, loss=-0.1226]
Epoch 22/150 [train]:   0%|          | 0/26 [00:00<?, ?it/s, S=0.1432, loss=-0.1199]
Epoch 22/150 [train]:   0%|          | 0/26 [00:00<?, ?it/s, S=0.1401, loss=-0.1187]
Epoch 22/150 [train]:   0%|          | 0/26 [00:00<?, ?it/s, S=0.1399, loss=-0.1152]
Epoch 22/150 [train]:   0%|          | 0/26 [00:00<?, ?it/s, S=0.1380, loss=-0.1166]
Epoch 22/150 [train]:  35%|███▍      | 9/26 [00:00<00:00, 86.48it/s, S=0.1380, loss=-0.1166]
Epoch 22/150 [train]:  35%|███▍      | 9/26 [00:00<00:00, 86.48it/s, S=0.1417, loss=-0.1205]
Epoch 22/150 [train]:  35%|███▍      | 9/26 [00:00<00:00, 86.48it/s, S=0.1412, loss=-0.1172]
Epoch 22/150 [train]:  35%|███▍      | 9/26 [00:00<00:00, 86.48it/s, S=0.1418, loss=-0.1206]
Epoch 22/150 [train]:  35%|███▍      | 9/26 [00:00<00:00, 86.48it/s, S=0.1361, loss=-0.1148]
Epoch 22/150 [train]:  35%|███▍      | 9/26 [00:00<00:00, 86.48it/s, S=0.1407, loss=-0.1190]
Epoch 22/150 [train]:  35%|███▍      | 9/26 [00:00<00:00, 86.48it/s, S=0.1433, loss=-0.1198]
Epoch 22/150 [train]:  35%|███▍      | 9/26 [00:00<00:00, 86.48it/s, S=0.1426, loss=-0.1195]
Epoch 22/150 [train]:  35%|███▍      | 9/26 [00:00<00:00, 86.48it/s, S=0.1395, loss=-0.1175]
Epoch 22/150 [train]:  35%|███▍      | 9/26 [00:00<00:00, 86.48it/s, S=0.1457, loss=-0.1242]
Epoch 22/150 [train]:  69%|██████▉   | 18/26 [00:00<00:00, 86.76it/s, S=0.1457, loss=-0.1242]
Epoch 22/150 [train]:  69%|██████▉   | 18/26 [00:00<00:00, 86.76it/s, S=0.1394, loss=-0.1161]
Epoch 22/150 [train]:  69%|██████▉   | 18/26 [00:00<00:00, 86.76it/s, S=0.1455, loss=-0.1239]
Epoch 22/150 [train]:  69%|██████▉   | 18/26 [00:00<00:00, 86.76it/s, S=0.1440, loss=-0.1211]
Epoch 22/150 [train]:  69%|██████▉   | 18/26 [00:00<00:00, 86.76it/s, S=0.1472, loss=-0.1255]
Epoch 22/150 [train]:  69%|██████▉   | 18/26 [00:00<00:00, 86.76it/s, S=0.1398, loss=-0.1170]
Epoch 22/150 [train]:  69%|██████▉   | 18/26 [00:00<00:00, 86.76it/s, S=0.1435, loss=-0.1206]
Epoch 22/150 [train]:  69%|██████▉   | 18/26 [00:00<00:00, 86.76it/s, S=0.1446, loss=-0.1218]
Epoch 22/150 [train]:  69%|██████▉   | 18/26 [00:00<00:00, 86.76it/s, S=0.1458, loss=-0.1233]
                                                                                             
Epoch  22/150  train loss=-0.1193  val loss=-0.1287  S[mean]=0.1605  ζ=0.3521  mean_plane_ζ=0.2086  reg=0.0318  λscale=1.00  lr=1.73e-04

Epoch 23/150 [train]:   0%|          | 0/26 [00:00<?, ?it/s]
Epoch 23/150 [train]:   0%|          | 0/26 [00:00<?, ?it/s, S=0.1429, loss=-0.1201]
Epoch 23/150 [train]:   0%|          | 0/26 [00:00<?, ?it/s, S=0.1448, loss=-0.1223]
Epoch 23/150 [train]:   0%|          | 0/26 [00:00<?, ?it/s, S=0.1468, loss=-0.1239]
Epoch 23/150 [train]:   0%|          | 0/26 [00:00<?, ?it/s, S=0.1425, loss=-0.1178]
Epoch 23/150 [train]:   0%|          | 0/26 [00:00<?, ?it/s, S=0.1427, loss=-0.1214]
Epoch 23/150 [train]:   0%|          | 0/26 [00:00<?, ?it/s, S=0.1450, loss=-0.1231]
Epoch 23/150 [train]:   0%|          | 0/26 [00:00<?, ?it/s, S=0.1459, loss=-0.1209]
Epoch 23/150 [train]:   0%|          | 0/26 [00:00<?, ?it/s, S=0.1429, loss=-0.1202]
Epoch 23/150 [train]:   0%|          | 0/26 [00:00<?, ?it/s, S=0.1481, loss=-0.1216]
Epoch 23/150 [train]:  35%|███▍      | 9/26 [00:00<00:00, 86.28it/s, S=0.1481, loss=-0.1216]
Epoch 23/150 [train]:  35%|███▍      | 9/26 [00:00<00:00, 86.28it/s, S=0.1459, loss=-0.1230]
Epoch 23/150 [train]:  35%|███▍      | 9/26 [00:00<00:00, 86.28it/s, S=0.1460, loss=-0.1243]
Epoch 23/150 [train]:  35%|███▍      | 9/26 [00:00<00:00, 86.28it/s, S=0.1470, loss=-0.1230]
Epoch 23/150 [train]:  35%|███▍      | 9/26 [00:00<00:00, 86.28it/s, S=0.1470, loss=-0.1236]
Epoch 23/150 [train]:  35%|███▍      | 9/26 [00:00<00:00, 86.28it/s, S=0.1447, loss=-0.1182]
Epoch 23/150 [train]:  35%|███▍      | 9/26 [00:00<00:00, 86.28it/s, S=0.1461, loss=-0.1247]
Epoch 23/150 [train]:  35%|███▍      | 9/26 [00:00<00:00, 86.28it/s, S=0.1447, loss=-0.1225]
Epoch 23/150 [train]:  35%|███▍      | 9/26 [00:00<00:00, 86.28it/s, S=0.1503, loss=-0.1286]
Epoch 23/150 [train]:  35%|███▍      | 9/26 [00:00<00:00, 86.28it/s, S=0.1477, loss=-0.1238]
Epoch 23/150 [train]:  69%|██████▉   | 18/26 [00:00<00:00, 86.51it/s, S=0.1477, loss=-0.1238]
Epoch 23/150 [train]:  69%|██████▉   | 18/26 [00:00<00:00, 86.51it/s, S=0.1444, loss=-0.1233]
Epoch 23/150 [train]:  69%|██████▉   | 18/26 [00:00<00:00, 86.51it/s, S=0.1434, loss=-0.1183]
Epoch 23/150 [train]:  69%|██████▉   | 18/26 [00:00<00:00, 86.51it/s, S=0.1461, loss=-0.1240]
Epoch 23/150 [train]:  69%|██████▉   | 18/26 [00:00<00:00, 86.51it/s, S=0.1435, loss=-0.1195]
Epoch 23/150 [train]:  69%|██████▉   | 18/26 [00:00<00:00, 86.51it/s, S=0.1487, loss=-0.1252]
Epoch 23/150 [train]:  69%|██████▉   | 18/26 [00:00<00:00, 86.51it/s, S=0.1486, loss=-0.1266]
Epoch 23/150 [train]:  69%|██████▉   | 18/26 [00:00<00:00, 86.51it/s, S=0.1497, loss=-0.1282]
Epoch 23/150 [train]:  69%|██████▉   | 18/26 [00:00<00:00, 86.51it/s, S=0.1486, loss=-0.1259]
                                                                                             
Epoch  23/150  train loss=-0.1229  val loss=-0.1317  S[mean]=0.1634  ζ=0.3553  mean_plane_ζ=0.2101  reg=0.0317  λscale=1.00  lr=1.37e-04

Epoch 24/150 [train]:   0%|          | 0/26 [00:00<?, ?it/s]
Epoch 24/150 [train]:   0%|          | 0/26 [00:00<?, ?it/s, S=0.1450, loss=-0.1210]
Epoch 24/150 [train]:   0%|          | 0/26 [00:00<?, ?it/s, S=0.1462, loss=-0.1236]
Epoch 24/150 [train]:   0%|          | 0/26 [00:00<?, ?it/s, S=0.1484, loss=-0.1262]
Epoch 24/150 [train]:   0%|          | 0/26 [00:00<?, ?it/s, S=0.1486, loss=-0.1266]
Epoch 24/150 [train]:   0%|          | 0/26 [00:00<?, ?it/s, S=0.1516, loss=-0.1289]
Epoch 24/150 [train]:   0%|          | 0/26 [00:00<?, ?it/s, S=0.1477, loss=-0.1233]
Epoch 24/150 [train]:   0%|          | 0/26 [00:00<?, ?it/s, S=0.1503, loss=-0.1273]
Epoch 24/150 [train]:   0%|          | 0/26 [00:00<?, ?it/s, S=0.1479, loss=-0.1253]
Epoch 24/150 [train]:   0%|          | 0/26 [00:00<?, ?it/s, S=0.1476, loss=-0.1244]
Epoch 24/150 [train]:  35%|███▍      | 9/26 [00:00<00:00, 86.36it/s, S=0.1476, loss=-0.1244]
Epoch 24/150 [train]:  35%|███▍      | 9/26 [00:00<00:00, 86.36it/s, S=0.1467, loss=-0.1229]
Epoch 24/150 [train]:  35%|███▍      | 9/26 [00:00<00:00, 86.36it/s, S=0.1504, loss=-0.1289]
Epoch 24/150 [train]:  35%|███▍      | 9/26 [00:00<00:00, 86.36it/s, S=0.1531, loss=-0.1281]
Epoch 24/150 [train]:  35%|███▍      | 9/26 [00:00<00:00, 86.36it/s, S=0.1495, loss=-0.1285]
Epoch 24/150 [train]:  35%|███▍      | 9/26 [00:00<00:00, 86.36it/s, S=0.1490, loss=-0.1259]
Epoch 24/150 [train]:  35%|███▍      | 9/26 [00:00<00:00, 86.36it/s, S=0.1476, loss=-0.1239]
Epoch 24/150 [train]:  35%|███▍      | 9/26 [00:00<00:00, 86.36it/s, S=0.1445, loss=-0.1210]
Epoch 24/150 [train]:  35%|███▍      | 9/26 [00:00<00:00, 86.36it/s, S=0.1482, loss=-0.1264]
Epoch 24/150 [train]:  35%|███▍      | 9/26 [00:00<00:00, 86.36it/s, S=0.1510, loss=-0.1287]
Epoch 24/150 [train]:  69%|██████▉   | 18/26 [00:00<00:00, 86.52it/s, S=0.1510, loss=-0.1287]
Epoch 24/150 [train]:  69%|██████▉   | 18/26 [00:00<00:00, 86.52it/s, S=0.1498, loss=-0.1271]
Epoch 24/150 [train]:  69%|██████▉   | 18/26 [00:00<00:00, 86.52it/s, S=0.1461, loss=-0.1242]
Epoch 24/150 [train]:  69%|██████▉   | 18/26 [00:00<00:00, 86.52it/s, S=0.1472, loss=-0.1255]
Epoch 24/150 [train]:  69%|██████▉   | 18/26 [00:00<00:00, 86.52it/s, S=0.1505, loss=-0.1290]
Epoch 24/150 [train]:  69%|██████▉   | 18/26 [00:00<00:00, 86.52it/s, S=0.1450, loss=-0.1225]
Epoch 24/150 [train]:  69%|██████▉   | 18/26 [00:00<00:00, 86.52it/s, S=0.1498, loss=-0.1276]
Epoch 24/150 [train]:  69%|██████▉   | 18/26 [00:00<00:00, 86.52it/s, S=0.1524, loss=-0.1300]
Epoch 24/150 [train]:  69%|██████▉   | 18/26 [00:00<00:00, 86.52it/s, S=0.1525, loss=-0.1298]
                                                                                             
Epoch  24/150  train loss=-0.1260  val loss=-0.1344  S[mean]=0.1655  ζ=0.3578  mean_plane_ζ=0.2110  reg=0.0311  λscale=1.00  lr=1.03e-04

Epoch 25/150 [train]:   0%|          | 0/26 [00:00<?, ?it/s]
Epoch 25/150 [train]:   0%|          | 0/26 [00:00<?, ?it/s, S=0.1535, loss=-0.1320]
Epoch 25/150 [train]:   0%|          | 0/26 [00:00<?, ?it/s, S=0.1499, loss=-0.1278]
Epoch 25/150 [train]:   0%|          | 0/26 [00:00<?, ?it/s, S=0.1506, loss=-0.1293]
Epoch 25/150 [train]:   0%|          | 0/26 [00:00<?, ?it/s, S=0.1523, loss=-0.1314]
Epoch 25/150 [train]:   0%|          | 0/26 [00:00<?, ?it/s, S=0.1504, loss=-0.1265]
Epoch 25/150 [train]:   0%|          | 0/26 [00:00<?, ?it/s, S=0.1506, loss=-0.1276]
Epoch 25/150 [train]:   0%|          | 0/26 [00:00<?, ?it/s, S=0.1461, loss=-0.1236]
Epoch 25/150 [train]:   0%|          | 0/26 [00:00<?, ?it/s, S=0.1487, loss=-0.1218]
Epoch 25/150 [train]:   0%|          | 0/26 [00:00<?, ?it/s, S=0.1481, loss=-0.1276]
Epoch 25/150 [train]:  35%|███▍      | 9/26 [00:00<00:00, 86.55it/s, S=0.1481, loss=-0.1276]
Epoch 25/150 [train]:  35%|███▍      | 9/26 [00:00<00:00, 86.55it/s, S=0.1490, loss=-0.1277]
Epoch 25/150 [train]:  35%|███▍      | 9/26 [00:00<00:00, 86.55it/s, S=0.1488, loss=-0.1257]
Epoch 25/150 [train]:  35%|███▍      | 9/26 [00:00<00:00, 86.55it/s, S=0.1492, loss=-0.1260]
Epoch 25/150 [train]:  35%|███▍      | 9/26 [00:00<00:00, 86.55it/s, S=0.1520, loss=-0.1286]
Epoch 25/150 [train]:  35%|███▍      | 9/26 [00:00<00:00, 86.55it/s, S=0.1519, loss=-0.1303]
Epoch 25/150 [train]:  35%|███▍      | 9/26 [00:00<00:00, 86.55it/s, S=0.1507, loss=-0.1281]
Epoch 25/150 [train]:  35%|███▍      | 9/26 [00:00<00:00, 86.55it/s, S=0.1531, loss=-0.1312]
Epoch 25/150 [train]:  35%|███▍      | 9/26 [00:00<00:00, 86.55it/s, S=0.1498, loss=-0.1273]
Epoch 25/150 [train]:  35%|███▍      | 9/26 [00:00<00:00, 86.55it/s, S=0.1504, loss=-0.1276]
Epoch 25/150 [train]:  69%|██████▉   | 18/26 [00:00<00:00, 86.59it/s, S=0.1504, loss=-0.1276]
Epoch 25/150 [train]:  69%|██████▉   | 18/26 [00:00<00:00, 86.59it/s, S=0.1494, loss=-0.1266]
Epoch 25/150 [train]:  69%|██████▉   | 18/26 [00:00<00:00, 86.59it/s, S=0.1513, loss=-0.1299]
Epoch 25/150 [train]:  69%|██████▉   | 18/26 [00:00<00:00, 86.59it/s, S=0.1488, loss=-0.1257]
Epoch 25/150 [train]:  69%|██████▉   | 18/26 [00:00<00:00, 86.59it/s, S=0.1510, loss=-0.1279]
Epoch 25/150 [train]:  69%|██████▉   | 18/26 [00:00<00:00, 86.59it/s, S=0.1500, loss=-0.1270]
Epoch 25/150 [train]:  69%|██████▉   | 18/26 [00:00<00:00, 86.59it/s, S=0.1513, loss=-0.1292]
Epoch 25/150 [train]:  69%|██████▉   | 18/26 [00:00<00:00, 86.59it/s, S=0.1504, loss=-0.1252]
Epoch 25/150 [train]:  69%|██████▉   | 18/26 [00:00<00:00, 86.59it/s, S=0.1521, loss=-0.1301]
                                                                                             
Epoch  25/150  train loss=-0.1278  val loss=-0.1356  S[mean]=0.1666  ζ=0.3587  mean_plane_ζ=0.2114  reg=0.0310  λscale=1.00  lr=7.32e-05

Epoch 26/150 [train]:   0%|          | 0/26 [00:00<?, ?it/s]
Epoch 26/150 [train]:   0%|          | 0/26 [00:00<?, ?it/s, S=0.1538, loss=-0.1315]
Epoch 26/150 [train]:   0%|          | 0/26 [00:00<?, ?it/s, S=0.1526, loss=-0.1313]
Epoch 26/150 [train]:   0%|          | 0/26 [00:00<?, ?it/s, S=0.1521, loss=-0.1293]
Epoch 26/150 [train]:   0%|          | 0/26 [00:00<?, ?it/s, S=0.1532, loss=-0.1320]
Epoch 26/150 [train]:   0%|          | 0/26 [00:00<?, ?it/s, S=0.1552, loss=-0.1323]
Epoch 26/150 [train]:   0%|          | 0/26 [00:00<?, ?it/s, S=0.1497, loss=-0.1275]
Epoch 26/150 [train]:   0%|          | 0/26 [00:00<?, ?it/s, S=0.1488, loss=-0.1280]
Epoch 26/150 [train]:   0%|          | 0/26 [00:00<?, ?it/s, S=0.1534, loss=-0.1306]
Epoch 26/150 [train]:   0%|          | 0/26 [00:00<?, ?it/s, S=0.1504, loss=-0.1294]
Epoch 26/150 [train]:  35%|███▍      | 9/26 [00:00<00:00, 86.34it/s, S=0.1504, loss=-0.1294]
Epoch 26/150 [train]:  35%|███▍      | 9/26 [00:00<00:00, 86.34it/s, S=0.1477, loss=-0.1226]
Epoch 26/150 [train]:  35%|███▍      | 9/26 [00:00<00:00, 86.34it/s, S=0.1525, loss=-0.1296]
Epoch 26/150 [train]:  35%|███▍      | 9/26 [00:00<00:00, 86.34it/s, S=0.1502, loss=-0.1280]
Epoch 26/150 [train]:  35%|███▍      | 9/26 [00:00<00:00, 86.34it/s, S=0.1521, loss=-0.1292]
Epoch 26/150 [train]:  35%|███▍      | 9/26 [00:00<00:00, 86.34it/s, S=0.1535, loss=-0.1310]
Epoch 26/150 [train]:  35%|███▍      | 9/26 [00:00<00:00, 86.34it/s, S=0.1531, loss=-0.1284]
Epoch 26/150 [train]:  35%|███▍      | 9/26 [00:00<00:00, 86.34it/s, S=0.1505, loss=-0.1294]
Epoch 26/150 [train]:  35%|███▍      | 9/26 [00:00<00:00, 86.34it/s, S=0.1520, loss=-0.1303]
Epoch 26/150 [train]:  35%|███▍      | 9/26 [00:00<00:00, 86.34it/s, S=0.1551, loss=-0.1314]
Epoch 26/150 [train]:  69%|██████▉   | 18/26 [00:00<00:00, 86.53it/s, S=0.1551, loss=-0.1314]
Epoch 26/150 [train]:  69%|██████▉   | 18/26 [00:00<00:00, 86.53it/s, S=0.1502, loss=-0.1289]
Epoch 26/150 [train]:  69%|██████▉   | 18/26 [00:00<00:00, 86.53it/s, S=0.1539, loss=-0.1327]
Epoch 26/150 [train]:  69%|██████▉   | 18/26 [00:00<00:00, 86.53it/s, S=0.1526, loss=-0.1299]
Epoch 26/150 [train]:  69%|██████▉   | 18/26 [00:00<00:00, 86.53it/s, S=0.1483, loss=-0.1215]
Epoch 26/150 [train]:  69%|██████▉   | 18/26 [00:00<00:00, 86.53it/s, S=0.1525, loss=-0.1276]
Epoch 26/150 [train]:  69%|██████▉   | 18/26 [00:00<00:00, 86.53it/s, S=0.1504, loss=-0.1279]
Epoch 26/150 [train]:  69%|██████▉   | 18/26 [00:00<00:00, 86.53it/s, S=0.1541, loss=-0.1324]
Epoch 26/150 [train]:  69%|██████▉   | 18/26 [00:00<00:00, 86.53it/s, S=0.1523, loss=-0.1298]
                                                                                             
Epoch  26/150  train loss=-0.1293  val loss=-0.1365  S[mean]=0.1674  ζ=0.3596  mean_plane_ζ=0.2118  reg=0.0309  λscale=1.00  lr=4.77e-05

Epoch 27/150 [train]:   0%|          | 0/26 [00:00<?, ?it/s]
Epoch 27/150 [train]:   0%|          | 0/26 [00:00<?, ?it/s, S=0.1506, loss=-0.1278]
Epoch 27/150 [train]:   0%|          | 0/26 [00:00<?, ?it/s, S=0.1476, loss=-0.1251]
Epoch 27/150 [train]:   0%|          | 0/26 [00:00<?, ?it/s, S=0.1568, loss=-0.1355]
Epoch 27/150 [train]:   0%|          | 0/26 [00:00<?, ?it/s, S=0.1512, loss=-0.1290]
Epoch 27/150 [train]:   0%|          | 0/26 [00:00<?, ?it/s, S=0.1565, loss=-0.1355]
Epoch 27/150 [train]:   0%|          | 0/26 [00:00<?, ?it/s, S=0.1572, loss=-0.1351]
Epoch 27/150 [train]:   0%|          | 0/26 [00:00<?, ?it/s, S=0.1540, loss=-0.1318]
Epoch 27/150 [train]:   0%|          | 0/26 [00:00<?, ?it/s, S=0.1505, loss=-0.1270]
Epoch 27/150 [train]:   0%|          | 0/26 [00:00<?, ?it/s, S=0.1525, loss=-0.1312]
Epoch 27/150 [train]:  35%|███▍      | 9/26 [00:00<00:00, 86.15it/s, S=0.1525, loss=-0.1312]
Epoch 27/150 [train]:  35%|███▍      | 9/26 [00:00<00:00, 86.15it/s, S=0.1567, loss=-0.1354]
Epoch 27/150 [train]:  35%|███▍      | 9/26 [00:00<00:00, 86.15it/s, S=0.1529, loss=-0.1306]
Epoch 27/150 [train]:  35%|███▍      | 9/26 [00:00<00:00, 86.15it/s, S=0.1524, loss=-0.1299]
Epoch 27/150 [train]:  35%|███▍      | 9/26 [00:00<00:00, 86.15it/s, S=0.1533, loss=-0.1322]
Epoch 27/150 [train]:  35%|███▍      | 9/26 [00:00<00:00, 86.15it/s, S=0.1486, loss=-0.1262]
Epoch 27/150 [train]:  35%|███▍      | 9/26 [00:00<00:00, 86.15it/s, S=0.1554, loss=-0.1335]
Epoch 27/150 [train]:  35%|███▍      | 9/26 [00:00<00:00, 86.15it/s, S=0.1509, loss=-0.1291]
Epoch 27/150 [train]:  35%|███▍      | 9/26 [00:00<00:00, 86.15it/s, S=0.1495, loss=-0.1261]
Epoch 27/150 [train]:  35%|███▍      | 9/26 [00:00<00:00, 86.15it/s, S=0.1520, loss=-0.1311]
Epoch 27/150 [train]:  69%|██████▉   | 18/26 [00:00<00:00, 86.48it/s, S=0.1520, loss=-0.1311]
Epoch 27/150 [train]:  69%|██████▉   | 18/26 [00:00<00:00, 86.48it/s, S=0.1467, loss=-0.1243]
Epoch 27/150 [train]:  69%|██████▉   | 18/26 [00:00<00:00, 86.48it/s, S=0.1521, loss=-0.1285]
Epoch 27/150 [train]:  69%|██████▉   | 18/26 [00:00<00:00, 86.48it/s, S=0.1530, loss=-0.1288]
Epoch 27/150 [train]:  69%|██████▉   | 18/26 [00:00<00:00, 86.48it/s, S=0.1521, loss=-0.1309]
Epoch 27/150 [train]:  69%|██████▉   | 18/26 [00:00<00:00, 86.48it/s, S=0.1515, loss=-0.1298]
Epoch 27/150 [train]:  69%|██████▉   | 18/26 [00:00<00:00, 86.48it/s, S=0.1515, loss=-0.1277]
Epoch 27/150 [train]:  69%|██████▉   | 18/26 [00:00<00:00, 86.48it/s, S=0.1495, loss=-0.1268]
Epoch 27/150 [train]:  69%|██████▉   | 18/26 [00:00<00:00, 86.48it/s, S=0.1507, loss=-0.1257]
                                                                                             
Epoch  27/150  train loss=-0.1298  val loss=-0.1372  S[mean]=0.1679  ζ=0.3601  mean_plane_ζ=0.2119  reg=0.0307  λscale=1.00  lr=2.72e-05

Epoch 28/150 [train]:   0%|          | 0/26 [00:00<?, ?it/s]
Epoch 28/150 [train]:   0%|          | 0/26 [00:00<?, ?it/s, S=0.1534, loss=-0.1317]
Epoch 28/150 [train]:   0%|          | 0/26 [00:00<?, ?it/s, S=0.1535, loss=-0.1310]
Epoch 28/150 [train]:   0%|          | 0/26 [00:00<?, ?it/s, S=0.1554, loss=-0.1318]
Epoch 28/150 [train]:   0%|          | 0/26 [00:00<?, ?it/s, S=0.1578, loss=-0.1376]
Epoch 28/150 [train]:   0%|          | 0/26 [00:00<?, ?it/s, S=0.1547, loss=-0.1333]
Epoch 28/150 [train]:   0%|          | 0/26 [00:00<?, ?it/s, S=0.1502, loss=-0.1279]
Epoch 28/150 [train]:   0%|          | 0/26 [00:00<?, ?it/s, S=0.1563, loss=-0.1350]
Epoch 28/150 [train]:   0%|          | 0/26 [00:00<?, ?it/s, S=0.1481, loss=-0.1254]
Epoch 28/150 [train]:   0%|          | 0/26 [00:00<?, ?it/s, S=0.1536, loss=-0.1316]
Epoch 28/150 [train]:  35%|███▍      | 9/26 [00:00<00:00, 86.29it/s, S=0.1536, loss=-0.1316]
Epoch 28/150 [train]:  35%|███▍      | 9/26 [00:00<00:00, 86.29it/s, S=0.1531, loss=-0.1306]
Epoch 28/150 [train]:  35%|███▍      | 9/26 [00:00<00:00, 86.29it/s, S=0.1528, loss=-0.1303]
Epoch 28/150 [train]:  35%|███▍      | 9/26 [00:00<00:00, 86.29it/s, S=0.1530, loss=-0.1313]
Epoch 28/150 [train]:  35%|███▍      | 9/26 [00:00<00:00, 86.29it/s, S=0.1557, loss=-0.1305]
Epoch 28/150 [train]:  35%|███▍      | 9/26 [00:00<00:00, 86.29it/s, S=0.1524, loss=-0.1291]
Epoch 28/150 [train]:  35%|███▍      | 9/26 [00:00<00:00, 86.29it/s, S=0.1531, loss=-0.1300]
Epoch 28/150 [train]:  35%|███▍      | 9/26 [00:00<00:00, 86.29it/s, S=0.1558, loss=-0.1342]
Epoch 28/150 [train]:  35%|███▍      | 9/26 [00:00<00:00, 86.29it/s, S=0.1511, loss=-0.1288]
Epoch 28/150 [train]:  35%|███▍      | 9/26 [00:00<00:00, 86.29it/s, S=0.1533, loss=-0.1305]
Epoch 28/150 [train]:  69%|██████▉   | 18/26 [00:00<00:00, 86.75it/s, S=0.1533, loss=-0.1305]
Epoch 28/150 [train]:  69%|██████▉   | 18/26 [00:00<00:00, 86.75it/s, S=0.1520, loss=-0.1317]
Epoch 28/150 [train]:  69%|██████▉   | 18/26 [00:00<00:00, 86.75it/s, S=0.1532, loss=-0.1312]
Epoch 28/150 [train]:  69%|██████▉   | 18/26 [00:00<00:00, 86.75it/s, S=0.1521, loss=-0.1298]
Epoch 28/150 [train]:  69%|██████▉   | 18/26 [00:00<00:00, 86.75it/s, S=0.1511, loss=-0.1266]
Epoch 28/150 [train]:  69%|██████▉   | 18/26 [00:00<00:00, 86.75it/s, S=0.1520, loss=-0.1291]
Epoch 28/150 [train]:  69%|██████▉   | 18/26 [00:00<00:00, 86.75it/s, S=0.1542, loss=-0.1322]
Epoch 28/150 [train]:  69%|██████▉   | 18/26 [00:00<00:00, 86.75it/s, S=0.1530, loss=-0.1326]
Epoch 28/150 [train]:  69%|██████▉   | 18/26 [00:00<00:00, 86.75it/s, S=0.1502, loss=-0.1282]
                                                                                             
Epoch  28/150  train loss=-0.1308  val loss=-0.1376  S[mean]=0.1682  ζ=0.3604  mean_plane_ζ=0.2121  reg=0.0306  λscale=1.00  lr=1.22e-05

Epoch 29/150 [train]:   0%|          | 0/26 [00:00<?, ?it/s]
Epoch 29/150 [train]:   0%|          | 0/26 [00:00<?, ?it/s, S=0.1545, loss=-0.1334]
Epoch 29/150 [train]:   0%|          | 0/26 [00:00<?, ?it/s, S=0.1527, loss=-0.1287]
Epoch 29/150 [train]:   0%|          | 0/26 [00:00<?, ?it/s, S=0.1543, loss=-0.1336]
Epoch 29/150 [train]:   0%|          | 0/26 [00:00<?, ?it/s, S=0.1530, loss=-0.1323]
Epoch 29/150 [train]:   0%|          | 0/26 [00:00<?, ?it/s, S=0.1514, loss=-0.1283]
Epoch 29/150 [train]:   0%|          | 0/26 [00:00<?, ?it/s, S=0.1521, loss=-0.1302]
Epoch 29/150 [train]:   0%|          | 0/26 [00:00<?, ?it/s, S=0.1535, loss=-0.1304]
Epoch 29/150 [train]:   0%|          | 0/26 [00:00<?, ?it/s, S=0.1570, loss=-0.1345]
Epoch 29/150 [train]:   0%|          | 0/26 [00:00<?, ?it/s, S=0.1547, loss=-0.1330]
Epoch 29/150 [train]:  35%|███▍      | 9/26 [00:00<00:00, 86.07it/s, S=0.1547, loss=-0.1330]
Epoch 29/150 [train]:  35%|███▍      | 9/26 [00:00<00:00, 86.07it/s, S=0.1534, loss=-0.1287]
Epoch 29/150 [train]:  35%|███▍      | 9/26 [00:00<00:00, 86.07it/s, S=0.1530, loss=-0.1301]
Epoch 29/150 [train]:  35%|███▍      | 9/26 [00:00<00:00, 86.07it/s, S=0.1540, loss=-0.1325]
Epoch 29/150 [train]:  35%|███▍      | 9/26 [00:00<00:00, 86.07it/s, S=0.1522, loss=-0.1296]
Epoch 29/150 [train]:  35%|███▍      | 9/26 [00:00<00:00, 86.07it/s, S=0.1514, loss=-0.1243]
Epoch 29/150 [train]:  35%|███▍      | 9/26 [00:00<00:00, 86.07it/s, S=0.1524, loss=-0.1306]
Epoch 29/150 [train]:  35%|███▍      | 9/26 [00:00<00:00, 86.07it/s, S=0.1508, loss=-0.1275]
Epoch 29/150 [train]:  35%|███▍      | 9/26 [00:00<00:00, 86.07it/s, S=0.1506, loss=-0.1288]
Epoch 29/150 [train]:  35%|███▍      | 9/26 [00:00<00:00, 86.07it/s, S=0.1542, loss=-0.1322]
Epoch 29/150 [train]:  69%|██████▉   | 18/26 [00:00<00:00, 86.40it/s, S=0.1542, loss=-0.1322]
Epoch 29/150 [train]:  69%|██████▉   | 18/26 [00:00<00:00, 86.40it/s, S=0.1519, loss=-0.1288]
Epoch 29/150 [train]:  69%|██████▉   | 18/26 [00:00<00:00, 86.40it/s, S=0.1547, loss=-0.1324]
Epoch 29/150 [train]:  69%|██████▉   | 18/26 [00:00<00:00, 86.40it/s, S=0.1499, loss=-0.1276]
Epoch 29/150 [train]:  69%|██████▉   | 18/26 [00:00<00:00, 86.40it/s, S=0.1542, loss=-0.1317]
Epoch 29/150 [train]:  69%|██████▉   | 18/26 [00:00<00:00, 86.40it/s, S=0.1515, loss=-0.1306]
Epoch 29/150 [train]:  69%|██████▉   | 18/26 [00:00<00:00, 86.40it/s, S=0.1526, loss=-0.1284]
Epoch 29/150 [train]:  69%|██████▉   | 18/26 [00:00<00:00, 86.40it/s, S=0.1542, loss=-0.1336]
Epoch 29/150 [train]:  69%|██████▉   | 18/26 [00:00<00:00, 86.40it/s, S=0.1549, loss=-0.1348]
                                                                                             
Epoch  29/150  train loss=-0.1306  val loss=-0.1378  S[mean]=0.1683  ζ=0.3606  mean_plane_ζ=0.2122  reg=0.0306  λscale=1.00  lr=3.08e-06

Epoch 30/150 [train]:   0%|          | 0/26 [00:00<?, ?it/s]
Epoch 30/150 [train]:   0%|          | 0/26 [00:00<?, ?it/s, S=0.1512, loss=-0.1293]
Epoch 30/150 [train]:   0%|          | 0/26 [00:00<?, ?it/s, S=0.1515, loss=-0.1300]
Epoch 30/150 [train]:   0%|          | 0/26 [00:00<?, ?it/s, S=0.1510, loss=-0.1301]
Epoch 30/150 [train]:   0%|          | 0/26 [00:00<?, ?it/s, S=0.1549, loss=-0.1341]
Epoch 30/150 [train]:   0%|          | 0/26 [00:00<?, ?it/s, S=0.1553, loss=-0.1347]
Epoch 30/150 [train]:   0%|          | 0/26 [00:00<?, ?it/s, S=0.1528, loss=-0.1292]
Epoch 30/150 [train]:   0%|          | 0/26 [00:00<?, ?it/s, S=0.1559, loss=-0.1336]
Epoch 30/150 [train]:   0%|          | 0/26 [00:00<?, ?it/s, S=0.1514, loss=-0.1279]
Epoch 30/150 [train]:   0%|          | 0/26 [00:00<?, ?it/s, S=0.1561, loss=-0.1341]
Epoch 30/150 [train]:  35%|███▍      | 9/26 [00:00<00:00, 86.04it/s, S=0.1561, loss=-0.1341]
Epoch 30/150 [train]:  35%|███▍      | 9/26 [00:00<00:00, 86.04it/s, S=0.1547, loss=-0.1346]
Epoch 30/150 [train]:  35%|███▍      | 9/26 [00:00<00:00, 86.04it/s, S=0.1535, loss=-0.1297]
Epoch 30/150 [train]:  35%|███▍      | 9/26 [00:00<00:00, 86.04it/s, S=0.1527, loss=-0.1302]
Epoch 30/150 [train]:  35%|███▍      | 9/26 [00:00<00:00, 86.04it/s, S=0.1554, loss=-0.1320]
Epoch 30/150 [train]:  35%|███▍      | 9/26 [00:00<00:00, 86.04it/s, S=0.1543, loss=-0.1299]
Epoch 30/150 [train]:  35%|███▍      | 9/26 [00:00<00:00, 86.04it/s, S=0.1511, loss=-0.1306]
Epoch 30/150 [train]:  35%|███▍      | 9/26 [00:00<00:00, 86.04it/s, S=0.1524, loss=-0.1274]
Epoch 30/150 [train]:  35%|███▍      | 9/26 [00:00<00:00, 86.04it/s, S=0.1564, loss=-0.1351]
Epoch 30/150 [train]:  35%|███▍      | 9/26 [00:00<00:00, 86.04it/s, S=0.1559, loss=-0.1350]
Epoch 30/150 [train]:  69%|██████▉   | 18/26 [00:00<00:00, 86.34it/s, S=0.1559, loss=-0.1350]
Epoch 30/150 [train]:  69%|██████▉   | 18/26 [00:00<00:00, 86.34it/s, S=0.1547, loss=-0.1311]
Epoch 30/150 [train]:  69%|██████▉   | 18/26 [00:00<00:00, 86.34it/s, S=0.1507, loss=-0.1290]
Epoch 30/150 [train]:  69%|██████▉   | 18/26 [00:00<00:00, 86.34it/s, S=0.1479, loss=-0.1243]
Epoch 30/150 [train]:  69%|██████▉   | 18/26 [00:00<00:00, 86.34it/s, S=0.1527, loss=-0.1314]
Epoch 30/150 [train]:  69%|██████▉   | 18/26 [00:00<00:00, 86.34it/s, S=0.1553, loss=-0.1342]
Epoch 30/150 [train]:  69%|██████▉   | 18/26 [00:00<00:00, 86.34it/s, S=0.1529, loss=-0.1288]
Epoch 30/150 [train]:  69%|██████▉   | 18/26 [00:00<00:00, 86.34it/s, S=0.1525, loss=-0.1320]
Epoch 30/150 [train]:  69%|██████▉   | 18/26 [00:00<00:00, 86.34it/s, S=0.1514, loss=-0.1272]
                                                                                             
Epoch  30/150  train loss=-0.1310  val loss=-0.1378  S[mean]=0.1684  ζ=0.3606  mean_plane_ζ=0.2122  reg=0.0306  λscale=1.00  lr=5.00e-04

Epoch 31/150 [train]:   0%|          | 0/26 [00:00<?, ?it/s]
Epoch 31/150 [train]:   0%|          | 0/26 [00:00<?, ?it/s, S=0.1553, loss=-0.1337]
Epoch 31/150 [train]:   0%|          | 0/26 [00:00<?, ?it/s, S=0.1519, loss=-0.1308]
Epoch 31/150 [train]:   0%|          | 0/26 [00:00<?, ?it/s, S=0.1528, loss=-0.1315]
Epoch 31/150 [train]:   0%|          | 0/26 [00:00<?, ?it/s, S=0.1563, loss=-0.1347]
Epoch 31/150 [train]:   0%|          | 0/26 [00:00<?, ?it/s, S=0.1566, loss=-0.1342]
Epoch 31/150 [train]:   0%|          | 0/26 [00:00<?, ?it/s, S=0.1558, loss=-0.1330]
Epoch 31/150 [train]:   0%|          | 0/26 [00:00<?, ?it/s, S=0.1521, loss=-0.1303]
Epoch 31/150 [train]:   0%|          | 0/26 [00:00<?, ?it/s, S=0.1564, loss=-0.1328]
Epoch 31/150 [train]:   0%|          | 0/26 [00:00<?, ?it/s, S=0.1542, loss=-0.1328]
Epoch 31/150 [train]:  35%|███▍      | 9/26 [00:00<00:00, 85.93it/s, S=0.1542, loss=-0.1328]
Epoch 31/150 [train]:  35%|███▍      | 9/26 [00:00<00:00, 85.93it/s, S=0.1536, loss=-0.1316]
Epoch 31/150 [train]:  35%|███▍      | 9/26 [00:00<00:00, 85.93it/s, S=0.1513, loss=-0.1283]
Epoch 31/150 [train]:  35%|███▍      | 9/26 [00:00<00:00, 85.93it/s, S=0.1504, loss=-0.1228]
Epoch 31/150 [train]:  35%|███▍      | 9/26 [00:00<00:00, 85.93it/s, S=0.1566, loss=-0.1330]
Epoch 31/150 [train]:  35%|███▍      | 9/26 [00:00<00:00, 85.93it/s, S=0.1509, loss=-0.1285]
Epoch 31/150 [train]:  35%|███▍      | 9/26 [00:00<00:00, 85.93it/s, S=0.1554, loss=-0.1313]
Epoch 31/150 [train]:  35%|███▍      | 9/26 [00:00<00:00, 85.93it/s, S=0.1559, loss=-0.1303]
Epoch 31/150 [train]:  35%|███▍      | 9/26 [00:00<00:00, 85.93it/s, S=0.1561, loss=-0.1329]
Epoch 31/150 [train]:  35%|███▍      | 9/26 [00:00<00:00, 85.93it/s, S=0.1568, loss=-0.1346]
Epoch 31/150 [train]:  69%|██████▉   | 18/26 [00:00<00:00, 86.21it/s, S=0.1568, loss=-0.1346]
Epoch 31/150 [train]:  69%|██████▉   | 18/26 [00:00<00:00, 86.21it/s, S=0.1548, loss=-0.1320]
Epoch 31/150 [train]:  69%|██████▉   | 18/26 [00:00<00:00, 86.21it/s, S=0.1536, loss=-0.1317]
Epoch 31/150 [train]:  69%|██████▉   | 18/26 [00:00<00:00, 86.21it/s, S=0.1580, loss=-0.1351]
Epoch 31/150 [train]:  69%|██████▉   | 18/26 [00:00<00:00, 86.21it/s, S=0.1565, loss=-0.1325]
Epoch 31/150 [train]:  69%|██████▉   | 18/26 [00:00<00:00, 86.21it/s, S=0.1564, loss=-0.1319]
Epoch 31/150 [train]:  69%|██████▉   | 18/26 [00:00<00:00, 86.21it/s, S=0.1575, loss=-0.1350]
Epoch 31/150 [train]:  69%|██████▉   | 18/26 [00:00<00:00, 86.21it/s, S=0.1511, loss=-0.1265]
Epoch 31/150 [train]:  69%|██████▉   | 18/26 [00:00<00:00, 86.21it/s, S=0.1581, loss=-0.1341]
                                                                                             
Epoch  31/150  train loss=-0.1318  val loss=-0.1382  S[mean]=0.1715  ζ=0.3617  mean_plane_ζ=0.2130  reg=0.0333  λscale=1.00  lr=4.99e-04

Epoch 32/150 [train]:   0%|          | 0/26 [00:00<?, ?it/s]
Epoch 32/150 [train]:   0%|          | 0/26 [00:00<?, ?it/s, S=0.1567, loss=-0.1316]
Epoch 32/150 [train]:   0%|          | 0/26 [00:00<?, ?it/s, S=0.1601, loss=-0.1364]
Epoch 32/150 [train]:   0%|          | 0/26 [00:00<?, ?it/s, S=0.1549, loss=-0.1332]
Epoch 32/150 [train]:   0%|          | 0/26 [00:00<?, ?it/s, S=0.1556, loss=-0.1323]
Epoch 32/150 [train]:   0%|          | 0/26 [00:00<?, ?it/s, S=0.1586, loss=-0.1343]
Epoch 32/150 [train]:   0%|          | 0/26 [00:00<?, ?it/s, S=0.1584, loss=-0.1346]
Epoch 32/150 [train]:   0%|          | 0/26 [00:00<?, ?it/s, S=0.1559, loss=-0.1299]
Epoch 32/150 [train]:   0%|          | 0/26 [00:00<?, ?it/s, S=0.1548, loss=-0.1314]
Epoch 32/150 [train]:   0%|          | 0/26 [00:00<?, ?it/s, S=0.1568, loss=-0.1344]
Epoch 32/150 [train]:  35%|███▍      | 9/26 [00:00<00:00, 85.95it/s, S=0.1568, loss=-0.1344]
Epoch 32/150 [train]:  35%|███▍      | 9/26 [00:00<00:00, 85.95it/s, S=0.1587, loss=-0.1360]
Epoch 32/150 [train]:  35%|███▍      | 9/26 [00:00<00:00, 85.95it/s, S=0.1590, loss=-0.1353]
Epoch 32/150 [train]:  35%|███▍      | 9/26 [00:00<00:00, 85.95it/s, S=0.1581, loss=-0.1340]
Epoch 32/150 [train]:  35%|███▍      | 9/26 [00:00<00:00, 85.95it/s, S=0.1607, loss=-0.1386]
Epoch 32/150 [train]:  35%|███▍      | 9/26 [00:00<00:00, 85.95it/s, S=0.1592, loss=-0.1366]
Epoch 32/150 [train]:  35%|███▍      | 9/26 [00:00<00:00, 85.95it/s, S=0.1605, loss=-0.1384]
Epoch 32/150 [train]:  35%|███▍      | 9/26 [00:00<00:00, 85.95it/s, S=0.1607, loss=-0.1363]
Epoch 32/150 [train]:  35%|███▍      | 9/26 [00:00<00:00, 85.95it/s, S=0.1579, loss=-0.1309]
Epoch 32/150 [train]:  35%|███▍      | 9/26 [00:00<00:00, 85.95it/s, S=0.1599, loss=-0.1371]
Epoch 32/150 [train]:  69%|██████▉   | 18/26 [00:00<00:00, 86.36it/s, S=0.1599, loss=-0.1371]
Epoch 32/150 [train]:  69%|██████▉   | 18/26 [00:00<00:00, 86.36it/s, S=0.1566, loss=-0.1318]
Epoch 32/150 [train]:  69%|██████▉   | 18/26 [00:00<00:00, 86.36it/s, S=0.1560, loss=-0.1322]
Epoch 32/150 [train]:  69%|██████▉   | 18/26 [00:00<00:00, 86.36it/s, S=0.1604, loss=-0.1390]
Epoch 32/150 [train]:  69%|██████▉   | 18/26 [00:00<00:00, 86.36it/s, S=0.1561, loss=-0.1318]
Epoch 32/150 [train]:  69%|██████▉   | 18/26 [00:00<00:00, 86.36it/s, S=0.1599, loss=-0.1371]
Epoch 32/150 [train]:  69%|██████▉   | 18/26 [00:00<00:00, 86.36it/s, S=0.1590, loss=-0.1348]
Epoch 32/150 [train]:  69%|██████▉   | 18/26 [00:00<00:00, 86.36it/s, S=0.1582, loss=-0.1351]
Epoch 32/150 [train]:  69%|██████▉   | 18/26 [00:00<00:00, 86.36it/s, S=0.1590, loss=-0.1351]
                                                                                             
Epoch  32/150  train loss=-0.1345  val loss=-0.1412  S[mean]=0.1748  ζ=0.3630  mean_plane_ζ=0.2141  reg=0.0336  λscale=1.00  lr=4.97e-04

Epoch 33/150 [train]:   0%|          | 0/26 [00:00<?, ?it/s]
Epoch 33/150 [train]:   0%|          | 0/26 [00:00<?, ?it/s, S=0.1606, loss=-0.1369]
Epoch 33/150 [train]:   0%|          | 0/26 [00:00<?, ?it/s, S=0.1627, loss=-0.1407]
Epoch 33/150 [train]:   0%|          | 0/26 [00:00<?, ?it/s, S=0.1574, loss=-0.1322]
Epoch 33/150 [train]:   0%|          | 0/26 [00:00<?, ?it/s, S=0.1602, loss=-0.1380]
Epoch 33/150 [train]:   0%|          | 0/26 [00:00<?, ?it/s, S=0.1588, loss=-0.1373]
Epoch 33/150 [train]:   0%|          | 0/26 [00:00<?, ?it/s, S=0.1632, loss=-0.1407]
Epoch 33/150 [train]:   0%|          | 0/26 [00:00<?, ?it/s, S=0.1585, loss=-0.1330]
Epoch 33/150 [train]:   0%|          | 0/26 [00:00<?, ?it/s, S=0.1603, loss=-0.1383]
Epoch 33/150 [train]:   0%|          | 0/26 [00:00<?, ?it/s, S=0.1622, loss=-0.1376]
Epoch 33/150 [train]:  35%|███▍      | 9/26 [00:00<00:00, 86.28it/s, S=0.1622, loss=-0.1376]
Epoch 33/150 [train]:  35%|███▍      | 9/26 [00:00<00:00, 86.28it/s, S=0.1635, loss=-0.1405]
Epoch 33/150 [train]:  35%|███▍      | 9/26 [00:00<00:00, 86.28it/s, S=0.1625, loss=-0.1401]
Epoch 33/150 [train]:  35%|███▍      | 9/26 [00:00<00:00, 86.28it/s, S=0.1595, loss=-0.1351]
Epoch 33/150 [train]:  35%|███▍      | 9/26 [00:00<00:00, 86.28it/s, S=0.1613, loss=-0.1346]
Epoch 33/150 [train]:  35%|███▍      | 9/26 [00:00<00:00, 86.28it/s, S=0.1613, loss=-0.1385]
Epoch 33/150 [train]:  35%|███▍      | 9/26 [00:00<00:00, 86.28it/s, S=0.1626, loss=-0.1407]
Epoch 33/150 [train]:  35%|███▍      | 9/26 [00:00<00:00, 86.28it/s, S=0.1597, loss=-0.1363]
Epoch 33/150 [train]:  35%|███▍      | 9/26 [00:00<00:00, 86.28it/s, S=0.1602, loss=-0.1382]
Epoch 33/150 [train]:  35%|███▍      | 9/26 [00:00<00:00, 86.28it/s, S=0.1605, loss=-0.1356]
Epoch 33/150 [train]:  69%|██████▉   | 18/26 [00:00<00:00, 86.41it/s, S=0.1605, loss=-0.1356]
Epoch 33/150 [train]:  69%|██████▉   | 18/26 [00:00<00:00, 86.41it/s, S=0.1621, loss=-0.1409]
Epoch 33/150 [train]:  69%|██████▉   | 18/26 [00:00<00:00, 86.41it/s, S=0.1615, loss=-0.1396]
Epoch 33/150 [train]:  69%|██████▉   | 18/26 [00:00<00:00, 86.41it/s, S=0.1639, loss=-0.1405]
Epoch 33/150 [train]:  69%|██████▉   | 18/26 [00:00<00:00, 86.41it/s, S=0.1628, loss=-0.1394]
Epoch 33/150 [train]:  69%|██████▉   | 18/26 [00:00<00:00, 86.41it/s, S=0.1625, loss=-0.1391]
Epoch 33/150 [train]:  69%|██████▉   | 18/26 [00:00<00:00, 86.41it/s, S=0.1595, loss=-0.1355]
Epoch 33/150 [train]:  69%|██████▉   | 18/26 [00:00<00:00, 86.41it/s, S=0.1632, loss=-0.1351]
Epoch 33/150 [train]:  69%|██████▉   | 18/26 [00:00<00:00, 86.41it/s, S=0.1638, loss=-0.1416]
                                                                                             
Epoch  33/150  train loss=-0.1379  val loss=-0.1446  S[mean]=0.1778  ζ=0.3652  mean_plane_ζ=0.2160  reg=0.0333  λscale=1.00  lr=4.93e-04

Epoch 34/150 [train]:   0%|          | 0/26 [00:00<?, ?it/s]
Epoch 34/150 [train]:   0%|          | 0/26 [00:00<?, ?it/s, S=0.1620, loss=-0.1388]
Epoch 34/150 [train]:   0%|          | 0/26 [00:00<?, ?it/s, S=0.1653, loss=-0.1413]
Epoch 34/150 [train]:   0%|          | 0/26 [00:00<?, ?it/s, S=0.1645, loss=-0.1408]
Epoch 34/150 [train]:   0%|          | 0/26 [00:00<?, ?it/s, S=0.1634, loss=-0.1413]
Epoch 34/150 [train]:   0%|          | 0/26 [00:00<?, ?it/s, S=0.1624, loss=-0.1399]
Epoch 34/150 [train]:   0%|          | 0/26 [00:00<?, ?it/s, S=0.1647, loss=-0.1433]
Epoch 34/150 [train]:   0%|          | 0/26 [00:00<?, ?it/s, S=0.1633, loss=-0.1420]
Epoch 34/150 [train]:   0%|          | 0/26 [00:00<?, ?it/s, S=0.1642, loss=-0.1421]
Epoch 34/150 [train]:   0%|          | 0/26 [00:00<?, ?it/s, S=0.1661, loss=-0.1442]
Epoch 34/150 [train]:  35%|███▍      | 9/26 [00:00<00:00, 85.87it/s, S=0.1661, loss=-0.1442]
Epoch 34/150 [train]:  35%|███▍      | 9/26 [00:00<00:00, 85.87it/s, S=0.1613, loss=-0.1374]
Epoch 34/150 [train]:  35%|███▍      | 9/26 [00:00<00:00, 85.87it/s, S=0.1637, loss=-0.1408]
Epoch 34/150 [train]:  35%|███▍      | 9/26 [00:00<00:00, 85.87it/s, S=0.1616, loss=-0.1363]
Epoch 34/150 [train]:  35%|███▍      | 9/26 [00:00<00:00, 85.87it/s, S=0.1671, loss=-0.1431]
Epoch 34/150 [train]:  35%|███▍      | 9/26 [00:00<00:00, 85.87it/s, S=0.1629, loss=-0.1406]
Epoch 34/150 [train]:  35%|███▍      | 9/26 [00:00<00:00, 85.87it/s, S=0.1676, loss=-0.1461]
Epoch 34/150 [train]:  35%|███▍      | 9/26 [00:00<00:00, 85.87it/s, S=0.1674, loss=-0.1443]
Epoch 34/150 [train]:  35%|███▍      | 9/26 [00:00<00:00, 85.87it/s, S=0.1654, loss=-0.1452]
Epoch 34/150 [train]:  35%|███▍      | 9/26 [00:00<00:00, 85.87it/s, S=0.1642, loss=-0.1423]
Epoch 34/150 [train]:  69%|██████▉   | 18/26 [00:00<00:00, 86.24it/s, S=0.1642, loss=-0.1423]
Epoch 34/150 [train]:  69%|██████▉   | 18/26 [00:00<00:00, 86.24it/s, S=0.1647, loss=-0.1423]
Epoch 34/150 [train]:  69%|██████▉   | 18/26 [00:00<00:00, 86.24it/s, S=0.1664, loss=-0.1444]
Epoch 34/150 [train]:  69%|██████▉   | 18/26 [00:00<00:00, 86.24it/s, S=0.1664, loss=-0.1443]
Epoch 34/150 [train]:  69%|██████▉   | 18/26 [00:00<00:00, 86.24it/s, S=0.1659, loss=-0.1450]
Epoch 34/150 [train]:  69%|██████▉   | 18/26 [00:00<00:00, 86.24it/s, S=0.1601, loss=-0.1362]
Epoch 34/150 [train]:  69%|██████▉   | 18/26 [00:00<00:00, 86.24it/s, S=0.1662, loss=-0.1442]
Epoch 34/150 [train]:  69%|██████▉   | 18/26 [00:00<00:00, 86.24it/s, S=0.1673, loss=-0.1472]
Epoch 34/150 [train]:  69%|██████▉   | 18/26 [00:00<00:00, 86.24it/s, S=0.1646, loss=-0.1434]
                                                                                             
Epoch  34/150  train loss=-0.1422  val loss=-0.1477  S[mean]=0.1807  ζ=0.3680  mean_plane_ζ=0.2184  reg=0.0330  λscale=1.00  lr=4.88e-04

Epoch 35/150 [train]:   0%|          | 0/26 [00:00<?, ?it/s]
Epoch 35/150 [train]:   0%|          | 0/26 [00:00<?, ?it/s, S=0.1651, loss=-0.1430]
Epoch 35/150 [train]:   0%|          | 0/26 [00:00<?, ?it/s, S=0.1674, loss=-0.1445]
Epoch 35/150 [train]:   0%|          | 0/26 [00:00<?, ?it/s, S=0.1641, loss=-0.1417]
Epoch 35/150 [train]:   0%|          | 0/26 [00:00<?, ?it/s, S=0.1689, loss=-0.1445]
Epoch 35/150 [train]:   0%|          | 0/26 [00:00<?, ?it/s, S=0.1679, loss=-0.1467]
Epoch 35/150 [train]:   0%|          | 0/26 [00:00<?, ?it/s, S=0.1688, loss=-0.1455]
Epoch 35/150 [train]:   0%|          | 0/26 [00:00<?, ?it/s, S=0.1659, loss=-0.1448]
Epoch 35/150 [train]:   0%|          | 0/26 [00:00<?, ?it/s, S=0.1624, loss=-0.1395]
Epoch 35/150 [train]:   0%|          | 0/26 [00:00<?, ?it/s, S=0.1692, loss=-0.1468]
Epoch 35/150 [train]:  35%|███▍      | 9/26 [00:00<00:00, 86.01it/s, S=0.1692, loss=-0.1468]
Epoch 35/150 [train]:  35%|███▍      | 9/26 [00:00<00:00, 86.01it/s, S=0.1668, loss=-0.1444]
Epoch 35/150 [train]:  35%|███▍      | 9/26 [00:00<00:00, 86.01it/s, S=0.1633, loss=-0.1398]
Epoch 35/150 [train]:  35%|███▍      | 9/26 [00:00<00:00, 86.01it/s, S=0.1644, loss=-0.1403]
Epoch 35/150 [train]:  35%|███▍      | 9/26 [00:00<00:00, 86.01it/s, S=0.1677, loss=-0.1449]
Epoch 35/150 [train]:  35%|███▍      | 9/26 [00:00<00:00, 86.01it/s, S=0.1649, loss=-0.1427]
Epoch 35/150 [train]:  35%|███▍      | 9/26 [00:00<00:00, 86.01it/s, S=0.1672, loss=-0.1454]
Epoch 35/150 [train]:  35%|███▍      | 9/26 [00:00<00:00, 86.01it/s, S=0.1675, loss=-0.1449]
Epoch 35/150 [train]:  35%|███▍      | 9/26 [00:00<00:00, 86.01it/s, S=0.1652, loss=-0.1400]
Epoch 35/150 [train]:  35%|███▍      | 9/26 [00:00<00:00, 86.01it/s, S=0.1664, loss=-0.1435]
Epoch 35/150 [train]:  69%|██████▉   | 18/26 [00:00<00:00, 86.21it/s, S=0.1664, loss=-0.1435]
Epoch 35/150 [train]:  69%|██████▉   | 18/26 [00:00<00:00, 86.21it/s, S=0.1686, loss=-0.1478]
Epoch 35/150 [train]:  69%|██████▉   | 18/26 [00:00<00:00, 86.21it/s, S=0.1682, loss=-0.1454]
Epoch 35/150 [train]:  69%|██████▉   | 18/26 [00:00<00:00, 86.21it/s, S=0.1651, loss=-0.1436]
Epoch 35/150 [train]:  69%|██████▉   | 18/26 [00:00<00:00, 86.21it/s, S=0.1708, loss=-0.1475]
Epoch 35/150 [train]:  69%|██████▉   | 18/26 [00:00<00:00, 86.21it/s, S=0.1692, loss=-0.1458]
Epoch 35/150 [train]:  69%|██████▉   | 18/26 [00:00<00:00, 86.21it/s, S=0.1669, loss=-0.1449]
Epoch 35/150 [train]:  69%|██████▉   | 18/26 [00:00<00:00, 86.21it/s, S=0.1672, loss=-0.1446]
Epoch 35/150 [train]:  69%|██████▉   | 18/26 [00:00<00:00, 86.21it/s, S=0.1674, loss=-0.1466]
                                                                                             
Epoch  35/150  train loss=-0.1442  val loss=-0.1515  S[mean]=0.1842  ζ=0.3703  mean_plane_ζ=0.2208  reg=0.0327  λscale=1.00  lr=4.81e-04

Epoch 36/150 [train]:   0%|          | 0/26 [00:00<?, ?it/s]
Epoch 36/150 [train]:   0%|          | 0/26 [00:00<?, ?it/s, S=0.1689, loss=-0.1478]
Epoch 36/150 [train]:   0%|          | 0/26 [00:00<?, ?it/s, S=0.1705, loss=-0.1499]
Epoch 36/150 [train]:   0%|          | 0/26 [00:00<?, ?it/s, S=0.1668, loss=-0.1450]
Epoch 36/150 [train]:   0%|          | 0/26 [00:00<?, ?it/s, S=0.1686, loss=-0.1454]
Epoch 36/150 [train]:   0%|          | 0/26 [00:00<?, ?it/s, S=0.1691, loss=-0.1475]
Epoch 36/150 [train]:   0%|          | 0/26 [00:00<?, ?it/s, S=0.1726, loss=-0.1512]
Epoch 36/150 [train]:   0%|          | 0/26 [00:00<?, ?it/s, S=0.1676, loss=-0.1443]
Epoch 36/150 [train]:   0%|          | 0/26 [00:00<?, ?it/s, S=0.1700, loss=-0.1487]
Epoch 36/150 [train]:   0%|          | 0/26 [00:00<?, ?it/s, S=0.1724, loss=-0.1494]
Epoch 36/150 [train]:  35%|███▍      | 9/26 [00:00<00:00, 85.46it/s, S=0.1724, loss=-0.1494]
Epoch 36/150 [train]:  35%|███▍      | 9/26 [00:00<00:00, 85.46it/s, S=0.1711, loss=-0.1482]
Epoch 36/150 [train]:  35%|███▍      | 9/26 [00:00<00:00, 85.46it/s, S=0.1712, loss=-0.1491]
Epoch 36/150 [train]:  35%|███▍      | 9/26 [00:00<00:00, 85.46it/s, S=0.1689, loss=-0.1473]
Epoch 36/150 [train]:  35%|███▍      | 9/26 [00:00<00:00, 85.46it/s, S=0.1643, loss=-0.1366]
Epoch 36/150 [train]:  35%|███▍      | 9/26 [00:00<00:00, 85.46it/s, S=0.1682, loss=-0.1442]
Epoch 36/150 [train]:  35%|███▍      | 9/26 [00:00<00:00, 85.46it/s, S=0.1695, loss=-0.1463]
Epoch 36/150 [train]:  35%|███▍      | 9/26 [00:00<00:00, 85.46it/s, S=0.1676, loss=-0.1439]
Epoch 36/150 [train]:  35%|███▍      | 9/26 [00:00<00:00, 85.46it/s, S=0.1699, loss=-0.1459]
Epoch 36/150 [train]:  35%|███▍      | 9/26 [00:00<00:00, 85.46it/s, S=0.1679, loss=-0.1421]
Epoch 36/150 [train]:  69%|██████▉   | 18/26 [00:00<00:00, 86.06it/s, S=0.1679, loss=-0.1421]
Epoch 36/150 [train]:  69%|██████▉   | 18/26 [00:00<00:00, 86.06it/s, S=0.1683, loss=-0.1447]
Epoch 36/150 [train]:  69%|██████▉   | 18/26 [00:00<00:00, 86.06it/s, S=0.1731, loss=-0.1499]
Epoch 36/150 [train]:  69%|██████▉   | 18/26 [00:00<00:00, 86.06it/s, S=0.1677, loss=-0.1393]
Epoch 36/150 [train]:  69%|██████▉   | 18/26 [00:00<00:00, 86.06it/s, S=0.1718, loss=-0.1491]
Epoch 36/150 [train]:  69%|██████▉   | 18/26 [00:00<00:00, 86.06it/s, S=0.1698, loss=-0.1460]
Epoch 36/150 [train]:  69%|██████▉   | 18/26 [00:00<00:00, 86.06it/s, S=0.1710, loss=-0.1441]
Epoch 36/150 [train]:  69%|██████▉   | 18/26 [00:00<00:00, 86.06it/s, S=0.1708, loss=-0.1487]
Epoch 36/150 [train]:  69%|██████▉   | 18/26 [00:00<00:00, 86.06it/s, S=0.1671, loss=-0.1443]
                                                                                             
Epoch  36/150  train loss=-0.1461  val loss=-0.1533  S[mean]=0.1880  ζ=0.3720  mean_plane_ζ=0.2236  reg=0.0348  λscale=1.00  lr=4.73e-04

Epoch 37/150 [train]:   0%|          | 0/26 [00:00<?, ?it/s]
Epoch 37/150 [train]:   0%|          | 0/26 [00:00<?, ?it/s, S=0.1731, loss=-0.1522]
Epoch 37/150 [train]:   0%|          | 0/26 [00:00<?, ?it/s, S=0.1736, loss=-0.1504]
Epoch 37/150 [train]:   0%|          | 0/26 [00:00<?, ?it/s, S=0.1715, loss=-0.1463]
Epoch 37/150 [train]:   0%|          | 0/26 [00:00<?, ?it/s, S=0.1712, loss=-0.1500]
Epoch 37/150 [train]:   0%|          | 0/26 [00:00<?, ?it/s, S=0.1740, loss=-0.1517]
Epoch 37/150 [train]:   0%|          | 0/26 [00:00<?, ?it/s, S=0.1692, loss=-0.1465]
Epoch 37/150 [train]:   0%|          | 0/26 [00:00<?, ?it/s, S=0.1711, loss=-0.1477]
Epoch 37/150 [train]:   0%|          | 0/26 [00:00<?, ?it/s, S=0.1719, loss=-0.1489]
Epoch 37/150 [train]:   0%|          | 0/26 [00:00<?, ?it/s, S=0.1758, loss=-0.1507]
Epoch 37/150 [train]:  35%|███▍      | 9/26 [00:00<00:00, 85.95it/s, S=0.1758, loss=-0.1507]
Epoch 37/150 [train]:  35%|███▍      | 9/26 [00:00<00:00, 85.95it/s, S=0.1736, loss=-0.1498]
Epoch 37/150 [train]:  35%|███▍      | 9/26 [00:00<00:00, 85.95it/s, S=0.1695, loss=-0.1447]
Epoch 37/150 [train]:  35%|███▍      | 9/26 [00:00<00:00, 85.95it/s, S=0.1689, loss=-0.1399]
Epoch 37/150 [train]:  35%|███▍      | 9/26 [00:00<00:00, 85.95it/s, S=0.1723, loss=-0.1474]
Epoch 37/150 [train]:  35%|███▍      | 9/26 [00:00<00:00, 85.95it/s, S=0.1703, loss=-0.1470]
Epoch 37/150 [train]:  35%|███▍      | 9/26 [00:00<00:00, 85.95it/s, S=0.1770, loss=-0.1529]
Epoch 37/150 [train]:  35%|███▍      | 9/26 [00:00<00:00, 85.95it/s, S=0.1757, loss=-0.1530]
Epoch 37/150 [train]:  35%|███▍      | 9/26 [00:00<00:00, 85.95it/s, S=0.1727, loss=-0.1499]
Epoch 37/150 [train]:  35%|███▍      | 9/26 [00:00<00:00, 85.95it/s, S=0.1724, loss=-0.1502]
Epoch 37/150 [train]:  69%|██████▉   | 18/26 [00:00<00:00, 86.30it/s, S=0.1724, loss=-0.1502]
Epoch 37/150 [train]:  69%|██████▉   | 18/26 [00:00<00:00, 86.30it/s, S=0.1763, loss=-0.1524]
Epoch 37/150 [train]:  69%|██████▉   | 18/26 [00:00<00:00, 86.30it/s, S=0.1754, loss=-0.1497]
Epoch 37/150 [train]:  69%|██████▉   | 18/26 [00:00<00:00, 86.30it/s, S=0.1753, loss=-0.1511]
Epoch 37/150 [train]:  69%|██████▉   | 18/26 [00:00<00:00, 86.30it/s, S=0.1752, loss=-0.1539]
Epoch 37/150 [train]:  69%|██████▉   | 18/26 [00:00<00:00, 86.30it/s, S=0.1781, loss=-0.1545]
Epoch 37/150 [train]:  69%|██████▉   | 18/26 [00:00<00:00, 86.30it/s, S=0.1767, loss=-0.1544]
Epoch 37/150 [train]:  69%|██████▉   | 18/26 [00:00<00:00, 86.30it/s, S=0.1673, loss=-0.1413]
Epoch 37/150 [train]:  69%|██████▉   | 18/26 [00:00<00:00, 86.30it/s, S=0.1752, loss=-0.1498]
                                                                                             
Epoch  37/150  train loss=-0.1495  val loss=-0.1594  S[mean]=0.1942  ζ=0.3793  mean_plane_ζ=0.2288  reg=0.0348  λscale=1.00  lr=4.63e-04

Epoch 38/150 [train]:   0%|          | 0/26 [00:00<?, ?it/s]
Epoch 38/150 [train]:   0%|          | 0/26 [00:00<?, ?it/s, S=0.1764, loss=-0.1526]
Epoch 38/150 [train]:   0%|          | 0/26 [00:00<?, ?it/s, S=0.1754, loss=-0.1527]
Epoch 38/150 [train]:   0%|          | 0/26 [00:00<?, ?it/s, S=0.1738, loss=-0.1481]
Epoch 38/150 [train]:   0%|          | 0/26 [00:00<?, ?it/s, S=0.1788, loss=-0.1566]
Epoch 38/150 [train]:   0%|          | 0/26 [00:00<?, ?it/s, S=0.1784, loss=-0.1567]
Epoch 38/150 [train]:   0%|          | 0/26 [00:00<?, ?it/s, S=0.1774, loss=-0.1528]
Epoch 38/150 [train]:   0%|          | 0/26 [00:00<?, ?it/s, S=0.1750, loss=-0.1526]
Epoch 38/150 [train]:   0%|          | 0/26 [00:00<?, ?it/s, S=0.1781, loss=-0.1538]
Epoch 38/150 [train]:   0%|          | 0/26 [00:00<?, ?it/s, S=0.1786, loss=-0.1556]
Epoch 38/150 [train]:  35%|███▍      | 9/26 [00:00<00:00, 86.14it/s, S=0.1786, loss=-0.1556]
Epoch 38/150 [train]:  35%|███▍      | 9/26 [00:00<00:00, 86.14it/s, S=0.1785, loss=-0.1532]
Epoch 38/150 [train]:  35%|███▍      | 9/26 [00:00<00:00, 86.14it/s, S=0.1773, loss=-0.1525]
Epoch 38/150 [train]:  35%|███▍      | 9/26 [00:00<00:00, 86.14it/s, S=0.1734, loss=-0.1473]
Epoch 38/150 [train]:  35%|███▍      | 9/26 [00:00<00:00, 86.14it/s, S=0.1791, loss=-0.1557]
Epoch 38/150 [train]:  35%|███▍      | 9/26 [00:00<00:00, 86.14it/s, S=0.1820, loss=-0.1591]
Epoch 38/150 [train]:  35%|███▍      | 9/26 [00:00<00:00, 86.14it/s, S=0.1811, loss=-0.1567]
Epoch 38/150 [train]:  35%|███▍      | 9/26 [00:00<00:00, 86.14it/s, S=0.1791, loss=-0.1540]
Epoch 38/150 [train]:  35%|███▍      | 9/26 [00:00<00:00, 86.14it/s, S=0.1825, loss=-0.1602]
Epoch 38/150 [train]:  35%|███▍      | 9/26 [00:00<00:00, 86.14it/s, S=0.1813, loss=-0.1555]
Epoch 38/150 [train]:  69%|██████▉   | 18/26 [00:00<00:00, 86.37it/s, S=0.1813, loss=-0.1555]
Epoch 38/150 [train]:  69%|██████▉   | 18/26 [00:00<00:00, 86.37it/s, S=0.1799, loss=-0.1516]
Epoch 38/150 [train]:  69%|██████▉   | 18/26 [00:00<00:00, 86.37it/s, S=0.1816, loss=-0.1564]
Epoch 38/150 [train]:  69%|██████▉   | 18/26 [00:00<00:00, 86.37it/s, S=0.1803, loss=-0.1555]
Epoch 38/150 [train]:  69%|██████▉   | 18/26 [00:00<00:00, 86.37it/s, S=0.1790, loss=-0.1557]
Epoch 38/150 [train]:  69%|██████▉   | 18/26 [00:00<00:00, 86.37it/s, S=0.1826, loss=-0.1593]
Epoch 38/150 [train]:  69%|██████▉   | 18/26 [00:00<00:00, 86.37it/s, S=0.1789, loss=-0.1540]
Epoch 38/150 [train]:  69%|██████▉   | 18/26 [00:00<00:00, 86.37it/s, S=0.1831, loss=-0.1580]
Epoch 38/150 [train]:  69%|██████▉   | 18/26 [00:00<00:00, 86.37it/s, S=0.1770, loss=-0.1498]
                                                                                             
Epoch  38/150  train loss=-0.1545  val loss=-0.1640  S[mean]=0.1999  ζ=0.3845  mean_plane_ζ=0.2324  reg=0.0359  λscale=1.00  lr=4.52e-04

Epoch 39/150 [train]:   0%|          | 0/26 [00:00<?, ?it/s]
Epoch 39/150 [train]:   0%|          | 0/26 [00:00<?, ?it/s, S=0.1754, loss=-0.1479]
Epoch 39/150 [train]:   0%|          | 0/26 [00:00<?, ?it/s, S=0.1847, loss=-0.1574]
Epoch 39/150 [train]:   0%|          | 0/26 [00:00<?, ?it/s, S=0.1822, loss=-0.1592]
Epoch 39/150 [train]:   0%|          | 0/26 [00:00<?, ?it/s, S=0.1834, loss=-0.1601]
Epoch 39/150 [train]:   0%|          | 0/26 [00:00<?, ?it/s, S=0.1782, loss=-0.1474]
Epoch 39/150 [train]:   0%|          | 0/26 [00:00<?, ?it/s, S=0.1835, loss=-0.1544]
Epoch 39/150 [train]:   0%|          | 0/26 [00:00<?, ?it/s, S=0.1839, loss=-0.1591]
Epoch 39/150 [train]:   0%|          | 0/26 [00:00<?, ?it/s, S=0.1852, loss=-0.1589]
Epoch 39/150 [train]:   0%|          | 0/26 [00:00<?, ?it/s, S=0.1822, loss=-0.1573]
Epoch 39/150 [train]:  35%|███▍      | 9/26 [00:00<00:00, 85.97it/s, S=0.1822, loss=-0.1573]
Epoch 39/150 [train]:  35%|███▍      | 9/26 [00:00<00:00, 85.97it/s, S=0.1815, loss=-0.1559]
Epoch 39/150 [train]:  35%|███▍      | 9/26 [00:00<00:00, 85.97it/s, S=0.1831, loss=-0.1573]
Epoch 39/150 [train]:  35%|███▍      | 9/26 [00:00<00:00, 85.97it/s, S=0.1836, loss=-0.1533]
Epoch 39/150 [train]:  35%|███▍      | 9/26 [00:00<00:00, 85.97it/s, S=0.1843, loss=-0.1582]
Epoch 39/150 [train]:  35%|███▍      | 9/26 [00:00<00:00, 85.97it/s, S=0.1844, loss=-0.1592]
Epoch 39/150 [train]:  35%|███▍      | 9/26 [00:00<00:00, 85.97it/s, S=0.1866, loss=-0.1610]
Epoch 39/150 [train]:  35%|███▍      | 9/26 [00:00<00:00, 85.97it/s, S=0.1858, loss=-0.1605]
Epoch 39/150 [train]:  35%|███▍      | 9/26 [00:00<00:00, 85.97it/s, S=0.1834, loss=-0.1574]
Epoch 39/150 [train]:  35%|███▍      | 9/26 [00:00<00:00, 85.97it/s, S=0.1768, loss=-0.1467]
Epoch 39/150 [train]:  69%|██████▉   | 18/26 [00:00<00:00, 86.11it/s, S=0.1768, loss=-0.1467]
Epoch 39/150 [train]:  69%|██████▉   | 18/26 [00:00<00:00, 86.11it/s, S=0.1838, loss=-0.1589]
Epoch 39/150 [train]:  69%|██████▉   | 18/26 [00:00<00:00, 86.11it/s, S=0.1876, loss=-0.1620]
Epoch 39/150 [train]:  69%|██████▉   | 18/26 [00:00<00:00, 86.11it/s, S=0.1875, loss=-0.1627]
Epoch 39/150 [train]:  69%|██████▉   | 18/26 [00:00<00:00, 86.11it/s, S=0.1863, loss=-0.1595]
Epoch 39/150 [train]:  69%|██████▉   | 18/26 [00:00<00:00, 86.11it/s, S=0.1836, loss=-0.1581]
Epoch 39/150 [train]:  69%|██████▉   | 18/26 [00:00<00:00, 86.11it/s, S=0.1861, loss=-0.1606]
Epoch 39/150 [train]:  69%|██████▉   | 18/26 [00:00<00:00, 86.11it/s, S=0.1836, loss=-0.1594]
Epoch 39/150 [train]:  69%|██████▉   | 18/26 [00:00<00:00, 86.11it/s, S=0.1847, loss=-0.1595]
                                                                                             
Epoch  39/150  train loss=-0.1574  val loss=-0.1688  S[mean]=0.2051  ζ=0.3906  mean_plane_ζ=0.2363  reg=0.0363  λscale=1.00  lr=4.40e-04

Epoch 40/150 [train]:   0%|          | 0/26 [00:00<?, ?it/s]
Epoch 40/150 [train]:   0%|          | 0/26 [00:00<?, ?it/s, S=0.1837, loss=-0.1570]
Epoch 40/150 [train]:   0%|          | 0/26 [00:00<?, ?it/s, S=0.1831, loss=-0.1588]
Epoch 40/150 [train]:   0%|          | 0/26 [00:00<?, ?it/s, S=0.1895, loss=-0.1664]
Epoch 40/150 [train]:   0%|          | 0/26 [00:00<?, ?it/s, S=0.1861, loss=-0.1610]
Epoch 40/150 [train]:   0%|          | 0/26 [00:00<?, ?it/s, S=0.1859, loss=-0.1597]
Epoch 40/150 [train]:   0%|          | 0/26 [00:00<?, ?it/s, S=0.1900, loss=-0.1639]
Epoch 40/150 [train]:   0%|          | 0/26 [00:00<?, ?it/s, S=0.1853, loss=-0.1605]
Epoch 40/150 [train]:   0%|          | 0/26 [00:00<?, ?it/s, S=0.1898, loss=-0.1651]
Epoch 40/150 [train]:   0%|          | 0/26 [00:00<?, ?it/s, S=0.1906, loss=-0.1645]
Epoch 40/150 [train]:  35%|███▍      | 9/26 [00:00<00:00, 85.64it/s, S=0.1906, loss=-0.1645]
Epoch 40/150 [train]:  35%|███▍      | 9/26 [00:00<00:00, 85.64it/s, S=0.1890, loss=-0.1644]
Epoch 40/150 [train]:  35%|███▍      | 9/26 [00:00<00:00, 85.64it/s, S=0.1861, loss=-0.1605]
Epoch 40/150 [train]:  35%|███▍      | 9/26 [00:00<00:00, 85.64it/s, S=0.1892, loss=-0.1641]
Epoch 40/150 [train]:  35%|███▍      | 9/26 [00:00<00:00, 85.64it/s, S=0.1862, loss=-0.1623]
Epoch 40/150 [train]:  35%|███▍      | 9/26 [00:00<00:00, 85.64it/s, S=0.1901, loss=-0.1615]
Epoch 40/150 [train]:  35%|███▍      | 9/26 [00:00<00:00, 85.64it/s, S=0.1866, loss=-0.1557]
Epoch 40/150 [train]:  35%|███▍      | 9/26 [00:00<00:00, 85.64it/s, S=0.1852, loss=-0.1575]
Epoch 40/150 [train]:  35%|███▍      | 9/26 [00:00<00:00, 85.64it/s, S=0.1924, loss=-0.1681]
Epoch 40/150 [train]:  35%|███▍      | 9/26 [00:00<00:00, 85.64it/s, S=0.1928, loss=-0.1670]
Epoch 40/150 [train]:  69%|██████▉   | 18/26 [00:00<00:00, 85.87it/s, S=0.1928, loss=-0.1670]
Epoch 40/150 [train]:  69%|██████▉   | 18/26 [00:00<00:00, 85.87it/s, S=0.1903, loss=-0.1610]
Epoch 40/150 [train]:  69%|██████▉   | 18/26 [00:00<00:00, 85.87it/s, S=0.1866, loss=-0.1599]
Epoch 40/150 [train]:  69%|██████▉   | 18/26 [00:00<00:00, 85.87it/s, S=0.1881, loss=-0.1593]
Epoch 40/150 [train]:  69%|██████▉   | 18/26 [00:00<00:00, 85.87it/s, S=0.1895, loss=-0.1590]
Epoch 40/150 [train]:  69%|██████▉   | 18/26 [00:00<00:00, 85.87it/s, S=0.1912, loss=-0.1653]
Epoch 40/150 [train]:  69%|██████▉   | 18/26 [00:00<00:00, 85.87it/s, S=0.1918, loss=-0.1661]
Epoch 40/150 [train]:  69%|██████▉   | 18/26 [00:00<00:00, 85.87it/s, S=0.1927, loss=-0.1647]
Epoch 40/150 [train]:  69%|██████▉   | 18/26 [00:00<00:00, 85.87it/s, S=0.1899, loss=-0.1622]
                                                                                             
Epoch  40/150  train loss=-0.1621  val loss=-0.1721  S[mean]=0.2094  ζ=0.3953  mean_plane_ζ=0.2389  reg=0.0374  λscale=1.00  lr=4.27e-04

Epoch 41/150 [train]:   0%|          | 0/26 [00:00<?, ?it/s]
Epoch 41/150 [train]:   0%|          | 0/26 [00:00<?, ?it/s, S=0.1920, loss=-0.1647]
Epoch 41/150 [train]:   0%|          | 0/26 [00:00<?, ?it/s, S=0.1941, loss=-0.1696]
Epoch 41/150 [train]:   0%|          | 0/26 [00:00<?, ?it/s, S=0.1913, loss=-0.1678]
Epoch 41/150 [train]:   0%|          | 0/26 [00:00<?, ?it/s, S=0.1882, loss=-0.1567]
Epoch 41/150 [train]:   0%|          | 0/26 [00:00<?, ?it/s, S=0.1901, loss=-0.1645]
Epoch 41/150 [train]:   0%|          | 0/26 [00:00<?, ?it/s, S=0.1918, loss=-0.1671]
Epoch 41/150 [train]:   0%|          | 0/26 [00:00<?, ?it/s, S=0.1922, loss=-0.1627]
Epoch 41/150 [train]:   0%|          | 0/26 [00:00<?, ?it/s, S=0.1940, loss=-0.1687]
Epoch 41/150 [train]:   0%|          | 0/26 [00:00<?, ?it/s, S=0.1946, loss=-0.1696]
Epoch 41/150 [train]:  35%|███▍      | 9/26 [00:00<00:00, 85.93it/s, S=0.1946, loss=-0.1696]
Epoch 41/150 [train]:  35%|███▍      | 9/26 [00:00<00:00, 85.93it/s, S=0.1949, loss=-0.1703]
Epoch 41/150 [train]:  35%|███▍      | 9/26 [00:00<00:00, 85.93it/s, S=0.1914, loss=-0.1659]
Epoch 41/150 [train]:  35%|███▍      | 9/26 [00:00<00:00, 85.93it/s, S=0.1935, loss=-0.1642]
Epoch 41/150 [train]:  35%|███▍      | 9/26 [00:00<00:00, 85.93it/s, S=0.1937, loss=-0.1675]
Epoch 41/150 [train]:  35%|███▍      | 9/26 [00:00<00:00, 85.93it/s, S=0.1944, loss=-0.1675]
Epoch 41/150 [train]:  35%|███▍      | 9/26 [00:00<00:00, 85.93it/s, S=0.1947, loss=-0.1666]
Epoch 41/150 [train]:  35%|███▍      | 9/26 [00:00<00:00, 85.93it/s, S=0.1937, loss=-0.1679]
Epoch 41/150 [train]:  35%|███▍      | 9/26 [00:00<00:00, 85.93it/s, S=0.1932, loss=-0.1674]
Epoch 41/150 [train]:  35%|███▍      | 9/26 [00:00<00:00, 85.93it/s, S=0.1953, loss=-0.1702]
Epoch 41/150 [train]:  69%|██████▉   | 18/26 [00:00<00:00, 86.22it/s, S=0.1953, loss=-0.1702]
Epoch 41/150 [train]:  69%|██████▉   | 18/26 [00:00<00:00, 86.22it/s, S=0.1952, loss=-0.1652]
Epoch 41/150 [train]:  69%|██████▉   | 18/26 [00:00<00:00, 86.22it/s, S=0.1898, loss=-0.1595]
Epoch 41/150 [train]:  69%|██████▉   | 18/26 [00:00<00:00, 86.22it/s, S=0.1927, loss=-0.1635]
Epoch 41/150 [train]:  69%|██████▉   | 18/26 [00:00<00:00, 86.22it/s, S=0.1938, loss=-0.1688]
Epoch 41/150 [train]:  69%|██████▉   | 18/26 [00:00<00:00, 86.22it/s, S=0.1946, loss=-0.1681]
Epoch 41/150 [train]:  69%|██████▉   | 18/26 [00:00<00:00, 86.22it/s, S=0.1970, loss=-0.1693]
Epoch 41/150 [train]:  69%|██████▉   | 18/26 [00:00<00:00, 86.22it/s, S=0.1952, loss=-0.1686]
Epoch 41/150 [train]:  69%|██████▉   | 18/26 [00:00<00:00, 86.22it/s, S=0.1955, loss=-0.1691]
                                                                                             
Epoch  41/150  train loss=-0.1666  val loss=-0.1756  S[mean]=0.2135  ζ=0.3998  mean_plane_ζ=0.2410  reg=0.0378  λscale=1.00  lr=4.12e-04

Epoch 42/150 [train]:   0%|          | 0/26 [00:00<?, ?it/s]
Epoch 42/150 [train]:   0%|          | 0/26 [00:00<?, ?it/s, S=0.1949, loss=-0.1681]
Epoch 42/150 [train]:   0%|          | 0/26 [00:00<?, ?it/s, S=0.1972, loss=-0.1681]
Epoch 42/150 [train]:   0%|          | 0/26 [00:00<?, ?it/s, S=0.1960, loss=-0.1700]
Epoch 42/150 [train]:   0%|          | 0/26 [00:00<?, ?it/s, S=0.1917, loss=-0.1636]
Epoch 42/150 [train]:   0%|          | 0/26 [00:00<?, ?it/s, S=0.1988, loss=-0.1704]
Epoch 42/150 [train]:   0%|          | 0/26 [00:00<?, ?it/s, S=0.1973, loss=-0.1687]
Epoch 42/150 [train]:   0%|          | 0/26 [00:00<?, ?it/s, S=0.1960, loss=-0.1684]
Epoch 42/150 [train]:   0%|          | 0/26 [00:00<?, ?it/s, S=0.1950, loss=-0.1701]
Epoch 42/150 [train]:   0%|          | 0/26 [00:00<?, ?it/s, S=0.1947, loss=-0.1673]
Epoch 42/150 [train]:  35%|███▍      | 9/26 [00:00<00:00, 86.10it/s, S=0.1947, loss=-0.1673]
Epoch 42/150 [train]:  35%|███▍      | 9/26 [00:00<00:00, 86.10it/s, S=0.1987, loss=-0.1716]
Epoch 42/150 [train]:  35%|███▍      | 9/26 [00:00<00:00, 86.10it/s, S=0.1931, loss=-0.1667]
Epoch 42/150 [train]:  35%|███▍      | 9/26 [00:00<00:00, 86.10it/s, S=0.1938, loss=-0.1626]
Epoch 42/150 [train]:  35%|███▍      | 9/26 [00:00<00:00, 86.10it/s, S=0.2015, loss=-0.1772]
Epoch 42/150 [train]:  35%|███▍      | 9/26 [00:00<00:00, 86.10it/s, S=0.1964, loss=-0.1677]
Epoch 42/150 [train]:  35%|███▍      | 9/26 [00:00<00:00, 86.10it/s, S=0.1942, loss=-0.1680]
Epoch 42/150 [train]:  35%|███▍      | 9/26 [00:00<00:00, 86.10it/s, S=0.1986, loss=-0.1713]
Epoch 42/150 [train]:  35%|███▍      | 9/26 [00:00<00:00, 86.10it/s, S=0.1970, loss=-0.1691]
Epoch 42/150 [train]:  35%|███▍      | 9/26 [00:00<00:00, 86.10it/s, S=0.1996, loss=-0.1742]
Epoch 42/150 [train]:  69%|██████▉   | 18/26 [00:00<00:00, 86.37it/s, S=0.1996, loss=-0.1742]
Epoch 42/150 [train]:  69%|██████▉   | 18/26 [00:00<00:00, 86.37it/s, S=0.1978, loss=-0.1704]
Epoch 42/150 [train]:  69%|██████▉   | 18/26 [00:00<00:00, 86.37it/s, S=0.1964, loss=-0.1688]
Epoch 42/150 [train]:  69%|██████▉   | 18/26 [00:00<00:00, 86.37it/s, S=0.1981, loss=-0.1664]
Epoch 42/150 [train]:  69%|██████▉   | 18/26 [00:00<00:00, 86.37it/s, S=0.1982, loss=-0.1729]
Epoch 42/150 [train]:  69%|██████▉   | 18/26 [00:00<00:00, 86.37it/s, S=0.1997, loss=-0.1751]
Epoch 42/150 [train]:  69%|██████▉   | 18/26 [00:00<00:00, 86.37it/s, S=0.1969, loss=-0.1693]
Epoch 42/150 [train]:  69%|██████▉   | 18/26 [00:00<00:00, 86.37it/s, S=0.1988, loss=-0.1704]
Epoch 42/150 [train]:  69%|██████▉   | 18/26 [00:00<00:00, 86.37it/s, S=0.1955, loss=-0.1704]
                                                                                             
Epoch  42/150  train loss=-0.1695  val loss=-0.1772  S[mean]=0.2157  ζ=0.4010  mean_plane_ζ=0.2412  reg=0.0384  λscale=1.00  lr=3.97e-04

Epoch 43/150 [train]:   0%|          | 0/26 [00:00<?, ?it/s]
Epoch 43/150 [train]:   0%|          | 0/26 [00:00<?, ?it/s, S=0.1984, loss=-0.1711]
Epoch 43/150 [train]:   0%|          | 0/26 [00:00<?, ?it/s, S=0.2028, loss=-0.1762]
Epoch 43/150 [train]:   0%|          | 0/26 [00:00<?, ?it/s, S=0.1977, loss=-0.1740]
Epoch 43/150 [train]:   0%|          | 0/26 [00:00<?, ?it/s, S=0.1947, loss=-0.1640]
Epoch 43/150 [train]:   0%|          | 0/26 [00:00<?, ?it/s, S=0.1994, loss=-0.1724]
Epoch 43/150 [train]:   0%|          | 0/26 [00:00<?, ?it/s, S=0.1963, loss=-0.1679]
Epoch 43/150 [train]:   0%|          | 0/26 [00:00<?, ?it/s, S=0.2011, loss=-0.1742]
Epoch 43/150 [train]:   0%|          | 0/26 [00:00<?, ?it/s, S=0.1974, loss=-0.1687]
Epoch 43/150 [train]:   0%|          | 0/26 [00:00<?, ?it/s, S=0.2022, loss=-0.1768]
Epoch 43/150 [train]:  35%|███▍      | 9/26 [00:00<00:00, 85.73it/s, S=0.2022, loss=-0.1768]
Epoch 43/150 [train]:  35%|███▍      | 9/26 [00:00<00:00, 85.73it/s, S=0.2004, loss=-0.1730]
Epoch 43/150 [train]:  35%|███▍      | 9/26 [00:00<00:00, 85.73it/s, S=0.1972, loss=-0.1681]
Epoch 43/150 [train]:  35%|███▍      | 9/26 [00:00<00:00, 85.73it/s, S=0.2008, loss=-0.1762]
Epoch 43/150 [train]:  35%|███▍      | 9/26 [00:00<00:00, 85.73it/s, S=0.2014, loss=-0.1752]
Epoch 43/150 [train]:  35%|███▍      | 9/26 [00:00<00:00, 85.73it/s, S=0.2002, loss=-0.1735]
Epoch 43/150 [train]:  35%|███▍      | 9/26 [00:00<00:00, 85.73it/s, S=0.1998, loss=-0.1719]
Epoch 43/150 [train]:  35%|███▍      | 9/26 [00:00<00:00, 85.73it/s, S=0.1994, loss=-0.1731]
Epoch 43/150 [train]:  35%|███▍      | 9/26 [00:00<00:00, 85.73it/s, S=0.2006, loss=-0.1738]
Epoch 43/150 [train]:  35%|███▍      | 9/26 [00:00<00:00, 85.73it/s, S=0.2012, loss=-0.1704]
Epoch 43/150 [train]:  69%|██████▉   | 18/26 [00:00<00:00, 86.07it/s, S=0.2012, loss=-0.1704]
Epoch 43/150 [train]:  69%|██████▉   | 18/26 [00:00<00:00, 86.07it/s, S=0.1990, loss=-0.1689]
Epoch 43/150 [train]:  69%|██████▉   | 18/26 [00:00<00:00, 86.07it/s, S=0.2031, loss=-0.1739]
Epoch 43/150 [train]:  69%|██████▉   | 18/26 [00:00<00:00, 86.07it/s, S=0.1980, loss=-0.1650]
Epoch 43/150 [train]:  69%|██████▉   | 18/26 [00:00<00:00, 86.07it/s, S=0.1951, loss=-0.1637]
Epoch 43/150 [train]:  69%|██████▉   | 18/26 [00:00<00:00, 86.07it/s, S=0.2015, loss=-0.1739]
Epoch 43/150 [train]:  69%|██████▉   | 18/26 [00:00<00:00, 86.07it/s, S=0.2011, loss=-0.1705]
Epoch 43/150 [train]:  69%|██████▉   | 18/26 [00:00<00:00, 86.07it/s, S=0.2017, loss=-0.1752]
Epoch 43/150 [train]:  69%|██████▉   | 18/26 [00:00<00:00, 86.07it/s, S=0.1975, loss=-0.1671]
                                                                                             
Epoch  43/150  train loss=-0.1715  val loss=-0.1786  S[mean]=0.2175  ζ=0.4037  mean_plane_ζ=0.2426  reg=0.0389  λscale=1.00  lr=3.81e-04

Epoch 44/150 [train]:   0%|          | 0/26 [00:00<?, ?it/s]
Epoch 44/150 [train]:   0%|          | 0/26 [00:00<?, ?it/s, S=0.2033, loss=-0.1778]
Epoch 44/150 [train]:   0%|          | 0/26 [00:00<?, ?it/s, S=0.1995, loss=-0.1699]
Epoch 44/150 [train]:   0%|          | 0/26 [00:00<?, ?it/s, S=0.2019, loss=-0.1747]
Epoch 44/150 [train]:   0%|          | 0/26 [00:00<?, ?it/s, S=0.2014, loss=-0.1744]
Epoch 44/150 [train]:   0%|          | 0/26 [00:00<?, ?it/s, S=0.2041, loss=-0.1781]
Epoch 44/150 [train]:   0%|          | 0/26 [00:00<?, ?it/s, S=0.2023, loss=-0.1772]
Epoch 44/150 [train]:   0%|          | 0/26 [00:00<?, ?it/s, S=0.2031, loss=-0.1760]
Epoch 44/150 [train]:   0%|          | 0/26 [00:00<?, ?it/s, S=0.2039, loss=-0.1781]
Epoch 44/150 [train]:   0%|          | 0/26 [00:00<?, ?it/s, S=0.2018, loss=-0.1731]
Epoch 44/150 [train]:  35%|███▍      | 9/26 [00:00<00:00, 86.29it/s, S=0.2018, loss=-0.1731]
Epoch 44/150 [train]:  35%|███▍      | 9/26 [00:00<00:00, 86.29it/s, S=0.1981, loss=-0.1677]
Epoch 44/150 [train]:  35%|███▍      | 9/26 [00:00<00:00, 86.29it/s, S=0.2002, loss=-0.1731]
Epoch 44/150 [train]:  35%|███▍      | 9/26 [00:00<00:00, 86.29it/s, S=0.2023, loss=-0.1756]
Epoch 44/150 [train]:  35%|███▍      | 9/26 [00:00<00:00, 86.29it/s, S=0.1982, loss=-0.1725]
Epoch 44/150 [train]:  35%|███▍      | 9/26 [00:00<00:00, 86.29it/s, S=0.2034, loss=-0.1762]
Epoch 44/150 [train]:  35%|███▍      | 9/26 [00:00<00:00, 86.29it/s, S=0.1991, loss=-0.1710]
Epoch 44/150 [train]:  35%|███▍      | 9/26 [00:00<00:00, 86.29it/s, S=0.2015, loss=-0.1774]
Epoch 44/150 [train]:  35%|███▍      | 9/26 [00:00<00:00, 86.29it/s, S=0.2022, loss=-0.1753]
Epoch 44/150 [train]:  35%|███▍      | 9/26 [00:00<00:00, 86.29it/s, S=0.2019, loss=-0.1759]
Epoch 44/150 [train]:  69%|██████▉   | 18/26 [00:00<00:00, 86.43it/s, S=0.2019, loss=-0.1759]
Epoch 44/150 [train]:  69%|██████▉   | 18/26 [00:00<00:00, 86.43it/s, S=0.2032, loss=-0.1750]
Epoch 44/150 [train]:  69%|██████▉   | 18/26 [00:00<00:00, 86.43it/s, S=0.2053, loss=-0.1789]
Epoch 44/150 [train]:  69%|██████▉   | 18/26 [00:00<00:00, 86.43it/s, S=0.2030, loss=-0.1761]
Epoch 44/150 [train]:  69%|██████▉   | 18/26 [00:00<00:00, 86.43it/s, S=0.2021, loss=-0.1735]
Epoch 44/150 [train]:  69%|██████▉   | 18/26 [00:00<00:00, 86.43it/s, S=0.2009, loss=-0.1745]
Epoch 44/150 [train]:  69%|██████▉   | 18/26 [00:00<00:00, 86.43it/s, S=0.1999, loss=-0.1718]
Epoch 44/150 [train]:  69%|██████▉   | 18/26 [00:00<00:00, 86.43it/s, S=0.2014, loss=-0.1751]
Epoch 44/150 [train]:  69%|██████▉   | 18/26 [00:00<00:00, 86.43it/s, S=0.2031, loss=-0.1721]
                                                                                             
Epoch  44/150  train loss=-0.1747  val loss=-0.1803  S[mean]=0.2190  ζ=0.4050  mean_plane_ζ=0.2432  reg=0.0387  λscale=1.00  lr=3.63e-04

Epoch 45/150 [train]:   0%|          | 0/26 [00:00<?, ?it/s]
Epoch 45/150 [train]:   0%|          | 0/26 [00:00<?, ?it/s, S=0.2050, loss=-0.1796]
Epoch 45/150 [train]:   0%|          | 0/26 [00:00<?, ?it/s, S=0.2051, loss=-0.1788]
Epoch 45/150 [train]:   0%|          | 0/26 [00:00<?, ?it/s, S=0.2044, loss=-0.1766]
Epoch 45/150 [train]:   0%|          | 0/26 [00:00<?, ?it/s, S=0.1989, loss=-0.1690]
Epoch 45/150 [train]:   0%|          | 0/26 [00:00<?, ?it/s, S=0.2023, loss=-0.1689]
Epoch 45/150 [train]:   0%|          | 0/26 [00:00<?, ?it/s, S=0.2055, loss=-0.1793]
Epoch 45/150 [train]:   0%|          | 0/26 [00:00<?, ?it/s, S=0.2051, loss=-0.1796]
Epoch 45/150 [train]:   0%|          | 0/26 [00:00<?, ?it/s, S=0.2040, loss=-0.1725]
Epoch 45/150 [train]:   0%|          | 0/26 [00:00<?, ?it/s, S=0.2057, loss=-0.1814]
Epoch 45/150 [train]:  35%|███▍      | 9/26 [00:00<00:00, 86.13it/s, S=0.2057, loss=-0.1814]
Epoch 45/150 [train]:  35%|███▍      | 9/26 [00:00<00:00, 86.13it/s, S=0.2014, loss=-0.1753]
Epoch 45/150 [train]:  35%|███▍      | 9/26 [00:00<00:00, 86.13it/s, S=0.2084, loss=-0.1812]
Epoch 45/150 [train]:  35%|███▍      | 9/26 [00:00<00:00, 86.13it/s, S=0.2035, loss=-0.1762]
Epoch 45/150 [train]:  35%|███▍      | 9/26 [00:00<00:00, 86.13it/s, S=0.2019, loss=-0.1758]
Epoch 45/150 [train]:  35%|███▍      | 9/26 [00:00<00:00, 86.13it/s, S=0.2037, loss=-0.1766]
Epoch 45/150 [train]:  35%|███▍      | 9/26 [00:00<00:00, 86.13it/s, S=0.2028, loss=-0.1753]
Epoch 45/150 [train]:  35%|███▍      | 9/26 [00:00<00:00, 86.13it/s, S=0.2034, loss=-0.1770]
Epoch 45/150 [train]:  35%|███▍      | 9/26 [00:00<00:00, 86.13it/s, S=0.2036, loss=-0.1770]
Epoch 45/150 [train]:  35%|███▍      | 9/26 [00:00<00:00, 86.13it/s, S=0.2079, loss=-0.1816]
Epoch 45/150 [train]:  69%|██████▉   | 18/26 [00:00<00:00, 86.42it/s, S=0.2079, loss=-0.1816]
Epoch 45/150 [train]:  69%|██████▉   | 18/26 [00:00<00:00, 86.42it/s, S=0.2037, loss=-0.1767]
Epoch 45/150 [train]:  69%|██████▉   | 18/26 [00:00<00:00, 86.42it/s, S=0.2059, loss=-0.1805]
Epoch 45/150 [train]:  69%|██████▉   | 18/26 [00:00<00:00, 86.42it/s, S=0.2060, loss=-0.1783]
Epoch 45/150 [train]:  69%|██████▉   | 18/26 [00:00<00:00, 86.42it/s, S=0.2044, loss=-0.1770]
Epoch 45/150 [train]:  69%|██████▉   | 18/26 [00:00<00:00, 86.42it/s, S=0.2007, loss=-0.1692]
Epoch 45/150 [train]:  69%|██████▉   | 18/26 [00:00<00:00, 86.42it/s, S=0.2026, loss=-0.1742]
Epoch 45/150 [train]:  69%|██████▉   | 18/26 [00:00<00:00, 86.42it/s, S=0.2026, loss=-0.1757]
Epoch 45/150 [train]:  69%|██████▉   | 18/26 [00:00<00:00, 86.42it/s, S=0.2021, loss=-0.1739]
                                                                                             
Epoch  45/150  train loss=-0.1764  val loss=-0.1820  S[mean]=0.2202  ζ=0.4057  mean_plane_ζ=0.2430  reg=0.0382  λscale=1.00  lr=3.46e-04

Epoch 46/150 [train]:   0%|          | 0/26 [00:00<?, ?it/s]
Epoch 46/150 [train]:   0%|          | 0/26 [00:00<?, ?it/s, S=0.2076, loss=-0.1789]
Epoch 46/150 [train]:   0%|          | 0/26 [00:00<?, ?it/s, S=0.2078, loss=-0.1774]
Epoch 46/150 [train]:   0%|          | 0/26 [00:00<?, ?it/s, S=0.2030, loss=-0.1776]
Epoch 46/150 [train]:   0%|          | 0/26 [00:00<?, ?it/s, S=0.2051, loss=-0.1790]
Epoch 46/150 [train]:   0%|          | 0/26 [00:00<?, ?it/s, S=0.2037, loss=-0.1751]
Epoch 46/150 [train]:   0%|          | 0/26 [00:00<?, ?it/s, S=0.2069, loss=-0.1807]
Epoch 46/150 [train]:   0%|          | 0/26 [00:00<?, ?it/s, S=0.2043, loss=-0.1761]
Epoch 46/150 [train]:   0%|          | 0/26 [00:00<?, ?it/s, S=0.2037, loss=-0.1795]
Epoch 46/150 [train]:   0%|          | 0/26 [00:00<?, ?it/s, S=0.2059, loss=-0.1786]
Epoch 46/150 [train]:  35%|███▍      | 9/26 [00:00<00:00, 86.23it/s, S=0.2059, loss=-0.1786]
Epoch 46/150 [train]:  35%|███▍      | 9/26 [00:00<00:00, 86.23it/s, S=0.2043, loss=-0.1746]
Epoch 46/150 [train]:  35%|███▍      | 9/26 [00:00<00:00, 86.23it/s, S=0.2043, loss=-0.1764]
Epoch 46/150 [train]:  35%|███▍      | 9/26 [00:00<00:00, 86.23it/s, S=0.2049, loss=-0.1786]
Epoch 46/150 [train]:  35%|███▍      | 9/26 [00:00<00:00, 86.23it/s, S=0.2054, loss=-0.1796]
Epoch 46/150 [train]:  35%|███▍      | 9/26 [00:00<00:00, 86.23it/s, S=0.2071, loss=-0.1805]
Epoch 46/150 [train]:  35%|███▍      | 9/26 [00:00<00:00, 86.23it/s, S=0.2063, loss=-0.1796]
Epoch 46/150 [train]:  35%|███▍      | 9/26 [00:00<00:00, 86.23it/s, S=0.2061, loss=-0.1772]
Epoch 46/150 [train]:  35%|███▍      | 9/26 [00:00<00:00, 86.23it/s, S=0.2035, loss=-0.1757]
Epoch 46/150 [train]:  35%|███▍      | 9/26 [00:00<00:00, 86.23it/s, S=0.2023, loss=-0.1760]
Epoch 46/150 [train]:  69%|██████▉   | 18/26 [00:00<00:00, 86.12it/s, S=0.2023, loss=-0.1760]
Epoch 46/150 [train]:  69%|██████▉   | 18/26 [00:00<00:00, 86.12it/s, S=0.2047, loss=-0.1785]
Epoch 46/150 [train]:  69%|██████▉   | 18/26 [00:00<00:00, 86.12it/s, S=0.2026, loss=-0.1636]
Epoch 46/150 [train]:  69%|██████▉   | 18/26 [00:00<00:00, 86.12it/s, S=0.2016, loss=-0.1707]
Epoch 46/150 [train]:  69%|██████▉   | 18/26 [00:00<00:00, 86.12it/s, S=0.2080, loss=-0.1818]
Epoch 46/150 [train]:  69%|██████▉   | 18/26 [00:00<00:00, 86.12it/s, S=0.2030, loss=-0.1729]
Epoch 46/150 [train]:  69%|██████▉   | 18/26 [00:00<00:00, 86.12it/s, S=0.1998, loss=-0.1689]
Epoch 46/150 [train]:  69%|██████▉   | 18/26 [00:00<00:00, 86.12it/s, S=0.2019, loss=-0.1737]
Epoch 46/150 [train]:  69%|██████▉   | 18/26 [00:00<00:00, 86.12it/s, S=0.2058, loss=-0.1779]
                                                                                             
Epoch  46/150  train loss=-0.1765  val loss=-0.1822  S[mean]=0.2211  ζ=0.4053  mean_plane_ζ=0.2428  reg=0.0389  λscale=1.00  lr=3.27e-04

Epoch 47/150 [train]:   0%|          | 0/26 [00:00<?, ?it/s]
Epoch 47/150 [train]:   0%|          | 0/26 [00:00<?, ?it/s, S=0.1980, loss=-0.1668]
Epoch 47/150 [train]:   0%|          | 0/26 [00:00<?, ?it/s, S=0.2065, loss=-0.1791]
Epoch 47/150 [train]:   0%|          | 0/26 [00:00<?, ?it/s, S=0.2074, loss=-0.1797]
Epoch 47/150 [train]:   0%|          | 0/26 [00:00<?, ?it/s, S=0.2087, loss=-0.1814]
Epoch 47/150 [train]:   0%|          | 0/26 [00:00<?, ?it/s, S=0.2062, loss=-0.1801]
Epoch 47/150 [train]:   0%|          | 0/26 [00:00<?, ?it/s, S=0.2008, loss=-0.1699]
Epoch 47/150 [train]:   0%|          | 0/26 [00:00<?, ?it/s, S=0.2034, loss=-0.1751]
Epoch 47/150 [train]:   0%|          | 0/26 [00:00<?, ?it/s, S=0.2071, loss=-0.1783]
Epoch 47/150 [train]:   0%|          | 0/26 [00:00<?, ?it/s, S=0.2063, loss=-0.1781]
Epoch 47/150 [train]:  35%|███▍      | 9/26 [00:00<00:00, 86.01it/s, S=0.2063, loss=-0.1781]
Epoch 47/150 [train]:  35%|███▍      | 9/26 [00:00<00:00, 86.01it/s, S=0.2066, loss=-0.1820]
Epoch 47/150 [train]:  35%|███▍      | 9/26 [00:00<00:00, 86.01it/s, S=0.2059, loss=-0.1790]
Epoch 47/150 [train]:  35%|███▍      | 9/26 [00:00<00:00, 86.01it/s, S=0.2032, loss=-0.1753]
Epoch 47/150 [train]:  35%|███▍      | 9/26 [00:00<00:00, 86.01it/s, S=0.2061, loss=-0.1815]
Epoch 47/150 [train]:  35%|███▍      | 9/26 [00:00<00:00, 86.01it/s, S=0.2030, loss=-0.1732]
Epoch 47/150 [train]:  35%|███▍      | 9/26 [00:00<00:00, 86.01it/s, S=0.2084, loss=-0.1780]
Epoch 47/150 [train]:  35%|███▍      | 9/26 [00:00<00:00, 86.01it/s, S=0.2061, loss=-0.1786]
Epoch 47/150 [train]:  35%|███▍      | 9/26 [00:00<00:00, 86.01it/s, S=0.2077, loss=-0.1825]
Epoch 47/150 [train]:  35%|███▍      | 9/26 [00:00<00:00, 86.01it/s, S=0.2102, loss=-0.1833]
Epoch 47/150 [train]:  69%|██████▉   | 18/26 [00:00<00:00, 86.02it/s, S=0.2102, loss=-0.1833]
Epoch 47/150 [train]:  69%|██████▉   | 18/26 [00:00<00:00, 86.02it/s, S=0.2084, loss=-0.1776]
Epoch 47/150 [train]:  69%|██████▉   | 18/26 [00:00<00:00, 86.02it/s, S=0.2066, loss=-0.1797]
Epoch 47/150 [train]:  69%|██████▉   | 18/26 [00:00<00:00, 86.02it/s, S=0.2030, loss=-0.1736]
Epoch 47/150 [train]:  69%|██████▉   | 18/26 [00:00<00:00, 86.02it/s, S=0.2074, loss=-0.1818]
Epoch 47/150 [train]:  69%|██████▉   | 18/26 [00:00<00:00, 86.02it/s, S=0.2058, loss=-0.1775]
Epoch 47/150 [train]:  69%|██████▉   | 18/26 [00:00<00:00, 86.02it/s, S=0.2059, loss=-0.1795]
Epoch 47/150 [train]:  69%|██████▉   | 18/26 [00:00<00:00, 86.02it/s, S=0.2058, loss=-0.1769]
Epoch 47/150 [train]:  69%|██████▉   | 18/26 [00:00<00:00, 86.02it/s, S=0.2035, loss=-0.1727]
                                                                                             
Epoch  47/150  train loss=-0.1777  val loss=-0.1829  S[mean]=0.2217  ζ=0.4058  mean_plane_ζ=0.2433  reg=0.0388  λscale=1.00  lr=3.08e-04

Epoch 48/150 [train]:   0%|          | 0/26 [00:00<?, ?it/s]
Epoch 48/150 [train]:   0%|          | 0/26 [00:00<?, ?it/s, S=0.2074, loss=-0.1815]
Epoch 48/150 [train]:   0%|          | 0/26 [00:00<?, ?it/s, S=0.2071, loss=-0.1758]
Epoch 48/150 [train]:   0%|          | 0/26 [00:00<?, ?it/s, S=0.2044, loss=-0.1788]
Epoch 48/150 [train]:   0%|          | 0/26 [00:00<?, ?it/s, S=0.2075, loss=-0.1798]
Epoch 48/150 [train]:   0%|          | 0/26 [00:00<?, ?it/s, S=0.2094, loss=-0.1817]
Epoch 48/150 [train]:   0%|          | 0/26 [00:00<?, ?it/s, S=0.2049, loss=-0.1791]
Epoch 48/150 [train]:   0%|          | 0/26 [00:00<?, ?it/s, S=0.2047, loss=-0.1737]
Epoch 48/150 [train]:   0%|          | 0/26 [00:00<?, ?it/s, S=0.2049, loss=-0.1766]
Epoch 48/150 [train]:   0%|          | 0/26 [00:00<?, ?it/s, S=0.2071, loss=-0.1761]
Epoch 48/150 [train]:  35%|███▍      | 9/26 [00:00<00:00, 86.02it/s, S=0.2071, loss=-0.1761]
Epoch 48/150 [train]:  35%|███▍      | 9/26 [00:00<00:00, 86.02it/s, S=0.2079, loss=-0.1787]
Epoch 48/150 [train]:  35%|███▍      | 9/26 [00:00<00:00, 86.02it/s, S=0.2081, loss=-0.1807]
Epoch 48/150 [train]:  35%|███▍      | 9/26 [00:00<00:00, 86.02it/s, S=0.2097, loss=-0.1831]
Epoch 48/150 [train]:  35%|███▍      | 9/26 [00:00<00:00, 86.02it/s, S=0.2044, loss=-0.1776]
Epoch 48/150 [train]:  35%|███▍      | 9/26 [00:00<00:00, 86.02it/s, S=0.2076, loss=-0.1833]
Epoch 48/150 [train]:  35%|███▍      | 9/26 [00:00<00:00, 86.02it/s, S=0.2108, loss=-0.1853]
Epoch 48/150 [train]:  35%|███▍      | 9/26 [00:00<00:00, 86.02it/s, S=0.2028, loss=-0.1730]
Epoch 48/150 [train]:  35%|███▍      | 9/26 [00:00<00:00, 86.02it/s, S=0.2067, loss=-0.1803]
Epoch 48/150 [train]:  35%|███▍      | 9/26 [00:00<00:00, 86.02it/s, S=0.2057, loss=-0.1794]
Epoch 48/150 [train]:  69%|██████▉   | 18/26 [00:00<00:00, 86.24it/s, S=0.2057, loss=-0.1794]
Epoch 48/150 [train]:  69%|██████▉   | 18/26 [00:00<00:00, 86.24it/s, S=0.2053, loss=-0.1771]
Epoch 48/150 [train]:  69%|██████▉   | 18/26 [00:00<00:00, 86.24it/s, S=0.2093, loss=-0.1845]
Epoch 48/150 [train]:  69%|██████▉   | 18/26 [00:00<00:00, 86.24it/s, S=0.2085, loss=-0.1811]
Epoch 48/150 [train]:  69%|██████▉   | 18/26 [00:00<00:00, 86.24it/s, S=0.2076, loss=-0.1810]
Epoch 48/150 [train]:  69%|██████▉   | 18/26 [00:00<00:00, 86.24it/s, S=0.2071, loss=-0.1821]
Epoch 48/150 [train]:  69%|██████▉   | 18/26 [00:00<00:00, 86.24it/s, S=0.2086, loss=-0.1829]
Epoch 48/150 [train]:  69%|██████▉   | 18/26 [00:00<00:00, 86.24it/s, S=0.2113, loss=-0.1866]
Epoch 48/150 [train]:  69%|██████▉   | 18/26 [00:00<00:00, 86.24it/s, S=0.2052, loss=-0.1809]
                                                                                             
Epoch  48/150  train loss=-0.1800  val loss=-0.1836  S[mean]=0.2223  ζ=0.4067  mean_plane_ζ=0.2437  reg=0.0387  λscale=1.00  lr=2.89e-04

Epoch 49/150 [train]:   0%|          | 0/26 [00:00<?, ?it/s]
Epoch 49/150 [train]:   0%|          | 0/26 [00:00<?, ?it/s, S=0.2081, loss=-0.1796]
Epoch 49/150 [train]:   0%|          | 0/26 [00:00<?, ?it/s, S=0.2083, loss=-0.1831]
Epoch 49/150 [train]:   0%|          | 0/26 [00:00<?, ?it/s, S=0.2108, loss=-0.1840]
Epoch 49/150 [train]:   0%|          | 0/26 [00:00<?, ?it/s, S=0.2077, loss=-0.1753]
Epoch 49/150 [train]:   0%|          | 0/26 [00:00<?, ?it/s, S=0.2093, loss=-0.1837]
Epoch 49/150 [train]:   0%|          | 0/26 [00:00<?, ?it/s, S=0.2087, loss=-0.1815]
Epoch 49/150 [train]:   0%|          | 0/26 [00:00<?, ?it/s, S=0.2087, loss=-0.1780]
Epoch 49/150 [train]:   0%|          | 0/26 [00:00<?, ?it/s, S=0.2081, loss=-0.1829]
Epoch 49/150 [train]:   0%|          | 0/26 [00:00<?, ?it/s, S=0.2090, loss=-0.1835]
Epoch 49/150 [train]:  35%|███▍      | 9/26 [00:00<00:00, 84.52it/s, S=0.2090, loss=-0.1835]
Epoch 49/150 [train]:  35%|███▍      | 9/26 [00:00<00:00, 84.52it/s, S=0.2104, loss=-0.1819]
Epoch 49/150 [train]:  35%|███▍      | 9/26 [00:00<00:00, 84.52it/s, S=0.2067, loss=-0.1804]
Epoch 49/150 [train]:  35%|███▍      | 9/26 [00:00<00:00, 84.52it/s, S=0.2076, loss=-0.1817]
Epoch 49/150 [train]:  35%|███▍      | 9/26 [00:00<00:00, 84.52it/s, S=0.2104, loss=-0.1853]
Epoch 49/150 [train]:  35%|███▍      | 9/26 [00:00<00:00, 84.52it/s, S=0.2067, loss=-0.1759]
Epoch 49/150 [train]:  35%|███▍      | 9/26 [00:00<00:00, 84.52it/s, S=0.2087, loss=-0.1839]
Epoch 49/150 [train]:  35%|███▍      | 9/26 [00:00<00:00, 84.52it/s, S=0.2109, loss=-0.1852]
Epoch 49/150 [train]:  35%|███▍      | 9/26 [00:00<00:00, 84.52it/s, S=0.2094, loss=-0.1834]
Epoch 49/150 [train]:  35%|███▍      | 9/26 [00:00<00:00, 84.52it/s, S=0.2051, loss=-0.1795]
Epoch 49/150 [train]:  69%|██████▉   | 18/26 [00:00<00:00, 85.57it/s, S=0.2051, loss=-0.1795]
Epoch 49/150 [train]:  69%|██████▉   | 18/26 [00:00<00:00, 85.57it/s, S=0.2049, loss=-0.1754]
Epoch 49/150 [train]:  69%|██████▉   | 18/26 [00:00<00:00, 85.57it/s, S=0.2076, loss=-0.1803]
Epoch 49/150 [train]:  69%|██████▉   | 18/26 [00:00<00:00, 85.57it/s, S=0.2087, loss=-0.1830]
Epoch 49/150 [train]:  69%|██████▉   | 18/26 [00:00<00:00, 85.57it/s, S=0.2074, loss=-0.1801]
Epoch 49/150 [train]:  69%|██████▉   | 18/26 [00:00<00:00, 85.57it/s, S=0.2073, loss=-0.1782]
Epoch 49/150 [train]:  69%|██████▉   | 18/26 [00:00<00:00, 85.57it/s, S=0.2100, loss=-0.1839]
Epoch 49/150 [train]:  69%|██████▉   | 18/26 [00:00<00:00, 85.57it/s, S=0.2045, loss=-0.1796]
Epoch 49/150 [train]:  69%|██████▉   | 18/26 [00:00<00:00, 85.57it/s, S=0.2077, loss=-0.1814]
                                                                                             
Epoch  49/150  train loss=-0.1812  val loss=-0.1847  S[mean]=0.2232  ζ=0.4069  mean_plane_ζ=0.2438  reg=0.0385  λscale=1.00  lr=2.70e-04

Epoch 50/150 [train]:   0%|          | 0/26 [00:00<?, ?it/s]
Epoch 50/150 [train]:   0%|          | 0/26 [00:00<?, ?it/s, S=0.2084, loss=-0.1793]
Epoch 50/150 [train]:   0%|          | 0/26 [00:00<?, ?it/s, S=0.2093, loss=-0.1810]
Epoch 50/150 [train]:   0%|          | 0/26 [00:00<?, ?it/s, S=0.2066, loss=-0.1804]
Epoch 50/150 [train]:   0%|          | 0/26 [00:00<?, ?it/s, S=0.2099, loss=-0.1842]
Epoch 50/150 [train]:   0%|          | 0/26 [00:00<?, ?it/s, S=0.2120, loss=-0.1862]
Epoch 50/150 [train]:   0%|          | 0/26 [00:00<?, ?it/s, S=0.2107, loss=-0.1851]
Epoch 50/150 [train]:   0%|          | 0/26 [00:00<?, ?it/s, S=0.2045, loss=-0.1746]
Epoch 50/150 [train]:   0%|          | 0/26 [00:00<?, ?it/s, S=0.2089, loss=-0.1810]
Epoch 50/150 [train]:   0%|          | 0/26 [00:00<?, ?it/s, S=0.2090, loss=-0.1813]
Epoch 50/150 [train]:  35%|███▍      | 9/26 [00:00<00:00, 85.75it/s, S=0.2090, loss=-0.1813]
Epoch 50/150 [train]:  35%|███▍      | 9/26 [00:00<00:00, 85.75it/s, S=0.2061, loss=-0.1817]
Epoch 50/150 [train]:  35%|███▍      | 9/26 [00:00<00:00, 85.75it/s, S=0.2026, loss=-0.1728]
Epoch 50/150 [train]:  35%|███▍      | 9/26 [00:00<00:00, 85.75it/s, S=0.2133, loss=-0.1887]
Epoch 50/150 [train]:  35%|███▍      | 9/26 [00:00<00:00, 85.75it/s, S=0.2064, loss=-0.1789]
Epoch 50/150 [train]:  35%|███▍      | 9/26 [00:00<00:00, 85.75it/s, S=0.2129, loss=-0.1886]
Epoch 50/150 [train]:  35%|███▍      | 9/26 [00:00<00:00, 85.75it/s, S=0.2106, loss=-0.1851]
Epoch 50/150 [train]:  35%|███▍      | 9/26 [00:00<00:00, 85.75it/s, S=0.2113, loss=-0.1843]
Epoch 50/150 [train]:  35%|███▍      | 9/26 [00:00<00:00, 85.75it/s, S=0.2113, loss=-0.1828]
Epoch 50/150 [train]:  35%|███▍      | 9/26 [00:00<00:00, 85.75it/s, S=0.2106, loss=-0.1829]
Epoch 50/150 [train]:  69%|██████▉   | 18/26 [00:00<00:00, 86.05it/s, S=0.2106, loss=-0.1829]
Epoch 50/150 [train]:  69%|██████▉   | 18/26 [00:00<00:00, 86.05it/s, S=0.2076, loss=-0.1818]
Epoch 50/150 [train]:  69%|██████▉   | 18/26 [00:00<00:00, 86.05it/s, S=0.2067, loss=-0.1792]
Epoch 50/150 [train]:  69%|██████▉   | 18/26 [00:00<00:00, 86.05it/s, S=0.2090, loss=-0.1797]
Epoch 50/150 [train]:  69%|██████▉   | 18/26 [00:00<00:00, 86.05it/s, S=0.2069, loss=-0.1758]
Epoch 50/150 [train]:  69%|██████▉   | 18/26 [00:00<00:00, 86.05it/s, S=0.2091, loss=-0.1785]
Epoch 50/150 [train]:  69%|██████▉   | 18/26 [00:00<00:00, 86.05it/s, S=0.2111, loss=-0.1855]
Epoch 50/150 [train]:  69%|██████▉   | 18/26 [00:00<00:00, 86.05it/s, S=0.2102, loss=-0.1842]
Epoch 50/150 [train]:  69%|██████▉   | 18/26 [00:00<00:00, 86.05it/s, S=0.2090, loss=-0.1798]
                                                                                             
Epoch  50/150  train loss=-0.1817  val loss=-0.1851  S[mean]=0.2238  ζ=0.4072  mean_plane_ζ=0.2440  reg=0.0387  λscale=1.00  lr=2.50e-04

Epoch 51/150 [train]:   0%|          | 0/26 [00:00<?, ?it/s]
Epoch 51/150 [train]:   0%|          | 0/26 [00:00<?, ?it/s, S=0.2139, loss=-0.1897]
Epoch 51/150 [train]:   0%|          | 0/26 [00:00<?, ?it/s, S=0.2111, loss=-0.1857]
Epoch 51/150 [train]:   0%|          | 0/26 [00:00<?, ?it/s, S=0.2093, loss=-0.1818]
Epoch 51/150 [train]:   0%|          | 0/26 [00:00<?, ?it/s, S=0.2110, loss=-0.1848]
Epoch 51/150 [train]:   0%|          | 0/26 [00:00<?, ?it/s, S=0.2061, loss=-0.1777]
Epoch 51/150 [train]:   0%|          | 0/26 [00:00<?, ?it/s, S=0.2067, loss=-0.1769]
Epoch 51/150 [train]:   0%|          | 0/26 [00:00<?, ?it/s, S=0.2099, loss=-0.1832]
Epoch 51/150 [train]:   0%|          | 0/26 [00:00<?, ?it/s, S=0.2090, loss=-0.1831]
Epoch 51/150 [train]:   0%|          | 0/26 [00:00<?, ?it/s, S=0.2104, loss=-0.1848]
Epoch 51/150 [train]:  35%|███▍      | 9/26 [00:00<00:00, 85.93it/s, S=0.2104, loss=-0.1848]
Epoch 51/150 [train]:  35%|███▍      | 9/26 [00:00<00:00, 85.93it/s, S=0.2082, loss=-0.1832]
Epoch 51/150 [train]:  35%|███▍      | 9/26 [00:00<00:00, 85.93it/s, S=0.2146, loss=-0.1887]
Epoch 51/150 [train]:  35%|███▍      | 9/26 [00:00<00:00, 85.93it/s, S=0.2075, loss=-0.1809]
Epoch 51/150 [train]:  35%|███▍      | 9/26 [00:00<00:00, 85.93it/s, S=0.2124, loss=-0.1889]
Epoch 51/150 [train]:  35%|███▍      | 9/26 [00:00<00:00, 85.93it/s, S=0.2083, loss=-0.1820]
Epoch 51/150 [train]:  35%|███▍      | 9/26 [00:00<00:00, 85.93it/s, S=0.2105, loss=-0.1855]
Epoch 51/150 [train]:  35%|███▍      | 9/26 [00:00<00:00, 85.93it/s, S=0.2102, loss=-0.1846]
Epoch 51/150 [train]:  35%|███▍      | 9/26 [00:00<00:00, 85.93it/s, S=0.2100, loss=-0.1845]
Epoch 51/150 [train]:  35%|███▍      | 9/26 [00:00<00:00, 85.93it/s, S=0.2074, loss=-0.1784]
Epoch 51/150 [train]:  69%|██████▉   | 18/26 [00:00<00:00, 86.22it/s, S=0.2074, loss=-0.1784]
Epoch 51/150 [train]:  69%|██████▉   | 18/26 [00:00<00:00, 86.22it/s, S=0.2112, loss=-0.1871]
Epoch 51/150 [train]:  69%|██████▉   | 18/26 [00:00<00:00, 86.22it/s, S=0.2077, loss=-0.1769]
Epoch 51/150 [train]:  69%|██████▉   | 18/26 [00:00<00:00, 86.22it/s, S=0.2093, loss=-0.1840]
Epoch 51/150 [train]:  69%|██████▉   | 18/26 [00:00<00:00, 86.22it/s, S=0.2053, loss=-0.1738]
Epoch 51/150 [train]:  69%|██████▉   | 18/26 [00:00<00:00, 86.22it/s, S=0.2117, loss=-0.1840]
Epoch 51/150 [train]:  69%|██████▉   | 18/26 [00:00<00:00, 86.22it/s, S=0.2083, loss=-0.1783]
Epoch 51/150 [train]:  69%|██████▉   | 18/26 [00:00<00:00, 86.22it/s, S=0.2088, loss=-0.1790]
Epoch 51/150 [train]:  69%|██████▉   | 18/26 [00:00<00:00, 86.22it/s, S=0.2095, loss=-0.1796]
                                                                                             
Epoch  51/150  train loss=-0.1826  val loss=-0.1860  S[mean]=0.2244  ζ=0.4080  mean_plane_ζ=0.2443  reg=0.0385  λscale=1.00  lr=2.30e-04

Epoch 52/150 [train]:   0%|          | 0/26 [00:00<?, ?it/s]
Epoch 52/150 [train]:   0%|          | 0/26 [00:00<?, ?it/s, S=0.2136, loss=-0.1884]
Epoch 52/150 [train]:   0%|          | 0/26 [00:00<?, ?it/s, S=0.2110, loss=-0.1849]
Epoch 52/150 [train]:   0%|          | 0/26 [00:00<?, ?it/s, S=0.2094, loss=-0.1805]
Epoch 52/150 [train]:   0%|          | 0/26 [00:00<?, ?it/s, S=0.2089, loss=-0.1790]
Epoch 52/150 [train]:   0%|          | 0/26 [00:00<?, ?it/s, S=0.2065, loss=-0.1818]
Epoch 52/150 [train]:   0%|          | 0/26 [00:00<?, ?it/s, S=0.2089, loss=-0.1811]
Epoch 52/150 [train]:   0%|          | 0/26 [00:00<?, ?it/s, S=0.2110, loss=-0.1838]
Epoch 52/150 [train]:   0%|          | 0/26 [00:00<?, ?it/s, S=0.2108, loss=-0.1828]
Epoch 52/150 [train]:   0%|          | 0/26 [00:00<?, ?it/s, S=0.2116, loss=-0.1871]
Epoch 52/150 [train]:  35%|███▍      | 9/26 [00:00<00:00, 86.17it/s, S=0.2116, loss=-0.1871]
Epoch 52/150 [train]:  35%|███▍      | 9/26 [00:00<00:00, 86.17it/s, S=0.2111, loss=-0.1838]
Epoch 52/150 [train]:  35%|███▍      | 9/26 [00:00<00:00, 86.17it/s, S=0.2082, loss=-0.1811]
Epoch 52/150 [train]:  35%|███▍      | 9/26 [00:00<00:00, 86.17it/s, S=0.2114, loss=-0.1854]
Epoch 52/150 [train]:  35%|███▍      | 9/26 [00:00<00:00, 86.17it/s, S=0.2083, loss=-0.1751]
Epoch 52/150 [train]:  35%|███▍      | 9/26 [00:00<00:00, 86.17it/s, S=0.2130, loss=-0.1858]
Epoch 52/150 [train]:  35%|███▍      | 9/26 [00:00<00:00, 86.17it/s, S=0.2068, loss=-0.1756]
Epoch 52/150 [train]:  35%|███▍      | 9/26 [00:00<00:00, 86.17it/s, S=0.2051, loss=-0.1781]
Epoch 52/150 [train]:  35%|███▍      | 9/26 [00:00<00:00, 86.17it/s, S=0.2146, loss=-0.1912]
Epoch 52/150 [train]:  35%|███▍      | 9/26 [00:00<00:00, 86.17it/s, S=0.2102, loss=-0.1839]
Epoch 52/150 [train]:  69%|██████▉   | 18/26 [00:00<00:00, 86.27it/s, S=0.2102, loss=-0.1839]
Epoch 52/150 [train]:  69%|██████▉   | 18/26 [00:00<00:00, 86.27it/s, S=0.2118, loss=-0.1878]
Epoch 52/150 [train]:  69%|██████▉   | 18/26 [00:00<00:00, 86.27it/s, S=0.2081, loss=-0.1792]
Epoch 52/150 [train]:  69%|██████▉   | 18/26 [00:00<00:00, 86.27it/s, S=0.2088, loss=-0.1814]
Epoch 52/150 [train]:  69%|██████▉   | 18/26 [00:00<00:00, 86.27it/s, S=0.2096, loss=-0.1824]
Epoch 52/150 [train]:  69%|██████▉   | 18/26 [00:00<00:00, 86.27it/s, S=0.2072, loss=-0.1779]
Epoch 52/150 [train]:  69%|██████▉   | 18/26 [00:00<00:00, 86.27it/s, S=0.2098, loss=-0.1844]
Epoch 52/150 [train]:  69%|██████▉   | 18/26 [00:00<00:00, 86.27it/s, S=0.2121, loss=-0.1858]
Epoch 52/150 [train]:  69%|██████▉   | 18/26 [00:00<00:00, 86.27it/s, S=0.2116, loss=-0.1874]
                                                                                             
Epoch  52/150  train loss=-0.1829  val loss=-0.1860  S[mean]=0.2247  ζ=0.4077  mean_plane_ζ=0.2444  reg=0.0387  λscale=1.00  lr=2.11e-04

Epoch 53/150 [train]:   0%|          | 0/26 [00:00<?, ?it/s]
Epoch 53/150 [train]:   0%|          | 0/26 [00:00<?, ?it/s, S=0.2081, loss=-0.1836]
Epoch 53/150 [train]:   0%|          | 0/26 [00:00<?, ?it/s, S=0.2132, loss=-0.1882]
Epoch 53/150 [train]:   0%|          | 0/26 [00:00<?, ?it/s, S=0.2093, loss=-0.1812]
Epoch 53/150 [train]:   0%|          | 0/26 [00:00<?, ?it/s, S=0.2124, loss=-0.1868]
Epoch 53/150 [train]:   0%|          | 0/26 [00:00<?, ?it/s, S=0.2124, loss=-0.1863]
Epoch 53/150 [train]:   0%|          | 0/26 [00:00<?, ?it/s, S=0.2102, loss=-0.1830]
Epoch 53/150 [train]:   0%|          | 0/26 [00:00<?, ?it/s, S=0.2081, loss=-0.1787]
Epoch 53/150 [train]:   0%|          | 0/26 [00:00<?, ?it/s, S=0.2034, loss=-0.1718]
Epoch 53/150 [train]:   0%|          | 0/26 [00:00<?, ?it/s, S=0.2102, loss=-0.1820]
Epoch 53/150 [train]:  35%|███▍      | 9/26 [00:00<00:00, 86.05it/s, S=0.2102, loss=-0.1820]
Epoch 53/150 [train]:  35%|███▍      | 9/26 [00:00<00:00, 86.05it/s, S=0.2089, loss=-0.1810]
Epoch 53/150 [train]:  35%|███▍      | 9/26 [00:00<00:00, 86.05it/s, S=0.2127, loss=-0.1831]
Epoch 53/150 [train]:  35%|███▍      | 9/26 [00:00<00:00, 86.05it/s, S=0.2094, loss=-0.1808]
Epoch 53/150 [train]:  35%|███▍      | 9/26 [00:00<00:00, 86.05it/s, S=0.2136, loss=-0.1894]
Epoch 53/150 [train]:  35%|███▍      | 9/26 [00:00<00:00, 86.05it/s, S=0.2083, loss=-0.1795]
Epoch 53/150 [train]:  35%|███▍      | 9/26 [00:00<00:00, 86.05it/s, S=0.2142, loss=-0.1891]
Epoch 53/150 [train]:  35%|███▍      | 9/26 [00:00<00:00, 86.05it/s, S=0.2094, loss=-0.1794]
Epoch 53/150 [train]:  35%|███▍      | 9/26 [00:00<00:00, 86.05it/s, S=0.2138, loss=-0.1910]
Epoch 53/150 [train]:  35%|███▍      | 9/26 [00:00<00:00, 86.05it/s, S=0.2063, loss=-0.1763]
Epoch 53/150 [train]:  69%|██████▉   | 18/26 [00:00<00:00, 86.18it/s, S=0.2063, loss=-0.1763]
Epoch 53/150 [train]:  69%|██████▉   | 18/26 [00:00<00:00, 86.18it/s, S=0.2128, loss=-0.1890]
Epoch 53/150 [train]:  69%|██████▉   | 18/26 [00:00<00:00, 86.18it/s, S=0.2100, loss=-0.1852]
Epoch 53/150 [train]:  69%|██████▉   | 18/26 [00:00<00:00, 86.18it/s, S=0.2106, loss=-0.1844]
Epoch 53/150 [train]:  69%|██████▉   | 18/26 [00:00<00:00, 86.18it/s, S=0.2116, loss=-0.1854]
Epoch 53/150 [train]:  69%|██████▉   | 18/26 [00:00<00:00, 86.18it/s, S=0.2074, loss=-0.1787]
Epoch 53/150 [train]:  69%|██████▉   | 18/26 [00:00<00:00, 86.18it/s, S=0.2128, loss=-0.1855]
Epoch 53/150 [train]:  69%|██████▉   | 18/26 [00:00<00:00, 86.18it/s, S=0.2118, loss=-0.1853]
Epoch 53/150 [train]:  69%|██████▉   | 18/26 [00:00<00:00, 86.18it/s, S=0.2054, loss=-0.1733]
                                                                                             
Epoch  53/150  train loss=-0.1830  val loss=-0.1862  S[mean]=0.2250  ζ=0.4080  mean_plane_ζ=0.2447  reg=0.0387  λscale=1.00  lr=1.92e-04

Epoch 54/150 [train]:   0%|          | 0/26 [00:00<?, ?it/s]
Epoch 54/150 [train]:   0%|          | 0/26 [00:00<?, ?it/s, S=0.2113, loss=-0.1859]
Epoch 54/150 [train]:   0%|          | 0/26 [00:00<?, ?it/s, S=0.2100, loss=-0.1848]
Epoch 54/150 [train]:   0%|          | 0/26 [00:00<?, ?it/s, S=0.2084, loss=-0.1803]
Epoch 54/150 [train]:   0%|          | 0/26 [00:00<?, ?it/s, S=0.2136, loss=-0.1867]
Epoch 54/150 [train]:   0%|          | 0/26 [00:00<?, ?it/s, S=0.2141, loss=-0.1894]
Epoch 54/150 [train]:   0%|          | 0/26 [00:00<?, ?it/s, S=0.2080, loss=-0.1813]
Epoch 54/150 [train]:   0%|          | 0/26 [00:00<?, ?it/s, S=0.2146, loss=-0.1895]
Epoch 54/150 [train]:   0%|          | 0/26 [00:00<?, ?it/s, S=0.2080, loss=-0.1792]
Epoch 54/150 [train]:   0%|          | 0/26 [00:00<?, ?it/s, S=0.2129, loss=-0.1854]
Epoch 54/150 [train]:  35%|███▍      | 9/26 [00:00<00:00, 86.10it/s, S=0.2129, loss=-0.1854]
Epoch 54/150 [train]:  35%|███▍      | 9/26 [00:00<00:00, 86.10it/s, S=0.2122, loss=-0.1836]
Epoch 54/150 [train]:  35%|███▍      | 9/26 [00:00<00:00, 86.10it/s, S=0.2120, loss=-0.1886]
Epoch 54/150 [train]:  35%|███▍      | 9/26 [00:00<00:00, 86.10it/s, S=0.2095, loss=-0.1852]
Epoch 54/150 [train]:  35%|███▍      | 9/26 [00:00<00:00, 86.10it/s, S=0.2096, loss=-0.1819]
Epoch 54/150 [train]:  35%|███▍      | 9/26 [00:00<00:00, 86.10it/s, S=0.2124, loss=-0.1876]
Epoch 54/150 [train]:  35%|███▍      | 9/26 [00:00<00:00, 86.10it/s, S=0.2109, loss=-0.1839]
Epoch 54/150 [train]:  35%|███▍      | 9/26 [00:00<00:00, 86.10it/s, S=0.2087, loss=-0.1760]
Epoch 54/150 [train]:  35%|███▍      | 9/26 [00:00<00:00, 86.10it/s, S=0.2121, loss=-0.1864]
Epoch 54/150 [train]:  35%|███▍      | 9/26 [00:00<00:00, 86.10it/s, S=0.2121, loss=-0.1860]
Epoch 54/150 [train]:  69%|██████▉   | 18/26 [00:00<00:00, 86.33it/s, S=0.2121, loss=-0.1860]
Epoch 54/150 [train]:  69%|██████▉   | 18/26 [00:00<00:00, 86.33it/s, S=0.2117, loss=-0.1854]
Epoch 54/150 [train]:  69%|██████▉   | 18/26 [00:00<00:00, 86.33it/s, S=0.2119, loss=-0.1855]
Epoch 54/150 [train]:  69%|██████▉   | 18/26 [00:00<00:00, 86.33it/s, S=0.2096, loss=-0.1786]
Epoch 54/150 [train]:  69%|██████▉   | 18/26 [00:00<00:00, 86.33it/s, S=0.2131, loss=-0.1847]
Epoch 54/150 [train]:  69%|██████▉   | 18/26 [00:00<00:00, 86.33it/s, S=0.2102, loss=-0.1850]
Epoch 54/150 [train]:  69%|██████▉   | 18/26 [00:00<00:00, 86.33it/s, S=0.2112, loss=-0.1833]
Epoch 54/150 [train]:  69%|██████▉   | 18/26 [00:00<00:00, 86.33it/s, S=0.2115, loss=-0.1820]
Epoch 54/150 [train]:  69%|██████▉   | 18/26 [00:00<00:00, 86.33it/s, S=0.2121, loss=-0.1852]
                                                                                             
Epoch  54/150  train loss=-0.1843  val loss=-0.1864  S[mean]=0.2253  ζ=0.4084  mean_plane_ζ=0.2450  reg=0.0389  λscale=1.00  lr=1.73e-04

Epoch 55/150 [train]:   0%|          | 0/26 [00:00<?, ?it/s]
Epoch 55/150 [train]:   0%|          | 0/26 [00:00<?, ?it/s, S=0.2111, loss=-0.1837]
Epoch 55/150 [train]:   0%|          | 0/26 [00:00<?, ?it/s, S=0.2136, loss=-0.1885]
Epoch 55/150 [train]:   0%|          | 0/26 [00:00<?, ?it/s, S=0.2136, loss=-0.1890]
Epoch 55/150 [train]:   0%|          | 0/26 [00:00<?, ?it/s, S=0.2109, loss=-0.1831]
Epoch 55/150 [train]:   0%|          | 0/26 [00:00<?, ?it/s, S=0.2067, loss=-0.1810]
Epoch 55/150 [train]:   0%|          | 0/26 [00:00<?, ?it/s, S=0.2130, loss=-0.1867]
Epoch 55/150 [train]:   0%|          | 0/26 [00:00<?, ?it/s, S=0.2140, loss=-0.1819]
Epoch 55/150 [train]:   0%|          | 0/26 [00:00<?, ?it/s, S=0.2083, loss=-0.1834]
Epoch 55/150 [train]:   0%|          | 0/26 [00:00<?, ?it/s, S=0.2129, loss=-0.1878]
Epoch 55/150 [train]:  35%|███▍      | 9/26 [00:00<00:00, 85.89it/s, S=0.2129, loss=-0.1878]
Epoch 55/150 [train]:  35%|███▍      | 9/26 [00:00<00:00, 85.89it/s, S=0.2110, loss=-0.1863]
Epoch 55/150 [train]:  35%|███▍      | 9/26 [00:00<00:00, 85.89it/s, S=0.2114, loss=-0.1863]
Epoch 55/150 [train]:  35%|███▍      | 9/26 [00:00<00:00, 85.89it/s, S=0.2124, loss=-0.1865]
Epoch 55/150 [train]:  35%|███▍      | 9/26 [00:00<00:00, 85.89it/s, S=0.2128, loss=-0.1855]
Epoch 55/150 [train]:  35%|███▍      | 9/26 [00:00<00:00, 85.89it/s, S=0.2122, loss=-0.1885]
Epoch 55/150 [train]:  35%|███▍      | 9/26 [00:00<00:00, 85.89it/s, S=0.2118, loss=-0.1854]
Epoch 55/150 [train]:  35%|███▍      | 9/26 [00:00<00:00, 85.89it/s, S=0.2110, loss=-0.1807]
Epoch 55/150 [train]:  35%|███▍      | 9/26 [00:00<00:00, 85.89it/s, S=0.2137, loss=-0.1891]
Epoch 55/150 [train]:  35%|███▍      | 9/26 [00:00<00:00, 85.89it/s, S=0.2127, loss=-0.1852]
Epoch 55/150 [train]:  69%|██████▉   | 18/26 [00:00<00:00, 86.19it/s, S=0.2127, loss=-0.1852]
Epoch 55/150 [train]:  69%|██████▉   | 18/26 [00:00<00:00, 86.19it/s, S=0.2084, loss=-0.1802]
Epoch 55/150 [train]:  69%|██████▉   | 18/26 [00:00<00:00, 86.19it/s, S=0.2130, loss=-0.1858]
Epoch 55/150 [train]:  69%|██████▉   | 18/26 [00:00<00:00, 86.19it/s, S=0.2101, loss=-0.1826]
Epoch 55/150 [train]:  69%|██████▉   | 18/26 [00:00<00:00, 86.19it/s, S=0.2129, loss=-0.1876]
Epoch 55/150 [train]:  69%|██████▉   | 18/26 [00:00<00:00, 86.19it/s, S=0.2103, loss=-0.1830]
Epoch 55/150 [train]:  69%|██████▉   | 18/26 [00:00<00:00, 86.19it/s, S=0.2116, loss=-0.1843]
Epoch 55/150 [train]:  69%|██████▉   | 18/26 [00:00<00:00, 86.19it/s, S=0.2078, loss=-0.1784]
Epoch 55/150 [train]:  69%|██████▉   | 18/26 [00:00<00:00, 86.19it/s, S=0.2101, loss=-0.1825]
                                                                                             
Epoch  55/150  train loss=-0.1847  val loss=-0.1869  S[mean]=0.2256  ζ=0.4084  mean_plane_ζ=0.2448  reg=0.0387  λscale=1.00  lr=1.54e-04

Epoch 56/150 [train]:   0%|          | 0/26 [00:00<?, ?it/s]
Epoch 56/150 [train]:   0%|          | 0/26 [00:00<?, ?it/s, S=0.2095, loss=-0.1818]
Epoch 56/150 [train]:   0%|          | 0/26 [00:00<?, ?it/s, S=0.2107, loss=-0.1840]
Epoch 56/150 [train]:   0%|          | 0/26 [00:00<?, ?it/s, S=0.2096, loss=-0.1838]
Epoch 56/150 [train]:   0%|          | 0/26 [00:00<?, ?it/s, S=0.2117, loss=-0.1834]
Epoch 56/150 [train]:   0%|          | 0/26 [00:00<?, ?it/s, S=0.2113, loss=-0.1855]
Epoch 56/150 [train]:   0%|          | 0/26 [00:00<?, ?it/s, S=0.2090, loss=-0.1783]
Epoch 56/150 [train]:   0%|          | 0/26 [00:00<?, ?it/s, S=0.2099, loss=-0.1833]
Epoch 56/150 [train]:   0%|          | 0/26 [00:00<?, ?it/s, S=0.2127, loss=-0.1865]
Epoch 56/150 [train]:   0%|          | 0/26 [00:00<?, ?it/s, S=0.2126, loss=-0.1879]
Epoch 56/150 [train]:  35%|███▍      | 9/26 [00:00<00:00, 86.17it/s, S=0.2126, loss=-0.1879]
Epoch 56/150 [train]:  35%|███▍      | 9/26 [00:00<00:00, 86.17it/s, S=0.2149, loss=-0.1911]
Epoch 56/150 [train]:  35%|███▍      | 9/26 [00:00<00:00, 86.17it/s, S=0.2118, loss=-0.1860]
Epoch 56/150 [train]:  35%|███▍      | 9/26 [00:00<00:00, 86.17it/s, S=0.2140, loss=-0.1883]
Epoch 56/150 [train]:  35%|███▍      | 9/26 [00:00<00:00, 86.17it/s, S=0.2121, loss=-0.1861]
Epoch 56/150 [train]:  35%|███▍      | 9/26 [00:00<00:00, 86.17it/s, S=0.2140, loss=-0.1881]
Epoch 56/150 [train]:  35%|███▍      | 9/26 [00:00<00:00, 86.17it/s, S=0.2134, loss=-0.1874]
Epoch 56/150 [train]:  35%|███▍      | 9/26 [00:00<00:00, 86.17it/s, S=0.2100, loss=-0.1843]
Epoch 56/150 [train]:  35%|███▍      | 9/26 [00:00<00:00, 86.17it/s, S=0.2142, loss=-0.1893]
Epoch 56/150 [train]:  35%|███▍      | 9/26 [00:00<00:00, 86.17it/s, S=0.2107, loss=-0.1862]
Epoch 56/150 [train]:  69%|██████▉   | 18/26 [00:00<00:00, 86.14it/s, S=0.2107, loss=-0.1862]
Epoch 56/150 [train]:  69%|██████▉   | 18/26 [00:00<00:00, 86.14it/s, S=0.2132, loss=-0.1879]
Epoch 56/150 [train]:  69%|██████▉   | 18/26 [00:00<00:00, 86.14it/s, S=0.2108, loss=-0.1857]
Epoch 56/150 [train]:  69%|██████▉   | 18/26 [00:00<00:00, 86.14it/s, S=0.2153, loss=-0.1896]
Epoch 56/150 [train]:  69%|██████▉   | 18/26 [00:00<00:00, 86.14it/s, S=0.2135, loss=-0.1864]
Epoch 56/150 [train]:  69%|██████▉   | 18/26 [00:00<00:00, 86.14it/s, S=0.2072, loss=-0.1807]
Epoch 56/150 [train]:  69%|██████▉   | 18/26 [00:00<00:00, 86.14it/s, S=0.2114, loss=-0.1848]
Epoch 56/150 [train]:  69%|██████▉   | 18/26 [00:00<00:00, 86.14it/s, S=0.2113, loss=-0.1842]
Epoch 56/150 [train]:  69%|██████▉   | 18/26 [00:00<00:00, 86.14it/s, S=0.2095, loss=-0.1832]
                                                                                             
Epoch  56/150  train loss=-0.1855  val loss=-0.1878  S[mean]=0.2261  ζ=0.4087  mean_plane_ζ=0.2450  reg=0.0383  λscale=1.00  lr=1.37e-04

Epoch 57/150 [train]:   0%|          | 0/26 [00:00<?, ?it/s]
Epoch 57/150 [train]:   0%|          | 0/26 [00:00<?, ?it/s, S=0.2122, loss=-0.1872]
Epoch 57/150 [train]:   0%|          | 0/26 [00:00<?, ?it/s, S=0.2098, loss=-0.1859]
Epoch 57/150 [train]:   0%|          | 0/26 [00:00<?, ?it/s, S=0.2105, loss=-0.1843]
Epoch 57/150 [train]:   0%|          | 0/26 [00:00<?, ?it/s, S=0.2150, loss=-0.1890]
Epoch 57/150 [train]:   0%|          | 0/26 [00:00<?, ?it/s, S=0.2127, loss=-0.1858]
Epoch 57/150 [train]:   0%|          | 0/26 [00:00<?, ?it/s, S=0.2126, loss=-0.1872]
Epoch 57/150 [train]:   0%|          | 0/26 [00:00<?, ?it/s, S=0.2112, loss=-0.1843]
Epoch 57/150 [train]:   0%|          | 0/26 [00:00<?, ?it/s, S=0.2152, loss=-0.1884]
Epoch 57/150 [train]:   0%|          | 0/26 [00:00<?, ?it/s, S=0.2142, loss=-0.1861]
Epoch 57/150 [train]:  35%|███▍      | 9/26 [00:00<00:00, 85.68it/s, S=0.2142, loss=-0.1861]
Epoch 57/150 [train]:  35%|███▍      | 9/26 [00:00<00:00, 85.68it/s, S=0.2113, loss=-0.1842]
Epoch 57/150 [train]:  35%|███▍      | 9/26 [00:00<00:00, 85.68it/s, S=0.2114, loss=-0.1875]
Epoch 57/150 [train]:  35%|███▍      | 9/26 [00:00<00:00, 85.68it/s, S=0.2124, loss=-0.1877]
Epoch 57/150 [train]:  35%|███▍      | 9/26 [00:00<00:00, 85.68it/s, S=0.2140, loss=-0.1894]
Epoch 57/150 [train]:  35%|███▍      | 9/26 [00:00<00:00, 85.68it/s, S=0.2145, loss=-0.1884]
Epoch 57/150 [train]:  35%|███▍      | 9/26 [00:00<00:00, 85.68it/s, S=0.2101, loss=-0.1810]
Epoch 57/150 [train]:  35%|███▍      | 9/26 [00:00<00:00, 85.68it/s, S=0.2137, loss=-0.1868]
Epoch 57/150 [train]:  35%|███▍      | 9/26 [00:00<00:00, 85.68it/s, S=0.2155, loss=-0.1888]
Epoch 57/150 [train]:  35%|███▍      | 9/26 [00:00<00:00, 85.68it/s, S=0.2111, loss=-0.1849]
Epoch 57/150 [train]:  69%|██████▉   | 18/26 [00:00<00:00, 86.02it/s, S=0.2111, loss=-0.1849]
Epoch 57/150 [train]:  69%|██████▉   | 18/26 [00:00<00:00, 86.02it/s, S=0.2138, loss=-0.1840]
Epoch 57/150 [train]:  69%|██████▉   | 18/26 [00:00<00:00, 86.02it/s, S=0.2115, loss=-0.1829]
Epoch 57/150 [train]:  69%|██████▉   | 18/26 [00:00<00:00, 86.02it/s, S=0.2107, loss=-0.1812]
Epoch 57/150 [train]:  69%|██████▉   | 18/26 [00:00<00:00, 86.02it/s, S=0.2105, loss=-0.1842]
Epoch 57/150 [train]:  69%|██████▉   | 18/26 [00:00<00:00, 86.02it/s, S=0.2111, loss=-0.1867]
Epoch 57/150 [train]:  69%|██████▉   | 18/26 [00:00<00:00, 86.02it/s, S=0.2082, loss=-0.1812]
Epoch 57/150 [train]:  69%|██████▉   | 18/26 [00:00<00:00, 86.02it/s, S=0.2127, loss=-0.1852]
Epoch 57/150 [train]:  69%|██████▉   | 18/26 [00:00<00:00, 86.02it/s, S=0.2149, loss=-0.1885]
                                                                                             
Epoch  57/150  train loss=-0.1858  val loss=-0.1877  S[mean]=0.2262  ζ=0.4089  mean_plane_ζ=0.2451  reg=0.0385  λscale=1.00  lr=1.19e-04

Epoch 58/150 [train]:   0%|          | 0/26 [00:00<?, ?it/s]
Epoch 58/150 [train]:   0%|          | 0/26 [00:00<?, ?it/s, S=0.2138, loss=-0.1887]
Epoch 58/150 [train]:   0%|          | 0/26 [00:00<?, ?it/s, S=0.2137, loss=-0.1863]
Epoch 58/150 [train]:   0%|          | 0/26 [00:00<?, ?it/s, S=0.2129, loss=-0.1887]
Epoch 58/150 [train]:   0%|          | 0/26 [00:00<?, ?it/s, S=0.2169, loss=-0.1933]
Epoch 58/150 [train]:   0%|          | 0/26 [00:00<?, ?it/s, S=0.2108, loss=-0.1862]
Epoch 58/150 [train]:   0%|          | 0/26 [00:00<?, ?it/s, S=0.2121, loss=-0.1862]
Epoch 58/150 [train]:   0%|          | 0/26 [00:00<?, ?it/s, S=0.2077, loss=-0.1798]
Epoch 58/150 [train]:   0%|          | 0/26 [00:00<?, ?it/s, S=0.2129, loss=-0.1876]
Epoch 58/150 [train]:   0%|          | 0/26 [00:00<?, ?it/s, S=0.2143, loss=-0.1898]
Epoch 58/150 [train]:  35%|███▍      | 9/26 [00:00<00:00, 85.93it/s, S=0.2143, loss=-0.1898]
Epoch 58/150 [train]:  35%|███▍      | 9/26 [00:00<00:00, 85.93it/s, S=0.2129, loss=-0.1874]
Epoch 58/150 [train]:  35%|███▍      | 9/26 [00:00<00:00, 85.93it/s, S=0.2104, loss=-0.1845]
Epoch 58/150 [train]:  35%|███▍      | 9/26 [00:00<00:00, 85.93it/s, S=0.2139, loss=-0.1882]
Epoch 58/150 [train]:  35%|███▍      | 9/26 [00:00<00:00, 85.93it/s, S=0.2137, loss=-0.1869]
Epoch 58/150 [train]:  35%|███▍      | 9/26 [00:00<00:00, 85.93it/s, S=0.2144, loss=-0.1901]
Epoch 58/150 [train]:  35%|███▍      | 9/26 [00:00<00:00, 85.93it/s, S=0.2114, loss=-0.1857]
Epoch 58/150 [train]:  35%|███▍      | 9/26 [00:00<00:00, 85.93it/s, S=0.2124, loss=-0.1860]
Epoch 58/150 [train]:  35%|███▍      | 9/26 [00:00<00:00, 85.93it/s, S=0.2121, loss=-0.1881]
Epoch 58/150 [train]:  35%|███▍      | 9/26 [00:00<00:00, 85.93it/s, S=0.2113, loss=-0.1847]
Epoch 58/150 [train]:  69%|██████▉   | 18/26 [00:00<00:00, 85.65it/s, S=0.2113, loss=-0.1847]
Epoch 58/150 [train]:  69%|██████▉   | 18/26 [00:00<00:00, 85.65it/s, S=0.2128, loss=-0.1851]
Epoch 58/150 [train]:  69%|██████▉   | 18/26 [00:00<00:00, 85.65it/s, S=0.2118, loss=-0.1827]
Epoch 58/150 [train]:  69%|██████▉   | 18/26 [00:00<00:00, 85.65it/s, S=0.2154, loss=-0.1900]
Epoch 58/150 [train]:  69%|██████▉   | 18/26 [00:00<00:00, 85.65it/s, S=0.2118, loss=-0.1872]
Epoch 58/150 [train]:  69%|██████▉   | 18/26 [00:00<00:00, 85.65it/s, S=0.2145, loss=-0.1870]
Epoch 58/150 [train]:  69%|██████▉   | 18/26 [00:00<00:00, 85.65it/s, S=0.2177, loss=-0.1924]
Epoch 58/150 [train]:  69%|██████▉   | 18/26 [00:00<00:00, 85.65it/s, S=0.2099, loss=-0.1834]
Epoch 58/150 [train]:  69%|██████▉   | 18/26 [00:00<00:00, 85.65it/s, S=0.2150, loss=-0.1890]
                                                                                             
Epoch  58/150  train loss=-0.1871  val loss=-0.1882  S[mean]=0.2265  ζ=0.4093  mean_plane_ζ=0.2457  reg=0.0383  λscale=1.00  lr=1.03e-04

Epoch 59/150 [train]:   0%|          | 0/26 [00:00<?, ?it/s]
Epoch 59/150 [train]:   0%|          | 0/26 [00:00<?, ?it/s, S=0.2157, loss=-0.1903]
Epoch 59/150 [train]:   0%|          | 0/26 [00:00<?, ?it/s, S=0.2132, loss=-0.1856]
Epoch 59/150 [train]:   0%|          | 0/26 [00:00<?, ?it/s, S=0.2104, loss=-0.1837]
Epoch 59/150 [train]:   0%|          | 0/26 [00:00<?, ?it/s, S=0.2116, loss=-0.1868]
Epoch 59/150 [train]:   0%|          | 0/26 [00:00<?, ?it/s, S=0.2081, loss=-0.1786]
Epoch 59/150 [train]:   0%|          | 0/26 [00:00<?, ?it/s, S=0.2157, loss=-0.1902]
Epoch 59/150 [train]:   0%|          | 0/26 [00:00<?, ?it/s, S=0.2141, loss=-0.1895]
Epoch 59/150 [train]:   0%|          | 0/26 [00:00<?, ?it/s, S=0.2148, loss=-0.1893]
Epoch 59/150 [train]:   0%|          | 0/26 [00:00<?, ?it/s, S=0.2157, loss=-0.1887]
Epoch 59/150 [train]:  35%|███▍      | 9/26 [00:00<00:00, 86.00it/s, S=0.2157, loss=-0.1887]
Epoch 59/150 [train]:  35%|███▍      | 9/26 [00:00<00:00, 86.00it/s, S=0.2146, loss=-0.1895]
Epoch 59/150 [train]:  35%|███▍      | 9/26 [00:00<00:00, 86.00it/s, S=0.2149, loss=-0.1892]
Epoch 59/150 [train]:  35%|███▍      | 9/26 [00:00<00:00, 86.00it/s, S=0.2126, loss=-0.1811]
Epoch 59/150 [train]:  35%|███▍      | 9/26 [00:00<00:00, 86.00it/s, S=0.2126, loss=-0.1870]
Epoch 59/150 [train]:  35%|███▍      | 9/26 [00:00<00:00, 86.00it/s, S=0.2110, loss=-0.1855]
Epoch 59/150 [train]:  35%|███▍      | 9/26 [00:00<00:00, 86.00it/s, S=0.2101, loss=-0.1837]
Epoch 59/150 [train]:  35%|███▍      | 9/26 [00:00<00:00, 86.00it/s, S=0.2131, loss=-0.1896]
Epoch 59/150 [train]:  35%|███▍      | 9/26 [00:00<00:00, 86.00it/s, S=0.2140, loss=-0.1889]
Epoch 59/150 [train]:  35%|███▍      | 9/26 [00:00<00:00, 86.00it/s, S=0.2131, loss=-0.1895]
Epoch 59/150 [train]:  69%|██████▉   | 18/26 [00:00<00:00, 86.15it/s, S=0.2131, loss=-0.1895]
Epoch 59/150 [train]:  69%|██████▉   | 18/26 [00:00<00:00, 86.15it/s, S=0.2126, loss=-0.1845]
Epoch 59/150 [train]:  69%|██████▉   | 18/26 [00:00<00:00, 86.15it/s, S=0.2142, loss=-0.1908]
Epoch 59/150 [train]:  69%|██████▉   | 18/26 [00:00<00:00, 86.15it/s, S=0.2146, loss=-0.1868]
Epoch 59/150 [train]:  69%|██████▉   | 18/26 [00:00<00:00, 86.15it/s, S=0.2104, loss=-0.1830]
Epoch 59/150 [train]:  69%|██████▉   | 18/26 [00:00<00:00, 86.15it/s, S=0.2116, loss=-0.1841]
Epoch 59/150 [train]:  69%|██████▉   | 18/26 [00:00<00:00, 86.15it/s, S=0.2052, loss=-0.1737]
Epoch 59/150 [train]:  69%|██████▉   | 18/26 [00:00<00:00, 86.15it/s, S=0.2089, loss=-0.1780]
Epoch 59/150 [train]:  69%|██████▉   | 18/26 [00:00<00:00, 86.15it/s, S=0.2137, loss=-0.1867]
                                                                                             
Epoch  59/150  train loss=-0.1859  val loss=-0.1883  S[mean]=0.2266  ζ=0.4091  mean_plane_ζ=0.2455  reg=0.0383  λscale=1.00  lr=8.76e-05

Epoch 60/150 [train]:   0%|          | 0/26 [00:00<?, ?it/s]
Epoch 60/150 [train]:   0%|          | 0/26 [00:00<?, ?it/s, S=0.2108, loss=-0.1830]
Epoch 60/150 [train]:   0%|          | 0/26 [00:00<?, ?it/s, S=0.2131, loss=-0.1871]
Epoch 60/150 [train]:   0%|          | 0/26 [00:00<?, ?it/s, S=0.2149, loss=-0.1887]
Epoch 60/150 [train]:   0%|          | 0/26 [00:00<?, ?it/s, S=0.2113, loss=-0.1858]
Epoch 60/150 [train]:   0%|          | 0/26 [00:00<?, ?it/s, S=0.2175, loss=-0.1937]
Epoch 60/150 [train]:   0%|          | 0/26 [00:00<?, ?it/s, S=0.2114, loss=-0.1828]
Epoch 60/150 [train]:   0%|          | 0/26 [00:00<?, ?it/s, S=0.2112, loss=-0.1849]
Epoch 60/150 [train]:   0%|          | 0/26 [00:00<?, ?it/s, S=0.2072, loss=-0.1802]
Epoch 60/150 [train]:   0%|          | 0/26 [00:00<?, ?it/s, S=0.2121, loss=-0.1825]
Epoch 60/150 [train]:  35%|███▍      | 9/26 [00:00<00:00, 85.67it/s, S=0.2121, loss=-0.1825]
Epoch 60/150 [train]:  35%|███▍      | 9/26 [00:00<00:00, 85.67it/s, S=0.2127, loss=-0.1868]
Epoch 60/150 [train]:  35%|███▍      | 9/26 [00:00<00:00, 85.67it/s, S=0.2148, loss=-0.1885]
Epoch 60/150 [train]:  35%|███▍      | 9/26 [00:00<00:00, 85.67it/s, S=0.2120, loss=-0.1851]
Epoch 60/150 [train]:  35%|███▍      | 9/26 [00:00<00:00, 85.67it/s, S=0.2119, loss=-0.1842]
Epoch 60/150 [train]:  35%|███▍      | 9/26 [00:00<00:00, 85.67it/s, S=0.2142, loss=-0.1881]
Epoch 60/150 [train]:  35%|███▍      | 9/26 [00:00<00:00, 85.67it/s, S=0.2119, loss=-0.1847]
Epoch 60/150 [train]:  35%|███▍      | 9/26 [00:00<00:00, 85.67it/s, S=0.2114, loss=-0.1832]
Epoch 60/150 [train]:  35%|███▍      | 9/26 [00:00<00:00, 85.67it/s, S=0.2105, loss=-0.1817]
Epoch 60/150 [train]:  35%|███▍      | 9/26 [00:00<00:00, 85.67it/s, S=0.2104, loss=-0.1792]
Epoch 60/150 [train]:  69%|██████▉   | 18/26 [00:00<00:00, 86.10it/s, S=0.2104, loss=-0.1792]
Epoch 60/150 [train]:  69%|██████▉   | 18/26 [00:00<00:00, 86.10it/s, S=0.2123, loss=-0.1875]
Epoch 60/150 [train]:  69%|██████▉   | 18/26 [00:00<00:00, 86.10it/s, S=0.2105, loss=-0.1845]
Epoch 60/150 [train]:  69%|██████▉   | 18/26 [00:00<00:00, 86.10it/s, S=0.2120, loss=-0.1836]
Epoch 60/150 [train]:  69%|██████▉   | 18/26 [00:00<00:00, 86.10it/s, S=0.2142, loss=-0.1876]
Epoch 60/150 [train]:  69%|██████▉   | 18/26 [00:00<00:00, 86.10it/s, S=0.2131, loss=-0.1864]
Epoch 60/150 [train]:  69%|██████▉   | 18/26 [00:00<00:00, 86.10it/s, S=0.2148, loss=-0.1892]
Epoch 60/150 [train]:  69%|██████▉   | 18/26 [00:00<00:00, 86.10it/s, S=0.2179, loss=-0.1933]
Epoch 60/150 [train]:  69%|██████▉   | 18/26 [00:00<00:00, 86.10it/s, S=0.2120, loss=-0.1864]
                                                                                             
Epoch  60/150  train loss=-0.1857  val loss=-0.1884  S[mean]=0.2268  ζ=0.4094  mean_plane_ζ=0.2458  reg=0.0385  λscale=1.00  lr=7.32e-05

Epoch 61/150 [train]:   0%|          | 0/26 [00:00<?, ?it/s]
Epoch 61/150 [train]:   0%|          | 0/26 [00:00<?, ?it/s, S=0.2134, loss=-0.1892]
Epoch 61/150 [train]:   0%|          | 0/26 [00:00<?, ?it/s, S=0.2143, loss=-0.1834]
Epoch 61/150 [train]:   0%|          | 0/26 [00:00<?, ?it/s, S=0.2145, loss=-0.1884]
Epoch 61/150 [train]:   0%|          | 0/26 [00:00<?, ?it/s, S=0.2133, loss=-0.1886]
Epoch 61/150 [train]:   0%|          | 0/26 [00:00<?, ?it/s, S=0.2152, loss=-0.1856]
Epoch 61/150 [train]:   0%|          | 0/26 [00:00<?, ?it/s, S=0.2138, loss=-0.1892]
Epoch 61/150 [train]:   0%|          | 0/26 [00:00<?, ?it/s, S=0.2144, loss=-0.1884]
Epoch 61/150 [train]:   0%|          | 0/26 [00:00<?, ?it/s, S=0.2134, loss=-0.1872]
Epoch 61/150 [train]:   0%|          | 0/26 [00:00<?, ?it/s, S=0.2134, loss=-0.1865]
Epoch 61/150 [train]:  35%|███▍      | 9/26 [00:00<00:00, 85.89it/s, S=0.2134, loss=-0.1865]
Epoch 61/150 [train]:  35%|███▍      | 9/26 [00:00<00:00, 85.89it/s, S=0.2113, loss=-0.1852]
Epoch 61/150 [train]:  35%|███▍      | 9/26 [00:00<00:00, 85.89it/s, S=0.2107, loss=-0.1834]
Epoch 61/150 [train]:  35%|███▍      | 9/26 [00:00<00:00, 85.89it/s, S=0.2111, loss=-0.1878]
Epoch 61/150 [train]:  35%|███▍      | 9/26 [00:00<00:00, 85.89it/s, S=0.2131, loss=-0.1873]
Epoch 61/150 [train]:  35%|███▍      | 9/26 [00:00<00:00, 85.89it/s, S=0.2125, loss=-0.1810]
Epoch 61/150 [train]:  35%|███▍      | 9/26 [00:00<00:00, 85.89it/s, S=0.2152, loss=-0.1899]
Epoch 61/150 [train]:  35%|███▍      | 9/26 [00:00<00:00, 85.89it/s, S=0.2106, loss=-0.1846]
Epoch 61/150 [train]:  35%|███▍      | 9/26 [00:00<00:00, 85.89it/s, S=0.2108, loss=-0.1821]
Epoch 61/150 [train]:  35%|███▍      | 9/26 [00:00<00:00, 85.89it/s, S=0.2115, loss=-0.1837]
Epoch 61/150 [train]:  69%|██████▉   | 18/26 [00:00<00:00, 86.13it/s, S=0.2115, loss=-0.1837]
Epoch 61/150 [train]:  69%|██████▉   | 18/26 [00:00<00:00, 86.13it/s, S=0.2089, loss=-0.1798]
Epoch 61/150 [train]:  69%|██████▉   | 18/26 [00:00<00:00, 86.13it/s, S=0.2148, loss=-0.1833]
Epoch 61/150 [train]:  69%|██████▉   | 18/26 [00:00<00:00, 86.13it/s, S=0.2150, loss=-0.1895]
Epoch 61/150 [train]:  69%|██████▉   | 18/26 [00:00<00:00, 86.13it/s, S=0.2124, loss=-0.1868]
Epoch 61/150 [train]:  69%|██████▉   | 18/26 [00:00<00:00, 86.13it/s, S=0.2107, loss=-0.1851]
Epoch 61/150 [train]:  69%|██████▉   | 18/26 [00:00<00:00, 86.13it/s, S=0.2150, loss=-0.1879]
Epoch 61/150 [train]:  69%|██████▉   | 18/26 [00:00<00:00, 86.13it/s, S=0.2151, loss=-0.1889]
Epoch 61/150 [train]:  69%|██████▉   | 18/26 [00:00<00:00, 86.13it/s, S=0.2123, loss=-0.1890]
                                                                                             
Epoch  61/150  train loss=-0.1862  val loss=-0.1886  S[mean]=0.2269  ζ=0.4094  mean_plane_ζ=0.2458  reg=0.0384  λscale=1.00  lr=5.99e-05

Epoch 62/150 [train]:   0%|          | 0/26 [00:00<?, ?it/s]
Epoch 62/150 [train]:   0%|          | 0/26 [00:00<?, ?it/s, S=0.2121, loss=-0.1846]
Epoch 62/150 [train]:   0%|          | 0/26 [00:00<?, ?it/s, S=0.2137, loss=-0.1871]
Epoch 62/150 [train]:   0%|          | 0/26 [00:00<?, ?it/s, S=0.2104, loss=-0.1831]
Epoch 62/150 [train]:   0%|          | 0/26 [00:00<?, ?it/s, S=0.2153, loss=-0.1871]
Epoch 62/150 [train]:   0%|          | 0/26 [00:00<?, ?it/s, S=0.2157, loss=-0.1897]
Epoch 62/150 [train]:   0%|          | 0/26 [00:00<?, ?it/s, S=0.2140, loss=-0.1888]
Epoch 62/150 [train]:   0%|          | 0/26 [00:00<?, ?it/s, S=0.2104, loss=-0.1834]
Epoch 62/150 [train]:   0%|          | 0/26 [00:00<?, ?it/s, S=0.2147, loss=-0.1896]
Epoch 62/150 [train]:   0%|          | 0/26 [00:00<?, ?it/s, S=0.2119, loss=-0.1869]
Epoch 62/150 [train]:  35%|███▍      | 9/26 [00:00<00:00, 85.96it/s, S=0.2119, loss=-0.1869]
Epoch 62/150 [train]:  35%|███▍      | 9/26 [00:00<00:00, 85.96it/s, S=0.2157, loss=-0.1889]
Epoch 62/150 [train]:  35%|███▍      | 9/26 [00:00<00:00, 85.96it/s, S=0.2155, loss=-0.1904]
Epoch 62/150 [train]:  35%|███▍      | 9/26 [00:00<00:00, 85.96it/s, S=0.2118, loss=-0.1866]
Epoch 62/150 [train]:  35%|███▍      | 9/26 [00:00<00:00, 85.96it/s, S=0.2134, loss=-0.1864]
Epoch 62/150 [train]:  35%|███▍      | 9/26 [00:00<00:00, 85.96it/s, S=0.2152, loss=-0.1909]
Epoch 62/150 [train]:  35%|███▍      | 9/26 [00:00<00:00, 85.96it/s, S=0.2141, loss=-0.1884]
Epoch 62/150 [train]:  35%|███▍      | 9/26 [00:00<00:00, 85.96it/s, S=0.2105, loss=-0.1836]
Epoch 62/150 [train]:  35%|███▍      | 9/26 [00:00<00:00, 85.96it/s, S=0.2147, loss=-0.1897]
Epoch 62/150 [train]:  35%|███▍      | 9/26 [00:00<00:00, 85.96it/s, S=0.2083, loss=-0.1816]
Epoch 62/150 [train]:  69%|██████▉   | 18/26 [00:00<00:00, 86.10it/s, S=0.2083, loss=-0.1816]
Epoch 62/150 [train]:  69%|██████▉   | 18/26 [00:00<00:00, 86.10it/s, S=0.2113, loss=-0.1872]
Epoch 62/150 [train]:  69%|██████▉   | 18/26 [00:00<00:00, 86.10it/s, S=0.2161, loss=-0.1896]
Epoch 62/150 [train]:  69%|██████▉   | 18/26 [00:00<00:00, 86.10it/s, S=0.2150, loss=-0.1895]
Epoch 62/150 [train]:  69%|██████▉   | 18/26 [00:00<00:00, 86.10it/s, S=0.2141, loss=-0.1892]
Epoch 62/150 [train]:  69%|██████▉   | 18/26 [00:00<00:00, 86.10it/s, S=0.2130, loss=-0.1861]
Epoch 62/150 [train]:  69%|██████▉   | 18/26 [00:00<00:00, 86.10it/s, S=0.2132, loss=-0.1870]
Epoch 62/150 [train]:  69%|██████▉   | 18/26 [00:00<00:00, 86.10it/s, S=0.2123, loss=-0.1853]
Epoch 62/150 [train]:  69%|██████▉   | 18/26 [00:00<00:00, 86.10it/s, S=0.2146, loss=-0.1886]
                                                                                             
Epoch  62/150  train loss=-0.1873  val loss=-0.1888  S[mean]=0.2270  ζ=0.4096  mean_plane_ζ=0.2460  reg=0.0383  λscale=1.00  lr=4.77e-05

Epoch 63/150 [train]:   0%|          | 0/26 [00:00<?, ?it/s]
Epoch 63/150 [train]:   0%|          | 0/26 [00:00<?, ?it/s, S=0.2131, loss=-0.1848]
Epoch 63/150 [train]:   0%|          | 0/26 [00:00<?, ?it/s, S=0.2140, loss=-0.1882]
Epoch 63/150 [train]:   0%|          | 0/26 [00:00<?, ?it/s, S=0.2141, loss=-0.1853]
Epoch 63/150 [train]:   0%|          | 0/26 [00:00<?, ?it/s, S=0.2136, loss=-0.1878]
Epoch 63/150 [train]:   0%|          | 0/26 [00:00<?, ?it/s, S=0.2149, loss=-0.1901]
Epoch 63/150 [train]:   0%|          | 0/26 [00:00<?, ?it/s, S=0.2134, loss=-0.1895]
Epoch 63/150 [train]:   0%|          | 0/26 [00:00<?, ?it/s, S=0.2136, loss=-0.1856]
Epoch 63/150 [train]:   0%|          | 0/26 [00:00<?, ?it/s, S=0.2174, loss=-0.1907]
Epoch 63/150 [train]:   0%|          | 0/26 [00:00<?, ?it/s, S=0.2146, loss=-0.1900]
Epoch 63/150 [train]:  35%|███▍      | 9/26 [00:00<00:00, 86.09it/s, S=0.2146, loss=-0.1900]
Epoch 63/150 [train]:  35%|███▍      | 9/26 [00:00<00:00, 86.09it/s, S=0.2132, loss=-0.1860]
Epoch 63/150 [train]:  35%|███▍      | 9/26 [00:00<00:00, 86.09it/s, S=0.2142, loss=-0.1891]
Epoch 63/150 [train]:  35%|███▍      | 9/26 [00:00<00:00, 86.09it/s, S=0.2146, loss=-0.1899]
Epoch 63/150 [train]:  35%|███▍      | 9/26 [00:00<00:00, 86.09it/s, S=0.2135, loss=-0.1880]
Epoch 63/150 [train]:  35%|███▍      | 9/26 [00:00<00:00, 86.09it/s, S=0.2134, loss=-0.1875]
Epoch 63/150 [train]:  35%|███▍      | 9/26 [00:00<00:00, 86.09it/s, S=0.2121, loss=-0.1861]
Epoch 63/150 [train]:  35%|███▍      | 9/26 [00:00<00:00, 86.09it/s, S=0.2104, loss=-0.1832]
Epoch 63/150 [train]:  35%|███▍      | 9/26 [00:00<00:00, 86.09it/s, S=0.2135, loss=-0.1869]
Epoch 63/150 [train]:  35%|███▍      | 9/26 [00:00<00:00, 86.09it/s, S=0.2168, loss=-0.1908]
Epoch 63/150 [train]:  69%|██████▉   | 18/26 [00:00<00:00, 86.39it/s, S=0.2168, loss=-0.1908]
Epoch 63/150 [train]:  69%|██████▉   | 18/26 [00:00<00:00, 86.39it/s, S=0.2122, loss=-0.1872]
Epoch 63/150 [train]:  69%|██████▉   | 18/26 [00:00<00:00, 86.39it/s, S=0.2138, loss=-0.1852]
Epoch 63/150 [train]:  69%|██████▉   | 18/26 [00:00<00:00, 86.39it/s, S=0.2163, loss=-0.1914]
Epoch 63/150 [train]:  69%|██████▉   | 18/26 [00:00<00:00, 86.39it/s, S=0.2122, loss=-0.1858]
Epoch 63/150 [train]:  69%|██████▉   | 18/26 [00:00<00:00, 86.39it/s, S=0.2100, loss=-0.1839]
Epoch 63/150 [train]:  69%|██████▉   | 18/26 [00:00<00:00, 86.39it/s, S=0.2113, loss=-0.1864]
Epoch 63/150 [train]:  69%|██████▉   | 18/26 [00:00<00:00, 86.39it/s, S=0.2117, loss=-0.1862]
Epoch 63/150 [train]:  69%|██████▉   | 18/26 [00:00<00:00, 86.39it/s, S=0.2134, loss=-0.1892]
                                                                                             
Epoch  63/150  train loss=-0.1875  val loss=-0.1889  S[mean]=0.2272  ζ=0.4095  mean_plane_ζ=0.2460  reg=0.0382  λscale=1.00  lr=3.68e-05

Epoch 64/150 [train]:   0%|          | 0/26 [00:00<?, ?it/s]
Epoch 64/150 [train]:   0%|          | 0/26 [00:00<?, ?it/s, S=0.2136, loss=-0.1880]
Epoch 64/150 [train]:   0%|          | 0/26 [00:00<?, ?it/s, S=0.2142, loss=-0.1903]
Epoch 64/150 [train]:   0%|          | 0/26 [00:00<?, ?it/s, S=0.2093, loss=-0.1766]
Epoch 64/150 [train]:   0%|          | 0/26 [00:00<?, ?it/s, S=0.2160, loss=-0.1919]
Epoch 64/150 [train]:   0%|          | 0/26 [00:00<?, ?it/s, S=0.2106, loss=-0.1835]
Epoch 64/150 [train]:   0%|          | 0/26 [00:00<?, ?it/s, S=0.2124, loss=-0.1837]
Epoch 64/150 [train]:   0%|          | 0/26 [00:00<?, ?it/s, S=0.2142, loss=-0.1894]
Epoch 64/150 [train]:   0%|          | 0/26 [00:00<?, ?it/s, S=0.2163, loss=-0.1914]
Epoch 64/150 [train]:   0%|          | 0/26 [00:00<?, ?it/s, S=0.2131, loss=-0.1875]
Epoch 64/150 [train]:  35%|███▍      | 9/26 [00:00<00:00, 85.91it/s, S=0.2131, loss=-0.1875]
Epoch 64/150 [train]:  35%|███▍      | 9/26 [00:00<00:00, 85.91it/s, S=0.2143, loss=-0.1882]
Epoch 64/150 [train]:  35%|███▍      | 9/26 [00:00<00:00, 85.91it/s, S=0.2128, loss=-0.1880]
Epoch 64/150 [train]:  35%|███▍      | 9/26 [00:00<00:00, 85.91it/s, S=0.2128, loss=-0.1830]
Epoch 64/150 [train]:  35%|███▍      | 9/26 [00:00<00:00, 85.91it/s, S=0.2121, loss=-0.1855]
Epoch 64/150 [train]:  35%|███▍      | 9/26 [00:00<00:00, 85.91it/s, S=0.2147, loss=-0.1894]
Epoch 64/150 [train]:  35%|███▍      | 9/26 [00:00<00:00, 85.91it/s, S=0.2148, loss=-0.1896]
Epoch 64/150 [train]:  35%|███▍      | 9/26 [00:00<00:00, 85.91it/s, S=0.2141, loss=-0.1864]
Epoch 64/150 [train]:  35%|███▍      | 9/26 [00:00<00:00, 85.91it/s, S=0.2136, loss=-0.1872]
Epoch 64/150 [train]:  35%|███▍      | 9/26 [00:00<00:00, 85.91it/s, S=0.2147, loss=-0.1886]
Epoch 64/150 [train]:  69%|██████▉   | 18/26 [00:00<00:00, 86.10it/s, S=0.2147, loss=-0.1886]
Epoch 64/150 [train]:  69%|██████▉   | 18/26 [00:00<00:00, 86.10it/s, S=0.2157, loss=-0.1896]
Epoch 64/150 [train]:  69%|██████▉   | 18/26 [00:00<00:00, 86.10it/s, S=0.2161, loss=-0.1915]
Epoch 64/150 [train]:  69%|██████▉   | 18/26 [00:00<00:00, 86.10it/s, S=0.2133, loss=-0.1877]
Epoch 64/150 [train]:  69%|██████▉   | 18/26 [00:00<00:00, 86.10it/s, S=0.2138, loss=-0.1855]
Epoch 64/150 [train]:  69%|██████▉   | 18/26 [00:00<00:00, 86.10it/s, S=0.2119, loss=-0.1823]
Epoch 64/150 [train]:  69%|██████▉   | 18/26 [00:00<00:00, 86.10it/s, S=0.2134, loss=-0.1887]
Epoch 64/150 [train]:  69%|██████▉   | 18/26 [00:00<00:00, 86.10it/s, S=0.2145, loss=-0.1876]
Epoch 64/150 [train]:  69%|██████▉   | 18/26 [00:00<00:00, 86.10it/s, S=0.2127, loss=-0.1836]
                                                                                             
Epoch  64/150  train loss=-0.1871  val loss=-0.1889  S[mean]=0.2272  ζ=0.4096  mean_plane_ζ=0.2461  reg=0.0383  λscale=1.00  lr=2.72e-05

Epoch 65/150 [train]:   0%|          | 0/26 [00:00<?, ?it/s]
Epoch 65/150 [train]:   0%|          | 0/26 [00:00<?, ?it/s, S=0.2144, loss=-0.1896]
Epoch 65/150 [train]:   0%|          | 0/26 [00:00<?, ?it/s, S=0.2166, loss=-0.1903]
Epoch 65/150 [train]:   0%|          | 0/26 [00:00<?, ?it/s, S=0.2140, loss=-0.1901]
Epoch 65/150 [train]:   0%|          | 0/26 [00:00<?, ?it/s, S=0.2143, loss=-0.1908]
Epoch 65/150 [train]:   0%|          | 0/26 [00:00<?, ?it/s, S=0.2145, loss=-0.1910]
Epoch 65/150 [train]:   0%|          | 0/26 [00:00<?, ?it/s, S=0.2127, loss=-0.1860]
Epoch 65/150 [train]:   0%|          | 0/26 [00:00<?, ?it/s, S=0.2101, loss=-0.1852]
Epoch 65/150 [train]:   0%|          | 0/26 [00:00<?, ?it/s, S=0.2108, loss=-0.1819]
Epoch 65/150 [train]:   0%|          | 0/26 [00:00<?, ?it/s, S=0.2140, loss=-0.1860]
Epoch 65/150 [train]:  35%|███▍      | 9/26 [00:00<00:00, 85.81it/s, S=0.2140, loss=-0.1860]
Epoch 65/150 [train]:  35%|███▍      | 9/26 [00:00<00:00, 85.81it/s, S=0.2103, loss=-0.1820]
Epoch 65/150 [train]:  35%|███▍      | 9/26 [00:00<00:00, 85.81it/s, S=0.2138, loss=-0.1853]
Epoch 65/150 [train]:  35%|███▍      | 9/26 [00:00<00:00, 85.81it/s, S=0.2138, loss=-0.1868]
Epoch 65/150 [train]:  35%|███▍      | 9/26 [00:00<00:00, 85.81it/s, S=0.2100, loss=-0.1866]
Epoch 65/150 [train]:  35%|███▍      | 9/26 [00:00<00:00, 85.81it/s, S=0.2149, loss=-0.1887]
Epoch 65/150 [train]:  35%|███▍      | 9/26 [00:00<00:00, 85.81it/s, S=0.2150, loss=-0.1883]
Epoch 65/150 [train]:  35%|███▍      | 9/26 [00:00<00:00, 85.81it/s, S=0.2133, loss=-0.1885]
Epoch 65/150 [train]:  35%|███▍      | 9/26 [00:00<00:00, 85.81it/s, S=0.2147, loss=-0.1898]
Epoch 65/150 [train]:  35%|███▍      | 9/26 [00:00<00:00, 85.81it/s, S=0.2109, loss=-0.1811]
Epoch 65/150 [train]:  69%|██████▉   | 18/26 [00:00<00:00, 86.10it/s, S=0.2109, loss=-0.1811]
Epoch 65/150 [train]:  69%|██████▉   | 18/26 [00:00<00:00, 86.10it/s, S=0.2156, loss=-0.1885]
Epoch 65/150 [train]:  69%|██████▉   | 18/26 [00:00<00:00, 86.10it/s, S=0.2158, loss=-0.1904]
Epoch 65/150 [train]:  69%|██████▉   | 18/26 [00:00<00:00, 86.10it/s, S=0.2116, loss=-0.1822]
Epoch 65/150 [train]:  69%|██████▉   | 18/26 [00:00<00:00, 86.10it/s, S=0.2132, loss=-0.1837]
Epoch 65/150 [train]:  69%|██████▉   | 18/26 [00:00<00:00, 86.10it/s, S=0.2179, loss=-0.1958]
Epoch 65/150 [train]:  69%|██████▉   | 18/26 [00:00<00:00, 86.10it/s, S=0.2152, loss=-0.1904]
Epoch 65/150 [train]:  69%|██████▉   | 18/26 [00:00<00:00, 86.10it/s, S=0.2156, loss=-0.1907]
Epoch 65/150 [train]:  69%|██████▉   | 18/26 [00:00<00:00, 86.10it/s, S=0.2133, loss=-0.1842]
                                                                                             
Epoch  65/150  train loss=-0.1875  val loss=-0.1889  S[mean]=0.2272  ζ=0.4096  mean_plane_ζ=0.2462  reg=0.0383  λscale=1.00  lr=1.90e-05

Epoch 66/150 [train]:   0%|          | 0/26 [00:00<?, ?it/s]
Epoch 66/150 [train]:   0%|          | 0/26 [00:00<?, ?it/s, S=0.2152, loss=-0.1929]
Epoch 66/150 [train]:   0%|          | 0/26 [00:00<?, ?it/s, S=0.2130, loss=-0.1866]
Epoch 66/150 [train]:   0%|          | 0/26 [00:00<?, ?it/s, S=0.2112, loss=-0.1829]
Epoch 66/150 [train]:   0%|          | 0/26 [00:00<?, ?it/s, S=0.2132, loss=-0.1888]
Epoch 66/150 [train]:   0%|          | 0/26 [00:00<?, ?it/s, S=0.2120, loss=-0.1829]
Epoch 66/150 [train]:   0%|          | 0/26 [00:00<?, ?it/s, S=0.2167, loss=-0.1915]
Epoch 66/150 [train]:   0%|          | 0/26 [00:00<?, ?it/s, S=0.2149, loss=-0.1866]
Epoch 66/150 [train]:   0%|          | 0/26 [00:00<?, ?it/s, S=0.2129, loss=-0.1864]
Epoch 66/150 [train]:   0%|          | 0/26 [00:00<?, ?it/s, S=0.2144, loss=-0.1901]
Epoch 66/150 [train]:  35%|███▍      | 9/26 [00:00<00:00, 85.91it/s, S=0.2144, loss=-0.1901]
Epoch 66/150 [train]:  35%|███▍      | 9/26 [00:00<00:00, 85.91it/s, S=0.2144, loss=-0.1913]
Epoch 66/150 [train]:  35%|███▍      | 9/26 [00:00<00:00, 85.91it/s, S=0.2143, loss=-0.1854]
Epoch 66/150 [train]:  35%|███▍      | 9/26 [00:00<00:00, 85.91it/s, S=0.2142, loss=-0.1876]
Epoch 66/150 [train]:  35%|███▍      | 9/26 [00:00<00:00, 85.91it/s, S=0.2157, loss=-0.1893]
Epoch 66/150 [train]:  35%|███▍      | 9/26 [00:00<00:00, 85.91it/s, S=0.2152, loss=-0.1894]
Epoch 66/150 [train]:  35%|███▍      | 9/26 [00:00<00:00, 85.91it/s, S=0.2118, loss=-0.1869]
Epoch 66/150 [train]:  35%|███▍      | 9/26 [00:00<00:00, 85.91it/s, S=0.2146, loss=-0.1869]
Epoch 66/150 [train]:  35%|███▍      | 9/26 [00:00<00:00, 85.91it/s, S=0.2125, loss=-0.1844]
Epoch 66/150 [train]:  35%|███▍      | 9/26 [00:00<00:00, 85.91it/s, S=0.2129, loss=-0.1887]
Epoch 66/150 [train]:  69%|██████▉   | 18/26 [00:00<00:00, 86.11it/s, S=0.2129, loss=-0.1887]
Epoch 66/150 [train]:  69%|██████▉   | 18/26 [00:00<00:00, 86.11it/s, S=0.2128, loss=-0.1867]
Epoch 66/150 [train]:  69%|██████▉   | 18/26 [00:00<00:00, 86.11it/s, S=0.2107, loss=-0.1804]
Epoch 66/150 [train]:  69%|██████▉   | 18/26 [00:00<00:00, 86.11it/s, S=0.2144, loss=-0.1852]
Epoch 66/150 [train]:  69%|██████▉   | 18/26 [00:00<00:00, 86.11it/s, S=0.2161, loss=-0.1923]
Epoch 66/150 [train]:  69%|██████▉   | 18/26 [00:00<00:00, 86.11it/s, S=0.2138, loss=-0.1894]
Epoch 66/150 [train]:  69%|██████▉   | 18/26 [00:00<00:00, 86.11it/s, S=0.2113, loss=-0.1861]
Epoch 66/150 [train]:  69%|██████▉   | 18/26 [00:00<00:00, 86.11it/s, S=0.2112, loss=-0.1813]
Epoch 66/150 [train]:  69%|██████▉   | 18/26 [00:00<00:00, 86.11it/s, S=0.2149, loss=-0.1875]
                                                                                             
Epoch  66/150  train loss=-0.1872  val loss=-0.1890  S[mean]=0.2272  ζ=0.4096  mean_plane_ζ=0.2461  reg=0.0382  λscale=1.00  lr=1.22e-05

Epoch 67/150 [train]:   0%|          | 0/26 [00:00<?, ?it/s]
Epoch 67/150 [train]:   0%|          | 0/26 [00:00<?, ?it/s, S=0.2148, loss=-0.1892]
Epoch 67/150 [train]:   0%|          | 0/26 [00:00<?, ?it/s, S=0.2107, loss=-0.1782]
Epoch 67/150 [train]:   0%|          | 0/26 [00:00<?, ?it/s, S=0.2136, loss=-0.1890]
Epoch 67/150 [train]:   0%|          | 0/26 [00:00<?, ?it/s, S=0.2146, loss=-0.1869]
Epoch 67/150 [train]:   0%|          | 0/26 [00:00<?, ?it/s, S=0.2150, loss=-0.1897]
Epoch 67/150 [train]:   0%|          | 0/26 [00:00<?, ?it/s, S=0.2140, loss=-0.1882]
Epoch 67/150 [train]:   0%|          | 0/26 [00:00<?, ?it/s, S=0.2177, loss=-0.1918]
Epoch 67/150 [train]:   0%|          | 0/26 [00:00<?, ?it/s, S=0.2138, loss=-0.1882]
Epoch 67/150 [train]:   0%|          | 0/26 [00:00<?, ?it/s, S=0.2104, loss=-0.1841]
Epoch 67/150 [train]:  35%|███▍      | 9/26 [00:00<00:00, 85.81it/s, S=0.2104, loss=-0.1841]
Epoch 67/150 [train]:  35%|███▍      | 9/26 [00:00<00:00, 85.81it/s, S=0.2114, loss=-0.1851]
Epoch 67/150 [train]:  35%|███▍      | 9/26 [00:00<00:00, 85.81it/s, S=0.2148, loss=-0.1848]
Epoch 67/150 [train]:  35%|███▍      | 9/26 [00:00<00:00, 85.81it/s, S=0.2123, loss=-0.1841]
Epoch 67/150 [train]:  35%|███▍      | 9/26 [00:00<00:00, 85.81it/s, S=0.2149, loss=-0.1921]
Epoch 67/150 [train]:  35%|███▍      | 9/26 [00:00<00:00, 85.81it/s, S=0.2153, loss=-0.1902]
Epoch 67/150 [train]:  35%|███▍      | 9/26 [00:00<00:00, 85.81it/s, S=0.2162, loss=-0.1916]
Epoch 67/150 [train]:  35%|███▍      | 9/26 [00:00<00:00, 85.81it/s, S=0.2114, loss=-0.1836]
Epoch 67/150 [train]:  35%|███▍      | 9/26 [00:00<00:00, 85.81it/s, S=0.2137, loss=-0.1904]
Epoch 67/150 [train]:  35%|███▍      | 9/26 [00:00<00:00, 85.81it/s, S=0.2145, loss=-0.1888]
Epoch 67/150 [train]:  69%|██████▉   | 18/26 [00:00<00:00, 86.04it/s, S=0.2145, loss=-0.1888]
Epoch 67/150 [train]:  69%|██████▉   | 18/26 [00:00<00:00, 86.04it/s, S=0.2116, loss=-0.1788]
Epoch 67/150 [train]:  69%|██████▉   | 18/26 [00:00<00:00, 86.04it/s, S=0.2129, loss=-0.1868]
Epoch 67/150 [train]:  69%|██████▉   | 18/26 [00:00<00:00, 86.04it/s, S=0.2100, loss=-0.1811]
Epoch 67/150 [train]:  69%|██████▉   | 18/26 [00:00<00:00, 86.04it/s, S=0.2130, loss=-0.1817]
Epoch 67/150 [train]:  69%|██████▉   | 18/26 [00:00<00:00, 86.04it/s, S=0.2122, loss=-0.1851]
Epoch 67/150 [train]:  69%|██████▉   | 18/26 [00:00<00:00, 86.04it/s, S=0.2122, loss=-0.1876]
Epoch 67/150 [train]:  69%|██████▉   | 18/26 [00:00<00:00, 86.04it/s, S=0.2135, loss=-0.1863]
Epoch 67/150 [train]:  69%|██████▉   | 18/26 [00:00<00:00, 86.04it/s, S=0.2120, loss=-0.1870]
                                                                                             
Epoch  67/150  train loss=-0.1866  val loss=-0.1890  S[mean]=0.2273  ζ=0.4096  mean_plane_ζ=0.2462  reg=0.0382  λscale=1.00  lr=6.91e-06

Epoch 68/150 [train]:   0%|          | 0/26 [00:00<?, ?it/s]
Epoch 68/150 [train]:   0%|          | 0/26 [00:00<?, ?it/s, S=0.2146, loss=-0.1858]
Epoch 68/150 [train]:   0%|          | 0/26 [00:00<?, ?it/s, S=0.2149, loss=-0.1896]
Epoch 68/150 [train]:   0%|          | 0/26 [00:00<?, ?it/s, S=0.2110, loss=-0.1836]
Epoch 68/150 [train]:   0%|          | 0/26 [00:00<?, ?it/s, S=0.2110, loss=-0.1842]
Epoch 68/150 [train]:   0%|          | 0/26 [00:00<?, ?it/s, S=0.2124, loss=-0.1848]
Epoch 68/150 [train]:   0%|          | 0/26 [00:00<?, ?it/s, S=0.2130, loss=-0.1859]
Epoch 68/150 [train]:   0%|          | 0/26 [00:00<?, ?it/s, S=0.2131, loss=-0.1866]
Epoch 68/150 [train]:   0%|          | 0/26 [00:00<?, ?it/s, S=0.2133, loss=-0.1870]
Epoch 68/150 [train]:   0%|          | 0/26 [00:00<?, ?it/s, S=0.2149, loss=-0.1901]
Epoch 68/150 [train]:  35%|███▍      | 9/26 [00:00<00:00, 85.95it/s, S=0.2149, loss=-0.1901]
Epoch 68/150 [train]:  35%|███▍      | 9/26 [00:00<00:00, 85.95it/s, S=0.2115, loss=-0.1804]
Epoch 68/150 [train]:  35%|███▍      | 9/26 [00:00<00:00, 85.95it/s, S=0.2163, loss=-0.1903]
Epoch 68/150 [train]:  35%|███▍      | 9/26 [00:00<00:00, 85.95it/s, S=0.2145, loss=-0.1886]
Epoch 68/150 [train]:  35%|███▍      | 9/26 [00:00<00:00, 85.95it/s, S=0.2119, loss=-0.1867]
Epoch 68/150 [train]:  35%|███▍      | 9/26 [00:00<00:00, 85.95it/s, S=0.2138, loss=-0.1851]
Epoch 68/150 [train]:  35%|███▍      | 9/26 [00:00<00:00, 85.95it/s, S=0.2145, loss=-0.1914]
Epoch 68/150 [train]:  35%|███▍      | 9/26 [00:00<00:00, 85.95it/s, S=0.2158, loss=-0.1908]
Epoch 68/150 [train]:  35%|███▍      | 9/26 [00:00<00:00, 85.95it/s, S=0.2156, loss=-0.1899]
Epoch 68/150 [train]:  35%|███▍      | 9/26 [00:00<00:00, 85.95it/s, S=0.2146, loss=-0.1908]
Epoch 68/150 [train]:  69%|██████▉   | 18/26 [00:00<00:00, 86.16it/s, S=0.2146, loss=-0.1908]
Epoch 68/150 [train]:  69%|██████▉   | 18/26 [00:00<00:00, 86.16it/s, S=0.2121, loss=-0.1805]
Epoch 68/150 [train]:  69%|██████▉   | 18/26 [00:00<00:00, 86.16it/s, S=0.2133, loss=-0.1863]
Epoch 68/150 [train]:  69%|██████▉   | 18/26 [00:00<00:00, 86.16it/s, S=0.2122, loss=-0.1864]
Epoch 68/150 [train]:  69%|██████▉   | 18/26 [00:00<00:00, 86.16it/s, S=0.2141, loss=-0.1873]
Epoch 68/150 [train]:  69%|██████▉   | 18/26 [00:00<00:00, 86.16it/s, S=0.2162, loss=-0.1902]
Epoch 68/150 [train]:  69%|██████▉   | 18/26 [00:00<00:00, 86.16it/s, S=0.2134, loss=-0.1892]
Epoch 68/150 [train]:  69%|██████▉   | 18/26 [00:00<00:00, 86.16it/s, S=0.2113, loss=-0.1854]
Epoch 68/150 [train]:  69%|██████▉   | 18/26 [00:00<00:00, 86.16it/s, S=0.2129, loss=-0.1856]
                                                                                             
Epoch  68/150  train loss=-0.1870  val loss=-0.1890  S[mean]=0.2273  ζ=0.4096  mean_plane_ζ=0.2462  reg=0.0383  λscale=1.00  lr=3.08e-06

Epoch 69/150 [train]:   0%|          | 0/26 [00:00<?, ?it/s]
Epoch 69/150 [train]:   0%|          | 0/26 [00:00<?, ?it/s, S=0.2156, loss=-0.1921]
Epoch 69/150 [train]:   0%|          | 0/26 [00:00<?, ?it/s, S=0.2137, loss=-0.1890]
Epoch 69/150 [train]:   0%|          | 0/26 [00:00<?, ?it/s, S=0.2117, loss=-0.1833]
Epoch 69/150 [train]:   0%|          | 0/26 [00:00<?, ?it/s, S=0.2167, loss=-0.1932]
Epoch 69/150 [train]:   0%|          | 0/26 [00:00<?, ?it/s, S=0.2123, loss=-0.1863]
Epoch 69/150 [train]:   0%|          | 0/26 [00:00<?, ?it/s, S=0.2116, loss=-0.1858]
Epoch 69/150 [train]:   0%|          | 0/26 [00:00<?, ?it/s, S=0.2150, loss=-0.1901]
Epoch 69/150 [train]:   0%|          | 0/26 [00:00<?, ?it/s, S=0.2145, loss=-0.1902]
Epoch 69/150 [train]:   0%|          | 0/26 [00:00<?, ?it/s, S=0.2173, loss=-0.1896]
Epoch 69/150 [train]:  35%|███▍      | 9/26 [00:00<00:00, 85.97it/s, S=0.2173, loss=-0.1896]
Epoch 69/150 [train]:  35%|███▍      | 9/26 [00:00<00:00, 85.97it/s, S=0.2138, loss=-0.1893]
Epoch 69/150 [train]:  35%|███▍      | 9/26 [00:00<00:00, 85.97it/s, S=0.2176, loss=-0.1927]
Epoch 69/150 [train]:  35%|███▍      | 9/26 [00:00<00:00, 85.97it/s, S=0.2148, loss=-0.1899]
Epoch 69/150 [train]:  35%|███▍      | 9/26 [00:00<00:00, 85.97it/s, S=0.2102, loss=-0.1853]
Epoch 69/150 [train]:  35%|███▍      | 9/26 [00:00<00:00, 85.97it/s, S=0.2129, loss=-0.1865]
Epoch 69/150 [train]:  35%|███▍      | 9/26 [00:00<00:00, 85.97it/s, S=0.2148, loss=-0.1915]
Epoch 69/150 [train]:  35%|███▍      | 9/26 [00:00<00:00, 85.97it/s, S=0.2169, loss=-0.1890]
Epoch 69/150 [train]:  35%|███▍      | 9/26 [00:00<00:00, 85.97it/s, S=0.2142, loss=-0.1902]
Epoch 69/150 [train]:  35%|███▍      | 9/26 [00:00<00:00, 85.97it/s, S=0.2140, loss=-0.1897]
Epoch 69/150 [train]:  69%|██████▉   | 18/26 [00:00<00:00, 86.10it/s, S=0.2140, loss=-0.1897]
Epoch 69/150 [train]:  69%|██████▉   | 18/26 [00:00<00:00, 86.10it/s, S=0.2175, loss=-0.1925]
Epoch 69/150 [train]:  69%|██████▉   | 18/26 [00:00<00:00, 86.10it/s, S=0.2121, loss=-0.1859]
Epoch 69/150 [train]:  69%|██████▉   | 18/26 [00:00<00:00, 86.10it/s, S=0.2093, loss=-0.1819]
Epoch 69/150 [train]:  69%|██████▉   | 18/26 [00:00<00:00, 86.10it/s, S=0.2107, loss=-0.1806]
Epoch 69/150 [train]:  69%|██████▉   | 18/26 [00:00<00:00, 86.10it/s, S=0.2169, loss=-0.1902]
Epoch 69/150 [train]:  69%|██████▉   | 18/26 [00:00<00:00, 86.10it/s, S=0.2118, loss=-0.1847]
Epoch 69/150 [train]:  69%|██████▉   | 18/26 [00:00<00:00, 86.10it/s, S=0.2124, loss=-0.1871]
Epoch 69/150 [train]:  69%|██████▉   | 18/26 [00:00<00:00, 86.10it/s, S=0.2101, loss=-0.1801]
                                                                                             
Epoch  69/150  train loss=-0.1879  val loss=-0.1890  S[mean]=0.2273  ζ=0.4097  mean_plane_ζ=0.2462  reg=0.0382  λscale=1.00  lr=7.71e-07

Epoch 70/150 [train]:   0%|          | 0/26 [00:00<?, ?it/s]
Epoch 70/150 [train]:   0%|          | 0/26 [00:00<?, ?it/s, S=0.2147, loss=-0.1878]
Epoch 70/150 [train]:   0%|          | 0/26 [00:00<?, ?it/s, S=0.2167, loss=-0.1927]
Epoch 70/150 [train]:   0%|          | 0/26 [00:00<?, ?it/s, S=0.2108, loss=-0.1867]
Epoch 70/150 [train]:   0%|          | 0/26 [00:00<?, ?it/s, S=0.2145, loss=-0.1909]
Epoch 70/150 [train]:   0%|          | 0/26 [00:00<?, ?it/s, S=0.2149, loss=-0.1850]
Epoch 70/150 [train]:   0%|          | 0/26 [00:00<?, ?it/s, S=0.2140, loss=-0.1889]
Epoch 70/150 [train]:   0%|          | 0/26 [00:00<?, ?it/s, S=0.2160, loss=-0.1902]
Epoch 70/150 [train]:   0%|          | 0/26 [00:00<?, ?it/s, S=0.2136, loss=-0.1868]
Epoch 70/150 [train]:   0%|          | 0/26 [00:00<?, ?it/s, S=0.2154, loss=-0.1922]
Epoch 70/150 [train]:  35%|███▍      | 9/26 [00:00<00:00, 86.12it/s, S=0.2154, loss=-0.1922]
Epoch 70/150 [train]:  35%|███▍      | 9/26 [00:00<00:00, 86.12it/s, S=0.2137, loss=-0.1874]
Epoch 70/150 [train]:  35%|███▍      | 9/26 [00:00<00:00, 86.12it/s, S=0.2167, loss=-0.1911]
Epoch 70/150 [train]:  35%|███▍      | 9/26 [00:00<00:00, 86.12it/s, S=0.2101, loss=-0.1824]
Epoch 70/150 [train]:  35%|███▍      | 9/26 [00:00<00:00, 86.12it/s, S=0.2154, loss=-0.1911]
Epoch 70/150 [train]:  35%|███▍      | 9/26 [00:00<00:00, 86.12it/s, S=0.2137, loss=-0.1891]
Epoch 70/150 [train]:  35%|███▍      | 9/26 [00:00<00:00, 86.12it/s, S=0.2127, loss=-0.1873]
Epoch 70/150 [train]:  35%|███▍      | 9/26 [00:00<00:00, 86.12it/s, S=0.2137, loss=-0.1886]
Epoch 70/150 [train]:  35%|███▍      | 9/26 [00:00<00:00, 86.12it/s, S=0.2139, loss=-0.1880]
Epoch 70/150 [train]:  35%|███▍      | 9/26 [00:00<00:00, 86.12it/s, S=0.2135, loss=-0.1890]
Epoch 70/150 [train]:  69%|██████▉   | 18/26 [00:00<00:00, 86.15it/s, S=0.2135, loss=-0.1890]
Epoch 70/150 [train]:  69%|██████▉   | 18/26 [00:00<00:00, 86.15it/s, S=0.2143, loss=-0.1882]
Epoch 70/150 [train]:  69%|██████▉   | 18/26 [00:00<00:00, 86.15it/s, S=0.2118, loss=-0.1872]
Epoch 70/150 [train]:  69%|██████▉   | 18/26 [00:00<00:00, 86.15it/s, S=0.2132, loss=-0.1877]
Epoch 70/150 [train]:  69%|██████▉   | 18/26 [00:00<00:00, 86.15it/s, S=0.2105, loss=-0.1853]
Epoch 70/150 [train]:  69%|██████▉   | 18/26 [00:00<00:00, 86.15it/s, S=0.2137, loss=-0.1870]
Epoch 70/150 [train]:  69%|██████▉   | 18/26 [00:00<00:00, 86.15it/s, S=0.2161, loss=-0.1917]
Epoch 70/150 [train]:  69%|██████▉   | 18/26 [00:00<00:00, 86.15it/s, S=0.2143, loss=-0.1891]
Epoch 70/150 [train]:  69%|██████▉   | 18/26 [00:00<00:00, 86.15it/s, S=0.2139, loss=-0.1861]
                                                                                             
Epoch  70/150  train loss=-0.1884  val loss=-0.1890  S[mean]=0.2273  ζ=0.4097  mean_plane_ζ=0.2462  reg=0.0382  λscale=1.00  lr=5.00e-04

Epoch 71/150 [train]:   0%|          | 0/26 [00:00<?, ?it/s]
Epoch 71/150 [train]:   0%|          | 0/26 [00:00<?, ?it/s, S=0.2167, loss=-0.1881]
Epoch 71/150 [train]:   0%|          | 0/26 [00:00<?, ?it/s, S=0.2128, loss=-0.1843]
Epoch 71/150 [train]:   0%|          | 0/26 [00:00<?, ?it/s, S=0.2129, loss=-0.1883]
Epoch 71/150 [train]:   0%|          | 0/26 [00:00<?, ?it/s, S=0.2150, loss=-0.1898]
Epoch 71/150 [train]:   0%|          | 0/26 [00:00<?, ?it/s, S=0.2128, loss=-0.1875]
Epoch 71/150 [train]:   0%|          | 0/26 [00:00<?, ?it/s, S=0.2146, loss=-0.1905]
Epoch 71/150 [train]:   0%|          | 0/26 [00:00<?, ?it/s, S=0.2119, loss=-0.1851]
Epoch 71/150 [train]:   0%|          | 0/26 [00:00<?, ?it/s, S=0.2123, loss=-0.1869]
Epoch 71/150 [train]:   0%|          | 0/26 [00:00<?, ?it/s, S=0.2128, loss=-0.1843]
Epoch 71/150 [train]:  35%|███▍      | 9/26 [00:00<00:00, 85.77it/s, S=0.2128, loss=-0.1843]
Epoch 71/150 [train]:  35%|███▍      | 9/26 [00:00<00:00, 85.77it/s, S=0.2110, loss=-0.1842]
Epoch 71/150 [train]:  35%|███▍      | 9/26 [00:00<00:00, 85.77it/s, S=0.2131, loss=-0.1899]
Epoch 71/150 [train]:  35%|███▍      | 9/26 [00:00<00:00, 85.77it/s, S=0.2134, loss=-0.1879]
Epoch 71/150 [train]:  35%|███▍      | 9/26 [00:00<00:00, 85.77it/s, S=0.2160, loss=-0.1905]
Epoch 71/150 [train]:  35%|███▍      | 9/26 [00:00<00:00, 85.77it/s, S=0.2104, loss=-0.1818]
Epoch 71/150 [train]:  35%|███▍      | 9/26 [00:00<00:00, 85.77it/s, S=0.2124, loss=-0.1879]
Epoch 71/150 [train]:  35%|███▍      | 9/26 [00:00<00:00, 85.77it/s, S=0.2154, loss=-0.1899]
Epoch 71/150 [train]:  35%|███▍      | 9/26 [00:00<00:00, 85.77it/s, S=0.2141, loss=-0.1881]
Epoch 71/150 [train]:  35%|███▍      | 9/26 [00:00<00:00, 85.77it/s, S=0.2125, loss=-0.1824]
Epoch 71/150 [train]:  69%|██████▉   | 18/26 [00:00<00:00, 86.09it/s, S=0.2125, loss=-0.1824]
Epoch 71/150 [train]:  69%|██████▉   | 18/26 [00:00<00:00, 86.09it/s, S=0.2169, loss=-0.1910]
Epoch 71/150 [train]:  69%|██████▉   | 18/26 [00:00<00:00, 86.09it/s, S=0.2092, loss=-0.1816]
Epoch 71/150 [train]:  69%|██████▉   | 18/26 [00:00<00:00, 86.09it/s, S=0.2176, loss=-0.1910]
Epoch 71/150 [train]:  69%|██████▉   | 18/26 [00:00<00:00, 86.09it/s, S=0.2119, loss=-0.1855]
Epoch 71/150 [train]:  69%|██████▉   | 18/26 [00:00<00:00, 86.09it/s, S=0.2129, loss=-0.1876]
Epoch 71/150 [train]:  69%|██████▉   | 18/26 [00:00<00:00, 86.09it/s, S=0.2118, loss=-0.1845]
Epoch 71/150 [train]:  69%|██████▉   | 18/26 [00:00<00:00, 86.09it/s, S=0.2149, loss=-0.1861]
Epoch 71/150 [train]:  69%|██████▉   | 18/26 [00:00<00:00, 86.09it/s, S=0.2149, loss=-0.1872]
                                                                                             
Epoch  71/150  train loss=-0.1870  val loss=-0.1873  S[mean]=0.2276  ζ=0.4084  mean_plane_ζ=0.2464  reg=0.0402  λscale=1.00  lr=5.00e-04

Epoch 72/150 [train]:   0%|          | 0/26 [00:00<?, ?it/s]
Epoch 72/150 [train]:   0%|          | 0/26 [00:00<?, ?it/s, S=0.2115, loss=-0.1843]
Epoch 72/150 [train]:   0%|          | 0/26 [00:00<?, ?it/s, S=0.2130, loss=-0.1838]
Epoch 72/150 [train]:   0%|          | 0/26 [00:00<?, ?it/s, S=0.2164, loss=-0.1898]
Epoch 72/150 [train]:   0%|          | 0/26 [00:00<?, ?it/s, S=0.2153, loss=-0.1866]
Epoch 72/150 [train]:   0%|          | 0/26 [00:00<?, ?it/s, S=0.2158, loss=-0.1887]
Epoch 72/150 [train]:   0%|          | 0/26 [00:00<?, ?it/s, S=0.2170, loss=-0.1918]
Epoch 72/150 [train]:   0%|          | 0/26 [00:00<?, ?it/s, S=0.2123, loss=-0.1834]
Epoch 72/150 [train]:   0%|          | 0/26 [00:00<?, ?it/s, S=0.2101, loss=-0.1850]
Epoch 72/150 [train]:   0%|          | 0/26 [00:00<?, ?it/s, S=0.2141, loss=-0.1846]
Epoch 72/150 [train]:  35%|███▍      | 9/26 [00:00<00:00, 85.96it/s, S=0.2141, loss=-0.1846]
Epoch 72/150 [train]:  35%|███▍      | 9/26 [00:00<00:00, 85.96it/s, S=0.2101, loss=-0.1832]
Epoch 72/150 [train]:  35%|███▍      | 9/26 [00:00<00:00, 85.96it/s, S=0.2177, loss=-0.1919]
Epoch 72/150 [train]:  35%|███▍      | 9/26 [00:00<00:00, 85.96it/s, S=0.2130, loss=-0.1856]
Epoch 72/150 [train]:  35%|███▍      | 9/26 [00:00<00:00, 85.96it/s, S=0.2126, loss=-0.1847]
Epoch 72/150 [train]:  35%|███▍      | 9/26 [00:00<00:00, 85.96it/s, S=0.2138, loss=-0.1875]
Epoch 72/150 [train]:  35%|███▍      | 9/26 [00:00<00:00, 85.96it/s, S=0.2150, loss=-0.1835]
Epoch 72/150 [train]:  35%|███▍      | 9/26 [00:00<00:00, 85.96it/s, S=0.2149, loss=-0.1891]
Epoch 72/150 [train]:  35%|███▍      | 9/26 [00:00<00:00, 85.96it/s, S=0.2129, loss=-0.1841]
Epoch 72/150 [train]:  35%|███▍      | 9/26 [00:00<00:00, 85.96it/s, S=0.2152, loss=-0.1875]
Epoch 72/150 [train]:  69%|██████▉   | 18/26 [00:00<00:00, 86.13it/s, S=0.2152, loss=-0.1875]
Epoch 72/150 [train]:  69%|██████▉   | 18/26 [00:00<00:00, 86.13it/s, S=0.2116, loss=-0.1853]
Epoch 72/150 [train]:  69%|██████▉   | 18/26 [00:00<00:00, 86.13it/s, S=0.2141, loss=-0.1902]
Epoch 72/150 [train]:  69%|██████▉   | 18/26 [00:00<00:00, 86.13it/s, S=0.2136, loss=-0.1861]
Epoch 72/150 [train]:  69%|██████▉   | 18/26 [00:00<00:00, 86.13it/s, S=0.2138, loss=-0.1858]
Epoch 72/150 [train]:  69%|██████▉   | 18/26 [00:00<00:00, 86.13it/s, S=0.2121, loss=-0.1811]
Epoch 72/150 [train]:  69%|██████▉   | 18/26 [00:00<00:00, 86.13it/s, S=0.2160, loss=-0.1890]
Epoch 72/150 [train]:  69%|██████▉   | 18/26 [00:00<00:00, 86.13it/s, S=0.2119, loss=-0.1852]
Epoch 72/150 [train]:  69%|██████▉   | 18/26 [00:00<00:00, 86.13it/s, S=0.2128, loss=-0.1840]
                                                                                             
Epoch  72/150  train loss=-0.1862  val loss=-0.1871  S[mean]=0.2279  ζ=0.4088  mean_plane_ζ=0.2476  reg=0.0408  λscale=1.00  lr=4.99e-04

Epoch 73/150 [train]:   0%|          | 0/26 [00:00<?, ?it/s]
Epoch 73/150 [train]:   0%|          | 0/26 [00:00<?, ?it/s, S=0.2132, loss=-0.1872]
Epoch 73/150 [train]:   0%|          | 0/26 [00:00<?, ?it/s, S=0.2143, loss=-0.1875]
Epoch 73/150 [train]:   0%|          | 0/26 [00:00<?, ?it/s, S=0.2159, loss=-0.1877]
Epoch 73/150 [train]:   0%|          | 0/26 [00:00<?, ?it/s, S=0.2151, loss=-0.1904]
Epoch 73/150 [train]:   0%|          | 0/26 [00:00<?, ?it/s, S=0.2144, loss=-0.1868]
Epoch 73/150 [train]:   0%|          | 0/26 [00:00<?, ?it/s, S=0.2128, loss=-0.1854]
Epoch 73/150 [train]:   0%|          | 0/26 [00:00<?, ?it/s, S=0.2156, loss=-0.1905]
Epoch 73/150 [train]:   0%|          | 0/26 [00:00<?, ?it/s, S=0.2132, loss=-0.1856]
Epoch 73/150 [train]:   0%|          | 0/26 [00:00<?, ?it/s, S=0.2158, loss=-0.1911]
Epoch 73/150 [train]:  35%|███▍      | 9/26 [00:00<00:00, 85.92it/s, S=0.2158, loss=-0.1911]
Epoch 73/150 [train]:  35%|███▍      | 9/26 [00:00<00:00, 85.92it/s, S=0.2166, loss=-0.1923]
Epoch 73/150 [train]:  35%|███▍      | 9/26 [00:00<00:00, 85.92it/s, S=0.2159, loss=-0.1918]
Epoch 73/150 [train]:  35%|███▍      | 9/26 [00:00<00:00, 85.92it/s, S=0.2120, loss=-0.1836]
Epoch 73/150 [train]:  35%|███▍      | 9/26 [00:00<00:00, 85.92it/s, S=0.2118, loss=-0.1838]
Epoch 73/150 [train]:  35%|███▍      | 9/26 [00:00<00:00, 85.92it/s, S=0.2164, loss=-0.1892]
Epoch 73/150 [train]:  35%|███▍      | 9/26 [00:00<00:00, 85.92it/s, S=0.2163, loss=-0.1919]
Epoch 73/150 [train]:  35%|███▍      | 9/26 [00:00<00:00, 85.92it/s, S=0.2118, loss=-0.1821]
Epoch 73/150 [train]:  35%|███▍      | 9/26 [00:00<00:00, 85.92it/s, S=0.2137, loss=-0.1858]
Epoch 73/150 [train]:  35%|███▍      | 9/26 [00:00<00:00, 85.92it/s, S=0.2184, loss=-0.1920]
Epoch 73/150 [train]:  69%|██████▉   | 18/26 [00:00<00:00, 86.14it/s, S=0.2184, loss=-0.1920]
Epoch 73/150 [train]:  69%|██████▉   | 18/26 [00:00<00:00, 86.14it/s, S=0.2167, loss=-0.1920]
Epoch 73/150 [train]:  69%|██████▉   | 18/26 [00:00<00:00, 86.14it/s, S=0.2118, loss=-0.1844]
Epoch 73/150 [train]:  69%|██████▉   | 18/26 [00:00<00:00, 86.14it/s, S=0.2147, loss=-0.1878]
Epoch 73/150 [train]:  69%|██████▉   | 18/26 [00:00<00:00, 86.14it/s, S=0.2144, loss=-0.1883]
Epoch 73/150 [train]:  69%|██████▉   | 18/26 [00:00<00:00, 86.14it/s, S=0.2145, loss=-0.1896]
Epoch 73/150 [train]:  69%|██████▉   | 18/26 [00:00<00:00, 86.14it/s, S=0.2134, loss=-0.1870]
Epoch 73/150 [train]:  69%|██████▉   | 18/26 [00:00<00:00, 86.14it/s, S=0.2154, loss=-0.1896]
Epoch 73/150 [train]:  69%|██████▉   | 18/26 [00:00<00:00, 86.14it/s, S=0.2133, loss=-0.1870]
                                                                                             
Epoch  73/150  train loss=-0.1881  val loss=-0.1884  S[mean]=0.2295  ζ=0.4097  mean_plane_ζ=0.2488  reg=0.0410  λscale=1.00  lr=4.98e-04

Epoch 74/150 [train]:   0%|          | 0/26 [00:00<?, ?it/s]
Epoch 74/150 [train]:   0%|          | 0/26 [00:00<?, ?it/s, S=0.2173, loss=-0.1909]
Epoch 74/150 [train]:   0%|          | 0/26 [00:00<?, ?it/s, S=0.2146, loss=-0.1903]
Epoch 74/150 [train]:   0%|          | 0/26 [00:00<?, ?it/s, S=0.2148, loss=-0.1854]
Epoch 74/150 [train]:   0%|          | 0/26 [00:00<?, ?it/s, S=0.2154, loss=-0.1861]
Epoch 74/150 [train]:   0%|          | 0/26 [00:00<?, ?it/s, S=0.2184, loss=-0.1935]
Epoch 74/150 [train]:   0%|          | 0/26 [00:00<?, ?it/s, S=0.2178, loss=-0.1907]
Epoch 74/150 [train]:   0%|          | 0/26 [00:00<?, ?it/s, S=0.2167, loss=-0.1908]
Epoch 74/150 [train]:   0%|          | 0/26 [00:00<?, ?it/s, S=0.2174, loss=-0.1904]
Epoch 74/150 [train]:   0%|          | 0/26 [00:00<?, ?it/s, S=0.2145, loss=-0.1898]
Epoch 74/150 [train]:  35%|███▍      | 9/26 [00:00<00:00, 85.68it/s, S=0.2145, loss=-0.1898]
Epoch 74/150 [train]:  35%|███▍      | 9/26 [00:00<00:00, 85.68it/s, S=0.2188, loss=-0.1922]
Epoch 74/150 [train]:  35%|███▍      | 9/26 [00:00<00:00, 85.68it/s, S=0.2152, loss=-0.1912]
Epoch 74/150 [train]:  35%|███▍      | 9/26 [00:00<00:00, 85.68it/s, S=0.2183, loss=-0.1926]
Epoch 74/150 [train]:  35%|███▍      | 9/26 [00:00<00:00, 85.68it/s, S=0.2173, loss=-0.1924]
Epoch 74/150 [train]:  35%|███▍      | 9/26 [00:00<00:00, 85.68it/s, S=0.2145, loss=-0.1859]
Epoch 74/150 [train]:  35%|███▍      | 9/26 [00:00<00:00, 85.68it/s, S=0.2154, loss=-0.1872]
Epoch 74/150 [train]:  35%|███▍      | 9/26 [00:00<00:00, 85.68it/s, S=0.2148, loss=-0.1862]
Epoch 74/150 [train]:  35%|███▍      | 9/26 [00:00<00:00, 85.68it/s, S=0.2142, loss=-0.1894]
Epoch 74/150 [train]:  35%|███▍      | 9/26 [00:00<00:00, 85.68it/s, S=0.2171, loss=-0.1908]
Epoch 74/150 [train]:  69%|██████▉   | 18/26 [00:00<00:00, 85.93it/s, S=0.2171, loss=-0.1908]
Epoch 74/150 [train]:  69%|██████▉   | 18/26 [00:00<00:00, 85.93it/s, S=0.2129, loss=-0.1872]
Epoch 74/150 [train]:  69%|██████▉   | 18/26 [00:00<00:00, 85.93it/s, S=0.2182, loss=-0.1933]
Epoch 74/150 [train]:  69%|██████▉   | 18/26 [00:00<00:00, 85.93it/s, S=0.2140, loss=-0.1868]
Epoch 74/150 [train]:  69%|██████▉   | 18/26 [00:00<00:00, 85.93it/s, S=0.2120, loss=-0.1836]
Epoch 74/150 [train]:  69%|██████▉   | 18/26 [00:00<00:00, 85.93it/s, S=0.2148, loss=-0.1909]
Epoch 74/150 [train]:  69%|██████▉   | 18/26 [00:00<00:00, 85.93it/s, S=0.2173, loss=-0.1915]
Epoch 74/150 [train]:  69%|██████▉   | 18/26 [00:00<00:00, 85.93it/s, S=0.2180, loss=-0.1917]
Epoch 74/150 [train]:  69%|██████▉   | 18/26 [00:00<00:00, 85.93it/s, S=0.2199, loss=-0.1944]
                                                                                             
Epoch  74/150  train loss=-0.1898  val loss=-0.1894  S[mean]=0.2306  ζ=0.4105  mean_plane_ζ=0.2508  reg=0.0412  λscale=1.00  lr=4.97e-04

Epoch 75/150 [train]:   0%|          | 0/26 [00:00<?, ?it/s]
Epoch 75/150 [train]:   0%|          | 0/26 [00:00<?, ?it/s, S=0.2146, loss=-0.1848]
Epoch 75/150 [train]:   0%|          | 0/26 [00:00<?, ?it/s, S=0.2138, loss=-0.1858]
Epoch 75/150 [train]:   0%|          | 0/26 [00:00<?, ?it/s, S=0.2155, loss=-0.1880]
Epoch 75/150 [train]:   0%|          | 0/26 [00:00<?, ?it/s, S=0.2177, loss=-0.1902]
Epoch 75/150 [train]:   0%|          | 0/26 [00:00<?, ?it/s, S=0.2198, loss=-0.1945]
Epoch 75/150 [train]:   0%|          | 0/26 [00:00<?, ?it/s, S=0.2186, loss=-0.1914]
Epoch 75/150 [train]:   0%|          | 0/26 [00:00<?, ?it/s, S=0.2158, loss=-0.1869]
Epoch 75/150 [train]:   0%|          | 0/26 [00:00<?, ?it/s, S=0.2173, loss=-0.1890]
Epoch 75/150 [train]:   0%|          | 0/26 [00:00<?, ?it/s, S=0.2150, loss=-0.1887]
Epoch 75/150 [train]:  35%|███▍      | 9/26 [00:00<00:00, 86.08it/s, S=0.2150, loss=-0.1887]
Epoch 75/150 [train]:  35%|███▍      | 9/26 [00:00<00:00, 86.08it/s, S=0.2210, loss=-0.1969]
Epoch 75/150 [train]:  35%|███▍      | 9/26 [00:00<00:00, 86.08it/s, S=0.2140, loss=-0.1869]
Epoch 75/150 [train]:  35%|███▍      | 9/26 [00:00<00:00, 86.08it/s, S=0.2179, loss=-0.1922]
Epoch 75/150 [train]:  35%|███▍      | 9/26 [00:00<00:00, 86.08it/s, S=0.2147, loss=-0.1869]
Epoch 75/150 [train]:  35%|███▍      | 9/26 [00:00<00:00, 86.08it/s, S=0.2144, loss=-0.1849]
Epoch 75/150 [train]:  35%|███▍      | 9/26 [00:00<00:00, 86.08it/s, S=0.2179, loss=-0.1901]
Epoch 75/150 [train]:  35%|███▍      | 9/26 [00:00<00:00, 86.08it/s, S=0.2143, loss=-0.1859]
Epoch 75/150 [train]:  35%|███▍      | 9/26 [00:00<00:00, 86.08it/s, S=0.2168, loss=-0.1878]
Epoch 75/150 [train]:  35%|███▍      | 9/26 [00:00<00:00, 86.08it/s, S=0.2165, loss=-0.1906]
Epoch 75/150 [train]:  69%|██████▉   | 18/26 [00:00<00:00, 86.27it/s, S=0.2165, loss=-0.1906]
Epoch 75/150 [train]:  69%|██████▉   | 18/26 [00:00<00:00, 86.27it/s, S=0.2169, loss=-0.1909]
Epoch 75/150 [train]:  69%|██████▉   | 18/26 [00:00<00:00, 86.27it/s, S=0.2173, loss=-0.1871]
Epoch 75/150 [train]:  69%|██████▉   | 18/26 [00:00<00:00, 86.27it/s, S=0.2164, loss=-0.1854]
Epoch 75/150 [train]:  69%|██████▉   | 18/26 [00:00<00:00, 86.27it/s, S=0.2169, loss=-0.1912]
Epoch 75/150 [train]:  69%|██████▉   | 18/26 [00:00<00:00, 86.27it/s, S=0.2164, loss=-0.1903]
Epoch 75/150 [train]:  69%|██████▉   | 18/26 [00:00<00:00, 86.27it/s, S=0.2163, loss=-0.1860]
Epoch 75/150 [train]:  69%|██████▉   | 18/26 [00:00<00:00, 86.27it/s, S=0.2167, loss=-0.1923]
Epoch 75/150 [train]:  69%|██████▉   | 18/26 [00:00<00:00, 86.27it/s, S=0.2176, loss=-0.1915]
                                                                                             
Epoch  75/150  train loss=-0.1891  val loss=-0.1897  S[mean]=0.2322  ζ=0.4122  mean_plane_ζ=0.2537  reg=0.0425  λscale=1.00  lr=4.95e-04

Epoch 76/150 [train]:   0%|          | 0/26 [00:00<?, ?it/s]
Epoch 76/150 [train]:   0%|          | 0/26 [00:00<?, ?it/s, S=0.2170, loss=-0.1904]
Epoch 76/150 [train]:   0%|          | 0/26 [00:00<?, ?it/s, S=0.2198, loss=-0.1920]
Epoch 76/150 [train]:   0%|          | 0/26 [00:00<?, ?it/s, S=0.2146, loss=-0.1871]
Epoch 76/150 [train]:   0%|          | 0/26 [00:00<?, ?it/s, S=0.2212, loss=-0.1949]
Epoch 76/150 [train]:   0%|          | 0/26 [00:00<?, ?it/s, S=0.2157, loss=-0.1883]
Epoch 76/150 [train]:   0%|          | 0/26 [00:00<?, ?it/s, S=0.2178, loss=-0.1909]
Epoch 76/150 [train]:   0%|          | 0/26 [00:00<?, ?it/s, S=0.2177, loss=-0.1906]
Epoch 76/150 [train]:   0%|          | 0/26 [00:00<?, ?it/s, S=0.2205, loss=-0.1947]
Epoch 76/150 [train]:   0%|          | 0/26 [00:00<?, ?it/s, S=0.2149, loss=-0.1871]
Epoch 76/150 [train]:  35%|███▍      | 9/26 [00:00<00:00, 85.79it/s, S=0.2149, loss=-0.1871]
Epoch 76/150 [train]:  35%|███▍      | 9/26 [00:00<00:00, 85.79it/s, S=0.2185, loss=-0.1923]
Epoch 76/150 [train]:  35%|███▍      | 9/26 [00:00<00:00, 85.79it/s, S=0.2169, loss=-0.1897]
Epoch 76/150 [train]:  35%|███▍      | 9/26 [00:00<00:00, 85.79it/s, S=0.2188, loss=-0.1882]
Epoch 76/150 [train]:  35%|███▍      | 9/26 [00:00<00:00, 85.79it/s, S=0.2183, loss=-0.1908]
Epoch 76/150 [train]:  35%|███▍      | 9/26 [00:00<00:00, 85.79it/s, S=0.2170, loss=-0.1909]
Epoch 76/150 [train]:  35%|███▍      | 9/26 [00:00<00:00, 85.79it/s, S=0.2214, loss=-0.1959]
Epoch 76/150 [train]:  35%|███▍      | 9/26 [00:00<00:00, 85.79it/s, S=0.2155, loss=-0.1874]
Epoch 76/150 [train]:  35%|███▍      | 9/26 [00:00<00:00, 85.79it/s, S=0.2169, loss=-0.1905]
Epoch 76/150 [train]:  35%|███▍      | 9/26 [00:00<00:00, 85.79it/s, S=0.2215, loss=-0.1942]
Epoch 76/150 [train]:  69%|██████▉   | 18/26 [00:00<00:00, 85.88it/s, S=0.2215, loss=-0.1942]
Epoch 76/150 [train]:  69%|██████▉   | 18/26 [00:00<00:00, 85.88it/s, S=0.2151, loss=-0.1815]
Epoch 76/150 [train]:  69%|██████▉   | 18/26 [00:00<00:00, 85.88it/s, S=0.2166, loss=-0.1895]
Epoch 76/150 [train]:  69%|██████▉   | 18/26 [00:00<00:00, 85.88it/s, S=0.2189, loss=-0.1902]
Epoch 76/150 [train]:  69%|██████▉   | 18/26 [00:00<00:00, 85.88it/s, S=0.2226, loss=-0.1957]
Epoch 76/150 [train]:  69%|██████▉   | 18/26 [00:00<00:00, 85.88it/s, S=0.2184, loss=-0.1886]
Epoch 76/150 [train]:  69%|██████▉   | 18/26 [00:00<00:00, 85.88it/s, S=0.2194, loss=-0.1886]
Epoch 76/150 [train]:  69%|██████▉   | 18/26 [00:00<00:00, 85.88it/s, S=0.2192, loss=-0.1927]
Epoch 76/150 [train]:  69%|██████▉   | 18/26 [00:00<00:00, 85.88it/s, S=0.2211, loss=-0.1941]
                                                                                             
Epoch  76/150  train loss=-0.1906  val loss=-0.1921  S[mean]=0.2356  ζ=0.4149  mean_plane_ζ=0.2566  reg=0.0435  λscale=1.00  lr=4.93e-04

Epoch 77/150 [train]:   0%|          | 0/26 [00:00<?, ?it/s]
Epoch 77/150 [train]:   0%|          | 0/26 [00:00<?, ?it/s, S=0.2179, loss=-0.1906]
Epoch 77/150 [train]:   0%|          | 0/26 [00:00<?, ?it/s, S=0.2193, loss=-0.1928]
Epoch 77/150 [train]:   0%|          | 0/26 [00:00<?, ?it/s, S=0.2223, loss=-0.1939]
Epoch 77/150 [train]:   0%|          | 0/26 [00:00<?, ?it/s, S=0.2212, loss=-0.1926]
Epoch 77/150 [train]:   0%|          | 0/26 [00:00<?, ?it/s, S=0.2223, loss=-0.1968]
Epoch 77/150 [train]:   0%|          | 0/26 [00:00<?, ?it/s, S=0.2228, loss=-0.1942]
Epoch 77/150 [train]:   0%|          | 0/26 [00:00<?, ?it/s, S=0.2197, loss=-0.1912]
Epoch 77/150 [train]:   0%|          | 0/26 [00:00<?, ?it/s, S=0.2235, loss=-0.1970]
Epoch 77/150 [train]:   0%|          | 0/26 [00:00<?, ?it/s, S=0.2235, loss=-0.1983]
Epoch 77/150 [train]:  35%|███▍      | 9/26 [00:00<00:00, 85.65it/s, S=0.2235, loss=-0.1983]
Epoch 77/150 [train]:  35%|███▍      | 9/26 [00:00<00:00, 85.65it/s, S=0.2219, loss=-0.1933]
Epoch 77/150 [train]:  35%|███▍      | 9/26 [00:00<00:00, 85.65it/s, S=0.2233, loss=-0.1952]
Epoch 77/150 [train]:  35%|███▍      | 9/26 [00:00<00:00, 85.65it/s, S=0.2226, loss=-0.1945]
Epoch 77/150 [train]:  35%|███▍      | 9/26 [00:00<00:00, 85.65it/s, S=0.2180, loss=-0.1880]
Epoch 77/150 [train]:  35%|███▍      | 9/26 [00:00<00:00, 85.65it/s, S=0.2250, loss=-0.1989]
Epoch 77/150 [train]:  35%|███▍      | 9/26 [00:00<00:00, 85.65it/s, S=0.2211, loss=-0.1965]
Epoch 77/150 [train]:  35%|███▍      | 9/26 [00:00<00:00, 85.65it/s, S=0.2209, loss=-0.1920]
Epoch 77/150 [train]:  35%|███▍      | 9/26 [00:00<00:00, 85.65it/s, S=0.2241, loss=-0.1964]
Epoch 77/150 [train]:  35%|███▍      | 9/26 [00:00<00:00, 85.65it/s, S=0.2201, loss=-0.1910]
Epoch 77/150 [train]:  69%|██████▉   | 18/26 [00:00<00:00, 85.63it/s, S=0.2201, loss=-0.1910]
Epoch 77/150 [train]:  69%|██████▉   | 18/26 [00:00<00:00, 85.63it/s, S=0.2194, loss=-0.1903]
Epoch 77/150 [train]:  69%|██████▉   | 18/26 [00:00<00:00, 85.63it/s, S=0.2203, loss=-0.1945]
Epoch 77/150 [train]:  69%|██████▉   | 18/26 [00:00<00:00, 85.63it/s, S=0.2205, loss=-0.1884]
Epoch 77/150 [train]:  69%|██████▉   | 18/26 [00:00<00:00, 85.63it/s, S=0.2235, loss=-0.1879]
Epoch 77/150 [train]:  69%|██████▉   | 18/26 [00:00<00:00, 85.63it/s, S=0.2216, loss=-0.1933]
Epoch 77/150 [train]:  69%|██████▉   | 18/26 [00:00<00:00, 85.63it/s, S=0.2225, loss=-0.1958]
Epoch 77/150 [train]:  69%|██████▉   | 18/26 [00:00<00:00, 85.63it/s, S=0.2219, loss=-0.1927]
Epoch 77/150 [train]:  69%|██████▉   | 18/26 [00:00<00:00, 85.63it/s, S=0.2185, loss=-0.1888]
                                                                                             
Epoch  77/150  train loss=-0.1933  val loss=-0.1958  S[mean]=0.2391  ζ=0.4185  mean_plane_ζ=0.2601  reg=0.0433  λscale=1.00  lr=4.91e-04

Epoch 78/150 [train]:   0%|          | 0/26 [00:00<?, ?it/s]
Epoch 78/150 [train]:   0%|          | 0/26 [00:00<?, ?it/s, S=0.2275, loss=-0.2019]
Epoch 78/150 [train]:   0%|          | 0/26 [00:00<?, ?it/s, S=0.2233, loss=-0.1977]
Epoch 78/150 [train]:   0%|          | 0/26 [00:00<?, ?it/s, S=0.2222, loss=-0.1926]
Epoch 78/150 [train]:   0%|          | 0/26 [00:00<?, ?it/s, S=0.2246, loss=-0.1982]
Epoch 78/150 [train]:   0%|          | 0/26 [00:00<?, ?it/s, S=0.2249, loss=-0.1985]
Epoch 78/150 [train]:   0%|          | 0/26 [00:00<?, ?it/s, S=0.2240, loss=-0.1947]
Epoch 78/150 [train]:   0%|          | 0/26 [00:00<?, ?it/s, S=0.2208, loss=-0.1908]
Epoch 78/150 [train]:   0%|          | 0/26 [00:00<?, ?it/s, S=0.2229, loss=-0.1943]
Epoch 78/150 [train]:   0%|          | 0/26 [00:00<?, ?it/s, S=0.2230, loss=-0.1949]
Epoch 78/150 [train]:  35%|███▍      | 9/26 [00:00<00:00, 85.75it/s, S=0.2230, loss=-0.1949]
Epoch 78/150 [train]:  35%|███▍      | 9/26 [00:00<00:00, 85.75it/s, S=0.2253, loss=-0.1986]
Epoch 78/150 [train]:  35%|███▍      | 9/26 [00:00<00:00, 85.75it/s, S=0.2243, loss=-0.1938]
Epoch 78/150 [train]:  35%|███▍      | 9/26 [00:00<00:00, 85.75it/s, S=0.2239, loss=-0.1941]
Epoch 78/150 [train]:  35%|███▍      | 9/26 [00:00<00:00, 85.75it/s, S=0.2250, loss=-0.1983]
Epoch 78/150 [train]:  35%|███▍      | 9/26 [00:00<00:00, 85.75it/s, S=0.2222, loss=-0.1925]
Epoch 78/150 [train]:  35%|███▍      | 9/26 [00:00<00:00, 85.75it/s, S=0.2282, loss=-0.2010]
Epoch 78/150 [train]:  35%|███▍      | 9/26 [00:00<00:00, 85.75it/s, S=0.2214, loss=-0.1854]
Epoch 78/150 [train]:  35%|███▍      | 9/26 [00:00<00:00, 85.75it/s, S=0.2255, loss=-0.1966]
Epoch 78/150 [train]:  35%|███▍      | 9/26 [00:00<00:00, 85.75it/s, S=0.2249, loss=-0.1984]
Epoch 78/150 [train]:  69%|██████▉   | 18/26 [00:00<00:00, 85.89it/s, S=0.2249, loss=-0.1984]
Epoch 78/150 [train]:  69%|██████▉   | 18/26 [00:00<00:00, 85.89it/s, S=0.2232, loss=-0.1963]
Epoch 78/150 [train]:  69%|██████▉   | 18/26 [00:00<00:00, 85.89it/s, S=0.2230, loss=-0.1951]
Epoch 78/150 [train]:  69%|██████▉   | 18/26 [00:00<00:00, 85.89it/s, S=0.2294, loss=-0.2027]
Epoch 78/150 [train]:  69%|██████▉   | 18/26 [00:00<00:00, 85.89it/s, S=0.2235, loss=-0.1959]
Epoch 78/150 [train]:  69%|██████▉   | 18/26 [00:00<00:00, 85.89it/s, S=0.2240, loss=-0.1969]
Epoch 78/150 [train]:  69%|██████▉   | 18/26 [00:00<00:00, 85.89it/s, S=0.2254, loss=-0.1949]
Epoch 78/150 [train]:  69%|██████▉   | 18/26 [00:00<00:00, 85.89it/s, S=0.2240, loss=-0.1960]
Epoch 78/150 [train]:  69%|██████▉   | 18/26 [00:00<00:00, 85.89it/s, S=0.2261, loss=-0.1963]
                                                                                             
Epoch  78/150  train loss=-0.1960  val loss=-0.1987  S[mean]=0.2418  ζ=0.4204  mean_plane_ζ=0.2628  reg=0.0431  λscale=1.00  lr=4.88e-04

Epoch 79/150 [train]:   0%|          | 0/26 [00:00<?, ?it/s]
Epoch 79/150 [train]:   0%|          | 0/26 [00:00<?, ?it/s, S=0.2248, loss=-0.1947]
Epoch 79/150 [train]:   0%|          | 0/26 [00:00<?, ?it/s, S=0.2252, loss=-0.1956]
Epoch 79/150 [train]:   0%|          | 0/26 [00:00<?, ?it/s, S=0.2254, loss=-0.1932]
Epoch 79/150 [train]:   0%|          | 0/26 [00:00<?, ?it/s, S=0.2252, loss=-0.1936]
Epoch 79/150 [train]:   0%|          | 0/26 [00:00<?, ?it/s, S=0.2259, loss=-0.1966]
Epoch 79/150 [train]:   0%|          | 0/26 [00:00<?, ?it/s, S=0.2284, loss=-0.1967]
Epoch 79/150 [train]:   0%|          | 0/26 [00:00<?, ?it/s, S=0.2252, loss=-0.1963]
Epoch 79/150 [train]:   0%|          | 0/26 [00:00<?, ?it/s, S=0.2255, loss=-0.1974]
Epoch 79/150 [train]:   0%|          | 0/26 [00:00<?, ?it/s, S=0.2246, loss=-0.1949]
Epoch 79/150 [train]:  35%|███▍      | 9/26 [00:00<00:00, 85.65it/s, S=0.2246, loss=-0.1949]
Epoch 79/150 [train]:  35%|███▍      | 9/26 [00:00<00:00, 85.65it/s, S=0.2285, loss=-0.2032]
Epoch 79/150 [train]:  35%|███▍      | 9/26 [00:00<00:00, 85.65it/s, S=0.2277, loss=-0.1977]
Epoch 79/150 [train]:  35%|███▍      | 9/26 [00:00<00:00, 85.65it/s, S=0.2280, loss=-0.2002]
Epoch 79/150 [train]:  35%|███▍      | 9/26 [00:00<00:00, 85.65it/s, S=0.2273, loss=-0.1973]
Epoch 79/150 [train]:  35%|███▍      | 9/26 [00:00<00:00, 85.65it/s, S=0.2260, loss=-0.1985]
Epoch 79/150 [train]:  35%|███▍      | 9/26 [00:00<00:00, 85.65it/s, S=0.2266, loss=-0.1974]
Epoch 79/150 [train]:  35%|███▍      | 9/26 [00:00<00:00, 85.65it/s, S=0.2245, loss=-0.1954]
Epoch 79/150 [train]:  35%|███▍      | 9/26 [00:00<00:00, 85.65it/s, S=0.2261, loss=-0.1962]
Epoch 79/150 [train]:  35%|███▍      | 9/26 [00:00<00:00, 85.65it/s, S=0.2249, loss=-0.1956]
Epoch 79/150 [train]:  69%|██████▉   | 18/26 [00:00<00:00, 86.15it/s, S=0.2249, loss=-0.1956]
Epoch 79/150 [train]:  69%|██████▉   | 18/26 [00:00<00:00, 86.15it/s, S=0.2269, loss=-0.1991]
Epoch 79/150 [train]:  69%|██████▉   | 18/26 [00:00<00:00, 86.15it/s, S=0.2282, loss=-0.2026]
Epoch 79/150 [train]:  69%|██████▉   | 18/26 [00:00<00:00, 86.15it/s, S=0.2249, loss=-0.1941]
Epoch 79/150 [train]:  69%|██████▉   | 18/26 [00:00<00:00, 86.15it/s, S=0.2273, loss=-0.2008]
Epoch 79/150 [train]:  69%|██████▉   | 18/26 [00:00<00:00, 86.15it/s, S=0.2260, loss=-0.1977]
Epoch 79/150 [train]:  69%|██████▉   | 18/26 [00:00<00:00, 86.15it/s, S=0.2266, loss=-0.1964]
Epoch 79/150 [train]:  69%|██████▉   | 18/26 [00:00<00:00, 86.15it/s, S=0.2250, loss=-0.1962]
Epoch 79/150 [train]:  69%|██████▉   | 18/26 [00:00<00:00, 86.15it/s, S=0.2279, loss=-0.2001]
                                                                                             
Epoch  79/150  train loss=-0.1972  val loss=-0.2017  S[mean]=0.2451  ζ=0.4226  mean_plane_ζ=0.2674  reg=0.0434  λscale=1.00  lr=4.85e-04

Epoch 80/150 [train]:   0%|          | 0/26 [00:00<?, ?it/s]
Epoch 80/150 [train]:   0%|          | 0/26 [00:00<?, ?it/s, S=0.2256, loss=-0.1987]
Epoch 80/150 [train]:   0%|          | 0/26 [00:00<?, ?it/s, S=0.2286, loss=-0.2014]
Epoch 80/150 [train]:   0%|          | 0/26 [00:00<?, ?it/s, S=0.2304, loss=-0.2044]
Epoch 80/150 [train]:   0%|          | 0/26 [00:00<?, ?it/s, S=0.2261, loss=-0.1980]
Epoch 80/150 [train]:   0%|          | 0/26 [00:00<?, ?it/s, S=0.2294, loss=-0.1975]
Epoch 80/150 [train]:   0%|          | 0/26 [00:00<?, ?it/s, S=0.2250, loss=-0.1981]
Epoch 80/150 [train]:   0%|          | 0/26 [00:00<?, ?it/s, S=0.2289, loss=-0.2008]
Epoch 80/150 [train]:   0%|          | 0/26 [00:00<?, ?it/s, S=0.2278, loss=-0.2011]
Epoch 80/150 [train]:   0%|          | 0/26 [00:00<?, ?it/s, S=0.2272, loss=-0.1994]
Epoch 80/150 [train]:  35%|███▍      | 9/26 [00:00<00:00, 85.50it/s, S=0.2272, loss=-0.1994]
Epoch 80/150 [train]:  35%|███▍      | 9/26 [00:00<00:00, 85.50it/s, S=0.2282, loss=-0.1999]
Epoch 80/150 [train]:  35%|███▍      | 9/26 [00:00<00:00, 85.50it/s, S=0.2334, loss=-0.2066]
Epoch 80/150 [train]:  35%|███▍      | 9/26 [00:00<00:00, 85.50it/s, S=0.2309, loss=-0.2015]
Epoch 80/150 [train]:  35%|███▍      | 9/26 [00:00<00:00, 85.50it/s, S=0.2260, loss=-0.1963]
Epoch 80/150 [train]:  35%|███▍      | 9/26 [00:00<00:00, 85.50it/s, S=0.2297, loss=-0.1999]
Epoch 80/150 [train]:  35%|███▍      | 9/26 [00:00<00:00, 85.50it/s, S=0.2281, loss=-0.1972]
Epoch 80/150 [train]:  35%|███▍      | 9/26 [00:00<00:00, 85.50it/s, S=0.2312, loss=-0.2042]
Epoch 80/150 [train]:  35%|███▍      | 9/26 [00:00<00:00, 85.50it/s, S=0.2301, loss=-0.2017]
Epoch 80/150 [train]:  35%|███▍      | 9/26 [00:00<00:00, 85.50it/s, S=0.2325, loss=-0.2071]
Epoch 80/150 [train]:  69%|██████▉   | 18/26 [00:00<00:00, 85.99it/s, S=0.2325, loss=-0.2071]
Epoch 80/150 [train]:  69%|██████▉   | 18/26 [00:00<00:00, 85.99it/s, S=0.2313, loss=-0.2013]
Epoch 80/150 [train]:  69%|██████▉   | 18/26 [00:00<00:00, 85.99it/s, S=0.2303, loss=-0.2017]
Epoch 80/150 [train]:  69%|██████▉   | 18/26 [00:00<00:00, 85.99it/s, S=0.2321, loss=-0.2044]
Epoch 80/150 [train]:  69%|██████▉   | 18/26 [00:00<00:00, 85.99it/s, S=0.2294, loss=-0.1978]
Epoch 80/150 [train]:  69%|██████▉   | 18/26 [00:00<00:00, 85.99it/s, S=0.2317, loss=-0.2036]
Epoch 80/150 [train]:  69%|██████▉   | 18/26 [00:00<00:00, 85.99it/s, S=0.2321, loss=-0.2000]
Epoch 80/150 [train]:  69%|██████▉   | 18/26 [00:00<00:00, 85.99it/s, S=0.2290, loss=-0.2015]
Epoch 80/150 [train]:  69%|██████▉   | 18/26 [00:00<00:00, 85.99it/s, S=0.2331, loss=-0.2006]
                                                                                             
Epoch  80/150  train loss=-0.2009  val loss=-0.2061  S[mean]=0.2503  ζ=0.4249  mean_plane_ζ=0.2726  reg=0.0442  λscale=1.00  lr=4.81e-04

Epoch 81/150 [train]:   0%|          | 0/26 [00:00<?, ?it/s]
Epoch 81/150 [train]:   0%|          | 0/26 [00:00<?, ?it/s, S=0.2318, loss=-0.2064]
Epoch 81/150 [train]:   0%|          | 0/26 [00:00<?, ?it/s, S=0.2281, loss=-0.1962]
Epoch 81/150 [train]:   0%|          | 0/26 [00:00<?, ?it/s, S=0.2295, loss=-0.1995]
Epoch 81/150 [train]:   0%|          | 0/26 [00:00<?, ?it/s, S=0.2324, loss=-0.2034]
Epoch 81/150 [train]:   0%|          | 0/26 [00:00<?, ?it/s, S=0.2347, loss=-0.2031]
Epoch 81/150 [train]:   0%|          | 0/26 [00:00<?, ?it/s, S=0.2320, loss=-0.1998]
Epoch 81/150 [train]:   0%|          | 0/26 [00:00<?, ?it/s, S=0.2333, loss=-0.2046]
Epoch 81/150 [train]:   0%|          | 0/26 [00:00<?, ?it/s, S=0.2349, loss=-0.2098]
Epoch 81/150 [train]:   0%|          | 0/26 [00:00<?, ?it/s, S=0.2340, loss=-0.2046]
Epoch 81/150 [train]:  35%|███▍      | 9/26 [00:00<00:00, 85.37it/s, S=0.2340, loss=-0.2046]
Epoch 81/150 [train]:  35%|███▍      | 9/26 [00:00<00:00, 85.37it/s, S=0.2335, loss=-0.2067]
Epoch 81/150 [train]:  35%|███▍      | 9/26 [00:00<00:00, 85.37it/s, S=0.2295, loss=-0.1941]
Epoch 81/150 [train]:  35%|███▍      | 9/26 [00:00<00:00, 85.37it/s, S=0.2368, loss=-0.2093]
Epoch 81/150 [train]:  35%|███▍      | 9/26 [00:00<00:00, 85.37it/s, S=0.2353, loss=-0.2075]
Epoch 81/150 [train]:  35%|███▍      | 9/26 [00:00<00:00, 85.37it/s, S=0.2338, loss=-0.2037]
Epoch 81/150 [train]:  35%|███▍      | 9/26 [00:00<00:00, 85.37it/s, S=0.2365, loss=-0.2071]
Epoch 81/150 [train]:  35%|███▍      | 9/26 [00:00<00:00, 85.37it/s, S=0.2352, loss=-0.2078]
Epoch 81/150 [train]:  35%|███▍      | 9/26 [00:00<00:00, 85.37it/s, S=0.2338, loss=-0.2050]
Epoch 81/150 [train]:  35%|███▍      | 9/26 [00:00<00:00, 85.37it/s, S=0.2328, loss=-0.2031]
Epoch 81/150 [train]:  69%|██████▉   | 18/26 [00:00<00:00, 85.89it/s, S=0.2328, loss=-0.2031]
Epoch 81/150 [train]:  69%|██████▉   | 18/26 [00:00<00:00, 85.89it/s, S=0.2319, loss=-0.2056]
Epoch 81/150 [train]:  69%|██████▉   | 18/26 [00:00<00:00, 85.89it/s, S=0.2381, loss=-0.2094]
Epoch 81/150 [train]:  69%|██████▉   | 18/26 [00:00<00:00, 85.89it/s, S=0.2328, loss=-0.2028]
Epoch 81/150 [train]:  69%|██████▉   | 18/26 [00:00<00:00, 85.89it/s, S=0.2354, loss=-0.2070]
Epoch 81/150 [train]:  69%|██████▉   | 18/26 [00:00<00:00, 85.89it/s, S=0.2340, loss=-0.2065]
Epoch 81/150 [train]:  69%|██████▉   | 18/26 [00:00<00:00, 85.89it/s, S=0.2321, loss=-0.2027]
Epoch 81/150 [train]:  69%|██████▉   | 18/26 [00:00<00:00, 85.89it/s, S=0.2329, loss=-0.2051]
Epoch 81/150 [train]:  69%|██████▉   | 18/26 [00:00<00:00, 85.89it/s, S=0.2312, loss=-0.1991]
                                                                                             
Epoch  81/150  train loss=-0.2042  val loss=-0.2113  S[mean]=0.2554  ζ=0.4279  mean_plane_ζ=0.2769  reg=0.0441  λscale=1.00  lr=4.77e-04

Epoch 82/150 [train]:   0%|          | 0/26 [00:00<?, ?it/s]
Epoch 82/150 [train]:   0%|          | 0/26 [00:00<?, ?it/s, S=0.2370, loss=-0.2036]
Epoch 82/150 [train]:   0%|          | 0/26 [00:00<?, ?it/s, S=0.2367, loss=-0.2074]
Epoch 82/150 [train]:   0%|          | 0/26 [00:00<?, ?it/s, S=0.2338, loss=-0.2034]
Epoch 82/150 [train]:   0%|          | 0/26 [00:00<?, ?it/s, S=0.2332, loss=-0.2019]
Epoch 82/150 [train]:   0%|          | 0/26 [00:00<?, ?it/s, S=0.2395, loss=-0.2092]
Epoch 82/150 [train]:   0%|          | 0/26 [00:00<?, ?it/s, S=0.2343, loss=-0.2025]
Epoch 82/150 [train]:   0%|          | 0/26 [00:00<?, ?it/s, S=0.2341, loss=-0.2032]
Epoch 82/150 [train]:   0%|          | 0/26 [00:00<?, ?it/s, S=0.2410, loss=-0.2131]
Epoch 82/150 [train]:   0%|          | 0/26 [00:00<?, ?it/s, S=0.2371, loss=-0.2060]
Epoch 82/150 [train]:  35%|███▍      | 9/26 [00:00<00:00, 85.81it/s, S=0.2371, loss=-0.2060]
Epoch 82/150 [train]:  35%|███▍      | 9/26 [00:00<00:00, 85.81it/s, S=0.2385, loss=-0.2105]
Epoch 82/150 [train]:  35%|███▍      | 9/26 [00:00<00:00, 85.81it/s, S=0.2333, loss=-0.2043]
Epoch 82/150 [train]:  35%|███▍      | 9/26 [00:00<00:00, 85.81it/s, S=0.2375, loss=-0.2071]
Epoch 82/150 [train]:  35%|███▍      | 9/26 [00:00<00:00, 85.81it/s, S=0.2369, loss=-0.2082]
Epoch 82/150 [train]:  35%|███▍      | 9/26 [00:00<00:00, 85.81it/s, S=0.2314, loss=-0.2036]
Epoch 82/150 [train]:  35%|███▍      | 9/26 [00:00<00:00, 85.81it/s, S=0.2365, loss=-0.2105]
Epoch 82/150 [train]:  35%|███▍      | 9/26 [00:00<00:00, 85.81it/s, S=0.2379, loss=-0.2026]
Epoch 82/150 [train]:  35%|███▍      | 9/26 [00:00<00:00, 85.81it/s, S=0.2363, loss=-0.2082]
Epoch 82/150 [train]:  35%|███▍      | 9/26 [00:00<00:00, 85.81it/s, S=0.2374, loss=-0.2102]
Epoch 82/150 [train]:  69%|██████▉   | 18/26 [00:00<00:00, 85.98it/s, S=0.2374, loss=-0.2102]
Epoch 82/150 [train]:  69%|██████▉   | 18/26 [00:00<00:00, 85.98it/s, S=0.2421, loss=-0.2126]
Epoch 82/150 [train]:  69%|██████▉   | 18/26 [00:00<00:00, 85.98it/s, S=0.2414, loss=-0.2122]
Epoch 82/150 [train]:  69%|██████▉   | 18/26 [00:00<00:00, 85.98it/s, S=0.2404, loss=-0.2086]
Epoch 82/150 [train]:  69%|██████▉   | 18/26 [00:00<00:00, 85.98it/s, S=0.2409, loss=-0.2079]
Epoch 82/150 [train]:  69%|██████▉   | 18/26 [00:00<00:00, 85.98it/s, S=0.2332, loss=-0.2013]
Epoch 82/150 [train]:  69%|██████▉   | 18/26 [00:00<00:00, 85.98it/s, S=0.2359, loss=-0.2050]
Epoch 82/150 [train]:  69%|██████▉   | 18/26 [00:00<00:00, 85.98it/s, S=0.2380, loss=-0.2071]
Epoch 82/150 [train]:  69%|██████▉   | 18/26 [00:00<00:00, 85.98it/s, S=0.2397, loss=-0.2099]
                                                                                             
Epoch  82/150  train loss=-0.2069  val loss=-0.2156  S[mean]=0.2600  ζ=0.4324  mean_plane_ζ=0.2811  reg=0.0444  λscale=1.00  lr=4.73e-04

Epoch 83/150 [train]:   0%|          | 0/26 [00:00<?, ?it/s]
Epoch 83/150 [train]:   0%|          | 0/26 [00:00<?, ?it/s, S=0.2400, loss=-0.2121]
Epoch 83/150 [train]:   0%|          | 0/26 [00:00<?, ?it/s, S=0.2402, loss=-0.2122]
Epoch 83/150 [train]:   0%|          | 0/26 [00:00<?, ?it/s, S=0.2433, loss=-0.2169]
Epoch 83/150 [train]:   0%|          | 0/26 [00:00<?, ?it/s, S=0.2391, loss=-0.2095]
Epoch 83/150 [train]:   0%|          | 0/26 [00:00<?, ?it/s, S=0.2413, loss=-0.2104]
Epoch 83/150 [train]:   0%|          | 0/26 [00:00<?, ?it/s, S=0.2420, loss=-0.2126]
Epoch 83/150 [train]:   0%|          | 0/26 [00:00<?, ?it/s, S=0.2398, loss=-0.2053]
Epoch 83/150 [train]:   0%|          | 0/26 [00:00<?, ?it/s, S=0.2368, loss=-0.2041]
Epoch 83/150 [train]:   0%|          | 0/26 [00:00<?, ?it/s, S=0.2413, loss=-0.2131]
Epoch 83/150 [train]:  35%|███▍      | 9/26 [00:00<00:00, 85.69it/s, S=0.2413, loss=-0.2131]
Epoch 83/150 [train]:  35%|███▍      | 9/26 [00:00<00:00, 85.69it/s, S=0.2417, loss=-0.2096]
Epoch 83/150 [train]:  35%|███▍      | 9/26 [00:00<00:00, 85.69it/s, S=0.2378, loss=-0.2018]
Epoch 83/150 [train]:  35%|███▍      | 9/26 [00:00<00:00, 85.69it/s, S=0.2433, loss=-0.2143]
Epoch 83/150 [train]:  35%|███▍      | 9/26 [00:00<00:00, 85.69it/s, S=0.2434, loss=-0.2121]
Epoch 83/150 [train]:  35%|███▍      | 9/26 [00:00<00:00, 85.69it/s, S=0.2404, loss=-0.2094]
Epoch 83/150 [train]:  35%|███▍      | 9/26 [00:00<00:00, 85.69it/s, S=0.2402, loss=-0.2109]
Epoch 83/150 [train]:  35%|███▍      | 9/26 [00:00<00:00, 85.69it/s, S=0.2420, loss=-0.2075]
Epoch 83/150 [train]:  35%|███▍      | 9/26 [00:00<00:00, 85.69it/s, S=0.2391, loss=-0.2074]
Epoch 83/150 [train]:  35%|███▍      | 9/26 [00:00<00:00, 85.69it/s, S=0.2445, loss=-0.2149]
Epoch 83/150 [train]:  69%|██████▉   | 18/26 [00:00<00:00, 86.02it/s, S=0.2445, loss=-0.2149]
Epoch 83/150 [train]:  69%|██████▉   | 18/26 [00:00<00:00, 86.02it/s, S=0.2408, loss=-0.2112]
Epoch 83/150 [train]:  69%|██████▉   | 18/26 [00:00<00:00, 86.02it/s, S=0.2389, loss=-0.2111]
Epoch 83/150 [train]:  69%|██████▉   | 18/26 [00:00<00:00, 86.02it/s, S=0.2442, loss=-0.2109]
Epoch 83/150 [train]:  69%|██████▉   | 18/26 [00:00<00:00, 86.02it/s, S=0.2438, loss=-0.2157]
Epoch 83/150 [train]:  69%|██████▉   | 18/26 [00:00<00:00, 86.02it/s, S=0.2378, loss=-0.2062]
Epoch 83/150 [train]:  69%|██████▉   | 18/26 [00:00<00:00, 86.02it/s, S=0.2398, loss=-0.2087]
Epoch 83/150 [train]:  69%|██████▉   | 18/26 [00:00<00:00, 86.02it/s, S=0.2391, loss=-0.2098]
Epoch 83/150 [train]:  69%|██████▉   | 18/26 [00:00<00:00, 86.02it/s, S=0.2412, loss=-0.2128]
                                                                                             
Epoch  83/150  train loss=-0.2104  val loss=-0.2186  S[mean]=0.2639  ζ=0.4344  mean_plane_ζ=0.2838  reg=0.0452  λscale=1.00  lr=4.68e-04

Epoch 84/150 [train]:   0%|          | 0/26 [00:00<?, ?it/s]
Epoch 84/150 [train]:   0%|          | 0/26 [00:00<?, ?it/s, S=0.2464, loss=-0.2177]
Epoch 84/150 [train]:   0%|          | 0/26 [00:00<?, ?it/s, S=0.2451, loss=-0.2128]
Epoch 84/150 [train]:   0%|          | 0/26 [00:00<?, ?it/s, S=0.2434, loss=-0.2116]
Epoch 84/150 [train]:   0%|          | 0/26 [00:00<?, ?it/s, S=0.2395, loss=-0.2068]
Epoch 84/150 [train]:   0%|          | 0/26 [00:00<?, ?it/s, S=0.2393, loss=-0.2072]
Epoch 84/150 [train]:   0%|          | 0/26 [00:00<?, ?it/s, S=0.2430, loss=-0.2126]
Epoch 84/150 [train]:   0%|          | 0/26 [00:00<?, ?it/s, S=0.2426, loss=-0.2106]
Epoch 84/150 [train]:   0%|          | 0/26 [00:00<?, ?it/s, S=0.2452, loss=-0.2142]
Epoch 84/150 [train]:   0%|          | 0/26 [00:00<?, ?it/s, S=0.2416, loss=-0.2110]
Epoch 84/150 [train]:  35%|███▍      | 9/26 [00:00<00:00, 85.57it/s, S=0.2416, loss=-0.2110]
Epoch 84/150 [train]:  35%|███▍      | 9/26 [00:00<00:00, 85.57it/s, S=0.2484, loss=-0.2174]
Epoch 84/150 [train]:  35%|███▍      | 9/26 [00:00<00:00, 85.57it/s, S=0.2439, loss=-0.2131]
Epoch 84/150 [train]:  35%|███▍      | 9/26 [00:00<00:00, 85.57it/s, S=0.2401, loss=-0.2054]
Epoch 84/150 [train]:  35%|███▍      | 9/26 [00:00<00:00, 85.57it/s, S=0.2412, loss=-0.2061]
Epoch 84/150 [train]:  35%|███▍      | 9/26 [00:00<00:00, 85.57it/s, S=0.2423, loss=-0.2126]
Epoch 84/150 [train]:  35%|███▍      | 9/26 [00:00<00:00, 85.57it/s, S=0.2448, loss=-0.2134]
Epoch 84/150 [train]:  35%|███▍      | 9/26 [00:00<00:00, 85.57it/s, S=0.2516, loss=-0.2177]
Epoch 84/150 [train]:  35%|███▍      | 9/26 [00:00<00:00, 85.57it/s, S=0.2469, loss=-0.2168]
Epoch 84/150 [train]:  35%|███▍      | 9/26 [00:00<00:00, 85.57it/s, S=0.2432, loss=-0.2135]
Epoch 84/150 [train]:  69%|██████▉   | 18/26 [00:00<00:00, 85.66it/s, S=0.2432, loss=-0.2135]
Epoch 84/150 [train]:  69%|██████▉   | 18/26 [00:00<00:00, 85.66it/s, S=0.2469, loss=-0.2158]
Epoch 84/150 [train]:  69%|██████▉   | 18/26 [00:00<00:00, 85.66it/s, S=0.2466, loss=-0.2139]
Epoch 84/150 [train]:  69%|██████▉   | 18/26 [00:00<00:00, 85.66it/s, S=0.2451, loss=-0.2095]
Epoch 84/150 [train]:  69%|██████▉   | 18/26 [00:00<00:00, 85.66it/s, S=0.2479, loss=-0.2160]
Epoch 84/150 [train]:  69%|██████▉   | 18/26 [00:00<00:00, 85.66it/s, S=0.2435, loss=-0.2118]
Epoch 84/150 [train]:  69%|██████▉   | 18/26 [00:00<00:00, 85.66it/s, S=0.2486, loss=-0.2169]
Epoch 84/150 [train]:  69%|██████▉   | 18/26 [00:00<00:00, 85.66it/s, S=0.2407, loss=-0.2027]
Epoch 84/150 [train]:  69%|██████▉   | 18/26 [00:00<00:00, 85.66it/s, S=0.2446, loss=-0.2129]
                                                                                             
Epoch  84/150  train loss=-0.2123  val loss=-0.2230  S[mean]=0.2680  ζ=0.4382  mean_plane_ζ=0.2874  reg=0.0450  λscale=1.00  lr=4.63e-04

Epoch 85/150 [train]:   0%|          | 0/26 [00:00<?, ?it/s]
Epoch 85/150 [train]:   0%|          | 0/26 [00:00<?, ?it/s, S=0.2482, loss=-0.2189]
Epoch 85/150 [train]:   0%|          | 0/26 [00:00<?, ?it/s, S=0.2468, loss=-0.2150]
Epoch 85/150 [train]:   0%|          | 0/26 [00:00<?, ?it/s, S=0.2481, loss=-0.2155]
Epoch 85/150 [train]:   0%|          | 0/26 [00:00<?, ?it/s, S=0.2504, loss=-0.2204]
Epoch 85/150 [train]:   0%|          | 0/26 [00:00<?, ?it/s, S=0.2472, loss=-0.2158]
Epoch 85/150 [train]:   0%|          | 0/26 [00:00<?, ?it/s, S=0.2433, loss=-0.2042]
Epoch 85/150 [train]:   0%|          | 0/26 [00:00<?, ?it/s, S=0.2467, loss=-0.2160]
Epoch 85/150 [train]:   0%|          | 0/26 [00:00<?, ?it/s, S=0.2469, loss=-0.2164]
Epoch 85/150 [train]:   0%|          | 0/26 [00:00<?, ?it/s, S=0.2485, loss=-0.2203]
Epoch 85/150 [train]:  35%|███▍      | 9/26 [00:00<00:00, 85.31it/s, S=0.2485, loss=-0.2203]
Epoch 85/150 [train]:  35%|███▍      | 9/26 [00:00<00:00, 85.31it/s, S=0.2461, loss=-0.2172]
Epoch 85/150 [train]:  35%|███▍      | 9/26 [00:00<00:00, 85.31it/s, S=0.2416, loss=-0.1997]
Epoch 85/150 [train]:  35%|███▍      | 9/26 [00:00<00:00, 85.31it/s, S=0.2470, loss=-0.2187]
Epoch 85/150 [train]:  35%|███▍      | 9/26 [00:00<00:00, 85.31it/s, S=0.2481, loss=-0.2156]
Epoch 85/150 [train]:  35%|███▍      | 9/26 [00:00<00:00, 85.31it/s, S=0.2488, loss=-0.2174]
Epoch 85/150 [train]:  35%|███▍      | 9/26 [00:00<00:00, 85.31it/s, S=0.2474, loss=-0.2141]
Epoch 85/150 [train]:  35%|███▍      | 9/26 [00:00<00:00, 85.31it/s, S=0.2457, loss=-0.2127]
Epoch 85/150 [train]:  35%|███▍      | 9/26 [00:00<00:00, 85.31it/s, S=0.2464, loss=-0.2171]
Epoch 85/150 [train]:  35%|███▍      | 9/26 [00:00<00:00, 85.31it/s, S=0.2451, loss=-0.2116]
Epoch 85/150 [train]:  69%|██████▉   | 18/26 [00:00<00:00, 85.67it/s, S=0.2451, loss=-0.2116]
Epoch 85/150 [train]:  69%|██████▉   | 18/26 [00:00<00:00, 85.67it/s, S=0.2496, loss=-0.2207]
Epoch 85/150 [train]:  69%|██████▉   | 18/26 [00:00<00:00, 85.67it/s, S=0.2471, loss=-0.2156]
Epoch 85/150 [train]:  69%|██████▉   | 18/26 [00:00<00:00, 85.67it/s, S=0.2482, loss=-0.2174]
Epoch 85/150 [train]:  69%|██████▉   | 18/26 [00:00<00:00, 85.67it/s, S=0.2521, loss=-0.2207]
Epoch 85/150 [train]:  69%|██████▉   | 18/26 [00:00<00:00, 85.67it/s, S=0.2469, loss=-0.2170]
Epoch 85/150 [train]:  69%|██████▉   | 18/26 [00:00<00:00, 85.67it/s, S=0.2509, loss=-0.2189]
Epoch 85/150 [train]:  69%|██████▉   | 18/26 [00:00<00:00, 85.67it/s, S=0.2531, loss=-0.2217]
Epoch 85/150 [train]:  69%|██████▉   | 18/26 [00:00<00:00, 85.67it/s, S=0.2460, loss=-0.2137]
                                                                                             
Epoch  85/150  train loss=-0.2159  val loss=-0.2253  S[mean]=0.2713  ζ=0.4400  mean_plane_ζ=0.2898  reg=0.0460  λscale=1.00  lr=4.58e-04

Epoch 86/150 [train]:   0%|          | 0/26 [00:00<?, ?it/s]
Epoch 86/150 [train]:   0%|          | 0/26 [00:00<?, ?it/s, S=0.2524, loss=-0.2205]
Epoch 86/150 [train]:   0%|          | 0/26 [00:00<?, ?it/s, S=0.2505, loss=-0.2181]
Epoch 86/150 [train]:   0%|          | 0/26 [00:00<?, ?it/s, S=0.2498, loss=-0.2151]
Epoch 86/150 [train]:   0%|          | 0/26 [00:00<?, ?it/s, S=0.2493, loss=-0.2180]
Epoch 86/150 [train]:   0%|          | 0/26 [00:00<?, ?it/s, S=0.2497, loss=-0.2185]
Epoch 86/150 [train]:   0%|          | 0/26 [00:00<?, ?it/s, S=0.2478, loss=-0.2182]
Epoch 86/150 [train]:   0%|          | 0/26 [00:00<?, ?it/s, S=0.2455, loss=-0.2097]
Epoch 86/150 [train]:   0%|          | 0/26 [00:00<?, ?it/s, S=0.2508, loss=-0.2195]
Epoch 86/150 [train]:   0%|          | 0/26 [00:00<?, ?it/s, S=0.2506, loss=-0.2189]
Epoch 86/150 [train]:  35%|███▍      | 9/26 [00:00<00:00, 85.72it/s, S=0.2506, loss=-0.2189]
Epoch 86/150 [train]:  35%|███▍      | 9/26 [00:00<00:00, 85.72it/s, S=0.2512, loss=-0.2157]
Epoch 86/150 [train]:  35%|███▍      | 9/26 [00:00<00:00, 85.72it/s, S=0.2532, loss=-0.2205]
Epoch 86/150 [train]:  35%|███▍      | 9/26 [00:00<00:00, 85.72it/s, S=0.2441, loss=-0.2117]
Epoch 86/150 [train]:  35%|███▍      | 9/26 [00:00<00:00, 85.72it/s, S=0.2493, loss=-0.2194]
Epoch 86/150 [train]:  35%|███▍      | 9/26 [00:00<00:00, 85.72it/s, S=0.2507, loss=-0.2172]
Epoch 86/150 [train]:  35%|███▍      | 9/26 [00:00<00:00, 85.72it/s, S=0.2506, loss=-0.2140]
Epoch 86/150 [train]:  35%|███▍      | 9/26 [00:00<00:00, 85.72it/s, S=0.2561, loss=-0.2241]
Epoch 86/150 [train]:  35%|███▍      | 9/26 [00:00<00:00, 85.72it/s, S=0.2477, loss=-0.2192]
Epoch 86/150 [train]:  35%|███▍      | 9/26 [00:00<00:00, 85.72it/s, S=0.2517, loss=-0.2179]
Epoch 86/150 [train]:  69%|██████▉   | 18/26 [00:00<00:00, 85.86it/s, S=0.2517, loss=-0.2179]
Epoch 86/150 [train]:  69%|██████▉   | 18/26 [00:00<00:00, 85.86it/s, S=0.2483, loss=-0.2148]
Epoch 86/150 [train]:  69%|██████▉   | 18/26 [00:00<00:00, 85.86it/s, S=0.2473, loss=-0.2129]
Epoch 86/150 [train]:  69%|██████▉   | 18/26 [00:00<00:00, 85.86it/s, S=0.2522, loss=-0.2203]
Epoch 86/150 [train]:  69%|██████▉   | 18/26 [00:00<00:00, 85.86it/s, S=0.2526, loss=-0.2208]
Epoch 86/150 [train]:  69%|██████▉   | 18/26 [00:00<00:00, 85.86it/s, S=0.2499, loss=-0.2141]
Epoch 86/150 [train]:  69%|██████▉   | 18/26 [00:00<00:00, 85.86it/s, S=0.2546, loss=-0.2255]
Epoch 86/150 [train]:  69%|██████▉   | 18/26 [00:00<00:00, 85.86it/s, S=0.2550, loss=-0.2220]
Epoch 86/150 [train]:  69%|██████▉   | 18/26 [00:00<00:00, 85.86it/s, S=0.2530, loss=-0.2233]
                                                                                             
Epoch  86/150  train loss=-0.2181  val loss=-0.2295  S[mean]=0.2750  ζ=0.4431  mean_plane_ζ=0.2924  reg=0.0456  λscale=1.00  lr=4.52e-04

Epoch 87/150 [train]:   0%|          | 0/26 [00:00<?, ?it/s]
Epoch 87/150 [train]:   0%|          | 0/26 [00:00<?, ?it/s, S=0.2534, loss=-0.2229]
Epoch 87/150 [train]:   0%|          | 0/26 [00:00<?, ?it/s, S=0.2571, loss=-0.2279]
Epoch 87/150 [train]:   0%|          | 0/26 [00:00<?, ?it/s, S=0.2539, loss=-0.2234]
Epoch 87/150 [train]:   0%|          | 0/26 [00:00<?, ?it/s, S=0.2523, loss=-0.2220]
Epoch 87/150 [train]:   0%|          | 0/26 [00:00<?, ?it/s, S=0.2565, loss=-0.2237]
Epoch 87/150 [train]:   0%|          | 0/26 [00:00<?, ?it/s, S=0.2570, loss=-0.2269]
Epoch 87/150 [train]:   0%|          | 0/26 [00:00<?, ?it/s, S=0.2581, loss=-0.2293]
Epoch 87/150 [train]:   0%|          | 0/26 [00:00<?, ?it/s, S=0.2500, loss=-0.2160]
Epoch 87/150 [train]:   0%|          | 0/26 [00:00<?, ?it/s, S=0.2528, loss=-0.2213]
Epoch 87/150 [train]:  35%|███▍      | 9/26 [00:00<00:00, 85.90it/s, S=0.2528, loss=-0.2213]
Epoch 87/150 [train]:  35%|███▍      | 9/26 [00:00<00:00, 85.90it/s, S=0.2567, loss=-0.2263]
Epoch 87/150 [train]:  35%|███▍      | 9/26 [00:00<00:00, 85.90it/s, S=0.2551, loss=-0.2216]
Epoch 87/150 [train]:  35%|███▍      | 9/26 [00:00<00:00, 85.90it/s, S=0.2501, loss=-0.2173]
Epoch 87/150 [train]:  35%|███▍      | 9/26 [00:00<00:00, 85.90it/s, S=0.2565, loss=-0.2232]
Epoch 87/150 [train]:  35%|███▍      | 9/26 [00:00<00:00, 85.90it/s, S=0.2454, loss=-0.2047]
Epoch 87/150 [train]:  35%|███▍      | 9/26 [00:00<00:00, 85.90it/s, S=0.2554, loss=-0.2273]
Epoch 87/150 [train]:  35%|███▍      | 9/26 [00:00<00:00, 85.90it/s, S=0.2526, loss=-0.2200]
Epoch 87/150 [train]:  35%|███▍      | 9/26 [00:00<00:00, 85.90it/s, S=0.2546, loss=-0.2231]
Epoch 87/150 [train]:  35%|███▍      | 9/26 [00:00<00:00, 85.90it/s, S=0.2522, loss=-0.2218]
Epoch 87/150 [train]:  69%|██████▉   | 18/26 [00:00<00:00, 85.87it/s, S=0.2522, loss=-0.2218]
Epoch 87/150 [train]:  69%|██████▉   | 18/26 [00:00<00:00, 85.87it/s, S=0.2524, loss=-0.2176]
Epoch 87/150 [train]:  69%|██████▉   | 18/26 [00:00<00:00, 85.87it/s, S=0.2542, loss=-0.2164]
Epoch 87/150 [train]:  69%|██████▉   | 18/26 [00:00<00:00, 85.87it/s, S=0.2592, loss=-0.2255]
Epoch 87/150 [train]:  69%|██████▉   | 18/26 [00:00<00:00, 85.87it/s, S=0.2557, loss=-0.2266]
Epoch 87/150 [train]:  69%|██████▉   | 18/26 [00:00<00:00, 85.87it/s, S=0.2565, loss=-0.2200]
Epoch 87/150 [train]:  69%|██████▉   | 18/26 [00:00<00:00, 85.87it/s, S=0.2559, loss=-0.2254]
Epoch 87/150 [train]:  69%|██████▉   | 18/26 [00:00<00:00, 85.87it/s, S=0.2589, loss=-0.2275]
Epoch 87/150 [train]:  69%|██████▉   | 18/26 [00:00<00:00, 85.87it/s, S=0.2523, loss=-0.2207]
                                                                                             
Epoch  87/150  train loss=-0.2223  val loss=-0.2329  S[mean]=0.2789  ζ=0.4462  mean_plane_ζ=0.2952  reg=0.0460  λscale=1.00  lr=4.46e-04

Epoch 88/150 [train]:   0%|          | 0/26 [00:00<?, ?it/s]
Epoch 88/150 [train]:   0%|          | 0/26 [00:00<?, ?it/s, S=0.2555, loss=-0.2216]
Epoch 88/150 [train]:   0%|          | 0/26 [00:00<?, ?it/s, S=0.2600, loss=-0.2252]
Epoch 88/150 [train]:   0%|          | 0/26 [00:00<?, ?it/s, S=0.2586, loss=-0.2260]
Epoch 88/150 [train]:   0%|          | 0/26 [00:00<?, ?it/s, S=0.2589, loss=-0.2289]
Epoch 88/150 [train]:   0%|          | 0/26 [00:00<?, ?it/s, S=0.2549, loss=-0.2155]
Epoch 88/150 [train]:   0%|          | 0/26 [00:00<?, ?it/s, S=0.2571, loss=-0.2253]
Epoch 88/150 [train]:   0%|          | 0/26 [00:00<?, ?it/s, S=0.2583, loss=-0.2239]
Epoch 88/150 [train]:   0%|          | 0/26 [00:00<?, ?it/s, S=0.2541, loss=-0.2221]
Epoch 88/150 [train]:   0%|          | 0/26 [00:00<?, ?it/s, S=0.2573, loss=-0.2247]
Epoch 88/150 [train]:  35%|███▍      | 9/26 [00:00<00:00, 86.13it/s, S=0.2573, loss=-0.2247]
Epoch 88/150 [train]:  35%|███▍      | 9/26 [00:00<00:00, 86.13it/s, S=0.2590, loss=-0.2227]
Epoch 88/150 [train]:  35%|███▍      | 9/26 [00:00<00:00, 86.13it/s, S=0.2588, loss=-0.2267]
Epoch 88/150 [train]:  35%|███▍      | 9/26 [00:00<00:00, 86.13it/s, S=0.2551, loss=-0.2171]
Epoch 88/150 [train]:  35%|███▍      | 9/26 [00:00<00:00, 86.13it/s, S=0.2546, loss=-0.2220]
Epoch 88/150 [train]:  35%|███▍      | 9/26 [00:00<00:00, 86.13it/s, S=0.2587, loss=-0.2249]
Epoch 88/150 [train]:  35%|███▍      | 9/26 [00:00<00:00, 86.13it/s, S=0.2629, loss=-0.2299]
Epoch 88/150 [train]:  35%|███▍      | 9/26 [00:00<00:00, 86.13it/s, S=0.2604, loss=-0.2296]
Epoch 88/150 [train]:  35%|███▍      | 9/26 [00:00<00:00, 86.13it/s, S=0.2594, loss=-0.2258]
Epoch 88/150 [train]:  35%|███▍      | 9/26 [00:00<00:00, 86.13it/s, S=0.2574, loss=-0.2245]
Epoch 88/150 [train]:  69%|██████▉   | 18/26 [00:00<00:00, 86.30it/s, S=0.2574, loss=-0.2245]
Epoch 88/150 [train]:  69%|██████▉   | 18/26 [00:00<00:00, 86.30it/s, S=0.2584, loss=-0.2257]
Epoch 88/150 [train]:  69%|██████▉   | 18/26 [00:00<00:00, 86.30it/s, S=0.2568, loss=-0.2238]
Epoch 88/150 [train]:  69%|██████▉   | 18/26 [00:00<00:00, 86.30it/s, S=0.2579, loss=-0.2233]
Epoch 88/150 [train]:  69%|██████▉   | 18/26 [00:00<00:00, 86.30it/s, S=0.2593, loss=-0.2239]
Epoch 88/150 [train]:  69%|██████▉   | 18/26 [00:00<00:00, 86.30it/s, S=0.2538, loss=-0.2112]
Epoch 88/150 [train]:  69%|██████▉   | 18/26 [00:00<00:00, 86.30it/s, S=0.2608, loss=-0.2295]
Epoch 88/150 [train]:  69%|██████▉   | 18/26 [00:00<00:00, 86.30it/s, S=0.2578, loss=-0.2243]
Epoch 88/150 [train]:  69%|██████▉   | 18/26 [00:00<00:00, 86.30it/s, S=0.2636, loss=-0.2339]
                                                                                             
Epoch  88/150  train loss=-0.2243  val loss=-0.2375  S[mean]=0.2832  ζ=0.4490  mean_plane_ζ=0.2976  reg=0.0457  λscale=1.00  lr=4.40e-04

Epoch 89/150 [train]:   0%|          | 0/26 [00:00<?, ?it/s]
Epoch 89/150 [train]:   0%|          | 0/26 [00:00<?, ?it/s, S=0.2606, loss=-0.2247]
Epoch 89/150 [train]:   0%|          | 0/26 [00:00<?, ?it/s, S=0.2642, loss=-0.2283]
Epoch 89/150 [train]:   0%|          | 0/26 [00:00<?, ?it/s, S=0.2560, loss=-0.2158]
Epoch 89/150 [train]:   0%|          | 0/26 [00:00<?, ?it/s, S=0.2642, loss=-0.2308]
Epoch 89/150 [train]:   0%|          | 0/26 [00:00<?, ?it/s, S=0.2586, loss=-0.2257]
Epoch 89/150 [train]:   0%|          | 0/26 [00:00<?, ?it/s, S=0.2612, loss=-0.2292]
Epoch 89/150 [train]:   0%|          | 0/26 [00:00<?, ?it/s, S=0.2660, loss=-0.2345]
Epoch 89/150 [train]:   0%|          | 0/26 [00:00<?, ?it/s, S=0.2659, loss=-0.2342]
Epoch 89/150 [train]:   0%|          | 0/26 [00:00<?, ?it/s, S=0.2628, loss=-0.2266]
Epoch 89/150 [train]:  35%|███▍      | 9/26 [00:00<00:00, 86.22it/s, S=0.2628, loss=-0.2266]
Epoch 89/150 [train]:  35%|███▍      | 9/26 [00:00<00:00, 86.22it/s, S=0.2626, loss=-0.2312]
Epoch 89/150 [train]:  35%|███▍      | 9/26 [00:00<00:00, 86.22it/s, S=0.2624, loss=-0.2284]
Epoch 89/150 [train]:  35%|███▍      | 9/26 [00:00<00:00, 86.22it/s, S=0.2661, loss=-0.2330]
Epoch 89/150 [train]:  35%|███▍      | 9/26 [00:00<00:00, 86.22it/s, S=0.2671, loss=-0.2344]
Epoch 89/150 [train]:  35%|███▍      | 9/26 [00:00<00:00, 86.22it/s, S=0.2628, loss=-0.2286]
Epoch 89/150 [train]:  35%|███▍      | 9/26 [00:00<00:00, 86.22it/s, S=0.2616, loss=-0.2254]
Epoch 89/150 [train]:  35%|███▍      | 9/26 [00:00<00:00, 86.22it/s, S=0.2607, loss=-0.2288]
Epoch 89/150 [train]:  35%|███▍      | 9/26 [00:00<00:00, 86.22it/s, S=0.2509, loss=-0.2081]
Epoch 89/150 [train]:  35%|███▍      | 9/26 [00:00<00:00, 86.22it/s, S=0.2612, loss=-0.2287]
Epoch 89/150 [train]:  69%|██████▉   | 18/26 [00:00<00:00, 86.29it/s, S=0.2612, loss=-0.2287]
Epoch 89/150 [train]:  69%|██████▉   | 18/26 [00:00<00:00, 86.29it/s, S=0.2623, loss=-0.2249]
Epoch 89/150 [train]:  69%|██████▉   | 18/26 [00:00<00:00, 86.29it/s, S=0.2611, loss=-0.2231]
Epoch 89/150 [train]:  69%|██████▉   | 18/26 [00:00<00:00, 86.29it/s, S=0.2633, loss=-0.2281]
Epoch 89/150 [train]:  69%|██████▉   | 18/26 [00:00<00:00, 86.29it/s, S=0.2660, loss=-0.2355]
Epoch 89/150 [train]:  69%|██████▉   | 18/26 [00:00<00:00, 86.29it/s, S=0.2638, loss=-0.2276]
Epoch 89/150 [train]:  69%|██████▉   | 18/26 [00:00<00:00, 86.29it/s, S=0.2588, loss=-0.2251]
Epoch 89/150 [train]:  69%|██████▉   | 18/26 [00:00<00:00, 86.29it/s, S=0.2596, loss=-0.2258]
Epoch 89/150 [train]:  69%|██████▉   | 18/26 [00:00<00:00, 86.29it/s, S=0.2648, loss=-0.2298]
                                                                                             
Epoch  89/150  train loss=-0.2275  val loss=-0.2390  S[mean]=0.2862  ζ=0.4497  mean_plane_ζ=0.2984  reg=0.0472  λscale=1.00  lr=4.34e-04

Epoch 90/150 [train]:   0%|          | 0/26 [00:00<?, ?it/s]
Epoch 90/150 [train]:   0%|          | 0/26 [00:00<?, ?it/s, S=0.2660, loss=-0.2337]
Epoch 90/150 [train]:   0%|          | 0/26 [00:00<?, ?it/s, S=0.2675, loss=-0.2336]
Epoch 90/150 [train]:   0%|          | 0/26 [00:00<?, ?it/s, S=0.2662, loss=-0.2337]
Epoch 90/150 [train]:   0%|          | 0/26 [00:00<?, ?it/s, S=0.2636, loss=-0.2259]
Epoch 90/150 [train]:   0%|          | 0/26 [00:00<?, ?it/s, S=0.2616, loss=-0.2265]
Epoch 90/150 [train]:   0%|          | 0/26 [00:00<?, ?it/s, S=0.2678, loss=-0.2351]
Epoch 90/150 [train]:   0%|          | 0/26 [00:00<?, ?it/s, S=0.2652, loss=-0.2317]
Epoch 90/150 [train]:   0%|          | 0/26 [00:00<?, ?it/s, S=0.2670, loss=-0.2334]
Epoch 90/150 [train]:   0%|          | 0/26 [00:00<?, ?it/s, S=0.2642, loss=-0.2324]
Epoch 90/150 [train]:  35%|███▍      | 9/26 [00:00<00:00, 85.82it/s, S=0.2642, loss=-0.2324]
Epoch 90/150 [train]:  35%|███▍      | 9/26 [00:00<00:00, 85.82it/s, S=0.2660, loss=-0.2300]
Epoch 90/150 [train]:  35%|███▍      | 9/26 [00:00<00:00, 85.82it/s, S=0.2700, loss=-0.2355]
Epoch 90/150 [train]:  35%|███▍      | 9/26 [00:00<00:00, 85.82it/s, S=0.2661, loss=-0.2319]
Epoch 90/150 [train]:  35%|███▍      | 9/26 [00:00<00:00, 85.82it/s, S=0.2676, loss=-0.2300]
Epoch 90/150 [train]:  35%|███▍      | 9/26 [00:00<00:00, 85.82it/s, S=0.2656, loss=-0.2328]
Epoch 90/150 [train]:  35%|███▍      | 9/26 [00:00<00:00, 85.82it/s, S=0.2688, loss=-0.2323]
Epoch 90/150 [train]:  35%|███▍      | 9/26 [00:00<00:00, 85.82it/s, S=0.2645, loss=-0.2329]
Epoch 90/150 [train]:  35%|███▍      | 9/26 [00:00<00:00, 85.82it/s, S=0.2680, loss=-0.2320]
Epoch 90/150 [train]:  35%|███▍      | 9/26 [00:00<00:00, 85.82it/s, S=0.2666, loss=-0.2289]
Epoch 90/150 [train]:  69%|██████▉   | 18/26 [00:00<00:00, 86.08it/s, S=0.2666, loss=-0.2289]
Epoch 90/150 [train]:  69%|██████▉   | 18/26 [00:00<00:00, 86.08it/s, S=0.2648, loss=-0.2311]
Epoch 90/150 [train]:  69%|██████▉   | 18/26 [00:00<00:00, 86.08it/s, S=0.2645, loss=-0.2290]
Epoch 90/150 [train]:  69%|██████▉   | 18/26 [00:00<00:00, 86.08it/s, S=0.2647, loss=-0.2292]
Epoch 90/150 [train]:  69%|██████▉   | 18/26 [00:00<00:00, 86.08it/s, S=0.2665, loss=-0.2331]
Epoch 90/150 [train]:  69%|██████▉   | 18/26 [00:00<00:00, 86.08it/s, S=0.2662, loss=-0.2294]
Epoch 90/150 [train]:  69%|██████▉   | 18/26 [00:00<00:00, 86.08it/s, S=0.2725, loss=-0.2402]
Epoch 90/150 [train]:  69%|██████▉   | 18/26 [00:00<00:00, 86.08it/s, S=0.2718, loss=-0.2385]
Epoch 90/150 [train]:  69%|██████▉   | 18/26 [00:00<00:00, 86.08it/s, S=0.2688, loss=-0.2365]
                                                                                             
Epoch  90/150  train loss=-0.2323  val loss=-0.2432  S[mean]=0.2901  ζ=0.4515  mean_plane_ζ=0.2993  reg=0.0469  λscale=1.00  lr=4.27e-04

Epoch 91/150 [train]:   0%|          | 0/26 [00:00<?, ?it/s]
Epoch 91/150 [train]:   0%|          | 0/26 [00:00<?, ?it/s, S=0.2687, loss=-0.2344]
Epoch 91/150 [train]:   0%|          | 0/26 [00:00<?, ?it/s, S=0.2689, loss=-0.2362]
Epoch 91/150 [train]:   0%|          | 0/26 [00:00<?, ?it/s, S=0.2684, loss=-0.2320]
Epoch 91/150 [train]:   0%|          | 0/26 [00:00<?, ?it/s, S=0.2738, loss=-0.2411]
Epoch 91/150 [train]:   0%|          | 0/26 [00:00<?, ?it/s, S=0.2669, loss=-0.2351]
Epoch 91/150 [train]:   0%|          | 0/26 [00:00<?, ?it/s, S=0.2699, loss=-0.2296]
Epoch 91/150 [train]:   0%|          | 0/26 [00:00<?, ?it/s, S=0.2748, loss=-0.2415]
Epoch 91/150 [train]:   0%|          | 0/26 [00:00<?, ?it/s, S=0.2720, loss=-0.2411]
Epoch 91/150 [train]:   0%|          | 0/26 [00:00<?, ?it/s, S=0.2711, loss=-0.2342]
Epoch 91/150 [train]:  35%|███▍      | 9/26 [00:00<00:00, 86.32it/s, S=0.2711, loss=-0.2342]
Epoch 91/150 [train]:  35%|███▍      | 9/26 [00:00<00:00, 86.32it/s, S=0.2690, loss=-0.2355]
Epoch 91/150 [train]:  35%|███▍      | 9/26 [00:00<00:00, 86.32it/s, S=0.2747, loss=-0.2405]
Epoch 91/150 [train]:  35%|███▍      | 9/26 [00:00<00:00, 86.32it/s, S=0.2652, loss=-0.2284]
Epoch 91/150 [train]:  35%|███▍      | 9/26 [00:00<00:00, 86.32it/s, S=0.2716, loss=-0.2396]
Epoch 91/150 [train]:  35%|███▍      | 9/26 [00:00<00:00, 86.32it/s, S=0.2694, loss=-0.2339]
Epoch 91/150 [train]:  35%|███▍      | 9/26 [00:00<00:00, 86.32it/s, S=0.2682, loss=-0.2342]
Epoch 91/150 [train]:  35%|███▍      | 9/26 [00:00<00:00, 86.32it/s, S=0.2721, loss=-0.2385]
Epoch 91/150 [train]:  35%|███▍      | 9/26 [00:00<00:00, 86.32it/s, S=0.2739, loss=-0.2388]
Epoch 91/150 [train]:  35%|███▍      | 9/26 [00:00<00:00, 86.32it/s, S=0.2694, loss=-0.2341]
Epoch 91/150 [train]:  69%|██████▉   | 18/26 [00:00<00:00, 85.96it/s, S=0.2694, loss=-0.2341]
Epoch 91/150 [train]:  69%|██████▉   | 18/26 [00:00<00:00, 85.96it/s, S=0.2724, loss=-0.2390]
Epoch 91/150 [train]:  69%|██████▉   | 18/26 [00:00<00:00, 85.96it/s, S=0.2722, loss=-0.2341]
Epoch 91/150 [train]:  69%|██████▉   | 18/26 [00:00<00:00, 85.96it/s, S=0.2686, loss=-0.2353]
Epoch 91/150 [train]:  69%|██████▉   | 18/26 [00:00<00:00, 85.96it/s, S=0.2685, loss=-0.2307]
Epoch 91/150 [train]:  69%|██████▉   | 18/26 [00:00<00:00, 85.96it/s, S=0.2707, loss=-0.2358]
Epoch 91/150 [train]:  69%|██████▉   | 18/26 [00:00<00:00, 85.96it/s, S=0.2730, loss=-0.2373]
Epoch 91/150 [train]:  69%|██████▉   | 18/26 [00:00<00:00, 85.96it/s, S=0.2680, loss=-0.2327]
Epoch 91/150 [train]:  69%|██████▉   | 18/26 [00:00<00:00, 85.96it/s, S=0.2714, loss=-0.2352]
                                                                                             
Epoch  91/150  train loss=-0.2357  val loss=-0.2465  S[mean]=0.2933  ζ=0.4528  mean_plane_ζ=0.3005  reg=0.0467  λscale=1.00  lr=4.20e-04
Saved val-mean plane ζ checkpoint val_mean_plane_zeta_0.3.pt: threshold=0.3 epoch=91 val_mean_plane_zeta=0.3005

Epoch 92/150 [train]:   0%|          | 0/26 [00:00<?, ?it/s]
Epoch 92/150 [train]:   0%|          | 0/26 [00:00<?, ?it/s, S=0.2740, loss=-0.2393]
Epoch 92/150 [train]:   0%|          | 0/26 [00:00<?, ?it/s, S=0.2692, loss=-0.2361]
Epoch 92/150 [train]:   0%|          | 0/26 [00:00<?, ?it/s, S=0.2682, loss=-0.2317]
Epoch 92/150 [train]:   0%|          | 0/26 [00:00<?, ?it/s, S=0.2712, loss=-0.2355]
Epoch 92/150 [train]:   0%|          | 0/26 [00:00<?, ?it/s, S=0.2700, loss=-0.2369]
Epoch 92/150 [train]:   0%|          | 0/26 [00:00<?, ?it/s, S=0.2718, loss=-0.2356]
Epoch 92/150 [train]:   0%|          | 0/26 [00:00<?, ?it/s, S=0.2713, loss=-0.2329]
Epoch 92/150 [train]:   0%|          | 0/26 [00:00<?, ?it/s, S=0.2732, loss=-0.2346]
Epoch 92/150 [train]:   0%|          | 0/26 [00:00<?, ?it/s, S=0.2752, loss=-0.2403]
Epoch 92/150 [train]:  35%|███▍      | 9/26 [00:00<00:00, 85.73it/s, S=0.2752, loss=-0.2403]
Epoch 92/150 [train]:  35%|███▍      | 9/26 [00:00<00:00, 85.73it/s, S=0.2746, loss=-0.2358]
Epoch 92/150 [train]:  35%|███▍      | 9/26 [00:00<00:00, 85.73it/s, S=0.2680, loss=-0.2283]
Epoch 92/150 [train]:  35%|███▍      | 9/26 [00:00<00:00, 85.73it/s, S=0.2730, loss=-0.2403]
Epoch 92/150 [train]:  35%|███▍      | 9/26 [00:00<00:00, 85.73it/s, S=0.2735, loss=-0.2369]
Epoch 92/150 [train]:  35%|███▍      | 9/26 [00:00<00:00, 85.73it/s, S=0.2748, loss=-0.2403]
Epoch 92/150 [train]:  35%|███▍      | 9/26 [00:00<00:00, 85.73it/s, S=0.2740, loss=-0.2360]
Epoch 92/150 [train]:  35%|███▍      | 9/26 [00:00<00:00, 85.73it/s, S=0.2707, loss=-0.2318]
Epoch 92/150 [train]:  35%|███▍      | 9/26 [00:00<00:00, 85.73it/s, S=0.2714, loss=-0.2316]
Epoch 92/150 [train]:  35%|███▍      | 9/26 [00:00<00:00, 85.73it/s, S=0.2750, loss=-0.2383]
Epoch 92/150 [train]:  69%|██████▉   | 18/26 [00:00<00:00, 86.01it/s, S=0.2750, loss=-0.2383]
Epoch 92/150 [train]:  69%|██████▉   | 18/26 [00:00<00:00, 86.01it/s, S=0.2758, loss=-0.2385]
Epoch 92/150 [train]:  69%|██████▉   | 18/26 [00:00<00:00, 86.01it/s, S=0.2717, loss=-0.2330]
Epoch 92/150 [train]:  69%|██████▉   | 18/26 [00:00<00:00, 86.01it/s, S=0.2781, loss=-0.2423]
Epoch 92/150 [train]:  69%|██████▉   | 18/26 [00:00<00:00, 86.01it/s, S=0.2673, loss=-0.2239]
Epoch 92/150 [train]:  69%|██████▉   | 18/26 [00:00<00:00, 86.01it/s, S=0.2725, loss=-0.2354]
Epoch 92/150 [train]:  69%|██████▉   | 18/26 [00:00<00:00, 86.01it/s, S=0.2788, loss=-0.2448]
Epoch 92/150 [train]:  69%|██████▉   | 18/26 [00:00<00:00, 86.01it/s, S=0.2743, loss=-0.2408]
Epoch 92/150 [train]:  69%|██████▉   | 18/26 [00:00<00:00, 86.01it/s, S=0.2748, loss=-0.2347]
                                                                                             
Epoch  92/150  train loss=-0.2360  val loss=-0.2492  S[mean]=0.2965  ζ=0.4526  mean_plane_ζ=0.3016  reg=0.0474  λscale=1.00  lr=4.12e-04

Epoch 93/150 [train]:   0%|          | 0/26 [00:00<?, ?it/s]
Epoch 93/150 [train]:   0%|          | 0/26 [00:00<?, ?it/s, S=0.2709, loss=-0.2349]
Epoch 93/150 [train]:   0%|          | 0/26 [00:00<?, ?it/s, S=0.2791, loss=-0.2446]
Epoch 93/150 [train]:   0%|          | 0/26 [00:00<?, ?it/s, S=0.2764, loss=-0.2384]
Epoch 93/150 [train]:   0%|          | 0/26 [00:00<?, ?it/s, S=0.2789, loss=-0.2456]
Epoch 93/150 [train]:   0%|          | 0/26 [00:00<?, ?it/s, S=0.2732, loss=-0.2363]
Epoch 93/150 [train]:   0%|          | 0/26 [00:00<?, ?it/s, S=0.2721, loss=-0.2304]
Epoch 93/150 [train]:   0%|          | 0/26 [00:00<?, ?it/s, S=0.2693, loss=-0.2151]
Epoch 93/150 [train]:   0%|          | 0/26 [00:00<?, ?it/s, S=0.2793, loss=-0.2429]
Epoch 93/150 [train]:   0%|          | 0/26 [00:00<?, ?it/s, S=0.2803, loss=-0.2440]
Epoch 93/150 [train]:  35%|███▍      | 9/26 [00:00<00:00, 85.87it/s, S=0.2803, loss=-0.2440]
Epoch 93/150 [train]:  35%|███▍      | 9/26 [00:00<00:00, 85.87it/s, S=0.2783, loss=-0.2378]
Epoch 93/150 [train]:  35%|███▍      | 9/26 [00:00<00:00, 85.87it/s, S=0.2726, loss=-0.2329]
Epoch 93/150 [train]:  35%|███▍      | 9/26 [00:00<00:00, 85.87it/s, S=0.2782, loss=-0.2434]
Epoch 93/150 [train]:  35%|███▍      | 9/26 [00:00<00:00, 85.87it/s, S=0.2778, loss=-0.2376]
Epoch 93/150 [train]:  35%|███▍      | 9/26 [00:00<00:00, 85.87it/s, S=0.2758, loss=-0.2335]
Epoch 93/150 [train]:  35%|███▍      | 9/26 [00:00<00:00, 85.87it/s, S=0.2729, loss=-0.2358]
Epoch 93/150 [train]:  35%|███▍      | 9/26 [00:00<00:00, 85.87it/s, S=0.2767, loss=-0.2328]
Epoch 93/150 [train]:  35%|███▍      | 9/26 [00:00<00:00, 85.87it/s, S=0.2718, loss=-0.2306]
Epoch 93/150 [train]:  35%|███▍      | 9/26 [00:00<00:00, 85.87it/s, S=0.2815, loss=-0.2461]
Epoch 93/150 [train]:  69%|██████▉   | 18/26 [00:00<00:00, 86.07it/s, S=0.2815, loss=-0.2461]
Epoch 93/150 [train]:  69%|██████▉   | 18/26 [00:00<00:00, 86.07it/s, S=0.2728, loss=-0.2360]
Epoch 93/150 [train]:  69%|██████▉   | 18/26 [00:00<00:00, 86.07it/s, S=0.2748, loss=-0.2388]
Epoch 93/150 [train]:  69%|██████▉   | 18/26 [00:00<00:00, 86.07it/s, S=0.2785, loss=-0.2369]
Epoch 93/150 [train]:  69%|██████▉   | 18/26 [00:00<00:00, 86.07it/s, S=0.2753, loss=-0.2421]
Epoch 93/150 [train]:  69%|██████▉   | 18/26 [00:00<00:00, 86.07it/s, S=0.2758, loss=-0.2424]
Epoch 93/150 [train]:  69%|██████▉   | 18/26 [00:00<00:00, 86.07it/s, S=0.2758, loss=-0.2402]
Epoch 93/150 [train]:  69%|██████▉   | 18/26 [00:00<00:00, 86.07it/s, S=0.2818, loss=-0.2447]
Epoch 93/150 [train]:  69%|██████▉   | 18/26 [00:00<00:00, 86.07it/s, S=0.2765, loss=-0.2348]
                                                                                             
Epoch  93/150  train loss=-0.2376  val loss=-0.2524  S[mean]=0.2997  ζ=0.4512  mean_plane_ζ=0.3013  reg=0.0473  λscale=1.00  lr=4.05e-04

Epoch 94/150 [train]:   0%|          | 0/26 [00:00<?, ?it/s]
Epoch 94/150 [train]:   0%|          | 0/26 [00:00<?, ?it/s, S=0.2830, loss=-0.2506]
Epoch 94/150 [train]:   0%|          | 0/26 [00:00<?, ?it/s, S=0.2770, loss=-0.2345]
Epoch 94/150 [train]:   0%|          | 0/26 [00:00<?, ?it/s, S=0.2790, loss=-0.2392]
Epoch 94/150 [train]:   0%|          | 0/26 [00:00<?, ?it/s, S=0.2834, loss=-0.2477]
Epoch 94/150 [train]:   0%|          | 0/26 [00:00<?, ?it/s, S=0.2800, loss=-0.2430]
Epoch 94/150 [train]:   0%|          | 0/26 [00:00<?, ?it/s, S=0.2781, loss=-0.2405]
Epoch 94/150 [train]:   0%|          | 0/26 [00:00<?, ?it/s, S=0.2804, loss=-0.2460]
Epoch 94/150 [train]:   0%|          | 0/26 [00:00<?, ?it/s, S=0.2725, loss=-0.2318]
Epoch 94/150 [train]:   0%|          | 0/26 [00:00<?, ?it/s, S=0.2805, loss=-0.2456]
Epoch 94/150 [train]:  35%|███▍      | 9/26 [00:00<00:00, 86.18it/s, S=0.2805, loss=-0.2456]
Epoch 94/150 [train]:  35%|███▍      | 9/26 [00:00<00:00, 86.18it/s, S=0.2821, loss=-0.2438]
Epoch 94/150 [train]:  35%|███▍      | 9/26 [00:00<00:00, 86.18it/s, S=0.2767, loss=-0.2426]
Epoch 94/150 [train]:  35%|███▍      | 9/26 [00:00<00:00, 86.18it/s, S=0.2778, loss=-0.2351]
Epoch 94/150 [train]:  35%|███▍      | 9/26 [00:00<00:00, 86.18it/s, S=0.2850, loss=-0.2472]
Epoch 94/150 [train]:  35%|███▍      | 9/26 [00:00<00:00, 86.18it/s, S=0.2790, loss=-0.2435]
Epoch 94/150 [train]:  35%|███▍      | 9/26 [00:00<00:00, 86.18it/s, S=0.2766, loss=-0.2398]
Epoch 94/150 [train]:  35%|███▍      | 9/26 [00:00<00:00, 86.18it/s, S=0.2828, loss=-0.2497]
Epoch 94/150 [train]:  35%|███▍      | 9/26 [00:00<00:00, 86.18it/s, S=0.2784, loss=-0.2373]
Epoch 94/150 [train]:  35%|███▍      | 9/26 [00:00<00:00, 86.18it/s, S=0.2812, loss=-0.2467]
Epoch 94/150 [train]:  69%|██████▉   | 18/26 [00:00<00:00, 85.94it/s, S=0.2812, loss=-0.2467]
Epoch 94/150 [train]:  69%|██████▉   | 18/26 [00:00<00:00, 85.94it/s, S=0.2759, loss=-0.2228]
Epoch 94/150 [train]:  69%|██████▉   | 18/26 [00:00<00:00, 85.94it/s, S=0.2814, loss=-0.2438]
Epoch 94/150 [train]:  69%|██████▉   | 18/26 [00:00<00:00, 85.94it/s, S=0.2824, loss=-0.2404]
Epoch 94/150 [train]:  69%|██████▉   | 18/26 [00:00<00:00, 85.94it/s, S=0.2794, loss=-0.2404]
Epoch 94/150 [train]:  69%|██████▉   | 18/26 [00:00<00:00, 85.94it/s, S=0.2820, loss=-0.2481]
Epoch 94/150 [train]:  69%|██████▉   | 18/26 [00:00<00:00, 85.94it/s, S=0.2784, loss=-0.2418]
Epoch 94/150 [train]:  69%|██████▉   | 18/26 [00:00<00:00, 85.94it/s, S=0.2810, loss=-0.2411]
Epoch 94/150 [train]:  69%|██████▉   | 18/26 [00:00<00:00, 85.94it/s, S=0.2789, loss=-0.2419]
                                                                                             
Epoch  94/150  train loss=-0.2417  val loss=-0.2556  S[mean]=0.3024  ζ=0.4528  mean_plane_ζ=0.3032  reg=0.0469  λscale=1.00  lr=3.97e-04

Epoch 95/150 [train]:   0%|          | 0/26 [00:00<?, ?it/s]
Epoch 95/150 [train]:   0%|          | 0/26 [00:00<?, ?it/s, S=0.2845, loss=-0.2493]
Epoch 95/150 [train]:   0%|          | 0/26 [00:00<?, ?it/s, S=0.2846, loss=-0.2510]
Epoch 95/150 [train]:   0%|          | 0/26 [00:00<?, ?it/s, S=0.2811, loss=-0.2433]
Epoch 95/150 [train]:   0%|          | 0/26 [00:00<?, ?it/s, S=0.2808, loss=-0.2421]
Epoch 95/150 [train]:   0%|          | 0/26 [00:00<?, ?it/s, S=0.2819, loss=-0.2447]
Epoch 95/150 [train]:   0%|          | 0/26 [00:00<?, ?it/s, S=0.2859, loss=-0.2494]
Epoch 95/150 [train]:   0%|          | 0/26 [00:00<?, ?it/s, S=0.2807, loss=-0.2400]
Epoch 95/150 [train]:   0%|          | 0/26 [00:00<?, ?it/s, S=0.2825, loss=-0.2451]
Epoch 95/150 [train]:   0%|          | 0/26 [00:00<?, ?it/s, S=0.2831, loss=-0.2478]
Epoch 95/150 [train]:  35%|███▍      | 9/26 [00:00<00:00, 85.83it/s, S=0.2831, loss=-0.2478]
Epoch 95/150 [train]:  35%|███▍      | 9/26 [00:00<00:00, 85.83it/s, S=0.2816, loss=-0.2423]
Epoch 95/150 [train]:  35%|███▍      | 9/26 [00:00<00:00, 85.83it/s, S=0.2789, loss=-0.2405]
Epoch 95/150 [train]:  35%|███▍      | 9/26 [00:00<00:00, 85.83it/s, S=0.2821, loss=-0.2475]
Epoch 95/150 [train]:  35%|███▍      | 9/26 [00:00<00:00, 85.83it/s, S=0.2791, loss=-0.2388]
Epoch 95/150 [train]:  35%|███▍      | 9/26 [00:00<00:00, 85.83it/s, S=0.2822, loss=-0.2461]
Epoch 95/150 [train]:  35%|███▍      | 9/26 [00:00<00:00, 85.83it/s, S=0.2805, loss=-0.2441]
Epoch 95/150 [train]:  35%|███▍      | 9/26 [00:00<00:00, 85.83it/s, S=0.2831, loss=-0.2473]
Epoch 95/150 [train]:  35%|███▍      | 9/26 [00:00<00:00, 85.83it/s, S=0.2808, loss=-0.2445]
Epoch 95/150 [train]:  35%|███▍      | 9/26 [00:00<00:00, 85.83it/s, S=0.2819, loss=-0.2449]
Epoch 95/150 [train]:  69%|██████▉   | 18/26 [00:00<00:00, 85.97it/s, S=0.2819, loss=-0.2449]
Epoch 95/150 [train]:  69%|██████▉   | 18/26 [00:00<00:00, 85.97it/s, S=0.2866, loss=-0.2514]
Epoch 95/150 [train]:  69%|██████▉   | 18/26 [00:00<00:00, 85.97it/s, S=0.2881, loss=-0.2501]
Epoch 95/150 [train]:  69%|██████▉   | 18/26 [00:00<00:00, 85.97it/s, S=0.2820, loss=-0.2478]
Epoch 95/150 [train]:  69%|██████▉   | 18/26 [00:00<00:00, 85.97it/s, S=0.2815, loss=-0.2402]
Epoch 95/150 [train]:  69%|██████▉   | 18/26 [00:00<00:00, 85.97it/s, S=0.2804, loss=-0.2404]
Epoch 95/150 [train]:  69%|██████▉   | 18/26 [00:00<00:00, 85.97it/s, S=0.2814, loss=-0.2400]
Epoch 95/150 [train]:  69%|██████▉   | 18/26 [00:00<00:00, 85.97it/s, S=0.2791, loss=-0.2392]
Epoch 95/150 [train]:  69%|██████▉   | 18/26 [00:00<00:00, 85.97it/s, S=0.2803, loss=-0.2429]
                                                                                             
Epoch  95/150  train loss=-0.2446  val loss=-0.2571  S[mean]=0.3044  ζ=0.4513  mean_plane_ζ=0.3027  reg=0.0473  λscale=1.00  lr=3.89e-04

Epoch 96/150 [train]:   0%|          | 0/26 [00:00<?, ?it/s]
Epoch 96/150 [train]:   0%|          | 0/26 [00:00<?, ?it/s, S=0.2848, loss=-0.2476]
Epoch 96/150 [train]:   0%|          | 0/26 [00:00<?, ?it/s, S=0.2839, loss=-0.2500]
Epoch 96/150 [train]:   0%|          | 0/26 [00:00<?, ?it/s, S=0.2839, loss=-0.2475]
Epoch 96/150 [train]:   0%|          | 0/26 [00:00<?, ?it/s, S=0.2871, loss=-0.2545]
Epoch 96/150 [train]:   0%|          | 0/26 [00:00<?, ?it/s, S=0.2860, loss=-0.2430]
Epoch 96/150 [train]:   0%|          | 0/26 [00:00<?, ?it/s, S=0.2848, loss=-0.2392]
Epoch 96/150 [train]:   0%|          | 0/26 [00:00<?, ?it/s, S=0.2911, loss=-0.2556]
Epoch 96/150 [train]:   0%|          | 0/26 [00:00<?, ?it/s, S=0.2832, loss=-0.2458]
Epoch 96/150 [train]:   0%|          | 0/26 [00:00<?, ?it/s, S=0.2826, loss=-0.2465]
Epoch 96/150 [train]:  35%|███▍      | 9/26 [00:00<00:00, 85.94it/s, S=0.2826, loss=-0.2465]
Epoch 96/150 [train]:  35%|███▍      | 9/26 [00:00<00:00, 85.94it/s, S=0.2857, loss=-0.2477]
Epoch 96/150 [train]:  35%|███▍      | 9/26 [00:00<00:00, 85.94it/s, S=0.2815, loss=-0.2462]
Epoch 96/150 [train]:  35%|███▍      | 9/26 [00:00<00:00, 85.94it/s, S=0.2822, loss=-0.2434]
Epoch 96/150 [train]:  35%|███▍      | 9/26 [00:00<00:00, 85.94it/s, S=0.2817, loss=-0.2448]
Epoch 96/150 [train]:  35%|███▍      | 9/26 [00:00<00:00, 85.94it/s, S=0.2850, loss=-0.2479]
Epoch 96/150 [train]:  35%|███▍      | 9/26 [00:00<00:00, 85.94it/s, S=0.2799, loss=-0.2403]
Epoch 96/150 [train]:  35%|███▍      | 9/26 [00:00<00:00, 85.94it/s, S=0.2848, loss=-0.2454]
Epoch 96/150 [train]:  35%|███▍      | 9/26 [00:00<00:00, 85.94it/s, S=0.2844, loss=-0.2469]
Epoch 96/150 [train]:  35%|███▍      | 9/26 [00:00<00:00, 85.94it/s, S=0.2853, loss=-0.2489]
Epoch 96/150 [train]:  69%|██████▉   | 18/26 [00:00<00:00, 85.99it/s, S=0.2853, loss=-0.2489]
Epoch 96/150 [train]:  69%|██████▉   | 18/26 [00:00<00:00, 85.99it/s, S=0.2841, loss=-0.2463]
Epoch 96/150 [train]:  69%|██████▉   | 18/26 [00:00<00:00, 85.99it/s, S=0.2869, loss=-0.2496]
Epoch 96/150 [train]:  69%|██████▉   | 18/26 [00:00<00:00, 85.99it/s, S=0.2874, loss=-0.2467]
Epoch 96/150 [train]:  69%|██████▉   | 18/26 [00:00<00:00, 85.99it/s, S=0.2845, loss=-0.2453]
Epoch 96/150 [train]:  69%|██████▉   | 18/26 [00:00<00:00, 85.99it/s, S=0.2864, loss=-0.2443]
Epoch 96/150 [train]:  69%|██████▉   | 18/26 [00:00<00:00, 85.99it/s, S=0.2831, loss=-0.2430]
Epoch 96/150 [train]:  69%|██████▉   | 18/26 [00:00<00:00, 85.99it/s, S=0.2801, loss=-0.2451]
Epoch 96/150 [train]:  69%|██████▉   | 18/26 [00:00<00:00, 85.99it/s, S=0.2855, loss=-0.2507]
                                                                                             
Epoch  96/150  train loss=-0.2466  val loss=-0.2605  S[mean]=0.3069  ζ=0.4519  mean_plane_ζ=0.3037  reg=0.0464  λscale=1.00  lr=3.81e-04

Epoch 97/150 [train]:   0%|          | 0/26 [00:00<?, ?it/s]
Epoch 97/150 [train]:   0%|          | 0/26 [00:00<?, ?it/s, S=0.2856, loss=-0.2511]
Epoch 97/150 [train]:   0%|          | 0/26 [00:00<?, ?it/s, S=0.2847, loss=-0.2476]
Epoch 97/150 [train]:   0%|          | 0/26 [00:00<?, ?it/s, S=0.2849, loss=-0.2498]
Epoch 97/150 [train]:   0%|          | 0/26 [00:00<?, ?it/s, S=0.2861, loss=-0.2462]
Epoch 97/150 [train]:   0%|          | 0/26 [00:00<?, ?it/s, S=0.2845, loss=-0.2416]
Epoch 97/150 [train]:   0%|          | 0/26 [00:00<?, ?it/s, S=0.2856, loss=-0.2443]
Epoch 97/150 [train]:   0%|          | 0/26 [00:00<?, ?it/s, S=0.2861, loss=-0.2473]
Epoch 97/150 [train]:   0%|          | 0/26 [00:00<?, ?it/s, S=0.2853, loss=-0.2464]
Epoch 97/150 [train]:   0%|          | 0/26 [00:00<?, ?it/s, S=0.2851, loss=-0.2501]
Epoch 97/150 [train]:  35%|███▍      | 9/26 [00:00<00:00, 85.68it/s, S=0.2851, loss=-0.2501]
Epoch 97/150 [train]:  35%|███▍      | 9/26 [00:00<00:00, 85.68it/s, S=0.2905, loss=-0.2502]
Epoch 97/150 [train]:  35%|███▍      | 9/26 [00:00<00:00, 85.68it/s, S=0.2837, loss=-0.2391]
Epoch 97/150 [train]:  35%|███▍      | 9/26 [00:00<00:00, 85.68it/s, S=0.2916, loss=-0.2544]
Epoch 97/150 [train]:  35%|███▍      | 9/26 [00:00<00:00, 85.68it/s, S=0.2885, loss=-0.2502]
Epoch 97/150 [train]:  35%|███▍      | 9/26 [00:00<00:00, 85.68it/s, S=0.2892, loss=-0.2499]
Epoch 97/150 [train]:  35%|███▍      | 9/26 [00:00<00:00, 85.68it/s, S=0.2847, loss=-0.2486]
Epoch 97/150 [train]:  35%|███▍      | 9/26 [00:00<00:00, 85.68it/s, S=0.2880, loss=-0.2471]
Epoch 97/150 [train]:  35%|███▍      | 9/26 [00:00<00:00, 85.68it/s, S=0.2862, loss=-0.2496]
Epoch 97/150 [train]:  35%|███▍      | 9/26 [00:00<00:00, 85.68it/s, S=0.2887, loss=-0.2526]
Epoch 97/150 [train]:  69%|██████▉   | 18/26 [00:00<00:00, 85.99it/s, S=0.2887, loss=-0.2526]
Epoch 97/150 [train]:  69%|██████▉   | 18/26 [00:00<00:00, 85.99it/s, S=0.2920, loss=-0.2544]
Epoch 97/150 [train]:  69%|██████▉   | 18/26 [00:00<00:00, 85.99it/s, S=0.2837, loss=-0.2470]
Epoch 97/150 [train]:  69%|██████▉   | 18/26 [00:00<00:00, 85.99it/s, S=0.2816, loss=-0.2363]
Epoch 97/150 [train]:  69%|██████▉   | 18/26 [00:00<00:00, 85.99it/s, S=0.2810, loss=-0.2447]
Epoch 97/150 [train]:  69%|██████▉   | 18/26 [00:00<00:00, 85.99it/s, S=0.2880, loss=-0.2503]
Epoch 97/150 [train]:  69%|██████▉   | 18/26 [00:00<00:00, 85.99it/s, S=0.2909, loss=-0.2521]
Epoch 97/150 [train]:  69%|██████▉   | 18/26 [00:00<00:00, 85.99it/s, S=0.2882, loss=-0.2514]
Epoch 97/150 [train]:  69%|██████▉   | 18/26 [00:00<00:00, 85.99it/s, S=0.2923, loss=-0.2584]
                                                                                             
Epoch  97/150  train loss=-0.2485  val loss=-0.2615  S[mean]=0.3081  ζ=0.4520  mean_plane_ζ=0.3044  reg=0.0466  λscale=1.00  lr=3.72e-04

Epoch 98/150 [train]:   0%|          | 0/26 [00:00<?, ?it/s]
Epoch 98/150 [train]:   0%|          | 0/26 [00:00<?, ?it/s, S=0.2905, loss=-0.2522]
Epoch 98/150 [train]:   0%|          | 0/26 [00:00<?, ?it/s, S=0.2895, loss=-0.2511]
Epoch 98/150 [train]:   0%|          | 0/26 [00:00<?, ?it/s, S=0.2875, loss=-0.2530]
Epoch 98/150 [train]:   0%|          | 0/26 [00:00<?, ?it/s, S=0.2885, loss=-0.2534]
Epoch 98/150 [train]:   0%|          | 0/26 [00:00<?, ?it/s, S=0.2803, loss=-0.2242]
Epoch 98/150 [train]:   0%|          | 0/26 [00:00<?, ?it/s, S=0.2923, loss=-0.2568]
Epoch 98/150 [train]:   0%|          | 0/26 [00:00<?, ?it/s, S=0.2853, loss=-0.2450]
Epoch 98/150 [train]:   0%|          | 0/26 [00:00<?, ?it/s, S=0.2871, loss=-0.2542]
Epoch 98/150 [train]:   0%|          | 0/26 [00:00<?, ?it/s, S=0.2897, loss=-0.2552]
Epoch 98/150 [train]:  35%|███▍      | 9/26 [00:00<00:00, 85.83it/s, S=0.2897, loss=-0.2552]
Epoch 98/150 [train]:  35%|███▍      | 9/26 [00:00<00:00, 85.83it/s, S=0.2830, loss=-0.2440]
Epoch 98/150 [train]:  35%|███▍      | 9/26 [00:00<00:00, 85.83it/s, S=0.2869, loss=-0.2524]
Epoch 98/150 [train]:  35%|███▍      | 9/26 [00:00<00:00, 85.83it/s, S=0.2844, loss=-0.2399]
Epoch 98/150 [train]:  35%|███▍      | 9/26 [00:00<00:00, 85.83it/s, S=0.2811, loss=-0.2395]
Epoch 98/150 [train]:  35%|███▍      | 9/26 [00:00<00:00, 85.83it/s, S=0.2914, loss=-0.2569]
Epoch 98/150 [train]:  35%|███▍      | 9/26 [00:00<00:00, 85.83it/s, S=0.2888, loss=-0.2401]
Epoch 98/150 [train]:  35%|███▍      | 9/26 [00:00<00:00, 85.83it/s, S=0.2897, loss=-0.2487]
Epoch 98/150 [train]:  35%|███▍      | 9/26 [00:00<00:00, 85.83it/s, S=0.2880, loss=-0.2499]
Epoch 98/150 [train]:  35%|███▍      | 9/26 [00:00<00:00, 85.83it/s, S=0.2842, loss=-0.2447]
Epoch 98/150 [train]:  69%|██████▉   | 18/26 [00:00<00:00, 86.07it/s, S=0.2842, loss=-0.2447]
Epoch 98/150 [train]:  69%|██████▉   | 18/26 [00:00<00:00, 86.07it/s, S=0.2926, loss=-0.2551]
Epoch 98/150 [train]:  69%|██████▉   | 18/26 [00:00<00:00, 86.07it/s, S=0.2913, loss=-0.2560]
Epoch 98/150 [train]:  69%|██████▉   | 18/26 [00:00<00:00, 86.07it/s, S=0.2946, loss=-0.2579]
Epoch 98/150 [train]:  69%|██████▉   | 18/26 [00:00<00:00, 86.07it/s, S=0.2828, loss=-0.2390]
Epoch 98/150 [train]:  69%|██████▉   | 18/26 [00:00<00:00, 86.07it/s, S=0.2918, loss=-0.2539]
Epoch 98/150 [train]:  69%|██████▉   | 18/26 [00:00<00:00, 86.07it/s, S=0.2891, loss=-0.2521]
Epoch 98/150 [train]:  69%|██████▉   | 18/26 [00:00<00:00, 86.07it/s, S=0.2917, loss=-0.2558]
Epoch 98/150 [train]:  69%|██████▉   | 18/26 [00:00<00:00, 86.07it/s, S=0.2892, loss=-0.2501]
                                                                                             
Epoch  98/150  train loss=-0.2493  val loss=-0.2627  S[mean]=0.3097  ζ=0.4511  mean_plane_ζ=0.3042  reg=0.0470  λscale=1.00  lr=3.63e-04

Epoch 99/150 [train]:   0%|          | 0/26 [00:00<?, ?it/s]
Epoch 99/150 [train]:   0%|          | 0/26 [00:00<?, ?it/s, S=0.2877, loss=-0.2495]
Epoch 99/150 [train]:   0%|          | 0/26 [00:00<?, ?it/s, S=0.2913, loss=-0.2564]
Epoch 99/150 [train]:   0%|          | 0/26 [00:00<?, ?it/s, S=0.2951, loss=-0.2615]
Epoch 99/150 [train]:   0%|          | 0/26 [00:00<?, ?it/s, S=0.2885, loss=-0.2511]
Epoch 99/150 [train]:   0%|          | 0/26 [00:00<?, ?it/s, S=0.2943, loss=-0.2578]
Epoch 99/150 [train]:   0%|          | 0/26 [00:00<?, ?it/s, S=0.2896, loss=-0.2498]
Epoch 99/150 [train]:   0%|          | 0/26 [00:00<?, ?it/s, S=0.2862, loss=-0.2474]
Epoch 99/150 [train]:   0%|          | 0/26 [00:00<?, ?it/s, S=0.2920, loss=-0.2546]
Epoch 99/150 [train]:   0%|          | 0/26 [00:00<?, ?it/s, S=0.2910, loss=-0.2526]
Epoch 99/150 [train]:  35%|███▍      | 9/26 [00:00<00:00, 86.09it/s, S=0.2910, loss=-0.2526]
Epoch 99/150 [train]:  35%|███▍      | 9/26 [00:00<00:00, 86.09it/s, S=0.2914, loss=-0.2500]
Epoch 99/150 [train]:  35%|███▍      | 9/26 [00:00<00:00, 86.09it/s, S=0.2883, loss=-0.2531]
Epoch 99/150 [train]:  35%|███▍      | 9/26 [00:00<00:00, 86.09it/s, S=0.2924, loss=-0.2568]
Epoch 99/150 [train]:  35%|███▍      | 9/26 [00:00<00:00, 86.09it/s, S=0.2925, loss=-0.2500]
Epoch 99/150 [train]:  35%|███▍      | 9/26 [00:00<00:00, 86.09it/s, S=0.2924, loss=-0.2542]
Epoch 99/150 [train]:  35%|███▍      | 9/26 [00:00<00:00, 86.09it/s, S=0.2937, loss=-0.2556]
Epoch 99/150 [train]:  35%|███▍      | 9/26 [00:00<00:00, 86.09it/s, S=0.2899, loss=-0.2490]
Epoch 99/150 [train]:  35%|███▍      | 9/26 [00:00<00:00, 86.09it/s, S=0.2931, loss=-0.2437]
Epoch 99/150 [train]:  35%|███▍      | 9/26 [00:00<00:00, 86.09it/s, S=0.2927, loss=-0.2540]
Epoch 99/150 [train]:  69%|██████▉   | 18/26 [00:00<00:00, 85.95it/s, S=0.2927, loss=-0.2540]
Epoch 99/150 [train]:  69%|██████▉   | 18/26 [00:00<00:00, 85.95it/s, S=0.2892, loss=-0.2529]
Epoch 99/150 [train]:  69%|██████▉   | 18/26 [00:00<00:00, 85.95it/s, S=0.2911, loss=-0.2555]
Epoch 99/150 [train]:  69%|██████▉   | 18/26 [00:00<00:00, 85.95it/s, S=0.2904, loss=-0.2487]
Epoch 99/150 [train]:  69%|██████▉   | 18/26 [00:00<00:00, 85.95it/s, S=0.2906, loss=-0.2494]
Epoch 99/150 [train]:  69%|██████▉   | 18/26 [00:00<00:00, 85.95it/s, S=0.2930, loss=-0.2573]
Epoch 99/150 [train]:  69%|██████▉   | 18/26 [00:00<00:00, 85.95it/s, S=0.2908, loss=-0.2526]
Epoch 99/150 [train]:  69%|██████▉   | 18/26 [00:00<00:00, 85.95it/s, S=0.2893, loss=-0.2500]
Epoch 99/150 [train]:  69%|██████▉   | 18/26 [00:00<00:00, 85.95it/s, S=0.2900, loss=-0.2538]
                                                                                             
Epoch  99/150  train loss=-0.2526  val loss=-0.2660  S[mean]=0.3128  ζ=0.4502  mean_plane_ζ=0.3036  reg=0.0468  λscale=1.00  lr=3.55e-04

Epoch 100/150 [train]:   0%|          | 0/26 [00:00<?, ?it/s]
Epoch 100/150 [train]:   0%|          | 0/26 [00:00<?, ?it/s, S=0.2914, loss=-0.2565]
Epoch 100/150 [train]:   0%|          | 0/26 [00:00<?, ?it/s, S=0.2867, loss=-0.2435]
Epoch 100/150 [train]:   0%|          | 0/26 [00:00<?, ?it/s, S=0.2958, loss=-0.2517]
Epoch 100/150 [train]:   0%|          | 0/26 [00:00<?, ?it/s, S=0.2858, loss=-0.2405]
Epoch 100/150 [train]:   0%|          | 0/26 [00:00<?, ?it/s, S=0.2914, loss=-0.2556]
Epoch 100/150 [train]:   0%|          | 0/26 [00:00<?, ?it/s, S=0.2933, loss=-0.2541]
Epoch 100/150 [train]:   0%|          | 0/26 [00:00<?, ?it/s, S=0.2965, loss=-0.2593]
Epoch 100/150 [train]:   0%|          | 0/26 [00:00<?, ?it/s, S=0.2953, loss=-0.2599]
Epoch 100/150 [train]:   0%|          | 0/26 [00:00<?, ?it/s, S=0.2935, loss=-0.2564]
Epoch 100/150 [train]:  35%|███▍      | 9/26 [00:00<00:00, 85.72it/s, S=0.2935, loss=-0.2564]
Epoch 100/150 [train]:  35%|███▍      | 9/26 [00:00<00:00, 85.72it/s, S=0.2896, loss=-0.2451]
Epoch 100/150 [train]:  35%|███▍      | 9/26 [00:00<00:00, 85.72it/s, S=0.2895, loss=-0.2532]
Epoch 100/150 [train]:  35%|███▍      | 9/26 [00:00<00:00, 85.72it/s, S=0.2912, loss=-0.2505]
Epoch 100/150 [train]:  35%|███▍      | 9/26 [00:00<00:00, 85.72it/s, S=0.2932, loss=-0.2578]
Epoch 100/150 [train]:  35%|███▍      | 9/26 [00:00<00:00, 85.72it/s, S=0.2924, loss=-0.2587]
Epoch 100/150 [train]:  35%|███▍      | 9/26 [00:00<00:00, 85.72it/s, S=0.2983, loss=-0.2592]
Epoch 100/150 [train]:  35%|███▍      | 9/26 [00:00<00:00, 85.72it/s, S=0.2972, loss=-0.2615]
Epoch 100/150 [train]:  35%|███▍      | 9/26 [00:00<00:00, 85.72it/s, S=0.2932, loss=-0.2564]
Epoch 100/150 [train]:  35%|███▍      | 9/26 [00:00<00:00, 85.72it/s, S=0.2947, loss=-0.2576]
Epoch 100/150 [train]:  69%|██████▉   | 18/26 [00:00<00:00, 86.03it/s, S=0.2947, loss=-0.2576]
Epoch 100/150 [train]:  69%|██████▉   | 18/26 [00:00<00:00, 86.03it/s, S=0.3007, loss=-0.2638]
Epoch 100/150 [train]:  69%|██████▉   | 18/26 [00:00<00:00, 86.03it/s, S=0.2930, loss=-0.2526]
Epoch 100/150 [train]:  69%|██████▉   | 18/26 [00:00<00:00, 86.03it/s, S=0.2930, loss=-0.2491]
Epoch 100/150 [train]:  69%|██████▉   | 18/26 [00:00<00:00, 86.03it/s, S=0.2937, loss=-0.2566]
Epoch 100/150 [train]:  69%|██████▉   | 18/26 [00:00<00:00, 86.03it/s, S=0.2939, loss=-0.2504]
Epoch 100/150 [train]:  69%|██████▉   | 18/26 [00:00<00:00, 86.03it/s, S=0.2946, loss=-0.2520]
Epoch 100/150 [train]:  69%|██████▉   | 18/26 [00:00<00:00, 86.03it/s, S=0.2946, loss=-0.2575]
Epoch 100/150 [train]:  69%|██████▉   | 18/26 [00:00<00:00, 86.03it/s, S=0.2971, loss=-0.2607]
                                                                                              
Epoch 100/150  train loss=-0.2546  val loss=-0.2680  S[mean]=0.3149  ζ=0.4483  mean_plane_ζ=0.3026  reg=0.0468  λscale=1.00  lr=3.46e-04

Epoch 101/150 [train]:   0%|          | 0/26 [00:00<?, ?it/s]
Epoch 101/150 [train]:   0%|          | 0/26 [00:00<?, ?it/s, S=0.2989, loss=-0.2639]
Epoch 101/150 [train]:   0%|          | 0/26 [00:00<?, ?it/s, S=0.2978, loss=-0.2640]
Epoch 101/150 [train]:   0%|          | 0/26 [00:00<?, ?it/s, S=0.2928, loss=-0.2507]
Epoch 101/150 [train]:   0%|          | 0/26 [00:00<?, ?it/s, S=0.2959, loss=-0.2560]
Epoch 101/150 [train]:   0%|          | 0/26 [00:00<?, ?it/s, S=0.2930, loss=-0.2515]
Epoch 101/150 [train]:   0%|          | 0/26 [00:00<?, ?it/s, S=0.2973, loss=-0.2627]
Epoch 101/150 [train]:   0%|          | 0/26 [00:00<?, ?it/s, S=0.3022, loss=-0.2646]
Epoch 101/150 [train]:   0%|          | 0/26 [00:00<?, ?it/s, S=0.2954, loss=-0.2560]
Epoch 101/150 [train]:   0%|          | 0/26 [00:00<?, ?it/s, S=0.2985, loss=-0.2605]
Epoch 101/150 [train]:  35%|███▍      | 9/26 [00:00<00:00, 85.83it/s, S=0.2985, loss=-0.2605]
Epoch 101/150 [train]:  35%|███▍      | 9/26 [00:00<00:00, 85.83it/s, S=0.2961, loss=-0.2593]
Epoch 101/150 [train]:  35%|███▍      | 9/26 [00:00<00:00, 85.83it/s, S=0.2956, loss=-0.2548]
Epoch 101/150 [train]:  35%|███▍      | 9/26 [00:00<00:00, 85.83it/s, S=0.3010, loss=-0.2610]
Epoch 101/150 [train]:  35%|███▍      | 9/26 [00:00<00:00, 85.83it/s, S=0.2949, loss=-0.2498]
Epoch 101/150 [train]:  35%|███▍      | 9/26 [00:00<00:00, 85.83it/s, S=0.2953, loss=-0.2556]
Epoch 101/150 [train]:  35%|███▍      | 9/26 [00:00<00:00, 85.83it/s, S=0.2980, loss=-0.2566]
Epoch 101/150 [train]:  35%|███▍      | 9/26 [00:00<00:00, 85.83it/s, S=0.2981, loss=-0.2619]
Epoch 101/150 [train]:  35%|███▍      | 9/26 [00:00<00:00, 85.83it/s, S=0.2978, loss=-0.2609]
Epoch 101/150 [train]:  35%|███▍      | 9/26 [00:00<00:00, 85.83it/s, S=0.2970, loss=-0.2494]
Epoch 101/150 [train]:  69%|██████▉   | 18/26 [00:00<00:00, 86.04it/s, S=0.2970, loss=-0.2494]
Epoch 101/150 [train]:  69%|██████▉   | 18/26 [00:00<00:00, 86.04it/s, S=0.2945, loss=-0.2582]
Epoch 101/150 [train]:  69%|██████▉   | 18/26 [00:00<00:00, 86.04it/s, S=0.2906, loss=-0.2550]
Epoch 101/150 [train]:  69%|██████▉   | 18/26 [00:00<00:00, 86.04it/s, S=0.2933, loss=-0.2539]
Epoch 101/150 [train]:  69%|██████▉   | 18/26 [00:00<00:00, 86.04it/s, S=0.2973, loss=-0.2600]
Epoch 101/150 [train]:  69%|██████▉   | 18/26 [00:00<00:00, 86.04it/s, S=0.2907, loss=-0.2519]
Epoch 101/150 [train]:  69%|██████▉   | 18/26 [00:00<00:00, 86.04it/s, S=0.2881, loss=-0.2507]
Epoch 101/150 [train]:  69%|██████▉   | 18/26 [00:00<00:00, 86.04it/s, S=0.2880, loss=-0.2487]
Epoch 101/150 [train]:  69%|██████▉   | 18/26 [00:00<00:00, 86.04it/s, S=0.3006, loss=-0.2655]
                                                                                              
Epoch 101/150  train loss=-0.2570  val loss=-0.2695  S[mean]=0.3163  ζ=0.4460  mean_plane_ζ=0.3025  reg=0.0468  λscale=1.00  lr=3.37e-04

Epoch 102/150 [train]:   0%|          | 0/26 [00:00<?, ?it/s]
Epoch 102/150 [train]:   0%|          | 0/26 [00:00<?, ?it/s, S=0.2992, loss=-0.2661]
Epoch 102/150 [train]:   0%|          | 0/26 [00:00<?, ?it/s, S=0.2944, loss=-0.2562]
Epoch 102/150 [train]:   0%|          | 0/26 [00:00<?, ?it/s, S=0.2985, loss=-0.2542]
Epoch 102/150 [train]:   0%|          | 0/26 [00:00<?, ?it/s, S=0.2947, loss=-0.2526]
Epoch 102/150 [train]:   0%|          | 0/26 [00:00<?, ?it/s, S=0.2994, loss=-0.2621]
Epoch 102/150 [train]:   0%|          | 0/26 [00:00<?, ?it/s, S=0.2992, loss=-0.2603]
Epoch 102/150 [train]:   0%|          | 0/26 [00:00<?, ?it/s, S=0.2936, loss=-0.2540]
Epoch 102/150 [train]:   0%|          | 0/26 [00:00<?, ?it/s, S=0.2968, loss=-0.2549]
Epoch 102/150 [train]:   0%|          | 0/26 [00:00<?, ?it/s, S=0.3039, loss=-0.2674]
Epoch 102/150 [train]:  35%|███▍      | 9/26 [00:00<00:00, 86.01it/s, S=0.3039, loss=-0.2674]
Epoch 102/150 [train]:  35%|███▍      | 9/26 [00:00<00:00, 86.01it/s, S=0.2988, loss=-0.2607]
Epoch 102/150 [train]:  35%|███▍      | 9/26 [00:00<00:00, 86.01it/s, S=0.2941, loss=-0.2555]
Epoch 102/150 [train]:  35%|███▍      | 9/26 [00:00<00:00, 86.01it/s, S=0.2918, loss=-0.2481]
Epoch 102/150 [train]:  35%|███▍      | 9/26 [00:00<00:00, 86.01it/s, S=0.3042, loss=-0.2689]
Epoch 102/150 [train]:  35%|███▍      | 9/26 [00:00<00:00, 86.01it/s, S=0.2983, loss=-0.2634]
Epoch 102/150 [train]:  35%|███▍      | 9/26 [00:00<00:00, 86.01it/s, S=0.2982, loss=-0.2624]
Epoch 102/150 [train]:  35%|███▍      | 9/26 [00:00<00:00, 86.01it/s, S=0.2941, loss=-0.2550]
Epoch 102/150 [train]:  35%|███▍      | 9/26 [00:00<00:00, 86.01it/s, S=0.2994, loss=-0.2614]
Epoch 102/150 [train]:  35%|███▍      | 9/26 [00:00<00:00, 86.01it/s, S=0.2988, loss=-0.2586]
Epoch 102/150 [train]:  69%|██████▉   | 18/26 [00:00<00:00, 86.04it/s, S=0.2988, loss=-0.2586]
Epoch 102/150 [train]:  69%|██████▉   | 18/26 [00:00<00:00, 86.04it/s, S=0.2937, loss=-0.2533]
Epoch 102/150 [train]:  69%|██████▉   | 18/26 [00:00<00:00, 86.04it/s, S=0.2990, loss=-0.2607]
Epoch 102/150 [train]:  69%|██████▉   | 18/26 [00:00<00:00, 86.04it/s, S=0.2999, loss=-0.2626]
Epoch 102/150 [train]:  69%|██████▉   | 18/26 [00:00<00:00, 86.04it/s, S=0.2969, loss=-0.2592]
Epoch 102/150 [train]:  69%|██████▉   | 18/26 [00:00<00:00, 86.04it/s, S=0.2972, loss=-0.2612]
Epoch 102/150 [train]:  69%|██████▉   | 18/26 [00:00<00:00, 86.04it/s, S=0.2949, loss=-0.2516]
Epoch 102/150 [train]:  69%|██████▉   | 18/26 [00:00<00:00, 86.04it/s, S=0.2994, loss=-0.2653]
Epoch 102/150 [train]:  69%|██████▉   | 18/26 [00:00<00:00, 86.04it/s, S=0.2923, loss=-0.2485]
                                                                                              
Epoch 102/150  train loss=-0.2586  val loss=-0.2712  S[mean]=0.3179  ζ=0.4451  mean_plane_ζ=0.3024  reg=0.0467  λscale=1.00  lr=3.27e-04

Epoch 103/150 [train]:   0%|          | 0/26 [00:00<?, ?it/s]
Epoch 103/150 [train]:   0%|          | 0/26 [00:00<?, ?it/s, S=0.3060, loss=-0.2635]
Epoch 103/150 [train]:   0%|          | 0/26 [00:00<?, ?it/s, S=0.3014, loss=-0.2646]
Epoch 103/150 [train]:   0%|          | 0/26 [00:00<?, ?it/s, S=0.2953, loss=-0.2541]
Epoch 103/150 [train]:   0%|          | 0/26 [00:00<?, ?it/s, S=0.3015, loss=-0.2682]
Epoch 103/150 [train]:   0%|          | 0/26 [00:00<?, ?it/s, S=0.2993, loss=-0.2613]
Epoch 103/150 [train]:   0%|          | 0/26 [00:00<?, ?it/s, S=0.3017, loss=-0.2644]
Epoch 103/150 [train]:   0%|          | 0/26 [00:00<?, ?it/s, S=0.2964, loss=-0.2552]
Epoch 103/150 [train]:   0%|          | 0/26 [00:00<?, ?it/s, S=0.2982, loss=-0.2613]
Epoch 103/150 [train]:   0%|          | 0/26 [00:00<?, ?it/s, S=0.2989, loss=-0.2580]
Epoch 103/150 [train]:  35%|███▍      | 9/26 [00:00<00:00, 85.78it/s, S=0.2989, loss=-0.2580]
Epoch 103/150 [train]:  35%|███▍      | 9/26 [00:00<00:00, 85.78it/s, S=0.3009, loss=-0.2632]
Epoch 103/150 [train]:  35%|███▍      | 9/26 [00:00<00:00, 85.78it/s, S=0.3022, loss=-0.2683]
Epoch 103/150 [train]:  35%|███▍      | 9/26 [00:00<00:00, 85.78it/s, S=0.3010, loss=-0.2609]
Epoch 103/150 [train]:  35%|███▍      | 9/26 [00:00<00:00, 85.78it/s, S=0.3016, loss=-0.2651]
Epoch 103/150 [train]:  35%|███▍      | 9/26 [00:00<00:00, 85.78it/s, S=0.2990, loss=-0.2610]
Epoch 103/150 [train]:  35%|███▍      | 9/26 [00:00<00:00, 85.78it/s, S=0.2987, loss=-0.2635]
Epoch 103/150 [train]:  35%|███▍      | 9/26 [00:00<00:00, 85.78it/s, S=0.2984, loss=-0.2611]
Epoch 103/150 [train]:  35%|███▍      | 9/26 [00:00<00:00, 85.78it/s, S=0.2976, loss=-0.2583]
Epoch 103/150 [train]:  35%|███▍      | 9/26 [00:00<00:00, 85.78it/s, S=0.2990, loss=-0.2621]
Epoch 103/150 [train]:  69%|██████▉   | 18/26 [00:00<00:00, 86.02it/s, S=0.2990, loss=-0.2621]
Epoch 103/150 [train]:  69%|██████▉   | 18/26 [00:00<00:00, 86.02it/s, S=0.2990, loss=-0.2621]
Epoch 103/150 [train]:  69%|██████▉   | 18/26 [00:00<00:00, 86.02it/s, S=0.2977, loss=-0.2550]
Epoch 103/150 [train]:  69%|██████▉   | 18/26 [00:00<00:00, 86.02it/s, S=0.2988, loss=-0.2619]
Epoch 103/150 [train]:  69%|██████▉   | 18/26 [00:00<00:00, 86.02it/s, S=0.2967, loss=-0.2613]
Epoch 103/150 [train]:  69%|██████▉   | 18/26 [00:00<00:00, 86.02it/s, S=0.2994, loss=-0.2619]
Epoch 103/150 [train]:  69%|██████▉   | 18/26 [00:00<00:00, 86.02it/s, S=0.2989, loss=-0.2625]
Epoch 103/150 [train]:  69%|██████▉   | 18/26 [00:00<00:00, 86.02it/s, S=0.3023, loss=-0.2647]
Epoch 103/150 [train]:  69%|██████▉   | 18/26 [00:00<00:00, 86.02it/s, S=0.2980, loss=-0.2580]
                                                                                              
Epoch 103/150  train loss=-0.2616  val loss=-0.2731  S[mean]=0.3191  ζ=0.4452  mean_plane_ζ=0.3030  reg=0.0460  λscale=1.00  lr=3.18e-04

Epoch 104/150 [train]:   0%|          | 0/26 [00:00<?, ?it/s]
Epoch 104/150 [train]:   0%|          | 0/26 [00:00<?, ?it/s, S=0.3036, loss=-0.2637]
Epoch 104/150 [train]:   0%|          | 0/26 [00:00<?, ?it/s, S=0.2979, loss=-0.2570]
Epoch 104/150 [train]:   0%|          | 0/26 [00:00<?, ?it/s, S=0.3032, loss=-0.2591]
Epoch 104/150 [train]:   0%|          | 0/26 [00:00<?, ?it/s, S=0.2931, loss=-0.2578]
Epoch 104/150 [train]:   0%|          | 0/26 [00:00<?, ?it/s, S=0.2997, loss=-0.2663]
Epoch 104/150 [train]:   0%|          | 0/26 [00:00<?, ?it/s, S=0.3034, loss=-0.2564]
Epoch 104/150 [train]:   0%|          | 0/26 [00:00<?, ?it/s, S=0.3037, loss=-0.2689]
Epoch 104/150 [train]:   0%|          | 0/26 [00:00<?, ?it/s, S=0.3045, loss=-0.2706]
Epoch 104/150 [train]:   0%|          | 0/26 [00:00<?, ?it/s, S=0.3038, loss=-0.2661]
Epoch 104/150 [train]:  35%|███▍      | 9/26 [00:00<00:00, 85.87it/s, S=0.3038, loss=-0.2661]
Epoch 104/150 [train]:  35%|███▍      | 9/26 [00:00<00:00, 85.87it/s, S=0.2986, loss=-0.2588]
Epoch 104/150 [train]:  35%|███▍      | 9/26 [00:00<00:00, 85.87it/s, S=0.3062, loss=-0.2642]
Epoch 104/150 [train]:  35%|███▍      | 9/26 [00:00<00:00, 85.87it/s, S=0.3009, loss=-0.2635]
Epoch 104/150 [train]:  35%|███▍      | 9/26 [00:00<00:00, 85.87it/s, S=0.2988, loss=-0.2622]
Epoch 104/150 [train]:  35%|███▍      | 9/26 [00:00<00:00, 85.87it/s, S=0.2985, loss=-0.2618]
Epoch 104/150 [train]:  35%|███▍      | 9/26 [00:00<00:00, 85.87it/s, S=0.2976, loss=-0.2632]
Epoch 104/150 [train]:  35%|███▍      | 9/26 [00:00<00:00, 85.87it/s, S=0.2973, loss=-0.2537]
Epoch 104/150 [train]:  35%|███▍      | 9/26 [00:00<00:00, 85.87it/s, S=0.2960, loss=-0.2521]
Epoch 104/150 [train]:  35%|███▍      | 9/26 [00:00<00:00, 85.87it/s, S=0.2996, loss=-0.2591]
Epoch 104/150 [train]:  69%|██████▉   | 18/26 [00:00<00:00, 86.04it/s, S=0.2996, loss=-0.2591]
Epoch 104/150 [train]:  69%|██████▉   | 18/26 [00:00<00:00, 86.04it/s, S=0.3033, loss=-0.2672]
Epoch 104/150 [train]:  69%|██████▉   | 18/26 [00:00<00:00, 86.04it/s, S=0.3006, loss=-0.2611]
Epoch 104/150 [train]:  69%|██████▉   | 18/26 [00:00<00:00, 86.04it/s, S=0.3000, loss=-0.2637]
Epoch 104/150 [train]:  69%|██████▉   | 18/26 [00:00<00:00, 86.04it/s, S=0.2964, loss=-0.2599]
Epoch 104/150 [train]:  69%|██████▉   | 18/26 [00:00<00:00, 86.04it/s, S=0.3014, loss=-0.2630]
Epoch 104/150 [train]:  69%|██████▉   | 18/26 [00:00<00:00, 86.04it/s, S=0.3031, loss=-0.2651]
Epoch 104/150 [train]:  69%|██████▉   | 18/26 [00:00<00:00, 86.04it/s, S=0.3010, loss=-0.2662]
Epoch 104/150 [train]:  69%|██████▉   | 18/26 [00:00<00:00, 86.04it/s, S=0.3016, loss=-0.2657]
                                                                                              
Epoch 104/150  train loss=-0.2622  val loss=-0.2729  S[mean]=0.3194  ζ=0.4426  mean_plane_ζ=0.3017  reg=0.0465  λscale=1.00  lr=3.08e-04

Epoch 105/150 [train]:   0%|          | 0/26 [00:00<?, ?it/s]
Epoch 105/150 [train]:   0%|          | 0/26 [00:00<?, ?it/s, S=0.3024, loss=-0.2630]
Epoch 105/150 [train]:   0%|          | 0/26 [00:00<?, ?it/s, S=0.2972, loss=-0.2619]
Epoch 105/150 [train]:   0%|          | 0/26 [00:00<?, ?it/s, S=0.3054, loss=-0.2622]
Epoch 105/150 [train]:   0%|          | 0/26 [00:00<?, ?it/s, S=0.3015, loss=-0.2617]
Epoch 105/150 [train]:   0%|          | 0/26 [00:00<?, ?it/s, S=0.3011, loss=-0.2642]
Epoch 105/150 [train]:   0%|          | 0/26 [00:00<?, ?it/s, S=0.2945, loss=-0.2488]
Epoch 105/150 [train]:   0%|          | 0/26 [00:00<?, ?it/s, S=0.3006, loss=-0.2631]
Epoch 105/150 [train]:   0%|          | 0/26 [00:00<?, ?it/s, S=0.3022, loss=-0.2664]
Epoch 105/150 [train]:   0%|          | 0/26 [00:00<?, ?it/s, S=0.2999, loss=-0.2653]
Epoch 105/150 [train]:  35%|███▍      | 9/26 [00:00<00:00, 85.95it/s, S=0.2999, loss=-0.2653]
Epoch 105/150 [train]:  35%|███▍      | 9/26 [00:00<00:00, 85.95it/s, S=0.3013, loss=-0.2572]
Epoch 105/150 [train]:  35%|███▍      | 9/26 [00:00<00:00, 85.95it/s, S=0.3011, loss=-0.2628]
Epoch 105/150 [train]:  35%|███▍      | 9/26 [00:00<00:00, 85.95it/s, S=0.3035, loss=-0.2692]
Epoch 105/150 [train]:  35%|███▍      | 9/26 [00:00<00:00, 85.95it/s, S=0.3001, loss=-0.2599]
Epoch 105/150 [train]:  35%|███▍      | 9/26 [00:00<00:00, 85.95it/s, S=0.3009, loss=-0.2654]
Epoch 105/150 [train]:  35%|███▍      | 9/26 [00:00<00:00, 85.95it/s, S=0.3033, loss=-0.2595]
Epoch 105/150 [train]:  35%|███▍      | 9/26 [00:00<00:00, 85.95it/s, S=0.3009, loss=-0.2617]
Epoch 105/150 [train]:  35%|███▍      | 9/26 [00:00<00:00, 85.95it/s, S=0.3043, loss=-0.2700]
Epoch 105/150 [train]:  35%|███▍      | 9/26 [00:00<00:00, 85.95it/s, S=0.2982, loss=-0.2534]
Epoch 105/150 [train]:  69%|██████▉   | 18/26 [00:00<00:00, 86.18it/s, S=0.2982, loss=-0.2534]
Epoch 105/150 [train]:  69%|██████▉   | 18/26 [00:00<00:00, 86.18it/s, S=0.3013, loss=-0.2661]
Epoch 105/150 [train]:  69%|██████▉   | 18/26 [00:00<00:00, 86.18it/s, S=0.2969, loss=-0.2528]
Epoch 105/150 [train]:  69%|██████▉   | 18/26 [00:00<00:00, 86.18it/s, S=0.3036, loss=-0.2702]
Epoch 105/150 [train]:  69%|██████▉   | 18/26 [00:00<00:00, 86.18it/s, S=0.3087, loss=-0.2755]
Epoch 105/150 [train]:  69%|██████▉   | 18/26 [00:00<00:00, 86.18it/s, S=0.2988, loss=-0.2585]
Epoch 105/150 [train]:  69%|██████▉   | 18/26 [00:00<00:00, 86.18it/s, S=0.3027, loss=-0.2678]
Epoch 105/150 [train]:  69%|██████▉   | 18/26 [00:00<00:00, 86.18it/s, S=0.2993, loss=-0.2606]
Epoch 105/150 [train]:  69%|██████▉   | 18/26 [00:00<00:00, 86.18it/s, S=0.3025, loss=-0.2670]
                                                                                              
Epoch 105/150  train loss=-0.2629  val loss=-0.2750  S[mean]=0.3207  ζ=0.4417  mean_plane_ζ=0.3022  reg=0.0457  λscale=1.00  lr=2.99e-04

Epoch 106/150 [train]:   0%|          | 0/26 [00:00<?, ?it/s]
Epoch 106/150 [train]:   0%|          | 0/26 [00:00<?, ?it/s, S=0.3028, loss=-0.2682]
Epoch 106/150 [train]:   0%|          | 0/26 [00:00<?, ?it/s, S=0.3015, loss=-0.2631]
Epoch 106/150 [train]:   0%|          | 0/26 [00:00<?, ?it/s, S=0.3076, loss=-0.2665]
Epoch 106/150 [train]:   0%|          | 0/26 [00:00<?, ?it/s, S=0.3040, loss=-0.2667]
Epoch 106/150 [train]:   0%|          | 0/26 [00:00<?, ?it/s, S=0.3043, loss=-0.2631]
Epoch 106/150 [train]:   0%|          | 0/26 [00:00<?, ?it/s, S=0.3037, loss=-0.2684]
Epoch 106/150 [train]:   0%|          | 0/26 [00:00<?, ?it/s, S=0.3032, loss=-0.2623]
Epoch 106/150 [train]:   0%|          | 0/26 [00:00<?, ?it/s, S=0.3004, loss=-0.2657]
Epoch 106/150 [train]:   0%|          | 0/26 [00:00<?, ?it/s, S=0.3030, loss=-0.2660]
Epoch 106/150 [train]:  35%|███▍      | 9/26 [00:00<00:00, 85.68it/s, S=0.3030, loss=-0.2660]
Epoch 106/150 [train]:  35%|███▍      | 9/26 [00:00<00:00, 85.68it/s, S=0.2986, loss=-0.2599]
Epoch 106/150 [train]:  35%|███▍      | 9/26 [00:00<00:00, 85.68it/s, S=0.3013, loss=-0.2667]
Epoch 106/150 [train]:  35%|███▍      | 9/26 [00:00<00:00, 85.68it/s, S=0.3017, loss=-0.2631]
Epoch 106/150 [train]:  35%|███▍      | 9/26 [00:00<00:00, 85.68it/s, S=0.3053, loss=-0.2709]
Epoch 106/150 [train]:  35%|███▍      | 9/26 [00:00<00:00, 85.68it/s, S=0.3003, loss=-0.2640]
Epoch 106/150 [train]:  35%|███▍      | 9/26 [00:00<00:00, 85.68it/s, S=0.3032, loss=-0.2630]
Epoch 106/150 [train]:  35%|███▍      | 9/26 [00:00<00:00, 85.68it/s, S=0.3046, loss=-0.2666]
Epoch 106/150 [train]:  35%|███▍      | 9/26 [00:00<00:00, 85.68it/s, S=0.3040, loss=-0.2679]
Epoch 106/150 [train]:  35%|███▍      | 9/26 [00:00<00:00, 85.68it/s, S=0.3014, loss=-0.2644]
Epoch 106/150 [train]:  69%|██████▉   | 18/26 [00:00<00:00, 85.93it/s, S=0.3014, loss=-0.2644]
Epoch 106/150 [train]:  69%|██████▉   | 18/26 [00:00<00:00, 85.93it/s, S=0.3019, loss=-0.2650]
Epoch 106/150 [train]:  69%|██████▉   | 18/26 [00:00<00:00, 85.93it/s, S=0.3031, loss=-0.2689]
Epoch 106/150 [train]:  69%|██████▉   | 18/26 [00:00<00:00, 85.93it/s, S=0.3038, loss=-0.2685]
Epoch 106/150 [train]:  69%|██████▉   | 18/26 [00:00<00:00, 85.93it/s, S=0.3011, loss=-0.2595]
Epoch 106/150 [train]:  69%|██████▉   | 18/26 [00:00<00:00, 85.93it/s, S=0.3038, loss=-0.2696]
Epoch 106/150 [train]:  69%|██████▉   | 18/26 [00:00<00:00, 85.93it/s, S=0.3083, loss=-0.2731]
Epoch 106/150 [train]:  69%|██████▉   | 18/26 [00:00<00:00, 85.93it/s, S=0.3004, loss=-0.2611]
Epoch 106/150 [train]:  69%|██████▉   | 18/26 [00:00<00:00, 85.93it/s, S=0.3092, loss=-0.2698]
                                                                                              
Epoch 106/150  train loss=-0.2658  val loss=-0.2765  S[mean]=0.3221  ζ=0.4394  mean_plane_ζ=0.3019  reg=0.0456  λscale=1.00  lr=2.89e-04

Epoch 107/150 [train]:   0%|          | 0/26 [00:00<?, ?it/s]
Epoch 107/150 [train]:   0%|          | 0/26 [00:00<?, ?it/s, S=0.3011, loss=-0.2656]
Epoch 107/150 [train]:   0%|          | 0/26 [00:00<?, ?it/s, S=0.3104, loss=-0.2742]
Epoch 107/150 [train]:   0%|          | 0/26 [00:00<?, ?it/s, S=0.3011, loss=-0.2682]
Epoch 107/150 [train]:   0%|          | 0/26 [00:00<?, ?it/s, S=0.3007, loss=-0.2597]
Epoch 107/150 [train]:   0%|          | 0/26 [00:00<?, ?it/s, S=0.3019, loss=-0.2623]
Epoch 107/150 [train]:   0%|          | 0/26 [00:00<?, ?it/s, S=0.3062, loss=-0.2694]
Epoch 107/150 [train]:   0%|          | 0/26 [00:00<?, ?it/s, S=0.3025, loss=-0.2642]
Epoch 107/150 [train]:   0%|          | 0/26 [00:00<?, ?it/s, S=0.3093, loss=-0.2697]
Epoch 107/150 [train]:   0%|          | 0/26 [00:00<?, ?it/s, S=0.3078, loss=-0.2693]
Epoch 107/150 [train]:  35%|███▍      | 9/26 [00:00<00:00, 85.77it/s, S=0.3078, loss=-0.2693]
Epoch 107/150 [train]:  35%|███▍      | 9/26 [00:00<00:00, 85.77it/s, S=0.3066, loss=-0.2702]
Epoch 107/150 [train]:  35%|███▍      | 9/26 [00:00<00:00, 85.77it/s, S=0.3054, loss=-0.2588]
Epoch 107/150 [train]:  35%|███▍      | 9/26 [00:00<00:00, 85.77it/s, S=0.3063, loss=-0.2708]
Epoch 107/150 [train]:  35%|███▍      | 9/26 [00:00<00:00, 85.77it/s, S=0.3098, loss=-0.2756]
Epoch 107/150 [train]:  35%|███▍      | 9/26 [00:00<00:00, 85.77it/s, S=0.3056, loss=-0.2667]
Epoch 107/150 [train]:  35%|███▍      | 9/26 [00:00<00:00, 85.77it/s, S=0.3038, loss=-0.2669]
Epoch 107/150 [train]:  35%|███▍      | 9/26 [00:00<00:00, 85.77it/s, S=0.3042, loss=-0.2689]
Epoch 107/150 [train]:  35%|███▍      | 9/26 [00:00<00:00, 85.77it/s, S=0.3083, loss=-0.2746]
Epoch 107/150 [train]:  35%|███▍      | 9/26 [00:00<00:00, 85.77it/s, S=0.3011, loss=-0.2580]
Epoch 107/150 [train]:  69%|██████▉   | 18/26 [00:00<00:00, 85.98it/s, S=0.3011, loss=-0.2580]
Epoch 107/150 [train]:  69%|██████▉   | 18/26 [00:00<00:00, 85.98it/s, S=0.3124, loss=-0.2785]
Epoch 107/150 [train]:  69%|██████▉   | 18/26 [00:00<00:00, 85.98it/s, S=0.3020, loss=-0.2611]
Epoch 107/150 [train]:  69%|██████▉   | 18/26 [00:00<00:00, 85.98it/s, S=0.3005, loss=-0.2591]
Epoch 107/150 [train]:  69%|██████▉   | 18/26 [00:00<00:00, 85.98it/s, S=0.3058, loss=-0.2702]
Epoch 107/150 [train]:  69%|██████▉   | 18/26 [00:00<00:00, 85.98it/s, S=0.3065, loss=-0.2751]
Epoch 107/150 [train]:  69%|██████▉   | 18/26 [00:00<00:00, 85.98it/s, S=0.3019, loss=-0.2674]
Epoch 107/150 [train]:  69%|██████▉   | 18/26 [00:00<00:00, 85.98it/s, S=0.3007, loss=-0.2648]
Epoch 107/150 [train]:  69%|██████▉   | 18/26 [00:00<00:00, 85.98it/s, S=0.3046, loss=-0.2657]
                                                                                              
Epoch 107/150  train loss=-0.2675  val loss=-0.2782  S[mean]=0.3233  ζ=0.4377  mean_plane_ζ=0.3024  reg=0.0451  λscale=1.00  lr=2.79e-04

Epoch 108/150 [train]:   0%|          | 0/26 [00:00<?, ?it/s]
Epoch 108/150 [train]:   0%|          | 0/26 [00:00<?, ?it/s, S=0.2973, loss=-0.2523]
Epoch 108/150 [train]:   0%|          | 0/26 [00:00<?, ?it/s, S=0.3027, loss=-0.2650]
Epoch 108/150 [train]:   0%|          | 0/26 [00:00<?, ?it/s, S=0.3084, loss=-0.2672]
Epoch 108/150 [train]:   0%|          | 0/26 [00:00<?, ?it/s, S=0.3109, loss=-0.2734]
Epoch 108/150 [train]:   0%|          | 0/26 [00:00<?, ?it/s, S=0.3031, loss=-0.2648]
Epoch 108/150 [train]:   0%|          | 0/26 [00:00<?, ?it/s, S=0.3073, loss=-0.2701]
Epoch 108/150 [train]:   0%|          | 0/26 [00:00<?, ?it/s, S=0.3037, loss=-0.2656]
Epoch 108/150 [train]:   0%|          | 0/26 [00:00<?, ?it/s, S=0.3074, loss=-0.2732]
Epoch 108/150 [train]:   0%|          | 0/26 [00:00<?, ?it/s, S=0.3105, loss=-0.2774]
Epoch 108/150 [train]:  35%|███▍      | 9/26 [00:00<00:00, 85.64it/s, S=0.3105, loss=-0.2774]
Epoch 108/150 [train]:  35%|███▍      | 9/26 [00:00<00:00, 85.64it/s, S=0.3054, loss=-0.2632]
Epoch 108/150 [train]:  35%|███▍      | 9/26 [00:00<00:00, 85.64it/s, S=0.3065, loss=-0.2734]
Epoch 108/150 [train]:  35%|███▍      | 9/26 [00:00<00:00, 85.64it/s, S=0.3067, loss=-0.2690]
Epoch 108/150 [train]:  35%|███▍      | 9/26 [00:00<00:00, 85.64it/s, S=0.3070, loss=-0.2651]
Epoch 108/150 [train]:  35%|███▍      | 9/26 [00:00<00:00, 85.64it/s, S=0.3065, loss=-0.2684]
Epoch 108/150 [train]:  35%|███▍      | 9/26 [00:00<00:00, 85.64it/s, S=0.3041, loss=-0.2671]
Epoch 108/150 [train]:  35%|███▍      | 9/26 [00:00<00:00, 85.64it/s, S=0.2996, loss=-0.2535]
Epoch 108/150 [train]:  35%|███▍      | 9/26 [00:00<00:00, 85.64it/s, S=0.3058, loss=-0.2688]
Epoch 108/150 [train]:  35%|███▍      | 9/26 [00:00<00:00, 85.64it/s, S=0.3020, loss=-0.2530]
Epoch 108/150 [train]:  69%|██████▉   | 18/26 [00:00<00:00, 85.97it/s, S=0.3020, loss=-0.2530]
Epoch 108/150 [train]:  69%|██████▉   | 18/26 [00:00<00:00, 85.97it/s, S=0.3085, loss=-0.2741]
Epoch 108/150 [train]:  69%|██████▉   | 18/26 [00:00<00:00, 85.97it/s, S=0.3016, loss=-0.2637]
Epoch 108/150 [train]:  69%|██████▉   | 18/26 [00:00<00:00, 85.97it/s, S=0.3036, loss=-0.2680]
Epoch 108/150 [train]:  69%|██████▉   | 18/26 [00:00<00:00, 85.97it/s, S=0.3064, loss=-0.2715]
Epoch 108/150 [train]:  69%|██████▉   | 18/26 [00:00<00:00, 85.97it/s, S=0.3045, loss=-0.2610]
Epoch 108/150 [train]:  69%|██████▉   | 18/26 [00:00<00:00, 85.97it/s, S=0.3057, loss=-0.2623]
Epoch 108/150 [train]:  69%|██████▉   | 18/26 [00:00<00:00, 85.97it/s, S=0.3026, loss=-0.2643]
Epoch 108/150 [train]:  69%|██████▉   | 18/26 [00:00<00:00, 85.97it/s, S=0.3058, loss=-0.2705]
                                                                                              
Epoch 108/150  train loss=-0.2664  val loss=-0.2797  S[mean]=0.3245  ζ=0.4355  mean_plane_ζ=0.3016  reg=0.0448  λscale=1.00  lr=2.70e-04

Epoch 109/150 [train]:   0%|          | 0/26 [00:00<?, ?it/s]
Epoch 109/150 [train]:   0%|          | 0/26 [00:00<?, ?it/s, S=0.3024, loss=-0.2662]
Epoch 109/150 [train]:   0%|          | 0/26 [00:00<?, ?it/s, S=0.3098, loss=-0.2766]
Epoch 109/150 [train]:   0%|          | 0/26 [00:00<?, ?it/s, S=0.3059, loss=-0.2691]
Epoch 109/150 [train]:   0%|          | 0/26 [00:00<?, ?it/s, S=0.3093, loss=-0.2713]
Epoch 109/150 [train]:   0%|          | 0/26 [00:00<?, ?it/s, S=0.3081, loss=-0.2691]
Epoch 109/150 [train]:   0%|          | 0/26 [00:00<?, ?it/s, S=0.3043, loss=-0.2679]
Epoch 109/150 [train]:   0%|          | 0/26 [00:00<?, ?it/s, S=0.3062, loss=-0.2570]
Epoch 109/150 [train]:   0%|          | 0/26 [00:00<?, ?it/s, S=0.3047, loss=-0.2700]
Epoch 109/150 [train]:   0%|          | 0/26 [00:00<?, ?it/s, S=0.3078, loss=-0.2681]
Epoch 109/150 [train]:  35%|███▍      | 9/26 [00:00<00:00, 85.69it/s, S=0.3078, loss=-0.2681]
Epoch 109/150 [train]:  35%|███▍      | 9/26 [00:00<00:00, 85.69it/s, S=0.3041, loss=-0.2630]
Epoch 109/150 [train]:  35%|███▍      | 9/26 [00:00<00:00, 85.69it/s, S=0.3062, loss=-0.2666]
Epoch 109/150 [train]:  35%|███▍      | 9/26 [00:00<00:00, 85.69it/s, S=0.3056, loss=-0.2659]
Epoch 109/150 [train]:  35%|███▍      | 9/26 [00:00<00:00, 85.69it/s, S=0.3088, loss=-0.2660]
Epoch 109/150 [train]:  35%|███▍      | 9/26 [00:00<00:00, 85.69it/s, S=0.3081, loss=-0.2704]
Epoch 109/150 [train]:  35%|███▍      | 9/26 [00:00<00:00, 85.69it/s, S=0.3068, loss=-0.2656]
Epoch 109/150 [train]:  35%|███▍      | 9/26 [00:00<00:00, 85.69it/s, S=0.3075, loss=-0.2728]
Epoch 109/150 [train]:  35%|███▍      | 9/26 [00:00<00:00, 85.69it/s, S=0.3062, loss=-0.2694]
Epoch 109/150 [train]:  35%|███▍      | 9/26 [00:00<00:00, 85.69it/s, S=0.3084, loss=-0.2704]
Epoch 109/150 [train]:  69%|██████▉   | 18/26 [00:00<00:00, 85.93it/s, S=0.3084, loss=-0.2704]
Epoch 109/150 [train]:  69%|██████▉   | 18/26 [00:00<00:00, 85.93it/s, S=0.3091, loss=-0.2697]
Epoch 109/150 [train]:  69%|██████▉   | 18/26 [00:00<00:00, 85.93it/s, S=0.3028, loss=-0.2624]
Epoch 109/150 [train]:  69%|██████▉   | 18/26 [00:00<00:00, 85.93it/s, S=0.3076, loss=-0.2710]
Epoch 109/150 [train]:  69%|██████▉   | 18/26 [00:00<00:00, 85.93it/s, S=0.3075, loss=-0.2745]
Epoch 109/150 [train]:  69%|██████▉   | 18/26 [00:00<00:00, 85.93it/s, S=0.3096, loss=-0.2751]
Epoch 109/150 [train]:  69%|██████▉   | 18/26 [00:00<00:00, 85.93it/s, S=0.3070, loss=-0.2707]
Epoch 109/150 [train]:  69%|██████▉   | 18/26 [00:00<00:00, 85.93it/s, S=0.3086, loss=-0.2720]
Epoch 109/150 [train]:  69%|██████▉   | 18/26 [00:00<00:00, 85.93it/s, S=0.3081, loss=-0.2702]
                                                                                              
Epoch 109/150  train loss=-0.2689  val loss=-0.2799  S[mean]=0.3249  ζ=0.4345  mean_plane_ζ=0.3018  reg=0.0450  λscale=1.00  lr=2.60e-04

Epoch 110/150 [train]:   0%|          | 0/26 [00:00<?, ?it/s]
Epoch 110/150 [train]:   0%|          | 0/26 [00:00<?, ?it/s, S=0.3116, loss=-0.2740]
Epoch 110/150 [train]:   0%|          | 0/26 [00:00<?, ?it/s, S=0.3065, loss=-0.2696]
Epoch 110/150 [train]:   0%|          | 0/26 [00:00<?, ?it/s, S=0.3048, loss=-0.2649]
Epoch 110/150 [train]:   0%|          | 0/26 [00:00<?, ?it/s, S=0.3123, loss=-0.2785]
Epoch 110/150 [train]:   0%|          | 0/26 [00:00<?, ?it/s, S=0.3083, loss=-0.2722]
Epoch 110/150 [train]:   0%|          | 0/26 [00:00<?, ?it/s, S=0.3064, loss=-0.2716]
Epoch 110/150 [train]:   0%|          | 0/26 [00:00<?, ?it/s, S=0.3054, loss=-0.2645]
Epoch 110/150 [train]:   0%|          | 0/26 [00:00<?, ?it/s, S=0.3091, loss=-0.2714]
Epoch 110/150 [train]:   0%|          | 0/26 [00:00<?, ?it/s, S=0.3062, loss=-0.2687]
Epoch 110/150 [train]:  35%|███▍      | 9/26 [00:00<00:00, 85.73it/s, S=0.3062, loss=-0.2687]
Epoch 110/150 [train]:  35%|███▍      | 9/26 [00:00<00:00, 85.73it/s, S=0.3114, loss=-0.2738]
Epoch 110/150 [train]:  35%|███▍      | 9/26 [00:00<00:00, 85.73it/s, S=0.3086, loss=-0.2701]
Epoch 110/150 [train]:  35%|███▍      | 9/26 [00:00<00:00, 85.73it/s, S=0.3090, loss=-0.2710]
Epoch 110/150 [train]:  35%|███▍      | 9/26 [00:00<00:00, 85.73it/s, S=0.3060, loss=-0.2610]
Epoch 110/150 [train]:  35%|███▍      | 9/26 [00:00<00:00, 85.73it/s, S=0.3066, loss=-0.2690]
Epoch 110/150 [train]:  35%|███▍      | 9/26 [00:00<00:00, 85.73it/s, S=0.3081, loss=-0.2710]
Epoch 110/150 [train]:  35%|███▍      | 9/26 [00:00<00:00, 85.73it/s, S=0.3038, loss=-0.2607]
Epoch 110/150 [train]:  35%|███▍      | 9/26 [00:00<00:00, 85.73it/s, S=0.3062, loss=-0.2651]
Epoch 110/150 [train]:  35%|███▍      | 9/26 [00:00<00:00, 85.73it/s, S=0.3111, loss=-0.2736]
Epoch 110/150 [train]:  69%|██████▉   | 18/26 [00:00<00:00, 85.85it/s, S=0.3111, loss=-0.2736]
Epoch 110/150 [train]:  69%|██████▉   | 18/26 [00:00<00:00, 85.85it/s, S=0.3092, loss=-0.2676]
Epoch 110/150 [train]:  69%|██████▉   | 18/26 [00:00<00:00, 85.85it/s, S=0.3061, loss=-0.2715]
Epoch 110/150 [train]:  69%|██████▉   | 18/26 [00:00<00:00, 85.85it/s, S=0.3069, loss=-0.2687]
Epoch 110/150 [train]:  69%|██████▉   | 18/26 [00:00<00:00, 85.85it/s, S=0.3124, loss=-0.2769]
Epoch 110/150 [train]:  69%|██████▉   | 18/26 [00:00<00:00, 85.85it/s, S=0.3066, loss=-0.2708]
Epoch 110/150 [train]:  69%|██████▉   | 18/26 [00:00<00:00, 85.85it/s, S=0.3053, loss=-0.2694]
Epoch 110/150 [train]:  69%|██████▉   | 18/26 [00:00<00:00, 85.85it/s, S=0.3093, loss=-0.2761]
Epoch 110/150 [train]:  69%|██████▉   | 18/26 [00:00<00:00, 85.85it/s, S=0.3106, loss=-0.2757]
                                                                                              
Epoch 110/150  train loss=-0.2703  val loss=-0.2808  S[mean]=0.3258  ζ=0.4331  mean_plane_ζ=0.3007  reg=0.0450  λscale=1.00  lr=2.50e-04

Epoch 111/150 [train]:   0%|          | 0/26 [00:00<?, ?it/s]
Epoch 111/150 [train]:   0%|          | 0/26 [00:00<?, ?it/s, S=0.3084, loss=-0.2713]
Epoch 111/150 [train]:   0%|          | 0/26 [00:00<?, ?it/s, S=0.3060, loss=-0.2682]
Epoch 111/150 [train]:   0%|          | 0/26 [00:00<?, ?it/s, S=0.3124, loss=-0.2733]
Epoch 111/150 [train]:   0%|          | 0/26 [00:00<?, ?it/s, S=0.3091, loss=-0.2662]
Epoch 111/150 [train]:   0%|          | 0/26 [00:00<?, ?it/s, S=0.3072, loss=-0.2716]
Epoch 111/150 [train]:   0%|          | 0/26 [00:00<?, ?it/s, S=0.3087, loss=-0.2772]
Epoch 111/150 [train]:   0%|          | 0/26 [00:00<?, ?it/s, S=0.3109, loss=-0.2769]
Epoch 111/150 [train]:   0%|          | 0/26 [00:00<?, ?it/s, S=0.3082, loss=-0.2719]
Epoch 111/150 [train]:   0%|          | 0/26 [00:00<?, ?it/s, S=0.3055, loss=-0.2628]
Epoch 111/150 [train]:  35%|███▍      | 9/26 [00:00<00:00, 85.62it/s, S=0.3055, loss=-0.2628]
Epoch 111/150 [train]:  35%|███▍      | 9/26 [00:00<00:00, 85.62it/s, S=0.3103, loss=-0.2751]
Epoch 111/150 [train]:  35%|███▍      | 9/26 [00:00<00:00, 85.62it/s, S=0.3094, loss=-0.2726]
Epoch 111/150 [train]:  35%|███▍      | 9/26 [00:00<00:00, 85.62it/s, S=0.3153, loss=-0.2795]
Epoch 111/150 [train]:  35%|███▍      | 9/26 [00:00<00:00, 85.62it/s, S=0.3128, loss=-0.2787]
Epoch 111/150 [train]:  35%|███▍      | 9/26 [00:00<00:00, 85.62it/s, S=0.3085, loss=-0.2717]
Epoch 111/150 [train]:  35%|███▍      | 9/26 [00:00<00:00, 85.62it/s, S=0.3078, loss=-0.2686]
Epoch 111/150 [train]:  35%|███▍      | 9/26 [00:00<00:00, 85.62it/s, S=0.3046, loss=-0.2585]
Epoch 111/150 [train]:  35%|███▍      | 9/26 [00:00<00:00, 85.62it/s, S=0.3092, loss=-0.2735]
Epoch 111/150 [train]:  35%|███▍      | 9/26 [00:00<00:00, 85.62it/s, S=0.3059, loss=-0.2671]
Epoch 111/150 [train]:  69%|██████▉   | 18/26 [00:00<00:00, 85.75it/s, S=0.3059, loss=-0.2671]
Epoch 111/150 [train]:  69%|██████▉   | 18/26 [00:00<00:00, 85.75it/s, S=0.3041, loss=-0.2648]
Epoch 111/150 [train]:  69%|██████▉   | 18/26 [00:00<00:00, 85.75it/s, S=0.3080, loss=-0.2666]
Epoch 111/150 [train]:  69%|██████▉   | 18/26 [00:00<00:00, 85.75it/s, S=0.3129, loss=-0.2764]
Epoch 111/150 [train]:  69%|██████▉   | 18/26 [00:00<00:00, 85.75it/s, S=0.3178, loss=-0.2816]
Epoch 111/150 [train]:  69%|██████▉   | 18/26 [00:00<00:00, 85.75it/s, S=0.3087, loss=-0.2735]
Epoch 111/150 [train]:  69%|██████▉   | 18/26 [00:00<00:00, 85.75it/s, S=0.3104, loss=-0.2751]
Epoch 111/150 [train]:  69%|██████▉   | 18/26 [00:00<00:00, 85.75it/s, S=0.3040, loss=-0.2670]
Epoch 111/150 [train]:  69%|██████▉   | 18/26 [00:00<00:00, 85.75it/s, S=0.3077, loss=-0.2725]
                                                                                              
Epoch 111/150  train loss=-0.2716  val loss=-0.2819  S[mean]=0.3264  ζ=0.4330  mean_plane_ζ=0.3011  reg=0.0445  λscale=1.00  lr=2.40e-04

Epoch 112/150 [train]:   0%|          | 0/26 [00:00<?, ?it/s]
Epoch 112/150 [train]:   0%|          | 0/26 [00:00<?, ?it/s, S=0.3166, loss=-0.2807]
Epoch 112/150 [train]:   0%|          | 0/26 [00:00<?, ?it/s, S=0.3085, loss=-0.2709]
Epoch 112/150 [train]:   0%|          | 0/26 [00:00<?, ?it/s, S=0.3141, loss=-0.2806]
Epoch 112/150 [train]:   0%|          | 0/26 [00:00<?, ?it/s, S=0.3112, loss=-0.2772]
Epoch 112/150 [train]:   0%|          | 0/26 [00:00<?, ?it/s, S=0.3100, loss=-0.2683]
Epoch 112/150 [train]:   0%|          | 0/26 [00:00<?, ?it/s, S=0.3067, loss=-0.2698]
Epoch 112/150 [train]:   0%|          | 0/26 [00:00<?, ?it/s, S=0.3147, loss=-0.2781]
Epoch 112/150 [train]:   0%|          | 0/26 [00:00<?, ?it/s, S=0.3108, loss=-0.2752]
Epoch 112/150 [train]:   0%|          | 0/26 [00:00<?, ?it/s, S=0.3092, loss=-0.2682]
Epoch 112/150 [train]:  35%|███▍      | 9/26 [00:00<00:00, 85.59it/s, S=0.3092, loss=-0.2682]
Epoch 112/150 [train]:  35%|███▍      | 9/26 [00:00<00:00, 85.59it/s, S=0.3039, loss=-0.2643]
Epoch 112/150 [train]:  35%|███▍      | 9/26 [00:00<00:00, 85.59it/s, S=0.3101, loss=-0.2719]
Epoch 112/150 [train]:  35%|███▍      | 9/26 [00:00<00:00, 85.59it/s, S=0.3090, loss=-0.2746]
Epoch 112/150 [train]:  35%|███▍      | 9/26 [00:00<00:00, 85.59it/s, S=0.3127, loss=-0.2757]
Epoch 112/150 [train]:  35%|███▍      | 9/26 [00:00<00:00, 85.59it/s, S=0.3128, loss=-0.2801]
Epoch 112/150 [train]:  35%|███▍      | 9/26 [00:00<00:00, 85.59it/s, S=0.3068, loss=-0.2655]
Epoch 112/150 [train]:  35%|███▍      | 9/26 [00:00<00:00, 85.59it/s, S=0.3051, loss=-0.2694]
Epoch 112/150 [train]:  35%|███▍      | 9/26 [00:00<00:00, 85.59it/s, S=0.3053, loss=-0.2667]
Epoch 112/150 [train]:  35%|███▍      | 9/26 [00:00<00:00, 85.59it/s, S=0.3069, loss=-0.2627]
Epoch 112/150 [train]:  69%|██████▉   | 18/26 [00:00<00:00, 85.65it/s, S=0.3069, loss=-0.2627]
Epoch 112/150 [train]:  69%|██████▉   | 18/26 [00:00<00:00, 85.65it/s, S=0.3080, loss=-0.2714]
Epoch 112/150 [train]:  69%|██████▉   | 18/26 [00:00<00:00, 85.65it/s, S=0.3093, loss=-0.2753]
Epoch 112/150 [train]:  69%|██████▉   | 18/26 [00:00<00:00, 85.65it/s, S=0.3082, loss=-0.2742]
Epoch 112/150 [train]:  69%|██████▉   | 18/26 [00:00<00:00, 85.65it/s, S=0.3099, loss=-0.2683]
Epoch 112/150 [train]:  69%|██████▉   | 18/26 [00:00<00:00, 85.65it/s, S=0.3038, loss=-0.2570]
Epoch 112/150 [train]:  69%|██████▉   | 18/26 [00:00<00:00, 85.65it/s, S=0.3078, loss=-0.2657]
Epoch 112/150 [train]:  69%|██████▉   | 18/26 [00:00<00:00, 85.65it/s, S=0.3065, loss=-0.2729]
Epoch 112/150 [train]:  69%|██████▉   | 18/26 [00:00<00:00, 85.65it/s, S=0.3100, loss=-0.2715]
                                                                                              
Epoch 112/150  train loss=-0.2714  val loss=-0.2823  S[mean]=0.3269  ζ=0.4322  mean_plane_ζ=0.3009  reg=0.0446  λscale=1.00  lr=2.30e-04

Epoch 113/150 [train]:   0%|          | 0/26 [00:00<?, ?it/s]
Epoch 113/150 [train]:   0%|          | 0/26 [00:00<?, ?it/s, S=0.3108, loss=-0.2737]
Epoch 113/150 [train]:   0%|          | 0/26 [00:00<?, ?it/s, S=0.3088, loss=-0.2740]
Epoch 113/150 [train]:   0%|          | 0/26 [00:00<?, ?it/s, S=0.3150, loss=-0.2806]
Epoch 113/150 [train]:   0%|          | 0/26 [00:00<?, ?it/s, S=0.3054, loss=-0.2651]
Epoch 113/150 [train]:   0%|          | 0/26 [00:00<?, ?it/s, S=0.3119, loss=-0.2778]
Epoch 113/150 [train]:   0%|          | 0/26 [00:00<?, ?it/s, S=0.3104, loss=-0.2728]
Epoch 113/150 [train]:   0%|          | 0/26 [00:00<?, ?it/s, S=0.3109, loss=-0.2730]
Epoch 113/150 [train]:   0%|          | 0/26 [00:00<?, ?it/s, S=0.3058, loss=-0.2671]
Epoch 113/150 [train]:   0%|          | 0/26 [00:00<?, ?it/s, S=0.3092, loss=-0.2689]
Epoch 113/150 [train]:  35%|███▍      | 9/26 [00:00<00:00, 85.65it/s, S=0.3092, loss=-0.2689]
Epoch 113/150 [train]:  35%|███▍      | 9/26 [00:00<00:00, 85.65it/s, S=0.3112, loss=-0.2765]
Epoch 113/150 [train]:  35%|███▍      | 9/26 [00:00<00:00, 85.65it/s, S=0.3113, loss=-0.2758]
Epoch 113/150 [train]:  35%|███▍      | 9/26 [00:00<00:00, 85.65it/s, S=0.3119, loss=-0.2774]
Epoch 113/150 [train]:  35%|███▍      | 9/26 [00:00<00:00, 85.65it/s, S=0.3129, loss=-0.2779]
Epoch 113/150 [train]:  35%|███▍      | 9/26 [00:00<00:00, 85.65it/s, S=0.3125, loss=-0.2781]
Epoch 113/150 [train]:  35%|███▍      | 9/26 [00:00<00:00, 85.65it/s, S=0.3149, loss=-0.2801]
Epoch 113/150 [train]:  35%|███▍      | 9/26 [00:00<00:00, 85.65it/s, S=0.3116, loss=-0.2755]
Epoch 113/150 [train]:  35%|███▍      | 9/26 [00:00<00:00, 85.65it/s, S=0.3034, loss=-0.2581]
Epoch 113/150 [train]:  35%|███▍      | 9/26 [00:00<00:00, 85.65it/s, S=0.3090, loss=-0.2720]
Epoch 113/150 [train]:  69%|██████▉   | 18/26 [00:00<00:00, 85.73it/s, S=0.3090, loss=-0.2720]
Epoch 113/150 [train]:  69%|██████▉   | 18/26 [00:00<00:00, 85.73it/s, S=0.3069, loss=-0.2704]
Epoch 113/150 [train]:  69%|██████▉   | 18/26 [00:00<00:00, 85.73it/s, S=0.3091, loss=-0.2720]
Epoch 113/150 [train]:  69%|██████▉   | 18/26 [00:00<00:00, 85.73it/s, S=0.3101, loss=-0.2759]
Epoch 113/150 [train]:  69%|██████▉   | 18/26 [00:00<00:00, 85.73it/s, S=0.3107, loss=-0.2734]
Epoch 113/150 [train]:  69%|██████▉   | 18/26 [00:00<00:00, 85.73it/s, S=0.3224, loss=-0.2872]
Epoch 113/150 [train]:  69%|██████▉   | 18/26 [00:00<00:00, 85.73it/s, S=0.3115, loss=-0.2743]
Epoch 113/150 [train]:  69%|██████▉   | 18/26 [00:00<00:00, 85.73it/s, S=0.3117, loss=-0.2759]
Epoch 113/150 [train]:  69%|██████▉   | 18/26 [00:00<00:00, 85.73it/s, S=0.3066, loss=-0.2663]
                                                                                              
Epoch 113/150  train loss=-0.2738  val loss=-0.2828  S[mean]=0.3273  ζ=0.4315  mean_plane_ζ=0.3007  reg=0.0445  λscale=1.00  lr=2.21e-04

Epoch 114/150 [train]:   0%|          | 0/26 [00:00<?, ?it/s]
Epoch 114/150 [train]:   0%|          | 0/26 [00:00<?, ?it/s, S=0.3103, loss=-0.2766]
Epoch 114/150 [train]:   0%|          | 0/26 [00:00<?, ?it/s, S=0.3090, loss=-0.2684]
Epoch 114/150 [train]:   0%|          | 0/26 [00:00<?, ?it/s, S=0.3133, loss=-0.2788]
Epoch 114/150 [train]:   0%|          | 0/26 [00:00<?, ?it/s, S=0.3134, loss=-0.2775]
Epoch 114/150 [train]:   0%|          | 0/26 [00:00<?, ?it/s, S=0.3122, loss=-0.2689]
Epoch 114/150 [train]:   0%|          | 0/26 [00:00<?, ?it/s, S=0.3122, loss=-0.2802]
Epoch 114/150 [train]:   0%|          | 0/26 [00:00<?, ?it/s, S=0.3152, loss=-0.2804]
Epoch 114/150 [train]:   0%|          | 0/26 [00:00<?, ?it/s, S=0.3103, loss=-0.2724]
Epoch 114/150 [train]:   0%|          | 0/26 [00:00<?, ?it/s, S=0.3113, loss=-0.2735]
Epoch 114/150 [train]:  35%|███▍      | 9/26 [00:00<00:00, 85.44it/s, S=0.3113, loss=-0.2735]
Epoch 114/150 [train]:  35%|███▍      | 9/26 [00:00<00:00, 85.44it/s, S=0.3076, loss=-0.2704]
Epoch 114/150 [train]:  35%|███▍      | 9/26 [00:00<00:00, 85.44it/s, S=0.3136, loss=-0.2795]
Epoch 114/150 [train]:  35%|███▍      | 9/26 [00:00<00:00, 85.44it/s, S=0.3137, loss=-0.2779]
Epoch 114/150 [train]:  35%|███▍      | 9/26 [00:00<00:00, 85.44it/s, S=0.3098, loss=-0.2729]
Epoch 114/150 [train]:  35%|███▍      | 9/26 [00:00<00:00, 85.44it/s, S=0.3070, loss=-0.2638]
Epoch 114/150 [train]:  35%|███▍      | 9/26 [00:00<00:00, 85.44it/s, S=0.3123, loss=-0.2777]
Epoch 114/150 [train]:  35%|███▍      | 9/26 [00:00<00:00, 85.44it/s, S=0.3071, loss=-0.2648]
Epoch 114/150 [train]:  35%|███▍      | 9/26 [00:00<00:00, 85.44it/s, S=0.3094, loss=-0.2658]
Epoch 114/150 [train]:  35%|███▍      | 9/26 [00:00<00:00, 85.44it/s, S=0.3145, loss=-0.2818]
Epoch 114/150 [train]:  69%|██████▉   | 18/26 [00:00<00:00, 85.72it/s, S=0.3145, loss=-0.2818]
Epoch 114/150 [train]:  69%|██████▉   | 18/26 [00:00<00:00, 85.72it/s, S=0.3092, loss=-0.2745]
Epoch 114/150 [train]:  69%|██████▉   | 18/26 [00:00<00:00, 85.72it/s, S=0.3091, loss=-0.2716]
Epoch 114/150 [train]:  69%|██████▉   | 18/26 [00:00<00:00, 85.72it/s, S=0.3059, loss=-0.2608]
Epoch 114/150 [train]:  69%|██████▉   | 18/26 [00:00<00:00, 85.72it/s, S=0.3075, loss=-0.2693]
Epoch 114/150 [train]:  69%|██████▉   | 18/26 [00:00<00:00, 85.72it/s, S=0.3161, loss=-0.2824]
Epoch 114/150 [train]:  69%|██████▉   | 18/26 [00:00<00:00, 85.72it/s, S=0.3085, loss=-0.2619]
Epoch 114/150 [train]:  69%|██████▉   | 18/26 [00:00<00:00, 85.72it/s, S=0.3101, loss=-0.2724]
Epoch 114/150 [train]:  69%|██████▉   | 18/26 [00:00<00:00, 85.72it/s, S=0.3081, loss=-0.2717]
                                                                                              
Epoch 114/150  train loss=-0.2729  val loss=-0.2839  S[mean]=0.3280  ζ=0.4314  mean_plane_ζ=0.3008  reg=0.0442  λscale=1.00  lr=2.11e-04

Epoch 115/150 [train]:   0%|          | 0/26 [00:00<?, ?it/s]
Epoch 115/150 [train]:   0%|          | 0/26 [00:00<?, ?it/s, S=0.3156, loss=-0.2819]
Epoch 115/150 [train]:   0%|          | 0/26 [00:00<?, ?it/s, S=0.3064, loss=-0.2639]
Epoch 115/150 [train]:   0%|          | 0/26 [00:00<?, ?it/s, S=0.3121, loss=-0.2637]
Epoch 115/150 [train]:   0%|          | 0/26 [00:00<?, ?it/s, S=0.3114, loss=-0.2783]
Epoch 115/150 [train]:   0%|          | 0/26 [00:00<?, ?it/s, S=0.3058, loss=-0.2677]
Epoch 115/150 [train]:   0%|          | 0/26 [00:00<?, ?it/s, S=0.3128, loss=-0.2754]
Epoch 115/150 [train]:   0%|          | 0/26 [00:00<?, ?it/s, S=0.3090, loss=-0.2759]
Epoch 115/150 [train]:   0%|          | 0/26 [00:00<?, ?it/s, S=0.3054, loss=-0.2663]
Epoch 115/150 [train]:   0%|          | 0/26 [00:00<?, ?it/s, S=0.3152, loss=-0.2826]
Epoch 115/150 [train]:  35%|███▍      | 9/26 [00:00<00:00, 85.08it/s, S=0.3152, loss=-0.2826]
Epoch 115/150 [train]:  35%|███▍      | 9/26 [00:00<00:00, 85.08it/s, S=0.3145, loss=-0.2823]
Epoch 115/150 [train]:  35%|███▍      | 9/26 [00:00<00:00, 85.08it/s, S=0.3111, loss=-0.2773]
Epoch 115/150 [train]:  35%|███▍      | 9/26 [00:00<00:00, 85.08it/s, S=0.3127, loss=-0.2759]
Epoch 115/150 [train]:  35%|███▍      | 9/26 [00:00<00:00, 85.08it/s, S=0.3090, loss=-0.2731]
Epoch 115/150 [train]:  35%|███▍      | 9/26 [00:00<00:00, 85.08it/s, S=0.3083, loss=-0.2707]
Epoch 115/150 [train]:  35%|███▍      | 9/26 [00:00<00:00, 85.08it/s, S=0.3088, loss=-0.2751]
Epoch 115/150 [train]:  35%|███▍      | 9/26 [00:00<00:00, 85.08it/s, S=0.3158, loss=-0.2783]
Epoch 115/150 [train]:  35%|███▍      | 9/26 [00:00<00:00, 85.08it/s, S=0.3078, loss=-0.2703]
Epoch 115/150 [train]:  35%|███▍      | 9/26 [00:00<00:00, 85.08it/s, S=0.3091, loss=-0.2714]
Epoch 115/150 [train]:  69%|██████▉   | 18/26 [00:00<00:00, 85.57it/s, S=0.3091, loss=-0.2714]
Epoch 115/150 [train]:  69%|██████▉   | 18/26 [00:00<00:00, 85.57it/s, S=0.3154, loss=-0.2805]
Epoch 115/150 [train]:  69%|██████▉   | 18/26 [00:00<00:00, 85.57it/s, S=0.3165, loss=-0.2836]
Epoch 115/150 [train]:  69%|██████▉   | 18/26 [00:00<00:00, 85.57it/s, S=0.3091, loss=-0.2714]
Epoch 115/150 [train]:  69%|██████▉   | 18/26 [00:00<00:00, 85.57it/s, S=0.3154, loss=-0.2769]
Epoch 115/150 [train]:  69%|██████▉   | 18/26 [00:00<00:00, 85.57it/s, S=0.3137, loss=-0.2785]
Epoch 115/150 [train]:  69%|██████▉   | 18/26 [00:00<00:00, 85.57it/s, S=0.3147, loss=-0.2784]
Epoch 115/150 [train]:  69%|██████▉   | 18/26 [00:00<00:00, 85.57it/s, S=0.3139, loss=-0.2748]
Epoch 115/150 [train]:  69%|██████▉   | 18/26 [00:00<00:00, 85.57it/s, S=0.3163, loss=-0.2795]
                                                                                              
Epoch 115/150  train loss=-0.2752  val loss=-0.2839  S[mean]=0.3282  ζ=0.4305  mean_plane_ζ=0.3003  reg=0.0443  λscale=1.00  lr=2.01e-04

Epoch 116/150 [train]:   0%|          | 0/26 [00:00<?, ?it/s]
Epoch 116/150 [train]:   0%|          | 0/26 [00:00<?, ?it/s, S=0.3080, loss=-0.2733]
Epoch 116/150 [train]:   0%|          | 0/26 [00:00<?, ?it/s, S=0.3112, loss=-0.2730]
Epoch 116/150 [train]:   0%|          | 0/26 [00:00<?, ?it/s, S=0.3119, loss=-0.2791]
Epoch 116/150 [train]:   0%|          | 0/26 [00:00<?, ?it/s, S=0.3098, loss=-0.2763]
Epoch 116/150 [train]:   0%|          | 0/26 [00:00<?, ?it/s, S=0.3112, loss=-0.2745]
Epoch 116/150 [train]:   0%|          | 0/26 [00:00<?, ?it/s, S=0.3095, loss=-0.2731]
Epoch 116/150 [train]:   0%|          | 0/26 [00:00<?, ?it/s, S=0.3146, loss=-0.2790]
Epoch 116/150 [train]:   0%|          | 0/26 [00:00<?, ?it/s, S=0.3120, loss=-0.2780]
Epoch 116/150 [train]:   0%|          | 0/26 [00:00<?, ?it/s, S=0.3148, loss=-0.2744]
Epoch 116/150 [train]:  35%|███▍      | 9/26 [00:00<00:00, 85.79it/s, S=0.3148, loss=-0.2744]
Epoch 116/150 [train]:  35%|███▍      | 9/26 [00:00<00:00, 85.79it/s, S=0.3089, loss=-0.2684]
Epoch 116/150 [train]:  35%|███▍      | 9/26 [00:00<00:00, 85.79it/s, S=0.3131, loss=-0.2779]
Epoch 116/150 [train]:  35%|███▍      | 9/26 [00:00<00:00, 85.79it/s, S=0.3146, loss=-0.2783]
Epoch 116/150 [train]:  35%|███▍      | 9/26 [00:00<00:00, 85.79it/s, S=0.3128, loss=-0.2743]
Epoch 116/150 [train]:  35%|███▍      | 9/26 [00:00<00:00, 85.79it/s, S=0.3127, loss=-0.2751]
Epoch 116/150 [train]:  35%|███▍      | 9/26 [00:00<00:00, 85.79it/s, S=0.3152, loss=-0.2765]
Epoch 116/150 [train]:  35%|███▍      | 9/26 [00:00<00:00, 85.79it/s, S=0.3082, loss=-0.2747]
Epoch 116/150 [train]:  35%|███▍      | 9/26 [00:00<00:00, 85.79it/s, S=0.3121, loss=-0.2740]
Epoch 116/150 [train]:  35%|███▍      | 9/26 [00:00<00:00, 85.79it/s, S=0.3095, loss=-0.2746]
Epoch 116/150 [train]:  69%|██████▉   | 18/26 [00:00<00:00, 85.90it/s, S=0.3095, loss=-0.2746]
Epoch 116/150 [train]:  69%|██████▉   | 18/26 [00:00<00:00, 85.90it/s, S=0.3154, loss=-0.2776]
Epoch 116/150 [train]:  69%|██████▉   | 18/26 [00:00<00:00, 85.90it/s, S=0.3100, loss=-0.2762]
Epoch 116/150 [train]:  69%|██████▉   | 18/26 [00:00<00:00, 85.90it/s, S=0.3141, loss=-0.2759]
Epoch 116/150 [train]:  69%|██████▉   | 18/26 [00:00<00:00, 85.90it/s, S=0.3130, loss=-0.2775]
Epoch 116/150 [train]:  69%|██████▉   | 18/26 [00:00<00:00, 85.90it/s, S=0.3117, loss=-0.2758]
Epoch 116/150 [train]:  69%|██████▉   | 18/26 [00:00<00:00, 85.90it/s, S=0.3129, loss=-0.2787]
Epoch 116/150 [train]:  69%|██████▉   | 18/26 [00:00<00:00, 85.90it/s, S=0.3147, loss=-0.2762]
Epoch 116/150 [train]:  69%|██████▉   | 18/26 [00:00<00:00, 85.90it/s, S=0.3176, loss=-0.2843]
                                                                                              
Epoch 116/150  train loss=-0.2760  val loss=-0.2848  S[mean]=0.3286  ζ=0.4303  mean_plane_ζ=0.3007  reg=0.0438  λscale=1.00  lr=1.92e-04

Epoch 117/150 [train]:   0%|          | 0/26 [00:00<?, ?it/s]
Epoch 117/150 [train]:   0%|          | 0/26 [00:00<?, ?it/s, S=0.3185, loss=-0.2821]
Epoch 117/150 [train]:   0%|          | 0/26 [00:00<?, ?it/s, S=0.3097, loss=-0.2738]
Epoch 117/150 [train]:   0%|          | 0/26 [00:00<?, ?it/s, S=0.3062, loss=-0.2640]
Epoch 117/150 [train]:   0%|          | 0/26 [00:00<?, ?it/s, S=0.3148, loss=-0.2791]
Epoch 117/150 [train]:   0%|          | 0/26 [00:00<?, ?it/s, S=0.3063, loss=-0.2719]
Epoch 117/150 [train]:   0%|          | 0/26 [00:00<?, ?it/s, S=0.3140, loss=-0.2783]
Epoch 117/150 [train]:   0%|          | 0/26 [00:00<?, ?it/s, S=0.3134, loss=-0.2768]
Epoch 117/150 [train]:   0%|          | 0/26 [00:00<?, ?it/s, S=0.3124, loss=-0.2741]
Epoch 117/150 [train]:   0%|          | 0/26 [00:00<?, ?it/s, S=0.3150, loss=-0.2799]
Epoch 117/150 [train]:  35%|███▍      | 9/26 [00:00<00:00, 85.77it/s, S=0.3150, loss=-0.2799]
Epoch 117/150 [train]:  35%|███▍      | 9/26 [00:00<00:00, 85.77it/s, S=0.3135, loss=-0.2764]
Epoch 117/150 [train]:  35%|███▍      | 9/26 [00:00<00:00, 85.77it/s, S=0.3124, loss=-0.2785]
Epoch 117/150 [train]:  35%|███▍      | 9/26 [00:00<00:00, 85.77it/s, S=0.3150, loss=-0.2796]
Epoch 117/150 [train]:  35%|███▍      | 9/26 [00:00<00:00, 85.77it/s, S=0.3082, loss=-0.2734]
Epoch 117/150 [train]:  35%|███▍      | 9/26 [00:00<00:00, 85.77it/s, S=0.3109, loss=-0.2727]
Epoch 117/150 [train]:  35%|███▍      | 9/26 [00:00<00:00, 85.77it/s, S=0.3159, loss=-0.2820]
Epoch 117/150 [train]:  35%|███▍      | 9/26 [00:00<00:00, 85.77it/s, S=0.3084, loss=-0.2733]
Epoch 117/150 [train]:  35%|███▍      | 9/26 [00:00<00:00, 85.77it/s, S=0.3137, loss=-0.2771]
Epoch 117/150 [train]:  35%|███▍      | 9/26 [00:00<00:00, 85.77it/s, S=0.3147, loss=-0.2775]
Epoch 117/150 [train]:  69%|██████▉   | 18/26 [00:00<00:00, 85.81it/s, S=0.3147, loss=-0.2775]
Epoch 117/150 [train]:  69%|██████▉   | 18/26 [00:00<00:00, 85.81it/s, S=0.3106, loss=-0.2736]
Epoch 117/150 [train]:  69%|██████▉   | 18/26 [00:00<00:00, 85.81it/s, S=0.3108, loss=-0.2767]
Epoch 117/150 [train]:  69%|██████▉   | 18/26 [00:00<00:00, 85.81it/s, S=0.3127, loss=-0.2751]
Epoch 117/150 [train]:  69%|██████▉   | 18/26 [00:00<00:00, 85.81it/s, S=0.3135, loss=-0.2734]
Epoch 117/150 [train]:  69%|██████▉   | 18/26 [00:00<00:00, 85.81it/s, S=0.3115, loss=-0.2742]
Epoch 117/150 [train]:  69%|██████▉   | 18/26 [00:00<00:00, 85.81it/s, S=0.3150, loss=-0.2796]
Epoch 117/150 [train]:  69%|██████▉   | 18/26 [00:00<00:00, 85.81it/s, S=0.3173, loss=-0.2826]
Epoch 117/150 [train]:  69%|██████▉   | 18/26 [00:00<00:00, 85.81it/s, S=0.3134, loss=-0.2775]
                                                                                              
Epoch 117/150  train loss=-0.2763  val loss=-0.2851  S[mean]=0.3289  ζ=0.4296  mean_plane_ζ=0.3002  reg=0.0438  λscale=1.00  lr=1.82e-04

Epoch 118/150 [train]:   0%|          | 0/26 [00:00<?, ?it/s]
Epoch 118/150 [train]:   0%|          | 0/26 [00:00<?, ?it/s, S=0.3158, loss=-0.2809]
Epoch 118/150 [train]:   0%|          | 0/26 [00:00<?, ?it/s, S=0.3090, loss=-0.2738]
Epoch 118/150 [train]:   0%|          | 0/26 [00:00<?, ?it/s, S=0.3172, loss=-0.2803]
Epoch 118/150 [train]:   0%|          | 0/26 [00:00<?, ?it/s, S=0.3181, loss=-0.2818]
Epoch 118/150 [train]:   0%|          | 0/26 [00:00<?, ?it/s, S=0.3159, loss=-0.2813]
Epoch 118/150 [train]:   0%|          | 0/26 [00:00<?, ?it/s, S=0.3121, loss=-0.2804]
Epoch 118/150 [train]:   0%|          | 0/26 [00:00<?, ?it/s, S=0.3100, loss=-0.2713]
Epoch 118/150 [train]:   0%|          | 0/26 [00:00<?, ?it/s, S=0.3164, loss=-0.2815]
Epoch 118/150 [train]:   0%|          | 0/26 [00:00<?, ?it/s, S=0.3142, loss=-0.2778]
Epoch 118/150 [train]:  35%|███▍      | 9/26 [00:00<00:00, 85.75it/s, S=0.3142, loss=-0.2778]
Epoch 118/150 [train]:  35%|███▍      | 9/26 [00:00<00:00, 85.75it/s, S=0.3140, loss=-0.2759]
Epoch 118/150 [train]:  35%|███▍      | 9/26 [00:00<00:00, 85.75it/s, S=0.3131, loss=-0.2768]
Epoch 118/150 [train]:  35%|███▍      | 9/26 [00:00<00:00, 85.75it/s, S=0.3154, loss=-0.2788]
Epoch 118/150 [train]:  35%|███▍      | 9/26 [00:00<00:00, 85.75it/s, S=0.3120, loss=-0.2771]
Epoch 118/150 [train]:  35%|███▍      | 9/26 [00:00<00:00, 85.75it/s, S=0.3129, loss=-0.2782]
Epoch 118/150 [train]:  35%|███▍      | 9/26 [00:00<00:00, 85.75it/s, S=0.3099, loss=-0.2750]
Epoch 118/150 [train]:  35%|███▍      | 9/26 [00:00<00:00, 85.75it/s, S=0.3105, loss=-0.2757]
Epoch 118/150 [train]:  35%|███▍      | 9/26 [00:00<00:00, 85.75it/s, S=0.3108, loss=-0.2738]
Epoch 118/150 [train]:  35%|███▍      | 9/26 [00:00<00:00, 85.75it/s, S=0.3178, loss=-0.2831]
Epoch 118/150 [train]:  69%|██████▉   | 18/26 [00:00<00:00, 85.44it/s, S=0.3178, loss=-0.2831]
Epoch 118/150 [train]:  69%|██████▉   | 18/26 [00:00<00:00, 85.44it/s, S=0.3129, loss=-0.2735]
Epoch 118/150 [train]:  69%|██████▉   | 18/26 [00:00<00:00, 85.44it/s, S=0.3114, loss=-0.2753]
Epoch 118/150 [train]:  69%|██████▉   | 18/26 [00:00<00:00, 85.44it/s, S=0.3096, loss=-0.2726]
Epoch 118/150 [train]:  69%|██████▉   | 18/26 [00:00<00:00, 85.44it/s, S=0.3111, loss=-0.2723]
Epoch 118/150 [train]:  69%|██████▉   | 18/26 [00:00<00:00, 85.44it/s, S=0.3193, loss=-0.2818]
Epoch 118/150 [train]:  69%|██████▉   | 18/26 [00:00<00:00, 85.44it/s, S=0.3150, loss=-0.2812]
Epoch 118/150 [train]:  69%|██████▉   | 18/26 [00:00<00:00, 85.44it/s, S=0.3150, loss=-0.2807]
Epoch 118/150 [train]:  69%|██████▉   | 18/26 [00:00<00:00, 85.44it/s, S=0.3136, loss=-0.2725]
                                                                                              
Epoch 118/150  train loss=-0.2774  val loss=-0.2850  S[mean]=0.3291  ζ=0.4291  mean_plane_ζ=0.3000  reg=0.0440  λscale=1.00  lr=1.73e-04

Epoch 119/150 [train]:   0%|          | 0/26 [00:00<?, ?it/s]
Epoch 119/150 [train]:   0%|          | 0/26 [00:00<?, ?it/s, S=0.3066, loss=-0.2565]
Epoch 119/150 [train]:   0%|          | 0/26 [00:00<?, ?it/s, S=0.3118, loss=-0.2733]
Epoch 119/150 [train]:   0%|          | 0/26 [00:00<?, ?it/s, S=0.3122, loss=-0.2800]
Epoch 119/150 [train]:   0%|          | 0/26 [00:00<?, ?it/s, S=0.3121, loss=-0.2764]
Epoch 119/150 [train]:   0%|          | 0/26 [00:00<?, ?it/s, S=0.3144, loss=-0.2714]
Epoch 119/150 [train]:   0%|          | 0/26 [00:00<?, ?it/s, S=0.3129, loss=-0.2707]
Epoch 119/150 [train]:   0%|          | 0/26 [00:00<?, ?it/s, S=0.3098, loss=-0.2759]
Epoch 119/150 [train]:   0%|          | 0/26 [00:00<?, ?it/s, S=0.3111, loss=-0.2743]
Epoch 119/150 [train]:   0%|          | 0/26 [00:00<?, ?it/s, S=0.3142, loss=-0.2739]
Epoch 119/150 [train]:  35%|███▍      | 9/26 [00:00<00:00, 85.54it/s, S=0.3142, loss=-0.2739]
Epoch 119/150 [train]:  35%|███▍      | 9/26 [00:00<00:00, 85.54it/s, S=0.3153, loss=-0.2732]
Epoch 119/150 [train]:  35%|███▍      | 9/26 [00:00<00:00, 85.54it/s, S=0.3134, loss=-0.2777]
Epoch 119/150 [train]:  35%|███▍      | 9/26 [00:00<00:00, 85.54it/s, S=0.3121, loss=-0.2768]
Epoch 119/150 [train]:  35%|███▍      | 9/26 [00:00<00:00, 85.54it/s, S=0.3038, loss=-0.2665]
Epoch 119/150 [train]:  35%|███▍      | 9/26 [00:00<00:00, 85.54it/s, S=0.3128, loss=-0.2787]
Epoch 119/150 [train]:  35%|███▍      | 9/26 [00:00<00:00, 85.54it/s, S=0.3159, loss=-0.2844]
Epoch 119/150 [train]:  35%|███▍      | 9/26 [00:00<00:00, 85.54it/s, S=0.3158, loss=-0.2824]
Epoch 119/150 [train]:  35%|███▍      | 9/26 [00:00<00:00, 85.54it/s, S=0.3092, loss=-0.2732]
Epoch 119/150 [train]:  35%|███▍      | 9/26 [00:00<00:00, 85.54it/s, S=0.3099, loss=-0.2617]
Epoch 119/150 [train]:  69%|██████▉   | 18/26 [00:00<00:00, 85.65it/s, S=0.3099, loss=-0.2617]
Epoch 119/150 [train]:  69%|██████▉   | 18/26 [00:00<00:00, 85.65it/s, S=0.3098, loss=-0.2726]
Epoch 119/150 [train]:  69%|██████▉   | 18/26 [00:00<00:00, 85.65it/s, S=0.3070, loss=-0.2664]
Epoch 119/150 [train]:  69%|██████▉   | 18/26 [00:00<00:00, 85.65it/s, S=0.3112, loss=-0.2717]
Epoch 119/150 [train]:  69%|██████▉   | 18/26 [00:00<00:00, 85.65it/s, S=0.3183, loss=-0.2853]
Epoch 119/150 [train]:  69%|██████▉   | 18/26 [00:00<00:00, 85.65it/s, S=0.3162, loss=-0.2819]
Epoch 119/150 [train]:  69%|██████▉   | 18/26 [00:00<00:00, 85.65it/s, S=0.3149, loss=-0.2805]
Epoch 119/150 [train]:  69%|██████▉   | 18/26 [00:00<00:00, 85.65it/s, S=0.3135, loss=-0.2779]
Epoch 119/150 [train]:  69%|██████▉   | 18/26 [00:00<00:00, 85.65it/s, S=0.3143, loss=-0.2779]
                                                                                              
Epoch 119/150  train loss=-0.2747  val loss=-0.2857  S[mean]=0.3295  ζ=0.4283  mean_plane_ζ=0.2996  reg=0.0439  λscale=1.00  lr=1.63e-04

Epoch 120/150 [train]:   0%|          | 0/26 [00:00<?, ?it/s]
Epoch 120/150 [train]:   0%|          | 0/26 [00:00<?, ?it/s, S=0.3141, loss=-0.2825]
Epoch 120/150 [train]:   0%|          | 0/26 [00:00<?, ?it/s, S=0.3152, loss=-0.2807]
Epoch 120/150 [train]:   0%|          | 0/26 [00:00<?, ?it/s, S=0.3219, loss=-0.2881]
Epoch 120/150 [train]:   0%|          | 0/26 [00:00<?, ?it/s, S=0.3171, loss=-0.2823]
Epoch 120/150 [train]:   0%|          | 0/26 [00:00<?, ?it/s, S=0.3117, loss=-0.2670]
Epoch 120/150 [train]:   0%|          | 0/26 [00:00<?, ?it/s, S=0.3093, loss=-0.2692]
Epoch 120/150 [train]:   0%|          | 0/26 [00:00<?, ?it/s, S=0.3164, loss=-0.2801]
Epoch 120/150 [train]:   0%|          | 0/26 [00:00<?, ?it/s, S=0.3144, loss=-0.2806]
Epoch 120/150 [train]:   0%|          | 0/26 [00:00<?, ?it/s, S=0.3113, loss=-0.2730]
Epoch 120/150 [train]:  35%|███▍      | 9/26 [00:00<00:00, 85.64it/s, S=0.3113, loss=-0.2730]
Epoch 120/150 [train]:  35%|███▍      | 9/26 [00:00<00:00, 85.64it/s, S=0.3160, loss=-0.2806]
Epoch 120/150 [train]:  35%|███▍      | 9/26 [00:00<00:00, 85.64it/s, S=0.3118, loss=-0.2768]
Epoch 120/150 [train]:  35%|███▍      | 9/26 [00:00<00:00, 85.64it/s, S=0.3161, loss=-0.2770]
Epoch 120/150 [train]:  35%|███▍      | 9/26 [00:00<00:00, 85.64it/s, S=0.3132, loss=-0.2775]
Epoch 120/150 [train]:  35%|███▍      | 9/26 [00:00<00:00, 85.64it/s, S=0.3072, loss=-0.2601]
Epoch 120/150 [train]:  35%|███▍      | 9/26 [00:00<00:00, 85.64it/s, S=0.3111, loss=-0.2701]
Epoch 120/150 [train]:  35%|███▍      | 9/26 [00:00<00:00, 85.64it/s, S=0.3115, loss=-0.2742]
Epoch 120/150 [train]:  35%|███▍      | 9/26 [00:00<00:00, 85.64it/s, S=0.3133, loss=-0.2761]
Epoch 120/150 [train]:  35%|███▍      | 9/26 [00:00<00:00, 85.64it/s, S=0.3145, loss=-0.2787]
Epoch 120/150 [train]:  69%|██████▉   | 18/26 [00:00<00:00, 85.78it/s, S=0.3145, loss=-0.2787]
Epoch 120/150 [train]:  69%|██████▉   | 18/26 [00:00<00:00, 85.78it/s, S=0.3141, loss=-0.2792]
Epoch 120/150 [train]:  69%|██████▉   | 18/26 [00:00<00:00, 85.78it/s, S=0.3123, loss=-0.2723]
Epoch 120/150 [train]:  69%|██████▉   | 18/26 [00:00<00:00, 85.78it/s, S=0.3150, loss=-0.2816]
Epoch 120/150 [train]:  69%|██████▉   | 18/26 [00:00<00:00, 85.78it/s, S=0.3133, loss=-0.2777]
Epoch 120/150 [train]:  69%|██████▉   | 18/26 [00:00<00:00, 85.78it/s, S=0.3141, loss=-0.2821]
Epoch 120/150 [train]:  69%|██████▉   | 18/26 [00:00<00:00, 85.78it/s, S=0.3104, loss=-0.2791]
Epoch 120/150 [train]:  69%|██████▉   | 18/26 [00:00<00:00, 85.78it/s, S=0.3120, loss=-0.2697]
Epoch 120/150 [train]:  69%|██████▉   | 18/26 [00:00<00:00, 85.78it/s, S=0.3108, loss=-0.2685]
                                                                                              
Epoch 120/150  train loss=-0.2763  val loss=-0.2862  S[mean]=0.3298  ζ=0.4278  mean_plane_ζ=0.2998  reg=0.0436  λscale=1.00  lr=1.54e-04

Epoch 121/150 [train]:   0%|          | 0/26 [00:00<?, ?it/s]
Epoch 121/150 [train]:   0%|          | 0/26 [00:00<?, ?it/s, S=0.3152, loss=-0.2773]
Epoch 121/150 [train]:   0%|          | 0/26 [00:00<?, ?it/s, S=0.3146, loss=-0.2821]
Epoch 121/150 [train]:   0%|          | 0/26 [00:00<?, ?it/s, S=0.3179, loss=-0.2834]
Epoch 121/150 [train]:   0%|          | 0/26 [00:00<?, ?it/s, S=0.3139, loss=-0.2802]
Epoch 121/150 [train]:   0%|          | 0/26 [00:00<?, ?it/s, S=0.3128, loss=-0.2775]
Epoch 121/150 [train]:   0%|          | 0/26 [00:00<?, ?it/s, S=0.3137, loss=-0.2793]
Epoch 121/150 [train]:   0%|          | 0/26 [00:00<?, ?it/s, S=0.3153, loss=-0.2820]
Epoch 121/150 [train]:   0%|          | 0/26 [00:00<?, ?it/s, S=0.3092, loss=-0.2759]
Epoch 121/150 [train]:   0%|          | 0/26 [00:00<?, ?it/s, S=0.3139, loss=-0.2742]
Epoch 121/150 [train]:  35%|███▍      | 9/26 [00:00<00:00, 85.78it/s, S=0.3139, loss=-0.2742]
Epoch 121/150 [train]:  35%|███▍      | 9/26 [00:00<00:00, 85.78it/s, S=0.3187, loss=-0.2844]
Epoch 121/150 [train]:  35%|███▍      | 9/26 [00:00<00:00, 85.78it/s, S=0.3130, loss=-0.2694]
Epoch 121/150 [train]:  35%|███▍      | 9/26 [00:00<00:00, 85.78it/s, S=0.3059, loss=-0.2642]
Epoch 121/150 [train]:  35%|███▍      | 9/26 [00:00<00:00, 85.78it/s, S=0.3095, loss=-0.2737]
Epoch 121/150 [train]:  35%|███▍      | 9/26 [00:00<00:00, 85.78it/s, S=0.3103, loss=-0.2714]
Epoch 121/150 [train]:  35%|███▍      | 9/26 [00:00<00:00, 85.78it/s, S=0.3140, loss=-0.2736]
Epoch 121/150 [train]:  35%|███▍      | 9/26 [00:00<00:00, 85.78it/s, S=0.3159, loss=-0.2773]
Epoch 121/150 [train]:  35%|███▍      | 9/26 [00:00<00:00, 85.78it/s, S=0.3168, loss=-0.2827]
Epoch 121/150 [train]:  35%|███▍      | 9/26 [00:00<00:00, 85.78it/s, S=0.3133, loss=-0.2757]
Epoch 121/150 [train]:  69%|██████▉   | 18/26 [00:00<00:00, 85.92it/s, S=0.3133, loss=-0.2757]
Epoch 121/150 [train]:  69%|██████▉   | 18/26 [00:00<00:00, 85.92it/s, S=0.3156, loss=-0.2834]
Epoch 121/150 [train]:  69%|██████▉   | 18/26 [00:00<00:00, 85.92it/s, S=0.3171, loss=-0.2804]
Epoch 121/150 [train]:  69%|██████▉   | 18/26 [00:00<00:00, 85.92it/s, S=0.3155, loss=-0.2808]
Epoch 121/150 [train]:  69%|██████▉   | 18/26 [00:00<00:00, 85.92it/s, S=0.3150, loss=-0.2765]
Epoch 121/150 [train]:  69%|██████▉   | 18/26 [00:00<00:00, 85.92it/s, S=0.3113, loss=-0.2724]
Epoch 121/150 [train]:  69%|██████▉   | 18/26 [00:00<00:00, 85.92it/s, S=0.3133, loss=-0.2735]
Epoch 121/150 [train]:  69%|██████▉   | 18/26 [00:00<00:00, 85.92it/s, S=0.3102, loss=-0.2702]
Epoch 121/150 [train]:  69%|██████▉   | 18/26 [00:00<00:00, 85.92it/s, S=0.3169, loss=-0.2831]
                                                                                              
Epoch 121/150  train loss=-0.2771  val loss=-0.2868  S[mean]=0.3303  ζ=0.4272  mean_plane_ζ=0.2996  reg=0.0434  λscale=1.00  lr=1.45e-04

Epoch 122/150 [train]:   0%|          | 0/26 [00:00<?, ?it/s]
Epoch 122/150 [train]:   0%|          | 0/26 [00:00<?, ?it/s, S=0.3145, loss=-0.2718]
Epoch 122/150 [train]:   0%|          | 0/26 [00:00<?, ?it/s, S=0.3165, loss=-0.2825]
Epoch 122/150 [train]:   0%|          | 0/26 [00:00<?, ?it/s, S=0.3163, loss=-0.2813]
Epoch 122/150 [train]:   0%|          | 0/26 [00:00<?, ?it/s, S=0.3100, loss=-0.2733]
Epoch 122/150 [train]:   0%|          | 0/26 [00:00<?, ?it/s, S=0.3161, loss=-0.2774]
Epoch 122/150 [train]:   0%|          | 0/26 [00:00<?, ?it/s, S=0.3153, loss=-0.2787]
Epoch 122/150 [train]:   0%|          | 0/26 [00:00<?, ?it/s, S=0.3119, loss=-0.2732]
Epoch 122/150 [train]:   0%|          | 0/26 [00:00<?, ?it/s, S=0.3182, loss=-0.2821]
Epoch 122/150 [train]:   0%|          | 0/26 [00:00<?, ?it/s, S=0.3096, loss=-0.2674]
Epoch 122/150 [train]:  35%|███▍      | 9/26 [00:00<00:00, 85.73it/s, S=0.3096, loss=-0.2674]
Epoch 122/150 [train]:  35%|███▍      | 9/26 [00:00<00:00, 85.73it/s, S=0.3145, loss=-0.2799]
Epoch 122/150 [train]:  35%|███▍      | 9/26 [00:00<00:00, 85.73it/s, S=0.3151, loss=-0.2795]
Epoch 122/150 [train]:  35%|███▍      | 9/26 [00:00<00:00, 85.73it/s, S=0.3155, loss=-0.2800]
Epoch 122/150 [train]:  35%|███▍      | 9/26 [00:00<00:00, 85.73it/s, S=0.3145, loss=-0.2772]
Epoch 122/150 [train]:  35%|███▍      | 9/26 [00:00<00:00, 85.73it/s, S=0.3184, loss=-0.2806]
Epoch 122/150 [train]:  35%|███▍      | 9/26 [00:00<00:00, 85.73it/s, S=0.3155, loss=-0.2795]
Epoch 122/150 [train]:  35%|███▍      | 9/26 [00:00<00:00, 85.73it/s, S=0.3159, loss=-0.2765]
Epoch 122/150 [train]:  35%|███▍      | 9/26 [00:00<00:00, 85.73it/s, S=0.3112, loss=-0.2721]
Epoch 122/150 [train]:  35%|███▍      | 9/26 [00:00<00:00, 85.73it/s, S=0.3109, loss=-0.2773]
Epoch 122/150 [train]:  69%|██████▉   | 18/26 [00:00<00:00, 85.84it/s, S=0.3109, loss=-0.2773]
Epoch 122/150 [train]:  69%|██████▉   | 18/26 [00:00<00:00, 85.84it/s, S=0.3169, loss=-0.2791]
Epoch 122/150 [train]:  69%|██████▉   | 18/26 [00:00<00:00, 85.84it/s, S=0.3144, loss=-0.2747]
Epoch 122/150 [train]:  69%|██████▉   | 18/26 [00:00<00:00, 85.84it/s, S=0.3129, loss=-0.2783]
Epoch 122/150 [train]:  69%|██████▉   | 18/26 [00:00<00:00, 85.84it/s, S=0.3144, loss=-0.2802]
Epoch 122/150 [train]:  69%|██████▉   | 18/26 [00:00<00:00, 85.84it/s, S=0.3100, loss=-0.2714]
Epoch 122/150 [train]:  69%|██████▉   | 18/26 [00:00<00:00, 85.84it/s, S=0.3158, loss=-0.2732]
Epoch 122/150 [train]:  69%|██████▉   | 18/26 [00:00<00:00, 85.84it/s, S=0.3135, loss=-0.2754]
Epoch 122/150 [train]:  69%|██████▉   | 18/26 [00:00<00:00, 85.84it/s, S=0.3103, loss=-0.2769]
                                                                                              
Epoch 122/150  train loss=-0.2769  val loss=-0.2867  S[mean]=0.3304  ζ=0.4267  mean_plane_ζ=0.2993  reg=0.0437  λscale=1.00  lr=1.37e-04

Epoch 123/150 [train]:   0%|          | 0/26 [00:00<?, ?it/s]
Epoch 123/150 [train]:   0%|          | 0/26 [00:00<?, ?it/s, S=0.3156, loss=-0.2741]
Epoch 123/150 [train]:   0%|          | 0/26 [00:00<?, ?it/s, S=0.3166, loss=-0.2742]
Epoch 123/150 [train]:   0%|          | 0/26 [00:00<?, ?it/s, S=0.3142, loss=-0.2754]
Epoch 123/150 [train]:   0%|          | 0/26 [00:00<?, ?it/s, S=0.3171, loss=-0.2853]
Epoch 123/150 [train]:   0%|          | 0/26 [00:00<?, ?it/s, S=0.3170, loss=-0.2844]
Epoch 123/150 [train]:   0%|          | 0/26 [00:00<?, ?it/s, S=0.3184, loss=-0.2822]
Epoch 123/150 [train]:   0%|          | 0/26 [00:00<?, ?it/s, S=0.3142, loss=-0.2802]
Epoch 123/150 [train]:   0%|          | 0/26 [00:00<?, ?it/s, S=0.3127, loss=-0.2754]
Epoch 123/150 [train]:   0%|          | 0/26 [00:00<?, ?it/s, S=0.3149, loss=-0.2757]
Epoch 123/150 [train]:  35%|███▍      | 9/26 [00:00<00:00, 85.39it/s, S=0.3149, loss=-0.2757]
Epoch 123/150 [train]:  35%|███▍      | 9/26 [00:00<00:00, 85.39it/s, S=0.3146, loss=-0.2789]
Epoch 123/150 [train]:  35%|███▍      | 9/26 [00:00<00:00, 85.39it/s, S=0.3149, loss=-0.2816]
Epoch 123/150 [train]:  35%|███▍      | 9/26 [00:00<00:00, 85.39it/s, S=0.3121, loss=-0.2769]
Epoch 123/150 [train]:  35%|███▍      | 9/26 [00:00<00:00, 85.39it/s, S=0.3131, loss=-0.2755]
Epoch 123/150 [train]:  35%|███▍      | 9/26 [00:00<00:00, 85.39it/s, S=0.3180, loss=-0.2810]
Epoch 123/150 [train]:  35%|███▍      | 9/26 [00:00<00:00, 85.39it/s, S=0.3130, loss=-0.2750]
Epoch 123/150 [train]:  35%|███▍      | 9/26 [00:00<00:00, 85.39it/s, S=0.3154, loss=-0.2795]
Epoch 123/150 [train]:  35%|███▍      | 9/26 [00:00<00:00, 85.39it/s, S=0.3148, loss=-0.2829]
Epoch 123/150 [train]:  35%|███▍      | 9/26 [00:00<00:00, 85.39it/s, S=0.3155, loss=-0.2804]
Epoch 123/150 [train]:  69%|██████▉   | 18/26 [00:00<00:00, 85.68it/s, S=0.3155, loss=-0.2804]
Epoch 123/150 [train]:  69%|██████▉   | 18/26 [00:00<00:00, 85.68it/s, S=0.3207, loss=-0.2865]
Epoch 123/150 [train]:  69%|██████▉   | 18/26 [00:00<00:00, 85.68it/s, S=0.3137, loss=-0.2812]
Epoch 123/150 [train]:  69%|██████▉   | 18/26 [00:00<00:00, 85.68it/s, S=0.3150, loss=-0.2738]
Epoch 123/150 [train]:  69%|██████▉   | 18/26 [00:00<00:00, 85.68it/s, S=0.3156, loss=-0.2750]
Epoch 123/150 [train]:  69%|██████▉   | 18/26 [00:00<00:00, 85.68it/s, S=0.3131, loss=-0.2720]
Epoch 123/150 [train]:  69%|██████▉   | 18/26 [00:00<00:00, 85.68it/s, S=0.3160, loss=-0.2772]
Epoch 123/150 [train]:  69%|██████▉   | 18/26 [00:00<00:00, 85.68it/s, S=0.3120, loss=-0.2779]
Epoch 123/150 [train]:  69%|██████▉   | 18/26 [00:00<00:00, 85.68it/s, S=0.3156, loss=-0.2834]
                                                                                              
Epoch 123/150  train loss=-0.2787  val loss=-0.2876  S[mean]=0.3310  ζ=0.4262  mean_plane_ζ=0.2994  reg=0.0434  λscale=1.00  lr=1.28e-04

Epoch 124/150 [train]:   0%|          | 0/26 [00:00<?, ?it/s]
Epoch 124/150 [train]:   0%|          | 0/26 [00:00<?, ?it/s, S=0.3133, loss=-0.2794]
Epoch 124/150 [train]:   0%|          | 0/26 [00:00<?, ?it/s, S=0.3206, loss=-0.2878]
Epoch 124/150 [train]:   0%|          | 0/26 [00:00<?, ?it/s, S=0.3184, loss=-0.2822]
Epoch 124/150 [train]:   0%|          | 0/26 [00:00<?, ?it/s, S=0.3166, loss=-0.2817]
Epoch 124/150 [train]:   0%|          | 0/26 [00:00<?, ?it/s, S=0.3182, loss=-0.2838]
Epoch 124/150 [train]:   0%|          | 0/26 [00:00<?, ?it/s, S=0.3198, loss=-0.2870]
Epoch 124/150 [train]:   0%|          | 0/26 [00:00<?, ?it/s, S=0.3142, loss=-0.2775]
Epoch 124/150 [train]:   0%|          | 0/26 [00:00<?, ?it/s, S=0.3177, loss=-0.2830]
Epoch 124/150 [train]:   0%|          | 0/26 [00:00<?, ?it/s, S=0.3145, loss=-0.2806]
Epoch 124/150 [train]:  35%|███▍      | 9/26 [00:00<00:00, 85.49it/s, S=0.3145, loss=-0.2806]
Epoch 124/150 [train]:  35%|███▍      | 9/26 [00:00<00:00, 85.49it/s, S=0.3150, loss=-0.2779]
Epoch 124/150 [train]:  35%|███▍      | 9/26 [00:00<00:00, 85.49it/s, S=0.3104, loss=-0.2769]
Epoch 124/150 [train]:  35%|███▍      | 9/26 [00:00<00:00, 85.49it/s, S=0.3121, loss=-0.2748]
Epoch 124/150 [train]:  35%|███▍      | 9/26 [00:00<00:00, 85.49it/s, S=0.3213, loss=-0.2872]
Epoch 124/150 [train]:  35%|███▍      | 9/26 [00:00<00:00, 85.49it/s, S=0.3159, loss=-0.2806]
Epoch 124/150 [train]:  35%|███▍      | 9/26 [00:00<00:00, 85.49it/s, S=0.3163, loss=-0.2845]
Epoch 124/150 [train]:  35%|███▍      | 9/26 [00:00<00:00, 85.49it/s, S=0.3204, loss=-0.2832]
Epoch 124/150 [train]:  35%|███▍      | 9/26 [00:00<00:00, 85.49it/s, S=0.3146, loss=-0.2808]
Epoch 124/150 [train]:  35%|███▍      | 9/26 [00:00<00:00, 85.49it/s, S=0.3150, loss=-0.2767]
Epoch 124/150 [train]:  69%|██████▉   | 18/26 [00:00<00:00, 85.75it/s, S=0.3150, loss=-0.2767]
Epoch 124/150 [train]:  69%|██████▉   | 18/26 [00:00<00:00, 85.75it/s, S=0.3152, loss=-0.2783]
Epoch 124/150 [train]:  69%|██████▉   | 18/26 [00:00<00:00, 85.75it/s, S=0.3170, loss=-0.2808]
Epoch 124/150 [train]:  69%|██████▉   | 18/26 [00:00<00:00, 85.75it/s, S=0.3169, loss=-0.2806]
Epoch 124/150 [train]:  69%|██████▉   | 18/26 [00:00<00:00, 85.75it/s, S=0.3096, loss=-0.2724]
Epoch 124/150 [train]:  69%|██████▉   | 18/26 [00:00<00:00, 85.75it/s, S=0.3166, loss=-0.2824]
Epoch 124/150 [train]:  69%|██████▉   | 18/26 [00:00<00:00, 85.75it/s, S=0.3186, loss=-0.2789]
Epoch 124/150 [train]:  69%|██████▉   | 18/26 [00:00<00:00, 85.75it/s, S=0.3179, loss=-0.2794]
Epoch 124/150 [train]:  69%|██████▉   | 18/26 [00:00<00:00, 85.75it/s, S=0.3155, loss=-0.2789]
                                                                                              
Epoch 124/150  train loss=-0.2807  val loss=-0.2881  S[mean]=0.3314  ζ=0.4257  mean_plane_ζ=0.2994  reg=0.0433  λscale=1.00  lr=1.19e-04

Epoch 125/150 [train]:   0%|          | 0/26 [00:00<?, ?it/s]
Epoch 125/150 [train]:   0%|          | 0/26 [00:00<?, ?it/s, S=0.3189, loss=-0.2847]
Epoch 125/150 [train]:   0%|          | 0/26 [00:00<?, ?it/s, S=0.3144, loss=-0.2751]
Epoch 125/150 [train]:   0%|          | 0/26 [00:00<?, ?it/s, S=0.3137, loss=-0.2711]
Epoch 125/150 [train]:   0%|          | 0/26 [00:00<?, ?it/s, S=0.3127, loss=-0.2712]
Epoch 125/150 [train]:   0%|          | 0/26 [00:00<?, ?it/s, S=0.3190, loss=-0.2850]
Epoch 125/150 [train]:   0%|          | 0/26 [00:00<?, ?it/s, S=0.3187, loss=-0.2866]
Epoch 125/150 [train]:   0%|          | 0/26 [00:00<?, ?it/s, S=0.3179, loss=-0.2848]
Epoch 125/150 [train]:   0%|          | 0/26 [00:00<?, ?it/s, S=0.3161, loss=-0.2783]
Epoch 125/150 [train]:   0%|          | 0/26 [00:00<?, ?it/s, S=0.3200, loss=-0.2830]
Epoch 125/150 [train]:  35%|███▍      | 9/26 [00:00<00:00, 85.39it/s, S=0.3200, loss=-0.2830]
Epoch 125/150 [train]:  35%|███▍      | 9/26 [00:00<00:00, 85.39it/s, S=0.3106, loss=-0.2695]
Epoch 125/150 [train]:  35%|███▍      | 9/26 [00:00<00:00, 85.39it/s, S=0.3152, loss=-0.2826]
Epoch 125/150 [train]:  35%|███▍      | 9/26 [00:00<00:00, 85.39it/s, S=0.3167, loss=-0.2834]
Epoch 125/150 [train]:  35%|███▍      | 9/26 [00:00<00:00, 85.39it/s, S=0.3198, loss=-0.2853]
Epoch 125/150 [train]:  35%|███▍      | 9/26 [00:00<00:00, 85.39it/s, S=0.3120, loss=-0.2769]
Epoch 125/150 [train]:  35%|███▍      | 9/26 [00:00<00:00, 85.39it/s, S=0.3123, loss=-0.2696]
Epoch 125/150 [train]:  35%|███▍      | 9/26 [00:00<00:00, 85.39it/s, S=0.3137, loss=-0.2785]
Epoch 125/150 [train]:  35%|███▍      | 9/26 [00:00<00:00, 85.39it/s, S=0.3143, loss=-0.2739]
Epoch 125/150 [train]:  35%|███▍      | 9/26 [00:00<00:00, 85.39it/s, S=0.3118, loss=-0.2740]
Epoch 125/150 [train]:  69%|██████▉   | 18/26 [00:00<00:00, 85.66it/s, S=0.3118, loss=-0.2740]
Epoch 125/150 [train]:  69%|██████▉   | 18/26 [00:00<00:00, 85.66it/s, S=0.3160, loss=-0.2793]
Epoch 125/150 [train]:  69%|██████▉   | 18/26 [00:00<00:00, 85.66it/s, S=0.3186, loss=-0.2830]
Epoch 125/150 [train]:  69%|██████▉   | 18/26 [00:00<00:00, 85.66it/s, S=0.3208, loss=-0.2873]
Epoch 125/150 [train]:  69%|██████▉   | 18/26 [00:00<00:00, 85.66it/s, S=0.3187, loss=-0.2839]
Epoch 125/150 [train]:  69%|██████▉   | 18/26 [00:00<00:00, 85.66it/s, S=0.3138, loss=-0.2722]
Epoch 125/150 [train]:  69%|██████▉   | 18/26 [00:00<00:00, 85.66it/s, S=0.3159, loss=-0.2820]
Epoch 125/150 [train]:  69%|██████▉   | 18/26 [00:00<00:00, 85.66it/s, S=0.3163, loss=-0.2827]
Epoch 125/150 [train]:  69%|██████▉   | 18/26 [00:00<00:00, 85.66it/s, S=0.3184, loss=-0.2852]
                                                                                              
Epoch 125/150  train loss=-0.2796  val loss=-0.2882  S[mean]=0.3315  ζ=0.4249  mean_plane_ζ=0.2990  reg=0.0433  λscale=1.00  lr=1.11e-04

Epoch 126/150 [train]:   0%|          | 0/26 [00:00<?, ?it/s]
Epoch 126/150 [train]:   0%|          | 0/26 [00:00<?, ?it/s, S=0.3176, loss=-0.2845]
Epoch 126/150 [train]:   0%|          | 0/26 [00:00<?, ?it/s, S=0.3137, loss=-0.2797]
Epoch 126/150 [train]:   0%|          | 0/26 [00:00<?, ?it/s, S=0.3163, loss=-0.2830]
Epoch 126/150 [train]:   0%|          | 0/26 [00:00<?, ?it/s, S=0.3147, loss=-0.2765]
Epoch 126/150 [train]:   0%|          | 0/26 [00:00<?, ?it/s, S=0.3063, loss=-0.2693]
Epoch 126/150 [train]:   0%|          | 0/26 [00:00<?, ?it/s, S=0.3160, loss=-0.2808]
Epoch 126/150 [train]:   0%|          | 0/26 [00:00<?, ?it/s, S=0.3166, loss=-0.2810]
Epoch 126/150 [train]:   0%|          | 0/26 [00:00<?, ?it/s, S=0.3161, loss=-0.2825]
Epoch 126/150 [train]:   0%|          | 0/26 [00:00<?, ?it/s, S=0.3234, loss=-0.2904]
Epoch 126/150 [train]:  35%|███▍      | 9/26 [00:00<00:00, 85.79it/s, S=0.3234, loss=-0.2904]
Epoch 126/150 [train]:  35%|███▍      | 9/26 [00:00<00:00, 85.79it/s, S=0.3206, loss=-0.2862]
Epoch 126/150 [train]:  35%|███▍      | 9/26 [00:00<00:00, 85.79it/s, S=0.3177, loss=-0.2819]
Epoch 126/150 [train]:  35%|███▍      | 9/26 [00:00<00:00, 85.79it/s, S=0.3151, loss=-0.2656]
Epoch 126/150 [train]:  35%|███▍      | 9/26 [00:00<00:00, 85.79it/s, S=0.3217, loss=-0.2877]
Epoch 126/150 [train]:  35%|███▍      | 9/26 [00:00<00:00, 85.79it/s, S=0.3213, loss=-0.2857]
Epoch 126/150 [train]:  35%|███▍      | 9/26 [00:00<00:00, 85.79it/s, S=0.3206, loss=-0.2871]
Epoch 126/150 [train]:  35%|███▍      | 9/26 [00:00<00:00, 85.79it/s, S=0.3172, loss=-0.2816]
Epoch 126/150 [train]:  35%|███▍      | 9/26 [00:00<00:00, 85.79it/s, S=0.3181, loss=-0.2804]
Epoch 126/150 [train]:  35%|███▍      | 9/26 [00:00<00:00, 85.79it/s, S=0.3170, loss=-0.2829]
Epoch 126/150 [train]:  69%|██████▉   | 18/26 [00:00<00:00, 85.75it/s, S=0.3170, loss=-0.2829]
Epoch 126/150 [train]:  69%|██████▉   | 18/26 [00:00<00:00, 85.75it/s, S=0.3114, loss=-0.2694]
Epoch 126/150 [train]:  69%|██████▉   | 18/26 [00:00<00:00, 85.75it/s, S=0.3171, loss=-0.2823]
Epoch 126/150 [train]:  69%|██████▉   | 18/26 [00:00<00:00, 85.75it/s, S=0.3148, loss=-0.2801]
Epoch 126/150 [train]:  69%|██████▉   | 18/26 [00:00<00:00, 85.75it/s, S=0.3151, loss=-0.2727]
Epoch 126/150 [train]:  69%|██████▉   | 18/26 [00:00<00:00, 85.75it/s, S=0.3164, loss=-0.2804]
Epoch 126/150 [train]:  69%|██████▉   | 18/26 [00:00<00:00, 85.75it/s, S=0.3146, loss=-0.2774]
Epoch 126/150 [train]:  69%|██████▉   | 18/26 [00:00<00:00, 85.75it/s, S=0.3110, loss=-0.2676]
Epoch 126/150 [train]:  69%|██████▉   | 18/26 [00:00<00:00, 85.75it/s, S=0.3195, loss=-0.2816]
                                                                                              
Epoch 126/150  train loss=-0.2799  val loss=-0.2886  S[mean]=0.3318  ζ=0.4243  mean_plane_ζ=0.2991  reg=0.0432  λscale=1.00  lr=1.03e-04

Epoch 127/150 [train]:   0%|          | 0/26 [00:00<?, ?it/s]
Epoch 127/150 [train]:   0%|          | 0/26 [00:00<?, ?it/s, S=0.3172, loss=-0.2826]
Epoch 127/150 [train]:   0%|          | 0/26 [00:00<?, ?it/s, S=0.3149, loss=-0.2803]
Epoch 127/150 [train]:   0%|          | 0/26 [00:00<?, ?it/s, S=0.3154, loss=-0.2770]
Epoch 127/150 [train]:   0%|          | 0/26 [00:00<?, ?it/s, S=0.3174, loss=-0.2854]
Epoch 127/150 [train]:   0%|          | 0/26 [00:00<?, ?it/s, S=0.3189, loss=-0.2852]
Epoch 127/150 [train]:   0%|          | 0/26 [00:00<?, ?it/s, S=0.3144, loss=-0.2795]
Epoch 127/150 [train]:   0%|          | 0/26 [00:00<?, ?it/s, S=0.3226, loss=-0.2877]
Epoch 127/150 [train]:   0%|          | 0/26 [00:00<?, ?it/s, S=0.3173, loss=-0.2745]
Epoch 127/150 [train]:   0%|          | 0/26 [00:00<?, ?it/s, S=0.3184, loss=-0.2835]
Epoch 127/150 [train]:  35%|███▍      | 9/26 [00:00<00:00, 85.52it/s, S=0.3184, loss=-0.2835]
Epoch 127/150 [train]:  35%|███▍      | 9/26 [00:00<00:00, 85.52it/s, S=0.3133, loss=-0.2780]
Epoch 127/150 [train]:  35%|███▍      | 9/26 [00:00<00:00, 85.52it/s, S=0.3192, loss=-0.2787]
Epoch 127/150 [train]:  35%|███▍      | 9/26 [00:00<00:00, 85.52it/s, S=0.3206, loss=-0.2864]
Epoch 127/150 [train]:  35%|███▍      | 9/26 [00:00<00:00, 85.52it/s, S=0.3163, loss=-0.2765]
Epoch 127/150 [train]:  35%|███▍      | 9/26 [00:00<00:00, 85.52it/s, S=0.3142, loss=-0.2766]
Epoch 127/150 [train]:  35%|███▍      | 9/26 [00:00<00:00, 85.52it/s, S=0.3154, loss=-0.2778]
Epoch 127/150 [train]:  35%|███▍      | 9/26 [00:00<00:00, 85.52it/s, S=0.3167, loss=-0.2825]
Epoch 127/150 [train]:  35%|███▍      | 9/26 [00:00<00:00, 85.52it/s, S=0.3187, loss=-0.2859]
Epoch 127/150 [train]:  35%|███▍      | 9/26 [00:00<00:00, 85.52it/s, S=0.3195, loss=-0.2861]
Epoch 127/150 [train]:  69%|██████▉   | 18/26 [00:00<00:00, 85.36it/s, S=0.3195, loss=-0.2861]
Epoch 127/150 [train]:  69%|██████▉   | 18/26 [00:00<00:00, 85.36it/s, S=0.3128, loss=-0.2739]
Epoch 127/150 [train]:  69%|██████▉   | 18/26 [00:00<00:00, 85.36it/s, S=0.3200, loss=-0.2825]
Epoch 127/150 [train]:  69%|██████▉   | 18/26 [00:00<00:00, 85.36it/s, S=0.3115, loss=-0.2726]
Epoch 127/150 [train]:  69%|██████▉   | 18/26 [00:00<00:00, 85.36it/s, S=0.3157, loss=-0.2805]
Epoch 127/150 [train]:  69%|██████▉   | 18/26 [00:00<00:00, 85.36it/s, S=0.3183, loss=-0.2848]
Epoch 127/150 [train]:  69%|██████▉   | 18/26 [00:00<00:00, 85.36it/s, S=0.3186, loss=-0.2833]
Epoch 127/150 [train]:  69%|██████▉   | 18/26 [00:00<00:00, 85.36it/s, S=0.3182, loss=-0.2830]
Epoch 127/150 [train]:  69%|██████▉   | 18/26 [00:00<00:00, 85.36it/s, S=0.3193, loss=-0.2838]
                                                                                              
Epoch 127/150  train loss=-0.2811  val loss=-0.2891  S[mean]=0.3323  ζ=0.4242  mean_plane_ζ=0.2993  reg=0.0432  λscale=1.00  lr=9.52e-05

Epoch 128/150 [train]:   0%|          | 0/26 [00:00<?, ?it/s]
Epoch 128/150 [train]:   0%|          | 0/26 [00:00<?, ?it/s, S=0.3219, loss=-0.2882]
Epoch 128/150 [train]:   0%|          | 0/26 [00:00<?, ?it/s, S=0.3222, loss=-0.2868]
Epoch 128/150 [train]:   0%|          | 0/26 [00:00<?, ?it/s, S=0.3161, loss=-0.2794]
Epoch 128/150 [train]:   0%|          | 0/26 [00:00<?, ?it/s, S=0.3180, loss=-0.2768]
Epoch 128/150 [train]:   0%|          | 0/26 [00:00<?, ?it/s, S=0.3145, loss=-0.2743]
Epoch 128/150 [train]:   0%|          | 0/26 [00:00<?, ?it/s, S=0.3185, loss=-0.2840]
Epoch 128/150 [train]:   0%|          | 0/26 [00:00<?, ?it/s, S=0.3203, loss=-0.2840]
Epoch 128/150 [train]:   0%|          | 0/26 [00:00<?, ?it/s, S=0.3133, loss=-0.2743]
Epoch 128/150 [train]:   0%|          | 0/26 [00:00<?, ?it/s, S=0.3134, loss=-0.2773]
Epoch 128/150 [train]:  35%|███▍      | 9/26 [00:00<00:00, 85.65it/s, S=0.3134, loss=-0.2773]
Epoch 128/150 [train]:  35%|███▍      | 9/26 [00:00<00:00, 85.65it/s, S=0.3155, loss=-0.2721]
Epoch 128/150 [train]:  35%|███▍      | 9/26 [00:00<00:00, 85.65it/s, S=0.3163, loss=-0.2774]
Epoch 128/150 [train]:  35%|███▍      | 9/26 [00:00<00:00, 85.65it/s, S=0.3185, loss=-0.2848]
Epoch 128/150 [train]:  35%|███▍      | 9/26 [00:00<00:00, 85.65it/s, S=0.3165, loss=-0.2814]
Epoch 128/150 [train]:  35%|███▍      | 9/26 [00:00<00:00, 85.65it/s, S=0.3206, loss=-0.2821]
Epoch 128/150 [train]:  35%|███▍      | 9/26 [00:00<00:00, 85.65it/s, S=0.3175, loss=-0.2807]
Epoch 128/150 [train]:  35%|███▍      | 9/26 [00:00<00:00, 85.65it/s, S=0.3130, loss=-0.2799]
Epoch 128/150 [train]:  35%|███▍      | 9/26 [00:00<00:00, 85.65it/s, S=0.3153, loss=-0.2803]
Epoch 128/150 [train]:  35%|███▍      | 9/26 [00:00<00:00, 85.65it/s, S=0.3141, loss=-0.2775]
Epoch 128/150 [train]:  69%|██████▉   | 18/26 [00:00<00:00, 85.78it/s, S=0.3141, loss=-0.2775]
Epoch 128/150 [train]:  69%|██████▉   | 18/26 [00:00<00:00, 85.78it/s, S=0.3142, loss=-0.2747]
Epoch 128/150 [train]:  69%|██████▉   | 18/26 [00:00<00:00, 85.78it/s, S=0.3194, loss=-0.2862]
Epoch 128/150 [train]:  69%|██████▉   | 18/26 [00:00<00:00, 85.78it/s, S=0.3175, loss=-0.2839]
Epoch 128/150 [train]:  69%|██████▉   | 18/26 [00:00<00:00, 85.78it/s, S=0.3202, loss=-0.2867]
Epoch 128/150 [train]:  69%|██████▉   | 18/26 [00:00<00:00, 85.78it/s, S=0.3220, loss=-0.2863]
Epoch 128/150 [train]:  69%|██████▉   | 18/26 [00:00<00:00, 85.78it/s, S=0.3136, loss=-0.2788]
Epoch 128/150 [train]:  69%|██████▉   | 18/26 [00:00<00:00, 85.78it/s, S=0.3179, loss=-0.2847]
Epoch 128/150 [train]:  69%|██████▉   | 18/26 [00:00<00:00, 85.78it/s, S=0.3161, loss=-0.2805]
                                                                                              
Epoch 128/150  train loss=-0.2809  val loss=-0.2892  S[mean]=0.3325  ζ=0.4234  mean_plane_ζ=0.2991  reg=0.0433  λscale=1.00  lr=8.76e-05

Epoch 129/150 [train]:   0%|          | 0/26 [00:00<?, ?it/s]
Epoch 129/150 [train]:   0%|          | 0/26 [00:00<?, ?it/s, S=0.3147, loss=-0.2798]
Epoch 129/150 [train]:   0%|          | 0/26 [00:00<?, ?it/s, S=0.3185, loss=-0.2787]
Epoch 129/150 [train]:   0%|          | 0/26 [00:00<?, ?it/s, S=0.3161, loss=-0.2793]
Epoch 129/150 [train]:   0%|          | 0/26 [00:00<?, ?it/s, S=0.3181, loss=-0.2838]
Epoch 129/150 [train]:   0%|          | 0/26 [00:00<?, ?it/s, S=0.3183, loss=-0.2818]
Epoch 129/150 [train]:   0%|          | 0/26 [00:00<?, ?it/s, S=0.3091, loss=-0.2717]
Epoch 129/150 [train]:   0%|          | 0/26 [00:00<?, ?it/s, S=0.3172, loss=-0.2810]
Epoch 129/150 [train]:   0%|          | 0/26 [00:00<?, ?it/s, S=0.3141, loss=-0.2728]
Epoch 129/150 [train]:   0%|          | 0/26 [00:00<?, ?it/s, S=0.3165, loss=-0.2806]
Epoch 129/150 [train]:  35%|███▍      | 9/26 [00:00<00:00, 85.49it/s, S=0.3165, loss=-0.2806]
Epoch 129/150 [train]:  35%|███▍      | 9/26 [00:00<00:00, 85.49it/s, S=0.3163, loss=-0.2776]
Epoch 129/150 [train]:  35%|███▍      | 9/26 [00:00<00:00, 85.49it/s, S=0.3126, loss=-0.2734]
Epoch 129/150 [train]:  35%|███▍      | 9/26 [00:00<00:00, 85.49it/s, S=0.3194, loss=-0.2801]
Epoch 129/150 [train]:  35%|███▍      | 9/26 [00:00<00:00, 85.49it/s, S=0.3181, loss=-0.2732]
Epoch 129/150 [train]:  35%|███▍      | 9/26 [00:00<00:00, 85.49it/s, S=0.3148, loss=-0.2801]
Epoch 129/150 [train]:  35%|███▍      | 9/26 [00:00<00:00, 85.49it/s, S=0.3200, loss=-0.2811]
Epoch 129/150 [train]:  35%|███▍      | 9/26 [00:00<00:00, 85.49it/s, S=0.3169, loss=-0.2814]
Epoch 129/150 [train]:  35%|███▍      | 9/26 [00:00<00:00, 85.49it/s, S=0.3207, loss=-0.2787]
Epoch 129/150 [train]:  35%|███▍      | 9/26 [00:00<00:00, 85.49it/s, S=0.3211, loss=-0.2874]
Epoch 129/150 [train]:  69%|██████▉   | 18/26 [00:00<00:00, 85.77it/s, S=0.3211, loss=-0.2874]
Epoch 129/150 [train]:  69%|██████▉   | 18/26 [00:00<00:00, 85.77it/s, S=0.3175, loss=-0.2848]
Epoch 129/150 [train]:  69%|██████▉   | 18/26 [00:00<00:00, 85.77it/s, S=0.3145, loss=-0.2767]
Epoch 129/150 [train]:  69%|██████▉   | 18/26 [00:00<00:00, 85.77it/s, S=0.3205, loss=-0.2868]
Epoch 129/150 [train]:  69%|██████▉   | 18/26 [00:00<00:00, 85.77it/s, S=0.3184, loss=-0.2839]
Epoch 129/150 [train]:  69%|██████▉   | 18/26 [00:00<00:00, 85.77it/s, S=0.3207, loss=-0.2862]
Epoch 129/150 [train]:  69%|██████▉   | 18/26 [00:00<00:00, 85.77it/s, S=0.3236, loss=-0.2870]
Epoch 129/150 [train]:  69%|██████▉   | 18/26 [00:00<00:00, 85.77it/s, S=0.3211, loss=-0.2818]
Epoch 129/150 [train]:  69%|██████▉   | 18/26 [00:00<00:00, 85.77it/s, S=0.3110, loss=-0.2705]
                                                                                              
Epoch 129/150  train loss=-0.2800  val loss=-0.2898  S[mean]=0.3329  ζ=0.4230  mean_plane_ζ=0.2994  reg=0.0431  λscale=1.00  lr=8.03e-05

Epoch 130/150 [train]:   0%|          | 0/26 [00:00<?, ?it/s]
Epoch 130/150 [train]:   0%|          | 0/26 [00:00<?, ?it/s, S=0.3199, loss=-0.2867]
Epoch 130/150 [train]:   0%|          | 0/26 [00:00<?, ?it/s, S=0.3144, loss=-0.2781]
Epoch 130/150 [train]:   0%|          | 0/26 [00:00<?, ?it/s, S=0.3216, loss=-0.2879]
Epoch 130/150 [train]:   0%|          | 0/26 [00:00<?, ?it/s, S=0.3231, loss=-0.2906]
Epoch 130/150 [train]:   0%|          | 0/26 [00:00<?, ?it/s, S=0.3123, loss=-0.2766]
Epoch 130/150 [train]:   0%|          | 0/26 [00:00<?, ?it/s, S=0.3216, loss=-0.2858]
Epoch 130/150 [train]:   0%|          | 0/26 [00:00<?, ?it/s, S=0.3213, loss=-0.2835]
Epoch 130/150 [train]:   0%|          | 0/26 [00:00<?, ?it/s, S=0.3176, loss=-0.2824]
Epoch 130/150 [train]:   0%|          | 0/26 [00:00<?, ?it/s, S=0.3141, loss=-0.2797]
Epoch 130/150 [train]:  35%|███▍      | 9/26 [00:00<00:00, 85.57it/s, S=0.3141, loss=-0.2797]
Epoch 130/150 [train]:  35%|███▍      | 9/26 [00:00<00:00, 85.57it/s, S=0.3163, loss=-0.2741]
Epoch 130/150 [train]:  35%|███▍      | 9/26 [00:00<00:00, 85.57it/s, S=0.3204, loss=-0.2860]
Epoch 130/150 [train]:  35%|███▍      | 9/26 [00:00<00:00, 85.57it/s, S=0.3233, loss=-0.2902]
Epoch 130/150 [train]:  35%|███▍      | 9/26 [00:00<00:00, 85.57it/s, S=0.3151, loss=-0.2771]
Epoch 130/150 [train]:  35%|███▍      | 9/26 [00:00<00:00, 85.57it/s, S=0.3234, loss=-0.2891]
Epoch 130/150 [train]:  35%|███▍      | 9/26 [00:00<00:00, 85.57it/s, S=0.3163, loss=-0.2774]
Epoch 130/150 [train]:  35%|███▍      | 9/26 [00:00<00:00, 85.57it/s, S=0.3159, loss=-0.2840]
Epoch 130/150 [train]:  35%|███▍      | 9/26 [00:00<00:00, 85.57it/s, S=0.3152, loss=-0.2742]
Epoch 130/150 [train]:  35%|███▍      | 9/26 [00:00<00:00, 85.57it/s, S=0.3230, loss=-0.2911]
Epoch 130/150 [train]:  69%|██████▉   | 18/26 [00:00<00:00, 85.78it/s, S=0.3230, loss=-0.2911]
Epoch 130/150 [train]:  69%|██████▉   | 18/26 [00:00<00:00, 85.78it/s, S=0.3164, loss=-0.2815]
Epoch 130/150 [train]:  69%|██████▉   | 18/26 [00:00<00:00, 85.78it/s, S=0.3245, loss=-0.2861]
Epoch 130/150 [train]:  69%|██████▉   | 18/26 [00:00<00:00, 85.78it/s, S=0.3180, loss=-0.2842]
Epoch 130/150 [train]:  69%|██████▉   | 18/26 [00:00<00:00, 85.78it/s, S=0.3200, loss=-0.2858]
Epoch 130/150 [train]:  69%|██████▉   | 18/26 [00:00<00:00, 85.78it/s, S=0.3207, loss=-0.2833]
Epoch 130/150 [train]:  69%|██████▉   | 18/26 [00:00<00:00, 85.78it/s, S=0.3206, loss=-0.2889]
Epoch 130/150 [train]:  69%|██████▉   | 18/26 [00:00<00:00, 85.78it/s, S=0.3188, loss=-0.2867]
Epoch 130/150 [train]:  69%|██████▉   | 18/26 [00:00<00:00, 85.78it/s, S=0.3213, loss=-0.2841]
                                                                                              
Epoch 130/150  train loss=-0.2837  val loss=-0.2903  S[mean]=0.3333  ζ=0.4227  mean_plane_ζ=0.2996  reg=0.0430  λscale=1.00  lr=7.32e-05

Epoch 131/150 [train]:   0%|          | 0/26 [00:00<?, ?it/s]
Epoch 131/150 [train]:   0%|          | 0/26 [00:00<?, ?it/s, S=0.3218, loss=-0.2895]
Epoch 131/150 [train]:   0%|          | 0/26 [00:00<?, ?it/s, S=0.3161, loss=-0.2835]
Epoch 131/150 [train]:   0%|          | 0/26 [00:00<?, ?it/s, S=0.3166, loss=-0.2788]
Epoch 131/150 [train]:   0%|          | 0/26 [00:00<?, ?it/s, S=0.3160, loss=-0.2777]
Epoch 131/150 [train]:   0%|          | 0/26 [00:00<?, ?it/s, S=0.3214, loss=-0.2867]
Epoch 131/150 [train]:   0%|          | 0/26 [00:00<?, ?it/s, S=0.3190, loss=-0.2864]
Epoch 131/150 [train]:   0%|          | 0/26 [00:00<?, ?it/s, S=0.3159, loss=-0.2795]
Epoch 131/150 [train]:   0%|          | 0/26 [00:00<?, ?it/s, S=0.3191, loss=-0.2862]
Epoch 131/150 [train]:   0%|          | 0/26 [00:00<?, ?it/s, S=0.3208, loss=-0.2870]
Epoch 131/150 [train]:  35%|███▍      | 9/26 [00:00<00:00, 85.53it/s, S=0.3208, loss=-0.2870]
Epoch 131/150 [train]:  35%|███▍      | 9/26 [00:00<00:00, 85.53it/s, S=0.3171, loss=-0.2833]
Epoch 131/150 [train]:  35%|███▍      | 9/26 [00:00<00:00, 85.53it/s, S=0.3168, loss=-0.2807]
Epoch 131/150 [train]:  35%|███▍      | 9/26 [00:00<00:00, 85.53it/s, S=0.3196, loss=-0.2855]
Epoch 131/150 [train]:  35%|███▍      | 9/26 [00:00<00:00, 85.53it/s, S=0.3142, loss=-0.2777]
Epoch 131/150 [train]:  35%|███▍      | 9/26 [00:00<00:00, 85.53it/s, S=0.3189, loss=-0.2844]
Epoch 131/150 [train]:  35%|███▍      | 9/26 [00:00<00:00, 85.53it/s, S=0.3249, loss=-0.2910]
Epoch 131/150 [train]:  35%|███▍      | 9/26 [00:00<00:00, 85.53it/s, S=0.3231, loss=-0.2846]
Epoch 131/150 [train]:  35%|███▍      | 9/26 [00:00<00:00, 85.53it/s, S=0.3162, loss=-0.2786]
Epoch 131/150 [train]:  35%|███▍      | 9/26 [00:00<00:00, 85.53it/s, S=0.3181, loss=-0.2845]
Epoch 131/150 [train]:  69%|██████▉   | 18/26 [00:00<00:00, 85.67it/s, S=0.3181, loss=-0.2845]
Epoch 131/150 [train]:  69%|██████▉   | 18/26 [00:00<00:00, 85.67it/s, S=0.3175, loss=-0.2783]
Epoch 131/150 [train]:  69%|██████▉   | 18/26 [00:00<00:00, 85.67it/s, S=0.3198, loss=-0.2862]
Epoch 131/150 [train]:  69%|██████▉   | 18/26 [00:00<00:00, 85.67it/s, S=0.3234, loss=-0.2912]
Epoch 131/150 [train]:  69%|██████▉   | 18/26 [00:00<00:00, 85.67it/s, S=0.3244, loss=-0.2881]
Epoch 131/150 [train]:  69%|██████▉   | 18/26 [00:00<00:00, 85.67it/s, S=0.3153, loss=-0.2673]
Epoch 131/150 [train]:  69%|██████▉   | 18/26 [00:00<00:00, 85.67it/s, S=0.3167, loss=-0.2821]
Epoch 131/150 [train]:  69%|██████▉   | 18/26 [00:00<00:00, 85.67it/s, S=0.3146, loss=-0.2729]
Epoch 131/150 [train]:  69%|██████▉   | 18/26 [00:00<00:00, 85.67it/s, S=0.3187, loss=-0.2860]
                                                                                              
Epoch 131/150  train loss=-0.2830  val loss=-0.2909  S[mean]=0.3338  ζ=0.4222  mean_plane_ζ=0.2998  reg=0.0430  λscale=1.00  lr=6.64e-05

Epoch 132/150 [train]:   0%|          | 0/26 [00:00<?, ?it/s]
Epoch 132/150 [train]:   0%|          | 0/26 [00:00<?, ?it/s, S=0.3112, loss=-0.2643]
Epoch 132/150 [train]:   0%|          | 0/26 [00:00<?, ?it/s, S=0.3188, loss=-0.2841]
Epoch 132/150 [train]:   0%|          | 0/26 [00:00<?, ?it/s, S=0.3194, loss=-0.2823]
Epoch 132/150 [train]:   0%|          | 0/26 [00:00<?, ?it/s, S=0.3181, loss=-0.2815]
Epoch 132/150 [train]:   0%|          | 0/26 [00:00<?, ?it/s, S=0.3178, loss=-0.2739]
Epoch 132/150 [train]:   0%|          | 0/26 [00:00<?, ?it/s, S=0.3173, loss=-0.2825]
Epoch 132/150 [train]:   0%|          | 0/26 [00:00<?, ?it/s, S=0.3202, loss=-0.2843]
Epoch 132/150 [train]:   0%|          | 0/26 [00:00<?, ?it/s, S=0.3176, loss=-0.2821]
Epoch 132/150 [train]:   0%|          | 0/26 [00:00<?, ?it/s, S=0.3163, loss=-0.2793]
Epoch 132/150 [train]:  35%|███▍      | 9/26 [00:00<00:00, 85.86it/s, S=0.3163, loss=-0.2793]
Epoch 132/150 [train]:  35%|███▍      | 9/26 [00:00<00:00, 85.86it/s, S=0.3205, loss=-0.2878]
Epoch 132/150 [train]:  35%|███▍      | 9/26 [00:00<00:00, 85.86it/s, S=0.3214, loss=-0.2833]
Epoch 132/150 [train]:  35%|███▍      | 9/26 [00:00<00:00, 85.86it/s, S=0.3179, loss=-0.2776]
Epoch 132/150 [train]:  35%|███▍      | 9/26 [00:00<00:00, 85.86it/s, S=0.3141, loss=-0.2693]
Epoch 132/150 [train]:  35%|███▍      | 9/26 [00:00<00:00, 85.86it/s, S=0.3201, loss=-0.2859]
Epoch 132/150 [train]:  35%|███▍      | 9/26 [00:00<00:00, 85.86it/s, S=0.3224, loss=-0.2872]
Epoch 132/150 [train]:  35%|███▍      | 9/26 [00:00<00:00, 85.86it/s, S=0.3235, loss=-0.2831]
Epoch 132/150 [train]:  35%|███▍      | 9/26 [00:00<00:00, 85.86it/s, S=0.3126, loss=-0.2644]
Epoch 132/150 [train]:  35%|███▍      | 9/26 [00:00<00:00, 85.86it/s, S=0.3196, loss=-0.2858]
Epoch 132/150 [train]:  69%|██████▉   | 18/26 [00:00<00:00, 85.83it/s, S=0.3196, loss=-0.2858]
Epoch 132/150 [train]:  69%|██████▉   | 18/26 [00:00<00:00, 85.83it/s, S=0.3220, loss=-0.2799]
Epoch 132/150 [train]:  69%|██████▉   | 18/26 [00:00<00:00, 85.83it/s, S=0.3207, loss=-0.2852]
Epoch 132/150 [train]:  69%|██████▉   | 18/26 [00:00<00:00, 85.83it/s, S=0.3237, loss=-0.2891]
Epoch 132/150 [train]:  69%|██████▉   | 18/26 [00:00<00:00, 85.83it/s, S=0.3141, loss=-0.2711]
Epoch 132/150 [train]:  69%|██████▉   | 18/26 [00:00<00:00, 85.83it/s, S=0.3206, loss=-0.2854]
Epoch 132/150 [train]:  69%|██████▉   | 18/26 [00:00<00:00, 85.83it/s, S=0.3173, loss=-0.2825]
Epoch 132/150 [train]:  69%|██████▉   | 18/26 [00:00<00:00, 85.83it/s, S=0.3172, loss=-0.2822]
Epoch 132/150 [train]:  69%|██████▉   | 18/26 [00:00<00:00, 85.83it/s, S=0.3211, loss=-0.2868]
                                                                                              
Epoch 132/150  train loss=-0.2808  val loss=-0.2914  S[mean]=0.3342  ζ=0.4217  mean_plane_ζ=0.3000  reg=0.0429  λscale=1.00  lr=5.99e-05

Epoch 133/150 [train]:   0%|          | 0/26 [00:00<?, ?it/s]
Epoch 133/150 [train]:   0%|          | 0/26 [00:00<?, ?it/s, S=0.3177, loss=-0.2853]
Epoch 133/150 [train]:   0%|          | 0/26 [00:00<?, ?it/s, S=0.3212, loss=-0.2838]
Epoch 133/150 [train]:   0%|          | 0/26 [00:00<?, ?it/s, S=0.3243, loss=-0.2903]
Epoch 133/150 [train]:   0%|          | 0/26 [00:00<?, ?it/s, S=0.3242, loss=-0.2906]
Epoch 133/150 [train]:   0%|          | 0/26 [00:00<?, ?it/s, S=0.3166, loss=-0.2752]
Epoch 133/150 [train]:   0%|          | 0/26 [00:00<?, ?it/s, S=0.3193, loss=-0.2810]
Epoch 133/150 [train]:   0%|          | 0/26 [00:00<?, ?it/s, S=0.3192, loss=-0.2841]
Epoch 133/150 [train]:   0%|          | 0/26 [00:00<?, ?it/s, S=0.3199, loss=-0.2858]
Epoch 133/150 [train]:   0%|          | 0/26 [00:00<?, ?it/s, S=0.3221, loss=-0.2851]
Epoch 133/150 [train]:  35%|███▍      | 9/26 [00:00<00:00, 85.61it/s, S=0.3221, loss=-0.2851]
Epoch 133/150 [train]:  35%|███▍      | 9/26 [00:00<00:00, 85.61it/s, S=0.3223, loss=-0.2841]
Epoch 133/150 [train]:  35%|███▍      | 9/26 [00:00<00:00, 85.61it/s, S=0.3225, loss=-0.2889]
Epoch 133/150 [train]:  35%|███▍      | 9/26 [00:00<00:00, 85.61it/s, S=0.3205, loss=-0.2837]
Epoch 133/150 [train]:  35%|███▍      | 9/26 [00:00<00:00, 85.61it/s, S=0.3165, loss=-0.2801]
Epoch 133/150 [train]:  35%|███▍      | 9/26 [00:00<00:00, 85.61it/s, S=0.3172, loss=-0.2801]
Epoch 133/150 [train]:  35%|███▍      | 9/26 [00:00<00:00, 85.61it/s, S=0.3129, loss=-0.2717]
Epoch 133/150 [train]:  35%|███▍      | 9/26 [00:00<00:00, 85.61it/s, S=0.3201, loss=-0.2865]
Epoch 133/150 [train]:  35%|███▍      | 9/26 [00:00<00:00, 85.61it/s, S=0.3166, loss=-0.2810]
Epoch 133/150 [train]:  35%|███▍      | 9/26 [00:00<00:00, 85.61it/s, S=0.3218, loss=-0.2874]
Epoch 133/150 [train]:  69%|██████▉   | 18/26 [00:00<00:00, 85.62it/s, S=0.3218, loss=-0.2874]
Epoch 133/150 [train]:  69%|██████▉   | 18/26 [00:00<00:00, 85.62it/s, S=0.3236, loss=-0.2908]
Epoch 133/150 [train]:  69%|██████▉   | 18/26 [00:00<00:00, 85.62it/s, S=0.3155, loss=-0.2747]
Epoch 133/150 [train]:  69%|██████▉   | 18/26 [00:00<00:00, 85.62it/s, S=0.3233, loss=-0.2878]
Epoch 133/150 [train]:  69%|██████▉   | 18/26 [00:00<00:00, 85.62it/s, S=0.3223, loss=-0.2850]
Epoch 133/150 [train]:  69%|██████▉   | 18/26 [00:00<00:00, 85.62it/s, S=0.3204, loss=-0.2829]
Epoch 133/150 [train]:  69%|██████▉   | 18/26 [00:00<00:00, 85.62it/s, S=0.3231, loss=-0.2901]
Epoch 133/150 [train]:  69%|██████▉   | 18/26 [00:00<00:00, 85.62it/s, S=0.3210, loss=-0.2860]
Epoch 133/150 [train]:  69%|██████▉   | 18/26 [00:00<00:00, 85.62it/s, S=0.3195, loss=-0.2867]
                                                                                              
Epoch 133/150  train loss=-0.2842  val loss=-0.2920  S[mean]=0.3348  ζ=0.4212  mean_plane_ζ=0.3002  reg=0.0429  λscale=1.00  lr=5.37e-05

Epoch 134/150 [train]:   0%|          | 0/26 [00:00<?, ?it/s]
Epoch 134/150 [train]:   0%|          | 0/26 [00:00<?, ?it/s, S=0.3205, loss=-0.2845]
Epoch 134/150 [train]:   0%|          | 0/26 [00:00<?, ?it/s, S=0.3142, loss=-0.2813]
Epoch 134/150 [train]:   0%|          | 0/26 [00:00<?, ?it/s, S=0.3173, loss=-0.2797]
Epoch 134/150 [train]:   0%|          | 0/26 [00:00<?, ?it/s, S=0.3201, loss=-0.2773]
Epoch 134/150 [train]:   0%|          | 0/26 [00:00<?, ?it/s, S=0.3214, loss=-0.2874]
Epoch 134/150 [train]:   0%|          | 0/26 [00:00<?, ?it/s, S=0.3202, loss=-0.2837]
Epoch 134/150 [train]:   0%|          | 0/26 [00:00<?, ?it/s, S=0.3238, loss=-0.2899]
Epoch 134/150 [train]:   0%|          | 0/26 [00:00<?, ?it/s, S=0.3192, loss=-0.2776]
Epoch 134/150 [train]:   0%|          | 0/26 [00:00<?, ?it/s, S=0.3208, loss=-0.2853]
Epoch 134/150 [train]:  35%|███▍      | 9/26 [00:00<00:00, 85.87it/s, S=0.3208, loss=-0.2853]
Epoch 134/150 [train]:  35%|███▍      | 9/26 [00:00<00:00, 85.87it/s, S=0.3202, loss=-0.2822]
Epoch 134/150 [train]:  35%|███▍      | 9/26 [00:00<00:00, 85.87it/s, S=0.3135, loss=-0.2790]
Epoch 134/150 [train]:  35%|███▍      | 9/26 [00:00<00:00, 85.87it/s, S=0.3165, loss=-0.2751]
Epoch 134/150 [train]:  35%|███▍      | 9/26 [00:00<00:00, 85.87it/s, S=0.3224, loss=-0.2874]
Epoch 134/150 [train]:  35%|███▍      | 9/26 [00:00<00:00, 85.87it/s, S=0.3252, loss=-0.2932]
Epoch 134/150 [train]:  35%|███▍      | 9/26 [00:00<00:00, 85.87it/s, S=0.3187, loss=-0.2845]
Epoch 134/150 [train]:  35%|███▍      | 9/26 [00:00<00:00, 85.87it/s, S=0.3192, loss=-0.2833]
Epoch 134/150 [train]:  35%|███▍      | 9/26 [00:00<00:00, 85.87it/s, S=0.3201, loss=-0.2797]
Epoch 134/150 [train]:  35%|███▍      | 9/26 [00:00<00:00, 85.87it/s, S=0.3212, loss=-0.2780]
Epoch 134/150 [train]:  69%|██████▉   | 18/26 [00:00<00:00, 85.91it/s, S=0.3212, loss=-0.2780]
Epoch 134/150 [train]:  69%|██████▉   | 18/26 [00:00<00:00, 85.91it/s, S=0.3202, loss=-0.2807]
Epoch 134/150 [train]:  69%|██████▉   | 18/26 [00:00<00:00, 85.91it/s, S=0.3173, loss=-0.2840]
Epoch 134/150 [train]:  69%|██████▉   | 18/26 [00:00<00:00, 85.91it/s, S=0.3221, loss=-0.2873]
Epoch 134/150 [train]:  69%|██████▉   | 18/26 [00:00<00:00, 85.91it/s, S=0.3210, loss=-0.2782]
Epoch 134/150 [train]:  69%|██████▉   | 18/26 [00:00<00:00, 85.91it/s, S=0.3194, loss=-0.2807]
Epoch 134/150 [train]:  69%|██████▉   | 18/26 [00:00<00:00, 85.91it/s, S=0.3192, loss=-0.2824]
Epoch 134/150 [train]:  69%|██████▉   | 18/26 [00:00<00:00, 85.91it/s, S=0.3230, loss=-0.2878]
Epoch 134/150 [train]:  69%|██████▉   | 18/26 [00:00<00:00, 85.91it/s, S=0.3235, loss=-0.2879]
                                                                                              
Epoch 134/150  train loss=-0.2830  val loss=-0.2926  S[mean]=0.3355  ζ=0.4207  mean_plane_ζ=0.3002  reg=0.0429  λscale=1.00  lr=4.77e-05

Epoch 135/150 [train]:   0%|          | 0/26 [00:00<?, ?it/s]
Epoch 135/150 [train]:   0%|          | 0/26 [00:00<?, ?it/s, S=0.3210, loss=-0.2836]
Epoch 135/150 [train]:   0%|          | 0/26 [00:00<?, ?it/s, S=0.3251, loss=-0.2905]
Epoch 135/150 [train]:   0%|          | 0/26 [00:00<?, ?it/s, S=0.3213, loss=-0.2808]
Epoch 135/150 [train]:   0%|          | 0/26 [00:00<?, ?it/s, S=0.3210, loss=-0.2823]
Epoch 135/150 [train]:   0%|          | 0/26 [00:00<?, ?it/s, S=0.3236, loss=-0.2913]
Epoch 135/150 [train]:   0%|          | 0/26 [00:00<?, ?it/s, S=0.3246, loss=-0.2925]
Epoch 135/150 [train]:   0%|          | 0/26 [00:00<?, ?it/s, S=0.3161, loss=-0.2788]
Epoch 135/150 [train]:   0%|          | 0/26 [00:00<?, ?it/s, S=0.3215, loss=-0.2858]
Epoch 135/150 [train]:   0%|          | 0/26 [00:00<?, ?it/s, S=0.3213, loss=-0.2852]
Epoch 135/150 [train]:  35%|███▍      | 9/26 [00:00<00:00, 85.19it/s, S=0.3213, loss=-0.2852]
Epoch 135/150 [train]:  35%|███▍      | 9/26 [00:00<00:00, 85.19it/s, S=0.3173, loss=-0.2837]
Epoch 135/150 [train]:  35%|███▍      | 9/26 [00:00<00:00, 85.19it/s, S=0.3242, loss=-0.2909]
Epoch 135/150 [train]:  35%|███▍      | 9/26 [00:00<00:00, 85.19it/s, S=0.3181, loss=-0.2836]
Epoch 135/150 [train]:  35%|███▍      | 9/26 [00:00<00:00, 85.19it/s, S=0.3213, loss=-0.2890]
Epoch 135/150 [train]:  35%|███▍      | 9/26 [00:00<00:00, 85.19it/s, S=0.3232, loss=-0.2789]
Epoch 135/150 [train]:  35%|███▍      | 9/26 [00:00<00:00, 85.19it/s, S=0.3225, loss=-0.2902]
Epoch 135/150 [train]:  35%|███▍      | 9/26 [00:00<00:00, 85.19it/s, S=0.3249, loss=-0.2899]
Epoch 135/150 [train]:  35%|███▍      | 9/26 [00:00<00:00, 85.19it/s, S=0.3219, loss=-0.2878]
Epoch 135/150 [train]:  35%|███▍      | 9/26 [00:00<00:00, 85.19it/s, S=0.3239, loss=-0.2866]
Epoch 135/150 [train]:  69%|██████▉   | 18/26 [00:00<00:00, 85.61it/s, S=0.3239, loss=-0.2866]
Epoch 135/150 [train]:  69%|██████▉   | 18/26 [00:00<00:00, 85.61it/s, S=0.3244, loss=-0.2885]
Epoch 135/150 [train]:  69%|██████▉   | 18/26 [00:00<00:00, 85.61it/s, S=0.3283, loss=-0.2966]
Epoch 135/150 [train]:  69%|██████▉   | 18/26 [00:00<00:00, 85.61it/s, S=0.3211, loss=-0.2880]
Epoch 135/150 [train]:  69%|██████▉   | 18/26 [00:00<00:00, 85.61it/s, S=0.3179, loss=-0.2820]
Epoch 135/150 [train]:  69%|██████▉   | 18/26 [00:00<00:00, 85.61it/s, S=0.3169, loss=-0.2794]
Epoch 135/150 [train]:  69%|██████▉   | 18/26 [00:00<00:00, 85.61it/s, S=0.3200, loss=-0.2831]
Epoch 135/150 [train]:  69%|██████▉   | 18/26 [00:00<00:00, 85.61it/s, S=0.3255, loss=-0.2914]
Epoch 135/150 [train]:  69%|██████▉   | 18/26 [00:00<00:00, 85.61it/s, S=0.3138, loss=-0.2769]
                                                                                              
Epoch 135/150  train loss=-0.2860  val loss=-0.2935  S[mean]=0.3362  ζ=0.4203  mean_plane_ζ=0.3003  reg=0.0427  λscale=1.00  lr=4.21e-05

Epoch 136/150 [train]:   0%|          | 0/26 [00:00<?, ?it/s]
Epoch 136/150 [train]:   0%|          | 0/26 [00:00<?, ?it/s, S=0.3252, loss=-0.2908]
Epoch 136/150 [train]:   0%|          | 0/26 [00:00<?, ?it/s, S=0.3237, loss=-0.2901]
Epoch 136/150 [train]:   0%|          | 0/26 [00:00<?, ?it/s, S=0.3236, loss=-0.2928]
Epoch 136/150 [train]:   0%|          | 0/26 [00:00<?, ?it/s, S=0.3214, loss=-0.2812]
Epoch 136/150 [train]:   0%|          | 0/26 [00:00<?, ?it/s, S=0.3196, loss=-0.2799]
Epoch 136/150 [train]:   0%|          | 0/26 [00:00<?, ?it/s, S=0.3220, loss=-0.2850]
Epoch 136/150 [train]:   0%|          | 0/26 [00:00<?, ?it/s, S=0.3289, loss=-0.2954]
Epoch 136/150 [train]:   0%|          | 0/26 [00:00<?, ?it/s, S=0.3248, loss=-0.2916]
Epoch 136/150 [train]:   0%|          | 0/26 [00:00<?, ?it/s, S=0.3163, loss=-0.2766]
Epoch 136/150 [train]:  35%|███▍      | 9/26 [00:00<00:00, 85.37it/s, S=0.3163, loss=-0.2766]
Epoch 136/150 [train]:  35%|███▍      | 9/26 [00:00<00:00, 85.37it/s, S=0.3215, loss=-0.2886]
Epoch 136/150 [train]:  35%|███▍      | 9/26 [00:00<00:00, 85.37it/s, S=0.3224, loss=-0.2900]
Epoch 136/150 [train]:  35%|███▍      | 9/26 [00:00<00:00, 85.37it/s, S=0.3229, loss=-0.2866]
Epoch 136/150 [train]:  35%|███▍      | 9/26 [00:00<00:00, 85.37it/s, S=0.3167, loss=-0.2807]
Epoch 136/150 [train]:  35%|███▍      | 9/26 [00:00<00:00, 85.37it/s, S=0.3212, loss=-0.2859]
Epoch 136/150 [train]:  35%|███▍      | 9/26 [00:00<00:00, 85.37it/s, S=0.3215, loss=-0.2839]
Epoch 136/150 [train]:  35%|███▍      | 9/26 [00:00<00:00, 85.37it/s, S=0.3251, loss=-0.2875]
Epoch 136/150 [train]:  35%|███▍      | 9/26 [00:00<00:00, 85.37it/s, S=0.3228, loss=-0.2900]
Epoch 136/150 [train]:  35%|███▍      | 9/26 [00:00<00:00, 85.37it/s, S=0.3201, loss=-0.2859]
Epoch 136/150 [train]:  69%|██████▉   | 18/26 [00:00<00:00, 85.64it/s, S=0.3201, loss=-0.2859]
Epoch 136/150 [train]:  69%|██████▉   | 18/26 [00:00<00:00, 85.64it/s, S=0.3212, loss=-0.2886]
Epoch 136/150 [train]:  69%|██████▉   | 18/26 [00:00<00:00, 85.64it/s, S=0.3217, loss=-0.2878]
Epoch 136/150 [train]:  69%|██████▉   | 18/26 [00:00<00:00, 85.64it/s, S=0.3211, loss=-0.2860]
Epoch 136/150 [train]:  69%|██████▉   | 18/26 [00:00<00:00, 85.64it/s, S=0.3235, loss=-0.2875]
Epoch 136/150 [train]:  69%|██████▉   | 18/26 [00:00<00:00, 85.64it/s, S=0.3247, loss=-0.2895]
Epoch 136/150 [train]:  69%|██████▉   | 18/26 [00:00<00:00, 85.64it/s, S=0.3227, loss=-0.2892]
Epoch 136/150 [train]:  69%|██████▉   | 18/26 [00:00<00:00, 85.64it/s, S=0.3224, loss=-0.2821]
Epoch 136/150 [train]:  69%|██████▉   | 18/26 [00:00<00:00, 85.64it/s, S=0.3206, loss=-0.2864]
                                                                                              
Epoch 136/150  train loss=-0.2869  val loss=-0.2939  S[mean]=0.3368  ζ=0.4200  mean_plane_ζ=0.3003  reg=0.0429  λscale=1.00  lr=3.68e-05

Epoch 137/150 [train]:   0%|          | 0/26 [00:00<?, ?it/s]
Epoch 137/150 [train]:   0%|          | 0/26 [00:00<?, ?it/s, S=0.3160, loss=-0.2698]
Epoch 137/150 [train]:   0%|          | 0/26 [00:00<?, ?it/s, S=0.3269, loss=-0.2940]
Epoch 137/150 [train]:   0%|          | 0/26 [00:00<?, ?it/s, S=0.3245, loss=-0.2919]
Epoch 137/150 [train]:   0%|          | 0/26 [00:00<?, ?it/s, S=0.3238, loss=-0.2904]
Epoch 137/150 [train]:   0%|          | 0/26 [00:00<?, ?it/s, S=0.3234, loss=-0.2864]
Epoch 137/150 [train]:   0%|          | 0/26 [00:00<?, ?it/s, S=0.3176, loss=-0.2761]
Epoch 137/150 [train]:   0%|          | 0/26 [00:00<?, ?it/s, S=0.3267, loss=-0.2932]
Epoch 137/150 [train]:   0%|          | 0/26 [00:00<?, ?it/s, S=0.3233, loss=-0.2865]
Epoch 137/150 [train]:   0%|          | 0/26 [00:00<?, ?it/s, S=0.3243, loss=-0.2858]
Epoch 137/150 [train]:  35%|███▍      | 9/26 [00:00<00:00, 85.36it/s, S=0.3243, loss=-0.2858]
Epoch 137/150 [train]:  35%|███▍      | 9/26 [00:00<00:00, 85.36it/s, S=0.3282, loss=-0.2913]
Epoch 137/150 [train]:  35%|███▍      | 9/26 [00:00<00:00, 85.36it/s, S=0.3258, loss=-0.2938]
Epoch 137/150 [train]:  35%|███▍      | 9/26 [00:00<00:00, 85.36it/s, S=0.3189, loss=-0.2824]
Epoch 137/150 [train]:  35%|███▍      | 9/26 [00:00<00:00, 85.36it/s, S=0.3292, loss=-0.2927]
Epoch 137/150 [train]:  35%|███▍      | 9/26 [00:00<00:00, 85.36it/s, S=0.3222, loss=-0.2888]
Epoch 137/150 [train]:  35%|███▍      | 9/26 [00:00<00:00, 85.36it/s, S=0.3215, loss=-0.2900]
Epoch 137/150 [train]:  35%|███▍      | 9/26 [00:00<00:00, 85.36it/s, S=0.3262, loss=-0.2921]
Epoch 137/150 [train]:  35%|███▍      | 9/26 [00:00<00:00, 85.36it/s, S=0.3173, loss=-0.2798]
Epoch 137/150 [train]:  35%|███▍      | 9/26 [00:00<00:00, 85.36it/s, S=0.3202, loss=-0.2841]
Epoch 137/150 [train]:  69%|██████▉   | 18/26 [00:00<00:00, 85.44it/s, S=0.3202, loss=-0.2841]
Epoch 137/150 [train]:  69%|██████▉   | 18/26 [00:00<00:00, 85.44it/s, S=0.3201, loss=-0.2884]
Epoch 137/150 [train]:  69%|██████▉   | 18/26 [00:00<00:00, 85.44it/s, S=0.3198, loss=-0.2848]
Epoch 137/150 [train]:  69%|██████▉   | 18/26 [00:00<00:00, 85.44it/s, S=0.3257, loss=-0.2900]
Epoch 137/150 [train]:  69%|██████▉   | 18/26 [00:00<00:00, 85.44it/s, S=0.3156, loss=-0.2802]
Epoch 137/150 [train]:  69%|██████▉   | 18/26 [00:00<00:00, 85.44it/s, S=0.3216, loss=-0.2892]
Epoch 137/150 [train]:  69%|██████▉   | 18/26 [00:00<00:00, 85.44it/s, S=0.3225, loss=-0.2856]
Epoch 137/150 [train]:  69%|██████▉   | 18/26 [00:00<00:00, 85.44it/s, S=0.3240, loss=-0.2896]
Epoch 137/150 [train]:  69%|██████▉   | 18/26 [00:00<00:00, 85.44it/s, S=0.3264, loss=-0.2891]
                                                                                              
Epoch 137/150  train loss=-0.2872  val loss=-0.2943  S[mean]=0.3371  ζ=0.4197  mean_plane_ζ=0.3004  reg=0.0428  λscale=1.00  lr=3.19e-05

Epoch 138/150 [train]:   0%|          | 0/26 [00:00<?, ?it/s]
Epoch 138/150 [train]:   0%|          | 0/26 [00:00<?, ?it/s, S=0.3230, loss=-0.2894]
Epoch 138/150 [train]:   0%|          | 0/26 [00:00<?, ?it/s, S=0.3177, loss=-0.2797]
Epoch 138/150 [train]:   0%|          | 0/26 [00:00<?, ?it/s, S=0.3265, loss=-0.2911]
Epoch 138/150 [train]:   0%|          | 0/26 [00:00<?, ?it/s, S=0.3234, loss=-0.2880]
Epoch 138/150 [train]:   0%|          | 0/26 [00:00<?, ?it/s, S=0.3244, loss=-0.2902]
Epoch 138/150 [train]:   0%|          | 0/26 [00:00<?, ?it/s, S=0.3197, loss=-0.2760]
Epoch 138/150 [train]:   0%|          | 0/26 [00:00<?, ?it/s, S=0.3226, loss=-0.2888]
Epoch 138/150 [train]:   0%|          | 0/26 [00:00<?, ?it/s, S=0.3289, loss=-0.2915]
Epoch 138/150 [train]:   0%|          | 0/26 [00:00<?, ?it/s, S=0.3286, loss=-0.2947]
Epoch 138/150 [train]:  35%|███▍      | 9/26 [00:00<00:00, 85.50it/s, S=0.3286, loss=-0.2947]
Epoch 138/150 [train]:  35%|███▍      | 9/26 [00:00<00:00, 85.50it/s, S=0.3268, loss=-0.2902]
Epoch 138/150 [train]:  35%|███▍      | 9/26 [00:00<00:00, 85.50it/s, S=0.3273, loss=-0.2926]
Epoch 138/150 [train]:  35%|███▍      | 9/26 [00:00<00:00, 85.50it/s, S=0.3243, loss=-0.2905]
Epoch 138/150 [train]:  35%|███▍      | 9/26 [00:00<00:00, 85.50it/s, S=0.3234, loss=-0.2877]
Epoch 138/150 [train]:  35%|███▍      | 9/26 [00:00<00:00, 85.50it/s, S=0.3221, loss=-0.2847]
Epoch 138/150 [train]:  35%|███▍      | 9/26 [00:00<00:00, 85.50it/s, S=0.3253, loss=-0.2940]
Epoch 138/150 [train]:  35%|███▍      | 9/26 [00:00<00:00, 85.50it/s, S=0.3225, loss=-0.2916]
Epoch 138/150 [train]:  35%|███▍      | 9/26 [00:00<00:00, 85.50it/s, S=0.3209, loss=-0.2889]
Epoch 138/150 [train]:  35%|███▍      | 9/26 [00:00<00:00, 85.50it/s, S=0.3228, loss=-0.2918]
Epoch 138/150 [train]:  69%|██████▉   | 18/26 [00:00<00:00, 85.80it/s, S=0.3228, loss=-0.2918]
Epoch 138/150 [train]:  69%|██████▉   | 18/26 [00:00<00:00, 85.80it/s, S=0.3223, loss=-0.2874]
Epoch 138/150 [train]:  69%|██████▉   | 18/26 [00:00<00:00, 85.80it/s, S=0.3197, loss=-0.2848]
Epoch 138/150 [train]:  69%|██████▉   | 18/26 [00:00<00:00, 85.80it/s, S=0.3274, loss=-0.2927]
Epoch 138/150 [train]:  69%|██████▉   | 18/26 [00:00<00:00, 85.80it/s, S=0.3284, loss=-0.2920]
Epoch 138/150 [train]:  69%|██████▉   | 18/26 [00:00<00:00, 85.80it/s, S=0.3133, loss=-0.2719]
Epoch 138/150 [train]:  69%|██████▉   | 18/26 [00:00<00:00, 85.80it/s, S=0.3232, loss=-0.2802]
Epoch 138/150 [train]:  69%|██████▉   | 18/26 [00:00<00:00, 85.80it/s, S=0.3214, loss=-0.2891]
Epoch 138/150 [train]:  69%|██████▉   | 18/26 [00:00<00:00, 85.80it/s, S=0.3221, loss=-0.2834]
                                                                                              
Epoch 138/150  train loss=-0.2878  val loss=-0.2946  S[mean]=0.3374  ζ=0.4196  mean_plane_ζ=0.3004  reg=0.0428  λscale=1.00  lr=2.72e-05

Epoch 139/150 [train]:   0%|          | 0/26 [00:00<?, ?it/s]
Epoch 139/150 [train]:   0%|          | 0/26 [00:00<?, ?it/s, S=0.3189, loss=-0.2837]
Epoch 139/150 [train]:   0%|          | 0/26 [00:00<?, ?it/s, S=0.3212, loss=-0.2861]
Epoch 139/150 [train]:   0%|          | 0/26 [00:00<?, ?it/s, S=0.3229, loss=-0.2699]
Epoch 139/150 [train]:   0%|          | 0/26 [00:00<?, ?it/s, S=0.3190, loss=-0.2838]
Epoch 139/150 [train]:   0%|          | 0/26 [00:00<?, ?it/s, S=0.3218, loss=-0.2872]
Epoch 139/150 [train]:   0%|          | 0/26 [00:00<?, ?it/s, S=0.3210, loss=-0.2857]
Epoch 139/150 [train]:   0%|          | 0/26 [00:00<?, ?it/s, S=0.3259, loss=-0.2909]
Epoch 139/150 [train]:   0%|          | 0/26 [00:00<?, ?it/s, S=0.3159, loss=-0.2722]
Epoch 139/150 [train]:   0%|          | 0/26 [00:00<?, ?it/s, S=0.3272, loss=-0.2917]
Epoch 139/150 [train]:  35%|███▍      | 9/26 [00:00<00:00, 85.63it/s, S=0.3272, loss=-0.2917]
Epoch 139/150 [train]:  35%|███▍      | 9/26 [00:00<00:00, 85.63it/s, S=0.3266, loss=-0.2921]
Epoch 139/150 [train]:  35%|███▍      | 9/26 [00:00<00:00, 85.63it/s, S=0.3286, loss=-0.2961]
Epoch 139/150 [train]:  35%|███▍      | 9/26 [00:00<00:00, 85.63it/s, S=0.3217, loss=-0.2838]
Epoch 139/150 [train]:  35%|███▍      | 9/26 [00:00<00:00, 85.63it/s, S=0.3247, loss=-0.2928]
Epoch 139/150 [train]:  35%|███▍      | 9/26 [00:00<00:00, 85.63it/s, S=0.3292, loss=-0.2967]
Epoch 139/150 [train]:  35%|███▍      | 9/26 [00:00<00:00, 85.63it/s, S=0.3190, loss=-0.2829]
Epoch 139/150 [train]:  35%|███▍      | 9/26 [00:00<00:00, 85.63it/s, S=0.3203, loss=-0.2790]
Epoch 139/150 [train]:  35%|███▍      | 9/26 [00:00<00:00, 85.63it/s, S=0.3261, loss=-0.2905]
Epoch 139/150 [train]:  35%|███▍      | 9/26 [00:00<00:00, 85.63it/s, S=0.3230, loss=-0.2862]
Epoch 139/150 [train]:  69%|██████▉   | 18/26 [00:00<00:00, 85.76it/s, S=0.3230, loss=-0.2862]
Epoch 139/150 [train]:  69%|██████▉   | 18/26 [00:00<00:00, 85.76it/s, S=0.3208, loss=-0.2829]
Epoch 139/150 [train]:  69%|██████▉   | 18/26 [00:00<00:00, 85.76it/s, S=0.3246, loss=-0.2887]
Epoch 139/150 [train]:  69%|██████▉   | 18/26 [00:00<00:00, 85.76it/s, S=0.3281, loss=-0.2943]
Epoch 139/150 [train]:  69%|██████▉   | 18/26 [00:00<00:00, 85.76it/s, S=0.3244, loss=-0.2909]
Epoch 139/150 [train]:  69%|██████▉   | 18/26 [00:00<00:00, 85.76it/s, S=0.3257, loss=-0.2894]
Epoch 139/150 [train]:  69%|██████▉   | 18/26 [00:00<00:00, 85.76it/s, S=0.3206, loss=-0.2846]
Epoch 139/150 [train]:  69%|██████▉   | 18/26 [00:00<00:00, 85.76it/s, S=0.3200, loss=-0.2818]
Epoch 139/150 [train]:  69%|██████▉   | 18/26 [00:00<00:00, 85.76it/s, S=0.3317, loss=-0.2896]
                                                                                              
Epoch 139/150  train loss=-0.2867  val loss=-0.2948  S[mean]=0.3376  ζ=0.4194  mean_plane_ζ=0.3004  reg=0.0428  λscale=1.00  lr=2.30e-05

Epoch 140/150 [train]:   0%|          | 0/26 [00:00<?, ?it/s]
Epoch 140/150 [train]:   0%|          | 0/26 [00:00<?, ?it/s, S=0.3245, loss=-0.2895]
Epoch 140/150 [train]:   0%|          | 0/26 [00:00<?, ?it/s, S=0.3198, loss=-0.2800]
Epoch 140/150 [train]:   0%|          | 0/26 [00:00<?, ?it/s, S=0.3246, loss=-0.2938]
Epoch 140/150 [train]:   0%|          | 0/26 [00:00<?, ?it/s, S=0.3252, loss=-0.2892]
Epoch 140/150 [train]:   0%|          | 0/26 [00:00<?, ?it/s, S=0.3261, loss=-0.2950]
Epoch 140/150 [train]:   0%|          | 0/26 [00:00<?, ?it/s, S=0.3244, loss=-0.2855]
Epoch 140/150 [train]:   0%|          | 0/26 [00:00<?, ?it/s, S=0.3198, loss=-0.2655]
Epoch 140/150 [train]:   0%|          | 0/26 [00:00<?, ?it/s, S=0.3262, loss=-0.2929]
Epoch 140/150 [train]:   0%|          | 0/26 [00:00<?, ?it/s, S=0.3219, loss=-0.2900]
Epoch 140/150 [train]:  35%|███▍      | 9/26 [00:00<00:00, 85.72it/s, S=0.3219, loss=-0.2900]
Epoch 140/150 [train]:  35%|███▍      | 9/26 [00:00<00:00, 85.72it/s, S=0.3190, loss=-0.2810]
Epoch 140/150 [train]:  35%|███▍      | 9/26 [00:00<00:00, 85.72it/s, S=0.3192, loss=-0.2864]
Epoch 140/150 [train]:  35%|███▍      | 9/26 [00:00<00:00, 85.72it/s, S=0.3261, loss=-0.2912]
Epoch 140/150 [train]:  35%|███▍      | 9/26 [00:00<00:00, 85.72it/s, S=0.3276, loss=-0.2910]
Epoch 140/150 [train]:  35%|███▍      | 9/26 [00:00<00:00, 85.72it/s, S=0.3195, loss=-0.2818]
Epoch 140/150 [train]:  35%|███▍      | 9/26 [00:00<00:00, 85.72it/s, S=0.3274, loss=-0.2909]
Epoch 140/150 [train]:  35%|███▍      | 9/26 [00:00<00:00, 85.72it/s, S=0.3260, loss=-0.2940]
Epoch 140/150 [train]:  35%|███▍      | 9/26 [00:00<00:00, 85.72it/s, S=0.3252, loss=-0.2912]
Epoch 140/150 [train]:  35%|███▍      | 9/26 [00:00<00:00, 85.72it/s, S=0.3226, loss=-0.2824]
Epoch 140/150 [train]:  69%|██████▉   | 18/26 [00:00<00:00, 85.85it/s, S=0.3226, loss=-0.2824]
Epoch 140/150 [train]:  69%|██████▉   | 18/26 [00:00<00:00, 85.85it/s, S=0.3231, loss=-0.2899]
Epoch 140/150 [train]:  69%|██████▉   | 18/26 [00:00<00:00, 85.85it/s, S=0.3225, loss=-0.2881]
Epoch 140/150 [train]:  69%|██████▉   | 18/26 [00:00<00:00, 85.85it/s, S=0.3214, loss=-0.2790]
Epoch 140/150 [train]:  69%|██████▉   | 18/26 [00:00<00:00, 85.85it/s, S=0.3286, loss=-0.2893]
Epoch 140/150 [train]:  69%|██████▉   | 18/26 [00:00<00:00, 85.85it/s, S=0.3194, loss=-0.2859]
Epoch 140/150 [train]:  69%|██████▉   | 18/26 [00:00<00:00, 85.85it/s, S=0.3249, loss=-0.2925]
Epoch 140/150 [train]:  69%|██████▉   | 18/26 [00:00<00:00, 85.85it/s, S=0.3244, loss=-0.2896]
Epoch 140/150 [train]:  69%|██████▉   | 18/26 [00:00<00:00, 85.85it/s, S=0.3225, loss=-0.2897]
                                                                                              
Epoch 140/150  train loss=-0.2875  val loss=-0.2950  S[mean]=0.3378  ζ=0.4193  mean_plane_ζ=0.3004  reg=0.0428  λscale=1.00  lr=1.90e-05

Epoch 141/150 [train]:   0%|          | 0/26 [00:00<?, ?it/s]
Epoch 141/150 [train]:   0%|          | 0/26 [00:00<?, ?it/s, S=0.3220, loss=-0.2875]
Epoch 141/150 [train]:   0%|          | 0/26 [00:00<?, ?it/s, S=0.3250, loss=-0.2904]
Epoch 141/150 [train]:   0%|          | 0/26 [00:00<?, ?it/s, S=0.3290, loss=-0.2954]
Epoch 141/150 [train]:   0%|          | 0/26 [00:00<?, ?it/s, S=0.3195, loss=-0.2839]
Epoch 141/150 [train]:   0%|          | 0/26 [00:00<?, ?it/s, S=0.3278, loss=-0.2946]
Epoch 141/150 [train]:   0%|          | 0/26 [00:00<?, ?it/s, S=0.3222, loss=-0.2893]
Epoch 141/150 [train]:   0%|          | 0/26 [00:00<?, ?it/s, S=0.3234, loss=-0.2926]
Epoch 141/150 [train]:   0%|          | 0/26 [00:00<?, ?it/s, S=0.3257, loss=-0.2904]
Epoch 141/150 [train]:   0%|          | 0/26 [00:00<?, ?it/s, S=0.3238, loss=-0.2835]
Epoch 141/150 [train]:  35%|███▍      | 9/26 [00:00<00:00, 85.20it/s, S=0.3238, loss=-0.2835]
Epoch 141/150 [train]:  35%|███▍      | 9/26 [00:00<00:00, 85.20it/s, S=0.3216, loss=-0.2827]
Epoch 141/150 [train]:  35%|███▍      | 9/26 [00:00<00:00, 85.20it/s, S=0.3232, loss=-0.2890]
Epoch 141/150 [train]:  35%|███▍      | 9/26 [00:00<00:00, 85.20it/s, S=0.3251, loss=-0.2874]
Epoch 141/150 [train]:  35%|███▍      | 9/26 [00:00<00:00, 85.20it/s, S=0.3278, loss=-0.2929]
Epoch 141/150 [train]:  35%|███▍      | 9/26 [00:00<00:00, 85.20it/s, S=0.3274, loss=-0.2923]
Epoch 141/150 [train]:  35%|███▍      | 9/26 [00:00<00:00, 85.20it/s, S=0.3186, loss=-0.2784]
Epoch 141/150 [train]:  35%|███▍      | 9/26 [00:00<00:00, 85.20it/s, S=0.3238, loss=-0.2884]
Epoch 141/150 [train]:  35%|███▍      | 9/26 [00:00<00:00, 85.20it/s, S=0.3306, loss=-0.2975]
Epoch 141/150 [train]:  35%|███▍      | 9/26 [00:00<00:00, 85.20it/s, S=0.3225, loss=-0.2886]
Epoch 141/150 [train]:  69%|██████▉   | 18/26 [00:00<00:00, 85.41it/s, S=0.3225, loss=-0.2886]
Epoch 141/150 [train]:  69%|██████▉   | 18/26 [00:00<00:00, 85.41it/s, S=0.3260, loss=-0.2899]
Epoch 141/150 [train]:  69%|██████▉   | 18/26 [00:00<00:00, 85.41it/s, S=0.3231, loss=-0.2922]
Epoch 141/150 [train]:  69%|██████▉   | 18/26 [00:00<00:00, 85.41it/s, S=0.3219, loss=-0.2874]
Epoch 141/150 [train]:  69%|██████▉   | 18/26 [00:00<00:00, 85.41it/s, S=0.3244, loss=-0.2899]
Epoch 141/150 [train]:  69%|██████▉   | 18/26 [00:00<00:00, 85.41it/s, S=0.3206, loss=-0.2853]
Epoch 141/150 [train]:  69%|██████▉   | 18/26 [00:00<00:00, 85.41it/s, S=0.3278, loss=-0.2921]
Epoch 141/150 [train]:  69%|██████▉   | 18/26 [00:00<00:00, 85.41it/s, S=0.3154, loss=-0.2830]
Epoch 141/150 [train]:  69%|██████▉   | 18/26 [00:00<00:00, 85.41it/s, S=0.3221, loss=-0.2842]
                                                                                              
Epoch 141/150  train loss=-0.2888  val loss=-0.2952  S[mean]=0.3379  ζ=0.4192  mean_plane_ζ=0.3004  reg=0.0427  λscale=1.00  lr=1.55e-05

Epoch 142/150 [train]:   0%|          | 0/26 [00:00<?, ?it/s]
Epoch 142/150 [train]:   0%|          | 0/26 [00:00<?, ?it/s, S=0.3191, loss=-0.2880]
Epoch 142/150 [train]:   0%|          | 0/26 [00:00<?, ?it/s, S=0.3226, loss=-0.2863]
Epoch 142/150 [train]:   0%|          | 0/26 [00:00<?, ?it/s, S=0.3249, loss=-0.2918]
Epoch 142/150 [train]:   0%|          | 0/26 [00:00<?, ?it/s, S=0.3242, loss=-0.2930]
Epoch 142/150 [train]:   0%|          | 0/26 [00:00<?, ?it/s, S=0.3282, loss=-0.2961]
Epoch 142/150 [train]:   0%|          | 0/26 [00:00<?, ?it/s, S=0.3238, loss=-0.2889]
Epoch 142/150 [train]:   0%|          | 0/26 [00:00<?, ?it/s, S=0.3261, loss=-0.2891]
Epoch 142/150 [train]:   0%|          | 0/26 [00:00<?, ?it/s, S=0.3272, loss=-0.2957]
Epoch 142/150 [train]:   0%|          | 0/26 [00:00<?, ?it/s, S=0.3250, loss=-0.2856]
Epoch 142/150 [train]:  35%|███▍      | 9/26 [00:00<00:00, 85.55it/s, S=0.3250, loss=-0.2856]
Epoch 142/150 [train]:  35%|███▍      | 9/26 [00:00<00:00, 85.55it/s, S=0.3222, loss=-0.2835]
Epoch 142/150 [train]:  35%|███▍      | 9/26 [00:00<00:00, 85.55it/s, S=0.3264, loss=-0.2926]
Epoch 142/150 [train]:  35%|███▍      | 9/26 [00:00<00:00, 85.55it/s, S=0.3246, loss=-0.2925]
Epoch 142/150 [train]:  35%|███▍      | 9/26 [00:00<00:00, 85.55it/s, S=0.3256, loss=-0.2926]
Epoch 142/150 [train]:  35%|███▍      | 9/26 [00:00<00:00, 85.55it/s, S=0.3268, loss=-0.2904]
Epoch 142/150 [train]:  35%|███▍      | 9/26 [00:00<00:00, 85.55it/s, S=0.3245, loss=-0.2917]
Epoch 142/150 [train]:  35%|███▍      | 9/26 [00:00<00:00, 85.55it/s, S=0.3213, loss=-0.2848]
Epoch 142/150 [train]:  35%|███▍      | 9/26 [00:00<00:00, 85.55it/s, S=0.3230, loss=-0.2866]
Epoch 142/150 [train]:  35%|███▍      | 9/26 [00:00<00:00, 85.55it/s, S=0.3216, loss=-0.2800]
Epoch 142/150 [train]:  69%|██████▉   | 18/26 [00:00<00:00, 85.50it/s, S=0.3216, loss=-0.2800]
Epoch 142/150 [train]:  69%|██████▉   | 18/26 [00:00<00:00, 85.50it/s, S=0.3269, loss=-0.2907]
Epoch 142/150 [train]:  69%|██████▉   | 18/26 [00:00<00:00, 85.50it/s, S=0.3198, loss=-0.2858]
Epoch 142/150 [train]:  69%|██████▉   | 18/26 [00:00<00:00, 85.50it/s, S=0.3239, loss=-0.2858]
Epoch 142/150 [train]:  69%|██████▉   | 18/26 [00:00<00:00, 85.50it/s, S=0.3270, loss=-0.2921]
Epoch 142/150 [train]:  69%|██████▉   | 18/26 [00:00<00:00, 85.50it/s, S=0.3214, loss=-0.2875]
Epoch 142/150 [train]:  69%|██████▉   | 18/26 [00:00<00:00, 85.50it/s, S=0.3241, loss=-0.2866]
Epoch 142/150 [train]:  69%|██████▉   | 18/26 [00:00<00:00, 85.50it/s, S=0.3270, loss=-0.2919]
Epoch 142/150 [train]:  69%|██████▉   | 18/26 [00:00<00:00, 85.50it/s, S=0.3273, loss=-0.2849]
                                                                                              
Epoch 142/150  train loss=-0.2890  val loss=-0.2953  S[mean]=0.3380  ζ=0.4190  mean_plane_ζ=0.3003  reg=0.0428  λscale=1.00  lr=1.22e-05

Epoch 143/150 [train]:   0%|          | 0/26 [00:00<?, ?it/s]
Epoch 143/150 [train]:   0%|          | 0/26 [00:00<?, ?it/s, S=0.3250, loss=-0.2850]
Epoch 143/150 [train]:   0%|          | 0/26 [00:00<?, ?it/s, S=0.3221, loss=-0.2845]
Epoch 143/150 [train]:   0%|          | 0/26 [00:00<?, ?it/s, S=0.3249, loss=-0.2912]
Epoch 143/150 [train]:   0%|          | 0/26 [00:00<?, ?it/s, S=0.3213, loss=-0.2853]
Epoch 143/150 [train]:   0%|          | 0/26 [00:00<?, ?it/s, S=0.3259, loss=-0.2928]
Epoch 143/150 [train]:   0%|          | 0/26 [00:00<?, ?it/s, S=0.3235, loss=-0.2853]
Epoch 143/150 [train]:   0%|          | 0/26 [00:00<?, ?it/s, S=0.3170, loss=-0.2796]
Epoch 143/150 [train]:   0%|          | 0/26 [00:00<?, ?it/s, S=0.3246, loss=-0.2922]
Epoch 143/150 [train]:   0%|          | 0/26 [00:00<?, ?it/s, S=0.3291, loss=-0.2948]
Epoch 143/150 [train]:  35%|███▍      | 9/26 [00:00<00:00, 85.58it/s, S=0.3291, loss=-0.2948]
Epoch 143/150 [train]:  35%|███▍      | 9/26 [00:00<00:00, 85.58it/s, S=0.3242, loss=-0.2892]
Epoch 143/150 [train]:  35%|███▍      | 9/26 [00:00<00:00, 85.58it/s, S=0.3229, loss=-0.2871]
Epoch 143/150 [train]:  35%|███▍      | 9/26 [00:00<00:00, 85.58it/s, S=0.3272, loss=-0.2915]
Epoch 143/150 [train]:  35%|███▍      | 9/26 [00:00<00:00, 85.58it/s, S=0.3255, loss=-0.2916]
Epoch 143/150 [train]:  35%|███▍      | 9/26 [00:00<00:00, 85.58it/s, S=0.3253, loss=-0.2921]
Epoch 143/150 [train]:  35%|███▍      | 9/26 [00:00<00:00, 85.58it/s, S=0.3214, loss=-0.2822]
Epoch 143/150 [train]:  35%|███▍      | 9/26 [00:00<00:00, 85.58it/s, S=0.3262, loss=-0.2938]
Epoch 143/150 [train]:  35%|███▍      | 9/26 [00:00<00:00, 85.58it/s, S=0.3213, loss=-0.2839]
Epoch 143/150 [train]:  35%|███▍      | 9/26 [00:00<00:00, 85.58it/s, S=0.3222, loss=-0.2882]
Epoch 143/150 [train]:  69%|██████▉   | 18/26 [00:00<00:00, 85.43it/s, S=0.3222, loss=-0.2882]
Epoch 143/150 [train]:  69%|██████▉   | 18/26 [00:00<00:00, 85.43it/s, S=0.3240, loss=-0.2911]
Epoch 143/150 [train]:  69%|██████▉   | 18/26 [00:00<00:00, 85.43it/s, S=0.3263, loss=-0.2937]
Epoch 143/150 [train]:  69%|██████▉   | 18/26 [00:00<00:00, 85.43it/s, S=0.3267, loss=-0.2916]
Epoch 143/150 [train]:  69%|██████▉   | 18/26 [00:00<00:00, 85.43it/s, S=0.3276, loss=-0.2937]
Epoch 143/150 [train]:  69%|██████▉   | 18/26 [00:00<00:00, 85.43it/s, S=0.3207, loss=-0.2877]
Epoch 143/150 [train]:  69%|██████▉   | 18/26 [00:00<00:00, 85.43it/s, S=0.3262, loss=-0.2951]
Epoch 143/150 [train]:  69%|██████▉   | 18/26 [00:00<00:00, 85.43it/s, S=0.3246, loss=-0.2876]
Epoch 143/150 [train]:  69%|██████▉   | 18/26 [00:00<00:00, 85.43it/s, S=0.3210, loss=-0.2875]
                                                                                              
Epoch 143/150  train loss=-0.2892  val loss=-0.2953  S[mean]=0.3381  ζ=0.4190  mean_plane_ζ=0.3004  reg=0.0428  λscale=1.00  lr=9.39e-06

Epoch 144/150 [train]:   0%|          | 0/26 [00:00<?, ?it/s]
Epoch 144/150 [train]:   0%|          | 0/26 [00:00<?, ?it/s, S=0.3164, loss=-0.2824]
Epoch 144/150 [train]:   0%|          | 0/26 [00:00<?, ?it/s, S=0.3211, loss=-0.2795]
Epoch 144/150 [train]:   0%|          | 0/26 [00:00<?, ?it/s, S=0.3247, loss=-0.2910]
Epoch 144/150 [train]:   0%|          | 0/26 [00:00<?, ?it/s, S=0.3220, loss=-0.2840]
Epoch 144/150 [train]:   0%|          | 0/26 [00:00<?, ?it/s, S=0.3261, loss=-0.2906]
Epoch 144/150 [train]:   0%|          | 0/26 [00:00<?, ?it/s, S=0.3224, loss=-0.2825]
Epoch 144/150 [train]:   0%|          | 0/26 [00:00<?, ?it/s, S=0.3271, loss=-0.2933]
Epoch 144/150 [train]:   0%|          | 0/26 [00:00<?, ?it/s, S=0.3261, loss=-0.2878]
Epoch 144/150 [train]:   0%|          | 0/26 [00:00<?, ?it/s, S=0.3213, loss=-0.2842]
Epoch 144/150 [train]:  35%|███▍      | 9/26 [00:00<00:00, 85.47it/s, S=0.3213, loss=-0.2842]
Epoch 144/150 [train]:  35%|███▍      | 9/26 [00:00<00:00, 85.47it/s, S=0.3218, loss=-0.2900]
Epoch 144/150 [train]:  35%|███▍      | 9/26 [00:00<00:00, 85.47it/s, S=0.3258, loss=-0.2905]
Epoch 144/150 [train]:  35%|███▍      | 9/26 [00:00<00:00, 85.47it/s, S=0.3236, loss=-0.2893]
Epoch 144/150 [train]:  35%|███▍      | 9/26 [00:00<00:00, 85.47it/s, S=0.3229, loss=-0.2857]
Epoch 144/150 [train]:  35%|███▍      | 9/26 [00:00<00:00, 85.47it/s, S=0.3232, loss=-0.2792]
Epoch 144/150 [train]:  35%|███▍      | 9/26 [00:00<00:00, 85.47it/s, S=0.3353, loss=-0.3057]
Epoch 144/150 [train]:  35%|███▍      | 9/26 [00:00<00:00, 85.47it/s, S=0.3223, loss=-0.2868]
Epoch 144/150 [train]:  35%|███▍      | 9/26 [00:00<00:00, 85.47it/s, S=0.3249, loss=-0.2917]
Epoch 144/150 [train]:  35%|███▍      | 9/26 [00:00<00:00, 85.47it/s, S=0.3237, loss=-0.2882]
Epoch 144/150 [train]:  69%|██████▉   | 18/26 [00:00<00:00, 85.43it/s, S=0.3237, loss=-0.2882]
Epoch 144/150 [train]:  69%|██████▉   | 18/26 [00:00<00:00, 85.43it/s, S=0.3241, loss=-0.2911]
Epoch 144/150 [train]:  69%|██████▉   | 18/26 [00:00<00:00, 85.43it/s, S=0.3266, loss=-0.2951]
Epoch 144/150 [train]:  69%|██████▉   | 18/26 [00:00<00:00, 85.43it/s, S=0.3249, loss=-0.2901]
Epoch 144/150 [train]:  69%|██████▉   | 18/26 [00:00<00:00, 85.43it/s, S=0.3223, loss=-0.2838]
Epoch 144/150 [train]:  69%|██████▉   | 18/26 [00:00<00:00, 85.43it/s, S=0.3239, loss=-0.2912]
Epoch 144/150 [train]:  69%|██████▉   | 18/26 [00:00<00:00, 85.43it/s, S=0.3268, loss=-0.2936]
Epoch 144/150 [train]:  69%|██████▉   | 18/26 [00:00<00:00, 85.43it/s, S=0.3255, loss=-0.2938]
Epoch 144/150 [train]:  69%|██████▉   | 18/26 [00:00<00:00, 85.43it/s, S=0.3245, loss=-0.2849]
                                                                                              
Epoch 144/150  train loss=-0.2887  val loss=-0.2954  S[mean]=0.3382  ζ=0.4190  mean_plane_ζ=0.3004  reg=0.0428  λscale=1.00  lr=6.91e-06

Epoch 145/150 [train]:   0%|          | 0/26 [00:00<?, ?it/s]
Epoch 145/150 [train]:   0%|          | 0/26 [00:00<?, ?it/s, S=0.3258, loss=-0.2904]
Epoch 145/150 [train]:   0%|          | 0/26 [00:00<?, ?it/s, S=0.3173, loss=-0.2803]
Epoch 145/150 [train]:   0%|          | 0/26 [00:00<?, ?it/s, S=0.3238, loss=-0.2905]
Epoch 145/150 [train]:   0%|          | 0/26 [00:00<?, ?it/s, S=0.3240, loss=-0.2889]
Epoch 145/150 [train]:   0%|          | 0/26 [00:00<?, ?it/s, S=0.3211, loss=-0.2893]
Epoch 145/150 [train]:   0%|          | 0/26 [00:00<?, ?it/s, S=0.3218, loss=-0.2877]
Epoch 145/150 [train]:   0%|          | 0/26 [00:00<?, ?it/s, S=0.3219, loss=-0.2818]
Epoch 145/150 [train]:   0%|          | 0/26 [00:00<?, ?it/s, S=0.3263, loss=-0.2941]
Epoch 145/150 [train]:   0%|          | 0/26 [00:00<?, ?it/s, S=0.3203, loss=-0.2843]
Epoch 145/150 [train]:  35%|███▍      | 9/26 [00:00<00:00, 85.45it/s, S=0.3203, loss=-0.2843]
Epoch 145/150 [train]:  35%|███▍      | 9/26 [00:00<00:00, 85.45it/s, S=0.3211, loss=-0.2891]
Epoch 145/150 [train]:  35%|███▍      | 9/26 [00:00<00:00, 85.45it/s, S=0.3274, loss=-0.2893]
Epoch 145/150 [train]:  35%|███▍      | 9/26 [00:00<00:00, 85.45it/s, S=0.3194, loss=-0.2719]
Epoch 145/150 [train]:  35%|███▍      | 9/26 [00:00<00:00, 85.45it/s, S=0.3226, loss=-0.2919]
Epoch 145/150 [train]:  35%|███▍      | 9/26 [00:00<00:00, 85.45it/s, S=0.3252, loss=-0.2882]
Epoch 145/150 [train]:  35%|███▍      | 9/26 [00:00<00:00, 85.45it/s, S=0.3308, loss=-0.2933]
Epoch 145/150 [train]:  35%|███▍      | 9/26 [00:00<00:00, 85.45it/s, S=0.3257, loss=-0.2868]
Epoch 145/150 [train]:  35%|███▍      | 9/26 [00:00<00:00, 85.45it/s, S=0.3267, loss=-0.2950]
Epoch 145/150 [train]:  35%|███▍      | 9/26 [00:00<00:00, 85.45it/s, S=0.3254, loss=-0.2908]
Epoch 145/150 [train]:  69%|██████▉   | 18/26 [00:00<00:00, 85.59it/s, S=0.3254, loss=-0.2908]
Epoch 145/150 [train]:  69%|██████▉   | 18/26 [00:00<00:00, 85.59it/s, S=0.3287, loss=-0.2950]
Epoch 145/150 [train]:  69%|██████▉   | 18/26 [00:00<00:00, 85.59it/s, S=0.3226, loss=-0.2832]
Epoch 145/150 [train]:  69%|██████▉   | 18/26 [00:00<00:00, 85.59it/s, S=0.3230, loss=-0.2891]
Epoch 145/150 [train]:  69%|██████▉   | 18/26 [00:00<00:00, 85.59it/s, S=0.3192, loss=-0.2831]
Epoch 145/150 [train]:  69%|██████▉   | 18/26 [00:00<00:00, 85.59it/s, S=0.3246, loss=-0.2892]
Epoch 145/150 [train]:  69%|██████▉   | 18/26 [00:00<00:00, 85.59it/s, S=0.3287, loss=-0.2956]
Epoch 145/150 [train]:  69%|██████▉   | 18/26 [00:00<00:00, 85.59it/s, S=0.3241, loss=-0.2930]
Epoch 145/150 [train]:  69%|██████▉   | 18/26 [00:00<00:00, 85.59it/s, S=0.3256, loss=-0.2881]
                                                                                              
Epoch 145/150  train loss=-0.2885  val loss=-0.2954  S[mean]=0.3382  ζ=0.4189  mean_plane_ζ=0.3004  reg=0.0428  λscale=1.00  lr=4.80e-06

Epoch 146/150 [train]:   0%|          | 0/26 [00:00<?, ?it/s]
Epoch 146/150 [train]:   0%|          | 0/26 [00:00<?, ?it/s, S=0.3201, loss=-0.2790]
Epoch 146/150 [train]:   0%|          | 0/26 [00:00<?, ?it/s, S=0.3245, loss=-0.2865]
Epoch 146/150 [train]:   0%|          | 0/26 [00:00<?, ?it/s, S=0.3237, loss=-0.2862]
Epoch 146/150 [train]:   0%|          | 0/26 [00:00<?, ?it/s, S=0.3240, loss=-0.2870]
Epoch 146/150 [train]:   0%|          | 0/26 [00:00<?, ?it/s, S=0.3250, loss=-0.2944]
Epoch 146/150 [train]:   0%|          | 0/26 [00:00<?, ?it/s, S=0.3280, loss=-0.2934]
Epoch 146/150 [train]:   0%|          | 0/26 [00:00<?, ?it/s, S=0.3226, loss=-0.2918]
Epoch 146/150 [train]:   0%|          | 0/26 [00:00<?, ?it/s, S=0.3272, loss=-0.2959]
Epoch 146/150 [train]:   0%|          | 0/26 [00:00<?, ?it/s, S=0.3222, loss=-0.2857]
Epoch 146/150 [train]:  35%|███▍      | 9/26 [00:00<00:00, 85.59it/s, S=0.3222, loss=-0.2857]
Epoch 146/150 [train]:  35%|███▍      | 9/26 [00:00<00:00, 85.59it/s, S=0.3244, loss=-0.2881]
Epoch 146/150 [train]:  35%|███▍      | 9/26 [00:00<00:00, 85.59it/s, S=0.3234, loss=-0.2835]
Epoch 146/150 [train]:  35%|███▍      | 9/26 [00:00<00:00, 85.59it/s, S=0.3217, loss=-0.2864]
Epoch 146/150 [train]:  35%|███▍      | 9/26 [00:00<00:00, 85.59it/s, S=0.3265, loss=-0.2894]
Epoch 146/150 [train]:  35%|███▍      | 9/26 [00:00<00:00, 85.59it/s, S=0.3225, loss=-0.2873]
Epoch 146/150 [train]:  35%|███▍      | 9/26 [00:00<00:00, 85.59it/s, S=0.3268, loss=-0.2915]
Epoch 146/150 [train]:  35%|███▍      | 9/26 [00:00<00:00, 85.59it/s, S=0.3280, loss=-0.2936]
Epoch 146/150 [train]:  35%|███▍      | 9/26 [00:00<00:00, 85.59it/s, S=0.3274, loss=-0.2880]
Epoch 146/150 [train]:  35%|███▍      | 9/26 [00:00<00:00, 85.59it/s, S=0.3298, loss=-0.2934]
Epoch 146/150 [train]:  69%|██████▉   | 18/26 [00:00<00:00, 85.68it/s, S=0.3298, loss=-0.2934]
Epoch 146/150 [train]:  69%|██████▉   | 18/26 [00:00<00:00, 85.68it/s, S=0.3247, loss=-0.2777]
Epoch 146/150 [train]:  69%|██████▉   | 18/26 [00:00<00:00, 85.68it/s, S=0.3175, loss=-0.2792]
Epoch 146/150 [train]:  69%|██████▉   | 18/26 [00:00<00:00, 85.68it/s, S=0.3228, loss=-0.2885]
Epoch 146/150 [train]:  69%|██████▉   | 18/26 [00:00<00:00, 85.68it/s, S=0.3220, loss=-0.2860]
Epoch 146/150 [train]:  69%|██████▉   | 18/26 [00:00<00:00, 85.68it/s, S=0.3207, loss=-0.2846]
Epoch 146/150 [train]:  69%|██████▉   | 18/26 [00:00<00:00, 85.68it/s, S=0.3245, loss=-0.2868]
Epoch 146/150 [train]:  69%|██████▉   | 18/26 [00:00<00:00, 85.68it/s, S=0.3228, loss=-0.2868]
Epoch 146/150 [train]:  69%|██████▉   | 18/26 [00:00<00:00, 85.68it/s, S=0.3237, loss=-0.2915]
                                                                                              
Epoch 146/150  train loss=-0.2878  val loss=-0.2954  S[mean]=0.3382  ζ=0.4189  mean_plane_ζ=0.3004  reg=0.0428  λscale=1.00  lr=3.08e-06

Epoch 147/150 [train]:   0%|          | 0/26 [00:00<?, ?it/s]
Epoch 147/150 [train]:   0%|          | 0/26 [00:00<?, ?it/s, S=0.3248, loss=-0.2893]
Epoch 147/150 [train]:   0%|          | 0/26 [00:00<?, ?it/s, S=0.3231, loss=-0.2923]
Epoch 147/150 [train]:   0%|          | 0/26 [00:00<?, ?it/s, S=0.3280, loss=-0.2920]
Epoch 147/150 [train]:   0%|          | 0/26 [00:00<?, ?it/s, S=0.3297, loss=-0.2980]
Epoch 147/150 [train]:   0%|          | 0/26 [00:00<?, ?it/s, S=0.3232, loss=-0.2899]
Epoch 147/150 [train]:   0%|          | 0/26 [00:00<?, ?it/s, S=0.3266, loss=-0.2923]
Epoch 147/150 [train]:   0%|          | 0/26 [00:00<?, ?it/s, S=0.3247, loss=-0.2918]
Epoch 147/150 [train]:   0%|          | 0/26 [00:00<?, ?it/s, S=0.3236, loss=-0.2856]
Epoch 147/150 [train]:   0%|          | 0/26 [00:00<?, ?it/s, S=0.3207, loss=-0.2864]
Epoch 147/150 [train]:  35%|███▍      | 9/26 [00:00<00:00, 85.51it/s, S=0.3207, loss=-0.2864]
Epoch 147/150 [train]:  35%|███▍      | 9/26 [00:00<00:00, 85.51it/s, S=0.3237, loss=-0.2884]
Epoch 147/150 [train]:  35%|███▍      | 9/26 [00:00<00:00, 85.51it/s, S=0.3295, loss=-0.2953]
Epoch 147/150 [train]:  35%|███▍      | 9/26 [00:00<00:00, 85.51it/s, S=0.3190, loss=-0.2876]
Epoch 147/150 [train]:  35%|███▍      | 9/26 [00:00<00:00, 85.51it/s, S=0.3290, loss=-0.2945]
Epoch 147/150 [train]:  35%|███▍      | 9/26 [00:00<00:00, 85.51it/s, S=0.3199, loss=-0.2830]
Epoch 147/150 [train]:  35%|███▍      | 9/26 [00:00<00:00, 85.51it/s, S=0.3240, loss=-0.2894]
Epoch 147/150 [train]:  35%|███▍      | 9/26 [00:00<00:00, 85.51it/s, S=0.3267, loss=-0.2889]
Epoch 147/150 [train]:  35%|███▍      | 9/26 [00:00<00:00, 85.51it/s, S=0.3273, loss=-0.2911]
Epoch 147/150 [train]:  35%|███▍      | 9/26 [00:00<00:00, 85.51it/s, S=0.3255, loss=-0.2857]
Epoch 147/150 [train]:  69%|██████▉   | 18/26 [00:00<00:00, 85.69it/s, S=0.3255, loss=-0.2857]
Epoch 147/150 [train]:  69%|██████▉   | 18/26 [00:00<00:00, 85.69it/s, S=0.3243, loss=-0.2881]
Epoch 147/150 [train]:  69%|██████▉   | 18/26 [00:00<00:00, 85.69it/s, S=0.3299, loss=-0.2975]
Epoch 147/150 [train]:  69%|██████▉   | 18/26 [00:00<00:00, 85.69it/s, S=0.3182, loss=-0.2781]
Epoch 147/150 [train]:  69%|██████▉   | 18/26 [00:00<00:00, 85.69it/s, S=0.3256, loss=-0.2945]
Epoch 147/150 [train]:  69%|██████▉   | 18/26 [00:00<00:00, 85.69it/s, S=0.3186, loss=-0.2732]
Epoch 147/150 [train]:  69%|██████▉   | 18/26 [00:00<00:00, 85.69it/s, S=0.3253, loss=-0.2916]
Epoch 147/150 [train]:  69%|██████▉   | 18/26 [00:00<00:00, 85.69it/s, S=0.3182, loss=-0.2857]
Epoch 147/150 [train]:  69%|██████▉   | 18/26 [00:00<00:00, 85.69it/s, S=0.3263, loss=-0.2936]
                                                                                              
Epoch 147/150  train loss=-0.2894  val loss=-0.2955  S[mean]=0.3382  ζ=0.4189  mean_plane_ζ=0.3004  reg=0.0428  λscale=1.00  lr=1.73e-06

Epoch 148/150 [train]:   0%|          | 0/26 [00:00<?, ?it/s]
Epoch 148/150 [train]:   0%|          | 0/26 [00:00<?, ?it/s, S=0.3260, loss=-0.2919]
Epoch 148/150 [train]:   0%|          | 0/26 [00:00<?, ?it/s, S=0.3225, loss=-0.2848]
Epoch 148/150 [train]:   0%|          | 0/26 [00:00<?, ?it/s, S=0.3260, loss=-0.2935]
Epoch 148/150 [train]:   0%|          | 0/26 [00:00<?, ?it/s, S=0.3240, loss=-0.2923]
Epoch 148/150 [train]:   0%|          | 0/26 [00:00<?, ?it/s, S=0.3225, loss=-0.2896]
Epoch 148/150 [train]:   0%|          | 0/26 [00:00<?, ?it/s, S=0.3220, loss=-0.2827]
Epoch 148/150 [train]:   0%|          | 0/26 [00:00<?, ?it/s, S=0.3268, loss=-0.2887]
Epoch 148/150 [train]:   0%|          | 0/26 [00:00<?, ?it/s, S=0.3210, loss=-0.2863]
Epoch 148/150 [train]:   0%|          | 0/26 [00:00<?, ?it/s, S=0.3259, loss=-0.2895]
Epoch 148/150 [train]:  35%|███▍      | 9/26 [00:00<00:00, 85.12it/s, S=0.3259, loss=-0.2895]
Epoch 148/150 [train]:  35%|███▍      | 9/26 [00:00<00:00, 85.12it/s, S=0.3246, loss=-0.2870]
Epoch 148/150 [train]:  35%|███▍      | 9/26 [00:00<00:00, 85.12it/s, S=0.3274, loss=-0.2952]
Epoch 148/150 [train]:  35%|███▍      | 9/26 [00:00<00:00, 85.12it/s, S=0.3187, loss=-0.2790]
Epoch 148/150 [train]:  35%|███▍      | 9/26 [00:00<00:00, 85.12it/s, S=0.3238, loss=-0.2873]
Epoch 148/150 [train]:  35%|███▍      | 9/26 [00:00<00:00, 85.12it/s, S=0.3237, loss=-0.2915]
Epoch 148/150 [train]:  35%|███▍      | 9/26 [00:00<00:00, 85.12it/s, S=0.3265, loss=-0.2916]
Epoch 148/150 [train]:  35%|███▍      | 9/26 [00:00<00:00, 85.12it/s, S=0.3168, loss=-0.2726]
Epoch 148/150 [train]:  35%|███▍      | 9/26 [00:00<00:00, 85.12it/s, S=0.3284, loss=-0.2916]
Epoch 148/150 [train]:  35%|███▍      | 9/26 [00:00<00:00, 85.12it/s, S=0.3267, loss=-0.2923]
Epoch 148/150 [train]:  69%|██████▉   | 18/26 [00:00<00:00, 85.51it/s, S=0.3267, loss=-0.2923]
Epoch 148/150 [train]:  69%|██████▉   | 18/26 [00:00<00:00, 85.51it/s, S=0.3256, loss=-0.2888]
Epoch 148/150 [train]:  69%|██████▉   | 18/26 [00:00<00:00, 85.51it/s, S=0.3288, loss=-0.2961]
Epoch 148/150 [train]:  69%|██████▉   | 18/26 [00:00<00:00, 85.51it/s, S=0.3239, loss=-0.2913]
Epoch 148/150 [train]:  69%|██████▉   | 18/26 [00:00<00:00, 85.51it/s, S=0.3200, loss=-0.2832]
Epoch 148/150 [train]:  69%|██████▉   | 18/26 [00:00<00:00, 85.51it/s, S=0.3266, loss=-0.2939]
Epoch 148/150 [train]:  69%|██████▉   | 18/26 [00:00<00:00, 85.51it/s, S=0.3218, loss=-0.2862]
Epoch 148/150 [train]:  69%|██████▉   | 18/26 [00:00<00:00, 85.51it/s, S=0.3137, loss=-0.2676]
Epoch 148/150 [train]:  69%|██████▉   | 18/26 [00:00<00:00, 85.51it/s, S=0.3249, loss=-0.2894]
                                                                                              
Epoch 148/150  train loss=-0.2878  val loss=-0.2955  S[mean]=0.3382  ζ=0.4189  mean_plane_ζ=0.3004  reg=0.0428  λscale=1.00  lr=7.71e-07

Epoch 149/150 [train]:   0%|          | 0/26 [00:00<?, ?it/s]
Epoch 149/150 [train]:   0%|          | 0/26 [00:00<?, ?it/s, S=0.3244, loss=-0.2887]
Epoch 149/150 [train]:   0%|          | 0/26 [00:00<?, ?it/s, S=0.3234, loss=-0.2858]
Epoch 149/150 [train]:   0%|          | 0/26 [00:00<?, ?it/s, S=0.3281, loss=-0.2965]
Epoch 149/150 [train]:   0%|          | 0/26 [00:00<?, ?it/s, S=0.3266, loss=-0.2854]
Epoch 149/150 [train]:   0%|          | 0/26 [00:00<?, ?it/s, S=0.3260, loss=-0.2924]
Epoch 149/150 [train]:   0%|          | 0/26 [00:00<?, ?it/s, S=0.3289, loss=-0.2911]
Epoch 149/150 [train]:   0%|          | 0/26 [00:00<?, ?it/s, S=0.3225, loss=-0.2869]
Epoch 149/150 [train]:   0%|          | 0/26 [00:00<?, ?it/s, S=0.3224, loss=-0.2818]
Epoch 149/150 [train]:   0%|          | 0/26 [00:00<?, ?it/s, S=0.3234, loss=-0.2862]
Epoch 149/150 [train]:  35%|███▍      | 9/26 [00:00<00:00, 85.59it/s, S=0.3234, loss=-0.2862]
Epoch 149/150 [train]:  35%|███▍      | 9/26 [00:00<00:00, 85.59it/s, S=0.3287, loss=-0.2976]
Epoch 149/150 [train]:  35%|███▍      | 9/26 [00:00<00:00, 85.59it/s, S=0.3225, loss=-0.2874]
Epoch 149/150 [train]:  35%|███▍      | 9/26 [00:00<00:00, 85.59it/s, S=0.3223, loss=-0.2892]
Epoch 149/150 [train]:  35%|███▍      | 9/26 [00:00<00:00, 85.59it/s, S=0.3258, loss=-0.2903]
Epoch 149/150 [train]:  35%|███▍      | 9/26 [00:00<00:00, 85.59it/s, S=0.3288, loss=-0.2932]
Epoch 149/150 [train]:  35%|███▍      | 9/26 [00:00<00:00, 85.59it/s, S=0.3236, loss=-0.2883]
Epoch 149/150 [train]:  35%|███▍      | 9/26 [00:00<00:00, 85.59it/s, S=0.3277, loss=-0.2897]
Epoch 149/150 [train]:  35%|███▍      | 9/26 [00:00<00:00, 85.59it/s, S=0.3158, loss=-0.2795]
Epoch 149/150 [train]:  35%|███▍      | 9/26 [00:00<00:00, 85.59it/s, S=0.3243, loss=-0.2894]
Epoch 149/150 [train]:  69%|██████▉   | 18/26 [00:00<00:00, 85.44it/s, S=0.3243, loss=-0.2894]
Epoch 149/150 [train]:  69%|██████▉   | 18/26 [00:00<00:00, 85.44it/s, S=0.3225, loss=-0.2887]
Epoch 149/150 [train]:  69%|██████▉   | 18/26 [00:00<00:00, 85.44it/s, S=0.3251, loss=-0.2880]
Epoch 149/150 [train]:  69%|██████▉   | 18/26 [00:00<00:00, 85.44it/s, S=0.3291, loss=-0.2943]
Epoch 149/150 [train]:  69%|██████▉   | 18/26 [00:00<00:00, 85.44it/s, S=0.3228, loss=-0.2873]
Epoch 149/150 [train]:  69%|██████▉   | 18/26 [00:00<00:00, 85.44it/s, S=0.3192, loss=-0.2831]
Epoch 149/150 [train]:  69%|██████▉   | 18/26 [00:00<00:00, 85.44it/s, S=0.3232, loss=-0.2926]
Epoch 149/150 [train]:  69%|██████▉   | 18/26 [00:00<00:00, 85.44it/s, S=0.3208, loss=-0.2854]
Epoch 149/150 [train]:  69%|██████▉   | 18/26 [00:00<00:00, 85.44it/s, S=0.3307, loss=-0.2995]
                                                                                              
Epoch 149/150  train loss=-0.2892  val loss=-0.2955  S[mean]=0.3382  ζ=0.4189  mean_plane_ζ=0.3004  reg=0.0428  λscale=1.00  lr=1.93e-07

Epoch 150/150 [train]:   0%|          | 0/26 [00:00<?, ?it/s]
Epoch 150/150 [train]:   0%|          | 0/26 [00:00<?, ?it/s, S=0.3248, loss=-0.2862]
Epoch 150/150 [train]:   0%|          | 0/26 [00:00<?, ?it/s, S=0.3261, loss=-0.2892]
Epoch 150/150 [train]:   0%|          | 0/26 [00:00<?, ?it/s, S=0.3243, loss=-0.2898]
Epoch 150/150 [train]:   0%|          | 0/26 [00:00<?, ?it/s, S=0.3257, loss=-0.2831]
Epoch 150/150 [train]:   0%|          | 0/26 [00:00<?, ?it/s, S=0.3265, loss=-0.2929]
Epoch 150/150 [train]:   0%|          | 0/26 [00:00<?, ?it/s, S=0.3247, loss=-0.2896]
Epoch 150/150 [train]:   0%|          | 0/26 [00:00<?, ?it/s, S=0.3222, loss=-0.2859]
Epoch 150/150 [train]:   0%|          | 0/26 [00:00<?, ?it/s, S=0.3236, loss=-0.2891]
Epoch 150/150 [train]:   0%|          | 0/26 [00:00<?, ?it/s, S=0.3263, loss=-0.2926]
Epoch 150/150 [train]:  35%|███▍      | 9/26 [00:00<00:00, 85.64it/s, S=0.3263, loss=-0.2926]
Epoch 150/150 [train]:  35%|███▍      | 9/26 [00:00<00:00, 85.64it/s, S=0.3274, loss=-0.2927]
Epoch 150/150 [train]:  35%|███▍      | 9/26 [00:00<00:00, 85.64it/s, S=0.3236, loss=-0.2829]
Epoch 150/150 [train]:  35%|███▍      | 9/26 [00:00<00:00, 85.64it/s, S=0.3285, loss=-0.2916]
Epoch 150/150 [train]:  35%|███▍      | 9/26 [00:00<00:00, 85.64it/s, S=0.3182, loss=-0.2806]
Epoch 150/150 [train]:  35%|███▍      | 9/26 [00:00<00:00, 85.64it/s, S=0.3191, loss=-0.2819]
Epoch 150/150 [train]:  35%|███▍      | 9/26 [00:00<00:00, 85.64it/s, S=0.3265, loss=-0.2910]
Epoch 150/150 [train]:  35%|███▍      | 9/26 [00:00<00:00, 85.64it/s, S=0.3234, loss=-0.2866]
Epoch 150/150 [train]:  35%|███▍      | 9/26 [00:00<00:00, 85.64it/s, S=0.3224, loss=-0.2895]
Epoch 150/150 [train]:  35%|███▍      | 9/26 [00:00<00:00, 85.64it/s, S=0.3307, loss=-0.2978]
Epoch 150/150 [train]:  69%|██████▉   | 18/26 [00:00<00:00, 85.75it/s, S=0.3307, loss=-0.2978]
Epoch 150/150 [train]:  69%|██████▉   | 18/26 [00:00<00:00, 85.75it/s, S=0.3166, loss=-0.2810]
Epoch 150/150 [train]:  69%|██████▉   | 18/26 [00:00<00:00, 85.75it/s, S=0.3235, loss=-0.2844]
Epoch 150/150 [train]:  69%|██████▉   | 18/26 [00:00<00:00, 85.75it/s, S=0.3279, loss=-0.2955]
Epoch 150/150 [train]:  69%|██████▉   | 18/26 [00:00<00:00, 85.75it/s, S=0.3264, loss=-0.2917]
Epoch 150/150 [train]:  69%|██████▉   | 18/26 [00:00<00:00, 85.75it/s, S=0.3271, loss=-0.2917]
Epoch 150/150 [train]:  69%|██████▉   | 18/26 [00:00<00:00, 85.75it/s, S=0.3277, loss=-0.2934]
Epoch 150/150 [train]:  69%|██████▉   | 18/26 [00:00<00:00, 85.75it/s, S=0.3234, loss=-0.2871]
Epoch 150/150 [train]:  69%|██████▉   | 18/26 [00:00<00:00, 85.75it/s, S=0.3223, loss=-0.2889]
                                                                                              
Epoch 150/150  train loss=-0.2887  val loss=-0.2955  S[mean]=0.3382  ζ=0.4189  mean_plane_ζ=0.3004  reg=0.0428  λscale=1.00  lr=5.00e-04

==================================================
Training complete
  Final train loss    : -0.2887
  Best val ζ          : 0.4520
  Val loss at best ζ  : -0.2615
  Wall-clock time     : 50.1 s  (0.8 min)
  Checkpoint          : /home/omo26/Non-Rev-Owen/mcmaze/runs/20260730_181258_d128_h256_dep2_bs64_ep150_lr5e-04_lxp0.0_lbt0.0_lcca5.0_sig10.0_s4/checkpoints/best.pt
  Loss curve          : '/home/omo26/Non-Rev-Owen/mcmaze/runs/20260730_181258_d128_h256_dep2_bs64_ep150_lr5e-04_lxp0.0_lbt0.0_lcca5.0_sig10.0_s4/outputs/loss_curve.png'
==================================================

Skipping diagnostic plots because SKIP_DIAGNOSTICS=1.
Appended best-model val metrics → /home/omo26/Non-Rev-Owen/mcmaze/runs/20260730_181258_d128_h256_dep2_bs64_ep150_lr5e-04_lxp0.0_lbt0.0_lcca5.0_sig10.0_s4/about.txt
