Run directory: /home/omo26/Non-Rev-Owen/mcmaze/runs/20260730_192424_d128_h256_dep2_bs64_ep150_lr5e-04_lxp0.0_lbt0.0_lcca40.0_sig10.0_s3
Seed set to: 3
Loading MC_Maze data …
  Channels: 137  |  Bin width: 10 ms  |  Trials: 2295
  Gaussian smoothing sigma: 10.0 ms = 1 bins
  Soft-normalising per neuron (method='churchland')
Windowing (trial_aligned, align=move_onset_time, pre=200ms, T=90, context=30) …
  Windows shape: (2295, 137, 150)  (K, N, T)
  Train: 1722  |  Val: 573  (random 25%)
Model parameters: 345,960

Starting training for 150 epochs …


Epoch 1/150 [train]:   0%|          | 0/26 [00:00<?, ?it/s]
Epoch 1/150 [train]:   0%|          | 0/26 [00:00<?, ?it/s, S=0.0155, loss=0.3891]
Epoch 1/150 [train]:   4%|▍         | 1/26 [00:00<00:06,  4.05it/s, S=0.0155, loss=0.3891]
Epoch 1/150 [train]:   4%|▍         | 1/26 [00:00<00:06,  4.05it/s, S=0.0152, loss=0.2851]
Epoch 1/150 [train]:   4%|▍         | 1/26 [00:00<00:06,  4.05it/s, S=0.0155, loss=0.2126]
Epoch 1/150 [train]:   4%|▍         | 1/26 [00:00<00:06,  4.05it/s, S=0.0154, loss=0.1827]
Epoch 1/150 [train]:   4%|▍         | 1/26 [00:00<00:06,  4.05it/s, S=0.0153, loss=0.1460]
Epoch 1/150 [train]:   4%|▍         | 1/26 [00:00<00:06,  4.05it/s, S=0.0155, loss=0.1315]
Epoch 1/150 [train]:   4%|▍         | 1/26 [00:00<00:06,  4.05it/s, S=0.0155, loss=0.1131]
Epoch 1/150 [train]:   4%|▍         | 1/26 [00:00<00:06,  4.05it/s, S=0.0154, loss=0.1020]
Epoch 1/150 [train]:   4%|▍         | 1/26 [00:00<00:06,  4.05it/s, S=0.0154, loss=0.0904]
Epoch 1/150 [train]:  35%|███▍      | 9/26 [00:00<00:00, 31.88it/s, S=0.0154, loss=0.0904]
Epoch 1/150 [train]:  35%|███▍      | 9/26 [00:00<00:00, 31.88it/s, S=0.0153, loss=0.0818]
Epoch 1/150 [train]:  35%|███▍      | 9/26 [00:00<00:00, 31.88it/s, S=0.0154, loss=0.0769]
Epoch 1/150 [train]:  35%|███▍      | 9/26 [00:00<00:00, 31.88it/s, S=0.0152, loss=0.0720]
Epoch 1/150 [train]:  35%|███▍      | 9/26 [00:00<00:00, 31.88it/s, S=0.0152, loss=0.0675]
Epoch 1/150 [train]:  35%|███▍      | 9/26 [00:00<00:00, 31.88it/s, S=0.0153, loss=0.0644]
Epoch 1/150 [train]:  35%|███▍      | 9/26 [00:00<00:00, 31.88it/s, S=0.0153, loss=0.0643]
Epoch 1/150 [train]:  35%|███▍      | 9/26 [00:00<00:00, 31.88it/s, S=0.0153, loss=0.0604]
Epoch 1/150 [train]:  35%|███▍      | 9/26 [00:00<00:00, 31.88it/s, S=0.0151, loss=0.0590]
Epoch 1/150 [train]:  35%|███▍      | 9/26 [00:00<00:00, 31.88it/s, S=0.0154, loss=0.0583]
Epoch 1/150 [train]:  69%|██████▉   | 18/26 [00:00<00:00, 50.91it/s, S=0.0154, loss=0.0583]
Epoch 1/150 [train]:  69%|██████▉   | 18/26 [00:00<00:00, 50.91it/s, S=0.0154, loss=0.0592]
Epoch 1/150 [train]:  69%|██████▉   | 18/26 [00:00<00:00, 50.91it/s, S=0.0151, loss=0.0570]
Epoch 1/150 [train]:  69%|██████▉   | 18/26 [00:00<00:00, 50.91it/s, S=0.0152, loss=0.0604]
Epoch 1/150 [train]:  69%|██████▉   | 18/26 [00:00<00:00, 50.91it/s, S=0.0153, loss=0.0586]
Epoch 1/150 [train]:  69%|██████▉   | 18/26 [00:00<00:00, 50.91it/s, S=0.0151, loss=0.0571]
Epoch 1/150 [train]:  69%|██████▉   | 18/26 [00:00<00:00, 50.91it/s, S=0.0153, loss=0.0564]
Epoch 1/150 [train]:  69%|██████▉   | 18/26 [00:00<00:00, 50.91it/s, S=0.0151, loss=0.0568]
Epoch 1/150 [train]:  69%|██████▉   | 18/26 [00:00<00:00, 50.91it/s, S=0.0154, loss=0.0542]
                                                                                           
Epoch   1/150  train loss=0.1045  val loss=0.0654  S[mean]=0.0153  ζ=0.1482  mean_plane_ζ=0.1485  reg=0.0807  λscale=1.00  lr=4.88e-04
Saved val-mean plane ζ checkpoint val_mean_plane_zeta_0.1.pt: threshold=0.1 epoch=1 val_mean_plane_zeta=0.1485

Epoch 2/150 [train]:   0%|          | 0/26 [00:00<?, ?it/s]
Epoch 2/150 [train]:   0%|          | 0/26 [00:00<?, ?it/s, S=0.0152, loss=0.0529]
Epoch 2/150 [train]:   0%|          | 0/26 [00:00<?, ?it/s, S=0.0152, loss=0.0536]
Epoch 2/150 [train]:   0%|          | 0/26 [00:00<?, ?it/s, S=0.0153, loss=0.0505]
Epoch 2/150 [train]:   0%|          | 0/26 [00:00<?, ?it/s, S=0.0153, loss=0.0473]
Epoch 2/150 [train]:   0%|          | 0/26 [00:00<?, ?it/s, S=0.0154, loss=0.0459]
Epoch 2/150 [train]:   0%|          | 0/26 [00:00<?, ?it/s, S=0.0153, loss=0.0459]
Epoch 2/150 [train]:   0%|          | 0/26 [00:00<?, ?it/s, S=0.0152, loss=0.0464]
Epoch 2/150 [train]:   0%|          | 0/26 [00:00<?, ?it/s, S=0.0153, loss=0.0452]
Epoch 2/150 [train]:   0%|          | 0/26 [00:00<?, ?it/s, S=0.0153, loss=0.0465]
Epoch 2/150 [train]:  35%|███▍      | 9/26 [00:00<00:00, 86.72it/s, S=0.0153, loss=0.0465]
Epoch 2/150 [train]:  35%|███▍      | 9/26 [00:00<00:00, 86.72it/s, S=0.0153, loss=0.0438]
Epoch 2/150 [train]:  35%|███▍      | 9/26 [00:00<00:00, 86.72it/s, S=0.0155, loss=0.0448]
Epoch 2/150 [train]:  35%|███▍      | 9/26 [00:00<00:00, 86.72it/s, S=0.0154, loss=0.0446]
Epoch 2/150 [train]:  35%|███▍      | 9/26 [00:00<00:00, 86.72it/s, S=0.0153, loss=0.0442]
Epoch 2/150 [train]:  35%|███▍      | 9/26 [00:00<00:00, 86.72it/s, S=0.0152, loss=0.0442]
Epoch 2/150 [train]:  35%|███▍      | 9/26 [00:00<00:00, 86.72it/s, S=0.0153, loss=0.0442]
Epoch 2/150 [train]:  35%|███▍      | 9/26 [00:00<00:00, 86.72it/s, S=0.0152, loss=0.0445]
Epoch 2/150 [train]:  35%|███▍      | 9/26 [00:00<00:00, 86.72it/s, S=0.0153, loss=0.0436]
Epoch 2/150 [train]:  35%|███▍      | 9/26 [00:00<00:00, 86.72it/s, S=0.0153, loss=0.0433]
Epoch 2/150 [train]:  69%|██████▉   | 18/26 [00:00<00:00, 87.03it/s, S=0.0153, loss=0.0433]
Epoch 2/150 [train]:  69%|██████▉   | 18/26 [00:00<00:00, 87.03it/s, S=0.0153, loss=0.0431]
Epoch 2/150 [train]:  69%|██████▉   | 18/26 [00:00<00:00, 87.03it/s, S=0.0151, loss=0.0451]
Epoch 2/150 [train]:  69%|██████▉   | 18/26 [00:00<00:00, 87.03it/s, S=0.0153, loss=0.0446]
Epoch 2/150 [train]:  69%|██████▉   | 18/26 [00:00<00:00, 87.03it/s, S=0.0153, loss=0.0414]
Epoch 2/150 [train]:  69%|██████▉   | 18/26 [00:00<00:00, 87.03it/s, S=0.0152, loss=0.0434]
Epoch 2/150 [train]:  69%|██████▉   | 18/26 [00:00<00:00, 87.03it/s, S=0.0154, loss=0.0426]
Epoch 2/150 [train]:  69%|██████▉   | 18/26 [00:00<00:00, 87.03it/s, S=0.0152, loss=0.0425]
Epoch 2/150 [train]:  69%|██████▉   | 18/26 [00:00<00:00, 87.03it/s, S=0.0154, loss=0.0436]
                                                                                           
Epoch   2/150  train loss=0.0453  val loss=0.0544  S[mean]=0.0153  ζ=0.1516  mean_plane_ζ=0.1519  reg=0.0697  λscale=1.00  lr=4.52e-04

Epoch 3/150 [train]:   0%|          | 0/26 [00:00<?, ?it/s]
Epoch 3/150 [train]:   0%|          | 0/26 [00:00<?, ?it/s, S=0.0154, loss=0.0403]
Epoch 3/150 [train]:   0%|          | 0/26 [00:00<?, ?it/s, S=0.0153, loss=0.0412]
Epoch 3/150 [train]:   0%|          | 0/26 [00:00<?, ?it/s, S=0.0154, loss=0.0396]
Epoch 3/150 [train]:   0%|          | 0/26 [00:00<?, ?it/s, S=0.0153, loss=0.0421]
Epoch 3/150 [train]:   0%|          | 0/26 [00:00<?, ?it/s, S=0.0152, loss=0.0402]
Epoch 3/150 [train]:   0%|          | 0/26 [00:00<?, ?it/s, S=0.0153, loss=0.0405]
Epoch 3/150 [train]:   0%|          | 0/26 [00:00<?, ?it/s, S=0.0155, loss=0.0410]
Epoch 3/150 [train]:   0%|          | 0/26 [00:00<?, ?it/s, S=0.0153, loss=0.0399]
Epoch 3/150 [train]:   0%|          | 0/26 [00:00<?, ?it/s, S=0.0152, loss=0.0429]
Epoch 3/150 [train]:  35%|███▍      | 9/26 [00:00<00:00, 86.84it/s, S=0.0152, loss=0.0429]
Epoch 3/150 [train]:  35%|███▍      | 9/26 [00:00<00:00, 86.84it/s, S=0.0153, loss=0.0417]
Epoch 3/150 [train]:  35%|███▍      | 9/26 [00:00<00:00, 86.84it/s, S=0.0152, loss=0.0402]
Epoch 3/150 [train]:  35%|███▍      | 9/26 [00:00<00:00, 86.84it/s, S=0.0153, loss=0.0405]
Epoch 3/150 [train]:  35%|███▍      | 9/26 [00:00<00:00, 86.84it/s, S=0.0152, loss=0.0406]
Epoch 3/150 [train]:  35%|███▍      | 9/26 [00:00<00:00, 86.84it/s, S=0.0153, loss=0.0416]
Epoch 3/150 [train]:  35%|███▍      | 9/26 [00:00<00:00, 86.84it/s, S=0.0153, loss=0.0404]
Epoch 3/150 [train]:  35%|███▍      | 9/26 [00:00<00:00, 86.84it/s, S=0.0153, loss=0.0399]
Epoch 3/150 [train]:  35%|███▍      | 9/26 [00:00<00:00, 86.84it/s, S=0.0152, loss=0.0400]
Epoch 3/150 [train]:  35%|███▍      | 9/26 [00:00<00:00, 86.84it/s, S=0.0153, loss=0.0386]
Epoch 3/150 [train]:  69%|██████▉   | 18/26 [00:00<00:00, 87.33it/s, S=0.0153, loss=0.0386]
Epoch 3/150 [train]:  69%|██████▉   | 18/26 [00:00<00:00, 87.33it/s, S=0.0152, loss=0.0394]
Epoch 3/150 [train]:  69%|██████▉   | 18/26 [00:00<00:00, 87.33it/s, S=0.0151, loss=0.0411]
Epoch 3/150 [train]:  69%|██████▉   | 18/26 [00:00<00:00, 87.33it/s, S=0.0152, loss=0.0395]
Epoch 3/150 [train]:  69%|██████▉   | 18/26 [00:00<00:00, 87.33it/s, S=0.0152, loss=0.0389]
Epoch 3/150 [train]:  69%|██████▉   | 18/26 [00:00<00:00, 87.33it/s, S=0.0153, loss=0.0408]
Epoch 3/150 [train]:  69%|██████▉   | 18/26 [00:00<00:00, 87.33it/s, S=0.0154, loss=0.0390]
Epoch 3/150 [train]:  69%|██████▉   | 18/26 [00:00<00:00, 87.33it/s, S=0.0154, loss=0.0378]
Epoch 3/150 [train]:  69%|██████▉   | 18/26 [00:00<00:00, 87.33it/s, S=0.0153, loss=0.0394]
                                                                                           
Epoch   3/150  train loss=0.0403  val loss=0.0518  S[mean]=0.0153  ζ=0.1546  mean_plane_ζ=0.1549  reg=0.0671  λscale=1.00  lr=3.97e-04

Epoch 4/150 [train]:   0%|          | 0/26 [00:00<?, ?it/s]
Epoch 4/150 [train]:   0%|          | 0/26 [00:00<?, ?it/s, S=0.0153, loss=0.0356]
Epoch 4/150 [train]:   0%|          | 0/26 [00:00<?, ?it/s, S=0.0151, loss=0.0377]
Epoch 4/150 [train]:   0%|          | 0/26 [00:00<?, ?it/s, S=0.0151, loss=0.0376]
Epoch 4/150 [train]:   0%|          | 0/26 [00:00<?, ?it/s, S=0.0152, loss=0.0372]
Epoch 4/150 [train]:   0%|          | 0/26 [00:00<?, ?it/s, S=0.0154, loss=0.0367]
Epoch 4/150 [train]:   0%|          | 0/26 [00:00<?, ?it/s, S=0.0153, loss=0.0366]
Epoch 4/150 [train]:   0%|          | 0/26 [00:00<?, ?it/s, S=0.0153, loss=0.0387]
Epoch 4/150 [train]:   0%|          | 0/26 [00:00<?, ?it/s, S=0.0152, loss=0.0371]
Epoch 4/150 [train]:   0%|          | 0/26 [00:00<?, ?it/s, S=0.0154, loss=0.0374]
Epoch 4/150 [train]:  35%|███▍      | 9/26 [00:00<00:00, 86.73it/s, S=0.0154, loss=0.0374]
Epoch 4/150 [train]:  35%|███▍      | 9/26 [00:00<00:00, 86.73it/s, S=0.0151, loss=0.0401]
Epoch 4/150 [train]:  35%|███▍      | 9/26 [00:00<00:00, 86.73it/s, S=0.0154, loss=0.0399]
Epoch 4/150 [train]:  35%|███▍      | 9/26 [00:00<00:00, 86.73it/s, S=0.0153, loss=0.0375]
Epoch 4/150 [train]:  35%|███▍      | 9/26 [00:00<00:00, 86.73it/s, S=0.0154, loss=0.0388]
Epoch 4/150 [train]:  35%|███▍      | 9/26 [00:00<00:00, 86.73it/s, S=0.0153, loss=0.0392]
Epoch 4/150 [train]:  35%|███▍      | 9/26 [00:00<00:00, 86.73it/s, S=0.0153, loss=0.0381]
Epoch 4/150 [train]:  35%|███▍      | 9/26 [00:00<00:00, 86.73it/s, S=0.0154, loss=0.0398]
Epoch 4/150 [train]:  35%|███▍      | 9/26 [00:00<00:00, 86.73it/s, S=0.0153, loss=0.0390]
Epoch 4/150 [train]:  35%|███▍      | 9/26 [00:00<00:00, 86.73it/s, S=0.0155, loss=0.0371]
Epoch 4/150 [train]:  69%|██████▉   | 18/26 [00:00<00:00, 87.11it/s, S=0.0155, loss=0.0371]
Epoch 4/150 [train]:  69%|██████▉   | 18/26 [00:00<00:00, 87.11it/s, S=0.0154, loss=0.0384]
Epoch 4/150 [train]:  69%|██████▉   | 18/26 [00:00<00:00, 87.11it/s, S=0.0153, loss=0.0384]
Epoch 4/150 [train]:  69%|██████▉   | 18/26 [00:00<00:00, 87.11it/s, S=0.0153, loss=0.0371]
Epoch 4/150 [train]:  69%|██████▉   | 18/26 [00:00<00:00, 87.11it/s, S=0.0154, loss=0.0394]
Epoch 4/150 [train]:  69%|██████▉   | 18/26 [00:00<00:00, 87.11it/s, S=0.0153, loss=0.0372]
Epoch 4/150 [train]:  69%|██████▉   | 18/26 [00:00<00:00, 87.11it/s, S=0.0152, loss=0.0377]
Epoch 4/150 [train]:  69%|██████▉   | 18/26 [00:00<00:00, 87.11it/s, S=0.0154, loss=0.0383]
Epoch 4/150 [train]:  69%|██████▉   | 18/26 [00:00<00:00, 87.11it/s, S=0.0154, loss=0.0388]
                                                                                           
Epoch   4/150  train loss=0.0381  val loss=0.0497  S[mean]=0.0153  ζ=0.1569  mean_plane_ζ=0.1572  reg=0.0650  λscale=1.00  lr=3.27e-04

Epoch 5/150 [train]:   0%|          | 0/26 [00:00<?, ?it/s]
Epoch 5/150 [train]:   0%|          | 0/26 [00:00<?, ?it/s, S=0.0153, loss=0.0343]
Epoch 5/150 [train]:   0%|          | 0/26 [00:00<?, ?it/s, S=0.0154, loss=0.0369]
Epoch 5/150 [train]:   0%|          | 0/26 [00:00<?, ?it/s, S=0.0151, loss=0.0353]
Epoch 5/150 [train]:   0%|          | 0/26 [00:00<?, ?it/s, S=0.0152, loss=0.0360]
Epoch 5/150 [train]:   0%|          | 0/26 [00:00<?, ?it/s, S=0.0152, loss=0.0376]
Epoch 5/150 [train]:   0%|          | 0/26 [00:00<?, ?it/s, S=0.0153, loss=0.0367]
Epoch 5/150 [train]:   0%|          | 0/26 [00:00<?, ?it/s, S=0.0152, loss=0.0365]
Epoch 5/150 [train]:   0%|          | 0/26 [00:00<?, ?it/s, S=0.0153, loss=0.0364]
Epoch 5/150 [train]:   0%|          | 0/26 [00:00<?, ?it/s, S=0.0154, loss=0.0358]
Epoch 5/150 [train]:  35%|███▍      | 9/26 [00:00<00:00, 86.91it/s, S=0.0154, loss=0.0358]
Epoch 5/150 [train]:  35%|███▍      | 9/26 [00:00<00:00, 86.91it/s, S=0.0153, loss=0.0363]
Epoch 5/150 [train]:  35%|███▍      | 9/26 [00:00<00:00, 86.91it/s, S=0.0154, loss=0.0375]
Epoch 5/150 [train]:  35%|███▍      | 9/26 [00:00<00:00, 86.91it/s, S=0.0153, loss=0.0372]
Epoch 5/150 [train]:  35%|███▍      | 9/26 [00:00<00:00, 86.91it/s, S=0.0153, loss=0.0350]
Epoch 5/150 [train]:  35%|███▍      | 9/26 [00:00<00:00, 86.91it/s, S=0.0153, loss=0.0360]
Epoch 5/150 [train]:  35%|███▍      | 9/26 [00:00<00:00, 86.91it/s, S=0.0152, loss=0.0361]
Epoch 5/150 [train]:  35%|███▍      | 9/26 [00:00<00:00, 86.91it/s, S=0.0153, loss=0.0378]
Epoch 5/150 [train]:  35%|███▍      | 9/26 [00:00<00:00, 86.91it/s, S=0.0154, loss=0.0358]
Epoch 5/150 [train]:  35%|███▍      | 9/26 [00:00<00:00, 86.91it/s, S=0.0154, loss=0.0368]
Epoch 5/150 [train]:  69%|██████▉   | 18/26 [00:00<00:00, 87.10it/s, S=0.0154, loss=0.0368]
Epoch 5/150 [train]:  69%|██████▉   | 18/26 [00:00<00:00, 87.10it/s, S=0.0154, loss=0.0364]
Epoch 5/150 [train]:  69%|██████▉   | 18/26 [00:00<00:00, 87.10it/s, S=0.0154, loss=0.0362]
Epoch 5/150 [train]:  69%|██████▉   | 18/26 [00:00<00:00, 87.10it/s, S=0.0152, loss=0.0358]
Epoch 5/150 [train]:  69%|██████▉   | 18/26 [00:00<00:00, 87.10it/s, S=0.0153, loss=0.0366]
Epoch 5/150 [train]:  69%|██████▉   | 18/26 [00:00<00:00, 87.10it/s, S=0.0153, loss=0.0363]
Epoch 5/150 [train]:  69%|██████▉   | 18/26 [00:00<00:00, 87.10it/s, S=0.0153, loss=0.0375]
Epoch 5/150 [train]:  69%|██████▉   | 18/26 [00:00<00:00, 87.10it/s, S=0.0154, loss=0.0356]
Epoch 5/150 [train]:  69%|██████▉   | 18/26 [00:00<00:00, 87.10it/s, S=0.0153, loss=0.0364]
                                                                                           
Epoch   5/150  train loss=0.0363  val loss=0.0480  S[mean]=0.0153  ζ=0.1586  mean_plane_ζ=0.1588  reg=0.0633  λscale=1.00  lr=2.50e-04

Epoch 6/150 [train]:   0%|          | 0/26 [00:00<?, ?it/s]
Epoch 6/150 [train]:   0%|          | 0/26 [00:00<?, ?it/s, S=0.0153, loss=0.0356]
Epoch 6/150 [train]:   0%|          | 0/26 [00:00<?, ?it/s, S=0.0152, loss=0.0351]
Epoch 6/150 [train]:   0%|          | 0/26 [00:00<?, ?it/s, S=0.0154, loss=0.0340]
Epoch 6/150 [train]:   0%|          | 0/26 [00:00<?, ?it/s, S=0.0153, loss=0.0339]
Epoch 6/150 [train]:   0%|          | 0/26 [00:00<?, ?it/s, S=0.0153, loss=0.0342]
Epoch 6/150 [train]:   0%|          | 0/26 [00:00<?, ?it/s, S=0.0153, loss=0.0339]
Epoch 6/150 [train]:   0%|          | 0/26 [00:00<?, ?it/s, S=0.0153, loss=0.0352]
Epoch 6/150 [train]:   0%|          | 0/26 [00:00<?, ?it/s, S=0.0153, loss=0.0346]
Epoch 6/150 [train]:   0%|          | 0/26 [00:00<?, ?it/s, S=0.0154, loss=0.0336]
Epoch 6/150 [train]:  35%|███▍      | 9/26 [00:00<00:00, 86.84it/s, S=0.0154, loss=0.0336]
Epoch 6/150 [train]:  35%|███▍      | 9/26 [00:00<00:00, 86.84it/s, S=0.0153, loss=0.0354]
Epoch 6/150 [train]:  35%|███▍      | 9/26 [00:00<00:00, 86.84it/s, S=0.0153, loss=0.0348]
Epoch 6/150 [train]:  35%|███▍      | 9/26 [00:00<00:00, 86.84it/s, S=0.0153, loss=0.0354]
Epoch 6/150 [train]:  35%|███▍      | 9/26 [00:00<00:00, 86.84it/s, S=0.0153, loss=0.0357]
Epoch 6/150 [train]:  35%|███▍      | 9/26 [00:00<00:00, 86.84it/s, S=0.0152, loss=0.0358]
Epoch 6/150 [train]:  35%|███▍      | 9/26 [00:00<00:00, 86.84it/s, S=0.0153, loss=0.0347]
Epoch 6/150 [train]:  35%|███▍      | 9/26 [00:00<00:00, 86.84it/s, S=0.0153, loss=0.0345]
Epoch 6/150 [train]:  35%|███▍      | 9/26 [00:00<00:00, 86.84it/s, S=0.0154, loss=0.0340]
Epoch 6/150 [train]:  35%|███▍      | 9/26 [00:00<00:00, 86.84it/s, S=0.0153, loss=0.0356]
Epoch 6/150 [train]:  69%|██████▉   | 18/26 [00:00<00:00, 87.10it/s, S=0.0153, loss=0.0356]
Epoch 6/150 [train]:  69%|██████▉   | 18/26 [00:00<00:00, 87.10it/s, S=0.0153, loss=0.0359]
Epoch 6/150 [train]:  69%|██████▉   | 18/26 [00:00<00:00, 87.10it/s, S=0.0153, loss=0.0362]
Epoch 6/150 [train]:  69%|██████▉   | 18/26 [00:00<00:00, 87.10it/s, S=0.0152, loss=0.0357]
Epoch 6/150 [train]:  69%|██████▉   | 18/26 [00:00<00:00, 87.10it/s, S=0.0155, loss=0.0360]
Epoch 6/150 [train]:  69%|██████▉   | 18/26 [00:00<00:00, 87.10it/s, S=0.0152, loss=0.0343]
Epoch 6/150 [train]:  69%|██████▉   | 18/26 [00:00<00:00, 87.10it/s, S=0.0153, loss=0.0350]
Epoch 6/150 [train]:  69%|██████▉   | 18/26 [00:00<00:00, 87.10it/s, S=0.0154, loss=0.0350]
Epoch 6/150 [train]:  69%|██████▉   | 18/26 [00:00<00:00, 87.10it/s, S=0.0154, loss=0.0350]
                                                                                           
Epoch   6/150  train loss=0.0350  val loss=0.0472  S[mean]=0.0153  ζ=0.1598  mean_plane_ζ=0.1600  reg=0.0625  λscale=1.00  lr=1.73e-04

Epoch 7/150 [train]:   0%|          | 0/26 [00:00<?, ?it/s]
Epoch 7/150 [train]:   0%|          | 0/26 [00:00<?, ?it/s, S=0.0152, loss=0.0327]
Epoch 7/150 [train]:   0%|          | 0/26 [00:00<?, ?it/s, S=0.0153, loss=0.0346]
Epoch 7/150 [train]:   0%|          | 0/26 [00:00<?, ?it/s, S=0.0153, loss=0.0330]
Epoch 7/150 [train]:   0%|          | 0/26 [00:00<?, ?it/s, S=0.0154, loss=0.0326]
Epoch 7/150 [train]:   0%|          | 0/26 [00:00<?, ?it/s, S=0.0154, loss=0.0336]
Epoch 7/150 [train]:   0%|          | 0/26 [00:00<?, ?it/s, S=0.0152, loss=0.0334]
Epoch 7/150 [train]:   0%|          | 0/26 [00:00<?, ?it/s, S=0.0154, loss=0.0333]
Epoch 7/150 [train]:   0%|          | 0/26 [00:00<?, ?it/s, S=0.0153, loss=0.0328]
Epoch 7/150 [train]:   0%|          | 0/26 [00:00<?, ?it/s, S=0.0153, loss=0.0337]
Epoch 7/150 [train]:  35%|███▍      | 9/26 [00:00<00:00, 86.79it/s, S=0.0153, loss=0.0337]
Epoch 7/150 [train]:  35%|███▍      | 9/26 [00:00<00:00, 86.79it/s, S=0.0154, loss=0.0345]
Epoch 7/150 [train]:  35%|███▍      | 9/26 [00:00<00:00, 86.79it/s, S=0.0153, loss=0.0338]
Epoch 7/150 [train]:  35%|███▍      | 9/26 [00:00<00:00, 86.79it/s, S=0.0154, loss=0.0324]
Epoch 7/150 [train]:  35%|███▍      | 9/26 [00:00<00:00, 86.79it/s, S=0.0152, loss=0.0350]
Epoch 7/150 [train]:  35%|███▍      | 9/26 [00:00<00:00, 86.79it/s, S=0.0153, loss=0.0335]
Epoch 7/150 [train]:  35%|███▍      | 9/26 [00:00<00:00, 86.79it/s, S=0.0153, loss=0.0331]
Epoch 7/150 [train]:  35%|███▍      | 9/26 [00:00<00:00, 86.79it/s, S=0.0153, loss=0.0333]
Epoch 7/150 [train]:  35%|███▍      | 9/26 [00:00<00:00, 86.79it/s, S=0.0152, loss=0.0342]
Epoch 7/150 [train]:  35%|███▍      | 9/26 [00:00<00:00, 86.79it/s, S=0.0153, loss=0.0341]
Epoch 7/150 [train]:  69%|██████▉   | 18/26 [00:00<00:00, 87.06it/s, S=0.0153, loss=0.0341]
Epoch 7/150 [train]:  69%|██████▉   | 18/26 [00:00<00:00, 87.06it/s, S=0.0153, loss=0.0350]
Epoch 7/150 [train]:  69%|██████▉   | 18/26 [00:00<00:00, 87.06it/s, S=0.0153, loss=0.0351]
Epoch 7/150 [train]:  69%|██████▉   | 18/26 [00:00<00:00, 87.06it/s, S=0.0154, loss=0.0332]
Epoch 7/150 [train]:  69%|██████▉   | 18/26 [00:00<00:00, 87.06it/s, S=0.0155, loss=0.0326]
Epoch 7/150 [train]:  69%|██████▉   | 18/26 [00:00<00:00, 87.06it/s, S=0.0153, loss=0.0334]
Epoch 7/150 [train]:  69%|██████▉   | 18/26 [00:00<00:00, 87.06it/s, S=0.0153, loss=0.0348]
Epoch 7/150 [train]:  69%|██████▉   | 18/26 [00:00<00:00, 87.06it/s, S=0.0154, loss=0.0331]
Epoch 7/150 [train]:  69%|██████▉   | 18/26 [00:00<00:00, 87.06it/s, S=0.0154, loss=0.0339]
                                                                                           
Epoch   7/150  train loss=0.0336  val loss=0.0461  S[mean]=0.0153  ζ=0.1605  mean_plane_ζ=0.1607  reg=0.0614  λscale=1.00  lr=1.03e-04

Epoch 8/150 [train]:   0%|          | 0/26 [00:00<?, ?it/s]
Epoch 8/150 [train]:   0%|          | 0/26 [00:00<?, ?it/s, S=0.0154, loss=0.0298]
Epoch 8/150 [train]:   0%|          | 0/26 [00:00<?, ?it/s, S=0.0154, loss=0.0327]
Epoch 8/150 [train]:   0%|          | 0/26 [00:00<?, ?it/s, S=0.0153, loss=0.0327]
Epoch 8/150 [train]:   0%|          | 0/26 [00:00<?, ?it/s, S=0.0152, loss=0.0331]
Epoch 8/150 [train]:   0%|          | 0/26 [00:00<?, ?it/s, S=0.0155, loss=0.0328]
Epoch 8/150 [train]:   0%|          | 0/26 [00:00<?, ?it/s, S=0.0153, loss=0.0335]
Epoch 8/150 [train]:   0%|          | 0/26 [00:00<?, ?it/s, S=0.0152, loss=0.0322]
Epoch 8/150 [train]:   0%|          | 0/26 [00:00<?, ?it/s, S=0.0154, loss=0.0317]
Epoch 8/150 [train]:   0%|          | 0/26 [00:00<?, ?it/s, S=0.0153, loss=0.0322]
Epoch 8/150 [train]:  35%|███▍      | 9/26 [00:00<00:00, 86.75it/s, S=0.0153, loss=0.0322]
Epoch 8/150 [train]:  35%|███▍      | 9/26 [00:00<00:00, 86.75it/s, S=0.0153, loss=0.0336]
Epoch 8/150 [train]:  35%|███▍      | 9/26 [00:00<00:00, 86.75it/s, S=0.0152, loss=0.0332]
Epoch 8/150 [train]:  35%|███▍      | 9/26 [00:00<00:00, 86.75it/s, S=0.0153, loss=0.0315]
Epoch 8/150 [train]:  35%|███▍      | 9/26 [00:00<00:00, 86.75it/s, S=0.0152, loss=0.0347]
Epoch 8/150 [train]:  35%|███▍      | 9/26 [00:00<00:00, 86.75it/s, S=0.0153, loss=0.0325]
Epoch 8/150 [train]:  35%|███▍      | 9/26 [00:00<00:00, 86.75it/s, S=0.0154, loss=0.0317]
Epoch 8/150 [train]:  35%|███▍      | 9/26 [00:00<00:00, 86.75it/s, S=0.0154, loss=0.0337]
Epoch 8/150 [train]:  35%|███▍      | 9/26 [00:00<00:00, 86.75it/s, S=0.0153, loss=0.0326]
Epoch 8/150 [train]:  35%|███▍      | 9/26 [00:00<00:00, 86.75it/s, S=0.0153, loss=0.0326]
Epoch 8/150 [train]:  69%|██████▉   | 18/26 [00:00<00:00, 86.93it/s, S=0.0153, loss=0.0326]
Epoch 8/150 [train]:  69%|██████▉   | 18/26 [00:00<00:00, 86.93it/s, S=0.0152, loss=0.0330]
Epoch 8/150 [train]:  69%|██████▉   | 18/26 [00:00<00:00, 86.93it/s, S=0.0153, loss=0.0336]
Epoch 8/150 [train]:  69%|██████▉   | 18/26 [00:00<00:00, 86.93it/s, S=0.0154, loss=0.0322]
Epoch 8/150 [train]:  69%|██████▉   | 18/26 [00:00<00:00, 86.93it/s, S=0.0155, loss=0.0329]
Epoch 8/150 [train]:  69%|██████▉   | 18/26 [00:00<00:00, 86.93it/s, S=0.0155, loss=0.0316]
Epoch 8/150 [train]:  69%|██████▉   | 18/26 [00:00<00:00, 86.93it/s, S=0.0154, loss=0.0320]
Epoch 8/150 [train]:  69%|██████▉   | 18/26 [00:00<00:00, 86.93it/s, S=0.0154, loss=0.0331]
Epoch 8/150 [train]:  69%|██████▉   | 18/26 [00:00<00:00, 86.93it/s, S=0.0153, loss=0.0324]
                                                                                           
Epoch   8/150  train loss=0.0326  val loss=0.0455  S[mean]=0.0153  ζ=0.1610  mean_plane_ζ=0.1612  reg=0.0609  λscale=1.00  lr=4.77e-05

Epoch 9/150 [train]:   0%|          | 0/26 [00:00<?, ?it/s]
Epoch 9/150 [train]:   0%|          | 0/26 [00:00<?, ?it/s, S=0.0154, loss=0.0315]
Epoch 9/150 [train]:   0%|          | 0/26 [00:00<?, ?it/s, S=0.0153, loss=0.0309]
Epoch 9/150 [train]:   0%|          | 0/26 [00:00<?, ?it/s, S=0.0153, loss=0.0314]
Epoch 9/150 [train]:   0%|          | 0/26 [00:00<?, ?it/s, S=0.0154, loss=0.0316]
Epoch 9/150 [train]:   0%|          | 0/26 [00:00<?, ?it/s, S=0.0153, loss=0.0327]
Epoch 9/150 [train]:   0%|          | 0/26 [00:00<?, ?it/s, S=0.0155, loss=0.0310]
Epoch 9/150 [train]:   0%|          | 0/26 [00:00<?, ?it/s, S=0.0153, loss=0.0317]
Epoch 9/150 [train]:   0%|          | 0/26 [00:00<?, ?it/s, S=0.0152, loss=0.0323]
Epoch 9/150 [train]:   0%|          | 0/26 [00:00<?, ?it/s, S=0.0153, loss=0.0323]
Epoch 9/150 [train]:  35%|███▍      | 9/26 [00:00<00:00, 86.78it/s, S=0.0153, loss=0.0323]
Epoch 9/150 [train]:  35%|███▍      | 9/26 [00:00<00:00, 86.78it/s, S=0.0153, loss=0.0302]
Epoch 9/150 [train]:  35%|███▍      | 9/26 [00:00<00:00, 86.78it/s, S=0.0153, loss=0.0319]
Epoch 9/150 [train]:  35%|███▍      | 9/26 [00:00<00:00, 86.78it/s, S=0.0153, loss=0.0319]
Epoch 9/150 [train]:  35%|███▍      | 9/26 [00:00<00:00, 86.78it/s, S=0.0154, loss=0.0308]
Epoch 9/150 [train]:  35%|███▍      | 9/26 [00:00<00:00, 86.78it/s, S=0.0153, loss=0.0310]
Epoch 9/150 [train]:  35%|███▍      | 9/26 [00:00<00:00, 86.78it/s, S=0.0153, loss=0.0308]
Epoch 9/150 [train]:  35%|███▍      | 9/26 [00:00<00:00, 86.78it/s, S=0.0153, loss=0.0315]
Epoch 9/150 [train]:  35%|███▍      | 9/26 [00:00<00:00, 86.78it/s, S=0.0155, loss=0.0316]
Epoch 9/150 [train]:  35%|███▍      | 9/26 [00:00<00:00, 86.78it/s, S=0.0153, loss=0.0317]
Epoch 9/150 [train]:  69%|██████▉   | 18/26 [00:00<00:00, 87.04it/s, S=0.0153, loss=0.0317]
Epoch 9/150 [train]:  69%|██████▉   | 18/26 [00:00<00:00, 87.04it/s, S=0.0153, loss=0.0318]
Epoch 9/150 [train]:  69%|██████▉   | 18/26 [00:00<00:00, 87.04it/s, S=0.0153, loss=0.0308]
Epoch 9/150 [train]:  69%|██████▉   | 18/26 [00:00<00:00, 87.04it/s, S=0.0153, loss=0.0309]
Epoch 9/150 [train]:  69%|██████▉   | 18/26 [00:00<00:00, 87.04it/s, S=0.0153, loss=0.0324]
Epoch 9/150 [train]:  69%|██████▉   | 18/26 [00:00<00:00, 87.04it/s, S=0.0153, loss=0.0324]
Epoch 9/150 [train]:  69%|██████▉   | 18/26 [00:00<00:00, 87.04it/s, S=0.0153, loss=0.0307]
Epoch 9/150 [train]:  69%|██████▉   | 18/26 [00:00<00:00, 87.04it/s, S=0.0153, loss=0.0309]
Epoch 9/150 [train]:  69%|██████▉   | 18/26 [00:00<00:00, 87.04it/s, S=0.0152, loss=0.0328]
                                                                                           
Epoch   9/150  train loss=0.0315  val loss=0.0452  S[mean]=0.0153  ζ=0.1612  mean_plane_ζ=0.1614  reg=0.0605  λscale=1.00  lr=1.22e-05

Epoch 10/150 [train]:   0%|          | 0/26 [00:00<?, ?it/s]
Epoch 10/150 [train]:   0%|          | 0/26 [00:00<?, ?it/s, S=0.0153, loss=0.0316]
Epoch 10/150 [train]:   0%|          | 0/26 [00:00<?, ?it/s, S=0.0153, loss=0.0319]
Epoch 10/150 [train]:   0%|          | 0/26 [00:00<?, ?it/s, S=0.0153, loss=0.0304]
Epoch 10/150 [train]:   0%|          | 0/26 [00:00<?, ?it/s, S=0.0153, loss=0.0306]
Epoch 10/150 [train]:   0%|          | 0/26 [00:00<?, ?it/s, S=0.0152, loss=0.0323]
Epoch 10/150 [train]:   0%|          | 0/26 [00:00<?, ?it/s, S=0.0154, loss=0.0318]
Epoch 10/150 [train]:   0%|          | 0/26 [00:00<?, ?it/s, S=0.0155, loss=0.0320]
Epoch 10/150 [train]:   0%|          | 0/26 [00:00<?, ?it/s, S=0.0153, loss=0.0311]
Epoch 10/150 [train]:   0%|          | 0/26 [00:00<?, ?it/s, S=0.0154, loss=0.0307]
Epoch 10/150 [train]:  35%|███▍      | 9/26 [00:00<00:00, 86.73it/s, S=0.0154, loss=0.0307]
Epoch 10/150 [train]:  35%|███▍      | 9/26 [00:00<00:00, 86.73it/s, S=0.0153, loss=0.0327]
Epoch 10/150 [train]:  35%|███▍      | 9/26 [00:00<00:00, 86.73it/s, S=0.0154, loss=0.0319]
Epoch 10/150 [train]:  35%|███▍      | 9/26 [00:00<00:00, 86.73it/s, S=0.0152, loss=0.0320]
Epoch 10/150 [train]:  35%|███▍      | 9/26 [00:00<00:00, 86.73it/s, S=0.0152, loss=0.0306]
Epoch 10/150 [train]:  35%|███▍      | 9/26 [00:00<00:00, 86.73it/s, S=0.0153, loss=0.0311]
Epoch 10/150 [train]:  35%|███▍      | 9/26 [00:00<00:00, 86.73it/s, S=0.0154, loss=0.0305]
Epoch 10/150 [train]:  35%|███▍      | 9/26 [00:00<00:00, 86.73it/s, S=0.0154, loss=0.0304]
Epoch 10/150 [train]:  35%|███▍      | 9/26 [00:00<00:00, 86.73it/s, S=0.0154, loss=0.0319]
Epoch 10/150 [train]:  35%|███▍      | 9/26 [00:00<00:00, 86.73it/s, S=0.0154, loss=0.0313]
Epoch 10/150 [train]:  69%|██████▉   | 18/26 [00:00<00:00, 86.73it/s, S=0.0154, loss=0.0313]
Epoch 10/150 [train]:  69%|██████▉   | 18/26 [00:00<00:00, 86.73it/s, S=0.0154, loss=0.0304]
Epoch 10/150 [train]:  69%|██████▉   | 18/26 [00:00<00:00, 86.73it/s, S=0.0153, loss=0.0334]
Epoch 10/150 [train]:  69%|██████▉   | 18/26 [00:00<00:00, 86.73it/s, S=0.0152, loss=0.0319]
Epoch 10/150 [train]:  69%|██████▉   | 18/26 [00:00<00:00, 86.73it/s, S=0.0153, loss=0.0293]
Epoch 10/150 [train]:  69%|██████▉   | 18/26 [00:00<00:00, 86.73it/s, S=0.0154, loss=0.0322]
Epoch 10/150 [train]:  69%|██████▉   | 18/26 [00:00<00:00, 86.73it/s, S=0.0154, loss=0.0320]
Epoch 10/150 [train]:  69%|██████▉   | 18/26 [00:00<00:00, 86.73it/s, S=0.0152, loss=0.0316]
Epoch 10/150 [train]:  69%|██████▉   | 18/26 [00:00<00:00, 86.73it/s, S=0.0153, loss=0.0300]
                                                                                            
Epoch  10/150  train loss=0.0314  val loss=0.0451  S[mean]=0.0153  ζ=0.1613  mean_plane_ζ=0.1615  reg=0.0604  λscale=1.00  lr=5.00e-04

Epoch 11/150 [train]:   0%|          | 0/26 [00:00<?, ?it/s]
Epoch 11/150 [train]:   0%|          | 0/26 [00:00<?, ?it/s, S=0.0154, loss=0.0306]
Epoch 11/150 [train]:   0%|          | 0/26 [00:00<?, ?it/s, S=0.0153, loss=0.0317]
Epoch 11/150 [train]:   0%|          | 0/26 [00:00<?, ?it/s, S=0.0153, loss=0.0307]
Epoch 11/150 [train]:   0%|          | 0/26 [00:00<?, ?it/s, S=0.0153, loss=0.0318]
Epoch 11/150 [train]:   0%|          | 0/26 [00:00<?, ?it/s, S=0.0154, loss=0.0328]
Epoch 11/150 [train]:   0%|          | 0/26 [00:00<?, ?it/s, S=0.0152, loss=0.0364]
Epoch 11/150 [train]:   0%|          | 0/26 [00:00<?, ?it/s, S=0.0152, loss=0.0333]
Epoch 11/150 [train]:   0%|          | 0/26 [00:00<?, ?it/s, S=0.0155, loss=0.0340]
Epoch 11/150 [train]:   0%|          | 0/26 [00:00<?, ?it/s, S=0.0153, loss=0.0347]
Epoch 11/150 [train]:  35%|███▍      | 9/26 [00:00<00:00, 86.68it/s, S=0.0153, loss=0.0347]
Epoch 11/150 [train]:  35%|███▍      | 9/26 [00:00<00:00, 86.68it/s, S=0.0153, loss=0.0351]
Epoch 11/150 [train]:  35%|███▍      | 9/26 [00:00<00:00, 86.68it/s, S=0.0154, loss=0.0355]
Epoch 11/150 [train]:  35%|███▍      | 9/26 [00:00<00:00, 86.68it/s, S=0.0152, loss=0.0366]
Epoch 11/150 [train]:  35%|███▍      | 9/26 [00:00<00:00, 86.68it/s, S=0.0154, loss=0.0362]
Epoch 11/150 [train]:  35%|███▍      | 9/26 [00:00<00:00, 86.68it/s, S=0.0153, loss=0.0355]
Epoch 11/150 [train]:  35%|███▍      | 9/26 [00:00<00:00, 86.68it/s, S=0.0154, loss=0.0347]
Epoch 11/150 [train]:  35%|███▍      | 9/26 [00:00<00:00, 86.68it/s, S=0.0153, loss=0.0360]
Epoch 11/150 [train]:  35%|███▍      | 9/26 [00:00<00:00, 86.68it/s, S=0.0155, loss=0.0349]
Epoch 11/150 [train]:  35%|███▍      | 9/26 [00:00<00:00, 86.68it/s, S=0.0153, loss=0.0348]
Epoch 11/150 [train]:  69%|██████▉   | 18/26 [00:00<00:00, 86.98it/s, S=0.0153, loss=0.0348]
Epoch 11/150 [train]:  69%|██████▉   | 18/26 [00:00<00:00, 86.98it/s, S=0.0154, loss=0.0363]
Epoch 11/150 [train]:  69%|██████▉   | 18/26 [00:00<00:00, 86.98it/s, S=0.0154, loss=0.0343]
Epoch 11/150 [train]:  69%|██████▉   | 18/26 [00:00<00:00, 86.98it/s, S=0.0153, loss=0.0361]
Epoch 11/150 [train]:  69%|██████▉   | 18/26 [00:00<00:00, 86.98it/s, S=0.0153, loss=0.0345]
Epoch 11/150 [train]:  69%|██████▉   | 18/26 [00:00<00:00, 86.98it/s, S=0.0153, loss=0.0353]
Epoch 11/150 [train]:  69%|██████▉   | 18/26 [00:00<00:00, 86.98it/s, S=0.0154, loss=0.0344]
Epoch 11/150 [train]:  69%|██████▉   | 18/26 [00:00<00:00, 86.98it/s, S=0.0154, loss=0.0343]
Epoch 11/150 [train]:  69%|██████▉   | 18/26 [00:00<00:00, 86.98it/s, S=0.0153, loss=0.0368]
                                                                                            
Epoch  11/150  train loss=0.0345  val loss=0.0481  S[mean]=0.0153  ζ=0.1632  mean_plane_ζ=0.1634  reg=0.0635  λscale=1.00  lr=4.97e-04

Epoch 12/150 [train]:   0%|          | 0/26 [00:00<?, ?it/s]
Epoch 12/150 [train]:   0%|          | 0/26 [00:00<?, ?it/s, S=0.0154, loss=0.0325]
Epoch 12/150 [train]:   0%|          | 0/26 [00:00<?, ?it/s, S=0.0154, loss=0.0334]
Epoch 12/150 [train]:   0%|          | 0/26 [00:00<?, ?it/s, S=0.0154, loss=0.0330]
Epoch 12/150 [train]:   0%|          | 0/26 [00:00<?, ?it/s, S=0.0154, loss=0.0328]
Epoch 12/150 [train]:   0%|          | 0/26 [00:00<?, ?it/s, S=0.0155, loss=0.0344]
Epoch 12/150 [train]:   0%|          | 0/26 [00:00<?, ?it/s, S=0.0154, loss=0.0344]
Epoch 12/150 [train]:   0%|          | 0/26 [00:00<?, ?it/s, S=0.0153, loss=0.0358]
Epoch 12/150 [train]:   0%|          | 0/26 [00:00<?, ?it/s, S=0.0153, loss=0.0351]
Epoch 12/150 [train]:   0%|          | 0/26 [00:00<?, ?it/s, S=0.0153, loss=0.0352]
Epoch 12/150 [train]:  35%|███▍      | 9/26 [00:00<00:00, 86.60it/s, S=0.0153, loss=0.0352]
Epoch 12/150 [train]:  35%|███▍      | 9/26 [00:00<00:00, 86.60it/s, S=0.0153, loss=0.0358]
Epoch 12/150 [train]:  35%|███▍      | 9/26 [00:00<00:00, 86.60it/s, S=0.0154, loss=0.0351]
Epoch 12/150 [train]:  35%|███▍      | 9/26 [00:00<00:00, 86.60it/s, S=0.0153, loss=0.0358]
Epoch 12/150 [train]:  35%|███▍      | 9/26 [00:00<00:00, 86.60it/s, S=0.0153, loss=0.0359]
Epoch 12/150 [train]:  35%|███▍      | 9/26 [00:00<00:00, 86.60it/s, S=0.0155, loss=0.0337]
Epoch 12/150 [train]:  35%|███▍      | 9/26 [00:00<00:00, 86.60it/s, S=0.0153, loss=0.0356]
Epoch 12/150 [train]:  35%|███▍      | 9/26 [00:00<00:00, 86.60it/s, S=0.0152, loss=0.0364]
Epoch 12/150 [train]:  35%|███▍      | 9/26 [00:00<00:00, 86.60it/s, S=0.0153, loss=0.0347]
Epoch 12/150 [train]:  35%|███▍      | 9/26 [00:00<00:00, 86.60it/s, S=0.0154, loss=0.0351]
Epoch 12/150 [train]:  69%|██████▉   | 18/26 [00:00<00:00, 86.72it/s, S=0.0154, loss=0.0351]
Epoch 12/150 [train]:  69%|██████▉   | 18/26 [00:00<00:00, 86.72it/s, S=0.0154, loss=0.0355]
Epoch 12/150 [train]:  69%|██████▉   | 18/26 [00:00<00:00, 86.72it/s, S=0.0152, loss=0.0346]
Epoch 12/150 [train]:  69%|██████▉   | 18/26 [00:00<00:00, 86.72it/s, S=0.0154, loss=0.0352]
Epoch 12/150 [train]:  69%|██████▉   | 18/26 [00:00<00:00, 86.72it/s, S=0.0153, loss=0.0353]
Epoch 12/150 [train]:  69%|██████▉   | 18/26 [00:00<00:00, 86.72it/s, S=0.0153, loss=0.0355]
Epoch 12/150 [train]:  69%|██████▉   | 18/26 [00:00<00:00, 86.72it/s, S=0.0153, loss=0.0347]
Epoch 12/150 [train]:  69%|██████▉   | 18/26 [00:00<00:00, 86.72it/s, S=0.0153, loss=0.0345]
Epoch 12/150 [train]:  69%|██████▉   | 18/26 [00:00<00:00, 86.72it/s, S=0.0154, loss=0.0346]
                                                                                            
Epoch  12/150  train loss=0.0348  val loss=0.0487  S[mean]=0.0153  ζ=0.1650  mean_plane_ζ=0.1652  reg=0.0641  λscale=1.00  lr=4.88e-04

Epoch 13/150 [train]:   0%|          | 0/26 [00:00<?, ?it/s]
Epoch 13/150 [train]:   0%|          | 0/26 [00:00<?, ?it/s, S=0.0154, loss=0.0328]
Epoch 13/150 [train]:   0%|          | 0/26 [00:00<?, ?it/s, S=0.0153, loss=0.0315]
Epoch 13/150 [train]:   0%|          | 0/26 [00:00<?, ?it/s, S=0.0152, loss=0.0332]
Epoch 13/150 [train]:   0%|          | 0/26 [00:00<?, ?it/s, S=0.0154, loss=0.0322]
Epoch 13/150 [train]:   0%|          | 0/26 [00:00<?, ?it/s, S=0.0153, loss=0.0336]
Epoch 13/150 [train]:   0%|          | 0/26 [00:00<?, ?it/s, S=0.0153, loss=0.0360]
Epoch 13/150 [train]:   0%|          | 0/26 [00:00<?, ?it/s, S=0.0153, loss=0.0334]
Epoch 13/150 [train]:   0%|          | 0/26 [00:00<?, ?it/s, S=0.0154, loss=0.0358]
Epoch 13/150 [train]:   0%|          | 0/26 [00:00<?, ?it/s, S=0.0153, loss=0.0347]
Epoch 13/150 [train]:  35%|███▍      | 9/26 [00:00<00:00, 86.48it/s, S=0.0153, loss=0.0347]
Epoch 13/150 [train]:  35%|███▍      | 9/26 [00:00<00:00, 86.48it/s, S=0.0153, loss=0.0346]
Epoch 13/150 [train]:  35%|███▍      | 9/26 [00:00<00:00, 86.48it/s, S=0.0153, loss=0.0331]
Epoch 13/150 [train]:  35%|███▍      | 9/26 [00:00<00:00, 86.48it/s, S=0.0153, loss=0.0335]
Epoch 13/150 [train]:  35%|███▍      | 9/26 [00:00<00:00, 86.48it/s, S=0.0153, loss=0.0355]
Epoch 13/150 [train]:  35%|███▍      | 9/26 [00:00<00:00, 86.48it/s, S=0.0153, loss=0.0342]
Epoch 13/150 [train]:  35%|███▍      | 9/26 [00:00<00:00, 86.48it/s, S=0.0153, loss=0.0360]
Epoch 13/150 [train]:  35%|███▍      | 9/26 [00:00<00:00, 86.48it/s, S=0.0154, loss=0.0347]
Epoch 13/150 [train]:  35%|███▍      | 9/26 [00:00<00:00, 86.48it/s, S=0.0153, loss=0.0339]
Epoch 13/150 [train]:  35%|███▍      | 9/26 [00:00<00:00, 86.48it/s, S=0.0154, loss=0.0336]
Epoch 13/150 [train]:  69%|██████▉   | 18/26 [00:00<00:00, 86.77it/s, S=0.0154, loss=0.0336]
Epoch 13/150 [train]:  69%|██████▉   | 18/26 [00:00<00:00, 86.77it/s, S=0.0152, loss=0.0319]
Epoch 13/150 [train]:  69%|██████▉   | 18/26 [00:00<00:00, 86.77it/s, S=0.0153, loss=0.0332]
Epoch 13/150 [train]:  69%|██████▉   | 18/26 [00:00<00:00, 86.77it/s, S=0.0154, loss=0.0349]
Epoch 13/150 [train]:  69%|██████▉   | 18/26 [00:00<00:00, 86.77it/s, S=0.0152, loss=0.0352]
Epoch 13/150 [train]:  69%|██████▉   | 18/26 [00:00<00:00, 86.77it/s, S=0.0154, loss=0.0331]
Epoch 13/150 [train]:  69%|██████▉   | 18/26 [00:00<00:00, 86.77it/s, S=0.0153, loss=0.0336]
Epoch 13/150 [train]:  69%|██████▉   | 18/26 [00:00<00:00, 86.77it/s, S=0.0154, loss=0.0333]
Epoch 13/150 [train]:  69%|██████▉   | 18/26 [00:00<00:00, 86.77it/s, S=0.0152, loss=0.0345]
                                                                                            
Epoch  13/150  train loss=0.0339  val loss=0.0484  S[mean]=0.0153  ζ=0.1664  mean_plane_ζ=0.1665  reg=0.0637  λscale=1.00  lr=4.73e-04

Epoch 14/150 [train]:   0%|          | 0/26 [00:00<?, ?it/s]
Epoch 14/150 [train]:   0%|          | 0/26 [00:00<?, ?it/s, S=0.0153, loss=0.0319]
Epoch 14/150 [train]:   0%|          | 0/26 [00:00<?, ?it/s, S=0.0153, loss=0.0331]
Epoch 14/150 [train]:   0%|          | 0/26 [00:00<?, ?it/s, S=0.0153, loss=0.0344]
Epoch 14/150 [train]:   0%|          | 0/26 [00:00<?, ?it/s, S=0.0154, loss=0.0337]
Epoch 14/150 [train]:   0%|          | 0/26 [00:00<?, ?it/s, S=0.0154, loss=0.0330]
Epoch 14/150 [train]:   0%|          | 0/26 [00:00<?, ?it/s, S=0.0153, loss=0.0341]
Epoch 14/150 [train]:   0%|          | 0/26 [00:00<?, ?it/s, S=0.0154, loss=0.0338]
Epoch 14/150 [train]:   0%|          | 0/26 [00:00<?, ?it/s, S=0.0154, loss=0.0333]
Epoch 14/150 [train]:   0%|          | 0/26 [00:00<?, ?it/s, S=0.0153, loss=0.0328]
Epoch 14/150 [train]:  35%|███▍      | 9/26 [00:00<00:00, 86.43it/s, S=0.0153, loss=0.0328]
Epoch 14/150 [train]:  35%|███▍      | 9/26 [00:00<00:00, 86.43it/s, S=0.0152, loss=0.0321]
Epoch 14/150 [train]:  35%|███▍      | 9/26 [00:00<00:00, 86.43it/s, S=0.0153, loss=0.0329]
Epoch 14/150 [train]:  35%|███▍      | 9/26 [00:00<00:00, 86.43it/s, S=0.0153, loss=0.0333]
Epoch 14/150 [train]:  35%|███▍      | 9/26 [00:00<00:00, 86.43it/s, S=0.0155, loss=0.0343]
Epoch 14/150 [train]:  35%|███▍      | 9/26 [00:00<00:00, 86.43it/s, S=0.0153, loss=0.0318]
Epoch 14/150 [train]:  35%|███▍      | 9/26 [00:00<00:00, 86.43it/s, S=0.0154, loss=0.0319]
Epoch 14/150 [train]:  35%|███▍      | 9/26 [00:00<00:00, 86.43it/s, S=0.0154, loss=0.0320]
Epoch 14/150 [train]:  35%|███▍      | 9/26 [00:00<00:00, 86.43it/s, S=0.0154, loss=0.0330]
Epoch 14/150 [train]:  35%|███▍      | 9/26 [00:00<00:00, 86.43it/s, S=0.0154, loss=0.0341]
Epoch 14/150 [train]:  69%|██████▉   | 18/26 [00:00<00:00, 86.77it/s, S=0.0154, loss=0.0341]
Epoch 14/150 [train]:  69%|██████▉   | 18/26 [00:00<00:00, 86.77it/s, S=0.0154, loss=0.0331]
Epoch 14/150 [train]:  69%|██████▉   | 18/26 [00:00<00:00, 86.77it/s, S=0.0154, loss=0.0314]
Epoch 14/150 [train]:  69%|██████▉   | 18/26 [00:00<00:00, 86.77it/s, S=0.0153, loss=0.0330]
Epoch 14/150 [train]:  69%|██████▉   | 18/26 [00:00<00:00, 86.77it/s, S=0.0153, loss=0.0330]
Epoch 14/150 [train]:  69%|██████▉   | 18/26 [00:00<00:00, 86.77it/s, S=0.0153, loss=0.0333]
Epoch 14/150 [train]:  69%|██████▉   | 18/26 [00:00<00:00, 86.77it/s, S=0.0154, loss=0.0328]
Epoch 14/150 [train]:  69%|██████▉   | 18/26 [00:00<00:00, 86.77it/s, S=0.0154, loss=0.0321]
Epoch 14/150 [train]:  69%|██████▉   | 18/26 [00:00<00:00, 86.77it/s, S=0.0154, loss=0.0326]
                                                                                            
Epoch  14/150  train loss=0.0330  val loss=0.0479  S[mean]=0.0153  ζ=0.1675  mean_plane_ζ=0.1676  reg=0.0632  λscale=1.00  lr=4.52e-04

Epoch 15/150 [train]:   0%|          | 0/26 [00:00<?, ?it/s]
Epoch 15/150 [train]:   0%|          | 0/26 [00:00<?, ?it/s, S=0.0153, loss=0.0309]
Epoch 15/150 [train]:   0%|          | 0/26 [00:00<?, ?it/s, S=0.0153, loss=0.0304]
Epoch 15/150 [train]:   0%|          | 0/26 [00:00<?, ?it/s, S=0.0153, loss=0.0310]
Epoch 15/150 [train]:   0%|          | 0/26 [00:00<?, ?it/s, S=0.0154, loss=0.0296]
Epoch 15/150 [train]:   0%|          | 0/26 [00:00<?, ?it/s, S=0.0154, loss=0.0306]
Epoch 15/150 [train]:   0%|          | 0/26 [00:00<?, ?it/s, S=0.0153, loss=0.0323]
Epoch 15/150 [train]:   0%|          | 0/26 [00:00<?, ?it/s, S=0.0154, loss=0.0307]
Epoch 15/150 [train]:   0%|          | 0/26 [00:00<?, ?it/s, S=0.0153, loss=0.0307]
Epoch 15/150 [train]:   0%|          | 0/26 [00:00<?, ?it/s, S=0.0154, loss=0.0332]
Epoch 15/150 [train]:  35%|███▍      | 9/26 [00:00<00:00, 86.04it/s, S=0.0154, loss=0.0332]
Epoch 15/150 [train]:  35%|███▍      | 9/26 [00:00<00:00, 86.04it/s, S=0.0154, loss=0.0319]
Epoch 15/150 [train]:  35%|███▍      | 9/26 [00:00<00:00, 86.04it/s, S=0.0153, loss=0.0329]
Epoch 15/150 [train]:  35%|███▍      | 9/26 [00:00<00:00, 86.04it/s, S=0.0154, loss=0.0301]
Epoch 15/150 [train]:  35%|███▍      | 9/26 [00:00<00:00, 86.04it/s, S=0.0154, loss=0.0310]
Epoch 15/150 [train]:  35%|███▍      | 9/26 [00:00<00:00, 86.04it/s, S=0.0154, loss=0.0320]
Epoch 15/150 [train]:  35%|███▍      | 9/26 [00:00<00:00, 86.04it/s, S=0.0153, loss=0.0321]
Epoch 15/150 [train]:  35%|███▍      | 9/26 [00:00<00:00, 86.04it/s, S=0.0153, loss=0.0333]
Epoch 15/150 [train]:  35%|███▍      | 9/26 [00:00<00:00, 86.04it/s, S=0.0155, loss=0.0306]
Epoch 15/150 [train]:  35%|███▍      | 9/26 [00:00<00:00, 86.04it/s, S=0.0153, loss=0.0310]
Epoch 15/150 [train]:  69%|██████▉   | 18/26 [00:00<00:00, 86.63it/s, S=0.0153, loss=0.0310]
Epoch 15/150 [train]:  69%|██████▉   | 18/26 [00:00<00:00, 86.63it/s, S=0.0154, loss=0.0325]
Epoch 15/150 [train]:  69%|██████▉   | 18/26 [00:00<00:00, 86.63it/s, S=0.0152, loss=0.0314]
Epoch 15/150 [train]:  69%|██████▉   | 18/26 [00:00<00:00, 86.63it/s, S=0.0154, loss=0.0314]
Epoch 15/150 [train]:  69%|██████▉   | 18/26 [00:00<00:00, 86.63it/s, S=0.0153, loss=0.0317]
Epoch 15/150 [train]:  69%|██████▉   | 18/26 [00:00<00:00, 86.63it/s, S=0.0153, loss=0.0317]
Epoch 15/150 [train]:  69%|██████▉   | 18/26 [00:00<00:00, 86.63it/s, S=0.0153, loss=0.0310]
Epoch 15/150 [train]:  69%|██████▉   | 18/26 [00:00<00:00, 86.63it/s, S=0.0154, loss=0.0314]
Epoch 15/150 [train]:  69%|██████▉   | 18/26 [00:00<00:00, 86.63it/s, S=0.0153, loss=0.0313]
                                                                                            
Epoch  15/150  train loss=0.0314  val loss=0.0480  S[mean]=0.0154  ζ=0.1688  mean_plane_ζ=0.1689  reg=0.0634  λscale=1.00  lr=4.27e-04

Epoch 16/150 [train]:   0%|          | 0/26 [00:00<?, ?it/s]
Epoch 16/150 [train]:   0%|          | 0/26 [00:00<?, ?it/s, S=0.0154, loss=0.0307]
Epoch 16/150 [train]:   0%|          | 0/26 [00:00<?, ?it/s, S=0.0153, loss=0.0305]
Epoch 16/150 [train]:   0%|          | 0/26 [00:00<?, ?it/s, S=0.0155, loss=0.0302]
Epoch 16/150 [train]:   0%|          | 0/26 [00:00<?, ?it/s, S=0.0153, loss=0.0316]
Epoch 16/150 [train]:   0%|          | 0/26 [00:00<?, ?it/s, S=0.0153, loss=0.0309]
Epoch 16/150 [train]:   0%|          | 0/26 [00:00<?, ?it/s, S=0.0153, loss=0.0316]
Epoch 16/150 [train]:   0%|          | 0/26 [00:00<?, ?it/s, S=0.0153, loss=0.0314]
Epoch 16/150 [train]:   0%|          | 0/26 [00:00<?, ?it/s, S=0.0154, loss=0.0304]
Epoch 16/150 [train]:   0%|          | 0/26 [00:00<?, ?it/s, S=0.0153, loss=0.0317]
Epoch 16/150 [train]:  35%|███▍      | 9/26 [00:00<00:00, 86.43it/s, S=0.0153, loss=0.0317]
Epoch 16/150 [train]:  35%|███▍      | 9/26 [00:00<00:00, 86.43it/s, S=0.0154, loss=0.0312]
Epoch 16/150 [train]:  35%|███▍      | 9/26 [00:00<00:00, 86.43it/s, S=0.0153, loss=0.0318]
Epoch 16/150 [train]:  35%|███▍      | 9/26 [00:00<00:00, 86.43it/s, S=0.0154, loss=0.0311]
Epoch 16/150 [train]:  35%|███▍      | 9/26 [00:00<00:00, 86.43it/s, S=0.0155, loss=0.0308]
Epoch 16/150 [train]:  35%|███▍      | 9/26 [00:00<00:00, 86.43it/s, S=0.0155, loss=0.0294]
Epoch 16/150 [train]:  35%|███▍      | 9/26 [00:00<00:00, 86.43it/s, S=0.0153, loss=0.0315]
Epoch 16/150 [train]:  35%|███▍      | 9/26 [00:00<00:00, 86.43it/s, S=0.0153, loss=0.0294]
Epoch 16/150 [train]:  35%|███▍      | 9/26 [00:00<00:00, 86.43it/s, S=0.0154, loss=0.0305]
Epoch 16/150 [train]:  35%|███▍      | 9/26 [00:00<00:00, 86.43it/s, S=0.0152, loss=0.0307]
Epoch 16/150 [train]:  69%|██████▉   | 18/26 [00:00<00:00, 86.67it/s, S=0.0152, loss=0.0307]
Epoch 16/150 [train]:  69%|██████▉   | 18/26 [00:00<00:00, 86.67it/s, S=0.0153, loss=0.0312]
Epoch 16/150 [train]:  69%|██████▉   | 18/26 [00:00<00:00, 86.67it/s, S=0.0154, loss=0.0304]
Epoch 16/150 [train]:  69%|██████▉   | 18/26 [00:00<00:00, 86.67it/s, S=0.0153, loss=0.0311]
Epoch 16/150 [train]:  69%|██████▉   | 18/26 [00:00<00:00, 86.67it/s, S=0.0154, loss=0.0299]
Epoch 16/150 [train]:  69%|██████▉   | 18/26 [00:00<00:00, 86.67it/s, S=0.0154, loss=0.0306]
Epoch 16/150 [train]:  69%|██████▉   | 18/26 [00:00<00:00, 86.67it/s, S=0.0153, loss=0.0304]
Epoch 16/150 [train]:  69%|██████▉   | 18/26 [00:00<00:00, 86.67it/s, S=0.0152, loss=0.0313]
Epoch 16/150 [train]:  69%|██████▉   | 18/26 [00:00<00:00, 86.67it/s, S=0.0154, loss=0.0310]
                                                                                            
Epoch  16/150  train loss=0.0308  val loss=0.0479  S[mean]=0.0154  ζ=0.1695  mean_plane_ζ=0.1696  reg=0.0632  λscale=1.00  lr=3.97e-04

Epoch 17/150 [train]:   0%|          | 0/26 [00:00<?, ?it/s]
Epoch 17/150 [train]:   0%|          | 0/26 [00:00<?, ?it/s, S=0.0153, loss=0.0286]
Epoch 17/150 [train]:   0%|          | 0/26 [00:00<?, ?it/s, S=0.0154, loss=0.0294]
Epoch 17/150 [train]:   0%|          | 0/26 [00:00<?, ?it/s, S=0.0154, loss=0.0304]
Epoch 17/150 [train]:   0%|          | 0/26 [00:00<?, ?it/s, S=0.0153, loss=0.0303]
Epoch 17/150 [train]:   0%|          | 0/26 [00:00<?, ?it/s, S=0.0154, loss=0.0316]
Epoch 17/150 [train]:   0%|          | 0/26 [00:00<?, ?it/s, S=0.0153, loss=0.0313]
Epoch 17/150 [train]:   0%|          | 0/26 [00:00<?, ?it/s, S=0.0154, loss=0.0312]
Epoch 17/150 [train]:   0%|          | 0/26 [00:00<?, ?it/s, S=0.0154, loss=0.0293]
Epoch 17/150 [train]:   0%|          | 0/26 [00:00<?, ?it/s, S=0.0154, loss=0.0299]
Epoch 17/150 [train]:  35%|███▍      | 9/26 [00:00<00:00, 86.56it/s, S=0.0154, loss=0.0299]
Epoch 17/150 [train]:  35%|███▍      | 9/26 [00:00<00:00, 86.56it/s, S=0.0154, loss=0.0301]
Epoch 17/150 [train]:  35%|███▍      | 9/26 [00:00<00:00, 86.56it/s, S=0.0153, loss=0.0310]
Epoch 17/150 [train]:  35%|███▍      | 9/26 [00:00<00:00, 86.56it/s, S=0.0154, loss=0.0300]
Epoch 17/150 [train]:  35%|███▍      | 9/26 [00:00<00:00, 86.56it/s, S=0.0154, loss=0.0314]
Epoch 17/150 [train]:  35%|███▍      | 9/26 [00:00<00:00, 86.56it/s, S=0.0154, loss=0.0300]
Epoch 17/150 [train]:  35%|███▍      | 9/26 [00:00<00:00, 86.56it/s, S=0.0153, loss=0.0302]
Epoch 17/150 [train]:  35%|███▍      | 9/26 [00:00<00:00, 86.56it/s, S=0.0154, loss=0.0295]
Epoch 17/150 [train]:  35%|███▍      | 9/26 [00:00<00:00, 86.56it/s, S=0.0154, loss=0.0311]
Epoch 17/150 [train]:  35%|███▍      | 9/26 [00:00<00:00, 86.56it/s, S=0.0153, loss=0.0295]
Epoch 17/150 [train]:  69%|██████▉   | 18/26 [00:00<00:00, 86.75it/s, S=0.0153, loss=0.0295]
Epoch 17/150 [train]:  69%|██████▉   | 18/26 [00:00<00:00, 86.75it/s, S=0.0154, loss=0.0303]
Epoch 17/150 [train]:  69%|██████▉   | 18/26 [00:00<00:00, 86.75it/s, S=0.0154, loss=0.0310]
Epoch 17/150 [train]:  69%|██████▉   | 18/26 [00:00<00:00, 86.75it/s, S=0.0155, loss=0.0310]
Epoch 17/150 [train]:  69%|██████▉   | 18/26 [00:00<00:00, 86.75it/s, S=0.0154, loss=0.0315]
Epoch 17/150 [train]:  69%|██████▉   | 18/26 [00:00<00:00, 86.75it/s, S=0.0153, loss=0.0304]
Epoch 17/150 [train]:  69%|██████▉   | 18/26 [00:00<00:00, 86.75it/s, S=0.0153, loss=0.0320]
Epoch 17/150 [train]:  69%|██████▉   | 18/26 [00:00<00:00, 86.75it/s, S=0.0152, loss=0.0305]
Epoch 17/150 [train]:  69%|██████▉   | 18/26 [00:00<00:00, 86.75it/s, S=0.0154, loss=0.0303]
                                                                                            
Epoch  17/150  train loss=0.0305  val loss=0.0481  S[mean]=0.0154  ζ=0.1703  mean_plane_ζ=0.1704  reg=0.0634  λscale=1.00  lr=3.63e-04

Epoch 18/150 [train]:   0%|          | 0/26 [00:00<?, ?it/s]
Epoch 18/150 [train]:   0%|          | 0/26 [00:00<?, ?it/s, S=0.0154, loss=0.0302]
Epoch 18/150 [train]:   0%|          | 0/26 [00:00<?, ?it/s, S=0.0155, loss=0.0277]
Epoch 18/150 [train]:   0%|          | 0/26 [00:00<?, ?it/s, S=0.0154, loss=0.0279]
Epoch 18/150 [train]:   0%|          | 0/26 [00:00<?, ?it/s, S=0.0153, loss=0.0292]
Epoch 18/150 [train]:   0%|          | 0/26 [00:00<?, ?it/s, S=0.0154, loss=0.0294]
Epoch 18/150 [train]:   0%|          | 0/26 [00:00<?, ?it/s, S=0.0155, loss=0.0290]
Epoch 18/150 [train]:   0%|          | 0/26 [00:00<?, ?it/s, S=0.0154, loss=0.0283]
Epoch 18/150 [train]:   0%|          | 0/26 [00:00<?, ?it/s, S=0.0153, loss=0.0305]
Epoch 18/150 [train]:   0%|          | 0/26 [00:00<?, ?it/s, S=0.0154, loss=0.0318]
Epoch 18/150 [train]:  35%|███▍      | 9/26 [00:00<00:00, 86.46it/s, S=0.0154, loss=0.0318]
Epoch 18/150 [train]:  35%|███▍      | 9/26 [00:00<00:00, 86.46it/s, S=0.0153, loss=0.0291]
Epoch 18/150 [train]:  35%|███▍      | 9/26 [00:00<00:00, 86.46it/s, S=0.0153, loss=0.0306]
Epoch 18/150 [train]:  35%|███▍      | 9/26 [00:00<00:00, 86.46it/s, S=0.0154, loss=0.0303]
Epoch 18/150 [train]:  35%|███▍      | 9/26 [00:00<00:00, 86.46it/s, S=0.0155, loss=0.0303]
Epoch 18/150 [train]:  35%|███▍      | 9/26 [00:00<00:00, 86.46it/s, S=0.0153, loss=0.0298]
Epoch 18/150 [train]:  35%|███▍      | 9/26 [00:00<00:00, 86.46it/s, S=0.0153, loss=0.0297]
Epoch 18/150 [train]:  35%|███▍      | 9/26 [00:00<00:00, 86.46it/s, S=0.0154, loss=0.0300]
Epoch 18/150 [train]:  35%|███▍      | 9/26 [00:00<00:00, 86.46it/s, S=0.0153, loss=0.0308]
Epoch 18/150 [train]:  35%|███▍      | 9/26 [00:00<00:00, 86.46it/s, S=0.0154, loss=0.0296]
Epoch 18/150 [train]:  69%|██████▉   | 18/26 [00:00<00:00, 86.73it/s, S=0.0154, loss=0.0296]
Epoch 18/150 [train]:  69%|██████▉   | 18/26 [00:00<00:00, 86.73it/s, S=0.0154, loss=0.0291]
Epoch 18/150 [train]:  69%|██████▉   | 18/26 [00:00<00:00, 86.73it/s, S=0.0153, loss=0.0305]
Epoch 18/150 [train]:  69%|██████▉   | 18/26 [00:00<00:00, 86.73it/s, S=0.0153, loss=0.0303]
Epoch 18/150 [train]:  69%|██████▉   | 18/26 [00:00<00:00, 86.73it/s, S=0.0154, loss=0.0287]
Epoch 18/150 [train]:  69%|██████▉   | 18/26 [00:00<00:00, 86.73it/s, S=0.0154, loss=0.0311]
Epoch 18/150 [train]:  69%|██████▉   | 18/26 [00:00<00:00, 86.73it/s, S=0.0154, loss=0.0299]
Epoch 18/150 [train]:  69%|██████▉   | 18/26 [00:00<00:00, 86.73it/s, S=0.0152, loss=0.0291]
Epoch 18/150 [train]:  69%|██████▉   | 18/26 [00:00<00:00, 86.73it/s, S=0.0155, loss=0.0303]
                                                                                            
Epoch  18/150  train loss=0.0297  val loss=0.0480  S[mean]=0.0154  ζ=0.1709  mean_plane_ζ=0.1710  reg=0.0633  λscale=1.00  lr=3.27e-04

Epoch 19/150 [train]:   0%|          | 0/26 [00:00<?, ?it/s]
Epoch 19/150 [train]:   0%|          | 0/26 [00:00<?, ?it/s, S=0.0153, loss=0.0286]
Epoch 19/150 [train]:   0%|          | 0/26 [00:00<?, ?it/s, S=0.0154, loss=0.0262]
Epoch 19/150 [train]:   0%|          | 0/26 [00:00<?, ?it/s, S=0.0154, loss=0.0272]
Epoch 19/150 [train]:   0%|          | 0/26 [00:00<?, ?it/s, S=0.0153, loss=0.0301]
Epoch 19/150 [train]:   0%|          | 0/26 [00:00<?, ?it/s, S=0.0153, loss=0.0285]
Epoch 19/150 [train]:   0%|          | 0/26 [00:00<?, ?it/s, S=0.0152, loss=0.0278]
Epoch 19/150 [train]:   0%|          | 0/26 [00:00<?, ?it/s, S=0.0155, loss=0.0273]
Epoch 19/150 [train]:   0%|          | 0/26 [00:00<?, ?it/s, S=0.0153, loss=0.0280]
Epoch 19/150 [train]:   0%|          | 0/26 [00:00<?, ?it/s, S=0.0154, loss=0.0289]
Epoch 19/150 [train]:  35%|███▍      | 9/26 [00:00<00:00, 86.57it/s, S=0.0154, loss=0.0289]
Epoch 19/150 [train]:  35%|███▍      | 9/26 [00:00<00:00, 86.57it/s, S=0.0154, loss=0.0285]
Epoch 19/150 [train]:  35%|███▍      | 9/26 [00:00<00:00, 86.57it/s, S=0.0154, loss=0.0291]
Epoch 19/150 [train]:  35%|███▍      | 9/26 [00:00<00:00, 86.57it/s, S=0.0154, loss=0.0276]
Epoch 19/150 [train]:  35%|███▍      | 9/26 [00:00<00:00, 86.57it/s, S=0.0153, loss=0.0288]
Epoch 19/150 [train]:  35%|███▍      | 9/26 [00:00<00:00, 86.57it/s, S=0.0153, loss=0.0289]
Epoch 19/150 [train]:  35%|███▍      | 9/26 [00:00<00:00, 86.57it/s, S=0.0154, loss=0.0286]
Epoch 19/150 [train]:  35%|███▍      | 9/26 [00:00<00:00, 86.57it/s, S=0.0154, loss=0.0284]
Epoch 19/150 [train]:  35%|███▍      | 9/26 [00:00<00:00, 86.57it/s, S=0.0154, loss=0.0296]
Epoch 19/150 [train]:  35%|███▍      | 9/26 [00:00<00:00, 86.57it/s, S=0.0154, loss=0.0279]
Epoch 19/150 [train]:  69%|██████▉   | 18/26 [00:00<00:00, 86.70it/s, S=0.0154, loss=0.0279]
Epoch 19/150 [train]:  69%|██████▉   | 18/26 [00:00<00:00, 86.70it/s, S=0.0155, loss=0.0294]
Epoch 19/150 [train]:  69%|██████▉   | 18/26 [00:00<00:00, 86.70it/s, S=0.0154, loss=0.0287]
Epoch 19/150 [train]:  69%|██████▉   | 18/26 [00:00<00:00, 86.70it/s, S=0.0154, loss=0.0289]
Epoch 19/150 [train]:  69%|██████▉   | 18/26 [00:00<00:00, 86.70it/s, S=0.0154, loss=0.0280]
Epoch 19/150 [train]:  69%|██████▉   | 18/26 [00:00<00:00, 86.70it/s, S=0.0153, loss=0.0286]
Epoch 19/150 [train]:  69%|██████▉   | 18/26 [00:00<00:00, 86.70it/s, S=0.0154, loss=0.0291]
Epoch 19/150 [train]:  69%|██████▉   | 18/26 [00:00<00:00, 86.70it/s, S=0.0154, loss=0.0296]
Epoch 19/150 [train]:  69%|██████▉   | 18/26 [00:00<00:00, 86.70it/s, S=0.0154, loss=0.0303]
                                                                                            
Epoch  19/150  train loss=0.0286  val loss=0.0478  S[mean]=0.0154  ζ=0.1715  mean_plane_ζ=0.1716  reg=0.0631  λscale=1.00  lr=2.89e-04

Epoch 20/150 [train]:   0%|          | 0/26 [00:00<?, ?it/s]
Epoch 20/150 [train]:   0%|          | 0/26 [00:00<?, ?it/s, S=0.0154, loss=0.0260]
Epoch 20/150 [train]:   0%|          | 0/26 [00:00<?, ?it/s, S=0.0154, loss=0.0277]
Epoch 20/150 [train]:   0%|          | 0/26 [00:00<?, ?it/s, S=0.0154, loss=0.0265]
Epoch 20/150 [train]:   0%|          | 0/26 [00:00<?, ?it/s, S=0.0154, loss=0.0281]
Epoch 20/150 [train]:   0%|          | 0/26 [00:00<?, ?it/s, S=0.0154, loss=0.0268]
Epoch 20/150 [train]:   0%|          | 0/26 [00:00<?, ?it/s, S=0.0153, loss=0.0270]
Epoch 20/150 [train]:   0%|          | 0/26 [00:00<?, ?it/s, S=0.0154, loss=0.0283]
Epoch 20/150 [train]:   0%|          | 0/26 [00:00<?, ?it/s, S=0.0153, loss=0.0279]
Epoch 20/150 [train]:   0%|          | 0/26 [00:00<?, ?it/s, S=0.0153, loss=0.0272]
Epoch 20/150 [train]:  35%|███▍      | 9/26 [00:00<00:00, 86.49it/s, S=0.0153, loss=0.0272]
Epoch 20/150 [train]:  35%|███▍      | 9/26 [00:00<00:00, 86.49it/s, S=0.0154, loss=0.0294]
Epoch 20/150 [train]:  35%|███▍      | 9/26 [00:00<00:00, 86.49it/s, S=0.0153, loss=0.0298]
Epoch 20/150 [train]:  35%|███▍      | 9/26 [00:00<00:00, 86.49it/s, S=0.0153, loss=0.0275]
Epoch 20/150 [train]:  35%|███▍      | 9/26 [00:00<00:00, 86.49it/s, S=0.0154, loss=0.0287]
Epoch 20/150 [train]:  35%|███▍      | 9/26 [00:00<00:00, 86.49it/s, S=0.0152, loss=0.0289]
Epoch 20/150 [train]:  35%|███▍      | 9/26 [00:00<00:00, 86.49it/s, S=0.0154, loss=0.0281]
Epoch 20/150 [train]:  35%|███▍      | 9/26 [00:00<00:00, 86.49it/s, S=0.0155, loss=0.0281]
Epoch 20/150 [train]:  35%|███▍      | 9/26 [00:00<00:00, 86.49it/s, S=0.0154, loss=0.0282]
Epoch 20/150 [train]:  35%|███▍      | 9/26 [00:00<00:00, 86.49it/s, S=0.0152, loss=0.0279]
Epoch 20/150 [train]:  69%|██████▉   | 18/26 [00:00<00:00, 86.58it/s, S=0.0152, loss=0.0279]
Epoch 20/150 [train]:  69%|██████▉   | 18/26 [00:00<00:00, 86.58it/s, S=0.0153, loss=0.0293]
Epoch 20/150 [train]:  69%|██████▉   | 18/26 [00:00<00:00, 86.58it/s, S=0.0153, loss=0.0285]
Epoch 20/150 [train]:  69%|██████▉   | 18/26 [00:00<00:00, 86.58it/s, S=0.0154, loss=0.0278]
Epoch 20/150 [train]:  69%|██████▉   | 18/26 [00:00<00:00, 86.58it/s, S=0.0154, loss=0.0286]
Epoch 20/150 [train]:  69%|██████▉   | 18/26 [00:00<00:00, 86.58it/s, S=0.0155, loss=0.0295]
Epoch 20/150 [train]:  69%|██████▉   | 18/26 [00:00<00:00, 86.58it/s, S=0.0155, loss=0.0290]
Epoch 20/150 [train]:  69%|██████▉   | 18/26 [00:00<00:00, 86.58it/s, S=0.0153, loss=0.0286]
Epoch 20/150 [train]:  69%|██████▉   | 18/26 [00:00<00:00, 86.58it/s, S=0.0153, loss=0.0296]
                                                                                            
Epoch  20/150  train loss=0.0282  val loss=0.0480  S[mean]=0.0154  ζ=0.1718  mean_plane_ζ=0.1720  reg=0.0634  λscale=1.00  lr=2.50e-04

Epoch 21/150 [train]:   0%|          | 0/26 [00:00<?, ?it/s]
Epoch 21/150 [train]:   0%|          | 0/26 [00:00<?, ?it/s, S=0.0152, loss=0.0261]
Epoch 21/150 [train]:   0%|          | 0/26 [00:00<?, ?it/s, S=0.0154, loss=0.0268]
Epoch 21/150 [train]:   0%|          | 0/26 [00:00<?, ?it/s, S=0.0154, loss=0.0261]
Epoch 21/150 [train]:   0%|          | 0/26 [00:00<?, ?it/s, S=0.0154, loss=0.0265]
Epoch 21/150 [train]:   0%|          | 0/26 [00:00<?, ?it/s, S=0.0153, loss=0.0270]
Epoch 21/150 [train]:   0%|          | 0/26 [00:00<?, ?it/s, S=0.0153, loss=0.0286]
Epoch 21/150 [train]:   0%|          | 0/26 [00:00<?, ?it/s, S=0.0154, loss=0.0277]
Epoch 21/150 [train]:   0%|          | 0/26 [00:00<?, ?it/s, S=0.0154, loss=0.0267]
Epoch 21/150 [train]:   0%|          | 0/26 [00:00<?, ?it/s, S=0.0154, loss=0.0253]
Epoch 21/150 [train]:  35%|███▍      | 9/26 [00:00<00:00, 86.56it/s, S=0.0154, loss=0.0253]
Epoch 21/150 [train]:  35%|███▍      | 9/26 [00:00<00:00, 86.56it/s, S=0.0153, loss=0.0270]
Epoch 21/150 [train]:  35%|███▍      | 9/26 [00:00<00:00, 86.56it/s, S=0.0154, loss=0.0289]
Epoch 21/150 [train]:  35%|███▍      | 9/26 [00:00<00:00, 86.56it/s, S=0.0155, loss=0.0281]
Epoch 21/150 [train]:  35%|███▍      | 9/26 [00:00<00:00, 86.56it/s, S=0.0155, loss=0.0281]
Epoch 21/150 [train]:  35%|███▍      | 9/26 [00:00<00:00, 86.56it/s, S=0.0154, loss=0.0276]
Epoch 21/150 [train]:  35%|███▍      | 9/26 [00:00<00:00, 86.56it/s, S=0.0154, loss=0.0273]
Epoch 21/150 [train]:  35%|███▍      | 9/26 [00:00<00:00, 86.56it/s, S=0.0154, loss=0.0280]
Epoch 21/150 [train]:  35%|███▍      | 9/26 [00:00<00:00, 86.56it/s, S=0.0154, loss=0.0270]
Epoch 21/150 [train]:  35%|███▍      | 9/26 [00:00<00:00, 86.56it/s, S=0.0154, loss=0.0273]
Epoch 21/150 [train]:  69%|██████▉   | 18/26 [00:00<00:00, 86.26it/s, S=0.0154, loss=0.0273]
Epoch 21/150 [train]:  69%|██████▉   | 18/26 [00:00<00:00, 86.26it/s, S=0.0154, loss=0.0276]
Epoch 21/150 [train]:  69%|██████▉   | 18/26 [00:00<00:00, 86.26it/s, S=0.0153, loss=0.0275]
Epoch 21/150 [train]:  69%|██████▉   | 18/26 [00:00<00:00, 86.26it/s, S=0.0154, loss=0.0286]
Epoch 21/150 [train]:  69%|██████▉   | 18/26 [00:00<00:00, 86.26it/s, S=0.0154, loss=0.0291]
Epoch 21/150 [train]:  69%|██████▉   | 18/26 [00:00<00:00, 86.26it/s, S=0.0154, loss=0.0273]
Epoch 21/150 [train]:  69%|██████▉   | 18/26 [00:00<00:00, 86.26it/s, S=0.0155, loss=0.0270]
Epoch 21/150 [train]:  69%|██████▉   | 18/26 [00:00<00:00, 86.26it/s, S=0.0155, loss=0.0283]
Epoch 21/150 [train]:  69%|██████▉   | 18/26 [00:00<00:00, 86.26it/s, S=0.0154, loss=0.0264]
                                                                                            
Epoch  21/150  train loss=0.0274  val loss=0.0485  S[mean]=0.0154  ζ=0.1722  mean_plane_ζ=0.1724  reg=0.0638  λscale=1.00  lr=2.11e-04

Epoch 22/150 [train]:   0%|          | 0/26 [00:00<?, ?it/s]
Epoch 22/150 [train]:   0%|          | 0/26 [00:00<?, ?it/s, S=0.0154, loss=0.0263]
Epoch 22/150 [train]:   0%|          | 0/26 [00:00<?, ?it/s, S=0.0154, loss=0.0256]
Epoch 22/150 [train]:   0%|          | 0/26 [00:00<?, ?it/s, S=0.0154, loss=0.0264]
Epoch 22/150 [train]:   0%|          | 0/26 [00:00<?, ?it/s, S=0.0156, loss=0.0261]
Epoch 22/150 [train]:   0%|          | 0/26 [00:00<?, ?it/s, S=0.0154, loss=0.0253]
Epoch 22/150 [train]:   0%|          | 0/26 [00:00<?, ?it/s, S=0.0154, loss=0.0265]
Epoch 22/150 [train]:   0%|          | 0/26 [00:00<?, ?it/s, S=0.0154, loss=0.0281]
Epoch 22/150 [train]:   0%|          | 0/26 [00:00<?, ?it/s, S=0.0154, loss=0.0263]
Epoch 22/150 [train]:   0%|          | 0/26 [00:00<?, ?it/s, S=0.0154, loss=0.0269]
Epoch 22/150 [train]:  35%|███▍      | 9/26 [00:00<00:00, 86.60it/s, S=0.0154, loss=0.0269]
Epoch 22/150 [train]:  35%|███▍      | 9/26 [00:00<00:00, 86.60it/s, S=0.0153, loss=0.0250]
Epoch 22/150 [train]:  35%|███▍      | 9/26 [00:00<00:00, 86.60it/s, S=0.0155, loss=0.0255]
Epoch 22/150 [train]:  35%|███▍      | 9/26 [00:00<00:00, 86.60it/s, S=0.0154, loss=0.0272]
Epoch 22/150 [train]:  35%|███▍      | 9/26 [00:00<00:00, 86.60it/s, S=0.0154, loss=0.0264]
Epoch 22/150 [train]:  35%|███▍      | 9/26 [00:00<00:00, 86.60it/s, S=0.0155, loss=0.0264]
Epoch 22/150 [train]:  35%|███▍      | 9/26 [00:00<00:00, 86.60it/s, S=0.0154, loss=0.0265]
Epoch 22/150 [train]:  35%|███▍      | 9/26 [00:00<00:00, 86.60it/s, S=0.0154, loss=0.0258]
Epoch 22/150 [train]:  35%|███▍      | 9/26 [00:00<00:00, 86.60it/s, S=0.0154, loss=0.0260]
Epoch 22/150 [train]:  35%|███▍      | 9/26 [00:00<00:00, 86.60it/s, S=0.0154, loss=0.0281]
Epoch 22/150 [train]:  69%|██████▉   | 18/26 [00:00<00:00, 86.61it/s, S=0.0154, loss=0.0281]
Epoch 22/150 [train]:  69%|██████▉   | 18/26 [00:00<00:00, 86.61it/s, S=0.0153, loss=0.0269]
Epoch 22/150 [train]:  69%|██████▉   | 18/26 [00:00<00:00, 86.61it/s, S=0.0152, loss=0.0281]
Epoch 22/150 [train]:  69%|██████▉   | 18/26 [00:00<00:00, 86.61it/s, S=0.0154, loss=0.0287]
Epoch 22/150 [train]:  69%|██████▉   | 18/26 [00:00<00:00, 86.61it/s, S=0.0154, loss=0.0271]
Epoch 22/150 [train]:  69%|██████▉   | 18/26 [00:00<00:00, 86.61it/s, S=0.0155, loss=0.0283]
Epoch 22/150 [train]:  69%|██████▉   | 18/26 [00:00<00:00, 86.61it/s, S=0.0154, loss=0.0273]
Epoch 22/150 [train]:  69%|██████▉   | 18/26 [00:00<00:00, 86.61it/s, S=0.0153, loss=0.0274]
Epoch 22/150 [train]:  69%|██████▉   | 18/26 [00:00<00:00, 86.61it/s, S=0.0153, loss=0.0272]
                                                                                            
Epoch  22/150  train loss=0.0267  val loss=0.0485  S[mean]=0.0154  ζ=0.1725  mean_plane_ζ=0.1727  reg=0.0639  λscale=1.00  lr=1.73e-04

Epoch 23/150 [train]:   0%|          | 0/26 [00:00<?, ?it/s]
Epoch 23/150 [train]:   0%|          | 0/26 [00:00<?, ?it/s, S=0.0154, loss=0.0265]
Epoch 23/150 [train]:   0%|          | 0/26 [00:00<?, ?it/s, S=0.0155, loss=0.0242]
Epoch 23/150 [train]:   0%|          | 0/26 [00:00<?, ?it/s, S=0.0154, loss=0.0258]
Epoch 23/150 [train]:   0%|          | 0/26 [00:00<?, ?it/s, S=0.0153, loss=0.0280]
Epoch 23/150 [train]:   0%|          | 0/26 [00:00<?, ?it/s, S=0.0153, loss=0.0252]
Epoch 23/150 [train]:   0%|          | 0/26 [00:00<?, ?it/s, S=0.0154, loss=0.0257]
Epoch 23/150 [train]:   0%|          | 0/26 [00:00<?, ?it/s, S=0.0154, loss=0.0255]
Epoch 23/150 [train]:   0%|          | 0/26 [00:00<?, ?it/s, S=0.0154, loss=0.0259]
Epoch 23/150 [train]:   0%|          | 0/26 [00:00<?, ?it/s, S=0.0153, loss=0.0261]
Epoch 23/150 [train]:  35%|███▍      | 9/26 [00:00<00:00, 86.32it/s, S=0.0153, loss=0.0261]
Epoch 23/150 [train]:  35%|███▍      | 9/26 [00:00<00:00, 86.32it/s, S=0.0154, loss=0.0260]
Epoch 23/150 [train]:  35%|███▍      | 9/26 [00:00<00:00, 86.32it/s, S=0.0153, loss=0.0267]
Epoch 23/150 [train]:  35%|███▍      | 9/26 [00:00<00:00, 86.32it/s, S=0.0155, loss=0.0263]
Epoch 23/150 [train]:  35%|███▍      | 9/26 [00:00<00:00, 86.32it/s, S=0.0155, loss=0.0265]
Epoch 23/150 [train]:  35%|███▍      | 9/26 [00:00<00:00, 86.32it/s, S=0.0154, loss=0.0279]
Epoch 23/150 [train]:  35%|███▍      | 9/26 [00:00<00:00, 86.32it/s, S=0.0154, loss=0.0268]
Epoch 23/150 [train]:  35%|███▍      | 9/26 [00:00<00:00, 86.32it/s, S=0.0153, loss=0.0264]
Epoch 23/150 [train]:  35%|███▍      | 9/26 [00:00<00:00, 86.32it/s, S=0.0154, loss=0.0261]
Epoch 23/150 [train]:  35%|███▍      | 9/26 [00:00<00:00, 86.32it/s, S=0.0153, loss=0.0276]
Epoch 23/150 [train]:  69%|██████▉   | 18/26 [00:00<00:00, 86.51it/s, S=0.0153, loss=0.0276]
Epoch 23/150 [train]:  69%|██████▉   | 18/26 [00:00<00:00, 86.51it/s, S=0.0154, loss=0.0261]
Epoch 23/150 [train]:  69%|██████▉   | 18/26 [00:00<00:00, 86.51it/s, S=0.0154, loss=0.0267]
Epoch 23/150 [train]:  69%|██████▉   | 18/26 [00:00<00:00, 86.51it/s, S=0.0154, loss=0.0260]
Epoch 23/150 [train]:  69%|██████▉   | 18/26 [00:00<00:00, 86.51it/s, S=0.0154, loss=0.0264]
Epoch 23/150 [train]:  69%|██████▉   | 18/26 [00:00<00:00, 86.51it/s, S=0.0153, loss=0.0271]
Epoch 23/150 [train]:  69%|██████▉   | 18/26 [00:00<00:00, 86.51it/s, S=0.0153, loss=0.0266]
Epoch 23/150 [train]:  69%|██████▉   | 18/26 [00:00<00:00, 86.51it/s, S=0.0153, loss=0.0266]
Epoch 23/150 [train]:  69%|██████▉   | 18/26 [00:00<00:00, 86.51it/s, S=0.0153, loss=0.0271]
                                                                                            
Epoch  23/150  train loss=0.0264  val loss=0.0487  S[mean]=0.0154  ζ=0.1728  mean_plane_ζ=0.1729  reg=0.0641  λscale=1.00  lr=1.37e-04

Epoch 24/150 [train]:   0%|          | 0/26 [00:00<?, ?it/s]
Epoch 24/150 [train]:   0%|          | 0/26 [00:00<?, ?it/s, S=0.0154, loss=0.0247]
Epoch 24/150 [train]:   0%|          | 0/26 [00:00<?, ?it/s, S=0.0153, loss=0.0248]
Epoch 24/150 [train]:   0%|          | 0/26 [00:00<?, ?it/s, S=0.0155, loss=0.0253]
Epoch 24/150 [train]:   0%|          | 0/26 [00:00<?, ?it/s, S=0.0154, loss=0.0254]
Epoch 24/150 [train]:   0%|          | 0/26 [00:00<?, ?it/s, S=0.0153, loss=0.0244]
Epoch 24/150 [train]:   0%|          | 0/26 [00:00<?, ?it/s, S=0.0154, loss=0.0258]
Epoch 24/150 [train]:   0%|          | 0/26 [00:00<?, ?it/s, S=0.0154, loss=0.0250]
Epoch 24/150 [train]:   0%|          | 0/26 [00:00<?, ?it/s, S=0.0156, loss=0.0264]
Epoch 24/150 [train]:   0%|          | 0/26 [00:00<?, ?it/s, S=0.0154, loss=0.0257]
Epoch 24/150 [train]:  35%|███▍      | 9/26 [00:00<00:00, 86.41it/s, S=0.0154, loss=0.0257]
Epoch 24/150 [train]:  35%|███▍      | 9/26 [00:00<00:00, 86.41it/s, S=0.0155, loss=0.0268]
Epoch 24/150 [train]:  35%|███▍      | 9/26 [00:00<00:00, 86.41it/s, S=0.0153, loss=0.0263]
Epoch 24/150 [train]:  35%|███▍      | 9/26 [00:00<00:00, 86.41it/s, S=0.0154, loss=0.0257]
Epoch 24/150 [train]:  35%|███▍      | 9/26 [00:00<00:00, 86.41it/s, S=0.0154, loss=0.0258]
Epoch 24/150 [train]:  35%|███▍      | 9/26 [00:00<00:00, 86.41it/s, S=0.0153, loss=0.0250]
Epoch 24/150 [train]:  35%|███▍      | 9/26 [00:00<00:00, 86.41it/s, S=0.0154, loss=0.0265]
Epoch 24/150 [train]:  35%|███▍      | 9/26 [00:00<00:00, 86.41it/s, S=0.0155, loss=0.0254]
Epoch 24/150 [train]:  35%|███▍      | 9/26 [00:00<00:00, 86.41it/s, S=0.0153, loss=0.0260]
Epoch 24/150 [train]:  35%|███▍      | 9/26 [00:00<00:00, 86.41it/s, S=0.0155, loss=0.0258]
Epoch 24/150 [train]:  69%|██████▉   | 18/26 [00:00<00:00, 86.60it/s, S=0.0155, loss=0.0258]
Epoch 24/150 [train]:  69%|██████▉   | 18/26 [00:00<00:00, 86.60it/s, S=0.0154, loss=0.0262]
Epoch 24/150 [train]:  69%|██████▉   | 18/26 [00:00<00:00, 86.60it/s, S=0.0153, loss=0.0263]
Epoch 24/150 [train]:  69%|██████▉   | 18/26 [00:00<00:00, 86.60it/s, S=0.0154, loss=0.0249]
Epoch 24/150 [train]:  69%|██████▉   | 18/26 [00:00<00:00, 86.60it/s, S=0.0154, loss=0.0266]
Epoch 24/150 [train]:  69%|██████▉   | 18/26 [00:00<00:00, 86.60it/s, S=0.0154, loss=0.0261]
Epoch 24/150 [train]:  69%|██████▉   | 18/26 [00:00<00:00, 86.60it/s, S=0.0153, loss=0.0251]
Epoch 24/150 [train]:  69%|██████▉   | 18/26 [00:00<00:00, 86.60it/s, S=0.0154, loss=0.0251]
Epoch 24/150 [train]:  69%|██████▉   | 18/26 [00:00<00:00, 86.60it/s, S=0.0153, loss=0.0279]
                                                                                            
Epoch  24/150  train loss=0.0257  val loss=0.0490  S[mean]=0.0154  ζ=0.1730  mean_plane_ζ=0.1731  reg=0.0644  λscale=1.00  lr=1.03e-04

Epoch 25/150 [train]:   0%|          | 0/26 [00:00<?, ?it/s]
Epoch 25/150 [train]:   0%|          | 0/26 [00:00<?, ?it/s, S=0.0153, loss=0.0247]
Epoch 25/150 [train]:   0%|          | 0/26 [00:00<?, ?it/s, S=0.0153, loss=0.0252]
Epoch 25/150 [train]:   0%|          | 0/26 [00:00<?, ?it/s, S=0.0153, loss=0.0254]
Epoch 25/150 [train]:   0%|          | 0/26 [00:00<?, ?it/s, S=0.0154, loss=0.0257]
Epoch 25/150 [train]:   0%|          | 0/26 [00:00<?, ?it/s, S=0.0154, loss=0.0257]
Epoch 25/150 [train]:   0%|          | 0/26 [00:00<?, ?it/s, S=0.0153, loss=0.0253]
Epoch 25/150 [train]:   0%|          | 0/26 [00:00<?, ?it/s, S=0.0154, loss=0.0242]
Epoch 25/150 [train]:   0%|          | 0/26 [00:00<?, ?it/s, S=0.0154, loss=0.0251]
Epoch 25/150 [train]:   0%|          | 0/26 [00:00<?, ?it/s, S=0.0153, loss=0.0252]
Epoch 25/150 [train]:  35%|███▍      | 9/26 [00:00<00:00, 86.47it/s, S=0.0153, loss=0.0252]
Epoch 25/150 [train]:  35%|███▍      | 9/26 [00:00<00:00, 86.47it/s, S=0.0154, loss=0.0243]
Epoch 25/150 [train]:  35%|███▍      | 9/26 [00:00<00:00, 86.47it/s, S=0.0154, loss=0.0245]
Epoch 25/150 [train]:  35%|███▍      | 9/26 [00:00<00:00, 86.47it/s, S=0.0154, loss=0.0242]
Epoch 25/150 [train]:  35%|███▍      | 9/26 [00:00<00:00, 86.47it/s, S=0.0155, loss=0.0248]
Epoch 25/150 [train]:  35%|███▍      | 9/26 [00:00<00:00, 86.47it/s, S=0.0154, loss=0.0245]
Epoch 25/150 [train]:  35%|███▍      | 9/26 [00:00<00:00, 86.47it/s, S=0.0154, loss=0.0259]
Epoch 25/150 [train]:  35%|███▍      | 9/26 [00:00<00:00, 86.47it/s, S=0.0155, loss=0.0261]
Epoch 25/150 [train]:  35%|███▍      | 9/26 [00:00<00:00, 86.47it/s, S=0.0154, loss=0.0261]
Epoch 25/150 [train]:  35%|███▍      | 9/26 [00:00<00:00, 86.47it/s, S=0.0153, loss=0.0254]
Epoch 25/150 [train]:  69%|██████▉   | 18/26 [00:00<00:00, 86.38it/s, S=0.0153, loss=0.0254]
Epoch 25/150 [train]:  69%|██████▉   | 18/26 [00:00<00:00, 86.38it/s, S=0.0153, loss=0.0264]
Epoch 25/150 [train]:  69%|██████▉   | 18/26 [00:00<00:00, 86.38it/s, S=0.0153, loss=0.0258]
Epoch 25/150 [train]:  69%|██████▉   | 18/26 [00:00<00:00, 86.38it/s, S=0.0153, loss=0.0257]
Epoch 25/150 [train]:  69%|██████▉   | 18/26 [00:00<00:00, 86.38it/s, S=0.0153, loss=0.0247]
Epoch 25/150 [train]:  69%|██████▉   | 18/26 [00:00<00:00, 86.38it/s, S=0.0154, loss=0.0253]
Epoch 25/150 [train]:  69%|██████▉   | 18/26 [00:00<00:00, 86.38it/s, S=0.0154, loss=0.0248]
Epoch 25/150 [train]:  69%|██████▉   | 18/26 [00:00<00:00, 86.38it/s, S=0.0154, loss=0.0256]
Epoch 25/150 [train]:  69%|██████▉   | 18/26 [00:00<00:00, 86.38it/s, S=0.0153, loss=0.0256]
                                                                                            
Epoch  25/150  train loss=0.0252  val loss=0.0490  S[mean]=0.0154  ζ=0.1731  mean_plane_ζ=0.1733  reg=0.0644  λscale=1.00  lr=7.32e-05

Epoch 26/150 [train]:   0%|          | 0/26 [00:00<?, ?it/s]
Epoch 26/150 [train]:   0%|          | 0/26 [00:00<?, ?it/s, S=0.0154, loss=0.0257]
Epoch 26/150 [train]:   0%|          | 0/26 [00:00<?, ?it/s, S=0.0154, loss=0.0242]
Epoch 26/150 [train]:   0%|          | 0/26 [00:00<?, ?it/s, S=0.0154, loss=0.0249]
Epoch 26/150 [train]:   0%|          | 0/26 [00:00<?, ?it/s, S=0.0154, loss=0.0258]
Epoch 26/150 [train]:   0%|          | 0/26 [00:00<?, ?it/s, S=0.0155, loss=0.0239]
Epoch 26/150 [train]:   0%|          | 0/26 [00:00<?, ?it/s, S=0.0154, loss=0.0253]
Epoch 26/150 [train]:   0%|          | 0/26 [00:00<?, ?it/s, S=0.0154, loss=0.0245]
Epoch 26/150 [train]:   0%|          | 0/26 [00:00<?, ?it/s, S=0.0155, loss=0.0245]
Epoch 26/150 [train]:   0%|          | 0/26 [00:00<?, ?it/s, S=0.0155, loss=0.0242]
Epoch 26/150 [train]:  35%|███▍      | 9/26 [00:00<00:00, 86.50it/s, S=0.0155, loss=0.0242]
Epoch 26/150 [train]:  35%|███▍      | 9/26 [00:00<00:00, 86.50it/s, S=0.0154, loss=0.0250]
Epoch 26/150 [train]:  35%|███▍      | 9/26 [00:00<00:00, 86.50it/s, S=0.0153, loss=0.0249]
Epoch 26/150 [train]:  35%|███▍      | 9/26 [00:00<00:00, 86.50it/s, S=0.0154, loss=0.0238]
Epoch 26/150 [train]:  35%|███▍      | 9/26 [00:00<00:00, 86.50it/s, S=0.0154, loss=0.0242]
Epoch 26/150 [train]:  35%|███▍      | 9/26 [00:00<00:00, 86.50it/s, S=0.0153, loss=0.0245]
Epoch 26/150 [train]:  35%|███▍      | 9/26 [00:00<00:00, 86.50it/s, S=0.0154, loss=0.0257]
Epoch 26/150 [train]:  35%|███▍      | 9/26 [00:00<00:00, 86.50it/s, S=0.0154, loss=0.0245]
Epoch 26/150 [train]:  35%|███▍      | 9/26 [00:00<00:00, 86.50it/s, S=0.0155, loss=0.0246]
Epoch 26/150 [train]:  35%|███▍      | 9/26 [00:00<00:00, 86.50it/s, S=0.0154, loss=0.0249]
Epoch 26/150 [train]:  69%|██████▉   | 18/26 [00:00<00:00, 86.67it/s, S=0.0154, loss=0.0249]
Epoch 26/150 [train]:  69%|██████▉   | 18/26 [00:00<00:00, 86.67it/s, S=0.0154, loss=0.0239]
Epoch 26/150 [train]:  69%|██████▉   | 18/26 [00:00<00:00, 86.67it/s, S=0.0154, loss=0.0256]
Epoch 26/150 [train]:  69%|██████▉   | 18/26 [00:00<00:00, 86.67it/s, S=0.0154, loss=0.0242]
Epoch 26/150 [train]:  69%|██████▉   | 18/26 [00:00<00:00, 86.67it/s, S=0.0153, loss=0.0243]
Epoch 26/150 [train]:  69%|██████▉   | 18/26 [00:00<00:00, 86.67it/s, S=0.0154, loss=0.0262]
Epoch 26/150 [train]:  69%|██████▉   | 18/26 [00:00<00:00, 86.67it/s, S=0.0155, loss=0.0253]
Epoch 26/150 [train]:  69%|██████▉   | 18/26 [00:00<00:00, 86.67it/s, S=0.0153, loss=0.0251]
Epoch 26/150 [train]:  69%|██████▉   | 18/26 [00:00<00:00, 86.67it/s, S=0.0154, loss=0.0252]
                                                                                            
Epoch  26/150  train loss=0.0248  val loss=0.0491  S[mean]=0.0154  ζ=0.1732  mean_plane_ζ=0.1734  reg=0.0645  λscale=1.00  lr=4.77e-05

Epoch 27/150 [train]:   0%|          | 0/26 [00:00<?, ?it/s]
Epoch 27/150 [train]:   0%|          | 0/26 [00:00<?, ?it/s, S=0.0154, loss=0.0235]
Epoch 27/150 [train]:   0%|          | 0/26 [00:00<?, ?it/s, S=0.0153, loss=0.0247]
Epoch 27/150 [train]:   0%|          | 0/26 [00:00<?, ?it/s, S=0.0154, loss=0.0251]
Epoch 27/150 [train]:   0%|          | 0/26 [00:00<?, ?it/s, S=0.0154, loss=0.0246]
Epoch 27/150 [train]:   0%|          | 0/26 [00:00<?, ?it/s, S=0.0154, loss=0.0254]
Epoch 27/150 [train]:   0%|          | 0/26 [00:00<?, ?it/s, S=0.0153, loss=0.0265]
Epoch 27/150 [train]:   0%|          | 0/26 [00:00<?, ?it/s, S=0.0153, loss=0.0236]
Epoch 27/150 [train]:   0%|          | 0/26 [00:00<?, ?it/s, S=0.0154, loss=0.0236]
Epoch 27/150 [train]:   0%|          | 0/26 [00:00<?, ?it/s, S=0.0154, loss=0.0252]
Epoch 27/150 [train]:  35%|███▍      | 9/26 [00:00<00:00, 86.45it/s, S=0.0154, loss=0.0252]
Epoch 27/150 [train]:  35%|███▍      | 9/26 [00:00<00:00, 86.45it/s, S=0.0153, loss=0.0251]
Epoch 27/150 [train]:  35%|███▍      | 9/26 [00:00<00:00, 86.45it/s, S=0.0154, loss=0.0249]
Epoch 27/150 [train]:  35%|███▍      | 9/26 [00:00<00:00, 86.45it/s, S=0.0155, loss=0.0237]
Epoch 27/150 [train]:  35%|███▍      | 9/26 [00:00<00:00, 86.45it/s, S=0.0153, loss=0.0249]
Epoch 27/150 [train]:  35%|███▍      | 9/26 [00:00<00:00, 86.45it/s, S=0.0155, loss=0.0251]
Epoch 27/150 [train]:  35%|███▍      | 9/26 [00:00<00:00, 86.45it/s, S=0.0153, loss=0.0247]
Epoch 27/150 [train]:  35%|███▍      | 9/26 [00:00<00:00, 86.45it/s, S=0.0154, loss=0.0248]
Epoch 27/150 [train]:  35%|███▍      | 9/26 [00:00<00:00, 86.45it/s, S=0.0154, loss=0.0253]
Epoch 27/150 [train]:  35%|███▍      | 9/26 [00:00<00:00, 86.45it/s, S=0.0154, loss=0.0240]
Epoch 27/150 [train]:  69%|██████▉   | 18/26 [00:00<00:00, 86.75it/s, S=0.0154, loss=0.0240]
Epoch 27/150 [train]:  69%|██████▉   | 18/26 [00:00<00:00, 86.75it/s, S=0.0155, loss=0.0252]
Epoch 27/150 [train]:  69%|██████▉   | 18/26 [00:00<00:00, 86.75it/s, S=0.0154, loss=0.0246]
Epoch 27/150 [train]:  69%|██████▉   | 18/26 [00:00<00:00, 86.75it/s, S=0.0154, loss=0.0247]
Epoch 27/150 [train]:  69%|██████▉   | 18/26 [00:00<00:00, 86.75it/s, S=0.0154, loss=0.0249]
Epoch 27/150 [train]:  69%|██████▉   | 18/26 [00:00<00:00, 86.75it/s, S=0.0154, loss=0.0248]
Epoch 27/150 [train]:  69%|██████▉   | 18/26 [00:00<00:00, 86.75it/s, S=0.0153, loss=0.0244]
Epoch 27/150 [train]:  69%|██████▉   | 18/26 [00:00<00:00, 86.75it/s, S=0.0153, loss=0.0249]
Epoch 27/150 [train]:  69%|██████▉   | 18/26 [00:00<00:00, 86.75it/s, S=0.0154, loss=0.0248]
                                                                                            
Epoch  27/150  train loss=0.0247  val loss=0.0490  S[mean]=0.0154  ζ=0.1733  mean_plane_ζ=0.1735  reg=0.0644  λscale=1.00  lr=2.72e-05

Epoch 28/150 [train]:   0%|          | 0/26 [00:00<?, ?it/s]
Epoch 28/150 [train]:   0%|          | 0/26 [00:00<?, ?it/s, S=0.0153, loss=0.0259]
Epoch 28/150 [train]:   0%|          | 0/26 [00:00<?, ?it/s, S=0.0154, loss=0.0230]
Epoch 28/150 [train]:   0%|          | 0/26 [00:00<?, ?it/s, S=0.0152, loss=0.0241]
Epoch 28/150 [train]:   0%|          | 0/26 [00:00<?, ?it/s, S=0.0154, loss=0.0253]
Epoch 28/150 [train]:   0%|          | 0/26 [00:00<?, ?it/s, S=0.0155, loss=0.0241]
Epoch 28/150 [train]:   0%|          | 0/26 [00:00<?, ?it/s, S=0.0153, loss=0.0249]
Epoch 28/150 [train]:   0%|          | 0/26 [00:00<?, ?it/s, S=0.0152, loss=0.0251]
Epoch 28/150 [train]:   0%|          | 0/26 [00:00<?, ?it/s, S=0.0154, loss=0.0253]
Epoch 28/150 [train]:   0%|          | 0/26 [00:00<?, ?it/s, S=0.0153, loss=0.0257]
Epoch 28/150 [train]:  35%|███▍      | 9/26 [00:00<00:00, 86.36it/s, S=0.0153, loss=0.0257]
Epoch 28/150 [train]:  35%|███▍      | 9/26 [00:00<00:00, 86.36it/s, S=0.0154, loss=0.0250]
Epoch 28/150 [train]:  35%|███▍      | 9/26 [00:00<00:00, 86.36it/s, S=0.0154, loss=0.0252]
Epoch 28/150 [train]:  35%|███▍      | 9/26 [00:00<00:00, 86.36it/s, S=0.0154, loss=0.0243]
Epoch 28/150 [train]:  35%|███▍      | 9/26 [00:00<00:00, 86.36it/s, S=0.0154, loss=0.0240]
Epoch 28/150 [train]:  35%|███▍      | 9/26 [00:00<00:00, 86.36it/s, S=0.0153, loss=0.0244]
Epoch 28/150 [train]:  35%|███▍      | 9/26 [00:00<00:00, 86.36it/s, S=0.0154, loss=0.0243]
Epoch 28/150 [train]:  35%|███▍      | 9/26 [00:00<00:00, 86.36it/s, S=0.0154, loss=0.0251]
Epoch 28/150 [train]:  35%|███▍      | 9/26 [00:00<00:00, 86.36it/s, S=0.0153, loss=0.0262]
Epoch 28/150 [train]:  35%|███▍      | 9/26 [00:00<00:00, 86.36it/s, S=0.0155, loss=0.0242]
Epoch 28/150 [train]:  69%|██████▉   | 18/26 [00:00<00:00, 86.58it/s, S=0.0155, loss=0.0242]
Epoch 28/150 [train]:  69%|██████▉   | 18/26 [00:00<00:00, 86.58it/s, S=0.0154, loss=0.0242]
Epoch 28/150 [train]:  69%|██████▉   | 18/26 [00:00<00:00, 86.58it/s, S=0.0153, loss=0.0247]
Epoch 28/150 [train]:  69%|██████▉   | 18/26 [00:00<00:00, 86.58it/s, S=0.0155, loss=0.0245]
Epoch 28/150 [train]:  69%|██████▉   | 18/26 [00:00<00:00, 86.58it/s, S=0.0153, loss=0.0245]
Epoch 28/150 [train]:  69%|██████▉   | 18/26 [00:00<00:00, 86.58it/s, S=0.0155, loss=0.0237]
Epoch 28/150 [train]:  69%|██████▉   | 18/26 [00:00<00:00, 86.58it/s, S=0.0155, loss=0.0252]
Epoch 28/150 [train]:  69%|██████▉   | 18/26 [00:00<00:00, 86.58it/s, S=0.0153, loss=0.0250]
Epoch 28/150 [train]:  69%|██████▉   | 18/26 [00:00<00:00, 86.58it/s, S=0.0153, loss=0.0248]
                                                                                            
Epoch  28/150  train loss=0.0247  val loss=0.0491  S[mean]=0.0154  ζ=0.1734  mean_plane_ζ=0.1735  reg=0.0645  λscale=1.00  lr=1.22e-05

Epoch 29/150 [train]:   0%|          | 0/26 [00:00<?, ?it/s]
Epoch 29/150 [train]:   0%|          | 0/26 [00:00<?, ?it/s, S=0.0155, loss=0.0236]
Epoch 29/150 [train]:   0%|          | 0/26 [00:00<?, ?it/s, S=0.0154, loss=0.0237]
Epoch 29/150 [train]:   0%|          | 0/26 [00:00<?, ?it/s, S=0.0154, loss=0.0251]
Epoch 29/150 [train]:   0%|          | 0/26 [00:00<?, ?it/s, S=0.0154, loss=0.0239]
Epoch 29/150 [train]:   0%|          | 0/26 [00:00<?, ?it/s, S=0.0153, loss=0.0236]
Epoch 29/150 [train]:   0%|          | 0/26 [00:00<?, ?it/s, S=0.0154, loss=0.0241]
Epoch 29/150 [train]:   0%|          | 0/26 [00:00<?, ?it/s, S=0.0153, loss=0.0258]
Epoch 29/150 [train]:   0%|          | 0/26 [00:00<?, ?it/s, S=0.0154, loss=0.0237]
Epoch 29/150 [train]:   0%|          | 0/26 [00:00<?, ?it/s, S=0.0154, loss=0.0242]
Epoch 29/150 [train]:  35%|███▍      | 9/26 [00:00<00:00, 86.12it/s, S=0.0154, loss=0.0242]
Epoch 29/150 [train]:  35%|███▍      | 9/26 [00:00<00:00, 86.12it/s, S=0.0153, loss=0.0252]
Epoch 29/150 [train]:  35%|███▍      | 9/26 [00:00<00:00, 86.12it/s, S=0.0154, loss=0.0250]
Epoch 29/150 [train]:  35%|███▍      | 9/26 [00:00<00:00, 86.12it/s, S=0.0154, loss=0.0231]
Epoch 29/150 [train]:  35%|███▍      | 9/26 [00:00<00:00, 86.12it/s, S=0.0154, loss=0.0242]
Epoch 29/150 [train]:  35%|███▍      | 9/26 [00:00<00:00, 86.12it/s, S=0.0153, loss=0.0247]
Epoch 29/150 [train]:  35%|███▍      | 9/26 [00:00<00:00, 86.12it/s, S=0.0153, loss=0.0238]
Epoch 29/150 [train]:  35%|███▍      | 9/26 [00:00<00:00, 86.12it/s, S=0.0153, loss=0.0245]
Epoch 29/150 [train]:  35%|███▍      | 9/26 [00:00<00:00, 86.12it/s, S=0.0154, loss=0.0255]
Epoch 29/150 [train]:  35%|███▍      | 9/26 [00:00<00:00, 86.12it/s, S=0.0153, loss=0.0245]
Epoch 29/150 [train]:  69%|██████▉   | 18/26 [00:00<00:00, 86.54it/s, S=0.0153, loss=0.0245]
Epoch 29/150 [train]:  69%|██████▉   | 18/26 [00:00<00:00, 86.54it/s, S=0.0153, loss=0.0239]
Epoch 29/150 [train]:  69%|██████▉   | 18/26 [00:00<00:00, 86.54it/s, S=0.0155, loss=0.0235]
Epoch 29/150 [train]:  69%|██████▉   | 18/26 [00:00<00:00, 86.54it/s, S=0.0152, loss=0.0240]
Epoch 29/150 [train]:  69%|██████▉   | 18/26 [00:00<00:00, 86.54it/s, S=0.0153, loss=0.0248]
Epoch 29/150 [train]:  69%|██████▉   | 18/26 [00:00<00:00, 86.54it/s, S=0.0154, loss=0.0240]
Epoch 29/150 [train]:  69%|██████▉   | 18/26 [00:00<00:00, 86.54it/s, S=0.0154, loss=0.0234]
Epoch 29/150 [train]:  69%|██████▉   | 18/26 [00:00<00:00, 86.54it/s, S=0.0153, loss=0.0239]
Epoch 29/150 [train]:  69%|██████▉   | 18/26 [00:00<00:00, 86.54it/s, S=0.0153, loss=0.0247]
                                                                                            
Epoch  29/150  train loss=0.0243  val loss=0.0491  S[mean]=0.0154  ζ=0.1734  mean_plane_ζ=0.1735  reg=0.0644  λscale=1.00  lr=3.08e-06

Epoch 30/150 [train]:   0%|          | 0/26 [00:00<?, ?it/s]
Epoch 30/150 [train]:   0%|          | 0/26 [00:00<?, ?it/s, S=0.0155, loss=0.0241]
Epoch 30/150 [train]:   0%|          | 0/26 [00:00<?, ?it/s, S=0.0153, loss=0.0245]
Epoch 30/150 [train]:   0%|          | 0/26 [00:00<?, ?it/s, S=0.0155, loss=0.0240]
Epoch 30/150 [train]:   0%|          | 0/26 [00:00<?, ?it/s, S=0.0154, loss=0.0243]
Epoch 30/150 [train]:   0%|          | 0/26 [00:00<?, ?it/s, S=0.0154, loss=0.0247]
Epoch 30/150 [train]:   0%|          | 0/26 [00:00<?, ?it/s, S=0.0153, loss=0.0241]
Epoch 30/150 [train]:   0%|          | 0/26 [00:00<?, ?it/s, S=0.0153, loss=0.0245]
Epoch 30/150 [train]:   0%|          | 0/26 [00:00<?, ?it/s, S=0.0154, loss=0.0231]
Epoch 30/150 [train]:   0%|          | 0/26 [00:00<?, ?it/s, S=0.0153, loss=0.0245]
Epoch 30/150 [train]:  35%|███▍      | 9/26 [00:00<00:00, 86.44it/s, S=0.0153, loss=0.0245]
Epoch 30/150 [train]:  35%|███▍      | 9/26 [00:00<00:00, 86.44it/s, S=0.0153, loss=0.0242]
Epoch 30/150 [train]:  35%|███▍      | 9/26 [00:00<00:00, 86.44it/s, S=0.0154, loss=0.0236]
Epoch 30/150 [train]:  35%|███▍      | 9/26 [00:00<00:00, 86.44it/s, S=0.0153, loss=0.0239]
Epoch 30/150 [train]:  35%|███▍      | 9/26 [00:00<00:00, 86.44it/s, S=0.0154, loss=0.0241]
Epoch 30/150 [train]:  35%|███▍      | 9/26 [00:00<00:00, 86.44it/s, S=0.0154, loss=0.0241]
Epoch 30/150 [train]:  35%|███▍      | 9/26 [00:00<00:00, 86.44it/s, S=0.0154, loss=0.0252]
Epoch 30/150 [train]:  35%|███▍      | 9/26 [00:00<00:00, 86.44it/s, S=0.0154, loss=0.0236]
Epoch 30/150 [train]:  35%|███▍      | 9/26 [00:00<00:00, 86.44it/s, S=0.0153, loss=0.0234]
Epoch 30/150 [train]:  35%|███▍      | 9/26 [00:00<00:00, 86.44it/s, S=0.0154, loss=0.0235]
Epoch 30/150 [train]:  69%|██████▉   | 18/26 [00:00<00:00, 86.63it/s, S=0.0154, loss=0.0235]
Epoch 30/150 [train]:  69%|██████▉   | 18/26 [00:00<00:00, 86.63it/s, S=0.0154, loss=0.0237]
Epoch 30/150 [train]:  69%|██████▉   | 18/26 [00:00<00:00, 86.63it/s, S=0.0155, loss=0.0241]
Epoch 30/150 [train]:  69%|██████▉   | 18/26 [00:00<00:00, 86.63it/s, S=0.0154, loss=0.0248]
Epoch 30/150 [train]:  69%|██████▉   | 18/26 [00:00<00:00, 86.63it/s, S=0.0154, loss=0.0232]
Epoch 30/150 [train]:  69%|██████▉   | 18/26 [00:00<00:00, 86.63it/s, S=0.0153, loss=0.0247]
Epoch 30/150 [train]:  69%|██████▉   | 18/26 [00:00<00:00, 86.63it/s, S=0.0154, loss=0.0249]
Epoch 30/150 [train]:  69%|██████▉   | 18/26 [00:00<00:00, 86.63it/s, S=0.0154, loss=0.0238]
Epoch 30/150 [train]:  69%|██████▉   | 18/26 [00:00<00:00, 86.63it/s, S=0.0153, loss=0.0244]
                                                                                            
Epoch  30/150  train loss=0.0241  val loss=0.0491  S[mean]=0.0154  ζ=0.1734  mean_plane_ζ=0.1735  reg=0.0644  λscale=1.00  lr=5.00e-04

Epoch 31/150 [train]:   0%|          | 0/26 [00:00<?, ?it/s]
Epoch 31/150 [train]:   0%|          | 0/26 [00:00<?, ?it/s, S=0.0154, loss=0.0239]
Epoch 31/150 [train]:   0%|          | 0/26 [00:00<?, ?it/s, S=0.0154, loss=0.0251]
Epoch 31/150 [train]:   0%|          | 0/26 [00:00<?, ?it/s, S=0.0154, loss=0.0246]
Epoch 31/150 [train]:   0%|          | 0/26 [00:00<?, ?it/s, S=0.0154, loss=0.0249]
Epoch 31/150 [train]:   0%|          | 0/26 [00:00<?, ?it/s, S=0.0153, loss=0.0257]
Epoch 31/150 [train]:   0%|          | 0/26 [00:00<?, ?it/s, S=0.0154, loss=0.0267]
Epoch 31/150 [train]:   0%|          | 0/26 [00:00<?, ?it/s, S=0.0155, loss=0.0269]
Epoch 31/150 [train]:   0%|          | 0/26 [00:00<?, ?it/s, S=0.0154, loss=0.0283]
Epoch 31/150 [train]:   0%|          | 0/26 [00:00<?, ?it/s, S=0.0154, loss=0.0277]
Epoch 31/150 [train]:  35%|███▍      | 9/26 [00:00<00:00, 86.79it/s, S=0.0154, loss=0.0277]
Epoch 31/150 [train]:  35%|███▍      | 9/26 [00:00<00:00, 86.79it/s, S=0.0154, loss=0.0287]
Epoch 31/150 [train]:  35%|███▍      | 9/26 [00:00<00:00, 86.79it/s, S=0.0154, loss=0.0284]
Epoch 31/150 [train]:  35%|███▍      | 9/26 [00:00<00:00, 86.79it/s, S=0.0154, loss=0.0289]
Epoch 31/150 [train]:  35%|███▍      | 9/26 [00:00<00:00, 86.79it/s, S=0.0154, loss=0.0297]
Epoch 31/150 [train]:  35%|███▍      | 9/26 [00:00<00:00, 86.79it/s, S=0.0154, loss=0.0288]
Epoch 31/150 [train]:  35%|███▍      | 9/26 [00:00<00:00, 86.79it/s, S=0.0154, loss=0.0287]
Epoch 31/150 [train]:  35%|███▍      | 9/26 [00:00<00:00, 86.79it/s, S=0.0153, loss=0.0287]
Epoch 31/150 [train]:  35%|███▍      | 9/26 [00:00<00:00, 86.79it/s, S=0.0153, loss=0.0285]
Epoch 31/150 [train]:  35%|███▍      | 9/26 [00:00<00:00, 86.79it/s, S=0.0155, loss=0.0295]
Epoch 31/150 [train]:  69%|██████▉   | 18/26 [00:00<00:00, 86.82it/s, S=0.0155, loss=0.0295]
Epoch 31/150 [train]:  69%|██████▉   | 18/26 [00:00<00:00, 86.82it/s, S=0.0154, loss=0.0285]
Epoch 31/150 [train]:  69%|██████▉   | 18/26 [00:00<00:00, 86.82it/s, S=0.0154, loss=0.0288]
Epoch 31/150 [train]:  69%|██████▉   | 18/26 [00:00<00:00, 86.82it/s, S=0.0154, loss=0.0289]
Epoch 31/150 [train]:  69%|██████▉   | 18/26 [00:00<00:00, 86.82it/s, S=0.0153, loss=0.0286]
Epoch 31/150 [train]:  69%|██████▉   | 18/26 [00:00<00:00, 86.82it/s, S=0.0154, loss=0.0298]
Epoch 31/150 [train]:  69%|██████▉   | 18/26 [00:00<00:00, 86.82it/s, S=0.0153, loss=0.0281]
Epoch 31/150 [train]:  69%|██████▉   | 18/26 [00:00<00:00, 86.82it/s, S=0.0153, loss=0.0296]
Epoch 31/150 [train]:  69%|██████▉   | 18/26 [00:00<00:00, 86.82it/s, S=0.0154, loss=0.0305]
                                                                                            
Epoch  31/150  train loss=0.0279  val loss=0.0552  S[mean]=0.0154  ζ=0.1739  mean_plane_ζ=0.1740  reg=0.0705  λscale=1.00  lr=4.99e-04

Epoch 32/150 [train]:   0%|          | 0/26 [00:00<?, ?it/s]
Epoch 32/150 [train]:   0%|          | 0/26 [00:00<?, ?it/s, S=0.0154, loss=0.0281]
Epoch 32/150 [train]:   0%|          | 0/26 [00:00<?, ?it/s, S=0.0153, loss=0.0275]
Epoch 32/150 [train]:   0%|          | 0/26 [00:00<?, ?it/s, S=0.0154, loss=0.0277]
Epoch 32/150 [train]:   0%|          | 0/26 [00:00<?, ?it/s, S=0.0153, loss=0.0299]
Epoch 32/150 [train]:   0%|          | 0/26 [00:00<?, ?it/s, S=0.0153, loss=0.0302]
Epoch 32/150 [train]:   0%|          | 0/26 [00:00<?, ?it/s, S=0.0153, loss=0.0294]
Epoch 32/150 [train]:   0%|          | 0/26 [00:00<?, ?it/s, S=0.0154, loss=0.0280]
Epoch 32/150 [train]:   0%|          | 0/26 [00:00<?, ?it/s, S=0.0154, loss=0.0299]
Epoch 32/150 [train]:   0%|          | 0/26 [00:00<?, ?it/s, S=0.0153, loss=0.0297]
Epoch 32/150 [train]:  35%|███▍      | 9/26 [00:00<00:00, 86.81it/s, S=0.0153, loss=0.0297]
Epoch 32/150 [train]:  35%|███▍      | 9/26 [00:00<00:00, 86.81it/s, S=0.0154, loss=0.0295]
Epoch 32/150 [train]:  35%|███▍      | 9/26 [00:00<00:00, 86.81it/s, S=0.0154, loss=0.0294]
Epoch 32/150 [train]:  35%|███▍      | 9/26 [00:00<00:00, 86.81it/s, S=0.0153, loss=0.0296]
Epoch 32/150 [train]:  35%|███▍      | 9/26 [00:00<00:00, 86.81it/s, S=0.0152, loss=0.0291]
Epoch 32/150 [train]:  35%|███▍      | 9/26 [00:00<00:00, 86.81it/s, S=0.0153, loss=0.0293]
Epoch 32/150 [train]:  35%|███▍      | 9/26 [00:00<00:00, 86.81it/s, S=0.0153, loss=0.0280]
Epoch 32/150 [train]:  35%|███▍      | 9/26 [00:00<00:00, 86.81it/s, S=0.0154, loss=0.0278]
Epoch 32/150 [train]:  35%|███▍      | 9/26 [00:00<00:00, 86.81it/s, S=0.0154, loss=0.0291]
Epoch 32/150 [train]:  35%|███▍      | 9/26 [00:00<00:00, 86.81it/s, S=0.0155, loss=0.0294]
Epoch 32/150 [train]:  69%|██████▉   | 18/26 [00:00<00:00, 86.97it/s, S=0.0155, loss=0.0294]
Epoch 32/150 [train]:  69%|██████▉   | 18/26 [00:00<00:00, 86.97it/s, S=0.0153, loss=0.0291]
Epoch 32/150 [train]:  69%|██████▉   | 18/26 [00:00<00:00, 86.97it/s, S=0.0154, loss=0.0291]
Epoch 32/150 [train]:  69%|██████▉   | 18/26 [00:00<00:00, 86.97it/s, S=0.0153, loss=0.0291]
Epoch 32/150 [train]:  69%|██████▉   | 18/26 [00:00<00:00, 86.97it/s, S=0.0153, loss=0.0287]
Epoch 32/150 [train]:  69%|██████▉   | 18/26 [00:00<00:00, 86.97it/s, S=0.0153, loss=0.0299]
Epoch 32/150 [train]:  69%|██████▉   | 18/26 [00:00<00:00, 86.97it/s, S=0.0153, loss=0.0305]
Epoch 32/150 [train]:  69%|██████▉   | 18/26 [00:00<00:00, 86.97it/s, S=0.0154, loss=0.0273]
Epoch 32/150 [train]:  69%|██████▉   | 18/26 [00:00<00:00, 86.97it/s, S=0.0154, loss=0.0295]
                                                                                            
Epoch  32/150  train loss=0.0290  val loss=0.0574  S[mean]=0.0154  ζ=0.1745  mean_plane_ζ=0.1746  reg=0.0728  λscale=1.00  lr=4.97e-04

Epoch 33/150 [train]:   0%|          | 0/26 [00:00<?, ?it/s]
Epoch 33/150 [train]:   0%|          | 0/26 [00:00<?, ?it/s, S=0.0154, loss=0.0276]
Epoch 33/150 [train]:   0%|          | 0/26 [00:00<?, ?it/s, S=0.0153, loss=0.0288]
Epoch 33/150 [train]:   0%|          | 0/26 [00:00<?, ?it/s, S=0.0153, loss=0.0272]
Epoch 33/150 [train]:   0%|          | 0/26 [00:00<?, ?it/s, S=0.0154, loss=0.0279]
Epoch 33/150 [train]:   0%|          | 0/26 [00:00<?, ?it/s, S=0.0154, loss=0.0288]
Epoch 33/150 [train]:   0%|          | 0/26 [00:00<?, ?it/s, S=0.0154, loss=0.0286]
Epoch 33/150 [train]:   0%|          | 0/26 [00:00<?, ?it/s, S=0.0153, loss=0.0281]
Epoch 33/150 [train]:   0%|          | 0/26 [00:00<?, ?it/s, S=0.0153, loss=0.0283]
Epoch 33/150 [train]:   0%|          | 0/26 [00:00<?, ?it/s, S=0.0155, loss=0.0286]
Epoch 33/150 [train]:  35%|███▍      | 9/26 [00:00<00:00, 86.74it/s, S=0.0155, loss=0.0286]
Epoch 33/150 [train]:  35%|███▍      | 9/26 [00:00<00:00, 86.74it/s, S=0.0153, loss=0.0289]
Epoch 33/150 [train]:  35%|███▍      | 9/26 [00:00<00:00, 86.74it/s, S=0.0154, loss=0.0283]
Epoch 33/150 [train]:  35%|███▍      | 9/26 [00:00<00:00, 86.74it/s, S=0.0155, loss=0.0286]
Epoch 33/150 [train]:  35%|███▍      | 9/26 [00:00<00:00, 86.74it/s, S=0.0152, loss=0.0269]
Epoch 33/150 [train]:  35%|███▍      | 9/26 [00:00<00:00, 86.74it/s, S=0.0154, loss=0.0278]
Epoch 33/150 [train]:  35%|███▍      | 9/26 [00:00<00:00, 86.74it/s, S=0.0155, loss=0.0285]
Epoch 33/150 [train]:  35%|███▍      | 9/26 [00:00<00:00, 86.74it/s, S=0.0154, loss=0.0287]
Epoch 33/150 [train]:  35%|███▍      | 9/26 [00:00<00:00, 86.74it/s, S=0.0154, loss=0.0296]
Epoch 33/150 [train]:  35%|███▍      | 9/26 [00:00<00:00, 86.74it/s, S=0.0154, loss=0.0279]
Epoch 33/150 [train]:  69%|██████▉   | 18/26 [00:00<00:00, 86.73it/s, S=0.0154, loss=0.0279]
Epoch 33/150 [train]:  69%|██████▉   | 18/26 [00:00<00:00, 86.73it/s, S=0.0154, loss=0.0269]
Epoch 33/150 [train]:  69%|██████▉   | 18/26 [00:00<00:00, 86.73it/s, S=0.0153, loss=0.0284]
Epoch 33/150 [train]:  69%|██████▉   | 18/26 [00:00<00:00, 86.73it/s, S=0.0154, loss=0.0290]
Epoch 33/150 [train]:  69%|██████▉   | 18/26 [00:00<00:00, 86.73it/s, S=0.0153, loss=0.0273]
Epoch 33/150 [train]:  69%|██████▉   | 18/26 [00:00<00:00, 86.73it/s, S=0.0154, loss=0.0296]
Epoch 33/150 [train]:  69%|██████▉   | 18/26 [00:00<00:00, 86.73it/s, S=0.0154, loss=0.0277]
Epoch 33/150 [train]:  69%|██████▉   | 18/26 [00:00<00:00, 86.73it/s, S=0.0153, loss=0.0298]
Epoch 33/150 [train]:  69%|██████▉   | 18/26 [00:00<00:00, 86.73it/s, S=0.0154, loss=0.0283]
                                                                                            
Epoch  33/150  train loss=0.0283  val loss=0.0587  S[mean]=0.0154  ζ=0.1748  mean_plane_ζ=0.1749  reg=0.0741  λscale=1.00  lr=4.93e-04

Epoch 34/150 [train]:   0%|          | 0/26 [00:00<?, ?it/s]
Epoch 34/150 [train]:   0%|          | 0/26 [00:00<?, ?it/s, S=0.0154, loss=0.0264]
Epoch 34/150 [train]:   0%|          | 0/26 [00:00<?, ?it/s, S=0.0154, loss=0.0266]
Epoch 34/150 [train]:   0%|          | 0/26 [00:00<?, ?it/s, S=0.0154, loss=0.0275]
Epoch 34/150 [train]:   0%|          | 0/26 [00:00<?, ?it/s, S=0.0154, loss=0.0280]
Epoch 34/150 [train]:   0%|          | 0/26 [00:00<?, ?it/s, S=0.0154, loss=0.0268]
Epoch 34/150 [train]:   0%|          | 0/26 [00:00<?, ?it/s, S=0.0154, loss=0.0288]
Epoch 34/150 [train]:   0%|          | 0/26 [00:00<?, ?it/s, S=0.0154, loss=0.0276]
Epoch 34/150 [train]:   0%|          | 0/26 [00:00<?, ?it/s, S=0.0154, loss=0.0288]
Epoch 34/150 [train]:   0%|          | 0/26 [00:00<?, ?it/s, S=0.0154, loss=0.0285]
Epoch 34/150 [train]:  35%|███▍      | 9/26 [00:00<00:00, 86.78it/s, S=0.0154, loss=0.0285]
Epoch 34/150 [train]:  35%|███▍      | 9/26 [00:00<00:00, 86.78it/s, S=0.0154, loss=0.0283]
Epoch 34/150 [train]:  35%|███▍      | 9/26 [00:00<00:00, 86.78it/s, S=0.0154, loss=0.0290]
Epoch 34/150 [train]:  35%|███▍      | 9/26 [00:00<00:00, 86.78it/s, S=0.0154, loss=0.0281]
Epoch 34/150 [train]:  35%|███▍      | 9/26 [00:00<00:00, 86.78it/s, S=0.0154, loss=0.0280]
Epoch 34/150 [train]:  35%|███▍      | 9/26 [00:00<00:00, 86.78it/s, S=0.0153, loss=0.0263]
Epoch 34/150 [train]:  35%|███▍      | 9/26 [00:00<00:00, 86.78it/s, S=0.0154, loss=0.0275]
Epoch 34/150 [train]:  35%|███▍      | 9/26 [00:00<00:00, 86.78it/s, S=0.0153, loss=0.0285]
Epoch 34/150 [train]:  35%|███▍      | 9/26 [00:00<00:00, 86.78it/s, S=0.0154, loss=0.0287]
Epoch 34/150 [train]:  35%|███▍      | 9/26 [00:00<00:00, 86.78it/s, S=0.0154, loss=0.0274]
Epoch 34/150 [train]:  69%|██████▉   | 18/26 [00:00<00:00, 86.84it/s, S=0.0154, loss=0.0274]
Epoch 34/150 [train]:  69%|██████▉   | 18/26 [00:00<00:00, 86.84it/s, S=0.0154, loss=0.0279]
Epoch 34/150 [train]:  69%|██████▉   | 18/26 [00:00<00:00, 86.84it/s, S=0.0154, loss=0.0279]
Epoch 34/150 [train]:  69%|██████▉   | 18/26 [00:00<00:00, 86.84it/s, S=0.0154, loss=0.0292]
Epoch 34/150 [train]:  69%|██████▉   | 18/26 [00:00<00:00, 86.84it/s, S=0.0155, loss=0.0276]
Epoch 34/150 [train]:  69%|██████▉   | 18/26 [00:00<00:00, 86.84it/s, S=0.0153, loss=0.0271]
Epoch 34/150 [train]:  69%|██████▉   | 18/26 [00:00<00:00, 86.84it/s, S=0.0154, loss=0.0268]
Epoch 34/150 [train]:  69%|██████▉   | 18/26 [00:00<00:00, 86.84it/s, S=0.0154, loss=0.0292]
Epoch 34/150 [train]:  69%|██████▉   | 18/26 [00:00<00:00, 86.84it/s, S=0.0154, loss=0.0276]
                                                                                            
Epoch  34/150  train loss=0.0278  val loss=0.0603  S[mean]=0.0154  ζ=0.1754  mean_plane_ζ=0.1755  reg=0.0757  λscale=1.00  lr=4.88e-04

Epoch 35/150 [train]:   0%|          | 0/26 [00:00<?, ?it/s]
Epoch 35/150 [train]:   0%|          | 0/26 [00:00<?, ?it/s, S=0.0153, loss=0.0271]
Epoch 35/150 [train]:   0%|          | 0/26 [00:00<?, ?it/s, S=0.0154, loss=0.0273]
Epoch 35/150 [train]:   0%|          | 0/26 [00:00<?, ?it/s, S=0.0154, loss=0.0260]
Epoch 35/150 [train]:   0%|          | 0/26 [00:00<?, ?it/s, S=0.0155, loss=0.0261]
Epoch 35/150 [train]:   0%|          | 0/26 [00:00<?, ?it/s, S=0.0154, loss=0.0261]
Epoch 35/150 [train]:   0%|          | 0/26 [00:00<?, ?it/s, S=0.0154, loss=0.0256]
Epoch 35/150 [train]:   0%|          | 0/26 [00:00<?, ?it/s, S=0.0155, loss=0.0282]
Epoch 35/150 [train]:   0%|          | 0/26 [00:00<?, ?it/s, S=0.0154, loss=0.0273]
Epoch 35/150 [train]:   0%|          | 0/26 [00:00<?, ?it/s, S=0.0154, loss=0.0269]
Epoch 35/150 [train]:  35%|███▍      | 9/26 [00:00<00:00, 86.71it/s, S=0.0154, loss=0.0269]
Epoch 35/150 [train]:  35%|███▍      | 9/26 [00:00<00:00, 86.71it/s, S=0.0154, loss=0.0281]
Epoch 35/150 [train]:  35%|███▍      | 9/26 [00:00<00:00, 86.71it/s, S=0.0153, loss=0.0279]
Epoch 35/150 [train]:  35%|███▍      | 9/26 [00:00<00:00, 86.71it/s, S=0.0155, loss=0.0281]
Epoch 35/150 [train]:  35%|███▍      | 9/26 [00:00<00:00, 86.71it/s, S=0.0154, loss=0.0270]
Epoch 35/150 [train]:  35%|███▍      | 9/26 [00:00<00:00, 86.71it/s, S=0.0154, loss=0.0271]
Epoch 35/150 [train]:  35%|███▍      | 9/26 [00:00<00:00, 86.71it/s, S=0.0154, loss=0.0267]
Epoch 35/150 [train]:  35%|███▍      | 9/26 [00:00<00:00, 86.71it/s, S=0.0154, loss=0.0275]
Epoch 35/150 [train]:  35%|███▍      | 9/26 [00:00<00:00, 86.71it/s, S=0.0154, loss=0.0269]
Epoch 35/150 [train]:  35%|███▍      | 9/26 [00:00<00:00, 86.71it/s, S=0.0153, loss=0.0277]
Epoch 35/150 [train]:  69%|██████▉   | 18/26 [00:00<00:00, 86.81it/s, S=0.0153, loss=0.0277]
Epoch 35/150 [train]:  69%|██████▉   | 18/26 [00:00<00:00, 86.81it/s, S=0.0154, loss=0.0262]
Epoch 35/150 [train]:  69%|██████▉   | 18/26 [00:00<00:00, 86.81it/s, S=0.0155, loss=0.0267]
Epoch 35/150 [train]:  69%|██████▉   | 18/26 [00:00<00:00, 86.81it/s, S=0.0153, loss=0.0285]
Epoch 35/150 [train]:  69%|██████▉   | 18/26 [00:00<00:00, 86.81it/s, S=0.0154, loss=0.0282]
Epoch 35/150 [train]:  69%|██████▉   | 18/26 [00:00<00:00, 86.81it/s, S=0.0154, loss=0.0286]
Epoch 35/150 [train]:  69%|██████▉   | 18/26 [00:00<00:00, 86.81it/s, S=0.0155, loss=0.0286]
Epoch 35/150 [train]:  69%|██████▉   | 18/26 [00:00<00:00, 86.81it/s, S=0.0154, loss=0.0275]
Epoch 35/150 [train]:  69%|██████▉   | 18/26 [00:00<00:00, 86.81it/s, S=0.0153, loss=0.0270]
                                                                                            
Epoch  35/150  train loss=0.0273  val loss=0.0613  S[mean]=0.0154  ζ=0.1757  mean_plane_ζ=0.1758  reg=0.0767  λscale=1.00  lr=4.81e-04

Epoch 36/150 [train]:   0%|          | 0/26 [00:00<?, ?it/s]
Epoch 36/150 [train]:   0%|          | 0/26 [00:00<?, ?it/s, S=0.0154, loss=0.0264]
Epoch 36/150 [train]:   0%|          | 0/26 [00:00<?, ?it/s, S=0.0154, loss=0.0243]
Epoch 36/150 [train]:   0%|          | 0/26 [00:00<?, ?it/s, S=0.0154, loss=0.0259]
Epoch 36/150 [train]:   0%|          | 0/26 [00:00<?, ?it/s, S=0.0154, loss=0.0275]
Epoch 36/150 [train]:   0%|          | 0/26 [00:00<?, ?it/s, S=0.0154, loss=0.0285]
Epoch 36/150 [train]:   0%|          | 0/26 [00:00<?, ?it/s, S=0.0154, loss=0.0261]
Epoch 36/150 [train]:   0%|          | 0/26 [00:00<?, ?it/s, S=0.0154, loss=0.0274]
Epoch 36/150 [train]:   0%|          | 0/26 [00:00<?, ?it/s, S=0.0154, loss=0.0270]
Epoch 36/150 [train]:   0%|          | 0/26 [00:00<?, ?it/s, S=0.0153, loss=0.0278]
Epoch 36/150 [train]:  35%|███▍      | 9/26 [00:00<00:00, 86.70it/s, S=0.0153, loss=0.0278]
Epoch 36/150 [train]:  35%|███▍      | 9/26 [00:00<00:00, 86.70it/s, S=0.0155, loss=0.0285]
Epoch 36/150 [train]:  35%|███▍      | 9/26 [00:00<00:00, 86.70it/s, S=0.0153, loss=0.0281]
Epoch 36/150 [train]:  35%|███▍      | 9/26 [00:00<00:00, 86.70it/s, S=0.0153, loss=0.0253]
Epoch 36/150 [train]:  35%|███▍      | 9/26 [00:00<00:00, 86.70it/s, S=0.0155, loss=0.0264]
Epoch 36/150 [train]:  35%|███▍      | 9/26 [00:00<00:00, 86.70it/s, S=0.0153, loss=0.0260]
Epoch 36/150 [train]:  35%|███▍      | 9/26 [00:00<00:00, 86.70it/s, S=0.0154, loss=0.0262]
Epoch 36/150 [train]:  35%|███▍      | 9/26 [00:00<00:00, 86.70it/s, S=0.0154, loss=0.0283]
Epoch 36/150 [train]:  35%|███▍      | 9/26 [00:00<00:00, 86.70it/s, S=0.0154, loss=0.0276]
Epoch 36/150 [train]:  35%|███▍      | 9/26 [00:00<00:00, 86.70it/s, S=0.0153, loss=0.0260]
Epoch 36/150 [train]:  69%|██████▉   | 18/26 [00:00<00:00, 86.70it/s, S=0.0153, loss=0.0260]
Epoch 36/150 [train]:  69%|██████▉   | 18/26 [00:00<00:00, 86.70it/s, S=0.0155, loss=0.0264]
Epoch 36/150 [train]:  69%|██████▉   | 18/26 [00:00<00:00, 86.70it/s, S=0.0154, loss=0.0262]
Epoch 36/150 [train]:  69%|██████▉   | 18/26 [00:00<00:00, 86.70it/s, S=0.0154, loss=0.0260]
Epoch 36/150 [train]:  69%|██████▉   | 18/26 [00:00<00:00, 86.70it/s, S=0.0153, loss=0.0275]
Epoch 36/150 [train]:  69%|██████▉   | 18/26 [00:00<00:00, 86.70it/s, S=0.0155, loss=0.0256]
Epoch 36/150 [train]:  69%|██████▉   | 18/26 [00:00<00:00, 86.70it/s, S=0.0153, loss=0.0267]
Epoch 36/150 [train]:  69%|██████▉   | 18/26 [00:00<00:00, 86.70it/s, S=0.0154, loss=0.0275]
Epoch 36/150 [train]:  69%|██████▉   | 18/26 [00:00<00:00, 86.70it/s, S=0.0155, loss=0.0282]
                                                                                            
Epoch  36/150  train loss=0.0268  val loss=0.0636  S[mean]=0.0154  ζ=0.1761  mean_plane_ζ=0.1762  reg=0.0790  λscale=1.00  lr=4.73e-04

Epoch 37/150 [train]:   0%|          | 0/26 [00:00<?, ?it/s]
Epoch 37/150 [train]:   0%|          | 0/26 [00:00<?, ?it/s, S=0.0155, loss=0.0254]
Epoch 37/150 [train]:   0%|          | 0/26 [00:00<?, ?it/s, S=0.0154, loss=0.0260]
Epoch 37/150 [train]:   0%|          | 0/26 [00:00<?, ?it/s, S=0.0155, loss=0.0252]
Epoch 37/150 [train]:   0%|          | 0/26 [00:00<?, ?it/s, S=0.0155, loss=0.0252]
Epoch 37/150 [train]:   0%|          | 0/26 [00:00<?, ?it/s, S=0.0154, loss=0.0267]
Epoch 37/150 [train]:   0%|          | 0/26 [00:00<?, ?it/s, S=0.0154, loss=0.0275]
Epoch 37/150 [train]:   0%|          | 0/26 [00:00<?, ?it/s, S=0.0153, loss=0.0278]
Epoch 37/150 [train]:   0%|          | 0/26 [00:00<?, ?it/s, S=0.0154, loss=0.0294]
Epoch 37/150 [train]:   0%|          | 0/26 [00:00<?, ?it/s, S=0.0155, loss=0.0263]
Epoch 37/150 [train]:  35%|███▍      | 9/26 [00:00<00:00, 86.31it/s, S=0.0155, loss=0.0263]
Epoch 37/150 [train]:  35%|███▍      | 9/26 [00:00<00:00, 86.31it/s, S=0.0153, loss=0.0280]
Epoch 37/150 [train]:  35%|███▍      | 9/26 [00:00<00:00, 86.31it/s, S=0.0155, loss=0.0269]
Epoch 37/150 [train]:  35%|███▍      | 9/26 [00:00<00:00, 86.31it/s, S=0.0154, loss=0.0268]
Epoch 37/150 [train]:  35%|███▍      | 9/26 [00:00<00:00, 86.31it/s, S=0.0153, loss=0.0282]
Epoch 37/150 [train]:  35%|███▍      | 9/26 [00:00<00:00, 86.31it/s, S=0.0154, loss=0.0256]
Epoch 37/150 [train]:  35%|███▍      | 9/26 [00:00<00:00, 86.31it/s, S=0.0155, loss=0.0270]
Epoch 37/150 [train]:  35%|███▍      | 9/26 [00:00<00:00, 86.31it/s, S=0.0153, loss=0.0260]
Epoch 37/150 [train]:  35%|███▍      | 9/26 [00:00<00:00, 86.31it/s, S=0.0154, loss=0.0254]
Epoch 37/150 [train]:  35%|███▍      | 9/26 [00:00<00:00, 86.31it/s, S=0.0153, loss=0.0266]
Epoch 37/150 [train]:  69%|██████▉   | 18/26 [00:00<00:00, 86.82it/s, S=0.0153, loss=0.0266]
Epoch 37/150 [train]:  69%|██████▉   | 18/26 [00:00<00:00, 86.82it/s, S=0.0153, loss=0.0259]
Epoch 37/150 [train]:  69%|██████▉   | 18/26 [00:00<00:00, 86.82it/s, S=0.0155, loss=0.0273]
Epoch 37/150 [train]:  69%|██████▉   | 18/26 [00:00<00:00, 86.82it/s, S=0.0155, loss=0.0266]
Epoch 37/150 [train]:  69%|██████▉   | 18/26 [00:00<00:00, 86.82it/s, S=0.0154, loss=0.0270]
Epoch 37/150 [train]:  69%|██████▉   | 18/26 [00:00<00:00, 86.82it/s, S=0.0154, loss=0.0275]
Epoch 37/150 [train]:  69%|██████▉   | 18/26 [00:00<00:00, 86.82it/s, S=0.0155, loss=0.0271]
Epoch 37/150 [train]:  69%|██████▉   | 18/26 [00:00<00:00, 86.82it/s, S=0.0154, loss=0.0260]
Epoch 37/150 [train]:  69%|██████▉   | 18/26 [00:00<00:00, 86.82it/s, S=0.0154, loss=0.0266]
                                                                                            
Epoch  37/150  train loss=0.0267  val loss=0.0645  S[mean]=0.0154  ζ=0.1763  mean_plane_ζ=0.1765  reg=0.0798  λscale=1.00  lr=4.63e-04

Epoch 38/150 [train]:   0%|          | 0/26 [00:00<?, ?it/s]
Epoch 38/150 [train]:   0%|          | 0/26 [00:00<?, ?it/s, S=0.0154, loss=0.0255]
Epoch 38/150 [train]:   0%|          | 0/26 [00:00<?, ?it/s, S=0.0154, loss=0.0249]
Epoch 38/150 [train]:   0%|          | 0/26 [00:00<?, ?it/s, S=0.0154, loss=0.0244]
Epoch 38/150 [train]:   0%|          | 0/26 [00:00<?, ?it/s, S=0.0153, loss=0.0261]
Epoch 38/150 [train]:   0%|          | 0/26 [00:00<?, ?it/s, S=0.0155, loss=0.0251]
Epoch 38/150 [train]:   0%|          | 0/26 [00:00<?, ?it/s, S=0.0154, loss=0.0267]
Epoch 38/150 [train]:   0%|          | 0/26 [00:00<?, ?it/s, S=0.0155, loss=0.0256]
Epoch 38/150 [train]:   0%|          | 0/26 [00:00<?, ?it/s, S=0.0154, loss=0.0274]
Epoch 38/150 [train]:   0%|          | 0/26 [00:00<?, ?it/s, S=0.0153, loss=0.0268]
Epoch 38/150 [train]:  35%|███▍      | 9/26 [00:00<00:00, 86.70it/s, S=0.0153, loss=0.0268]
Epoch 38/150 [train]:  35%|███▍      | 9/26 [00:00<00:00, 86.70it/s, S=0.0154, loss=0.0257]
Epoch 38/150 [train]:  35%|███▍      | 9/26 [00:00<00:00, 86.70it/s, S=0.0154, loss=0.0257]
Epoch 38/150 [train]:  35%|███▍      | 9/26 [00:00<00:00, 86.70it/s, S=0.0155, loss=0.0261]
Epoch 38/150 [train]:  35%|███▍      | 9/26 [00:00<00:00, 86.70it/s, S=0.0153, loss=0.0271]
Epoch 38/150 [train]:  35%|███▍      | 9/26 [00:00<00:00, 86.70it/s, S=0.0154, loss=0.0272]
Epoch 38/150 [train]:  35%|███▍      | 9/26 [00:00<00:00, 86.70it/s, S=0.0155, loss=0.0265]
Epoch 38/150 [train]:  35%|███▍      | 9/26 [00:00<00:00, 86.70it/s, S=0.0155, loss=0.0268]
Epoch 38/150 [train]:  35%|███▍      | 9/26 [00:00<00:00, 86.70it/s, S=0.0154, loss=0.0271]
Epoch 38/150 [train]:  35%|███▍      | 9/26 [00:00<00:00, 86.70it/s, S=0.0154, loss=0.0273]
Epoch 38/150 [train]:  69%|██████▉   | 18/26 [00:00<00:00, 86.90it/s, S=0.0154, loss=0.0273]
Epoch 38/150 [train]:  69%|██████▉   | 18/26 [00:00<00:00, 86.90it/s, S=0.0154, loss=0.0265]
Epoch 38/150 [train]:  69%|██████▉   | 18/26 [00:00<00:00, 86.90it/s, S=0.0154, loss=0.0273]
Epoch 38/150 [train]:  69%|██████▉   | 18/26 [00:00<00:00, 86.90it/s, S=0.0154, loss=0.0273]
Epoch 38/150 [train]:  69%|██████▉   | 18/26 [00:00<00:00, 86.90it/s, S=0.0154, loss=0.0260]
Epoch 38/150 [train]:  69%|██████▉   | 18/26 [00:00<00:00, 86.90it/s, S=0.0153, loss=0.0270]
Epoch 38/150 [train]:  69%|██████▉   | 18/26 [00:00<00:00, 86.90it/s, S=0.0154, loss=0.0259]
Epoch 38/150 [train]:  69%|██████▉   | 18/26 [00:00<00:00, 86.90it/s, S=0.0156, loss=0.0258]
Epoch 38/150 [train]:  69%|██████▉   | 18/26 [00:00<00:00, 86.90it/s, S=0.0155, loss=0.0261]
                                                                                            
Epoch  38/150  train loss=0.0263  val loss=0.0677  S[mean]=0.0154  ζ=0.1768  mean_plane_ζ=0.1769  reg=0.0831  λscale=1.00  lr=4.52e-04

Epoch 39/150 [train]:   0%|          | 0/26 [00:00<?, ?it/s]
Epoch 39/150 [train]:   0%|          | 0/26 [00:00<?, ?it/s, S=0.0154, loss=0.0257]
Epoch 39/150 [train]:   0%|          | 0/26 [00:00<?, ?it/s, S=0.0155, loss=0.0243]
Epoch 39/150 [train]:   0%|          | 0/26 [00:00<?, ?it/s, S=0.0154, loss=0.0253]
Epoch 39/150 [train]:   0%|          | 0/26 [00:00<?, ?it/s, S=0.0153, loss=0.0260]
Epoch 39/150 [train]:   0%|          | 0/26 [00:00<?, ?it/s, S=0.0155, loss=0.0242]
Epoch 39/150 [train]:   0%|          | 0/26 [00:00<?, ?it/s, S=0.0154, loss=0.0254]
Epoch 39/150 [train]:   0%|          | 0/26 [00:00<?, ?it/s, S=0.0154, loss=0.0265]
Epoch 39/150 [train]:   0%|          | 0/26 [00:00<?, ?it/s, S=0.0154, loss=0.0255]
Epoch 39/150 [train]:   0%|          | 0/26 [00:00<?, ?it/s, S=0.0153, loss=0.0249]
Epoch 39/150 [train]:  35%|███▍      | 9/26 [00:00<00:00, 86.54it/s, S=0.0153, loss=0.0249]
Epoch 39/150 [train]:  35%|███▍      | 9/26 [00:00<00:00, 86.54it/s, S=0.0153, loss=0.0257]
Epoch 39/150 [train]:  35%|███▍      | 9/26 [00:00<00:00, 86.54it/s, S=0.0153, loss=0.0249]
Epoch 39/150 [train]:  35%|███▍      | 9/26 [00:00<00:00, 86.54it/s, S=0.0154, loss=0.0266]
Epoch 39/150 [train]:  35%|███▍      | 9/26 [00:00<00:00, 86.54it/s, S=0.0155, loss=0.0253]
Epoch 39/150 [train]:  35%|███▍      | 9/26 [00:00<00:00, 86.54it/s, S=0.0154, loss=0.0249]
Epoch 39/150 [train]:  35%|███▍      | 9/26 [00:00<00:00, 86.54it/s, S=0.0154, loss=0.0255]
Epoch 39/150 [train]:  35%|███▍      | 9/26 [00:00<00:00, 86.54it/s, S=0.0154, loss=0.0256]
Epoch 39/150 [train]:  35%|███▍      | 9/26 [00:00<00:00, 86.54it/s, S=0.0154, loss=0.0279]
Epoch 39/150 [train]:  35%|███▍      | 9/26 [00:00<00:00, 86.54it/s, S=0.0153, loss=0.0272]
Epoch 39/150 [train]:  69%|██████▉   | 18/26 [00:00<00:00, 86.69it/s, S=0.0153, loss=0.0272]
Epoch 39/150 [train]:  69%|██████▉   | 18/26 [00:00<00:00, 86.69it/s, S=0.0153, loss=0.0249]
Epoch 39/150 [train]:  69%|██████▉   | 18/26 [00:00<00:00, 86.69it/s, S=0.0153, loss=0.0245]
Epoch 39/150 [train]:  69%|██████▉   | 18/26 [00:00<00:00, 86.69it/s, S=0.0155, loss=0.0248]
Epoch 39/150 [train]:  69%|██████▉   | 18/26 [00:00<00:00, 86.69it/s, S=0.0154, loss=0.0267]
Epoch 39/150 [train]:  69%|██████▉   | 18/26 [00:00<00:00, 86.69it/s, S=0.0154, loss=0.0260]
Epoch 39/150 [train]:  69%|██████▉   | 18/26 [00:00<00:00, 86.69it/s, S=0.0153, loss=0.0266]
Epoch 39/150 [train]:  69%|██████▉   | 18/26 [00:00<00:00, 86.69it/s, S=0.0155, loss=0.0259]
Epoch 39/150 [train]:  69%|██████▉   | 18/26 [00:00<00:00, 86.69it/s, S=0.0154, loss=0.0257]
                                                                                            
Epoch  39/150  train loss=0.0256  val loss=0.0688  S[mean]=0.0154  ζ=0.1770  mean_plane_ζ=0.1772  reg=0.0842  λscale=1.00  lr=4.40e-04

Epoch 40/150 [train]:   0%|          | 0/26 [00:00<?, ?it/s]
Epoch 40/150 [train]:   0%|          | 0/26 [00:00<?, ?it/s, S=0.0154, loss=0.0253]
Epoch 40/150 [train]:   0%|          | 0/26 [00:00<?, ?it/s, S=0.0155, loss=0.0242]
Epoch 40/150 [train]:   0%|          | 0/26 [00:00<?, ?it/s, S=0.0154, loss=0.0243]
Epoch 40/150 [train]:   0%|          | 0/26 [00:00<?, ?it/s, S=0.0153, loss=0.0250]
Epoch 40/150 [train]:   0%|          | 0/26 [00:00<?, ?it/s, S=0.0154, loss=0.0258]
Epoch 40/150 [train]:   0%|          | 0/26 [00:00<?, ?it/s, S=0.0154, loss=0.0245]
Epoch 40/150 [train]:   0%|          | 0/26 [00:00<?, ?it/s, S=0.0153, loss=0.0243]
Epoch 40/150 [train]:   0%|          | 0/26 [00:00<?, ?it/s, S=0.0154, loss=0.0247]
Epoch 40/150 [train]:   0%|          | 0/26 [00:00<?, ?it/s, S=0.0155, loss=0.0250]
Epoch 40/150 [train]:  35%|███▍      | 9/26 [00:00<00:00, 86.67it/s, S=0.0155, loss=0.0250]
Epoch 40/150 [train]:  35%|███▍      | 9/26 [00:00<00:00, 86.67it/s, S=0.0154, loss=0.0243]
Epoch 40/150 [train]:  35%|███▍      | 9/26 [00:00<00:00, 86.67it/s, S=0.0154, loss=0.0259]
Epoch 40/150 [train]:  35%|███▍      | 9/26 [00:00<00:00, 86.67it/s, S=0.0155, loss=0.0264]
Epoch 40/150 [train]:  35%|███▍      | 9/26 [00:00<00:00, 86.67it/s, S=0.0154, loss=0.0267]
Epoch 40/150 [train]:  35%|███▍      | 9/26 [00:00<00:00, 86.67it/s, S=0.0154, loss=0.0252]
Epoch 40/150 [train]:  35%|███▍      | 9/26 [00:00<00:00, 86.67it/s, S=0.0155, loss=0.0261]
Epoch 40/150 [train]:  35%|███▍      | 9/26 [00:00<00:00, 86.67it/s, S=0.0154, loss=0.0240]
Epoch 40/150 [train]:  35%|███▍      | 9/26 [00:00<00:00, 86.67it/s, S=0.0154, loss=0.0245]
Epoch 40/150 [train]:  35%|███▍      | 9/26 [00:00<00:00, 86.67it/s, S=0.0154, loss=0.0265]
Epoch 40/150 [train]:  69%|██████▉   | 18/26 [00:00<00:00, 86.95it/s, S=0.0154, loss=0.0265]
Epoch 40/150 [train]:  69%|██████▉   | 18/26 [00:00<00:00, 86.95it/s, S=0.0154, loss=0.0269]
Epoch 40/150 [train]:  69%|██████▉   | 18/26 [00:00<00:00, 86.95it/s, S=0.0154, loss=0.0255]
Epoch 40/150 [train]:  69%|██████▉   | 18/26 [00:00<00:00, 86.95it/s, S=0.0155, loss=0.0252]
Epoch 40/150 [train]:  69%|██████▉   | 18/26 [00:00<00:00, 86.95it/s, S=0.0154, loss=0.0251]
Epoch 40/150 [train]:  69%|██████▉   | 18/26 [00:00<00:00, 86.95it/s, S=0.0153, loss=0.0245]
Epoch 40/150 [train]:  69%|██████▉   | 18/26 [00:00<00:00, 86.95it/s, S=0.0155, loss=0.0255]
Epoch 40/150 [train]:  69%|██████▉   | 18/26 [00:00<00:00, 86.95it/s, S=0.0154, loss=0.0273]
Epoch 40/150 [train]:  69%|██████▉   | 18/26 [00:00<00:00, 86.95it/s, S=0.0154, loss=0.0262]
                                                                                            
Epoch  40/150  train loss=0.0253  val loss=0.0724  S[mean]=0.0154  ζ=0.1772  mean_plane_ζ=0.1774  reg=0.0878  λscale=1.00  lr=4.27e-04

Epoch 41/150 [train]:   0%|          | 0/26 [00:00<?, ?it/s]
Epoch 41/150 [train]:   0%|          | 0/26 [00:00<?, ?it/s, S=0.0153, loss=0.0257]
Epoch 41/150 [train]:   0%|          | 0/26 [00:00<?, ?it/s, S=0.0154, loss=0.0257]
Epoch 41/150 [train]:   0%|          | 0/26 [00:00<?, ?it/s, S=0.0153, loss=0.0241]
Epoch 41/150 [train]:   0%|          | 0/26 [00:00<?, ?it/s, S=0.0154, loss=0.0248]
Epoch 41/150 [train]:   0%|          | 0/26 [00:00<?, ?it/s, S=0.0155, loss=0.0235]
Epoch 41/150 [train]:   0%|          | 0/26 [00:00<?, ?it/s, S=0.0154, loss=0.0250]
Epoch 41/150 [train]:   0%|          | 0/26 [00:00<?, ?it/s, S=0.0153, loss=0.0252]
Epoch 41/150 [train]:   0%|          | 0/26 [00:00<?, ?it/s, S=0.0154, loss=0.0257]
Epoch 41/150 [train]:   0%|          | 0/26 [00:00<?, ?it/s, S=0.0155, loss=0.0265]
Epoch 41/150 [train]:  35%|███▍      | 9/26 [00:00<00:00, 86.65it/s, S=0.0155, loss=0.0265]
Epoch 41/150 [train]:  35%|███▍      | 9/26 [00:00<00:00, 86.65it/s, S=0.0153, loss=0.0252]
Epoch 41/150 [train]:  35%|███▍      | 9/26 [00:00<00:00, 86.65it/s, S=0.0155, loss=0.0246]
Epoch 41/150 [train]:  35%|███▍      | 9/26 [00:00<00:00, 86.65it/s, S=0.0154, loss=0.0260]
Epoch 41/150 [train]:  35%|███▍      | 9/26 [00:00<00:00, 86.65it/s, S=0.0154, loss=0.0257]
Epoch 41/150 [train]:  35%|███▍      | 9/26 [00:00<00:00, 86.65it/s, S=0.0153, loss=0.0250]
Epoch 41/150 [train]:  35%|███▍      | 9/26 [00:00<00:00, 86.65it/s, S=0.0154, loss=0.0250]
Epoch 41/150 [train]:  35%|███▍      | 9/26 [00:00<00:00, 86.65it/s, S=0.0155, loss=0.0256]
Epoch 41/150 [train]:  35%|███▍      | 9/26 [00:00<00:00, 86.65it/s, S=0.0154, loss=0.0253]
Epoch 41/150 [train]:  35%|███▍      | 9/26 [00:00<00:00, 86.65it/s, S=0.0153, loss=0.0247]
Epoch 41/150 [train]:  69%|██████▉   | 18/26 [00:00<00:00, 86.86it/s, S=0.0153, loss=0.0247]
Epoch 41/150 [train]:  69%|██████▉   | 18/26 [00:00<00:00, 86.86it/s, S=0.0154, loss=0.0249]
Epoch 41/150 [train]:  69%|██████▉   | 18/26 [00:00<00:00, 86.86it/s, S=0.0154, loss=0.0250]
Epoch 41/150 [train]:  69%|██████▉   | 18/26 [00:00<00:00, 86.86it/s, S=0.0153, loss=0.0244]
Epoch 41/150 [train]:  69%|██████▉   | 18/26 [00:00<00:00, 86.86it/s, S=0.0154, loss=0.0262]
Epoch 41/150 [train]:  69%|██████▉   | 18/26 [00:00<00:00, 86.86it/s, S=0.0154, loss=0.0252]
Epoch 41/150 [train]:  69%|██████▉   | 18/26 [00:00<00:00, 86.86it/s, S=0.0154, loss=0.0246]
Epoch 41/150 [train]:  69%|██████▉   | 18/26 [00:00<00:00, 86.86it/s, S=0.0154, loss=0.0260]
Epoch 41/150 [train]:  69%|██████▉   | 18/26 [00:00<00:00, 86.86it/s, S=0.0154, loss=0.0249]
                                                                                            
Epoch  41/150  train loss=0.0252  val loss=0.0750  S[mean]=0.0154  ζ=0.1775  mean_plane_ζ=0.1777  reg=0.0904  λscale=1.00  lr=4.12e-04

Epoch 42/150 [train]:   0%|          | 0/26 [00:00<?, ?it/s]
Epoch 42/150 [train]:   0%|          | 0/26 [00:00<?, ?it/s, S=0.0154, loss=0.0239]
Epoch 42/150 [train]:   0%|          | 0/26 [00:00<?, ?it/s, S=0.0154, loss=0.0240]
Epoch 42/150 [train]:   0%|          | 0/26 [00:00<?, ?it/s, S=0.0154, loss=0.0236]
Epoch 42/150 [train]:   0%|          | 0/26 [00:00<?, ?it/s, S=0.0154, loss=0.0253]
Epoch 42/150 [train]:   0%|          | 0/26 [00:00<?, ?it/s, S=0.0154, loss=0.0245]
Epoch 42/150 [train]:   0%|          | 0/26 [00:00<?, ?it/s, S=0.0154, loss=0.0250]
Epoch 42/150 [train]:   0%|          | 0/26 [00:00<?, ?it/s, S=0.0155, loss=0.0252]
Epoch 42/150 [train]:   0%|          | 0/26 [00:00<?, ?it/s, S=0.0154, loss=0.0240]
Epoch 42/150 [train]:   0%|          | 0/26 [00:00<?, ?it/s, S=0.0154, loss=0.0247]
Epoch 42/150 [train]:  35%|███▍      | 9/26 [00:00<00:00, 86.65it/s, S=0.0154, loss=0.0247]
Epoch 42/150 [train]:  35%|███▍      | 9/26 [00:00<00:00, 86.65it/s, S=0.0155, loss=0.0244]
Epoch 42/150 [train]:  35%|███▍      | 9/26 [00:00<00:00, 86.65it/s, S=0.0154, loss=0.0244]
Epoch 42/150 [train]:  35%|███▍      | 9/26 [00:00<00:00, 86.65it/s, S=0.0155, loss=0.0240]
Epoch 42/150 [train]:  35%|███▍      | 9/26 [00:00<00:00, 86.65it/s, S=0.0153, loss=0.0253]
Epoch 42/150 [train]:  35%|███▍      | 9/26 [00:00<00:00, 86.65it/s, S=0.0154, loss=0.0248]
Epoch 42/150 [train]:  35%|███▍      | 9/26 [00:00<00:00, 86.65it/s, S=0.0154, loss=0.0232]
Epoch 42/150 [train]:  35%|███▍      | 9/26 [00:00<00:00, 86.65it/s, S=0.0155, loss=0.0252]
Epoch 42/150 [train]:  35%|███▍      | 9/26 [00:00<00:00, 86.65it/s, S=0.0154, loss=0.0249]
Epoch 42/150 [train]:  35%|███▍      | 9/26 [00:00<00:00, 86.65it/s, S=0.0154, loss=0.0242]
Epoch 42/150 [train]:  69%|██████▉   | 18/26 [00:00<00:00, 86.78it/s, S=0.0154, loss=0.0242]
Epoch 42/150 [train]:  69%|██████▉   | 18/26 [00:00<00:00, 86.78it/s, S=0.0154, loss=0.0246]
Epoch 42/150 [train]:  69%|██████▉   | 18/26 [00:00<00:00, 86.78it/s, S=0.0154, loss=0.0248]
Epoch 42/150 [train]:  69%|██████▉   | 18/26 [00:00<00:00, 86.78it/s, S=0.0153, loss=0.0231]
Epoch 42/150 [train]:  69%|██████▉   | 18/26 [00:00<00:00, 86.78it/s, S=0.0154, loss=0.0246]
Epoch 42/150 [train]:  69%|██████▉   | 18/26 [00:00<00:00, 86.78it/s, S=0.0154, loss=0.0240]
Epoch 42/150 [train]:  69%|██████▉   | 18/26 [00:00<00:00, 86.78it/s, S=0.0154, loss=0.0252]
Epoch 42/150 [train]:  69%|██████▉   | 18/26 [00:00<00:00, 86.78it/s, S=0.0155, loss=0.0238]
Epoch 42/150 [train]:  69%|██████▉   | 18/26 [00:00<00:00, 86.78it/s, S=0.0155, loss=0.0250]
                                                                                            
Epoch  42/150  train loss=0.0245  val loss=0.0772  S[mean]=0.0154  ζ=0.1777  mean_plane_ζ=0.1779  reg=0.0926  λscale=1.00  lr=3.97e-04

Epoch 43/150 [train]:   0%|          | 0/26 [00:00<?, ?it/s]
Epoch 43/150 [train]:   0%|          | 0/26 [00:00<?, ?it/s, S=0.0154, loss=0.0233]
Epoch 43/150 [train]:   0%|          | 0/26 [00:00<?, ?it/s, S=0.0154, loss=0.0223]
Epoch 43/150 [train]:   0%|          | 0/26 [00:00<?, ?it/s, S=0.0154, loss=0.0238]
Epoch 43/150 [train]:   0%|          | 0/26 [00:00<?, ?it/s, S=0.0154, loss=0.0245]
Epoch 43/150 [train]:   0%|          | 0/26 [00:00<?, ?it/s, S=0.0154, loss=0.0246]
Epoch 43/150 [train]:   0%|          | 0/26 [00:00<?, ?it/s, S=0.0153, loss=0.0236]
Epoch 43/150 [train]:   0%|          | 0/26 [00:00<?, ?it/s, S=0.0153, loss=0.0241]
Epoch 43/150 [train]:   0%|          | 0/26 [00:00<?, ?it/s, S=0.0155, loss=0.0245]
Epoch 43/150 [train]:   0%|          | 0/26 [00:00<?, ?it/s, S=0.0155, loss=0.0241]
Epoch 43/150 [train]:  35%|███▍      | 9/26 [00:00<00:00, 86.46it/s, S=0.0155, loss=0.0241]
Epoch 43/150 [train]:  35%|███▍      | 9/26 [00:00<00:00, 86.46it/s, S=0.0153, loss=0.0253]
Epoch 43/150 [train]:  35%|███▍      | 9/26 [00:00<00:00, 86.46it/s, S=0.0155, loss=0.0249]
Epoch 43/150 [train]:  35%|███▍      | 9/26 [00:00<00:00, 86.46it/s, S=0.0154, loss=0.0237]
Epoch 43/150 [train]:  35%|███▍      | 9/26 [00:00<00:00, 86.46it/s, S=0.0154, loss=0.0233]
Epoch 43/150 [train]:  35%|███▍      | 9/26 [00:00<00:00, 86.46it/s, S=0.0155, loss=0.0242]
Epoch 43/150 [train]:  35%|███▍      | 9/26 [00:00<00:00, 86.46it/s, S=0.0154, loss=0.0243]
Epoch 43/150 [train]:  35%|███▍      | 9/26 [00:00<00:00, 86.46it/s, S=0.0153, loss=0.0239]
Epoch 43/150 [train]:  35%|███▍      | 9/26 [00:00<00:00, 86.46it/s, S=0.0154, loss=0.0256]
Epoch 43/150 [train]:  35%|███▍      | 9/26 [00:00<00:00, 86.46it/s, S=0.0154, loss=0.0240]
Epoch 43/150 [train]:  69%|██████▉   | 18/26 [00:00<00:00, 86.64it/s, S=0.0154, loss=0.0240]
Epoch 43/150 [train]:  69%|██████▉   | 18/26 [00:00<00:00, 86.64it/s, S=0.0153, loss=0.0245]
Epoch 43/150 [train]:  69%|██████▉   | 18/26 [00:00<00:00, 86.64it/s, S=0.0155, loss=0.0241]
Epoch 43/150 [train]:  69%|██████▉   | 18/26 [00:00<00:00, 86.64it/s, S=0.0154, loss=0.0241]
Epoch 43/150 [train]:  69%|██████▉   | 18/26 [00:00<00:00, 86.64it/s, S=0.0154, loss=0.0244]
Epoch 43/150 [train]:  69%|██████▉   | 18/26 [00:00<00:00, 86.64it/s, S=0.0155, loss=0.0250]
Epoch 43/150 [train]:  69%|██████▉   | 18/26 [00:00<00:00, 86.64it/s, S=0.0155, loss=0.0235]
Epoch 43/150 [train]:  69%|██████▉   | 18/26 [00:00<00:00, 86.64it/s, S=0.0154, loss=0.0234]
Epoch 43/150 [train]:  69%|██████▉   | 18/26 [00:00<00:00, 86.64it/s, S=0.0154, loss=0.0243]
                                                                                            
Epoch  43/150  train loss=0.0241  val loss=0.0789  S[mean]=0.0154  ζ=0.1779  mean_plane_ζ=0.1780  reg=0.0943  λscale=1.00  lr=3.81e-04

Epoch 44/150 [train]:   0%|          | 0/26 [00:00<?, ?it/s]
Epoch 44/150 [train]:   0%|          | 0/26 [00:00<?, ?it/s, S=0.0154, loss=0.0225]
Epoch 44/150 [train]:   0%|          | 0/26 [00:00<?, ?it/s, S=0.0155, loss=0.0236]
Epoch 44/150 [train]:   0%|          | 0/26 [00:00<?, ?it/s, S=0.0154, loss=0.0230]
Epoch 44/150 [train]:   0%|          | 0/26 [00:00<?, ?it/s, S=0.0153, loss=0.0234]
Epoch 44/150 [train]:   0%|          | 0/26 [00:00<?, ?it/s, S=0.0154, loss=0.0229]
Epoch 44/150 [train]:   0%|          | 0/26 [00:00<?, ?it/s, S=0.0155, loss=0.0242]
Epoch 44/150 [train]:   0%|          | 0/26 [00:00<?, ?it/s, S=0.0154, loss=0.0224]
Epoch 44/150 [train]:   0%|          | 0/26 [00:00<?, ?it/s, S=0.0154, loss=0.0237]
Epoch 44/150 [train]:   0%|          | 0/26 [00:00<?, ?it/s, S=0.0154, loss=0.0245]
Epoch 44/150 [train]:  35%|███▍      | 9/26 [00:00<00:00, 86.48it/s, S=0.0154, loss=0.0245]
Epoch 44/150 [train]:  35%|███▍      | 9/26 [00:00<00:00, 86.48it/s, S=0.0154, loss=0.0236]
Epoch 44/150 [train]:  35%|███▍      | 9/26 [00:00<00:00, 86.48it/s, S=0.0153, loss=0.0238]
Epoch 44/150 [train]:  35%|███▍      | 9/26 [00:00<00:00, 86.48it/s, S=0.0155, loss=0.0246]
Epoch 44/150 [train]:  35%|███▍      | 9/26 [00:00<00:00, 86.48it/s, S=0.0155, loss=0.0236]
Epoch 44/150 [train]:  35%|███▍      | 9/26 [00:00<00:00, 86.48it/s, S=0.0154, loss=0.0247]
Epoch 44/150 [train]:  35%|███▍      | 9/26 [00:00<00:00, 86.48it/s, S=0.0156, loss=0.0251]
Epoch 44/150 [train]:  35%|███▍      | 9/26 [00:00<00:00, 86.48it/s, S=0.0153, loss=0.0234]
Epoch 44/150 [train]:  35%|███▍      | 9/26 [00:00<00:00, 86.48it/s, S=0.0154, loss=0.0235]
Epoch 44/150 [train]:  35%|███▍      | 9/26 [00:00<00:00, 86.48it/s, S=0.0154, loss=0.0233]
Epoch 44/150 [train]:  69%|██████▉   | 18/26 [00:00<00:00, 86.68it/s, S=0.0154, loss=0.0233]
Epoch 44/150 [train]:  69%|██████▉   | 18/26 [00:00<00:00, 86.68it/s, S=0.0155, loss=0.0247]
Epoch 44/150 [train]:  69%|██████▉   | 18/26 [00:00<00:00, 86.68it/s, S=0.0155, loss=0.0232]
Epoch 44/150 [train]:  69%|██████▉   | 18/26 [00:00<00:00, 86.68it/s, S=0.0155, loss=0.0239]
Epoch 44/150 [train]:  69%|██████▉   | 18/26 [00:00<00:00, 86.68it/s, S=0.0154, loss=0.0235]
Epoch 44/150 [train]:  69%|██████▉   | 18/26 [00:00<00:00, 86.68it/s, S=0.0153, loss=0.0234]
Epoch 44/150 [train]:  69%|██████▉   | 18/26 [00:00<00:00, 86.68it/s, S=0.0154, loss=0.0228]
Epoch 44/150 [train]:  69%|██████▉   | 18/26 [00:00<00:00, 86.68it/s, S=0.0154, loss=0.0232]
Epoch 44/150 [train]:  69%|██████▉   | 18/26 [00:00<00:00, 86.68it/s, S=0.0154, loss=0.0239]
                                                                                            
Epoch  44/150  train loss=0.0236  val loss=0.0825  S[mean]=0.0154  ζ=0.1780  mean_plane_ζ=0.1781  reg=0.0979  λscale=1.00  lr=3.63e-04

Epoch 45/150 [train]:   0%|          | 0/26 [00:00<?, ?it/s]
Epoch 45/150 [train]:   0%|          | 0/26 [00:00<?, ?it/s, S=0.0154, loss=0.0238]
Epoch 45/150 [train]:   0%|          | 0/26 [00:00<?, ?it/s, S=0.0155, loss=0.0227]
Epoch 45/150 [train]:   0%|          | 0/26 [00:00<?, ?it/s, S=0.0154, loss=0.0235]
Epoch 45/150 [train]:   0%|          | 0/26 [00:00<?, ?it/s, S=0.0153, loss=0.0229]
Epoch 45/150 [train]:   0%|          | 0/26 [00:00<?, ?it/s, S=0.0155, loss=0.0239]
Epoch 45/150 [train]:   0%|          | 0/26 [00:00<?, ?it/s, S=0.0154, loss=0.0243]
Epoch 45/150 [train]:   0%|          | 0/26 [00:00<?, ?it/s, S=0.0154, loss=0.0241]
Epoch 45/150 [train]:   0%|          | 0/26 [00:00<?, ?it/s, S=0.0154, loss=0.0232]
Epoch 45/150 [train]:   0%|          | 0/26 [00:00<?, ?it/s, S=0.0153, loss=0.0244]
Epoch 45/150 [train]:  35%|███▍      | 9/26 [00:00<00:00, 86.00it/s, S=0.0153, loss=0.0244]
Epoch 45/150 [train]:  35%|███▍      | 9/26 [00:00<00:00, 86.00it/s, S=0.0154, loss=0.0252]
Epoch 45/150 [train]:  35%|███▍      | 9/26 [00:00<00:00, 86.00it/s, S=0.0153, loss=0.0230]
Epoch 45/150 [train]:  35%|███▍      | 9/26 [00:00<00:00, 86.00it/s, S=0.0154, loss=0.0245]
Epoch 45/150 [train]:  35%|███▍      | 9/26 [00:00<00:00, 86.00it/s, S=0.0154, loss=0.0236]
Epoch 45/150 [train]:  35%|███▍      | 9/26 [00:00<00:00, 86.00it/s, S=0.0154, loss=0.0222]
Epoch 45/150 [train]:  35%|███▍      | 9/26 [00:00<00:00, 86.00it/s, S=0.0156, loss=0.0238]
Epoch 45/150 [train]:  35%|███▍      | 9/26 [00:00<00:00, 86.00it/s, S=0.0154, loss=0.0242]
Epoch 45/150 [train]:  35%|███▍      | 9/26 [00:00<00:00, 86.00it/s, S=0.0155, loss=0.0243]
Epoch 45/150 [train]:  35%|███▍      | 9/26 [00:00<00:00, 86.00it/s, S=0.0155, loss=0.0236]
Epoch 45/150 [train]:  69%|██████▉   | 18/26 [00:00<00:00, 86.26it/s, S=0.0155, loss=0.0236]
Epoch 45/150 [train]:  69%|██████▉   | 18/26 [00:00<00:00, 86.26it/s, S=0.0155, loss=0.0229]
Epoch 45/150 [train]:  69%|██████▉   | 18/26 [00:00<00:00, 86.26it/s, S=0.0155, loss=0.0245]
Epoch 45/150 [train]:  69%|██████▉   | 18/26 [00:00<00:00, 86.26it/s, S=0.0154, loss=0.0247]
Epoch 45/150 [train]:  69%|██████▉   | 18/26 [00:00<00:00, 86.26it/s, S=0.0155, loss=0.0235]
Epoch 45/150 [train]:  69%|██████▉   | 18/26 [00:00<00:00, 86.26it/s, S=0.0154, loss=0.0224]
Epoch 45/150 [train]:  69%|██████▉   | 18/26 [00:00<00:00, 86.26it/s, S=0.0154, loss=0.0233]
Epoch 45/150 [train]:  69%|██████▉   | 18/26 [00:00<00:00, 86.26it/s, S=0.0155, loss=0.0231]
Epoch 45/150 [train]:  69%|██████▉   | 18/26 [00:00<00:00, 86.26it/s, S=0.0154, loss=0.0238]
                                                                                            
Epoch  45/150  train loss=0.0237  val loss=0.0849  S[mean]=0.0154  ζ=0.1782  mean_plane_ζ=0.1783  reg=0.1003  λscale=1.00  lr=3.46e-04

Epoch 46/150 [train]:   0%|          | 0/26 [00:00<?, ?it/s]
Epoch 46/150 [train]:   0%|          | 0/26 [00:00<?, ?it/s, S=0.0154, loss=0.0219]
Epoch 46/150 [train]:   0%|          | 0/26 [00:00<?, ?it/s, S=0.0154, loss=0.0219]
Epoch 46/150 [train]:   0%|          | 0/26 [00:00<?, ?it/s, S=0.0154, loss=0.0234]
Epoch 46/150 [train]:   0%|          | 0/26 [00:00<?, ?it/s, S=0.0155, loss=0.0228]
Epoch 46/150 [train]:   0%|          | 0/26 [00:00<?, ?it/s, S=0.0155, loss=0.0234]
Epoch 46/150 [train]:   0%|          | 0/26 [00:00<?, ?it/s, S=0.0155, loss=0.0230]
Epoch 46/150 [train]:   0%|          | 0/26 [00:00<?, ?it/s, S=0.0155, loss=0.0230]
Epoch 46/150 [train]:   0%|          | 0/26 [00:00<?, ?it/s, S=0.0154, loss=0.0225]
Epoch 46/150 [train]:   0%|          | 0/26 [00:00<?, ?it/s, S=0.0156, loss=0.0229]
Epoch 46/150 [train]:  35%|███▍      | 9/26 [00:00<00:00, 86.57it/s, S=0.0156, loss=0.0229]
Epoch 46/150 [train]:  35%|███▍      | 9/26 [00:00<00:00, 86.57it/s, S=0.0154, loss=0.0243]
Epoch 46/150 [train]:  35%|███▍      | 9/26 [00:00<00:00, 86.57it/s, S=0.0154, loss=0.0237]
Epoch 46/150 [train]:  35%|███▍      | 9/26 [00:00<00:00, 86.57it/s, S=0.0154, loss=0.0236]
Epoch 46/150 [train]:  35%|███▍      | 9/26 [00:00<00:00, 86.57it/s, S=0.0154, loss=0.0230]
Epoch 46/150 [train]:  35%|███▍      | 9/26 [00:00<00:00, 86.57it/s, S=0.0155, loss=0.0226]
Epoch 46/150 [train]:  35%|███▍      | 9/26 [00:00<00:00, 86.57it/s, S=0.0154, loss=0.0230]
Epoch 46/150 [train]:  35%|███▍      | 9/26 [00:00<00:00, 86.57it/s, S=0.0154, loss=0.0249]
Epoch 46/150 [train]:  35%|███▍      | 9/26 [00:00<00:00, 86.57it/s, S=0.0153, loss=0.0230]
Epoch 46/150 [train]:  35%|███▍      | 9/26 [00:00<00:00, 86.57it/s, S=0.0156, loss=0.0233]
Epoch 46/150 [train]:  69%|██████▉   | 18/26 [00:00<00:00, 86.60it/s, S=0.0156, loss=0.0233]
Epoch 46/150 [train]:  69%|██████▉   | 18/26 [00:00<00:00, 86.60it/s, S=0.0154, loss=0.0242]
Epoch 46/150 [train]:  69%|██████▉   | 18/26 [00:00<00:00, 86.60it/s, S=0.0154, loss=0.0235]
Epoch 46/150 [train]:  69%|██████▉   | 18/26 [00:00<00:00, 86.60it/s, S=0.0154, loss=0.0247]
Epoch 46/150 [train]:  69%|██████▉   | 18/26 [00:00<00:00, 86.60it/s, S=0.0154, loss=0.0251]
Epoch 46/150 [train]:  69%|██████▉   | 18/26 [00:00<00:00, 86.60it/s, S=0.0154, loss=0.0247]
Epoch 46/150 [train]:  69%|██████▉   | 18/26 [00:00<00:00, 86.60it/s, S=0.0156, loss=0.0233]
Epoch 46/150 [train]:  69%|██████▉   | 18/26 [00:00<00:00, 86.60it/s, S=0.0154, loss=0.0235]
Epoch 46/150 [train]:  69%|██████▉   | 18/26 [00:00<00:00, 86.60it/s, S=0.0155, loss=0.0224]
                                                                                            
Epoch  46/150  train loss=0.0234  val loss=0.0895  S[mean]=0.0154  ζ=0.1782  mean_plane_ζ=0.1784  reg=0.1049  λscale=1.00  lr=3.27e-04

Epoch 47/150 [train]:   0%|          | 0/26 [00:00<?, ?it/s]
Epoch 47/150 [train]:   0%|          | 0/26 [00:00<?, ?it/s, S=0.0154, loss=0.0216]
Epoch 47/150 [train]:   0%|          | 0/26 [00:00<?, ?it/s, S=0.0154, loss=0.0226]
Epoch 47/150 [train]:   0%|          | 0/26 [00:00<?, ?it/s, S=0.0153, loss=0.0223]
Epoch 47/150 [train]:   0%|          | 0/26 [00:00<?, ?it/s, S=0.0153, loss=0.0225]
Epoch 47/150 [train]:   0%|          | 0/26 [00:00<?, ?it/s, S=0.0154, loss=0.0215]
Epoch 47/150 [train]:   0%|          | 0/26 [00:00<?, ?it/s, S=0.0154, loss=0.0225]
Epoch 47/150 [train]:   0%|          | 0/26 [00:00<?, ?it/s, S=0.0154, loss=0.0231]
Epoch 47/150 [train]:   0%|          | 0/26 [00:00<?, ?it/s, S=0.0154, loss=0.0223]
Epoch 47/150 [train]:   0%|          | 0/26 [00:00<?, ?it/s, S=0.0155, loss=0.0227]
Epoch 47/150 [train]:  35%|███▍      | 9/26 [00:00<00:00, 86.43it/s, S=0.0155, loss=0.0227]
Epoch 47/150 [train]:  35%|███▍      | 9/26 [00:00<00:00, 86.43it/s, S=0.0154, loss=0.0222]
Epoch 47/150 [train]:  35%|███▍      | 9/26 [00:00<00:00, 86.43it/s, S=0.0155, loss=0.0235]
Epoch 47/150 [train]:  35%|███▍      | 9/26 [00:00<00:00, 86.43it/s, S=0.0154, loss=0.0235]
Epoch 47/150 [train]:  35%|███▍      | 9/26 [00:00<00:00, 86.43it/s, S=0.0154, loss=0.0229]
Epoch 47/150 [train]:  35%|███▍      | 9/26 [00:00<00:00, 86.43it/s, S=0.0154, loss=0.0233]
Epoch 47/150 [train]:  35%|███▍      | 9/26 [00:00<00:00, 86.43it/s, S=0.0153, loss=0.0234]
Epoch 47/150 [train]:  35%|███▍      | 9/26 [00:00<00:00, 86.43it/s, S=0.0154, loss=0.0242]
Epoch 47/150 [train]:  35%|███▍      | 9/26 [00:00<00:00, 86.43it/s, S=0.0154, loss=0.0243]
Epoch 47/150 [train]:  35%|███▍      | 9/26 [00:00<00:00, 86.43it/s, S=0.0153, loss=0.0219]
Epoch 47/150 [train]:  69%|██████▉   | 18/26 [00:00<00:00, 86.63it/s, S=0.0153, loss=0.0219]
Epoch 47/150 [train]:  69%|██████▉   | 18/26 [00:00<00:00, 86.63it/s, S=0.0154, loss=0.0239]
Epoch 47/150 [train]:  69%|██████▉   | 18/26 [00:00<00:00, 86.63it/s, S=0.0154, loss=0.0245]
Epoch 47/150 [train]:  69%|██████▉   | 18/26 [00:00<00:00, 86.63it/s, S=0.0155, loss=0.0225]
Epoch 47/150 [train]:  69%|██████▉   | 18/26 [00:00<00:00, 86.63it/s, S=0.0154, loss=0.0233]
Epoch 47/150 [train]:  69%|██████▉   | 18/26 [00:00<00:00, 86.63it/s, S=0.0155, loss=0.0213]
Epoch 47/150 [train]:  69%|██████▉   | 18/26 [00:00<00:00, 86.63it/s, S=0.0154, loss=0.0227]
Epoch 47/150 [train]:  69%|██████▉   | 18/26 [00:00<00:00, 86.63it/s, S=0.0154, loss=0.0238]
Epoch 47/150 [train]:  69%|██████▉   | 18/26 [00:00<00:00, 86.63it/s, S=0.0155, loss=0.0231]
                                                                                            
Epoch  47/150  train loss=0.0229  val loss=0.0919  S[mean]=0.0154  ζ=0.1783  mean_plane_ζ=0.1784  reg=0.1073  λscale=1.00  lr=3.08e-04

Epoch 48/150 [train]:   0%|          | 0/26 [00:00<?, ?it/s]
Epoch 48/150 [train]:   0%|          | 0/26 [00:00<?, ?it/s, S=0.0154, loss=0.0223]
Epoch 48/150 [train]:   0%|          | 0/26 [00:00<?, ?it/s, S=0.0154, loss=0.0223]
Epoch 48/150 [train]:   0%|          | 0/26 [00:00<?, ?it/s, S=0.0154, loss=0.0213]
Epoch 48/150 [train]:   0%|          | 0/26 [00:00<?, ?it/s, S=0.0155, loss=0.0226]
Epoch 48/150 [train]:   0%|          | 0/26 [00:00<?, ?it/s, S=0.0154, loss=0.0234]
Epoch 48/150 [train]:   0%|          | 0/26 [00:00<?, ?it/s, S=0.0154, loss=0.0239]
Epoch 48/150 [train]:   0%|          | 0/26 [00:00<?, ?it/s, S=0.0154, loss=0.0227]
Epoch 48/150 [train]:   0%|          | 0/26 [00:00<?, ?it/s, S=0.0154, loss=0.0230]
Epoch 48/150 [train]:   0%|          | 0/26 [00:00<?, ?it/s, S=0.0153, loss=0.0246]
Epoch 48/150 [train]:  35%|███▍      | 9/26 [00:00<00:00, 86.74it/s, S=0.0153, loss=0.0246]
Epoch 48/150 [train]:  35%|███▍      | 9/26 [00:00<00:00, 86.74it/s, S=0.0155, loss=0.0228]
Epoch 48/150 [train]:  35%|███▍      | 9/26 [00:00<00:00, 86.74it/s, S=0.0153, loss=0.0228]
Epoch 48/150 [train]:  35%|███▍      | 9/26 [00:00<00:00, 86.74it/s, S=0.0153, loss=0.0224]
Epoch 48/150 [train]:  35%|███▍      | 9/26 [00:00<00:00, 86.74it/s, S=0.0154, loss=0.0227]
Epoch 48/150 [train]:  35%|███▍      | 9/26 [00:00<00:00, 86.74it/s, S=0.0155, loss=0.0220]
Epoch 48/150 [train]:  35%|███▍      | 9/26 [00:00<00:00, 86.74it/s, S=0.0155, loss=0.0233]
Epoch 48/150 [train]:  35%|███▍      | 9/26 [00:00<00:00, 86.74it/s, S=0.0154, loss=0.0243]
Epoch 48/150 [train]:  35%|███▍      | 9/26 [00:00<00:00, 86.74it/s, S=0.0154, loss=0.0219]
Epoch 48/150 [train]:  35%|███▍      | 9/26 [00:00<00:00, 86.74it/s, S=0.0155, loss=0.0217]
Epoch 48/150 [train]:  69%|██████▉   | 18/26 [00:00<00:00, 86.72it/s, S=0.0155, loss=0.0217]
Epoch 48/150 [train]:  69%|██████▉   | 18/26 [00:00<00:00, 86.72it/s, S=0.0153, loss=0.0218]
Epoch 48/150 [train]:  69%|██████▉   | 18/26 [00:00<00:00, 86.72it/s, S=0.0155, loss=0.0229]
Epoch 48/150 [train]:  69%|██████▉   | 18/26 [00:00<00:00, 86.72it/s, S=0.0155, loss=0.0220]
Epoch 48/150 [train]:  69%|██████▉   | 18/26 [00:00<00:00, 86.72it/s, S=0.0154, loss=0.0226]
Epoch 48/150 [train]:  69%|██████▉   | 18/26 [00:00<00:00, 86.72it/s, S=0.0155, loss=0.0220]
Epoch 48/150 [train]:  69%|██████▉   | 18/26 [00:00<00:00, 86.72it/s, S=0.0154, loss=0.0235]
Epoch 48/150 [train]:  69%|██████▉   | 18/26 [00:00<00:00, 86.72it/s, S=0.0153, loss=0.0232]
Epoch 48/150 [train]:  69%|██████▉   | 18/26 [00:00<00:00, 86.72it/s, S=0.0156, loss=0.0217]
                                                                                            
Epoch  48/150  train loss=0.0227  val loss=0.0951  S[mean]=0.0154  ζ=0.1783  mean_plane_ζ=0.1785  reg=0.1105  λscale=1.00  lr=2.89e-04

Epoch 49/150 [train]:   0%|          | 0/26 [00:00<?, ?it/s]
Epoch 49/150 [train]:   0%|          | 0/26 [00:00<?, ?it/s, S=0.0155, loss=0.0224]
Epoch 49/150 [train]:   0%|          | 0/26 [00:00<?, ?it/s, S=0.0154, loss=0.0226]
Epoch 49/150 [train]:   0%|          | 0/26 [00:00<?, ?it/s, S=0.0153, loss=0.0201]
Epoch 49/150 [train]:   0%|          | 0/26 [00:00<?, ?it/s, S=0.0153, loss=0.0220]
Epoch 49/150 [train]:   0%|          | 0/26 [00:00<?, ?it/s, S=0.0155, loss=0.0214]
Epoch 49/150 [train]:   0%|          | 0/26 [00:00<?, ?it/s, S=0.0154, loss=0.0214]
Epoch 49/150 [train]:   0%|          | 0/26 [00:00<?, ?it/s, S=0.0155, loss=0.0228]
Epoch 49/150 [train]:   0%|          | 0/26 [00:00<?, ?it/s, S=0.0154, loss=0.0221]
Epoch 49/150 [train]:   0%|          | 0/26 [00:00<?, ?it/s, S=0.0154, loss=0.0218]
Epoch 49/150 [train]:  35%|███▍      | 9/26 [00:00<00:00, 86.53it/s, S=0.0154, loss=0.0218]
Epoch 49/150 [train]:  35%|███▍      | 9/26 [00:00<00:00, 86.53it/s, S=0.0153, loss=0.0220]
Epoch 49/150 [train]:  35%|███▍      | 9/26 [00:00<00:00, 86.53it/s, S=0.0154, loss=0.0233]
Epoch 49/150 [train]:  35%|███▍      | 9/26 [00:00<00:00, 86.53it/s, S=0.0155, loss=0.0235]
Epoch 49/150 [train]:  35%|███▍      | 9/26 [00:00<00:00, 86.53it/s, S=0.0154, loss=0.0236]
Epoch 49/150 [train]:  35%|███▍      | 9/26 [00:00<00:00, 86.53it/s, S=0.0154, loss=0.0225]
Epoch 49/150 [train]:  35%|███▍      | 9/26 [00:00<00:00, 86.53it/s, S=0.0155, loss=0.0226]
Epoch 49/150 [train]:  35%|███▍      | 9/26 [00:00<00:00, 86.53it/s, S=0.0154, loss=0.0225]
Epoch 49/150 [train]:  35%|███▍      | 9/26 [00:00<00:00, 86.53it/s, S=0.0154, loss=0.0237]
Epoch 49/150 [train]:  35%|███▍      | 9/26 [00:00<00:00, 86.53it/s, S=0.0154, loss=0.0225]
Epoch 49/150 [train]:  69%|██████▉   | 18/26 [00:00<00:00, 86.76it/s, S=0.0154, loss=0.0225]
Epoch 49/150 [train]:  69%|██████▉   | 18/26 [00:00<00:00, 86.76it/s, S=0.0154, loss=0.0227]
Epoch 49/150 [train]:  69%|██████▉   | 18/26 [00:00<00:00, 86.76it/s, S=0.0155, loss=0.0226]
Epoch 49/150 [train]:  69%|██████▉   | 18/26 [00:00<00:00, 86.76it/s, S=0.0155, loss=0.0219]
Epoch 49/150 [train]:  69%|██████▉   | 18/26 [00:00<00:00, 86.76it/s, S=0.0155, loss=0.0220]
Epoch 49/150 [train]:  69%|██████▉   | 18/26 [00:00<00:00, 86.76it/s, S=0.0155, loss=0.0219]
Epoch 49/150 [train]:  69%|██████▉   | 18/26 [00:00<00:00, 86.76it/s, S=0.0153, loss=0.0237]
Epoch 49/150 [train]:  69%|██████▉   | 18/26 [00:00<00:00, 86.76it/s, S=0.0155, loss=0.0238]
Epoch 49/150 [train]:  69%|██████▉   | 18/26 [00:00<00:00, 86.76it/s, S=0.0153, loss=0.0227]
                                                                                            
Epoch  49/150  train loss=0.0225  val loss=0.0986  S[mean]=0.0154  ζ=0.1784  mean_plane_ζ=0.1786  reg=0.1140  λscale=1.00  lr=2.70e-04

Epoch 50/150 [train]:   0%|          | 0/26 [00:00<?, ?it/s]
Epoch 50/150 [train]:   0%|          | 0/26 [00:00<?, ?it/s, S=0.0154, loss=0.0200]
Epoch 50/150 [train]:   0%|          | 0/26 [00:00<?, ?it/s, S=0.0154, loss=0.0211]
Epoch 50/150 [train]:   0%|          | 0/26 [00:00<?, ?it/s, S=0.0155, loss=0.0215]
Epoch 50/150 [train]:   0%|          | 0/26 [00:00<?, ?it/s, S=0.0154, loss=0.0218]
Epoch 50/150 [train]:   0%|          | 0/26 [00:00<?, ?it/s, S=0.0156, loss=0.0210]
Epoch 50/150 [train]:   0%|          | 0/26 [00:00<?, ?it/s, S=0.0155, loss=0.0220]
Epoch 50/150 [train]:   0%|          | 0/26 [00:00<?, ?it/s, S=0.0154, loss=0.0225]
Epoch 50/150 [train]:   0%|          | 0/26 [00:00<?, ?it/s, S=0.0155, loss=0.0221]
Epoch 50/150 [train]:   0%|          | 0/26 [00:00<?, ?it/s, S=0.0154, loss=0.0231]
Epoch 50/150 [train]:  35%|███▍      | 9/26 [00:00<00:00, 86.55it/s, S=0.0154, loss=0.0231]
Epoch 50/150 [train]:  35%|███▍      | 9/26 [00:00<00:00, 86.55it/s, S=0.0154, loss=0.0228]
Epoch 50/150 [train]:  35%|███▍      | 9/26 [00:00<00:00, 86.55it/s, S=0.0154, loss=0.0228]
Epoch 50/150 [train]:  35%|███▍      | 9/26 [00:00<00:00, 86.55it/s, S=0.0154, loss=0.0215]
Epoch 50/150 [train]:  35%|███▍      | 9/26 [00:00<00:00, 86.55it/s, S=0.0154, loss=0.0229]
Epoch 50/150 [train]:  35%|███▍      | 9/26 [00:00<00:00, 86.55it/s, S=0.0154, loss=0.0221]
Epoch 50/150 [train]:  35%|███▍      | 9/26 [00:00<00:00, 86.55it/s, S=0.0154, loss=0.0217]
Epoch 50/150 [train]:  35%|███▍      | 9/26 [00:00<00:00, 86.55it/s, S=0.0154, loss=0.0208]
Epoch 50/150 [train]:  35%|███▍      | 9/26 [00:00<00:00, 86.55it/s, S=0.0154, loss=0.0230]
Epoch 50/150 [train]:  35%|███▍      | 9/26 [00:00<00:00, 86.55it/s, S=0.0154, loss=0.0217]
Epoch 50/150 [train]:  69%|██████▉   | 18/26 [00:00<00:00, 86.62it/s, S=0.0154, loss=0.0217]
Epoch 50/150 [train]:  69%|██████▉   | 18/26 [00:00<00:00, 86.62it/s, S=0.0155, loss=0.0214]
Epoch 50/150 [train]:  69%|██████▉   | 18/26 [00:00<00:00, 86.62it/s, S=0.0154, loss=0.0225]
Epoch 50/150 [train]:  69%|██████▉   | 18/26 [00:00<00:00, 86.62it/s, S=0.0155, loss=0.0217]
Epoch 50/150 [train]:  69%|██████▉   | 18/26 [00:00<00:00, 86.62it/s, S=0.0154, loss=0.0222]
Epoch 50/150 [train]:  69%|██████▉   | 18/26 [00:00<00:00, 86.62it/s, S=0.0155, loss=0.0232]
Epoch 50/150 [train]:  69%|██████▉   | 18/26 [00:00<00:00, 86.62it/s, S=0.0153, loss=0.0224]
Epoch 50/150 [train]:  69%|██████▉   | 18/26 [00:00<00:00, 86.62it/s, S=0.0153, loss=0.0213]
Epoch 50/150 [train]:  69%|██████▉   | 18/26 [00:00<00:00, 86.62it/s, S=0.0153, loss=0.0234]
                                                                                            
Epoch  50/150  train loss=0.0220  val loss=0.1012  S[mean]=0.0154  ζ=0.1786  mean_plane_ζ=0.1787  reg=0.1166  λscale=1.00  lr=2.50e-04

Epoch 51/150 [train]:   0%|          | 0/26 [00:00<?, ?it/s]
Epoch 51/150 [train]:   0%|          | 0/26 [00:00<?, ?it/s, S=0.0154, loss=0.0220]
Epoch 51/150 [train]:   0%|          | 0/26 [00:00<?, ?it/s, S=0.0154, loss=0.0211]
Epoch 51/150 [train]:   0%|          | 0/26 [00:00<?, ?it/s, S=0.0154, loss=0.0215]
Epoch 51/150 [train]:   0%|          | 0/26 [00:00<?, ?it/s, S=0.0154, loss=0.0215]
Epoch 51/150 [train]:   0%|          | 0/26 [00:00<?, ?it/s, S=0.0154, loss=0.0211]
Epoch 51/150 [train]:   0%|          | 0/26 [00:00<?, ?it/s, S=0.0155, loss=0.0211]
Epoch 51/150 [train]:   0%|          | 0/26 [00:00<?, ?it/s, S=0.0154, loss=0.0209]
Epoch 51/150 [train]:   0%|          | 0/26 [00:00<?, ?it/s, S=0.0154, loss=0.0217]
Epoch 51/150 [train]:   0%|          | 0/26 [00:00<?, ?it/s, S=0.0154, loss=0.0212]
Epoch 51/150 [train]:  35%|███▍      | 9/26 [00:00<00:00, 86.44it/s, S=0.0154, loss=0.0212]
Epoch 51/150 [train]:  35%|███▍      | 9/26 [00:00<00:00, 86.44it/s, S=0.0155, loss=0.0215]
Epoch 51/150 [train]:  35%|███▍      | 9/26 [00:00<00:00, 86.44it/s, S=0.0154, loss=0.0209]
Epoch 51/150 [train]:  35%|███▍      | 9/26 [00:00<00:00, 86.44it/s, S=0.0154, loss=0.0215]
Epoch 51/150 [train]:  35%|███▍      | 9/26 [00:00<00:00, 86.44it/s, S=0.0154, loss=0.0224]
Epoch 51/150 [train]:  35%|███▍      | 9/26 [00:00<00:00, 86.44it/s, S=0.0155, loss=0.0207]
Epoch 51/150 [train]:  35%|███▍      | 9/26 [00:00<00:00, 86.44it/s, S=0.0154, loss=0.0215]
Epoch 51/150 [train]:  35%|███▍      | 9/26 [00:00<00:00, 86.44it/s, S=0.0154, loss=0.0211]
Epoch 51/150 [train]:  35%|███▍      | 9/26 [00:00<00:00, 86.44it/s, S=0.0153, loss=0.0214]
Epoch 51/150 [train]:  35%|███▍      | 9/26 [00:00<00:00, 86.44it/s, S=0.0154, loss=0.0212]
Epoch 51/150 [train]:  69%|██████▉   | 18/26 [00:00<00:00, 86.54it/s, S=0.0154, loss=0.0212]
Epoch 51/150 [train]:  69%|██████▉   | 18/26 [00:00<00:00, 86.54it/s, S=0.0153, loss=0.0231]
Epoch 51/150 [train]:  69%|██████▉   | 18/26 [00:00<00:00, 86.54it/s, S=0.0154, loss=0.0221]
Epoch 51/150 [train]:  69%|██████▉   | 18/26 [00:00<00:00, 86.54it/s, S=0.0155, loss=0.0228]
Epoch 51/150 [train]:  69%|██████▉   | 18/26 [00:00<00:00, 86.54it/s, S=0.0154, loss=0.0208]
Epoch 51/150 [train]:  69%|██████▉   | 18/26 [00:00<00:00, 86.54it/s, S=0.0154, loss=0.0220]
Epoch 51/150 [train]:  69%|██████▉   | 18/26 [00:00<00:00, 86.54it/s, S=0.0154, loss=0.0222]
Epoch 51/150 [train]:  69%|██████▉   | 18/26 [00:00<00:00, 86.54it/s, S=0.0155, loss=0.0221]
Epoch 51/150 [train]:  69%|██████▉   | 18/26 [00:00<00:00, 86.54it/s, S=0.0155, loss=0.0217]
                                                                                            
Epoch  51/150  train loss=0.0216  val loss=0.1044  S[mean]=0.0154  ζ=0.1785  mean_plane_ζ=0.1787  reg=0.1198  λscale=1.00  lr=2.30e-04

Epoch 52/150 [train]:   0%|          | 0/26 [00:00<?, ?it/s]
Epoch 52/150 [train]:   0%|          | 0/26 [00:00<?, ?it/s, S=0.0155, loss=0.0200]
Epoch 52/150 [train]:   0%|          | 0/26 [00:00<?, ?it/s, S=0.0154, loss=0.0204]
Epoch 52/150 [train]:   0%|          | 0/26 [00:00<?, ?it/s, S=0.0154, loss=0.0211]
Epoch 52/150 [train]:   0%|          | 0/26 [00:00<?, ?it/s, S=0.0154, loss=0.0199]
Epoch 52/150 [train]:   0%|          | 0/26 [00:00<?, ?it/s, S=0.0154, loss=0.0208]
Epoch 52/150 [train]:   0%|          | 0/26 [00:00<?, ?it/s, S=0.0155, loss=0.0214]
Epoch 52/150 [train]:   0%|          | 0/26 [00:00<?, ?it/s, S=0.0153, loss=0.0209]
Epoch 52/150 [train]:   0%|          | 0/26 [00:00<?, ?it/s, S=0.0154, loss=0.0207]
Epoch 52/150 [train]:   0%|          | 0/26 [00:00<?, ?it/s, S=0.0153, loss=0.0227]
Epoch 52/150 [train]:  35%|███▍      | 9/26 [00:00<00:00, 86.43it/s, S=0.0153, loss=0.0227]
Epoch 52/150 [train]:  35%|███▍      | 9/26 [00:00<00:00, 86.43it/s, S=0.0153, loss=0.0213]
Epoch 52/150 [train]:  35%|███▍      | 9/26 [00:00<00:00, 86.43it/s, S=0.0154, loss=0.0198]
Epoch 52/150 [train]:  35%|███▍      | 9/26 [00:00<00:00, 86.43it/s, S=0.0154, loss=0.0216]
Epoch 52/150 [train]:  35%|███▍      | 9/26 [00:00<00:00, 86.43it/s, S=0.0154, loss=0.0206]
Epoch 52/150 [train]:  35%|███▍      | 9/26 [00:00<00:00, 86.43it/s, S=0.0154, loss=0.0216]
Epoch 52/150 [train]:  35%|███▍      | 9/26 [00:00<00:00, 86.43it/s, S=0.0154, loss=0.0217]
Epoch 52/150 [train]:  35%|███▍      | 9/26 [00:00<00:00, 86.43it/s, S=0.0154, loss=0.0206]
Epoch 52/150 [train]:  35%|███▍      | 9/26 [00:00<00:00, 86.43it/s, S=0.0155, loss=0.0222]
Epoch 52/150 [train]:  35%|███▍      | 9/26 [00:00<00:00, 86.43it/s, S=0.0154, loss=0.0223]
Epoch 52/150 [train]:  69%|██████▉   | 18/26 [00:00<00:00, 86.40it/s, S=0.0154, loss=0.0223]
Epoch 52/150 [train]:  69%|██████▉   | 18/26 [00:00<00:00, 86.40it/s, S=0.0154, loss=0.0212]
Epoch 52/150 [train]:  69%|██████▉   | 18/26 [00:00<00:00, 86.40it/s, S=0.0153, loss=0.0207]
Epoch 52/150 [train]:  69%|██████▉   | 18/26 [00:00<00:00, 86.40it/s, S=0.0155, loss=0.0207]
Epoch 52/150 [train]:  69%|██████▉   | 18/26 [00:00<00:00, 86.40it/s, S=0.0154, loss=0.0218]
Epoch 52/150 [train]:  69%|██████▉   | 18/26 [00:00<00:00, 86.40it/s, S=0.0155, loss=0.0219]
Epoch 52/150 [train]:  69%|██████▉   | 18/26 [00:00<00:00, 86.40it/s, S=0.0155, loss=0.0219]
Epoch 52/150 [train]:  69%|██████▉   | 18/26 [00:00<00:00, 86.40it/s, S=0.0154, loss=0.0233]
Epoch 52/150 [train]:  69%|██████▉   | 18/26 [00:00<00:00, 86.40it/s, S=0.0155, loss=0.0216]
                                                                                            
Epoch  52/150  train loss=0.0213  val loss=0.1082  S[mean]=0.0154  ζ=0.1786  mean_plane_ζ=0.1788  reg=0.1236  λscale=1.00  lr=2.11e-04

Epoch 53/150 [train]:   0%|          | 0/26 [00:00<?, ?it/s]
Epoch 53/150 [train]:   0%|          | 0/26 [00:00<?, ?it/s, S=0.0153, loss=0.0205]
Epoch 53/150 [train]:   0%|          | 0/26 [00:00<?, ?it/s, S=0.0154, loss=0.0204]
Epoch 53/150 [train]:   0%|          | 0/26 [00:00<?, ?it/s, S=0.0154, loss=0.0204]
Epoch 53/150 [train]:   0%|          | 0/26 [00:00<?, ?it/s, S=0.0154, loss=0.0219]
Epoch 53/150 [train]:   0%|          | 0/26 [00:00<?, ?it/s, S=0.0154, loss=0.0193]
Epoch 53/150 [train]:   0%|          | 0/26 [00:00<?, ?it/s, S=0.0156, loss=0.0212]
Epoch 53/150 [train]:   0%|          | 0/26 [00:00<?, ?it/s, S=0.0154, loss=0.0211]
Epoch 53/150 [train]:   0%|          | 0/26 [00:00<?, ?it/s, S=0.0154, loss=0.0210]
Epoch 53/150 [train]:   0%|          | 0/26 [00:00<?, ?it/s, S=0.0154, loss=0.0213]
Epoch 53/150 [train]:  35%|███▍      | 9/26 [00:00<00:00, 86.27it/s, S=0.0154, loss=0.0213]
Epoch 53/150 [train]:  35%|███▍      | 9/26 [00:00<00:00, 86.27it/s, S=0.0154, loss=0.0200]
Epoch 53/150 [train]:  35%|███▍      | 9/26 [00:00<00:00, 86.27it/s, S=0.0155, loss=0.0220]
Epoch 53/150 [train]:  35%|███▍      | 9/26 [00:00<00:00, 86.27it/s, S=0.0154, loss=0.0211]
Epoch 53/150 [train]:  35%|███▍      | 9/26 [00:00<00:00, 86.27it/s, S=0.0154, loss=0.0212]
Epoch 53/150 [train]:  35%|███▍      | 9/26 [00:00<00:00, 86.27it/s, S=0.0154, loss=0.0196]
Epoch 53/150 [train]:  35%|███▍      | 9/26 [00:00<00:00, 86.27it/s, S=0.0155, loss=0.0211]
Epoch 53/150 [train]:  35%|███▍      | 9/26 [00:00<00:00, 86.27it/s, S=0.0155, loss=0.0221]
Epoch 53/150 [train]:  35%|███▍      | 9/26 [00:00<00:00, 86.27it/s, S=0.0155, loss=0.0215]
Epoch 53/150 [train]:  35%|███▍      | 9/26 [00:00<00:00, 86.27it/s, S=0.0154, loss=0.0211]
Epoch 53/150 [train]:  69%|██████▉   | 18/26 [00:00<00:00, 86.51it/s, S=0.0154, loss=0.0211]
Epoch 53/150 [train]:  69%|██████▉   | 18/26 [00:00<00:00, 86.51it/s, S=0.0153, loss=0.0217]
Epoch 53/150 [train]:  69%|██████▉   | 18/26 [00:00<00:00, 86.51it/s, S=0.0154, loss=0.0228]
Epoch 53/150 [train]:  69%|██████▉   | 18/26 [00:00<00:00, 86.51it/s, S=0.0155, loss=0.0220]
Epoch 53/150 [train]:  69%|██████▉   | 18/26 [00:00<00:00, 86.51it/s, S=0.0154, loss=0.0220]
Epoch 53/150 [train]:  69%|██████▉   | 18/26 [00:00<00:00, 86.51it/s, S=0.0154, loss=0.0216]
Epoch 53/150 [train]:  69%|██████▉   | 18/26 [00:00<00:00, 86.51it/s, S=0.0155, loss=0.0216]
Epoch 53/150 [train]:  69%|██████▉   | 18/26 [00:00<00:00, 86.51it/s, S=0.0155, loss=0.0216]
Epoch 53/150 [train]:  69%|██████▉   | 18/26 [00:00<00:00, 86.51it/s, S=0.0153, loss=0.0215]
                                                                                            
Epoch  53/150  train loss=0.0212  val loss=0.1107  S[mean]=0.0154  ζ=0.1787  mean_plane_ζ=0.1789  reg=0.1262  λscale=1.00  lr=1.92e-04

Epoch 54/150 [train]:   0%|          | 0/26 [00:00<?, ?it/s]
Epoch 54/150 [train]:   0%|          | 0/26 [00:00<?, ?it/s, S=0.0155, loss=0.0195]
Epoch 54/150 [train]:   0%|          | 0/26 [00:00<?, ?it/s, S=0.0154, loss=0.0217]
Epoch 54/150 [train]:   0%|          | 0/26 [00:00<?, ?it/s, S=0.0154, loss=0.0204]
Epoch 54/150 [train]:   0%|          | 0/26 [00:00<?, ?it/s, S=0.0154, loss=0.0202]
Epoch 54/150 [train]:   0%|          | 0/26 [00:00<?, ?it/s, S=0.0154, loss=0.0209]
Epoch 54/150 [train]:   0%|          | 0/26 [00:00<?, ?it/s, S=0.0155, loss=0.0212]
Epoch 54/150 [train]:   0%|          | 0/26 [00:00<?, ?it/s, S=0.0155, loss=0.0198]
Epoch 54/150 [train]:   0%|          | 0/26 [00:00<?, ?it/s, S=0.0154, loss=0.0196]
Epoch 54/150 [train]:   0%|          | 0/26 [00:00<?, ?it/s, S=0.0154, loss=0.0209]
Epoch 54/150 [train]:  35%|███▍      | 9/26 [00:00<00:00, 86.23it/s, S=0.0154, loss=0.0209]
Epoch 54/150 [train]:  35%|███▍      | 9/26 [00:00<00:00, 86.23it/s, S=0.0154, loss=0.0213]
Epoch 54/150 [train]:  35%|███▍      | 9/26 [00:00<00:00, 86.23it/s, S=0.0155, loss=0.0210]
Epoch 54/150 [train]:  35%|███▍      | 9/26 [00:00<00:00, 86.23it/s, S=0.0155, loss=0.0216]
Epoch 54/150 [train]:  35%|███▍      | 9/26 [00:00<00:00, 86.23it/s, S=0.0154, loss=0.0216]
Epoch 54/150 [train]:  35%|███▍      | 9/26 [00:00<00:00, 86.23it/s, S=0.0154, loss=0.0216]
Epoch 54/150 [train]:  35%|███▍      | 9/26 [00:00<00:00, 86.23it/s, S=0.0155, loss=0.0210]
Epoch 54/150 [train]:  35%|███▍      | 9/26 [00:00<00:00, 86.23it/s, S=0.0154, loss=0.0210]
Epoch 54/150 [train]:  35%|███▍      | 9/26 [00:00<00:00, 86.23it/s, S=0.0153, loss=0.0226]
Epoch 54/150 [train]:  35%|███▍      | 9/26 [00:00<00:00, 86.23it/s, S=0.0155, loss=0.0215]
Epoch 54/150 [train]:  69%|██████▉   | 18/26 [00:00<00:00, 86.58it/s, S=0.0155, loss=0.0215]
Epoch 54/150 [train]:  69%|██████▉   | 18/26 [00:00<00:00, 86.58it/s, S=0.0155, loss=0.0214]
Epoch 54/150 [train]:  69%|██████▉   | 18/26 [00:00<00:00, 86.58it/s, S=0.0155, loss=0.0208]
Epoch 54/150 [train]:  69%|██████▉   | 18/26 [00:00<00:00, 86.58it/s, S=0.0154, loss=0.0205]
Epoch 54/150 [train]:  69%|██████▉   | 18/26 [00:00<00:00, 86.58it/s, S=0.0154, loss=0.0217]
Epoch 54/150 [train]:  69%|██████▉   | 18/26 [00:00<00:00, 86.58it/s, S=0.0154, loss=0.0205]
Epoch 54/150 [train]:  69%|██████▉   | 18/26 [00:00<00:00, 86.58it/s, S=0.0155, loss=0.0205]
Epoch 54/150 [train]:  69%|██████▉   | 18/26 [00:00<00:00, 86.58it/s, S=0.0154, loss=0.0210]
Epoch 54/150 [train]:  69%|██████▉   | 18/26 [00:00<00:00, 86.58it/s, S=0.0154, loss=0.0219]
                                                                                            
Epoch  54/150  train loss=0.0210  val loss=0.1142  S[mean]=0.0154  ζ=0.1787  mean_plane_ζ=0.1789  reg=0.1296  λscale=1.00  lr=1.73e-04

Epoch 55/150 [train]:   0%|          | 0/26 [00:00<?, ?it/s]
Epoch 55/150 [train]:   0%|          | 0/26 [00:00<?, ?it/s, S=0.0154, loss=0.0194]
Epoch 55/150 [train]:   0%|          | 0/26 [00:00<?, ?it/s, S=0.0154, loss=0.0200]
Epoch 55/150 [train]:   0%|          | 0/26 [00:00<?, ?it/s, S=0.0154, loss=0.0201]
Epoch 55/150 [train]:   0%|          | 0/26 [00:00<?, ?it/s, S=0.0154, loss=0.0193]
Epoch 55/150 [train]:   0%|          | 0/26 [00:00<?, ?it/s, S=0.0154, loss=0.0197]
Epoch 55/150 [train]:   0%|          | 0/26 [00:00<?, ?it/s, S=0.0155, loss=0.0207]
Epoch 55/150 [train]:   0%|          | 0/26 [00:00<?, ?it/s, S=0.0153, loss=0.0197]
Epoch 55/150 [train]:   0%|          | 0/26 [00:00<?, ?it/s, S=0.0155, loss=0.0206]
Epoch 55/150 [train]:   0%|          | 0/26 [00:00<?, ?it/s, S=0.0155, loss=0.0210]
Epoch 55/150 [train]:  35%|███▍      | 9/26 [00:00<00:00, 86.33it/s, S=0.0155, loss=0.0210]
Epoch 55/150 [train]:  35%|███▍      | 9/26 [00:00<00:00, 86.33it/s, S=0.0154, loss=0.0194]
Epoch 55/150 [train]:  35%|███▍      | 9/26 [00:00<00:00, 86.33it/s, S=0.0155, loss=0.0209]
Epoch 55/150 [train]:  35%|███▍      | 9/26 [00:00<00:00, 86.33it/s, S=0.0155, loss=0.0215]
Epoch 55/150 [train]:  35%|███▍      | 9/26 [00:00<00:00, 86.33it/s, S=0.0154, loss=0.0214]
Epoch 55/150 [train]:  35%|███▍      | 9/26 [00:00<00:00, 86.33it/s, S=0.0154, loss=0.0197]
Epoch 55/150 [train]:  35%|███▍      | 9/26 [00:00<00:00, 86.33it/s, S=0.0154, loss=0.0214]
Epoch 55/150 [train]:  35%|███▍      | 9/26 [00:00<00:00, 86.33it/s, S=0.0155, loss=0.0213]
Epoch 55/150 [train]:  35%|███▍      | 9/26 [00:00<00:00, 86.33it/s, S=0.0153, loss=0.0210]
Epoch 55/150 [train]:  35%|███▍      | 9/26 [00:00<00:00, 86.33it/s, S=0.0154, loss=0.0219]
Epoch 55/150 [train]:  69%|██████▉   | 18/26 [00:00<00:00, 86.44it/s, S=0.0154, loss=0.0219]
Epoch 55/150 [train]:  69%|██████▉   | 18/26 [00:00<00:00, 86.44it/s, S=0.0155, loss=0.0214]
Epoch 55/150 [train]:  69%|██████▉   | 18/26 [00:00<00:00, 86.44it/s, S=0.0154, loss=0.0205]
Epoch 55/150 [train]:  69%|██████▉   | 18/26 [00:00<00:00, 86.44it/s, S=0.0154, loss=0.0206]
Epoch 55/150 [train]:  69%|██████▉   | 18/26 [00:00<00:00, 86.44it/s, S=0.0153, loss=0.0214]
Epoch 55/150 [train]:  69%|██████▉   | 18/26 [00:00<00:00, 86.44it/s, S=0.0154, loss=0.0215]
Epoch 55/150 [train]:  69%|██████▉   | 18/26 [00:00<00:00, 86.44it/s, S=0.0154, loss=0.0211]
Epoch 55/150 [train]:  69%|██████▉   | 18/26 [00:00<00:00, 86.44it/s, S=0.0155, loss=0.0195]
Epoch 55/150 [train]:  69%|██████▉   | 18/26 [00:00<00:00, 86.44it/s, S=0.0153, loss=0.0202]
                                                                                            
Epoch  55/150  train loss=0.0206  val loss=0.1178  S[mean]=0.0154  ζ=0.1787  mean_plane_ζ=0.1789  reg=0.1332  λscale=1.00  lr=1.54e-04

Epoch 56/150 [train]:   0%|          | 0/26 [00:00<?, ?it/s]
Epoch 56/150 [train]:   0%|          | 0/26 [00:00<?, ?it/s, S=0.0154, loss=0.0199]
Epoch 56/150 [train]:   0%|          | 0/26 [00:00<?, ?it/s, S=0.0153, loss=0.0199]
Epoch 56/150 [train]:   0%|          | 0/26 [00:00<?, ?it/s, S=0.0155, loss=0.0196]
Epoch 56/150 [train]:   0%|          | 0/26 [00:00<?, ?it/s, S=0.0154, loss=0.0208]
Epoch 56/150 [train]:   0%|          | 0/26 [00:00<?, ?it/s, S=0.0154, loss=0.0207]
Epoch 56/150 [train]:   0%|          | 0/26 [00:00<?, ?it/s, S=0.0155, loss=0.0193]
Epoch 56/150 [train]:   0%|          | 0/26 [00:00<?, ?it/s, S=0.0154, loss=0.0198]
Epoch 56/150 [train]:   0%|          | 0/26 [00:00<?, ?it/s, S=0.0155, loss=0.0198]
Epoch 56/150 [train]:   0%|          | 0/26 [00:00<?, ?it/s, S=0.0153, loss=0.0206]
Epoch 56/150 [train]:  35%|███▍      | 9/26 [00:00<00:00, 86.49it/s, S=0.0153, loss=0.0206]
Epoch 56/150 [train]:  35%|███▍      | 9/26 [00:00<00:00, 86.49it/s, S=0.0155, loss=0.0192]
Epoch 56/150 [train]:  35%|███▍      | 9/26 [00:00<00:00, 86.49it/s, S=0.0155, loss=0.0213]
Epoch 56/150 [train]:  35%|███▍      | 9/26 [00:00<00:00, 86.49it/s, S=0.0155, loss=0.0209]
Epoch 56/150 [train]:  35%|███▍      | 9/26 [00:00<00:00, 86.49it/s, S=0.0154, loss=0.0209]
Epoch 56/150 [train]:  35%|███▍      | 9/26 [00:00<00:00, 86.49it/s, S=0.0154, loss=0.0209]
Epoch 56/150 [train]:  35%|███▍      | 9/26 [00:00<00:00, 86.49it/s, S=0.0154, loss=0.0210]
Epoch 56/150 [train]:  35%|███▍      | 9/26 [00:00<00:00, 86.49it/s, S=0.0154, loss=0.0211]
Epoch 56/150 [train]:  35%|███▍      | 9/26 [00:00<00:00, 86.49it/s, S=0.0154, loss=0.0202]
Epoch 56/150 [train]:  35%|███▍      | 9/26 [00:00<00:00, 86.49it/s, S=0.0154, loss=0.0193]
Epoch 56/150 [train]:  69%|██████▉   | 18/26 [00:00<00:00, 86.56it/s, S=0.0154, loss=0.0193]
Epoch 56/150 [train]:  69%|██████▉   | 18/26 [00:00<00:00, 86.56it/s, S=0.0156, loss=0.0217]
Epoch 56/150 [train]:  69%|██████▉   | 18/26 [00:00<00:00, 86.56it/s, S=0.0153, loss=0.0203]
Epoch 56/150 [train]:  69%|██████▉   | 18/26 [00:00<00:00, 86.56it/s, S=0.0155, loss=0.0199]
Epoch 56/150 [train]:  69%|██████▉   | 18/26 [00:00<00:00, 86.56it/s, S=0.0154, loss=0.0204]
Epoch 56/150 [train]:  69%|██████▉   | 18/26 [00:00<00:00, 86.56it/s, S=0.0154, loss=0.0216]
Epoch 56/150 [train]:  69%|██████▉   | 18/26 [00:00<00:00, 86.56it/s, S=0.0154, loss=0.0200]
Epoch 56/150 [train]:  69%|██████▉   | 18/26 [00:00<00:00, 86.56it/s, S=0.0153, loss=0.0203]
Epoch 56/150 [train]:  69%|██████▉   | 18/26 [00:00<00:00, 86.56it/s, S=0.0155, loss=0.0207]
                                                                                            
Epoch  56/150  train loss=0.0204  val loss=0.1209  S[mean]=0.0154  ζ=0.1786  mean_plane_ζ=0.1788  reg=0.1364  λscale=1.00  lr=1.37e-04

Epoch 57/150 [train]:   0%|          | 0/26 [00:00<?, ?it/s]
Epoch 57/150 [train]:   0%|          | 0/26 [00:00<?, ?it/s, S=0.0154, loss=0.0192]
Epoch 57/150 [train]:   0%|          | 0/26 [00:00<?, ?it/s, S=0.0155, loss=0.0200]
Epoch 57/150 [train]:   0%|          | 0/26 [00:00<?, ?it/s, S=0.0153, loss=0.0195]
Epoch 57/150 [train]:   0%|          | 0/26 [00:00<?, ?it/s, S=0.0154, loss=0.0200]
Epoch 57/150 [train]:   0%|          | 0/26 [00:00<?, ?it/s, S=0.0154, loss=0.0200]
Epoch 57/150 [train]:   0%|          | 0/26 [00:00<?, ?it/s, S=0.0155, loss=0.0201]
Epoch 57/150 [train]:   0%|          | 0/26 [00:00<?, ?it/s, S=0.0154, loss=0.0213]
Epoch 57/150 [train]:   0%|          | 0/26 [00:00<?, ?it/s, S=0.0154, loss=0.0208]
Epoch 57/150 [train]:   0%|          | 0/26 [00:00<?, ?it/s, S=0.0153, loss=0.0205]
Epoch 57/150 [train]:  35%|███▍      | 9/26 [00:00<00:00, 86.27it/s, S=0.0153, loss=0.0205]
Epoch 57/150 [train]:  35%|███▍      | 9/26 [00:00<00:00, 86.27it/s, S=0.0155, loss=0.0201]
Epoch 57/150 [train]:  35%|███▍      | 9/26 [00:05<00:00, 86.27it/s, S=0.0154, loss=0.0206]
Epoch 57/150 [train]:  35%|███▍      | 9/26 [00:05<00:00, 86.27it/s, S=0.0154, loss=0.0194]
Epoch 57/150 [train]:  35%|███▍      | 9/26 [00:05<00:00, 86.27it/s, S=0.0154, loss=0.0196]
Epoch 57/150 [train]:  35%|███▍      | 9/26 [00:05<00:00, 86.27it/s, S=0.0155, loss=0.0206]
Epoch 57/150 [train]:  35%|███▍      | 9/26 [00:05<00:00, 86.27it/s, S=0.0154, loss=0.0200]
Epoch 57/150 [train]:  35%|███▍      | 9/26 [00:05<00:00, 86.27it/s, S=0.0155, loss=0.0204]
Epoch 57/150 [train]:  35%|███▍      | 9/26 [00:05<00:00, 86.27it/s, S=0.0154, loss=0.0205]
Epoch 57/150 [train]:  35%|███▍      | 9/26 [00:05<00:00, 86.27it/s, S=0.0154, loss=0.0213]
Epoch 57/150 [train]:  69%|██████▉   | 18/26 [00:05<00:02,  2.93it/s, S=0.0154, loss=0.0213]
Epoch 57/150 [train]:  69%|██████▉   | 18/26 [00:05<00:02,  2.93it/s, S=0.0155, loss=0.0218]
Epoch 57/150 [train]:  69%|██████▉   | 18/26 [00:05<00:02,  2.93it/s, S=0.0155, loss=0.0194]
Epoch 57/150 [train]:  69%|██████▉   | 18/26 [00:05<00:02,  2.93it/s, S=0.0154, loss=0.0213]
Epoch 57/150 [train]:  69%|██████▉   | 18/26 [00:05<00:02,  2.93it/s, S=0.0154, loss=0.0210]
Epoch 57/150 [train]:  69%|██████▉   | 18/26 [00:05<00:02,  2.93it/s, S=0.0153, loss=0.0201]
Epoch 57/150 [train]:  69%|██████▉   | 18/26 [00:05<00:02,  2.93it/s, S=0.0154, loss=0.0211]
Epoch 57/150 [train]:  69%|██████▉   | 18/26 [00:05<00:02,  2.93it/s, S=0.0154, loss=0.0205]
Epoch 57/150 [train]:  69%|██████▉   | 18/26 [00:05<00:02,  2.93it/s, S=0.0154, loss=0.0208]
                                                                                            
Epoch  57/150  train loss=0.0204  val loss=0.1232  S[mean]=0.0154  ζ=0.1787  mean_plane_ζ=0.1789  reg=0.1386  λscale=1.00  lr=1.19e-04

Epoch 58/150 [train]:   0%|          | 0/26 [00:00<?, ?it/s]
Epoch 58/150 [train]:   0%|          | 0/26 [00:00<?, ?it/s, S=0.0153, loss=0.0198]
Epoch 58/150 [train]:   0%|          | 0/26 [00:00<?, ?it/s, S=0.0155, loss=0.0200]
Epoch 58/150 [train]:   0%|          | 0/26 [00:00<?, ?it/s, S=0.0154, loss=0.0198]
Epoch 58/150 [train]:   0%|          | 0/26 [00:00<?, ?it/s, S=0.0154, loss=0.0194]
Epoch 58/150 [train]:   0%|          | 0/26 [00:00<?, ?it/s, S=0.0154, loss=0.0186]
Epoch 58/150 [train]:   0%|          | 0/26 [00:00<?, ?it/s, S=0.0155, loss=0.0197]
Epoch 58/150 [train]:   0%|          | 0/26 [00:00<?, ?it/s, S=0.0155, loss=0.0196]
Epoch 58/150 [train]:   0%|          | 0/26 [00:00<?, ?it/s, S=0.0155, loss=0.0202]
Epoch 58/150 [train]:   0%|          | 0/26 [00:00<?, ?it/s, S=0.0153, loss=0.0192]
Epoch 58/150 [train]:  35%|███▍      | 9/26 [00:00<00:00, 83.10it/s, S=0.0153, loss=0.0192]
Epoch 58/150 [train]:  35%|███▍      | 9/26 [00:00<00:00, 83.10it/s, S=0.0155, loss=0.0201]
Epoch 58/150 [train]:  35%|███▍      | 9/26 [00:00<00:00, 83.10it/s, S=0.0154, loss=0.0184]
Epoch 58/150 [train]:  35%|███▍      | 9/26 [00:00<00:00, 83.10it/s, S=0.0154, loss=0.0201]
Epoch 58/150 [train]:  35%|███▍      | 9/26 [00:00<00:00, 83.10it/s, S=0.0154, loss=0.0197]
Epoch 58/150 [train]:  35%|███▍      | 9/26 [00:00<00:00, 83.10it/s, S=0.0154, loss=0.0197]
Epoch 58/150 [train]:  35%|███▍      | 9/26 [00:00<00:00, 83.10it/s, S=0.0154, loss=0.0199]
Epoch 58/150 [train]:  35%|███▍      | 9/26 [00:00<00:00, 83.10it/s, S=0.0154, loss=0.0201]
Epoch 58/150 [train]:  35%|███▍      | 9/26 [00:00<00:00, 83.10it/s, S=0.0155, loss=0.0197]
Epoch 58/150 [train]:  35%|███▍      | 9/26 [00:00<00:00, 83.10it/s, S=0.0154, loss=0.0216]
Epoch 58/150 [train]:  69%|██████▉   | 18/26 [00:00<00:00, 85.43it/s, S=0.0154, loss=0.0216]
Epoch 58/150 [train]:  69%|██████▉   | 18/26 [00:00<00:00, 85.43it/s, S=0.0154, loss=0.0203]
Epoch 58/150 [train]:  69%|██████▉   | 18/26 [00:00<00:00, 85.43it/s, S=0.0154, loss=0.0203]
Epoch 58/150 [train]:  69%|██████▉   | 18/26 [00:00<00:00, 85.43it/s, S=0.0154, loss=0.0210]
Epoch 58/150 [train]:  69%|██████▉   | 18/26 [00:00<00:00, 85.43it/s, S=0.0154, loss=0.0210]
Epoch 58/150 [train]:  69%|██████▉   | 18/26 [00:00<00:00, 85.43it/s, S=0.0153, loss=0.0212]
Epoch 58/150 [train]:  69%|██████▉   | 18/26 [00:00<00:00, 85.43it/s, S=0.0155, loss=0.0194]
Epoch 58/150 [train]:  69%|██████▉   | 18/26 [00:00<00:00, 85.43it/s, S=0.0155, loss=0.0199]
Epoch 58/150 [train]:  69%|██████▉   | 18/26 [00:00<00:00, 85.43it/s, S=0.0154, loss=0.0206]
                                                                                            
Epoch  58/150  train loss=0.0200  val loss=0.1257  S[mean]=0.0154  ζ=0.1786  mean_plane_ζ=0.1788  reg=0.1411  λscale=1.00  lr=1.03e-04

Epoch 59/150 [train]:   0%|          | 0/26 [00:00<?, ?it/s]
Epoch 59/150 [train]:   0%|          | 0/26 [00:00<?, ?it/s, S=0.0153, loss=0.0195]
Epoch 59/150 [train]:   0%|          | 0/26 [00:00<?, ?it/s, S=0.0155, loss=0.0189]
Epoch 59/150 [train]:   0%|          | 0/26 [00:00<?, ?it/s, S=0.0154, loss=0.0199]
Epoch 59/150 [train]:   0%|          | 0/26 [00:00<?, ?it/s, S=0.0154, loss=0.0193]
Epoch 59/150 [train]:   0%|          | 0/26 [00:00<?, ?it/s, S=0.0155, loss=0.0203]
Epoch 59/150 [train]:   0%|          | 0/26 [00:00<?, ?it/s, S=0.0154, loss=0.0195]
Epoch 59/150 [train]:   0%|          | 0/26 [00:00<?, ?it/s, S=0.0154, loss=0.0200]
Epoch 59/150 [train]:   0%|          | 0/26 [00:00<?, ?it/s, S=0.0154, loss=0.0198]
Epoch 59/150 [train]:   0%|          | 0/26 [00:00<?, ?it/s, S=0.0153, loss=0.0189]
Epoch 59/150 [train]:  35%|███▍      | 9/26 [00:00<00:00, 86.30it/s, S=0.0153, loss=0.0189]
Epoch 59/150 [train]:  35%|███▍      | 9/26 [00:00<00:00, 86.30it/s, S=0.0155, loss=0.0196]
Epoch 59/150 [train]:  35%|███▍      | 9/26 [00:00<00:00, 86.30it/s, S=0.0154, loss=0.0196]
Epoch 59/150 [train]:  35%|███▍      | 9/26 [00:00<00:00, 86.30it/s, S=0.0154, loss=0.0195]
Epoch 59/150 [train]:  35%|███▍      | 9/26 [00:00<00:00, 86.30it/s, S=0.0155, loss=0.0197]
Epoch 59/150 [train]:  35%|███▍      | 9/26 [00:00<00:00, 86.30it/s, S=0.0155, loss=0.0205]
Epoch 59/150 [train]:  35%|███▍      | 9/26 [00:00<00:00, 86.30it/s, S=0.0153, loss=0.0216]
Epoch 59/150 [train]:  35%|███▍      | 9/26 [00:00<00:00, 86.30it/s, S=0.0154, loss=0.0195]
Epoch 59/150 [train]:  35%|███▍      | 9/26 [00:00<00:00, 86.30it/s, S=0.0155, loss=0.0203]
Epoch 59/150 [train]:  35%|███▍      | 9/26 [00:00<00:00, 86.30it/s, S=0.0154, loss=0.0190]
Epoch 59/150 [train]:  69%|██████▉   | 18/26 [00:00<00:00, 86.58it/s, S=0.0154, loss=0.0190]
Epoch 59/150 [train]:  69%|██████▉   | 18/26 [00:00<00:00, 86.58it/s, S=0.0154, loss=0.0203]
Epoch 59/150 [train]:  69%|██████▉   | 18/26 [00:00<00:00, 86.58it/s, S=0.0154, loss=0.0199]
Epoch 59/150 [train]:  69%|██████▉   | 18/26 [00:00<00:00, 86.58it/s, S=0.0153, loss=0.0200]
Epoch 59/150 [train]:  69%|██████▉   | 18/26 [00:00<00:00, 86.58it/s, S=0.0154, loss=0.0209]
Epoch 59/150 [train]:  69%|██████▉   | 18/26 [00:00<00:00, 86.58it/s, S=0.0154, loss=0.0196]
Epoch 59/150 [train]:  69%|██████▉   | 18/26 [00:00<00:00, 86.58it/s, S=0.0155, loss=0.0201]
Epoch 59/150 [train]:  69%|██████▉   | 18/26 [00:00<00:00, 86.58it/s, S=0.0154, loss=0.0204]
Epoch 59/150 [train]:  69%|██████▉   | 18/26 [00:00<00:00, 86.58it/s, S=0.0154, loss=0.0211]
                                                                                            
Epoch  59/150  train loss=0.0199  val loss=0.1278  S[mean]=0.0154  ζ=0.1787  mean_plane_ζ=0.1789  reg=0.1432  λscale=1.00  lr=8.76e-05

Epoch 60/150 [train]:   0%|          | 0/26 [00:00<?, ?it/s]
Epoch 60/150 [train]:   0%|          | 0/26 [00:00<?, ?it/s, S=0.0155, loss=0.0188]
Epoch 60/150 [train]:   0%|          | 0/26 [00:00<?, ?it/s, S=0.0153, loss=0.0199]
Epoch 60/150 [train]:   0%|          | 0/26 [00:00<?, ?it/s, S=0.0154, loss=0.0189]
Epoch 60/150 [train]:   0%|          | 0/26 [00:00<?, ?it/s, S=0.0153, loss=0.0199]
Epoch 60/150 [train]:   0%|          | 0/26 [00:00<?, ?it/s, S=0.0154, loss=0.0191]
Epoch 60/150 [train]:   0%|          | 0/26 [00:00<?, ?it/s, S=0.0154, loss=0.0195]
Epoch 60/150 [train]:   0%|          | 0/26 [00:00<?, ?it/s, S=0.0154, loss=0.0195]
Epoch 60/150 [train]:   0%|          | 0/26 [00:00<?, ?it/s, S=0.0154, loss=0.0186]
Epoch 60/150 [train]:   0%|          | 0/26 [00:00<?, ?it/s, S=0.0155, loss=0.0199]
Epoch 60/150 [train]:  35%|███▍      | 9/26 [00:00<00:00, 86.13it/s, S=0.0155, loss=0.0199]
Epoch 60/150 [train]:  35%|███▍      | 9/26 [00:00<00:00, 86.13it/s, S=0.0154, loss=0.0206]
Epoch 60/150 [train]:  35%|███▍      | 9/26 [00:00<00:00, 86.13it/s, S=0.0154, loss=0.0200]
Epoch 60/150 [train]:  35%|███▍      | 9/26 [00:00<00:00, 86.13it/s, S=0.0154, loss=0.0201]
Epoch 60/150 [train]:  35%|███▍      | 9/26 [00:00<00:00, 86.13it/s, S=0.0155, loss=0.0197]
Epoch 60/150 [train]:  35%|███▍      | 9/26 [00:00<00:00, 86.13it/s, S=0.0154, loss=0.0188]
Epoch 60/150 [train]:  35%|███▍      | 9/26 [00:00<00:00, 86.13it/s, S=0.0154, loss=0.0192]
Epoch 60/150 [train]:  35%|███▍      | 9/26 [00:00<00:00, 86.13it/s, S=0.0154, loss=0.0187]
Epoch 60/150 [train]:  35%|███▍      | 9/26 [00:00<00:00, 86.13it/s, S=0.0153, loss=0.0202]
Epoch 60/150 [train]:  35%|███▍      | 9/26 [00:00<00:00, 86.13it/s, S=0.0155, loss=0.0188]
Epoch 60/150 [train]:  69%|██████▉   | 18/26 [00:00<00:00, 86.24it/s, S=0.0155, loss=0.0188]
Epoch 60/150 [train]:  69%|██████▉   | 18/26 [00:00<00:00, 86.24it/s, S=0.0154, loss=0.0196]
Epoch 60/150 [train]:  69%|██████▉   | 18/26 [00:00<00:00, 86.24it/s, S=0.0154, loss=0.0197]
Epoch 60/150 [train]:  69%|██████▉   | 18/26 [00:00<00:00, 86.24it/s, S=0.0155, loss=0.0193]
Epoch 60/150 [train]:  69%|██████▉   | 18/26 [00:00<00:00, 86.24it/s, S=0.0155, loss=0.0199]
Epoch 60/150 [train]:  69%|██████▉   | 18/26 [00:00<00:00, 86.24it/s, S=0.0154, loss=0.0195]
Epoch 60/150 [train]:  69%|██████▉   | 18/26 [00:00<00:00, 86.24it/s, S=0.0154, loss=0.0191]
Epoch 60/150 [train]:  69%|██████▉   | 18/26 [00:00<00:00, 86.24it/s, S=0.0155, loss=0.0206]
Epoch 60/150 [train]:  69%|██████▉   | 18/26 [00:00<00:00, 86.24it/s, S=0.0155, loss=0.0201]
                                                                                            
Epoch  60/150  train loss=0.0195  val loss=0.1297  S[mean]=0.0154  ζ=0.1786  mean_plane_ζ=0.1789  reg=0.1452  λscale=1.00  lr=7.32e-05

Epoch 61/150 [train]:   0%|          | 0/26 [00:00<?, ?it/s]
Epoch 61/150 [train]:   0%|          | 0/26 [00:00<?, ?it/s, S=0.0154, loss=0.0196]
Epoch 61/150 [train]:   0%|          | 0/26 [00:00<?, ?it/s, S=0.0154, loss=0.0193]
Epoch 61/150 [train]:   0%|          | 0/26 [00:00<?, ?it/s, S=0.0154, loss=0.0188]
Epoch 61/150 [train]:   0%|          | 0/26 [00:00<?, ?it/s, S=0.0154, loss=0.0203]
Epoch 61/150 [train]:   0%|          | 0/26 [00:00<?, ?it/s, S=0.0154, loss=0.0187]
Epoch 61/150 [train]:   0%|          | 0/26 [00:00<?, ?it/s, S=0.0154, loss=0.0192]
Epoch 61/150 [train]:   0%|          | 0/26 [00:00<?, ?it/s, S=0.0154, loss=0.0182]
Epoch 61/150 [train]:   0%|          | 0/26 [00:00<?, ?it/s, S=0.0154, loss=0.0192]
Epoch 61/150 [train]:   0%|          | 0/26 [00:00<?, ?it/s, S=0.0153, loss=0.0190]
Epoch 61/150 [train]:  35%|███▍      | 9/26 [00:00<00:00, 86.37it/s, S=0.0153, loss=0.0190]
Epoch 61/150 [train]:  35%|███▍      | 9/26 [00:00<00:00, 86.37it/s, S=0.0153, loss=0.0198]
Epoch 61/150 [train]:  35%|███▍      | 9/26 [00:00<00:00, 86.37it/s, S=0.0154, loss=0.0202]
Epoch 61/150 [train]:  35%|███▍      | 9/26 [00:00<00:00, 86.37it/s, S=0.0154, loss=0.0191]
Epoch 61/150 [train]:  35%|███▍      | 9/26 [00:00<00:00, 86.37it/s, S=0.0155, loss=0.0190]
Epoch 61/150 [train]:  35%|███▍      | 9/26 [00:00<00:00, 86.37it/s, S=0.0155, loss=0.0201]
Epoch 61/150 [train]:  35%|███▍      | 9/26 [00:00<00:00, 86.37it/s, S=0.0155, loss=0.0192]
Epoch 61/150 [train]:  35%|███▍      | 9/26 [00:00<00:00, 86.37it/s, S=0.0153, loss=0.0195]
Epoch 61/150 [train]:  35%|███▍      | 9/26 [00:00<00:00, 86.37it/s, S=0.0153, loss=0.0200]
Epoch 61/150 [train]:  35%|███▍      | 9/26 [00:00<00:00, 86.37it/s, S=0.0155, loss=0.0188]
Epoch 61/150 [train]:  69%|██████▉   | 18/26 [00:00<00:00, 86.59it/s, S=0.0155, loss=0.0188]
Epoch 61/150 [train]:  69%|██████▉   | 18/26 [00:00<00:00, 86.59it/s, S=0.0153, loss=0.0200]
Epoch 61/150 [train]:  69%|██████▉   | 18/26 [00:00<00:00, 86.59it/s, S=0.0155, loss=0.0195]
Epoch 61/150 [train]:  69%|██████▉   | 18/26 [00:00<00:00, 86.59it/s, S=0.0154, loss=0.0194]
Epoch 61/150 [train]:  69%|██████▉   | 18/26 [00:00<00:00, 86.59it/s, S=0.0154, loss=0.0195]
Epoch 61/150 [train]:  69%|██████▉   | 18/26 [00:00<00:00, 86.59it/s, S=0.0154, loss=0.0195]
Epoch 61/150 [train]:  69%|██████▉   | 18/26 [00:00<00:00, 86.59it/s, S=0.0154, loss=0.0194]
Epoch 61/150 [train]:  69%|██████▉   | 18/26 [00:00<00:00, 86.59it/s, S=0.0154, loss=0.0203]
Epoch 61/150 [train]:  69%|██████▉   | 18/26 [00:00<00:00, 86.59it/s, S=0.0154, loss=0.0201]
                                                                                            
Epoch  61/150  train loss=0.0195  val loss=0.1315  S[mean]=0.0154  ζ=0.1786  mean_plane_ζ=0.1789  reg=0.1469  λscale=1.00  lr=5.99e-05

Epoch 62/150 [train]:   0%|          | 0/26 [00:00<?, ?it/s]
Epoch 62/150 [train]:   0%|          | 0/26 [00:00<?, ?it/s, S=0.0155, loss=0.0185]
Epoch 62/150 [train]:   0%|          | 0/26 [00:00<?, ?it/s, S=0.0153, loss=0.0201]
Epoch 62/150 [train]:   0%|          | 0/26 [00:00<?, ?it/s, S=0.0155, loss=0.0196]
Epoch 62/150 [train]:   0%|          | 0/26 [00:00<?, ?it/s, S=0.0154, loss=0.0189]
Epoch 62/150 [train]:   0%|          | 0/26 [00:00<?, ?it/s, S=0.0154, loss=0.0187]
Epoch 62/150 [train]:   0%|          | 0/26 [00:00<?, ?it/s, S=0.0153, loss=0.0195]
Epoch 62/150 [train]:   0%|          | 0/26 [00:00<?, ?it/s, S=0.0155, loss=0.0198]
Epoch 62/150 [train]:   0%|          | 0/26 [00:00<?, ?it/s, S=0.0154, loss=0.0194]
Epoch 62/150 [train]:   0%|          | 0/26 [00:00<?, ?it/s, S=0.0153, loss=0.0183]
Epoch 62/150 [train]:  35%|███▍      | 9/26 [00:00<00:00, 86.22it/s, S=0.0153, loss=0.0183]
Epoch 62/150 [train]:  35%|███▍      | 9/26 [00:00<00:00, 86.22it/s, S=0.0153, loss=0.0189]
Epoch 62/150 [train]:  35%|███▍      | 9/26 [00:00<00:00, 86.22it/s, S=0.0154, loss=0.0198]
Epoch 62/150 [train]:  35%|███▍      | 9/26 [00:00<00:00, 86.22it/s, S=0.0153, loss=0.0199]
Epoch 62/150 [train]:  35%|███▍      | 9/26 [00:00<00:00, 86.22it/s, S=0.0154, loss=0.0193]
Epoch 62/150 [train]:  35%|███▍      | 9/26 [00:00<00:00, 86.22it/s, S=0.0155, loss=0.0193]
Epoch 62/150 [train]:  35%|███▍      | 9/26 [00:00<00:00, 86.22it/s, S=0.0155, loss=0.0192]
Epoch 62/150 [train]:  35%|███▍      | 9/26 [00:00<00:00, 86.22it/s, S=0.0154, loss=0.0191]
Epoch 62/150 [train]:  35%|███▍      | 9/26 [00:00<00:00, 86.22it/s, S=0.0154, loss=0.0190]
Epoch 62/150 [train]:  35%|███▍      | 9/26 [00:00<00:00, 86.22it/s, S=0.0155, loss=0.0191]
Epoch 62/150 [train]:  69%|██████▉   | 18/26 [00:00<00:00, 86.53it/s, S=0.0155, loss=0.0191]
Epoch 62/150 [train]:  69%|██████▉   | 18/26 [00:00<00:00, 86.53it/s, S=0.0154, loss=0.0199]
Epoch 62/150 [train]:  69%|██████▉   | 18/26 [00:00<00:00, 86.53it/s, S=0.0155, loss=0.0200]
Epoch 62/150 [train]:  69%|██████▉   | 18/26 [00:00<00:00, 86.53it/s, S=0.0153, loss=0.0204]
Epoch 62/150 [train]:  69%|██████▉   | 18/26 [00:00<00:00, 86.53it/s, S=0.0153, loss=0.0202]
Epoch 62/150 [train]:  69%|██████▉   | 18/26 [00:00<00:00, 86.53it/s, S=0.0155, loss=0.0188]
Epoch 62/150 [train]:  69%|██████▉   | 18/26 [00:00<00:00, 86.53it/s, S=0.0155, loss=0.0193]
Epoch 62/150 [train]:  69%|██████▉   | 18/26 [00:00<00:00, 86.53it/s, S=0.0153, loss=0.0192]
Epoch 62/150 [train]:  69%|██████▉   | 18/26 [00:00<00:00, 86.53it/s, S=0.0154, loss=0.0196]
                                                                                            
Epoch  62/150  train loss=0.0194  val loss=0.1322  S[mean]=0.0154  ζ=0.1786  mean_plane_ζ=0.1789  reg=0.1476  λscale=1.00  lr=4.77e-05

Epoch 63/150 [train]:   0%|          | 0/26 [00:00<?, ?it/s]
Epoch 63/150 [train]:   0%|          | 0/26 [00:00<?, ?it/s, S=0.0154, loss=0.0190]
Epoch 63/150 [train]:   0%|          | 0/26 [00:00<?, ?it/s, S=0.0154, loss=0.0188]
Epoch 63/150 [train]:   0%|          | 0/26 [00:00<?, ?it/s, S=0.0153, loss=0.0197]
Epoch 63/150 [train]:   0%|          | 0/26 [00:00<?, ?it/s, S=0.0154, loss=0.0192]
Epoch 63/150 [train]:   0%|          | 0/26 [00:00<?, ?it/s, S=0.0155, loss=0.0187]
Epoch 63/150 [train]:   0%|          | 0/26 [00:00<?, ?it/s, S=0.0155, loss=0.0181]
Epoch 63/150 [train]:   0%|          | 0/26 [00:00<?, ?it/s, S=0.0155, loss=0.0193]
Epoch 63/150 [train]:   0%|          | 0/26 [00:00<?, ?it/s, S=0.0154, loss=0.0197]
Epoch 63/150 [train]:   0%|          | 0/26 [00:00<?, ?it/s, S=0.0155, loss=0.0193]
Epoch 63/150 [train]:  35%|███▍      | 9/26 [00:00<00:00, 86.17it/s, S=0.0155, loss=0.0193]
Epoch 63/150 [train]:  35%|███▍      | 9/26 [00:00<00:00, 86.17it/s, S=0.0153, loss=0.0188]
Epoch 63/150 [train]:  35%|███▍      | 9/26 [00:00<00:00, 86.17it/s, S=0.0155, loss=0.0190]
Epoch 63/150 [train]:  35%|███▍      | 9/26 [00:00<00:00, 86.17it/s, S=0.0154, loss=0.0193]
Epoch 63/150 [train]:  35%|███▍      | 9/26 [00:00<00:00, 86.17it/s, S=0.0154, loss=0.0191]
Epoch 63/150 [train]:  35%|███▍      | 9/26 [00:00<00:00, 86.17it/s, S=0.0155, loss=0.0182]
Epoch 63/150 [train]:  35%|███▍      | 9/26 [00:00<00:00, 86.17it/s, S=0.0155, loss=0.0197]
Epoch 63/150 [train]:  35%|███▍      | 9/26 [00:00<00:00, 86.17it/s, S=0.0155, loss=0.0202]
Epoch 63/150 [train]:  35%|███▍      | 9/26 [00:00<00:00, 86.17it/s, S=0.0154, loss=0.0192]
Epoch 63/150 [train]:  35%|███▍      | 9/26 [00:00<00:00, 86.17it/s, S=0.0153, loss=0.0193]
Epoch 63/150 [train]:  69%|██████▉   | 18/26 [00:00<00:00, 86.37it/s, S=0.0153, loss=0.0193]
Epoch 63/150 [train]:  69%|██████▉   | 18/26 [00:00<00:00, 86.37it/s, S=0.0154, loss=0.0191]
Epoch 63/150 [train]:  69%|██████▉   | 18/26 [00:00<00:00, 86.37it/s, S=0.0153, loss=0.0194]
Epoch 63/150 [train]:  69%|██████▉   | 18/26 [00:00<00:00, 86.37it/s, S=0.0154, loss=0.0188]
Epoch 63/150 [train]:  69%|██████▉   | 18/26 [00:00<00:00, 86.37it/s, S=0.0154, loss=0.0195]
Epoch 63/150 [train]:  69%|██████▉   | 18/26 [00:00<00:00, 86.37it/s, S=0.0154, loss=0.0184]
Epoch 63/150 [train]:  69%|██████▉   | 18/26 [00:00<00:00, 86.37it/s, S=0.0154, loss=0.0193]
Epoch 63/150 [train]:  69%|██████▉   | 18/26 [00:00<00:00, 86.37it/s, S=0.0154, loss=0.0194]
Epoch 63/150 [train]:  69%|██████▉   | 18/26 [00:00<00:00, 86.37it/s, S=0.0154, loss=0.0202]
                                                                                            
Epoch  63/150  train loss=0.0192  val loss=0.1337  S[mean]=0.0154  ζ=0.1786  mean_plane_ζ=0.1788  reg=0.1491  λscale=1.00  lr=3.68e-05

Epoch 64/150 [train]:   0%|          | 0/26 [00:00<?, ?it/s]
Epoch 64/150 [train]:   0%|          | 0/26 [00:00<?, ?it/s, S=0.0154, loss=0.0193]
Epoch 64/150 [train]:   0%|          | 0/26 [00:00<?, ?it/s, S=0.0154, loss=0.0190]
Epoch 64/150 [train]:   0%|          | 0/26 [00:00<?, ?it/s, S=0.0155, loss=0.0189]
Epoch 64/150 [train]:   0%|          | 0/26 [00:00<?, ?it/s, S=0.0155, loss=0.0185]
Epoch 64/150 [train]:   0%|          | 0/26 [00:00<?, ?it/s, S=0.0153, loss=0.0185]
Epoch 64/150 [train]:   0%|          | 0/26 [00:00<?, ?it/s, S=0.0154, loss=0.0197]
Epoch 64/150 [train]:   0%|          | 0/26 [00:00<?, ?it/s, S=0.0155, loss=0.0180]
Epoch 64/150 [train]:   0%|          | 0/26 [00:00<?, ?it/s, S=0.0154, loss=0.0189]
Epoch 64/150 [train]:   0%|          | 0/26 [00:00<?, ?it/s, S=0.0154, loss=0.0197]
Epoch 64/150 [train]:  35%|███▍      | 9/26 [00:00<00:00, 86.53it/s, S=0.0154, loss=0.0197]
Epoch 64/150 [train]:  35%|███▍      | 9/26 [00:00<00:00, 86.53it/s, S=0.0155, loss=0.0193]
Epoch 64/150 [train]:  35%|███▍      | 9/26 [00:00<00:00, 86.53it/s, S=0.0154, loss=0.0192]
Epoch 64/150 [train]:  35%|███▍      | 9/26 [00:00<00:00, 86.53it/s, S=0.0154, loss=0.0182]
Epoch 64/150 [train]:  35%|███▍      | 9/26 [00:00<00:00, 86.53it/s, S=0.0154, loss=0.0193]
Epoch 64/150 [train]:  35%|███▍      | 9/26 [00:00<00:00, 86.53it/s, S=0.0154, loss=0.0191]
Epoch 64/150 [train]:  35%|███▍      | 9/26 [00:00<00:00, 86.53it/s, S=0.0154, loss=0.0198]
Epoch 64/150 [train]:  35%|███▍      | 9/26 [00:00<00:00, 86.53it/s, S=0.0154, loss=0.0194]
Epoch 64/150 [train]:  35%|███▍      | 9/26 [00:00<00:00, 86.53it/s, S=0.0154, loss=0.0188]
Epoch 64/150 [train]:  35%|███▍      | 9/26 [00:00<00:00, 86.53it/s, S=0.0154, loss=0.0195]
Epoch 64/150 [train]:  69%|██████▉   | 18/26 [00:00<00:00, 86.65it/s, S=0.0154, loss=0.0195]
Epoch 64/150 [train]:  69%|██████▉   | 18/26 [00:00<00:00, 86.65it/s, S=0.0154, loss=0.0194]
Epoch 64/150 [train]:  69%|██████▉   | 18/26 [00:00<00:00, 86.65it/s, S=0.0154, loss=0.0188]
Epoch 64/150 [train]:  69%|██████▉   | 18/26 [00:00<00:00, 86.65it/s, S=0.0153, loss=0.0198]
Epoch 64/150 [train]:  69%|██████▉   | 18/26 [00:00<00:00, 86.65it/s, S=0.0156, loss=0.0194]
Epoch 64/150 [train]:  69%|██████▉   | 18/26 [00:00<00:00, 86.65it/s, S=0.0154, loss=0.0189]
Epoch 64/150 [train]:  69%|██████▉   | 18/26 [00:00<00:00, 86.65it/s, S=0.0154, loss=0.0182]
Epoch 64/150 [train]:  69%|██████▉   | 18/26 [00:00<00:00, 86.65it/s, S=0.0154, loss=0.0180]
Epoch 64/150 [train]:  69%|██████▉   | 18/26 [00:00<00:00, 86.65it/s, S=0.0154, loss=0.0194]
                                                                                            
Epoch  64/150  train loss=0.0190  val loss=0.1347  S[mean]=0.0154  ζ=0.1786  mean_plane_ζ=0.1788  reg=0.1501  λscale=1.00  lr=2.72e-05

Epoch 65/150 [train]:   0%|          | 0/26 [00:00<?, ?it/s]
Epoch 65/150 [train]:   0%|          | 0/26 [00:00<?, ?it/s, S=0.0154, loss=0.0189]
Epoch 65/150 [train]:   0%|          | 0/26 [00:00<?, ?it/s, S=0.0155, loss=0.0195]
Epoch 65/150 [train]:   0%|          | 0/26 [00:00<?, ?it/s, S=0.0154, loss=0.0200]
Epoch 65/150 [train]:   0%|          | 0/26 [00:00<?, ?it/s, S=0.0155, loss=0.0193]
Epoch 65/150 [train]:   0%|          | 0/26 [00:00<?, ?it/s, S=0.0154, loss=0.0190]
Epoch 65/150 [train]:   0%|          | 0/26 [00:00<?, ?it/s, S=0.0155, loss=0.0183]
Epoch 65/150 [train]:   0%|          | 0/26 [00:00<?, ?it/s, S=0.0155, loss=0.0186]
Epoch 65/150 [train]:   0%|          | 0/26 [00:00<?, ?it/s, S=0.0154, loss=0.0189]
Epoch 65/150 [train]:   0%|          | 0/26 [00:00<?, ?it/s, S=0.0156, loss=0.0190]
Epoch 65/150 [train]:  35%|███▍      | 9/26 [00:00<00:00, 86.58it/s, S=0.0156, loss=0.0190]
Epoch 65/150 [train]:  35%|███▍      | 9/26 [00:00<00:00, 86.58it/s, S=0.0155, loss=0.0190]
Epoch 65/150 [train]:  35%|███▍      | 9/26 [00:00<00:00, 86.58it/s, S=0.0155, loss=0.0196]
Epoch 65/150 [train]:  35%|███▍      | 9/26 [00:00<00:00, 86.58it/s, S=0.0154, loss=0.0188]
Epoch 65/150 [train]:  35%|███▍      | 9/26 [00:00<00:00, 86.58it/s, S=0.0155, loss=0.0194]
Epoch 65/150 [train]:  35%|███▍      | 9/26 [00:00<00:00, 86.58it/s, S=0.0154, loss=0.0198]
Epoch 65/150 [train]:  35%|███▍      | 9/26 [00:00<00:00, 86.58it/s, S=0.0155, loss=0.0195]
Epoch 65/150 [train]:  35%|███▍      | 9/26 [00:00<00:00, 86.58it/s, S=0.0154, loss=0.0195]
Epoch 65/150 [train]:  35%|███▍      | 9/26 [00:00<00:00, 86.58it/s, S=0.0154, loss=0.0181]
Epoch 65/150 [train]:  35%|███▍      | 9/26 [00:00<00:00, 86.58it/s, S=0.0154, loss=0.0194]
Epoch 65/150 [train]:  69%|██████▉   | 18/26 [00:00<00:00, 86.71it/s, S=0.0154, loss=0.0194]
Epoch 65/150 [train]:  69%|██████▉   | 18/26 [00:00<00:00, 86.71it/s, S=0.0155, loss=0.0189]
Epoch 65/150 [train]:  69%|██████▉   | 18/26 [00:00<00:00, 86.71it/s, S=0.0154, loss=0.0191]
Epoch 65/150 [train]:  69%|██████▉   | 18/26 [00:00<00:00, 86.71it/s, S=0.0154, loss=0.0198]
Epoch 65/150 [train]:  69%|██████▉   | 18/26 [00:00<00:00, 86.71it/s, S=0.0154, loss=0.0190]
Epoch 65/150 [train]:  69%|██████▉   | 18/26 [00:00<00:00, 86.71it/s, S=0.0154, loss=0.0193]
Epoch 65/150 [train]:  69%|██████▉   | 18/26 [00:00<00:00, 86.71it/s, S=0.0154, loss=0.0199]
Epoch 65/150 [train]:  69%|██████▉   | 18/26 [00:00<00:00, 86.71it/s, S=0.0154, loss=0.0193]
Epoch 65/150 [train]:  69%|██████▉   | 18/26 [00:00<00:00, 86.71it/s, S=0.0154, loss=0.0190]
                                                                                            
Epoch  65/150  train loss=0.0192  val loss=0.1352  S[mean]=0.0154  ζ=0.1786  mean_plane_ζ=0.1788  reg=0.1506  λscale=1.00  lr=1.90e-05

Epoch 66/150 [train]:   0%|          | 0/26 [00:00<?, ?it/s]
Epoch 66/150 [train]:   0%|          | 0/26 [00:00<?, ?it/s, S=0.0154, loss=0.0181]
Epoch 66/150 [train]:   0%|          | 0/26 [00:00<?, ?it/s, S=0.0155, loss=0.0184]
Epoch 66/150 [train]:   0%|          | 0/26 [00:00<?, ?it/s, S=0.0155, loss=0.0189]
Epoch 66/150 [train]:   0%|          | 0/26 [00:00<?, ?it/s, S=0.0154, loss=0.0189]
Epoch 66/150 [train]:   0%|          | 0/26 [00:00<?, ?it/s, S=0.0154, loss=0.0198]
Epoch 66/150 [train]:   0%|          | 0/26 [00:00<?, ?it/s, S=0.0155, loss=0.0193]
Epoch 66/150 [train]:   0%|          | 0/26 [00:00<?, ?it/s, S=0.0154, loss=0.0201]
Epoch 66/150 [train]:   0%|          | 0/26 [00:00<?, ?it/s, S=0.0153, loss=0.0190]
Epoch 66/150 [train]:   0%|          | 0/26 [00:00<?, ?it/s, S=0.0154, loss=0.0190]
Epoch 66/150 [train]:  35%|███▍      | 9/26 [00:00<00:00, 86.58it/s, S=0.0154, loss=0.0190]
Epoch 66/150 [train]:  35%|███▍      | 9/26 [00:00<00:00, 86.58it/s, S=0.0154, loss=0.0192]
Epoch 66/150 [train]:  35%|███▍      | 9/26 [00:00<00:00, 86.58it/s, S=0.0155, loss=0.0194]
Epoch 66/150 [train]:  35%|███▍      | 9/26 [00:00<00:00, 86.58it/s, S=0.0154, loss=0.0189]
Epoch 66/150 [train]:  35%|███▍      | 9/26 [00:00<00:00, 86.58it/s, S=0.0154, loss=0.0189]
Epoch 66/150 [train]:  35%|███▍      | 9/26 [00:00<00:00, 86.58it/s, S=0.0154, loss=0.0192]
Epoch 66/150 [train]:  35%|███▍      | 9/26 [00:00<00:00, 86.58it/s, S=0.0155, loss=0.0187]
Epoch 66/150 [train]:  35%|███▍      | 9/26 [00:00<00:00, 86.58it/s, S=0.0154, loss=0.0181]
Epoch 66/150 [train]:  35%|███▍      | 9/26 [00:00<00:00, 86.58it/s, S=0.0154, loss=0.0181]
Epoch 66/150 [train]:  35%|███▍      | 9/26 [00:00<00:00, 86.58it/s, S=0.0153, loss=0.0193]
Epoch 66/150 [train]:  69%|██████▉   | 18/26 [00:00<00:00, 86.77it/s, S=0.0153, loss=0.0193]
Epoch 66/150 [train]:  69%|██████▉   | 18/26 [00:00<00:00, 86.77it/s, S=0.0154, loss=0.0191]
Epoch 66/150 [train]:  69%|██████▉   | 18/26 [00:00<00:00, 86.77it/s, S=0.0155, loss=0.0186]
Epoch 66/150 [train]:  69%|██████▉   | 18/26 [00:00<00:00, 86.77it/s, S=0.0154, loss=0.0186]
Epoch 66/150 [train]:  69%|██████▉   | 18/26 [00:00<00:00, 86.77it/s, S=0.0156, loss=0.0193]
Epoch 66/150 [train]:  69%|██████▉   | 18/26 [00:00<00:00, 86.77it/s, S=0.0154, loss=0.0196]
Epoch 66/150 [train]:  69%|██████▉   | 18/26 [00:00<00:00, 86.77it/s, S=0.0154, loss=0.0194]
Epoch 66/150 [train]:  69%|██████▉   | 18/26 [00:00<00:00, 86.77it/s, S=0.0154, loss=0.0193]
Epoch 66/150 [train]:  69%|██████▉   | 18/26 [00:00<00:00, 86.77it/s, S=0.0154, loss=0.0199]
                                                                                            
Epoch  66/150  train loss=0.0190  val loss=0.1357  S[mean]=0.0154  ζ=0.1786  mean_plane_ζ=0.1788  reg=0.1511  λscale=1.00  lr=1.22e-05

Epoch 67/150 [train]:   0%|          | 0/26 [00:00<?, ?it/s]
Epoch 67/150 [train]:   0%|          | 0/26 [00:00<?, ?it/s, S=0.0154, loss=0.0180]
Epoch 67/150 [train]:   0%|          | 0/26 [00:00<?, ?it/s, S=0.0155, loss=0.0178]
Epoch 67/150 [train]:   0%|          | 0/26 [00:00<?, ?it/s, S=0.0155, loss=0.0194]
Epoch 67/150 [train]:   0%|          | 0/26 [00:00<?, ?it/s, S=0.0154, loss=0.0189]
Epoch 67/150 [train]:   0%|          | 0/26 [00:00<?, ?it/s, S=0.0155, loss=0.0192]
Epoch 67/150 [train]:   0%|          | 0/26 [00:00<?, ?it/s, S=0.0154, loss=0.0193]
Epoch 67/150 [train]:   0%|          | 0/26 [00:00<?, ?it/s, S=0.0154, loss=0.0192]
Epoch 67/150 [train]:   0%|          | 0/26 [00:00<?, ?it/s, S=0.0154, loss=0.0186]
Epoch 67/150 [train]:   0%|          | 0/26 [00:00<?, ?it/s, S=0.0155, loss=0.0180]
Epoch 67/150 [train]:  35%|███▍      | 9/26 [00:00<00:00, 86.70it/s, S=0.0155, loss=0.0180]
Epoch 67/150 [train]:  35%|███▍      | 9/26 [00:00<00:00, 86.70it/s, S=0.0153, loss=0.0197]
Epoch 67/150 [train]:  35%|███▍      | 9/26 [00:00<00:00, 86.70it/s, S=0.0154, loss=0.0183]
Epoch 67/150 [train]:  35%|███▍      | 9/26 [00:00<00:00, 86.70it/s, S=0.0154, loss=0.0190]
Epoch 67/150 [train]:  35%|███▍      | 9/26 [00:00<00:00, 86.70it/s, S=0.0155, loss=0.0183]
Epoch 67/150 [train]:  35%|███▍      | 9/26 [00:00<00:00, 86.70it/s, S=0.0154, loss=0.0204]
Epoch 67/150 [train]:  35%|███▍      | 9/26 [00:00<00:00, 86.70it/s, S=0.0153, loss=0.0177]
Epoch 67/150 [train]:  35%|███▍      | 9/26 [00:00<00:00, 86.70it/s, S=0.0155, loss=0.0189]
Epoch 67/150 [train]:  35%|███▍      | 9/26 [00:00<00:00, 86.70it/s, S=0.0155, loss=0.0192]
Epoch 67/150 [train]:  35%|███▍      | 9/26 [00:00<00:00, 86.70it/s, S=0.0155, loss=0.0194]
Epoch 67/150 [train]:  69%|██████▉   | 18/26 [00:00<00:00, 86.83it/s, S=0.0155, loss=0.0194]
Epoch 67/150 [train]:  69%|██████▉   | 18/26 [00:00<00:00, 86.83it/s, S=0.0155, loss=0.0187]
Epoch 67/150 [train]:  69%|██████▉   | 18/26 [00:00<00:00, 86.83it/s, S=0.0155, loss=0.0177]
Epoch 67/150 [train]:  69%|██████▉   | 18/26 [00:00<00:00, 86.83it/s, S=0.0154, loss=0.0188]
Epoch 67/150 [train]:  69%|██████▉   | 18/26 [00:00<00:00, 86.83it/s, S=0.0154, loss=0.0193]
Epoch 67/150 [train]:  69%|██████▉   | 18/26 [00:00<00:00, 86.83it/s, S=0.0155, loss=0.0186]
Epoch 67/150 [train]:  69%|██████▉   | 18/26 [00:00<00:00, 86.83it/s, S=0.0154, loss=0.0194]
Epoch 67/150 [train]:  69%|██████▉   | 18/26 [00:00<00:00, 86.83it/s, S=0.0155, loss=0.0187]
Epoch 67/150 [train]:  69%|██████▉   | 18/26 [00:00<00:00, 86.83it/s, S=0.0154, loss=0.0193]
                                                                                            
Epoch  67/150  train loss=0.0188  val loss=0.1360  S[mean]=0.0154  ζ=0.1786  mean_plane_ζ=0.1788  reg=0.1514  λscale=1.00  lr=6.91e-06

Epoch 68/150 [train]:   0%|          | 0/26 [00:00<?, ?it/s]
Epoch 68/150 [train]:   0%|          | 0/26 [00:00<?, ?it/s, S=0.0154, loss=0.0197]
Epoch 68/150 [train]:   0%|          | 0/26 [00:00<?, ?it/s, S=0.0154, loss=0.0185]
Epoch 68/150 [train]:   0%|          | 0/26 [00:00<?, ?it/s, S=0.0154, loss=0.0189]
Epoch 68/150 [train]:   0%|          | 0/26 [00:00<?, ?it/s, S=0.0154, loss=0.0188]
Epoch 68/150 [train]:   0%|          | 0/26 [00:00<?, ?it/s, S=0.0154, loss=0.0186]
Epoch 68/150 [train]:   0%|          | 0/26 [00:00<?, ?it/s, S=0.0155, loss=0.0189]
Epoch 68/150 [train]:   0%|          | 0/26 [00:00<?, ?it/s, S=0.0154, loss=0.0192]
Epoch 68/150 [train]:   0%|          | 0/26 [00:00<?, ?it/s, S=0.0155, loss=0.0185]
Epoch 68/150 [train]:   0%|          | 0/26 [00:00<?, ?it/s, S=0.0154, loss=0.0185]
Epoch 68/150 [train]:  35%|███▍      | 9/26 [00:00<00:00, 86.42it/s, S=0.0154, loss=0.0185]
Epoch 68/150 [train]:  35%|███▍      | 9/26 [00:00<00:00, 86.42it/s, S=0.0155, loss=0.0195]
Epoch 68/150 [train]:  35%|███▍      | 9/26 [00:00<00:00, 86.42it/s, S=0.0153, loss=0.0194]
Epoch 68/150 [train]:  35%|███▍      | 9/26 [00:00<00:00, 86.42it/s, S=0.0154, loss=0.0197]
Epoch 68/150 [train]:  35%|███▍      | 9/26 [00:00<00:00, 86.42it/s, S=0.0154, loss=0.0184]
Epoch 68/150 [train]:  35%|███▍      | 9/26 [00:00<00:00, 86.42it/s, S=0.0154, loss=0.0193]
Epoch 68/150 [train]:  35%|███▍      | 9/26 [00:00<00:00, 86.42it/s, S=0.0154, loss=0.0184]
Epoch 68/150 [train]:  35%|███▍      | 9/26 [00:00<00:00, 86.42it/s, S=0.0154, loss=0.0202]
Epoch 68/150 [train]:  35%|███▍      | 9/26 [00:00<00:00, 86.42it/s, S=0.0154, loss=0.0179]
Epoch 68/150 [train]:  35%|███▍      | 9/26 [00:00<00:00, 86.42it/s, S=0.0153, loss=0.0183]
Epoch 68/150 [train]:  69%|██████▉   | 18/26 [00:00<00:00, 86.68it/s, S=0.0153, loss=0.0183]
Epoch 68/150 [train]:  69%|██████▉   | 18/26 [00:00<00:00, 86.68it/s, S=0.0155, loss=0.0187]
Epoch 68/150 [train]:  69%|██████▉   | 18/26 [00:00<00:00, 86.68it/s, S=0.0154, loss=0.0186]
Epoch 68/150 [train]:  69%|██████▉   | 18/26 [00:00<00:00, 86.68it/s, S=0.0154, loss=0.0187]
Epoch 68/150 [train]:  69%|██████▉   | 18/26 [00:00<00:00, 86.68it/s, S=0.0155, loss=0.0200]
Epoch 68/150 [train]:  69%|██████▉   | 18/26 [00:00<00:00, 86.68it/s, S=0.0154, loss=0.0189]
Epoch 68/150 [train]:  69%|██████▉   | 18/26 [00:00<00:00, 86.68it/s, S=0.0154, loss=0.0186]
Epoch 68/150 [train]:  69%|██████▉   | 18/26 [00:00<00:00, 86.68it/s, S=0.0154, loss=0.0194]
Epoch 68/150 [train]:  69%|██████▉   | 18/26 [00:00<00:00, 86.68it/s, S=0.0155, loss=0.0177]
                                                                                            
Epoch  68/150  train loss=0.0189  val loss=0.1361  S[mean]=0.0154  ζ=0.1786  mean_plane_ζ=0.1788  reg=0.1515  λscale=1.00  lr=3.08e-06

Epoch 69/150 [train]:   0%|          | 0/26 [00:00<?, ?it/s]
Epoch 69/150 [train]:   0%|          | 0/26 [00:00<?, ?it/s, S=0.0155, loss=0.0178]
Epoch 69/150 [train]:   0%|          | 0/26 [00:00<?, ?it/s, S=0.0156, loss=0.0178]
Epoch 69/150 [train]:   0%|          | 0/26 [00:00<?, ?it/s, S=0.0154, loss=0.0183]
Epoch 69/150 [train]:   0%|          | 0/26 [00:00<?, ?it/s, S=0.0154, loss=0.0182]
Epoch 69/150 [train]:   0%|          | 0/26 [00:00<?, ?it/s, S=0.0154, loss=0.0187]
Epoch 69/150 [train]:   0%|          | 0/26 [00:00<?, ?it/s, S=0.0155, loss=0.0181]
Epoch 69/150 [train]:   0%|          | 0/26 [00:00<?, ?it/s, S=0.0154, loss=0.0199]
Epoch 69/150 [train]:   0%|          | 0/26 [00:00<?, ?it/s, S=0.0153, loss=0.0193]
Epoch 69/150 [train]:   0%|          | 0/26 [00:00<?, ?it/s, S=0.0154, loss=0.0181]
Epoch 69/150 [train]:  35%|███▍      | 9/26 [00:00<00:00, 86.59it/s, S=0.0154, loss=0.0181]
Epoch 69/150 [train]:  35%|███▍      | 9/26 [00:00<00:00, 86.59it/s, S=0.0154, loss=0.0188]
Epoch 69/150 [train]:  35%|███▍      | 9/26 [00:00<00:00, 86.59it/s, S=0.0155, loss=0.0183]
Epoch 69/150 [train]:  35%|███▍      | 9/26 [00:00<00:00, 86.59it/s, S=0.0155, loss=0.0200]
Epoch 69/150 [train]:  35%|███▍      | 9/26 [00:00<00:00, 86.59it/s, S=0.0154, loss=0.0191]
Epoch 69/150 [train]:  35%|███▍      | 9/26 [00:00<00:00, 86.59it/s, S=0.0153, loss=0.0192]
Epoch 69/150 [train]:  35%|███▍      | 9/26 [00:00<00:00, 86.59it/s, S=0.0154, loss=0.0183]
Epoch 69/150 [train]:  35%|███▍      | 9/26 [00:00<00:00, 86.59it/s, S=0.0155, loss=0.0191]
Epoch 69/150 [train]:  35%|███▍      | 9/26 [00:00<00:00, 86.59it/s, S=0.0152, loss=0.0193]
Epoch 69/150 [train]:  35%|███▍      | 9/26 [00:00<00:00, 86.59it/s, S=0.0155, loss=0.0193]
Epoch 69/150 [train]:  69%|██████▉   | 18/26 [00:00<00:00, 86.55it/s, S=0.0155, loss=0.0193]
Epoch 69/150 [train]:  69%|██████▉   | 18/26 [00:00<00:00, 86.55it/s, S=0.0155, loss=0.0190]
Epoch 69/150 [train]:  69%|██████▉   | 18/26 [00:00<00:00, 86.55it/s, S=0.0155, loss=0.0186]
Epoch 69/150 [train]:  69%|██████▉   | 18/26 [00:00<00:00, 86.55it/s, S=0.0154, loss=0.0183]
Epoch 69/150 [train]:  69%|██████▉   | 18/26 [00:00<00:00, 86.55it/s, S=0.0154, loss=0.0186]
Epoch 69/150 [train]:  69%|██████▉   | 18/26 [00:00<00:00, 86.55it/s, S=0.0154, loss=0.0193]
Epoch 69/150 [train]:  69%|██████▉   | 18/26 [00:00<00:00, 86.55it/s, S=0.0154, loss=0.0183]
Epoch 69/150 [train]:  69%|██████▉   | 18/26 [00:00<00:00, 86.55it/s, S=0.0155, loss=0.0188]
Epoch 69/150 [train]:  69%|██████▉   | 18/26 [00:00<00:00, 86.55it/s, S=0.0153, loss=0.0189]
                                                                                            
Epoch  69/150  train loss=0.0187  val loss=0.1361  S[mean]=0.0154  ζ=0.1786  mean_plane_ζ=0.1788  reg=0.1515  λscale=1.00  lr=7.71e-07

Epoch 70/150 [train]:   0%|          | 0/26 [00:00<?, ?it/s]
Epoch 70/150 [train]:   0%|          | 0/26 [00:00<?, ?it/s, S=0.0154, loss=0.0183]
Epoch 70/150 [train]:   0%|          | 0/26 [00:00<?, ?it/s, S=0.0155, loss=0.0184]
Epoch 70/150 [train]:   0%|          | 0/26 [00:00<?, ?it/s, S=0.0154, loss=0.0194]
Epoch 70/150 [train]:   0%|          | 0/26 [00:00<?, ?it/s, S=0.0154, loss=0.0190]
Epoch 70/150 [train]:   0%|          | 0/26 [00:00<?, ?it/s, S=0.0155, loss=0.0188]
Epoch 70/150 [train]:   0%|          | 0/26 [00:00<?, ?it/s, S=0.0153, loss=0.0191]
Epoch 70/150 [train]:   0%|          | 0/26 [00:00<?, ?it/s, S=0.0154, loss=0.0194]
Epoch 70/150 [train]:   0%|          | 0/26 [00:00<?, ?it/s, S=0.0154, loss=0.0188]
Epoch 70/150 [train]:   0%|          | 0/26 [00:00<?, ?it/s, S=0.0153, loss=0.0190]
Epoch 70/150 [train]:  35%|███▍      | 9/26 [00:00<00:00, 86.49it/s, S=0.0153, loss=0.0190]
Epoch 70/150 [train]:  35%|███▍      | 9/26 [00:00<00:00, 86.49it/s, S=0.0153, loss=0.0189]
Epoch 70/150 [train]:  35%|███▍      | 9/26 [00:00<00:00, 86.49it/s, S=0.0155, loss=0.0177]
Epoch 70/150 [train]:  35%|███▍      | 9/26 [00:00<00:00, 86.49it/s, S=0.0154, loss=0.0184]
Epoch 70/150 [train]:  35%|███▍      | 9/26 [00:00<00:00, 86.49it/s, S=0.0154, loss=0.0188]
Epoch 70/150 [train]:  35%|███▍      | 9/26 [00:00<00:00, 86.49it/s, S=0.0154, loss=0.0188]
Epoch 70/150 [train]:  35%|███▍      | 9/26 [00:00<00:00, 86.49it/s, S=0.0153, loss=0.0188]
Epoch 70/150 [train]:  35%|███▍      | 9/26 [00:00<00:00, 86.49it/s, S=0.0155, loss=0.0194]
Epoch 70/150 [train]:  35%|███▍      | 9/26 [00:00<00:00, 86.49it/s, S=0.0155, loss=0.0185]
Epoch 70/150 [train]:  35%|███▍      | 9/26 [00:00<00:00, 86.49it/s, S=0.0155, loss=0.0188]
Epoch 70/150 [train]:  69%|██████▉   | 18/26 [00:00<00:00, 86.79it/s, S=0.0155, loss=0.0188]
Epoch 70/150 [train]:  69%|██████▉   | 18/26 [00:00<00:00, 86.79it/s, S=0.0154, loss=0.0179]
Epoch 70/150 [train]:  69%|██████▉   | 18/26 [00:00<00:00, 86.79it/s, S=0.0154, loss=0.0186]
Epoch 70/150 [train]:  69%|██████▉   | 18/26 [00:00<00:00, 86.79it/s, S=0.0155, loss=0.0191]
Epoch 70/150 [train]:  69%|██████▉   | 18/26 [00:00<00:00, 86.79it/s, S=0.0154, loss=0.0185]
Epoch 70/150 [train]:  69%|██████▉   | 18/26 [00:00<00:00, 86.79it/s, S=0.0154, loss=0.0195]
Epoch 70/150 [train]:  69%|██████▉   | 18/26 [00:00<00:00, 86.79it/s, S=0.0154, loss=0.0183]
Epoch 70/150 [train]:  69%|██████▉   | 18/26 [00:00<00:00, 86.79it/s, S=0.0154, loss=0.0189]
Epoch 70/150 [train]:  69%|██████▉   | 18/26 [00:00<00:00, 86.79it/s, S=0.0155, loss=0.0196]
                                                                                            
Epoch  70/150  train loss=0.0188  val loss=0.1362  S[mean]=0.0154  ζ=0.1786  mean_plane_ζ=0.1788  reg=0.1516  λscale=1.00  lr=5.00e-04

Epoch 71/150 [train]:   0%|          | 0/26 [00:00<?, ?it/s]
Epoch 71/150 [train]:   0%|          | 0/26 [00:00<?, ?it/s, S=0.0154, loss=0.0192]
Epoch 71/150 [train]:   0%|          | 0/26 [00:00<?, ?it/s, S=0.0154, loss=0.0192]
Epoch 71/150 [train]:   0%|          | 0/26 [00:00<?, ?it/s, S=0.0155, loss=0.0196]
Epoch 71/150 [train]:   0%|          | 0/26 [00:00<?, ?it/s, S=0.0155, loss=0.0202]
Epoch 71/150 [train]:   0%|          | 0/26 [00:00<?, ?it/s, S=0.0154, loss=0.0212]
Epoch 71/150 [train]:   0%|          | 0/26 [00:00<?, ?it/s, S=0.0155, loss=0.0212]
Epoch 71/150 [train]:   0%|          | 0/26 [00:00<?, ?it/s, S=0.0154, loss=0.0226]
Epoch 71/150 [train]:   0%|          | 0/26 [00:00<?, ?it/s, S=0.0154, loss=0.0218]
Epoch 71/150 [train]:   0%|          | 0/26 [00:00<?, ?it/s, S=0.0155, loss=0.0226]
Epoch 71/150 [train]:  35%|███▍      | 9/26 [00:00<00:00, 86.58it/s, S=0.0155, loss=0.0226]
Epoch 71/150 [train]:  35%|███▍      | 9/26 [00:00<00:00, 86.58it/s, S=0.0154, loss=0.0234]
Epoch 71/150 [train]:  35%|███▍      | 9/26 [00:00<00:00, 86.58it/s, S=0.0154, loss=0.0234]
Epoch 71/150 [train]:  35%|███▍      | 9/26 [00:00<00:00, 86.58it/s, S=0.0154, loss=0.0216]
Epoch 71/150 [train]:  35%|███▍      | 9/26 [00:00<00:00, 86.58it/s, S=0.0153, loss=0.0241]
Epoch 71/150 [train]:  35%|███▍      | 9/26 [00:00<00:00, 86.58it/s, S=0.0154, loss=0.0225]
Epoch 71/150 [train]:  35%|███▍      | 9/26 [00:00<00:00, 86.58it/s, S=0.0155, loss=0.0230]
Epoch 71/150 [train]:  35%|███▍      | 9/26 [00:00<00:00, 86.58it/s, S=0.0154, loss=0.0227]
Epoch 71/150 [train]:  35%|███▍      | 9/26 [00:00<00:00, 86.58it/s, S=0.0154, loss=0.0227]
Epoch 71/150 [train]:  35%|███▍      | 9/26 [00:00<00:00, 86.58it/s, S=0.0154, loss=0.0229]
Epoch 71/150 [train]:  69%|██████▉   | 18/26 [00:00<00:00, 86.71it/s, S=0.0154, loss=0.0229]
Epoch 71/150 [train]:  69%|██████▉   | 18/26 [00:00<00:00, 86.71it/s, S=0.0154, loss=0.0227]
Epoch 71/150 [train]:  69%|██████▉   | 18/26 [00:00<00:00, 86.71it/s, S=0.0154, loss=0.0240]
Epoch 71/150 [train]:  69%|██████▉   | 18/26 [00:00<00:00, 86.71it/s, S=0.0155, loss=0.0219]
Epoch 71/150 [train]:  69%|██████▉   | 18/26 [00:00<00:00, 86.71it/s, S=0.0155, loss=0.0223]
Epoch 71/150 [train]:  69%|██████▉   | 18/26 [00:00<00:00, 86.71it/s, S=0.0154, loss=0.0238]
Epoch 71/150 [train]:  69%|██████▉   | 18/26 [00:00<00:00, 86.71it/s, S=0.0154, loss=0.0229]
Epoch 71/150 [train]:  69%|██████▉   | 18/26 [00:00<00:00, 86.71it/s, S=0.0154, loss=0.0239]
Epoch 71/150 [train]:  69%|██████▉   | 18/26 [00:00<00:00, 86.71it/s, S=0.0154, loss=0.0235]
                                                                                            
Epoch  71/150  train loss=0.0223  val loss=0.1502  S[mean]=0.0154  ζ=0.1784  mean_plane_ζ=0.1787  reg=0.1656  λscale=1.00  lr=5.00e-04

Epoch 72/150 [train]:   0%|          | 0/26 [00:00<?, ?it/s]
Epoch 72/150 [train]:   0%|          | 0/26 [00:00<?, ?it/s, S=0.0154, loss=0.0229]
Epoch 72/150 [train]:   0%|          | 0/26 [00:00<?, ?it/s, S=0.0155, loss=0.0225]
Epoch 72/150 [train]:   0%|          | 0/26 [00:00<?, ?it/s, S=0.0154, loss=0.0233]
Epoch 72/150 [train]:   0%|          | 0/26 [00:00<?, ?it/s, S=0.0154, loss=0.0214]
Epoch 72/150 [train]:   0%|          | 0/26 [00:00<?, ?it/s, S=0.0154, loss=0.0234]
Epoch 72/150 [train]:   0%|          | 0/26 [00:00<?, ?it/s, S=0.0154, loss=0.0228]
Epoch 72/150 [train]:   0%|          | 0/26 [00:00<?, ?it/s, S=0.0154, loss=0.0215]
Epoch 72/150 [train]:   0%|          | 0/26 [00:00<?, ?it/s, S=0.0155, loss=0.0241]
Epoch 72/150 [train]:   0%|          | 0/26 [00:00<?, ?it/s, S=0.0154, loss=0.0240]
Epoch 72/150 [train]:  35%|███▍      | 9/26 [00:00<00:00, 86.79it/s, S=0.0154, loss=0.0240]
Epoch 72/150 [train]:  35%|███▍      | 9/26 [00:00<00:00, 86.79it/s, S=0.0154, loss=0.0233]
Epoch 72/150 [train]:  35%|███▍      | 9/26 [00:00<00:00, 86.79it/s, S=0.0155, loss=0.0231]
Epoch 72/150 [train]:  35%|███▍      | 9/26 [00:00<00:00, 86.79it/s, S=0.0153, loss=0.0237]
Epoch 72/150 [train]:  35%|███▍      | 9/26 [00:00<00:00, 86.79it/s, S=0.0154, loss=0.0241]
Epoch 72/150 [train]:  35%|███▍      | 9/26 [00:00<00:00, 86.79it/s, S=0.0154, loss=0.0231]
Epoch 72/150 [train]:  35%|███▍      | 9/26 [00:00<00:00, 86.79it/s, S=0.0153, loss=0.0227]
Epoch 72/150 [train]:  35%|███▍      | 9/26 [00:00<00:00, 86.79it/s, S=0.0154, loss=0.0236]
Epoch 72/150 [train]:  35%|███▍      | 9/26 [00:00<00:00, 86.79it/s, S=0.0155, loss=0.0226]
Epoch 72/150 [train]:  35%|███▍      | 9/26 [00:00<00:00, 86.79it/s, S=0.0154, loss=0.0228]
Epoch 72/150 [train]:  69%|██████▉   | 18/26 [00:00<00:00, 86.63it/s, S=0.0154, loss=0.0228]
Epoch 72/150 [train]:  69%|██████▉   | 18/26 [00:00<00:00, 86.63it/s, S=0.0154, loss=0.0228]
Epoch 72/150 [train]:  69%|██████▉   | 18/26 [00:00<00:00, 86.63it/s, S=0.0154, loss=0.0237]
Epoch 72/150 [train]:  69%|██████▉   | 18/26 [00:00<00:00, 86.63it/s, S=0.0155, loss=0.0231]
Epoch 72/150 [train]:  69%|██████▉   | 18/26 [00:00<00:00, 86.63it/s, S=0.0154, loss=0.0226]
Epoch 72/150 [train]:  69%|██████▉   | 18/26 [00:00<00:00, 86.63it/s, S=0.0154, loss=0.0225]
Epoch 72/150 [train]:  69%|██████▉   | 18/26 [00:00<00:00, 86.63it/s, S=0.0155, loss=0.0229]
Epoch 72/150 [train]:  69%|██████▉   | 18/26 [00:00<00:00, 86.63it/s, S=0.0153, loss=0.0232]
Epoch 72/150 [train]:  69%|██████▉   | 18/26 [00:00<00:00, 86.63it/s, S=0.0155, loss=0.0226]
                                                                                            
Epoch  72/150  train loss=0.0230  val loss=0.1608  S[mean]=0.0154  ζ=0.1782  mean_plane_ζ=0.1786  reg=0.1762  λscale=1.00  lr=4.99e-04

Epoch 73/150 [train]:   0%|          | 0/26 [00:00<?, ?it/s]
Epoch 73/150 [train]:   0%|          | 0/26 [00:00<?, ?it/s, S=0.0155, loss=0.0225]
Epoch 73/150 [train]:   0%|          | 0/26 [00:00<?, ?it/s, S=0.0154, loss=0.0226]
Epoch 73/150 [train]:   0%|          | 0/26 [00:00<?, ?it/s, S=0.0154, loss=0.0234]
Epoch 73/150 [train]:   0%|          | 0/26 [00:00<?, ?it/s, S=0.0154, loss=0.0234]
Epoch 73/150 [train]:   0%|          | 0/26 [00:00<?, ?it/s, S=0.0153, loss=0.0233]
Epoch 73/150 [train]:   0%|          | 0/26 [00:00<?, ?it/s, S=0.0154, loss=0.0228]
Epoch 73/150 [train]:   0%|          | 0/26 [00:00<?, ?it/s, S=0.0154, loss=0.0230]
Epoch 73/150 [train]:   0%|          | 0/26 [00:00<?, ?it/s, S=0.0155, loss=0.0242]
Epoch 73/150 [train]:   0%|          | 0/26 [00:00<?, ?it/s, S=0.0155, loss=0.0226]
Epoch 73/150 [train]:  35%|███▍      | 9/26 [00:00<00:00, 86.75it/s, S=0.0155, loss=0.0226]
Epoch 73/150 [train]:  35%|███▍      | 9/26 [00:00<00:00, 86.75it/s, S=0.0154, loss=0.0224]
Epoch 73/150 [train]:  35%|███▍      | 9/26 [00:00<00:00, 86.75it/s, S=0.0154, loss=0.0239]
Epoch 73/150 [train]:  35%|███▍      | 9/26 [00:00<00:00, 86.75it/s, S=0.0154, loss=0.0222]
Epoch 73/150 [train]:  35%|███▍      | 9/26 [00:00<00:00, 86.75it/s, S=0.0154, loss=0.0226]
Epoch 73/150 [train]:  35%|███▍      | 9/26 [00:00<00:00, 86.75it/s, S=0.0155, loss=0.0235]
Epoch 73/150 [train]:  35%|███▍      | 9/26 [00:00<00:00, 86.75it/s, S=0.0154, loss=0.0227]
Epoch 73/150 [train]:  35%|███▍      | 9/26 [00:00<00:00, 86.75it/s, S=0.0154, loss=0.0231]
Epoch 73/150 [train]:  35%|███▍      | 9/26 [00:00<00:00, 86.75it/s, S=0.0154, loss=0.0242]
Epoch 73/150 [train]:  35%|███▍      | 9/26 [00:00<00:00, 86.75it/s, S=0.0154, loss=0.0234]
Epoch 73/150 [train]:  69%|██████▉   | 18/26 [00:00<00:00, 86.83it/s, S=0.0154, loss=0.0234]
Epoch 73/150 [train]:  69%|██████▉   | 18/26 [00:00<00:00, 86.83it/s, S=0.0154, loss=0.0233]
Epoch 73/150 [train]:  69%|██████▉   | 18/26 [00:00<00:00, 86.83it/s, S=0.0154, loss=0.0231]
Epoch 73/150 [train]:  69%|██████▉   | 18/26 [00:00<00:00, 86.83it/s, S=0.0154, loss=0.0231]
Epoch 73/150 [train]:  69%|██████▉   | 18/26 [00:00<00:00, 86.83it/s, S=0.0155, loss=0.0225]
Epoch 73/150 [train]:  69%|██████▉   | 18/26 [00:00<00:00, 86.83it/s, S=0.0154, loss=0.0226]
Epoch 73/150 [train]:  69%|██████▉   | 18/26 [00:00<00:00, 86.83it/s, S=0.0155, loss=0.0233]
Epoch 73/150 [train]:  69%|██████▉   | 18/26 [00:00<00:00, 86.83it/s, S=0.0154, loss=0.0236]
Epoch 73/150 [train]:  69%|██████▉   | 18/26 [00:00<00:00, 86.83it/s, S=0.0155, loss=0.0225]
                                                                                            
Epoch  73/150  train loss=0.0231  val loss=0.1710  S[mean]=0.0154  ζ=0.1780  mean_plane_ζ=0.1784  reg=0.1864  λscale=1.00  lr=4.98e-04

Epoch 74/150 [train]:   0%|          | 0/26 [00:00<?, ?it/s]
Epoch 74/150 [train]:   0%|          | 0/26 [00:00<?, ?it/s, S=0.0155, loss=0.0216]
Epoch 74/150 [train]:   0%|          | 0/26 [00:00<?, ?it/s, S=0.0154, loss=0.0220]
Epoch 74/150 [train]:   0%|          | 0/26 [00:00<?, ?it/s, S=0.0155, loss=0.0230]
Epoch 74/150 [train]:   0%|          | 0/26 [00:00<?, ?it/s, S=0.0154, loss=0.0228]
Epoch 74/150 [train]:   0%|          | 0/26 [00:00<?, ?it/s, S=0.0154, loss=0.0210]
Epoch 74/150 [train]:   0%|          | 0/26 [00:00<?, ?it/s, S=0.0153, loss=0.0213]
Epoch 74/150 [train]:   0%|          | 0/26 [00:00<?, ?it/s, S=0.0156, loss=0.0224]
Epoch 74/150 [train]:   0%|          | 0/26 [00:00<?, ?it/s, S=0.0155, loss=0.0229]
Epoch 74/150 [train]:   0%|          | 0/26 [00:00<?, ?it/s, S=0.0155, loss=0.0222]
Epoch 74/150 [train]:  35%|███▍      | 9/26 [00:00<00:00, 86.60it/s, S=0.0155, loss=0.0222]
Epoch 74/150 [train]:  35%|███▍      | 9/26 [00:00<00:00, 86.60it/s, S=0.0153, loss=0.0235]
Epoch 74/150 [train]:  35%|███▍      | 9/26 [00:00<00:00, 86.60it/s, S=0.0155, loss=0.0222]
Epoch 74/150 [train]:  35%|███▍      | 9/26 [00:00<00:00, 86.60it/s, S=0.0155, loss=0.0221]
Epoch 74/150 [train]:  35%|███▍      | 9/26 [00:00<00:00, 86.60it/s, S=0.0155, loss=0.0230]
Epoch 74/150 [train]:  35%|███▍      | 9/26 [00:00<00:00, 86.60it/s, S=0.0155, loss=0.0228]
Epoch 74/150 [train]:  35%|███▍      | 9/26 [00:00<00:00, 86.60it/s, S=0.0154, loss=0.0217]
Epoch 74/150 [train]:  35%|███▍      | 9/26 [00:00<00:00, 86.60it/s, S=0.0155, loss=0.0223]
Epoch 74/150 [train]:  35%|███▍      | 9/26 [00:00<00:00, 86.60it/s, S=0.0154, loss=0.0215]
Epoch 74/150 [train]:  35%|███▍      | 9/26 [00:00<00:00, 86.60it/s, S=0.0154, loss=0.0230]
Epoch 74/150 [train]:  69%|██████▉   | 18/26 [00:00<00:00, 86.79it/s, S=0.0154, loss=0.0230]
Epoch 74/150 [train]:  69%|██████▉   | 18/26 [00:00<00:00, 86.79it/s, S=0.0154, loss=0.0233]
Epoch 74/150 [train]:  69%|██████▉   | 18/26 [00:00<00:00, 86.79it/s, S=0.0154, loss=0.0237]
Epoch 74/150 [train]:  69%|██████▉   | 18/26 [00:00<00:00, 86.79it/s, S=0.0155, loss=0.0234]
Epoch 74/150 [train]:  69%|██████▉   | 18/26 [00:00<00:00, 86.79it/s, S=0.0155, loss=0.0229]
Epoch 74/150 [train]:  69%|██████▉   | 18/26 [00:00<00:00, 86.79it/s, S=0.0154, loss=0.0232]
Epoch 74/150 [train]:  69%|██████▉   | 18/26 [00:00<00:00, 86.79it/s, S=0.0155, loss=0.0221]
Epoch 74/150 [train]:  69%|██████▉   | 18/26 [00:00<00:00, 86.79it/s, S=0.0154, loss=0.0228]
Epoch 74/150 [train]:  69%|██████▉   | 18/26 [00:00<00:00, 86.79it/s, S=0.0154, loss=0.0231]
                                                                                            
Epoch  74/150  train loss=0.0225  val loss=0.1846  S[mean]=0.0154  ζ=0.1778  mean_plane_ζ=0.1782  reg=0.2000  λscale=1.00  lr=4.97e-04

Epoch 75/150 [train]:   0%|          | 0/26 [00:00<?, ?it/s]
Epoch 75/150 [train]:   0%|          | 0/26 [00:00<?, ?it/s, S=0.0155, loss=0.0212]
Epoch 75/150 [train]:   0%|          | 0/26 [00:00<?, ?it/s, S=0.0154, loss=0.0210]
Epoch 75/150 [train]:   0%|          | 0/26 [00:00<?, ?it/s, S=0.0155, loss=0.0213]
Epoch 75/150 [train]:   0%|          | 0/26 [00:00<?, ?it/s, S=0.0156, loss=0.0224]
Epoch 75/150 [train]:   0%|          | 0/26 [00:00<?, ?it/s, S=0.0155, loss=0.0218]
Epoch 75/150 [train]:   0%|          | 0/26 [00:00<?, ?it/s, S=0.0154, loss=0.0241]
Epoch 75/150 [train]:   0%|          | 0/26 [00:00<?, ?it/s, S=0.0153, loss=0.0219]
Epoch 75/150 [train]:   0%|          | 0/26 [00:00<?, ?it/s, S=0.0154, loss=0.0234]
Epoch 75/150 [train]:   0%|          | 0/26 [00:00<?, ?it/s, S=0.0155, loss=0.0222]
Epoch 75/150 [train]:  35%|███▍      | 9/26 [00:00<00:00, 86.29it/s, S=0.0155, loss=0.0222]
Epoch 75/150 [train]:  35%|███▍      | 9/26 [00:00<00:00, 86.29it/s, S=0.0154, loss=0.0225]
Epoch 75/150 [train]:  35%|███▍      | 9/26 [00:00<00:00, 86.29it/s, S=0.0154, loss=0.0218]
Epoch 75/150 [train]:  35%|███▍      | 9/26 [00:00<00:00, 86.29it/s, S=0.0154, loss=0.0229]
Epoch 75/150 [train]:  35%|███▍      | 9/26 [00:00<00:00, 86.29it/s, S=0.0154, loss=0.0223]
Epoch 75/150 [train]:  35%|███▍      | 9/26 [00:00<00:00, 86.29it/s, S=0.0155, loss=0.0228]
Epoch 75/150 [train]:  35%|███▍      | 9/26 [00:00<00:00, 86.29it/s, S=0.0154, loss=0.0229]
Epoch 75/150 [train]:  35%|███▍      | 9/26 [00:00<00:00, 86.29it/s, S=0.0154, loss=0.0218]
Epoch 75/150 [train]:  35%|███▍      | 9/26 [00:00<00:00, 86.29it/s, S=0.0156, loss=0.0213]
Epoch 75/150 [train]:  35%|███▍      | 9/26 [00:00<00:00, 86.29it/s, S=0.0154, loss=0.0223]
Epoch 75/150 [train]:  69%|██████▉   | 18/26 [00:00<00:00, 86.43it/s, S=0.0154, loss=0.0223]
Epoch 75/150 [train]:  69%|██████▉   | 18/26 [00:00<00:00, 86.43it/s, S=0.0154, loss=0.0219]
Epoch 75/150 [train]:  69%|██████▉   | 18/26 [00:00<00:00, 86.43it/s, S=0.0154, loss=0.0224]
Epoch 75/150 [train]:  69%|██████▉   | 18/26 [00:00<00:00, 86.43it/s, S=0.0154, loss=0.0210]
Epoch 75/150 [train]:  69%|██████▉   | 18/26 [00:00<00:00, 86.43it/s, S=0.0153, loss=0.0212]
Epoch 75/150 [train]:  69%|██████▉   | 18/26 [00:00<00:00, 86.43it/s, S=0.0154, loss=0.0216]
Epoch 75/150 [train]:  69%|██████▉   | 18/26 [00:00<00:00, 86.43it/s, S=0.0153, loss=0.0218]
Epoch 75/150 [train]:  69%|██████▉   | 18/26 [00:00<00:00, 86.43it/s, S=0.0154, loss=0.0224]
Epoch 75/150 [train]:  69%|██████▉   | 18/26 [00:00<00:00, 86.43it/s, S=0.0155, loss=0.0231]
                                                                                            
Epoch  75/150  train loss=0.0221  val loss=0.1957  S[mean]=0.0154  ζ=0.1777  mean_plane_ζ=0.1781  reg=0.2111  λscale=1.00  lr=4.95e-04

Epoch 76/150 [train]:   0%|          | 0/26 [00:00<?, ?it/s]
Epoch 76/150 [train]:   0%|          | 0/26 [00:00<?, ?it/s, S=0.0154, loss=0.0223]
Epoch 76/150 [train]:   0%|          | 0/26 [00:00<?, ?it/s, S=0.0154, loss=0.0218]
Epoch 76/150 [train]:   0%|          | 0/26 [00:00<?, ?it/s, S=0.0153, loss=0.0227]
Epoch 76/150 [train]:   0%|          | 0/26 [00:00<?, ?it/s, S=0.0155, loss=0.0221]
Epoch 76/150 [train]:   0%|          | 0/26 [00:00<?, ?it/s, S=0.0154, loss=0.0211]
Epoch 76/150 [train]:   0%|          | 0/26 [00:00<?, ?it/s, S=0.0154, loss=0.0234]
Epoch 76/150 [train]:   0%|          | 0/26 [00:00<?, ?it/s, S=0.0155, loss=0.0221]
Epoch 76/150 [train]:   0%|          | 0/26 [00:00<?, ?it/s, S=0.0155, loss=0.0221]
Epoch 76/150 [train]:   0%|          | 0/26 [00:00<?, ?it/s, S=0.0155, loss=0.0225]
Epoch 76/150 [train]:  35%|███▍      | 9/26 [00:00<00:00, 86.30it/s, S=0.0155, loss=0.0225]
Epoch 76/150 [train]:  35%|███▍      | 9/26 [00:00<00:00, 86.30it/s, S=0.0154, loss=0.0205]
Epoch 76/150 [train]:  35%|███▍      | 9/26 [00:00<00:00, 86.30it/s, S=0.0155, loss=0.0216]
Epoch 76/150 [train]:  35%|███▍      | 9/26 [00:00<00:00, 86.30it/s, S=0.0154, loss=0.0220]
Epoch 76/150 [train]:  35%|███▍      | 9/26 [00:00<00:00, 86.30it/s, S=0.0155, loss=0.0216]
Epoch 76/150 [train]:  35%|███▍      | 9/26 [00:00<00:00, 86.30it/s, S=0.0155, loss=0.0221]
Epoch 76/150 [train]:  35%|███▍      | 9/26 [00:00<00:00, 86.30it/s, S=0.0155, loss=0.0226]
Epoch 76/150 [train]:  35%|███▍      | 9/26 [00:00<00:00, 86.30it/s, S=0.0154, loss=0.0233]
Epoch 76/150 [train]:  35%|███▍      | 9/26 [00:00<00:00, 86.30it/s, S=0.0154, loss=0.0224]
Epoch 76/150 [train]:  35%|███▍      | 9/26 [00:00<00:00, 86.30it/s, S=0.0154, loss=0.0216]
Epoch 76/150 [train]:  69%|██████▉   | 18/26 [00:00<00:00, 86.56it/s, S=0.0154, loss=0.0216]
Epoch 76/150 [train]:  69%|██████▉   | 18/26 [00:00<00:00, 86.56it/s, S=0.0154, loss=0.0229]
Epoch 76/150 [train]:  69%|██████▉   | 18/26 [00:00<00:00, 86.56it/s, S=0.0155, loss=0.0207]
Epoch 76/150 [train]:  69%|██████▉   | 18/26 [00:00<00:00, 86.56it/s, S=0.0154, loss=0.0212]
Epoch 76/150 [train]:  69%|██████▉   | 18/26 [00:00<00:00, 86.56it/s, S=0.0154, loss=0.0219]
Epoch 76/150 [train]:  69%|██████▉   | 18/26 [00:00<00:00, 86.56it/s, S=0.0155, loss=0.0219]
Epoch 76/150 [train]:  69%|██████▉   | 18/26 [00:00<00:00, 86.56it/s, S=0.0155, loss=0.0207]
Epoch 76/150 [train]:  69%|██████▉   | 18/26 [00:00<00:00, 86.56it/s, S=0.0154, loss=0.0228]
Epoch 76/150 [train]:  69%|██████▉   | 18/26 [00:00<00:00, 86.56it/s, S=0.0154, loss=0.0212]
                                                                                            
Epoch  76/150  train loss=0.0220  val loss=0.2115  S[mean]=0.0154  ζ=0.1775  mean_plane_ζ=0.1779  reg=0.2269  λscale=1.00  lr=4.93e-04

Epoch 77/150 [train]:   0%|          | 0/26 [00:00<?, ?it/s]
Epoch 77/150 [train]:   0%|          | 0/26 [00:00<?, ?it/s, S=0.0154, loss=0.0214]
Epoch 77/150 [train]:   0%|          | 0/26 [00:00<?, ?it/s, S=0.0155, loss=0.0205]
Epoch 77/150 [train]:   0%|          | 0/26 [00:00<?, ?it/s, S=0.0154, loss=0.0227]
Epoch 77/150 [train]:   0%|          | 0/26 [00:00<?, ?it/s, S=0.0153, loss=0.0213]
Epoch 77/150 [train]:   0%|          | 0/26 [00:00<?, ?it/s, S=0.0154, loss=0.0224]
Epoch 77/150 [train]:   0%|          | 0/26 [00:00<?, ?it/s, S=0.0155, loss=0.0214]
Epoch 77/150 [train]:   0%|          | 0/26 [00:00<?, ?it/s, S=0.0155, loss=0.0223]
Epoch 77/150 [train]:   0%|          | 0/26 [00:00<?, ?it/s, S=0.0155, loss=0.0214]
Epoch 77/150 [train]:   0%|          | 0/26 [00:00<?, ?it/s, S=0.0154, loss=0.0228]
Epoch 77/150 [train]:  35%|███▍      | 9/26 [00:00<00:00, 86.35it/s, S=0.0154, loss=0.0228]
Epoch 77/150 [train]:  35%|███▍      | 9/26 [00:00<00:00, 86.35it/s, S=0.0154, loss=0.0227]
Epoch 77/150 [train]:  35%|███▍      | 9/26 [00:00<00:00, 86.35it/s, S=0.0154, loss=0.0218]
Epoch 77/150 [train]:  35%|███▍      | 9/26 [00:00<00:00, 86.35it/s, S=0.0153, loss=0.0218]
Epoch 77/150 [train]:  35%|███▍      | 9/26 [00:00<00:00, 86.35it/s, S=0.0155, loss=0.0223]
Epoch 77/150 [train]:  35%|███▍      | 9/26 [00:00<00:00, 86.35it/s, S=0.0154, loss=0.0212]
Epoch 77/150 [train]:  35%|███▍      | 9/26 [00:00<00:00, 86.35it/s, S=0.0153, loss=0.0228]
Epoch 77/150 [train]:  35%|███▍      | 9/26 [00:00<00:00, 86.35it/s, S=0.0156, loss=0.0210]
Epoch 77/150 [train]:  35%|███▍      | 9/26 [00:00<00:00, 86.35it/s, S=0.0155, loss=0.0223]
Epoch 77/150 [train]:  35%|███▍      | 9/26 [00:00<00:00, 86.35it/s, S=0.0153, loss=0.0218]
Epoch 77/150 [train]:  69%|██████▉   | 18/26 [00:00<00:00, 86.59it/s, S=0.0153, loss=0.0218]
Epoch 77/150 [train]:  69%|██████▉   | 18/26 [00:00<00:00, 86.59it/s, S=0.0154, loss=0.0206]
Epoch 77/150 [train]:  69%|██████▉   | 18/26 [00:00<00:00, 86.59it/s, S=0.0154, loss=0.0209]
Epoch 77/150 [train]:  69%|██████▉   | 18/26 [00:00<00:00, 86.59it/s, S=0.0155, loss=0.0213]
Epoch 77/150 [train]:  69%|██████▉   | 18/26 [00:00<00:00, 86.59it/s, S=0.0154, loss=0.0227]
Epoch 77/150 [train]:  69%|██████▉   | 18/26 [00:00<00:00, 86.59it/s, S=0.0154, loss=0.0225]
Epoch 77/150 [train]:  69%|██████▉   | 18/26 [00:00<00:00, 86.59it/s, S=0.0154, loss=0.0235]
Epoch 77/150 [train]:  69%|██████▉   | 18/26 [00:00<00:00, 86.59it/s, S=0.0155, loss=0.0226]
Epoch 77/150 [train]:  69%|██████▉   | 18/26 [00:00<00:00, 86.59it/s, S=0.0154, loss=0.0210]
                                                                                            
Epoch  77/150  train loss=0.0219  val loss=0.2256  S[mean]=0.0154  ζ=0.1774  mean_plane_ζ=0.1779  reg=0.2410  λscale=1.00  lr=4.91e-04

Epoch 78/150 [train]:   0%|          | 0/26 [00:00<?, ?it/s]
Epoch 78/150 [train]:   0%|          | 0/26 [00:00<?, ?it/s, S=0.0154, loss=0.0209]
Epoch 78/150 [train]:   0%|          | 0/26 [00:00<?, ?it/s, S=0.0155, loss=0.0206]
Epoch 78/150 [train]:   0%|          | 0/26 [00:00<?, ?it/s, S=0.0155, loss=0.0205]
Epoch 78/150 [train]:   0%|          | 0/26 [00:00<?, ?it/s, S=0.0154, loss=0.0214]
Epoch 78/150 [train]:   0%|          | 0/26 [00:00<?, ?it/s, S=0.0155, loss=0.0212]
Epoch 78/150 [train]:   0%|          | 0/26 [00:00<?, ?it/s, S=0.0154, loss=0.0218]
Epoch 78/150 [train]:   0%|          | 0/26 [00:00<?, ?it/s, S=0.0153, loss=0.0222]
Epoch 78/150 [train]:   0%|          | 0/26 [00:00<?, ?it/s, S=0.0154, loss=0.0214]
Epoch 78/150 [train]:   0%|          | 0/26 [00:00<?, ?it/s, S=0.0155, loss=0.0222]
Epoch 78/150 [train]:  35%|███▍      | 9/26 [00:00<00:00, 86.58it/s, S=0.0155, loss=0.0222]
Epoch 78/150 [train]:  35%|███▍      | 9/26 [00:00<00:00, 86.58it/s, S=0.0154, loss=0.0212]
Epoch 78/150 [train]:  35%|███▍      | 9/26 [00:00<00:00, 86.58it/s, S=0.0154, loss=0.0211]
Epoch 78/150 [train]:  35%|███▍      | 9/26 [00:00<00:00, 86.58it/s, S=0.0154, loss=0.0207]
Epoch 78/150 [train]:  35%|███▍      | 9/26 [00:00<00:00, 86.58it/s, S=0.0155, loss=0.0222]
Epoch 78/150 [train]:  35%|███▍      | 9/26 [00:00<00:00, 86.58it/s, S=0.0154, loss=0.0219]
Epoch 78/150 [train]:  35%|███▍      | 9/26 [00:00<00:00, 86.58it/s, S=0.0154, loss=0.0219]
Epoch 78/150 [train]:  35%|███▍      | 9/26 [00:00<00:00, 86.58it/s, S=0.0155, loss=0.0212]
Epoch 78/150 [train]:  35%|███▍      | 9/26 [00:00<00:00, 86.58it/s, S=0.0154, loss=0.0197]
Epoch 78/150 [train]:  35%|███▍      | 9/26 [00:00<00:00, 86.58it/s, S=0.0155, loss=0.0212]
Epoch 78/150 [train]:  69%|██████▉   | 18/26 [00:00<00:00, 86.50it/s, S=0.0155, loss=0.0212]
Epoch 78/150 [train]:  69%|██████▉   | 18/26 [00:00<00:00, 86.50it/s, S=0.0155, loss=0.0221]
Epoch 78/150 [train]:  69%|██████▉   | 18/26 [00:00<00:00, 86.50it/s, S=0.0154, loss=0.0205]
Epoch 78/150 [train]:  69%|██████▉   | 18/26 [00:00<00:00, 86.50it/s, S=0.0155, loss=0.0213]
Epoch 78/150 [train]:  69%|██████▉   | 18/26 [00:00<00:00, 86.50it/s, S=0.0154, loss=0.0207]
Epoch 78/150 [train]:  69%|██████▉   | 18/26 [00:00<00:00, 86.50it/s, S=0.0154, loss=0.0217]
Epoch 78/150 [train]:  69%|██████▉   | 18/26 [00:00<00:00, 86.50it/s, S=0.0154, loss=0.0214]
Epoch 78/150 [train]:  69%|██████▉   | 18/26 [00:00<00:00, 86.50it/s, S=0.0154, loss=0.0203]
Epoch 78/150 [train]:  69%|██████▉   | 18/26 [00:00<00:00, 86.50it/s, S=0.0155, loss=0.0213]
                                                                                            
Epoch  78/150  train loss=0.0213  val loss=0.2432  S[mean]=0.0154  ζ=0.1770  mean_plane_ζ=0.1776  reg=0.2586  λscale=1.00  lr=4.88e-04

Epoch 79/150 [train]:   0%|          | 0/26 [00:00<?, ?it/s]
Epoch 79/150 [train]:   0%|          | 0/26 [00:00<?, ?it/s, S=0.0156, loss=0.0205]
Epoch 79/150 [train]:   0%|          | 0/26 [00:00<?, ?it/s, S=0.0154, loss=0.0203]
Epoch 79/150 [train]:   0%|          | 0/26 [00:00<?, ?it/s, S=0.0154, loss=0.0199]
Epoch 79/150 [train]:   0%|          | 0/26 [00:00<?, ?it/s, S=0.0154, loss=0.0210]
Epoch 79/150 [train]:   0%|          | 0/26 [00:00<?, ?it/s, S=0.0155, loss=0.0215]
Epoch 79/150 [train]:   0%|          | 0/26 [00:00<?, ?it/s, S=0.0154, loss=0.0199]
Epoch 79/150 [train]:   0%|          | 0/26 [00:00<?, ?it/s, S=0.0155, loss=0.0208]
Epoch 79/150 [train]:   0%|          | 0/26 [00:00<?, ?it/s, S=0.0155, loss=0.0207]
Epoch 79/150 [train]:   0%|          | 0/26 [00:00<?, ?it/s, S=0.0154, loss=0.0224]
Epoch 79/150 [train]:  35%|███▍      | 9/26 [00:00<00:00, 85.87it/s, S=0.0154, loss=0.0224]
Epoch 79/150 [train]:  35%|███▍      | 9/26 [00:00<00:00, 85.87it/s, S=0.0155, loss=0.0222]
Epoch 79/150 [train]:  35%|███▍      | 9/26 [00:00<00:00, 85.87it/s, S=0.0155, loss=0.0215]
Epoch 79/150 [train]:  35%|███▍      | 9/26 [00:00<00:00, 85.87it/s, S=0.0154, loss=0.0206]
Epoch 79/150 [train]:  35%|███▍      | 9/26 [00:00<00:00, 85.87it/s, S=0.0155, loss=0.0209]
Epoch 79/150 [train]:  35%|███▍      | 9/26 [00:00<00:00, 85.87it/s, S=0.0154, loss=0.0227]
Epoch 79/150 [train]:  35%|███▍      | 9/26 [00:00<00:00, 85.87it/s, S=0.0155, loss=0.0208]
Epoch 79/150 [train]:  35%|███▍      | 9/26 [00:00<00:00, 85.87it/s, S=0.0153, loss=0.0202]
Epoch 79/150 [train]:  35%|███▍      | 9/26 [00:00<00:00, 85.87it/s, S=0.0154, loss=0.0205]
Epoch 79/150 [train]:  35%|███▍      | 9/26 [00:00<00:00, 85.87it/s, S=0.0154, loss=0.0206]
Epoch 79/150 [train]:  69%|██████▉   | 18/26 [00:00<00:00, 86.22it/s, S=0.0154, loss=0.0206]
Epoch 79/150 [train]:  69%|██████▉   | 18/26 [00:00<00:00, 86.22it/s, S=0.0154, loss=0.0209]
Epoch 79/150 [train]:  69%|██████▉   | 18/26 [00:00<00:00, 86.22it/s, S=0.0154, loss=0.0211]
Epoch 79/150 [train]:  69%|██████▉   | 18/26 [00:00<00:00, 86.22it/s, S=0.0154, loss=0.0211]
Epoch 79/150 [train]:  69%|██████▉   | 18/26 [00:00<00:00, 86.22it/s, S=0.0154, loss=0.0217]
Epoch 79/150 [train]:  69%|██████▉   | 18/26 [00:00<00:00, 86.22it/s, S=0.0154, loss=0.0219]
Epoch 79/150 [train]:  69%|██████▉   | 18/26 [00:00<00:00, 86.22it/s, S=0.0155, loss=0.0213]
Epoch 79/150 [train]:  69%|██████▉   | 18/26 [00:00<00:00, 86.22it/s, S=0.0155, loss=0.0204]
Epoch 79/150 [train]:  69%|██████▉   | 18/26 [00:00<00:00, 86.22it/s, S=0.0155, loss=0.0220]
                                                                                            
Epoch  79/150  train loss=0.0211  val loss=0.2596  S[mean]=0.0154  ζ=0.1764  mean_plane_ζ=0.1770  reg=0.2750  λscale=1.00  lr=4.85e-04

Epoch 80/150 [train]:   0%|          | 0/26 [00:00<?, ?it/s]
Epoch 80/150 [train]:   0%|          | 0/26 [00:00<?, ?it/s, S=0.0155, loss=0.0204]
Epoch 80/150 [train]:   0%|          | 0/26 [00:00<?, ?it/s, S=0.0155, loss=0.0213]
Epoch 80/150 [train]:   0%|          | 0/26 [00:00<?, ?it/s, S=0.0154, loss=0.0203]
Epoch 80/150 [train]:   0%|          | 0/26 [00:00<?, ?it/s, S=0.0155, loss=0.0197]
Epoch 80/150 [train]:   0%|          | 0/26 [00:00<?, ?it/s, S=0.0154, loss=0.0199]
Epoch 80/150 [train]:   0%|          | 0/26 [00:00<?, ?it/s, S=0.0153, loss=0.0217]
Epoch 80/150 [train]:   0%|          | 0/26 [00:00<?, ?it/s, S=0.0155, loss=0.0214]
Epoch 80/150 [train]:   0%|          | 0/26 [00:00<?, ?it/s, S=0.0154, loss=0.0205]
Epoch 80/150 [train]:   0%|          | 0/26 [00:00<?, ?it/s, S=0.0154, loss=0.0204]
Epoch 80/150 [train]:  35%|███▍      | 9/26 [00:00<00:00, 86.44it/s, S=0.0154, loss=0.0204]
Epoch 80/150 [train]:  35%|███▍      | 9/26 [00:00<00:00, 86.44it/s, S=0.0155, loss=0.0211]
Epoch 80/150 [train]:  35%|███▍      | 9/26 [00:00<00:00, 86.44it/s, S=0.0154, loss=0.0215]
Epoch 80/150 [train]:  35%|███▍      | 9/26 [00:00<00:00, 86.44it/s, S=0.0155, loss=0.0201]
Epoch 80/150 [train]:  35%|███▍      | 9/26 [00:00<00:00, 86.44it/s, S=0.0155, loss=0.0216]
Epoch 80/150 [train]:  35%|███▍      | 9/26 [00:00<00:00, 86.44it/s, S=0.0154, loss=0.0203]
Epoch 80/150 [train]:  35%|███▍      | 9/26 [00:00<00:00, 86.44it/s, S=0.0156, loss=0.0214]
Epoch 80/150 [train]:  35%|███▍      | 9/26 [00:00<00:00, 86.44it/s, S=0.0155, loss=0.0223]
Epoch 80/150 [train]:  35%|███▍      | 9/26 [00:00<00:00, 86.44it/s, S=0.0155, loss=0.0208]
Epoch 80/150 [train]:  35%|███▍      | 9/26 [00:00<00:00, 86.44it/s, S=0.0154, loss=0.0210]
Epoch 80/150 [train]:  69%|██████▉   | 18/26 [00:00<00:00, 86.52it/s, S=0.0154, loss=0.0210]
Epoch 80/150 [train]:  69%|██████▉   | 18/26 [00:00<00:00, 86.52it/s, S=0.0154, loss=0.0206]
Epoch 80/150 [train]:  69%|██████▉   | 18/26 [00:00<00:00, 86.52it/s, S=0.0154, loss=0.0211]
Epoch 80/150 [train]:  69%|██████▉   | 18/26 [00:00<00:00, 86.52it/s, S=0.0154, loss=0.0215]
Epoch 80/150 [train]:  69%|██████▉   | 18/26 [00:00<00:00, 86.52it/s, S=0.0155, loss=0.0215]
Epoch 80/150 [train]:  69%|██████▉   | 18/26 [00:00<00:00, 86.52it/s, S=0.0154, loss=0.0212]
Epoch 80/150 [train]:  69%|██████▉   | 18/26 [00:00<00:00, 86.52it/s, S=0.0154, loss=0.0197]
Epoch 80/150 [train]:  69%|██████▉   | 18/26 [00:00<00:00, 86.52it/s, S=0.0154, loss=0.0203]
Epoch 80/150 [train]:  69%|██████▉   | 18/26 [00:00<00:00, 86.52it/s, S=0.0154, loss=0.0209]
                                                                                            
Epoch  80/150  train loss=0.0209  val loss=0.2772  S[mean]=0.0154  ζ=0.1761  mean_plane_ζ=0.1768  reg=0.2927  λscale=1.00  lr=4.81e-04

Epoch 81/150 [train]:   0%|          | 0/26 [00:00<?, ?it/s]
Epoch 81/150 [train]:   0%|          | 0/26 [00:00<?, ?it/s, S=0.0155, loss=0.0200]
Epoch 81/150 [train]:   0%|          | 0/26 [00:00<?, ?it/s, S=0.0155, loss=0.0197]
Epoch 81/150 [train]:   0%|          | 0/26 [00:00<?, ?it/s, S=0.0154, loss=0.0207]
Epoch 81/150 [train]:   0%|          | 0/26 [00:00<?, ?it/s, S=0.0156, loss=0.0199]
Epoch 81/150 [train]:   0%|          | 0/26 [00:00<?, ?it/s, S=0.0155, loss=0.0200]
Epoch 81/150 [train]:   0%|          | 0/26 [00:00<?, ?it/s, S=0.0155, loss=0.0203]
Epoch 81/150 [train]:   0%|          | 0/26 [00:00<?, ?it/s, S=0.0155, loss=0.0219]
Epoch 81/150 [train]:   0%|          | 0/26 [00:00<?, ?it/s, S=0.0154, loss=0.0201]
Epoch 81/150 [train]:   0%|          | 0/26 [00:00<?, ?it/s, S=0.0155, loss=0.0208]
Epoch 81/150 [train]:  35%|███▍      | 9/26 [00:00<00:00, 86.33it/s, S=0.0155, loss=0.0208]
Epoch 81/150 [train]:  35%|███▍      | 9/26 [00:00<00:00, 86.33it/s, S=0.0153, loss=0.0203]
Epoch 81/150 [train]:  35%|███▍      | 9/26 [00:00<00:00, 86.33it/s, S=0.0155, loss=0.0205]
Epoch 81/150 [train]:  35%|███▍      | 9/26 [00:00<00:00, 86.33it/s, S=0.0155, loss=0.0200]
Epoch 81/150 [train]:  35%|███▍      | 9/26 [00:00<00:00, 86.33it/s, S=0.0154, loss=0.0203]
Epoch 81/150 [train]:  35%|███▍      | 9/26 [00:00<00:00, 86.33it/s, S=0.0155, loss=0.0211]
Epoch 81/150 [train]:  35%|███▍      | 9/26 [00:00<00:00, 86.33it/s, S=0.0154, loss=0.0214]
Epoch 81/150 [train]:  35%|███▍      | 9/26 [00:00<00:00, 86.33it/s, S=0.0154, loss=0.0215]
Epoch 81/150 [train]:  35%|███▍      | 9/26 [00:00<00:00, 86.33it/s, S=0.0155, loss=0.0204]
Epoch 81/150 [train]:  35%|███▍      | 9/26 [00:00<00:00, 86.33it/s, S=0.0153, loss=0.0213]
Epoch 81/150 [train]:  69%|██████▉   | 18/26 [00:00<00:00, 86.57it/s, S=0.0153, loss=0.0213]
Epoch 81/150 [train]:  69%|██████▉   | 18/26 [00:00<00:00, 86.57it/s, S=0.0154, loss=0.0201]
Epoch 81/150 [train]:  69%|██████▉   | 18/26 [00:00<00:00, 86.57it/s, S=0.0154, loss=0.0204]
Epoch 81/150 [train]:  69%|██████▉   | 18/26 [00:00<00:00, 86.57it/s, S=0.0154, loss=0.0208]
Epoch 81/150 [train]:  69%|██████▉   | 18/26 [00:00<00:00, 86.57it/s, S=0.0154, loss=0.0205]
Epoch 81/150 [train]:  69%|██████▉   | 18/26 [00:00<00:00, 86.57it/s, S=0.0154, loss=0.0204]
Epoch 81/150 [train]:  69%|██████▉   | 18/26 [00:00<00:00, 86.57it/s, S=0.0154, loss=0.0214]
Epoch 81/150 [train]:  69%|██████▉   | 18/26 [00:00<00:00, 86.57it/s, S=0.0154, loss=0.0199]
Epoch 81/150 [train]:  69%|██████▉   | 18/26 [00:00<00:00, 86.57it/s, S=0.0155, loss=0.0215]
                                                                                            
Epoch  81/150  train loss=0.0206  val loss=0.2933  S[mean]=0.0154  ζ=0.1754  mean_plane_ζ=0.1762  reg=0.3087  λscale=1.00  lr=4.77e-04

Epoch 82/150 [train]:   0%|          | 0/26 [00:00<?, ?it/s]
Epoch 82/150 [train]:   0%|          | 0/26 [00:00<?, ?it/s, S=0.0154, loss=0.0193]
Epoch 82/150 [train]:   0%|          | 0/26 [00:00<?, ?it/s, S=0.0154, loss=0.0190]
Epoch 82/150 [train]:   0%|          | 0/26 [00:00<?, ?it/s, S=0.0154, loss=0.0200]
Epoch 82/150 [train]:   0%|          | 0/26 [00:00<?, ?it/s, S=0.0154, loss=0.0203]
Epoch 82/150 [train]:   0%|          | 0/26 [00:00<?, ?it/s, S=0.0155, loss=0.0187]
Epoch 82/150 [train]:   0%|          | 0/26 [00:00<?, ?it/s, S=0.0155, loss=0.0204]
Epoch 82/150 [train]:   0%|          | 0/26 [00:00<?, ?it/s, S=0.0154, loss=0.0209]
Epoch 82/150 [train]:   0%|          | 0/26 [00:00<?, ?it/s, S=0.0155, loss=0.0188]
Epoch 82/150 [train]:   0%|          | 0/26 [00:00<?, ?it/s, S=0.0154, loss=0.0204]
Epoch 82/150 [train]:  35%|███▍      | 9/26 [00:00<00:00, 86.30it/s, S=0.0154, loss=0.0204]
Epoch 82/150 [train]:  35%|███▍      | 9/26 [00:00<00:00, 86.30it/s, S=0.0155, loss=0.0210]
Epoch 82/150 [train]:  35%|███▍      | 9/26 [00:00<00:00, 86.30it/s, S=0.0153, loss=0.0212]
Epoch 82/150 [train]:  35%|███▍      | 9/26 [00:00<00:00, 86.30it/s, S=0.0155, loss=0.0215]
Epoch 82/150 [train]:  35%|███▍      | 9/26 [00:00<00:00, 86.30it/s, S=0.0153, loss=0.0208]
Epoch 82/150 [train]:  35%|███▍      | 9/26 [00:00<00:00, 86.30it/s, S=0.0154, loss=0.0196]
Epoch 82/150 [train]:  35%|███▍      | 9/26 [00:00<00:00, 86.30it/s, S=0.0155, loss=0.0196]
Epoch 82/150 [train]:  35%|███▍      | 9/26 [00:00<00:00, 86.30it/s, S=0.0155, loss=0.0208]
Epoch 82/150 [train]:  35%|███▍      | 9/26 [00:00<00:00, 86.30it/s, S=0.0155, loss=0.0203]
Epoch 82/150 [train]:  35%|███▍      | 9/26 [00:00<00:00, 86.30it/s, S=0.0154, loss=0.0207]
Epoch 82/150 [train]:  69%|██████▉   | 18/26 [00:00<00:00, 86.50it/s, S=0.0154, loss=0.0207]
Epoch 82/150 [train]:  69%|██████▉   | 18/26 [00:00<00:00, 86.50it/s, S=0.0154, loss=0.0206]
Epoch 82/150 [train]:  69%|██████▉   | 18/26 [00:00<00:00, 86.50it/s, S=0.0154, loss=0.0196]
Epoch 82/150 [train]:  69%|██████▉   | 18/26 [00:00<00:00, 86.50it/s, S=0.0154, loss=0.0204]
Epoch 82/150 [train]:  69%|██████▉   | 18/26 [00:00<00:00, 86.50it/s, S=0.0154, loss=0.0199]
Epoch 82/150 [train]:  69%|██████▉   | 18/26 [00:00<00:00, 86.50it/s, S=0.0155, loss=0.0197]
Epoch 82/150 [train]:  69%|██████▉   | 18/26 [00:00<00:00, 86.50it/s, S=0.0155, loss=0.0192]
Epoch 82/150 [train]:  69%|██████▉   | 18/26 [00:00<00:00, 86.50it/s, S=0.0155, loss=0.0201]
Epoch 82/150 [train]:  69%|██████▉   | 18/26 [00:00<00:00, 86.50it/s, S=0.0154, loss=0.0205]
                                                                                            
Epoch  82/150  train loss=0.0201  val loss=0.3116  S[mean]=0.0154  ζ=0.1751  mean_plane_ζ=0.1760  reg=0.3269  λscale=1.00  lr=4.73e-04

Epoch 83/150 [train]:   0%|          | 0/26 [00:00<?, ?it/s]
Epoch 83/150 [train]:   0%|          | 0/26 [00:00<?, ?it/s, S=0.0153, loss=0.0198]
Epoch 83/150 [train]:   0%|          | 0/26 [00:00<?, ?it/s, S=0.0155, loss=0.0191]
Epoch 83/150 [train]:   0%|          | 0/26 [00:00<?, ?it/s, S=0.0155, loss=0.0187]
Epoch 83/150 [train]:   0%|          | 0/26 [00:00<?, ?it/s, S=0.0155, loss=0.0200]
Epoch 83/150 [train]:   0%|          | 0/26 [00:00<?, ?it/s, S=0.0155, loss=0.0200]
Epoch 83/150 [train]:   0%|          | 0/26 [00:00<?, ?it/s, S=0.0156, loss=0.0189]
Epoch 83/150 [train]:   0%|          | 0/26 [00:00<?, ?it/s, S=0.0154, loss=0.0201]
Epoch 83/150 [train]:   0%|          | 0/26 [00:00<?, ?it/s, S=0.0155, loss=0.0197]
Epoch 83/150 [train]:   0%|          | 0/26 [00:00<?, ?it/s, S=0.0154, loss=0.0217]
Epoch 83/150 [train]:  35%|███▍      | 9/26 [00:00<00:00, 86.24it/s, S=0.0154, loss=0.0217]
Epoch 83/150 [train]:  35%|███▍      | 9/26 [00:00<00:00, 86.24it/s, S=0.0155, loss=0.0206]
Epoch 83/150 [train]:  35%|███▍      | 9/26 [00:00<00:00, 86.24it/s, S=0.0154, loss=0.0205]
Epoch 83/150 [train]:  35%|███▍      | 9/26 [00:00<00:00, 86.24it/s, S=0.0154, loss=0.0198]
Epoch 83/150 [train]:  35%|███▍      | 9/26 [00:00<00:00, 86.24it/s, S=0.0155, loss=0.0203]
Epoch 83/150 [train]:  35%|███▍      | 9/26 [00:00<00:00, 86.24it/s, S=0.0154, loss=0.0201]
Epoch 83/150 [train]:  35%|███▍      | 9/26 [00:00<00:00, 86.24it/s, S=0.0155, loss=0.0198]
Epoch 83/150 [train]:  35%|███▍      | 9/26 [00:00<00:00, 86.24it/s, S=0.0155, loss=0.0208]
Epoch 83/150 [train]:  35%|███▍      | 9/26 [00:00<00:00, 86.24it/s, S=0.0154, loss=0.0194]
Epoch 83/150 [train]:  35%|███▍      | 9/26 [00:00<00:00, 86.24it/s, S=0.0156, loss=0.0191]
Epoch 83/150 [train]:  69%|██████▉   | 18/26 [00:00<00:00, 86.46it/s, S=0.0156, loss=0.0191]
Epoch 83/150 [train]:  69%|██████▉   | 18/26 [00:00<00:00, 86.46it/s, S=0.0153, loss=0.0203]
Epoch 83/150 [train]:  69%|██████▉   | 18/26 [00:00<00:00, 86.46it/s, S=0.0154, loss=0.0210]
Epoch 83/150 [train]:  69%|██████▉   | 18/26 [00:00<00:00, 86.46it/s, S=0.0154, loss=0.0202]
Epoch 83/150 [train]:  69%|██████▉   | 18/26 [00:00<00:00, 86.46it/s, S=0.0154, loss=0.0202]
Epoch 83/150 [train]:  69%|██████▉   | 18/26 [00:00<00:00, 86.46it/s, S=0.0154, loss=0.0197]
Epoch 83/150 [train]:  69%|██████▉   | 18/26 [00:00<00:00, 86.46it/s, S=0.0154, loss=0.0218]
Epoch 83/150 [train]:  69%|██████▉   | 18/26 [00:00<00:00, 86.46it/s, S=0.0155, loss=0.0201]
Epoch 83/150 [train]:  69%|██████▉   | 18/26 [00:00<00:00, 86.46it/s, S=0.0155, loss=0.0195]
                                                                                            
Epoch  83/150  train loss=0.0201  val loss=0.3292  S[mean]=0.0154  ζ=0.1747  mean_plane_ζ=0.1756  reg=0.3446  λscale=1.00  lr=4.68e-04

Epoch 84/150 [train]:   0%|          | 0/26 [00:00<?, ?it/s]
Epoch 84/150 [train]:   0%|          | 0/26 [00:00<?, ?it/s, S=0.0154, loss=0.0200]
Epoch 84/150 [train]:   0%|          | 0/26 [00:00<?, ?it/s, S=0.0156, loss=0.0189]
Epoch 84/150 [train]:   0%|          | 0/26 [00:00<?, ?it/s, S=0.0155, loss=0.0195]
Epoch 84/150 [train]:   0%|          | 0/26 [00:00<?, ?it/s, S=0.0155, loss=0.0195]
Epoch 84/150 [train]:   0%|          | 0/26 [00:00<?, ?it/s, S=0.0154, loss=0.0199]
Epoch 84/150 [train]:   0%|          | 0/26 [00:00<?, ?it/s, S=0.0154, loss=0.0200]
Epoch 84/150 [train]:   0%|          | 0/26 [00:00<?, ?it/s, S=0.0154, loss=0.0195]
Epoch 84/150 [train]:   0%|          | 0/26 [00:00<?, ?it/s, S=0.0154, loss=0.0195]
Epoch 84/150 [train]:   0%|          | 0/26 [00:00<?, ?it/s, S=0.0153, loss=0.0201]
Epoch 84/150 [train]:  35%|███▍      | 9/26 [00:00<00:00, 86.26it/s, S=0.0153, loss=0.0201]
Epoch 84/150 [train]:  35%|███▍      | 9/26 [00:00<00:00, 86.26it/s, S=0.0155, loss=0.0199]
Epoch 84/150 [train]:  35%|███▍      | 9/26 [00:00<00:00, 86.26it/s, S=0.0154, loss=0.0193]
Epoch 84/150 [train]:  35%|███▍      | 9/26 [00:00<00:00, 86.26it/s, S=0.0154, loss=0.0214]
Epoch 84/150 [train]:  35%|███▍      | 9/26 [00:00<00:00, 86.26it/s, S=0.0155, loss=0.0192]
Epoch 84/150 [train]:  35%|███▍      | 9/26 [00:00<00:00, 86.26it/s, S=0.0155, loss=0.0199]
Epoch 84/150 [train]:  35%|███▍      | 9/26 [00:00<00:00, 86.26it/s, S=0.0154, loss=0.0192]
Epoch 84/150 [train]:  35%|███▍      | 9/26 [00:00<00:00, 86.26it/s, S=0.0154, loss=0.0192]
Epoch 84/150 [train]:  35%|███▍      | 9/26 [00:00<00:00, 86.26it/s, S=0.0155, loss=0.0191]
Epoch 84/150 [train]:  35%|███▍      | 9/26 [00:00<00:00, 86.26it/s, S=0.0154, loss=0.0194]
Epoch 84/150 [train]:  69%|██████▉   | 18/26 [00:00<00:00, 86.40it/s, S=0.0154, loss=0.0194]
Epoch 84/150 [train]:  69%|██████▉   | 18/26 [00:00<00:00, 86.40it/s, S=0.0154, loss=0.0212]
Epoch 84/150 [train]:  69%|██████▉   | 18/26 [00:00<00:00, 86.40it/s, S=0.0155, loss=0.0212]
Epoch 84/150 [train]:  69%|██████▉   | 18/26 [00:00<00:00, 86.40it/s, S=0.0154, loss=0.0209]
Epoch 84/150 [train]:  69%|██████▉   | 18/26 [00:00<00:00, 86.40it/s, S=0.0154, loss=0.0191]
Epoch 84/150 [train]:  69%|██████▉   | 18/26 [00:00<00:00, 86.40it/s, S=0.0154, loss=0.0197]
Epoch 84/150 [train]:  69%|██████▉   | 18/26 [00:00<00:00, 86.40it/s, S=0.0155, loss=0.0196]
Epoch 84/150 [train]:  69%|██████▉   | 18/26 [00:00<00:00, 86.40it/s, S=0.0154, loss=0.0203]
Epoch 84/150 [train]:  69%|██████▉   | 18/26 [00:00<00:00, 86.40it/s, S=0.0154, loss=0.0196]
                                                                                            
Epoch  84/150  train loss=0.0198  val loss=0.3465  S[mean]=0.0154  ζ=0.1740  mean_plane_ζ=0.1751  reg=0.3619  λscale=1.00  lr=4.63e-04

Epoch 85/150 [train]:   0%|          | 0/26 [00:00<?, ?it/s]
Epoch 85/150 [train]:   0%|          | 0/26 [00:00<?, ?it/s, S=0.0155, loss=0.0190]
Epoch 85/150 [train]:   0%|          | 0/26 [00:00<?, ?it/s, S=0.0155, loss=0.0194]
Epoch 85/150 [train]:   0%|          | 0/26 [00:00<?, ?it/s, S=0.0154, loss=0.0191]
Epoch 85/150 [train]:   0%|          | 0/26 [00:00<?, ?it/s, S=0.0155, loss=0.0194]
Epoch 85/150 [train]:   0%|          | 0/26 [00:00<?, ?it/s, S=0.0155, loss=0.0190]
Epoch 85/150 [train]:   0%|          | 0/26 [00:00<?, ?it/s, S=0.0155, loss=0.0195]
Epoch 85/150 [train]:   0%|          | 0/26 [00:00<?, ?it/s, S=0.0154, loss=0.0199]
Epoch 85/150 [train]:   0%|          | 0/26 [00:00<?, ?it/s, S=0.0154, loss=0.0193]
Epoch 85/150 [train]:   0%|          | 0/26 [00:00<?, ?it/s, S=0.0154, loss=0.0198]
Epoch 85/150 [train]:  35%|███▍      | 9/26 [00:00<00:00, 86.47it/s, S=0.0154, loss=0.0198]
Epoch 85/150 [train]:  35%|███▍      | 9/26 [00:00<00:00, 86.47it/s, S=0.0153, loss=0.0204]
Epoch 85/150 [train]:  35%|███▍      | 9/26 [00:00<00:00, 86.47it/s, S=0.0155, loss=0.0186]
Epoch 85/150 [train]:  35%|███▍      | 9/26 [00:00<00:00, 86.47it/s, S=0.0155, loss=0.0198]
Epoch 85/150 [train]:  35%|███▍      | 9/26 [00:00<00:00, 86.47it/s, S=0.0155, loss=0.0199]
Epoch 85/150 [train]:  35%|███▍      | 9/26 [00:00<00:00, 86.47it/s, S=0.0155, loss=0.0200]
Epoch 85/150 [train]:  35%|███▍      | 9/26 [00:00<00:00, 86.47it/s, S=0.0155, loss=0.0197]
Epoch 85/150 [train]:  35%|███▍      | 9/26 [00:00<00:00, 86.47it/s, S=0.0155, loss=0.0188]
Epoch 85/150 [train]:  35%|███▍      | 9/26 [00:00<00:00, 86.47it/s, S=0.0155, loss=0.0195]
Epoch 85/150 [train]:  35%|███▍      | 9/26 [00:00<00:00, 86.47it/s, S=0.0155, loss=0.0196]
Epoch 85/150 [train]:  69%|██████▉   | 18/26 [00:00<00:00, 86.57it/s, S=0.0155, loss=0.0196]
Epoch 85/150 [train]:  69%|██████▉   | 18/26 [00:00<00:00, 86.57it/s, S=0.0155, loss=0.0183]
Epoch 85/150 [train]:  69%|██████▉   | 18/26 [00:00<00:00, 86.57it/s, S=0.0154, loss=0.0203]
Epoch 85/150 [train]:  69%|██████▉   | 18/26 [00:00<00:00, 86.57it/s, S=0.0155, loss=0.0202]
Epoch 85/150 [train]:  69%|██████▉   | 18/26 [00:00<00:00, 86.57it/s, S=0.0154, loss=0.0201]
Epoch 85/150 [train]:  69%|██████▉   | 18/26 [00:00<00:00, 86.57it/s, S=0.0154, loss=0.0209]
Epoch 85/150 [train]:  69%|██████▉   | 18/26 [00:00<00:00, 86.57it/s, S=0.0153, loss=0.0202]
Epoch 85/150 [train]:  69%|██████▉   | 18/26 [00:00<00:00, 86.57it/s, S=0.0155, loss=0.0192]
Epoch 85/150 [train]:  69%|██████▉   | 18/26 [00:00<00:00, 86.57it/s, S=0.0154, loss=0.0205]
                                                                                            
Epoch  85/150  train loss=0.0196  val loss=0.3589  S[mean]=0.0154  ζ=0.1738  mean_plane_ζ=0.1749  reg=0.3742  λscale=1.00  lr=4.58e-04

Epoch 86/150 [train]:   0%|          | 0/26 [00:00<?, ?it/s]
Epoch 86/150 [train]:   0%|          | 0/26 [00:00<?, ?it/s, S=0.0154, loss=0.0193]
Epoch 86/150 [train]:   0%|          | 0/26 [00:00<?, ?it/s, S=0.0155, loss=0.0181]
Epoch 86/150 [train]:   0%|          | 0/26 [00:00<?, ?it/s, S=0.0155, loss=0.0190]
Epoch 86/150 [train]:   0%|          | 0/26 [00:00<?, ?it/s, S=0.0155, loss=0.0192]
Epoch 86/150 [train]:   0%|          | 0/26 [00:00<?, ?it/s, S=0.0154, loss=0.0200]
Epoch 86/150 [train]:   0%|          | 0/26 [00:00<?, ?it/s, S=0.0154, loss=0.0194]
Epoch 86/150 [train]:   0%|          | 0/26 [00:00<?, ?it/s, S=0.0155, loss=0.0198]
Epoch 86/150 [train]:   0%|          | 0/26 [00:00<?, ?it/s, S=0.0153, loss=0.0209]
Epoch 86/150 [train]:   0%|          | 0/26 [00:00<?, ?it/s, S=0.0154, loss=0.0188]
Epoch 86/150 [train]:  35%|███▍      | 9/26 [00:00<00:00, 86.25it/s, S=0.0154, loss=0.0188]
Epoch 86/150 [train]:  35%|███▍      | 9/26 [00:00<00:00, 86.25it/s, S=0.0155, loss=0.0190]
Epoch 86/150 [train]:  35%|███▍      | 9/26 [00:00<00:00, 86.25it/s, S=0.0155, loss=0.0198]
Epoch 86/150 [train]:  35%|███▍      | 9/26 [00:00<00:00, 86.25it/s, S=0.0155, loss=0.0187]
Epoch 86/150 [train]:  35%|███▍      | 9/26 [00:00<00:00, 86.25it/s, S=0.0155, loss=0.0201]
Epoch 86/150 [train]:  35%|███▍      | 9/26 [00:00<00:00, 86.25it/s, S=0.0154, loss=0.0206]
Epoch 86/150 [train]:  35%|███▍      | 9/26 [00:00<00:00, 86.25it/s, S=0.0154, loss=0.0192]
Epoch 86/150 [train]:  35%|███▍      | 9/26 [00:00<00:00, 86.25it/s, S=0.0155, loss=0.0204]
Epoch 86/150 [train]:  35%|███▍      | 9/26 [00:00<00:00, 86.25it/s, S=0.0154, loss=0.0195]
Epoch 86/150 [train]:  35%|███▍      | 9/26 [00:00<00:00, 86.25it/s, S=0.0155, loss=0.0197]
Epoch 86/150 [train]:  69%|██████▉   | 18/26 [00:00<00:00, 86.51it/s, S=0.0155, loss=0.0197]
Epoch 86/150 [train]:  69%|██████▉   | 18/26 [00:00<00:00, 86.51it/s, S=0.0155, loss=0.0201]
Epoch 86/150 [train]:  69%|██████▉   | 18/26 [00:00<00:00, 86.51it/s, S=0.0154, loss=0.0201]
Epoch 86/150 [train]:  69%|██████▉   | 18/26 [00:00<00:00, 86.51it/s, S=0.0155, loss=0.0205]
Epoch 86/150 [train]:  69%|██████▉   | 18/26 [00:00<00:00, 86.51it/s, S=0.0154, loss=0.0202]
Epoch 86/150 [train]:  69%|██████▉   | 18/26 [00:00<00:00, 86.51it/s, S=0.0154, loss=0.0191]
Epoch 86/150 [train]:  69%|██████▉   | 18/26 [00:00<00:00, 86.51it/s, S=0.0153, loss=0.0201]
Epoch 86/150 [train]:  69%|██████▉   | 18/26 [00:00<00:00, 86.51it/s, S=0.0155, loss=0.0202]
Epoch 86/150 [train]:  69%|██████▉   | 18/26 [00:00<00:00, 86.51it/s, S=0.0154, loss=0.0202]
                                                                                            
Epoch  86/150  train loss=0.0197  val loss=0.3763  S[mean]=0.0154  ζ=0.1732  mean_plane_ζ=0.1744  reg=0.3916  λscale=1.00  lr=4.52e-04

Epoch 87/150 [train]:   0%|          | 0/26 [00:00<?, ?it/s]
Epoch 87/150 [train]:   0%|          | 0/26 [00:00<?, ?it/s, S=0.0154, loss=0.0207]
Epoch 87/150 [train]:   0%|          | 0/26 [00:00<?, ?it/s, S=0.0155, loss=0.0186]
Epoch 87/150 [train]:   0%|          | 0/26 [00:00<?, ?it/s, S=0.0155, loss=0.0203]
Epoch 87/150 [train]:   0%|          | 0/26 [00:00<?, ?it/s, S=0.0155, loss=0.0191]
Epoch 87/150 [train]:   0%|          | 0/26 [00:00<?, ?it/s, S=0.0155, loss=0.0193]
Epoch 87/150 [train]:   0%|          | 0/26 [00:00<?, ?it/s, S=0.0155, loss=0.0192]
Epoch 87/150 [train]:   0%|          | 0/26 [00:00<?, ?it/s, S=0.0156, loss=0.0181]
Epoch 87/150 [train]:   0%|          | 0/26 [00:00<?, ?it/s, S=0.0155, loss=0.0189]
Epoch 87/150 [train]:   0%|          | 0/26 [00:00<?, ?it/s, S=0.0154, loss=0.0196]
Epoch 87/150 [train]:  35%|███▍      | 9/26 [00:00<00:00, 86.39it/s, S=0.0154, loss=0.0196]
Epoch 87/150 [train]:  35%|███▍      | 9/26 [00:00<00:00, 86.39it/s, S=0.0153, loss=0.0199]
Epoch 87/150 [train]:  35%|███▍      | 9/26 [00:00<00:00, 86.39it/s, S=0.0155, loss=0.0195]
Epoch 87/150 [train]:  35%|███▍      | 9/26 [00:00<00:00, 86.39it/s, S=0.0155, loss=0.0199]
Epoch 87/150 [train]:  35%|███▍      | 9/26 [00:00<00:00, 86.39it/s, S=0.0154, loss=0.0197]
Epoch 87/150 [train]:  35%|███▍      | 9/26 [00:00<00:00, 86.39it/s, S=0.0154, loss=0.0199]
Epoch 87/150 [train]:  35%|███▍      | 9/26 [00:00<00:00, 86.39it/s, S=0.0154, loss=0.0195]
Epoch 87/150 [train]:  35%|███▍      | 9/26 [00:00<00:00, 86.39it/s, S=0.0154, loss=0.0199]
Epoch 87/150 [train]:  35%|███▍      | 9/26 [00:00<00:00, 86.39it/s, S=0.0154, loss=0.0192]
Epoch 87/150 [train]:  35%|███▍      | 9/26 [00:00<00:00, 86.39it/s, S=0.0153, loss=0.0199]
Epoch 87/150 [train]:  69%|██████▉   | 18/26 [00:00<00:00, 86.47it/s, S=0.0153, loss=0.0199]
Epoch 87/150 [train]:  69%|██████▉   | 18/26 [00:00<00:00, 86.47it/s, S=0.0154, loss=0.0187]
Epoch 87/150 [train]:  69%|██████▉   | 18/26 [00:00<00:00, 86.47it/s, S=0.0154, loss=0.0200]
Epoch 87/150 [train]:  69%|██████▉   | 18/26 [00:00<00:00, 86.47it/s, S=0.0154, loss=0.0209]
Epoch 87/150 [train]:  69%|██████▉   | 18/26 [00:00<00:00, 86.47it/s, S=0.0155, loss=0.0191]
Epoch 87/150 [train]:  69%|██████▉   | 18/26 [00:00<00:00, 86.47it/s, S=0.0154, loss=0.0194]
Epoch 87/150 [train]:  69%|██████▉   | 18/26 [00:00<00:00, 86.47it/s, S=0.0155, loss=0.0189]
Epoch 87/150 [train]:  69%|██████▉   | 18/26 [00:00<00:00, 86.47it/s, S=0.0154, loss=0.0201]
Epoch 87/150 [train]:  69%|██████▉   | 18/26 [00:00<00:00, 86.47it/s, S=0.0155, loss=0.0176]
                                                                                            
Epoch  87/150  train loss=0.0195  val loss=0.3854  S[mean]=0.0154  ζ=0.1729  mean_plane_ζ=0.1742  reg=0.4008  λscale=1.00  lr=4.46e-04

Epoch 88/150 [train]:   0%|          | 0/26 [00:00<?, ?it/s]
Epoch 88/150 [train]:   0%|          | 0/26 [00:00<?, ?it/s, S=0.0154, loss=0.0184]
Epoch 88/150 [train]:   0%|          | 0/26 [00:00<?, ?it/s, S=0.0154, loss=0.0188]
Epoch 88/150 [train]:   0%|          | 0/26 [00:00<?, ?it/s, S=0.0154, loss=0.0189]
Epoch 88/150 [train]:   0%|          | 0/26 [00:00<?, ?it/s, S=0.0154, loss=0.0185]
Epoch 88/150 [train]:   0%|          | 0/26 [00:00<?, ?it/s, S=0.0154, loss=0.0192]
Epoch 88/150 [train]:   0%|          | 0/26 [00:00<?, ?it/s, S=0.0156, loss=0.0185]
Epoch 88/150 [train]:   0%|          | 0/26 [00:00<?, ?it/s, S=0.0155, loss=0.0188]
Epoch 88/150 [train]:   0%|          | 0/26 [00:00<?, ?it/s, S=0.0154, loss=0.0197]
Epoch 88/150 [train]:   0%|          | 0/26 [00:00<?, ?it/s, S=0.0155, loss=0.0196]
Epoch 88/150 [train]:  35%|███▍      | 9/26 [00:00<00:00, 86.41it/s, S=0.0155, loss=0.0196]
Epoch 88/150 [train]:  35%|███▍      | 9/26 [00:00<00:00, 86.41it/s, S=0.0154, loss=0.0186]
Epoch 88/150 [train]:  35%|███▍      | 9/26 [00:00<00:00, 86.41it/s, S=0.0155, loss=0.0195]
Epoch 88/150 [train]:  35%|███▍      | 9/26 [00:00<00:00, 86.41it/s, S=0.0154, loss=0.0194]
Epoch 88/150 [train]:  35%|███▍      | 9/26 [00:00<00:00, 86.41it/s, S=0.0154, loss=0.0190]
Epoch 88/150 [train]:  35%|███▍      | 9/26 [00:00<00:00, 86.41it/s, S=0.0154, loss=0.0189]
Epoch 88/150 [train]:  35%|███▍      | 9/26 [00:00<00:00, 86.41it/s, S=0.0154, loss=0.0196]
Epoch 88/150 [train]:  35%|███▍      | 9/26 [00:00<00:00, 86.41it/s, S=0.0154, loss=0.0186]
Epoch 88/150 [train]:  35%|███▍      | 9/26 [00:00<00:00, 86.41it/s, S=0.0154, loss=0.0189]
Epoch 88/150 [train]:  35%|███▍      | 9/26 [00:00<00:00, 86.41it/s, S=0.0155, loss=0.0188]
Epoch 88/150 [train]:  69%|██████▉   | 18/26 [00:00<00:00, 86.48it/s, S=0.0155, loss=0.0188]
Epoch 88/150 [train]:  69%|██████▉   | 18/26 [00:00<00:00, 86.48it/s, S=0.0155, loss=0.0195]
Epoch 88/150 [train]:  69%|██████▉   | 18/26 [00:00<00:00, 86.48it/s, S=0.0154, loss=0.0191]
Epoch 88/150 [train]:  69%|██████▉   | 18/26 [00:00<00:00, 86.48it/s, S=0.0154, loss=0.0193]
Epoch 88/150 [train]:  69%|██████▉   | 18/26 [00:00<00:00, 86.48it/s, S=0.0154, loss=0.0186]
Epoch 88/150 [train]:  69%|██████▉   | 18/26 [00:00<00:00, 86.48it/s, S=0.0155, loss=0.0197]
Epoch 88/150 [train]:  69%|██████▉   | 18/26 [00:00<00:00, 86.48it/s, S=0.0154, loss=0.0189]
Epoch 88/150 [train]:  69%|██████▉   | 18/26 [00:00<00:00, 86.48it/s, S=0.0155, loss=0.0177]
Epoch 88/150 [train]:  69%|██████▉   | 18/26 [00:00<00:00, 86.48it/s, S=0.0154, loss=0.0185]
                                                                                            
Epoch  88/150  train loss=0.0190  val loss=0.3997  S[mean]=0.0154  ζ=0.1723  mean_plane_ζ=0.1738  reg=0.4151  λscale=1.00  lr=4.40e-04

Epoch 89/150 [train]:   0%|          | 0/26 [00:00<?, ?it/s]
Epoch 89/150 [train]:   0%|          | 0/26 [00:00<?, ?it/s, S=0.0154, loss=0.0180]
Epoch 89/150 [train]:   0%|          | 0/26 [00:00<?, ?it/s, S=0.0153, loss=0.0183]
Epoch 89/150 [train]:   0%|          | 0/26 [00:00<?, ?it/s, S=0.0154, loss=0.0176]
Epoch 89/150 [train]:   0%|          | 0/26 [00:00<?, ?it/s, S=0.0153, loss=0.0184]
Epoch 89/150 [train]:   0%|          | 0/26 [00:00<?, ?it/s, S=0.0154, loss=0.0193]
Epoch 89/150 [train]:   0%|          | 0/26 [00:00<?, ?it/s, S=0.0155, loss=0.0189]
Epoch 89/150 [train]:   0%|          | 0/26 [00:00<?, ?it/s, S=0.0153, loss=0.0204]
Epoch 89/150 [train]:   0%|          | 0/26 [00:00<?, ?it/s, S=0.0154, loss=0.0185]
Epoch 89/150 [train]:   0%|          | 0/26 [00:00<?, ?it/s, S=0.0155, loss=0.0188]
Epoch 89/150 [train]:  35%|███▍      | 9/26 [00:00<00:00, 86.21it/s, S=0.0155, loss=0.0188]
Epoch 89/150 [train]:  35%|███▍      | 9/26 [00:00<00:00, 86.21it/s, S=0.0155, loss=0.0187]
Epoch 89/150 [train]:  35%|███▍      | 9/26 [00:00<00:00, 86.21it/s, S=0.0156, loss=0.0201]
Epoch 89/150 [train]:  35%|███▍      | 9/26 [00:00<00:00, 86.21it/s, S=0.0155, loss=0.0196]
Epoch 89/150 [train]:  35%|███▍      | 9/26 [00:00<00:00, 86.21it/s, S=0.0155, loss=0.0182]
Epoch 89/150 [train]:  35%|███▍      | 9/26 [00:00<00:00, 86.21it/s, S=0.0155, loss=0.0187]
Epoch 89/150 [train]:  35%|███▍      | 9/26 [00:00<00:00, 86.21it/s, S=0.0154, loss=0.0189]
Epoch 89/150 [train]:  35%|███▍      | 9/26 [00:00<00:00, 86.21it/s, S=0.0154, loss=0.0186]
Epoch 89/150 [train]:  35%|███▍      | 9/26 [00:00<00:00, 86.21it/s, S=0.0154, loss=0.0194]
Epoch 89/150 [train]:  35%|███▍      | 9/26 [00:00<00:00, 86.21it/s, S=0.0155, loss=0.0185]
Epoch 89/150 [train]:  69%|██████▉   | 18/26 [00:00<00:00, 86.42it/s, S=0.0155, loss=0.0185]
Epoch 89/150 [train]:  69%|██████▉   | 18/26 [00:00<00:00, 86.42it/s, S=0.0155, loss=0.0188]
Epoch 89/150 [train]:  69%|██████▉   | 18/26 [00:00<00:00, 86.42it/s, S=0.0154, loss=0.0185]
Epoch 89/150 [train]:  69%|██████▉   | 18/26 [00:00<00:00, 86.42it/s, S=0.0154, loss=0.0187]
Epoch 89/150 [train]:  69%|██████▉   | 18/26 [00:00<00:00, 86.42it/s, S=0.0154, loss=0.0183]
Epoch 89/150 [train]:  69%|██████▉   | 18/26 [00:00<00:00, 86.42it/s, S=0.0154, loss=0.0190]
Epoch 89/150 [train]:  69%|██████▉   | 18/26 [00:00<00:00, 86.42it/s, S=0.0154, loss=0.0191]
Epoch 89/150 [train]:  69%|██████▉   | 18/26 [00:00<00:00, 86.42it/s, S=0.0155, loss=0.0183]
Epoch 89/150 [train]:  69%|██████▉   | 18/26 [00:00<00:00, 86.42it/s, S=0.0154, loss=0.0193]
                                                                                            
Epoch  89/150  train loss=0.0188  val loss=0.4116  S[mean]=0.0154  ζ=0.1723  mean_plane_ζ=0.1737  reg=0.4270  λscale=1.00  lr=4.34e-04

Epoch 90/150 [train]:   0%|          | 0/26 [00:00<?, ?it/s]
Epoch 90/150 [train]:   0%|          | 0/26 [00:00<?, ?it/s, S=0.0154, loss=0.0178]
Epoch 90/150 [train]:   0%|          | 0/26 [00:00<?, ?it/s, S=0.0154, loss=0.0199]
Epoch 90/150 [train]:   0%|          | 0/26 [00:00<?, ?it/s, S=0.0155, loss=0.0175]
Epoch 90/150 [train]:   0%|          | 0/26 [00:00<?, ?it/s, S=0.0154, loss=0.0189]
Epoch 90/150 [train]:   0%|          | 0/26 [00:00<?, ?it/s, S=0.0154, loss=0.0186]
Epoch 90/150 [train]:   0%|          | 0/26 [00:00<?, ?it/s, S=0.0154, loss=0.0184]
Epoch 90/150 [train]:   0%|          | 0/26 [00:00<?, ?it/s, S=0.0155, loss=0.0180]
Epoch 90/150 [train]:   0%|          | 0/26 [00:00<?, ?it/s, S=0.0155, loss=0.0190]
Epoch 90/150 [train]:   0%|          | 0/26 [00:00<?, ?it/s, S=0.0154, loss=0.0190]
Epoch 90/150 [train]:  35%|███▍      | 9/26 [00:00<00:00, 85.94it/s, S=0.0154, loss=0.0190]
Epoch 90/150 [train]:  35%|███▍      | 9/26 [00:00<00:00, 85.94it/s, S=0.0155, loss=0.0193]
Epoch 90/150 [train]:  35%|███▍      | 9/26 [00:00<00:00, 85.94it/s, S=0.0155, loss=0.0193]
Epoch 90/150 [train]:  35%|███▍      | 9/26 [00:00<00:00, 85.94it/s, S=0.0154, loss=0.0186]
Epoch 90/150 [train]:  35%|███▍      | 9/26 [00:00<00:00, 85.94it/s, S=0.0155, loss=0.0187]
Epoch 90/150 [train]:  35%|███▍      | 9/26 [00:00<00:00, 85.94it/s, S=0.0155, loss=0.0192]
Epoch 90/150 [train]:  35%|███▍      | 9/26 [00:00<00:00, 85.94it/s, S=0.0155, loss=0.0190]
Epoch 90/150 [train]:  35%|███▍      | 9/26 [00:00<00:00, 85.94it/s, S=0.0154, loss=0.0189]
Epoch 90/150 [train]:  35%|███▍      | 9/26 [00:00<00:00, 85.94it/s, S=0.0154, loss=0.0185]
Epoch 90/150 [train]:  35%|███▍      | 9/26 [00:00<00:00, 85.94it/s, S=0.0154, loss=0.0193]
Epoch 90/150 [train]:  69%|██████▉   | 18/26 [00:00<00:00, 86.31it/s, S=0.0154, loss=0.0193]
Epoch 90/150 [train]:  69%|██████▉   | 18/26 [00:00<00:00, 86.31it/s, S=0.0155, loss=0.0185]
Epoch 90/150 [train]:  69%|██████▉   | 18/26 [00:00<00:00, 86.31it/s, S=0.0155, loss=0.0192]
Epoch 90/150 [train]:  69%|██████▉   | 18/26 [00:00<00:00, 86.31it/s, S=0.0155, loss=0.0194]
Epoch 90/150 [train]:  69%|██████▉   | 18/26 [00:00<00:00, 86.31it/s, S=0.0155, loss=0.0195]
Epoch 90/150 [train]:  69%|██████▉   | 18/26 [00:00<00:00, 86.31it/s, S=0.0154, loss=0.0189]
Epoch 90/150 [train]:  69%|██████▉   | 18/26 [00:00<00:00, 86.31it/s, S=0.0154, loss=0.0186]
Epoch 90/150 [train]:  69%|██████▉   | 18/26 [00:00<00:00, 86.31it/s, S=0.0154, loss=0.0181]
Epoch 90/150 [train]:  69%|██████▉   | 18/26 [00:00<00:00, 86.31it/s, S=0.0155, loss=0.0192]
                                                                                            
Epoch  90/150  train loss=0.0188  val loss=0.4238  S[mean]=0.0154  ζ=0.1718  mean_plane_ζ=0.1733  reg=0.4392  λscale=1.00  lr=4.27e-04

Epoch 91/150 [train]:   0%|          | 0/26 [00:00<?, ?it/s]
Epoch 91/150 [train]:   0%|          | 0/26 [00:00<?, ?it/s, S=0.0156, loss=0.0185]
Epoch 91/150 [train]:   0%|          | 0/26 [00:00<?, ?it/s, S=0.0155, loss=0.0178]
Epoch 91/150 [train]:   0%|          | 0/26 [00:00<?, ?it/s, S=0.0155, loss=0.0193]
Epoch 91/150 [train]:   0%|          | 0/26 [00:00<?, ?it/s, S=0.0155, loss=0.0192]
Epoch 91/150 [train]:   0%|          | 0/26 [00:00<?, ?it/s, S=0.0154, loss=0.0178]
Epoch 91/150 [train]:   0%|          | 0/26 [00:00<?, ?it/s, S=0.0155, loss=0.0191]
Epoch 91/150 [train]:   0%|          | 0/26 [00:00<?, ?it/s, S=0.0155, loss=0.0175]
Epoch 91/150 [train]:   0%|          | 0/26 [00:00<?, ?it/s, S=0.0154, loss=0.0183]
Epoch 91/150 [train]:   0%|          | 0/26 [00:00<?, ?it/s, S=0.0155, loss=0.0188]
Epoch 91/150 [train]:  35%|███▍      | 9/26 [00:00<00:00, 86.45it/s, S=0.0155, loss=0.0188]
Epoch 91/150 [train]:  35%|███▍      | 9/26 [00:00<00:00, 86.45it/s, S=0.0154, loss=0.0194]
Epoch 91/150 [train]:  35%|███▍      | 9/26 [00:00<00:00, 86.45it/s, S=0.0154, loss=0.0189]
Epoch 91/150 [train]:  35%|███▍      | 9/26 [00:00<00:00, 86.45it/s, S=0.0156, loss=0.0188]
Epoch 91/150 [train]:  35%|███▍      | 9/26 [00:00<00:00, 86.45it/s, S=0.0154, loss=0.0191]
Epoch 91/150 [train]:  35%|███▍      | 9/26 [00:00<00:00, 86.45it/s, S=0.0155, loss=0.0191]
Epoch 91/150 [train]:  35%|███▍      | 9/26 [00:00<00:00, 86.45it/s, S=0.0155, loss=0.0184]
Epoch 91/150 [train]:  35%|███▍      | 9/26 [00:00<00:00, 86.45it/s, S=0.0155, loss=0.0186]
Epoch 91/150 [train]:  35%|███▍      | 9/26 [00:00<00:00, 86.45it/s, S=0.0154, loss=0.0189]
Epoch 91/150 [train]:  35%|███▍      | 9/26 [00:00<00:00, 86.45it/s, S=0.0155, loss=0.0193]
Epoch 91/150 [train]:  69%|██████▉   | 18/26 [00:00<00:00, 86.36it/s, S=0.0155, loss=0.0193]
Epoch 91/150 [train]:  69%|██████▉   | 18/26 [00:00<00:00, 86.36it/s, S=0.0155, loss=0.0184]
Epoch 91/150 [train]:  69%|██████▉   | 18/26 [00:00<00:00, 86.36it/s, S=0.0155, loss=0.0180]
Epoch 91/150 [train]:  69%|██████▉   | 18/26 [00:00<00:00, 86.36it/s, S=0.0155, loss=0.0183]
Epoch 91/150 [train]:  69%|██████▉   | 18/26 [00:00<00:00, 86.36it/s, S=0.0154, loss=0.0185]
Epoch 91/150 [train]:  69%|██████▉   | 18/26 [00:00<00:00, 86.36it/s, S=0.0155, loss=0.0186]
Epoch 91/150 [train]:  69%|██████▉   | 18/26 [00:00<00:00, 86.36it/s, S=0.0155, loss=0.0186]
Epoch 91/150 [train]:  69%|██████▉   | 18/26 [00:00<00:00, 86.36it/s, S=0.0155, loss=0.0184]
Epoch 91/150 [train]:  69%|██████▉   | 18/26 [00:00<00:00, 86.36it/s, S=0.0155, loss=0.0186]
                                                                                            
Epoch  91/150  train loss=0.0186  val loss=0.4293  S[mean]=0.0154  ζ=0.1715  mean_plane_ζ=0.1731  reg=0.4446  λscale=1.00  lr=4.20e-04

Epoch 92/150 [train]:   0%|          | 0/26 [00:00<?, ?it/s]
Epoch 92/150 [train]:   0%|          | 0/26 [00:00<?, ?it/s, S=0.0155, loss=0.0180]
Epoch 92/150 [train]:   0%|          | 0/26 [00:00<?, ?it/s, S=0.0155, loss=0.0181]
Epoch 92/150 [train]:   0%|          | 0/26 [00:00<?, ?it/s, S=0.0155, loss=0.0176]
Epoch 92/150 [train]:   0%|          | 0/26 [00:00<?, ?it/s, S=0.0155, loss=0.0184]
Epoch 92/150 [train]:   0%|          | 0/26 [00:00<?, ?it/s, S=0.0155, loss=0.0181]
Epoch 92/150 [train]:   0%|          | 0/26 [00:00<?, ?it/s, S=0.0154, loss=0.0176]
Epoch 92/150 [train]:   0%|          | 0/26 [00:00<?, ?it/s, S=0.0155, loss=0.0189]
Epoch 92/150 [train]:   0%|          | 0/26 [00:00<?, ?it/s, S=0.0155, loss=0.0185]
Epoch 92/150 [train]:   0%|          | 0/26 [00:00<?, ?it/s, S=0.0155, loss=0.0181]
Epoch 92/150 [train]:  35%|███▍      | 9/26 [00:00<00:00, 86.44it/s, S=0.0155, loss=0.0181]
Epoch 92/150 [train]:  35%|███▍      | 9/26 [00:00<00:00, 86.44it/s, S=0.0154, loss=0.0181]
Epoch 92/150 [train]:  35%|███▍      | 9/26 [00:48<00:00, 86.44it/s, S=0.0154, loss=0.0181]
Epoch 92/150 [train]:  35%|███▍      | 9/26 [00:48<00:00, 86.44it/s, S=0.0154, loss=0.0191]
Epoch 92/150 [train]:  42%|████▏     | 11/26 [00:48<01:27,  5.86s/it, S=0.0154, loss=0.0191]
Epoch 92/150 [train]:  42%|████▏     | 11/26 [00:48<01:27,  5.86s/it, S=0.0154, loss=0.0187]
Epoch 92/150 [train]:  42%|████▏     | 11/26 [00:48<01:27,  5.86s/it, S=0.0155, loss=0.0190]
Epoch 92/150 [train]:  42%|████▏     | 11/26 [00:48<01:27,  5.86s/it, S=0.0156, loss=0.0183]
Epoch 92/150 [train]:  42%|████▏     | 11/26 [00:48<01:27,  5.86s/it, S=0.0155, loss=0.0193]
Epoch 92/150 [train]:  42%|████▏     | 11/26 [00:48<01:27,  5.86s/it, S=0.0154, loss=0.0190]
Epoch 92/150 [train]:  42%|████▏     | 11/26 [00:48<01:27,  5.86s/it, S=0.0155, loss=0.0184]
Epoch 92/150 [train]:  42%|████▏     | 11/26 [00:48<01:27,  5.86s/it, S=0.0154, loss=0.0193]
Epoch 92/150 [train]:  42%|████▏     | 11/26 [00:48<01:27,  5.86s/it, S=0.0155, loss=0.0185]
Epoch 92/150 [train]:  42%|████▏     | 11/26 [00:48<01:27,  5.86s/it, S=0.0154, loss=0.0189]
Epoch 92/150 [train]:  77%|███████▋  | 20/26 [00:48<00:13,  2.31s/it, S=0.0154, loss=0.0189]
Epoch 92/150 [train]:  77%|███████▋  | 20/26 [00:48<00:13,  2.31s/it, S=0.0154, loss=0.0178]
Epoch 92/150 [train]:  77%|███████▋  | 20/26 [00:48<00:13,  2.31s/it, S=0.0154, loss=0.0189]
Epoch 92/150 [train]:  77%|███████▋  | 20/26 [00:48<00:13,  2.31s/it, S=0.0153, loss=0.0189]
Epoch 92/150 [train]:  77%|███████▋  | 20/26 [00:48<00:13,  2.31s/it, S=0.0154, loss=0.0185]
Epoch 92/150 [train]:  77%|███████▋  | 20/26 [00:48<00:13,  2.31s/it, S=0.0155, loss=0.0187]
Epoch 92/150 [train]:  77%|███████▋  | 20/26 [00:48<00:13,  2.31s/it, S=0.0154, loss=0.0183]
                                                                                            
Epoch  92/150  train loss=0.0185  val loss=0.4382  S[mean]=0.0153  ζ=0.1712  mean_plane_ζ=0.1729  reg=0.4535  λscale=1.00  lr=4.12e-04

Epoch 93/150 [train]:   0%|          | 0/26 [00:00<?, ?it/s]
Epoch 93/150 [train]:   0%|          | 0/26 [00:00<?, ?it/s, S=0.0154, loss=0.0181]
Epoch 93/150 [train]:   0%|          | 0/26 [00:00<?, ?it/s, S=0.0154, loss=0.0176]
Epoch 93/150 [train]:   0%|          | 0/26 [00:00<?, ?it/s, S=0.0155, loss=0.0187]
Epoch 93/150 [train]:   0%|          | 0/26 [00:00<?, ?it/s, S=0.0154, loss=0.0192]
Epoch 93/150 [train]:   0%|          | 0/26 [00:00<?, ?it/s, S=0.0155, loss=0.0177]
Epoch 93/150 [train]:   0%|          | 0/26 [00:00<?, ?it/s, S=0.0154, loss=0.0188]
Epoch 93/150 [train]:   0%|          | 0/26 [00:00<?, ?it/s, S=0.0155, loss=0.0183]
Epoch 93/150 [train]:   0%|          | 0/26 [00:00<?, ?it/s, S=0.0155, loss=0.0185]
Epoch 93/150 [train]:   0%|          | 0/26 [00:00<?, ?it/s, S=0.0155, loss=0.0193]
Epoch 93/150 [train]:  35%|███▍      | 9/26 [00:00<00:00, 87.17it/s, S=0.0155, loss=0.0193]
Epoch 93/150 [train]:  35%|███▍      | 9/26 [00:00<00:00, 87.17it/s, S=0.0155, loss=0.0188]
Epoch 93/150 [train]:  35%|███▍      | 9/26 [00:00<00:00, 87.17it/s, S=0.0155, loss=0.0185]
Epoch 93/150 [train]:  35%|███▍      | 9/26 [00:00<00:00, 87.17it/s, S=0.0155, loss=0.0198]
Epoch 93/150 [train]:  35%|███▍      | 9/26 [00:00<00:00, 87.17it/s, S=0.0155, loss=0.0194]
Epoch 93/150 [train]:  35%|███▍      | 9/26 [00:00<00:00, 87.17it/s, S=0.0155, loss=0.0178]
Epoch 93/150 [train]:  35%|███▍      | 9/26 [00:00<00:00, 87.17it/s, S=0.0155, loss=0.0178]
Epoch 93/150 [train]:  35%|███▍      | 9/26 [00:00<00:00, 87.17it/s, S=0.0155, loss=0.0180]
Epoch 93/150 [train]:  35%|███▍      | 9/26 [00:00<00:00, 87.17it/s, S=0.0154, loss=0.0199]
Epoch 93/150 [train]:  35%|███▍      | 9/26 [00:00<00:00, 87.17it/s, S=0.0154, loss=0.0190]
Epoch 93/150 [train]:  69%|██████▉   | 18/26 [00:00<00:00, 87.47it/s, S=0.0154, loss=0.0190]
Epoch 93/150 [train]:  69%|██████▉   | 18/26 [00:00<00:00, 87.47it/s, S=0.0155, loss=0.0172]
Epoch 93/150 [train]:  69%|██████▉   | 18/26 [00:00<00:00, 87.47it/s, S=0.0154, loss=0.0191]
Epoch 93/150 [train]:  69%|██████▉   | 18/26 [00:00<00:00, 87.47it/s, S=0.0155, loss=0.0185]
Epoch 93/150 [train]:  69%|██████▉   | 18/26 [00:00<00:00, 87.47it/s, S=0.0155, loss=0.0183]
Epoch 93/150 [train]:  69%|██████▉   | 18/26 [00:00<00:00, 87.47it/s, S=0.0154, loss=0.0178]
Epoch 93/150 [train]:  69%|██████▉   | 18/26 [00:00<00:00, 87.47it/s, S=0.0153, loss=0.0187]
Epoch 93/150 [train]:  69%|██████▉   | 18/26 [00:00<00:00, 87.47it/s, S=0.0156, loss=0.0184]
Epoch 93/150 [train]:  69%|██████▉   | 18/26 [00:00<00:00, 87.47it/s, S=0.0155, loss=0.0187]
                                                                                            
Epoch  93/150  train loss=0.0185  val loss=0.4499  S[mean]=0.0154  ζ=0.1709  mean_plane_ζ=0.1727  reg=0.4652  λscale=1.00  lr=4.05e-04

Epoch 94/150 [train]:   0%|          | 0/26 [00:00<?, ?it/s]
Epoch 94/150 [train]:   0%|          | 0/26 [00:00<?, ?it/s, S=0.0155, loss=0.0180]
Epoch 94/150 [train]:   0%|          | 0/26 [00:00<?, ?it/s, S=0.0155, loss=0.0188]
Epoch 94/150 [train]:   0%|          | 0/26 [00:00<?, ?it/s, S=0.0155, loss=0.0186]
Epoch 94/150 [train]:   0%|          | 0/26 [00:00<?, ?it/s, S=0.0155, loss=0.0182]
Epoch 94/150 [train]:   0%|          | 0/26 [00:00<?, ?it/s, S=0.0155, loss=0.0183]
Epoch 94/150 [train]:   0%|          | 0/26 [00:00<?, ?it/s, S=0.0154, loss=0.0174]
Epoch 94/150 [train]:   0%|          | 0/26 [00:00<?, ?it/s, S=0.0155, loss=0.0176]
Epoch 94/150 [train]:   0%|          | 0/26 [00:00<?, ?it/s, S=0.0153, loss=0.0194]
Epoch 94/150 [train]:   0%|          | 0/26 [00:00<?, ?it/s, S=0.0155, loss=0.0184]
Epoch 94/150 [train]:  35%|███▍      | 9/26 [00:00<00:00, 86.63it/s, S=0.0155, loss=0.0184]
Epoch 94/150 [train]:  35%|███▍      | 9/26 [00:00<00:00, 86.63it/s, S=0.0153, loss=0.0178]
Epoch 94/150 [train]:  35%|███▍      | 9/26 [00:00<00:00, 86.63it/s, S=0.0155, loss=0.0174]
Epoch 94/150 [train]:  35%|███▍      | 9/26 [00:00<00:00, 86.63it/s, S=0.0154, loss=0.0190]
Epoch 94/150 [train]:  35%|███▍      | 9/26 [00:00<00:00, 86.63it/s, S=0.0154, loss=0.0188]
Epoch 94/150 [train]:  35%|███▍      | 9/26 [00:00<00:00, 86.63it/s, S=0.0154, loss=0.0177]
Epoch 94/150 [train]:  35%|███▍      | 9/26 [00:00<00:00, 86.63it/s, S=0.0153, loss=0.0188]
Epoch 94/150 [train]:  35%|███▍      | 9/26 [00:00<00:00, 86.63it/s, S=0.0155, loss=0.0182]
Epoch 94/150 [train]:  35%|███▍      | 9/26 [00:00<00:00, 86.63it/s, S=0.0155, loss=0.0181]
Epoch 94/150 [train]:  35%|███▍      | 9/26 [00:00<00:00, 86.63it/s, S=0.0155, loss=0.0188]
Epoch 94/150 [train]:  69%|██████▉   | 18/26 [00:00<00:00, 87.26it/s, S=0.0155, loss=0.0188]
Epoch 94/150 [train]:  69%|██████▉   | 18/26 [00:00<00:00, 87.26it/s, S=0.0155, loss=0.0174]
Epoch 94/150 [train]:  69%|██████▉   | 18/26 [00:00<00:00, 87.26it/s, S=0.0153, loss=0.0185]
Epoch 94/150 [train]:  69%|██████▉   | 18/26 [00:00<00:00, 87.26it/s, S=0.0154, loss=0.0192]
Epoch 94/150 [train]:  69%|██████▉   | 18/26 [00:00<00:00, 87.26it/s, S=0.0155, loss=0.0178]
Epoch 94/150 [train]:  69%|██████▉   | 18/26 [00:00<00:00, 87.26it/s, S=0.0155, loss=0.0180]
Epoch 94/150 [train]:  69%|██████▉   | 18/26 [00:00<00:00, 87.26it/s, S=0.0154, loss=0.0176]
Epoch 94/150 [train]:  69%|██████▉   | 18/26 [00:00<00:00, 87.26it/s, S=0.0155, loss=0.0184]
Epoch 94/150 [train]:  69%|██████▉   | 18/26 [00:00<00:00, 87.26it/s, S=0.0154, loss=0.0183]
                                                                                            
Epoch  94/150  train loss=0.0182  val loss=0.4551  S[mean]=0.0153  ζ=0.1708  mean_plane_ζ=0.1726  reg=0.4705  λscale=1.00  lr=3.97e-04

Epoch 95/150 [train]:   0%|          | 0/26 [00:00<?, ?it/s]
Epoch 95/150 [train]:   0%|          | 0/26 [00:00<?, ?it/s, S=0.0154, loss=0.0177]
Epoch 95/150 [train]:   0%|          | 0/26 [00:00<?, ?it/s, S=0.0154, loss=0.0174]
Epoch 95/150 [train]:   0%|          | 0/26 [00:00<?, ?it/s, S=0.0155, loss=0.0183]
Epoch 95/150 [train]:   0%|          | 0/26 [00:00<?, ?it/s, S=0.0154, loss=0.0181]
Epoch 95/150 [train]:   0%|          | 0/26 [00:00<?, ?it/s, S=0.0155, loss=0.0180]
Epoch 95/150 [train]:   0%|          | 0/26 [00:00<?, ?it/s, S=0.0155, loss=0.0183]
Epoch 95/150 [train]:   0%|          | 0/26 [00:00<?, ?it/s, S=0.0154, loss=0.0184]
Epoch 95/150 [train]:   0%|          | 0/26 [00:00<?, ?it/s, S=0.0154, loss=0.0191]
Epoch 95/150 [train]:   0%|          | 0/26 [00:00<?, ?it/s, S=0.0154, loss=0.0192]
Epoch 95/150 [train]:  35%|███▍      | 9/26 [00:00<00:00, 86.75it/s, S=0.0154, loss=0.0192]
Epoch 95/150 [train]:  35%|███▍      | 9/26 [00:00<00:00, 86.75it/s, S=0.0154, loss=0.0172]
Epoch 95/150 [train]:  35%|███▍      | 9/26 [00:00<00:00, 86.75it/s, S=0.0155, loss=0.0178]
Epoch 95/150 [train]:  35%|███▍      | 9/26 [00:00<00:00, 86.75it/s, S=0.0155, loss=0.0174]
Epoch 95/150 [train]:  35%|███▍      | 9/26 [00:00<00:00, 86.75it/s, S=0.0155, loss=0.0178]
Epoch 95/150 [train]:  35%|███▍      | 9/26 [00:00<00:00, 86.75it/s, S=0.0154, loss=0.0179]
Epoch 95/150 [train]:  35%|███▍      | 9/26 [00:00<00:00, 86.75it/s, S=0.0155, loss=0.0190]
Epoch 95/150 [train]:  35%|███▍      | 9/26 [00:00<00:00, 86.75it/s, S=0.0154, loss=0.0180]
Epoch 95/150 [train]:  35%|███▍      | 9/26 [00:00<00:00, 86.75it/s, S=0.0155, loss=0.0182]
Epoch 95/150 [train]:  35%|███▍      | 9/26 [00:00<00:00, 86.75it/s, S=0.0155, loss=0.0180]
Epoch 95/150 [train]:  69%|██████▉   | 18/26 [00:00<00:00, 87.31it/s, S=0.0155, loss=0.0180]
Epoch 95/150 [train]:  69%|██████▉   | 18/26 [00:00<00:00, 87.31it/s, S=0.0154, loss=0.0175]
Epoch 95/150 [train]:  69%|██████▉   | 18/26 [00:00<00:00, 87.31it/s, S=0.0154, loss=0.0182]
Epoch 95/150 [train]:  69%|██████▉   | 18/26 [00:00<00:00, 87.31it/s, S=0.0154, loss=0.0182]
Epoch 95/150 [train]:  69%|██████▉   | 18/26 [00:00<00:00, 87.31it/s, S=0.0155, loss=0.0178]
Epoch 95/150 [train]:  69%|██████▉   | 18/26 [00:00<00:00, 87.31it/s, S=0.0155, loss=0.0186]
Epoch 95/150 [train]:  69%|██████▉   | 18/26 [00:00<00:00, 87.31it/s, S=0.0155, loss=0.0183]
Epoch 95/150 [train]:  69%|██████▉   | 18/26 [00:00<00:00, 87.31it/s, S=0.0155, loss=0.0186]
Epoch 95/150 [train]:  69%|██████▉   | 18/26 [00:00<00:00, 87.31it/s, S=0.0155, loss=0.0173]
                                                                                            
Epoch  95/150  train loss=0.0181  val loss=0.4634  S[mean]=0.0153  ζ=0.1704  mean_plane_ζ=0.1722  reg=0.4787  λscale=1.00  lr=3.89e-04

Epoch 96/150 [train]:   0%|          | 0/26 [00:00<?, ?it/s]
Epoch 96/150 [train]:   0%|          | 0/26 [00:00<?, ?it/s, S=0.0155, loss=0.0169]
Epoch 96/150 [train]:   0%|          | 0/26 [00:00<?, ?it/s, S=0.0154, loss=0.0165]
Epoch 96/150 [train]:   0%|          | 0/26 [00:00<?, ?it/s, S=0.0154, loss=0.0162]
Epoch 96/150 [train]:   0%|          | 0/26 [00:00<?, ?it/s, S=0.0154, loss=0.0174]
Epoch 96/150 [train]:   0%|          | 0/26 [00:00<?, ?it/s, S=0.0155, loss=0.0185]
Epoch 96/150 [train]:   0%|          | 0/26 [00:00<?, ?it/s, S=0.0155, loss=0.0174]
Epoch 96/150 [train]:   0%|          | 0/26 [00:00<?, ?it/s, S=0.0155, loss=0.0171]
Epoch 96/150 [train]:   0%|          | 0/26 [00:00<?, ?it/s, S=0.0155, loss=0.0183]
Epoch 96/150 [train]:   0%|          | 0/26 [00:00<?, ?it/s, S=0.0154, loss=0.0187]
Epoch 96/150 [train]:  35%|███▍      | 9/26 [00:00<00:00, 87.06it/s, S=0.0154, loss=0.0187]
Epoch 96/150 [train]:  35%|███▍      | 9/26 [00:00<00:00, 87.06it/s, S=0.0154, loss=0.0174]
Epoch 96/150 [train]:  35%|███▍      | 9/26 [00:00<00:00, 87.06it/s, S=0.0155, loss=0.0180]
Epoch 96/150 [train]:  35%|███▍      | 9/26 [00:00<00:00, 87.06it/s, S=0.0154, loss=0.0189]
Epoch 96/150 [train]:  35%|███▍      | 9/26 [00:00<00:00, 87.06it/s, S=0.0155, loss=0.0179]
Epoch 96/150 [train]:  35%|███▍      | 9/26 [00:00<00:00, 87.06it/s, S=0.0154, loss=0.0173]
Epoch 96/150 [train]:  35%|███▍      | 9/26 [00:00<00:00, 87.06it/s, S=0.0154, loss=0.0177]
Epoch 96/150 [train]:  35%|███▍      | 9/26 [00:00<00:00, 87.06it/s, S=0.0154, loss=0.0172]
Epoch 96/150 [train]:  35%|███▍      | 9/26 [00:00<00:00, 87.06it/s, S=0.0155, loss=0.0180]
Epoch 96/150 [train]:  35%|███▍      | 9/26 [00:00<00:00, 87.06it/s, S=0.0154, loss=0.0172]
Epoch 96/150 [train]:  69%|██████▉   | 18/26 [00:00<00:00, 87.45it/s, S=0.0154, loss=0.0172]
Epoch 96/150 [train]:  69%|██████▉   | 18/26 [00:00<00:00, 87.45it/s, S=0.0154, loss=0.0196]
Epoch 96/150 [train]:  69%|██████▉   | 18/26 [00:00<00:00, 87.45it/s, S=0.0154, loss=0.0181]
Epoch 96/150 [train]:  69%|██████▉   | 18/26 [00:00<00:00, 87.45it/s, S=0.0155, loss=0.0189]
Epoch 96/150 [train]:  69%|██████▉   | 18/26 [00:00<00:00, 87.45it/s, S=0.0154, loss=0.0182]
Epoch 96/150 [train]:  69%|██████▉   | 18/26 [00:00<00:00, 87.45it/s, S=0.0155, loss=0.0175]
Epoch 96/150 [train]:  69%|██████▉   | 18/26 [00:00<00:00, 87.45it/s, S=0.0154, loss=0.0193]
Epoch 96/150 [train]:  69%|██████▉   | 18/26 [00:00<00:00, 87.45it/s, S=0.0154, loss=0.0188]
Epoch 96/150 [train]:  69%|██████▉   | 18/26 [00:00<00:00, 87.45it/s, S=0.0155, loss=0.0187]
                                                                                            
Epoch  96/150  train loss=0.0179  val loss=0.4625  S[mean]=0.0153  ζ=0.1698  mean_plane_ζ=0.1718  reg=0.4779  λscale=1.00  lr=3.81e-04

Epoch 97/150 [train]:   0%|          | 0/26 [00:00<?, ?it/s]
Epoch 97/150 [train]:   0%|          | 0/26 [00:00<?, ?it/s, S=0.0154, loss=0.0171]
Epoch 97/150 [train]:   0%|          | 0/26 [00:00<?, ?it/s, S=0.0154, loss=0.0179]
Epoch 97/150 [train]:   0%|          | 0/26 [00:00<?, ?it/s, S=0.0155, loss=0.0181]
Epoch 97/150 [train]:   0%|          | 0/26 [00:00<?, ?it/s, S=0.0155, loss=0.0166]
Epoch 97/150 [train]:   0%|          | 0/26 [00:00<?, ?it/s, S=0.0155, loss=0.0177]
Epoch 97/150 [train]:   0%|          | 0/26 [00:00<?, ?it/s, S=0.0155, loss=0.0167]
Epoch 97/150 [train]:   0%|          | 0/26 [00:00<?, ?it/s, S=0.0154, loss=0.0179]
Epoch 97/150 [train]:   0%|          | 0/26 [00:00<?, ?it/s, S=0.0155, loss=0.0178]
Epoch 97/150 [train]:   0%|          | 0/26 [00:00<?, ?it/s, S=0.0154, loss=0.0172]
Epoch 97/150 [train]:  35%|███▍      | 9/26 [00:00<00:00, 87.23it/s, S=0.0154, loss=0.0172]
Epoch 97/150 [train]:  35%|███▍      | 9/26 [00:00<00:00, 87.23it/s, S=0.0155, loss=0.0185]
Epoch 97/150 [train]:  35%|███▍      | 9/26 [00:00<00:00, 87.23it/s, S=0.0155, loss=0.0186]
Epoch 97/150 [train]:  35%|███▍      | 9/26 [00:00<00:00, 87.23it/s, S=0.0154, loss=0.0180]
Epoch 97/150 [train]:  35%|███▍      | 9/26 [00:00<00:00, 87.23it/s, S=0.0155, loss=0.0178]
Epoch 97/150 [train]:  35%|███▍      | 9/26 [00:00<00:00, 87.23it/s, S=0.0155, loss=0.0190]
Epoch 97/150 [train]:  35%|███▍      | 9/26 [00:00<00:00, 87.23it/s, S=0.0154, loss=0.0174]
Epoch 97/150 [train]:  35%|███▍      | 9/26 [00:00<00:00, 87.23it/s, S=0.0154, loss=0.0180]
Epoch 97/150 [train]:  35%|███▍      | 9/26 [00:00<00:00, 87.23it/s, S=0.0155, loss=0.0177]
Epoch 97/150 [train]:  35%|███▍      | 9/26 [00:00<00:00, 87.23it/s, S=0.0154, loss=0.0179]
Epoch 97/150 [train]:  69%|██████▉   | 18/26 [00:00<00:00, 87.47it/s, S=0.0154, loss=0.0179]
Epoch 97/150 [train]:  69%|██████▉   | 18/26 [00:00<00:00, 87.47it/s, S=0.0155, loss=0.0178]
Epoch 97/150 [train]:  69%|██████▉   | 18/26 [00:00<00:00, 87.47it/s, S=0.0154, loss=0.0179]
Epoch 97/150 [train]:  69%|██████▉   | 18/26 [00:00<00:00, 87.47it/s, S=0.0156, loss=0.0181]
Epoch 97/150 [train]:  69%|██████▉   | 18/26 [00:00<00:00, 87.47it/s, S=0.0156, loss=0.0174]
Epoch 97/150 [train]:  69%|██████▉   | 18/26 [00:00<00:00, 87.47it/s, S=0.0154, loss=0.0179]
Epoch 97/150 [train]:  69%|██████▉   | 18/26 [00:00<00:00, 87.47it/s, S=0.0154, loss=0.0175]
Epoch 97/150 [train]:  69%|██████▉   | 18/26 [00:00<00:00, 87.47it/s, S=0.0154, loss=0.0181]
Epoch 97/150 [train]:  69%|██████▉   | 18/26 [00:00<00:00, 87.47it/s, S=0.0155, loss=0.0178]
                                                                                            
Epoch  97/150  train loss=0.0178  val loss=0.4727  S[mean]=0.0153  ζ=0.1697  mean_plane_ζ=0.1717  reg=0.4881  λscale=1.00  lr=3.72e-04

Epoch 98/150 [train]:   0%|          | 0/26 [00:00<?, ?it/s]
Epoch 98/150 [train]:   0%|          | 0/26 [00:00<?, ?it/s, S=0.0154, loss=0.0171]
Epoch 98/150 [train]:   0%|          | 0/26 [00:00<?, ?it/s, S=0.0155, loss=0.0183]
Epoch 98/150 [train]:   0%|          | 0/26 [00:00<?, ?it/s, S=0.0156, loss=0.0175]
Epoch 98/150 [train]:   0%|          | 0/26 [00:00<?, ?it/s, S=0.0155, loss=0.0176]
Epoch 98/150 [train]:   0%|          | 0/26 [00:00<?, ?it/s, S=0.0155, loss=0.0168]
Epoch 98/150 [train]:   0%|          | 0/26 [00:00<?, ?it/s, S=0.0154, loss=0.0157]
Epoch 98/150 [train]:   0%|          | 0/26 [00:00<?, ?it/s, S=0.0154, loss=0.0180]
Epoch 98/150 [train]:   0%|          | 0/26 [00:00<?, ?it/s, S=0.0154, loss=0.0180]
Epoch 98/150 [train]:   0%|          | 0/26 [00:00<?, ?it/s, S=0.0155, loss=0.0182]
Epoch 98/150 [train]:  35%|███▍      | 9/26 [00:00<00:00, 86.83it/s, S=0.0155, loss=0.0182]
Epoch 98/150 [train]:  35%|███▍      | 9/26 [00:00<00:00, 86.83it/s, S=0.0154, loss=0.0175]
Epoch 98/150 [train]:  35%|███▍      | 9/26 [00:00<00:00, 86.83it/s, S=0.0154, loss=0.0183]
Epoch 98/150 [train]:  35%|███▍      | 9/26 [00:00<00:00, 86.83it/s, S=0.0154, loss=0.0177]
Epoch 98/150 [train]:  35%|███▍      | 9/26 [00:00<00:00, 86.83it/s, S=0.0156, loss=0.0179]
Epoch 98/150 [train]:  35%|███▍      | 9/26 [00:00<00:00, 86.83it/s, S=0.0155, loss=0.0176]
Epoch 98/150 [train]:  35%|███▍      | 9/26 [00:00<00:00, 86.83it/s, S=0.0154, loss=0.0180]
Epoch 98/150 [train]:  35%|███▍      | 9/26 [00:00<00:00, 86.83it/s, S=0.0155, loss=0.0172]
Epoch 98/150 [train]:  35%|███▍      | 9/26 [00:00<00:00, 86.83it/s, S=0.0155, loss=0.0170]
Epoch 98/150 [train]:  35%|███▍      | 9/26 [00:00<00:00, 86.83it/s, S=0.0154, loss=0.0183]
Epoch 98/150 [train]:  69%|██████▉   | 18/26 [00:00<00:00, 87.28it/s, S=0.0154, loss=0.0183]
Epoch 98/150 [train]:  69%|██████▉   | 18/26 [00:00<00:00, 87.28it/s, S=0.0155, loss=0.0177]
Epoch 98/150 [train]:  69%|██████▉   | 18/26 [00:00<00:00, 87.28it/s, S=0.0155, loss=0.0176]
Epoch 98/150 [train]:  69%|██████▉   | 18/26 [00:00<00:00, 87.28it/s, S=0.0154, loss=0.0183]
Epoch 98/150 [train]:  69%|██████▉   | 18/26 [00:00<00:00, 87.28it/s, S=0.0155, loss=0.0183]
Epoch 98/150 [train]:  69%|██████▉   | 18/26 [00:00<00:00, 87.28it/s, S=0.0154, loss=0.0174]
Epoch 98/150 [train]:  69%|██████▉   | 18/26 [00:00<00:00, 87.28it/s, S=0.0155, loss=0.0180]
Epoch 98/150 [train]:  69%|██████▉   | 18/26 [00:00<00:00, 87.28it/s, S=0.0156, loss=0.0170]
Epoch 98/150 [train]:  69%|██████▉   | 18/26 [00:00<00:00, 87.28it/s, S=0.0154, loss=0.0173]
                                                                                            
Epoch  98/150  train loss=0.0176  val loss=0.4749  S[mean]=0.0153  ζ=0.1696  mean_plane_ζ=0.1717  reg=0.4903  λscale=1.00  lr=3.63e-04

Epoch 99/150 [train]:   0%|          | 0/26 [00:00<?, ?it/s]
Epoch 99/150 [train]:   0%|          | 0/26 [00:00<?, ?it/s, S=0.0154, loss=0.0167]
Epoch 99/150 [train]:   0%|          | 0/26 [00:00<?, ?it/s, S=0.0154, loss=0.0172]
Epoch 99/150 [train]:   0%|          | 0/26 [00:00<?, ?it/s, S=0.0155, loss=0.0175]
Epoch 99/150 [train]:   0%|          | 0/26 [00:00<?, ?it/s, S=0.0154, loss=0.0171]
Epoch 99/150 [train]:   0%|          | 0/26 [00:00<?, ?it/s, S=0.0155, loss=0.0178]
Epoch 99/150 [train]:   0%|          | 0/26 [00:00<?, ?it/s, S=0.0156, loss=0.0180]
Epoch 99/150 [train]:   0%|          | 0/26 [00:00<?, ?it/s, S=0.0154, loss=0.0184]
Epoch 99/150 [train]:   0%|          | 0/26 [00:00<?, ?it/s, S=0.0154, loss=0.0184]
Epoch 99/150 [train]:   0%|          | 0/26 [00:00<?, ?it/s, S=0.0154, loss=0.0170]
Epoch 99/150 [train]:  35%|███▍      | 9/26 [00:00<00:00, 87.14it/s, S=0.0154, loss=0.0170]
Epoch 99/150 [train]:  35%|███▍      | 9/26 [00:00<00:00, 87.14it/s, S=0.0155, loss=0.0186]
Epoch 99/150 [train]:  35%|███▍      | 9/26 [00:00<00:00, 87.14it/s, S=0.0155, loss=0.0192]
Epoch 99/150 [train]:  35%|███▍      | 9/26 [00:00<00:00, 87.14it/s, S=0.0155, loss=0.0175]
Epoch 99/150 [train]:  35%|███▍      | 9/26 [00:00<00:00, 87.14it/s, S=0.0154, loss=0.0173]
Epoch 99/150 [train]:  35%|███▍      | 9/26 [00:00<00:00, 87.14it/s, S=0.0154, loss=0.0182]
Epoch 99/150 [train]:  35%|███▍      | 9/26 [00:00<00:00, 87.14it/s, S=0.0154, loss=0.0182]
Epoch 99/150 [train]:  35%|███▍      | 9/26 [00:00<00:00, 87.14it/s, S=0.0154, loss=0.0182]
Epoch 99/150 [train]:  35%|███▍      | 9/26 [00:00<00:00, 87.14it/s, S=0.0154, loss=0.0172]
Epoch 99/150 [train]:  35%|███▍      | 9/26 [00:00<00:00, 87.14it/s, S=0.0155, loss=0.0176]
Epoch 99/150 [train]:  69%|██████▉   | 18/26 [00:00<00:00, 87.41it/s, S=0.0155, loss=0.0176]
Epoch 99/150 [train]:  69%|██████▉   | 18/26 [00:00<00:00, 87.41it/s, S=0.0154, loss=0.0174]
Epoch 99/150 [train]:  69%|██████▉   | 18/26 [00:00<00:00, 87.41it/s, S=0.0155, loss=0.0169]
Epoch 99/150 [train]:  69%|██████▉   | 18/26 [00:00<00:00, 87.41it/s, S=0.0154, loss=0.0182]
Epoch 99/150 [train]:  69%|██████▉   | 18/26 [00:00<00:00, 87.41it/s, S=0.0154, loss=0.0185]
Epoch 99/150 [train]:  69%|██████▉   | 18/26 [00:00<00:00, 87.41it/s, S=0.0154, loss=0.0179]
Epoch 99/150 [train]:  69%|██████▉   | 18/26 [00:00<00:00, 87.41it/s, S=0.0154, loss=0.0173]
Epoch 99/150 [train]:  69%|██████▉   | 18/26 [00:00<00:00, 87.41it/s, S=0.0155, loss=0.0181]
Epoch 99/150 [train]:  69%|██████▉   | 18/26 [00:00<00:00, 87.41it/s, S=0.0154, loss=0.0178]
                                                                                            
Epoch  99/150  train loss=0.0178  val loss=0.4819  S[mean]=0.0153  ζ=0.1694  mean_plane_ζ=0.1715  reg=0.4972  λscale=1.00  lr=3.55e-04

Epoch 100/150 [train]:   0%|          | 0/26 [00:00<?, ?it/s]
Epoch 100/150 [train]:   0%|          | 0/26 [00:00<?, ?it/s, S=0.0154, loss=0.0184]
Epoch 100/150 [train]:   0%|          | 0/26 [00:00<?, ?it/s, S=0.0155, loss=0.0165]
Epoch 100/150 [train]:   0%|          | 0/26 [00:00<?, ?it/s, S=0.0154, loss=0.0167]
Epoch 100/150 [train]:   0%|          | 0/26 [00:00<?, ?it/s, S=0.0154, loss=0.0173]
Epoch 100/150 [train]:   0%|          | 0/26 [00:00<?, ?it/s, S=0.0154, loss=0.0169]
Epoch 100/150 [train]:   0%|          | 0/26 [00:00<?, ?it/s, S=0.0154, loss=0.0173]
Epoch 100/150 [train]:   0%|          | 0/26 [00:00<?, ?it/s, S=0.0154, loss=0.0172]
Epoch 100/150 [train]:   0%|          | 0/26 [00:00<?, ?it/s, S=0.0153, loss=0.0178]
Epoch 100/150 [train]:   0%|          | 0/26 [00:00<?, ?it/s, S=0.0155, loss=0.0185]
Epoch 100/150 [train]:  35%|███▍      | 9/26 [00:00<00:00, 87.19it/s, S=0.0155, loss=0.0185]
Epoch 100/150 [train]:  35%|███▍      | 9/26 [00:00<00:00, 87.19it/s, S=0.0154, loss=0.0182]
Epoch 100/150 [train]:  35%|███▍      | 9/26 [00:00<00:00, 87.19it/s, S=0.0155, loss=0.0186]
Epoch 100/150 [train]:  35%|███▍      | 9/26 [00:00<00:00, 87.19it/s, S=0.0154, loss=0.0176]
Epoch 100/150 [train]:  35%|███▍      | 9/26 [00:00<00:00, 87.19it/s, S=0.0153, loss=0.0189]
Epoch 100/150 [train]:  35%|███▍      | 9/26 [00:00<00:00, 87.19it/s, S=0.0154, loss=0.0179]
Epoch 100/150 [train]:  35%|███▍      | 9/26 [00:00<00:00, 87.19it/s, S=0.0154, loss=0.0184]
Epoch 100/150 [train]:  35%|███▍      | 9/26 [00:00<00:00, 87.19it/s, S=0.0155, loss=0.0180]
Epoch 100/150 [train]:  35%|███▍      | 9/26 [00:00<00:00, 87.19it/s, S=0.0155, loss=0.0185]
Epoch 100/150 [train]:  35%|███▍      | 9/26 [00:00<00:00, 87.19it/s, S=0.0154, loss=0.0185]
Epoch 100/150 [train]:  69%|██████▉   | 18/26 [00:00<00:00, 87.66it/s, S=0.0154, loss=0.0185]
Epoch 100/150 [train]:  69%|██████▉   | 18/26 [00:00<00:00, 87.66it/s, S=0.0155, loss=0.0185]
Epoch 100/150 [train]:  69%|██████▉   | 18/26 [00:00<00:00, 87.66it/s, S=0.0156, loss=0.0177]
Epoch 100/150 [train]:  69%|██████▉   | 18/26 [00:00<00:00, 87.66it/s, S=0.0155, loss=0.0187]
Epoch 100/150 [train]:  69%|██████▉   | 18/26 [00:00<00:00, 87.66it/s, S=0.0154, loss=0.0176]
Epoch 100/150 [train]:  69%|██████▉   | 18/26 [00:00<00:00, 87.66it/s, S=0.0155, loss=0.0172]
Epoch 100/150 [train]:  69%|██████▉   | 18/26 [00:00<00:00, 87.66it/s, S=0.0155, loss=0.0186]
Epoch 100/150 [train]:  69%|██████▉   | 18/26 [00:00<00:00, 87.66it/s, S=0.0155, loss=0.0188]
Epoch 100/150 [train]:  69%|██████▉   | 18/26 [00:00<00:00, 87.66it/s, S=0.0154, loss=0.0167]
                                                                                             
Epoch 100/150  train loss=0.0179  val loss=0.4811  S[mean]=0.0153  ζ=0.1692  mean_plane_ζ=0.1714  reg=0.4964  λscale=1.00  lr=3.46e-04

Epoch 101/150 [train]:   0%|          | 0/26 [00:00<?, ?it/s]
Epoch 101/150 [train]:   0%|          | 0/26 [00:00<?, ?it/s, S=0.0154, loss=0.0177]
Epoch 101/150 [train]:   0%|          | 0/26 [00:00<?, ?it/s, S=0.0153, loss=0.0167]
Epoch 101/150 [train]:   0%|          | 0/26 [00:00<?, ?it/s, S=0.0155, loss=0.0177]
Epoch 101/150 [train]:   0%|          | 0/26 [00:00<?, ?it/s, S=0.0155, loss=0.0178]
Epoch 101/150 [train]:   0%|          | 0/26 [00:00<?, ?it/s, S=0.0155, loss=0.0166]
Epoch 101/150 [train]:   0%|          | 0/26 [00:00<?, ?it/s, S=0.0154, loss=0.0168]
Epoch 101/150 [train]:   0%|          | 0/26 [00:00<?, ?it/s, S=0.0154, loss=0.0175]
Epoch 101/150 [train]:   0%|          | 0/26 [00:00<?, ?it/s, S=0.0153, loss=0.0187]
Epoch 101/150 [train]:   0%|          | 0/26 [00:00<?, ?it/s, S=0.0155, loss=0.0167]
Epoch 101/150 [train]:  35%|███▍      | 9/26 [00:00<00:00, 87.26it/s, S=0.0155, loss=0.0167]
Epoch 101/150 [train]:  35%|███▍      | 9/26 [00:00<00:00, 87.26it/s, S=0.0155, loss=0.0174]
Epoch 101/150 [train]:  35%|███▍      | 9/26 [00:00<00:00, 87.26it/s, S=0.0154, loss=0.0174]
Epoch 101/150 [train]:  35%|███▍      | 9/26 [00:00<00:00, 87.26it/s, S=0.0155, loss=0.0177]
Epoch 101/150 [train]:  35%|███▍      | 9/26 [00:00<00:00, 87.26it/s, S=0.0154, loss=0.0178]
Epoch 101/150 [train]:  35%|███▍      | 9/26 [00:00<00:00, 87.26it/s, S=0.0156, loss=0.0173]
Epoch 101/150 [train]:  35%|███▍      | 9/26 [00:00<00:00, 87.26it/s, S=0.0155, loss=0.0172]
Epoch 101/150 [train]:  35%|███▍      | 9/26 [00:00<00:00, 87.26it/s, S=0.0155, loss=0.0187]
Epoch 101/150 [train]:  35%|███▍      | 9/26 [00:00<00:00, 87.26it/s, S=0.0154, loss=0.0178]
Epoch 101/150 [train]:  35%|███▍      | 9/26 [00:00<00:00, 87.26it/s, S=0.0154, loss=0.0176]
Epoch 101/150 [train]:  69%|██████▉   | 18/26 [00:00<00:00, 87.60it/s, S=0.0154, loss=0.0176]
Epoch 101/150 [train]:  69%|██████▉   | 18/26 [00:00<00:00, 87.60it/s, S=0.0154, loss=0.0167]
Epoch 101/150 [train]:  69%|██████▉   | 18/26 [00:00<00:00, 87.60it/s, S=0.0155, loss=0.0175]
Epoch 101/150 [train]:  69%|██████▉   | 18/26 [00:00<00:00, 87.60it/s, S=0.0155, loss=0.0178]
Epoch 101/150 [train]:  69%|██████▉   | 18/26 [00:00<00:00, 87.60it/s, S=0.0155, loss=0.0181]
Epoch 101/150 [train]:  69%|██████▉   | 18/26 [00:00<00:00, 87.60it/s, S=0.0155, loss=0.0173]
Epoch 101/150 [train]:  69%|██████▉   | 18/26 [00:00<00:00, 87.60it/s, S=0.0154, loss=0.0176]
Epoch 101/150 [train]:  69%|██████▉   | 18/26 [00:00<00:00, 87.60it/s, S=0.0155, loss=0.0175]
Epoch 101/150 [train]:  69%|██████▉   | 18/26 [00:00<00:00, 87.60it/s, S=0.0155, loss=0.0177]
                                                                                             
Epoch 101/150  train loss=0.0175  val loss=0.4865  S[mean]=0.0153  ζ=0.1688  mean_plane_ζ=0.1711  reg=0.5018  λscale=1.00  lr=3.37e-04

Epoch 102/150 [train]:   0%|          | 0/26 [00:00<?, ?it/s]
Epoch 102/150 [train]:   0%|          | 0/26 [00:00<?, ?it/s, S=0.0155, loss=0.0167]
Epoch 102/150 [train]:   0%|          | 0/26 [00:00<?, ?it/s, S=0.0155, loss=0.0170]
Epoch 102/150 [train]:   0%|          | 0/26 [00:00<?, ?it/s, S=0.0154, loss=0.0169]
Epoch 102/150 [train]:   0%|          | 0/26 [00:00<?, ?it/s, S=0.0154, loss=0.0172]
Epoch 102/150 [train]:   0%|          | 0/26 [00:00<?, ?it/s, S=0.0154, loss=0.0176]
Epoch 102/150 [train]:   0%|          | 0/26 [00:00<?, ?it/s, S=0.0154, loss=0.0172]
Epoch 102/150 [train]:   0%|          | 0/26 [00:00<?, ?it/s, S=0.0155, loss=0.0170]
Epoch 102/150 [train]:   0%|          | 0/26 [00:00<?, ?it/s, S=0.0155, loss=0.0171]
Epoch 102/150 [train]:   0%|          | 0/26 [00:00<?, ?it/s, S=0.0155, loss=0.0186]
Epoch 102/150 [train]:  35%|███▍      | 9/26 [00:00<00:00, 87.25it/s, S=0.0155, loss=0.0186]
Epoch 102/150 [train]:  35%|███▍      | 9/26 [00:00<00:00, 87.25it/s, S=0.0155, loss=0.0176]
Epoch 102/150 [train]:  35%|███▍      | 9/26 [00:00<00:00, 87.25it/s, S=0.0155, loss=0.0174]
Epoch 102/150 [train]:  35%|███▍      | 9/26 [00:00<00:00, 87.25it/s, S=0.0153, loss=0.0176]
Epoch 102/150 [train]:  35%|███▍      | 9/26 [00:00<00:00, 87.25it/s, S=0.0154, loss=0.0185]
Epoch 102/150 [train]:  35%|███▍      | 9/26 [00:00<00:00, 87.25it/s, S=0.0155, loss=0.0175]
Epoch 102/150 [train]:  35%|███▍      | 9/26 [00:00<00:00, 87.25it/s, S=0.0154, loss=0.0179]
Epoch 102/150 [train]:  35%|███▍      | 9/26 [00:00<00:00, 87.25it/s, S=0.0155, loss=0.0182]
Epoch 102/150 [train]:  35%|███▍      | 9/26 [00:00<00:00, 87.25it/s, S=0.0154, loss=0.0179]
Epoch 102/150 [train]:  35%|███▍      | 9/26 [00:00<00:00, 87.25it/s, S=0.0154, loss=0.0173]
Epoch 102/150 [train]:  69%|██████▉   | 18/26 [00:00<00:00, 87.59it/s, S=0.0154, loss=0.0173]
Epoch 102/150 [train]:  69%|██████▉   | 18/26 [00:00<00:00, 87.59it/s, S=0.0154, loss=0.0181]
Epoch 102/150 [train]:  69%|██████▉   | 18/26 [00:00<00:00, 87.59it/s, S=0.0155, loss=0.0175]
Epoch 102/150 [train]:  69%|██████▉   | 18/26 [00:00<00:00, 87.59it/s, S=0.0155, loss=0.0179]
Epoch 102/150 [train]:  69%|██████▉   | 18/26 [00:00<00:00, 87.59it/s, S=0.0154, loss=0.0184]
Epoch 102/150 [train]:  69%|██████▉   | 18/26 [00:00<00:00, 87.59it/s, S=0.0153, loss=0.0169]
Epoch 102/150 [train]:  69%|██████▉   | 18/26 [00:00<00:00, 87.59it/s, S=0.0154, loss=0.0167]
Epoch 102/150 [train]:  69%|██████▉   | 18/26 [00:00<00:00, 87.59it/s, S=0.0155, loss=0.0171]
Epoch 102/150 [train]:  69%|██████▉   | 18/26 [00:00<00:00, 87.59it/s, S=0.0156, loss=0.0180]
                                                                                             
Epoch 102/150  train loss=0.0175  val loss=0.4893  S[mean]=0.0153  ζ=0.1687  mean_plane_ζ=0.1711  reg=0.5046  λscale=1.00  lr=3.27e-04

Epoch 103/150 [train]:   0%|          | 0/26 [00:00<?, ?it/s]
Epoch 103/150 [train]:   0%|          | 0/26 [00:00<?, ?it/s, S=0.0155, loss=0.0165]
Epoch 103/150 [train]:   0%|          | 0/26 [00:00<?, ?it/s, S=0.0154, loss=0.0167]
Epoch 103/150 [train]:   0%|          | 0/26 [00:00<?, ?it/s, S=0.0155, loss=0.0156]
Epoch 103/150 [train]:   0%|          | 0/26 [00:00<?, ?it/s, S=0.0155, loss=0.0173]
Epoch 103/150 [train]:   0%|          | 0/26 [00:00<?, ?it/s, S=0.0155, loss=0.0162]
Epoch 103/150 [train]:   0%|          | 0/26 [00:00<?, ?it/s, S=0.0155, loss=0.0173]
Epoch 103/150 [train]:   0%|          | 0/26 [00:00<?, ?it/s, S=0.0156, loss=0.0175]
Epoch 103/150 [train]:   0%|          | 0/26 [00:00<?, ?it/s, S=0.0155, loss=0.0175]
Epoch 103/150 [train]:   0%|          | 0/26 [00:00<?, ?it/s, S=0.0155, loss=0.0174]
Epoch 103/150 [train]:  35%|███▍      | 9/26 [00:00<00:00, 87.26it/s, S=0.0155, loss=0.0174]
Epoch 103/150 [train]:  35%|███▍      | 9/26 [00:00<00:00, 87.26it/s, S=0.0154, loss=0.0170]
Epoch 103/150 [train]:  35%|███▍      | 9/26 [00:00<00:00, 87.26it/s, S=0.0155, loss=0.0170]
Epoch 103/150 [train]:  35%|███▍      | 9/26 [00:00<00:00, 87.26it/s, S=0.0155, loss=0.0184]
Epoch 103/150 [train]:  35%|███▍      | 9/26 [00:00<00:00, 87.26it/s, S=0.0154, loss=0.0180]
Epoch 103/150 [train]:  35%|███▍      | 9/26 [00:00<00:00, 87.26it/s, S=0.0154, loss=0.0168]
Epoch 103/150 [train]:  35%|███▍      | 9/26 [00:00<00:00, 87.26it/s, S=0.0155, loss=0.0176]
Epoch 103/150 [train]:  35%|███▍      | 9/26 [00:00<00:00, 87.26it/s, S=0.0155, loss=0.0175]
Epoch 103/150 [train]:  35%|███▍      | 9/26 [00:00<00:00, 87.26it/s, S=0.0155, loss=0.0185]
Epoch 103/150 [train]:  35%|███▍      | 9/26 [00:00<00:00, 87.26it/s, S=0.0155, loss=0.0183]
Epoch 103/150 [train]:  69%|██████▉   | 18/26 [00:00<00:00, 87.66it/s, S=0.0155, loss=0.0183]
Epoch 103/150 [train]:  69%|██████▉   | 18/26 [00:00<00:00, 87.66it/s, S=0.0155, loss=0.0176]
Epoch 103/150 [train]:  69%|██████▉   | 18/26 [00:00<00:00, 87.66it/s, S=0.0156, loss=0.0172]
Epoch 103/150 [train]:  69%|██████▉   | 18/26 [00:00<00:00, 87.66it/s, S=0.0154, loss=0.0168]
Epoch 103/150 [train]:  69%|██████▉   | 18/26 [00:00<00:00, 87.66it/s, S=0.0155, loss=0.0174]
Epoch 103/150 [train]:  69%|██████▉   | 18/26 [00:00<00:00, 87.66it/s, S=0.0154, loss=0.0171]
Epoch 103/150 [train]:  69%|██████▉   | 18/26 [00:00<00:00, 87.66it/s, S=0.0155, loss=0.0174]
Epoch 103/150 [train]:  69%|██████▉   | 18/26 [00:00<00:00, 87.66it/s, S=0.0154, loss=0.0187]
Epoch 103/150 [train]:  69%|██████▉   | 18/26 [00:00<00:00, 87.66it/s, S=0.0155, loss=0.0183]
                                                                                             
Epoch 103/150  train loss=0.0174  val loss=0.4921  S[mean]=0.0153  ζ=0.1686  mean_plane_ζ=0.1710  reg=0.5075  λscale=1.00  lr=3.18e-04

Epoch 104/150 [train]:   0%|          | 0/26 [00:00<?, ?it/s]
Epoch 104/150 [train]:   0%|          | 0/26 [00:00<?, ?it/s, S=0.0154, loss=0.0168]
Epoch 104/150 [train]:   0%|          | 0/26 [00:00<?, ?it/s, S=0.0154, loss=0.0177]
Epoch 104/150 [train]:   0%|          | 0/26 [00:00<?, ?it/s, S=0.0155, loss=0.0167]
Epoch 104/150 [train]:   0%|          | 0/26 [00:00<?, ?it/s, S=0.0155, loss=0.0168]
Epoch 104/150 [train]:   0%|          | 0/26 [00:00<?, ?it/s, S=0.0154, loss=0.0171]
Epoch 104/150 [train]:   0%|          | 0/26 [00:00<?, ?it/s, S=0.0155, loss=0.0161]
Epoch 104/150 [train]:   0%|          | 0/26 [00:00<?, ?it/s, S=0.0154, loss=0.0172]
Epoch 104/150 [train]:   0%|          | 0/26 [00:00<?, ?it/s, S=0.0155, loss=0.0173]
Epoch 104/150 [train]:   0%|          | 0/26 [00:00<?, ?it/s, S=0.0154, loss=0.0181]
Epoch 104/150 [train]:  35%|███▍      | 9/26 [00:00<00:00, 87.30it/s, S=0.0154, loss=0.0181]
Epoch 104/150 [train]:  35%|███▍      | 9/26 [00:00<00:00, 87.30it/s, S=0.0155, loss=0.0175]
Epoch 104/150 [train]:  35%|███▍      | 9/26 [00:00<00:00, 87.30it/s, S=0.0155, loss=0.0178]
Epoch 104/150 [train]:  35%|███▍      | 9/26 [00:00<00:00, 87.30it/s, S=0.0154, loss=0.0178]
Epoch 104/150 [train]:  35%|███▍      | 9/26 [00:00<00:00, 87.30it/s, S=0.0155, loss=0.0179]
Epoch 104/150 [train]:  35%|███▍      | 9/26 [00:00<00:00, 87.30it/s, S=0.0154, loss=0.0182]
Epoch 104/150 [train]:  35%|███▍      | 9/26 [00:00<00:00, 87.30it/s, S=0.0156, loss=0.0182]
Epoch 104/150 [train]:  35%|███▍      | 9/26 [00:00<00:00, 87.30it/s, S=0.0154, loss=0.0166]
Epoch 104/150 [train]:  35%|███▍      | 9/26 [00:00<00:00, 87.30it/s, S=0.0154, loss=0.0175]
Epoch 104/150 [train]:  35%|███▍      | 9/26 [00:00<00:00, 87.30it/s, S=0.0155, loss=0.0171]
Epoch 104/150 [train]:  69%|██████▉   | 18/26 [00:00<00:00, 87.62it/s, S=0.0155, loss=0.0171]
Epoch 104/150 [train]:  69%|██████▉   | 18/26 [00:00<00:00, 87.62it/s, S=0.0155, loss=0.0172]
Epoch 104/150 [train]:  69%|██████▉   | 18/26 [00:00<00:00, 87.62it/s, S=0.0154, loss=0.0176]
Epoch 104/150 [train]:  69%|██████▉   | 18/26 [00:00<00:00, 87.62it/s, S=0.0155, loss=0.0169]
Epoch 104/150 [train]:  69%|██████▉   | 18/26 [00:00<00:00, 87.62it/s, S=0.0156, loss=0.0177]
Epoch 104/150 [train]:  69%|██████▉   | 18/26 [00:00<00:00, 87.62it/s, S=0.0154, loss=0.0164]
Epoch 104/150 [train]:  69%|██████▉   | 18/26 [00:00<00:00, 87.62it/s, S=0.0154, loss=0.0171]
Epoch 104/150 [train]:  69%|██████▉   | 18/26 [00:00<00:00, 87.62it/s, S=0.0155, loss=0.0174]
Epoch 104/150 [train]:  69%|██████▉   | 18/26 [00:00<00:00, 87.62it/s, S=0.0155, loss=0.0178]
                                                                                             
Epoch 104/150  train loss=0.0173  val loss=0.4879  S[mean]=0.0153  ζ=0.1685  mean_plane_ζ=0.1709  reg=0.5033  λscale=1.00  lr=3.08e-04

Epoch 105/150 [train]:   0%|          | 0/26 [00:00<?, ?it/s]
Epoch 105/150 [train]:   0%|          | 0/26 [00:00<?, ?it/s, S=0.0155, loss=0.0158]
Epoch 105/150 [train]:   0%|          | 0/26 [00:00<?, ?it/s, S=0.0155, loss=0.0167]
Epoch 105/150 [train]:   0%|          | 0/26 [00:00<?, ?it/s, S=0.0155, loss=0.0168]
Epoch 105/150 [train]:   0%|          | 0/26 [00:00<?, ?it/s, S=0.0154, loss=0.0175]
Epoch 105/150 [train]:   0%|          | 0/26 [00:00<?, ?it/s, S=0.0154, loss=0.0172]
Epoch 105/150 [train]:   0%|          | 0/26 [00:00<?, ?it/s, S=0.0154, loss=0.0165]
Epoch 105/150 [train]:   0%|          | 0/26 [00:00<?, ?it/s, S=0.0154, loss=0.0178]
Epoch 105/150 [train]:   0%|          | 0/26 [00:00<?, ?it/s, S=0.0154, loss=0.0171]
Epoch 105/150 [train]:   0%|          | 0/26 [00:00<?, ?it/s, S=0.0155, loss=0.0173]
Epoch 105/150 [train]:  35%|███▍      | 9/26 [00:00<00:00, 87.48it/s, S=0.0155, loss=0.0173]
Epoch 105/150 [train]:  35%|███▍      | 9/26 [00:00<00:00, 87.48it/s, S=0.0155, loss=0.0166]
Epoch 105/150 [train]:  35%|███▍      | 9/26 [00:00<00:00, 87.48it/s, S=0.0155, loss=0.0168]
Epoch 105/150 [train]:  35%|███▍      | 9/26 [00:00<00:00, 87.48it/s, S=0.0155, loss=0.0175]
Epoch 105/150 [train]:  35%|███▍      | 9/26 [00:00<00:00, 87.48it/s, S=0.0154, loss=0.0162]
Epoch 105/150 [train]:  35%|███▍      | 9/26 [00:00<00:00, 87.48it/s, S=0.0154, loss=0.0180]
Epoch 105/150 [train]:  35%|███▍      | 9/26 [00:00<00:00, 87.48it/s, S=0.0155, loss=0.0171]
Epoch 105/150 [train]:  35%|███▍      | 9/26 [00:00<00:00, 87.48it/s, S=0.0155, loss=0.0169]
Epoch 105/150 [train]:  35%|███▍      | 9/26 [00:00<00:00, 87.48it/s, S=0.0155, loss=0.0189]
Epoch 105/150 [train]:  35%|███▍      | 9/26 [00:00<00:00, 87.48it/s, S=0.0155, loss=0.0172]
Epoch 105/150 [train]:  69%|██████▉   | 18/26 [00:00<00:00, 87.76it/s, S=0.0155, loss=0.0172]
Epoch 105/150 [train]:  69%|██████▉   | 18/26 [00:00<00:00, 87.76it/s, S=0.0154, loss=0.0176]
Epoch 105/150 [train]:  69%|██████▉   | 18/26 [00:00<00:00, 87.76it/s, S=0.0154, loss=0.0167]
Epoch 105/150 [train]:  69%|██████▉   | 18/26 [00:00<00:00, 87.76it/s, S=0.0155, loss=0.0168]
Epoch 105/150 [train]:  69%|██████▉   | 18/26 [00:00<00:00, 87.76it/s, S=0.0154, loss=0.0175]
Epoch 105/150 [train]:  69%|██████▉   | 18/26 [00:00<00:00, 87.76it/s, S=0.0155, loss=0.0165]
Epoch 105/150 [train]:  69%|██████▉   | 18/26 [00:00<00:00, 87.76it/s, S=0.0155, loss=0.0172]
Epoch 105/150 [train]:  69%|██████▉   | 18/26 [00:00<00:00, 87.76it/s, S=0.0155, loss=0.0176]
Epoch 105/150 [train]:  69%|██████▉   | 18/26 [00:00<00:00, 87.76it/s, S=0.0154, loss=0.0174]
                                                                                             
Epoch 105/150  train loss=0.0171  val loss=0.4931  S[mean]=0.0153  ζ=0.1684  mean_plane_ζ=0.1708  reg=0.5085  λscale=1.00  lr=2.99e-04

Epoch 106/150 [train]:   0%|          | 0/26 [00:00<?, ?it/s]
Epoch 106/150 [train]:   0%|          | 0/26 [00:00<?, ?it/s, S=0.0155, loss=0.0166]
Epoch 106/150 [train]:   0%|          | 0/26 [00:00<?, ?it/s, S=0.0154, loss=0.0177]
Epoch 106/150 [train]:   0%|          | 0/26 [00:00<?, ?it/s, S=0.0154, loss=0.0174]
Epoch 106/150 [train]:   0%|          | 0/26 [00:00<?, ?it/s, S=0.0155, loss=0.0173]
Epoch 106/150 [train]:   0%|          | 0/26 [00:00<?, ?it/s, S=0.0154, loss=0.0168]
Epoch 106/150 [train]:   0%|          | 0/26 [00:00<?, ?it/s, S=0.0155, loss=0.0170]
Epoch 106/150 [train]:   0%|          | 0/26 [00:00<?, ?it/s, S=0.0154, loss=0.0165]
Epoch 106/150 [train]:   0%|          | 0/26 [00:00<?, ?it/s, S=0.0155, loss=0.0169]
Epoch 106/150 [train]:   0%|          | 0/26 [00:00<?, ?it/s, S=0.0154, loss=0.0162]
Epoch 106/150 [train]:  35%|███▍      | 9/26 [00:00<00:00, 87.46it/s, S=0.0154, loss=0.0162]
Epoch 106/150 [train]:  35%|███▍      | 9/26 [00:00<00:00, 87.46it/s, S=0.0154, loss=0.0174]
Epoch 106/150 [train]:  35%|███▍      | 9/26 [00:00<00:00, 87.46it/s, S=0.0154, loss=0.0166]
Epoch 106/150 [train]:  35%|███▍      | 9/26 [00:00<00:00, 87.46it/s, S=0.0155, loss=0.0168]
Epoch 106/150 [train]:  35%|███▍      | 9/26 [00:00<00:00, 87.46it/s, S=0.0155, loss=0.0165]
Epoch 106/150 [train]:  35%|███▍      | 9/26 [00:00<00:00, 87.46it/s, S=0.0154, loss=0.0174]
Epoch 106/150 [train]:  35%|███▍      | 9/26 [00:00<00:00, 87.46it/s, S=0.0154, loss=0.0172]
Epoch 106/150 [train]:  35%|███▍      | 9/26 [00:00<00:00, 87.46it/s, S=0.0155, loss=0.0174]
Epoch 106/150 [train]:  35%|███▍      | 9/26 [00:00<00:00, 87.46it/s, S=0.0155, loss=0.0174]
Epoch 106/150 [train]:  35%|███▍      | 9/26 [00:00<00:00, 87.46it/s, S=0.0155, loss=0.0169]
Epoch 106/150 [train]:  69%|██████▉   | 18/26 [00:00<00:00, 87.77it/s, S=0.0155, loss=0.0169]
Epoch 106/150 [train]:  69%|██████▉   | 18/26 [00:00<00:00, 87.77it/s, S=0.0155, loss=0.0170]
Epoch 106/150 [train]:  69%|██████▉   | 18/26 [00:00<00:00, 87.77it/s, S=0.0155, loss=0.0174]
Epoch 106/150 [train]:  69%|██████▉   | 18/26 [00:00<00:00, 87.77it/s, S=0.0154, loss=0.0168]
Epoch 106/150 [train]:  69%|██████▉   | 18/26 [00:00<00:00, 87.77it/s, S=0.0155, loss=0.0171]
Epoch 106/150 [train]:  69%|██████▉   | 18/26 [00:00<00:00, 87.77it/s, S=0.0155, loss=0.0175]
Epoch 106/150 [train]:  69%|██████▉   | 18/26 [00:00<00:00, 87.77it/s, S=0.0154, loss=0.0167]
Epoch 106/150 [train]:  69%|██████▉   | 18/26 [00:00<00:00, 87.77it/s, S=0.0154, loss=0.0173]
Epoch 106/150 [train]:  69%|██████▉   | 18/26 [00:00<00:00, 87.77it/s, S=0.0154, loss=0.0171]
                                                                                             
Epoch 106/150  train loss=0.0170  val loss=0.4942  S[mean]=0.0153  ζ=0.1684  mean_plane_ζ=0.1709  reg=0.5095  λscale=1.00  lr=2.89e-04

Epoch 107/150 [train]:   0%|          | 0/26 [00:00<?, ?it/s]
Epoch 107/150 [train]:   0%|          | 0/26 [00:00<?, ?it/s, S=0.0155, loss=0.0161]
Epoch 107/150 [train]:   0%|          | 0/26 [00:00<?, ?it/s, S=0.0155, loss=0.0162]
Epoch 107/150 [train]:   0%|          | 0/26 [00:00<?, ?it/s, S=0.0156, loss=0.0168]
Epoch 107/150 [train]:   0%|          | 0/26 [00:00<?, ?it/s, S=0.0155, loss=0.0154]
Epoch 107/150 [train]:   0%|          | 0/26 [00:00<?, ?it/s, S=0.0154, loss=0.0177]
Epoch 107/150 [train]:   0%|          | 0/26 [00:00<?, ?it/s, S=0.0154, loss=0.0167]
Epoch 107/150 [train]:   0%|          | 0/26 [00:00<?, ?it/s, S=0.0154, loss=0.0173]
Epoch 107/150 [train]:   0%|          | 0/26 [00:00<?, ?it/s, S=0.0154, loss=0.0162]
Epoch 107/150 [train]:   0%|          | 0/26 [00:00<?, ?it/s, S=0.0154, loss=0.0163]
Epoch 107/150 [train]:  35%|███▍      | 9/26 [00:00<00:00, 87.30it/s, S=0.0154, loss=0.0163]
Epoch 107/150 [train]:  35%|███▍      | 9/26 [00:00<00:00, 87.30it/s, S=0.0154, loss=0.0172]
Epoch 107/150 [train]:  35%|███▍      | 9/26 [00:00<00:00, 87.30it/s, S=0.0155, loss=0.0159]
Epoch 107/150 [train]:  35%|███▍      | 9/26 [00:00<00:00, 87.30it/s, S=0.0155, loss=0.0171]
Epoch 107/150 [train]:  35%|███▍      | 9/26 [00:00<00:00, 87.30it/s, S=0.0156, loss=0.0171]
Epoch 107/150 [train]:  35%|███▍      | 9/26 [00:00<00:00, 87.30it/s, S=0.0154, loss=0.0182]
Epoch 107/150 [train]:  35%|███▍      | 9/26 [00:00<00:00, 87.30it/s, S=0.0155, loss=0.0163]
Epoch 107/150 [train]:  35%|███▍      | 9/26 [00:00<00:00, 87.30it/s, S=0.0154, loss=0.0163]
Epoch 107/150 [train]:  35%|███▍      | 9/26 [00:00<00:00, 87.30it/s, S=0.0155, loss=0.0176]
Epoch 107/150 [train]:  35%|███▍      | 9/26 [00:00<00:00, 87.30it/s, S=0.0155, loss=0.0179]
Epoch 107/150 [train]:  69%|██████▉   | 18/26 [00:00<00:00, 87.66it/s, S=0.0155, loss=0.0179]
Epoch 107/150 [train]:  69%|██████▉   | 18/26 [00:00<00:00, 87.66it/s, S=0.0154, loss=0.0173]
Epoch 107/150 [train]:  69%|██████▉   | 18/26 [00:00<00:00, 87.66it/s, S=0.0154, loss=0.0167]
Epoch 107/150 [train]:  69%|██████▉   | 18/26 [00:00<00:00, 87.66it/s, S=0.0155, loss=0.0176]
Epoch 107/150 [train]:  69%|██████▉   | 18/26 [00:00<00:00, 87.66it/s, S=0.0155, loss=0.0168]
Epoch 107/150 [train]:  69%|██████▉   | 18/26 [00:00<00:00, 87.66it/s, S=0.0154, loss=0.0175]
Epoch 107/150 [train]:  69%|██████▉   | 18/26 [00:00<00:00, 87.66it/s, S=0.0156, loss=0.0175]
Epoch 107/150 [train]:  69%|██████▉   | 18/26 [00:00<00:00, 87.66it/s, S=0.0154, loss=0.0174]
Epoch 107/150 [train]:  69%|██████▉   | 18/26 [00:00<00:00, 87.66it/s, S=0.0154, loss=0.0173]
                                                                                             
Epoch 107/150  train loss=0.0169  val loss=0.4956  S[mean]=0.0153  ζ=0.1682  mean_plane_ζ=0.1707  reg=0.5109  λscale=1.00  lr=2.79e-04

Epoch 108/150 [train]:   0%|          | 0/26 [00:00<?, ?it/s]
Epoch 108/150 [train]:   0%|          | 0/26 [00:00<?, ?it/s, S=0.0155, loss=0.0167]
Epoch 108/150 [train]:   0%|          | 0/26 [00:00<?, ?it/s, S=0.0155, loss=0.0171]
Epoch 108/150 [train]:   0%|          | 0/26 [00:00<?, ?it/s, S=0.0154, loss=0.0164]
Epoch 108/150 [train]:   0%|          | 0/26 [00:00<?, ?it/s, S=0.0156, loss=0.0158]
Epoch 108/150 [train]:   0%|          | 0/26 [00:00<?, ?it/s, S=0.0154, loss=0.0160]
Epoch 108/150 [train]:   0%|          | 0/26 [00:00<?, ?it/s, S=0.0155, loss=0.0170]
Epoch 108/150 [train]:   0%|          | 0/26 [00:00<?, ?it/s, S=0.0154, loss=0.0169]
Epoch 108/150 [train]:   0%|          | 0/26 [00:00<?, ?it/s, S=0.0155, loss=0.0171]
Epoch 108/150 [train]:   0%|          | 0/26 [00:00<?, ?it/s, S=0.0154, loss=0.0167]
Epoch 108/150 [train]:  35%|███▍      | 9/26 [00:00<00:00, 87.35it/s, S=0.0154, loss=0.0167]
Epoch 108/150 [train]:  35%|███▍      | 9/26 [00:00<00:00, 87.35it/s, S=0.0154, loss=0.0168]
Epoch 108/150 [train]:  35%|███▍      | 9/26 [00:00<00:00, 87.35it/s, S=0.0154, loss=0.0163]
Epoch 108/150 [train]:  35%|███▍      | 9/26 [00:00<00:00, 87.35it/s, S=0.0154, loss=0.0169]
Epoch 108/150 [train]:  35%|███▍      | 9/26 [00:00<00:00, 87.35it/s, S=0.0155, loss=0.0176]
Epoch 108/150 [train]:  35%|███▍      | 9/26 [00:00<00:00, 87.35it/s, S=0.0154, loss=0.0176]
Epoch 108/150 [train]:  35%|███▍      | 9/26 [00:00<00:00, 87.35it/s, S=0.0154, loss=0.0172]
Epoch 108/150 [train]:  35%|███▍      | 9/26 [00:00<00:00, 87.35it/s, S=0.0155, loss=0.0167]
Epoch 108/150 [train]:  35%|███▍      | 9/26 [00:00<00:00, 87.35it/s, S=0.0154, loss=0.0180]
Epoch 108/150 [train]:  35%|███▍      | 9/26 [00:00<00:00, 87.35it/s, S=0.0154, loss=0.0168]
Epoch 108/150 [train]:  69%|██████▉   | 18/26 [00:00<00:00, 87.67it/s, S=0.0154, loss=0.0168]
Epoch 108/150 [train]:  69%|██████▉   | 18/26 [00:00<00:00, 87.67it/s, S=0.0155, loss=0.0174]
Epoch 108/150 [train]:  69%|██████▉   | 18/26 [00:00<00:00, 87.67it/s, S=0.0154, loss=0.0174]
Epoch 108/150 [train]:  69%|██████▉   | 18/26 [00:00<00:00, 87.67it/s, S=0.0154, loss=0.0171]
Epoch 108/150 [train]:  69%|██████▉   | 18/26 [00:00<00:00, 87.67it/s, S=0.0154, loss=0.0178]
Epoch 108/150 [train]:  69%|██████▉   | 18/26 [00:00<00:00, 87.67it/s, S=0.0154, loss=0.0167]
Epoch 108/150 [train]:  69%|██████▉   | 18/26 [00:00<00:00, 87.67it/s, S=0.0154, loss=0.0181]
Epoch 108/150 [train]:  69%|██████▉   | 18/26 [00:00<00:00, 87.67it/s, S=0.0155, loss=0.0166]
Epoch 108/150 [train]:  69%|██████▉   | 18/26 [00:00<00:00, 87.67it/s, S=0.0154, loss=0.0172]
                                                                                             
Epoch 108/150  train loss=0.0170  val loss=0.4977  S[mean]=0.0153  ζ=0.1681  mean_plane_ζ=0.1707  reg=0.5130  λscale=1.00  lr=2.70e-04

Epoch 109/150 [train]:   0%|          | 0/26 [00:00<?, ?it/s]
Epoch 109/150 [train]:   0%|          | 0/26 [00:00<?, ?it/s, S=0.0155, loss=0.0155]
Epoch 109/150 [train]:   0%|          | 0/26 [00:00<?, ?it/s, S=0.0154, loss=0.0158]
Epoch 109/150 [train]:   0%|          | 0/26 [00:00<?, ?it/s, S=0.0154, loss=0.0163]
Epoch 109/150 [train]:   0%|          | 0/26 [00:00<?, ?it/s, S=0.0155, loss=0.0163]
Epoch 109/150 [train]:   0%|          | 0/26 [00:00<?, ?it/s, S=0.0154, loss=0.0163]
Epoch 109/150 [train]:   0%|          | 0/26 [00:00<?, ?it/s, S=0.0155, loss=0.0174]
Epoch 109/150 [train]:   0%|          | 0/26 [00:00<?, ?it/s, S=0.0155, loss=0.0161]
Epoch 109/150 [train]:   0%|          | 0/26 [00:00<?, ?it/s, S=0.0155, loss=0.0162]
Epoch 109/150 [train]:   0%|          | 0/26 [00:00<?, ?it/s, S=0.0155, loss=0.0171]
Epoch 109/150 [train]:  35%|███▍      | 9/26 [00:00<00:00, 87.34it/s, S=0.0155, loss=0.0171]
Epoch 109/150 [train]:  35%|███▍      | 9/26 [00:00<00:00, 87.34it/s, S=0.0154, loss=0.0167]
Epoch 109/150 [train]:  35%|███▍      | 9/26 [00:00<00:00, 87.34it/s, S=0.0155, loss=0.0170]
Epoch 109/150 [train]:  35%|███▍      | 9/26 [00:00<00:00, 87.34it/s, S=0.0155, loss=0.0173]
Epoch 109/150 [train]:  35%|███▍      | 9/26 [00:00<00:00, 87.34it/s, S=0.0156, loss=0.0171]
Epoch 109/150 [train]:  35%|███▍      | 9/26 [00:00<00:00, 87.34it/s, S=0.0155, loss=0.0169]
Epoch 109/150 [train]:  35%|███▍      | 9/26 [00:00<00:00, 87.34it/s, S=0.0155, loss=0.0165]
Epoch 109/150 [train]:  35%|███▍      | 9/26 [00:00<00:00, 87.34it/s, S=0.0154, loss=0.0175]
Epoch 109/150 [train]:  35%|███▍      | 9/26 [00:00<00:00, 87.34it/s, S=0.0154, loss=0.0164]
Epoch 109/150 [train]:  35%|███▍      | 9/26 [00:00<00:00, 87.34it/s, S=0.0155, loss=0.0177]
Epoch 109/150 [train]:  69%|██████▉   | 18/26 [00:00<00:00, 87.67it/s, S=0.0155, loss=0.0177]
Epoch 109/150 [train]:  69%|██████▉   | 18/26 [00:00<00:00, 87.67it/s, S=0.0155, loss=0.0164]
Epoch 109/150 [train]:  69%|██████▉   | 18/26 [00:00<00:00, 87.67it/s, S=0.0155, loss=0.0174]
Epoch 109/150 [train]:  69%|██████▉   | 18/26 [00:00<00:00, 87.67it/s, S=0.0155, loss=0.0170]
Epoch 109/150 [train]:  69%|██████▉   | 18/26 [00:00<00:00, 87.67it/s, S=0.0155, loss=0.0167]
Epoch 109/150 [train]:  69%|██████▉   | 18/26 [00:00<00:00, 87.67it/s, S=0.0155, loss=0.0169]
Epoch 109/150 [train]:  69%|██████▉   | 18/26 [00:00<00:00, 87.67it/s, S=0.0155, loss=0.0172]
Epoch 109/150 [train]:  69%|██████▉   | 18/26 [00:00<00:00, 87.67it/s, S=0.0155, loss=0.0167]
Epoch 109/150 [train]:  69%|██████▉   | 18/26 [00:00<00:00, 87.67it/s, S=0.0155, loss=0.0145]
                                                                                             
Epoch 109/150  train loss=0.0167  val loss=0.4950  S[mean]=0.0153  ζ=0.1682  mean_plane_ζ=0.1707  reg=0.5103  λscale=1.00  lr=2.60e-04

Epoch 110/150 [train]:   0%|          | 0/26 [00:00<?, ?it/s]
Epoch 110/150 [train]:   0%|          | 0/26 [00:00<?, ?it/s, S=0.0154, loss=0.0153]
Epoch 110/150 [train]:   0%|          | 0/26 [00:00<?, ?it/s, S=0.0156, loss=0.0161]
Epoch 110/150 [train]:   0%|          | 0/26 [00:00<?, ?it/s, S=0.0155, loss=0.0166]
Epoch 110/150 [train]:   0%|          | 0/26 [00:00<?, ?it/s, S=0.0154, loss=0.0161]
Epoch 110/150 [train]:   0%|          | 0/26 [00:00<?, ?it/s, S=0.0156, loss=0.0166]
Epoch 110/150 [train]:   0%|          | 0/26 [00:00<?, ?it/s, S=0.0155, loss=0.0174]
Epoch 110/150 [train]:   0%|          | 0/26 [00:00<?, ?it/s, S=0.0156, loss=0.0163]
Epoch 110/150 [train]:   0%|          | 0/26 [00:00<?, ?it/s, S=0.0155, loss=0.0167]
Epoch 110/150 [train]:   0%|          | 0/26 [00:00<?, ?it/s, S=0.0155, loss=0.0165]
Epoch 110/150 [train]:  35%|███▍      | 9/26 [00:00<00:00, 87.49it/s, S=0.0155, loss=0.0165]
Epoch 110/150 [train]:  35%|███▍      | 9/26 [00:00<00:00, 87.49it/s, S=0.0155, loss=0.0166]
Epoch 110/150 [train]:  35%|███▍      | 9/26 [00:00<00:00, 87.49it/s, S=0.0154, loss=0.0169]
Epoch 110/150 [train]:  35%|███▍      | 9/26 [00:00<00:00, 87.49it/s, S=0.0154, loss=0.0172]
Epoch 110/150 [train]:  35%|███▍      | 9/26 [00:00<00:00, 87.49it/s, S=0.0155, loss=0.0176]
Epoch 110/150 [train]:  35%|███▍      | 9/26 [00:00<00:00, 87.49it/s, S=0.0153, loss=0.0165]
Epoch 110/150 [train]:  35%|███▍      | 9/26 [00:00<00:00, 87.49it/s, S=0.0155, loss=0.0167]
Epoch 110/150 [train]:  35%|███▍      | 9/26 [00:00<00:00, 87.49it/s, S=0.0153, loss=0.0172]
Epoch 110/150 [train]:  35%|███▍      | 9/26 [00:00<00:00, 87.49it/s, S=0.0154, loss=0.0174]
Epoch 110/150 [train]:  35%|███▍      | 9/26 [00:00<00:00, 87.49it/s, S=0.0156, loss=0.0169]
Epoch 110/150 [train]:  69%|██████▉   | 18/26 [00:00<00:00, 87.38it/s, S=0.0156, loss=0.0169]
Epoch 110/150 [train]:  69%|██████▉   | 18/26 [00:00<00:00, 87.38it/s, S=0.0155, loss=0.0167]
Epoch 110/150 [train]:  69%|██████▉   | 18/26 [00:00<00:00, 87.38it/s, S=0.0155, loss=0.0170]
Epoch 110/150 [train]:  69%|██████▉   | 18/26 [00:00<00:00, 87.38it/s, S=0.0154, loss=0.0171]
Epoch 110/150 [train]:  69%|██████▉   | 18/26 [00:00<00:00, 87.38it/s, S=0.0155, loss=0.0159]
Epoch 110/150 [train]:  69%|██████▉   | 18/26 [00:00<00:00, 87.38it/s, S=0.0154, loss=0.0161]
Epoch 110/150 [train]:  69%|██████▉   | 18/26 [00:00<00:00, 87.38it/s, S=0.0154, loss=0.0172]
Epoch 110/150 [train]:  69%|██████▉   | 18/26 [00:00<00:00, 87.38it/s, S=0.0155, loss=0.0166]
Epoch 110/150 [train]:  69%|██████▉   | 18/26 [00:00<00:00, 87.38it/s, S=0.0155, loss=0.0171]
                                                                                             
Epoch 110/150  train loss=0.0167  val loss=0.4998  S[mean]=0.0153  ζ=0.1681  mean_plane_ζ=0.1707  reg=0.5151  λscale=1.00  lr=2.50e-04

Epoch 111/150 [train]:   0%|          | 0/26 [00:00<?, ?it/s]
Epoch 111/150 [train]:   0%|          | 0/26 [00:00<?, ?it/s, S=0.0154, loss=0.0152]
Epoch 111/150 [train]:   0%|          | 0/26 [00:00<?, ?it/s, S=0.0154, loss=0.0158]
Epoch 111/150 [train]:   0%|          | 0/26 [00:00<?, ?it/s, S=0.0155, loss=0.0157]
Epoch 111/150 [train]:   0%|          | 0/26 [00:00<?, ?it/s, S=0.0155, loss=0.0158]
Epoch 111/150 [train]:   0%|          | 0/26 [00:00<?, ?it/s, S=0.0155, loss=0.0151]
Epoch 111/150 [train]:   0%|          | 0/26 [00:00<?, ?it/s, S=0.0155, loss=0.0157]
Epoch 111/150 [train]:   0%|          | 0/26 [00:00<?, ?it/s, S=0.0155, loss=0.0160]
Epoch 111/150 [train]:   0%|          | 0/26 [00:00<?, ?it/s, S=0.0153, loss=0.0168]
Epoch 111/150 [train]:   0%|          | 0/26 [00:00<?, ?it/s, S=0.0154, loss=0.0162]
Epoch 111/150 [train]:  35%|███▍      | 9/26 [00:00<00:00, 87.13it/s, S=0.0154, loss=0.0162]
Epoch 111/150 [train]:  35%|███▍      | 9/26 [00:00<00:00, 87.13it/s, S=0.0154, loss=0.0170]
Epoch 111/150 [train]:  35%|███▍      | 9/26 [00:00<00:00, 87.13it/s, S=0.0155, loss=0.0165]
Epoch 111/150 [train]:  35%|███▍      | 9/26 [00:00<00:00, 87.13it/s, S=0.0155, loss=0.0161]
Epoch 111/150 [train]:  35%|███▍      | 9/26 [00:00<00:00, 87.13it/s, S=0.0154, loss=0.0162]
Epoch 111/150 [train]:  35%|███▍      | 9/26 [00:00<00:00, 87.13it/s, S=0.0155, loss=0.0170]
Epoch 111/150 [train]:  35%|███▍      | 9/26 [00:00<00:00, 87.13it/s, S=0.0155, loss=0.0172]
Epoch 111/150 [train]:  35%|███▍      | 9/26 [00:00<00:00, 87.13it/s, S=0.0154, loss=0.0162]
Epoch 111/150 [train]:  35%|███▍      | 9/26 [00:00<00:00, 87.13it/s, S=0.0155, loss=0.0173]
Epoch 111/150 [train]:  35%|███▍      | 9/26 [00:00<00:00, 87.13it/s, S=0.0155, loss=0.0162]
Epoch 111/150 [train]:  69%|██████▉   | 18/26 [00:00<00:00, 87.32it/s, S=0.0155, loss=0.0162]
Epoch 111/150 [train]:  69%|██████▉   | 18/26 [00:00<00:00, 87.32it/s, S=0.0155, loss=0.0164]
Epoch 111/150 [train]:  69%|██████▉   | 18/26 [00:00<00:00, 87.32it/s, S=0.0154, loss=0.0157]
Epoch 111/150 [train]:  69%|██████▉   | 18/26 [00:00<00:00, 87.32it/s, S=0.0154, loss=0.0166]
Epoch 111/150 [train]:  69%|██████▉   | 18/26 [00:00<00:00, 87.32it/s, S=0.0155, loss=0.0169]
Epoch 111/150 [train]:  69%|██████▉   | 18/26 [00:00<00:00, 87.32it/s, S=0.0155, loss=0.0160]
Epoch 111/150 [train]:  69%|██████▉   | 18/26 [00:00<00:00, 87.32it/s, S=0.0155, loss=0.0164]
Epoch 111/150 [train]:  69%|██████▉   | 18/26 [00:00<00:00, 87.32it/s, S=0.0155, loss=0.0163]
Epoch 111/150 [train]:  69%|██████▉   | 18/26 [00:00<00:00, 87.32it/s, S=0.0155, loss=0.0172]
                                                                                             
Epoch 111/150  train loss=0.0163  val loss=0.5010  S[mean]=0.0153  ζ=0.1677  mean_plane_ζ=0.1704  reg=0.5163  λscale=1.00  lr=2.40e-04

Epoch 112/150 [train]:   0%|          | 0/26 [00:00<?, ?it/s]
Epoch 112/150 [train]:   0%|          | 0/26 [00:00<?, ?it/s, S=0.0156, loss=0.0159]
Epoch 112/150 [train]:   0%|          | 0/26 [00:00<?, ?it/s, S=0.0155, loss=0.0165]
Epoch 112/150 [train]:   0%|          | 0/26 [00:00<?, ?it/s, S=0.0155, loss=0.0159]
Epoch 112/150 [train]:   0%|          | 0/26 [00:00<?, ?it/s, S=0.0155, loss=0.0158]
Epoch 112/150 [train]:   0%|          | 0/26 [00:00<?, ?it/s, S=0.0155, loss=0.0167]
Epoch 112/150 [train]:   0%|          | 0/26 [00:00<?, ?it/s, S=0.0154, loss=0.0163]
Epoch 112/150 [train]:   0%|          | 0/26 [00:00<?, ?it/s, S=0.0154, loss=0.0163]
Epoch 112/150 [train]:   0%|          | 0/26 [00:00<?, ?it/s, S=0.0155, loss=0.0162]
Epoch 112/150 [train]:   0%|          | 0/26 [00:00<?, ?it/s, S=0.0155, loss=0.0156]
Epoch 112/150 [train]:  35%|███▍      | 9/26 [00:00<00:00, 87.07it/s, S=0.0155, loss=0.0156]
Epoch 112/150 [train]:  35%|███▍      | 9/26 [00:00<00:00, 87.07it/s, S=0.0154, loss=0.0168]
Epoch 112/150 [train]:  35%|███▍      | 9/26 [00:00<00:00, 87.07it/s, S=0.0154, loss=0.0164]
Epoch 112/150 [train]:  35%|███▍      | 9/26 [00:00<00:00, 87.07it/s, S=0.0154, loss=0.0162]
Epoch 112/150 [train]:  35%|███▍      | 9/26 [00:00<00:00, 87.07it/s, S=0.0155, loss=0.0158]
Epoch 112/150 [train]:  35%|███▍      | 9/26 [00:00<00:00, 87.07it/s, S=0.0154, loss=0.0168]
Epoch 112/150 [train]:  35%|███▍      | 9/26 [00:00<00:00, 87.07it/s, S=0.0154, loss=0.0181]
Epoch 112/150 [train]:  35%|███▍      | 9/26 [00:00<00:00, 87.07it/s, S=0.0154, loss=0.0175]
Epoch 112/150 [train]:  35%|███▍      | 9/26 [00:00<00:00, 87.07it/s, S=0.0154, loss=0.0160]
Epoch 112/150 [train]:  35%|███▍      | 9/26 [00:00<00:00, 87.07it/s, S=0.0154, loss=0.0170]
Epoch 112/150 [train]:  69%|██████▉   | 18/26 [00:00<00:00, 87.16it/s, S=0.0154, loss=0.0170]
Epoch 112/150 [train]:  69%|██████▉   | 18/26 [00:00<00:00, 87.16it/s, S=0.0155, loss=0.0178]
Epoch 112/150 [train]:  69%|██████▉   | 18/26 [00:00<00:00, 87.16it/s, S=0.0155, loss=0.0158]
Epoch 112/150 [train]:  69%|██████▉   | 18/26 [00:00<00:00, 87.16it/s, S=0.0154, loss=0.0175]
Epoch 112/150 [train]:  69%|██████▉   | 18/26 [00:00<00:00, 87.16it/s, S=0.0155, loss=0.0169]
Epoch 112/150 [train]:  69%|██████▉   | 18/26 [00:00<00:00, 87.16it/s, S=0.0155, loss=0.0166]
Epoch 112/150 [train]:  69%|██████▉   | 18/26 [00:00<00:00, 87.16it/s, S=0.0154, loss=0.0171]
Epoch 112/150 [train]:  69%|██████▉   | 18/26 [00:00<00:00, 87.16it/s, S=0.0155, loss=0.0172]
Epoch 112/150 [train]:  69%|██████▉   | 18/26 [00:00<00:00, 87.16it/s, S=0.0154, loss=0.0163]
                                                                                             
Epoch 112/150  train loss=0.0166  val loss=0.4994  S[mean]=0.0153  ζ=0.1675  mean_plane_ζ=0.1702  reg=0.5147  λscale=1.00  lr=2.30e-04

Epoch 113/150 [train]:   0%|          | 0/26 [00:00<?, ?it/s]
Epoch 113/150 [train]:   0%|          | 0/26 [00:00<?, ?it/s, S=0.0155, loss=0.0150]
Epoch 113/150 [train]:   0%|          | 0/26 [00:00<?, ?it/s, S=0.0154, loss=0.0159]
Epoch 113/150 [train]:   0%|          | 0/26 [00:00<?, ?it/s, S=0.0154, loss=0.0166]
Epoch 113/150 [train]:   0%|          | 0/26 [00:00<?, ?it/s, S=0.0155, loss=0.0154]
Epoch 113/150 [train]:   0%|          | 0/26 [00:00<?, ?it/s, S=0.0156, loss=0.0161]
Epoch 113/150 [train]:   0%|          | 0/26 [00:00<?, ?it/s, S=0.0154, loss=0.0160]
Epoch 113/150 [train]:   0%|          | 0/26 [00:00<?, ?it/s, S=0.0155, loss=0.0156]
Epoch 113/150 [train]:   0%|          | 0/26 [00:00<?, ?it/s, S=0.0156, loss=0.0160]
Epoch 113/150 [train]:   0%|          | 0/26 [00:00<?, ?it/s, S=0.0155, loss=0.0165]
Epoch 113/150 [train]:  35%|███▍      | 9/26 [00:00<00:00, 87.06it/s, S=0.0155, loss=0.0165]
Epoch 113/150 [train]:  35%|███▍      | 9/26 [00:00<00:00, 87.06it/s, S=0.0155, loss=0.0171]
Epoch 113/150 [train]:  35%|███▍      | 9/26 [00:00<00:00, 87.06it/s, S=0.0154, loss=0.0159]
Epoch 113/150 [train]:  35%|███▍      | 9/26 [00:00<00:00, 87.06it/s, S=0.0155, loss=0.0169]
Epoch 113/150 [train]:  35%|███▍      | 9/26 [00:00<00:00, 87.06it/s, S=0.0155, loss=0.0156]
Epoch 113/150 [train]:  35%|███▍      | 9/26 [00:00<00:00, 87.06it/s, S=0.0154, loss=0.0172]
Epoch 113/150 [train]:  35%|███▍      | 9/26 [00:00<00:00, 87.06it/s, S=0.0155, loss=0.0170]
Epoch 113/150 [train]:  35%|███▍      | 9/26 [00:00<00:00, 87.06it/s, S=0.0155, loss=0.0166]
Epoch 113/150 [train]:  35%|███▍      | 9/26 [00:00<00:00, 87.06it/s, S=0.0155, loss=0.0168]
Epoch 113/150 [train]:  35%|███▍      | 9/26 [00:00<00:00, 87.06it/s, S=0.0155, loss=0.0174]
Epoch 113/150 [train]:  69%|██████▉   | 18/26 [00:00<00:00, 87.26it/s, S=0.0155, loss=0.0174]
Epoch 113/150 [train]:  69%|██████▉   | 18/26 [00:00<00:00, 87.26it/s, S=0.0155, loss=0.0155]
Epoch 113/150 [train]:  69%|██████▉   | 18/26 [00:00<00:00, 87.26it/s, S=0.0155, loss=0.0162]
Epoch 113/150 [train]:  69%|██████▉   | 18/26 [00:00<00:00, 87.26it/s, S=0.0154, loss=0.0174]
Epoch 113/150 [train]:  69%|██████▉   | 18/26 [00:00<00:00, 87.26it/s, S=0.0155, loss=0.0170]
Epoch 113/150 [train]:  69%|██████▉   | 18/26 [00:00<00:00, 87.26it/s, S=0.0155, loss=0.0163]
Epoch 113/150 [train]:  69%|██████▉   | 18/26 [00:00<00:00, 87.26it/s, S=0.0154, loss=0.0166]
Epoch 113/150 [train]:  69%|██████▉   | 18/26 [00:00<00:00, 87.26it/s, S=0.0155, loss=0.0163]
Epoch 113/150 [train]:  69%|██████▉   | 18/26 [00:00<00:00, 87.26it/s, S=0.0155, loss=0.0164]
                                                                                             
Epoch 113/150  train loss=0.0164  val loss=0.5017  S[mean]=0.0153  ζ=0.1674  mean_plane_ζ=0.1702  reg=0.5171  λscale=1.00  lr=2.21e-04

Epoch 114/150 [train]:   0%|          | 0/26 [00:00<?, ?it/s]
Epoch 114/150 [train]:   0%|          | 0/26 [00:00<?, ?it/s, S=0.0155, loss=0.0158]
Epoch 114/150 [train]:   0%|          | 0/26 [00:00<?, ?it/s, S=0.0155, loss=0.0157]
Epoch 114/150 [train]:   0%|          | 0/26 [00:00<?, ?it/s, S=0.0155, loss=0.0163]
Epoch 114/150 [train]:   0%|          | 0/26 [00:00<?, ?it/s, S=0.0154, loss=0.0157]
Epoch 114/150 [train]:   0%|          | 0/26 [00:00<?, ?it/s, S=0.0154, loss=0.0158]
Epoch 114/150 [train]:   0%|          | 0/26 [00:00<?, ?it/s, S=0.0154, loss=0.0163]
Epoch 114/150 [train]:   0%|          | 0/26 [00:00<?, ?it/s, S=0.0155, loss=0.0161]
Epoch 114/150 [train]:   0%|          | 0/26 [00:00<?, ?it/s, S=0.0154, loss=0.0173]
Epoch 114/150 [train]:   0%|          | 0/26 [00:00<?, ?it/s, S=0.0154, loss=0.0164]
Epoch 114/150 [train]:  35%|███▍      | 9/26 [00:00<00:00, 86.92it/s, S=0.0154, loss=0.0164]
Epoch 114/150 [train]:  35%|███▍      | 9/26 [00:00<00:00, 86.92it/s, S=0.0154, loss=0.0166]
Epoch 114/150 [train]:  35%|███▍      | 9/26 [00:00<00:00, 86.92it/s, S=0.0154, loss=0.0159]
Epoch 114/150 [train]:  35%|███▍      | 9/26 [00:00<00:00, 86.92it/s, S=0.0155, loss=0.0156]
Epoch 114/150 [train]:  35%|███▍      | 9/26 [00:00<00:00, 86.92it/s, S=0.0153, loss=0.0161]
Epoch 114/150 [train]:  35%|███▍      | 9/26 [00:00<00:00, 86.92it/s, S=0.0155, loss=0.0161]
Epoch 114/150 [train]:  35%|███▍      | 9/26 [00:00<00:00, 86.92it/s, S=0.0154, loss=0.0166]
Epoch 114/150 [train]:  35%|███▍      | 9/26 [00:00<00:00, 86.92it/s, S=0.0155, loss=0.0157]
Epoch 114/150 [train]:  35%|███▍      | 9/26 [00:00<00:00, 86.92it/s, S=0.0154, loss=0.0166]
Epoch 114/150 [train]:  35%|███▍      | 9/26 [00:00<00:00, 86.92it/s, S=0.0155, loss=0.0159]
Epoch 114/150 [train]:  69%|██████▉   | 18/26 [00:00<00:00, 87.24it/s, S=0.0155, loss=0.0159]
Epoch 114/150 [train]:  69%|██████▉   | 18/26 [00:00<00:00, 87.24it/s, S=0.0155, loss=0.0164]
Epoch 114/150 [train]:  69%|██████▉   | 18/26 [00:00<00:00, 87.24it/s, S=0.0155, loss=0.0170]
Epoch 114/150 [train]:  69%|██████▉   | 18/26 [00:00<00:00, 87.24it/s, S=0.0154, loss=0.0177]
Epoch 114/150 [train]:  69%|██████▉   | 18/26 [00:00<00:00, 87.24it/s, S=0.0154, loss=0.0171]
Epoch 114/150 [train]:  69%|██████▉   | 18/26 [00:00<00:00, 87.24it/s, S=0.0155, loss=0.0166]
Epoch 114/150 [train]:  69%|██████▉   | 18/26 [00:00<00:00, 87.24it/s, S=0.0154, loss=0.0162]
Epoch 114/150 [train]:  69%|██████▉   | 18/26 [00:00<00:00, 87.24it/s, S=0.0155, loss=0.0179]
Epoch 114/150 [train]:  69%|██████▉   | 18/26 [00:00<00:00, 87.24it/s, S=0.0156, loss=0.0165]
                                                                                             
Epoch 114/150  train loss=0.0164  val loss=0.5010  S[mean]=0.0153  ζ=0.1674  mean_plane_ζ=0.1702  reg=0.5163  λscale=1.00  lr=2.11e-04

Epoch 115/150 [train]:   0%|          | 0/26 [00:00<?, ?it/s]
Epoch 115/150 [train]:   0%|          | 0/26 [00:00<?, ?it/s, S=0.0155, loss=0.0156]
Epoch 115/150 [train]:   0%|          | 0/26 [00:00<?, ?it/s, S=0.0155, loss=0.0164]
Epoch 115/150 [train]:   0%|          | 0/26 [00:00<?, ?it/s, S=0.0155, loss=0.0152]
Epoch 115/150 [train]:   0%|          | 0/26 [00:00<?, ?it/s, S=0.0154, loss=0.0155]
Epoch 115/150 [train]:   0%|          | 0/26 [00:00<?, ?it/s, S=0.0155, loss=0.0155]
Epoch 115/150 [train]:   0%|          | 0/26 [00:00<?, ?it/s, S=0.0155, loss=0.0146]
Epoch 115/150 [train]:   0%|          | 0/26 [00:00<?, ?it/s, S=0.0155, loss=0.0160]
Epoch 115/150 [train]:   0%|          | 0/26 [00:00<?, ?it/s, S=0.0155, loss=0.0163]
Epoch 115/150 [train]:   0%|          | 0/26 [00:00<?, ?it/s, S=0.0155, loss=0.0168]
Epoch 115/150 [train]:  35%|███▍      | 9/26 [00:00<00:00, 86.96it/s, S=0.0155, loss=0.0168]
Epoch 115/150 [train]:  35%|███▍      | 9/26 [00:00<00:00, 86.96it/s, S=0.0154, loss=0.0175]
Epoch 115/150 [train]:  35%|███▍      | 9/26 [00:00<00:00, 86.96it/s, S=0.0154, loss=0.0168]
Epoch 115/150 [train]:  35%|███▍      | 9/26 [00:00<00:00, 86.96it/s, S=0.0155, loss=0.0161]
Epoch 115/150 [train]:  35%|███▍      | 9/26 [00:00<00:00, 86.96it/s, S=0.0155, loss=0.0161]
Epoch 115/150 [train]:  35%|███▍      | 9/26 [00:00<00:00, 86.96it/s, S=0.0154, loss=0.0161]
Epoch 115/150 [train]:  35%|███▍      | 9/26 [00:00<00:00, 86.96it/s, S=0.0155, loss=0.0166]
Epoch 115/150 [train]:  35%|███▍      | 9/26 [00:00<00:00, 86.96it/s, S=0.0155, loss=0.0165]
Epoch 115/150 [train]:  35%|███▍      | 9/26 [00:00<00:00, 86.96it/s, S=0.0155, loss=0.0163]
Epoch 115/150 [train]:  35%|███▍      | 9/26 [00:00<00:00, 86.96it/s, S=0.0155, loss=0.0168]
Epoch 115/150 [train]:  69%|██████▉   | 18/26 [00:00<00:00, 87.26it/s, S=0.0155, loss=0.0168]
Epoch 115/150 [train]:  69%|██████▉   | 18/26 [00:00<00:00, 87.26it/s, S=0.0155, loss=0.0164]
Epoch 115/150 [train]:  69%|██████▉   | 18/26 [00:00<00:00, 87.26it/s, S=0.0154, loss=0.0171]
Epoch 115/150 [train]:  69%|██████▉   | 18/26 [00:00<00:00, 87.26it/s, S=0.0155, loss=0.0175]
Epoch 115/150 [train]:  69%|██████▉   | 18/26 [00:00<00:00, 87.26it/s, S=0.0156, loss=0.0168]
Epoch 115/150 [train]:  69%|██████▉   | 18/26 [00:00<00:00, 87.26it/s, S=0.0154, loss=0.0164]
Epoch 115/150 [train]:  69%|██████▉   | 18/26 [00:00<00:00, 87.26it/s, S=0.0155, loss=0.0169]
Epoch 115/150 [train]:  69%|██████▉   | 18/26 [00:00<00:00, 87.26it/s, S=0.0155, loss=0.0166]
Epoch 115/150 [train]:  69%|██████▉   | 18/26 [00:00<00:00, 87.26it/s, S=0.0155, loss=0.0166]
                                                                                             
Epoch 115/150  train loss=0.0163  val loss=0.4979  S[mean]=0.0153  ζ=0.1672  mean_plane_ζ=0.1701  reg=0.5132  λscale=1.00  lr=2.01e-04

Epoch 116/150 [train]:   0%|          | 0/26 [00:00<?, ?it/s]
Epoch 116/150 [train]:   0%|          | 0/26 [00:00<?, ?it/s, S=0.0154, loss=0.0155]
Epoch 116/150 [train]:   0%|          | 0/26 [00:00<?, ?it/s, S=0.0155, loss=0.0150]
Epoch 116/150 [train]:   0%|          | 0/26 [00:00<?, ?it/s, S=0.0154, loss=0.0155]
Epoch 116/150 [train]:   0%|          | 0/26 [00:00<?, ?it/s, S=0.0154, loss=0.0163]
Epoch 116/150 [train]:   0%|          | 0/26 [00:00<?, ?it/s, S=0.0155, loss=0.0165]
Epoch 116/150 [train]:   0%|          | 0/26 [00:00<?, ?it/s, S=0.0156, loss=0.0160]
Epoch 116/150 [train]:   0%|          | 0/26 [00:00<?, ?it/s, S=0.0155, loss=0.0164]
Epoch 116/150 [train]:   0%|          | 0/26 [00:00<?, ?it/s, S=0.0156, loss=0.0163]
Epoch 116/150 [train]:   0%|          | 0/26 [00:00<?, ?it/s, S=0.0154, loss=0.0164]
Epoch 116/150 [train]:  35%|███▍      | 9/26 [00:00<00:00, 86.95it/s, S=0.0154, loss=0.0164]
Epoch 116/150 [train]:  35%|███▍      | 9/26 [00:00<00:00, 86.95it/s, S=0.0155, loss=0.0158]
Epoch 116/150 [train]:  35%|███▍      | 9/26 [00:00<00:00, 86.95it/s, S=0.0155, loss=0.0157]
Epoch 116/150 [train]:  35%|███▍      | 9/26 [00:00<00:00, 86.95it/s, S=0.0154, loss=0.0155]
Epoch 116/150 [train]:  35%|███▍      | 9/26 [00:00<00:00, 86.95it/s, S=0.0155, loss=0.0153]
Epoch 116/150 [train]:  35%|███▍      | 9/26 [00:00<00:00, 86.95it/s, S=0.0156, loss=0.0166]
Epoch 116/150 [train]:  35%|███▍      | 9/26 [00:00<00:00, 86.95it/s, S=0.0155, loss=0.0158]
Epoch 116/150 [train]:  35%|███▍      | 9/26 [00:00<00:00, 86.95it/s, S=0.0154, loss=0.0169]
Epoch 116/150 [train]:  35%|███▍      | 9/26 [00:00<00:00, 86.95it/s, S=0.0155, loss=0.0161]
Epoch 116/150 [train]:  35%|███▍      | 9/26 [00:00<00:00, 86.95it/s, S=0.0155, loss=0.0157]
Epoch 116/150 [train]:  69%|██████▉   | 18/26 [00:00<00:00, 87.36it/s, S=0.0155, loss=0.0157]
Epoch 116/150 [train]:  69%|██████▉   | 18/26 [00:00<00:00, 87.36it/s, S=0.0155, loss=0.0164]
Epoch 116/150 [train]:  69%|██████▉   | 18/26 [00:00<00:00, 87.36it/s, S=0.0154, loss=0.0165]
Epoch 116/150 [train]:  69%|██████▉   | 18/26 [00:00<00:00, 87.36it/s, S=0.0155, loss=0.0164]
Epoch 116/150 [train]:  69%|██████▉   | 18/26 [00:00<00:00, 87.36it/s, S=0.0154, loss=0.0164]
Epoch 116/150 [train]:  69%|██████▉   | 18/26 [00:00<00:00, 87.36it/s, S=0.0156, loss=0.0159]
Epoch 116/150 [train]:  69%|██████▉   | 18/26 [00:00<00:00, 87.36it/s, S=0.0154, loss=0.0165]
Epoch 116/150 [train]:  69%|██████▉   | 18/26 [00:00<00:00, 87.36it/s, S=0.0155, loss=0.0168]
Epoch 116/150 [train]:  69%|██████▉   | 18/26 [00:00<00:00, 87.36it/s, S=0.0154, loss=0.0167]
                                                                                             
Epoch 116/150  train loss=0.0161  val loss=0.5008  S[mean]=0.0153  ζ=0.1671  mean_plane_ζ=0.1700  reg=0.5161  λscale=1.00  lr=1.92e-04

Epoch 117/150 [train]:   0%|          | 0/26 [00:00<?, ?it/s]
Epoch 117/150 [train]:   0%|          | 0/26 [00:00<?, ?it/s, S=0.0154, loss=0.0158]
Epoch 117/150 [train]:   0%|          | 0/26 [00:00<?, ?it/s, S=0.0154, loss=0.0154]
Epoch 117/150 [train]:   0%|          | 0/26 [00:00<?, ?it/s, S=0.0154, loss=0.0153]
Epoch 117/150 [train]:   0%|          | 0/26 [00:00<?, ?it/s, S=0.0154, loss=0.0159]
Epoch 117/150 [train]:   0%|          | 0/26 [00:00<?, ?it/s, S=0.0155, loss=0.0160]
Epoch 117/150 [train]:   0%|          | 0/26 [00:00<?, ?it/s, S=0.0155, loss=0.0156]
Epoch 117/150 [train]:   0%|          | 0/26 [00:00<?, ?it/s, S=0.0155, loss=0.0159]
Epoch 117/150 [train]:   0%|          | 0/26 [00:00<?, ?it/s, S=0.0155, loss=0.0150]
Epoch 117/150 [train]:   0%|          | 0/26 [00:00<?, ?it/s, S=0.0155, loss=0.0156]
Epoch 117/150 [train]:  35%|███▍      | 9/26 [00:00<00:00, 86.86it/s, S=0.0155, loss=0.0156]
Epoch 117/150 [train]:  35%|███▍      | 9/26 [00:00<00:00, 86.86it/s, S=0.0155, loss=0.0154]
Epoch 117/150 [train]:  35%|███▍      | 9/26 [00:00<00:00, 86.86it/s, S=0.0155, loss=0.0158]
Epoch 117/150 [train]:  35%|███▍      | 9/26 [00:00<00:00, 86.86it/s, S=0.0155, loss=0.0162]
Epoch 117/150 [train]:  35%|███▍      | 9/26 [00:00<00:00, 86.86it/s, S=0.0155, loss=0.0157]
Epoch 117/150 [train]:  35%|███▍      | 9/26 [00:00<00:00, 86.86it/s, S=0.0154, loss=0.0164]
Epoch 117/150 [train]:  35%|███▍      | 9/26 [00:00<00:00, 86.86it/s, S=0.0154, loss=0.0170]
Epoch 117/150 [train]:  35%|███▍      | 9/26 [00:00<00:00, 86.86it/s, S=0.0156, loss=0.0166]
Epoch 117/150 [train]:  35%|███▍      | 9/26 [00:00<00:00, 86.86it/s, S=0.0155, loss=0.0166]
Epoch 117/150 [train]:  35%|███▍      | 9/26 [00:00<00:00, 86.86it/s, S=0.0154, loss=0.0170]
Epoch 117/150 [train]:  69%|██████▉   | 18/26 [00:00<00:00, 87.26it/s, S=0.0154, loss=0.0170]
Epoch 117/150 [train]:  69%|██████▉   | 18/26 [00:00<00:00, 87.26it/s, S=0.0154, loss=0.0162]
Epoch 117/150 [train]:  69%|██████▉   | 18/26 [00:00<00:00, 87.26it/s, S=0.0154, loss=0.0159]
Epoch 117/150 [train]:  69%|██████▉   | 18/26 [00:00<00:00, 87.26it/s, S=0.0156, loss=0.0168]
Epoch 117/150 [train]:  69%|██████▉   | 18/26 [00:00<00:00, 87.26it/s, S=0.0155, loss=0.0161]
Epoch 117/150 [train]:  69%|██████▉   | 18/26 [00:00<00:00, 87.26it/s, S=0.0156, loss=0.0152]
Epoch 117/150 [train]:  69%|██████▉   | 18/26 [00:00<00:00, 87.26it/s, S=0.0155, loss=0.0166]
Epoch 117/150 [train]:  69%|██████▉   | 18/26 [00:00<00:00, 87.26it/s, S=0.0155, loss=0.0169]
Epoch 117/150 [train]:  69%|██████▉   | 18/26 [00:00<00:00, 87.26it/s, S=0.0155, loss=0.0169]
                                                                                             
Epoch 117/150  train loss=0.0161  val loss=0.5050  S[mean]=0.0153  ζ=0.1669  mean_plane_ζ=0.1699  reg=0.5203  λscale=1.00  lr=1.82e-04

Epoch 118/150 [train]:   0%|          | 0/26 [00:00<?, ?it/s]
Epoch 118/150 [train]:   0%|          | 0/26 [00:00<?, ?it/s, S=0.0155, loss=0.0155]
Epoch 118/150 [train]:   0%|          | 0/26 [00:00<?, ?it/s, S=0.0154, loss=0.0167]
Epoch 118/150 [train]:   0%|          | 0/26 [00:00<?, ?it/s, S=0.0154, loss=0.0161]
Epoch 118/150 [train]:   0%|          | 0/26 [00:00<?, ?it/s, S=0.0154, loss=0.0157]
Epoch 118/150 [train]:   0%|          | 0/26 [00:00<?, ?it/s, S=0.0155, loss=0.0149]
Epoch 118/150 [train]:   0%|          | 0/26 [00:00<?, ?it/s, S=0.0155, loss=0.0151]
Epoch 118/150 [train]:   0%|          | 0/26 [00:00<?, ?it/s, S=0.0155, loss=0.0154]
Epoch 118/150 [train]:   0%|          | 0/26 [00:00<?, ?it/s, S=0.0155, loss=0.0157]
Epoch 118/150 [train]:   0%|          | 0/26 [00:00<?, ?it/s, S=0.0155, loss=0.0161]
Epoch 118/150 [train]:  35%|███▍      | 9/26 [00:00<00:00, 87.07it/s, S=0.0155, loss=0.0161]
Epoch 118/150 [train]:  35%|███▍      | 9/26 [00:00<00:00, 87.07it/s, S=0.0154, loss=0.0158]
Epoch 118/150 [train]:  35%|███▍      | 9/26 [00:00<00:00, 87.07it/s, S=0.0154, loss=0.0157]
Epoch 118/150 [train]:  35%|███▍      | 9/26 [00:00<00:00, 87.07it/s, S=0.0156, loss=0.0167]
Epoch 118/150 [train]:  35%|███▍      | 9/26 [00:00<00:00, 87.07it/s, S=0.0155, loss=0.0164]
Epoch 118/150 [train]:  35%|███▍      | 9/26 [00:00<00:00, 87.07it/s, S=0.0154, loss=0.0162]
Epoch 118/150 [train]:  35%|███▍      | 9/26 [00:00<00:00, 87.07it/s, S=0.0155, loss=0.0165]
Epoch 118/150 [train]:  35%|███▍      | 9/26 [00:00<00:00, 87.07it/s, S=0.0154, loss=0.0165]
Epoch 118/150 [train]:  35%|███▍      | 9/26 [00:00<00:00, 87.07it/s, S=0.0155, loss=0.0155]
Epoch 118/150 [train]:  35%|███▍      | 9/26 [00:00<00:00, 87.07it/s, S=0.0155, loss=0.0163]
Epoch 118/150 [train]:  69%|██████▉   | 18/26 [00:00<00:00, 87.27it/s, S=0.0155, loss=0.0163]
Epoch 118/150 [train]:  69%|██████▉   | 18/26 [00:00<00:00, 87.27it/s, S=0.0155, loss=0.0168]
Epoch 118/150 [train]:  69%|██████▉   | 18/26 [00:00<00:00, 87.27it/s, S=0.0155, loss=0.0159]
Epoch 118/150 [train]:  69%|██████▉   | 18/26 [00:00<00:00, 87.27it/s, S=0.0156, loss=0.0159]
Epoch 118/150 [train]:  69%|██████▉   | 18/26 [00:00<00:00, 87.27it/s, S=0.0155, loss=0.0168]
Epoch 118/150 [train]:  69%|██████▉   | 18/26 [00:00<00:00, 87.27it/s, S=0.0154, loss=0.0166]
Epoch 118/150 [train]:  69%|██████▉   | 18/26 [00:00<00:00, 87.27it/s, S=0.0154, loss=0.0168]
Epoch 118/150 [train]:  69%|██████▉   | 18/26 [00:00<00:00, 87.27it/s, S=0.0155, loss=0.0160]
Epoch 118/150 [train]:  69%|██████▉   | 18/26 [00:00<00:00, 87.27it/s, S=0.0155, loss=0.0170]
                                                                                             
Epoch 118/150  train loss=0.0161  val loss=0.5058  S[mean]=0.0153  ζ=0.1669  mean_plane_ζ=0.1699  reg=0.5211  λscale=1.00  lr=1.73e-04

Epoch 119/150 [train]:   0%|          | 0/26 [00:00<?, ?it/s]
Epoch 119/150 [train]:   0%|          | 0/26 [00:00<?, ?it/s, S=0.0156, loss=0.0157]
Epoch 119/150 [train]:   0%|          | 0/26 [00:00<?, ?it/s, S=0.0154, loss=0.0151]
Epoch 119/150 [train]:   0%|          | 0/26 [00:00<?, ?it/s, S=0.0154, loss=0.0163]
Epoch 119/150 [train]:   0%|          | 0/26 [00:00<?, ?it/s, S=0.0155, loss=0.0156]
Epoch 119/150 [train]:   0%|          | 0/26 [00:00<?, ?it/s, S=0.0155, loss=0.0155]
Epoch 119/150 [train]:   0%|          | 0/26 [00:00<?, ?it/s, S=0.0155, loss=0.0159]
Epoch 119/150 [train]:   0%|          | 0/26 [00:00<?, ?it/s, S=0.0154, loss=0.0162]
Epoch 119/150 [train]:   0%|          | 0/26 [00:00<?, ?it/s, S=0.0155, loss=0.0160]
Epoch 119/150 [train]:   0%|          | 0/26 [00:00<?, ?it/s, S=0.0154, loss=0.0166]
Epoch 119/150 [train]:  35%|███▍      | 9/26 [00:00<00:00, 86.99it/s, S=0.0154, loss=0.0166]
Epoch 119/150 [train]:  35%|███▍      | 9/26 [00:00<00:00, 86.99it/s, S=0.0153, loss=0.0158]
Epoch 119/150 [train]:  35%|███▍      | 9/26 [00:00<00:00, 86.99it/s, S=0.0155, loss=0.0159]
Epoch 119/150 [train]:  35%|███▍      | 9/26 [00:00<00:00, 86.99it/s, S=0.0154, loss=0.0168]
Epoch 119/150 [train]:  35%|███▍      | 9/26 [00:00<00:00, 86.99it/s, S=0.0154, loss=0.0155]
Epoch 119/150 [train]:  35%|███▍      | 9/26 [00:00<00:00, 86.99it/s, S=0.0155, loss=0.0156]
Epoch 119/150 [train]:  35%|███▍      | 9/26 [00:00<00:00, 86.99it/s, S=0.0154, loss=0.0170]
Epoch 119/150 [train]:  35%|███▍      | 9/26 [00:00<00:00, 86.99it/s, S=0.0155, loss=0.0169]
Epoch 119/150 [train]:  35%|███▍      | 9/26 [00:00<00:00, 86.99it/s, S=0.0153, loss=0.0148]
Epoch 119/150 [train]:  35%|███▍      | 9/26 [00:00<00:00, 86.99it/s, S=0.0155, loss=0.0162]
Epoch 119/150 [train]:  69%|██████▉   | 18/26 [00:00<00:00, 87.33it/s, S=0.0155, loss=0.0162]
Epoch 119/150 [train]:  69%|██████▉   | 18/26 [00:00<00:00, 87.33it/s, S=0.0154, loss=0.0174]
Epoch 119/150 [train]:  69%|██████▉   | 18/26 [00:00<00:00, 87.33it/s, S=0.0154, loss=0.0160]
Epoch 119/150 [train]:  69%|██████▉   | 18/26 [00:00<00:00, 87.33it/s, S=0.0154, loss=0.0173]
Epoch 119/150 [train]:  69%|██████▉   | 18/26 [00:00<00:00, 87.33it/s, S=0.0154, loss=0.0166]
Epoch 119/150 [train]:  69%|██████▉   | 18/26 [00:00<00:00, 87.33it/s, S=0.0154, loss=0.0176]
Epoch 119/150 [train]:  69%|██████▉   | 18/26 [00:00<00:00, 87.33it/s, S=0.0154, loss=0.0171]
Epoch 119/150 [train]:  69%|██████▉   | 18/26 [00:00<00:00, 87.33it/s, S=0.0154, loss=0.0171]
Epoch 119/150 [train]:  69%|██████▉   | 18/26 [00:00<00:00, 87.33it/s, S=0.0155, loss=0.0171]
                                                                                             
Epoch 119/150  train loss=0.0163  val loss=0.5041  S[mean]=0.0153  ζ=0.1670  mean_plane_ζ=0.1699  reg=0.5195  λscale=1.00  lr=1.63e-04

Epoch 120/150 [train]:   0%|          | 0/26 [00:00<?, ?it/s]
Epoch 120/150 [train]:   0%|          | 0/26 [00:00<?, ?it/s, S=0.0155, loss=0.0148]
Epoch 120/150 [train]:   0%|          | 0/26 [00:00<?, ?it/s, S=0.0155, loss=0.0146]
Epoch 120/150 [train]:   0%|          | 0/26 [00:00<?, ?it/s, S=0.0155, loss=0.0154]
Epoch 120/150 [train]:   0%|          | 0/26 [00:00<?, ?it/s, S=0.0155, loss=0.0154]
Epoch 120/150 [train]:   0%|          | 0/26 [00:00<?, ?it/s, S=0.0155, loss=0.0155]
Epoch 120/150 [train]:   0%|          | 0/26 [00:00<?, ?it/s, S=0.0155, loss=0.0157]
Epoch 120/150 [train]:   0%|          | 0/26 [00:00<?, ?it/s, S=0.0155, loss=0.0164]
Epoch 120/150 [train]:   0%|          | 0/26 [00:00<?, ?it/s, S=0.0155, loss=0.0158]
Epoch 120/150 [train]:   0%|          | 0/26 [00:00<?, ?it/s, S=0.0155, loss=0.0156]
Epoch 120/150 [train]:  35%|███▍      | 9/26 [00:00<00:00, 87.03it/s, S=0.0155, loss=0.0156]
Epoch 120/150 [train]:  35%|███▍      | 9/26 [00:00<00:00, 87.03it/s, S=0.0155, loss=0.0167]
Epoch 120/150 [train]:  35%|███▍      | 9/26 [00:00<00:00, 87.03it/s, S=0.0155, loss=0.0155]
Epoch 120/150 [train]:  35%|███▍      | 9/26 [00:00<00:00, 87.03it/s, S=0.0156, loss=0.0164]
Epoch 120/150 [train]:  35%|███▍      | 9/26 [00:00<00:00, 87.03it/s, S=0.0154, loss=0.0159]
Epoch 120/150 [train]:  35%|███▍      | 9/26 [00:00<00:00, 87.03it/s, S=0.0155, loss=0.0161]
Epoch 120/150 [train]:  35%|███▍      | 9/26 [00:00<00:00, 87.03it/s, S=0.0154, loss=0.0154]
Epoch 120/150 [train]:  35%|███▍      | 9/26 [00:00<00:00, 87.03it/s, S=0.0155, loss=0.0166]
Epoch 120/150 [train]:  35%|███▍      | 9/26 [00:00<00:00, 87.03it/s, S=0.0154, loss=0.0159]
Epoch 120/150 [train]:  35%|███▍      | 9/26 [00:00<00:00, 87.03it/s, S=0.0153, loss=0.0164]
Epoch 120/150 [train]:  69%|██████▉   | 18/26 [00:00<00:00, 87.36it/s, S=0.0153, loss=0.0164]
Epoch 120/150 [train]:  69%|██████▉   | 18/26 [00:00<00:00, 87.36it/s, S=0.0155, loss=0.0151]
Epoch 120/150 [train]:  69%|██████▉   | 18/26 [00:00<00:00, 87.36it/s, S=0.0154, loss=0.0170]
Epoch 120/150 [train]:  69%|██████▉   | 18/26 [00:00<00:00, 87.36it/s, S=0.0155, loss=0.0167]
Epoch 120/150 [train]:  69%|██████▉   | 18/26 [00:00<00:00, 87.36it/s, S=0.0155, loss=0.0162]
Epoch 120/150 [train]:  69%|██████▉   | 18/26 [00:00<00:00, 87.36it/s, S=0.0155, loss=0.0155]
Epoch 120/150 [train]:  69%|██████▉   | 18/26 [00:00<00:00, 87.36it/s, S=0.0154, loss=0.0172]
Epoch 120/150 [train]:  69%|██████▉   | 18/26 [00:00<00:00, 87.36it/s, S=0.0154, loss=0.0157]
Epoch 120/150 [train]:  69%|██████▉   | 18/26 [00:00<00:00, 87.36it/s, S=0.0155, loss=0.0170]
                                                                                             
Epoch 120/150  train loss=0.0159  val loss=0.5084  S[mean]=0.0153  ζ=0.1671  mean_plane_ζ=0.1700  reg=0.5237  λscale=1.00  lr=1.54e-04

Epoch 121/150 [train]:   0%|          | 0/26 [00:00<?, ?it/s]
Epoch 121/150 [train]:   0%|          | 0/26 [00:00<?, ?it/s, S=0.0155, loss=0.0147]
Epoch 121/150 [train]:   0%|          | 0/26 [00:00<?, ?it/s, S=0.0154, loss=0.0156]
Epoch 121/150 [train]:   0%|          | 0/26 [00:00<?, ?it/s, S=0.0155, loss=0.0156]
Epoch 121/150 [train]:   0%|          | 0/26 [00:00<?, ?it/s, S=0.0155, loss=0.0148]
Epoch 121/150 [train]:   0%|          | 0/26 [00:00<?, ?it/s, S=0.0155, loss=0.0160]
Epoch 121/150 [train]:   0%|          | 0/26 [00:00<?, ?it/s, S=0.0153, loss=0.0155]
Epoch 121/150 [train]:   0%|          | 0/26 [00:00<?, ?it/s, S=0.0155, loss=0.0152]
Epoch 121/150 [train]:   0%|          | 0/26 [00:00<?, ?it/s, S=0.0153, loss=0.0168]
Epoch 121/150 [train]:   0%|          | 0/26 [00:00<?, ?it/s, S=0.0155, loss=0.0147]
Epoch 121/150 [train]:  35%|███▍      | 9/26 [00:00<00:00, 87.64it/s, S=0.0155, loss=0.0147]
Epoch 121/150 [train]:  35%|███▍      | 9/26 [00:00<00:00, 87.64it/s, S=0.0154, loss=0.0160]
Epoch 121/150 [train]:  35%|███▍      | 9/26 [00:00<00:00, 87.64it/s, S=0.0156, loss=0.0155]
Epoch 121/150 [train]:  35%|███▍      | 9/26 [00:00<00:00, 87.64it/s, S=0.0155, loss=0.0167]
Epoch 121/150 [train]:  35%|███▍      | 9/26 [00:00<00:00, 87.64it/s, S=0.0154, loss=0.0161]
Epoch 121/150 [train]:  35%|███▍      | 9/26 [00:00<00:00, 87.64it/s, S=0.0155, loss=0.0152]
Epoch 121/150 [train]:  35%|███▍      | 9/26 [00:00<00:00, 87.64it/s, S=0.0155, loss=0.0171]
Epoch 121/150 [train]:  35%|███▍      | 9/26 [00:00<00:00, 87.64it/s, S=0.0156, loss=0.0159]
Epoch 121/150 [train]:  35%|███▍      | 9/26 [00:00<00:00, 87.64it/s, S=0.0154, loss=0.0152]
Epoch 121/150 [train]:  35%|███▍      | 9/26 [00:00<00:00, 87.64it/s, S=0.0154, loss=0.0154]
Epoch 121/150 [train]:  69%|██████▉   | 18/26 [00:00<00:00, 87.61it/s, S=0.0154, loss=0.0154]
Epoch 121/150 [train]:  69%|██████▉   | 18/26 [00:00<00:00, 87.61it/s, S=0.0155, loss=0.0152]
Epoch 121/150 [train]:  69%|██████▉   | 18/26 [00:00<00:00, 87.61it/s, S=0.0154, loss=0.0155]
Epoch 121/150 [train]:  69%|██████▉   | 18/26 [00:00<00:00, 87.61it/s, S=0.0155, loss=0.0169]
Epoch 121/150 [train]:  69%|██████▉   | 18/26 [00:00<00:00, 87.61it/s, S=0.0155, loss=0.0155]
Epoch 121/150 [train]:  69%|██████▉   | 18/26 [00:00<00:00, 87.61it/s, S=0.0155, loss=0.0168]
Epoch 121/150 [train]:  69%|██████▉   | 18/26 [00:00<00:00, 87.61it/s, S=0.0155, loss=0.0171]
Epoch 121/150 [train]:  69%|██████▉   | 18/26 [00:00<00:00, 87.61it/s, S=0.0155, loss=0.0165]
Epoch 121/150 [train]:  69%|██████▉   | 18/26 [00:00<00:00, 87.61it/s, S=0.0154, loss=0.0158]
                                                                                             
Epoch 121/150  train loss=0.0158  val loss=0.5072  S[mean]=0.0153  ζ=0.1671  mean_plane_ζ=0.1701  reg=0.5225  λscale=1.00  lr=1.45e-04

Epoch 122/150 [train]:   0%|          | 0/26 [00:00<?, ?it/s]
Epoch 122/150 [train]:   0%|          | 0/26 [00:00<?, ?it/s, S=0.0154, loss=0.0151]
Epoch 122/150 [train]:   0%|          | 0/26 [00:00<?, ?it/s, S=0.0155, loss=0.0148]
Epoch 122/150 [train]:   0%|          | 0/26 [00:00<?, ?it/s, S=0.0154, loss=0.0161]
Epoch 122/150 [train]:   0%|          | 0/26 [00:00<?, ?it/s, S=0.0155, loss=0.0155]
Epoch 122/150 [train]:   0%|          | 0/26 [00:00<?, ?it/s, S=0.0154, loss=0.0148]
Epoch 122/150 [train]:   0%|          | 0/26 [00:00<?, ?it/s, S=0.0155, loss=0.0150]
Epoch 122/150 [train]:   0%|          | 0/26 [00:00<?, ?it/s, S=0.0154, loss=0.0164]
Epoch 122/150 [train]:   0%|          | 0/26 [00:00<?, ?it/s, S=0.0156, loss=0.0153]
Epoch 122/150 [train]:   0%|          | 0/26 [00:00<?, ?it/s, S=0.0155, loss=0.0166]
Epoch 122/150 [train]:  35%|███▍      | 9/26 [00:00<00:00, 87.07it/s, S=0.0155, loss=0.0166]
Epoch 122/150 [train]:  35%|███▍      | 9/26 [00:00<00:00, 87.07it/s, S=0.0154, loss=0.0155]
Epoch 122/150 [train]:  35%|███▍      | 9/26 [00:00<00:00, 87.07it/s, S=0.0154, loss=0.0164]
Epoch 122/150 [train]:  35%|███▍      | 9/26 [00:00<00:00, 87.07it/s, S=0.0155, loss=0.0161]
Epoch 122/150 [train]:  35%|███▍      | 9/26 [00:00<00:00, 87.07it/s, S=0.0155, loss=0.0157]
Epoch 122/150 [train]:  35%|███▍      | 9/26 [00:00<00:00, 87.07it/s, S=0.0154, loss=0.0159]
Epoch 122/150 [train]:  35%|███▍      | 9/26 [00:00<00:00, 87.07it/s, S=0.0155, loss=0.0170]
Epoch 122/150 [train]:  35%|███▍      | 9/26 [00:00<00:00, 87.07it/s, S=0.0155, loss=0.0159]
Epoch 122/150 [train]:  35%|███▍      | 9/26 [00:00<00:00, 87.07it/s, S=0.0154, loss=0.0156]
Epoch 122/150 [train]:  35%|███▍      | 9/26 [00:00<00:00, 87.07it/s, S=0.0154, loss=0.0164]
Epoch 122/150 [train]:  69%|██████▉   | 18/26 [00:00<00:00, 87.09it/s, S=0.0154, loss=0.0164]
Epoch 122/150 [train]:  69%|██████▉   | 18/26 [00:00<00:00, 87.09it/s, S=0.0155, loss=0.0150]
Epoch 122/150 [train]:  69%|██████▉   | 18/26 [00:00<00:00, 87.09it/s, S=0.0154, loss=0.0164]
Epoch 122/150 [train]:  69%|██████▉   | 18/26 [00:00<00:00, 87.09it/s, S=0.0154, loss=0.0153]
Epoch 122/150 [train]:  69%|██████▉   | 18/26 [00:00<00:00, 87.09it/s, S=0.0156, loss=0.0157]
Epoch 122/150 [train]:  69%|██████▉   | 18/26 [00:00<00:00, 87.09it/s, S=0.0155, loss=0.0158]
Epoch 122/150 [train]:  69%|██████▉   | 18/26 [00:00<00:00, 87.09it/s, S=0.0154, loss=0.0157]
Epoch 122/150 [train]:  69%|██████▉   | 18/26 [00:00<00:00, 87.09it/s, S=0.0154, loss=0.0167]
Epoch 122/150 [train]:  69%|██████▉   | 18/26 [00:00<00:00, 87.09it/s, S=0.0154, loss=0.0163]
                                                                                             
Epoch 122/150  train loss=0.0158  val loss=0.5063  S[mean]=0.0153  ζ=0.1670  mean_plane_ζ=0.1700  reg=0.5216  λscale=1.00  lr=1.37e-04

Epoch 123/150 [train]:   0%|          | 0/26 [00:00<?, ?it/s]
Epoch 123/150 [train]:   0%|          | 0/26 [00:00<?, ?it/s, S=0.0154, loss=0.0151]
Epoch 123/150 [train]:   0%|          | 0/26 [00:00<?, ?it/s, S=0.0154, loss=0.0153]
Epoch 123/150 [train]:   0%|          | 0/26 [00:00<?, ?it/s, S=0.0155, loss=0.0147]
Epoch 123/150 [train]:   0%|          | 0/26 [00:00<?, ?it/s, S=0.0155, loss=0.0150]
Epoch 123/150 [train]:   0%|          | 0/26 [00:00<?, ?it/s, S=0.0154, loss=0.0154]
Epoch 123/150 [train]:   0%|          | 0/26 [00:00<?, ?it/s, S=0.0154, loss=0.0157]
Epoch 123/150 [train]:   0%|          | 0/26 [00:00<?, ?it/s, S=0.0154, loss=0.0156]
Epoch 123/150 [train]:   0%|          | 0/26 [00:00<?, ?it/s, S=0.0155, loss=0.0148]
Epoch 123/150 [train]:   0%|          | 0/26 [00:00<?, ?it/s, S=0.0156, loss=0.0150]
Epoch 123/150 [train]:  35%|███▍      | 9/26 [00:00<00:00, 86.91it/s, S=0.0156, loss=0.0150]
Epoch 123/150 [train]:  35%|███▍      | 9/26 [00:00<00:00, 86.91it/s, S=0.0155, loss=0.0157]
Epoch 123/150 [train]:  35%|███▍      | 9/26 [00:00<00:00, 86.91it/s, S=0.0154, loss=0.0158]
Epoch 123/150 [train]:  35%|███▍      | 9/26 [00:00<00:00, 86.91it/s, S=0.0155, loss=0.0161]
Epoch 123/150 [train]:  35%|███▍      | 9/26 [00:00<00:00, 86.91it/s, S=0.0154, loss=0.0157]
Epoch 123/150 [train]:  35%|███▍      | 9/26 [00:00<00:00, 86.91it/s, S=0.0155, loss=0.0155]
Epoch 123/150 [train]:  35%|███▍      | 9/26 [00:00<00:00, 86.91it/s, S=0.0154, loss=0.0160]
Epoch 123/150 [train]:  35%|███▍      | 9/26 [00:00<00:00, 86.91it/s, S=0.0155, loss=0.0155]
Epoch 123/150 [train]:  35%|███▍      | 9/26 [00:00<00:00, 86.91it/s, S=0.0154, loss=0.0162]
Epoch 123/150 [train]:  35%|███▍      | 9/26 [00:00<00:00, 86.91it/s, S=0.0155, loss=0.0158]
Epoch 123/150 [train]:  69%|██████▉   | 18/26 [00:00<00:00, 87.32it/s, S=0.0155, loss=0.0158]
Epoch 123/150 [train]:  69%|██████▉   | 18/26 [00:00<00:00, 87.32it/s, S=0.0155, loss=0.0163]
Epoch 123/150 [train]:  69%|██████▉   | 18/26 [00:00<00:00, 87.32it/s, S=0.0154, loss=0.0155]
Epoch 123/150 [train]:  69%|██████▉   | 18/26 [00:00<00:00, 87.32it/s, S=0.0155, loss=0.0158]
Epoch 123/150 [train]:  69%|██████▉   | 18/26 [00:00<00:00, 87.32it/s, S=0.0155, loss=0.0162]
Epoch 123/150 [train]:  69%|██████▉   | 18/26 [00:00<00:00, 87.32it/s, S=0.0154, loss=0.0162]
Epoch 123/150 [train]:  69%|██████▉   | 18/26 [00:00<00:00, 87.32it/s, S=0.0155, loss=0.0167]
Epoch 123/150 [train]:  69%|██████▉   | 18/26 [00:00<00:00, 87.32it/s, S=0.0154, loss=0.0159]
Epoch 123/150 [train]:  69%|██████▉   | 18/26 [00:00<00:00, 87.32it/s, S=0.0154, loss=0.0163]
                                                                                             
Epoch 123/150  train loss=0.0157  val loss=0.5066  S[mean]=0.0153  ζ=0.1670  mean_plane_ζ=0.1700  reg=0.5219  λscale=1.00  lr=1.28e-04

Epoch 124/150 [train]:   0%|          | 0/26 [00:00<?, ?it/s]
Epoch 124/150 [train]:   0%|          | 0/26 [00:00<?, ?it/s, S=0.0155, loss=0.0156]
Epoch 124/150 [train]:   0%|          | 0/26 [00:00<?, ?it/s, S=0.0154, loss=0.0155]
Epoch 124/150 [train]:   0%|          | 0/26 [00:00<?, ?it/s, S=0.0155, loss=0.0154]
Epoch 124/150 [train]:   0%|          | 0/26 [00:00<?, ?it/s, S=0.0155, loss=0.0157]
Epoch 124/150 [train]:   0%|          | 0/26 [00:00<?, ?it/s, S=0.0156, loss=0.0157]
Epoch 124/150 [train]:   0%|          | 0/26 [00:00<?, ?it/s, S=0.0154, loss=0.0158]
Epoch 124/150 [train]:   0%|          | 0/26 [00:00<?, ?it/s, S=0.0155, loss=0.0149]
Epoch 124/150 [train]:   0%|          | 0/26 [00:00<?, ?it/s, S=0.0154, loss=0.0150]
Epoch 124/150 [train]:   0%|          | 0/26 [00:00<?, ?it/s, S=0.0155, loss=0.0152]
Epoch 124/150 [train]:  35%|███▍      | 9/26 [00:00<00:00, 86.85it/s, S=0.0155, loss=0.0152]
Epoch 124/150 [train]:  35%|███▍      | 9/26 [00:00<00:00, 86.85it/s, S=0.0154, loss=0.0159]
Epoch 124/150 [train]:  35%|███▍      | 9/26 [00:00<00:00, 86.85it/s, S=0.0155, loss=0.0153]
Epoch 124/150 [train]:  35%|███▍      | 9/26 [00:00<00:00, 86.85it/s, S=0.0154, loss=0.0149]
Epoch 124/150 [train]:  35%|███▍      | 9/26 [00:00<00:00, 86.85it/s, S=0.0155, loss=0.0172]
Epoch 124/150 [train]:  35%|███▍      | 9/26 [00:00<00:00, 86.85it/s, S=0.0154, loss=0.0159]
Epoch 124/150 [train]:  35%|███▍      | 9/26 [00:00<00:00, 86.85it/s, S=0.0155, loss=0.0167]
Epoch 124/150 [train]:  35%|███▍      | 9/26 [00:00<00:00, 86.85it/s, S=0.0154, loss=0.0155]
Epoch 124/150 [train]:  35%|███▍      | 9/26 [00:00<00:00, 86.85it/s, S=0.0155, loss=0.0153]
Epoch 124/150 [train]:  35%|███▍      | 9/26 [00:00<00:00, 86.85it/s, S=0.0155, loss=0.0158]
Epoch 124/150 [train]:  69%|██████▉   | 18/26 [00:00<00:00, 87.33it/s, S=0.0155, loss=0.0158]
Epoch 124/150 [train]:  69%|██████▉   | 18/26 [00:00<00:00, 87.33it/s, S=0.0154, loss=0.0172]
Epoch 124/150 [train]:  69%|██████▉   | 18/26 [00:00<00:00, 87.33it/s, S=0.0154, loss=0.0168]
Epoch 124/150 [train]:  69%|██████▉   | 18/26 [00:00<00:00, 87.33it/s, S=0.0155, loss=0.0160]
Epoch 124/150 [train]:  69%|██████▉   | 18/26 [00:00<00:00, 87.33it/s, S=0.0155, loss=0.0157]
Epoch 124/150 [train]:  69%|██████▉   | 18/26 [00:00<00:00, 87.33it/s, S=0.0155, loss=0.0161]
Epoch 124/150 [train]:  69%|██████▉   | 18/26 [00:00<00:00, 87.33it/s, S=0.0156, loss=0.0161]
Epoch 124/150 [train]:  69%|██████▉   | 18/26 [00:00<00:00, 87.33it/s, S=0.0155, loss=0.0161]
Epoch 124/150 [train]:  69%|██████▉   | 18/26 [00:00<00:00, 87.33it/s, S=0.0154, loss=0.0158]
                                                                                             
Epoch 124/150  train loss=0.0158  val loss=0.5060  S[mean]=0.0153  ζ=0.1670  mean_plane_ζ=0.1700  reg=0.5213  λscale=1.00  lr=1.19e-04

Epoch 125/150 [train]:   0%|          | 0/26 [00:00<?, ?it/s]
Epoch 125/150 [train]:   0%|          | 0/26 [00:00<?, ?it/s, S=0.0155, loss=0.0150]
Epoch 125/150 [train]:   0%|          | 0/26 [00:00<?, ?it/s, S=0.0155, loss=0.0158]
Epoch 125/150 [train]:   0%|          | 0/26 [00:00<?, ?it/s, S=0.0155, loss=0.0143]
Epoch 125/150 [train]:   0%|          | 0/26 [00:00<?, ?it/s, S=0.0155, loss=0.0157]
Epoch 125/150 [train]:   0%|          | 0/26 [00:00<?, ?it/s, S=0.0155, loss=0.0149]
Epoch 125/150 [train]:   0%|          | 0/26 [00:00<?, ?it/s, S=0.0154, loss=0.0162]
Epoch 125/150 [train]:   0%|          | 0/26 [00:00<?, ?it/s, S=0.0155, loss=0.0142]
Epoch 125/150 [train]:   0%|          | 0/26 [00:00<?, ?it/s, S=0.0154, loss=0.0143]
Epoch 125/150 [train]:   0%|          | 0/26 [00:00<?, ?it/s, S=0.0155, loss=0.0150]
Epoch 125/150 [train]:  35%|███▍      | 9/26 [00:00<00:00, 86.93it/s, S=0.0155, loss=0.0150]
Epoch 125/150 [train]:  35%|███▍      | 9/26 [00:00<00:00, 86.93it/s, S=0.0155, loss=0.0157]
Epoch 125/150 [train]:  35%|███▍      | 9/26 [00:00<00:00, 86.93it/s, S=0.0154, loss=0.0162]
Epoch 125/150 [train]:  35%|███▍      | 9/26 [00:00<00:00, 86.93it/s, S=0.0154, loss=0.0156]
Epoch 125/150 [train]:  35%|███▍      | 9/26 [00:00<00:00, 86.93it/s, S=0.0154, loss=0.0147]
Epoch 125/150 [train]:  35%|███▍      | 9/26 [00:00<00:00, 86.93it/s, S=0.0156, loss=0.0151]
Epoch 125/150 [train]:  35%|███▍      | 9/26 [00:00<00:00, 86.93it/s, S=0.0155, loss=0.0154]
Epoch 125/150 [train]:  35%|███▍      | 9/26 [00:00<00:00, 86.93it/s, S=0.0155, loss=0.0162]
Epoch 125/150 [train]:  35%|███▍      | 9/26 [00:00<00:00, 86.93it/s, S=0.0155, loss=0.0155]
Epoch 125/150 [train]:  35%|███▍      | 9/26 [00:00<00:00, 86.93it/s, S=0.0155, loss=0.0166]
Epoch 125/150 [train]:  69%|██████▉   | 18/26 [00:00<00:00, 87.10it/s, S=0.0155, loss=0.0166]
Epoch 125/150 [train]:  69%|██████▉   | 18/26 [00:00<00:00, 87.10it/s, S=0.0155, loss=0.0164]
Epoch 125/150 [train]:  69%|██████▉   | 18/26 [00:00<00:00, 87.10it/s, S=0.0154, loss=0.0157]
Epoch 125/150 [train]:  69%|██████▉   | 18/26 [00:00<00:00, 87.10it/s, S=0.0155, loss=0.0153]
Epoch 125/150 [train]:  69%|██████▉   | 18/26 [00:00<00:00, 87.10it/s, S=0.0153, loss=0.0161]
Epoch 125/150 [train]:  69%|██████▉   | 18/26 [00:00<00:00, 87.10it/s, S=0.0156, loss=0.0159]
Epoch 125/150 [train]:  69%|██████▉   | 18/26 [00:00<00:00, 87.10it/s, S=0.0154, loss=0.0164]
Epoch 125/150 [train]:  69%|██████▉   | 18/26 [00:00<00:00, 87.10it/s, S=0.0154, loss=0.0155]
Epoch 125/150 [train]:  69%|██████▉   | 18/26 [00:00<00:00, 87.10it/s, S=0.0155, loss=0.0161]
                                                                                             
Epoch 125/150  train loss=0.0155  val loss=0.5067  S[mean]=0.0153  ζ=0.1669  mean_plane_ζ=0.1699  reg=0.5220  λscale=1.00  lr=1.11e-04

Epoch 126/150 [train]:   0%|          | 0/26 [00:00<?, ?it/s]
Epoch 126/150 [train]:   0%|          | 0/26 [00:00<?, ?it/s, S=0.0156, loss=0.0149]
Epoch 126/150 [train]:   0%|          | 0/26 [00:00<?, ?it/s, S=0.0155, loss=0.0147]
Epoch 126/150 [train]:   0%|          | 0/26 [00:00<?, ?it/s, S=0.0154, loss=0.0151]
Epoch 126/150 [train]:   0%|          | 0/26 [00:00<?, ?it/s, S=0.0155, loss=0.0158]
Epoch 126/150 [train]:   0%|          | 0/26 [00:00<?, ?it/s, S=0.0156, loss=0.0158]
Epoch 126/150 [train]:   0%|          | 0/26 [00:00<?, ?it/s, S=0.0155, loss=0.0146]
Epoch 126/150 [train]:   0%|          | 0/26 [00:00<?, ?it/s, S=0.0155, loss=0.0166]
Epoch 126/150 [train]:   0%|          | 0/26 [00:00<?, ?it/s, S=0.0155, loss=0.0154]
Epoch 126/150 [train]:   0%|          | 0/26 [00:00<?, ?it/s, S=0.0155, loss=0.0149]
Epoch 126/150 [train]:  35%|███▍      | 9/26 [00:00<00:00, 86.76it/s, S=0.0155, loss=0.0149]
Epoch 126/150 [train]:  35%|███▍      | 9/26 [00:00<00:00, 86.76it/s, S=0.0155, loss=0.0165]
Epoch 126/150 [train]:  35%|███▍      | 9/26 [00:00<00:00, 86.76it/s, S=0.0155, loss=0.0149]
Epoch 126/150 [train]:  35%|███▍      | 9/26 [00:00<00:00, 86.76it/s, S=0.0154, loss=0.0149]
Epoch 126/150 [train]:  35%|███▍      | 9/26 [00:00<00:00, 86.76it/s, S=0.0156, loss=0.0153]
Epoch 126/150 [train]:  35%|███▍      | 9/26 [00:00<00:00, 86.76it/s, S=0.0154, loss=0.0153]
Epoch 126/150 [train]:  35%|███▍      | 9/26 [00:00<00:00, 86.76it/s, S=0.0154, loss=0.0161]
Epoch 126/150 [train]:  35%|███▍      | 9/26 [00:00<00:00, 86.76it/s, S=0.0154, loss=0.0151]
Epoch 126/150 [train]:  35%|███▍      | 9/26 [00:00<00:00, 86.76it/s, S=0.0155, loss=0.0158]
Epoch 126/150 [train]:  35%|███▍      | 9/26 [00:00<00:00, 86.76it/s, S=0.0155, loss=0.0158]
Epoch 126/150 [train]:  69%|██████▉   | 18/26 [00:00<00:00, 87.15it/s, S=0.0155, loss=0.0158]
Epoch 126/150 [train]:  69%|██████▉   | 18/26 [00:00<00:00, 87.15it/s, S=0.0155, loss=0.0167]
Epoch 126/150 [train]:  69%|██████▉   | 18/26 [00:00<00:00, 87.15it/s, S=0.0154, loss=0.0168]
Epoch 126/150 [train]:  69%|██████▉   | 18/26 [00:00<00:00, 87.15it/s, S=0.0155, loss=0.0165]
Epoch 126/150 [train]:  69%|██████▉   | 18/26 [00:00<00:00, 87.15it/s, S=0.0155, loss=0.0162]
Epoch 126/150 [train]:  69%|██████▉   | 18/26 [00:00<00:00, 87.15it/s, S=0.0154, loss=0.0152]
Epoch 126/150 [train]:  69%|██████▉   | 18/26 [00:00<00:00, 87.15it/s, S=0.0156, loss=0.0154]
Epoch 126/150 [train]:  69%|██████▉   | 18/26 [00:00<00:00, 87.15it/s, S=0.0154, loss=0.0162]
Epoch 126/150 [train]:  69%|██████▉   | 18/26 [00:00<00:00, 87.15it/s, S=0.0155, loss=0.0161]
                                                                                             
Epoch 126/150  train loss=0.0156  val loss=0.5049  S[mean]=0.0153  ζ=0.1669  mean_plane_ζ=0.1699  reg=0.5203  λscale=1.00  lr=1.03e-04

Epoch 127/150 [train]:   0%|          | 0/26 [00:00<?, ?it/s]
Epoch 127/150 [train]:   0%|          | 0/26 [00:00<?, ?it/s, S=0.0155, loss=0.0151]
Epoch 127/150 [train]:   0%|          | 0/26 [00:00<?, ?it/s, S=0.0155, loss=0.0150]
Epoch 127/150 [train]:   0%|          | 0/26 [00:00<?, ?it/s, S=0.0155, loss=0.0142]
Epoch 127/150 [train]:   0%|          | 0/26 [00:00<?, ?it/s, S=0.0156, loss=0.0149]
Epoch 127/150 [train]:   0%|          | 0/26 [00:00<?, ?it/s, S=0.0155, loss=0.0149]
Epoch 127/150 [train]:   0%|          | 0/26 [00:00<?, ?it/s, S=0.0155, loss=0.0153]
Epoch 127/150 [train]:   0%|          | 0/26 [00:00<?, ?it/s, S=0.0156, loss=0.0155]
Epoch 127/150 [train]:   0%|          | 0/26 [00:00<?, ?it/s, S=0.0156, loss=0.0148]
Epoch 127/150 [train]:   0%|          | 0/26 [00:00<?, ?it/s, S=0.0155, loss=0.0155]
Epoch 127/150 [train]:  35%|███▍      | 9/26 [00:00<00:00, 86.92it/s, S=0.0155, loss=0.0155]
Epoch 127/150 [train]:  35%|███▍      | 9/26 [00:00<00:00, 86.92it/s, S=0.0155, loss=0.0150]
Epoch 127/150 [train]:  35%|███▍      | 9/26 [00:00<00:00, 86.92it/s, S=0.0155, loss=0.0158]
Epoch 127/150 [train]:  35%|███▍      | 9/26 [00:48<00:00, 86.92it/s, S=0.0155, loss=0.0158]
Epoch 127/150 [train]:  35%|███▍      | 9/26 [00:48<00:00, 86.92it/s, S=0.0155, loss=0.0150]
Epoch 127/150 [train]:  46%|████▌     | 12/26 [00:48<01:13,  5.23s/it, S=0.0155, loss=0.0150]
Epoch 127/150 [train]:  46%|████▌     | 12/26 [00:48<01:13,  5.23s/it, S=0.0154, loss=0.0153]
Epoch 127/150 [train]:  46%|████▌     | 12/26 [00:48<01:13,  5.23s/it, S=0.0154, loss=0.0162]
Epoch 127/150 [train]:  46%|████▌     | 12/26 [00:48<01:13,  5.23s/it, S=0.0155, loss=0.0166]
Epoch 127/150 [train]:  46%|████▌     | 12/26 [00:48<01:13,  5.23s/it, S=0.0155, loss=0.0155]
Epoch 127/150 [train]:  46%|████▌     | 12/26 [00:48<01:13,  5.23s/it, S=0.0155, loss=0.0162]
Epoch 127/150 [train]:  46%|████▌     | 12/26 [00:48<01:13,  5.23s/it, S=0.0155, loss=0.0167]
Epoch 127/150 [train]:  46%|████▌     | 12/26 [00:48<01:13,  5.23s/it, S=0.0155, loss=0.0160]
Epoch 127/150 [train]:  46%|████▌     | 12/26 [00:48<01:13,  5.23s/it, S=0.0155, loss=0.0150]
Epoch 127/150 [train]:  46%|████▌     | 12/26 [00:48<01:13,  5.23s/it, S=0.0155, loss=0.0158]
Epoch 127/150 [train]:  81%|████████  | 21/26 [00:48<00:11,  2.20s/it, S=0.0155, loss=0.0158]
Epoch 127/150 [train]:  81%|████████  | 21/26 [00:48<00:11,  2.20s/it, S=0.0155, loss=0.0150]
Epoch 127/150 [train]:  81%|████████  | 21/26 [00:48<00:11,  2.20s/it, S=0.0154, loss=0.0154]
Epoch 127/150 [train]:  81%|████████  | 21/26 [00:48<00:11,  2.20s/it, S=0.0155, loss=0.0160]
Epoch 127/150 [train]:  81%|████████  | 21/26 [00:48<00:11,  2.20s/it, S=0.0155, loss=0.0168]
Epoch 127/150 [train]:  81%|████████  | 21/26 [00:48<00:11,  2.20s/it, S=0.0155, loss=0.0159]
                                                                                             
Epoch 127/150  train loss=0.0155  val loss=0.5049  S[mean]=0.0153  ζ=0.1669  mean_plane_ζ=0.1700  reg=0.5203  λscale=1.00  lr=9.52e-05

Epoch 128/150 [train]:   0%|          | 0/26 [00:00<?, ?it/s]
Epoch 128/150 [train]:   0%|          | 0/26 [00:00<?, ?it/s, S=0.0154, loss=0.0158]
Epoch 128/150 [train]:   0%|          | 0/26 [00:00<?, ?it/s, S=0.0155, loss=0.0141]
Epoch 128/150 [train]:   0%|          | 0/26 [00:00<?, ?it/s, S=0.0155, loss=0.0144]
Epoch 128/150 [train]:   0%|          | 0/26 [00:00<?, ?it/s, S=0.0154, loss=0.0150]
Epoch 128/150 [train]:   0%|          | 0/26 [00:00<?, ?it/s, S=0.0155, loss=0.0156]
Epoch 128/150 [train]:   0%|          | 0/26 [00:00<?, ?it/s, S=0.0155, loss=0.0143]
Epoch 128/150 [train]:   0%|          | 0/26 [00:00<?, ?it/s, S=0.0154, loss=0.0155]
Epoch 128/150 [train]:   0%|          | 0/26 [00:00<?, ?it/s, S=0.0155, loss=0.0158]
Epoch 128/150 [train]:   0%|          | 0/26 [00:00<?, ?it/s, S=0.0155, loss=0.0152]
Epoch 128/150 [train]:  35%|███▍      | 9/26 [00:00<00:00, 86.86it/s, S=0.0155, loss=0.0152]
Epoch 128/150 [train]:  35%|███▍      | 9/26 [00:00<00:00, 86.86it/s, S=0.0154, loss=0.0162]
Epoch 128/150 [train]:  35%|███▍      | 9/26 [00:00<00:00, 86.86it/s, S=0.0155, loss=0.0157]
Epoch 128/150 [train]:  35%|███▍      | 9/26 [00:00<00:00, 86.86it/s, S=0.0156, loss=0.0156]
Epoch 128/150 [train]:  35%|███▍      | 9/26 [00:00<00:00, 86.86it/s, S=0.0154, loss=0.0165]
Epoch 128/150 [train]:  35%|███▍      | 9/26 [00:00<00:00, 86.86it/s, S=0.0154, loss=0.0157]
Epoch 128/150 [train]:  35%|███▍      | 9/26 [00:00<00:00, 86.86it/s, S=0.0154, loss=0.0150]
Epoch 128/150 [train]:  35%|███▍      | 9/26 [00:00<00:00, 86.86it/s, S=0.0155, loss=0.0162]
Epoch 128/150 [train]:  35%|███▍      | 9/26 [00:00<00:00, 86.86it/s, S=0.0155, loss=0.0151]
Epoch 128/150 [train]:  35%|███▍      | 9/26 [00:00<00:00, 86.86it/s, S=0.0154, loss=0.0147]
Epoch 128/150 [train]:  69%|██████▉   | 18/26 [00:00<00:00, 87.28it/s, S=0.0154, loss=0.0147]
Epoch 128/150 [train]:  69%|██████▉   | 18/26 [00:00<00:00, 87.28it/s, S=0.0155, loss=0.0155]
Epoch 128/150 [train]:  69%|██████▉   | 18/26 [00:00<00:00, 87.28it/s, S=0.0155, loss=0.0167]
Epoch 128/150 [train]:  69%|██████▉   | 18/26 [00:00<00:00, 87.28it/s, S=0.0155, loss=0.0155]
Epoch 128/150 [train]:  69%|██████▉   | 18/26 [00:00<00:00, 87.28it/s, S=0.0154, loss=0.0154]
Epoch 128/150 [train]:  69%|██████▉   | 18/26 [00:00<00:00, 87.28it/s, S=0.0155, loss=0.0164]
Epoch 128/150 [train]:  69%|██████▉   | 18/26 [00:00<00:00, 87.28it/s, S=0.0156, loss=0.0157]
Epoch 128/150 [train]:  69%|██████▉   | 18/26 [00:00<00:00, 87.28it/s, S=0.0154, loss=0.0160]
Epoch 128/150 [train]:  69%|██████▉   | 18/26 [00:00<00:00, 87.28it/s, S=0.0155, loss=0.0156]
                                                                                             
Epoch 128/150  train loss=0.0155  val loss=0.5071  S[mean]=0.0153  ζ=0.1668  mean_plane_ζ=0.1699  reg=0.5224  λscale=1.00  lr=8.76e-05

Epoch 129/150 [train]:   0%|          | 0/26 [00:00<?, ?it/s]
Epoch 129/150 [train]:   0%|          | 0/26 [00:00<?, ?it/s, S=0.0154, loss=0.0150]
Epoch 129/150 [train]:   0%|          | 0/26 [00:00<?, ?it/s, S=0.0155, loss=0.0149]
Epoch 129/150 [train]:   0%|          | 0/26 [00:00<?, ?it/s, S=0.0155, loss=0.0148]
Epoch 129/150 [train]:   0%|          | 0/26 [00:00<?, ?it/s, S=0.0154, loss=0.0158]
Epoch 129/150 [train]:   0%|          | 0/26 [00:00<?, ?it/s, S=0.0155, loss=0.0150]
Epoch 129/150 [train]:   0%|          | 0/26 [00:00<?, ?it/s, S=0.0155, loss=0.0148]
Epoch 129/150 [train]:   0%|          | 0/26 [00:00<?, ?it/s, S=0.0155, loss=0.0139]
Epoch 129/150 [train]:   0%|          | 0/26 [00:00<?, ?it/s, S=0.0154, loss=0.0152]
Epoch 129/150 [train]:   0%|          | 0/26 [00:00<?, ?it/s, S=0.0155, loss=0.0144]
Epoch 129/150 [train]:  35%|███▍      | 9/26 [00:00<00:00, 86.89it/s, S=0.0155, loss=0.0144]
Epoch 129/150 [train]:  35%|███▍      | 9/26 [00:00<00:00, 86.89it/s, S=0.0155, loss=0.0152]
Epoch 129/150 [train]:  35%|███▍      | 9/26 [00:00<00:00, 86.89it/s, S=0.0155, loss=0.0163]
Epoch 129/150 [train]:  35%|███▍      | 9/26 [00:00<00:00, 86.89it/s, S=0.0154, loss=0.0155]
Epoch 129/150 [train]:  35%|███▍      | 9/26 [00:00<00:00, 86.89it/s, S=0.0154, loss=0.0155]
Epoch 129/150 [train]:  35%|███▍      | 9/26 [00:00<00:00, 86.89it/s, S=0.0155, loss=0.0167]
Epoch 129/150 [train]:  35%|███▍      | 9/26 [00:00<00:00, 86.89it/s, S=0.0155, loss=0.0147]
Epoch 129/150 [train]:  35%|███▍      | 9/26 [00:00<00:00, 86.89it/s, S=0.0155, loss=0.0159]
Epoch 129/150 [train]:  35%|███▍      | 9/26 [00:00<00:00, 86.89it/s, S=0.0154, loss=0.0160]
Epoch 129/150 [train]:  35%|███▍      | 9/26 [00:00<00:00, 86.89it/s, S=0.0155, loss=0.0153]
Epoch 129/150 [train]:  69%|██████▉   | 18/26 [00:00<00:00, 87.31it/s, S=0.0155, loss=0.0153]
Epoch 129/150 [train]:  69%|██████▉   | 18/26 [00:00<00:00, 87.31it/s, S=0.0155, loss=0.0152]
Epoch 129/150 [train]:  69%|██████▉   | 18/26 [00:00<00:00, 87.31it/s, S=0.0155, loss=0.0152]
Epoch 129/150 [train]:  69%|██████▉   | 18/26 [00:00<00:00, 87.31it/s, S=0.0154, loss=0.0157]
Epoch 129/150 [train]:  69%|██████▉   | 18/26 [00:00<00:00, 87.31it/s, S=0.0154, loss=0.0161]
Epoch 129/150 [train]:  69%|██████▉   | 18/26 [00:00<00:00, 87.31it/s, S=0.0155, loss=0.0160]
Epoch 129/150 [train]:  69%|██████▉   | 18/26 [00:00<00:00, 87.31it/s, S=0.0155, loss=0.0157]
Epoch 129/150 [train]:  69%|██████▉   | 18/26 [00:00<00:00, 87.31it/s, S=0.0155, loss=0.0160]
Epoch 129/150 [train]:  69%|██████▉   | 18/26 [00:00<00:00, 87.31it/s, S=0.0154, loss=0.0161]
                                                                                             
Epoch 129/150  train loss=0.0154  val loss=0.5064  S[mean]=0.0153  ζ=0.1668  mean_plane_ζ=0.1699  reg=0.5217  λscale=1.00  lr=8.03e-05

Epoch 130/150 [train]:   0%|          | 0/26 [00:00<?, ?it/s]
Epoch 130/150 [train]:   0%|          | 0/26 [00:00<?, ?it/s, S=0.0155, loss=0.0159]
Epoch 130/150 [train]:   0%|          | 0/26 [00:00<?, ?it/s, S=0.0155, loss=0.0151]
Epoch 130/150 [train]:   0%|          | 0/26 [00:00<?, ?it/s, S=0.0155, loss=0.0142]
Epoch 130/150 [train]:   0%|          | 0/26 [00:00<?, ?it/s, S=0.0154, loss=0.0154]
Epoch 130/150 [train]:   0%|          | 0/26 [00:00<?, ?it/s, S=0.0155, loss=0.0142]
Epoch 130/150 [train]:   0%|          | 0/26 [00:00<?, ?it/s, S=0.0154, loss=0.0146]
Epoch 130/150 [train]:   0%|          | 0/26 [00:00<?, ?it/s, S=0.0155, loss=0.0161]
Epoch 130/150 [train]:   0%|          | 0/26 [00:00<?, ?it/s, S=0.0156, loss=0.0147]
Epoch 130/150 [train]:   0%|          | 0/26 [00:00<?, ?it/s, S=0.0155, loss=0.0154]
Epoch 130/150 [train]:  35%|███▍      | 9/26 [00:00<00:00, 86.72it/s, S=0.0155, loss=0.0154]
Epoch 130/150 [train]:  35%|███▍      | 9/26 [00:00<00:00, 86.72it/s, S=0.0155, loss=0.0150]
Epoch 130/150 [train]:  35%|███▍      | 9/26 [00:00<00:00, 86.72it/s, S=0.0155, loss=0.0153]
Epoch 130/150 [train]:  35%|███▍      | 9/26 [00:00<00:00, 86.72it/s, S=0.0154, loss=0.0161]
Epoch 130/150 [train]:  35%|███▍      | 9/26 [00:00<00:00, 86.72it/s, S=0.0156, loss=0.0143]
Epoch 130/150 [train]:  35%|███▍      | 9/26 [00:00<00:00, 86.72it/s, S=0.0155, loss=0.0156]
Epoch 130/150 [train]:  35%|███▍      | 9/26 [00:00<00:00, 86.72it/s, S=0.0155, loss=0.0153]
Epoch 130/150 [train]:  35%|███▍      | 9/26 [00:00<00:00, 86.72it/s, S=0.0154, loss=0.0162]
Epoch 130/150 [train]:  35%|███▍      | 9/26 [00:00<00:00, 86.72it/s, S=0.0155, loss=0.0167]
Epoch 130/150 [train]:  35%|███▍      | 9/26 [00:00<00:00, 86.72it/s, S=0.0155, loss=0.0157]
Epoch 130/150 [train]:  69%|██████▉   | 18/26 [00:00<00:00, 87.15it/s, S=0.0155, loss=0.0157]
Epoch 130/150 [train]:  69%|██████▉   | 18/26 [00:00<00:00, 87.15it/s, S=0.0154, loss=0.0149]
Epoch 130/150 [train]:  69%|██████▉   | 18/26 [00:00<00:00, 87.15it/s, S=0.0155, loss=0.0158]
Epoch 130/150 [train]:  69%|██████▉   | 18/26 [00:00<00:00, 87.15it/s, S=0.0155, loss=0.0153]
Epoch 130/150 [train]:  69%|██████▉   | 18/26 [00:00<00:00, 87.15it/s, S=0.0154, loss=0.0164]
Epoch 130/150 [train]:  69%|██████▉   | 18/26 [00:00<00:00, 87.15it/s, S=0.0154, loss=0.0159]
Epoch 130/150 [train]:  69%|██████▉   | 18/26 [00:00<00:00, 87.15it/s, S=0.0154, loss=0.0145]
Epoch 130/150 [train]:  69%|██████▉   | 18/26 [00:00<00:00, 87.15it/s, S=0.0155, loss=0.0155]
Epoch 130/150 [train]:  69%|██████▉   | 18/26 [00:00<00:00, 87.15it/s, S=0.0155, loss=0.0151]
                                                                                             
Epoch 130/150  train loss=0.0154  val loss=0.5057  S[mean]=0.0153  ζ=0.1667  mean_plane_ζ=0.1698  reg=0.5211  λscale=1.00  lr=7.32e-05

Epoch 131/150 [train]:   0%|          | 0/26 [00:00<?, ?it/s]
Epoch 131/150 [train]:   0%|          | 0/26 [00:00<?, ?it/s, S=0.0155, loss=0.0153]
Epoch 131/150 [train]:   0%|          | 0/26 [00:00<?, ?it/s, S=0.0155, loss=0.0148]
Epoch 131/150 [train]:   0%|          | 0/26 [00:00<?, ?it/s, S=0.0155, loss=0.0142]
Epoch 131/150 [train]:   0%|          | 0/26 [00:00<?, ?it/s, S=0.0156, loss=0.0146]
Epoch 131/150 [train]:   0%|          | 0/26 [00:00<?, ?it/s, S=0.0154, loss=0.0154]
Epoch 131/150 [train]:   0%|          | 0/26 [00:00<?, ?it/s, S=0.0155, loss=0.0154]
Epoch 131/150 [train]:   0%|          | 0/26 [00:00<?, ?it/s, S=0.0155, loss=0.0157]
Epoch 131/150 [train]:   0%|          | 0/26 [00:00<?, ?it/s, S=0.0155, loss=0.0156]
Epoch 131/150 [train]:   0%|          | 0/26 [00:00<?, ?it/s, S=0.0155, loss=0.0152]
Epoch 131/150 [train]:  35%|███▍      | 9/26 [00:00<00:00, 87.06it/s, S=0.0155, loss=0.0152]
Epoch 131/150 [train]:  35%|███▍      | 9/26 [00:00<00:00, 87.06it/s, S=0.0155, loss=0.0153]
Epoch 131/150 [train]:  35%|███▍      | 9/26 [00:00<00:00, 87.06it/s, S=0.0155, loss=0.0154]
Epoch 131/150 [train]:  35%|███▍      | 9/26 [00:00<00:00, 87.06it/s, S=0.0154, loss=0.0151]
Epoch 131/150 [train]:  35%|███▍      | 9/26 [00:00<00:00, 87.06it/s, S=0.0154, loss=0.0155]
Epoch 131/150 [train]:  35%|███▍      | 9/26 [00:00<00:00, 87.06it/s, S=0.0154, loss=0.0152]
Epoch 131/150 [train]:  35%|███▍      | 9/26 [00:00<00:00, 87.06it/s, S=0.0154, loss=0.0152]
Epoch 131/150 [train]:  35%|███▍      | 9/26 [00:00<00:00, 87.06it/s, S=0.0155, loss=0.0156]
Epoch 131/150 [train]:  35%|███▍      | 9/26 [00:00<00:00, 87.06it/s, S=0.0156, loss=0.0158]
Epoch 131/150 [train]:  35%|███▍      | 9/26 [00:00<00:00, 87.06it/s, S=0.0155, loss=0.0154]
Epoch 131/150 [train]:  69%|██████▉   | 18/26 [00:00<00:00, 87.40it/s, S=0.0155, loss=0.0154]
Epoch 131/150 [train]:  69%|██████▉   | 18/26 [00:00<00:00, 87.40it/s, S=0.0155, loss=0.0152]
Epoch 131/150 [train]:  69%|██████▉   | 18/26 [00:00<00:00, 87.40it/s, S=0.0156, loss=0.0148]
Epoch 131/150 [train]:  69%|██████▉   | 18/26 [00:00<00:00, 87.40it/s, S=0.0155, loss=0.0151]
Epoch 131/150 [train]:  69%|██████▉   | 18/26 [00:00<00:00, 87.40it/s, S=0.0154, loss=0.0154]
Epoch 131/150 [train]:  69%|██████▉   | 18/26 [00:00<00:00, 87.40it/s, S=0.0155, loss=0.0161]
Epoch 131/150 [train]:  69%|██████▉   | 18/26 [00:00<00:00, 87.40it/s, S=0.0154, loss=0.0155]
Epoch 131/150 [train]:  69%|██████▉   | 18/26 [00:00<00:00, 87.40it/s, S=0.0155, loss=0.0158]
Epoch 131/150 [train]:  69%|██████▉   | 18/26 [00:00<00:00, 87.40it/s, S=0.0154, loss=0.0152]
                                                                                             
Epoch 131/150  train loss=0.0153  val loss=0.5057  S[mean]=0.0153  ζ=0.1667  mean_plane_ζ=0.1698  reg=0.5210  λscale=1.00  lr=6.64e-05

Epoch 132/150 [train]:   0%|          | 0/26 [00:00<?, ?it/s]
Epoch 132/150 [train]:   0%|          | 0/26 [00:00<?, ?it/s, S=0.0154, loss=0.0155]
Epoch 132/150 [train]:   0%|          | 0/26 [00:00<?, ?it/s, S=0.0154, loss=0.0150]
Epoch 132/150 [train]:   0%|          | 0/26 [00:00<?, ?it/s, S=0.0155, loss=0.0147]
Epoch 132/150 [train]:   0%|          | 0/26 [00:00<?, ?it/s, S=0.0155, loss=0.0148]
Epoch 132/150 [train]:   0%|          | 0/26 [00:00<?, ?it/s, S=0.0155, loss=0.0143]
Epoch 132/150 [train]:   0%|          | 0/26 [00:00<?, ?it/s, S=0.0155, loss=0.0159]
Epoch 132/150 [train]:   0%|          | 0/26 [00:00<?, ?it/s, S=0.0154, loss=0.0159]
Epoch 132/150 [train]:   0%|          | 0/26 [00:00<?, ?it/s, S=0.0154, loss=0.0154]
Epoch 132/150 [train]:   0%|          | 0/26 [00:00<?, ?it/s, S=0.0155, loss=0.0153]
Epoch 132/150 [train]:  35%|███▍      | 9/26 [00:00<00:00, 86.95it/s, S=0.0155, loss=0.0153]
Epoch 132/150 [train]:  35%|███▍      | 9/26 [00:00<00:00, 86.95it/s, S=0.0156, loss=0.0148]
Epoch 132/150 [train]:  35%|███▍      | 9/26 [00:00<00:00, 86.95it/s, S=0.0154, loss=0.0156]
Epoch 132/150 [train]:  35%|███▍      | 9/26 [00:00<00:00, 86.95it/s, S=0.0155, loss=0.0162]
Epoch 132/150 [train]:  35%|███▍      | 9/26 [00:00<00:00, 86.95it/s, S=0.0154, loss=0.0150]
Epoch 132/150 [train]:  35%|███▍      | 9/26 [00:00<00:00, 86.95it/s, S=0.0155, loss=0.0153]
Epoch 132/150 [train]:  35%|███▍      | 9/26 [00:00<00:00, 86.95it/s, S=0.0155, loss=0.0152]
Epoch 132/150 [train]:  35%|███▍      | 9/26 [00:00<00:00, 86.95it/s, S=0.0155, loss=0.0155]
Epoch 132/150 [train]:  35%|███▍      | 9/26 [00:00<00:00, 86.95it/s, S=0.0155, loss=0.0157]
Epoch 132/150 [train]:  35%|███▍      | 9/26 [00:00<00:00, 86.95it/s, S=0.0156, loss=0.0148]
Epoch 132/150 [train]:  69%|██████▉   | 18/26 [00:00<00:00, 87.28it/s, S=0.0156, loss=0.0148]
Epoch 132/150 [train]:  69%|██████▉   | 18/26 [00:00<00:00, 87.28it/s, S=0.0155, loss=0.0155]
Epoch 132/150 [train]:  69%|██████▉   | 18/26 [00:00<00:00, 87.28it/s, S=0.0154, loss=0.0158]
Epoch 132/150 [train]:  69%|██████▉   | 18/26 [00:00<00:00, 87.28it/s, S=0.0155, loss=0.0162]
Epoch 132/150 [train]:  69%|██████▉   | 18/26 [00:00<00:00, 87.28it/s, S=0.0155, loss=0.0153]
Epoch 132/150 [train]:  69%|██████▉   | 18/26 [00:00<00:00, 87.28it/s, S=0.0154, loss=0.0159]
Epoch 132/150 [train]:  69%|██████▉   | 18/26 [00:00<00:00, 87.28it/s, S=0.0154, loss=0.0156]
Epoch 132/150 [train]:  69%|██████▉   | 18/26 [00:00<00:00, 87.28it/s, S=0.0155, loss=0.0161]
Epoch 132/150 [train]:  69%|██████▉   | 18/26 [00:00<00:00, 87.28it/s, S=0.0154, loss=0.0157]
                                                                                             
Epoch 132/150  train loss=0.0154  val loss=0.5061  S[mean]=0.0153  ζ=0.1667  mean_plane_ζ=0.1698  reg=0.5215  λscale=1.00  lr=5.99e-05

Epoch 133/150 [train]:   0%|          | 0/26 [00:00<?, ?it/s]
Epoch 133/150 [train]:   0%|          | 0/26 [00:00<?, ?it/s, S=0.0155, loss=0.0150]
Epoch 133/150 [train]:   0%|          | 0/26 [00:00<?, ?it/s, S=0.0154, loss=0.0151]
Epoch 133/150 [train]:   0%|          | 0/26 [00:00<?, ?it/s, S=0.0155, loss=0.0153]
Epoch 133/150 [train]:   0%|          | 0/26 [00:00<?, ?it/s, S=0.0155, loss=0.0147]
Epoch 133/150 [train]:   0%|          | 0/26 [00:00<?, ?it/s, S=0.0155, loss=0.0151]
Epoch 133/150 [train]:   0%|          | 0/26 [00:00<?, ?it/s, S=0.0154, loss=0.0154]
Epoch 133/150 [train]:   0%|          | 0/26 [00:00<?, ?it/s, S=0.0154, loss=0.0150]
Epoch 133/150 [train]:   0%|          | 0/26 [00:00<?, ?it/s, S=0.0155, loss=0.0149]
Epoch 133/150 [train]:   0%|          | 0/26 [00:00<?, ?it/s, S=0.0155, loss=0.0150]
Epoch 133/150 [train]:  35%|███▍      | 9/26 [00:00<00:00, 86.84it/s, S=0.0155, loss=0.0150]
Epoch 133/150 [train]:  35%|███▍      | 9/26 [00:00<00:00, 86.84it/s, S=0.0154, loss=0.0152]
Epoch 133/150 [train]:  35%|███▍      | 9/26 [00:00<00:00, 86.84it/s, S=0.0154, loss=0.0151]
Epoch 133/150 [train]:  35%|███▍      | 9/26 [00:00<00:00, 86.84it/s, S=0.0155, loss=0.0152]
Epoch 133/150 [train]:  35%|███▍      | 9/26 [00:00<00:00, 86.84it/s, S=0.0154, loss=0.0156]
Epoch 133/150 [train]:  35%|███▍      | 9/26 [00:00<00:00, 86.84it/s, S=0.0155, loss=0.0151]
Epoch 133/150 [train]:  35%|███▍      | 9/26 [00:00<00:00, 86.84it/s, S=0.0155, loss=0.0158]
Epoch 133/150 [train]:  35%|███▍      | 9/26 [00:00<00:00, 86.84it/s, S=0.0155, loss=0.0159]
Epoch 133/150 [train]:  35%|███▍      | 9/26 [00:00<00:00, 86.84it/s, S=0.0154, loss=0.0150]
Epoch 133/150 [train]:  35%|███▍      | 9/26 [00:00<00:00, 86.84it/s, S=0.0154, loss=0.0159]
Epoch 133/150 [train]:  69%|██████▉   | 18/26 [00:00<00:00, 87.19it/s, S=0.0154, loss=0.0159]
Epoch 133/150 [train]:  69%|██████▉   | 18/26 [00:00<00:00, 87.19it/s, S=0.0155, loss=0.0159]
Epoch 133/150 [train]:  69%|██████▉   | 18/26 [00:00<00:00, 87.19it/s, S=0.0154, loss=0.0154]
Epoch 133/150 [train]:  69%|██████▉   | 18/26 [00:00<00:00, 87.19it/s, S=0.0154, loss=0.0154]
Epoch 133/150 [train]:  69%|██████▉   | 18/26 [00:00<00:00, 87.19it/s, S=0.0155, loss=0.0143]
Epoch 133/150 [train]:  69%|██████▉   | 18/26 [00:00<00:00, 87.19it/s, S=0.0154, loss=0.0159]
Epoch 133/150 [train]:  69%|██████▉   | 18/26 [00:00<00:00, 87.19it/s, S=0.0154, loss=0.0146]
Epoch 133/150 [train]:  69%|██████▉   | 18/26 [00:00<00:00, 87.19it/s, S=0.0154, loss=0.0165]
Epoch 133/150 [train]:  69%|██████▉   | 18/26 [00:00<00:00, 87.19it/s, S=0.0154, loss=0.0147]
                                                                                             
Epoch 133/150  train loss=0.0153  val loss=0.5063  S[mean]=0.0153  ζ=0.1668  mean_plane_ζ=0.1699  reg=0.5217  λscale=1.00  lr=5.37e-05

Epoch 134/150 [train]:   0%|          | 0/26 [00:00<?, ?it/s]
Epoch 134/150 [train]:   0%|          | 0/26 [00:00<?, ?it/s, S=0.0154, loss=0.0160]
Epoch 134/150 [train]:   0%|          | 0/26 [00:00<?, ?it/s, S=0.0154, loss=0.0154]
Epoch 134/150 [train]:   0%|          | 0/26 [00:00<?, ?it/s, S=0.0154, loss=0.0146]
Epoch 134/150 [train]:   0%|          | 0/26 [00:00<?, ?it/s, S=0.0155, loss=0.0151]
Epoch 134/150 [train]:   0%|          | 0/26 [00:00<?, ?it/s, S=0.0155, loss=0.0150]
Epoch 134/150 [train]:   0%|          | 0/26 [00:00<?, ?it/s, S=0.0154, loss=0.0153]
Epoch 134/150 [train]:   0%|          | 0/26 [00:00<?, ?it/s, S=0.0155, loss=0.0159]
Epoch 134/150 [train]:   0%|          | 0/26 [00:00<?, ?it/s, S=0.0154, loss=0.0152]
Epoch 134/150 [train]:   0%|          | 0/26 [00:00<?, ?it/s, S=0.0155, loss=0.0150]
Epoch 134/150 [train]:  35%|███▍      | 9/26 [00:00<00:00, 86.88it/s, S=0.0155, loss=0.0150]
Epoch 134/150 [train]:  35%|███▍      | 9/26 [00:00<00:00, 86.88it/s, S=0.0154, loss=0.0147]
Epoch 134/150 [train]:  35%|███▍      | 9/26 [00:00<00:00, 86.88it/s, S=0.0155, loss=0.0155]
Epoch 134/150 [train]:  35%|███▍      | 9/26 [00:00<00:00, 86.88it/s, S=0.0155, loss=0.0150]
Epoch 134/150 [train]:  35%|███▍      | 9/26 [00:00<00:00, 86.88it/s, S=0.0155, loss=0.0143]
Epoch 134/150 [train]:  35%|███▍      | 9/26 [00:00<00:00, 86.88it/s, S=0.0155, loss=0.0154]
Epoch 134/150 [train]:  35%|███▍      | 9/26 [00:00<00:00, 86.88it/s, S=0.0154, loss=0.0149]
Epoch 134/150 [train]:  35%|███▍      | 9/26 [00:00<00:00, 86.88it/s, S=0.0155, loss=0.0150]
Epoch 134/150 [train]:  35%|███▍      | 9/26 [00:00<00:00, 86.88it/s, S=0.0154, loss=0.0156]
Epoch 134/150 [train]:  35%|███▍      | 9/26 [00:00<00:00, 86.88it/s, S=0.0155, loss=0.0159]
Epoch 134/150 [train]:  69%|██████▉   | 18/26 [00:00<00:00, 87.34it/s, S=0.0155, loss=0.0159]
Epoch 134/150 [train]:  69%|██████▉   | 18/26 [00:00<00:00, 87.34it/s, S=0.0155, loss=0.0152]
Epoch 134/150 [train]:  69%|██████▉   | 18/26 [00:00<00:00, 87.34it/s, S=0.0154, loss=0.0159]
Epoch 134/150 [train]:  69%|██████▉   | 18/26 [00:00<00:00, 87.34it/s, S=0.0155, loss=0.0159]
Epoch 134/150 [train]:  69%|██████▉   | 18/26 [00:00<00:00, 87.34it/s, S=0.0155, loss=0.0148]
Epoch 134/150 [train]:  69%|██████▉   | 18/26 [00:00<00:00, 87.34it/s, S=0.0155, loss=0.0152]
Epoch 134/150 [train]:  69%|██████▉   | 18/26 [00:00<00:00, 87.34it/s, S=0.0155, loss=0.0150]
Epoch 134/150 [train]:  69%|██████▉   | 18/26 [00:00<00:00, 87.34it/s, S=0.0155, loss=0.0154]
Epoch 134/150 [train]:  69%|██████▉   | 18/26 [00:00<00:00, 87.34it/s, S=0.0155, loss=0.0148]
                                                                                             
Epoch 134/150  train loss=0.0152  val loss=0.5060  S[mean]=0.0153  ζ=0.1668  mean_plane_ζ=0.1699  reg=0.5213  λscale=1.00  lr=4.77e-05

Epoch 135/150 [train]:   0%|          | 0/26 [00:00<?, ?it/s]
Epoch 135/150 [train]:   0%|          | 0/26 [00:00<?, ?it/s, S=0.0155, loss=0.0156]
Epoch 135/150 [train]:   0%|          | 0/26 [00:00<?, ?it/s, S=0.0155, loss=0.0151]
Epoch 135/150 [train]:   0%|          | 0/26 [00:00<?, ?it/s, S=0.0154, loss=0.0156]
Epoch 135/150 [train]:   0%|          | 0/26 [00:00<?, ?it/s, S=0.0155, loss=0.0147]
Epoch 135/150 [train]:   0%|          | 0/26 [00:00<?, ?it/s, S=0.0155, loss=0.0152]
Epoch 135/150 [train]:   0%|          | 0/26 [00:00<?, ?it/s, S=0.0154, loss=0.0154]
Epoch 135/150 [train]:   0%|          | 0/26 [00:00<?, ?it/s, S=0.0154, loss=0.0148]
Epoch 135/150 [train]:   0%|          | 0/26 [00:00<?, ?it/s, S=0.0155, loss=0.0149]
Epoch 135/150 [train]:   0%|          | 0/26 [00:00<?, ?it/s, S=0.0154, loss=0.0154]
Epoch 135/150 [train]:  35%|███▍      | 9/26 [00:00<00:00, 87.24it/s, S=0.0154, loss=0.0154]
Epoch 135/150 [train]:  35%|███▍      | 9/26 [00:00<00:00, 87.24it/s, S=0.0155, loss=0.0150]
Epoch 135/150 [train]:  35%|███▍      | 9/26 [00:00<00:00, 87.24it/s, S=0.0155, loss=0.0153]
Epoch 135/150 [train]:  35%|███▍      | 9/26 [00:00<00:00, 87.24it/s, S=0.0155, loss=0.0157]
Epoch 135/150 [train]:  35%|███▍      | 9/26 [00:00<00:00, 87.24it/s, S=0.0155, loss=0.0149]
Epoch 135/150 [train]:  35%|███▍      | 9/26 [00:00<00:00, 87.24it/s, S=0.0154, loss=0.0148]
Epoch 135/150 [train]:  35%|███▍      | 9/26 [00:00<00:00, 87.24it/s, S=0.0155, loss=0.0159]
Epoch 135/150 [train]:  35%|███▍      | 9/26 [00:00<00:00, 87.24it/s, S=0.0154, loss=0.0154]
Epoch 135/150 [train]:  35%|███▍      | 9/26 [00:00<00:00, 87.24it/s, S=0.0155, loss=0.0162]
Epoch 135/150 [train]:  35%|███▍      | 9/26 [00:00<00:00, 87.24it/s, S=0.0155, loss=0.0149]
Epoch 135/150 [train]:  69%|██████▉   | 18/26 [00:00<00:00, 87.54it/s, S=0.0155, loss=0.0149]
Epoch 135/150 [train]:  69%|██████▉   | 18/26 [00:00<00:00, 87.54it/s, S=0.0156, loss=0.0144]
Epoch 135/150 [train]:  69%|██████▉   | 18/26 [00:00<00:00, 87.54it/s, S=0.0155, loss=0.0150]
Epoch 135/150 [train]:  69%|██████▉   | 18/26 [00:00<00:00, 87.54it/s, S=0.0154, loss=0.0156]
Epoch 135/150 [train]:  69%|██████▉   | 18/26 [00:00<00:00, 87.54it/s, S=0.0155, loss=0.0146]
Epoch 135/150 [train]:  69%|██████▉   | 18/26 [00:00<00:00, 87.54it/s, S=0.0154, loss=0.0156]
Epoch 135/150 [train]:  69%|██████▉   | 18/26 [00:00<00:00, 87.54it/s, S=0.0156, loss=0.0150]
Epoch 135/150 [train]:  69%|██████▉   | 18/26 [00:00<00:00, 87.54it/s, S=0.0155, loss=0.0156]
Epoch 135/150 [train]:  69%|██████▉   | 18/26 [00:00<00:00, 87.54it/s, S=0.0155, loss=0.0155]
                                                                                             
Epoch 135/150  train loss=0.0152  val loss=0.5074  S[mean]=0.0153  ζ=0.1668  mean_plane_ζ=0.1699  reg=0.5227  λscale=1.00  lr=4.21e-05

Epoch 136/150 [train]:   0%|          | 0/26 [00:00<?, ?it/s]
Epoch 136/150 [train]:   0%|          | 0/26 [00:00<?, ?it/s, S=0.0155, loss=0.0145]
Epoch 136/150 [train]:   0%|          | 0/26 [00:00<?, ?it/s, S=0.0155, loss=0.0152]
Epoch 136/150 [train]:   0%|          | 0/26 [00:00<?, ?it/s, S=0.0154, loss=0.0160]
Epoch 136/150 [train]:   0%|          | 0/26 [00:00<?, ?it/s, S=0.0154, loss=0.0151]
Epoch 136/150 [train]:   0%|          | 0/26 [00:00<?, ?it/s, S=0.0155, loss=0.0152]
Epoch 136/150 [train]:   0%|          | 0/26 [00:00<?, ?it/s, S=0.0154, loss=0.0154]
Epoch 136/150 [train]:   0%|          | 0/26 [00:00<?, ?it/s, S=0.0155, loss=0.0141]
Epoch 136/150 [train]:   0%|          | 0/26 [00:00<?, ?it/s, S=0.0154, loss=0.0154]
Epoch 136/150 [train]:   0%|          | 0/26 [00:00<?, ?it/s, S=0.0154, loss=0.0154]
Epoch 136/150 [train]:  35%|███▍      | 9/26 [00:00<00:00, 87.59it/s, S=0.0154, loss=0.0154]
Epoch 136/150 [train]:  35%|███▍      | 9/26 [00:00<00:00, 87.59it/s, S=0.0155, loss=0.0149]
Epoch 136/150 [train]:  35%|███▍      | 9/26 [00:00<00:00, 87.59it/s, S=0.0155, loss=0.0162]
Epoch 136/150 [train]:  35%|███▍      | 9/26 [00:00<00:00, 87.59it/s, S=0.0156, loss=0.0157]
Epoch 136/150 [train]:  35%|███▍      | 9/26 [00:00<00:00, 87.59it/s, S=0.0155, loss=0.0145]
Epoch 136/150 [train]:  35%|███▍      | 9/26 [00:00<00:00, 87.59it/s, S=0.0156, loss=0.0156]
Epoch 136/150 [train]:  35%|███▍      | 9/26 [00:00<00:00, 87.59it/s, S=0.0155, loss=0.0160]
Epoch 136/150 [train]:  35%|███▍      | 9/26 [00:00<00:00, 87.59it/s, S=0.0155, loss=0.0162]
Epoch 136/150 [train]:  35%|███▍      | 9/26 [00:00<00:00, 87.59it/s, S=0.0154, loss=0.0158]
Epoch 136/150 [train]:  35%|███▍      | 9/26 [00:00<00:00, 87.59it/s, S=0.0154, loss=0.0152]
Epoch 136/150 [train]:  69%|██████▉   | 18/26 [00:00<00:00, 87.76it/s, S=0.0154, loss=0.0152]
Epoch 136/150 [train]:  69%|██████▉   | 18/26 [00:00<00:00, 87.76it/s, S=0.0154, loss=0.0157]
Epoch 136/150 [train]:  69%|██████▉   | 18/26 [00:00<00:00, 87.76it/s, S=0.0155, loss=0.0152]
Epoch 136/150 [train]:  69%|██████▉   | 18/26 [00:00<00:00, 87.76it/s, S=0.0155, loss=0.0150]
Epoch 136/150 [train]:  69%|██████▉   | 18/26 [00:00<00:00, 87.76it/s, S=0.0154, loss=0.0162]
Epoch 136/150 [train]:  69%|██████▉   | 18/26 [00:00<00:00, 87.76it/s, S=0.0155, loss=0.0148]
Epoch 136/150 [train]:  69%|██████▉   | 18/26 [00:00<00:00, 87.76it/s, S=0.0155, loss=0.0157]
Epoch 136/150 [train]:  69%|██████▉   | 18/26 [00:00<00:00, 87.76it/s, S=0.0155, loss=0.0147]
Epoch 136/150 [train]:  69%|██████▉   | 18/26 [00:00<00:00, 87.76it/s, S=0.0156, loss=0.0157]
                                                                                             
Epoch 136/150  train loss=0.0153  val loss=0.5081  S[mean]=0.0153  ζ=0.1668  mean_plane_ζ=0.1699  reg=0.5234  λscale=1.00  lr=3.68e-05

Epoch 137/150 [train]:   0%|          | 0/26 [00:00<?, ?it/s]
Epoch 137/150 [train]:   0%|          | 0/26 [00:00<?, ?it/s, S=0.0155, loss=0.0146]
Epoch 137/150 [train]:   0%|          | 0/26 [00:00<?, ?it/s, S=0.0155, loss=0.0141]
Epoch 137/150 [train]:   0%|          | 0/26 [00:00<?, ?it/s, S=0.0155, loss=0.0148]
Epoch 137/150 [train]:   0%|          | 0/26 [00:00<?, ?it/s, S=0.0154, loss=0.0147]
Epoch 137/150 [train]:   0%|          | 0/26 [00:00<?, ?it/s, S=0.0156, loss=0.0157]
Epoch 137/150 [train]:   0%|          | 0/26 [00:00<?, ?it/s, S=0.0155, loss=0.0161]
Epoch 137/150 [train]:   0%|          | 0/26 [00:00<?, ?it/s, S=0.0155, loss=0.0146]
Epoch 137/150 [train]:   0%|          | 0/26 [00:00<?, ?it/s, S=0.0154, loss=0.0157]
Epoch 137/150 [train]:   0%|          | 0/26 [00:00<?, ?it/s, S=0.0155, loss=0.0154]
Epoch 137/150 [train]:  35%|███▍      | 9/26 [00:00<00:00, 87.39it/s, S=0.0155, loss=0.0154]
Epoch 137/150 [train]:  35%|███▍      | 9/26 [00:00<00:00, 87.39it/s, S=0.0155, loss=0.0149]
Epoch 137/150 [train]:  35%|███▍      | 9/26 [00:00<00:00, 87.39it/s, S=0.0155, loss=0.0147]
Epoch 137/150 [train]:  35%|███▍      | 9/26 [00:00<00:00, 87.39it/s, S=0.0154, loss=0.0150]
Epoch 137/150 [train]:  35%|███▍      | 9/26 [00:00<00:00, 87.39it/s, S=0.0155, loss=0.0150]
Epoch 137/150 [train]:  35%|███▍      | 9/26 [00:00<00:00, 87.39it/s, S=0.0155, loss=0.0145]
Epoch 137/150 [train]:  35%|███▍      | 9/26 [00:00<00:00, 87.39it/s, S=0.0155, loss=0.0139]
Epoch 137/150 [train]:  35%|███▍      | 9/26 [00:00<00:00, 87.39it/s, S=0.0154, loss=0.0156]
Epoch 137/150 [train]:  35%|███▍      | 9/26 [00:00<00:00, 87.39it/s, S=0.0154, loss=0.0148]
Epoch 137/150 [train]:  35%|███▍      | 9/26 [00:00<00:00, 87.39it/s, S=0.0155, loss=0.0150]
Epoch 137/150 [train]:  69%|██████▉   | 18/26 [00:00<00:00, 87.69it/s, S=0.0155, loss=0.0150]
Epoch 137/150 [train]:  69%|██████▉   | 18/26 [00:00<00:00, 87.69it/s, S=0.0155, loss=0.0153]
Epoch 137/150 [train]:  69%|██████▉   | 18/26 [00:00<00:00, 87.69it/s, S=0.0154, loss=0.0154]
Epoch 137/150 [train]:  69%|██████▉   | 18/26 [00:00<00:00, 87.69it/s, S=0.0154, loss=0.0146]
Epoch 137/150 [train]:  69%|██████▉   | 18/26 [00:00<00:00, 87.69it/s, S=0.0155, loss=0.0152]
Epoch 137/150 [train]:  69%|██████▉   | 18/26 [00:00<00:00, 87.69it/s, S=0.0155, loss=0.0154]
Epoch 137/150 [train]:  69%|██████▉   | 18/26 [00:00<00:00, 87.69it/s, S=0.0154, loss=0.0153]
Epoch 137/150 [train]:  69%|██████▉   | 18/26 [00:00<00:00, 87.69it/s, S=0.0154, loss=0.0150]
Epoch 137/150 [train]:  69%|██████▉   | 18/26 [00:00<00:00, 87.69it/s, S=0.0154, loss=0.0160]
                                                                                             
Epoch 137/150  train loss=0.0150  val loss=0.5080  S[mean]=0.0153  ζ=0.1668  mean_plane_ζ=0.1699  reg=0.5233  λscale=1.00  lr=3.19e-05

Epoch 138/150 [train]:   0%|          | 0/26 [00:00<?, ?it/s]
Epoch 138/150 [train]:   0%|          | 0/26 [00:00<?, ?it/s, S=0.0155, loss=0.0145]
Epoch 138/150 [train]:   0%|          | 0/26 [00:00<?, ?it/s, S=0.0154, loss=0.0147]
Epoch 138/150 [train]:   0%|          | 0/26 [00:00<?, ?it/s, S=0.0155, loss=0.0151]
Epoch 138/150 [train]:   0%|          | 0/26 [00:00<?, ?it/s, S=0.0155, loss=0.0145]
Epoch 138/150 [train]:   0%|          | 0/26 [00:00<?, ?it/s, S=0.0154, loss=0.0146]
Epoch 138/150 [train]:   0%|          | 0/26 [00:00<?, ?it/s, S=0.0154, loss=0.0139]
Epoch 138/150 [train]:   0%|          | 0/26 [00:00<?, ?it/s, S=0.0155, loss=0.0152]
Epoch 138/150 [train]:   0%|          | 0/26 [00:00<?, ?it/s, S=0.0155, loss=0.0151]
Epoch 138/150 [train]:   0%|          | 0/26 [00:00<?, ?it/s, S=0.0155, loss=0.0153]
Epoch 138/150 [train]:  35%|███▍      | 9/26 [00:00<00:00, 87.32it/s, S=0.0155, loss=0.0153]
Epoch 138/150 [train]:  35%|███▍      | 9/26 [00:00<00:00, 87.32it/s, S=0.0155, loss=0.0143]
Epoch 138/150 [train]:  35%|███▍      | 9/26 [00:00<00:00, 87.32it/s, S=0.0155, loss=0.0142]
Epoch 138/150 [train]:  35%|███▍      | 9/26 [00:00<00:00, 87.32it/s, S=0.0155, loss=0.0156]
Epoch 138/150 [train]:  35%|███▍      | 9/26 [00:00<00:00, 87.32it/s, S=0.0154, loss=0.0148]
Epoch 138/150 [train]:  35%|███▍      | 9/26 [00:00<00:00, 87.32it/s, S=0.0155, loss=0.0149]
Epoch 138/150 [train]:  35%|███▍      | 9/26 [00:00<00:00, 87.32it/s, S=0.0154, loss=0.0157]
Epoch 138/150 [train]:  35%|███▍      | 9/26 [00:00<00:00, 87.32it/s, S=0.0155, loss=0.0155]
Epoch 138/150 [train]:  35%|███▍      | 9/26 [00:00<00:00, 87.32it/s, S=0.0155, loss=0.0153]
Epoch 138/150 [train]:  35%|███▍      | 9/26 [00:00<00:00, 87.32it/s, S=0.0154, loss=0.0147]
Epoch 138/150 [train]:  69%|██████▉   | 18/26 [00:00<00:00, 87.47it/s, S=0.0154, loss=0.0147]
Epoch 138/150 [train]:  69%|██████▉   | 18/26 [00:00<00:00, 87.47it/s, S=0.0154, loss=0.0149]
Epoch 138/150 [train]:  69%|██████▉   | 18/26 [00:00<00:00, 87.47it/s, S=0.0155, loss=0.0149]
Epoch 138/150 [train]:  69%|██████▉   | 18/26 [00:00<00:00, 87.47it/s, S=0.0154, loss=0.0154]
Epoch 138/150 [train]:  69%|██████▉   | 18/26 [00:00<00:00, 87.47it/s, S=0.0155, loss=0.0155]
Epoch 138/150 [train]:  69%|██████▉   | 18/26 [00:00<00:00, 87.47it/s, S=0.0154, loss=0.0143]
Epoch 138/150 [train]:  69%|██████▉   | 18/26 [00:00<00:00, 87.47it/s, S=0.0154, loss=0.0151]
Epoch 138/150 [train]:  69%|██████▉   | 18/26 [00:00<00:00, 87.47it/s, S=0.0155, loss=0.0148]
Epoch 138/150 [train]:  69%|██████▉   | 18/26 [00:00<00:00, 87.47it/s, S=0.0155, loss=0.0147]
                                                                                             
Epoch 138/150  train loss=0.0149  val loss=0.5073  S[mean]=0.0153  ζ=0.1667  mean_plane_ζ=0.1699  reg=0.5227  λscale=1.00  lr=2.72e-05

Epoch 139/150 [train]:   0%|          | 0/26 [00:00<?, ?it/s]
Epoch 139/150 [train]:   0%|          | 0/26 [00:00<?, ?it/s, S=0.0154, loss=0.0155]
Epoch 139/150 [train]:   0%|          | 0/26 [00:00<?, ?it/s, S=0.0155, loss=0.0150]
Epoch 139/150 [train]:   0%|          | 0/26 [00:00<?, ?it/s, S=0.0155, loss=0.0143]
Epoch 139/150 [train]:   0%|          | 0/26 [00:00<?, ?it/s, S=0.0155, loss=0.0146]
Epoch 139/150 [train]:   0%|          | 0/26 [00:00<?, ?it/s, S=0.0155, loss=0.0146]
Epoch 139/150 [train]:   0%|          | 0/26 [00:00<?, ?it/s, S=0.0155, loss=0.0142]
Epoch 139/150 [train]:   0%|          | 0/26 [00:00<?, ?it/s, S=0.0155, loss=0.0154]
Epoch 139/150 [train]:   0%|          | 0/26 [00:00<?, ?it/s, S=0.0154, loss=0.0153]
Epoch 139/150 [train]:   0%|          | 0/26 [00:00<?, ?it/s, S=0.0155, loss=0.0144]
Epoch 139/150 [train]:  35%|███▍      | 9/26 [00:00<00:00, 87.05it/s, S=0.0155, loss=0.0144]
Epoch 139/150 [train]:  35%|███▍      | 9/26 [00:00<00:00, 87.05it/s, S=0.0155, loss=0.0160]
Epoch 139/150 [train]:  35%|███▍      | 9/26 [00:00<00:00, 87.05it/s, S=0.0155, loss=0.0142]
Epoch 139/150 [train]:  35%|███▍      | 9/26 [00:00<00:00, 87.05it/s, S=0.0156, loss=0.0149]
Epoch 139/150 [train]:  35%|███▍      | 9/26 [00:00<00:00, 87.05it/s, S=0.0154, loss=0.0157]
Epoch 139/150 [train]:  35%|███▍      | 9/26 [00:00<00:00, 87.05it/s, S=0.0154, loss=0.0149]
Epoch 139/150 [train]:  35%|███▍      | 9/26 [00:00<00:00, 87.05it/s, S=0.0155, loss=0.0150]
Epoch 139/150 [train]:  35%|███▍      | 9/26 [00:00<00:00, 87.05it/s, S=0.0156, loss=0.0156]
Epoch 139/150 [train]:  35%|███▍      | 9/26 [00:00<00:00, 87.05it/s, S=0.0154, loss=0.0152]
Epoch 139/150 [train]:  35%|███▍      | 9/26 [00:00<00:00, 87.05it/s, S=0.0155, loss=0.0148]
Epoch 139/150 [train]:  69%|██████▉   | 18/26 [00:00<00:00, 87.35it/s, S=0.0155, loss=0.0148]
Epoch 139/150 [train]:  69%|██████▉   | 18/26 [00:00<00:00, 87.35it/s, S=0.0155, loss=0.0147]
Epoch 139/150 [train]:  69%|██████▉   | 18/26 [00:00<00:00, 87.35it/s, S=0.0155, loss=0.0147]
Epoch 139/150 [train]:  69%|██████▉   | 18/26 [00:00<00:00, 87.35it/s, S=0.0155, loss=0.0150]
Epoch 139/150 [train]:  69%|██████▉   | 18/26 [00:00<00:00, 87.35it/s, S=0.0155, loss=0.0157]
Epoch 139/150 [train]:  69%|██████▉   | 18/26 [00:00<00:00, 87.35it/s, S=0.0155, loss=0.0148]
Epoch 139/150 [train]:  69%|██████▉   | 18/26 [00:00<00:00, 87.35it/s, S=0.0153, loss=0.0142]
Epoch 139/150 [train]:  69%|██████▉   | 18/26 [00:00<00:00, 87.35it/s, S=0.0153, loss=0.0151]
Epoch 139/150 [train]:  69%|██████▉   | 18/26 [00:00<00:00, 87.35it/s, S=0.0156, loss=0.0147]
                                                                                             
Epoch 139/150  train loss=0.0149  val loss=0.5073  S[mean]=0.0153  ζ=0.1668  mean_plane_ζ=0.1699  reg=0.5226  λscale=1.00  lr=2.30e-05

Epoch 140/150 [train]:   0%|          | 0/26 [00:00<?, ?it/s]
Epoch 140/150 [train]:   0%|          | 0/26 [00:00<?, ?it/s, S=0.0154, loss=0.0144]
Epoch 140/150 [train]:   0%|          | 0/26 [00:00<?, ?it/s, S=0.0155, loss=0.0143]
Epoch 140/150 [train]:   0%|          | 0/26 [00:00<?, ?it/s, S=0.0154, loss=0.0158]
Epoch 140/150 [train]:   0%|          | 0/26 [00:00<?, ?it/s, S=0.0154, loss=0.0151]
Epoch 140/150 [train]:   0%|          | 0/26 [00:00<?, ?it/s, S=0.0155, loss=0.0154]
Epoch 140/150 [train]:   0%|          | 0/26 [00:00<?, ?it/s, S=0.0156, loss=0.0150]
Epoch 140/150 [train]:   0%|          | 0/26 [00:00<?, ?it/s, S=0.0154, loss=0.0147]
Epoch 140/150 [train]:   0%|          | 0/26 [00:00<?, ?it/s, S=0.0155, loss=0.0155]
Epoch 140/150 [train]:   0%|          | 0/26 [00:00<?, ?it/s, S=0.0154, loss=0.0157]
Epoch 140/150 [train]:  35%|███▍      | 9/26 [00:00<00:00, 86.99it/s, S=0.0154, loss=0.0157]
Epoch 140/150 [train]:  35%|███▍      | 9/26 [00:00<00:00, 86.99it/s, S=0.0154, loss=0.0147]
Epoch 140/150 [train]:  35%|███▍      | 9/26 [00:00<00:00, 86.99it/s, S=0.0156, loss=0.0140]
Epoch 140/150 [train]:  35%|███▍      | 9/26 [00:00<00:00, 86.99it/s, S=0.0154, loss=0.0147]
Epoch 140/150 [train]:  35%|███▍      | 9/26 [00:00<00:00, 86.99it/s, S=0.0156, loss=0.0160]
Epoch 140/150 [train]:  35%|███▍      | 9/26 [00:00<00:00, 86.99it/s, S=0.0155, loss=0.0149]
Epoch 140/150 [train]:  35%|███▍      | 9/26 [00:00<00:00, 86.99it/s, S=0.0154, loss=0.0156]
Epoch 140/150 [train]:  35%|███▍      | 9/26 [00:00<00:00, 86.99it/s, S=0.0155, loss=0.0154]
Epoch 140/150 [train]:  35%|███▍      | 9/26 [00:00<00:00, 86.99it/s, S=0.0154, loss=0.0151]
Epoch 140/150 [train]:  35%|███▍      | 9/26 [00:00<00:00, 86.99it/s, S=0.0154, loss=0.0146]
Epoch 140/150 [train]:  69%|██████▉   | 18/26 [00:00<00:00, 87.26it/s, S=0.0154, loss=0.0146]
Epoch 140/150 [train]:  69%|██████▉   | 18/26 [00:00<00:00, 87.26it/s, S=0.0154, loss=0.0144]
Epoch 140/150 [train]:  69%|██████▉   | 18/26 [00:00<00:00, 87.26it/s, S=0.0154, loss=0.0147]
Epoch 140/150 [train]:  69%|██████▉   | 18/26 [00:00<00:00, 87.26it/s, S=0.0154, loss=0.0159]
Epoch 140/150 [train]:  69%|██████▉   | 18/26 [00:00<00:00, 87.26it/s, S=0.0154, loss=0.0150]
Epoch 140/150 [train]:  69%|██████▉   | 18/26 [00:00<00:00, 87.26it/s, S=0.0156, loss=0.0158]
Epoch 140/150 [train]:  69%|██████▉   | 18/26 [00:00<00:00, 87.26it/s, S=0.0154, loss=0.0148]
Epoch 140/150 [train]:  69%|██████▉   | 18/26 [00:00<00:00, 87.26it/s, S=0.0154, loss=0.0147]
Epoch 140/150 [train]:  69%|██████▉   | 18/26 [00:00<00:00, 87.26it/s, S=0.0154, loss=0.0154]
                                                                                             
Epoch 140/150  train loss=0.0151  val loss=0.5079  S[mean]=0.0153  ζ=0.1668  mean_plane_ζ=0.1699  reg=0.5232  λscale=1.00  lr=1.90e-05

Epoch 141/150 [train]:   0%|          | 0/26 [00:00<?, ?it/s]
Epoch 141/150 [train]:   0%|          | 0/26 [00:00<?, ?it/s, S=0.0155, loss=0.0159]
Epoch 141/150 [train]:   0%|          | 0/26 [00:00<?, ?it/s, S=0.0154, loss=0.0146]
Epoch 141/150 [train]:   0%|          | 0/26 [00:00<?, ?it/s, S=0.0155, loss=0.0149]
Epoch 141/150 [train]:   0%|          | 0/26 [00:00<?, ?it/s, S=0.0155, loss=0.0152]
Epoch 141/150 [train]:   0%|          | 0/26 [00:00<?, ?it/s, S=0.0155, loss=0.0147]
Epoch 141/150 [train]:   0%|          | 0/26 [00:00<?, ?it/s, S=0.0154, loss=0.0149]
Epoch 141/150 [train]:   0%|          | 0/26 [00:00<?, ?it/s, S=0.0156, loss=0.0145]
Epoch 141/150 [train]:   0%|          | 0/26 [00:00<?, ?it/s, S=0.0155, loss=0.0151]
Epoch 141/150 [train]:   0%|          | 0/26 [00:00<?, ?it/s, S=0.0154, loss=0.0149]
Epoch 141/150 [train]:  35%|███▍      | 9/26 [00:00<00:00, 87.10it/s, S=0.0154, loss=0.0149]
Epoch 141/150 [train]:  35%|███▍      | 9/26 [00:00<00:00, 87.10it/s, S=0.0154, loss=0.0152]
Epoch 141/150 [train]:  35%|███▍      | 9/26 [00:00<00:00, 87.10it/s, S=0.0155, loss=0.0153]
Epoch 141/150 [train]:  35%|███▍      | 9/26 [00:00<00:00, 87.10it/s, S=0.0155, loss=0.0150]
Epoch 141/150 [train]:  35%|███▍      | 9/26 [00:00<00:00, 87.10it/s, S=0.0155, loss=0.0140]
Epoch 141/150 [train]:  35%|███▍      | 9/26 [00:00<00:00, 87.10it/s, S=0.0155, loss=0.0143]
Epoch 141/150 [train]:  35%|███▍      | 9/26 [00:00<00:00, 87.10it/s, S=0.0155, loss=0.0147]
Epoch 141/150 [train]:  35%|███▍      | 9/26 [00:00<00:00, 87.10it/s, S=0.0154, loss=0.0157]
Epoch 141/150 [train]:  35%|███▍      | 9/26 [00:00<00:00, 87.10it/s, S=0.0155, loss=0.0145]
Epoch 141/150 [train]:  35%|███▍      | 9/26 [00:00<00:00, 87.10it/s, S=0.0155, loss=0.0146]
Epoch 141/150 [train]:  69%|██████▉   | 18/26 [00:00<00:00, 87.28it/s, S=0.0155, loss=0.0146]
Epoch 141/150 [train]:  69%|██████▉   | 18/26 [00:00<00:00, 87.28it/s, S=0.0155, loss=0.0147]
Epoch 141/150 [train]:  69%|██████▉   | 18/26 [00:00<00:00, 87.28it/s, S=0.0154, loss=0.0147]
Epoch 141/150 [train]:  69%|██████▉   | 18/26 [00:00<00:00, 87.28it/s, S=0.0154, loss=0.0148]
Epoch 141/150 [train]:  69%|██████▉   | 18/26 [00:00<00:00, 87.28it/s, S=0.0156, loss=0.0153]
Epoch 141/150 [train]:  69%|██████▉   | 18/26 [00:00<00:00, 87.28it/s, S=0.0154, loss=0.0163]
Epoch 141/150 [train]:  69%|██████▉   | 18/26 [00:00<00:00, 87.28it/s, S=0.0153, loss=0.0149]
Epoch 141/150 [train]:  69%|██████▉   | 18/26 [00:00<00:00, 87.28it/s, S=0.0155, loss=0.0144]
Epoch 141/150 [train]:  69%|██████▉   | 18/26 [00:00<00:00, 87.28it/s, S=0.0154, loss=0.0141]
                                                                                             
Epoch 141/150  train loss=0.0149  val loss=0.5078  S[mean]=0.0153  ζ=0.1668  mean_plane_ζ=0.1699  reg=0.5231  λscale=1.00  lr=1.55e-05

Epoch 142/150 [train]:   0%|          | 0/26 [00:00<?, ?it/s]
Epoch 142/150 [train]:   0%|          | 0/26 [00:00<?, ?it/s, S=0.0155, loss=0.0158]
Epoch 142/150 [train]:   0%|          | 0/26 [00:00<?, ?it/s, S=0.0155, loss=0.0144]
Epoch 142/150 [train]:   0%|          | 0/26 [00:00<?, ?it/s, S=0.0156, loss=0.0150]
Epoch 142/150 [train]:   0%|          | 0/26 [00:00<?, ?it/s, S=0.0155, loss=0.0156]
Epoch 142/150 [train]:   0%|          | 0/26 [00:00<?, ?it/s, S=0.0155, loss=0.0156]
Epoch 142/150 [train]:   0%|          | 0/26 [00:00<?, ?it/s, S=0.0155, loss=0.0144]
Epoch 142/150 [train]:   0%|          | 0/26 [00:00<?, ?it/s, S=0.0155, loss=0.0152]
Epoch 142/150 [train]:   0%|          | 0/26 [00:00<?, ?it/s, S=0.0155, loss=0.0144]
Epoch 142/150 [train]:   0%|          | 0/26 [00:00<?, ?it/s, S=0.0155, loss=0.0164]
Epoch 142/150 [train]:  35%|███▍      | 9/26 [00:00<00:00, 87.05it/s, S=0.0155, loss=0.0164]
Epoch 142/150 [train]:  35%|███▍      | 9/26 [00:00<00:00, 87.05it/s, S=0.0155, loss=0.0155]
Epoch 142/150 [train]:  35%|███▍      | 9/26 [00:00<00:00, 87.05it/s, S=0.0155, loss=0.0156]
Epoch 142/150 [train]:  35%|███▍      | 9/26 [00:00<00:00, 87.05it/s, S=0.0155, loss=0.0157]
Epoch 142/150 [train]:  35%|███▍      | 9/26 [00:00<00:00, 87.05it/s, S=0.0155, loss=0.0146]
Epoch 142/150 [train]:  35%|███▍      | 9/26 [00:00<00:00, 87.05it/s, S=0.0154, loss=0.0156]
Epoch 142/150 [train]:  35%|███▍      | 9/26 [00:00<00:00, 87.05it/s, S=0.0154, loss=0.0156]
Epoch 142/150 [train]:  35%|███▍      | 9/26 [00:00<00:00, 87.05it/s, S=0.0155, loss=0.0162]
Epoch 142/150 [train]:  35%|███▍      | 9/26 [00:00<00:00, 87.05it/s, S=0.0155, loss=0.0141]
Epoch 142/150 [train]:  35%|███▍      | 9/26 [00:00<00:00, 87.05it/s, S=0.0155, loss=0.0154]
Epoch 142/150 [train]:  69%|██████▉   | 18/26 [00:00<00:00, 87.43it/s, S=0.0155, loss=0.0154]
Epoch 142/150 [train]:  69%|██████▉   | 18/26 [00:00<00:00, 87.43it/s, S=0.0154, loss=0.0147]
Epoch 142/150 [train]:  69%|██████▉   | 18/26 [00:00<00:00, 87.43it/s, S=0.0154, loss=0.0156]
Epoch 142/150 [train]:  69%|██████▉   | 18/26 [00:00<00:00, 87.43it/s, S=0.0154, loss=0.0153]
Epoch 142/150 [train]:  69%|██████▉   | 18/26 [00:00<00:00, 87.43it/s, S=0.0156, loss=0.0145]
Epoch 142/150 [train]:  69%|██████▉   | 18/26 [00:00<00:00, 87.43it/s, S=0.0155, loss=0.0157]
Epoch 142/150 [train]:  69%|██████▉   | 18/26 [00:00<00:00, 87.43it/s, S=0.0155, loss=0.0152]
Epoch 142/150 [train]:  69%|██████▉   | 18/26 [00:00<00:00, 87.43it/s, S=0.0155, loss=0.0154]
Epoch 142/150 [train]:  69%|██████▉   | 18/26 [00:00<00:00, 87.43it/s, S=0.0155, loss=0.0154]
                                                                                             
Epoch 142/150  train loss=0.0153  val loss=0.5080  S[mean]=0.0153  ζ=0.1668  mean_plane_ζ=0.1699  reg=0.5233  λscale=1.00  lr=1.22e-05

Epoch 143/150 [train]:   0%|          | 0/26 [00:00<?, ?it/s]
Epoch 143/150 [train]:   0%|          | 0/26 [00:00<?, ?it/s, S=0.0155, loss=0.0152]
Epoch 143/150 [train]:   0%|          | 0/26 [00:00<?, ?it/s, S=0.0156, loss=0.0146]
Epoch 143/150 [train]:   0%|          | 0/26 [00:00<?, ?it/s, S=0.0155, loss=0.0158]
Epoch 143/150 [train]:   0%|          | 0/26 [00:00<?, ?it/s, S=0.0155, loss=0.0147]
Epoch 143/150 [train]:   0%|          | 0/26 [00:00<?, ?it/s, S=0.0154, loss=0.0159]
Epoch 143/150 [train]:   0%|          | 0/26 [00:00<?, ?it/s, S=0.0154, loss=0.0142]
Epoch 143/150 [train]:   0%|          | 0/26 [00:00<?, ?it/s, S=0.0155, loss=0.0155]
Epoch 143/150 [train]:   0%|          | 0/26 [00:00<?, ?it/s, S=0.0154, loss=0.0153]
Epoch 143/150 [train]:   0%|          | 0/26 [00:00<?, ?it/s, S=0.0155, loss=0.0160]
Epoch 143/150 [train]:  35%|███▍      | 9/26 [00:00<00:00, 86.82it/s, S=0.0155, loss=0.0160]
Epoch 143/150 [train]:  35%|███▍      | 9/26 [00:00<00:00, 86.82it/s, S=0.0153, loss=0.0155]
Epoch 143/150 [train]:  35%|███▍      | 9/26 [00:00<00:00, 86.82it/s, S=0.0155, loss=0.0159]
Epoch 143/150 [train]:  35%|███▍      | 9/26 [00:00<00:00, 86.82it/s, S=0.0154, loss=0.0151]
Epoch 143/150 [train]:  35%|███▍      | 9/26 [00:00<00:00, 86.82it/s, S=0.0155, loss=0.0148]
Epoch 143/150 [train]:  35%|███▍      | 9/26 [00:00<00:00, 86.82it/s, S=0.0155, loss=0.0158]
Epoch 143/150 [train]:  35%|███▍      | 9/26 [00:00<00:00, 86.82it/s, S=0.0154, loss=0.0147]
Epoch 143/150 [train]:  35%|███▍      | 9/26 [00:00<00:00, 86.82it/s, S=0.0155, loss=0.0149]
Epoch 143/150 [train]:  35%|███▍      | 9/26 [00:00<00:00, 86.82it/s, S=0.0155, loss=0.0152]
Epoch 143/150 [train]:  35%|███▍      | 9/26 [00:00<00:00, 86.82it/s, S=0.0155, loss=0.0146]
Epoch 143/150 [train]:  69%|██████▉   | 18/26 [00:00<00:00, 87.27it/s, S=0.0155, loss=0.0146]
Epoch 143/150 [train]:  69%|██████▉   | 18/26 [00:00<00:00, 87.27it/s, S=0.0155, loss=0.0151]
Epoch 143/150 [train]:  69%|██████▉   | 18/26 [00:00<00:00, 87.27it/s, S=0.0154, loss=0.0147]
Epoch 143/150 [train]:  69%|██████▉   | 18/26 [00:00<00:00, 87.27it/s, S=0.0155, loss=0.0144]
Epoch 143/150 [train]:  69%|██████▉   | 18/26 [00:00<00:00, 87.27it/s, S=0.0155, loss=0.0151]
Epoch 143/150 [train]:  69%|██████▉   | 18/26 [00:00<00:00, 87.27it/s, S=0.0154, loss=0.0147]
Epoch 143/150 [train]:  69%|██████▉   | 18/26 [00:00<00:00, 87.27it/s, S=0.0155, loss=0.0151]
Epoch 143/150 [train]:  69%|██████▉   | 18/26 [00:00<00:00, 87.27it/s, S=0.0155, loss=0.0146]
Epoch 143/150 [train]:  69%|██████▉   | 18/26 [00:00<00:00, 87.27it/s, S=0.0155, loss=0.0146]
                                                                                             
Epoch 143/150  train loss=0.0151  val loss=0.5082  S[mean]=0.0153  ζ=0.1667  mean_plane_ζ=0.1699  reg=0.5236  λscale=1.00  lr=9.39e-06

Epoch 144/150 [train]:   0%|          | 0/26 [00:00<?, ?it/s]
Epoch 144/150 [train]:   0%|          | 0/26 [00:00<?, ?it/s, S=0.0154, loss=0.0156]
Epoch 144/150 [train]:   0%|          | 0/26 [00:00<?, ?it/s, S=0.0155, loss=0.0142]
Epoch 144/150 [train]:   0%|          | 0/26 [00:00<?, ?it/s, S=0.0155, loss=0.0142]
Epoch 144/150 [train]:   0%|          | 0/26 [00:00<?, ?it/s, S=0.0155, loss=0.0148]
Epoch 144/150 [train]:   0%|          | 0/26 [00:00<?, ?it/s, S=0.0155, loss=0.0143]
Epoch 144/150 [train]:   0%|          | 0/26 [00:00<?, ?it/s, S=0.0155, loss=0.0149]
Epoch 144/150 [train]:   0%|          | 0/26 [00:00<?, ?it/s, S=0.0155, loss=0.0148]
Epoch 144/150 [train]:   0%|          | 0/26 [00:00<?, ?it/s, S=0.0155, loss=0.0150]
Epoch 144/150 [train]:   0%|          | 0/26 [00:00<?, ?it/s, S=0.0154, loss=0.0158]
Epoch 144/150 [train]:  35%|███▍      | 9/26 [00:00<00:00, 87.19it/s, S=0.0154, loss=0.0158]
Epoch 144/150 [train]:  35%|███▍      | 9/26 [00:00<00:00, 87.19it/s, S=0.0155, loss=0.0147]
Epoch 144/150 [train]:  35%|███▍      | 9/26 [00:00<00:00, 87.19it/s, S=0.0154, loss=0.0149]
Epoch 144/150 [train]:  35%|███▍      | 9/26 [00:00<00:00, 87.19it/s, S=0.0155, loss=0.0152]
Epoch 144/150 [train]:  35%|███▍      | 9/26 [00:00<00:00, 87.19it/s, S=0.0154, loss=0.0159]
Epoch 144/150 [train]:  35%|███▍      | 9/26 [00:00<00:00, 87.19it/s, S=0.0156, loss=0.0147]
Epoch 144/150 [train]:  35%|███▍      | 9/26 [00:00<00:00, 87.19it/s, S=0.0155, loss=0.0144]
Epoch 144/150 [train]:  35%|███▍      | 9/26 [00:00<00:00, 87.19it/s, S=0.0154, loss=0.0147]
Epoch 144/150 [train]:  35%|███▍      | 9/26 [00:00<00:00, 87.19it/s, S=0.0155, loss=0.0146]
Epoch 144/150 [train]:  35%|███▍      | 9/26 [00:00<00:00, 87.19it/s, S=0.0156, loss=0.0159]
Epoch 144/150 [train]:  69%|██████▉   | 18/26 [00:00<00:00, 87.43it/s, S=0.0156, loss=0.0159]
Epoch 144/150 [train]:  69%|██████▉   | 18/26 [00:00<00:00, 87.43it/s, S=0.0155, loss=0.0148]
Epoch 144/150 [train]:  69%|██████▉   | 18/26 [00:00<00:00, 87.43it/s, S=0.0154, loss=0.0149]
Epoch 144/150 [train]:  69%|██████▉   | 18/26 [00:00<00:00, 87.43it/s, S=0.0155, loss=0.0150]
Epoch 144/150 [train]:  69%|██████▉   | 18/26 [00:00<00:00, 87.43it/s, S=0.0156, loss=0.0153]
Epoch 144/150 [train]:  69%|██████▉   | 18/26 [00:00<00:00, 87.43it/s, S=0.0155, loss=0.0151]
Epoch 144/150 [train]:  69%|██████▉   | 18/26 [00:00<00:00, 87.43it/s, S=0.0155, loss=0.0141]
Epoch 144/150 [train]:  69%|██████▉   | 18/26 [00:00<00:00, 87.43it/s, S=0.0155, loss=0.0146]
Epoch 144/150 [train]:  69%|██████▉   | 18/26 [00:00<00:00, 87.43it/s, S=0.0155, loss=0.0148]
                                                                                             
Epoch 144/150  train loss=0.0149  val loss=0.5081  S[mean]=0.0153  ζ=0.1667  mean_plane_ζ=0.1699  reg=0.5235  λscale=1.00  lr=6.91e-06

Epoch 145/150 [train]:   0%|          | 0/26 [00:00<?, ?it/s]
Epoch 145/150 [train]:   0%|          | 0/26 [00:00<?, ?it/s, S=0.0156, loss=0.0144]
Epoch 145/150 [train]:   0%|          | 0/26 [00:00<?, ?it/s, S=0.0155, loss=0.0142]
Epoch 145/150 [train]:   0%|          | 0/26 [00:00<?, ?it/s, S=0.0154, loss=0.0156]
Epoch 145/150 [train]:   0%|          | 0/26 [00:00<?, ?it/s, S=0.0154, loss=0.0144]
Epoch 145/150 [train]:   0%|          | 0/26 [00:00<?, ?it/s, S=0.0155, loss=0.0156]
Epoch 145/150 [train]:   0%|          | 0/26 [00:00<?, ?it/s, S=0.0156, loss=0.0140]
Epoch 145/150 [train]:   0%|          | 0/26 [00:00<?, ?it/s, S=0.0155, loss=0.0156]
Epoch 145/150 [train]:   0%|          | 0/26 [00:00<?, ?it/s, S=0.0155, loss=0.0150]
Epoch 145/150 [train]:   0%|          | 0/26 [00:00<?, ?it/s, S=0.0155, loss=0.0147]
Epoch 145/150 [train]:  35%|███▍      | 9/26 [00:00<00:00, 86.72it/s, S=0.0155, loss=0.0147]
Epoch 145/150 [train]:  35%|███▍      | 9/26 [00:00<00:00, 86.72it/s, S=0.0155, loss=0.0152]
Epoch 145/150 [train]:  35%|███▍      | 9/26 [00:00<00:00, 86.72it/s, S=0.0155, loss=0.0153]
Epoch 145/150 [train]:  35%|███▍      | 9/26 [00:00<00:00, 86.72it/s, S=0.0155, loss=0.0158]
Epoch 145/150 [train]:  35%|███▍      | 9/26 [00:00<00:00, 86.72it/s, S=0.0154, loss=0.0144]
Epoch 145/150 [train]:  35%|███▍      | 9/26 [00:00<00:00, 86.72it/s, S=0.0155, loss=0.0158]
Epoch 145/150 [train]:  35%|███▍      | 9/26 [00:00<00:00, 86.72it/s, S=0.0155, loss=0.0152]
Epoch 145/150 [train]:  35%|███▍      | 9/26 [00:00<00:00, 86.72it/s, S=0.0154, loss=0.0146]
Epoch 145/150 [train]:  35%|███▍      | 9/26 [00:00<00:00, 86.72it/s, S=0.0155, loss=0.0153]
Epoch 145/150 [train]:  35%|███▍      | 9/26 [00:00<00:00, 86.72it/s, S=0.0155, loss=0.0147]
Epoch 145/150 [train]:  69%|██████▉   | 18/26 [00:00<00:00, 87.04it/s, S=0.0155, loss=0.0147]
Epoch 145/150 [train]:  69%|██████▉   | 18/26 [00:00<00:00, 87.04it/s, S=0.0154, loss=0.0149]
Epoch 145/150 [train]:  69%|██████▉   | 18/26 [00:00<00:00, 87.04it/s, S=0.0155, loss=0.0154]
Epoch 145/150 [train]:  69%|██████▉   | 18/26 [00:00<00:00, 87.04it/s, S=0.0156, loss=0.0150]
Epoch 145/150 [train]:  69%|██████▉   | 18/26 [00:00<00:00, 87.04it/s, S=0.0155, loss=0.0151]
Epoch 145/150 [train]:  69%|██████▉   | 18/26 [00:00<00:00, 87.04it/s, S=0.0154, loss=0.0147]
Epoch 145/150 [train]:  69%|██████▉   | 18/26 [00:00<00:00, 87.04it/s, S=0.0155, loss=0.0155]
Epoch 145/150 [train]:  69%|██████▉   | 18/26 [00:00<00:00, 87.04it/s, S=0.0155, loss=0.0149]
Epoch 145/150 [train]:  69%|██████▉   | 18/26 [00:00<00:00, 87.04it/s, S=0.0155, loss=0.0154]
                                                                                             
Epoch 145/150  train loss=0.0150  val loss=0.5080  S[mean]=0.0153  ζ=0.1667  mean_plane_ζ=0.1699  reg=0.5233  λscale=1.00  lr=4.80e-06

Epoch 146/150 [train]:   0%|          | 0/26 [00:00<?, ?it/s]
Epoch 146/150 [train]:   0%|          | 0/26 [00:00<?, ?it/s, S=0.0155, loss=0.0152]
Epoch 146/150 [train]:   0%|          | 0/26 [00:00<?, ?it/s, S=0.0154, loss=0.0146]
Epoch 146/150 [train]:   0%|          | 0/26 [00:00<?, ?it/s, S=0.0154, loss=0.0147]
Epoch 146/150 [train]:   0%|          | 0/26 [00:00<?, ?it/s, S=0.0154, loss=0.0153]
Epoch 146/150 [train]:   0%|          | 0/26 [00:00<?, ?it/s, S=0.0155, loss=0.0145]
Epoch 146/150 [train]:   0%|          | 0/26 [00:00<?, ?it/s, S=0.0155, loss=0.0150]
Epoch 146/150 [train]:   0%|          | 0/26 [00:00<?, ?it/s, S=0.0154, loss=0.0148]
Epoch 146/150 [train]:   0%|          | 0/26 [00:00<?, ?it/s, S=0.0154, loss=0.0151]
Epoch 146/150 [train]:   0%|          | 0/26 [00:00<?, ?it/s, S=0.0155, loss=0.0144]
Epoch 146/150 [train]:  35%|███▍      | 9/26 [00:00<00:00, 87.06it/s, S=0.0155, loss=0.0144]
Epoch 146/150 [train]:  35%|███▍      | 9/26 [00:00<00:00, 87.06it/s, S=0.0154, loss=0.0158]
Epoch 146/150 [train]:  35%|███▍      | 9/26 [00:00<00:00, 87.06it/s, S=0.0155, loss=0.0150]
Epoch 146/150 [train]:  35%|███▍      | 9/26 [00:00<00:00, 87.06it/s, S=0.0154, loss=0.0154]
Epoch 146/150 [train]:  35%|███▍      | 9/26 [00:00<00:00, 87.06it/s, S=0.0154, loss=0.0146]
Epoch 146/150 [train]:  35%|███▍      | 9/26 [00:00<00:00, 87.06it/s, S=0.0154, loss=0.0154]
Epoch 146/150 [train]:  35%|███▍      | 9/26 [00:00<00:00, 87.06it/s, S=0.0155, loss=0.0143]
Epoch 146/150 [train]:  35%|███▍      | 9/26 [00:00<00:00, 87.06it/s, S=0.0155, loss=0.0154]
Epoch 146/150 [train]:  35%|███▍      | 9/26 [00:00<00:00, 87.06it/s, S=0.0154, loss=0.0158]
Epoch 146/150 [train]:  35%|███▍      | 9/26 [00:00<00:00, 87.06it/s, S=0.0155, loss=0.0157]
Epoch 146/150 [train]:  69%|██████▉   | 18/26 [00:00<00:00, 87.39it/s, S=0.0155, loss=0.0157]
Epoch 146/150 [train]:  69%|██████▉   | 18/26 [00:00<00:00, 87.39it/s, S=0.0154, loss=0.0153]
Epoch 146/150 [train]:  69%|██████▉   | 18/26 [00:00<00:00, 87.39it/s, S=0.0155, loss=0.0146]
Epoch 146/150 [train]:  69%|██████▉   | 18/26 [00:00<00:00, 87.39it/s, S=0.0153, loss=0.0151]
Epoch 146/150 [train]:  69%|██████▉   | 18/26 [00:00<00:00, 87.39it/s, S=0.0154, loss=0.0158]
Epoch 146/150 [train]:  69%|██████▉   | 18/26 [00:00<00:00, 87.39it/s, S=0.0154, loss=0.0154]
Epoch 146/150 [train]:  69%|██████▉   | 18/26 [00:00<00:00, 87.39it/s, S=0.0155, loss=0.0156]
Epoch 146/150 [train]:  69%|██████▉   | 18/26 [00:00<00:00, 87.39it/s, S=0.0155, loss=0.0143]
Epoch 146/150 [train]:  69%|██████▉   | 18/26 [00:00<00:00, 87.39it/s, S=0.0154, loss=0.0153]
                                                                                             
Epoch 146/150  train loss=0.0151  val loss=0.5080  S[mean]=0.0153  ζ=0.1667  mean_plane_ζ=0.1699  reg=0.5234  λscale=1.00  lr=3.08e-06

Epoch 147/150 [train]:   0%|          | 0/26 [00:00<?, ?it/s]
Epoch 147/150 [train]:   0%|          | 0/26 [00:00<?, ?it/s, S=0.0154, loss=0.0149]
Epoch 147/150 [train]:   0%|          | 0/26 [00:00<?, ?it/s, S=0.0155, loss=0.0158]
Epoch 147/150 [train]:   0%|          | 0/26 [00:00<?, ?it/s, S=0.0155, loss=0.0151]
Epoch 147/150 [train]:   0%|          | 0/26 [00:00<?, ?it/s, S=0.0155, loss=0.0145]
Epoch 147/150 [train]:   0%|          | 0/26 [00:00<?, ?it/s, S=0.0154, loss=0.0149]
Epoch 147/150 [train]:   0%|          | 0/26 [00:00<?, ?it/s, S=0.0154, loss=0.0150]
Epoch 147/150 [train]:   0%|          | 0/26 [00:00<?, ?it/s, S=0.0154, loss=0.0138]
Epoch 147/150 [train]:   0%|          | 0/26 [00:00<?, ?it/s, S=0.0155, loss=0.0144]
Epoch 147/150 [train]:   0%|          | 0/26 [00:00<?, ?it/s, S=0.0154, loss=0.0153]
Epoch 147/150 [train]:  35%|███▍      | 9/26 [00:00<00:00, 87.18it/s, S=0.0154, loss=0.0153]
Epoch 147/150 [train]:  35%|███▍      | 9/26 [00:00<00:00, 87.18it/s, S=0.0154, loss=0.0140]
Epoch 147/150 [train]:  35%|███▍      | 9/26 [00:00<00:00, 87.18it/s, S=0.0154, loss=0.0155]
Epoch 147/150 [train]:  35%|███▍      | 9/26 [00:00<00:00, 87.18it/s, S=0.0155, loss=0.0146]
Epoch 147/150 [train]:  35%|███▍      | 9/26 [00:00<00:00, 87.18it/s, S=0.0156, loss=0.0154]
Epoch 147/150 [train]:  35%|███▍      | 9/26 [00:00<00:00, 87.18it/s, S=0.0156, loss=0.0150]
Epoch 147/150 [train]:  35%|███▍      | 9/26 [00:00<00:00, 87.18it/s, S=0.0155, loss=0.0150]
Epoch 147/150 [train]:  35%|███▍      | 9/26 [00:00<00:00, 87.18it/s, S=0.0155, loss=0.0154]
Epoch 147/150 [train]:  35%|███▍      | 9/26 [00:00<00:00, 87.18it/s, S=0.0155, loss=0.0151]
Epoch 147/150 [train]:  35%|███▍      | 9/26 [00:00<00:00, 87.18it/s, S=0.0154, loss=0.0149]
Epoch 147/150 [train]:  69%|██████▉   | 18/26 [00:00<00:00, 87.46it/s, S=0.0154, loss=0.0149]
Epoch 147/150 [train]:  69%|██████▉   | 18/26 [00:00<00:00, 87.46it/s, S=0.0154, loss=0.0156]
Epoch 147/150 [train]:  69%|██████▉   | 18/26 [00:00<00:00, 87.46it/s, S=0.0155, loss=0.0147]
Epoch 147/150 [train]:  69%|██████▉   | 18/26 [00:00<00:00, 87.46it/s, S=0.0154, loss=0.0157]
Epoch 147/150 [train]:  69%|██████▉   | 18/26 [00:00<00:00, 87.46it/s, S=0.0156, loss=0.0153]
Epoch 147/150 [train]:  69%|██████▉   | 18/26 [00:00<00:00, 87.46it/s, S=0.0155, loss=0.0149]
Epoch 147/150 [train]:  69%|██████▉   | 18/26 [00:00<00:00, 87.46it/s, S=0.0155, loss=0.0148]
Epoch 147/150 [train]:  69%|██████▉   | 18/26 [00:00<00:00, 87.46it/s, S=0.0154, loss=0.0151]
Epoch 147/150 [train]:  69%|██████▉   | 18/26 [00:00<00:00, 87.46it/s, S=0.0154, loss=0.0161]
                                                                                             
Epoch 147/150  train loss=0.0150  val loss=0.5081  S[mean]=0.0153  ζ=0.1667  mean_plane_ζ=0.1699  reg=0.5234  λscale=1.00  lr=1.73e-06

Epoch 148/150 [train]:   0%|          | 0/26 [00:00<?, ?it/s]
Epoch 148/150 [train]:   0%|          | 0/26 [00:00<?, ?it/s, S=0.0154, loss=0.0155]
Epoch 148/150 [train]:   0%|          | 0/26 [00:00<?, ?it/s, S=0.0156, loss=0.0155]
Epoch 148/150 [train]:   0%|          | 0/26 [00:00<?, ?it/s, S=0.0156, loss=0.0146]
Epoch 148/150 [train]:   0%|          | 0/26 [00:00<?, ?it/s, S=0.0154, loss=0.0150]
Epoch 148/150 [train]:   0%|          | 0/26 [00:00<?, ?it/s, S=0.0154, loss=0.0142]
Epoch 148/150 [train]:   0%|          | 0/26 [00:00<?, ?it/s, S=0.0155, loss=0.0149]
Epoch 148/150 [train]:   0%|          | 0/26 [00:00<?, ?it/s, S=0.0154, loss=0.0145]
Epoch 148/150 [train]:   0%|          | 0/26 [00:00<?, ?it/s, S=0.0154, loss=0.0150]
Epoch 148/150 [train]:   0%|          | 0/26 [00:00<?, ?it/s, S=0.0155, loss=0.0152]
Epoch 148/150 [train]:  35%|███▍      | 9/26 [00:00<00:00, 87.16it/s, S=0.0155, loss=0.0152]
Epoch 148/150 [train]:  35%|███▍      | 9/26 [00:00<00:00, 87.16it/s, S=0.0155, loss=0.0149]
Epoch 148/150 [train]:  35%|███▍      | 9/26 [00:00<00:00, 87.16it/s, S=0.0154, loss=0.0150]
Epoch 148/150 [train]:  35%|███▍      | 9/26 [00:00<00:00, 87.16it/s, S=0.0155, loss=0.0145]
Epoch 148/150 [train]:  35%|███▍      | 9/26 [00:00<00:00, 87.16it/s, S=0.0155, loss=0.0144]
Epoch 148/150 [train]:  35%|███▍      | 9/26 [00:00<00:00, 87.16it/s, S=0.0155, loss=0.0152]
Epoch 148/150 [train]:  35%|███▍      | 9/26 [00:00<00:00, 87.16it/s, S=0.0156, loss=0.0147]
Epoch 148/150 [train]:  35%|███▍      | 9/26 [00:00<00:00, 87.16it/s, S=0.0155, loss=0.0150]
Epoch 148/150 [train]:  35%|███▍      | 9/26 [00:00<00:00, 87.16it/s, S=0.0155, loss=0.0145]
Epoch 148/150 [train]:  35%|███▍      | 9/26 [00:00<00:00, 87.16it/s, S=0.0154, loss=0.0145]
Epoch 148/150 [train]:  69%|██████▉   | 18/26 [00:00<00:00, 87.36it/s, S=0.0154, loss=0.0145]
Epoch 148/150 [train]:  69%|██████▉   | 18/26 [00:00<00:00, 87.36it/s, S=0.0155, loss=0.0154]
Epoch 148/150 [train]:  69%|██████▉   | 18/26 [00:00<00:00, 87.36it/s, S=0.0155, loss=0.0149]
Epoch 148/150 [train]:  69%|██████▉   | 18/26 [00:00<00:00, 87.36it/s, S=0.0154, loss=0.0150]
Epoch 148/150 [train]:  69%|██████▉   | 18/26 [00:00<00:00, 87.36it/s, S=0.0155, loss=0.0161]
Epoch 148/150 [train]:  69%|██████▉   | 18/26 [00:00<00:00, 87.36it/s, S=0.0154, loss=0.0153]
Epoch 148/150 [train]:  69%|██████▉   | 18/26 [00:00<00:00, 87.36it/s, S=0.0155, loss=0.0146]
Epoch 148/150 [train]:  69%|██████▉   | 18/26 [00:00<00:00, 87.36it/s, S=0.0156, loss=0.0155]
Epoch 148/150 [train]:  69%|██████▉   | 18/26 [00:00<00:00, 87.36it/s, S=0.0155, loss=0.0154]
                                                                                             
Epoch 148/150  train loss=0.0150  val loss=0.5082  S[mean]=0.0153  ζ=0.1667  mean_plane_ζ=0.1699  reg=0.5235  λscale=1.00  lr=7.71e-07

Epoch 149/150 [train]:   0%|          | 0/26 [00:00<?, ?it/s]
Epoch 149/150 [train]:   0%|          | 0/26 [00:00<?, ?it/s, S=0.0155, loss=0.0158]
Epoch 149/150 [train]:   0%|          | 0/26 [00:00<?, ?it/s, S=0.0155, loss=0.0154]
Epoch 149/150 [train]:   0%|          | 0/26 [00:00<?, ?it/s, S=0.0155, loss=0.0152]
Epoch 149/150 [train]:   0%|          | 0/26 [00:00<?, ?it/s, S=0.0154, loss=0.0140]
Epoch 149/150 [train]:   0%|          | 0/26 [00:00<?, ?it/s, S=0.0155, loss=0.0155]
Epoch 149/150 [train]:   0%|          | 0/26 [00:00<?, ?it/s, S=0.0155, loss=0.0147]
Epoch 149/150 [train]:   0%|          | 0/26 [00:00<?, ?it/s, S=0.0156, loss=0.0148]
Epoch 149/150 [train]:   0%|          | 0/26 [00:00<?, ?it/s, S=0.0155, loss=0.0145]
Epoch 149/150 [train]:   0%|          | 0/26 [00:00<?, ?it/s, S=0.0155, loss=0.0150]
Epoch 149/150 [train]:  35%|███▍      | 9/26 [00:00<00:00, 87.20it/s, S=0.0155, loss=0.0150]
Epoch 149/150 [train]:  35%|███▍      | 9/26 [00:00<00:00, 87.20it/s, S=0.0155, loss=0.0146]
Epoch 149/150 [train]:  35%|███▍      | 9/26 [00:00<00:00, 87.20it/s, S=0.0155, loss=0.0143]
Epoch 149/150 [train]:  35%|███▍      | 9/26 [00:00<00:00, 87.20it/s, S=0.0154, loss=0.0153]
Epoch 149/150 [train]:  35%|███▍      | 9/26 [00:00<00:00, 87.20it/s, S=0.0155, loss=0.0148]
Epoch 149/150 [train]:  35%|███▍      | 9/26 [00:00<00:00, 87.20it/s, S=0.0154, loss=0.0151]
Epoch 149/150 [train]:  35%|███▍      | 9/26 [00:00<00:00, 87.20it/s, S=0.0154, loss=0.0149]
Epoch 149/150 [train]:  35%|███▍      | 9/26 [00:00<00:00, 87.20it/s, S=0.0154, loss=0.0155]
Epoch 149/150 [train]:  35%|███▍      | 9/26 [00:00<00:00, 87.20it/s, S=0.0155, loss=0.0140]
Epoch 149/150 [train]:  35%|███▍      | 9/26 [00:00<00:00, 87.20it/s, S=0.0154, loss=0.0156]
Epoch 149/150 [train]:  69%|██████▉   | 18/26 [00:00<00:00, 87.44it/s, S=0.0154, loss=0.0156]
Epoch 149/150 [train]:  69%|██████▉   | 18/26 [00:00<00:00, 87.44it/s, S=0.0155, loss=0.0153]
Epoch 149/150 [train]:  69%|██████▉   | 18/26 [00:00<00:00, 87.44it/s, S=0.0155, loss=0.0143]
Epoch 149/150 [train]:  69%|██████▉   | 18/26 [00:00<00:00, 87.44it/s, S=0.0156, loss=0.0157]
Epoch 149/150 [train]:  69%|██████▉   | 18/26 [00:00<00:00, 87.44it/s, S=0.0155, loss=0.0135]
Epoch 149/150 [train]:  69%|██████▉   | 18/26 [00:00<00:00, 87.44it/s, S=0.0154, loss=0.0149]
Epoch 149/150 [train]:  69%|██████▉   | 18/26 [00:00<00:00, 87.44it/s, S=0.0156, loss=0.0144]
Epoch 149/150 [train]:  69%|██████▉   | 18/26 [00:00<00:00, 87.44it/s, S=0.0154, loss=0.0157]
Epoch 149/150 [train]:  69%|██████▉   | 18/26 [00:00<00:00, 87.44it/s, S=0.0155, loss=0.0142]
                                                                                             
Epoch 149/150  train loss=0.0149  val loss=0.5082  S[mean]=0.0153  ζ=0.1667  mean_plane_ζ=0.1699  reg=0.5235  λscale=1.00  lr=1.93e-07

Epoch 150/150 [train]:   0%|          | 0/26 [00:00<?, ?it/s]
Epoch 150/150 [train]:   0%|          | 0/26 [00:00<?, ?it/s, S=0.0154, loss=0.0143]
Epoch 150/150 [train]:   0%|          | 0/26 [00:00<?, ?it/s, S=0.0155, loss=0.0155]
Epoch 150/150 [train]:   0%|          | 0/26 [00:00<?, ?it/s, S=0.0155, loss=0.0146]
Epoch 150/150 [train]:   0%|          | 0/26 [00:00<?, ?it/s, S=0.0155, loss=0.0154]
Epoch 150/150 [train]:   0%|          | 0/26 [00:00<?, ?it/s, S=0.0154, loss=0.0147]
Epoch 150/150 [train]:   0%|          | 0/26 [00:00<?, ?it/s, S=0.0154, loss=0.0145]
Epoch 150/150 [train]:   0%|          | 0/26 [00:00<?, ?it/s, S=0.0155, loss=0.0150]
Epoch 150/150 [train]:   0%|          | 0/26 [00:00<?, ?it/s, S=0.0155, loss=0.0154]
Epoch 150/150 [train]:   0%|          | 0/26 [00:00<?, ?it/s, S=0.0155, loss=0.0156]
Epoch 150/150 [train]:  35%|███▍      | 9/26 [00:00<00:00, 87.20it/s, S=0.0155, loss=0.0156]
Epoch 150/150 [train]:  35%|███▍      | 9/26 [00:00<00:00, 87.20it/s, S=0.0155, loss=0.0153]
Epoch 150/150 [train]:  35%|███▍      | 9/26 [00:00<00:00, 87.20it/s, S=0.0155, loss=0.0147]
Epoch 150/150 [train]:  35%|███▍      | 9/26 [00:00<00:00, 87.20it/s, S=0.0155, loss=0.0151]
Epoch 150/150 [train]:  35%|███▍      | 9/26 [00:00<00:00, 87.20it/s, S=0.0154, loss=0.0149]
Epoch 150/150 [train]:  35%|███▍      | 9/26 [00:00<00:00, 87.20it/s, S=0.0154, loss=0.0144]
Epoch 150/150 [train]:  35%|███▍      | 9/26 [00:00<00:00, 87.20it/s, S=0.0154, loss=0.0157]
Epoch 150/150 [train]:  35%|███▍      | 9/26 [00:00<00:00, 87.20it/s, S=0.0155, loss=0.0151]
Epoch 150/150 [train]:  35%|███▍      | 9/26 [00:00<00:00, 87.20it/s, S=0.0154, loss=0.0140]
Epoch 150/150 [train]:  35%|███▍      | 9/26 [00:00<00:00, 87.20it/s, S=0.0155, loss=0.0151]
Epoch 150/150 [train]:  69%|██████▉   | 18/26 [00:00<00:00, 87.34it/s, S=0.0155, loss=0.0151]
Epoch 150/150 [train]:  69%|██████▉   | 18/26 [00:00<00:00, 87.34it/s, S=0.0155, loss=0.0153]
Epoch 150/150 [train]:  69%|██████▉   | 18/26 [00:00<00:00, 87.34it/s, S=0.0154, loss=0.0150]
Epoch 150/150 [train]:  69%|██████▉   | 18/26 [00:00<00:00, 87.34it/s, S=0.0155, loss=0.0153]
Epoch 150/150 [train]:  69%|██████▉   | 18/26 [00:00<00:00, 87.34it/s, S=0.0155, loss=0.0155]
Epoch 150/150 [train]:  69%|██████▉   | 18/26 [00:00<00:00, 87.34it/s, S=0.0154, loss=0.0152]
Epoch 150/150 [train]:  69%|██████▉   | 18/26 [00:00<00:00, 87.34it/s, S=0.0155, loss=0.0150]
Epoch 150/150 [train]:  69%|██████▉   | 18/26 [00:00<00:00, 87.34it/s, S=0.0155, loss=0.0153]
Epoch 150/150 [train]:  69%|██████▉   | 18/26 [00:00<00:00, 87.34it/s, S=0.0155, loss=0.0145]
                                                                                             
Epoch 150/150  train loss=0.0150  val loss=0.5082  S[mean]=0.0153  ζ=0.1667  mean_plane_ζ=0.1699  reg=0.5235  λscale=1.00  lr=5.00e-04

==================================================
Training complete
  Final train loss    : 0.0150
  Best val ζ          : 0.1787
  Val loss at best ζ  : 0.1142
  Wall-clock time     : 151.7 s  (2.5 min)
  Checkpoint          : /home/omo26/Non-Rev-Owen/mcmaze/runs/20260730_192424_d128_h256_dep2_bs64_ep150_lr5e-04_lxp0.0_lbt0.0_lcca40.0_sig10.0_s3/checkpoints/best.pt
  Loss curve          : '/home/omo26/Non-Rev-Owen/mcmaze/runs/20260730_192424_d128_h256_dep2_bs64_ep150_lr5e-04_lxp0.0_lbt0.0_lcca40.0_sig10.0_s3/outputs/loss_curve.png'
==================================================

Skipping diagnostic plots because SKIP_DIAGNOSTICS=1.
Appended best-model val metrics → /home/omo26/Non-Rev-Owen/mcmaze/runs/20260730_192424_d128_h256_dep2_bs64_ep150_lr5e-04_lxp0.0_lbt0.0_lcca40.0_sig10.0_s3/about.txt
