Run directory: /home/omo26/Non-Rev-Owen/mcmaze/runs/20260731_072501_d256_h256_dep2_bs64_ep150_lr5e-04_lxp0.0_lbt0.0_lcca10.0_sig10.0_s3
Seed set to: 3
Loading MC_Maze data …
  Channels: 137  |  Bin width: 10 ms  |  Trials: 2295
  Gaussian smoothing sigma: 10.0 ms = 1 bins
  Soft-normalising per neuron (method='churchland')
Windowing (trial_aligned, align=move_onset_time, pre=200ms, T=90, context=30) …
  Windows shape: (2295, 137, 150)  (K, N, T)
  Train: 1722  |  Val: 573  (random 25%)
Model parameters: 378,792

Starting training for 150 epochs …


Epoch 1/150 [train]:   0%|          | 0/26 [00:00<?, ?it/s]
Epoch 1/150 [train]:   0%|          | 0/26 [00:00<?, ?it/s, S=0.0156, loss=-0.0042]
Epoch 1/150 [train]:   4%|▍         | 1/26 [00:00<00:06,  3.99it/s, S=0.0156, loss=-0.0042]
Epoch 1/150 [train]:   4%|▍         | 1/26 [00:00<00:06,  3.99it/s, S=0.0155, loss=-0.0063]
Epoch 1/150 [train]:   4%|▍         | 1/26 [00:00<00:06,  3.99it/s, S=0.0155, loss=-0.0076]
Epoch 1/150 [train]:   4%|▍         | 1/26 [00:00<00:06,  3.99it/s, S=0.0155, loss=-0.0090]
Epoch 1/150 [train]:   4%|▍         | 1/26 [00:00<00:06,  3.99it/s, S=0.0155, loss=-0.0098]
Epoch 1/150 [train]:   4%|▍         | 1/26 [00:00<00:06,  3.99it/s, S=0.0155, loss=-0.0103]
Epoch 1/150 [train]:  23%|██▎       | 6/26 [00:00<00:00, 20.20it/s, S=0.0155, loss=-0.0103]
Epoch 1/150 [train]:  23%|██▎       | 6/26 [00:00<00:00, 20.20it/s, S=0.0155, loss=-0.0107]
Epoch 1/150 [train]:  23%|██▎       | 6/26 [00:00<00:00, 20.20it/s, S=0.0156, loss=-0.0111]
Epoch 1/150 [train]:  23%|██▎       | 6/26 [00:00<00:00, 20.20it/s, S=0.0156, loss=-0.0114]
Epoch 1/150 [train]:  23%|██▎       | 6/26 [00:00<00:00, 20.20it/s, S=0.0156, loss=-0.0116]
Epoch 1/150 [train]:  23%|██▎       | 6/26 [00:00<00:00, 20.20it/s, S=0.0155, loss=-0.0116]
Epoch 1/150 [train]:  23%|██▎       | 6/26 [00:00<00:00, 20.20it/s, S=0.0156, loss=-0.0120]
Epoch 1/150 [train]:  46%|████▌     | 12/26 [00:00<00:00, 31.57it/s, S=0.0156, loss=-0.0120]
Epoch 1/150 [train]:  46%|████▌     | 12/26 [00:00<00:00, 31.57it/s, S=0.0155, loss=-0.0121]
Epoch 1/150 [train]:  46%|████▌     | 12/26 [00:00<00:00, 31.57it/s, S=0.0158, loss=-0.0124]
Epoch 1/150 [train]:  46%|████▌     | 12/26 [00:00<00:00, 31.57it/s, S=0.0158, loss=-0.0126]
Epoch 1/150 [train]:  46%|████▌     | 12/26 [00:00<00:00, 31.57it/s, S=0.0157, loss=-0.0127]
Epoch 1/150 [train]:  46%|████▌     | 12/26 [00:00<00:00, 31.57it/s, S=0.0157, loss=-0.0128]
Epoch 1/150 [train]:  46%|████▌     | 12/26 [00:00<00:00, 31.57it/s, S=0.0158, loss=-0.0129]
Epoch 1/150 [train]:  69%|██████▉   | 18/26 [00:00<00:00, 38.38it/s, S=0.0158, loss=-0.0129]
Epoch 1/150 [train]:  69%|██████▉   | 18/26 [00:00<00:00, 38.38it/s, S=0.0159, loss=-0.0131]
Epoch 1/150 [train]:  69%|██████▉   | 18/26 [00:00<00:00, 38.38it/s, S=0.0160, loss=-0.0134]
Epoch 1/150 [train]:  69%|██████▉   | 18/26 [00:00<00:00, 38.38it/s, S=0.0161, loss=-0.0135]
Epoch 1/150 [train]:  69%|██████▉   | 18/26 [00:00<00:00, 38.38it/s, S=0.0164, loss=-0.0138]
Epoch 1/150 [train]:  69%|██████▉   | 18/26 [00:00<00:00, 38.38it/s, S=0.0163, loss=-0.0138]
Epoch 1/150 [train]:  69%|██████▉   | 18/26 [00:00<00:00, 38.38it/s, S=0.0168, loss=-0.0142]
Epoch 1/150 [train]:  92%|█████████▏| 24/26 [00:00<00:00, 42.64it/s, S=0.0168, loss=-0.0142]
Epoch 1/150 [train]:  92%|█████████▏| 24/26 [00:00<00:00, 42.64it/s, S=0.0170, loss=-0.0143]
Epoch 1/150 [train]:  92%|█████████▏| 24/26 [00:00<00:00, 42.64it/s, S=0.0171, loss=-0.0145]
                                                                                            
Epoch   1/150  train loss=-0.0116  val loss=-0.0155  S[mean]=0.0190  ζ=0.1670  mean_plane_ζ=0.1584  reg=0.0034  λscale=0.10  lr=4.88e-04
Saved val-mean plane ζ checkpoint val_mean_plane_zeta_0.1.pt: threshold=0.1 epoch=1 val_mean_plane_zeta=0.1584

Epoch 2/150 [train]:   0%|          | 0/26 [00:00<?, ?it/s]
Epoch 2/150 [train]:   0%|          | 0/26 [00:00<?, ?it/s, S=0.0180, loss=-0.0152]
Epoch 2/150 [train]:   0%|          | 0/26 [00:00<?, ?it/s, S=0.0187, loss=-0.0158]
Epoch 2/150 [train]:   0%|          | 0/26 [00:00<?, ?it/s, S=0.0191, loss=-0.0161]
Epoch 2/150 [train]:   0%|          | 0/26 [00:00<?, ?it/s, S=0.0202, loss=-0.0170]
Epoch 2/150 [train]:   0%|          | 0/26 [00:00<?, ?it/s, S=0.0221, loss=-0.0186]
Epoch 2/150 [train]:   0%|          | 0/26 [00:00<?, ?it/s, S=0.0226, loss=-0.0191]
Epoch 2/150 [train]:  23%|██▎       | 6/26 [00:00<00:00, 51.46it/s, S=0.0226, loss=-0.0191]
Epoch 2/150 [train]:  23%|██▎       | 6/26 [00:00<00:00, 51.46it/s, S=0.0241, loss=-0.0203]
Epoch 2/150 [train]:  23%|██▎       | 6/26 [00:00<00:00, 51.46it/s, S=0.0252, loss=-0.0211]
Epoch 2/150 [train]:  23%|██▎       | 6/26 [00:00<00:00, 51.46it/s, S=0.0271, loss=-0.0227]
Epoch 2/150 [train]:  23%|██▎       | 6/26 [00:00<00:00, 51.46it/s, S=0.0283, loss=-0.0236]
Epoch 2/150 [train]:  23%|██▎       | 6/26 [00:00<00:00, 51.46it/s, S=0.0315, loss=-0.0263]
Epoch 2/150 [train]:  23%|██▎       | 6/26 [00:00<00:00, 51.46it/s, S=0.0326, loss=-0.0272]
Epoch 2/150 [train]:  46%|████▌     | 12/26 [00:00<00:00, 51.48it/s, S=0.0326, loss=-0.0272]
Epoch 2/150 [train]:  46%|████▌     | 12/26 [00:00<00:00, 51.48it/s, S=0.0323, loss=-0.0268]
Epoch 2/150 [train]:  46%|████▌     | 12/26 [00:00<00:00, 51.48it/s, S=0.0342, loss=-0.0285]
Epoch 2/150 [train]:  46%|████▌     | 12/26 [00:00<00:00, 51.48it/s, S=0.0363, loss=-0.0301]
Epoch 2/150 [train]:  46%|████▌     | 12/26 [00:00<00:00, 51.48it/s, S=0.0388, loss=-0.0323]
Epoch 2/150 [train]:  46%|████▌     | 12/26 [00:00<00:00, 51.48it/s, S=0.0423, loss=-0.0352]
Epoch 2/150 [train]:  46%|████▌     | 12/26 [00:00<00:00, 51.48it/s, S=0.0436, loss=-0.0360]
Epoch 2/150 [train]:  69%|██████▉   | 18/26 [00:00<00:00, 51.31it/s, S=0.0436, loss=-0.0360]
Epoch 2/150 [train]:  69%|██████▉   | 18/26 [00:00<00:00, 51.31it/s, S=0.0447, loss=-0.0370]
Epoch 2/150 [train]:  69%|██████▉   | 18/26 [00:00<00:00, 51.31it/s, S=0.0485, loss=-0.0403]
Epoch 2/150 [train]:  69%|██████▉   | 18/26 [00:00<00:00, 51.31it/s, S=0.0494, loss=-0.0409]
Epoch 2/150 [train]:  69%|██████▉   | 18/26 [00:00<00:00, 51.31it/s, S=0.0540, loss=-0.0447]
Epoch 2/150 [train]:  69%|██████▉   | 18/26 [00:00<00:00, 51.31it/s, S=0.0532, loss=-0.0437]
Epoch 2/150 [train]:  69%|██████▉   | 18/26 [00:00<00:00, 51.31it/s, S=0.0588, loss=-0.0486]
Epoch 2/150 [train]:  92%|█████████▏| 24/26 [00:00<00:00, 51.31it/s, S=0.0588, loss=-0.0486]
Epoch 2/150 [train]:  92%|█████████▏| 24/26 [00:00<00:00, 51.31it/s, S=0.0607, loss=-0.0501]
Epoch 2/150 [train]:  92%|█████████▏| 24/26 [00:00<00:00, 51.31it/s, S=0.0592, loss=-0.0484]
                                                                                            
Epoch   2/150  train loss=-0.0302  val loss=-0.0553  S[mean]=0.0690  ζ=0.2688  mean_plane_ζ=0.1663  reg=0.0137  λscale=0.11  lr=4.52e-04

Epoch 3/150 [train]:   0%|          | 0/26 [00:00<?, ?it/s]
Epoch 3/150 [train]:   0%|          | 0/26 [00:00<?, ?it/s, S=0.0688, loss=-0.0563]
Epoch 3/150 [train]:   0%|          | 0/26 [00:00<?, ?it/s, S=0.0663, loss=-0.0537]
Epoch 3/150 [train]:   0%|          | 0/26 [00:00<?, ?it/s, S=0.0718, loss=-0.0582]
Epoch 3/150 [train]:   0%|          | 0/26 [00:00<?, ?it/s, S=0.0671, loss=-0.0540]
Epoch 3/150 [train]:   0%|          | 0/26 [00:00<?, ?it/s, S=0.0720, loss=-0.0582]
Epoch 3/150 [train]:   0%|          | 0/26 [00:00<?, ?it/s, S=0.0719, loss=-0.0577]
Epoch 3/150 [train]:  23%|██▎       | 6/26 [00:00<00:00, 51.24it/s, S=0.0719, loss=-0.0577]
Epoch 3/150 [train]:  23%|██▎       | 6/26 [00:00<00:00, 51.24it/s, S=0.0771, loss=-0.0621]
Epoch 3/150 [train]:  23%|██▎       | 6/26 [00:00<00:00, 51.24it/s, S=0.0762, loss=-0.0612]
Epoch 3/150 [train]:  23%|██▎       | 6/26 [00:00<00:00, 51.24it/s, S=0.0809, loss=-0.0654]
Epoch 3/150 [train]:  23%|██▎       | 6/26 [00:00<00:00, 51.24it/s, S=0.0808, loss=-0.0650]
Epoch 3/150 [train]:  23%|██▎       | 6/26 [00:00<00:00, 51.24it/s, S=0.0849, loss=-0.0687]
Epoch 3/150 [train]:  23%|██▎       | 6/26 [00:00<00:00, 51.24it/s, S=0.0850, loss=-0.0686]
Epoch 3/150 [train]:  46%|████▌     | 12/26 [00:00<00:00, 51.25it/s, S=0.0850, loss=-0.0686]
Epoch 3/150 [train]:  46%|████▌     | 12/26 [00:00<00:00, 51.25it/s, S=0.0885, loss=-0.0715]
Epoch 3/150 [train]:  46%|████▌     | 12/26 [00:00<00:00, 51.25it/s, S=0.0956, loss=-0.0773]
Epoch 3/150 [train]:  46%|████▌     | 12/26 [00:00<00:00, 51.25it/s, S=0.0881, loss=-0.0709]
Epoch 3/150 [train]:  46%|████▌     | 12/26 [00:00<00:00, 51.25it/s, S=0.0875, loss=-0.0693]
Epoch 3/150 [train]:  46%|████▌     | 12/26 [00:00<00:00, 51.25it/s, S=0.0931, loss=-0.0751]
Epoch 3/150 [train]:  46%|████▌     | 12/26 [00:00<00:00, 51.25it/s, S=0.1002, loss=-0.0811]
Epoch 3/150 [train]:  69%|██████▉   | 18/26 [00:00<00:00, 51.27it/s, S=0.1002, loss=-0.0811]
Epoch 3/150 [train]:  69%|██████▉   | 18/26 [00:00<00:00, 51.27it/s, S=0.0957, loss=-0.0770]
Epoch 3/150 [train]:  69%|██████▉   | 18/26 [00:00<00:00, 51.27it/s, S=0.0964, loss=-0.0769]
Epoch 3/150 [train]:  69%|██████▉   | 18/26 [00:00<00:00, 51.27it/s, S=0.1038, loss=-0.0837]
Epoch 3/150 [train]:  69%|██████▉   | 18/26 [00:00<00:00, 51.27it/s, S=0.1045, loss=-0.0843]
Epoch 3/150 [train]:  69%|██████▉   | 18/26 [00:00<00:00, 51.27it/s, S=0.0999, loss=-0.0795]
Epoch 3/150 [train]:  69%|██████▉   | 18/26 [00:00<00:00, 51.27it/s, S=0.1013, loss=-0.0812]
Epoch 3/150 [train]:  92%|█████████▏| 24/26 [00:00<00:00, 51.31it/s, S=0.1013, loss=-0.0812]
Epoch 3/150 [train]:  92%|█████████▏| 24/26 [00:00<00:00, 51.31it/s, S=0.0982, loss=-0.0781]
Epoch 3/150 [train]:  92%|█████████▏| 24/26 [00:00<00:00, 51.31it/s, S=0.1099, loss=-0.0887]
                                                                                            
Epoch   3/150  train loss=-0.0701  val loss=-0.0880  S[mean]=0.1123  ζ=0.2960  mean_plane_ζ=0.1657  reg=0.0243  λscale=0.11  lr=3.97e-04

Epoch 4/150 [train]:   0%|          | 0/26 [00:00<?, ?it/s]
Epoch 4/150 [train]:   0%|          | 0/26 [00:00<?, ?it/s, S=0.1091, loss=-0.0870]
Epoch 4/150 [train]:   0%|          | 0/26 [00:00<?, ?it/s, S=0.1126, loss=-0.0899]
Epoch 4/150 [train]:   0%|          | 0/26 [00:00<?, ?it/s, S=0.1102, loss=-0.0876]
Epoch 4/150 [train]:   0%|          | 0/26 [00:00<?, ?it/s, S=0.1113, loss=-0.0887]
Epoch 4/150 [train]:   0%|          | 0/26 [00:00<?, ?it/s, S=0.1081, loss=-0.0851]
Epoch 4/150 [train]:   0%|          | 0/26 [00:00<?, ?it/s, S=0.1148, loss=-0.0918]
Epoch 4/150 [train]:  23%|██▎       | 6/26 [00:00<00:00, 51.20it/s, S=0.1148, loss=-0.0918]
Epoch 4/150 [train]:  23%|██▎       | 6/26 [00:00<00:00, 51.20it/s, S=0.1182, loss=-0.0948]
Epoch 4/150 [train]:  23%|██▎       | 6/26 [00:00<00:00, 51.20it/s, S=0.1154, loss=-0.0909]
Epoch 4/150 [train]:  23%|██▎       | 6/26 [00:00<00:00, 51.20it/s, S=0.1135, loss=-0.0902]
Epoch 4/150 [train]:  23%|██▎       | 6/26 [00:00<00:00, 51.20it/s, S=0.1189, loss=-0.0954]
Epoch 4/150 [train]:  23%|██▎       | 6/26 [00:00<00:00, 51.20it/s, S=0.1072, loss=-0.0838]
Epoch 4/150 [train]:  23%|██▎       | 6/26 [00:00<00:00, 51.20it/s, S=0.1188, loss=-0.0949]
Epoch 4/150 [train]:  46%|████▌     | 12/26 [00:00<00:00, 51.10it/s, S=0.1188, loss=-0.0949]
Epoch 4/150 [train]:  46%|████▌     | 12/26 [00:00<00:00, 51.10it/s, S=0.1183, loss=-0.0937]
Epoch 4/150 [train]:  46%|████▌     | 12/26 [00:00<00:00, 51.10it/s, S=0.1221, loss=-0.0978]
Epoch 4/150 [train]:  46%|████▌     | 12/26 [00:00<00:00, 51.10it/s, S=0.1214, loss=-0.0968]
Epoch 4/150 [train]:  46%|████▌     | 12/26 [00:00<00:00, 51.10it/s, S=0.1195, loss=-0.0950]
Epoch 4/150 [train]:  46%|████▌     | 12/26 [00:00<00:00, 51.10it/s, S=0.1207, loss=-0.0957]
Epoch 4/150 [train]:  46%|████▌     | 12/26 [00:00<00:00, 51.10it/s, S=0.1218, loss=-0.0972]
Epoch 4/150 [train]:  69%|██████▉   | 18/26 [00:00<00:00, 51.11it/s, S=0.1218, loss=-0.0972]
Epoch 4/150 [train]:  69%|██████▉   | 18/26 [00:00<00:00, 51.11it/s, S=0.1256, loss=-0.1005]
Epoch 4/150 [train]:  69%|██████▉   | 18/26 [00:00<00:00, 51.11it/s, S=0.1200, loss=-0.0948]
Epoch 4/150 [train]:  69%|██████▉   | 18/26 [00:00<00:00, 51.11it/s, S=0.1262, loss=-0.1004]
Epoch 4/150 [train]:  69%|██████▉   | 18/26 [00:00<00:00, 51.11it/s, S=0.1253, loss=-0.1002]
Epoch 4/150 [train]:  69%|██████▉   | 18/26 [00:00<00:00, 51.11it/s, S=0.1210, loss=-0.0960]
Epoch 4/150 [train]:  69%|██████▉   | 18/26 [00:00<00:00, 51.11it/s, S=0.1218, loss=-0.0954]
Epoch 4/150 [train]:  92%|█████████▏| 24/26 [00:00<00:00, 51.13it/s, S=0.1218, loss=-0.0954]
Epoch 4/150 [train]:  92%|█████████▏| 24/26 [00:00<00:00, 51.13it/s, S=0.1278, loss=-0.1019]
Epoch 4/150 [train]:  92%|█████████▏| 24/26 [00:00<00:00, 51.13it/s, S=0.1303, loss=-0.1045]
                                                                                            
Epoch   4/150  train loss=-0.0942  val loss=-0.1034  S[mean]=0.1333  ζ=0.3076  mean_plane_ζ=0.1728  reg=0.0299  λscale=0.12  lr=3.27e-04

Epoch 5/150 [train]:   0%|          | 0/26 [00:00<?, ?it/s]
Epoch 5/150 [train]:   0%|          | 0/26 [00:00<?, ?it/s, S=0.1256, loss=-0.0984]
Epoch 5/150 [train]:   0%|          | 0/26 [00:00<?, ?it/s, S=0.1254, loss=-0.0979]
Epoch 5/150 [train]:   0%|          | 0/26 [00:00<?, ?it/s, S=0.1285, loss=-0.1014]
Epoch 5/150 [train]:   0%|          | 0/26 [00:00<?, ?it/s, S=0.1304, loss=-0.1020]
Epoch 5/150 [train]:   0%|          | 0/26 [00:00<?, ?it/s, S=0.1263, loss=-0.0996]
Epoch 5/150 [train]:   0%|          | 0/26 [00:00<?, ?it/s, S=0.1338, loss=-0.1063]
Epoch 5/150 [train]:  23%|██▎       | 6/26 [00:00<00:00, 51.29it/s, S=0.1338, loss=-0.1063]
Epoch 5/150 [train]:  23%|██▎       | 6/26 [00:00<00:00, 51.29it/s, S=0.1284, loss=-0.1001]
Epoch 5/150 [train]:  23%|██▎       | 6/26 [00:00<00:00, 51.29it/s, S=0.1357, loss=-0.1076]
Epoch 5/150 [train]:  23%|██▎       | 6/26 [00:00<00:00, 51.29it/s, S=0.1301, loss=-0.1029]
Epoch 5/150 [train]:  23%|██▎       | 6/26 [00:00<00:00, 51.29it/s, S=0.1343, loss=-0.1066]
Epoch 5/150 [train]:  23%|██▎       | 6/26 [00:00<00:00, 51.29it/s, S=0.1369, loss=-0.1093]
Epoch 5/150 [train]:  23%|██▎       | 6/26 [00:00<00:00, 51.29it/s, S=0.1374, loss=-0.1097]
Epoch 5/150 [train]:  46%|████▌     | 12/26 [00:00<00:00, 51.15it/s, S=0.1374, loss=-0.1097]
Epoch 5/150 [train]:  46%|████▌     | 12/26 [00:00<00:00, 51.15it/s, S=0.1291, loss=-0.1010]
Epoch 5/150 [train]:  46%|████▌     | 12/26 [00:00<00:00, 51.15it/s, S=0.1333, loss=-0.1050]
Epoch 5/150 [train]:  46%|████▌     | 12/26 [00:00<00:00, 51.15it/s, S=0.1306, loss=-0.1025]
Epoch 5/150 [train]:  46%|████▌     | 12/26 [00:00<00:00, 51.15it/s, S=0.1320, loss=-0.1038]
Epoch 5/150 [train]:  46%|████▌     | 12/26 [00:00<00:00, 51.15it/s, S=0.1352, loss=-0.1059]
Epoch 5/150 [train]:  46%|████▌     | 12/26 [00:00<00:00, 51.15it/s, S=0.1391, loss=-0.1099]
Epoch 5/150 [train]:  69%|██████▉   | 18/26 [00:00<00:00, 51.11it/s, S=0.1391, loss=-0.1099]
Epoch 5/150 [train]:  69%|██████▉   | 18/26 [00:00<00:00, 51.11it/s, S=0.1379, loss=-0.1095]
Epoch 5/150 [train]:  69%|██████▉   | 18/26 [00:00<00:00, 51.11it/s, S=0.1379, loss=-0.1091]
Epoch 5/150 [train]:  69%|██████▉   | 18/26 [00:00<00:00, 51.11it/s, S=0.1385, loss=-0.1097]
Epoch 5/150 [train]:  69%|██████▉   | 18/26 [00:00<00:00, 51.11it/s, S=0.1369, loss=-0.1078]
Epoch 5/150 [train]:  69%|██████▉   | 18/26 [00:00<00:00, 51.11it/s, S=0.1436, loss=-0.1145]
Epoch 5/150 [train]:  69%|██████▉   | 18/26 [00:00<00:00, 51.11it/s, S=0.1429, loss=-0.1138]
Epoch 5/150 [train]:  92%|█████████▏| 24/26 [00:00<00:00, 51.09it/s, S=0.1429, loss=-0.1138]
Epoch 5/150 [train]:  92%|█████████▏| 24/26 [00:00<00:00, 51.09it/s, S=0.1399, loss=-0.1100]
Epoch 5/150 [train]:  92%|█████████▏| 24/26 [00:00<00:00, 51.09it/s, S=0.1352, loss=-0.1048]
                                                                                            
Epoch   5/150  train loss=-0.1057  val loss=-0.1182  S[mean]=0.1538  ζ=0.3166  mean_plane_ζ=0.1883  reg=0.0356  λscale=0.12  lr=2.50e-04

Epoch 6/150 [train]:   0%|          | 0/26 [00:00<?, ?it/s]
Epoch 6/150 [train]:   0%|          | 0/26 [00:00<?, ?it/s, S=0.1462, loss=-0.1146]
Epoch 6/150 [train]:   0%|          | 0/26 [00:00<?, ?it/s, S=0.1448, loss=-0.1124]
Epoch 6/150 [train]:   0%|          | 0/26 [00:00<?, ?it/s, S=0.1418, loss=-0.1099]
Epoch 6/150 [train]:   0%|          | 0/26 [00:00<?, ?it/s, S=0.1445, loss=-0.1124]
Epoch 6/150 [train]:   0%|          | 0/26 [00:00<?, ?it/s, S=0.1429, loss=-0.1106]
Epoch 6/150 [train]:   0%|          | 0/26 [00:00<?, ?it/s, S=0.1492, loss=-0.1175]
Epoch 6/150 [train]:  23%|██▎       | 6/26 [00:00<00:00, 51.13it/s, S=0.1492, loss=-0.1175]
Epoch 6/150 [train]:  23%|██▎       | 6/26 [00:00<00:00, 51.13it/s, S=0.1445, loss=-0.1126]
Epoch 6/150 [train]:  23%|██▎       | 6/26 [00:00<00:00, 51.13it/s, S=0.1476, loss=-0.1146]
Epoch 6/150 [train]:  23%|██▎       | 6/26 [00:00<00:00, 51.13it/s, S=0.1456, loss=-0.1128]
Epoch 6/150 [train]:  23%|██▎       | 6/26 [00:00<00:00, 51.13it/s, S=0.1514, loss=-0.1183]
Epoch 6/150 [train]:  23%|██▎       | 6/26 [00:00<00:00, 51.13it/s, S=0.1551, loss=-0.1219]
Epoch 6/150 [train]:  23%|██▎       | 6/26 [00:00<00:00, 51.13it/s, S=0.1455, loss=-0.1118]
Epoch 6/150 [train]:  46%|████▌     | 12/26 [00:00<00:00, 51.14it/s, S=0.1455, loss=-0.1118]
Epoch 6/150 [train]:  46%|████▌     | 12/26 [00:00<00:00, 51.14it/s, S=0.1546, loss=-0.1210]
Epoch 6/150 [train]:  46%|████▌     | 12/26 [00:00<00:00, 51.14it/s, S=0.1552, loss=-0.1216]
Epoch 6/150 [train]:  46%|████▌     | 12/26 [00:00<00:00, 51.14it/s, S=0.1527, loss=-0.1168]
Epoch 6/150 [train]:  46%|████▌     | 12/26 [00:00<00:00, 51.14it/s, S=0.1546, loss=-0.1204]
Epoch 6/150 [train]:  46%|████▌     | 12/26 [00:00<00:00, 51.14it/s, S=0.1560, loss=-0.1208]
Epoch 6/150 [train]:  46%|████▌     | 12/26 [00:00<00:00, 51.14it/s, S=0.1568, loss=-0.1225]
Epoch 6/150 [train]:  69%|██████▉   | 18/26 [00:00<00:00, 51.16it/s, S=0.1568, loss=-0.1225]
Epoch 6/150 [train]:  69%|██████▉   | 18/26 [00:00<00:00, 51.16it/s, S=0.1497, loss=-0.1147]
Epoch 6/150 [train]:  69%|██████▉   | 18/26 [00:00<00:00, 51.16it/s, S=0.1565, loss=-0.1211]
Epoch 6/150 [train]:  69%|██████▉   | 18/26 [00:00<00:00, 51.16it/s, S=0.1607, loss=-0.1248]
Epoch 6/150 [train]:  69%|██████▉   | 18/26 [00:00<00:00, 51.16it/s, S=0.1628, loss=-0.1273]
Epoch 6/150 [train]:  69%|██████▉   | 18/26 [00:00<00:00, 51.16it/s, S=0.1599, loss=-0.1243]
Epoch 6/150 [train]:  69%|██████▉   | 18/26 [00:00<00:00, 51.16it/s, S=0.1561, loss=-0.1193]
Epoch 6/150 [train]:  92%|█████████▏| 24/26 [00:00<00:00, 51.13it/s, S=0.1561, loss=-0.1193]
Epoch 6/150 [train]:  92%|█████████▏| 24/26 [00:00<00:00, 51.13it/s, S=0.1659, loss=-0.1289]
Epoch 6/150 [train]:  92%|█████████▏| 24/26 [00:00<00:00, 51.13it/s, S=0.1643, loss=-0.1283]
                                                                                            
Epoch   6/150  train loss=-0.1185  val loss=-0.1357  S[mean]=0.1787  ζ=0.3308  mean_plane_ζ=0.2007  reg=0.0430  λscale=0.13  lr=1.73e-04
Saved val-mean plane ζ checkpoint val_mean_plane_zeta_0.2.pt: threshold=0.2 epoch=6 val_mean_plane_zeta=0.2007

Epoch 7/150 [train]:   0%|          | 0/26 [00:00<?, ?it/s]
Epoch 7/150 [train]:   0%|          | 0/26 [00:00<?, ?it/s, S=0.1637, loss=-0.1249]
Epoch 7/150 [train]:   0%|          | 0/26 [00:00<?, ?it/s, S=0.1629, loss=-0.1229]
Epoch 7/150 [train]:   0%|          | 0/26 [00:00<?, ?it/s, S=0.1613, loss=-0.1219]
Epoch 7/150 [train]:   0%|          | 0/26 [00:00<?, ?it/s, S=0.1662, loss=-0.1278]
Epoch 7/150 [train]:   0%|          | 0/26 [00:00<?, ?it/s, S=0.1693, loss=-0.1313]
Epoch 7/150 [train]:   0%|          | 0/26 [00:00<?, ?it/s, S=0.1727, loss=-0.1329]
Epoch 7/150 [train]:  23%|██▎       | 6/26 [00:00<00:00, 51.24it/s, S=0.1727, loss=-0.1329]
Epoch 7/150 [train]:  23%|██▎       | 6/26 [00:00<00:00, 51.24it/s, S=0.1655, loss=-0.1271]
Epoch 7/150 [train]:  23%|██▎       | 6/26 [00:00<00:00, 51.24it/s, S=0.1678, loss=-0.1281]
Epoch 7/150 [train]:  23%|██▎       | 6/26 [00:00<00:00, 51.24it/s, S=0.1629, loss=-0.1250]
Epoch 7/150 [train]:  23%|██▎       | 6/26 [00:00<00:00, 51.24it/s, S=0.1690, loss=-0.1300]
Epoch 7/150 [train]:  23%|██▎       | 6/26 [00:00<00:00, 51.24it/s, S=0.1621, loss=-0.1223]
Epoch 7/150 [train]:  23%|██▎       | 6/26 [00:00<00:00, 51.24it/s, S=0.1694, loss=-0.1296]
Epoch 7/150 [train]:  46%|████▌     | 12/26 [00:00<00:00, 51.14it/s, S=0.1694, loss=-0.1296]
Epoch 7/150 [train]:  46%|████▌     | 12/26 [00:00<00:00, 51.14it/s, S=0.1710, loss=-0.1312]
Epoch 7/150 [train]:  46%|████▌     | 12/26 [00:00<00:00, 51.14it/s, S=0.1689, loss=-0.1298]
Epoch 7/150 [train]:  46%|████▌     | 12/26 [00:00<00:00, 51.14it/s, S=0.1716, loss=-0.1321]
Epoch 7/150 [train]:  46%|████▌     | 12/26 [00:00<00:00, 51.14it/s, S=0.1729, loss=-0.1330]
Epoch 7/150 [train]:  46%|████▌     | 12/26 [00:00<00:00, 51.14it/s, S=0.1740, loss=-0.1342]
Epoch 7/150 [train]:  46%|████▌     | 12/26 [00:00<00:00, 51.14it/s, S=0.1694, loss=-0.1276]
Epoch 7/150 [train]:  69%|██████▉   | 18/26 [00:00<00:00, 51.12it/s, S=0.1694, loss=-0.1276]
Epoch 7/150 [train]:  69%|██████▉   | 18/26 [00:00<00:00, 51.12it/s, S=0.1756, loss=-0.1356]
Epoch 7/150 [train]:  69%|██████▉   | 18/26 [00:00<00:00, 51.12it/s, S=0.1786, loss=-0.1382]
Epoch 7/150 [train]:  69%|██████▉   | 18/26 [00:00<00:00, 51.12it/s, S=0.1741, loss=-0.1334]
Epoch 7/150 [train]:  69%|██████▉   | 18/26 [00:00<00:00, 51.12it/s, S=0.1740, loss=-0.1340]
Epoch 7/150 [train]:  69%|██████▉   | 18/26 [00:00<00:00, 51.12it/s, S=0.1791, loss=-0.1386]
Epoch 7/150 [train]:  69%|██████▉   | 18/26 [00:00<00:00, 51.12it/s, S=0.1763, loss=-0.1354]
Epoch 7/150 [train]:  92%|█████████▏| 24/26 [00:00<00:00, 51.11it/s, S=0.1763, loss=-0.1354]
Epoch 7/150 [train]:  92%|█████████▏| 24/26 [00:00<00:00, 51.11it/s, S=0.1738, loss=-0.1322]
Epoch 7/150 [train]:  92%|█████████▏| 24/26 [00:00<00:00, 51.11it/s, S=0.1764, loss=-0.1356]
                                                                                            
Epoch   7/150  train loss=-0.1306  val loss=-0.1449  S[mean]=0.1932  ζ=0.3384  mean_plane_ζ=0.2083  reg=0.0483  λscale=0.14  lr=1.03e-04

Epoch 8/150 [train]:   0%|          | 0/26 [00:00<?, ?it/s]
Epoch 8/150 [train]:   0%|          | 0/26 [00:00<?, ?it/s, S=0.1766, loss=-0.1310]
Epoch 8/150 [train]:   0%|          | 0/26 [00:00<?, ?it/s, S=0.1762, loss=-0.1337]
Epoch 8/150 [train]:   0%|          | 0/26 [00:00<?, ?it/s, S=0.1869, loss=-0.1436]
Epoch 8/150 [train]:   0%|          | 0/26 [00:00<?, ?it/s, S=0.1803, loss=-0.1366]
Epoch 8/150 [train]:   0%|          | 0/26 [00:00<?, ?it/s, S=0.1777, loss=-0.1335]
Epoch 8/150 [train]:   0%|          | 0/26 [00:00<?, ?it/s, S=0.1783, loss=-0.1352]
Epoch 8/150 [train]:  23%|██▎       | 6/26 [00:00<00:00, 51.15it/s, S=0.1783, loss=-0.1352]
Epoch 8/150 [train]:  23%|██▎       | 6/26 [00:00<00:00, 51.15it/s, S=0.1787, loss=-0.1350]
Epoch 8/150 [train]:  23%|██▎       | 6/26 [00:00<00:00, 51.15it/s, S=0.1802, loss=-0.1365]
Epoch 8/150 [train]:  23%|██▎       | 6/26 [00:00<00:00, 51.15it/s, S=0.1819, loss=-0.1391]
Epoch 8/150 [train]:  23%|██▎       | 6/26 [00:00<00:00, 51.15it/s, S=0.1819, loss=-0.1390]
Epoch 8/150 [train]:  23%|██▎       | 6/26 [00:00<00:00, 51.15it/s, S=0.1793, loss=-0.1356]
Epoch 8/150 [train]:  23%|██▎       | 6/26 [00:00<00:00, 51.15it/s, S=0.1722, loss=-0.1280]
Epoch 8/150 [train]:  46%|████▌     | 12/26 [00:00<00:00, 51.09it/s, S=0.1722, loss=-0.1280]
Epoch 8/150 [train]:  46%|████▌     | 12/26 [00:00<00:00, 51.09it/s, S=0.1742, loss=-0.1315]
Epoch 8/150 [train]:  46%|████▌     | 12/26 [00:00<00:00, 51.09it/s, S=0.1729, loss=-0.1292]
Epoch 8/150 [train]:  46%|████▌     | 12/26 [00:00<00:00, 51.09it/s, S=0.1831, loss=-0.1402]
Epoch 8/150 [train]:  46%|████▌     | 12/26 [00:00<00:00, 51.09it/s, S=0.1801, loss=-0.1365]
Epoch 8/150 [train]:  46%|████▌     | 12/26 [00:00<00:00, 51.09it/s, S=0.1776, loss=-0.1321]
Epoch 8/150 [train]:  46%|████▌     | 12/26 [00:00<00:00, 51.09it/s, S=0.1816, loss=-0.1384]
Epoch 8/150 [train]:  69%|██████▉   | 18/26 [00:00<00:00, 50.99it/s, S=0.1816, loss=-0.1384]
Epoch 8/150 [train]:  69%|██████▉   | 18/26 [00:00<00:00, 50.99it/s, S=0.1873, loss=-0.1439]
Epoch 8/150 [train]:  69%|██████▉   | 18/26 [00:00<00:00, 50.99it/s, S=0.1847, loss=-0.1404]
Epoch 8/150 [train]:  69%|██████▉   | 18/26 [00:00<00:00, 50.99it/s, S=0.1817, loss=-0.1386]
Epoch 8/150 [train]:  69%|██████▉   | 18/26 [00:00<00:00, 50.99it/s, S=0.1840, loss=-0.1398]
Epoch 8/150 [train]:  69%|██████▉   | 18/26 [00:00<00:00, 50.99it/s, S=0.1801, loss=-0.1369]
Epoch 8/150 [train]:  69%|██████▉   | 18/26 [00:00<00:00, 50.99it/s, S=0.1789, loss=-0.1352]
Epoch 8/150 [train]:  92%|█████████▏| 24/26 [00:00<00:00, 50.96it/s, S=0.1789, loss=-0.1352]
Epoch 8/150 [train]:  92%|█████████▏| 24/26 [00:00<00:00, 50.96it/s, S=0.1827, loss=-0.1380]
Epoch 8/150 [train]:  92%|█████████▏| 24/26 [00:00<00:00, 50.96it/s, S=0.1881, loss=-0.1444]
                                                                                            
Epoch   8/150  train loss=-0.1366  val loss=-0.1498  S[mean]=0.2014  ζ=0.3415  mean_plane_ζ=0.2125  reg=0.0515  λscale=0.14  lr=4.77e-05

Epoch 9/150 [train]:   0%|          | 0/26 [00:00<?, ?it/s]
Epoch 9/150 [train]:   0%|          | 0/26 [00:00<?, ?it/s, S=0.1829, loss=-0.1352]
Epoch 9/150 [train]:   0%|          | 0/26 [00:00<?, ?it/s, S=0.1854, loss=-0.1403]
Epoch 9/150 [train]:   0%|          | 0/26 [00:00<?, ?it/s, S=0.1815, loss=-0.1349]
Epoch 9/150 [train]:   0%|          | 0/26 [00:00<?, ?it/s, S=0.1864, loss=-0.1403]
Epoch 9/150 [train]:   0%|          | 0/26 [00:00<?, ?it/s, S=0.1794, loss=-0.1337]
Epoch 9/150 [train]:   0%|          | 0/26 [00:00<?, ?it/s, S=0.1890, loss=-0.1436]
Epoch 9/150 [train]:  23%|██▎       | 6/26 [00:00<00:00, 51.04it/s, S=0.1890, loss=-0.1436]
Epoch 9/150 [train]:  23%|██▎       | 6/26 [00:00<00:00, 51.04it/s, S=0.1834, loss=-0.1358]
Epoch 9/150 [train]:  23%|██▎       | 6/26 [00:00<00:00, 51.04it/s, S=0.1864, loss=-0.1400]
Epoch 9/150 [train]:  23%|██▎       | 6/26 [00:00<00:00, 51.04it/s, S=0.1880, loss=-0.1413]
Epoch 9/150 [train]:  23%|██▎       | 6/26 [00:00<00:00, 51.04it/s, S=0.1875, loss=-0.1413]
Epoch 9/150 [train]:  23%|██▎       | 6/26 [00:00<00:00, 51.04it/s, S=0.1860, loss=-0.1393]
Epoch 9/150 [train]:  23%|██▎       | 6/26 [00:00<00:00, 51.04it/s, S=0.1851, loss=-0.1384]
Epoch 9/150 [train]:  46%|████▌     | 12/26 [00:00<00:00, 51.06it/s, S=0.1851, loss=-0.1384]
Epoch 9/150 [train]:  46%|████▌     | 12/26 [00:00<00:00, 51.06it/s, S=0.1833, loss=-0.1364]
Epoch 9/150 [train]:  46%|████▌     | 12/26 [00:00<00:00, 51.06it/s, S=0.1823, loss=-0.1363]
Epoch 9/150 [train]:  46%|████▌     | 12/26 [00:00<00:00, 51.06it/s, S=0.1852, loss=-0.1380]
Epoch 9/150 [train]:  46%|████▌     | 12/26 [00:00<00:00, 51.06it/s, S=0.1813, loss=-0.1340]
Epoch 9/150 [train]:  46%|████▌     | 12/26 [00:00<00:00, 51.06it/s, S=0.1838, loss=-0.1373]
Epoch 9/150 [train]:  46%|████▌     | 12/26 [00:00<00:00, 51.06it/s, S=0.1888, loss=-0.1418]
Epoch 9/150 [train]:  69%|██████▉   | 18/26 [00:00<00:00, 50.99it/s, S=0.1888, loss=-0.1418]
Epoch 9/150 [train]:  69%|██████▉   | 18/26 [00:00<00:00, 50.99it/s, S=0.1869, loss=-0.1412]
Epoch 9/150 [train]:  69%|██████▉   | 18/26 [00:00<00:00, 50.99it/s, S=0.1842, loss=-0.1391]
Epoch 9/150 [train]:  69%|██████▉   | 18/26 [00:00<00:00, 50.99it/s, S=0.1895, loss=-0.1437]
Epoch 9/150 [train]:  69%|██████▉   | 18/26 [00:00<00:00, 50.99it/s, S=0.1863, loss=-0.1402]
Epoch 9/150 [train]:  69%|██████▉   | 18/26 [00:00<00:00, 50.99it/s, S=0.1842, loss=-0.1372]
Epoch 9/150 [train]:  69%|██████▉   | 18/26 [00:00<00:00, 50.99it/s, S=0.1865, loss=-0.1402]
Epoch 9/150 [train]:  92%|█████████▏| 24/26 [00:00<00:00, 51.04it/s, S=0.1865, loss=-0.1402]
Epoch 9/150 [train]:  92%|█████████▏| 24/26 [00:00<00:00, 51.04it/s, S=0.1834, loss=-0.1363]
Epoch 9/150 [train]:  92%|█████████▏| 24/26 [00:00<00:00, 51.04it/s, S=0.1853, loss=-0.1399]
                                                                                            
Epoch   9/150  train loss=-0.1387  val loss=-0.1512  S[mean]=0.2051  ζ=0.3427  mean_plane_ζ=0.2145  reg=0.0539  λscale=0.15  lr=1.22e-05

Epoch 10/150 [train]:   0%|          | 0/26 [00:00<?, ?it/s]
Epoch 10/150 [train]:   0%|          | 0/26 [00:00<?, ?it/s, S=0.1867, loss=-0.1382]
Epoch 10/150 [train]:   0%|          | 0/26 [00:00<?, ?it/s, S=0.1863, loss=-0.1381]
Epoch 10/150 [train]:   0%|          | 0/26 [00:00<?, ?it/s, S=0.1925, loss=-0.1444]
Epoch 10/150 [train]:   0%|          | 0/26 [00:00<?, ?it/s, S=0.1862, loss=-0.1375]
Epoch 10/150 [train]:   0%|          | 0/26 [00:00<?, ?it/s, S=0.1844, loss=-0.1354]
Epoch 10/150 [train]:   0%|          | 0/26 [00:00<?, ?it/s, S=0.1899, loss=-0.1418]
Epoch 10/150 [train]:  23%|██▎       | 6/26 [00:00<00:00, 51.23it/s, S=0.1899, loss=-0.1418]
Epoch 10/150 [train]:  23%|██▎       | 6/26 [00:00<00:00, 51.23it/s, S=0.1934, loss=-0.1448]
Epoch 10/150 [train]:  23%|██▎       | 6/26 [00:00<00:00, 51.23it/s, S=0.1881, loss=-0.1401]
Epoch 10/150 [train]:  23%|██▎       | 6/26 [00:00<00:00, 51.23it/s, S=0.1847, loss=-0.1366]
Epoch 10/150 [train]:  23%|██▎       | 6/26 [00:00<00:00, 51.23it/s, S=0.1877, loss=-0.1397]
Epoch 10/150 [train]:  23%|██▎       | 6/26 [00:00<00:00, 51.23it/s, S=0.1846, loss=-0.1352]
Epoch 10/150 [train]:  23%|██▎       | 6/26 [00:00<00:00, 51.23it/s, S=0.1878, loss=-0.1396]
Epoch 10/150 [train]:  46%|████▌     | 12/26 [00:00<00:00, 51.10it/s, S=0.1878, loss=-0.1396]
Epoch 10/150 [train]:  46%|████▌     | 12/26 [00:00<00:00, 51.10it/s, S=0.1872, loss=-0.1381]
Epoch 10/150 [train]:  46%|████▌     | 12/26 [00:00<00:00, 51.10it/s, S=0.1883, loss=-0.1407]
Epoch 10/150 [train]:  46%|████▌     | 12/26 [00:00<00:00, 51.10it/s, S=0.1868, loss=-0.1377]
Epoch 10/150 [train]:  46%|████▌     | 12/26 [00:00<00:00, 51.10it/s, S=0.1885, loss=-0.1381]
Epoch 10/150 [train]:  46%|████▌     | 12/26 [00:00<00:00, 51.10it/s, S=0.1771, loss=-0.1287]
Epoch 10/150 [train]:  46%|████▌     | 12/26 [00:00<00:00, 51.10it/s, S=0.1945, loss=-0.1463]
Epoch 10/150 [train]:  69%|██████▉   | 18/26 [00:00<00:00, 51.03it/s, S=0.1945, loss=-0.1463]
Epoch 10/150 [train]:  69%|██████▉   | 18/26 [00:00<00:00, 51.03it/s, S=0.1884, loss=-0.1407]
Epoch 10/150 [train]:  69%|██████▉   | 18/26 [00:00<00:00, 51.03it/s, S=0.1883, loss=-0.1403]
Epoch 10/150 [train]:  69%|██████▉   | 18/26 [00:00<00:00, 51.03it/s, S=0.1840, loss=-0.1353]
Epoch 10/150 [train]:  69%|██████▉   | 18/26 [00:00<00:00, 51.03it/s, S=0.1910, loss=-0.1428]
Epoch 10/150 [train]:  69%|██████▉   | 18/26 [00:00<00:00, 51.03it/s, S=0.1872, loss=-0.1385]
Epoch 10/150 [train]:  69%|██████▉   | 18/26 [00:00<00:00, 51.03it/s, S=0.1894, loss=-0.1395]
Epoch 10/150 [train]:  92%|█████████▏| 24/26 [00:00<00:00, 50.95it/s, S=0.1894, loss=-0.1395]
Epoch 10/150 [train]:  92%|█████████▏| 24/26 [00:00<00:00, 50.95it/s, S=0.1901, loss=-0.1420]
Epoch 10/150 [train]:  92%|█████████▏| 24/26 [00:00<00:00, 50.95it/s, S=0.1870, loss=-0.1394]
                                                                                             
Epoch  10/150  train loss=-0.1392  val loss=-0.1497  S[mean]=0.2059  ζ=0.3432  mean_plane_ζ=0.2150  reg=0.0562  λscale=0.15  lr=5.00e-04

Epoch 11/150 [train]:   0%|          | 0/26 [00:00<?, ?it/s]
Epoch 11/150 [train]:   0%|          | 0/26 [00:00<?, ?it/s, S=0.1906, loss=-0.1391]
Epoch 11/150 [train]:   0%|          | 0/26 [00:00<?, ?it/s, S=0.1898, loss=-0.1394]
Epoch 11/150 [train]:   0%|          | 0/26 [00:00<?, ?it/s, S=0.1884, loss=-0.1378]
Epoch 11/150 [train]:   0%|          | 0/26 [00:00<?, ?it/s, S=0.1823, loss=-0.1285]
Epoch 11/150 [train]:   0%|          | 0/26 [00:00<?, ?it/s, S=0.1870, loss=-0.1347]
Epoch 11/150 [train]:   0%|          | 0/26 [00:00<?, ?it/s, S=0.1859, loss=-0.1307]
Epoch 11/150 [train]:  23%|██▎       | 6/26 [00:00<00:00, 51.12it/s, S=0.1859, loss=-0.1307]
Epoch 11/150 [train]:  23%|██▎       | 6/26 [00:00<00:00, 51.12it/s, S=0.1910, loss=-0.1396]
Epoch 11/150 [train]:  23%|██▎       | 6/26 [00:00<00:00, 51.12it/s, S=0.1960, loss=-0.1439]
Epoch 11/150 [train]:  23%|██▎       | 6/26 [00:00<00:00, 51.12it/s, S=0.1934, loss=-0.1416]
Epoch 11/150 [train]:  23%|██▎       | 6/26 [00:00<00:00, 51.12it/s, S=0.1919, loss=-0.1399]
Epoch 11/150 [train]:  23%|██▎       | 6/26 [00:00<00:00, 51.12it/s, S=0.2001, loss=-0.1467]
Epoch 11/150 [train]:  23%|██▎       | 6/26 [00:00<00:00, 51.12it/s, S=0.1968, loss=-0.1454]
Epoch 11/150 [train]:  46%|████▌     | 12/26 [00:00<00:00, 51.08it/s, S=0.1968, loss=-0.1454]
Epoch 11/150 [train]:  46%|████▌     | 12/26 [00:00<00:00, 51.08it/s, S=0.2006, loss=-0.1471]
Epoch 11/150 [train]:  46%|████▌     | 12/26 [00:00<00:00, 51.08it/s, S=0.2027, loss=-0.1491]
Epoch 11/150 [train]:  46%|████▌     | 12/26 [00:00<00:00, 51.08it/s, S=0.2026, loss=-0.1494]
Epoch 11/150 [train]:  46%|████▌     | 12/26 [00:00<00:00, 51.08it/s, S=0.1967, loss=-0.1385]
Epoch 11/150 [train]:  46%|████▌     | 12/26 [00:00<00:00, 51.08it/s, S=0.2010, loss=-0.1474]
Epoch 11/150 [train]:  46%|████▌     | 12/26 [00:00<00:00, 51.08it/s, S=0.1996, loss=-0.1428]
Epoch 11/150 [train]:  69%|██████▉   | 18/26 [00:00<00:00, 51.10it/s, S=0.1996, loss=-0.1428]
Epoch 11/150 [train]:  69%|██████▉   | 18/26 [00:00<00:00, 51.10it/s, S=0.2079, loss=-0.1524]
Epoch 11/150 [train]:  69%|██████▉   | 18/26 [00:00<00:00, 51.10it/s, S=0.2054, loss=-0.1507]
Epoch 11/150 [train]:  69%|██████▉   | 18/26 [00:00<00:00, 51.10it/s, S=0.1994, loss=-0.1448]
Epoch 11/150 [train]:  69%|██████▉   | 18/26 [00:00<00:00, 51.10it/s, S=0.1991, loss=-0.1411]
Epoch 11/150 [train]:  69%|██████▉   | 18/26 [00:00<00:00, 51.10it/s, S=0.2118, loss=-0.1569]
Epoch 11/150 [train]:  69%|██████▉   | 18/26 [00:00<00:00, 51.10it/s, S=0.2032, loss=-0.1468]
Epoch 11/150 [train]:  92%|█████████▏| 24/26 [00:00<00:00, 51.06it/s, S=0.2032, loss=-0.1468]
Epoch 11/150 [train]:  92%|█████████▏| 24/26 [00:00<00:00, 51.06it/s, S=0.2046, loss=-0.1463]
Epoch 11/150 [train]:  92%|█████████▏| 24/26 [00:00<00:00, 51.06it/s, S=0.2111, loss=-0.1542]
                                                                                             
Epoch  11/150  train loss=-0.1437  val loss=-0.1670  S[mean]=0.2339  ζ=0.3543  mean_plane_ζ=0.2297  reg=0.0669  λscale=0.16  lr=4.97e-04

Epoch 12/150 [train]:   0%|          | 0/26 [00:00<?, ?it/s]
Epoch 12/150 [train]:   0%|          | 0/26 [00:00<?, ?it/s, S=0.2139, loss=-0.1562]
Epoch 12/150 [train]:   0%|          | 0/26 [00:00<?, ?it/s, S=0.2081, loss=-0.1485]
Epoch 12/150 [train]:   0%|          | 0/26 [00:00<?, ?it/s, S=0.2149, loss=-0.1563]
Epoch 12/150 [train]:   0%|          | 0/26 [00:00<?, ?it/s, S=0.2179, loss=-0.1593]
Epoch 12/150 [train]:   0%|          | 0/26 [00:00<?, ?it/s, S=0.2209, loss=-0.1621]
Epoch 12/150 [train]:   0%|          | 0/26 [00:00<?, ?it/s, S=0.2259, loss=-0.1671]
Epoch 12/150 [train]:  23%|██▎       | 6/26 [00:00<00:00, 51.09it/s, S=0.2259, loss=-0.1671]
Epoch 12/150 [train]:  23%|██▎       | 6/26 [00:00<00:00, 51.09it/s, S=0.2204, loss=-0.1597]
Epoch 12/150 [train]:  23%|██▎       | 6/26 [00:00<00:00, 51.09it/s, S=0.2220, loss=-0.1629]
Epoch 12/150 [train]:  23%|██▎       | 6/26 [00:00<00:00, 51.09it/s, S=0.2302, loss=-0.1701]
Epoch 12/150 [train]:  23%|██▎       | 6/26 [00:00<00:00, 51.09it/s, S=0.2197, loss=-0.1593]
Epoch 12/150 [train]:  23%|██▎       | 6/26 [00:00<00:00, 51.09it/s, S=0.2219, loss=-0.1616]
Epoch 12/150 [train]:  23%|██▎       | 6/26 [00:00<00:00, 51.09it/s, S=0.2204, loss=-0.1590]
Epoch 12/150 [train]:  46%|████▌     | 12/26 [00:00<00:00, 51.01it/s, S=0.2204, loss=-0.1590]
Epoch 12/150 [train]:  46%|████▌     | 12/26 [00:00<00:00, 51.01it/s, S=0.2223, loss=-0.1614]
Epoch 12/150 [train]:  46%|████▌     | 12/26 [00:00<00:00, 51.01it/s, S=0.2242, loss=-0.1631]
Epoch 12/150 [train]:  46%|████▌     | 12/26 [00:00<00:00, 51.01it/s, S=0.2241, loss=-0.1626]
Epoch 12/150 [train]:  46%|████▌     | 12/26 [00:00<00:00, 51.01it/s, S=0.2276, loss=-0.1670]
Epoch 12/150 [train]:  46%|████▌     | 12/26 [00:00<00:00, 51.01it/s, S=0.2320, loss=-0.1708]
Epoch 12/150 [train]:  46%|████▌     | 12/26 [00:00<00:00, 51.01it/s, S=0.2290, loss=-0.1692]
Epoch 12/150 [train]:  69%|██████▉   | 18/26 [00:00<00:00, 51.02it/s, S=0.2290, loss=-0.1692]
Epoch 12/150 [train]:  69%|██████▉   | 18/26 [00:00<00:00, 51.02it/s, S=0.2304, loss=-0.1684]
Epoch 12/150 [train]:  69%|██████▉   | 18/26 [00:00<00:00, 51.02it/s, S=0.2317, loss=-0.1709]
Epoch 12/150 [train]:  69%|██████▉   | 18/26 [00:00<00:00, 51.02it/s, S=0.2339, loss=-0.1687]
Epoch 12/150 [train]:  69%|██████▉   | 18/26 [00:00<00:00, 51.02it/s, S=0.2226, loss=-0.1595]
Epoch 12/150 [train]:  69%|██████▉   | 18/26 [00:00<00:00, 51.02it/s, S=0.2299, loss=-0.1701]
Epoch 12/150 [train]:  69%|██████▉   | 18/26 [00:00<00:00, 51.02it/s, S=0.2367, loss=-0.1726]
Epoch 12/150 [train]:  92%|█████████▏| 24/26 [00:00<00:00, 50.99it/s, S=0.2367, loss=-0.1726]
Epoch 12/150 [train]:  92%|█████████▏| 24/26 [00:00<00:00, 50.99it/s, S=0.2329, loss=-0.1693]
Epoch 12/150 [train]:  92%|█████████▏| 24/26 [00:00<00:00, 50.99it/s, S=0.2378, loss=-0.1767]
                                                                                             
Epoch  12/150  train loss=-0.1643  val loss=-0.1901  S[mean]=0.2624  ζ=0.3679  mean_plane_ζ=0.2439  reg=0.0724  λscale=0.17  lr=4.88e-04

Epoch 13/150 [train]:   0%|          | 0/26 [00:00<?, ?it/s]
Epoch 13/150 [train]:   0%|          | 0/26 [00:00<?, ?it/s, S=0.2406, loss=-0.1745]
Epoch 13/150 [train]:   0%|          | 0/26 [00:00<?, ?it/s, S=0.2372, loss=-0.1725]
Epoch 13/150 [train]:   0%|          | 0/26 [00:00<?, ?it/s, S=0.2408, loss=-0.1747]
Epoch 13/150 [train]:   0%|          | 0/26 [00:00<?, ?it/s, S=0.2386, loss=-0.1742]
Epoch 13/150 [train]:   0%|          | 0/26 [00:00<?, ?it/s, S=0.2358, loss=-0.1674]
Epoch 13/150 [train]:   0%|          | 0/26 [00:00<?, ?it/s, S=0.2434, loss=-0.1746]
Epoch 13/150 [train]:  23%|██▎       | 6/26 [00:00<00:00, 50.92it/s, S=0.2434, loss=-0.1746]
Epoch 13/150 [train]:  23%|██▎       | 6/26 [00:00<00:00, 50.92it/s, S=0.2522, loss=-0.1862]
Epoch 13/150 [train]:  23%|██▎       | 6/26 [00:00<00:00, 50.92it/s, S=0.2406, loss=-0.1733]
Epoch 13/150 [train]:  23%|██▎       | 6/26 [00:00<00:00, 50.92it/s, S=0.2419, loss=-0.1721]
Epoch 13/150 [train]:  23%|██▎       | 6/26 [00:00<00:00, 50.92it/s, S=0.2463, loss=-0.1780]
Epoch 13/150 [train]:  23%|██▎       | 6/26 [00:00<00:00, 50.92it/s, S=0.2521, loss=-0.1861]
Epoch 13/150 [train]:  23%|██▎       | 6/26 [00:00<00:00, 50.92it/s, S=0.2474, loss=-0.1809]
Epoch 13/150 [train]:  46%|████▌     | 12/26 [00:00<00:00, 50.99it/s, S=0.2474, loss=-0.1809]
Epoch 13/150 [train]:  46%|████▌     | 12/26 [00:00<00:00, 50.99it/s, S=0.2457, loss=-0.1790]
Epoch 13/150 [train]:  46%|████▌     | 12/26 [00:00<00:00, 50.99it/s, S=0.2482, loss=-0.1806]
Epoch 13/150 [train]:  46%|████▌     | 12/26 [00:00<00:00, 50.99it/s, S=0.2381, loss=-0.1691]
Epoch 13/150 [train]:  46%|████▌     | 12/26 [00:00<00:00, 50.99it/s, S=0.2473, loss=-0.1807]
Epoch 13/150 [train]:  46%|████▌     | 12/26 [00:00<00:00, 50.99it/s, S=0.2540, loss=-0.1867]
Epoch 13/150 [train]:  46%|████▌     | 12/26 [00:00<00:00, 50.99it/s, S=0.2485, loss=-0.1807]
Epoch 13/150 [train]:  69%|██████▉   | 18/26 [00:00<00:00, 50.92it/s, S=0.2485, loss=-0.1807]
Epoch 13/150 [train]:  69%|██████▉   | 18/26 [00:00<00:00, 50.92it/s, S=0.2486, loss=-0.1822]
Epoch 13/150 [train]:  69%|██████▉   | 18/26 [00:00<00:00, 50.92it/s, S=0.2533, loss=-0.1857]
Epoch 13/150 [train]:  69%|██████▉   | 18/26 [00:00<00:00, 50.92it/s, S=0.2483, loss=-0.1792]
Epoch 13/150 [train]:  69%|██████▉   | 18/26 [00:00<00:00, 50.92it/s, S=0.2474, loss=-0.1806]
Epoch 13/150 [train]:  69%|██████▉   | 18/26 [00:00<00:00, 50.92it/s, S=0.2563, loss=-0.1903]
Epoch 13/150 [train]:  69%|██████▉   | 18/26 [00:00<00:00, 50.92it/s, S=0.2541, loss=-0.1877]
Epoch 13/150 [train]:  92%|█████████▏| 24/26 [00:00<00:00, 50.88it/s, S=0.2541, loss=-0.1877]
Epoch 13/150 [train]:  92%|█████████▏| 24/26 [00:00<00:00, 50.88it/s, S=0.2481, loss=-0.1807]
Epoch 13/150 [train]:  92%|█████████▏| 24/26 [00:00<00:00, 50.88it/s, S=0.2565, loss=-0.1854]
                                                                                             
Epoch  13/150  train loss=-0.1793  val loss=-0.2038  S[mean]=0.2810  ζ=0.3766  mean_plane_ζ=0.2522  reg=0.0772  λscale=0.17  lr=4.73e-04

Epoch 14/150 [train]:   0%|          | 0/26 [00:00<?, ?it/s]
Epoch 14/150 [train]:   0%|          | 0/26 [00:00<?, ?it/s, S=0.2594, loss=-0.1901]
Epoch 14/150 [train]:   0%|          | 0/26 [00:00<?, ?it/s, S=0.2576, loss=-0.1875]
Epoch 14/150 [train]:   0%|          | 0/26 [00:00<?, ?it/s, S=0.2578, loss=-0.1869]
Epoch 14/150 [train]:   0%|          | 0/26 [00:00<?, ?it/s, S=0.2623, loss=-0.1921]
Epoch 14/150 [train]:   0%|          | 0/26 [00:00<?, ?it/s, S=0.2575, loss=-0.1875]
Epoch 14/150 [train]:   0%|          | 0/26 [00:00<?, ?it/s, S=0.2572, loss=-0.1871]
Epoch 14/150 [train]:  23%|██▎       | 6/26 [00:00<00:00, 50.96it/s, S=0.2572, loss=-0.1871]
Epoch 14/150 [train]:  23%|██▎       | 6/26 [00:00<00:00, 50.96it/s, S=0.2574, loss=-0.1883]
Epoch 14/150 [train]:  23%|██▎       | 6/26 [00:00<00:00, 50.96it/s, S=0.2608, loss=-0.1906]
Epoch 14/150 [train]:  23%|██▎       | 6/26 [00:00<00:00, 50.96it/s, S=0.2648, loss=-0.1941]
Epoch 14/150 [train]:  23%|██▎       | 6/26 [00:00<00:00, 50.96it/s, S=0.2648, loss=-0.1952]
Epoch 14/150 [train]:  23%|██▎       | 6/26 [00:00<00:00, 50.96it/s, S=0.2637, loss=-0.1935]
Epoch 14/150 [train]:  23%|██▎       | 6/26 [00:00<00:00, 50.96it/s, S=0.2705, loss=-0.1987]
Epoch 14/150 [train]:  46%|████▌     | 12/26 [00:00<00:00, 51.02it/s, S=0.2705, loss=-0.1987]
Epoch 14/150 [train]:  46%|████▌     | 12/26 [00:00<00:00, 51.02it/s, S=0.2616, loss=-0.1915]
Epoch 14/150 [train]:  46%|████▌     | 12/26 [00:00<00:00, 51.02it/s, S=0.2690, loss=-0.1993]
Epoch 14/150 [train]:  46%|████▌     | 12/26 [00:00<00:00, 51.02it/s, S=0.2670, loss=-0.1960]
Epoch 14/150 [train]:  46%|████▌     | 12/26 [00:00<00:00, 51.02it/s, S=0.2666, loss=-0.1975]
Epoch 14/150 [train]:  46%|████▌     | 12/26 [00:00<00:00, 51.02it/s, S=0.2729, loss=-0.2008]
Epoch 14/150 [train]:  46%|████▌     | 12/26 [00:00<00:00, 51.02it/s, S=0.2628, loss=-0.1914]
Epoch 14/150 [train]:  69%|██████▉   | 18/26 [00:00<00:00, 50.89it/s, S=0.2628, loss=-0.1914]
Epoch 14/150 [train]:  69%|██████▉   | 18/26 [00:00<00:00, 50.89it/s, S=0.2618, loss=-0.1884]
Epoch 14/150 [train]:  69%|██████▉   | 18/26 [00:00<00:00, 50.89it/s, S=0.2596, loss=-0.1876]
Epoch 14/150 [train]:  69%|██████▉   | 18/26 [00:00<00:00, 50.89it/s, S=0.2639, loss=-0.1923]
Epoch 14/150 [train]:  69%|██████▉   | 18/26 [00:00<00:00, 50.89it/s, S=0.2668, loss=-0.1927]
Epoch 14/150 [train]:  69%|██████▉   | 18/26 [00:00<00:00, 50.89it/s, S=0.2740, loss=-0.2038]
Epoch 14/150 [train]:  69%|██████▉   | 18/26 [00:00<00:00, 50.89it/s, S=0.2729, loss=-0.2014]
Epoch 14/150 [train]:  92%|█████████▏| 24/26 [00:00<00:00, 50.92it/s, S=0.2729, loss=-0.2014]
Epoch 14/150 [train]:  92%|█████████▏| 24/26 [00:00<00:00, 50.92it/s, S=0.2690, loss=-0.1976]
Epoch 14/150 [train]:  92%|█████████▏| 24/26 [00:00<00:00, 50.92it/s, S=0.2680, loss=-0.1915]
                                                                                             
Epoch  14/150  train loss=-0.1932  val loss=-0.2131  S[mean]=0.2940  ζ=0.3821  mean_plane_ζ=0.2574  reg=0.0808  λscale=0.18  lr=4.52e-04

Epoch 15/150 [train]:   0%|          | 0/26 [00:00<?, ?it/s]
Epoch 15/150 [train]:   0%|          | 0/26 [00:00<?, ?it/s, S=0.2639, loss=-0.1871]
Epoch 15/150 [train]:   0%|          | 0/26 [00:00<?, ?it/s, S=0.2682, loss=-0.1941]
Epoch 15/150 [train]:   0%|          | 0/26 [00:00<?, ?it/s, S=0.2782, loss=-0.2053]
Epoch 15/150 [train]:   0%|          | 0/26 [00:00<?, ?it/s, S=0.2691, loss=-0.1957]
Epoch 15/150 [train]:   0%|          | 0/26 [00:00<?, ?it/s, S=0.2787, loss=-0.2013]
Epoch 15/150 [train]:   0%|          | 0/26 [00:00<?, ?it/s, S=0.2631, loss=-0.1895]
Epoch 15/150 [train]:  23%|██▎       | 6/26 [00:00<00:00, 50.96it/s, S=0.2631, loss=-0.1895]
Epoch 15/150 [train]:  23%|██▎       | 6/26 [00:00<00:00, 50.96it/s, S=0.2751, loss=-0.1995]
Epoch 15/150 [train]:  23%|██▎       | 6/26 [00:00<00:00, 50.96it/s, S=0.2686, loss=-0.1926]
Epoch 15/150 [train]:  23%|██▎       | 6/26 [00:00<00:00, 50.96it/s, S=0.2741, loss=-0.1998]
Epoch 15/150 [train]:  23%|██▎       | 6/26 [00:00<00:00, 50.96it/s, S=0.2791, loss=-0.2056]
Epoch 15/150 [train]:  23%|██▎       | 6/26 [00:00<00:00, 50.96it/s, S=0.2730, loss=-0.1962]
Epoch 15/150 [train]:  23%|██▎       | 6/26 [00:00<00:00, 50.96it/s, S=0.2751, loss=-0.2010]
Epoch 15/150 [train]:  46%|████▌     | 12/26 [00:00<00:00, 50.91it/s, S=0.2751, loss=-0.2010]
Epoch 15/150 [train]:  46%|████▌     | 12/26 [00:00<00:00, 50.91it/s, S=0.2817, loss=-0.2081]
Epoch 15/150 [train]:  46%|████▌     | 12/26 [00:00<00:00, 50.91it/s, S=0.2726, loss=-0.1987]
Epoch 15/150 [train]:  46%|████▌     | 12/26 [00:00<00:00, 50.91it/s, S=0.2810, loss=-0.2071]
Epoch 15/150 [train]:  46%|████▌     | 12/26 [00:00<00:00, 50.91it/s, S=0.2775, loss=-0.2013]
Epoch 15/150 [train]:  46%|████▌     | 12/26 [00:00<00:00, 50.91it/s, S=0.2757, loss=-0.2012]
Epoch 15/150 [train]:  46%|████▌     | 12/26 [00:00<00:00, 50.91it/s, S=0.2787, loss=-0.2035]
Epoch 15/150 [train]:  69%|██████▉   | 18/26 [00:00<00:00, 50.89it/s, S=0.2787, loss=-0.2035]
Epoch 15/150 [train]:  69%|██████▉   | 18/26 [00:00<00:00, 50.89it/s, S=0.2795, loss=-0.2047]
Epoch 15/150 [train]:  69%|██████▉   | 18/26 [00:00<00:00, 50.89it/s, S=0.2818, loss=-0.2082]
Epoch 15/150 [train]:  69%|██████▉   | 18/26 [00:00<00:00, 50.89it/s, S=0.2813, loss=-0.2060]
Epoch 15/150 [train]:  69%|██████▉   | 18/26 [00:00<00:00, 50.89it/s, S=0.2791, loss=-0.1987]
Epoch 15/150 [train]:  69%|██████▉   | 18/26 [00:00<00:00, 50.89it/s, S=0.2784, loss=-0.2011]
Epoch 15/150 [train]:  69%|██████▉   | 18/26 [00:00<00:00, 50.89it/s, S=0.2781, loss=-0.2026]
Epoch 15/150 [train]:  92%|█████████▏| 24/26 [00:00<00:00, 50.87it/s, S=0.2781, loss=-0.2026]
Epoch 15/150 [train]:  92%|█████████▏| 24/26 [00:00<00:00, 50.87it/s, S=0.2724, loss=-0.1942]
Epoch 15/150 [train]:  92%|█████████▏| 24/26 [00:00<00:00, 50.87it/s, S=0.2789, loss=-0.2048]
                                                                                             
Epoch  15/150  train loss=-0.2003  val loss=-0.2189  S[mean]=0.3029  ζ=0.3848  mean_plane_ζ=0.2618  reg=0.0840  λscale=0.18  lr=4.27e-04

Epoch 16/150 [train]:   0%|          | 0/26 [00:00<?, ?it/s]
Epoch 16/150 [train]:   0%|          | 0/26 [00:00<?, ?it/s, S=0.2849, loss=-0.2065]
Epoch 16/150 [train]:   0%|          | 0/26 [00:00<?, ?it/s, S=0.2792, loss=-0.1969]
Epoch 16/150 [train]:   0%|          | 0/26 [00:00<?, ?it/s, S=0.2928, loss=-0.2170]
Epoch 16/150 [train]:   0%|          | 0/26 [00:00<?, ?it/s, S=0.2778, loss=-0.2015]
Epoch 16/150 [train]:   0%|          | 0/26 [00:00<?, ?it/s, S=0.2821, loss=-0.2014]
Epoch 16/150 [train]:   0%|          | 0/26 [00:00<?, ?it/s, S=0.2822, loss=-0.2049]
Epoch 16/150 [train]:  23%|██▎       | 6/26 [00:00<00:00, 50.99it/s, S=0.2822, loss=-0.2049]
Epoch 16/150 [train]:  23%|██▎       | 6/26 [00:00<00:00, 50.99it/s, S=0.2890, loss=-0.2124]
Epoch 16/150 [train]:  23%|██▎       | 6/26 [00:00<00:00, 50.99it/s, S=0.2864, loss=-0.2060]
Epoch 16/150 [train]:  23%|██▎       | 6/26 [00:00<00:00, 50.99it/s, S=0.2854, loss=-0.2086]
Epoch 16/150 [train]:  23%|██▎       | 6/26 [00:00<00:00, 50.99it/s, S=0.2828, loss=-0.2050]
Epoch 16/150 [train]:  23%|██▎       | 6/26 [00:00<00:00, 50.99it/s, S=0.2844, loss=-0.2062]
Epoch 16/150 [train]:  23%|██▎       | 6/26 [00:00<00:00, 50.99it/s, S=0.2869, loss=-0.2104]
Epoch 16/150 [train]:  46%|████▌     | 12/26 [00:00<00:00, 50.95it/s, S=0.2869, loss=-0.2104]
Epoch 16/150 [train]:  46%|████▌     | 12/26 [00:00<00:00, 50.95it/s, S=0.2855, loss=-0.2039]
Epoch 16/150 [train]:  46%|████▌     | 12/26 [00:00<00:00, 50.95it/s, S=0.2867, loss=-0.2094]
Epoch 16/150 [train]:  46%|████▌     | 12/26 [00:00<00:00, 50.95it/s, S=0.2840, loss=-0.1965]
Epoch 16/150 [train]:  46%|████▌     | 12/26 [00:00<00:00, 50.95it/s, S=0.2908, loss=-0.2114]
Epoch 16/150 [train]:  46%|████▌     | 12/26 [00:00<00:00, 50.95it/s, S=0.2913, loss=-0.2132]
Epoch 16/150 [train]:  46%|████▌     | 12/26 [00:00<00:00, 50.95it/s, S=0.2908, loss=-0.2132]
Epoch 16/150 [train]:  69%|██████▉   | 18/26 [00:00<00:00, 50.93it/s, S=0.2908, loss=-0.2132]
Epoch 16/150 [train]:  69%|██████▉   | 18/26 [00:00<00:00, 50.93it/s, S=0.2843, loss=-0.2071]
Epoch 16/150 [train]:  69%|██████▉   | 18/26 [00:00<00:00, 50.93it/s, S=0.2844, loss=-0.2055]
Epoch 16/150 [train]:  69%|██████▉   | 18/26 [00:00<00:00, 50.93it/s, S=0.2883, loss=-0.2099]
Epoch 16/150 [train]:  69%|██████▉   | 18/26 [00:00<00:00, 50.93it/s, S=0.2870, loss=-0.2098]
Epoch 16/150 [train]:  69%|██████▉   | 18/26 [00:00<00:00, 50.93it/s, S=0.2817, loss=-0.2004]
Epoch 16/150 [train]:  69%|██████▉   | 18/26 [00:00<00:00, 50.93it/s, S=0.2865, loss=-0.2077]
Epoch 16/150 [train]:  92%|█████████▏| 24/26 [00:00<00:00, 50.94it/s, S=0.2865, loss=-0.2077]
Epoch 16/150 [train]:  92%|█████████▏| 24/26 [00:00<00:00, 50.94it/s, S=0.2919, loss=-0.2141]
Epoch 16/150 [train]:  92%|█████████▏| 24/26 [00:00<00:00, 50.94it/s, S=0.2891, loss=-0.2103]
                                                                                             
Epoch  16/150  train loss=-0.2073  val loss=-0.2244  S[mean]=0.3114  ζ=0.3878  mean_plane_ζ=0.2651  reg=0.0870  λscale=0.19  lr=3.97e-04

Epoch 17/150 [train]:   0%|          | 0/26 [00:00<?, ?it/s]
Epoch 17/150 [train]:   0%|          | 0/26 [00:00<?, ?it/s, S=0.2903, loss=-0.2096]
Epoch 17/150 [train]:   0%|          | 0/26 [00:00<?, ?it/s, S=0.2955, loss=-0.2162]
Epoch 17/150 [train]:   0%|          | 0/26 [00:00<?, ?it/s, S=0.2954, loss=-0.2166]
Epoch 17/150 [train]:   0%|          | 0/26 [00:00<?, ?it/s, S=0.2932, loss=-0.2128]
Epoch 17/150 [train]:   0%|          | 0/26 [00:00<?, ?it/s, S=0.2919, loss=-0.2111]
Epoch 17/150 [train]:   0%|          | 0/26 [00:00<?, ?it/s, S=0.2893, loss=-0.2090]
Epoch 17/150 [train]:  23%|██▎       | 6/26 [00:00<00:00, 51.10it/s, S=0.2893, loss=-0.2090]
Epoch 17/150 [train]:  23%|██▎       | 6/26 [00:00<00:00, 51.10it/s, S=0.2994, loss=-0.2185]
Epoch 17/150 [train]:  23%|██▎       | 6/26 [00:00<00:00, 51.10it/s, S=0.2891, loss=-0.2079]
Epoch 17/150 [train]:  23%|██▎       | 6/26 [00:00<00:00, 51.10it/s, S=0.2907, loss=-0.2096]
Epoch 17/150 [train]:  23%|██▎       | 6/26 [00:00<00:00, 51.10it/s, S=0.2908, loss=-0.2105]
Epoch 17/150 [train]:  23%|██▎       | 6/26 [00:00<00:00, 51.10it/s, S=0.3000, loss=-0.2171]
Epoch 17/150 [train]:  23%|██▎       | 6/26 [00:00<00:00, 51.10it/s, S=0.2991, loss=-0.2194]
Epoch 17/150 [train]:  46%|████▌     | 12/26 [00:00<00:00, 50.98it/s, S=0.2991, loss=-0.2194]
Epoch 17/150 [train]:  46%|████▌     | 12/26 [00:00<00:00, 50.98it/s, S=0.2882, loss=-0.2047]
Epoch 17/150 [train]:  46%|████▌     | 12/26 [00:00<00:00, 50.98it/s, S=0.3046, loss=-0.2242]
Epoch 17/150 [train]:  46%|████▌     | 12/26 [00:00<00:00, 50.98it/s, S=0.2900, loss=-0.2044]
Epoch 17/150 [train]:  46%|████▌     | 12/26 [00:00<00:00, 50.98it/s, S=0.2958, loss=-0.2157]
Epoch 17/150 [train]:  46%|████▌     | 12/26 [00:00<00:00, 50.98it/s, S=0.2970, loss=-0.2184]
Epoch 17/150 [train]:  46%|████▌     | 12/26 [00:00<00:00, 50.98it/s, S=0.2933, loss=-0.2109]
Epoch 17/150 [train]:  69%|██████▉   | 18/26 [00:00<00:00, 50.93it/s, S=0.2933, loss=-0.2109]
Epoch 17/150 [train]:  69%|██████▉   | 18/26 [00:00<00:00, 50.93it/s, S=0.2914, loss=-0.2081]
Epoch 17/150 [train]:  69%|██████▉   | 18/26 [00:00<00:00, 50.93it/s, S=0.2975, loss=-0.2180]
Epoch 17/150 [train]:  69%|██████▉   | 18/26 [00:00<00:00, 50.93it/s, S=0.2923, loss=-0.2118]
Epoch 17/150 [train]:  69%|██████▉   | 18/26 [00:00<00:00, 50.93it/s, S=0.2901, loss=-0.2102]
Epoch 17/150 [train]:  69%|██████▉   | 18/26 [00:00<00:00, 50.93it/s, S=0.2986, loss=-0.2194]
Epoch 17/150 [train]:  69%|██████▉   | 18/26 [00:00<00:00, 50.93it/s, S=0.2904, loss=-0.2087]
Epoch 17/150 [train]:  92%|█████████▏| 24/26 [00:00<00:00, 50.89it/s, S=0.2904, loss=-0.2087]
Epoch 17/150 [train]:  92%|█████████▏| 24/26 [00:00<00:00, 50.89it/s, S=0.2944, loss=-0.2153]
Epoch 17/150 [train]:  92%|█████████▏| 24/26 [00:00<00:00, 50.89it/s, S=0.2974, loss=-0.2186]
                                                                                             
Epoch  17/150  train loss=-0.2133  val loss=-0.2277  S[mean]=0.3166  ζ=0.3904  mean_plane_ζ=0.2677  reg=0.0889  λscale=0.20  lr=3.63e-04

Epoch 18/150 [train]:   0%|          | 0/26 [00:00<?, ?it/s]
Epoch 18/150 [train]:   0%|          | 0/26 [00:00<?, ?it/s, S=0.2982, loss=-0.2154]
Epoch 18/150 [train]:   0%|          | 0/26 [00:00<?, ?it/s, S=0.2998, loss=-0.2172]
Epoch 18/150 [train]:   0%|          | 0/26 [00:00<?, ?it/s, S=0.2997, loss=-0.2165]
Epoch 18/150 [train]:   0%|          | 0/26 [00:00<?, ?it/s, S=0.3059, loss=-0.2237]
Epoch 18/150 [train]:   0%|          | 0/26 [00:00<?, ?it/s, S=0.2977, loss=-0.2130]
Epoch 18/150 [train]:   0%|          | 0/26 [00:00<?, ?it/s, S=0.2966, loss=-0.2115]
Epoch 18/150 [train]:  23%|██▎       | 6/26 [00:00<00:00, 50.99it/s, S=0.2966, loss=-0.2115]
Epoch 18/150 [train]:  23%|██▎       | 6/26 [00:00<00:00, 50.99it/s, S=0.2945, loss=-0.2069]
Epoch 18/150 [train]:  23%|██▎       | 6/26 [00:00<00:00, 50.99it/s, S=0.3009, loss=-0.2198]
Epoch 18/150 [train]:  23%|██▎       | 6/26 [00:00<00:00, 50.99it/s, S=0.3010, loss=-0.2167]
Epoch 18/150 [train]:  23%|██▎       | 6/26 [00:00<00:00, 50.99it/s, S=0.2990, loss=-0.2180]
Epoch 18/150 [train]:  23%|██▎       | 6/26 [00:00<00:00, 50.99it/s, S=0.3029, loss=-0.2213]
Epoch 18/150 [train]:  23%|██▎       | 6/26 [00:00<00:00, 50.99it/s, S=0.3029, loss=-0.2205]
Epoch 18/150 [train]:  46%|████▌     | 12/26 [00:00<00:00, 50.93it/s, S=0.3029, loss=-0.2205]
Epoch 18/150 [train]:  46%|████▌     | 12/26 [00:00<00:00, 50.93it/s, S=0.3019, loss=-0.2211]
Epoch 18/150 [train]:  46%|████▌     | 12/26 [00:00<00:00, 50.93it/s, S=0.3067, loss=-0.2250]
Epoch 18/150 [train]:  46%|████▌     | 12/26 [00:00<00:00, 50.93it/s, S=0.3030, loss=-0.2170]
Epoch 18/150 [train]:  46%|████▌     | 12/26 [00:00<00:00, 50.93it/s, S=0.2980, loss=-0.2107]
Epoch 18/150 [train]:  46%|████▌     | 12/26 [00:00<00:00, 50.93it/s, S=0.2938, loss=-0.2102]
Epoch 18/150 [train]:  46%|████▌     | 12/26 [00:00<00:00, 50.93it/s, S=0.3024, loss=-0.2221]
Epoch 18/150 [train]:  69%|██████▉   | 18/26 [00:00<00:00, 50.92it/s, S=0.3024, loss=-0.2221]
Epoch 18/150 [train]:  69%|██████▉   | 18/26 [00:00<00:00, 50.92it/s, S=0.3061, loss=-0.2235]
Epoch 18/150 [train]:  69%|██████▉   | 18/26 [00:00<00:00, 50.92it/s, S=0.2907, loss=-0.2086]
Epoch 18/150 [train]:  69%|██████▉   | 18/26 [00:00<00:00, 50.92it/s, S=0.3001, loss=-0.2177]
Epoch 18/150 [train]:  69%|██████▉   | 18/26 [00:00<00:00, 50.92it/s, S=0.3041, loss=-0.2224]
Epoch 18/150 [train]:  69%|██████▉   | 18/26 [00:00<00:00, 50.92it/s, S=0.2891, loss=-0.2018]
Epoch 18/150 [train]:  69%|██████▉   | 18/26 [00:00<00:00, 50.92it/s, S=0.2988, loss=-0.2127]
Epoch 18/150 [train]:  92%|█████████▏| 24/26 [00:00<00:00, 50.92it/s, S=0.2988, loss=-0.2127]
Epoch 18/150 [train]:  92%|█████████▏| 24/26 [00:00<00:00, 50.92it/s, S=0.2999, loss=-0.2180]
Epoch 18/150 [train]:  92%|█████████▏| 24/26 [00:00<00:00, 50.92it/s, S=0.3053, loss=-0.2213]
                                                                                             
Epoch  18/150  train loss=-0.2166  val loss=-0.2283  S[mean]=0.3201  ζ=0.3907  mean_plane_ζ=0.2688  reg=0.0919  λscale=0.20  lr=3.27e-04

Epoch 19/150 [train]:   0%|          | 0/26 [00:00<?, ?it/s]
Epoch 19/150 [train]:   0%|          | 0/26 [00:00<?, ?it/s, S=0.3039, loss=-0.2206]
Epoch 19/150 [train]:   0%|          | 0/26 [00:00<?, ?it/s, S=0.2911, loss=-0.2049]
Epoch 19/150 [train]:   0%|          | 0/26 [00:00<?, ?it/s, S=0.3035, loss=-0.2173]
Epoch 19/150 [train]:   0%|          | 0/26 [00:00<?, ?it/s, S=0.3000, loss=-0.2148]
Epoch 19/150 [train]:   0%|          | 0/26 [00:00<?, ?it/s, S=0.3126, loss=-0.2306]
Epoch 19/150 [train]:   0%|          | 0/26 [00:00<?, ?it/s, S=0.3031, loss=-0.2173]
Epoch 19/150 [train]:  23%|██▎       | 6/26 [00:00<00:00, 50.96it/s, S=0.3031, loss=-0.2173]
Epoch 19/150 [train]:  23%|██▎       | 6/26 [00:00<00:00, 50.96it/s, S=0.3060, loss=-0.2205]
Epoch 19/150 [train]:  23%|██▎       | 6/26 [00:00<00:00, 50.96it/s, S=0.3082, loss=-0.2234]
Epoch 19/150 [train]:  23%|██▎       | 6/26 [00:00<00:00, 50.96it/s, S=0.3110, loss=-0.2277]
Epoch 19/150 [train]:  23%|██▎       | 6/26 [00:00<00:00, 50.96it/s, S=0.3096, loss=-0.2246]
Epoch 19/150 [train]:  23%|██▎       | 6/26 [00:00<00:00, 50.96it/s, S=0.3078, loss=-0.2204]
Epoch 19/150 [train]:  23%|██▎       | 6/26 [00:00<00:00, 50.96it/s, S=0.2856, loss=-0.1977]
Epoch 19/150 [train]:  46%|████▌     | 12/26 [00:00<00:00, 50.98it/s, S=0.2856, loss=-0.1977]
Epoch 19/150 [train]:  46%|████▌     | 12/26 [00:00<00:00, 50.98it/s, S=0.2950, loss=-0.2096]
Epoch 19/150 [train]:  46%|████▌     | 12/26 [00:00<00:00, 50.98it/s, S=0.3081, loss=-0.2250]
Epoch 19/150 [train]:  46%|████▌     | 12/26 [00:00<00:00, 50.98it/s, S=0.3047, loss=-0.2224]
Epoch 19/150 [train]:  46%|████▌     | 12/26 [00:00<00:00, 50.98it/s, S=0.3051, loss=-0.2189]
Epoch 19/150 [train]:  46%|████▌     | 12/26 [00:00<00:00, 50.98it/s, S=0.3055, loss=-0.2234]
Epoch 19/150 [train]:  46%|████▌     | 12/26 [00:00<00:00, 50.98it/s, S=0.3017, loss=-0.2120]
Epoch 19/150 [train]:  69%|██████▉   | 18/26 [00:00<00:00, 50.92it/s, S=0.3017, loss=-0.2120]
Epoch 19/150 [train]:  69%|██████▉   | 18/26 [00:00<00:00, 50.92it/s, S=0.3140, loss=-0.2314]
Epoch 19/150 [train]:  69%|██████▉   | 18/26 [00:00<00:00, 50.92it/s, S=0.3012, loss=-0.2194]
Epoch 19/150 [train]:  69%|██████▉   | 18/26 [00:00<00:00, 50.92it/s, S=0.3065, loss=-0.2233]
Epoch 19/150 [train]:  69%|██████▉   | 18/26 [00:00<00:00, 50.92it/s, S=0.3090, loss=-0.2265]
Epoch 19/150 [train]:  69%|██████▉   | 18/26 [00:00<00:00, 50.92it/s, S=0.3032, loss=-0.2176]
Epoch 19/150 [train]:  69%|██████▉   | 18/26 [00:00<00:00, 50.92it/s, S=0.3031, loss=-0.2188]
Epoch 19/150 [train]:  92%|█████████▏| 24/26 [00:00<00:00, 50.88it/s, S=0.3031, loss=-0.2188]
Epoch 19/150 [train]:  92%|█████████▏| 24/26 [00:00<00:00, 50.88it/s, S=0.3061, loss=-0.2184]
Epoch 19/150 [train]:  92%|█████████▏| 24/26 [00:00<00:00, 50.88it/s, S=0.2968, loss=-0.2121]
                                                                                             
Epoch  19/150  train loss=-0.2192  val loss=-0.2313  S[mean]=0.3242  ζ=0.3925  mean_plane_ζ=0.2711  reg=0.0929  λscale=0.21  lr=2.89e-04

Epoch 20/150 [train]:   0%|          | 0/26 [00:00<?, ?it/s]
Epoch 20/150 [train]:   0%|          | 0/26 [00:00<?, ?it/s, S=0.3110, loss=-0.2223]
Epoch 20/150 [train]:   0%|          | 0/26 [00:00<?, ?it/s, S=0.3113, loss=-0.2262]
Epoch 20/150 [train]:   0%|          | 0/26 [00:00<?, ?it/s, S=0.3121, loss=-0.2234]
Epoch 20/150 [train]:   0%|          | 0/26 [00:00<?, ?it/s, S=0.3123, loss=-0.2268]
Epoch 20/150 [train]:   0%|          | 0/26 [00:00<?, ?it/s, S=0.3054, loss=-0.2189]
Epoch 20/150 [train]:   0%|          | 0/26 [00:00<?, ?it/s, S=0.3119, loss=-0.2261]
Epoch 20/150 [train]:  23%|██▎       | 6/26 [00:00<00:00, 50.97it/s, S=0.3119, loss=-0.2261]
Epoch 20/150 [train]:  23%|██▎       | 6/26 [00:00<00:00, 50.97it/s, S=0.3046, loss=-0.2198]
Epoch 20/150 [train]:  23%|██▎       | 6/26 [00:00<00:00, 50.97it/s, S=0.3073, loss=-0.2189]
Epoch 20/150 [train]:  23%|██▎       | 6/26 [00:00<00:00, 50.97it/s, S=0.3089, loss=-0.2206]
Epoch 20/150 [train]:  23%|██▎       | 6/26 [00:00<00:00, 50.97it/s, S=0.3072, loss=-0.2211]
Epoch 20/150 [train]:  23%|██▎       | 6/26 [00:00<00:00, 50.97it/s, S=0.3028, loss=-0.2154]
Epoch 20/150 [train]:  23%|██▎       | 6/26 [00:00<00:00, 50.97it/s, S=0.3038, loss=-0.2172]
Epoch 20/150 [train]:  46%|████▌     | 12/26 [00:00<00:00, 50.98it/s, S=0.3038, loss=-0.2172]
Epoch 20/150 [train]:  46%|████▌     | 12/26 [00:00<00:00, 50.98it/s, S=0.3051, loss=-0.2150]
Epoch 20/150 [train]:  46%|████▌     | 12/26 [00:00<00:00, 50.98it/s, S=0.3080, loss=-0.2185]
Epoch 20/150 [train]:  46%|████▌     | 12/26 [00:00<00:00, 50.98it/s, S=0.3042, loss=-0.2152]
Epoch 20/150 [train]:  46%|████▌     | 12/26 [00:00<00:00, 50.98it/s, S=0.3097, loss=-0.2230]
Epoch 20/150 [train]:  46%|████▌     | 12/26 [00:00<00:00, 50.98it/s, S=0.3015, loss=-0.2139]
Epoch 20/150 [train]:  46%|████▌     | 12/26 [00:00<00:00, 50.98it/s, S=0.3002, loss=-0.2123]
Epoch 20/150 [train]:  69%|██████▉   | 18/26 [00:00<00:00, 50.91it/s, S=0.3002, loss=-0.2123]
Epoch 20/150 [train]:  69%|██████▉   | 18/26 [00:00<00:00, 50.91it/s, S=0.3058, loss=-0.2191]
Epoch 20/150 [train]:  69%|██████▉   | 18/26 [00:00<00:00, 50.91it/s, S=0.3093, loss=-0.2228]
Epoch 20/150 [train]:  69%|██████▉   | 18/26 [00:00<00:00, 50.91it/s, S=0.3087, loss=-0.2228]
Epoch 20/150 [train]:  69%|██████▉   | 18/26 [00:00<00:00, 50.91it/s, S=0.3112, loss=-0.2266]
Epoch 20/150 [train]:  69%|██████▉   | 18/26 [00:00<00:00, 50.91it/s, S=0.3085, loss=-0.2220]
Epoch 20/150 [train]:  69%|██████▉   | 18/26 [00:00<00:00, 50.91it/s, S=0.3000, loss=-0.2123]
Epoch 20/150 [train]:  92%|█████████▏| 24/26 [00:00<00:00, 50.90it/s, S=0.3000, loss=-0.2123]
Epoch 20/150 [train]:  92%|█████████▏| 24/26 [00:00<00:00, 50.90it/s, S=0.3100, loss=-0.2213]
Epoch 20/150 [train]:  92%|█████████▏| 24/26 [00:00<00:00, 50.90it/s, S=0.3058, loss=-0.2184]
                                                                                             
Epoch  20/150  train loss=-0.2200  val loss=-0.2321  S[mean]=0.3270  ζ=0.3932  mean_plane_ζ=0.2727  reg=0.0950  λscale=0.21  lr=2.50e-04

Epoch 21/150 [train]:   0%|          | 0/26 [00:00<?, ?it/s]
Epoch 21/150 [train]:   0%|          | 0/26 [00:00<?, ?it/s, S=0.3113, loss=-0.2197]
Epoch 21/150 [train]:   0%|          | 0/26 [00:00<?, ?it/s, S=0.3157, loss=-0.2281]
Epoch 21/150 [train]:   0%|          | 0/26 [00:00<?, ?it/s, S=0.3131, loss=-0.2253]
Epoch 21/150 [train]:   0%|          | 0/26 [00:00<?, ?it/s, S=0.3108, loss=-0.2226]
Epoch 21/150 [train]:   0%|          | 0/26 [00:00<?, ?it/s, S=0.3027, loss=-0.2162]
Epoch 21/150 [train]:   0%|          | 0/26 [00:00<?, ?it/s, S=0.3096, loss=-0.2197]
Epoch 21/150 [train]:  23%|██▎       | 6/26 [00:00<00:00, 51.07it/s, S=0.3096, loss=-0.2197]
Epoch 21/150 [train]:  23%|██▎       | 6/26 [00:00<00:00, 51.07it/s, S=0.3096, loss=-0.2220]
Epoch 21/150 [train]:  23%|██▎       | 6/26 [00:00<00:00, 51.07it/s, S=0.3151, loss=-0.2278]
Epoch 21/150 [train]:  23%|██▎       | 6/26 [00:00<00:00, 51.07it/s, S=0.3075, loss=-0.2164]
Epoch 21/150 [train]:  23%|██▎       | 6/26 [00:00<00:00, 51.07it/s, S=0.3076, loss=-0.2205]
Epoch 21/150 [train]:  23%|██▎       | 6/26 [00:00<00:00, 51.07it/s, S=0.3132, loss=-0.2256]
Epoch 21/150 [train]:  23%|██▎       | 6/26 [00:00<00:00, 51.07it/s, S=0.3101, loss=-0.2180]
Epoch 21/150 [train]:  46%|████▌     | 12/26 [00:00<00:00, 50.89it/s, S=0.3101, loss=-0.2180]
Epoch 21/150 [train]:  46%|████▌     | 12/26 [00:00<00:00, 50.89it/s, S=0.3040, loss=-0.2133]
Epoch 21/150 [train]:  46%|████▌     | 12/26 [00:00<00:00, 50.89it/s, S=0.3092, loss=-0.2197]
Epoch 21/150 [train]:  46%|████▌     | 12/26 [00:00<00:00, 50.89it/s, S=0.3103, loss=-0.2232]
Epoch 21/150 [train]:  46%|████▌     | 12/26 [00:00<00:00, 50.89it/s, S=0.3097, loss=-0.2206]
Epoch 21/150 [train]:  46%|████▌     | 12/26 [00:00<00:00, 50.89it/s, S=0.3108, loss=-0.2213]
Epoch 21/150 [train]:  46%|████▌     | 12/26 [00:00<00:00, 50.89it/s, S=0.3127, loss=-0.2260]
Epoch 21/150 [train]:  69%|██████▉   | 18/26 [00:00<00:00, 50.88it/s, S=0.3127, loss=-0.2260]
Epoch 21/150 [train]:  69%|██████▉   | 18/26 [00:00<00:00, 50.88it/s, S=0.3112, loss=-0.2183]
Epoch 21/150 [train]:  69%|██████▉   | 18/26 [00:00<00:00, 50.88it/s, S=0.3128, loss=-0.2199]
Epoch 21/150 [train]:  69%|██████▉   | 18/26 [00:00<00:00, 50.88it/s, S=0.3083, loss=-0.2204]
Epoch 21/150 [train]:  69%|██████▉   | 18/26 [00:00<00:00, 50.88it/s, S=0.3116, loss=-0.2268]
Epoch 21/150 [train]:  69%|██████▉   | 18/26 [00:00<00:00, 50.88it/s, S=0.3118, loss=-0.2198]
Epoch 21/150 [train]:  69%|██████▉   | 18/26 [00:00<00:00, 50.88it/s, S=0.3103, loss=-0.2202]
Epoch 21/150 [train]:  92%|█████████▏| 24/26 [00:00<00:00, 50.83it/s, S=0.3103, loss=-0.2202]
Epoch 21/150 [train]:  92%|█████████▏| 24/26 [00:00<00:00, 50.83it/s, S=0.3132, loss=-0.2250]
Epoch 21/150 [train]:  92%|█████████▏| 24/26 [00:00<00:00, 50.83it/s, S=0.3154, loss=-0.2276]
                                                                                             
Epoch  21/150  train loss=-0.2217  val loss=-0.2317  S[mean]=0.3286  ζ=0.3932  mean_plane_ζ=0.2736  reg=0.0970  λscale=0.22  lr=2.11e-04

Epoch 22/150 [train]:   0%|          | 0/26 [00:00<?, ?it/s]
Epoch 22/150 [train]:   0%|          | 0/26 [00:00<?, ?it/s, S=0.3115, loss=-0.2198]
Epoch 22/150 [train]:   0%|          | 0/26 [00:00<?, ?it/s, S=0.3070, loss=-0.2135]
Epoch 22/150 [train]:   0%|          | 0/26 [00:00<?, ?it/s, S=0.3124, loss=-0.2186]
Epoch 22/150 [train]:   0%|          | 0/26 [00:00<?, ?it/s, S=0.3085, loss=-0.2138]
Epoch 22/150 [train]:   0%|          | 0/26 [00:00<?, ?it/s, S=0.3244, loss=-0.2341]
Epoch 22/150 [train]:   0%|          | 0/26 [00:00<?, ?it/s, S=0.3135, loss=-0.2256]
Epoch 22/150 [train]:  23%|██▎       | 6/26 [00:00<00:00, 50.91it/s, S=0.3135, loss=-0.2256]
Epoch 22/150 [train]:  23%|██▎       | 6/26 [00:00<00:00, 50.91it/s, S=0.3092, loss=-0.2204]
Epoch 22/150 [train]:  23%|██▎       | 6/26 [00:00<00:00, 50.91it/s, S=0.3041, loss=-0.2136]
Epoch 22/150 [train]:  23%|██▎       | 6/26 [00:00<00:00, 50.91it/s, S=0.3125, loss=-0.2245]
Epoch 22/150 [train]:  23%|██▎       | 6/26 [00:00<00:00, 50.91it/s, S=0.3166, loss=-0.2292]
Epoch 22/150 [train]:  23%|██▎       | 6/26 [00:00<00:00, 50.91it/s, S=0.3009, loss=-0.2058]
Epoch 22/150 [train]:  23%|██▎       | 6/26 [00:00<00:00, 50.91it/s, S=0.3109, loss=-0.2182]
Epoch 22/150 [train]:  46%|████▌     | 12/26 [00:00<00:00, 50.92it/s, S=0.3109, loss=-0.2182]
Epoch 22/150 [train]:  46%|████▌     | 12/26 [00:00<00:00, 50.92it/s, S=0.3188, loss=-0.2268]
Epoch 22/150 [train]:  46%|████▌     | 12/26 [00:00<00:00, 50.92it/s, S=0.3117, loss=-0.2209]
Epoch 22/150 [train]:  46%|████▌     | 12/26 [00:00<00:00, 50.92it/s, S=0.3125, loss=-0.2180]
Epoch 22/150 [train]:  46%|████▌     | 12/26 [00:00<00:00, 50.92it/s, S=0.3183, loss=-0.2265]
Epoch 22/150 [train]:  46%|████▌     | 12/26 [00:00<00:00, 50.92it/s, S=0.3101, loss=-0.2157]
Epoch 22/150 [train]:  46%|████▌     | 12/26 [00:00<00:00, 50.92it/s, S=0.3135, loss=-0.2234]
Epoch 22/150 [train]:  69%|██████▉   | 18/26 [00:00<00:00, 50.90it/s, S=0.3135, loss=-0.2234]
Epoch 22/150 [train]:  69%|██████▉   | 18/26 [00:00<00:00, 50.90it/s, S=0.3114, loss=-0.2209]
Epoch 22/150 [train]:  69%|██████▉   | 18/26 [00:00<00:00, 50.90it/s, S=0.3145, loss=-0.2257]
Epoch 22/150 [train]:  69%|██████▉   | 18/26 [00:00<00:00, 50.90it/s, S=0.3120, loss=-0.2239]
Epoch 22/150 [train]:  69%|██████▉   | 18/26 [00:00<00:00, 50.90it/s, S=0.3108, loss=-0.2227]
Epoch 22/150 [train]:  69%|██████▉   | 18/26 [00:00<00:00, 50.90it/s, S=0.3189, loss=-0.2288]
Epoch 22/150 [train]:  69%|██████▉   | 18/26 [00:00<00:00, 50.90it/s, S=0.3162, loss=-0.2269]
Epoch 22/150 [train]:  92%|█████████▏| 24/26 [00:00<00:00, 50.88it/s, S=0.3162, loss=-0.2269]
Epoch 22/150 [train]:  92%|█████████▏| 24/26 [00:00<00:00, 50.88it/s, S=0.3168, loss=-0.2243]
Epoch 22/150 [train]:  92%|█████████▏| 24/26 [00:00<00:00, 50.88it/s, S=0.3116, loss=-0.2214]
                                                                                             
Epoch  22/150  train loss=-0.2217  val loss=-0.2332  S[mean]=0.3317  ζ=0.3956  mean_plane_ζ=0.2761  reg=0.0984  λscale=0.23  lr=1.73e-04

Epoch 23/150 [train]:   0%|          | 0/26 [00:00<?, ?it/s]
Epoch 23/150 [train]:   0%|          | 0/26 [00:00<?, ?it/s, S=0.3138, loss=-0.2204]
Epoch 23/150 [train]:   0%|          | 0/26 [00:00<?, ?it/s, S=0.3070, loss=-0.2098]
Epoch 23/150 [train]:   0%|          | 0/26 [00:00<?, ?it/s, S=0.3143, loss=-0.2222]
Epoch 23/150 [train]:   0%|          | 0/26 [00:00<?, ?it/s, S=0.3121, loss=-0.2173]
Epoch 23/150 [train]:   0%|          | 0/26 [00:00<?, ?it/s, S=0.3178, loss=-0.2243]
Epoch 23/150 [train]:   0%|          | 0/26 [00:00<?, ?it/s, S=0.3133, loss=-0.2190]
Epoch 23/150 [train]:  23%|██▎       | 6/26 [00:00<00:00, 50.91it/s, S=0.3133, loss=-0.2190]
Epoch 23/150 [train]:  23%|██▎       | 6/26 [00:00<00:00, 50.91it/s, S=0.3133, loss=-0.2211]
Epoch 23/150 [train]:  23%|██▎       | 6/26 [00:00<00:00, 50.91it/s, S=0.3160, loss=-0.2152]
Epoch 23/150 [train]:  23%|██▎       | 6/26 [00:00<00:00, 50.91it/s, S=0.3210, loss=-0.2279]
Epoch 23/150 [train]:  23%|██▎       | 6/26 [00:00<00:00, 50.91it/s, S=0.3144, loss=-0.2213]
Epoch 23/150 [train]:  23%|██▎       | 6/26 [00:00<00:00, 50.91it/s, S=0.3144, loss=-0.2190]
Epoch 23/150 [train]:  23%|██▎       | 6/26 [00:00<00:00, 50.91it/s, S=0.3246, loss=-0.2355]
Epoch 23/150 [train]:  46%|████▌     | 12/26 [00:00<00:00, 50.81it/s, S=0.3246, loss=-0.2355]
Epoch 23/150 [train]:  46%|████▌     | 12/26 [00:00<00:00, 50.81it/s, S=0.3153, loss=-0.2249]
Epoch 23/150 [train]:  46%|████▌     | 12/26 [00:00<00:00, 50.81it/s, S=0.3127, loss=-0.2202]
Epoch 23/150 [train]:  46%|████▌     | 12/26 [00:00<00:00, 50.81it/s, S=0.3165, loss=-0.2260]
Epoch 23/150 [train]:  46%|████▌     | 12/26 [00:00<00:00, 50.81it/s, S=0.3056, loss=-0.2047]
Epoch 23/150 [train]:  46%|████▌     | 12/26 [00:00<00:00, 50.81it/s, S=0.3100, loss=-0.2160]
Epoch 23/150 [train]:  46%|████▌     | 12/26 [00:00<00:00, 50.81it/s, S=0.3239, loss=-0.2306]
Epoch 23/150 [train]:  69%|██████▉   | 18/26 [00:00<00:00, 50.83it/s, S=0.3239, loss=-0.2306]
Epoch 23/150 [train]:  69%|██████▉   | 18/26 [00:00<00:00, 50.83it/s, S=0.3099, loss=-0.2146]
Epoch 23/150 [train]:  69%|██████▉   | 18/26 [00:00<00:00, 50.83it/s, S=0.3176, loss=-0.2256]
Epoch 23/150 [train]:  69%|██████▉   | 18/26 [00:00<00:00, 50.83it/s, S=0.3134, loss=-0.2133]
Epoch 23/150 [train]:  69%|██████▉   | 18/26 [00:00<00:00, 50.83it/s, S=0.3103, loss=-0.2195]
Epoch 23/150 [train]:  69%|██████▉   | 18/26 [00:00<00:00, 50.83it/s, S=0.3108, loss=-0.2174]
Epoch 23/150 [train]:  69%|██████▉   | 18/26 [00:00<00:00, 50.83it/s, S=0.3087, loss=-0.2194]
Epoch 23/150 [train]:  92%|█████████▏| 24/26 [00:00<00:00, 50.84it/s, S=0.3087, loss=-0.2194]
Epoch 23/150 [train]:  92%|█████████▏| 24/26 [00:00<00:00, 50.84it/s, S=0.3162, loss=-0.2265]
Epoch 23/150 [train]:  92%|█████████▏| 24/26 [00:00<00:00, 50.84it/s, S=0.3143, loss=-0.2218]
                                                                                             
Epoch  23/150  train loss=-0.2205  val loss=-0.2324  S[mean]=0.3327  ζ=0.3959  mean_plane_ζ=0.2768  reg=0.1003  λscale=0.23  lr=1.37e-04

Epoch 24/150 [train]:   0%|          | 0/26 [00:00<?, ?it/s]
Epoch 24/150 [train]:   0%|          | 0/26 [00:00<?, ?it/s, S=0.3190, loss=-0.2253]
Epoch 24/150 [train]:   0%|          | 0/26 [00:00<?, ?it/s, S=0.3179, loss=-0.2237]
Epoch 24/150 [train]:   0%|          | 0/26 [00:00<?, ?it/s, S=0.3175, loss=-0.2255]
Epoch 24/150 [train]:   0%|          | 0/26 [00:00<?, ?it/s, S=0.3160, loss=-0.2203]
Epoch 24/150 [train]:   0%|          | 0/26 [00:00<?, ?it/s, S=0.3176, loss=-0.2254]
Epoch 24/150 [train]:   0%|          | 0/26 [00:00<?, ?it/s, S=0.3203, loss=-0.2254]
Epoch 24/150 [train]:  23%|██▎       | 6/26 [00:00<00:00, 50.98it/s, S=0.3203, loss=-0.2254]
Epoch 24/150 [train]:  23%|██▎       | 6/26 [00:00<00:00, 50.98it/s, S=0.3127, loss=-0.2161]
Epoch 24/150 [train]:  23%|██▎       | 6/26 [00:00<00:00, 50.98it/s, S=0.3107, loss=-0.2188]
Epoch 24/150 [train]:  23%|██▎       | 6/26 [00:00<00:00, 50.98it/s, S=0.3189, loss=-0.2245]
Epoch 24/150 [train]:  23%|██▎       | 6/26 [00:00<00:00, 50.98it/s, S=0.3127, loss=-0.2194]
Epoch 24/150 [train]:  23%|██▎       | 6/26 [00:00<00:00, 50.98it/s, S=0.3157, loss=-0.2206]
Epoch 24/150 [train]:  23%|██▎       | 6/26 [00:00<00:00, 50.98it/s, S=0.3222, loss=-0.2276]
Epoch 24/150 [train]:  46%|████▌     | 12/26 [00:00<00:00, 50.92it/s, S=0.3222, loss=-0.2276]
Epoch 24/150 [train]:  46%|████▌     | 12/26 [00:00<00:00, 50.92it/s, S=0.3169, loss=-0.2215]
Epoch 24/150 [train]:  46%|████▌     | 12/26 [00:00<00:00, 50.92it/s, S=0.3180, loss=-0.2275]
Epoch 24/150 [train]:  46%|████▌     | 12/26 [00:00<00:00, 50.92it/s, S=0.3177, loss=-0.2269]
Epoch 24/150 [train]:  46%|████▌     | 12/26 [00:00<00:00, 50.92it/s, S=0.3102, loss=-0.2180]
Epoch 24/150 [train]:  46%|████▌     | 12/26 [00:00<00:00, 50.92it/s, S=0.3204, loss=-0.2277]
Epoch 24/150 [train]:  46%|████▌     | 12/26 [00:00<00:00, 50.92it/s, S=0.3183, loss=-0.2272]
Epoch 24/150 [train]:  69%|██████▉   | 18/26 [00:00<00:00, 50.85it/s, S=0.3183, loss=-0.2272]
Epoch 24/150 [train]:  69%|██████▉   | 18/26 [00:00<00:00, 50.85it/s, S=0.3199, loss=-0.2278]
Epoch 24/150 [train]:  69%|██████▉   | 18/26 [00:00<00:00, 50.85it/s, S=0.3196, loss=-0.2266]
Epoch 24/150 [train]:  69%|██████▉   | 18/26 [00:00<00:00, 50.85it/s, S=0.3119, loss=-0.2180]
Epoch 24/150 [train]:  69%|██████▉   | 18/26 [00:00<00:00, 50.85it/s, S=0.3145, loss=-0.2233]
Epoch 24/150 [train]:  69%|██████▉   | 18/26 [00:00<00:00, 50.85it/s, S=0.3128, loss=-0.2194]
Epoch 24/150 [train]:  69%|██████▉   | 18/26 [00:00<00:00, 50.85it/s, S=0.3102, loss=-0.2134]
Epoch 24/150 [train]:  92%|█████████▏| 24/26 [00:00<00:00, 50.83it/s, S=0.3102, loss=-0.2134]
Epoch 24/150 [train]:  92%|█████████▏| 24/26 [00:00<00:00, 50.83it/s, S=0.3147, loss=-0.2226]
Epoch 24/150 [train]:  92%|█████████▏| 24/26 [00:00<00:00, 50.83it/s, S=0.3205, loss=-0.2272]
                                                                                             
Epoch  24/150  train loss=-0.2231  val loss=-0.2314  S[mean]=0.3339  ζ=0.3965  mean_plane_ζ=0.2775  reg=0.1026  λscale=0.24  lr=1.03e-04

Epoch 25/150 [train]:   0%|          | 0/26 [00:00<?, ?it/s]
Epoch 25/150 [train]:   0%|          | 0/26 [00:00<?, ?it/s, S=0.3096, loss=-0.2066]
Epoch 25/150 [train]:   0%|          | 0/26 [00:00<?, ?it/s, S=0.3182, loss=-0.2181]
Epoch 25/150 [train]:   0%|          | 0/26 [00:00<?, ?it/s, S=0.3181, loss=-0.2219]
Epoch 25/150 [train]:   0%|          | 0/26 [00:00<?, ?it/s, S=0.3185, loss=-0.2233]
Epoch 25/150 [train]:   0%|          | 0/26 [00:00<?, ?it/s, S=0.3187, loss=-0.2207]
Epoch 25/150 [train]:   0%|          | 0/26 [00:00<?, ?it/s, S=0.3170, loss=-0.2188]
Epoch 25/150 [train]:  23%|██▎       | 6/26 [00:00<00:00, 50.98it/s, S=0.3170, loss=-0.2188]
Epoch 25/150 [train]:  23%|██▎       | 6/26 [00:00<00:00, 50.98it/s, S=0.3260, loss=-0.2322]
Epoch 25/150 [train]:  23%|██▎       | 6/26 [00:00<00:00, 50.98it/s, S=0.3164, loss=-0.2181]
Epoch 25/150 [train]:  23%|██▎       | 6/26 [00:00<00:00, 50.98it/s, S=0.3137, loss=-0.2204]
Epoch 25/150 [train]:  23%|██▎       | 6/26 [00:00<00:00, 50.98it/s, S=0.3098, loss=-0.2116]
Epoch 25/150 [train]:  23%|██▎       | 6/26 [00:00<00:00, 50.98it/s, S=0.3171, loss=-0.2183]
Epoch 25/150 [train]:  23%|██▎       | 6/26 [00:00<00:00, 50.98it/s, S=0.3163, loss=-0.2200]
Epoch 25/150 [train]:  46%|████▌     | 12/26 [00:00<00:00, 50.89it/s, S=0.3163, loss=-0.2200]
Epoch 25/150 [train]:  46%|████▌     | 12/26 [00:00<00:00, 50.89it/s, S=0.3182, loss=-0.2242]
Epoch 25/150 [train]:  46%|████▌     | 12/26 [00:00<00:00, 50.89it/s, S=0.3147, loss=-0.2147]
Epoch 25/150 [train]:  46%|████▌     | 12/26 [00:00<00:00, 50.89it/s, S=0.3170, loss=-0.2242]
Epoch 25/150 [train]:  46%|████▌     | 12/26 [00:00<00:00, 50.89it/s, S=0.3195, loss=-0.2230]
Epoch 25/150 [train]:  46%|████▌     | 12/26 [00:00<00:00, 50.89it/s, S=0.3241, loss=-0.2289]
Epoch 25/150 [train]:  46%|████▌     | 12/26 [00:00<00:00, 50.89it/s, S=0.3168, loss=-0.2218]
Epoch 25/150 [train]:  69%|██████▉   | 18/26 [00:00<00:00, 50.88it/s, S=0.3168, loss=-0.2218]
Epoch 25/150 [train]:  69%|██████▉   | 18/26 [00:00<00:00, 50.88it/s, S=0.3195, loss=-0.2237]
Epoch 25/150 [train]:  69%|██████▉   | 18/26 [00:00<00:00, 50.88it/s, S=0.3166, loss=-0.2240]
Epoch 25/150 [train]:  69%|██████▉   | 18/26 [00:00<00:00, 50.88it/s, S=0.3131, loss=-0.2126]
Epoch 25/150 [train]:  69%|██████▉   | 18/26 [00:00<00:00, 50.88it/s, S=0.3195, loss=-0.2245]
Epoch 25/150 [train]:  69%|██████▉   | 18/26 [00:00<00:00, 50.88it/s, S=0.3179, loss=-0.2210]
Epoch 25/150 [train]:  69%|██████▉   | 18/26 [00:00<00:00, 50.88it/s, S=0.3206, loss=-0.2271]
Epoch 25/150 [train]:  92%|█████████▏| 24/26 [00:00<00:00, 50.86it/s, S=0.3206, loss=-0.2271]
Epoch 25/150 [train]:  92%|█████████▏| 24/26 [00:00<00:00, 50.86it/s, S=0.3213, loss=-0.2273]
Epoch 25/150 [train]:  92%|█████████▏| 24/26 [00:00<00:00, 50.86it/s, S=0.3162, loss=-0.2210]
                                                                                             
Epoch  25/150  train loss=-0.2211  val loss=-0.2309  S[mean]=0.3352  ζ=0.3972  mean_plane_ζ=0.2785  reg=0.1043  λscale=0.24  lr=7.32e-05

Epoch 26/150 [train]:   0%|          | 0/26 [00:00<?, ?it/s]
Epoch 26/150 [train]:   0%|          | 0/26 [00:00<?, ?it/s, S=0.3122, loss=-0.2142]
Epoch 26/150 [train]:   0%|          | 0/26 [00:00<?, ?it/s, S=0.3161, loss=-0.2168]
Epoch 26/150 [train]:   0%|          | 0/26 [00:00<?, ?it/s, S=0.3185, loss=-0.2165]
Epoch 26/150 [train]:   0%|          | 0/26 [00:00<?, ?it/s, S=0.3209, loss=-0.2192]
Epoch 26/150 [train]:   0%|          | 0/26 [00:00<?, ?it/s, S=0.3145, loss=-0.2158]
Epoch 26/150 [train]:   0%|          | 0/26 [00:00<?, ?it/s, S=0.3157, loss=-0.2200]
Epoch 26/150 [train]:  23%|██▎       | 6/26 [00:00<00:00, 50.94it/s, S=0.3157, loss=-0.2200]
Epoch 26/150 [train]:  23%|██▎       | 6/26 [00:00<00:00, 50.94it/s, S=0.3175, loss=-0.2156]
Epoch 26/150 [train]:  23%|██▎       | 6/26 [00:00<00:00, 50.94it/s, S=0.3200, loss=-0.2229]
Epoch 26/150 [train]:  23%|██▎       | 6/26 [00:00<00:00, 50.94it/s, S=0.3186, loss=-0.2178]
Epoch 26/150 [train]:  23%|██▎       | 6/26 [00:00<00:00, 50.94it/s, S=0.3187, loss=-0.2201]
Epoch 26/150 [train]:  23%|██▎       | 6/26 [00:00<00:00, 50.94it/s, S=0.3232, loss=-0.2270]
Epoch 26/150 [train]:  23%|██▎       | 6/26 [00:00<00:00, 50.94it/s, S=0.3228, loss=-0.2253]
Epoch 26/150 [train]:  46%|████▌     | 12/26 [00:00<00:00, 50.86it/s, S=0.3228, loss=-0.2253]
Epoch 26/150 [train]:  46%|████▌     | 12/26 [00:00<00:00, 50.86it/s, S=0.3232, loss=-0.2228]
Epoch 26/150 [train]:  46%|████▌     | 12/26 [00:00<00:00, 50.86it/s, S=0.3156, loss=-0.2182]
Epoch 26/150 [train]:  46%|████▌     | 12/26 [00:00<00:00, 50.86it/s, S=0.3151, loss=-0.2174]
Epoch 26/150 [train]:  46%|████▌     | 12/26 [00:00<00:00, 50.86it/s, S=0.3228, loss=-0.2236]
Epoch 26/150 [train]:  46%|████▌     | 12/26 [00:00<00:00, 50.86it/s, S=0.3182, loss=-0.2209]
Epoch 26/150 [train]:  46%|████▌     | 12/26 [00:00<00:00, 50.86it/s, S=0.3277, loss=-0.2319]
Epoch 26/150 [train]:  69%|██████▉   | 18/26 [00:00<00:00, 50.87it/s, S=0.3277, loss=-0.2319]
Epoch 26/150 [train]:  69%|██████▉   | 18/26 [00:00<00:00, 50.87it/s, S=0.3181, loss=-0.2211]
Epoch 26/150 [train]:  69%|██████▉   | 18/26 [00:00<00:00, 50.87it/s, S=0.3209, loss=-0.2151]
Epoch 26/150 [train]:  69%|██████▉   | 18/26 [00:00<00:00, 50.87it/s, S=0.3226, loss=-0.2235]
Epoch 26/150 [train]:  69%|██████▉   | 18/26 [00:00<00:00, 50.87it/s, S=0.3201, loss=-0.2239]
Epoch 26/150 [train]:  69%|██████▉   | 18/26 [00:00<00:00, 50.87it/s, S=0.3112, loss=-0.2144]
Epoch 26/150 [train]:  69%|██████▉   | 18/26 [00:00<00:00, 50.87it/s, S=0.3077, loss=-0.2100]
Epoch 26/150 [train]:  92%|█████████▏| 24/26 [00:00<00:00, 50.85it/s, S=0.3077, loss=-0.2100]
Epoch 26/150 [train]:  92%|█████████▏| 24/26 [00:00<00:00, 50.85it/s, S=0.3120, loss=-0.2144]
Epoch 26/150 [train]:  92%|█████████▏| 24/26 [00:00<00:00, 50.85it/s, S=0.3137, loss=-0.2152]
                                                                                             
Epoch  26/150  train loss=-0.2194  val loss=-0.2293  S[mean]=0.3356  ζ=0.3975  mean_plane_ζ=0.2789  reg=0.1064  λscale=0.25  lr=4.77e-05

Epoch 27/150 [train]:   0%|          | 0/26 [00:00<?, ?it/s]
Epoch 27/150 [train]:   0%|          | 0/26 [00:00<?, ?it/s, S=0.3191, loss=-0.2184]
Epoch 27/150 [train]:   0%|          | 0/26 [00:00<?, ?it/s, S=0.3228, loss=-0.2232]
Epoch 27/150 [train]:   0%|          | 0/26 [00:00<?, ?it/s, S=0.3196, loss=-0.2202]
Epoch 27/150 [train]:   0%|          | 0/26 [00:00<?, ?it/s, S=0.3186, loss=-0.2207]
Epoch 27/150 [train]:   0%|          | 0/26 [00:00<?, ?it/s, S=0.3175, loss=-0.2191]
Epoch 27/150 [train]:   0%|          | 0/26 [00:00<?, ?it/s, S=0.3194, loss=-0.2220]
Epoch 27/150 [train]:  23%|██▎       | 6/26 [00:00<00:00, 50.94it/s, S=0.3194, loss=-0.2220]
Epoch 27/150 [train]:  23%|██▎       | 6/26 [00:00<00:00, 50.94it/s, S=0.3182, loss=-0.2189]
Epoch 27/150 [train]:  23%|██▎       | 6/26 [00:00<00:00, 50.94it/s, S=0.3278, loss=-0.2293]
Epoch 27/150 [train]:  23%|██▎       | 6/26 [00:00<00:00, 50.94it/s, S=0.3218, loss=-0.2176]
Epoch 27/150 [train]:  23%|██▎       | 6/26 [00:00<00:00, 50.94it/s, S=0.3241, loss=-0.2266]
Epoch 27/150 [train]:  23%|██▎       | 6/26 [00:00<00:00, 50.94it/s, S=0.3176, loss=-0.2174]
Epoch 27/150 [train]:  23%|██▎       | 6/26 [00:00<00:00, 50.94it/s, S=0.3243, loss=-0.2282]
Epoch 27/150 [train]:  46%|████▌     | 12/26 [00:00<00:00, 50.89it/s, S=0.3243, loss=-0.2282]
Epoch 27/150 [train]:  46%|████▌     | 12/26 [00:00<00:00, 50.89it/s, S=0.3220, loss=-0.2231]
Epoch 27/150 [train]:  46%|████▌     | 12/26 [00:00<00:00, 50.89it/s, S=0.3160, loss=-0.2164]
Epoch 27/150 [train]:  46%|████▌     | 12/26 [00:00<00:00, 50.89it/s, S=0.3182, loss=-0.2227]
Epoch 27/150 [train]:  46%|████▌     | 12/26 [00:00<00:00, 50.89it/s, S=0.3184, loss=-0.2186]
Epoch 27/150 [train]:  46%|████▌     | 12/26 [00:00<00:00, 50.89it/s, S=0.3212, loss=-0.2231]
Epoch 27/150 [train]:  46%|████▌     | 12/26 [00:00<00:00, 50.89it/s, S=0.3138, loss=-0.2129]
Epoch 27/150 [train]:  69%|██████▉   | 18/26 [00:00<00:00, 50.87it/s, S=0.3138, loss=-0.2129]
Epoch 27/150 [train]:  69%|██████▉   | 18/26 [00:00<00:00, 50.87it/s, S=0.3199, loss=-0.2188]
Epoch 27/150 [train]:  69%|██████▉   | 18/26 [00:00<00:00, 50.87it/s, S=0.3208, loss=-0.2228]
Epoch 27/150 [train]:  69%|██████▉   | 18/26 [00:00<00:00, 50.87it/s, S=0.3101, loss=-0.2100]
Epoch 27/150 [train]:  69%|██████▉   | 18/26 [00:00<00:00, 50.87it/s, S=0.3166, loss=-0.2159]
Epoch 27/150 [train]:  69%|██████▉   | 18/26 [00:00<00:00, 50.87it/s, S=0.3227, loss=-0.2208]
Epoch 27/150 [train]:  69%|██████▉   | 18/26 [00:00<00:00, 50.87it/s, S=0.3104, loss=-0.2096]
Epoch 27/150 [train]:  92%|█████████▏| 24/26 [00:00<00:00, 50.85it/s, S=0.3104, loss=-0.2096]
Epoch 27/150 [train]:  92%|█████████▏| 24/26 [00:00<00:00, 50.85it/s, S=0.3206, loss=-0.2136]
Epoch 27/150 [train]:  92%|█████████▏| 24/26 [00:00<00:00, 50.85it/s, S=0.3154, loss=-0.2099]
                                                                                             
Epoch  27/150  train loss=-0.2192  val loss=-0.2274  S[mean]=0.3361  ζ=0.3977  mean_plane_ζ=0.2792  reg=0.1086  λscale=0.26  lr=2.72e-05

Epoch 28/150 [train]:   0%|          | 0/26 [00:00<?, ?it/s]
Epoch 28/150 [train]:   0%|          | 0/26 [00:00<?, ?it/s, S=0.3180, loss=-0.2177]
Epoch 28/150 [train]:   0%|          | 0/26 [00:00<?, ?it/s, S=0.3205, loss=-0.2219]
Epoch 28/150 [train]:   0%|          | 0/26 [00:00<?, ?it/s, S=0.3173, loss=-0.2174]
Epoch 28/150 [train]:   0%|          | 0/26 [00:00<?, ?it/s, S=0.3170, loss=-0.2170]
Epoch 28/150 [train]:   0%|          | 0/26 [00:00<?, ?it/s, S=0.3185, loss=-0.2174]
Epoch 28/150 [train]:   0%|          | 0/26 [00:00<?, ?it/s, S=0.3079, loss=-0.2056]
Epoch 28/150 [train]:  23%|██▎       | 6/26 [00:00<00:00, 50.91it/s, S=0.3079, loss=-0.2056]
Epoch 28/150 [train]:  23%|██▎       | 6/26 [00:00<00:00, 50.91it/s, S=0.3183, loss=-0.2182]
Epoch 28/150 [train]:  23%|██▎       | 6/26 [00:00<00:00, 50.91it/s, S=0.3192, loss=-0.2146]
Epoch 28/150 [train]:  23%|██▎       | 6/26 [00:00<00:00, 50.91it/s, S=0.3218, loss=-0.2184]
Epoch 28/150 [train]:  23%|██▎       | 6/26 [00:00<00:00, 50.91it/s, S=0.3195, loss=-0.2206]
Epoch 28/150 [train]:  23%|██▎       | 6/26 [00:00<00:00, 50.91it/s, S=0.3189, loss=-0.2147]
Epoch 28/150 [train]:  23%|██▎       | 6/26 [00:00<00:00, 50.91it/s, S=0.3240, loss=-0.2207]
Epoch 28/150 [train]:  46%|████▌     | 12/26 [00:00<00:00, 50.88it/s, S=0.3240, loss=-0.2207]
Epoch 28/150 [train]:  46%|████▌     | 12/26 [00:00<00:00, 50.88it/s, S=0.3256, loss=-0.2254]
Epoch 28/150 [train]:  46%|████▌     | 12/26 [00:00<00:00, 50.88it/s, S=0.3217, loss=-0.2227]
Epoch 28/150 [train]:  46%|████▌     | 12/26 [00:00<00:00, 50.88it/s, S=0.3168, loss=-0.2154]
Epoch 28/150 [train]:  46%|████▌     | 12/26 [00:00<00:00, 50.88it/s, S=0.3132, loss=-0.2052]
Epoch 28/150 [train]:  46%|████▌     | 12/26 [00:00<00:00, 50.88it/s, S=0.3230, loss=-0.2171]
Epoch 28/150 [train]:  46%|████▌     | 12/26 [00:00<00:00, 50.88it/s, S=0.3154, loss=-0.2145]
Epoch 28/150 [train]:  69%|██████▉   | 18/26 [00:00<00:00, 50.85it/s, S=0.3154, loss=-0.2145]
Epoch 28/150 [train]:  69%|██████▉   | 18/26 [00:00<00:00, 50.85it/s, S=0.3223, loss=-0.2189]
Epoch 28/150 [train]:  69%|██████▉   | 18/26 [00:00<00:00, 50.85it/s, S=0.3184, loss=-0.2147]
Epoch 28/150 [train]:  69%|██████▉   | 18/26 [00:00<00:00, 50.85it/s, S=0.3224, loss=-0.2182]
Epoch 28/150 [train]:  69%|██████▉   | 18/26 [00:00<00:00, 50.85it/s, S=0.3147, loss=-0.2131]
Epoch 28/150 [train]:  69%|██████▉   | 18/26 [00:00<00:00, 50.85it/s, S=0.3188, loss=-0.2179]
Epoch 28/150 [train]:  69%|██████▉   | 18/26 [00:00<00:00, 50.85it/s, S=0.3249, loss=-0.2232]
Epoch 28/150 [train]:  92%|█████████▏| 24/26 [00:00<00:00, 50.76it/s, S=0.3249, loss=-0.2232]
Epoch 28/150 [train]:  92%|█████████▏| 24/26 [00:00<00:00, 50.76it/s, S=0.3186, loss=-0.2169]
Epoch 28/150 [train]:  92%|█████████▏| 24/26 [00:00<00:00, 50.76it/s, S=0.3160, loss=-0.2146]
                                                                                             
Epoch  28/150  train loss=-0.2170  val loss=-0.2253  S[mean]=0.3363  ζ=0.3978  mean_plane_ζ=0.2794  reg=0.1109  λscale=0.26  lr=1.22e-05

Epoch 29/150 [train]:   0%|          | 0/26 [00:00<?, ?it/s]
Epoch 29/150 [train]:   0%|          | 0/26 [00:00<?, ?it/s, S=0.3190, loss=-0.2136]
Epoch 29/150 [train]:   0%|          | 0/26 [00:00<?, ?it/s, S=0.3181, loss=-0.2096]
Epoch 29/150 [train]:   0%|          | 0/26 [00:00<?, ?it/s, S=0.3149, loss=-0.2122]
Epoch 29/150 [train]:   0%|          | 0/26 [00:00<?, ?it/s, S=0.3140, loss=-0.2127]
Epoch 29/150 [train]:   0%|          | 0/26 [00:00<?, ?it/s, S=0.3206, loss=-0.2183]
Epoch 29/150 [train]:   0%|          | 0/26 [00:00<?, ?it/s, S=0.3187, loss=-0.2151]
Epoch 29/150 [train]:  23%|██▎       | 6/26 [00:00<00:00, 50.93it/s, S=0.3187, loss=-0.2151]
Epoch 29/150 [train]:  23%|██▎       | 6/26 [00:00<00:00, 50.93it/s, S=0.3208, loss=-0.2145]
Epoch 29/150 [train]:  23%|██▎       | 6/26 [00:00<00:00, 50.93it/s, S=0.3224, loss=-0.2197]
Epoch 29/150 [train]:  23%|██▎       | 6/26 [00:00<00:00, 50.93it/s, S=0.3133, loss=-0.2081]
Epoch 29/150 [train]:  23%|██▎       | 6/26 [00:00<00:00, 50.93it/s, S=0.3202, loss=-0.2151]
Epoch 29/150 [train]:  23%|██▎       | 6/26 [00:00<00:00, 50.93it/s, S=0.3219, loss=-0.2149]
Epoch 29/150 [train]:  23%|██▎       | 6/26 [00:00<00:00, 50.93it/s, S=0.3201, loss=-0.2152]
Epoch 29/150 [train]:  46%|████▌     | 12/26 [00:00<00:00, 50.93it/s, S=0.3201, loss=-0.2152]
Epoch 29/150 [train]:  46%|████▌     | 12/26 [00:00<00:00, 50.93it/s, S=0.3129, loss=-0.2112]
Epoch 29/150 [train]:  46%|████▌     | 12/26 [00:00<00:00, 50.93it/s, S=0.3238, loss=-0.2212]
Epoch 29/150 [train]:  46%|████▌     | 12/26 [00:00<00:00, 50.93it/s, S=0.3195, loss=-0.2196]
Epoch 29/150 [train]:  46%|████▌     | 12/26 [00:00<00:00, 50.93it/s, S=0.3198, loss=-0.2079]
Epoch 29/150 [train]:  46%|████▌     | 12/26 [00:00<00:00, 50.93it/s, S=0.3262, loss=-0.2231]
Epoch 29/150 [train]:  46%|████▌     | 12/26 [00:00<00:00, 50.93it/s, S=0.3193, loss=-0.2161]
Epoch 29/150 [train]:  69%|██████▉   | 18/26 [00:00<00:00, 50.86it/s, S=0.3193, loss=-0.2161]
Epoch 29/150 [train]:  69%|██████▉   | 18/26 [00:00<00:00, 50.86it/s, S=0.3155, loss=-0.2148]
Epoch 29/150 [train]:  69%|██████▉   | 18/26 [00:00<00:00, 50.86it/s, S=0.3152, loss=-0.2101]
Epoch 29/150 [train]:  69%|██████▉   | 18/26 [00:00<00:00, 50.86it/s, S=0.3162, loss=-0.2120]
Epoch 29/150 [train]:  69%|██████▉   | 18/26 [00:00<00:00, 50.86it/s, S=0.3183, loss=-0.2085]
Epoch 29/150 [train]:  69%|██████▉   | 18/26 [00:00<00:00, 50.86it/s, S=0.3241, loss=-0.2223]
Epoch 29/150 [train]:  69%|██████▉   | 18/26 [00:00<00:00, 50.86it/s, S=0.3216, loss=-0.2198]
Epoch 29/150 [train]:  92%|█████████▏| 24/26 [00:00<00:00, 50.87it/s, S=0.3216, loss=-0.2198]
Epoch 29/150 [train]:  92%|█████████▏| 24/26 [00:00<00:00, 50.87it/s, S=0.3158, loss=-0.2110]
Epoch 29/150 [train]:  92%|█████████▏| 24/26 [00:00<00:00, 50.87it/s, S=0.3155, loss=-0.2125]
                                                                                             
Epoch  29/150  train loss=-0.2146  val loss=-0.2229  S[mean]=0.3363  ζ=0.3979  mean_plane_ζ=0.2794  reg=0.1134  λscale=0.27  lr=3.08e-06

Epoch 30/150 [train]:   0%|          | 0/26 [00:00<?, ?it/s]
Epoch 30/150 [train]:   0%|          | 0/26 [00:00<?, ?it/s, S=0.3186, loss=-0.2129]
Epoch 30/150 [train]:   0%|          | 0/26 [00:00<?, ?it/s, S=0.3252, loss=-0.2226]
Epoch 30/150 [train]:   0%|          | 0/26 [00:00<?, ?it/s, S=0.3182, loss=-0.2124]
Epoch 30/150 [train]:   0%|          | 0/26 [00:00<?, ?it/s, S=0.3207, loss=-0.2181]
Epoch 30/150 [train]:   0%|          | 0/26 [00:00<?, ?it/s, S=0.3206, loss=-0.2183]
Epoch 30/150 [train]:   0%|          | 0/26 [00:00<?, ?it/s, S=0.3207, loss=-0.2154]
Epoch 30/150 [train]:  23%|██▎       | 6/26 [00:00<00:00, 50.98it/s, S=0.3207, loss=-0.2154]
Epoch 30/150 [train]:  23%|██▎       | 6/26 [00:00<00:00, 50.98it/s, S=0.3143, loss=-0.2085]
Epoch 30/150 [train]:  23%|██▎       | 6/26 [00:00<00:00, 50.98it/s, S=0.3246, loss=-0.2181]
Epoch 30/150 [train]:  23%|██▎       | 6/26 [00:00<00:00, 50.98it/s, S=0.3158, loss=-0.2094]
Epoch 30/150 [train]:  23%|██▎       | 6/26 [00:00<00:00, 50.98it/s, S=0.3192, loss=-0.2076]
Epoch 30/150 [train]:  23%|██▎       | 6/26 [00:00<00:00, 50.98it/s, S=0.3185, loss=-0.2097]
Epoch 30/150 [train]:  23%|██▎       | 6/26 [00:00<00:00, 50.98it/s, S=0.3199, loss=-0.2157]
Epoch 30/150 [train]:  46%|████▌     | 12/26 [00:00<00:00, 50.90it/s, S=0.3199, loss=-0.2157]
Epoch 30/150 [train]:  46%|████▌     | 12/26 [00:00<00:00, 50.90it/s, S=0.3171, loss=-0.2091]
Epoch 30/150 [train]:  46%|████▌     | 12/26 [00:00<00:00, 50.90it/s, S=0.3198, loss=-0.2154]
Epoch 30/150 [train]:  46%|████▌     | 12/26 [00:00<00:00, 50.90it/s, S=0.3207, loss=-0.2165]
Epoch 30/150 [train]:  46%|████▌     | 12/26 [00:00<00:00, 50.90it/s, S=0.3157, loss=-0.2074]
Epoch 30/150 [train]:  46%|████▌     | 12/26 [00:00<00:00, 50.90it/s, S=0.3158, loss=-0.2084]
Epoch 30/150 [train]:  46%|████▌     | 12/26 [00:00<00:00, 50.90it/s, S=0.3212, loss=-0.2067]
Epoch 30/150 [train]:  69%|██████▉   | 18/26 [00:00<00:00, 50.89it/s, S=0.3212, loss=-0.2067]
Epoch 30/150 [train]:  69%|██████▉   | 18/26 [00:00<00:00, 50.89it/s, S=0.3188, loss=-0.2146]
Epoch 30/150 [train]:  69%|██████▉   | 18/26 [00:00<00:00, 50.89it/s, S=0.3252, loss=-0.2210]
Epoch 30/150 [train]:  69%|██████▉   | 18/26 [00:00<00:00, 50.89it/s, S=0.3217, loss=-0.2157]
Epoch 30/150 [train]:  69%|██████▉   | 18/26 [00:00<00:00, 50.89it/s, S=0.3231, loss=-0.2176]
Epoch 30/150 [train]:  69%|██████▉   | 18/26 [00:00<00:00, 50.89it/s, S=0.3190, loss=-0.2106]
Epoch 30/150 [train]:  69%|██████▉   | 18/26 [00:00<00:00, 50.89it/s, S=0.3201, loss=-0.2160]
Epoch 30/150 [train]:  92%|█████████▏| 24/26 [00:00<00:00, 50.88it/s, S=0.3201, loss=-0.2160]
Epoch 30/150 [train]:  92%|█████████▏| 24/26 [00:00<00:00, 50.88it/s, S=0.3192, loss=-0.2123]
Epoch 30/150 [train]:  92%|█████████▏| 24/26 [00:00<00:00, 50.88it/s, S=0.3162, loss=-0.2094]
                                                                                             
Epoch  30/150  train loss=-0.2134  val loss=-0.2205  S[mean]=0.3363  ζ=0.3979  mean_plane_ζ=0.2795  reg=0.1159  λscale=0.28  lr=5.00e-04

Epoch 31/150 [train]:   0%|          | 0/26 [00:00<?, ?it/s]
Epoch 31/150 [train]:   0%|          | 0/26 [00:00<?, ?it/s, S=0.3215, loss=-0.2101]
Epoch 31/150 [train]:   0%|          | 0/26 [00:00<?, ?it/s, S=0.3195, loss=-0.2138]
Epoch 31/150 [train]:   0%|          | 0/26 [00:00<?, ?it/s, S=0.3216, loss=-0.2118]
Epoch 31/150 [train]:   0%|          | 0/26 [00:00<?, ?it/s, S=0.3175, loss=-0.2098]
Epoch 31/150 [train]:   0%|          | 0/26 [00:00<?, ?it/s, S=0.3242, loss=-0.2155]
Epoch 31/150 [train]:   0%|          | 0/26 [00:00<?, ?it/s, S=0.3269, loss=-0.2190]
Epoch 31/150 [train]:  23%|██▎       | 6/26 [00:00<00:00, 50.77it/s, S=0.3269, loss=-0.2190]
Epoch 31/150 [train]:  23%|██▎       | 6/26 [00:00<00:00, 50.77it/s, S=0.3264, loss=-0.2127]
Epoch 31/150 [train]:  23%|██▎       | 6/26 [00:00<00:00, 50.77it/s, S=0.3122, loss=-0.2019]
Epoch 31/150 [train]:  23%|██▎       | 6/26 [00:00<00:00, 50.77it/s, S=0.3125, loss=-0.1999]
Epoch 31/150 [train]:  23%|██▎       | 6/26 [00:00<00:00, 50.77it/s, S=0.3202, loss=-0.2136]
Epoch 31/150 [train]:  23%|██▎       | 6/26 [00:00<00:00, 50.77it/s, S=0.3253, loss=-0.2182]
Epoch 31/150 [train]:  23%|██▎       | 6/26 [00:00<00:00, 50.77it/s, S=0.3191, loss=-0.2093]
Epoch 31/150 [train]:  46%|████▌     | 12/26 [00:00<00:00, 50.78it/s, S=0.3191, loss=-0.2093]
Epoch 31/150 [train]:  46%|████▌     | 12/26 [00:00<00:00, 50.78it/s, S=0.3145, loss=-0.2026]
Epoch 31/150 [train]:  46%|████▌     | 12/26 [00:00<00:00, 50.78it/s, S=0.3152, loss=-0.2066]
Epoch 31/150 [train]:  46%|████▌     | 12/26 [00:00<00:00, 50.78it/s, S=0.3244, loss=-0.2203]
Epoch 31/150 [train]:  46%|████▌     | 12/26 [00:00<00:00, 50.78it/s, S=0.3095, loss=-0.1974]
Epoch 31/150 [train]:  46%|████▌     | 12/26 [00:00<00:00, 50.78it/s, S=0.3155, loss=-0.2106]
Epoch 31/150 [train]:  46%|████▌     | 12/26 [00:00<00:00, 50.78it/s, S=0.3131, loss=-0.1956]
Epoch 31/150 [train]:  69%|██████▉   | 18/26 [00:00<00:00, 50.80it/s, S=0.3131, loss=-0.1956]
Epoch 31/150 [train]:  69%|██████▉   | 18/26 [00:00<00:00, 50.80it/s, S=0.3106, loss=-0.2050]
Epoch 31/150 [train]:  69%|██████▉   | 18/26 [00:00<00:00, 50.80it/s, S=0.3177, loss=-0.2117]
Epoch 31/150 [train]:  69%|██████▉   | 18/26 [00:00<00:00, 50.80it/s, S=0.3197, loss=-0.2136]
Epoch 31/150 [train]:  69%|██████▉   | 18/26 [00:00<00:00, 50.80it/s, S=0.3106, loss=-0.2028]
Epoch 31/150 [train]:  69%|██████▉   | 18/26 [00:00<00:00, 50.80it/s, S=0.3205, loss=-0.2108]
Epoch 31/150 [train]:  69%|██████▉   | 18/26 [00:00<00:00, 50.80it/s, S=0.3161, loss=-0.1998]
Epoch 31/150 [train]:  92%|█████████▏| 24/26 [00:00<00:00, 50.80it/s, S=0.3161, loss=-0.1998]
Epoch 31/150 [train]:  92%|█████████▏| 24/26 [00:00<00:00, 50.80it/s, S=0.3200, loss=-0.2112]
Epoch 31/150 [train]:  92%|█████████▏| 24/26 [00:00<00:00, 50.80it/s, S=0.3178, loss=-0.2078]
                                                                                             
Epoch  31/150  train loss=-0.2089  val loss=-0.2191  S[mean]=0.3377  ζ=0.3971  mean_plane_ζ=0.2806  reg=0.1186  λscale=0.28  lr=4.99e-04

Epoch 32/150 [train]:   0%|          | 0/26 [00:00<?, ?it/s]
Epoch 32/150 [train]:   0%|          | 0/26 [00:00<?, ?it/s, S=0.3204, loss=-0.2123]
Epoch 32/150 [train]:   0%|          | 0/26 [00:00<?, ?it/s, S=0.3191, loss=-0.2071]
Epoch 32/150 [train]:   0%|          | 0/26 [00:00<?, ?it/s, S=0.3256, loss=-0.2203]
Epoch 32/150 [train]:   0%|          | 0/26 [00:00<?, ?it/s, S=0.3231, loss=-0.2157]
Epoch 32/150 [train]:   0%|          | 0/26 [00:00<?, ?it/s, S=0.3171, loss=-0.2080]
Epoch 32/150 [train]:   0%|          | 0/26 [00:00<?, ?it/s, S=0.3207, loss=-0.2116]
Epoch 32/150 [train]:  23%|██▎       | 6/26 [00:00<00:00, 50.86it/s, S=0.3207, loss=-0.2116]
Epoch 32/150 [train]:  23%|██▎       | 6/26 [00:00<00:00, 50.86it/s, S=0.3188, loss=-0.2085]
Epoch 32/150 [train]:  23%|██▎       | 6/26 [00:00<00:00, 50.86it/s, S=0.3251, loss=-0.2166]
Epoch 32/150 [train]:  23%|██▎       | 6/26 [00:00<00:00, 50.86it/s, S=0.3176, loss=-0.2073]
Epoch 32/150 [train]:  23%|██▎       | 6/26 [00:00<00:00, 50.86it/s, S=0.3173, loss=-0.2098]
Epoch 32/150 [train]:  23%|██▎       | 6/26 [00:00<00:00, 50.86it/s, S=0.3196, loss=-0.2081]
Epoch 32/150 [train]:  23%|██▎       | 6/26 [00:00<00:00, 50.86it/s, S=0.3174, loss=-0.2029]
Epoch 32/150 [train]:  46%|████▌     | 12/26 [00:00<00:00, 50.74it/s, S=0.3174, loss=-0.2029]
Epoch 32/150 [train]:  46%|████▌     | 12/26 [00:00<00:00, 50.74it/s, S=0.3204, loss=-0.2104]
Epoch 32/150 [train]:  46%|████▌     | 12/26 [00:00<00:00, 50.74it/s, S=0.3186, loss=-0.2064]
Epoch 32/150 [train]:  46%|████▌     | 12/26 [00:00<00:00, 50.74it/s, S=0.3174, loss=-0.2115]
Epoch 32/150 [train]:  46%|████▌     | 12/26 [00:00<00:00, 50.74it/s, S=0.3207, loss=-0.2124]
Epoch 32/150 [train]:  46%|████▌     | 12/26 [00:00<00:00, 50.74it/s, S=0.3189, loss=-0.2068]
Epoch 32/150 [train]:  46%|████▌     | 12/26 [00:00<00:00, 50.74it/s, S=0.3187, loss=-0.2066]
Epoch 32/150 [train]:  69%|██████▉   | 18/26 [00:00<00:00, 50.78it/s, S=0.3187, loss=-0.2066]
Epoch 32/150 [train]:  69%|██████▉   | 18/26 [00:00<00:00, 50.78it/s, S=0.3273, loss=-0.2204]
Epoch 32/150 [train]:  69%|██████▉   | 18/26 [00:00<00:00, 50.78it/s, S=0.3213, loss=-0.2148]
Epoch 32/150 [train]:  69%|██████▉   | 18/26 [00:00<00:00, 50.78it/s, S=0.3235, loss=-0.2174]
Epoch 32/150 [train]:  69%|██████▉   | 18/26 [00:00<00:00, 50.78it/s, S=0.3172, loss=-0.2128]
Epoch 32/150 [train]:  69%|██████▉   | 18/26 [00:00<00:00, 50.78it/s, S=0.3242, loss=-0.2123]
Epoch 32/150 [train]:  69%|██████▉   | 18/26 [00:00<00:00, 50.78it/s, S=0.3251, loss=-0.2148]
Epoch 32/150 [train]:  92%|█████████▏| 24/26 [00:00<00:00, 50.73it/s, S=0.3251, loss=-0.2148]
Epoch 32/150 [train]:  92%|█████████▏| 24/26 [00:00<00:00, 50.73it/s, S=0.3243, loss=-0.2186]
Epoch 32/150 [train]:  92%|█████████▏| 24/26 [00:00<00:00, 50.73it/s, S=0.3261, loss=-0.2125]
                                                                                             
Epoch  32/150  train loss=-0.2118  val loss=-0.2201  S[mean]=0.3393  ζ=0.3989  mean_plane_ζ=0.2832  reg=0.1192  λscale=0.29  lr=4.97e-04

Epoch 33/150 [train]:   0%|          | 0/26 [00:00<?, ?it/s]
Epoch 33/150 [train]:   0%|          | 0/26 [00:00<?, ?it/s, S=0.3198, loss=-0.2114]
Epoch 33/150 [train]:   0%|          | 0/26 [00:00<?, ?it/s, S=0.3253, loss=-0.2071]
Epoch 33/150 [train]:   0%|          | 0/26 [00:00<?, ?it/s, S=0.3231, loss=-0.2096]
Epoch 33/150 [train]:   0%|          | 0/26 [00:00<?, ?it/s, S=0.3307, loss=-0.2230]
Epoch 33/150 [train]:   0%|          | 0/26 [00:00<?, ?it/s, S=0.3249, loss=-0.2162]
Epoch 33/150 [train]:   0%|          | 0/26 [00:00<?, ?it/s, S=0.3261, loss=-0.2190]
Epoch 33/150 [train]:  23%|██▎       | 6/26 [00:00<00:00, 50.86it/s, S=0.3261, loss=-0.2190]
Epoch 33/150 [train]:  23%|██▎       | 6/26 [00:00<00:00, 50.86it/s, S=0.3222, loss=-0.2081]
Epoch 33/150 [train]:  23%|██▎       | 6/26 [00:00<00:00, 50.86it/s, S=0.3169, loss=-0.2042]
Epoch 33/150 [train]:  23%|██▎       | 6/26 [00:00<00:00, 50.86it/s, S=0.3247, loss=-0.2197]
Epoch 33/150 [train]:  23%|██▎       | 6/26 [00:00<00:00, 50.86it/s, S=0.3224, loss=-0.2130]
Epoch 33/150 [train]:  23%|██▎       | 6/26 [00:00<00:00, 50.86it/s, S=0.3234, loss=-0.2155]
Epoch 33/150 [train]:  23%|██▎       | 6/26 [00:00<00:00, 50.86it/s, S=0.3361, loss=-0.2277]
Epoch 33/150 [train]:  46%|████▌     | 12/26 [00:00<00:00, 50.79it/s, S=0.3361, loss=-0.2277]
Epoch 33/150 [train]:  46%|████▌     | 12/26 [00:00<00:00, 50.79it/s, S=0.3246, loss=-0.2145]
Epoch 33/150 [train]:  46%|████▌     | 12/26 [00:00<00:00, 50.79it/s, S=0.3220, loss=-0.2135]
Epoch 33/150 [train]:  46%|████▌     | 12/26 [00:00<00:00, 50.79it/s, S=0.3180, loss=-0.2106]
Epoch 33/150 [train]:  46%|████▌     | 12/26 [00:00<00:00, 50.79it/s, S=0.3323, loss=-0.2215]
Epoch 33/150 [train]:  46%|████▌     | 12/26 [00:00<00:00, 50.79it/s, S=0.3237, loss=-0.2116]
Epoch 33/150 [train]:  46%|████▌     | 12/26 [00:00<00:00, 50.79it/s, S=0.3213, loss=-0.2171]
Epoch 33/150 [train]:  69%|██████▉   | 18/26 [00:00<00:00, 50.70it/s, S=0.3213, loss=-0.2171]
Epoch 33/150 [train]:  69%|██████▉   | 18/26 [00:00<00:00, 50.70it/s, S=0.3265, loss=-0.2172]
Epoch 33/150 [train]:  69%|██████▉   | 18/26 [00:00<00:00, 50.70it/s, S=0.3292, loss=-0.2217]
Epoch 33/150 [train]:  69%|██████▉   | 18/26 [00:00<00:00, 50.70it/s, S=0.3304, loss=-0.2198]
Epoch 33/150 [train]:  69%|██████▉   | 18/26 [00:00<00:00, 50.70it/s, S=0.3305, loss=-0.2240]
Epoch 33/150 [train]:  69%|██████▉   | 18/26 [00:00<00:00, 50.70it/s, S=0.3207, loss=-0.2114]
Epoch 33/150 [train]:  69%|██████▉   | 18/26 [00:00<00:00, 50.70it/s, S=0.3286, loss=-0.2205]
Epoch 33/150 [train]:  92%|█████████▏| 24/26 [00:00<00:00, 50.66it/s, S=0.3286, loss=-0.2205]
Epoch 33/150 [train]:  92%|█████████▏| 24/26 [00:00<00:00, 50.66it/s, S=0.3277, loss=-0.2206]
Epoch 33/150 [train]:  92%|█████████▏| 24/26 [00:00<00:00, 50.66it/s, S=0.3227, loss=-0.2126]
                                                                                             
Epoch  33/150  train loss=-0.2158  val loss=-0.2243  S[mean]=0.3440  ζ=0.4022  mean_plane_ζ=0.2863  reg=0.1197  λscale=0.29  lr=4.93e-04

Epoch 34/150 [train]:   0%|          | 0/26 [00:00<?, ?it/s]
Epoch 34/150 [train]:   0%|          | 0/26 [00:00<?, ?it/s, S=0.3278, loss=-0.2194]
Epoch 34/150 [train]:   0%|          | 0/26 [00:00<?, ?it/s, S=0.3272, loss=-0.2197]
Epoch 34/150 [train]:   0%|          | 0/26 [00:00<?, ?it/s, S=0.3292, loss=-0.2165]
Epoch 34/150 [train]:   0%|          | 0/26 [00:00<?, ?it/s, S=0.3318, loss=-0.2097]
Epoch 34/150 [train]:   0%|          | 0/26 [00:00<?, ?it/s, S=0.3296, loss=-0.2203]
Epoch 34/150 [train]:   0%|          | 0/26 [00:00<?, ?it/s, S=0.3309, loss=-0.2214]
Epoch 34/150 [train]:  23%|██▎       | 6/26 [00:00<00:00, 50.74it/s, S=0.3309, loss=-0.2214]
Epoch 34/150 [train]:  23%|██▎       | 6/26 [00:00<00:00, 50.74it/s, S=0.3233, loss=-0.2043]
Epoch 34/150 [train]:  23%|██▎       | 6/26 [00:00<00:00, 50.74it/s, S=0.3256, loss=-0.2110]
Epoch 34/150 [train]:  23%|██▎       | 6/26 [00:00<00:00, 50.74it/s, S=0.3307, loss=-0.2211]
Epoch 34/150 [train]:  23%|██▎       | 6/26 [00:00<00:00, 50.74it/s, S=0.3213, loss=-0.2149]
Epoch 34/150 [train]:  23%|██▎       | 6/26 [00:00<00:00, 50.74it/s, S=0.3291, loss=-0.2187]
Epoch 34/150 [train]:  23%|██▎       | 6/26 [00:00<00:00, 50.74it/s, S=0.3298, loss=-0.2188]
Epoch 34/150 [train]:  46%|████▌     | 12/26 [00:00<00:00, 50.66it/s, S=0.3298, loss=-0.2188]
Epoch 34/150 [train]:  46%|████▌     | 12/26 [00:00<00:00, 50.66it/s, S=0.3312, loss=-0.2185]
Epoch 34/150 [train]:  46%|████▌     | 12/26 [00:00<00:00, 50.66it/s, S=0.3274, loss=-0.2128]
Epoch 34/150 [train]:  46%|████▌     | 12/26 [00:00<00:00, 50.66it/s, S=0.3227, loss=-0.2071]
Epoch 34/150 [train]:  46%|████▌     | 12/26 [00:00<00:00, 50.66it/s, S=0.3266, loss=-0.2192]
Epoch 34/150 [train]:  46%|████▌     | 12/26 [00:00<00:00, 50.66it/s, S=0.3326, loss=-0.2254]
Epoch 34/150 [train]:  46%|████▌     | 12/26 [00:00<00:00, 50.66it/s, S=0.3310, loss=-0.2215]
Epoch 34/150 [train]:  69%|██████▉   | 18/26 [00:00<00:00, 50.73it/s, S=0.3310, loss=-0.2215]
Epoch 34/150 [train]:  69%|██████▉   | 18/26 [00:00<00:00, 50.73it/s, S=0.3279, loss=-0.2199]
Epoch 34/150 [train]:  69%|██████▉   | 18/26 [00:00<00:00, 50.73it/s, S=0.3277, loss=-0.2122]
Epoch 34/150 [train]:  69%|██████▉   | 18/26 [00:00<00:00, 50.73it/s, S=0.3310, loss=-0.2205]
Epoch 34/150 [train]:  69%|██████▉   | 18/26 [00:00<00:00, 50.73it/s, S=0.3379, loss=-0.2287]
Epoch 34/150 [train]:  69%|██████▉   | 18/26 [00:00<00:00, 50.73it/s, S=0.3263, loss=-0.2188]
Epoch 34/150 [train]:  69%|██████▉   | 18/26 [00:00<00:00, 50.73it/s, S=0.3238, loss=-0.2097]
Epoch 34/150 [train]:  92%|█████████▏| 24/26 [00:00<00:00, 50.70it/s, S=0.3238, loss=-0.2097]
Epoch 34/150 [train]:  92%|█████████▏| 24/26 [00:00<00:00, 50.70it/s, S=0.3266, loss=-0.2175]
Epoch 34/150 [train]:  92%|█████████▏| 24/26 [00:00<00:00, 50.70it/s, S=0.3222, loss=-0.2070]
                                                                                             
Epoch  34/150  train loss=-0.2167  val loss=-0.2258  S[mean]=0.3465  ζ=0.4037  mean_plane_ζ=0.2884  reg=0.1207  λscale=0.30  lr=4.88e-04

Epoch 35/150 [train]:   0%|          | 0/26 [00:00<?, ?it/s]
Epoch 35/150 [train]:   0%|          | 0/26 [00:00<?, ?it/s, S=0.3299, loss=-0.2174]
Epoch 35/150 [train]:   0%|          | 0/26 [00:00<?, ?it/s, S=0.3290, loss=-0.2193]
Epoch 35/150 [train]:   0%|          | 0/26 [00:00<?, ?it/s, S=0.3321, loss=-0.2222]
Epoch 35/150 [train]:   0%|          | 0/26 [00:00<?, ?it/s, S=0.3238, loss=-0.2119]
Epoch 35/150 [train]:   0%|          | 0/26 [00:00<?, ?it/s, S=0.3323, loss=-0.2211]
Epoch 35/150 [train]:   0%|          | 0/26 [00:00<?, ?it/s, S=0.3366, loss=-0.2241]
Epoch 35/150 [train]:  23%|██▎       | 6/26 [00:00<00:00, 50.92it/s, S=0.3366, loss=-0.2241]
Epoch 35/150 [train]:  23%|██▎       | 6/26 [00:00<00:00, 50.92it/s, S=0.3323, loss=-0.2216]
Epoch 35/150 [train]:  23%|██▎       | 6/26 [00:00<00:00, 50.92it/s, S=0.3395, loss=-0.2313]
Epoch 35/150 [train]:  23%|██▎       | 6/26 [00:00<00:00, 50.92it/s, S=0.3320, loss=-0.2221]
Epoch 35/150 [train]:  23%|██▎       | 6/26 [00:00<00:00, 50.92it/s, S=0.3376, loss=-0.2233]
Epoch 35/150 [train]:  23%|██▎       | 6/26 [00:00<00:00, 50.92it/s, S=0.3363, loss=-0.2238]
Epoch 35/150 [train]:  23%|██▎       | 6/26 [00:00<00:00, 50.92it/s, S=0.3374, loss=-0.2291]
Epoch 35/150 [train]:  46%|████▌     | 12/26 [00:00<00:00, 50.85it/s, S=0.3374, loss=-0.2291]
Epoch 35/150 [train]:  46%|████▌     | 12/26 [00:00<00:00, 50.85it/s, S=0.3324, loss=-0.2129]
Epoch 35/150 [train]:  46%|████▌     | 12/26 [00:00<00:00, 50.85it/s, S=0.3303, loss=-0.2201]
Epoch 35/150 [train]:  46%|████▌     | 12/26 [00:00<00:00, 50.85it/s, S=0.3351, loss=-0.2250]
Epoch 35/150 [train]:  46%|████▌     | 12/26 [00:00<00:00, 50.85it/s, S=0.3327, loss=-0.2245]
Epoch 35/150 [train]:  46%|████▌     | 12/26 [00:00<00:00, 50.85it/s, S=0.3308, loss=-0.2161]
Epoch 35/150 [train]:  46%|████▌     | 12/26 [00:00<00:00, 50.85it/s, S=0.3405, loss=-0.2333]
Epoch 35/150 [train]:  69%|██████▉   | 18/26 [00:00<00:00, 50.79it/s, S=0.3405, loss=-0.2333]
Epoch 35/150 [train]:  69%|██████▉   | 18/26 [00:00<00:00, 50.79it/s, S=0.3337, loss=-0.2223]
Epoch 35/150 [train]:  69%|██████▉   | 18/26 [00:00<00:00, 50.79it/s, S=0.3286, loss=-0.2204]
Epoch 35/150 [train]:  69%|██████▉   | 18/26 [00:00<00:00, 50.79it/s, S=0.3327, loss=-0.2243]
Epoch 35/150 [train]:  69%|██████▉   | 18/26 [00:00<00:00, 50.79it/s, S=0.3306, loss=-0.2198]
Epoch 35/150 [train]:  69%|██████▉   | 18/26 [00:00<00:00, 50.79it/s, S=0.3301, loss=-0.2204]
Epoch 35/150 [train]:  69%|██████▉   | 18/26 [00:00<00:00, 50.79it/s, S=0.3316, loss=-0.2224]
Epoch 35/150 [train]:  92%|█████████▏| 24/26 [00:00<00:00, 50.73it/s, S=0.3316, loss=-0.2224]
Epoch 35/150 [train]:  92%|█████████▏| 24/26 [00:00<00:00, 50.73it/s, S=0.3264, loss=-0.2145]
Epoch 35/150 [train]:  92%|█████████▏| 24/26 [00:00<00:00, 50.73it/s, S=0.3245, loss=-0.2106]
                                                                                             
Epoch  35/150  train loss=-0.2213  val loss=-0.2276  S[mean]=0.3491  ζ=0.4056  mean_plane_ζ=0.2904  reg=0.1214  λscale=0.31  lr=4.81e-04

Epoch 36/150 [train]:   0%|          | 0/26 [00:00<?, ?it/s]
Epoch 36/150 [train]:   0%|          | 0/26 [00:00<?, ?it/s, S=0.3371, loss=-0.2239]
Epoch 36/150 [train]:   0%|          | 0/26 [00:00<?, ?it/s, S=0.3351, loss=-0.2199]
Epoch 36/150 [train]:   0%|          | 0/26 [00:00<?, ?it/s, S=0.3319, loss=-0.2202]
Epoch 36/150 [train]:   0%|          | 0/26 [00:00<?, ?it/s, S=0.3359, loss=-0.2272]
Epoch 36/150 [train]:   0%|          | 0/26 [00:00<?, ?it/s, S=0.3365, loss=-0.2253]
Epoch 36/150 [train]:   0%|          | 0/26 [00:00<?, ?it/s, S=0.3365, loss=-0.2265]
Epoch 36/150 [train]:  23%|██▎       | 6/26 [00:00<00:00, 50.85it/s, S=0.3365, loss=-0.2265]
Epoch 36/150 [train]:  23%|██▎       | 6/26 [00:00<00:00, 50.85it/s, S=0.3326, loss=-0.2196]
Epoch 36/150 [train]:  23%|██▎       | 6/26 [00:00<00:00, 50.85it/s, S=0.3389, loss=-0.2273]
Epoch 36/150 [train]:  23%|██▎       | 6/26 [00:00<00:00, 50.85it/s, S=0.3317, loss=-0.2203]
Epoch 36/150 [train]:  23%|██▎       | 6/26 [00:00<00:00, 50.85it/s, S=0.3312, loss=-0.2171]
Epoch 36/150 [train]:  23%|██▎       | 6/26 [00:00<00:00, 50.85it/s, S=0.3288, loss=-0.2187]
Epoch 36/150 [train]:  23%|██▎       | 6/26 [00:00<00:00, 50.85it/s, S=0.3251, loss=-0.2080]
Epoch 36/150 [train]:  46%|████▌     | 12/26 [00:00<00:00, 50.81it/s, S=0.3251, loss=-0.2080]
Epoch 36/150 [train]:  46%|████▌     | 12/26 [00:00<00:00, 50.81it/s, S=0.3361, loss=-0.2252]
Epoch 36/150 [train]:  46%|████▌     | 12/26 [00:00<00:00, 50.81it/s, S=0.3394, loss=-0.2304]
Epoch 36/150 [train]:  46%|████▌     | 12/26 [00:00<00:00, 50.81it/s, S=0.3403, loss=-0.2300]
Epoch 36/150 [train]:  46%|████▌     | 12/26 [00:00<00:00, 50.81it/s, S=0.3355, loss=-0.2193]
Epoch 36/150 [train]:  46%|████▌     | 12/26 [00:00<00:00, 50.81it/s, S=0.3302, loss=-0.2143]
Epoch 36/150 [train]:  46%|████▌     | 12/26 [00:00<00:00, 50.81it/s, S=0.3405, loss=-0.2302]
Epoch 36/150 [train]:  69%|██████▉   | 18/26 [00:00<00:00, 50.83it/s, S=0.3405, loss=-0.2302]
Epoch 36/150 [train]:  69%|██████▉   | 18/26 [00:00<00:00, 50.83it/s, S=0.3374, loss=-0.2262]
Epoch 36/150 [train]:  69%|██████▉   | 18/26 [00:00<00:00, 50.83it/s, S=0.3396, loss=-0.2279]
Epoch 36/150 [train]:  69%|██████▉   | 18/26 [00:00<00:00, 50.83it/s, S=0.3404, loss=-0.2297]
Epoch 36/150 [train]:  69%|██████▉   | 18/26 [00:00<00:00, 50.83it/s, S=0.3405, loss=-0.2318]
Epoch 36/150 [train]:  69%|██████▉   | 18/26 [00:00<00:00, 50.83it/s, S=0.3344, loss=-0.2240]
Epoch 36/150 [train]:  69%|██████▉   | 18/26 [00:00<00:00, 50.83it/s, S=0.3220, loss=-0.1946]
Epoch 36/150 [train]:  92%|█████████▏| 24/26 [00:00<00:00, 50.82it/s, S=0.3220, loss=-0.1946]
Epoch 36/150 [train]:  92%|█████████▏| 24/26 [00:00<00:00, 50.82it/s, S=0.3381, loss=-0.2275]
Epoch 36/150 [train]:  92%|█████████▏| 24/26 [00:00<00:00, 50.82it/s, S=0.3347, loss=-0.2195]
                                                                                             
Epoch  36/150  train loss=-0.2225  val loss=-0.2296  S[mean]=0.3508  ζ=0.4067  mean_plane_ζ=0.2922  reg=0.1212  λscale=0.31  lr=4.73e-04

Epoch 37/150 [train]:   0%|          | 0/26 [00:00<?, ?it/s]
Epoch 37/150 [train]:   0%|          | 0/26 [00:00<?, ?it/s, S=0.3306, loss=-0.2151]
Epoch 37/150 [train]:   0%|          | 0/26 [00:00<?, ?it/s, S=0.3364, loss=-0.2267]
Epoch 37/150 [train]:   0%|          | 0/26 [00:00<?, ?it/s, S=0.3388, loss=-0.2236]
Epoch 37/150 [train]:   0%|          | 0/26 [00:00<?, ?it/s, S=0.3362, loss=-0.2218]
Epoch 37/150 [train]:   0%|          | 0/26 [00:00<?, ?it/s, S=0.3449, loss=-0.2358]
Epoch 37/150 [train]:   0%|          | 0/26 [00:00<?, ?it/s, S=0.3377, loss=-0.2268]
Epoch 37/150 [train]:  23%|██▎       | 6/26 [00:00<00:00, 50.77it/s, S=0.3377, loss=-0.2268]
Epoch 37/150 [train]:  23%|██▎       | 6/26 [00:00<00:00, 50.77it/s, S=0.3349, loss=-0.2229]
Epoch 37/150 [train]:  23%|██▎       | 6/26 [00:00<00:00, 50.77it/s, S=0.3359, loss=-0.2223]
Epoch 37/150 [train]:  23%|██▎       | 6/26 [00:00<00:00, 50.77it/s, S=0.3355, loss=-0.2189]
Epoch 37/150 [train]:  23%|██▎       | 6/26 [00:00<00:00, 50.77it/s, S=0.3337, loss=-0.2246]
Epoch 37/150 [train]:  23%|██▎       | 6/26 [00:00<00:00, 50.77it/s, S=0.3391, loss=-0.2264]
Epoch 37/150 [train]:  23%|██▎       | 6/26 [00:00<00:00, 50.77it/s, S=0.3405, loss=-0.2316]
Epoch 37/150 [train]:  46%|████▌     | 12/26 [00:00<00:00, 50.68it/s, S=0.3405, loss=-0.2316]
Epoch 37/150 [train]:  46%|████▌     | 12/26 [00:00<00:00, 50.68it/s, S=0.3369, loss=-0.2274]
Epoch 37/150 [train]:  46%|████▌     | 12/26 [00:00<00:00, 50.68it/s, S=0.3386, loss=-0.2293]
Epoch 37/150 [train]:  46%|████▌     | 12/26 [00:00<00:00, 50.68it/s, S=0.3372, loss=-0.2301]
Epoch 37/150 [train]:  46%|████▌     | 12/26 [00:00<00:00, 50.68it/s, S=0.3404, loss=-0.2317]
Epoch 37/150 [train]:  46%|████▌     | 12/26 [00:00<00:00, 50.68it/s, S=0.3357, loss=-0.2214]
Epoch 37/150 [train]:  46%|████▌     | 12/26 [00:00<00:00, 50.68it/s, S=0.3391, loss=-0.2220]
Epoch 37/150 [train]:  69%|██████▉   | 18/26 [00:00<00:00, 50.68it/s, S=0.3391, loss=-0.2220]
Epoch 37/150 [train]:  69%|██████▉   | 18/26 [00:00<00:00, 50.68it/s, S=0.3396, loss=-0.2260]
Epoch 37/150 [train]:  69%|██████▉   | 18/26 [00:00<00:00, 50.68it/s, S=0.3437, loss=-0.2355]
Epoch 37/150 [train]:  69%|██████▉   | 18/26 [00:00<00:00, 50.68it/s, S=0.3320, loss=-0.2191]
Epoch 37/150 [train]:  69%|██████▉   | 18/26 [00:00<00:00, 50.68it/s, S=0.3404, loss=-0.2309]
Epoch 37/150 [train]:  69%|██████▉   | 18/26 [00:00<00:00, 50.68it/s, S=0.3410, loss=-0.2335]
Epoch 37/150 [train]:  69%|██████▉   | 18/26 [00:00<00:00, 50.68it/s, S=0.3380, loss=-0.2258]
Epoch 37/150 [train]:  92%|█████████▏| 24/26 [00:00<00:00, 50.73it/s, S=0.3380, loss=-0.2258]
Epoch 37/150 [train]:  92%|█████████▏| 24/26 [00:00<00:00, 50.73it/s, S=0.3378, loss=-0.2300]
Epoch 37/150 [train]:  92%|█████████▏| 24/26 [00:00<00:00, 50.73it/s, S=0.3327, loss=-0.2125]
                                                                                             
Epoch  37/150  train loss=-0.2258  val loss=-0.2323  S[mean]=0.3538  ζ=0.4083  mean_plane_ζ=0.2934  reg=0.1215  λscale=0.32  lr=4.63e-04

Epoch 38/150 [train]:   0%|          | 0/26 [00:00<?, ?it/s]
Epoch 38/150 [train]:   0%|          | 0/26 [00:00<?, ?it/s, S=0.3316, loss=-0.2193]
Epoch 38/150 [train]:   0%|          | 0/26 [00:00<?, ?it/s, S=0.3339, loss=-0.2227]
Epoch 38/150 [train]:   0%|          | 0/26 [00:00<?, ?it/s, S=0.3385, loss=-0.2272]
Epoch 38/150 [train]:   0%|          | 0/26 [00:00<?, ?it/s, S=0.3375, loss=-0.2226]
Epoch 38/150 [train]:   0%|          | 0/26 [00:00<?, ?it/s, S=0.3338, loss=-0.2138]
Epoch 38/150 [train]:   0%|          | 0/26 [00:00<?, ?it/s, S=0.3385, loss=-0.2254]
Epoch 38/150 [train]:  23%|██▎       | 6/26 [00:00<00:00, 50.90it/s, S=0.3385, loss=-0.2254]
Epoch 38/150 [train]:  23%|██▎       | 6/26 [00:00<00:00, 50.90it/s, S=0.3347, loss=-0.2220]
Epoch 38/150 [train]:  23%|██▎       | 6/26 [00:00<00:00, 50.90it/s, S=0.3393, loss=-0.2291]
Epoch 38/150 [train]:  23%|██▎       | 6/26 [00:00<00:00, 50.90it/s, S=0.3479, loss=-0.2373]
Epoch 38/150 [train]:  23%|██▎       | 6/26 [00:00<00:00, 50.90it/s, S=0.3380, loss=-0.2237]
Epoch 38/150 [train]:  23%|██▎       | 6/26 [00:00<00:00, 50.90it/s, S=0.3418, loss=-0.2299]
Epoch 38/150 [train]:  23%|██▎       | 6/26 [00:00<00:00, 50.90it/s, S=0.3411, loss=-0.2273]
Epoch 38/150 [train]:  46%|████▌     | 12/26 [00:00<00:00, 50.88it/s, S=0.3411, loss=-0.2273]
Epoch 38/150 [train]:  46%|████▌     | 12/26 [00:00<00:00, 50.88it/s, S=0.3297, loss=-0.2031]
Epoch 38/150 [train]:  46%|████▌     | 12/26 [00:00<00:00, 50.88it/s, S=0.3423, loss=-0.2222]
Epoch 38/150 [train]:  46%|████▌     | 12/26 [00:00<00:00, 50.88it/s, S=0.3329, loss=-0.1978]
Epoch 38/150 [train]:  46%|████▌     | 12/26 [00:00<00:00, 50.88it/s, S=0.3437, loss=-0.2333]
Epoch 38/150 [train]:  46%|████▌     | 12/26 [00:00<00:00, 50.88it/s, S=0.3463, loss=-0.2317]
Epoch 38/150 [train]:  46%|████▌     | 12/26 [00:00<00:00, 50.88it/s, S=0.3434, loss=-0.2310]
Epoch 38/150 [train]:  69%|██████▉   | 18/26 [00:00<00:00, 50.86it/s, S=0.3434, loss=-0.2310]
Epoch 38/150 [train]:  69%|██████▉   | 18/26 [00:00<00:00, 50.86it/s, S=0.3401, loss=-0.2276]
Epoch 38/150 [train]:  69%|██████▉   | 18/26 [00:00<00:00, 50.86it/s, S=0.3382, loss=-0.2254]
Epoch 38/150 [train]:  69%|██████▉   | 18/26 [00:00<00:00, 50.86it/s, S=0.3345, loss=-0.2193]
Epoch 38/150 [train]:  69%|██████▉   | 18/26 [00:00<00:00, 50.86it/s, S=0.3425, loss=-0.2315]
Epoch 38/150 [train]:  69%|██████▉   | 18/26 [00:00<00:00, 50.86it/s, S=0.3317, loss=-0.2205]
Epoch 38/150 [train]:  69%|██████▉   | 18/26 [00:00<00:00, 50.86it/s, S=0.3329, loss=-0.2246]
Epoch 38/150 [train]:  92%|█████████▏| 24/26 [00:00<00:00, 50.81it/s, S=0.3329, loss=-0.2246]
Epoch 38/150 [train]:  92%|█████████▏| 24/26 [00:00<00:00, 50.81it/s, S=0.3380, loss=-0.2246]
Epoch 38/150 [train]:  92%|█████████▏| 24/26 [00:00<00:00, 50.81it/s, S=0.3374, loss=-0.2255]
                                                                                             
Epoch  38/150  train loss=-0.2238  val loss=-0.2322  S[mean]=0.3548  ζ=0.4083  mean_plane_ζ=0.2940  reg=0.1225  λscale=0.32  lr=4.52e-04

Epoch 39/150 [train]:   0%|          | 0/26 [00:00<?, ?it/s]
Epoch 39/150 [train]:   0%|          | 0/26 [00:00<?, ?it/s, S=0.3378, loss=-0.2253]
Epoch 39/150 [train]:   0%|          | 0/26 [00:00<?, ?it/s, S=0.3424, loss=-0.2308]
Epoch 39/150 [train]:   0%|          | 0/26 [00:00<?, ?it/s, S=0.3352, loss=-0.2239]
Epoch 39/150 [train]:   0%|          | 0/26 [00:00<?, ?it/s, S=0.3437, loss=-0.2344]
Epoch 39/150 [train]:   0%|          | 0/26 [00:00<?, ?it/s, S=0.3406, loss=-0.2276]
Epoch 39/150 [train]:   0%|          | 0/26 [00:00<?, ?it/s, S=0.3473, loss=-0.2349]
Epoch 39/150 [train]:  23%|██▎       | 6/26 [00:00<00:00, 50.87it/s, S=0.3473, loss=-0.2349]
Epoch 39/150 [train]:  23%|██▎       | 6/26 [00:00<00:00, 50.87it/s, S=0.3426, loss=-0.2266]
Epoch 39/150 [train]:  23%|██▎       | 6/26 [00:00<00:00, 50.87it/s, S=0.3455, loss=-0.2301]
Epoch 39/150 [train]:  23%|██▎       | 6/26 [00:00<00:00, 50.87it/s, S=0.3442, loss=-0.2348]
Epoch 39/150 [train]:  23%|██▎       | 6/26 [00:00<00:00, 50.87it/s, S=0.3383, loss=-0.2244]
Epoch 39/150 [train]:  23%|██▎       | 6/26 [00:00<00:00, 50.87it/s, S=0.3374, loss=-0.2192]
Epoch 39/150 [train]:  23%|██▎       | 6/26 [00:00<00:00, 50.87it/s, S=0.3439, loss=-0.2305]
Epoch 39/150 [train]:  46%|████▌     | 12/26 [00:00<00:00, 50.82it/s, S=0.3439, loss=-0.2305]
Epoch 39/150 [train]:  46%|████▌     | 12/26 [00:00<00:00, 50.82it/s, S=0.3484, loss=-0.2318]
Epoch 39/150 [train]:  46%|████▌     | 12/26 [00:00<00:00, 50.82it/s, S=0.3444, loss=-0.2306]
Epoch 39/150 [train]:  46%|████▌     | 12/26 [00:00<00:00, 50.82it/s, S=0.3364, loss=-0.2113]
Epoch 39/150 [train]:  46%|████▌     | 12/26 [00:00<00:00, 50.82it/s, S=0.3432, loss=-0.2290]
Epoch 39/150 [train]:  46%|████▌     | 12/26 [00:00<00:00, 50.82it/s, S=0.3418, loss=-0.2289]
Epoch 39/150 [train]:  46%|████▌     | 12/26 [00:00<00:00, 50.82it/s, S=0.3419, loss=-0.2332]
Epoch 39/150 [train]:  69%|██████▉   | 18/26 [00:00<00:00, 50.79it/s, S=0.3419, loss=-0.2332]
Epoch 39/150 [train]:  69%|██████▉   | 18/26 [00:00<00:00, 50.79it/s, S=0.3381, loss=-0.2232]
Epoch 39/150 [train]:  69%|██████▉   | 18/26 [00:00<00:00, 50.79it/s, S=0.3353, loss=-0.2217]
Epoch 39/150 [train]:  69%|██████▉   | 18/26 [00:00<00:00, 50.79it/s, S=0.3463, loss=-0.2376]
Epoch 39/150 [train]:  69%|██████▉   | 18/26 [00:00<00:00, 50.79it/s, S=0.3435, loss=-0.2297]
Epoch 39/150 [train]:  69%|██████▉   | 18/26 [00:00<00:00, 50.79it/s, S=0.3312, loss=-0.2077]
Epoch 39/150 [train]:  69%|██████▉   | 18/26 [00:00<00:00, 50.79it/s, S=0.3377, loss=-0.2220]
Epoch 39/150 [train]:  92%|█████████▏| 24/26 [00:00<00:00, 50.73it/s, S=0.3377, loss=-0.2220]
Epoch 39/150 [train]:  92%|█████████▏| 24/26 [00:00<00:00, 50.73it/s, S=0.3375, loss=-0.2199]
Epoch 39/150 [train]:  92%|█████████▏| 24/26 [00:00<00:00, 50.73it/s, S=0.3326, loss=-0.2212]
                                                                                             
Epoch  39/150  train loss=-0.2266  val loss=-0.2341  S[mean]=0.3570  ζ=0.4099  mean_plane_ζ=0.2955  reg=0.1229  λscale=0.33  lr=4.40e-04

Epoch 40/150 [train]:   0%|          | 0/26 [00:00<?, ?it/s]
Epoch 40/150 [train]:   0%|          | 0/26 [00:00<?, ?it/s, S=0.3435, loss=-0.2311]
Epoch 40/150 [train]:   0%|          | 0/26 [00:00<?, ?it/s, S=0.3398, loss=-0.2274]
Epoch 40/150 [train]:   0%|          | 0/26 [00:00<?, ?it/s, S=0.3472, loss=-0.2284]
Epoch 40/150 [train]:   0%|          | 0/26 [00:00<?, ?it/s, S=0.3430, loss=-0.2317]
Epoch 40/150 [train]:   0%|          | 0/26 [00:00<?, ?it/s, S=0.3460, loss=-0.2324]
Epoch 40/150 [train]:   0%|          | 0/26 [00:00<?, ?it/s, S=0.3485, loss=-0.2358]
Epoch 40/150 [train]:  23%|██▎       | 6/26 [00:00<00:00, 50.73it/s, S=0.3485, loss=-0.2358]
Epoch 40/150 [train]:  23%|██▎       | 6/26 [00:00<00:00, 50.73it/s, S=0.3393, loss=-0.2209]
Epoch 40/150 [train]:  23%|██▎       | 6/26 [00:00<00:00, 50.73it/s, S=0.3445, loss=-0.2341]
Epoch 40/150 [train]:  23%|██▎       | 6/26 [00:00<00:00, 50.73it/s, S=0.3431, loss=-0.2328]
Epoch 40/150 [train]:  23%|██▎       | 6/26 [00:00<00:00, 50.73it/s, S=0.3500, loss=-0.2299]
Epoch 40/150 [train]:  23%|██▎       | 6/26 [00:00<00:00, 50.73it/s, S=0.3457, loss=-0.2338]
Epoch 40/150 [train]:  23%|██▎       | 6/26 [00:00<00:00, 50.73it/s, S=0.3368, loss=-0.2227]
Epoch 40/150 [train]:  46%|████▌     | 12/26 [00:00<00:00, 50.74it/s, S=0.3368, loss=-0.2227]
Epoch 40/150 [train]:  46%|████▌     | 12/26 [00:00<00:00, 50.74it/s, S=0.3391, loss=-0.2276]
Epoch 40/150 [train]:  46%|████▌     | 12/26 [00:00<00:00, 50.74it/s, S=0.3425, loss=-0.2285]
Epoch 40/150 [train]:  46%|████▌     | 12/26 [00:00<00:00, 50.74it/s, S=0.3471, loss=-0.2341]
Epoch 40/150 [train]:  46%|████▌     | 12/26 [00:00<00:00, 50.74it/s, S=0.3425, loss=-0.2268]
Epoch 40/150 [train]:  46%|████▌     | 12/26 [00:00<00:00, 50.74it/s, S=0.3452, loss=-0.2244]
Epoch 40/150 [train]:  46%|████▌     | 12/26 [00:00<00:00, 50.74it/s, S=0.3438, loss=-0.2314]
Epoch 40/150 [train]:  69%|██████▉   | 18/26 [00:00<00:00, 50.73it/s, S=0.3438, loss=-0.2314]
Epoch 40/150 [train]:  69%|██████▉   | 18/26 [00:00<00:00, 50.73it/s, S=0.3485, loss=-0.2306]
Epoch 40/150 [train]:  69%|██████▉   | 18/26 [00:00<00:00, 50.73it/s, S=0.3469, loss=-0.2322]
Epoch 40/150 [train]:  69%|██████▉   | 18/26 [00:00<00:00, 50.73it/s, S=0.3384, loss=-0.2214]
Epoch 40/150 [train]:  69%|██████▉   | 18/26 [00:00<00:00, 50.73it/s, S=0.3356, loss=-0.2147]
Epoch 40/150 [train]:  69%|██████▉   | 18/26 [00:00<00:00, 50.73it/s, S=0.3500, loss=-0.2335]
Epoch 40/150 [train]:  69%|██████▉   | 18/26 [00:00<00:00, 50.73it/s, S=0.3442, loss=-0.2312]
Epoch 40/150 [train]:  92%|█████████▏| 24/26 [00:00<00:00, 50.66it/s, S=0.3442, loss=-0.2312]
Epoch 40/150 [train]:  92%|█████████▏| 24/26 [00:00<00:00, 50.66it/s, S=0.3360, loss=-0.2264]
Epoch 40/150 [train]:  92%|█████████▏| 24/26 [00:00<00:00, 50.66it/s, S=0.3460, loss=-0.2346]
                                                                                             
Epoch  40/150  train loss=-0.2292  val loss=-0.2355  S[mean]=0.3590  ζ=0.4107  mean_plane_ζ=0.2964  reg=0.1235  λscale=0.34  lr=4.27e-04

Epoch 41/150 [train]:   0%|          | 0/26 [00:00<?, ?it/s]
Epoch 41/150 [train]:   0%|          | 0/26 [00:00<?, ?it/s, S=0.3487, loss=-0.2363]
Epoch 41/150 [train]:   0%|          | 0/26 [00:00<?, ?it/s, S=0.3462, loss=-0.2313]
Epoch 41/150 [train]:   0%|          | 0/26 [00:00<?, ?it/s, S=0.3453, loss=-0.2312]
Epoch 41/150 [train]:   0%|          | 0/26 [00:00<?, ?it/s, S=0.3503, loss=-0.2394]
Epoch 41/150 [train]:   0%|          | 0/26 [00:00<?, ?it/s, S=0.3459, loss=-0.2334]
Epoch 41/150 [train]:   0%|          | 0/26 [00:00<?, ?it/s, S=0.3439, loss=-0.2260]
Epoch 41/150 [train]:  23%|██▎       | 6/26 [00:00<00:00, 50.82it/s, S=0.3439, loss=-0.2260]
Epoch 41/150 [train]:  23%|██▎       | 6/26 [00:00<00:00, 50.82it/s, S=0.3397, loss=-0.2222]
Epoch 41/150 [train]:  23%|██▎       | 6/26 [00:00<00:00, 50.82it/s, S=0.3490, loss=-0.2299]
Epoch 41/150 [train]:  23%|██▎       | 6/26 [00:00<00:00, 50.82it/s, S=0.3471, loss=-0.2261]
Epoch 41/150 [train]:  23%|██▎       | 6/26 [00:00<00:00, 50.82it/s, S=0.3540, loss=-0.2422]
Epoch 41/150 [train]:  23%|██▎       | 6/26 [00:00<00:00, 50.82it/s, S=0.3491, loss=-0.2365]
Epoch 41/150 [train]:  23%|██▎       | 6/26 [00:00<00:00, 50.82it/s, S=0.3413, loss=-0.2279]
Epoch 41/150 [train]:  46%|████▌     | 12/26 [00:00<00:00, 50.82it/s, S=0.3413, loss=-0.2279]
Epoch 41/150 [train]:  46%|████▌     | 12/26 [00:00<00:00, 50.82it/s, S=0.3428, loss=-0.2269]
Epoch 41/150 [train]:  46%|████▌     | 12/26 [00:00<00:00, 50.82it/s, S=0.3468, loss=-0.2242]
Epoch 41/150 [train]:  46%|████▌     | 12/26 [00:00<00:00, 50.82it/s, S=0.3424, loss=-0.2311]
Epoch 41/150 [train]:  46%|████▌     | 12/26 [00:00<00:00, 50.82it/s, S=0.3434, loss=-0.2326]
Epoch 41/150 [train]:  46%|████▌     | 12/26 [00:00<00:00, 50.82it/s, S=0.3527, loss=-0.2384]
Epoch 41/150 [train]:  46%|████▌     | 12/26 [00:00<00:00, 50.82it/s, S=0.3435, loss=-0.2304]
Epoch 41/150 [train]:  69%|██████▉   | 18/26 [00:00<00:00, 49.18it/s, S=0.3435, loss=-0.2304]
Epoch 41/150 [train]:  69%|██████▉   | 18/26 [00:00<00:00, 49.18it/s, S=0.3512, loss=-0.2412]
Epoch 41/150 [train]:  69%|██████▉   | 18/26 [00:00<00:00, 49.18it/s, S=0.3465, loss=-0.2334]
Epoch 41/150 [train]:  69%|██████▉   | 18/26 [00:00<00:00, 49.18it/s, S=0.3481, loss=-0.2347]
Epoch 41/150 [train]:  69%|██████▉   | 18/26 [00:00<00:00, 49.18it/s, S=0.3546, loss=-0.2428]
Epoch 41/150 [train]:  69%|██████▉   | 18/26 [00:00<00:00, 49.18it/s, S=0.3473, loss=-0.2303]
Epoch 41/150 [train]:  69%|██████▉   | 18/26 [00:00<00:00, 49.18it/s, S=0.3467, loss=-0.2317]
Epoch 41/150 [train]:  92%|█████████▏| 24/26 [00:00<00:00, 49.72it/s, S=0.3467, loss=-0.2317]
Epoch 41/150 [train]:  92%|█████████▏| 24/26 [00:00<00:00, 49.72it/s, S=0.3455, loss=-0.2343]
Epoch 41/150 [train]:  92%|█████████▏| 24/26 [00:00<00:00, 49.72it/s, S=0.3435, loss=-0.2314]
                                                                                             
Epoch  41/150  train loss=-0.2325  val loss=-0.2377  S[mean]=0.3614  ζ=0.4125  mean_plane_ζ=0.2981  reg=0.1237  λscale=0.34  lr=4.12e-04

Epoch 42/150 [train]:   0%|          | 0/26 [00:00<?, ?it/s]
Epoch 42/150 [train]:   0%|          | 0/26 [00:00<?, ?it/s, S=0.3503, loss=-0.2360]
Epoch 42/150 [train]:   0%|          | 0/26 [00:00<?, ?it/s, S=0.3491, loss=-0.2361]
Epoch 42/150 [train]:   0%|          | 0/26 [00:00<?, ?it/s, S=0.3396, loss=-0.2166]
Epoch 42/150 [train]:   0%|          | 0/26 [00:00<?, ?it/s, S=0.3462, loss=-0.2331]
Epoch 42/150 [train]:   0%|          | 0/26 [00:00<?, ?it/s, S=0.3480, loss=-0.2349]
Epoch 42/150 [train]:   0%|          | 0/26 [00:00<?, ?it/s, S=0.3480, loss=-0.2310]
Epoch 42/150 [train]:  23%|██▎       | 6/26 [00:00<00:00, 50.84it/s, S=0.3480, loss=-0.2310]
Epoch 42/150 [train]:  23%|██▎       | 6/26 [00:00<00:00, 50.84it/s, S=0.3373, loss=-0.2200]
Epoch 42/150 [train]:  23%|██▎       | 6/26 [00:00<00:00, 50.84it/s, S=0.3498, loss=-0.2354]
Epoch 42/150 [train]:  23%|██▎       | 6/26 [00:00<00:00, 50.84it/s, S=0.3392, loss=-0.2254]
Epoch 42/150 [train]:  23%|██▎       | 6/26 [00:00<00:00, 50.84it/s, S=0.3440, loss=-0.2278]
Epoch 42/150 [train]:  23%|██▎       | 6/26 [00:00<00:00, 50.84it/s, S=0.3476, loss=-0.2313]
Epoch 42/150 [train]:  23%|██▎       | 6/26 [00:00<00:00, 50.84it/s, S=0.3504, loss=-0.2347]
Epoch 42/150 [train]:  46%|████▌     | 12/26 [00:00<00:00, 50.76it/s, S=0.3504, loss=-0.2347]
Epoch 42/150 [train]:  46%|████▌     | 12/26 [00:00<00:00, 50.76it/s, S=0.3417, loss=-0.2267]
Epoch 42/150 [train]:  46%|████▌     | 12/26 [00:00<00:00, 50.76it/s, S=0.3484, loss=-0.2373]
Epoch 42/150 [train]:  46%|████▌     | 12/26 [00:00<00:00, 50.76it/s, S=0.3479, loss=-0.2389]
Epoch 42/150 [train]:  46%|████▌     | 12/26 [00:00<00:00, 50.76it/s, S=0.3433, loss=-0.2322]
Epoch 42/150 [train]:  46%|████▌     | 12/26 [00:00<00:00, 50.76it/s, S=0.3502, loss=-0.2374]
Epoch 42/150 [train]:  46%|████▌     | 12/26 [00:00<00:00, 50.76it/s, S=0.3488, loss=-0.2370]
Epoch 42/150 [train]:  69%|██████▉   | 18/26 [00:00<00:00, 50.76it/s, S=0.3488, loss=-0.2370]
Epoch 42/150 [train]:  69%|██████▉   | 18/26 [00:00<00:00, 50.76it/s, S=0.3481, loss=-0.2339]
Epoch 42/150 [train]:  69%|██████▉   | 18/26 [00:00<00:00, 50.76it/s, S=0.3463, loss=-0.2353]
Epoch 42/150 [train]:  69%|██████▉   | 18/26 [00:00<00:00, 50.76it/s, S=0.3427, loss=-0.2227]
Epoch 42/150 [train]:  69%|██████▉   | 18/26 [00:00<00:00, 50.76it/s, S=0.3482, loss=-0.2287]
Epoch 42/150 [train]:  69%|██████▉   | 18/26 [00:00<00:00, 50.76it/s, S=0.3533, loss=-0.2330]
Epoch 42/150 [train]:  69%|██████▉   | 18/26 [00:00<00:00, 50.76it/s, S=0.3515, loss=-0.2284]
Epoch 42/150 [train]:  92%|█████████▏| 24/26 [00:00<00:00, 50.74it/s, S=0.3515, loss=-0.2284]
Epoch 42/150 [train]:  92%|█████████▏| 24/26 [00:00<00:00, 50.74it/s, S=0.3524, loss=-0.2426]
Epoch 42/150 [train]:  92%|█████████▏| 24/26 [00:00<00:00, 50.74it/s, S=0.3538, loss=-0.2437]
                                                                                             
Epoch  42/150  train loss=-0.2323  val loss=-0.2365  S[mean]=0.3614  ζ=0.4136  mean_plane_ζ=0.2990  reg=0.1249  λscale=0.35  lr=3.97e-04

Epoch 43/150 [train]:   0%|          | 0/26 [00:00<?, ?it/s]
Epoch 43/150 [train]:   0%|          | 0/26 [00:00<?, ?it/s, S=0.3416, loss=-0.2258]
Epoch 43/150 [train]:   0%|          | 0/26 [00:00<?, ?it/s, S=0.3516, loss=-0.2393]
Epoch 43/150 [train]:   0%|          | 0/26 [00:00<?, ?it/s, S=0.3563, loss=-0.2410]
Epoch 43/150 [train]:   0%|          | 0/26 [00:00<?, ?it/s, S=0.3499, loss=-0.2348]
Epoch 43/150 [train]:   0%|          | 0/26 [00:00<?, ?it/s, S=0.3514, loss=-0.2367]
Epoch 43/150 [train]:   0%|          | 0/26 [00:00<?, ?it/s, S=0.3483, loss=-0.2298]
Epoch 43/150 [train]:  23%|██▎       | 6/26 [00:00<00:00, 50.76it/s, S=0.3483, loss=-0.2298]
Epoch 43/150 [train]:  23%|██▎       | 6/26 [00:00<00:00, 50.76it/s, S=0.3438, loss=-0.2296]
Epoch 43/150 [train]:  23%|██▎       | 6/26 [00:00<00:00, 50.76it/s, S=0.3506, loss=-0.2403]
Epoch 43/150 [train]:  23%|██▎       | 6/26 [00:00<00:00, 50.76it/s, S=0.3521, loss=-0.2310]
Epoch 43/150 [train]:  23%|██▎       | 6/26 [00:00<00:00, 50.76it/s, S=0.3466, loss=-0.2325]
Epoch 43/150 [train]:  23%|██▎       | 6/26 [00:00<00:00, 50.76it/s, S=0.3466, loss=-0.2300]
Epoch 43/150 [train]:  23%|██▎       | 6/26 [00:00<00:00, 50.76it/s, S=0.3491, loss=-0.2354]
Epoch 43/150 [train]:  46%|████▌     | 12/26 [00:00<00:00, 50.74it/s, S=0.3491, loss=-0.2354]
Epoch 43/150 [train]:  46%|████▌     | 12/26 [00:00<00:00, 50.74it/s, S=0.3525, loss=-0.2339]
Epoch 43/150 [train]:  46%|████▌     | 12/26 [00:00<00:00, 50.74it/s, S=0.3472, loss=-0.2277]
Epoch 43/150 [train]:  46%|████▌     | 12/26 [00:00<00:00, 50.74it/s, S=0.3483, loss=-0.2281]
Epoch 43/150 [train]:  46%|████▌     | 12/26 [00:00<00:00, 50.74it/s, S=0.3519, loss=-0.2354]
Epoch 43/150 [train]:  46%|████▌     | 12/26 [00:00<00:00, 50.74it/s, S=0.3543, loss=-0.2374]
Epoch 43/150 [train]:  46%|████▌     | 12/26 [00:00<00:00, 50.74it/s, S=0.3481, loss=-0.2327]
Epoch 43/150 [train]:  69%|██████▉   | 18/26 [00:00<00:00, 50.68it/s, S=0.3481, loss=-0.2327]
Epoch 43/150 [train]:  69%|██████▉   | 18/26 [00:00<00:00, 50.68it/s, S=0.3460, loss=-0.2301]
Epoch 43/150 [train]:  69%|██████▉   | 18/26 [00:00<00:00, 50.68it/s, S=0.3480, loss=-0.2316]
Epoch 43/150 [train]:  69%|██████▉   | 18/26 [00:00<00:00, 50.68it/s, S=0.3486, loss=-0.2284]
Epoch 43/150 [train]:  69%|██████▉   | 18/26 [00:00<00:00, 50.68it/s, S=0.3487, loss=-0.2340]
Epoch 43/150 [train]:  69%|██████▉   | 18/26 [00:00<00:00, 50.68it/s, S=0.3467, loss=-0.2345]
Epoch 43/150 [train]:  69%|██████▉   | 18/26 [00:00<00:00, 50.68it/s, S=0.3475, loss=-0.2311]
Epoch 43/150 [train]:  92%|█████████▏| 24/26 [00:00<00:00, 50.62it/s, S=0.3475, loss=-0.2311]
Epoch 43/150 [train]:  92%|█████████▏| 24/26 [00:00<00:00, 50.62it/s, S=0.3507, loss=-0.2380]
Epoch 43/150 [train]:  92%|█████████▏| 24/26 [00:00<00:00, 50.62it/s, S=0.3539, loss=-0.2340]
                                                                                             
Epoch  43/150  train loss=-0.2332  val loss=-0.2380  S[mean]=0.3635  ζ=0.4147  mean_plane_ζ=0.3001  reg=0.1256  λscale=0.35  lr=3.81e-04
Saved val-mean plane ζ checkpoint val_mean_plane_zeta_0.3.pt: threshold=0.3 epoch=43 val_mean_plane_zeta=0.3001

Epoch 44/150 [train]:   0%|          | 0/26 [00:00<?, ?it/s]
Epoch 44/150 [train]:   0%|          | 0/26 [00:00<?, ?it/s, S=0.3511, loss=-0.2306]
Epoch 44/150 [train]:   0%|          | 0/26 [00:00<?, ?it/s, S=0.3477, loss=-0.2315]
Epoch 44/150 [train]:   0%|          | 0/26 [00:00<?, ?it/s, S=0.3494, loss=-0.2356]
Epoch 44/150 [train]:   0%|          | 0/26 [00:00<?, ?it/s, S=0.3445, loss=-0.2234]
Epoch 44/150 [train]:   0%|          | 0/26 [00:00<?, ?it/s, S=0.3596, loss=-0.2457]
Epoch 44/150 [train]:   0%|          | 0/26 [00:00<?, ?it/s, S=0.3512, loss=-0.2360]
Epoch 44/150 [train]:  23%|██▎       | 6/26 [00:00<00:00, 50.86it/s, S=0.3512, loss=-0.2360]
Epoch 44/150 [train]:  23%|██▎       | 6/26 [00:00<00:00, 50.86it/s, S=0.3522, loss=-0.2366]
Epoch 44/150 [train]:  23%|██▎       | 6/26 [00:00<00:00, 50.86it/s, S=0.3479, loss=-0.2322]
Epoch 44/150 [train]:  23%|██▎       | 6/26 [00:00<00:00, 50.86it/s, S=0.3529, loss=-0.2403]
Epoch 44/150 [train]:  23%|██▎       | 6/26 [00:00<00:00, 50.86it/s, S=0.3443, loss=-0.2162]
Epoch 44/150 [train]:  23%|██▎       | 6/26 [00:00<00:00, 50.86it/s, S=0.3514, loss=-0.2352]
Epoch 44/150 [train]:  23%|██▎       | 6/26 [00:00<00:00, 50.86it/s, S=0.3371, loss=-0.2185]
Epoch 44/150 [train]:  46%|████▌     | 12/26 [00:00<00:00, 50.77it/s, S=0.3371, loss=-0.2185]
Epoch 44/150 [train]:  46%|████▌     | 12/26 [00:00<00:00, 50.77it/s, S=0.3538, loss=-0.2356]
Epoch 44/150 [train]:  46%|████▌     | 12/26 [00:00<00:00, 50.77it/s, S=0.3512, loss=-0.2375]
Epoch 44/150 [train]:  46%|████▌     | 12/26 [00:00<00:00, 50.77it/s, S=0.3517, loss=-0.2379]
Epoch 44/150 [train]:  46%|████▌     | 12/26 [00:00<00:00, 50.77it/s, S=0.3574, loss=-0.2399]
Epoch 44/150 [train]:  46%|████▌     | 12/26 [00:00<00:00, 50.77it/s, S=0.3529, loss=-0.2353]
Epoch 44/150 [train]:  46%|████▌     | 12/26 [00:00<00:00, 50.77it/s, S=0.3558, loss=-0.2401]
Epoch 44/150 [train]:  69%|██████▉   | 18/26 [00:00<00:00, 50.71it/s, S=0.3558, loss=-0.2401]
Epoch 44/150 [train]:  69%|██████▉   | 18/26 [00:00<00:00, 50.71it/s, S=0.3511, loss=-0.2400]
Epoch 44/150 [train]:  69%|██████▉   | 18/26 [00:00<00:00, 50.71it/s, S=0.3487, loss=-0.2370]
Epoch 44/150 [train]:  69%|██████▉   | 18/26 [00:00<00:00, 50.71it/s, S=0.3474, loss=-0.2342]
Epoch 44/150 [train]:  69%|██████▉   | 18/26 [00:00<00:00, 50.71it/s, S=0.3471, loss=-0.2309]
Epoch 44/150 [train]:  69%|██████▉   | 18/26 [00:00<00:00, 50.71it/s, S=0.3516, loss=-0.2357]
Epoch 44/150 [train]:  69%|██████▉   | 18/26 [00:00<00:00, 50.71it/s, S=0.3454, loss=-0.2338]
Epoch 44/150 [train]:  92%|█████████▏| 24/26 [00:00<00:00, 50.72it/s, S=0.3454, loss=-0.2338]
Epoch 44/150 [train]:  92%|█████████▏| 24/26 [00:00<00:00, 50.72it/s, S=0.3567, loss=-0.2467]
Epoch 44/150 [train]:  92%|█████████▏| 24/26 [00:00<00:00, 50.72it/s, S=0.3475, loss=-0.2345]
                                                                                             
Epoch  44/150  train loss=-0.2347  val loss=-0.2385  S[mean]=0.3644  ζ=0.4157  mean_plane_ζ=0.3008  reg=0.1259  λscale=0.36  lr=3.63e-04

Epoch 45/150 [train]:   0%|          | 0/26 [00:00<?, ?it/s]
Epoch 45/150 [train]:   0%|          | 0/26 [00:00<?, ?it/s, S=0.3510, loss=-0.2364]
Epoch 45/150 [train]:   0%|          | 0/26 [00:00<?, ?it/s, S=0.3570, loss=-0.2438]
Epoch 45/150 [train]:   0%|          | 0/26 [00:00<?, ?it/s, S=0.3563, loss=-0.2360]
Epoch 45/150 [train]:   0%|          | 0/26 [00:00<?, ?it/s, S=0.3551, loss=-0.2396]
Epoch 45/150 [train]:   0%|          | 0/26 [00:00<?, ?it/s, S=0.3515, loss=-0.2359]
Epoch 45/150 [train]:   0%|          | 0/26 [00:00<?, ?it/s, S=0.3520, loss=-0.2370]
Epoch 45/150 [train]:  23%|██▎       | 6/26 [00:00<00:00, 50.65it/s, S=0.3520, loss=-0.2370]
Epoch 45/150 [train]:  23%|██▎       | 6/26 [00:00<00:00, 50.65it/s, S=0.3520, loss=-0.2399]
Epoch 45/150 [train]:  23%|██▎       | 6/26 [00:00<00:00, 50.65it/s, S=0.3520, loss=-0.2381]
Epoch 45/150 [train]:  23%|██▎       | 6/26 [00:00<00:00, 50.65it/s, S=0.3528, loss=-0.2361]
Epoch 45/150 [train]:  23%|██▎       | 6/26 [00:00<00:00, 50.65it/s, S=0.3539, loss=-0.2388]
Epoch 45/150 [train]:  23%|██▎       | 6/26 [00:00<00:00, 50.65it/s, S=0.3532, loss=-0.2388]
Epoch 45/150 [train]:  23%|██▎       | 6/26 [00:00<00:00, 50.65it/s, S=0.3540, loss=-0.2425]
Epoch 45/150 [train]:  46%|████▌     | 12/26 [00:00<00:00, 50.69it/s, S=0.3540, loss=-0.2425]
Epoch 45/150 [train]:  46%|████▌     | 12/26 [00:00<00:00, 50.69it/s, S=0.3477, loss=-0.2361]
Epoch 45/150 [train]:  46%|████▌     | 12/26 [00:00<00:00, 50.69it/s, S=0.3494, loss=-0.2365]
Epoch 45/150 [train]:  46%|████▌     | 12/26 [00:00<00:00, 50.69it/s, S=0.3569, loss=-0.2428]
Epoch 45/150 [train]:  46%|████▌     | 12/26 [00:00<00:00, 50.69it/s, S=0.3532, loss=-0.2330]
Epoch 45/150 [train]:  46%|████▌     | 12/26 [00:00<00:00, 50.69it/s, S=0.3546, loss=-0.2434]
Epoch 45/150 [train]:  46%|████▌     | 12/26 [00:00<00:00, 50.69it/s, S=0.3551, loss=-0.2442]
Epoch 45/150 [train]:  69%|██████▉   | 18/26 [00:00<00:00, 50.64it/s, S=0.3551, loss=-0.2442]
Epoch 45/150 [train]:  69%|██████▉   | 18/26 [00:00<00:00, 50.64it/s, S=0.3574, loss=-0.2449]
Epoch 45/150 [train]:  69%|██████▉   | 18/26 [00:00<00:00, 50.64it/s, S=0.3511, loss=-0.2383]
Epoch 45/150 [train]:  69%|██████▉   | 18/26 [00:00<00:00, 50.64it/s, S=0.3519, loss=-0.2378]
Epoch 45/150 [train]:  69%|██████▉   | 18/26 [00:00<00:00, 50.64it/s, S=0.3486, loss=-0.2325]
Epoch 45/150 [train]:  69%|██████▉   | 18/26 [00:00<00:00, 50.64it/s, S=0.3504, loss=-0.2349]
Epoch 45/150 [train]:  69%|██████▉   | 18/26 [00:00<00:00, 50.64it/s, S=0.3560, loss=-0.2438]
Epoch 45/150 [train]:  92%|█████████▏| 24/26 [00:00<00:00, 50.69it/s, S=0.3560, loss=-0.2438]
Epoch 45/150 [train]:  92%|█████████▏| 24/26 [00:00<00:00, 50.69it/s, S=0.3533, loss=-0.2414]
Epoch 45/150 [train]:  92%|█████████▏| 24/26 [00:00<00:00, 50.69it/s, S=0.3534, loss=-0.2386]
                                                                                             
Epoch  45/150  train loss=-0.2389  val loss=-0.2386  S[mean]=0.3654  ζ=0.4159  mean_plane_ζ=0.3009  reg=0.1268  λscale=0.37  lr=3.46e-04

Epoch 46/150 [train]:   0%|          | 0/26 [00:00<?, ?it/s]
Epoch 46/150 [train]:   0%|          | 0/26 [00:00<?, ?it/s, S=0.3558, loss=-0.2411]
Epoch 46/150 [train]:   0%|          | 0/26 [00:00<?, ?it/s, S=0.3568, loss=-0.2398]
Epoch 46/150 [train]:   0%|          | 0/26 [00:00<?, ?it/s, S=0.3572, loss=-0.2449]
Epoch 46/150 [train]:   0%|          | 0/26 [00:00<?, ?it/s, S=0.3478, loss=-0.2370]
Epoch 46/150 [train]:   0%|          | 0/26 [00:00<?, ?it/s, S=0.3505, loss=-0.2309]
Epoch 46/150 [train]:   0%|          | 0/26 [00:00<?, ?it/s, S=0.3529, loss=-0.2330]
Epoch 46/150 [train]:  23%|██▎       | 6/26 [00:00<00:00, 50.78it/s, S=0.3529, loss=-0.2330]
Epoch 46/150 [train]:  23%|██▎       | 6/26 [00:00<00:00, 50.78it/s, S=0.3566, loss=-0.2358]
Epoch 46/150 [train]:  23%|██▎       | 6/26 [00:00<00:00, 50.78it/s, S=0.3488, loss=-0.2247]
Epoch 46/150 [train]:  23%|██▎       | 6/26 [00:00<00:00, 50.78it/s, S=0.3546, loss=-0.2419]
Epoch 46/150 [train]:  23%|██▎       | 6/26 [00:00<00:00, 50.78it/s, S=0.3530, loss=-0.2381]
Epoch 46/150 [train]:  23%|██▎       | 6/26 [00:00<00:00, 50.78it/s, S=0.3562, loss=-0.2334]
Epoch 46/150 [train]:  23%|██▎       | 6/26 [00:00<00:00, 50.78it/s, S=0.3546, loss=-0.2361]
Epoch 46/150 [train]:  46%|████▌     | 12/26 [00:00<00:00, 50.78it/s, S=0.3546, loss=-0.2361]
Epoch 46/150 [train]:  46%|████▌     | 12/26 [00:00<00:00, 50.78it/s, S=0.3499, loss=-0.2359]
Epoch 46/150 [train]:  46%|████▌     | 12/26 [00:00<00:00, 50.78it/s, S=0.3563, loss=-0.2417]
Epoch 46/150 [train]:  46%|████▌     | 12/26 [00:00<00:00, 50.78it/s, S=0.3540, loss=-0.2411]
Epoch 46/150 [train]:  46%|████▌     | 12/26 [00:00<00:00, 50.78it/s, S=0.3521, loss=-0.2246]
Epoch 46/150 [train]:  46%|████▌     | 12/26 [00:00<00:00, 50.78it/s, S=0.3592, loss=-0.2440]
Epoch 46/150 [train]:  46%|████▌     | 12/26 [00:00<00:00, 50.78it/s, S=0.3520, loss=-0.2358]
Epoch 46/150 [train]:  69%|██████▉   | 18/26 [00:00<00:00, 50.76it/s, S=0.3520, loss=-0.2358]
Epoch 46/150 [train]:  69%|██████▉   | 18/26 [00:00<00:00, 50.76it/s, S=0.3568, loss=-0.2410]
Epoch 46/150 [train]:  69%|██████▉   | 18/26 [00:00<00:00, 50.76it/s, S=0.3549, loss=-0.2360]
Epoch 46/150 [train]:  69%|██████▉   | 18/26 [00:00<00:00, 50.76it/s, S=0.3531, loss=-0.2420]
Epoch 46/150 [train]:  69%|██████▉   | 18/26 [00:00<00:00, 50.76it/s, S=0.3549, loss=-0.2385]
Epoch 46/150 [train]:  69%|██████▉   | 18/26 [00:00<00:00, 50.76it/s, S=0.3588, loss=-0.2454]
Epoch 46/150 [train]:  69%|██████▉   | 18/26 [00:00<00:00, 50.76it/s, S=0.3532, loss=-0.2355]
Epoch 46/150 [train]:  92%|█████████▏| 24/26 [00:00<00:00, 50.77it/s, S=0.3532, loss=-0.2355]
Epoch 46/150 [train]:  92%|█████████▏| 24/26 [00:00<00:00, 50.77it/s, S=0.3526, loss=-0.2343]
Epoch 46/150 [train]:  92%|█████████▏| 24/26 [00:00<00:00, 50.77it/s, S=0.3471, loss=-0.2296]
                                                                                             
Epoch  46/150  train loss=-0.2370  val loss=-0.2385  S[mean]=0.3660  ζ=0.4178  mean_plane_ζ=0.3023  reg=0.1275  λscale=0.37  lr=3.27e-04

Epoch 47/150 [train]:   0%|          | 0/26 [00:00<?, ?it/s]
Epoch 47/150 [train]:   0%|          | 0/26 [00:00<?, ?it/s, S=0.3491, loss=-0.2272]
Epoch 47/150 [train]:   0%|          | 0/26 [00:00<?, ?it/s, S=0.3596, loss=-0.2411]
Epoch 47/150 [train]:   0%|          | 0/26 [00:00<?, ?it/s, S=0.3488, loss=-0.2226]
Epoch 47/150 [train]:   0%|          | 0/26 [00:00<?, ?it/s, S=0.3541, loss=-0.2365]
Epoch 47/150 [train]:   0%|          | 0/26 [00:00<?, ?it/s, S=0.3546, loss=-0.2305]
Epoch 47/150 [train]:   0%|          | 0/26 [00:00<?, ?it/s, S=0.3468, loss=-0.2287]
Epoch 47/150 [train]:  23%|██▎       | 6/26 [00:00<00:00, 50.73it/s, S=0.3468, loss=-0.2287]
Epoch 47/150 [train]:  23%|██▎       | 6/26 [00:00<00:00, 50.73it/s, S=0.3483, loss=-0.2285]
Epoch 47/150 [train]:  23%|██▎       | 6/26 [00:00<00:00, 50.73it/s, S=0.3528, loss=-0.2390]
Epoch 47/150 [train]:  23%|██▎       | 6/26 [00:00<00:00, 50.73it/s, S=0.3509, loss=-0.2333]
Epoch 47/150 [train]:  23%|██▎       | 6/26 [00:00<00:00, 50.73it/s, S=0.3540, loss=-0.2345]
Epoch 47/150 [train]:  23%|██▎       | 6/26 [00:00<00:00, 50.73it/s, S=0.3472, loss=-0.2343]
Epoch 47/150 [train]:  23%|██▎       | 6/26 [00:00<00:00, 50.73it/s, S=0.3574, loss=-0.2369]
Epoch 47/150 [train]:  46%|████▌     | 12/26 [00:00<00:00, 50.67it/s, S=0.3574, loss=-0.2369]
Epoch 47/150 [train]:  46%|████▌     | 12/26 [00:00<00:00, 50.67it/s, S=0.3529, loss=-0.2346]
Epoch 47/150 [train]:  46%|████▌     | 12/26 [00:00<00:00, 50.67it/s, S=0.3505, loss=-0.2273]
Epoch 47/150 [train]:  46%|████▌     | 12/26 [00:00<00:00, 50.67it/s, S=0.3549, loss=-0.2421]
Epoch 47/150 [train]:  46%|████▌     | 12/26 [00:00<00:00, 50.67it/s, S=0.3563, loss=-0.2399]
Epoch 47/150 [train]:  46%|████▌     | 12/26 [00:00<00:00, 50.67it/s, S=0.3636, loss=-0.2509]
Epoch 47/150 [train]:  46%|████▌     | 12/26 [00:00<00:00, 50.67it/s, S=0.3514, loss=-0.2312]
Epoch 47/150 [train]:  69%|██████▉   | 18/26 [00:00<00:00, 50.64it/s, S=0.3514, loss=-0.2312]
Epoch 47/150 [train]:  69%|██████▉   | 18/26 [00:00<00:00, 50.64it/s, S=0.3513, loss=-0.2340]
Epoch 47/150 [train]:  69%|██████▉   | 18/26 [00:00<00:00, 50.64it/s, S=0.3454, loss=-0.2211]
Epoch 47/150 [train]:  69%|██████▉   | 18/26 [00:00<00:00, 50.64it/s, S=0.3599, loss=-0.2409]
Epoch 47/150 [train]:  69%|██████▉   | 18/26 [00:00<00:00, 50.64it/s, S=0.3494, loss=-0.2312]
Epoch 47/150 [train]:  69%|██████▉   | 18/26 [00:00<00:00, 50.64it/s, S=0.3585, loss=-0.2391]
Epoch 47/150 [train]:  69%|██████▉   | 18/26 [00:00<00:00, 50.64it/s, S=0.3588, loss=-0.2413]
Epoch 47/150 [train]:  92%|█████████▏| 24/26 [00:00<00:00, 50.63it/s, S=0.3588, loss=-0.2413]
Epoch 47/150 [train]:  92%|█████████▏| 24/26 [00:00<00:00, 50.63it/s, S=0.3559, loss=-0.2394]
Epoch 47/150 [train]:  92%|█████████▏| 24/26 [00:00<00:00, 50.63it/s, S=0.3560, loss=-0.2394]
                                                                                             
Epoch  47/150  train loss=-0.2348  val loss=-0.2387  S[mean]=0.3665  ζ=0.4177  mean_plane_ζ=0.3026  reg=0.1278  λscale=0.38  lr=3.08e-04

Epoch 48/150 [train]:   0%|          | 0/26 [00:00<?, ?it/s]
Epoch 48/150 [train]:   0%|          | 0/26 [00:00<?, ?it/s, S=0.3488, loss=-0.2245]
Epoch 48/150 [train]:   0%|          | 0/26 [00:00<?, ?it/s, S=0.3564, loss=-0.2376]
Epoch 48/150 [train]:   0%|          | 0/26 [00:00<?, ?it/s, S=0.3549, loss=-0.2350]
Epoch 48/150 [train]:   0%|          | 0/26 [00:00<?, ?it/s, S=0.3481, loss=-0.2132]
Epoch 48/150 [train]:   0%|          | 0/26 [00:00<?, ?it/s, S=0.3477, loss=-0.2215]
Epoch 48/150 [train]:   0%|          | 0/26 [00:00<?, ?it/s, S=0.3562, loss=-0.2294]
Epoch 48/150 [train]:  23%|██▎       | 6/26 [00:00<00:00, 50.74it/s, S=0.3562, loss=-0.2294]
Epoch 48/150 [train]:  23%|██▎       | 6/26 [00:00<00:00, 50.74it/s, S=0.3574, loss=-0.2409]
Epoch 48/150 [train]:  23%|██▎       | 6/26 [00:00<00:00, 50.74it/s, S=0.3482, loss=-0.2312]
Epoch 48/150 [train]:  23%|██▎       | 6/26 [00:00<00:00, 50.74it/s, S=0.3600, loss=-0.2445]
Epoch 48/150 [train]:  23%|██▎       | 6/26 [00:00<00:00, 50.74it/s, S=0.3533, loss=-0.2323]
Epoch 48/150 [train]:  23%|██▎       | 6/26 [00:00<00:00, 50.74it/s, S=0.3496, loss=-0.2246]
Epoch 48/150 [train]:  23%|██▎       | 6/26 [00:00<00:00, 50.74it/s, S=0.3522, loss=-0.2294]
Epoch 48/150 [train]:  46%|████▌     | 12/26 [00:00<00:00, 50.58it/s, S=0.3522, loss=-0.2294]
Epoch 48/150 [train]:  46%|████▌     | 12/26 [00:00<00:00, 50.58it/s, S=0.3496, loss=-0.2288]
Epoch 48/150 [train]:  46%|████▌     | 12/26 [00:00<00:00, 50.58it/s, S=0.3536, loss=-0.2381]
Epoch 48/150 [train]:  46%|████▌     | 12/26 [00:00<00:00, 50.58it/s, S=0.3490, loss=-0.2332]
Epoch 48/150 [train]:  46%|████▌     | 12/26 [00:00<00:00, 50.58it/s, S=0.3509, loss=-0.2298]
Epoch 48/150 [train]:  46%|████▌     | 12/26 [00:00<00:00, 50.58it/s, S=0.3549, loss=-0.2372]
Epoch 48/150 [train]:  46%|████▌     | 12/26 [00:00<00:00, 50.58it/s, S=0.3585, loss=-0.2402]
Epoch 48/150 [train]:  69%|██████▉   | 18/26 [00:00<00:00, 50.56it/s, S=0.3585, loss=-0.2402]
Epoch 48/150 [train]:  69%|██████▉   | 18/26 [00:00<00:00, 50.56it/s, S=0.3545, loss=-0.2368]
Epoch 48/150 [train]:  69%|██████▉   | 18/26 [00:00<00:00, 50.56it/s, S=0.3541, loss=-0.2374]
Epoch 48/150 [train]:  69%|██████▉   | 18/26 [00:00<00:00, 50.56it/s, S=0.3530, loss=-0.2404]
Epoch 48/150 [train]:  69%|██████▉   | 18/26 [00:00<00:00, 50.56it/s, S=0.3543, loss=-0.2356]
Epoch 48/150 [train]:  69%|██████▉   | 18/26 [00:00<00:00, 50.56it/s, S=0.3589, loss=-0.2453]
Epoch 48/150 [train]:  69%|██████▉   | 18/26 [00:00<00:00, 50.56it/s, S=0.3548, loss=-0.2359]
Epoch 48/150 [train]:  92%|█████████▏| 24/26 [00:00<00:00, 50.56it/s, S=0.3548, loss=-0.2359]
Epoch 48/150 [train]:  92%|█████████▏| 24/26 [00:00<00:00, 50.56it/s, S=0.3537, loss=-0.2360]
Epoch 48/150 [train]:  92%|█████████▏| 24/26 [00:00<00:00, 50.56it/s, S=0.3580, loss=-0.2422]
                                                                                             
Epoch  48/150  train loss=-0.2339  val loss=-0.2392  S[mean]=0.3673  ζ=0.4189  mean_plane_ζ=0.3034  reg=0.1280  λscale=0.38  lr=2.89e-04

Epoch 49/150 [train]:   0%|          | 0/26 [00:00<?, ?it/s]
Epoch 49/150 [train]:   0%|          | 0/26 [00:00<?, ?it/s, S=0.3587, loss=-0.2415]
Epoch 49/150 [train]:   0%|          | 0/26 [00:00<?, ?it/s, S=0.3520, loss=-0.2292]
Epoch 49/150 [train]:   0%|          | 0/26 [00:00<?, ?it/s, S=0.3575, loss=-0.2402]
Epoch 49/150 [train]:   0%|          | 0/26 [00:00<?, ?it/s, S=0.3489, loss=-0.2308]
Epoch 49/150 [train]:   0%|          | 0/26 [00:00<?, ?it/s, S=0.3570, loss=-0.2411]
Epoch 49/150 [train]:   0%|          | 0/26 [00:00<?, ?it/s, S=0.3542, loss=-0.2350]
Epoch 49/150 [train]:  23%|██▎       | 6/26 [00:00<00:00, 50.60it/s, S=0.3542, loss=-0.2350]
Epoch 49/150 [train]:  23%|██▎       | 6/26 [00:00<00:00, 50.60it/s, S=0.3506, loss=-0.2222]
Epoch 49/150 [train]:  23%|██▎       | 6/26 [00:00<00:00, 50.60it/s, S=0.3523, loss=-0.2360]
Epoch 49/150 [train]:  23%|██▎       | 6/26 [00:00<00:00, 50.60it/s, S=0.3501, loss=-0.2327]
Epoch 49/150 [train]:  23%|██▎       | 6/26 [00:00<00:00, 50.60it/s, S=0.3519, loss=-0.2355]
Epoch 49/150 [train]:  23%|██▎       | 6/26 [00:00<00:00, 50.60it/s, S=0.3568, loss=-0.2407]
Epoch 49/150 [train]:  23%|██▎       | 6/26 [00:00<00:00, 50.60it/s, S=0.3575, loss=-0.2439]
Epoch 49/150 [train]:  46%|████▌     | 12/26 [00:00<00:00, 50.60it/s, S=0.3575, loss=-0.2439]
Epoch 49/150 [train]:  46%|████▌     | 12/26 [00:00<00:00, 50.60it/s, S=0.3574, loss=-0.2372]
Epoch 49/150 [train]:  46%|████▌     | 12/26 [00:00<00:00, 50.60it/s, S=0.3574, loss=-0.2365]
Epoch 49/150 [train]:  46%|████▌     | 12/26 [00:00<00:00, 50.60it/s, S=0.3593, loss=-0.2357]
Epoch 49/150 [train]:  46%|████▌     | 12/26 [00:00<00:00, 50.60it/s, S=0.3596, loss=-0.2390]
Epoch 49/150 [train]:  46%|████▌     | 12/26 [00:00<00:00, 50.60it/s, S=0.3575, loss=-0.2409]
Epoch 49/150 [train]:  46%|████▌     | 12/26 [00:00<00:00, 50.60it/s, S=0.3539, loss=-0.2329]
Epoch 49/150 [train]:  69%|██████▉   | 18/26 [00:00<00:00, 50.62it/s, S=0.3539, loss=-0.2329]
Epoch 49/150 [train]:  69%|██████▉   | 18/26 [00:00<00:00, 50.62it/s, S=0.3591, loss=-0.2373]
Epoch 49/150 [train]:  69%|██████▉   | 18/26 [00:00<00:00, 50.62it/s, S=0.3533, loss=-0.2398]
Epoch 49/150 [train]:  69%|██████▉   | 18/26 [00:00<00:00, 50.62it/s, S=0.3505, loss=-0.2283]
Epoch 49/150 [train]:  69%|██████▉   | 18/26 [00:00<00:00, 50.62it/s, S=0.3557, loss=-0.2400]
Epoch 49/150 [train]:  69%|██████▉   | 18/26 [00:00<00:00, 50.62it/s, S=0.3539, loss=-0.2317]
Epoch 49/150 [train]:  69%|██████▉   | 18/26 [00:00<00:00, 50.62it/s, S=0.3529, loss=-0.2335]
Epoch 49/150 [train]:  92%|█████████▏| 24/26 [00:00<00:00, 50.61it/s, S=0.3529, loss=-0.2335]
Epoch 49/150 [train]:  92%|█████████▏| 24/26 [00:00<00:00, 50.61it/s, S=0.3554, loss=-0.2390]
Epoch 49/150 [train]:  92%|█████████▏| 24/26 [00:00<00:00, 50.61it/s, S=0.3584, loss=-0.2375]
                                                                                             
Epoch  49/150  train loss=-0.2361  val loss=-0.2385  S[mean]=0.3671  ζ=0.4190  mean_plane_ζ=0.3036  reg=0.1285  λscale=0.39  lr=2.70e-04

Epoch 50/150 [train]:   0%|          | 0/26 [00:00<?, ?it/s]
Epoch 50/150 [train]:   0%|          | 0/26 [00:00<?, ?it/s, S=0.3528, loss=-0.2316]
Epoch 50/150 [train]:   0%|          | 0/26 [00:00<?, ?it/s, S=0.3591, loss=-0.2424]
Epoch 50/150 [train]:   0%|          | 0/26 [00:00<?, ?it/s, S=0.3577, loss=-0.2322]
Epoch 50/150 [train]:   0%|          | 0/26 [00:00<?, ?it/s, S=0.3602, loss=-0.2408]
Epoch 50/150 [train]:   0%|          | 0/26 [00:00<?, ?it/s, S=0.3537, loss=-0.2364]
Epoch 50/150 [train]:   0%|          | 0/26 [00:00<?, ?it/s, S=0.3530, loss=-0.2267]
Epoch 50/150 [train]:  23%|██▎       | 6/26 [00:00<00:00, 50.80it/s, S=0.3530, loss=-0.2267]
Epoch 50/150 [train]:  23%|██▎       | 6/26 [00:00<00:00, 50.80it/s, S=0.3558, loss=-0.2413]
Epoch 50/150 [train]:  23%|██▎       | 6/26 [00:00<00:00, 50.80it/s, S=0.3593, loss=-0.2440]
Epoch 50/150 [train]:  23%|██▎       | 6/26 [00:00<00:00, 50.80it/s, S=0.3569, loss=-0.2394]
Epoch 50/150 [train]:  23%|██▎       | 6/26 [00:00<00:00, 50.80it/s, S=0.3566, loss=-0.2348]
Epoch 50/150 [train]:  23%|██▎       | 6/26 [00:00<00:00, 50.80it/s, S=0.3600, loss=-0.2415]
Epoch 50/150 [train]:  23%|██▎       | 6/26 [00:00<00:00, 50.80it/s, S=0.3537, loss=-0.2318]
Epoch 50/150 [train]:  46%|████▌     | 12/26 [00:00<00:00, 50.75it/s, S=0.3537, loss=-0.2318]
Epoch 50/150 [train]:  46%|████▌     | 12/26 [00:00<00:00, 50.75it/s, S=0.3594, loss=-0.2378]
Epoch 50/150 [train]:  46%|████▌     | 12/26 [00:00<00:00, 50.75it/s, S=0.3535, loss=-0.2328]
Epoch 50/150 [train]:  46%|████▌     | 12/26 [00:00<00:00, 50.75it/s, S=0.3587, loss=-0.2385]
Epoch 50/150 [train]:  46%|████▌     | 12/26 [00:00<00:00, 50.75it/s, S=0.3566, loss=-0.2387]
Epoch 50/150 [train]:  46%|████▌     | 12/26 [00:00<00:00, 50.75it/s, S=0.3560, loss=-0.2422]
Epoch 50/150 [train]:  46%|████▌     | 12/26 [00:00<00:00, 50.75it/s, S=0.3540, loss=-0.2319]
Epoch 50/150 [train]:  69%|██████▉   | 18/26 [00:00<00:00, 50.68it/s, S=0.3540, loss=-0.2319]
Epoch 50/150 [train]:  69%|██████▉   | 18/26 [00:00<00:00, 50.68it/s, S=0.3529, loss=-0.2379]
Epoch 50/150 [train]:  69%|██████▉   | 18/26 [00:00<00:00, 50.68it/s, S=0.3505, loss=-0.2324]
Epoch 50/150 [train]:  69%|██████▉   | 18/26 [00:00<00:00, 50.68it/s, S=0.3584, loss=-0.2269]
Epoch 50/150 [train]:  69%|██████▉   | 18/26 [00:00<00:00, 50.68it/s, S=0.3555, loss=-0.2371]
Epoch 50/150 [train]:  69%|██████▉   | 18/26 [00:00<00:00, 50.68it/s, S=0.3567, loss=-0.2433]
Epoch 50/150 [train]:  69%|██████▉   | 18/26 [00:00<00:00, 50.68it/s, S=0.3521, loss=-0.2300]
Epoch 50/150 [train]:  92%|█████████▏| 24/26 [00:00<00:00, 50.61it/s, S=0.3521, loss=-0.2300]
Epoch 50/150 [train]:  92%|█████████▏| 24/26 [00:00<00:00, 50.61it/s, S=0.3525, loss=-0.2365]
Epoch 50/150 [train]:  92%|█████████▏| 24/26 [00:00<00:00, 50.61it/s, S=0.3501, loss=-0.2194]
                                                                                             
Epoch  50/150  train loss=-0.2357  val loss=-0.2389  S[mean]=0.3688  ζ=0.4201  mean_plane_ζ=0.3046  reg=0.1299  λscale=0.40  lr=2.50e-04

Epoch 51/150 [train]:   0%|          | 0/26 [00:00<?, ?it/s]
Epoch 51/150 [train]:   0%|          | 0/26 [00:00<?, ?it/s, S=0.3608, loss=-0.2456]
Epoch 51/150 [train]:   0%|          | 0/26 [00:00<?, ?it/s, S=0.3592, loss=-0.2343]
Epoch 51/150 [train]:   0%|          | 0/26 [00:00<?, ?it/s, S=0.3548, loss=-0.2346]
Epoch 51/150 [train]:   0%|          | 0/26 [00:00<?, ?it/s, S=0.3556, loss=-0.2364]
Epoch 51/150 [train]:   0%|          | 0/26 [00:00<?, ?it/s, S=0.3504, loss=-0.2197]
Epoch 51/150 [train]:   0%|          | 0/26 [00:00<?, ?it/s, S=0.3540, loss=-0.2341]
Epoch 51/150 [train]:  23%|██▎       | 6/26 [00:00<00:00, 50.82it/s, S=0.3540, loss=-0.2341]
Epoch 51/150 [train]:  23%|██▎       | 6/26 [00:00<00:00, 50.82it/s, S=0.3617, loss=-0.2385]
Epoch 51/150 [train]:  23%|██▎       | 6/26 [00:00<00:00, 50.82it/s, S=0.3560, loss=-0.2391]
Epoch 51/150 [train]:  23%|██▎       | 6/26 [00:00<00:00, 50.82it/s, S=0.3538, loss=-0.2334]
Epoch 51/150 [train]:  23%|██▎       | 6/26 [00:00<00:00, 50.82it/s, S=0.3632, loss=-0.2418]
Epoch 51/150 [train]:  23%|██▎       | 6/26 [00:00<00:00, 50.82it/s, S=0.3574, loss=-0.2359]
Epoch 51/150 [train]:  23%|██▎       | 6/26 [00:00<00:00, 50.82it/s, S=0.3548, loss=-0.2382]
Epoch 51/150 [train]:  46%|████▌     | 12/26 [00:00<00:00, 50.71it/s, S=0.3548, loss=-0.2382]
Epoch 51/150 [train]:  46%|████▌     | 12/26 [00:00<00:00, 50.71it/s, S=0.3504, loss=-0.2291]
Epoch 51/150 [train]:  46%|████▌     | 12/26 [00:00<00:00, 50.71it/s, S=0.3616, loss=-0.2465]
Epoch 51/150 [train]:  46%|████▌     | 12/26 [00:00<00:00, 50.71it/s, S=0.3525, loss=-0.2310]
Epoch 51/150 [train]:  46%|████▌     | 12/26 [00:00<00:00, 50.71it/s, S=0.3572, loss=-0.2397]
Epoch 51/150 [train]:  46%|████▌     | 12/26 [00:00<00:00, 50.71it/s, S=0.3572, loss=-0.2371]
Epoch 51/150 [train]:  46%|████▌     | 12/26 [00:00<00:00, 50.71it/s, S=0.3539, loss=-0.2269]
Epoch 51/150 [train]:  69%|██████▉   | 18/26 [00:00<00:00, 50.64it/s, S=0.3539, loss=-0.2269]
Epoch 51/150 [train]:  69%|██████▉   | 18/26 [00:00<00:00, 50.64it/s, S=0.3526, loss=-0.2263]
Epoch 51/150 [train]:  69%|██████▉   | 18/26 [00:00<00:00, 50.64it/s, S=0.3542, loss=-0.2304]
Epoch 51/150 [train]:  69%|██████▉   | 18/26 [00:00<00:00, 50.64it/s, S=0.3518, loss=-0.2348]
Epoch 51/150 [train]:  69%|██████▉   | 18/26 [00:00<00:00, 50.64it/s, S=0.3599, loss=-0.2324]
Epoch 51/150 [train]:  69%|██████▉   | 18/26 [00:00<00:00, 50.64it/s, S=0.3542, loss=-0.2251]
Epoch 51/150 [train]:  69%|██████▉   | 18/26 [00:00<00:00, 50.64it/s, S=0.3638, loss=-0.2447]
Epoch 51/150 [train]:  92%|█████████▏| 24/26 [00:00<00:00, 50.61it/s, S=0.3638, loss=-0.2447]
Epoch 51/150 [train]:  92%|█████████▏| 24/26 [00:00<00:00, 50.61it/s, S=0.3557, loss=-0.2375]
Epoch 51/150 [train]:  92%|█████████▏| 24/26 [00:00<00:00, 50.61it/s, S=0.3537, loss=-0.2317]
                                                                                             
Epoch  51/150  train loss=-0.2348  val loss=-0.2387  S[mean]=0.3688  ζ=0.4203  mean_plane_ζ=0.3046  reg=0.1301  λscale=0.40  lr=2.30e-04

Epoch 52/150 [train]:   0%|          | 0/26 [00:00<?, ?it/s]
Epoch 52/150 [train]:   0%|          | 0/26 [00:00<?, ?it/s, S=0.3653, loss=-0.2468]
Epoch 52/150 [train]:   0%|          | 0/26 [00:00<?, ?it/s, S=0.3600, loss=-0.2393]
Epoch 52/150 [train]:   0%|          | 0/26 [00:00<?, ?it/s, S=0.3595, loss=-0.2347]
Epoch 52/150 [train]:   0%|          | 0/26 [00:00<?, ?it/s, S=0.3588, loss=-0.2386]
Epoch 52/150 [train]:   0%|          | 0/26 [00:00<?, ?it/s, S=0.3602, loss=-0.2385]
Epoch 52/150 [train]:   0%|          | 0/26 [00:00<?, ?it/s, S=0.3478, loss=-0.2310]
Epoch 52/150 [train]:  23%|██▎       | 6/26 [00:00<00:00, 50.71it/s, S=0.3478, loss=-0.2310]
Epoch 52/150 [train]:  23%|██▎       | 6/26 [00:00<00:00, 50.71it/s, S=0.3608, loss=-0.2433]
Epoch 52/150 [train]:  23%|██▎       | 6/26 [00:00<00:00, 50.71it/s, S=0.3612, loss=-0.2406]
Epoch 52/150 [train]:  23%|██▎       | 6/26 [00:00<00:00, 50.71it/s, S=0.3587, loss=-0.2394]
Epoch 52/150 [train]:  23%|██▎       | 6/26 [00:00<00:00, 50.71it/s, S=0.3558, loss=-0.2396]
Epoch 52/150 [train]:  23%|██▎       | 6/26 [00:00<00:00, 50.71it/s, S=0.3564, loss=-0.2404]
Epoch 52/150 [train]:  23%|██▎       | 6/26 [00:00<00:00, 50.71it/s, S=0.3584, loss=-0.2362]
Epoch 52/150 [train]:  46%|████▌     | 12/26 [00:00<00:00, 50.65it/s, S=0.3584, loss=-0.2362]
Epoch 52/150 [train]:  46%|████▌     | 12/26 [00:00<00:00, 50.65it/s, S=0.3556, loss=-0.2318]
Epoch 52/150 [train]:  46%|████▌     | 12/26 [00:00<00:00, 50.65it/s, S=0.3618, loss=-0.2425]
Epoch 52/150 [train]:  46%|████▌     | 12/26 [00:00<00:00, 50.65it/s, S=0.3544, loss=-0.2379]
Epoch 52/150 [train]:  46%|████▌     | 12/26 [00:00<00:00, 50.65it/s, S=0.3604, loss=-0.2401]
Epoch 52/150 [train]:  46%|████▌     | 12/26 [00:00<00:00, 50.65it/s, S=0.3567, loss=-0.2372]
Epoch 52/150 [train]:  46%|████▌     | 12/26 [00:00<00:00, 50.65it/s, S=0.3506, loss=-0.2332]
Epoch 52/150 [train]:  69%|██████▉   | 18/26 [00:00<00:00, 50.64it/s, S=0.3506, loss=-0.2332]
Epoch 52/150 [train]:  69%|██████▉   | 18/26 [00:00<00:00, 50.64it/s, S=0.3567, loss=-0.2383]
Epoch 52/150 [train]:  69%|██████▉   | 18/26 [00:00<00:00, 50.64it/s, S=0.3529, loss=-0.2290]
Epoch 52/150 [train]:  69%|██████▉   | 18/26 [00:00<00:00, 50.64it/s, S=0.3581, loss=-0.2427]
Epoch 52/150 [train]:  69%|██████▉   | 18/26 [00:00<00:00, 50.64it/s, S=0.3513, loss=-0.2254]
Epoch 52/150 [train]:  69%|██████▉   | 18/26 [00:00<00:00, 50.64it/s, S=0.3575, loss=-0.2372]
Epoch 52/150 [train]:  69%|██████▉   | 18/26 [00:00<00:00, 50.64it/s, S=0.3573, loss=-0.2395]
Epoch 52/150 [train]:  92%|█████████▏| 24/26 [00:00<00:00, 50.63it/s, S=0.3573, loss=-0.2395]
Epoch 52/150 [train]:  92%|█████████▏| 24/26 [00:00<00:00, 50.63it/s, S=0.3625, loss=-0.2332]
Epoch 52/150 [train]:  92%|█████████▏| 24/26 [00:00<00:00, 50.63it/s, S=0.3550, loss=-0.2288]
                                                                                             
Epoch  52/150  train loss=-0.2371  val loss=-0.2387  S[mean]=0.3692  ζ=0.4208  mean_plane_ζ=0.3049  reg=0.1306  λscale=0.41  lr=2.11e-04

Epoch 53/150 [train]:   0%|          | 0/26 [00:00<?, ?it/s]
Epoch 53/150 [train]:   0%|          | 0/26 [00:00<?, ?it/s, S=0.3598, loss=-0.2401]
Epoch 53/150 [train]:   0%|          | 0/26 [00:00<?, ?it/s, S=0.3547, loss=-0.2351]
Epoch 53/150 [train]:   0%|          | 0/26 [00:00<?, ?it/s, S=0.3607, loss=-0.2398]
Epoch 53/150 [train]:   0%|          | 0/26 [00:00<?, ?it/s, S=0.3618, loss=-0.2341]
Epoch 53/150 [train]:   0%|          | 0/26 [00:00<?, ?it/s, S=0.3592, loss=-0.2358]
Epoch 53/150 [train]:   0%|          | 0/26 [00:00<?, ?it/s, S=0.3619, loss=-0.2442]
Epoch 53/150 [train]:  23%|██▎       | 6/26 [00:00<00:00, 50.71it/s, S=0.3619, loss=-0.2442]
Epoch 53/150 [train]:  23%|██▎       | 6/26 [00:00<00:00, 50.71it/s, S=0.3623, loss=-0.2463]
Epoch 53/150 [train]:  23%|██▎       | 6/26 [00:00<00:00, 50.71it/s, S=0.3531, loss=-0.2226]
Epoch 53/150 [train]:  23%|██▎       | 6/26 [00:00<00:00, 50.71it/s, S=0.3579, loss=-0.2394]
Epoch 53/150 [train]:  23%|██▎       | 6/26 [00:00<00:00, 50.71it/s, S=0.3597, loss=-0.2392]
Epoch 53/150 [train]:  23%|██▎       | 6/26 [00:00<00:00, 50.71it/s, S=0.3578, loss=-0.2380]
Epoch 53/150 [train]:  23%|██▎       | 6/26 [00:00<00:00, 50.71it/s, S=0.3601, loss=-0.2398]
Epoch 53/150 [train]:  46%|████▌     | 12/26 [00:00<00:00, 50.63it/s, S=0.3601, loss=-0.2398]
Epoch 53/150 [train]:  46%|████▌     | 12/26 [00:00<00:00, 50.63it/s, S=0.3625, loss=-0.2433]
Epoch 53/150 [train]:  46%|████▌     | 12/26 [00:00<00:00, 50.63it/s, S=0.3602, loss=-0.2431]
Epoch 53/150 [train]:  46%|████▌     | 12/26 [00:00<00:00, 50.63it/s, S=0.3580, loss=-0.2378]
Epoch 53/150 [train]:  46%|████▌     | 12/26 [00:00<00:00, 50.63it/s, S=0.3557, loss=-0.2340]
Epoch 53/150 [train]:  46%|████▌     | 12/26 [00:00<00:00, 50.63it/s, S=0.3562, loss=-0.2376]
Epoch 53/150 [train]:  46%|████▌     | 12/26 [00:00<00:00, 50.63it/s, S=0.3602, loss=-0.2396]
Epoch 53/150 [train]:  69%|██████▉   | 18/26 [00:00<00:00, 50.61it/s, S=0.3602, loss=-0.2396]
Epoch 53/150 [train]:  69%|██████▉   | 18/26 [00:00<00:00, 50.61it/s, S=0.3545, loss=-0.2284]
Epoch 53/150 [train]:  69%|██████▉   | 18/26 [00:00<00:00, 50.61it/s, S=0.3579, loss=-0.2337]
Epoch 53/150 [train]:  69%|██████▉   | 18/26 [00:00<00:00, 50.61it/s, S=0.3548, loss=-0.2298]
Epoch 53/150 [train]:  69%|██████▉   | 18/26 [00:00<00:00, 50.61it/s, S=0.3558, loss=-0.2367]
Epoch 53/150 [train]:  69%|██████▉   | 18/26 [00:00<00:00, 50.61it/s, S=0.3539, loss=-0.2277]
Epoch 53/150 [train]:  69%|██████▉   | 18/26 [00:00<00:00, 50.61it/s, S=0.3597, loss=-0.2401]
Epoch 53/150 [train]:  92%|█████████▏| 24/26 [00:00<00:00, 50.57it/s, S=0.3597, loss=-0.2401]
Epoch 53/150 [train]:  92%|█████████▏| 24/26 [00:00<00:00, 50.57it/s, S=0.3566, loss=-0.2379]
Epoch 53/150 [train]:  92%|█████████▏| 24/26 [00:00<00:00, 50.57it/s, S=0.3552, loss=-0.2346]
                                                                                             
Epoch  53/150  train loss=-0.2369  val loss=-0.2370  S[mean]=0.3686  ζ=0.4215  mean_plane_ζ=0.3055  reg=0.1316  λscale=0.41  lr=1.92e-04

Epoch 54/150 [train]:   0%|          | 0/26 [00:00<?, ?it/s]
Epoch 54/150 [train]:   0%|          | 0/26 [00:00<?, ?it/s, S=0.3542, loss=-0.2302]
Epoch 54/150 [train]:   0%|          | 0/26 [00:00<?, ?it/s, S=0.3601, loss=-0.2401]
Epoch 54/150 [train]:   0%|          | 0/26 [00:00<?, ?it/s, S=0.3538, loss=-0.2301]
Epoch 54/150 [train]:   0%|          | 0/26 [00:00<?, ?it/s, S=0.3590, loss=-0.2355]
Epoch 54/150 [train]:   0%|          | 0/26 [00:00<?, ?it/s, S=0.3577, loss=-0.2347]
Epoch 54/150 [train]:   0%|          | 0/26 [00:00<?, ?it/s, S=0.3602, loss=-0.2349]
Epoch 54/150 [train]:  23%|██▎       | 6/26 [00:00<00:00, 50.76it/s, S=0.3602, loss=-0.2349]
Epoch 54/150 [train]:  23%|██▎       | 6/26 [00:00<00:00, 50.76it/s, S=0.3599, loss=-0.2398]
Epoch 54/150 [train]:  23%|██▎       | 6/26 [00:00<00:00, 50.76it/s, S=0.3582, loss=-0.2338]
Epoch 54/150 [train]:  23%|██▎       | 6/26 [00:00<00:00, 50.76it/s, S=0.3653, loss=-0.2456]
Epoch 54/150 [train]:  23%|██▎       | 6/26 [00:00<00:00, 50.76it/s, S=0.3567, loss=-0.2417]
Epoch 54/150 [train]:  23%|██▎       | 6/26 [00:00<00:00, 50.76it/s, S=0.3542, loss=-0.2358]
Epoch 54/150 [train]:  23%|██▎       | 6/26 [00:00<00:00, 50.76it/s, S=0.3501, loss=-0.2281]
Epoch 54/150 [train]:  46%|████▌     | 12/26 [00:00<00:00, 50.66it/s, S=0.3501, loss=-0.2281]
Epoch 54/150 [train]:  46%|████▌     | 12/26 [00:00<00:00, 50.66it/s, S=0.3573, loss=-0.2322]
Epoch 54/150 [train]:  46%|████▌     | 12/26 [00:00<00:00, 50.66it/s, S=0.3602, loss=-0.2402]
Epoch 54/150 [train]:  46%|████▌     | 12/26 [00:00<00:00, 50.66it/s, S=0.3578, loss=-0.2396]
Epoch 54/150 [train]:  46%|████▌     | 12/26 [00:00<00:00, 50.66it/s, S=0.3563, loss=-0.2359]
Epoch 54/150 [train]:  46%|████▌     | 12/26 [00:00<00:00, 50.66it/s, S=0.3518, loss=-0.2222]
Epoch 54/150 [train]:  46%|████▌     | 12/26 [00:00<00:00, 50.66it/s, S=0.3618, loss=-0.2362]
Epoch 54/150 [train]:  69%|██████▉   | 18/26 [00:00<00:00, 50.63it/s, S=0.3618, loss=-0.2362]
Epoch 54/150 [train]:  69%|██████▉   | 18/26 [00:00<00:00, 50.63it/s, S=0.3575, loss=-0.2344]
Epoch 54/150 [train]:  69%|██████▉   | 18/26 [00:00<00:00, 50.63it/s, S=0.3584, loss=-0.2293]
Epoch 54/150 [train]:  69%|██████▉   | 18/26 [00:00<00:00, 50.63it/s, S=0.3583, loss=-0.2397]
Epoch 54/150 [train]:  69%|██████▉   | 18/26 [00:00<00:00, 50.63it/s, S=0.3632, loss=-0.2359]
Epoch 54/150 [train]:  69%|██████▉   | 18/26 [00:00<00:00, 50.63it/s, S=0.3581, loss=-0.2361]
Epoch 54/150 [train]:  69%|██████▉   | 18/26 [00:00<00:00, 50.63it/s, S=0.3578, loss=-0.2322]
Epoch 54/150 [train]:  92%|█████████▏| 24/26 [00:00<00:00, 50.65it/s, S=0.3578, loss=-0.2322]
Epoch 54/150 [train]:  92%|█████████▏| 24/26 [00:00<00:00, 50.65it/s, S=0.3584, loss=-0.2382]
Epoch 54/150 [train]:  92%|█████████▏| 24/26 [00:00<00:00, 50.65it/s, S=0.3558, loss=-0.2286]
                                                                                             
Epoch  54/150  train loss=-0.2351  val loss=-0.2355  S[mean]=0.3689  ζ=0.4221  mean_plane_ζ=0.3057  reg=0.1333  λscale=0.42  lr=1.73e-04

Epoch 55/150 [train]:   0%|          | 0/26 [00:00<?, ?it/s]
Epoch 55/150 [train]:   0%|          | 0/26 [00:00<?, ?it/s, S=0.3549, loss=-0.2305]
Epoch 55/150 [train]:   0%|          | 0/26 [00:00<?, ?it/s, S=0.3578, loss=-0.2373]
Epoch 55/150 [train]:   0%|          | 0/26 [00:00<?, ?it/s, S=0.3584, loss=-0.2373]
Epoch 55/150 [train]:   0%|          | 0/26 [00:00<?, ?it/s, S=0.3598, loss=-0.2339]
Epoch 55/150 [train]:   0%|          | 0/26 [00:00<?, ?it/s, S=0.3576, loss=-0.2356]
Epoch 55/150 [train]:   0%|          | 0/26 [00:00<?, ?it/s, S=0.3565, loss=-0.2349]
Epoch 55/150 [train]:  23%|██▎       | 6/26 [00:00<00:00, 50.82it/s, S=0.3565, loss=-0.2349]
Epoch 55/150 [train]:  23%|██▎       | 6/26 [00:00<00:00, 50.82it/s, S=0.3555, loss=-0.2350]
Epoch 55/150 [train]:  23%|██▎       | 6/26 [00:00<00:00, 50.82it/s, S=0.3549, loss=-0.2292]
Epoch 55/150 [train]:  23%|██▎       | 6/26 [00:00<00:00, 50.82it/s, S=0.3604, loss=-0.2422]
Epoch 55/150 [train]:  23%|██▎       | 6/26 [00:00<00:00, 50.82it/s, S=0.3604, loss=-0.2388]
Epoch 55/150 [train]:  23%|██▎       | 6/26 [00:00<00:00, 50.82it/s, S=0.3611, loss=-0.2373]
Epoch 55/150 [train]:  23%|██▎       | 6/26 [00:00<00:00, 50.82it/s, S=0.3586, loss=-0.2315]
Epoch 55/150 [train]:  46%|████▌     | 12/26 [00:00<00:00, 50.70it/s, S=0.3586, loss=-0.2315]
Epoch 55/150 [train]:  46%|████▌     | 12/26 [00:00<00:00, 50.70it/s, S=0.3628, loss=-0.2433]
Epoch 55/150 [train]:  46%|████▌     | 12/26 [00:00<00:00, 50.70it/s, S=0.3583, loss=-0.2329]
Epoch 55/150 [train]:  46%|████▌     | 12/26 [00:00<00:00, 50.70it/s, S=0.3544, loss=-0.2236]
Epoch 55/150 [train]:  46%|████▌     | 12/26 [00:00<00:00, 50.70it/s, S=0.3632, loss=-0.2440]
Epoch 55/150 [train]:  46%|████▌     | 12/26 [00:00<00:00, 50.70it/s, S=0.3614, loss=-0.2414]
Epoch 55/150 [train]:  46%|████▌     | 12/26 [00:00<00:00, 50.70it/s, S=0.3563, loss=-0.2349]
Epoch 55/150 [train]:  69%|██████▉   | 18/26 [00:00<00:00, 50.64it/s, S=0.3563, loss=-0.2349]
Epoch 55/150 [train]:  69%|██████▉   | 18/26 [00:00<00:00, 50.64it/s, S=0.3579, loss=-0.2253]
Epoch 55/150 [train]:  69%|██████▉   | 18/26 [00:00<00:00, 50.64it/s, S=0.3555, loss=-0.2303]
Epoch 55/150 [train]:  69%|██████▉   | 18/26 [00:00<00:00, 50.64it/s, S=0.3561, loss=-0.2304]
Epoch 55/150 [train]:  69%|██████▉   | 18/26 [00:00<00:00, 50.64it/s, S=0.3632, loss=-0.2387]
Epoch 55/150 [train]:  69%|██████▉   | 18/26 [00:00<00:00, 50.64it/s, S=0.3573, loss=-0.2313]
Epoch 55/150 [train]:  69%|██████▉   | 18/26 [00:00<00:00, 50.64it/s, S=0.3519, loss=-0.2301]
Epoch 55/150 [train]:  92%|█████████▏| 24/26 [00:00<00:00, 50.57it/s, S=0.3519, loss=-0.2301]
Epoch 55/150 [train]:  92%|█████████▏| 24/26 [00:00<00:00, 50.57it/s, S=0.3612, loss=-0.2446]
Epoch 55/150 [train]:  92%|█████████▏| 24/26 [00:00<00:00, 50.57it/s, S=0.3579, loss=-0.2335]
                                                                                             
Epoch  55/150  train loss=-0.2349  val loss=-0.2356  S[mean]=0.3692  ζ=0.4230  mean_plane_ζ=0.3066  reg=0.1336  λscale=0.43  lr=1.54e-04

Epoch 56/150 [train]:   0%|          | 0/26 [00:00<?, ?it/s]
Epoch 56/150 [train]:   0%|          | 0/26 [00:00<?, ?it/s, S=0.3580, loss=-0.2294]
Epoch 56/150 [train]:   0%|          | 0/26 [00:00<?, ?it/s, S=0.3616, loss=-0.2400]
Epoch 56/150 [train]:   0%|          | 0/26 [00:00<?, ?it/s, S=0.3512, loss=-0.2116]
Epoch 56/150 [train]:   0%|          | 0/26 [00:00<?, ?it/s, S=0.3547, loss=-0.2365]
Epoch 56/150 [train]:   0%|          | 0/26 [00:00<?, ?it/s, S=0.3531, loss=-0.2243]
Epoch 56/150 [train]:   0%|          | 0/26 [00:00<?, ?it/s, S=0.3607, loss=-0.2391]
Epoch 56/150 [train]:  23%|██▎       | 6/26 [00:00<00:00, 50.62it/s, S=0.3607, loss=-0.2391]
Epoch 56/150 [train]:  23%|██▎       | 6/26 [00:00<00:00, 50.62it/s, S=0.3597, loss=-0.2353]
Epoch 56/150 [train]:  23%|██▎       | 6/26 [00:00<00:00, 50.62it/s, S=0.3551, loss=-0.2327]
Epoch 56/150 [train]:  23%|██▎       | 6/26 [00:00<00:00, 50.62it/s, S=0.3522, loss=-0.2287]
Epoch 56/150 [train]:  23%|██▎       | 6/26 [00:00<00:00, 50.62it/s, S=0.3581, loss=-0.2400]
Epoch 56/150 [train]:  23%|██▎       | 6/26 [00:00<00:00, 50.62it/s, S=0.3609, loss=-0.2430]
Epoch 56/150 [train]:  23%|██▎       | 6/26 [00:00<00:00, 50.62it/s, S=0.3553, loss=-0.2329]
Epoch 56/150 [train]:  46%|████▌     | 12/26 [00:00<00:00, 50.56it/s, S=0.3553, loss=-0.2329]
Epoch 56/150 [train]:  46%|████▌     | 12/26 [00:00<00:00, 50.56it/s, S=0.3578, loss=-0.2333]
Epoch 56/150 [train]:  46%|████▌     | 12/26 [00:00<00:00, 50.56it/s, S=0.3580, loss=-0.2327]
Epoch 56/150 [train]:  46%|████▌     | 12/26 [00:00<00:00, 50.56it/s, S=0.3616, loss=-0.2346]
Epoch 56/150 [train]:  46%|████▌     | 12/26 [00:00<00:00, 50.56it/s, S=0.3628, loss=-0.2340]
Epoch 56/150 [train]:  46%|████▌     | 12/26 [00:00<00:00, 50.56it/s, S=0.3670, loss=-0.2420]
Epoch 56/150 [train]:  46%|████▌     | 12/26 [00:00<00:00, 50.56it/s, S=0.3585, loss=-0.2352]
Epoch 56/150 [train]:  69%|██████▉   | 18/26 [00:00<00:00, 50.56it/s, S=0.3585, loss=-0.2352]
Epoch 56/150 [train]:  69%|██████▉   | 18/26 [00:00<00:00, 50.56it/s, S=0.3577, loss=-0.2344]
Epoch 56/150 [train]:  69%|██████▉   | 18/26 [00:00<00:00, 50.56it/s, S=0.3517, loss=-0.2236]
Epoch 56/150 [train]:  69%|██████▉   | 18/26 [00:00<00:00, 50.56it/s, S=0.3610, loss=-0.2377]
Epoch 56/150 [train]:  69%|██████▉   | 18/26 [00:00<00:00, 50.56it/s, S=0.3608, loss=-0.2364]
Epoch 56/150 [train]:  69%|██████▉   | 18/26 [00:00<00:00, 50.56it/s, S=0.3627, loss=-0.2349]
Epoch 56/150 [train]:  69%|██████▉   | 18/26 [00:00<00:00, 50.56it/s, S=0.3517, loss=-0.2267]
Epoch 56/150 [train]:  92%|█████████▏| 24/26 [00:00<00:00, 50.56it/s, S=0.3517, loss=-0.2267]
Epoch 56/150 [train]:  92%|█████████▏| 24/26 [00:00<00:00, 50.56it/s, S=0.3542, loss=-0.2292]
Epoch 56/150 [train]:  92%|█████████▏| 24/26 [00:00<00:00, 50.56it/s, S=0.3599, loss=-0.2386]
                                                                                             
Epoch  56/150  train loss=-0.2333  val loss=-0.2355  S[mean]=0.3699  ζ=0.4232  mean_plane_ζ=0.3067  reg=0.1344  λscale=0.43  lr=1.37e-04

Epoch 57/150 [train]:   0%|          | 0/26 [00:00<?, ?it/s]
Epoch 57/150 [train]:   0%|          | 0/26 [00:00<?, ?it/s, S=0.3532, loss=-0.2248]
Epoch 57/150 [train]:   0%|          | 0/26 [00:00<?, ?it/s, S=0.3512, loss=-0.2295]
Epoch 57/150 [train]:   0%|          | 0/26 [00:00<?, ?it/s, S=0.3590, loss=-0.2316]
Epoch 57/150 [train]:   0%|          | 0/26 [00:00<?, ?it/s, S=0.3568, loss=-0.2341]
Epoch 57/150 [train]:   0%|          | 0/26 [00:00<?, ?it/s, S=0.3569, loss=-0.2371]
Epoch 57/150 [train]:   0%|          | 0/26 [00:00<?, ?it/s, S=0.3547, loss=-0.2313]
Epoch 57/150 [train]:  23%|██▎       | 6/26 [00:00<00:00, 50.65it/s, S=0.3547, loss=-0.2313]
Epoch 57/150 [train]:  23%|██▎       | 6/26 [00:00<00:00, 50.65it/s, S=0.3653, loss=-0.2431]
Epoch 57/150 [train]:  23%|██▎       | 6/26 [00:00<00:00, 50.65it/s, S=0.3672, loss=-0.2447]
Epoch 57/150 [train]:  23%|██▎       | 6/26 [00:00<00:00, 50.65it/s, S=0.3578, loss=-0.2272]
Epoch 57/150 [train]:  23%|██▎       | 6/26 [00:00<00:00, 50.65it/s, S=0.3614, loss=-0.2350]
Epoch 57/150 [train]:  23%|██▎       | 6/26 [00:00<00:00, 50.65it/s, S=0.3615, loss=-0.2323]
Epoch 57/150 [train]:  23%|██▎       | 6/26 [00:00<00:00, 50.65it/s, S=0.3591, loss=-0.2364]
Epoch 57/150 [train]:  46%|████▌     | 12/26 [00:00<00:00, 50.58it/s, S=0.3591, loss=-0.2364]
Epoch 57/150 [train]:  46%|████▌     | 12/26 [00:00<00:00, 50.58it/s, S=0.3610, loss=-0.2359]
Epoch 57/150 [train]:  46%|████▌     | 12/26 [00:00<00:00, 50.58it/s, S=0.3603, loss=-0.2385]
Epoch 57/150 [train]:  46%|████▌     | 12/26 [00:00<00:00, 50.58it/s, S=0.3466, loss=-0.2219]
Epoch 57/150 [train]:  46%|████▌     | 12/26 [00:00<00:00, 50.58it/s, S=0.3600, loss=-0.2341]
Epoch 57/150 [train]:  46%|████▌     | 12/26 [00:00<00:00, 50.58it/s, S=0.3616, loss=-0.2352]
Epoch 57/150 [train]:  46%|████▌     | 12/26 [00:00<00:00, 50.58it/s, S=0.3603, loss=-0.2367]
Epoch 57/150 [train]:  69%|██████▉   | 18/26 [00:00<00:00, 50.60it/s, S=0.3603, loss=-0.2367]
Epoch 57/150 [train]:  69%|██████▉   | 18/26 [00:00<00:00, 50.60it/s, S=0.3584, loss=-0.2332]
Epoch 57/150 [train]:  69%|██████▉   | 18/26 [00:00<00:00, 50.60it/s, S=0.3571, loss=-0.2299]
Epoch 57/150 [train]:  69%|██████▉   | 18/26 [00:00<00:00, 50.60it/s, S=0.3611, loss=-0.2373]
Epoch 57/150 [train]:  69%|██████▉   | 18/26 [00:00<00:00, 50.60it/s, S=0.3596, loss=-0.2345]
Epoch 57/150 [train]:  69%|██████▉   | 18/26 [00:00<00:00, 50.60it/s, S=0.3568, loss=-0.2303]
Epoch 57/150 [train]:  69%|██████▉   | 18/26 [00:00<00:00, 50.60it/s, S=0.3629, loss=-0.2441]
Epoch 57/150 [train]:  92%|█████████▏| 24/26 [00:00<00:00, 50.61it/s, S=0.3629, loss=-0.2441]
Epoch 57/150 [train]:  92%|█████████▏| 24/26 [00:00<00:00, 50.61it/s, S=0.3653, loss=-0.2443]
Epoch 57/150 [train]:  92%|█████████▏| 24/26 [00:00<00:00, 50.61it/s, S=0.3510, loss=-0.2236]
                                                                                             
Epoch  57/150  train loss=-0.2341  val loss=-0.2339  S[mean]=0.3695  ζ=0.4237  mean_plane_ζ=0.3071  reg=0.1356  λscale=0.44  lr=1.19e-04

Epoch 58/150 [train]:   0%|          | 0/26 [00:00<?, ?it/s]
Epoch 58/150 [train]:   0%|          | 0/26 [00:00<?, ?it/s, S=0.3558, loss=-0.2272]
Epoch 58/150 [train]:   0%|          | 0/26 [00:00<?, ?it/s, S=0.3562, loss=-0.2301]
Epoch 58/150 [train]:   0%|          | 0/26 [00:00<?, ?it/s, S=0.3535, loss=-0.2286]
Epoch 58/150 [train]:   0%|          | 0/26 [00:00<?, ?it/s, S=0.3555, loss=-0.2282]
Epoch 58/150 [train]:   0%|          | 0/26 [00:00<?, ?it/s, S=0.3543, loss=-0.2283]
Epoch 58/150 [train]:   0%|          | 0/26 [00:00<?, ?it/s, S=0.3614, loss=-0.2375]
Epoch 58/150 [train]:  23%|██▎       | 6/26 [00:00<00:00, 50.45it/s, S=0.3614, loss=-0.2375]
Epoch 58/150 [train]:  23%|██▎       | 6/26 [00:00<00:00, 50.45it/s, S=0.3563, loss=-0.2298]
Epoch 58/150 [train]:  23%|██▎       | 6/26 [00:00<00:00, 50.45it/s, S=0.3597, loss=-0.2354]
Epoch 58/150 [train]:  23%|██▎       | 6/26 [00:00<00:00, 50.45it/s, S=0.3618, loss=-0.2357]
Epoch 58/150 [train]:  23%|██▎       | 6/26 [00:00<00:00, 50.45it/s, S=0.3586, loss=-0.2390]
Epoch 58/150 [train]:  23%|██▎       | 6/26 [00:00<00:00, 50.45it/s, S=0.3633, loss=-0.2333]
Epoch 58/150 [train]:  23%|██▎       | 6/26 [00:00<00:00, 50.45it/s, S=0.3652, loss=-0.2390]
Epoch 58/150 [train]:  46%|████▌     | 12/26 [00:00<00:00, 50.51it/s, S=0.3652, loss=-0.2390]
Epoch 58/150 [train]:  46%|████▌     | 12/26 [00:00<00:00, 50.51it/s, S=0.3604, loss=-0.2326]
Epoch 58/150 [train]:  46%|████▌     | 12/26 [00:00<00:00, 50.51it/s, S=0.3647, loss=-0.2399]
Epoch 58/150 [train]:  46%|████▌     | 12/26 [00:00<00:00, 50.51it/s, S=0.3612, loss=-0.2347]
Epoch 58/150 [train]:  46%|████▌     | 12/26 [00:00<00:00, 50.51it/s, S=0.3602, loss=-0.2389]
Epoch 58/150 [train]:  46%|████▌     | 12/26 [00:00<00:00, 50.51it/s, S=0.3523, loss=-0.2152]
Epoch 58/150 [train]:  46%|████▌     | 12/26 [00:00<00:00, 50.51it/s, S=0.3579, loss=-0.2292]
Epoch 58/150 [train]:  69%|██████▉   | 18/26 [00:00<00:00, 50.53it/s, S=0.3579, loss=-0.2292]
Epoch 58/150 [train]:  69%|██████▉   | 18/26 [00:00<00:00, 50.53it/s, S=0.3621, loss=-0.2277]
Epoch 58/150 [train]:  69%|██████▉   | 18/26 [00:00<00:00, 50.53it/s, S=0.3600, loss=-0.2364]
Epoch 58/150 [train]:  69%|██████▉   | 18/26 [00:00<00:00, 50.53it/s, S=0.3573, loss=-0.2317]
Epoch 58/150 [train]:  69%|██████▉   | 18/26 [00:00<00:00, 50.53it/s, S=0.3617, loss=-0.2409]
Epoch 58/150 [train]:  69%|██████▉   | 18/26 [00:00<00:00, 50.53it/s, S=0.3538, loss=-0.2260]
Epoch 58/150 [train]:  69%|██████▉   | 18/26 [00:00<00:00, 50.53it/s, S=0.3617, loss=-0.2401]
Epoch 58/150 [train]:  92%|█████████▏| 24/26 [00:00<00:00, 50.56it/s, S=0.3617, loss=-0.2401]
Epoch 58/150 [train]:  92%|█████████▏| 24/26 [00:00<00:00, 50.56it/s, S=0.3615, loss=-0.2387]
Epoch 58/150 [train]:  92%|█████████▏| 24/26 [00:00<00:00, 50.56it/s, S=0.3585, loss=-0.2316]
                                                                                             
Epoch  58/150  train loss=-0.2329  val loss=-0.2331  S[mean]=0.3696  ζ=0.4240  mean_plane_ζ=0.3074  reg=0.1365  λscale=0.44  lr=1.03e-04

Epoch 59/150 [train]:   0%|          | 0/26 [00:00<?, ?it/s]
Epoch 59/150 [train]:   0%|          | 0/26 [00:00<?, ?it/s, S=0.3598, loss=-0.2307]
Epoch 59/150 [train]:   0%|          | 0/26 [00:00<?, ?it/s, S=0.3532, loss=-0.2259]
Epoch 59/150 [train]:   0%|          | 0/26 [00:00<?, ?it/s, S=0.3573, loss=-0.2201]
Epoch 59/150 [train]:   0%|          | 0/26 [00:00<?, ?it/s, S=0.3615, loss=-0.2384]
Epoch 59/150 [train]:   0%|          | 0/26 [00:00<?, ?it/s, S=0.3516, loss=-0.2242]
Epoch 59/150 [train]:   0%|          | 0/26 [00:00<?, ?it/s, S=0.3590, loss=-0.2342]
Epoch 59/150 [train]:  23%|██▎       | 6/26 [00:00<00:00, 50.60it/s, S=0.3590, loss=-0.2342]
Epoch 59/150 [train]:  23%|██▎       | 6/26 [00:00<00:00, 50.60it/s, S=0.3573, loss=-0.2292]
Epoch 59/150 [train]:  23%|██▎       | 6/26 [00:00<00:00, 50.60it/s, S=0.3609, loss=-0.2313]
Epoch 59/150 [train]:  23%|██▎       | 6/26 [00:00<00:00, 50.60it/s, S=0.3524, loss=-0.2257]
Epoch 59/150 [train]:  23%|██▎       | 6/26 [00:00<00:00, 50.60it/s, S=0.3654, loss=-0.2359]
Epoch 59/150 [train]:  23%|██▎       | 6/26 [00:00<00:00, 50.60it/s, S=0.3583, loss=-0.2337]
Epoch 59/150 [train]:  23%|██▎       | 6/26 [00:00<00:00, 50.60it/s, S=0.3547, loss=-0.2244]
Epoch 59/150 [train]:  46%|████▌     | 12/26 [00:00<00:00, 50.57it/s, S=0.3547, loss=-0.2244]
Epoch 59/150 [train]:  46%|████▌     | 12/26 [00:00<00:00, 50.57it/s, S=0.3655, loss=-0.2369]
Epoch 59/150 [train]:  46%|████▌     | 12/26 [00:00<00:00, 50.57it/s, S=0.3534, loss=-0.2143]
Epoch 59/150 [train]:  46%|████▌     | 12/26 [00:00<00:00, 50.57it/s, S=0.3586, loss=-0.2322]
Epoch 59/150 [train]:  46%|████▌     | 12/26 [00:00<00:00, 50.57it/s, S=0.3553, loss=-0.2218]
Epoch 59/150 [train]:  46%|████▌     | 12/26 [00:00<00:00, 50.57it/s, S=0.3553, loss=-0.2281]
Epoch 59/150 [train]:  46%|████▌     | 12/26 [00:00<00:00, 50.57it/s, S=0.3571, loss=-0.2296]
Epoch 59/150 [train]:  69%|██████▉   | 18/26 [00:00<00:00, 50.56it/s, S=0.3571, loss=-0.2296]
Epoch 59/150 [train]:  69%|██████▉   | 18/26 [00:00<00:00, 50.56it/s, S=0.3599, loss=-0.2354]
Epoch 59/150 [train]:  69%|██████▉   | 18/26 [00:00<00:00, 50.56it/s, S=0.3643, loss=-0.2343]
Epoch 59/150 [train]:  69%|██████▉   | 18/26 [00:00<00:00, 50.56it/s, S=0.3608, loss=-0.2347]
Epoch 59/150 [train]:  69%|██████▉   | 18/26 [00:00<00:00, 50.56it/s, S=0.3633, loss=-0.2365]
Epoch 59/150 [train]:  69%|██████▉   | 18/26 [00:00<00:00, 50.56it/s, S=0.3605, loss=-0.2346]
Epoch 59/150 [train]:  69%|██████▉   | 18/26 [00:00<00:00, 50.56it/s, S=0.3605, loss=-0.2370]
Epoch 59/150 [train]:  92%|█████████▏| 24/26 [00:00<00:00, 50.56it/s, S=0.3605, loss=-0.2370]
Epoch 59/150 [train]:  92%|█████████▏| 24/26 [00:00<00:00, 50.56it/s, S=0.3576, loss=-0.2296]
Epoch 59/150 [train]:  92%|█████████▏| 24/26 [00:00<00:00, 50.56it/s, S=0.3524, loss=-0.2228]
                                                                                             
Epoch  59/150  train loss=-0.2301  val loss=-0.2321  S[mean]=0.3697  ζ=0.4244  mean_plane_ζ=0.3077  reg=0.1376  λscale=0.45  lr=8.76e-05

Epoch 60/150 [train]:   0%|          | 0/26 [00:00<?, ?it/s]
Epoch 60/150 [train]:   0%|          | 0/26 [00:00<?, ?it/s, S=0.3620, loss=-0.2337]
Epoch 60/150 [train]:   0%|          | 0/26 [00:00<?, ?it/s, S=0.3669, loss=-0.2401]
Epoch 60/150 [train]:   0%|          | 0/26 [00:00<?, ?it/s, S=0.3581, loss=-0.2334]
Epoch 60/150 [train]:   0%|          | 0/26 [00:00<?, ?it/s, S=0.3641, loss=-0.2388]
Epoch 60/150 [train]:   0%|          | 0/26 [00:00<?, ?it/s, S=0.3557, loss=-0.2270]
Epoch 60/150 [train]:   0%|          | 0/26 [00:00<?, ?it/s, S=0.3598, loss=-0.2362]
Epoch 60/150 [train]:  23%|██▎       | 6/26 [00:00<00:00, 50.66it/s, S=0.3598, loss=-0.2362]
Epoch 60/150 [train]:  23%|██▎       | 6/26 [00:00<00:00, 50.66it/s, S=0.3638, loss=-0.2390]
Epoch 60/150 [train]:  23%|██▎       | 6/26 [00:00<00:00, 50.66it/s, S=0.3565, loss=-0.2286]
Epoch 60/150 [train]:  23%|██▎       | 6/26 [00:00<00:00, 50.66it/s, S=0.3566, loss=-0.2305]
Epoch 60/150 [train]:  23%|██▎       | 6/26 [00:00<00:00, 50.66it/s, S=0.3570, loss=-0.2325]
Epoch 60/150 [train]:  23%|██▎       | 6/26 [00:00<00:00, 50.66it/s, S=0.3554, loss=-0.2270]
Epoch 60/150 [train]:  23%|██▎       | 6/26 [00:00<00:00, 50.66it/s, S=0.3607, loss=-0.2298]
Epoch 60/150 [train]:  46%|████▌     | 12/26 [00:00<00:00, 50.61it/s, S=0.3607, loss=-0.2298]
Epoch 60/150 [train]:  46%|████▌     | 12/26 [00:00<00:00, 50.61it/s, S=0.3635, loss=-0.2395]
Epoch 60/150 [train]:  46%|████▌     | 12/26 [00:00<00:00, 50.61it/s, S=0.3602, loss=-0.2349]
Epoch 60/150 [train]:  46%|████▌     | 12/26 [00:00<00:00, 50.61it/s, S=0.3613, loss=-0.2335]
Epoch 60/150 [train]:  46%|████▌     | 12/26 [00:00<00:00, 50.61it/s, S=0.3628, loss=-0.2286]
Epoch 60/150 [train]:  46%|████▌     | 12/26 [00:00<00:00, 50.61it/s, S=0.3575, loss=-0.2311]
Epoch 60/150 [train]:  46%|████▌     | 12/26 [00:00<00:00, 50.61it/s, S=0.3545, loss=-0.2269]
Epoch 60/150 [train]:  69%|██████▉   | 18/26 [00:00<00:00, 50.58it/s, S=0.3545, loss=-0.2269]
Epoch 60/150 [train]:  69%|██████▉   | 18/26 [00:00<00:00, 50.58it/s, S=0.3558, loss=-0.2257]
Epoch 60/150 [train]:  69%|██████▉   | 18/26 [00:00<00:00, 50.58it/s, S=0.3651, loss=-0.2337]
Epoch 60/150 [train]:  69%|██████▉   | 18/26 [00:00<00:00, 50.58it/s, S=0.3637, loss=-0.2403]
Epoch 60/150 [train]:  69%|██████▉   | 18/26 [00:00<00:00, 50.58it/s, S=0.3582, loss=-0.2291]
Epoch 60/150 [train]:  69%|██████▉   | 18/26 [00:00<00:00, 50.58it/s, S=0.3624, loss=-0.2390]
Epoch 60/150 [train]:  69%|██████▉   | 18/26 [00:00<00:00, 50.58it/s, S=0.3554, loss=-0.2281]
Epoch 60/150 [train]:  92%|█████████▏| 24/26 [00:00<00:00, 50.59it/s, S=0.3554, loss=-0.2281]
Epoch 60/150 [train]:  92%|█████████▏| 24/26 [00:00<00:00, 50.59it/s, S=0.3618, loss=-0.2352]
Epoch 60/150 [train]:  92%|█████████▏| 24/26 [00:00<00:00, 50.59it/s, S=0.3569, loss=-0.2340]
                                                                                             
Epoch  60/150  train loss=-0.2329  val loss=-0.2307  S[mean]=0.3699  ζ=0.4248  mean_plane_ζ=0.3079  reg=0.1392  λscale=0.46  lr=7.32e-05

Epoch 61/150 [train]:   0%|          | 0/26 [00:00<?, ?it/s]
Epoch 61/150 [train]:   0%|          | 0/26 [00:00<?, ?it/s, S=0.3601, loss=-0.2245]
Epoch 61/150 [train]:   0%|          | 0/26 [00:00<?, ?it/s, S=0.3546, loss=-0.2219]
Epoch 61/150 [train]:   0%|          | 0/26 [00:00<?, ?it/s, S=0.3620, loss=-0.2337]
Epoch 61/150 [train]:   0%|          | 0/26 [00:00<?, ?it/s, S=0.3637, loss=-0.2375]
Epoch 61/150 [train]:   0%|          | 0/26 [00:00<?, ?it/s, S=0.3607, loss=-0.2301]
Epoch 61/150 [train]:   0%|          | 0/26 [00:00<?, ?it/s, S=0.3602, loss=-0.2016]
Epoch 61/150 [train]:  23%|██▎       | 6/26 [00:00<00:00, 50.65it/s, S=0.3602, loss=-0.2016]
Epoch 61/150 [train]:  23%|██▎       | 6/26 [00:00<00:00, 50.65it/s, S=0.3560, loss=-0.2187]
Epoch 61/150 [train]:  23%|██▎       | 6/26 [00:00<00:00, 50.65it/s, S=0.3643, loss=-0.2331]
Epoch 61/150 [train]:  23%|██▎       | 6/26 [00:00<00:00, 50.65it/s, S=0.3608, loss=-0.2278]
Epoch 61/150 [train]:  23%|██▎       | 6/26 [00:00<00:00, 50.65it/s, S=0.3575, loss=-0.2280]
Epoch 61/150 [train]:  23%|██▎       | 6/26 [00:00<00:00, 50.65it/s, S=0.3529, loss=-0.2291]
Epoch 61/150 [train]:  23%|██▎       | 6/26 [00:00<00:00, 50.65it/s, S=0.3506, loss=-0.2188]
Epoch 61/150 [train]:  46%|████▌     | 12/26 [00:00<00:00, 50.65it/s, S=0.3506, loss=-0.2188]
Epoch 61/150 [train]:  46%|████▌     | 12/26 [00:00<00:00, 50.65it/s, S=0.3565, loss=-0.2306]
Epoch 61/150 [train]:  46%|████▌     | 12/26 [00:00<00:00, 50.65it/s, S=0.3577, loss=-0.2302]
Epoch 61/150 [train]:  46%|████▌     | 12/26 [00:00<00:00, 50.65it/s, S=0.3554, loss=-0.2215]
Epoch 61/150 [train]:  46%|████▌     | 12/26 [00:00<00:00, 50.65it/s, S=0.3611, loss=-0.2344]
Epoch 61/150 [train]:  46%|████▌     | 12/26 [00:00<00:00, 50.65it/s, S=0.3586, loss=-0.2293]
Epoch 61/150 [train]:  46%|████▌     | 12/26 [00:00<00:00, 50.65it/s, S=0.3589, loss=-0.2271]
Epoch 61/150 [train]:  69%|██████▉   | 18/26 [00:00<00:00, 50.60it/s, S=0.3589, loss=-0.2271]
Epoch 61/150 [train]:  69%|██████▉   | 18/26 [00:00<00:00, 50.60it/s, S=0.3533, loss=-0.2179]
Epoch 61/150 [train]:  69%|██████▉   | 18/26 [00:00<00:00, 50.60it/s, S=0.3586, loss=-0.2318]
Epoch 61/150 [train]:  69%|██████▉   | 18/26 [00:00<00:00, 50.60it/s, S=0.3630, loss=-0.2269]
Epoch 61/150 [train]:  69%|██████▉   | 18/26 [00:00<00:00, 50.60it/s, S=0.3620, loss=-0.2374]
Epoch 61/150 [train]:  69%|██████▉   | 18/26 [00:00<00:00, 50.60it/s, S=0.3582, loss=-0.2306]
Epoch 61/150 [train]:  69%|██████▉   | 18/26 [00:00<00:00, 50.60it/s, S=0.3522, loss=-0.2219]
Epoch 61/150 [train]:  92%|█████████▏| 24/26 [00:00<00:00, 50.57it/s, S=0.3522, loss=-0.2219]
Epoch 61/150 [train]:  92%|█████████▏| 24/26 [00:00<00:00, 50.57it/s, S=0.3544, loss=-0.2202]
Epoch 61/150 [train]:  92%|█████████▏| 24/26 [00:00<00:00, 50.57it/s, S=0.3605, loss=-0.2288]
                                                                                             
Epoch  61/150  train loss=-0.2267  val loss=-0.2296  S[mean]=0.3698  ζ=0.4248  mean_plane_ζ=0.3080  reg=0.1402  λscale=0.46  lr=5.99e-05

Epoch 62/150 [train]:   0%|          | 0/26 [00:00<?, ?it/s]
Epoch 62/150 [train]:   0%|          | 0/26 [00:00<?, ?it/s, S=0.3593, loss=-0.2298]
Epoch 62/150 [train]:   0%|          | 0/26 [00:00<?, ?it/s, S=0.3620, loss=-0.2276]
Epoch 62/150 [train]:   0%|          | 0/26 [00:00<?, ?it/s, S=0.3583, loss=-0.2241]
Epoch 62/150 [train]:   0%|          | 0/26 [00:00<?, ?it/s, S=0.3516, loss=-0.2183]
Epoch 62/150 [train]:   0%|          | 0/26 [00:00<?, ?it/s, S=0.3514, loss=-0.2194]
Epoch 62/150 [train]:   0%|          | 0/26 [00:00<?, ?it/s, S=0.3597, loss=-0.2185]
Epoch 62/150 [train]:  23%|██▎       | 6/26 [00:00<00:00, 50.67it/s, S=0.3597, loss=-0.2185]
Epoch 62/150 [train]:  23%|██▎       | 6/26 [00:00<00:00, 50.67it/s, S=0.3517, loss=-0.2071]
Epoch 62/150 [train]:  23%|██▎       | 6/26 [00:00<00:00, 50.67it/s, S=0.3580, loss=-0.2265]
Epoch 62/150 [train]:  23%|██▎       | 6/26 [00:00<00:00, 50.67it/s, S=0.3646, loss=-0.2412]
Epoch 62/150 [train]:  23%|██▎       | 6/26 [00:00<00:00, 50.67it/s, S=0.3595, loss=-0.2225]
Epoch 62/150 [train]:  23%|██▎       | 6/26 [00:00<00:00, 50.67it/s, S=0.3638, loss=-0.2406]
Epoch 62/150 [train]:  23%|██▎       | 6/26 [00:00<00:00, 50.67it/s, S=0.3625, loss=-0.2336]
Epoch 62/150 [train]:  46%|████▌     | 12/26 [00:00<00:00, 50.59it/s, S=0.3625, loss=-0.2336]
Epoch 62/150 [train]:  46%|████▌     | 12/26 [00:00<00:00, 50.59it/s, S=0.3515, loss=-0.2168]
Epoch 62/150 [train]:  46%|████▌     | 12/26 [00:00<00:00, 50.59it/s, S=0.3599, loss=-0.2291]
Epoch 62/150 [train]:  46%|████▌     | 12/26 [00:00<00:00, 50.59it/s, S=0.3530, loss=-0.2276]
Epoch 62/150 [train]:  46%|████▌     | 12/26 [00:00<00:00, 50.59it/s, S=0.3600, loss=-0.2300]
Epoch 62/150 [train]:  46%|████▌     | 12/26 [00:00<00:00, 50.59it/s, S=0.3578, loss=-0.2149]
Epoch 62/150 [train]:  46%|████▌     | 12/26 [00:00<00:00, 50.59it/s, S=0.3647, loss=-0.2361]
Epoch 62/150 [train]:  69%|██████▉   | 18/26 [00:00<00:00, 50.60it/s, S=0.3647, loss=-0.2361]
Epoch 62/150 [train]:  69%|██████▉   | 18/26 [00:00<00:00, 50.60it/s, S=0.3596, loss=-0.2343]
Epoch 62/150 [train]:  69%|██████▉   | 18/26 [00:00<00:00, 50.60it/s, S=0.3599, loss=-0.2346]
Epoch 62/150 [train]:  69%|██████▉   | 18/26 [00:00<00:00, 50.60it/s, S=0.3626, loss=-0.2324]
Epoch 62/150 [train]:  69%|██████▉   | 18/26 [00:00<00:00, 50.60it/s, S=0.3580, loss=-0.2242]
Epoch 62/150 [train]:  69%|██████▉   | 18/26 [00:00<00:00, 50.60it/s, S=0.3605, loss=-0.2315]
Epoch 62/150 [train]:  69%|██████▉   | 18/26 [00:00<00:00, 50.60it/s, S=0.3583, loss=-0.2174]
Epoch 62/150 [train]:  92%|█████████▏| 24/26 [00:00<00:00, 50.63it/s, S=0.3583, loss=-0.2174]
Epoch 62/150 [train]:  92%|█████████▏| 24/26 [00:00<00:00, 50.63it/s, S=0.3580, loss=-0.2327]
Epoch 62/150 [train]:  92%|█████████▏| 24/26 [00:00<00:00, 50.63it/s, S=0.3643, loss=-0.2323]
                                                                                             
Epoch  62/150  train loss=-0.2270  val loss=-0.2282  S[mean]=0.3698  ζ=0.4251  mean_plane_ζ=0.3082  reg=0.1416  λscale=0.47  lr=4.77e-05

Epoch 63/150 [train]:   0%|          | 0/26 [00:00<?, ?it/s]
Epoch 63/150 [train]:   0%|          | 0/26 [00:00<?, ?it/s, S=0.3553, loss=-0.2214]
Epoch 63/150 [train]:   0%|          | 0/26 [00:00<?, ?it/s, S=0.3610, loss=-0.2286]
Epoch 63/150 [train]:   0%|          | 0/26 [00:00<?, ?it/s, S=0.3516, loss=-0.2229]
Epoch 63/150 [train]:   0%|          | 0/26 [00:00<?, ?it/s, S=0.3627, loss=-0.2350]
Epoch 63/150 [train]:   0%|          | 0/26 [00:00<?, ?it/s, S=0.3634, loss=-0.2379]
Epoch 63/150 [train]:   0%|          | 0/26 [00:00<?, ?it/s, S=0.3607, loss=-0.2348]
Epoch 63/150 [train]:  23%|██▎       | 6/26 [00:00<00:00, 50.71it/s, S=0.3607, loss=-0.2348]
Epoch 63/150 [train]:  23%|██▎       | 6/26 [00:00<00:00, 50.71it/s, S=0.3596, loss=-0.2357]
Epoch 63/150 [train]:  23%|██▎       | 6/26 [00:00<00:00, 50.71it/s, S=0.3593, loss=-0.2320]
Epoch 63/150 [train]:  23%|██▎       | 6/26 [00:00<00:00, 50.71it/s, S=0.3652, loss=-0.2309]
Epoch 63/150 [train]:  23%|██▎       | 6/26 [00:00<00:00, 50.71it/s, S=0.3585, loss=-0.2269]
Epoch 63/150 [train]:  23%|██▎       | 6/26 [00:00<00:00, 50.71it/s, S=0.3575, loss=-0.2197]
Epoch 63/150 [train]:  23%|██▎       | 6/26 [00:00<00:00, 50.71it/s, S=0.3584, loss=-0.2316]
Epoch 63/150 [train]:  46%|████▌     | 12/26 [00:00<00:00, 50.60it/s, S=0.3584, loss=-0.2316]
Epoch 63/150 [train]:  46%|████▌     | 12/26 [00:00<00:00, 50.60it/s, S=0.3592, loss=-0.2312]
Epoch 63/150 [train]:  46%|████▌     | 12/26 [00:00<00:00, 50.60it/s, S=0.3587, loss=-0.2226]
Epoch 63/150 [train]:  46%|████▌     | 12/26 [00:00<00:00, 50.60it/s, S=0.3586, loss=-0.2210]
Epoch 63/150 [train]:  46%|████▌     | 12/26 [00:00<00:00, 50.60it/s, S=0.3637, loss=-0.2191]
Epoch 63/150 [train]:  46%|████▌     | 12/26 [00:00<00:00, 50.60it/s, S=0.3634, loss=-0.2339]
Epoch 63/150 [train]:  46%|████▌     | 12/26 [00:00<00:00, 50.60it/s, S=0.3616, loss=-0.2285]
Epoch 63/150 [train]:  69%|██████▉   | 18/26 [00:00<00:00, 50.57it/s, S=0.3616, loss=-0.2285]
Epoch 63/150 [train]:  69%|██████▉   | 18/26 [00:00<00:00, 50.57it/s, S=0.3648, loss=-0.2376]
Epoch 63/150 [train]:  69%|██████▉   | 18/26 [00:00<00:00, 50.57it/s, S=0.3655, loss=-0.2340]
Epoch 63/150 [train]:  69%|██████▉   | 18/26 [00:00<00:00, 50.57it/s, S=0.3584, loss=-0.2301]
Epoch 63/150 [train]:  69%|██████▉   | 18/26 [00:00<00:00, 50.57it/s, S=0.3555, loss=-0.2263]
Epoch 63/150 [train]:  69%|██████▉   | 18/26 [00:00<00:00, 50.57it/s, S=0.3605, loss=-0.2310]
Epoch 63/150 [train]:  69%|██████▉   | 18/26 [00:00<00:00, 50.57it/s, S=0.3603, loss=-0.2344]
Epoch 63/150 [train]:  92%|█████████▏| 24/26 [00:00<00:00, 50.54it/s, S=0.3603, loss=-0.2344]
Epoch 63/150 [train]:  92%|█████████▏| 24/26 [00:00<00:00, 50.54it/s, S=0.3565, loss=-0.2263]
Epoch 63/150 [train]:  92%|█████████▏| 24/26 [00:00<00:00, 50.54it/s, S=0.3572, loss=-0.2248]
                                                                                             
Epoch  63/150  train loss=-0.2292  val loss=-0.2265  S[mean]=0.3697  ζ=0.4254  mean_plane_ζ=0.3084  reg=0.1432  λscale=0.47  lr=3.68e-05

Epoch 64/150 [train]:   0%|          | 0/26 [00:00<?, ?it/s]
Epoch 64/150 [train]:   0%|          | 0/26 [00:00<?, ?it/s, S=0.3590, loss=-0.2315]
Epoch 64/150 [train]:   0%|          | 0/26 [00:00<?, ?it/s, S=0.3579, loss=-0.2277]
Epoch 64/150 [train]:   0%|          | 0/26 [00:00<?, ?it/s, S=0.3589, loss=-0.2211]
Epoch 64/150 [train]:   0%|          | 0/26 [00:00<?, ?it/s, S=0.3518, loss=-0.2079]
Epoch 64/150 [train]:   0%|          | 0/26 [00:00<?, ?it/s, S=0.3572, loss=-0.2150]
Epoch 64/150 [train]:   0%|          | 0/26 [00:00<?, ?it/s, S=0.3558, loss=-0.2204]
Epoch 64/150 [train]:  23%|██▎       | 6/26 [00:00<00:00, 50.58it/s, S=0.3558, loss=-0.2204]
Epoch 64/150 [train]:  23%|██▎       | 6/26 [00:00<00:00, 50.58it/s, S=0.3595, loss=-0.2248]
Epoch 64/150 [train]:  23%|██▎       | 6/26 [00:00<00:00, 50.58it/s, S=0.3602, loss=-0.2293]
Epoch 64/150 [train]:  23%|██▎       | 6/26 [00:00<00:00, 50.58it/s, S=0.3608, loss=-0.2282]
Epoch 64/150 [train]:  23%|██▎       | 6/26 [00:00<00:00, 50.58it/s, S=0.3638, loss=-0.2353]
Epoch 64/150 [train]:  23%|██▎       | 6/26 [00:00<00:00, 50.58it/s, S=0.3651, loss=-0.2322]
Epoch 64/150 [train]:  23%|██▎       | 6/26 [00:00<00:00, 50.58it/s, S=0.3638, loss=-0.2332]
Epoch 64/150 [train]:  46%|████▌     | 12/26 [00:00<00:00, 50.62it/s, S=0.3638, loss=-0.2332]
Epoch 64/150 [train]:  46%|████▌     | 12/26 [00:00<00:00, 50.62it/s, S=0.3635, loss=-0.2239]
Epoch 64/150 [train]:  46%|████▌     | 12/26 [00:00<00:00, 50.62it/s, S=0.3605, loss=-0.2294]
Epoch 64/150 [train]:  46%|████▌     | 12/26 [00:00<00:00, 50.62it/s, S=0.3604, loss=-0.2259]
Epoch 64/150 [train]:  46%|████▌     | 12/26 [00:00<00:00, 50.62it/s, S=0.3592, loss=-0.2276]
Epoch 64/150 [train]:  46%|████▌     | 12/26 [00:00<00:00, 50.62it/s, S=0.3619, loss=-0.2282]
Epoch 64/150 [train]:  46%|████▌     | 12/26 [00:00<00:00, 50.62it/s, S=0.3526, loss=-0.2174]
Epoch 64/150 [train]:  69%|██████▉   | 18/26 [00:00<00:00, 50.60it/s, S=0.3526, loss=-0.2174]
Epoch 64/150 [train]:  69%|██████▉   | 18/26 [00:00<00:00, 50.60it/s, S=0.3614, loss=-0.2303]
Epoch 64/150 [train]:  69%|██████▉   | 18/26 [00:00<00:00, 50.60it/s, S=0.3541, loss=-0.2255]
Epoch 64/150 [train]:  69%|██████▉   | 18/26 [00:00<00:00, 50.60it/s, S=0.3628, loss=-0.2360]
Epoch 64/150 [train]:  69%|██████▉   | 18/26 [00:00<00:00, 50.60it/s, S=0.3530, loss=-0.2198]
Epoch 64/150 [train]:  69%|██████▉   | 18/26 [00:00<00:00, 50.60it/s, S=0.3580, loss=-0.2308]
Epoch 64/150 [train]:  69%|██████▉   | 18/26 [00:00<00:00, 50.60it/s, S=0.3587, loss=-0.2229]
Epoch 64/150 [train]:  92%|█████████▏| 24/26 [00:00<00:00, 50.55it/s, S=0.3587, loss=-0.2229]
Epoch 64/150 [train]:  92%|█████████▏| 24/26 [00:00<00:00, 50.55it/s, S=0.3592, loss=-0.2236]
Epoch 64/150 [train]:  92%|█████████▏| 24/26 [00:00<00:00, 50.55it/s, S=0.3591, loss=-0.2266]
                                                                                             
Epoch  64/150  train loss=-0.2259  val loss=-0.2251  S[mean]=0.3697  ζ=0.4253  mean_plane_ζ=0.3083  reg=0.1446  λscale=0.48  lr=2.72e-05

Epoch 65/150 [train]:   0%|          | 0/26 [00:00<?, ?it/s]
Epoch 65/150 [train]:   0%|          | 0/26 [00:00<?, ?it/s, S=0.3637, loss=-0.2331]
Epoch 65/150 [train]:   0%|          | 0/26 [00:00<?, ?it/s, S=0.3597, loss=-0.2208]
Epoch 65/150 [train]:   0%|          | 0/26 [00:00<?, ?it/s, S=0.3567, loss=-0.2279]
Epoch 65/150 [train]:   0%|          | 0/26 [00:00<?, ?it/s, S=0.3578, loss=-0.2270]
Epoch 65/150 [train]:   0%|          | 0/26 [00:00<?, ?it/s, S=0.3629, loss=-0.2301]
Epoch 65/150 [train]:   0%|          | 0/26 [00:00<?, ?it/s, S=0.3665, loss=-0.2343]
Epoch 65/150 [train]:  23%|██▎       | 6/26 [00:00<00:00, 50.74it/s, S=0.3665, loss=-0.2343]
Epoch 65/150 [train]:  23%|██▎       | 6/26 [00:00<00:00, 50.74it/s, S=0.3574, loss=-0.2223]
Epoch 65/150 [train]:  23%|██▎       | 6/26 [00:00<00:00, 50.74it/s, S=0.3524, loss=-0.2203]
Epoch 65/150 [train]:  23%|██▎       | 6/26 [00:00<00:00, 50.74it/s, S=0.3573, loss=-0.2186]
Epoch 65/150 [train]:  23%|██▎       | 6/26 [00:00<00:00, 50.74it/s, S=0.3590, loss=-0.2282]
Epoch 65/150 [train]:  23%|██▎       | 6/26 [00:00<00:00, 50.74it/s, S=0.3575, loss=-0.2216]
Epoch 65/150 [train]:  23%|██▎       | 6/26 [00:00<00:00, 50.74it/s, S=0.3604, loss=-0.2119]
Epoch 65/150 [train]:  46%|████▌     | 12/26 [00:00<00:00, 50.74it/s, S=0.3604, loss=-0.2119]
Epoch 65/150 [train]:  46%|████▌     | 12/26 [00:00<00:00, 50.74it/s, S=0.3577, loss=-0.2237]
Epoch 65/150 [train]:  46%|████▌     | 12/26 [00:00<00:00, 50.74it/s, S=0.3584, loss=-0.2285]
Epoch 65/150 [train]:  46%|████▌     | 12/26 [00:00<00:00, 50.74it/s, S=0.3598, loss=-0.2197]
Epoch 65/150 [train]:  46%|████▌     | 12/26 [00:00<00:00, 50.74it/s, S=0.3626, loss=-0.2340]
Epoch 65/150 [train]:  46%|████▌     | 12/26 [00:00<00:00, 50.74it/s, S=0.3603, loss=-0.2270]
Epoch 65/150 [train]:  46%|████▌     | 12/26 [00:00<00:00, 50.74it/s, S=0.3594, loss=-0.2211]
Epoch 65/150 [train]:  69%|██████▉   | 18/26 [00:00<00:00, 50.66it/s, S=0.3594, loss=-0.2211]
Epoch 65/150 [train]:  69%|██████▉   | 18/26 [00:00<00:00, 50.66it/s, S=0.3582, loss=-0.2243]
Epoch 65/150 [train]:  69%|██████▉   | 18/26 [00:00<00:00, 50.66it/s, S=0.3588, loss=-0.2234]
Epoch 65/150 [train]:  69%|██████▉   | 18/26 [00:00<00:00, 50.66it/s, S=0.3618, loss=-0.2315]
Epoch 65/150 [train]:  69%|██████▉   | 18/26 [00:00<00:00, 50.66it/s, S=0.3545, loss=-0.2228]
Epoch 65/150 [train]:  69%|██████▉   | 18/26 [00:00<00:00, 50.66it/s, S=0.3574, loss=-0.2239]
Epoch 65/150 [train]:  69%|██████▉   | 18/26 [00:00<00:00, 50.66it/s, S=0.3559, loss=-0.2234]
Epoch 65/150 [train]:  92%|█████████▏| 24/26 [00:00<00:00, 50.63it/s, S=0.3559, loss=-0.2234]
Epoch 65/150 [train]:  92%|█████████▏| 24/26 [00:00<00:00, 50.63it/s, S=0.3630, loss=-0.2299]
Epoch 65/150 [train]:  92%|█████████▏| 24/26 [00:00<00:00, 50.63it/s, S=0.3589, loss=-0.2183]
                                                                                             
Epoch  65/150  train loss=-0.2249  val loss=-0.2235  S[mean]=0.3697  ζ=0.4254  mean_plane_ζ=0.3085  reg=0.1462  λscale=0.49  lr=1.90e-05

Epoch 66/150 [train]:   0%|          | 0/26 [00:00<?, ?it/s]
Epoch 66/150 [train]:   0%|          | 0/26 [00:00<?, ?it/s, S=0.3600, loss=-0.2271]
Epoch 66/150 [train]:   0%|          | 0/26 [00:00<?, ?it/s, S=0.3606, loss=-0.2284]
Epoch 66/150 [train]:   0%|          | 0/26 [00:00<?, ?it/s, S=0.3610, loss=-0.2282]
Epoch 66/150 [train]:   0%|          | 0/26 [00:00<?, ?it/s, S=0.3614, loss=-0.2090]
Epoch 66/150 [train]:   0%|          | 0/26 [00:00<?, ?it/s, S=0.3606, loss=-0.2252]
Epoch 66/150 [train]:   0%|          | 0/26 [00:00<?, ?it/s, S=0.3630, loss=-0.2309]
Epoch 66/150 [train]:  23%|██▎       | 6/26 [00:00<00:00, 50.76it/s, S=0.3630, loss=-0.2309]
Epoch 66/150 [train]:  23%|██▎       | 6/26 [00:00<00:00, 50.76it/s, S=0.3636, loss=-0.2307]
Epoch 66/150 [train]:  23%|██▎       | 6/26 [00:00<00:00, 50.76it/s, S=0.3587, loss=-0.2211]
Epoch 66/150 [train]:  23%|██▎       | 6/26 [00:00<00:00, 50.76it/s, S=0.3611, loss=-0.2276]
Epoch 66/150 [train]:  23%|██▎       | 6/26 [00:00<00:00, 50.76it/s, S=0.3599, loss=-0.2290]
Epoch 66/150 [train]:  23%|██▎       | 6/26 [00:00<00:00, 50.76it/s, S=0.3652, loss=-0.2316]
Epoch 66/150 [train]:  23%|██▎       | 6/26 [00:00<00:00, 50.76it/s, S=0.3590, loss=-0.2243]
Epoch 66/150 [train]:  46%|████▌     | 12/26 [00:00<00:00, 50.57it/s, S=0.3590, loss=-0.2243]
Epoch 66/150 [train]:  46%|████▌     | 12/26 [00:00<00:00, 50.57it/s, S=0.3542, loss=-0.2190]
Epoch 66/150 [train]:  46%|████▌     | 12/26 [00:00<00:00, 50.57it/s, S=0.3561, loss=-0.2272]
Epoch 66/150 [train]:  46%|████▌     | 12/26 [00:00<00:00, 50.57it/s, S=0.3610, loss=-0.2187]
Epoch 66/150 [train]:  46%|████▌     | 12/26 [00:00<00:00, 50.57it/s, S=0.3503, loss=-0.2149]
Epoch 66/150 [train]:  46%|████▌     | 12/26 [00:00<00:00, 50.57it/s, S=0.3473, loss=-0.2132]
Epoch 66/150 [train]:  46%|████▌     | 12/26 [00:00<00:00, 50.57it/s, S=0.3572, loss=-0.2219]
Epoch 66/150 [train]:  69%|██████▉   | 18/26 [00:00<00:00, 50.59it/s, S=0.3572, loss=-0.2219]
Epoch 66/150 [train]:  69%|██████▉   | 18/26 [00:00<00:00, 50.59it/s, S=0.3619, loss=-0.2307]
Epoch 66/150 [train]:  69%|██████▉   | 18/26 [00:00<00:00, 50.59it/s, S=0.3596, loss=-0.2241]
Epoch 66/150 [train]:  69%|██████▉   | 18/26 [00:00<00:00, 50.59it/s, S=0.3617, loss=-0.2234]
Epoch 66/150 [train]:  69%|██████▉   | 18/26 [00:00<00:00, 50.59it/s, S=0.3616, loss=-0.2296]
Epoch 66/150 [train]:  69%|██████▉   | 18/26 [00:00<00:00, 50.59it/s, S=0.3604, loss=-0.2228]
Epoch 66/150 [train]:  69%|██████▉   | 18/26 [00:00<00:00, 50.59it/s, S=0.3604, loss=-0.2268]
Epoch 66/150 [train]:  92%|█████████▏| 24/26 [00:00<00:00, 50.58it/s, S=0.3604, loss=-0.2268]
Epoch 66/150 [train]:  92%|█████████▏| 24/26 [00:00<00:00, 50.58it/s, S=0.3577, loss=-0.2161]
Epoch 66/150 [train]:  92%|█████████▏| 24/26 [00:00<00:00, 50.58it/s, S=0.3634, loss=-0.2223]
                                                                                             
Epoch  66/150  train loss=-0.2240  val loss=-0.2218  S[mean]=0.3697  ζ=0.4255  mean_plane_ζ=0.3085  reg=0.1479  λscale=0.49  lr=1.22e-05

Epoch 67/150 [train]:   0%|          | 0/26 [00:00<?, ?it/s]
Epoch 67/150 [train]:   0%|          | 0/26 [00:00<?, ?it/s, S=0.3618, loss=-0.2236]
Epoch 67/150 [train]:   0%|          | 0/26 [00:00<?, ?it/s, S=0.3544, loss=-0.2093]
Epoch 67/150 [train]:   0%|          | 0/26 [00:00<?, ?it/s, S=0.3579, loss=-0.2192]
Epoch 67/150 [train]:   0%|          | 0/26 [00:00<?, ?it/s, S=0.3666, loss=-0.2341]
Epoch 67/150 [train]:   0%|          | 0/26 [00:00<?, ?it/s, S=0.3596, loss=-0.2194]
Epoch 67/150 [train]:   0%|          | 0/26 [00:00<?, ?it/s, S=0.3625, loss=-0.2335]
Epoch 67/150 [train]:  23%|██▎       | 6/26 [00:00<00:00, 50.53it/s, S=0.3625, loss=-0.2335]
Epoch 67/150 [train]:  23%|██▎       | 6/26 [00:00<00:00, 50.53it/s, S=0.3635, loss=-0.2270]
Epoch 67/150 [train]:  23%|██▎       | 6/26 [00:00<00:00, 50.53it/s, S=0.3659, loss=-0.2272]
Epoch 67/150 [train]:  23%|██▎       | 6/26 [00:00<00:00, 50.53it/s, S=0.3605, loss=-0.2212]
Epoch 67/150 [train]:  23%|██▎       | 6/26 [00:00<00:00, 50.53it/s, S=0.3604, loss=-0.2195]
Epoch 67/150 [train]:  23%|██▎       | 6/26 [00:00<00:00, 50.53it/s, S=0.3603, loss=-0.2304]
Epoch 67/150 [train]:  23%|██▎       | 6/26 [00:00<00:00, 50.53it/s, S=0.3617, loss=-0.2259]
Epoch 67/150 [train]:  46%|████▌     | 12/26 [00:00<00:00, 50.60it/s, S=0.3617, loss=-0.2259]
Epoch 67/150 [train]:  46%|████▌     | 12/26 [00:00<00:00, 50.60it/s, S=0.3517, loss=-0.1982]
Epoch 67/150 [train]:  46%|████▌     | 12/26 [00:00<00:00, 50.60it/s, S=0.3607, loss=-0.2301]
Epoch 67/150 [train]:  46%|████▌     | 12/26 [00:00<00:00, 50.60it/s, S=0.3619, loss=-0.2242]
Epoch 67/150 [train]:  46%|████▌     | 12/26 [00:00<00:00, 50.60it/s, S=0.3626, loss=-0.2268]
Epoch 67/150 [train]:  46%|████▌     | 12/26 [00:00<00:00, 50.60it/s, S=0.3604, loss=-0.2159]
Epoch 67/150 [train]:  46%|████▌     | 12/26 [00:00<00:00, 50.60it/s, S=0.3480, loss=-0.2094]
Epoch 67/150 [train]:  69%|██████▉   | 18/26 [00:00<00:00, 50.60it/s, S=0.3480, loss=-0.2094]
Epoch 67/150 [train]:  69%|██████▉   | 18/26 [00:00<00:00, 50.60it/s, S=0.3601, loss=-0.2280]
Epoch 67/150 [train]:  69%|██████▉   | 18/26 [00:00<00:00, 50.60it/s, S=0.3676, loss=-0.2347]
Epoch 67/150 [train]:  69%|██████▉   | 18/26 [00:00<00:00, 50.60it/s, S=0.3591, loss=-0.2222]
Epoch 67/150 [train]:  69%|██████▉   | 18/26 [00:00<00:00, 50.60it/s, S=0.3540, loss=-0.2184]
Epoch 67/150 [train]:  69%|██████▉   | 18/26 [00:00<00:00, 50.60it/s, S=0.3547, loss=-0.2197]
Epoch 67/150 [train]:  69%|██████▉   | 18/26 [00:00<00:00, 50.60it/s, S=0.3506, loss=-0.2190]
Epoch 67/150 [train]:  92%|█████████▏| 24/26 [00:00<00:00, 50.62it/s, S=0.3506, loss=-0.2190]
Epoch 67/150 [train]:  92%|█████████▏| 24/26 [00:00<00:00, 50.62it/s, S=0.3610, loss=-0.2228]
Epoch 67/150 [train]:  92%|█████████▏| 24/26 [00:00<00:00, 50.62it/s, S=0.3595, loss=-0.2203]
                                                                                             
Epoch  67/150  train loss=-0.2223  val loss=-0.2201  S[mean]=0.3696  ζ=0.4255  mean_plane_ζ=0.3085  reg=0.1495  λscale=0.50  lr=6.91e-06

Epoch 68/150 [train]:   0%|          | 0/26 [00:00<?, ?it/s]
Epoch 68/150 [train]:   0%|          | 0/26 [00:00<?, ?it/s, S=0.3632, loss=-0.2253]
Epoch 68/150 [train]:   0%|          | 0/26 [00:00<?, ?it/s, S=0.3669, loss=-0.2287]
Epoch 68/150 [train]:   0%|          | 0/26 [00:00<?, ?it/s, S=0.3598, loss=-0.2240]
Epoch 68/150 [train]:   0%|          | 0/26 [00:00<?, ?it/s, S=0.3596, loss=-0.2227]
Epoch 68/150 [train]:   0%|          | 0/26 [00:00<?, ?it/s, S=0.3556, loss=-0.2155]
Epoch 68/150 [train]:   0%|          | 0/26 [00:00<?, ?it/s, S=0.3614, loss=-0.2268]
Epoch 68/150 [train]:  23%|██▎       | 6/26 [00:00<00:00, 50.78it/s, S=0.3614, loss=-0.2268]
Epoch 68/150 [train]:  23%|██▎       | 6/26 [00:00<00:00, 50.78it/s, S=0.3576, loss=-0.2223]
Epoch 68/150 [train]:  23%|██▎       | 6/26 [00:00<00:00, 50.78it/s, S=0.3596, loss=-0.2088]
Epoch 68/150 [train]:  23%|██▎       | 6/26 [00:00<00:00, 50.78it/s, S=0.3646, loss=-0.2287]
Epoch 68/150 [train]:  23%|██▎       | 6/26 [00:00<00:00, 50.78it/s, S=0.3574, loss=-0.2193]
Epoch 68/150 [train]:  23%|██▎       | 6/26 [00:00<00:00, 50.78it/s, S=0.3587, loss=-0.2192]
Epoch 68/150 [train]:  23%|██▎       | 6/26 [00:00<00:00, 50.78it/s, S=0.3608, loss=-0.2267]
Epoch 68/150 [train]:  46%|████▌     | 12/26 [00:00<00:00, 50.39it/s, S=0.3608, loss=-0.2267]
Epoch 68/150 [train]:  46%|████▌     | 12/26 [00:00<00:00, 50.39it/s, S=0.3612, loss=-0.2259]
Epoch 68/150 [train]:  46%|████▌     | 12/26 [00:00<00:00, 50.39it/s, S=0.3557, loss=-0.2107]
Epoch 68/150 [train]:  46%|████▌     | 12/26 [00:00<00:00, 50.39it/s, S=0.3555, loss=-0.2191]
Epoch 68/150 [train]:  46%|████▌     | 12/26 [00:00<00:00, 50.39it/s, S=0.3514, loss=-0.2080]
Epoch 68/150 [train]:  46%|████▌     | 12/26 [00:00<00:00, 50.39it/s, S=0.3567, loss=-0.2215]
Epoch 68/150 [train]:  46%|████▌     | 12/26 [00:00<00:00, 50.39it/s, S=0.3654, loss=-0.2272]
Epoch 68/150 [train]:  69%|██████▉   | 18/26 [00:00<00:00, 50.49it/s, S=0.3654, loss=-0.2272]
Epoch 68/150 [train]:  69%|██████▉   | 18/26 [00:00<00:00, 50.49it/s, S=0.3609, loss=-0.2248]
Epoch 68/150 [train]:  69%|██████▉   | 18/26 [00:00<00:00, 50.49it/s, S=0.3612, loss=-0.2247]
Epoch 68/150 [train]:  69%|██████▉   | 18/26 [00:00<00:00, 50.49it/s, S=0.3555, loss=-0.2168]
Epoch 68/150 [train]:  69%|██████▉   | 18/26 [00:00<00:00, 50.49it/s, S=0.3620, loss=-0.2243]
Epoch 68/150 [train]:  69%|██████▉   | 18/26 [00:00<00:00, 50.49it/s, S=0.3646, loss=-0.2308]
Epoch 68/150 [train]:  69%|██████▉   | 18/26 [00:00<00:00, 50.49it/s, S=0.3559, loss=-0.2098]
Epoch 68/150 [train]:  92%|█████████▏| 24/26 [00:00<00:00, 50.46it/s, S=0.3559, loss=-0.2098]
Epoch 68/150 [train]:  92%|█████████▏| 24/26 [00:00<00:00, 50.46it/s, S=0.3569, loss=-0.2211]
Epoch 68/150 [train]:  92%|█████████▏| 24/26 [00:00<00:00, 50.46it/s, S=0.3578, loss=-0.2140]
                                                                                             
Epoch  68/150  train loss=-0.2210  val loss=-0.2183  S[mean]=0.3696  ζ=0.4255  mean_plane_ζ=0.3085  reg=0.1512  λscale=0.50  lr=3.08e-06

Epoch 69/150 [train]:   0%|          | 0/26 [00:00<?, ?it/s]
Epoch 69/150 [train]:   0%|          | 0/26 [00:00<?, ?it/s, S=0.3647, loss=-0.2221]
Epoch 69/150 [train]:   0%|          | 0/26 [00:00<?, ?it/s, S=0.3568, loss=-0.2177]
Epoch 69/150 [train]:   0%|          | 0/26 [00:00<?, ?it/s, S=0.3600, loss=-0.2193]
Epoch 69/150 [train]:   0%|          | 0/26 [00:00<?, ?it/s, S=0.3506, loss=-0.2123]
Epoch 69/150 [train]:   0%|          | 0/26 [00:00<?, ?it/s, S=0.3605, loss=-0.2180]
Epoch 69/150 [train]:   0%|          | 0/26 [00:00<?, ?it/s, S=0.3586, loss=-0.2228]
Epoch 69/150 [train]:  23%|██▎       | 6/26 [00:00<00:00, 50.57it/s, S=0.3586, loss=-0.2228]
Epoch 69/150 [train]:  23%|██▎       | 6/26 [00:00<00:00, 50.57it/s, S=0.3617, loss=-0.2177]
Epoch 69/150 [train]:  23%|██▎       | 6/26 [00:00<00:00, 50.57it/s, S=0.3606, loss=-0.2166]
Epoch 69/150 [train]:  23%|██▎       | 6/26 [00:00<00:00, 50.57it/s, S=0.3621, loss=-0.2260]
Epoch 69/150 [train]:  23%|██▎       | 6/26 [00:00<00:00, 50.57it/s, S=0.3567, loss=-0.2084]
Epoch 69/150 [train]:  23%|██▎       | 6/26 [00:00<00:00, 50.57it/s, S=0.3609, loss=-0.2242]
Epoch 69/150 [train]:  23%|██▎       | 6/26 [00:00<00:00, 50.57it/s, S=0.3621, loss=-0.2262]
Epoch 69/150 [train]:  46%|████▌     | 12/26 [00:00<00:00, 50.59it/s, S=0.3621, loss=-0.2262]
Epoch 69/150 [train]:  46%|████▌     | 12/26 [00:00<00:00, 50.59it/s, S=0.3482, loss=-0.2026]
Epoch 69/150 [train]:  46%|████▌     | 12/26 [00:00<00:00, 50.59it/s, S=0.3600, loss=-0.2218]
Epoch 69/150 [train]:  46%|████▌     | 12/26 [00:00<00:00, 50.59it/s, S=0.3569, loss=-0.2183]
Epoch 69/150 [train]:  46%|████▌     | 12/26 [00:00<00:00, 50.59it/s, S=0.3675, loss=-0.2331]
Epoch 69/150 [train]:  46%|████▌     | 12/26 [00:00<00:00, 50.59it/s, S=0.3611, loss=-0.2206]
Epoch 69/150 [train]:  46%|████▌     | 12/26 [00:00<00:00, 50.59it/s, S=0.3599, loss=-0.2175]
Epoch 69/150 [train]:  69%|██████▉   | 18/26 [00:00<00:00, 50.59it/s, S=0.3599, loss=-0.2175]
Epoch 69/150 [train]:  69%|██████▉   | 18/26 [00:00<00:00, 50.59it/s, S=0.3558, loss=-0.2151]
Epoch 69/150 [train]:  69%|██████▉   | 18/26 [00:00<00:00, 50.59it/s, S=0.3601, loss=-0.2152]
Epoch 69/150 [train]:  69%|██████▉   | 18/26 [00:00<00:00, 50.59it/s, S=0.3598, loss=-0.2240]
Epoch 69/150 [train]:  69%|██████▉   | 18/26 [00:00<00:00, 50.59it/s, S=0.3629, loss=-0.2258]
Epoch 69/150 [train]:  69%|██████▉   | 18/26 [00:00<00:00, 50.59it/s, S=0.3570, loss=-0.2135]
Epoch 69/150 [train]:  69%|██████▉   | 18/26 [00:00<00:00, 50.59it/s, S=0.3605, loss=-0.2226]
Epoch 69/150 [train]:  92%|█████████▏| 24/26 [00:00<00:00, 50.60it/s, S=0.3605, loss=-0.2226]
Epoch 69/150 [train]:  92%|█████████▏| 24/26 [00:00<00:00, 50.60it/s, S=0.3566, loss=-0.2046]
Epoch 69/150 [train]:  92%|█████████▏| 24/26 [00:00<00:00, 50.60it/s, S=0.3593, loss=-0.2197]
                                                                                             
Epoch  69/150  train loss=-0.2187  val loss=-0.2166  S[mean]=0.3696  ζ=0.4255  mean_plane_ζ=0.3085  reg=0.1530  λscale=0.51  lr=7.71e-07

Epoch 70/150 [train]:   0%|          | 0/26 [00:00<?, ?it/s]
Epoch 70/150 [train]:   0%|          | 0/26 [00:00<?, ?it/s, S=0.3624, loss=-0.2193]
Epoch 70/150 [train]:   0%|          | 0/26 [00:00<?, ?it/s, S=0.3534, loss=-0.2155]
Epoch 70/150 [train]:   0%|          | 0/26 [00:00<?, ?it/s, S=0.3592, loss=-0.2134]
Epoch 70/150 [train]:   0%|          | 0/26 [00:00<?, ?it/s, S=0.3655, loss=-0.2244]
Epoch 70/150 [train]:   0%|          | 0/26 [00:00<?, ?it/s, S=0.3554, loss=-0.2078]
Epoch 70/150 [train]:   0%|          | 0/26 [00:00<?, ?it/s, S=0.3636, loss=-0.2241]
Epoch 70/150 [train]:  23%|██▎       | 6/26 [00:00<00:00, 50.69it/s, S=0.3636, loss=-0.2241]
Epoch 70/150 [train]:  23%|██▎       | 6/26 [00:00<00:00, 50.69it/s, S=0.3590, loss=-0.2037]
Epoch 70/150 [train]:  23%|██▎       | 6/26 [00:00<00:00, 50.69it/s, S=0.3572, loss=-0.2189]
Epoch 70/150 [train]:  23%|██▎       | 6/26 [00:00<00:00, 50.69it/s, S=0.3608, loss=-0.2241]
Epoch 70/150 [train]:  23%|██▎       | 6/26 [00:00<00:00, 50.69it/s, S=0.3577, loss=-0.2185]
Epoch 70/150 [train]:  23%|██▎       | 6/26 [00:00<00:00, 50.69it/s, S=0.3569, loss=-0.2177]
Epoch 70/150 [train]:  23%|██▎       | 6/26 [00:00<00:00, 50.69it/s, S=0.3580, loss=-0.2168]
Epoch 70/150 [train]:  46%|████▌     | 12/26 [00:00<00:00, 50.64it/s, S=0.3580, loss=-0.2168]
Epoch 70/150 [train]:  46%|████▌     | 12/26 [00:00<00:00, 50.64it/s, S=0.3648, loss=-0.2256]
Epoch 70/150 [train]:  46%|████▌     | 12/26 [00:00<00:00, 50.64it/s, S=0.3521, loss=-0.2005]
Epoch 70/150 [train]:  46%|████▌     | 12/26 [00:00<00:00, 50.64it/s, S=0.3530, loss=-0.2097]
Epoch 70/150 [train]:  46%|████▌     | 12/26 [00:00<00:00, 50.64it/s, S=0.3591, loss=-0.2209]
Epoch 70/150 [train]:  46%|████▌     | 12/26 [00:00<00:00, 50.64it/s, S=0.3608, loss=-0.2243]
Epoch 70/150 [train]:  46%|████▌     | 12/26 [00:00<00:00, 50.64it/s, S=0.3584, loss=-0.2123]
Epoch 70/150 [train]:  69%|██████▉   | 18/26 [00:00<00:00, 50.64it/s, S=0.3584, loss=-0.2123]
Epoch 70/150 [train]:  69%|██████▉   | 18/26 [00:00<00:00, 50.64it/s, S=0.3587, loss=-0.2093]
Epoch 70/150 [train]:  69%|██████▉   | 18/26 [00:00<00:00, 50.64it/s, S=0.3604, loss=-0.2097]
Epoch 70/150 [train]:  69%|██████▉   | 18/26 [00:00<00:00, 50.64it/s, S=0.3613, loss=-0.2238]
Epoch 70/150 [train]:  69%|██████▉   | 18/26 [00:00<00:00, 50.64it/s, S=0.3598, loss=-0.2201]
Epoch 70/150 [train]:  69%|██████▉   | 18/26 [00:00<00:00, 50.64it/s, S=0.3556, loss=-0.2128]
Epoch 70/150 [train]:  69%|██████▉   | 18/26 [00:00<00:00, 50.64it/s, S=0.3597, loss=-0.2186]
Epoch 70/150 [train]:  92%|█████████▏| 24/26 [00:00<00:00, 50.66it/s, S=0.3597, loss=-0.2186]
Epoch 70/150 [train]:  92%|█████████▏| 24/26 [00:00<00:00, 50.66it/s, S=0.3569, loss=-0.2168]
Epoch 70/150 [train]:  92%|█████████▏| 24/26 [00:00<00:00, 50.66it/s, S=0.3628, loss=-0.2153]
                                                                                             
Epoch  70/150  train loss=-0.2163  val loss=-0.2148  S[mean]=0.3696  ζ=0.4255  mean_plane_ζ=0.3085  reg=0.1548  λscale=0.52  lr=5.00e-04

Epoch 71/150 [train]:   0%|          | 0/26 [00:00<?, ?it/s]
Epoch 71/150 [train]:   0%|          | 0/26 [00:00<?, ?it/s, S=0.3554, loss=-0.2180]
Epoch 71/150 [train]:   0%|          | 0/26 [00:00<?, ?it/s, S=0.3567, loss=-0.2190]
Epoch 71/150 [train]:   0%|          | 0/26 [00:00<?, ?it/s, S=0.3670, loss=-0.2285]
Epoch 71/150 [train]:   0%|          | 0/26 [00:00<?, ?it/s, S=0.3555, loss=-0.2055]
Epoch 71/150 [train]:   0%|          | 0/26 [00:00<?, ?it/s, S=0.3571, loss=-0.2205]
Epoch 71/150 [train]:   0%|          | 0/26 [00:00<?, ?it/s, S=0.3609, loss=-0.2169]
Epoch 71/150 [train]:  23%|██▎       | 6/26 [00:00<00:00, 50.71it/s, S=0.3609, loss=-0.2169]
Epoch 71/150 [train]:  23%|██▎       | 6/26 [00:00<00:00, 50.71it/s, S=0.3633, loss=-0.2185]
Epoch 71/150 [train]:  23%|██▎       | 6/26 [00:00<00:00, 50.71it/s, S=0.3637, loss=-0.2242]
Epoch 71/150 [train]:  23%|██▎       | 6/26 [00:00<00:00, 50.71it/s, S=0.3573, loss=-0.2151]
Epoch 71/150 [train]:  23%|██▎       | 6/26 [00:00<00:00, 50.71it/s, S=0.3588, loss=-0.2203]
Epoch 71/150 [train]:  23%|██▎       | 6/26 [00:00<00:00, 50.71it/s, S=0.3607, loss=-0.2202]
Epoch 71/150 [train]:  23%|██▎       | 6/26 [00:00<00:00, 50.71it/s, S=0.3489, loss=-0.2110]
Epoch 71/150 [train]:  46%|████▌     | 12/26 [00:00<00:00, 50.64it/s, S=0.3489, loss=-0.2110]
Epoch 71/150 [train]:  46%|████▌     | 12/26 [00:00<00:00, 50.64it/s, S=0.3505, loss=-0.1982]
Epoch 71/150 [train]:  46%|████▌     | 12/26 [00:00<00:00, 50.64it/s, S=0.3519, loss=-0.2114]
Epoch 71/150 [train]:  46%|████▌     | 12/26 [00:00<00:00, 50.64it/s, S=0.3562, loss=-0.2156]
Epoch 71/150 [train]:  46%|████▌     | 12/26 [00:00<00:00, 50.64it/s, S=0.3545, loss=-0.2176]
Epoch 71/150 [train]:  46%|████▌     | 12/26 [00:00<00:00, 50.64it/s, S=0.3569, loss=-0.2185]
Epoch 71/150 [train]:  46%|████▌     | 12/26 [00:00<00:00, 50.64it/s, S=0.3553, loss=-0.2014]
Epoch 71/150 [train]:  69%|██████▉   | 18/26 [00:00<00:00, 50.60it/s, S=0.3553, loss=-0.2014]
Epoch 71/150 [train]:  69%|██████▉   | 18/26 [00:00<00:00, 50.60it/s, S=0.3562, loss=-0.2204]
Epoch 71/150 [train]:  69%|██████▉   | 18/26 [00:00<00:00, 50.60it/s, S=0.3580, loss=-0.2159]
Epoch 71/150 [train]:  69%|██████▉   | 18/26 [00:00<00:00, 50.60it/s, S=0.3534, loss=-0.2001]
Epoch 71/150 [train]:  69%|██████▉   | 18/26 [00:00<00:00, 50.60it/s, S=0.3534, loss=-0.2076]
Epoch 71/150 [train]:  69%|██████▉   | 18/26 [00:00<00:00, 50.60it/s, S=0.3521, loss=-0.2118]
Epoch 71/150 [train]:  69%|██████▉   | 18/26 [00:00<00:00, 50.60it/s, S=0.3496, loss=-0.2020]
Epoch 71/150 [train]:  92%|█████████▏| 24/26 [00:00<00:00, 50.60it/s, S=0.3496, loss=-0.2020]
Epoch 71/150 [train]:  92%|█████████▏| 24/26 [00:00<00:00, 50.60it/s, S=0.3550, loss=-0.2144]
Epoch 71/150 [train]:  92%|█████████▏| 24/26 [00:00<00:00, 50.60it/s, S=0.3584, loss=-0.2144]
                                                                                             
Epoch  71/150  train loss=-0.2141  val loss=-0.2102  S[mean]=0.3655  ζ=0.4262  mean_plane_ζ=0.3093  reg=0.1553  λscale=0.52  lr=5.00e-04

Epoch 72/150 [train]:   0%|          | 0/26 [00:00<?, ?it/s]
Epoch 72/150 [train]:   0%|          | 0/26 [00:00<?, ?it/s, S=0.3572, loss=-0.2146]
Epoch 72/150 [train]:   0%|          | 0/26 [00:00<?, ?it/s, S=0.3512, loss=-0.2111]
Epoch 72/150 [train]:   0%|          | 0/26 [00:00<?, ?it/s, S=0.3558, loss=-0.2156]
Epoch 72/150 [train]:   0%|          | 0/26 [00:00<?, ?it/s, S=0.3614, loss=-0.2231]
Epoch 72/150 [train]:   0%|          | 0/26 [00:00<?, ?it/s, S=0.3605, loss=-0.2210]
Epoch 72/150 [train]:   0%|          | 0/26 [00:00<?, ?it/s, S=0.3547, loss=-0.2169]
Epoch 72/150 [train]:  23%|██▎       | 6/26 [00:00<00:00, 50.72it/s, S=0.3547, loss=-0.2169]
Epoch 72/150 [train]:  23%|██▎       | 6/26 [00:00<00:00, 50.72it/s, S=0.3590, loss=-0.2203]
Epoch 72/150 [train]:  23%|██▎       | 6/26 [00:00<00:00, 50.72it/s, S=0.3490, loss=-0.1953]
Epoch 72/150 [train]:  23%|██▎       | 6/26 [00:00<00:00, 50.72it/s, S=0.3562, loss=-0.2186]
Epoch 72/150 [train]:  23%|██▎       | 6/26 [00:00<00:00, 50.72it/s, S=0.3516, loss=-0.2049]
Epoch 72/150 [train]:  23%|██▎       | 6/26 [00:00<00:00, 50.72it/s, S=0.3570, loss=-0.2136]
Epoch 72/150 [train]:  23%|██▎       | 6/26 [00:00<00:00, 50.72it/s, S=0.3581, loss=-0.2180]
Epoch 72/150 [train]:  46%|████▌     | 12/26 [00:00<00:00, 50.65it/s, S=0.3581, loss=-0.2180]
Epoch 72/150 [train]:  46%|████▌     | 12/26 [00:00<00:00, 50.65it/s, S=0.3546, loss=-0.2169]
Epoch 72/150 [train]:  46%|████▌     | 12/26 [00:00<00:00, 50.65it/s, S=0.3498, loss=-0.2091]
Epoch 72/150 [train]:  46%|████▌     | 12/26 [00:00<00:00, 50.65it/s, S=0.3551, loss=-0.2176]
Epoch 72/150 [train]:  46%|████▌     | 12/26 [00:00<00:00, 50.65it/s, S=0.3611, loss=-0.2245]
Epoch 72/150 [train]:  46%|████▌     | 12/26 [00:00<00:00, 50.65it/s, S=0.3599, loss=-0.2239]
Epoch 72/150 [train]:  46%|████▌     | 12/26 [00:00<00:00, 50.65it/s, S=0.3535, loss=-0.2110]
Epoch 72/150 [train]:  69%|██████▉   | 18/26 [00:00<00:00, 50.63it/s, S=0.3535, loss=-0.2110]
Epoch 72/150 [train]:  69%|██████▉   | 18/26 [00:00<00:00, 50.63it/s, S=0.3547, loss=-0.2150]
Epoch 72/150 [train]:  69%|██████▉   | 18/26 [00:00<00:00, 50.63it/s, S=0.3559, loss=-0.2182]
Epoch 72/150 [train]:  69%|██████▉   | 18/26 [00:00<00:00, 50.63it/s, S=0.3584, loss=-0.2213]
Epoch 72/150 [train]:  69%|██████▉   | 18/26 [00:00<00:00, 50.63it/s, S=0.3496, loss=-0.1979]
Epoch 72/150 [train]:  69%|██████▉   | 18/26 [00:00<00:00, 50.63it/s, S=0.3593, loss=-0.2215]
Epoch 72/150 [train]:  69%|██████▉   | 18/26 [00:00<00:00, 50.63it/s, S=0.3528, loss=-0.2129]
Epoch 72/150 [train]:  92%|█████████▏| 24/26 [00:00<00:00, 50.61it/s, S=0.3528, loss=-0.2129]
Epoch 72/150 [train]:  92%|█████████▏| 24/26 [00:00<00:00, 50.61it/s, S=0.3523, loss=-0.2169]
Epoch 72/150 [train]:  92%|█████████▏| 24/26 [00:00<00:00, 50.61it/s, S=0.3543, loss=-0.2218]
                                                                                             
Epoch  72/150  train loss=-0.2154  val loss=-0.2127  S[mean]=0.3665  ζ=0.4267  mean_plane_ζ=0.3099  reg=0.1538  λscale=0.53  lr=4.99e-04

Epoch 73/150 [train]:   0%|          | 0/26 [00:00<?, ?it/s]
Epoch 73/150 [train]:   0%|          | 0/26 [00:00<?, ?it/s, S=0.3531, loss=-0.2083]
Epoch 73/150 [train]:   0%|          | 0/26 [00:00<?, ?it/s, S=0.3604, loss=-0.2174]
Epoch 73/150 [train]:   0%|          | 0/26 [00:00<?, ?it/s, S=0.3513, loss=-0.2035]
Epoch 73/150 [train]:   0%|          | 0/26 [00:00<?, ?it/s, S=0.3562, loss=-0.2215]
Epoch 73/150 [train]:   0%|          | 0/26 [00:00<?, ?it/s, S=0.3563, loss=-0.2198]
Epoch 73/150 [train]:   0%|          | 0/26 [00:00<?, ?it/s, S=0.3589, loss=-0.2079]
Epoch 73/150 [train]:  23%|██▎       | 6/26 [00:00<00:00, 50.69it/s, S=0.3589, loss=-0.2079]
Epoch 73/150 [train]:  23%|██▎       | 6/26 [00:00<00:00, 50.69it/s, S=0.3495, loss=-0.2055]
Epoch 73/150 [train]:  23%|██▎       | 6/26 [00:00<00:00, 50.69it/s, S=0.3591, loss=-0.2229]
Epoch 73/150 [train]:  23%|██▎       | 6/26 [00:00<00:00, 50.69it/s, S=0.3632, loss=-0.2221]
Epoch 73/150 [train]:  23%|██▎       | 6/26 [00:00<00:00, 50.69it/s, S=0.3549, loss=-0.2025]
Epoch 73/150 [train]:  23%|██▎       | 6/26 [00:00<00:00, 50.69it/s, S=0.3552, loss=-0.2158]
Epoch 73/150 [train]:  23%|██▎       | 6/26 [00:00<00:00, 50.69it/s, S=0.3501, loss=-0.2141]
Epoch 73/150 [train]:  46%|████▌     | 12/26 [00:00<00:00, 50.64it/s, S=0.3501, loss=-0.2141]
Epoch 73/150 [train]:  46%|████▌     | 12/26 [00:00<00:00, 50.64it/s, S=0.3531, loss=-0.2127]
Epoch 73/150 [train]:  46%|████▌     | 12/26 [00:00<00:00, 50.64it/s, S=0.3483, loss=-0.2070]
Epoch 73/150 [train]:  46%|████▌     | 12/26 [00:00<00:00, 50.64it/s, S=0.3557, loss=-0.2143]
Epoch 73/150 [train]:  46%|████▌     | 12/26 [00:00<00:00, 50.64it/s, S=0.3563, loss=-0.2224]
Epoch 73/150 [train]:  46%|████▌     | 12/26 [00:00<00:00, 50.64it/s, S=0.3508, loss=-0.2060]
Epoch 73/150 [train]:  46%|████▌     | 12/26 [00:00<00:00, 50.64it/s, S=0.3565, loss=-0.2185]
Epoch 73/150 [train]:  69%|██████▉   | 18/26 [00:00<00:00, 50.64it/s, S=0.3565, loss=-0.2185]
Epoch 73/150 [train]:  69%|██████▉   | 18/26 [00:00<00:00, 50.64it/s, S=0.3474, loss=-0.2085]
Epoch 73/150 [train]:  69%|██████▉   | 18/26 [00:00<00:00, 50.64it/s, S=0.3464, loss=-0.2032]
Epoch 73/150 [train]:  69%|██████▉   | 18/26 [00:00<00:00, 50.64it/s, S=0.3520, loss=-0.2148]
Epoch 73/150 [train]:  69%|██████▉   | 18/26 [00:00<00:00, 50.64it/s, S=0.3494, loss=-0.2016]
Epoch 73/150 [train]:  69%|██████▉   | 18/26 [00:00<00:00, 50.64it/s, S=0.3570, loss=-0.2202]
Epoch 73/150 [train]:  69%|██████▉   | 18/26 [00:00<00:00, 50.64it/s, S=0.3523, loss=-0.2105]
Epoch 73/150 [train]:  92%|█████████▏| 24/26 [00:00<00:00, 50.66it/s, S=0.3523, loss=-0.2105]
Epoch 73/150 [train]:  92%|█████████▏| 24/26 [00:00<00:00, 50.66it/s, S=0.3619, loss=-0.2303]
Epoch 73/150 [train]:  92%|█████████▏| 24/26 [00:00<00:00, 50.66it/s, S=0.3542, loss=-0.2155]
                                                                                             
Epoch  73/150  train loss=-0.2133  val loss=-0.2143  S[mean]=0.3670  ζ=0.4284  mean_plane_ζ=0.3114  reg=0.1528  λscale=0.53  lr=4.98e-04

Epoch 74/150 [train]:   0%|          | 0/26 [00:00<?, ?it/s]
Epoch 74/150 [train]:   0%|          | 0/26 [00:00<?, ?it/s, S=0.3592, loss=-0.2178]
Epoch 74/150 [train]:   0%|          | 0/26 [00:00<?, ?it/s, S=0.3559, loss=-0.2177]
Epoch 74/150 [train]:   0%|          | 0/26 [00:00<?, ?it/s, S=0.3569, loss=-0.2266]
Epoch 74/150 [train]:   0%|          | 0/26 [00:00<?, ?it/s, S=0.3602, loss=-0.2259]
Epoch 74/150 [train]:   0%|          | 0/26 [00:00<?, ?it/s, S=0.3489, loss=-0.1972]
Epoch 74/150 [train]:   0%|          | 0/26 [00:00<?, ?it/s, S=0.3641, loss=-0.2224]
Epoch 74/150 [train]:  23%|██▎       | 6/26 [00:00<00:00, 50.78it/s, S=0.3641, loss=-0.2224]
Epoch 74/150 [train]:  23%|██▎       | 6/26 [00:00<00:00, 50.78it/s, S=0.3512, loss=-0.2078]
Epoch 74/150 [train]:  23%|██▎       | 6/26 [00:00<00:00, 50.78it/s, S=0.3543, loss=-0.2203]
Epoch 74/150 [train]:  23%|██▎       | 6/26 [00:00<00:00, 50.78it/s, S=0.3476, loss=-0.2102]
Epoch 74/150 [train]:  23%|██▎       | 6/26 [00:00<00:00, 50.78it/s, S=0.3590, loss=-0.2177]
Epoch 74/150 [train]:  23%|██▎       | 6/26 [00:00<00:00, 50.78it/s, S=0.3543, loss=-0.2099]
Epoch 74/150 [train]:  23%|██▎       | 6/26 [00:00<00:00, 50.78it/s, S=0.3553, loss=-0.2229]
Epoch 74/150 [train]:  46%|████▌     | 12/26 [00:00<00:00, 50.64it/s, S=0.3553, loss=-0.2229]
Epoch 74/150 [train]:  46%|████▌     | 12/26 [00:00<00:00, 50.64it/s, S=0.3440, loss=-0.1830]
Epoch 74/150 [train]:  46%|████▌     | 12/26 [00:00<00:00, 50.64it/s, S=0.3549, loss=-0.2223]
Epoch 74/150 [train]:  46%|████▌     | 12/26 [00:00<00:00, 50.64it/s, S=0.3494, loss=-0.2075]
Epoch 74/150 [train]:  46%|████▌     | 12/26 [00:00<00:00, 50.64it/s, S=0.3516, loss=-0.2071]
Epoch 74/150 [train]:  46%|████▌     | 12/26 [00:00<00:00, 50.64it/s, S=0.3543, loss=-0.2167]
Epoch 74/150 [train]:  46%|████▌     | 12/26 [00:00<00:00, 50.64it/s, S=0.3530, loss=-0.2195]
Epoch 74/150 [train]:  69%|██████▉   | 18/26 [00:00<00:00, 50.65it/s, S=0.3530, loss=-0.2195]
Epoch 74/150 [train]:  69%|██████▉   | 18/26 [00:00<00:00, 50.65it/s, S=0.3604, loss=-0.2224]
Epoch 74/150 [train]:  69%|██████▉   | 18/26 [00:00<00:00, 50.65it/s, S=0.3530, loss=-0.2156]
Epoch 74/150 [train]:  69%|██████▉   | 18/26 [00:00<00:00, 50.65it/s, S=0.3490, loss=-0.1918]
Epoch 74/150 [train]:  69%|██████▉   | 18/26 [00:00<00:00, 50.65it/s, S=0.3486, loss=-0.2051]
Epoch 74/150 [train]:  69%|██████▉   | 18/26 [00:00<00:00, 50.65it/s, S=0.3542, loss=-0.2220]
Epoch 74/150 [train]:  69%|██████▉   | 18/26 [00:00<00:00, 50.65it/s, S=0.3554, loss=-0.2218]
Epoch 74/150 [train]:  92%|█████████▏| 24/26 [00:00<00:00, 50.59it/s, S=0.3554, loss=-0.2218]
Epoch 74/150 [train]:  92%|█████████▏| 24/26 [00:00<00:00, 50.59it/s, S=0.3429, loss=-0.2048]
Epoch 74/150 [train]:  92%|█████████▏| 24/26 [00:00<00:00, 50.59it/s, S=0.3580, loss=-0.2239]
                                                                                             
Epoch  74/150  train loss=-0.2139  val loss=-0.2149  S[mean]=0.3654  ζ=0.4287  mean_plane_ζ=0.3122  reg=0.1505  λscale=0.54  lr=4.97e-04

Epoch 75/150 [train]:   0%|          | 0/26 [00:00<?, ?it/s]
Epoch 75/150 [train]:   0%|          | 0/26 [00:00<?, ?it/s, S=0.3535, loss=-0.2226]
Epoch 75/150 [train]:   0%|          | 0/26 [00:00<?, ?it/s, S=0.3601, loss=-0.2248]
Epoch 75/150 [train]:   0%|          | 0/26 [00:00<?, ?it/s, S=0.3565, loss=-0.2225]
Epoch 75/150 [train]:   0%|          | 0/26 [00:00<?, ?it/s, S=0.3601, loss=-0.2248]
Epoch 75/150 [train]:   0%|          | 0/26 [00:00<?, ?it/s, S=0.3502, loss=-0.2170]
Epoch 75/150 [train]:   0%|          | 0/26 [00:00<?, ?it/s, S=0.3567, loss=-0.2177]
Epoch 75/150 [train]:  23%|██▎       | 6/26 [00:00<00:00, 50.71it/s, S=0.3567, loss=-0.2177]
Epoch 75/150 [train]:  23%|██▎       | 6/26 [00:00<00:00, 50.71it/s, S=0.3587, loss=-0.2253]
Epoch 75/150 [train]:  23%|██▎       | 6/26 [00:00<00:00, 50.71it/s, S=0.3585, loss=-0.2249]
Epoch 75/150 [train]:  23%|██▎       | 6/26 [00:00<00:00, 50.71it/s, S=0.3554, loss=-0.2212]
Epoch 75/150 [train]:  23%|██▎       | 6/26 [00:00<00:00, 50.71it/s, S=0.3533, loss=-0.2168]
Epoch 75/150 [train]:  23%|██▎       | 6/26 [00:00<00:00, 50.71it/s, S=0.3608, loss=-0.2262]
Epoch 75/150 [train]:  23%|██▎       | 6/26 [00:00<00:00, 50.71it/s, S=0.3569, loss=-0.2128]
Epoch 75/150 [train]:  46%|████▌     | 12/26 [00:00<00:00, 50.65it/s, S=0.3569, loss=-0.2128]
Epoch 75/150 [train]:  46%|████▌     | 12/26 [00:00<00:00, 50.65it/s, S=0.3590, loss=-0.2302]
Epoch 75/150 [train]:  46%|████▌     | 12/26 [00:00<00:00, 50.65it/s, S=0.3585, loss=-0.2264]
Epoch 75/150 [train]:  46%|████▌     | 12/26 [00:00<00:00, 50.65it/s, S=0.3544, loss=-0.2235]
Epoch 75/150 [train]:  46%|████▌     | 12/26 [00:00<00:00, 50.65it/s, S=0.3589, loss=-0.2182]
Epoch 75/150 [train]:  46%|████▌     | 12/26 [00:00<00:00, 50.65it/s, S=0.3583, loss=-0.2236]
Epoch 75/150 [train]:  46%|████▌     | 12/26 [00:00<00:00, 50.65it/s, S=0.3487, loss=-0.2125]
Epoch 75/150 [train]:  69%|██████▉   | 18/26 [00:00<00:00, 50.62it/s, S=0.3487, loss=-0.2125]
Epoch 75/150 [train]:  69%|██████▉   | 18/26 [00:00<00:00, 50.62it/s, S=0.3552, loss=-0.2187]
Epoch 75/150 [train]:  69%|██████▉   | 18/26 [00:00<00:00, 50.62it/s, S=0.3473, loss=-0.2103]
Epoch 75/150 [train]:  69%|██████▉   | 18/26 [00:00<00:00, 50.62it/s, S=0.3500, loss=-0.2121]
Epoch 75/150 [train]:  69%|██████▉   | 18/26 [00:00<00:00, 50.62it/s, S=0.3506, loss=-0.2197]
Epoch 75/150 [train]:  69%|██████▉   | 18/26 [00:00<00:00, 50.62it/s, S=0.3611, loss=-0.2294]
Epoch 75/150 [train]:  69%|██████▉   | 18/26 [00:00<00:00, 50.62it/s, S=0.3452, loss=-0.2021]
Epoch 75/150 [train]:  92%|█████████▏| 24/26 [00:00<00:00, 50.63it/s, S=0.3452, loss=-0.2021]
Epoch 75/150 [train]:  92%|█████████▏| 24/26 [00:00<00:00, 50.63it/s, S=0.3530, loss=-0.2195]
Epoch 75/150 [train]:  92%|█████████▏| 24/26 [00:00<00:00, 50.63it/s, S=0.3582, loss=-0.2254]
                                                                                             
Epoch  75/150  train loss=-0.2203  val loss=-0.2158  S[mean]=0.3660  ζ=0.4292  mean_plane_ζ=0.3125  reg=0.1501  λscale=0.55  lr=4.95e-04

Epoch 76/150 [train]:   0%|          | 0/26 [00:00<?, ?it/s]
Epoch 76/150 [train]:   0%|          | 0/26 [00:00<?, ?it/s, S=0.3526, loss=-0.2193]
Epoch 76/150 [train]:   0%|          | 0/26 [00:00<?, ?it/s, S=0.3554, loss=-0.2202]
Epoch 76/150 [train]:   0%|          | 0/26 [00:00<?, ?it/s, S=0.3566, loss=-0.2195]
Epoch 76/150 [train]:   0%|          | 0/26 [00:00<?, ?it/s, S=0.3568, loss=-0.2171]
Epoch 76/150 [train]:   0%|          | 0/26 [00:00<?, ?it/s, S=0.3545, loss=-0.2132]
Epoch 76/150 [train]:   0%|          | 0/26 [00:00<?, ?it/s, S=0.3511, loss=-0.2213]
Epoch 76/150 [train]:  23%|██▎       | 6/26 [00:00<00:00, 50.76it/s, S=0.3511, loss=-0.2213]
Epoch 76/150 [train]:  23%|██▎       | 6/26 [00:00<00:00, 50.76it/s, S=0.3561, loss=-0.2261]
Epoch 76/150 [train]:  23%|██▎       | 6/26 [00:00<00:00, 50.76it/s, S=0.3559, loss=-0.2233]
Epoch 76/150 [train]:  23%|██▎       | 6/26 [00:00<00:00, 50.76it/s, S=0.3516, loss=-0.2177]
Epoch 76/150 [train]:  23%|██▎       | 6/26 [00:00<00:00, 50.76it/s, S=0.3539, loss=-0.2177]
Epoch 76/150 [train]:  23%|██▎       | 6/26 [00:00<00:00, 50.76it/s, S=0.3591, loss=-0.2217]
Epoch 76/150 [train]:  23%|██▎       | 6/26 [00:00<00:00, 50.76it/s, S=0.3536, loss=-0.2220]
Epoch 76/150 [train]:  46%|████▌     | 12/26 [00:00<00:00, 50.64it/s, S=0.3536, loss=-0.2220]
Epoch 76/150 [train]:  46%|████▌     | 12/26 [00:00<00:00, 50.64it/s, S=0.3591, loss=-0.2220]
Epoch 76/150 [train]:  46%|████▌     | 12/26 [00:00<00:00, 50.64it/s, S=0.3575, loss=-0.2301]
Epoch 76/150 [train]:  46%|████▌     | 12/26 [00:00<00:00, 50.64it/s, S=0.3487, loss=-0.2139]
Epoch 76/150 [train]:  46%|████▌     | 12/26 [00:00<00:00, 50.64it/s, S=0.3531, loss=-0.2150]
Epoch 76/150 [train]:  46%|████▌     | 12/26 [00:00<00:00, 50.64it/s, S=0.3471, loss=-0.2050]
Epoch 76/150 [train]:  46%|████▌     | 12/26 [00:00<00:00, 50.64it/s, S=0.3584, loss=-0.2240]
Epoch 76/150 [train]:  69%|██████▉   | 18/26 [00:00<00:00, 50.65it/s, S=0.3584, loss=-0.2240]
Epoch 76/150 [train]:  69%|██████▉   | 18/26 [00:00<00:00, 50.65it/s, S=0.3483, loss=-0.2124]
Epoch 76/150 [train]:  69%|██████▉   | 18/26 [00:00<00:00, 50.65it/s, S=0.3583, loss=-0.2274]
Epoch 76/150 [train]:  69%|██████▉   | 18/26 [00:00<00:00, 50.65it/s, S=0.3591, loss=-0.2294]
Epoch 76/150 [train]:  69%|██████▉   | 18/26 [00:00<00:00, 50.65it/s, S=0.3574, loss=-0.2161]
Epoch 76/150 [train]:  69%|██████▉   | 18/26 [00:00<00:00, 50.65it/s, S=0.3526, loss=-0.2162]
Epoch 76/150 [train]:  69%|██████▉   | 18/26 [00:00<00:00, 50.65it/s, S=0.3556, loss=-0.2170]
Epoch 76/150 [train]:  92%|█████████▏| 24/26 [00:00<00:00, 50.59it/s, S=0.3556, loss=-0.2170]
Epoch 76/150 [train]:  92%|█████████▏| 24/26 [00:00<00:00, 50.59it/s, S=0.3555, loss=-0.2225]
Epoch 76/150 [train]:  92%|█████████▏| 24/26 [00:00<00:00, 50.59it/s, S=0.3505, loss=-0.1983]
                                                                                             
Epoch  76/150  train loss=-0.2188  val loss=-0.2182  S[mean]=0.3665  ζ=0.4312  mean_plane_ζ=0.3139  reg=0.1482  λscale=0.55  lr=4.93e-04

Epoch 77/150 [train]:   0%|          | 0/26 [00:00<?, ?it/s]
Epoch 77/150 [train]:   0%|          | 0/26 [00:00<?, ?it/s, S=0.3512, loss=-0.2052]
Epoch 77/150 [train]:   0%|          | 0/26 [00:00<?, ?it/s, S=0.3560, loss=-0.2159]
Epoch 77/150 [train]:   0%|          | 0/26 [00:00<?, ?it/s, S=0.3603, loss=-0.2225]
Epoch 77/150 [train]:   0%|          | 0/26 [00:00<?, ?it/s, S=0.3597, loss=-0.2271]
Epoch 77/150 [train]:   0%|          | 0/26 [00:00<?, ?it/s, S=0.3560, loss=-0.2203]
Epoch 77/150 [train]:   0%|          | 0/26 [00:00<?, ?it/s, S=0.3492, loss=-0.2142]
Epoch 77/150 [train]:  23%|██▎       | 6/26 [00:00<00:00, 50.69it/s, S=0.3492, loss=-0.2142]
Epoch 77/150 [train]:  23%|██▎       | 6/26 [00:00<00:00, 50.69it/s, S=0.3549, loss=-0.2139]
Epoch 77/150 [train]:  23%|██▎       | 6/26 [00:00<00:00, 50.69it/s, S=0.3515, loss=-0.2025]
Epoch 77/150 [train]:  23%|██▎       | 6/26 [00:00<00:00, 50.69it/s, S=0.3535, loss=-0.2136]
Epoch 77/150 [train]:  23%|██▎       | 6/26 [00:00<00:00, 50.69it/s, S=0.3511, loss=-0.2213]
Epoch 77/150 [train]:  23%|██▎       | 6/26 [00:00<00:00, 50.69it/s, S=0.3543, loss=-0.2125]
Epoch 77/150 [train]:  23%|██▎       | 6/26 [00:00<00:00, 50.69it/s, S=0.3578, loss=-0.2220]
Epoch 77/150 [train]:  46%|████▌     | 12/26 [00:00<00:00, 50.65it/s, S=0.3578, loss=-0.2220]
Epoch 77/150 [train]:  46%|████▌     | 12/26 [00:00<00:00, 50.65it/s, S=0.3521, loss=-0.2209]
Epoch 77/150 [train]:  46%|████▌     | 12/26 [00:00<00:00, 50.65it/s, S=0.3552, loss=-0.2223]
Epoch 77/150 [train]:  46%|████▌     | 12/26 [00:00<00:00, 50.65it/s, S=0.3610, loss=-0.2242]
Epoch 77/150 [train]:  46%|████▌     | 12/26 [00:00<00:00, 50.65it/s, S=0.3519, loss=-0.2212]
Epoch 77/150 [train]:  46%|████▌     | 12/26 [00:00<00:00, 50.65it/s, S=0.3469, loss=-0.2041]
Epoch 77/150 [train]:  46%|████▌     | 12/26 [00:00<00:00, 50.65it/s, S=0.3498, loss=-0.2058]
Epoch 77/150 [train]:  69%|██████▉   | 18/26 [00:00<00:00, 50.61it/s, S=0.3498, loss=-0.2058]
Epoch 77/150 [train]:  69%|██████▉   | 18/26 [00:00<00:00, 50.61it/s, S=0.3508, loss=-0.2168]
Epoch 77/150 [train]:  69%|██████▉   | 18/26 [00:00<00:00, 50.61it/s, S=0.3524, loss=-0.2229]
Epoch 77/150 [train]:  69%|██████▉   | 18/26 [00:00<00:00, 50.61it/s, S=0.3559, loss=-0.2217]
Epoch 77/150 [train]:  69%|██████▉   | 18/26 [00:00<00:00, 50.61it/s, S=0.3593, loss=-0.2299]
Epoch 77/150 [train]:  69%|██████▉   | 18/26 [00:00<00:00, 50.61it/s, S=0.3516, loss=-0.2166]
Epoch 77/150 [train]:  69%|██████▉   | 18/26 [00:00<00:00, 50.61it/s, S=0.3531, loss=-0.2162]
Epoch 77/150 [train]:  92%|█████████▏| 24/26 [00:00<00:00, 50.58it/s, S=0.3531, loss=-0.2162]
Epoch 77/150 [train]:  92%|█████████▏| 24/26 [00:00<00:00, 50.58it/s, S=0.3520, loss=-0.2167]
Epoch 77/150 [train]:  92%|█████████▏| 24/26 [00:00<00:00, 50.58it/s, S=0.3558, loss=-0.2225]
                                                                                             
Epoch  77/150  train loss=-0.2174  val loss=-0.2190  S[mean]=0.3664  ζ=0.4313  mean_plane_ζ=0.3144  reg=0.1474  λscale=0.56  lr=4.91e-04

Epoch 78/150 [train]:   0%|          | 0/26 [00:00<?, ?it/s]
Epoch 78/150 [train]:   0%|          | 0/26 [00:00<?, ?it/s, S=0.3584, loss=-0.2113]
Epoch 78/150 [train]:   0%|          | 0/26 [00:00<?, ?it/s, S=0.3590, loss=-0.2290]
Epoch 78/150 [train]:   0%|          | 0/26 [00:00<?, ?it/s, S=0.3544, loss=-0.2203]
Epoch 78/150 [train]:   0%|          | 0/26 [00:00<?, ?it/s, S=0.3533, loss=-0.2210]
Epoch 78/150 [train]:   0%|          | 0/26 [00:00<?, ?it/s, S=0.3588, loss=-0.2246]
Epoch 78/150 [train]:   0%|          | 0/26 [00:00<?, ?it/s, S=0.3593, loss=-0.2263]
Epoch 78/150 [train]:  23%|██▎       | 6/26 [00:00<00:00, 50.72it/s, S=0.3593, loss=-0.2263]
Epoch 78/150 [train]:  23%|██▎       | 6/26 [00:00<00:00, 50.72it/s, S=0.3592, loss=-0.2255]
Epoch 78/150 [train]:  23%|██▎       | 6/26 [00:00<00:00, 50.72it/s, S=0.3599, loss=-0.2310]
Epoch 78/150 [train]:  23%|██▎       | 6/26 [00:00<00:00, 50.72it/s, S=0.3551, loss=-0.2246]
Epoch 78/150 [train]:  23%|██▎       | 6/26 [00:00<00:00, 50.72it/s, S=0.3594, loss=-0.2263]
Epoch 78/150 [train]:  23%|██▎       | 6/26 [00:00<00:00, 50.72it/s, S=0.3538, loss=-0.2140]
Epoch 78/150 [train]:  23%|██▎       | 6/26 [00:00<00:00, 50.72it/s, S=0.3566, loss=-0.2245]
Epoch 78/150 [train]:  46%|████▌     | 12/26 [00:00<00:00, 50.56it/s, S=0.3566, loss=-0.2245]
Epoch 78/150 [train]:  46%|████▌     | 12/26 [00:00<00:00, 50.56it/s, S=0.3545, loss=-0.2218]
Epoch 78/150 [train]:  46%|████▌     | 12/26 [00:00<00:00, 50.56it/s, S=0.3554, loss=-0.2178]
Epoch 78/150 [train]:  46%|████▌     | 12/26 [00:00<00:00, 50.56it/s, S=0.3537, loss=-0.2265]
Epoch 78/150 [train]:  46%|████▌     | 12/26 [00:00<00:00, 50.56it/s, S=0.3526, loss=-0.2211]
Epoch 78/150 [train]:  46%|████▌     | 12/26 [00:00<00:00, 50.56it/s, S=0.3552, loss=-0.2270]
Epoch 78/150 [train]:  46%|████▌     | 12/26 [00:00<00:00, 50.56it/s, S=0.3579, loss=-0.2210]
Epoch 78/150 [train]:  69%|██████▉   | 18/26 [00:00<00:00, 50.57it/s, S=0.3579, loss=-0.2210]
Epoch 78/150 [train]:  69%|██████▉   | 18/26 [00:00<00:00, 50.57it/s, S=0.3556, loss=-0.2225]
Epoch 78/150 [train]:  69%|██████▉   | 18/26 [00:00<00:00, 50.57it/s, S=0.3512, loss=-0.2133]
Epoch 78/150 [train]:  69%|██████▉   | 18/26 [00:00<00:00, 50.57it/s, S=0.3553, loss=-0.2170]
Epoch 78/150 [train]:  69%|██████▉   | 18/26 [00:00<00:00, 50.57it/s, S=0.3539, loss=-0.2244]
Epoch 78/150 [train]:  69%|██████▉   | 18/26 [00:00<00:00, 50.57it/s, S=0.3555, loss=-0.2155]
Epoch 78/150 [train]:  69%|██████▉   | 18/26 [00:00<00:00, 50.57it/s, S=0.3573, loss=-0.2236]
Epoch 78/150 [train]:  92%|█████████▏| 24/26 [00:00<00:00, 50.56it/s, S=0.3573, loss=-0.2236]
Epoch 78/150 [train]:  92%|█████████▏| 24/26 [00:00<00:00, 50.56it/s, S=0.3553, loss=-0.2171]
Epoch 78/150 [train]:  92%|█████████▏| 24/26 [00:00<00:00, 50.56it/s, S=0.3546, loss=-0.2273]
                                                                                             
Epoch  78/150  train loss=-0.2221  val loss=-0.2202  S[mean]=0.3670  ζ=0.4320  mean_plane_ζ=0.3152  reg=0.1468  λscale=0.57  lr=4.88e-04

Epoch 79/150 [train]:   0%|          | 0/26 [00:00<?, ?it/s]
Epoch 79/150 [train]:   0%|          | 0/26 [00:00<?, ?it/s, S=0.3566, loss=-0.2260]
Epoch 79/150 [train]:   0%|          | 0/26 [00:00<?, ?it/s, S=0.3523, loss=-0.2114]
Epoch 79/150 [train]:   0%|          | 0/26 [00:00<?, ?it/s, S=0.3516, loss=-0.2092]
Epoch 79/150 [train]:   0%|          | 0/26 [00:00<?, ?it/s, S=0.3557, loss=-0.2258]
Epoch 79/150 [train]:   0%|          | 0/26 [00:00<?, ?it/s, S=0.3550, loss=-0.2198]
Epoch 79/150 [train]:   0%|          | 0/26 [00:00<?, ?it/s, S=0.3549, loss=-0.2193]
Epoch 79/150 [train]:  23%|██▎       | 6/26 [00:00<00:00, 50.66it/s, S=0.3549, loss=-0.2193]
Epoch 79/150 [train]:  23%|██▎       | 6/26 [00:00<00:00, 50.66it/s, S=0.3581, loss=-0.2278]
Epoch 79/150 [train]:  23%|██▎       | 6/26 [00:00<00:00, 50.66it/s, S=0.3561, loss=-0.2218]
Epoch 79/150 [train]:  23%|██▎       | 6/26 [00:00<00:00, 50.66it/s, S=0.3589, loss=-0.2255]
Epoch 79/150 [train]:  23%|██▎       | 6/26 [00:00<00:00, 50.66it/s, S=0.3554, loss=-0.2236]
Epoch 79/150 [train]:  23%|██▎       | 6/26 [00:00<00:00, 50.66it/s, S=0.3592, loss=-0.2178]
Epoch 79/150 [train]:  23%|██▎       | 6/26 [00:00<00:00, 50.66it/s, S=0.3536, loss=-0.2215]
Epoch 79/150 [train]:  46%|████▌     | 12/26 [00:00<00:00, 50.62it/s, S=0.3536, loss=-0.2215]
Epoch 79/150 [train]:  46%|████▌     | 12/26 [00:00<00:00, 50.62it/s, S=0.3533, loss=-0.2132]
Epoch 79/150 [train]:  46%|████▌     | 12/26 [00:00<00:00, 50.62it/s, S=0.3560, loss=-0.2240]
Epoch 79/150 [train]:  46%|████▌     | 12/26 [00:00<00:00, 50.62it/s, S=0.3575, loss=-0.2245]
Epoch 79/150 [train]:  46%|████▌     | 12/26 [00:00<00:00, 50.62it/s, S=0.3585, loss=-0.2239]
Epoch 79/150 [train]:  46%|████▌     | 12/26 [00:00<00:00, 50.62it/s, S=0.3499, loss=-0.2136]
Epoch 79/150 [train]:  46%|████▌     | 12/26 [00:00<00:00, 50.62it/s, S=0.3578, loss=-0.2141]
Epoch 79/150 [train]:  69%|██████▉   | 18/26 [00:00<00:00, 50.60it/s, S=0.3578, loss=-0.2141]
Epoch 79/150 [train]:  69%|██████▉   | 18/26 [00:00<00:00, 50.60it/s, S=0.3617, loss=-0.2350]
Epoch 79/150 [train]:  69%|██████▉   | 18/26 [00:00<00:00, 50.60it/s, S=0.3548, loss=-0.2271]
Epoch 79/150 [train]:  69%|██████▉   | 18/26 [00:00<00:00, 50.60it/s, S=0.3598, loss=-0.2263]
Epoch 79/150 [train]:  69%|██████▉   | 18/26 [00:00<00:00, 50.60it/s, S=0.3536, loss=-0.2174]
Epoch 79/150 [train]:  69%|██████▉   | 18/26 [00:00<00:00, 50.60it/s, S=0.3520, loss=-0.2211]
Epoch 79/150 [train]:  69%|██████▉   | 18/26 [00:00<00:00, 50.60it/s, S=0.3523, loss=-0.2206]
Epoch 79/150 [train]:  92%|█████████▏| 24/26 [00:00<00:00, 50.60it/s, S=0.3523, loss=-0.2206]
Epoch 79/150 [train]:  92%|█████████▏| 24/26 [00:00<00:00, 50.60it/s, S=0.3561, loss=-0.2208]
Epoch 79/150 [train]:  92%|█████████▏| 24/26 [00:00<00:00, 50.60it/s, S=0.3548, loss=-0.2296]
                                                                                             
Epoch  79/150  train loss=-0.2216  val loss=-0.2210  S[mean]=0.3676  ζ=0.4334  mean_plane_ζ=0.3165  reg=0.1466  λscale=0.57  lr=4.85e-04

Epoch 80/150 [train]:   0%|          | 0/26 [00:00<?, ?it/s]
Epoch 80/150 [train]:   0%|          | 0/26 [00:00<?, ?it/s, S=0.3573, loss=-0.2209]
Epoch 80/150 [train]:   0%|          | 0/26 [00:00<?, ?it/s, S=0.3582, loss=-0.2289]
Epoch 80/150 [train]:   0%|          | 0/26 [00:00<?, ?it/s, S=0.3509, loss=-0.2187]
Epoch 80/150 [train]:   0%|          | 0/26 [00:00<?, ?it/s, S=0.3539, loss=-0.2196]
Epoch 80/150 [train]:   0%|          | 0/26 [00:00<?, ?it/s, S=0.3602, loss=-0.2300]
Epoch 80/150 [train]:   0%|          | 0/26 [00:00<?, ?it/s, S=0.3643, loss=-0.2334]
Epoch 80/150 [train]:  23%|██▎       | 6/26 [00:00<00:00, 50.73it/s, S=0.3643, loss=-0.2334]
Epoch 80/150 [train]:  23%|██▎       | 6/26 [00:00<00:00, 50.73it/s, S=0.3631, loss=-0.2298]
Epoch 80/150 [train]:  23%|██▎       | 6/26 [00:00<00:00, 50.73it/s, S=0.3627, loss=-0.2303]
Epoch 80/150 [train]:  23%|██▎       | 6/26 [00:00<00:00, 50.73it/s, S=0.3607, loss=-0.2300]
Epoch 80/150 [train]:  23%|██▎       | 6/26 [00:00<00:00, 50.73it/s, S=0.3581, loss=-0.2279]
Epoch 80/150 [train]:  23%|██▎       | 6/26 [00:00<00:00, 50.73it/s, S=0.3614, loss=-0.2313]
Epoch 80/150 [train]:  23%|██▎       | 6/26 [00:00<00:00, 50.73it/s, S=0.3520, loss=-0.2174]
Epoch 80/150 [train]:  46%|████▌     | 12/26 [00:00<00:00, 50.68it/s, S=0.3520, loss=-0.2174]
Epoch 80/150 [train]:  46%|████▌     | 12/26 [00:00<00:00, 50.68it/s, S=0.3533, loss=-0.2207]
Epoch 80/150 [train]:  46%|████▌     | 12/26 [00:00<00:00, 50.68it/s, S=0.3528, loss=-0.2219]
Epoch 80/150 [train]:  46%|████▌     | 12/26 [00:00<00:00, 50.68it/s, S=0.3600, loss=-0.2252]
Epoch 80/150 [train]:  46%|████▌     | 12/26 [00:00<00:00, 50.68it/s, S=0.3623, loss=-0.2325]
Epoch 80/150 [train]:  46%|████▌     | 12/26 [00:00<00:00, 50.68it/s, S=0.3585, loss=-0.2241]
Epoch 80/150 [train]:  46%|████▌     | 12/26 [00:00<00:00, 50.68it/s, S=0.3563, loss=-0.2125]
Epoch 80/150 [train]:  69%|██████▉   | 18/26 [00:00<00:00, 50.66it/s, S=0.3563, loss=-0.2125]
Epoch 80/150 [train]:  69%|██████▉   | 18/26 [00:00<00:00, 50.66it/s, S=0.3575, loss=-0.2267]
Epoch 80/150 [train]:  69%|██████▉   | 18/26 [00:00<00:00, 50.66it/s, S=0.3558, loss=-0.2291]
Epoch 80/150 [train]:  69%|██████▉   | 18/26 [00:00<00:00, 50.66it/s, S=0.3503, loss=-0.2051]
Epoch 80/150 [train]:  69%|██████▉   | 18/26 [00:00<00:00, 50.66it/s, S=0.3580, loss=-0.2290]
Epoch 80/150 [train]:  69%|██████▉   | 18/26 [00:00<00:00, 50.66it/s, S=0.3485, loss=-0.2199]
Epoch 80/150 [train]:  69%|██████▉   | 18/26 [00:00<00:00, 50.66it/s, S=0.3528, loss=-0.2259]
Epoch 80/150 [train]:  92%|█████████▏| 24/26 [00:00<00:00, 50.65it/s, S=0.3528, loss=-0.2259]
Epoch 80/150 [train]:  92%|█████████▏| 24/26 [00:00<00:00, 50.65it/s, S=0.3562, loss=-0.2087]
Epoch 80/150 [train]:  92%|█████████▏| 24/26 [00:00<00:00, 50.65it/s, S=0.3573, loss=-0.2286]
                                                                                             
Epoch  80/150  train loss=-0.2242  val loss=-0.2228  S[mean]=0.3683  ζ=0.4341  mean_plane_ζ=0.3168  reg=0.1455  λscale=0.58  lr=4.81e-04

Epoch 81/150 [train]:   0%|          | 0/26 [00:00<?, ?it/s]
Epoch 81/150 [train]:   0%|          | 0/26 [00:00<?, ?it/s, S=0.3602, loss=-0.2296]
Epoch 81/150 [train]:   0%|          | 0/26 [00:00<?, ?it/s, S=0.3552, loss=-0.2225]
Epoch 81/150 [train]:   0%|          | 0/26 [00:00<?, ?it/s, S=0.3621, loss=-0.2336]
Epoch 81/150 [train]:   0%|          | 0/26 [00:00<?, ?it/s, S=0.3536, loss=-0.2170]
Epoch 81/150 [train]:   0%|          | 0/26 [00:00<?, ?it/s, S=0.3565, loss=-0.2265]
Epoch 81/150 [train]:   0%|          | 0/26 [00:00<?, ?it/s, S=0.3603, loss=-0.2247]
Epoch 81/150 [train]:  23%|██▎       | 6/26 [00:00<00:00, 50.72it/s, S=0.3603, loss=-0.2247]
Epoch 81/150 [train]:  23%|██▎       | 6/26 [00:00<00:00, 50.72it/s, S=0.3608, loss=-0.2299]
Epoch 81/150 [train]:  23%|██▎       | 6/26 [00:00<00:00, 50.72it/s, S=0.3631, loss=-0.2311]
Epoch 81/150 [train]:  23%|██▎       | 6/26 [00:00<00:00, 50.72it/s, S=0.3592, loss=-0.2312]
Epoch 81/150 [train]:  23%|██▎       | 6/26 [00:00<00:00, 50.72it/s, S=0.3556, loss=-0.2282]
Epoch 81/150 [train]:  23%|██▎       | 6/26 [00:00<00:00, 50.72it/s, S=0.3571, loss=-0.2277]
Epoch 81/150 [train]:  23%|██▎       | 6/26 [00:00<00:00, 50.72it/s, S=0.3544, loss=-0.2178]
Epoch 81/150 [train]:  46%|████▌     | 12/26 [00:00<00:00, 50.63it/s, S=0.3544, loss=-0.2178]
Epoch 81/150 [train]:  46%|████▌     | 12/26 [00:00<00:00, 50.63it/s, S=0.3596, loss=-0.2311]
Epoch 81/150 [train]:  46%|████▌     | 12/26 [00:00<00:00, 50.63it/s, S=0.3577, loss=-0.2267]
Epoch 81/150 [train]:  46%|████▌     | 12/26 [00:00<00:00, 50.63it/s, S=0.3606, loss=-0.2294]
Epoch 81/150 [train]:  46%|████▌     | 12/26 [00:00<00:00, 50.63it/s, S=0.3541, loss=-0.2208]
Epoch 81/150 [train]:  46%|████▌     | 12/26 [00:00<00:00, 50.63it/s, S=0.3614, loss=-0.2245]
Epoch 81/150 [train]:  46%|████▌     | 12/26 [00:00<00:00, 50.63it/s, S=0.3563, loss=-0.2196]
Epoch 81/150 [train]:  69%|██████▉   | 18/26 [00:00<00:00, 50.62it/s, S=0.3563, loss=-0.2196]
Epoch 81/150 [train]:  69%|██████▉   | 18/26 [00:00<00:00, 50.62it/s, S=0.3533, loss=-0.2138]
Epoch 81/150 [train]:  69%|██████▉   | 18/26 [00:00<00:00, 50.62it/s, S=0.3597, loss=-0.2291]
Epoch 81/150 [train]:  69%|██████▉   | 18/26 [00:00<00:00, 50.62it/s, S=0.3584, loss=-0.2247]
Epoch 81/150 [train]:  69%|██████▉   | 18/26 [00:00<00:00, 50.62it/s, S=0.3575, loss=-0.2212]
Epoch 81/150 [train]:  69%|██████▉   | 18/26 [00:00<00:00, 50.62it/s, S=0.3510, loss=-0.2253]
Epoch 81/150 [train]:  69%|██████▉   | 18/26 [00:00<00:00, 50.62it/s, S=0.3523, loss=-0.2100]
Epoch 81/150 [train]:  92%|█████████▏| 24/26 [00:00<00:00, 50.62it/s, S=0.3523, loss=-0.2100]
Epoch 81/150 [train]:  92%|█████████▏| 24/26 [00:00<00:00, 50.62it/s, S=0.3562, loss=-0.2272]
Epoch 81/150 [train]:  92%|█████████▏| 24/26 [00:00<00:00, 50.62it/s, S=0.3559, loss=-0.2255]
                                                                                             
Epoch  81/150  train loss=-0.2249  val loss=-0.2223  S[mean]=0.3685  ζ=0.4350  mean_plane_ζ=0.3175  reg=0.1462  λscale=0.58  lr=4.77e-04

Epoch 82/150 [train]:   0%|          | 0/26 [00:00<?, ?it/s]
Epoch 82/150 [train]:   0%|          | 0/26 [00:00<?, ?it/s, S=0.3559, loss=-0.2133]
Epoch 82/150 [train]:   0%|          | 0/26 [00:00<?, ?it/s, S=0.3657, loss=-0.2323]
Epoch 82/150 [train]:   0%|          | 0/26 [00:00<?, ?it/s, S=0.3633, loss=-0.2320]
Epoch 82/150 [train]:   0%|          | 0/26 [00:00<?, ?it/s, S=0.3578, loss=-0.2235]
Epoch 82/150 [train]:   0%|          | 0/26 [00:00<?, ?it/s, S=0.3554, loss=-0.2194]
Epoch 82/150 [train]:   0%|          | 0/26 [00:00<?, ?it/s, S=0.3533, loss=-0.2227]
Epoch 82/150 [train]:  23%|██▎       | 6/26 [00:00<00:00, 50.67it/s, S=0.3533, loss=-0.2227]
Epoch 82/150 [train]:  23%|██▎       | 6/26 [00:00<00:00, 50.67it/s, S=0.3550, loss=-0.2277]
Epoch 82/150 [train]:  23%|██▎       | 6/26 [00:00<00:00, 50.67it/s, S=0.3531, loss=-0.2166]
Epoch 82/150 [train]:  23%|██▎       | 6/26 [00:00<00:00, 50.67it/s, S=0.3613, loss=-0.2243]
Epoch 82/150 [train]:  23%|██▎       | 6/26 [00:00<00:00, 50.67it/s, S=0.3588, loss=-0.2167]
Epoch 82/150 [train]:  23%|██▎       | 6/26 [00:00<00:00, 50.67it/s, S=0.3555, loss=-0.2239]
Epoch 82/150 [train]:  23%|██▎       | 6/26 [00:00<00:00, 50.67it/s, S=0.3622, loss=-0.2305]
Epoch 82/150 [train]:  46%|████▌     | 12/26 [00:00<00:00, 50.67it/s, S=0.3622, loss=-0.2305]
Epoch 82/150 [train]:  46%|████▌     | 12/26 [00:00<00:00, 50.67it/s, S=0.3615, loss=-0.2272]
Epoch 82/150 [train]:  46%|████▌     | 12/26 [00:00<00:00, 50.67it/s, S=0.3590, loss=-0.2215]
Epoch 82/150 [train]:  46%|████▌     | 12/26 [00:00<00:00, 50.67it/s, S=0.3600, loss=-0.2279]
Epoch 82/150 [train]:  46%|████▌     | 12/26 [00:00<00:00, 50.67it/s, S=0.3507, loss=-0.2161]
Epoch 82/150 [train]:  46%|████▌     | 12/26 [00:00<00:00, 50.67it/s, S=0.3570, loss=-0.2216]
Epoch 82/150 [train]:  46%|████▌     | 12/26 [00:00<00:00, 50.67it/s, S=0.3528, loss=-0.2188]
Epoch 82/150 [train]:  69%|██████▉   | 18/26 [00:00<00:00, 50.66it/s, S=0.3528, loss=-0.2188]
Epoch 82/150 [train]:  69%|██████▉   | 18/26 [00:00<00:00, 50.66it/s, S=0.3514, loss=-0.2208]
Epoch 82/150 [train]:  69%|██████▉   | 18/26 [00:00<00:00, 50.66it/s, S=0.3538, loss=-0.2160]
Epoch 82/150 [train]:  69%|██████▉   | 18/26 [00:00<00:00, 50.66it/s, S=0.3582, loss=-0.2251]
Epoch 82/150 [train]:  69%|██████▉   | 18/26 [00:00<00:00, 50.66it/s, S=0.3604, loss=-0.2348]
Epoch 82/150 [train]:  69%|██████▉   | 18/26 [00:00<00:00, 50.66it/s, S=0.3599, loss=-0.2283]
Epoch 82/150 [train]:  69%|██████▉   | 18/26 [00:00<00:00, 50.66it/s, S=0.3602, loss=-0.2290]
Epoch 82/150 [train]:  92%|█████████▏| 24/26 [00:00<00:00, 50.64it/s, S=0.3602, loss=-0.2290]
Epoch 82/150 [train]:  92%|█████████▏| 24/26 [00:00<00:00, 50.64it/s, S=0.3516, loss=-0.2168]
Epoch 82/150 [train]:  92%|█████████▏| 24/26 [00:00<00:00, 50.64it/s, S=0.3553, loss=-0.2258]
                                                                                             
Epoch  82/150  train loss=-0.2236  val loss=-0.2223  S[mean]=0.3684  ζ=0.4347  mean_plane_ζ=0.3176  reg=0.1462  λscale=0.59  lr=4.73e-04

Epoch 83/150 [train]:   0%|          | 0/26 [00:00<?, ?it/s]
Epoch 83/150 [train]:   0%|          | 0/26 [00:00<?, ?it/s, S=0.3600, loss=-0.2304]
Epoch 83/150 [train]:   0%|          | 0/26 [00:00<?, ?it/s, S=0.3652, loss=-0.2381]
Epoch 83/150 [train]:   0%|          | 0/26 [00:00<?, ?it/s, S=0.3559, loss=-0.2232]
Epoch 83/150 [train]:   0%|          | 0/26 [00:00<?, ?it/s, S=0.3585, loss=-0.2287]
Epoch 83/150 [train]:   0%|          | 0/26 [00:00<?, ?it/s, S=0.3643, loss=-0.2378]
Epoch 83/150 [train]:   0%|          | 0/26 [00:00<?, ?it/s, S=0.3608, loss=-0.2256]
Epoch 83/150 [train]:  23%|██▎       | 6/26 [00:00<00:00, 50.67it/s, S=0.3608, loss=-0.2256]
Epoch 83/150 [train]:  23%|██▎       | 6/26 [00:00<00:00, 50.67it/s, S=0.3584, loss=-0.2309]
Epoch 83/150 [train]:  23%|██▎       | 6/26 [00:00<00:00, 50.67it/s, S=0.3603, loss=-0.2330]
Epoch 83/150 [train]:  23%|██▎       | 6/26 [00:00<00:00, 50.67it/s, S=0.3616, loss=-0.2309]
Epoch 83/150 [train]:  23%|██▎       | 6/26 [00:00<00:00, 50.67it/s, S=0.3561, loss=-0.2281]
Epoch 83/150 [train]:  23%|██▎       | 6/26 [00:00<00:00, 50.67it/s, S=0.3576, loss=-0.2206]
Epoch 83/150 [train]:  23%|██▎       | 6/26 [00:00<00:00, 50.67it/s, S=0.3523, loss=-0.2118]
Epoch 83/150 [train]:  46%|████▌     | 12/26 [00:00<00:00, 50.63it/s, S=0.3523, loss=-0.2118]
Epoch 83/150 [train]:  46%|████▌     | 12/26 [00:00<00:00, 50.63it/s, S=0.3614, loss=-0.2354]
Epoch 83/150 [train]:  46%|████▌     | 12/26 [00:00<00:00, 50.63it/s, S=0.3581, loss=-0.2288]
Epoch 83/150 [train]:  46%|████▌     | 12/26 [00:00<00:00, 50.63it/s, S=0.3603, loss=-0.2298]
Epoch 83/150 [train]:  46%|████▌     | 12/26 [00:00<00:00, 50.63it/s, S=0.3573, loss=-0.2220]
Epoch 83/150 [train]:  46%|████▌     | 12/26 [00:00<00:00, 50.63it/s, S=0.3552, loss=-0.2145]
Epoch 83/150 [train]:  46%|████▌     | 12/26 [00:00<00:00, 50.63it/s, S=0.3649, loss=-0.2311]
Epoch 83/150 [train]:  69%|██████▉   | 18/26 [00:00<00:00, 50.61it/s, S=0.3649, loss=-0.2311]
Epoch 83/150 [train]:  69%|██████▉   | 18/26 [00:00<00:00, 50.61it/s, S=0.3541, loss=-0.2165]
Epoch 83/150 [train]:  69%|██████▉   | 18/26 [00:00<00:00, 50.61it/s, S=0.3558, loss=-0.2268]
Epoch 83/150 [train]:  69%|██████▉   | 18/26 [00:00<00:00, 50.61it/s, S=0.3607, loss=-0.2306]
Epoch 83/150 [train]:  69%|██████▉   | 18/26 [00:00<00:00, 50.61it/s, S=0.3591, loss=-0.2241]
Epoch 83/150 [train]:  69%|██████▉   | 18/26 [00:00<00:00, 50.61it/s, S=0.3522, loss=-0.2219]
Epoch 83/150 [train]:  69%|██████▉   | 18/26 [00:00<00:00, 50.61it/s, S=0.3580, loss=-0.2186]
Epoch 83/150 [train]:  92%|█████████▏| 24/26 [00:00<00:00, 50.61it/s, S=0.3580, loss=-0.2186]
Epoch 83/150 [train]:  92%|█████████▏| 24/26 [00:00<00:00, 50.61it/s, S=0.3537, loss=-0.2210]
Epoch 83/150 [train]:  92%|█████████▏| 24/26 [00:00<00:00, 50.61it/s, S=0.3635, loss=-0.2339]
                                                                                             
Epoch  83/150  train loss=-0.2267  val loss=-0.2230  S[mean]=0.3685  ζ=0.4354  mean_plane_ζ=0.3184  reg=0.1455  λscale=0.60  lr=4.68e-04

Epoch 84/150 [train]:   0%|          | 0/26 [00:00<?, ?it/s]
Epoch 84/150 [train]:   0%|          | 0/26 [00:00<?, ?it/s, S=0.3616, loss=-0.2324]
Epoch 84/150 [train]:   0%|          | 0/26 [00:00<?, ?it/s, S=0.3596, loss=-0.2222]
Epoch 84/150 [train]:   0%|          | 0/26 [00:00<?, ?it/s, S=0.3577, loss=-0.2230]
Epoch 84/150 [train]:   0%|          | 0/26 [00:00<?, ?it/s, S=0.3569, loss=-0.2194]
Epoch 84/150 [train]:   0%|          | 0/26 [00:00<?, ?it/s, S=0.3549, loss=-0.2178]
Epoch 84/150 [train]:   0%|          | 0/26 [00:00<?, ?it/s, S=0.3650, loss=-0.2287]
Epoch 84/150 [train]:  23%|██▎       | 6/26 [00:00<00:00, 50.70it/s, S=0.3650, loss=-0.2287]
Epoch 84/150 [train]:  23%|██▎       | 6/26 [00:00<00:00, 50.70it/s, S=0.3556, loss=-0.2228]
Epoch 84/150 [train]:  23%|██▎       | 6/26 [00:00<00:00, 50.70it/s, S=0.3549, loss=-0.2045]
Epoch 84/150 [train]:  23%|██▎       | 6/26 [00:00<00:00, 50.70it/s, S=0.3630, loss=-0.2356]
Epoch 84/150 [train]:  23%|██▎       | 6/26 [00:00<00:00, 50.70it/s, S=0.3650, loss=-0.2374]
Epoch 84/150 [train]:  23%|██▎       | 6/26 [00:00<00:00, 50.70it/s, S=0.3601, loss=-0.2327]
Epoch 84/150 [train]:  23%|██▎       | 6/26 [00:00<00:00, 50.70it/s, S=0.3580, loss=-0.2234]
Epoch 84/150 [train]:  46%|████▌     | 12/26 [00:00<00:00, 50.66it/s, S=0.3580, loss=-0.2234]
Epoch 84/150 [train]:  46%|████▌     | 12/26 [00:00<00:00, 50.66it/s, S=0.3528, loss=-0.2097]
Epoch 84/150 [train]:  46%|████▌     | 12/26 [00:00<00:00, 50.66it/s, S=0.3623, loss=-0.2336]
Epoch 84/150 [train]:  46%|████▌     | 12/26 [00:00<00:00, 50.66it/s, S=0.3525, loss=-0.2152]
Epoch 84/150 [train]:  46%|████▌     | 12/26 [00:00<00:00, 50.66it/s, S=0.3528, loss=-0.2186]
Epoch 84/150 [train]:  46%|████▌     | 12/26 [00:00<00:00, 50.66it/s, S=0.3584, loss=-0.2298]
Epoch 84/150 [train]:  46%|████▌     | 12/26 [00:00<00:00, 50.66it/s, S=0.3595, loss=-0.2337]
Epoch 84/150 [train]:  69%|██████▉   | 18/26 [00:00<00:00, 50.58it/s, S=0.3595, loss=-0.2337]
Epoch 84/150 [train]:  69%|██████▉   | 18/26 [00:00<00:00, 50.58it/s, S=0.3565, loss=-0.2322]
Epoch 84/150 [train]:  69%|██████▉   | 18/26 [00:00<00:00, 50.58it/s, S=0.3529, loss=-0.2089]
Epoch 84/150 [train]:  69%|██████▉   | 18/26 [00:00<00:00, 50.58it/s, S=0.3519, loss=-0.2160]
Epoch 84/150 [train]:  69%|██████▉   | 18/26 [00:00<00:00, 50.58it/s, S=0.3601, loss=-0.2321]
Epoch 84/150 [train]:  69%|██████▉   | 18/26 [00:00<00:00, 50.58it/s, S=0.3647, loss=-0.2395]
Epoch 84/150 [train]:  69%|██████▉   | 18/26 [00:00<00:00, 50.58it/s, S=0.3560, loss=-0.2257]
Epoch 84/150 [train]:  92%|█████████▏| 24/26 [00:00<00:00, 50.60it/s, S=0.3560, loss=-0.2257]
Epoch 84/150 [train]:  92%|█████████▏| 24/26 [00:00<00:00, 50.60it/s, S=0.3546, loss=-0.2162]
Epoch 84/150 [train]:  92%|█████████▏| 24/26 [00:00<00:00, 50.60it/s, S=0.3589, loss=-0.2202]
                                                                                             
Epoch  84/150  train loss=-0.2243  val loss=-0.2248  S[mean]=0.3698  ζ=0.4365  mean_plane_ζ=0.3188  reg=0.1450  λscale=0.60  lr=4.63e-04

Epoch 85/150 [train]:   0%|          | 0/26 [00:00<?, ?it/s]
Epoch 85/150 [train]:   0%|          | 0/26 [00:00<?, ?it/s, S=0.3637, loss=-0.2342]
Epoch 85/150 [train]:   0%|          | 0/26 [00:00<?, ?it/s, S=0.3586, loss=-0.2307]
Epoch 85/150 [train]:   0%|          | 0/26 [00:00<?, ?it/s, S=0.3564, loss=-0.2233]
Epoch 85/150 [train]:   0%|          | 0/26 [00:00<?, ?it/s, S=0.3640, loss=-0.2386]
Epoch 85/150 [train]:   0%|          | 0/26 [00:00<?, ?it/s, S=0.3603, loss=-0.2267]
Epoch 85/150 [train]:   0%|          | 0/26 [00:00<?, ?it/s, S=0.3586, loss=-0.2298]
Epoch 85/150 [train]:  23%|██▎       | 6/26 [00:00<00:00, 50.65it/s, S=0.3586, loss=-0.2298]
Epoch 85/150 [train]:  23%|██▎       | 6/26 [00:00<00:00, 50.65it/s, S=0.3675, loss=-0.2368]
Epoch 85/150 [train]:  23%|██▎       | 6/26 [00:00<00:00, 50.65it/s, S=0.3557, loss=-0.2204]
Epoch 85/150 [train]:  23%|██▎       | 6/26 [00:00<00:00, 50.65it/s, S=0.3570, loss=-0.2262]
Epoch 85/150 [train]:  23%|██▎       | 6/26 [00:00<00:00, 50.65it/s, S=0.3592, loss=-0.2230]
Epoch 85/150 [train]:  23%|██▎       | 6/26 [00:00<00:00, 50.65it/s, S=0.3615, loss=-0.2256]
Epoch 85/150 [train]:  23%|██▎       | 6/26 [00:00<00:00, 50.65it/s, S=0.3668, loss=-0.2388]
Epoch 85/150 [train]:  46%|████▌     | 12/26 [00:00<00:00, 50.62it/s, S=0.3668, loss=-0.2388]
Epoch 85/150 [train]:  46%|████▌     | 12/26 [00:00<00:00, 50.62it/s, S=0.3613, loss=-0.2274]
Epoch 85/150 [train]:  46%|████▌     | 12/26 [00:00<00:00, 50.62it/s, S=0.3642, loss=-0.2407]
Epoch 85/150 [train]:  46%|████▌     | 12/26 [00:00<00:00, 50.62it/s, S=0.3602, loss=-0.2325]
Epoch 85/150 [train]:  46%|████▌     | 12/26 [00:00<00:00, 50.62it/s, S=0.3610, loss=-0.2339]
Epoch 85/150 [train]:  46%|████▌     | 12/26 [00:00<00:00, 50.62it/s, S=0.3581, loss=-0.2273]
Epoch 85/150 [train]:  46%|████▌     | 12/26 [00:00<00:00, 50.62it/s, S=0.3529, loss=-0.2140]
Epoch 85/150 [train]:  69%|██████▉   | 18/26 [00:00<00:00, 50.55it/s, S=0.3529, loss=-0.2140]
Epoch 85/150 [train]:  69%|██████▉   | 18/26 [00:00<00:00, 50.55it/s, S=0.3482, loss=-0.2151]
Epoch 85/150 [train]:  69%|██████▉   | 18/26 [00:00<00:00, 50.55it/s, S=0.3558, loss=-0.2221]
Epoch 85/150 [train]:  69%|██████▉   | 18/26 [00:00<00:00, 50.55it/s, S=0.3603, loss=-0.2294]
Epoch 85/150 [train]:  69%|██████▉   | 18/26 [00:00<00:00, 50.55it/s, S=0.3614, loss=-0.2369]
Epoch 85/150 [train]:  69%|██████▉   | 18/26 [00:00<00:00, 50.55it/s, S=0.3568, loss=-0.2325]
Epoch 85/150 [train]:  69%|██████▉   | 18/26 [00:00<00:00, 50.55it/s, S=0.3622, loss=-0.2243]
Epoch 85/150 [train]:  92%|█████████▏| 24/26 [00:00<00:00, 50.57it/s, S=0.3622, loss=-0.2243]
Epoch 85/150 [train]:  92%|█████████▏| 24/26 [00:00<00:00, 50.57it/s, S=0.3613, loss=-0.2352]
Epoch 85/150 [train]:  92%|█████████▏| 24/26 [00:00<00:00, 50.57it/s, S=0.3557, loss=-0.2152]
                                                                                             
Epoch  85/150  train loss=-0.2285  val loss=-0.2263  S[mean]=0.3703  ζ=0.4368  mean_plane_ζ=0.3192  reg=0.1440  λscale=0.61  lr=4.58e-04

Epoch 86/150 [train]:   0%|          | 0/26 [00:00<?, ?it/s]
Epoch 86/150 [train]:   0%|          | 0/26 [00:00<?, ?it/s, S=0.3609, loss=-0.2312]
Epoch 86/150 [train]:   0%|          | 0/26 [00:00<?, ?it/s, S=0.3588, loss=-0.2217]
Epoch 86/150 [train]:   0%|          | 0/26 [00:00<?, ?it/s, S=0.3590, loss=-0.2232]
Epoch 86/150 [train]:   0%|          | 0/26 [00:00<?, ?it/s, S=0.3684, loss=-0.2377]
Epoch 86/150 [train]:   0%|          | 0/26 [00:00<?, ?it/s, S=0.3637, loss=-0.2336]
Epoch 86/150 [train]:   0%|          | 0/26 [00:00<?, ?it/s, S=0.3571, loss=-0.2254]
Epoch 86/150 [train]:  23%|██▎       | 6/26 [00:00<00:00, 50.59it/s, S=0.3571, loss=-0.2254]
Epoch 86/150 [train]:  23%|██▎       | 6/26 [00:00<00:00, 50.59it/s, S=0.3576, loss=-0.2284]
Epoch 86/150 [train]:  23%|██▎       | 6/26 [00:00<00:00, 50.59it/s, S=0.3582, loss=-0.2320]
Epoch 86/150 [train]:  23%|██▎       | 6/26 [00:00<00:00, 50.59it/s, S=0.3629, loss=-0.2343]
Epoch 86/150 [train]:  23%|██▎       | 6/26 [00:00<00:00, 50.59it/s, S=0.3646, loss=-0.2380]
Epoch 86/150 [train]:  23%|██▎       | 6/26 [00:00<00:00, 50.59it/s, S=0.3545, loss=-0.2221]
Epoch 86/150 [train]:  23%|██▎       | 6/26 [00:00<00:00, 50.59it/s, S=0.3617, loss=-0.2351]
Epoch 86/150 [train]:  46%|████▌     | 12/26 [00:00<00:00, 50.58it/s, S=0.3617, loss=-0.2351]
Epoch 86/150 [train]:  46%|████▌     | 12/26 [00:00<00:00, 50.58it/s, S=0.3576, loss=-0.2278]
Epoch 86/150 [train]:  46%|████▌     | 12/26 [00:00<00:00, 50.58it/s, S=0.3621, loss=-0.2320]
Epoch 86/150 [train]:  46%|████▌     | 12/26 [00:00<00:00, 50.58it/s, S=0.3623, loss=-0.2270]
Epoch 86/150 [train]:  46%|████▌     | 12/26 [00:00<00:00, 50.58it/s, S=0.3636, loss=-0.2344]
Epoch 86/150 [train]:  46%|████▌     | 12/26 [00:00<00:00, 50.58it/s, S=0.3551, loss=-0.2237]
Epoch 86/150 [train]:  46%|████▌     | 12/26 [00:00<00:00, 50.58it/s, S=0.3604, loss=-0.2268]
Epoch 86/150 [train]:  69%|██████▉   | 18/26 [00:00<00:00, 50.59it/s, S=0.3604, loss=-0.2268]
Epoch 86/150 [train]:  69%|██████▉   | 18/26 [00:00<00:00, 50.59it/s, S=0.3656, loss=-0.2399]
Epoch 86/150 [train]:  69%|██████▉   | 18/26 [00:00<00:00, 50.59it/s, S=0.3599, loss=-0.2270]
Epoch 86/150 [train]:  69%|██████▉   | 18/26 [00:00<00:00, 50.59it/s, S=0.3590, loss=-0.2345]
Epoch 86/150 [train]:  69%|██████▉   | 18/26 [00:00<00:00, 50.59it/s, S=0.3589, loss=-0.2259]
Epoch 86/150 [train]:  69%|██████▉   | 18/26 [00:00<00:00, 50.59it/s, S=0.3580, loss=-0.2234]
Epoch 86/150 [train]:  69%|██████▉   | 18/26 [00:00<00:00, 50.59it/s, S=0.3580, loss=-0.2222]
Epoch 86/150 [train]:  92%|█████████▏| 24/26 [00:00<00:00, 50.56it/s, S=0.3580, loss=-0.2222]
Epoch 86/150 [train]:  92%|█████████▏| 24/26 [00:00<00:00, 50.56it/s, S=0.3545, loss=-0.2240]
Epoch 86/150 [train]:  92%|█████████▏| 24/26 [00:00<00:00, 50.56it/s, S=0.3607, loss=-0.2280]
                                                                                             
Epoch  86/150  train loss=-0.2292  val loss=-0.2258  S[mean]=0.3699  ζ=0.4376  mean_plane_ζ=0.3200  reg=0.1441  λscale=0.61  lr=4.52e-04

Epoch 87/150 [train]:   0%|          | 0/26 [00:00<?, ?it/s]
Epoch 87/150 [train]:   0%|          | 0/26 [00:00<?, ?it/s, S=0.3610, loss=-0.2265]
Epoch 87/150 [train]:   0%|          | 0/26 [00:00<?, ?it/s, S=0.3642, loss=-0.2381]
Epoch 87/150 [train]:   0%|          | 0/26 [00:00<?, ?it/s, S=0.3641, loss=-0.2395]
Epoch 87/150 [train]:   0%|          | 0/26 [00:00<?, ?it/s, S=0.3619, loss=-0.2159]
Epoch 87/150 [train]:   0%|          | 0/26 [00:00<?, ?it/s, S=0.3604, loss=-0.2338]
Epoch 87/150 [train]:   0%|          | 0/26 [00:00<?, ?it/s, S=0.3634, loss=-0.2324]
Epoch 87/150 [train]:  23%|██▎       | 6/26 [00:00<00:00, 50.70it/s, S=0.3634, loss=-0.2324]
Epoch 87/150 [train]:  23%|██▎       | 6/26 [00:00<00:00, 50.70it/s, S=0.3603, loss=-0.2334]
Epoch 87/150 [train]:  23%|██▎       | 6/26 [00:00<00:00, 50.70it/s, S=0.3553, loss=-0.2236]
Epoch 87/150 [train]:  23%|██▎       | 6/26 [00:00<00:00, 50.70it/s, S=0.3643, loss=-0.2304]
Epoch 87/150 [train]:  23%|██▎       | 6/26 [00:00<00:00, 50.70it/s, S=0.3647, loss=-0.2376]
Epoch 87/150 [train]:  23%|██▎       | 6/26 [00:00<00:00, 50.70it/s, S=0.3612, loss=-0.2306]
Epoch 87/150 [train]:  23%|██▎       | 6/26 [00:00<00:00, 50.70it/s, S=0.3623, loss=-0.2316]
Epoch 87/150 [train]:  46%|████▌     | 12/26 [00:00<00:00, 50.66it/s, S=0.3623, loss=-0.2316]
Epoch 87/150 [train]:  46%|████▌     | 12/26 [00:00<00:00, 50.66it/s, S=0.3623, loss=-0.2323]
Epoch 87/150 [train]:  46%|████▌     | 12/26 [00:00<00:00, 50.66it/s, S=0.3593, loss=-0.2324]
Epoch 87/150 [train]:  46%|████▌     | 12/26 [00:00<00:00, 50.66it/s, S=0.3585, loss=-0.2312]
Epoch 87/150 [train]:  46%|████▌     | 12/26 [00:00<00:00, 50.66it/s, S=0.3583, loss=-0.2315]
Epoch 87/150 [train]:  46%|████▌     | 12/26 [00:00<00:00, 50.66it/s, S=0.3662, loss=-0.2379]
Epoch 87/150 [train]:  46%|████▌     | 12/26 [00:00<00:00, 50.66it/s, S=0.3627, loss=-0.2383]
Epoch 87/150 [train]:  69%|██████▉   | 18/26 [00:00<00:00, 50.60it/s, S=0.3627, loss=-0.2383]
Epoch 87/150 [train]:  69%|██████▉   | 18/26 [00:00<00:00, 50.60it/s, S=0.3595, loss=-0.2278]
Epoch 87/150 [train]:  69%|██████▉   | 18/26 [00:00<00:00, 50.60it/s, S=0.3611, loss=-0.2372]
Epoch 87/150 [train]:  69%|██████▉   | 18/26 [00:00<00:00, 50.60it/s, S=0.3612, loss=-0.2330]
Epoch 87/150 [train]:  69%|██████▉   | 18/26 [00:00<00:00, 50.60it/s, S=0.3552, loss=-0.2244]
Epoch 87/150 [train]:  69%|██████▉   | 18/26 [00:00<00:00, 50.60it/s, S=0.3551, loss=-0.2220]
Epoch 87/150 [train]:  69%|██████▉   | 18/26 [00:00<00:00, 50.60it/s, S=0.3612, loss=-0.2355]
Epoch 87/150 [train]:  92%|█████████▏| 24/26 [00:00<00:00, 50.54it/s, S=0.3612, loss=-0.2355]
Epoch 87/150 [train]:  92%|█████████▏| 24/26 [00:00<00:00, 50.54it/s, S=0.3587, loss=-0.2248]
Epoch 87/150 [train]:  92%|█████████▏| 24/26 [00:00<00:00, 50.54it/s, S=0.3603, loss=-0.2269]
                                                                                             
Epoch  87/150  train loss=-0.2311  val loss=-0.2273  S[mean]=0.3709  ζ=0.4381  mean_plane_ζ=0.3203  reg=0.1435  λscale=0.62  lr=4.46e-04

Epoch 88/150 [train]:   0%|          | 0/26 [00:00<?, ?it/s]
Epoch 88/150 [train]:   0%|          | 0/26 [00:00<?, ?it/s, S=0.3546, loss=-0.2154]
Epoch 88/150 [train]:   0%|          | 0/26 [00:00<?, ?it/s, S=0.3634, loss=-0.2349]
Epoch 88/150 [train]:   0%|          | 0/26 [00:00<?, ?it/s, S=0.3659, loss=-0.2403]
Epoch 88/150 [train]:   0%|          | 0/26 [00:00<?, ?it/s, S=0.3655, loss=-0.2312]
Epoch 88/150 [train]:   0%|          | 0/26 [00:00<?, ?it/s, S=0.3657, loss=-0.2395]
Epoch 88/150 [train]:   0%|          | 0/26 [00:00<?, ?it/s, S=0.3670, loss=-0.2376]
Epoch 88/150 [train]:  23%|██▎       | 6/26 [00:00<00:00, 50.70it/s, S=0.3670, loss=-0.2376]
Epoch 88/150 [train]:  23%|██▎       | 6/26 [00:00<00:00, 50.70it/s, S=0.3598, loss=-0.2333]
Epoch 88/150 [train]:  23%|██▎       | 6/26 [00:00<00:00, 50.70it/s, S=0.3614, loss=-0.2334]
Epoch 88/150 [train]:  23%|██▎       | 6/26 [00:00<00:00, 50.70it/s, S=0.3655, loss=-0.2334]
Epoch 88/150 [train]:  23%|██▎       | 6/26 [00:00<00:00, 50.70it/s, S=0.3600, loss=-0.2268]
Epoch 88/150 [train]:  23%|██▎       | 6/26 [00:00<00:00, 50.70it/s, S=0.3581, loss=-0.2289]
Epoch 88/150 [train]:  23%|██▎       | 6/26 [00:00<00:00, 50.70it/s, S=0.3609, loss=-0.2249]
Epoch 88/150 [train]:  46%|████▌     | 12/26 [00:00<00:00, 50.55it/s, S=0.3609, loss=-0.2249]
Epoch 88/150 [train]:  46%|████▌     | 12/26 [00:00<00:00, 50.55it/s, S=0.3599, loss=-0.2360]
Epoch 88/150 [train]:  46%|████▌     | 12/26 [00:00<00:00, 50.55it/s, S=0.3539, loss=-0.2123]
Epoch 88/150 [train]:  46%|████▌     | 12/26 [00:00<00:00, 50.55it/s, S=0.3658, loss=-0.2355]
Epoch 88/150 [train]:  46%|████▌     | 12/26 [00:00<00:00, 50.55it/s, S=0.3592, loss=-0.2307]
Epoch 88/150 [train]:  46%|████▌     | 12/26 [00:00<00:00, 50.55it/s, S=0.3639, loss=-0.2387]
Epoch 88/150 [train]:  46%|████▌     | 12/26 [00:00<00:00, 50.55it/s, S=0.3608, loss=-0.2365]
Epoch 88/150 [train]:  69%|██████▉   | 18/26 [00:00<00:00, 50.58it/s, S=0.3608, loss=-0.2365]
Epoch 88/150 [train]:  69%|██████▉   | 18/26 [00:00<00:00, 50.58it/s, S=0.3641, loss=-0.2375]
Epoch 88/150 [train]:  69%|██████▉   | 18/26 [00:00<00:00, 50.58it/s, S=0.3630, loss=-0.2306]
Epoch 88/150 [train]:  69%|██████▉   | 18/26 [00:00<00:00, 50.58it/s, S=0.3583, loss=-0.2281]
Epoch 88/150 [train]:  69%|██████▉   | 18/26 [00:00<00:00, 50.58it/s, S=0.3645, loss=-0.2356]
Epoch 88/150 [train]:  69%|██████▉   | 18/26 [00:00<00:00, 50.58it/s, S=0.3613, loss=-0.2270]
Epoch 88/150 [train]:  69%|██████▉   | 18/26 [00:00<00:00, 50.58it/s, S=0.3576, loss=-0.2280]
Epoch 88/150 [train]:  92%|█████████▏| 24/26 [00:00<00:00, 50.59it/s, S=0.3576, loss=-0.2280]
Epoch 88/150 [train]:  92%|█████████▏| 24/26 [00:00<00:00, 50.59it/s, S=0.3582, loss=-0.2292]
Epoch 88/150 [train]:  92%|█████████▏| 24/26 [00:00<00:00, 50.59it/s, S=0.3523, loss=-0.2172]
                                                                                             
Epoch  88/150  train loss=-0.2309  val loss=-0.2265  S[mean]=0.3708  ζ=0.4393  mean_plane_ζ=0.3216  reg=0.1443  λscale=0.63  lr=4.40e-04

Epoch 89/150 [train]:   0%|          | 0/26 [00:00<?, ?it/s]
Epoch 89/150 [train]:   0%|          | 0/26 [00:00<?, ?it/s, S=0.3602, loss=-0.2266]
Epoch 89/150 [train]:   0%|          | 0/26 [00:00<?, ?it/s, S=0.3621, loss=-0.2275]
Epoch 89/150 [train]:   0%|          | 0/26 [00:00<?, ?it/s, S=0.3595, loss=-0.2311]
Epoch 89/150 [train]:   0%|          | 0/26 [00:00<?, ?it/s, S=0.3640, loss=-0.2309]
Epoch 89/150 [train]:   0%|          | 0/26 [00:00<?, ?it/s, S=0.3641, loss=-0.2356]
Epoch 89/150 [train]:   0%|          | 0/26 [00:00<?, ?it/s, S=0.3619, loss=-0.2263]
Epoch 89/150 [train]:  23%|██▎       | 6/26 [00:00<00:00, 50.76it/s, S=0.3619, loss=-0.2263]
Epoch 89/150 [train]:  23%|██▎       | 6/26 [00:00<00:00, 50.76it/s, S=0.3546, loss=-0.2174]
Epoch 89/150 [train]:  23%|██▎       | 6/26 [00:00<00:00, 50.76it/s, S=0.3642, loss=-0.2307]
Epoch 89/150 [train]:  23%|██▎       | 6/26 [00:00<00:00, 50.76it/s, S=0.3583, loss=-0.2236]
Epoch 89/150 [train]:  23%|██▎       | 6/26 [00:00<00:00, 50.76it/s, S=0.3591, loss=-0.2235]
Epoch 89/150 [train]:  23%|██▎       | 6/26 [00:00<00:00, 50.76it/s, S=0.3510, loss=-0.2133]
Epoch 89/150 [train]:  23%|██▎       | 6/26 [00:00<00:00, 50.76it/s, S=0.3573, loss=-0.2304]
Epoch 89/150 [train]:  46%|████▌     | 12/26 [00:00<00:00, 50.63it/s, S=0.3573, loss=-0.2304]
Epoch 89/150 [train]:  46%|████▌     | 12/26 [00:00<00:00, 50.63it/s, S=0.3649, loss=-0.2369]
Epoch 89/150 [train]:  46%|████▌     | 12/26 [00:00<00:00, 50.63it/s, S=0.3563, loss=-0.2215]
Epoch 89/150 [train]:  46%|████▌     | 12/26 [00:00<00:00, 50.63it/s, S=0.3594, loss=-0.2004]
Epoch 89/150 [train]:  46%|████▌     | 12/26 [00:00<00:00, 50.63it/s, S=0.3627, loss=-0.2404]
Epoch 89/150 [train]:  46%|████▌     | 12/26 [00:00<00:00, 50.63it/s, S=0.3609, loss=-0.2324]
Epoch 89/150 [train]:  46%|████▌     | 12/26 [00:00<00:00, 50.63it/s, S=0.3618, loss=-0.2262]
Epoch 89/150 [train]:  69%|██████▉   | 18/26 [00:00<00:00, 50.60it/s, S=0.3618, loss=-0.2262]
Epoch 89/150 [train]:  69%|██████▉   | 18/26 [00:00<00:00, 50.60it/s, S=0.3590, loss=-0.2284]
Epoch 89/150 [train]:  69%|██████▉   | 18/26 [00:00<00:00, 50.60it/s, S=0.3567, loss=-0.2245]
Epoch 89/150 [train]:  69%|██████▉   | 18/26 [00:00<00:00, 50.60it/s, S=0.3619, loss=-0.2280]
Epoch 89/150 [train]:  69%|██████▉   | 18/26 [00:00<00:00, 50.60it/s, S=0.3604, loss=-0.2334]
Epoch 89/150 [train]:  69%|██████▉   | 18/26 [00:00<00:00, 50.60it/s, S=0.3603, loss=-0.2317]
Epoch 89/150 [train]:  69%|██████▉   | 18/26 [00:00<00:00, 50.60it/s, S=0.3651, loss=-0.2398]
Epoch 89/150 [train]:  92%|█████████▏| 24/26 [00:00<00:00, 50.58it/s, S=0.3651, loss=-0.2398]
Epoch 89/150 [train]:  92%|█████████▏| 24/26 [00:00<00:00, 50.58it/s, S=0.3650, loss=-0.2369]
Epoch 89/150 [train]:  92%|█████████▏| 24/26 [00:00<00:00, 50.58it/s, S=0.3614, loss=-0.2343]
                                                                                             
Epoch  89/150  train loss=-0.2281  val loss=-0.2274  S[mean]=0.3712  ζ=0.4398  mean_plane_ζ=0.3221  reg=0.1438  λscale=0.63  lr=4.34e-04

Epoch 90/150 [train]:   0%|          | 0/26 [00:00<?, ?it/s]
Epoch 90/150 [train]:   0%|          | 0/26 [00:00<?, ?it/s, S=0.3582, loss=-0.2298]
Epoch 90/150 [train]:   0%|          | 0/26 [00:00<?, ?it/s, S=0.3622, loss=-0.2354]
Epoch 90/150 [train]:   0%|          | 0/26 [00:00<?, ?it/s, S=0.3678, loss=-0.2426]
Epoch 90/150 [train]:   0%|          | 0/26 [00:00<?, ?it/s, S=0.3610, loss=-0.2340]
Epoch 90/150 [train]:   0%|          | 0/26 [00:00<?, ?it/s, S=0.3586, loss=-0.2235]
Epoch 90/150 [train]:   0%|          | 0/26 [00:00<?, ?it/s, S=0.3475, loss=-0.2077]
Epoch 90/150 [train]:  23%|██▎       | 6/26 [00:00<00:00, 50.67it/s, S=0.3475, loss=-0.2077]
Epoch 90/150 [train]:  23%|██▎       | 6/26 [00:00<00:00, 50.67it/s, S=0.3644, loss=-0.2318]
Epoch 90/150 [train]:  23%|██▎       | 6/26 [00:00<00:00, 50.67it/s, S=0.3555, loss=-0.2157]
Epoch 90/150 [train]:  23%|██▎       | 6/26 [00:00<00:00, 50.67it/s, S=0.3678, loss=-0.2400]
Epoch 90/150 [train]:  23%|██▎       | 6/26 [00:00<00:00, 50.67it/s, S=0.3635, loss=-0.2272]
Epoch 90/150 [train]:  23%|██▎       | 6/26 [00:00<00:00, 50.67it/s, S=0.3589, loss=-0.2206]
Epoch 90/150 [train]:  23%|██▎       | 6/26 [00:00<00:00, 50.67it/s, S=0.3619, loss=-0.2379]
Epoch 90/150 [train]:  46%|████▌     | 12/26 [00:00<00:00, 50.65it/s, S=0.3619, loss=-0.2379]
Epoch 90/150 [train]:  46%|████▌     | 12/26 [00:00<00:00, 50.65it/s, S=0.3652, loss=-0.2426]
Epoch 90/150 [train]:  46%|████▌     | 12/26 [00:00<00:00, 50.65it/s, S=0.3611, loss=-0.2311]
Epoch 90/150 [train]:  46%|████▌     | 12/26 [00:00<00:00, 50.65it/s, S=0.3567, loss=-0.2284]
Epoch 90/150 [train]:  46%|████▌     | 12/26 [00:00<00:00, 50.65it/s, S=0.3629, loss=-0.2373]
Epoch 90/150 [train]:  46%|████▌     | 12/26 [00:00<00:00, 50.65it/s, S=0.3643, loss=-0.2356]
Epoch 90/150 [train]:  46%|████▌     | 12/26 [00:00<00:00, 50.65it/s, S=0.3582, loss=-0.2256]
Epoch 90/150 [train]:  69%|██████▉   | 18/26 [00:00<00:00, 50.56it/s, S=0.3582, loss=-0.2256]
Epoch 90/150 [train]:  69%|██████▉   | 18/26 [00:00<00:00, 50.56it/s, S=0.3675, loss=-0.2395]
Epoch 90/150 [train]:  69%|██████▉   | 18/26 [00:00<00:00, 50.56it/s, S=0.3613, loss=-0.2245]
Epoch 90/150 [train]:  69%|██████▉   | 18/26 [00:00<00:00, 50.56it/s, S=0.3620, loss=-0.2376]
Epoch 90/150 [train]:  69%|██████▉   | 18/26 [00:00<00:00, 50.56it/s, S=0.3621, loss=-0.2285]
Epoch 90/150 [train]:  69%|██████▉   | 18/26 [00:00<00:00, 50.56it/s, S=0.3636, loss=-0.2259]
Epoch 90/150 [train]:  69%|██████▉   | 18/26 [00:00<00:00, 50.56it/s, S=0.3553, loss=-0.2242]
Epoch 90/150 [train]:  92%|█████████▏| 24/26 [00:00<00:00, 50.59it/s, S=0.3553, loss=-0.2242]
Epoch 90/150 [train]:  92%|█████████▏| 24/26 [00:00<00:00, 50.59it/s, S=0.3605, loss=-0.2294]
Epoch 90/150 [train]:  92%|█████████▏| 24/26 [00:00<00:00, 50.59it/s, S=0.3537, loss=-0.2070]
                                                                                             
Epoch  90/150  train loss=-0.2294  val loss=-0.2275  S[mean]=0.3706  ζ=0.4406  mean_plane_ζ=0.3226  reg=0.1431  λscale=0.64  lr=4.27e-04

Epoch 91/150 [train]:   0%|          | 0/26 [00:00<?, ?it/s]
Epoch 91/150 [train]:   0%|          | 0/26 [00:00<?, ?it/s, S=0.3641, loss=-0.2303]
Epoch 91/150 [train]:   0%|          | 0/26 [00:00<?, ?it/s, S=0.3608, loss=-0.2308]
Epoch 91/150 [train]:   0%|          | 0/26 [00:00<?, ?it/s, S=0.3629, loss=-0.2303]
Epoch 91/150 [train]:   0%|          | 0/26 [00:00<?, ?it/s, S=0.3641, loss=-0.2376]
Epoch 91/150 [train]:   0%|          | 0/26 [00:00<?, ?it/s, S=0.3600, loss=-0.2309]
Epoch 91/150 [train]:   0%|          | 0/26 [00:00<?, ?it/s, S=0.3635, loss=-0.2404]
Epoch 91/150 [train]:  23%|██▎       | 6/26 [00:00<00:00, 50.59it/s, S=0.3635, loss=-0.2404]
Epoch 91/150 [train]:  23%|██▎       | 6/26 [00:00<00:00, 50.59it/s, S=0.3583, loss=-0.2228]
Epoch 91/150 [train]:  23%|██▎       | 6/26 [00:00<00:00, 50.59it/s, S=0.3660, loss=-0.2387]
Epoch 91/150 [train]:  23%|██▎       | 6/26 [00:00<00:00, 50.59it/s, S=0.3587, loss=-0.2177]
Epoch 91/150 [train]:  23%|██▎       | 6/26 [00:00<00:00, 50.59it/s, S=0.3613, loss=-0.2314]
Epoch 91/150 [train]:  23%|██▎       | 6/26 [00:00<00:00, 50.59it/s, S=0.3607, loss=-0.2361]
Epoch 91/150 [train]:  23%|██▎       | 6/26 [00:00<00:00, 50.59it/s, S=0.3615, loss=-0.2309]
Epoch 91/150 [train]:  46%|████▌     | 12/26 [00:00<00:00, 50.50it/s, S=0.3615, loss=-0.2309]
Epoch 91/150 [train]:  46%|████▌     | 12/26 [00:00<00:00, 50.50it/s, S=0.3558, loss=-0.2198]
Epoch 91/150 [train]:  46%|████▌     | 12/26 [00:00<00:00, 50.50it/s, S=0.3610, loss=-0.2350]
Epoch 91/150 [train]:  46%|████▌     | 12/26 [00:00<00:00, 50.50it/s, S=0.3628, loss=-0.2315]
Epoch 91/150 [train]:  46%|████▌     | 12/26 [00:00<00:00, 50.50it/s, S=0.3618, loss=-0.2273]
Epoch 91/150 [train]:  46%|████▌     | 12/26 [00:00<00:00, 50.50it/s, S=0.3537, loss=-0.2162]
Epoch 91/150 [train]:  46%|████▌     | 12/26 [00:00<00:00, 50.50it/s, S=0.3629, loss=-0.2330]
Epoch 91/150 [train]:  69%|██████▉   | 18/26 [00:00<00:00, 50.52it/s, S=0.3629, loss=-0.2330]
Epoch 91/150 [train]:  69%|██████▉   | 18/26 [00:00<00:00, 50.52it/s, S=0.3603, loss=-0.2294]
Epoch 91/150 [train]:  69%|██████▉   | 18/26 [00:00<00:00, 50.52it/s, S=0.3575, loss=-0.2192]
Epoch 91/150 [train]:  69%|██████▉   | 18/26 [00:00<00:00, 50.52it/s, S=0.3668, loss=-0.2417]
Epoch 91/150 [train]:  69%|██████▉   | 18/26 [00:00<00:00, 50.52it/s, S=0.3625, loss=-0.2340]
Epoch 91/150 [train]:  69%|██████▉   | 18/26 [00:00<00:00, 50.52it/s, S=0.3612, loss=-0.2375]
Epoch 91/150 [train]:  69%|██████▉   | 18/26 [00:00<00:00, 50.52it/s, S=0.3633, loss=-0.2240]
Epoch 91/150 [train]:  92%|█████████▏| 24/26 [00:00<00:00, 50.56it/s, S=0.3633, loss=-0.2240]
Epoch 91/150 [train]:  92%|█████████▏| 24/26 [00:00<00:00, 50.56it/s, S=0.3561, loss=-0.2282]
Epoch 91/150 [train]:  92%|█████████▏| 24/26 [00:00<00:00, 50.56it/s, S=0.3654, loss=-0.2357]
                                                                                             
Epoch  91/150  train loss=-0.2304  val loss=-0.2266  S[mean]=0.3706  ζ=0.4405  mean_plane_ζ=0.3228  reg=0.1440  λscale=0.64  lr=4.20e-04

Epoch 92/150 [train]:   0%|          | 0/26 [00:00<?, ?it/s]
Epoch 92/150 [train]:   0%|          | 0/26 [00:00<?, ?it/s, S=0.3675, loss=-0.2374]
Epoch 92/150 [train]:   0%|          | 0/26 [00:00<?, ?it/s, S=0.3447, loss=-0.2037]
Epoch 92/150 [train]:   0%|          | 0/26 [00:00<?, ?it/s, S=0.3688, loss=-0.2396]
Epoch 92/150 [train]:   0%|          | 0/26 [00:00<?, ?it/s, S=0.3616, loss=-0.2343]
Epoch 92/150 [train]:   0%|          | 0/26 [00:00<?, ?it/s, S=0.3663, loss=-0.2392]
Epoch 92/150 [train]:   0%|          | 0/26 [00:00<?, ?it/s, S=0.3543, loss=-0.2219]
Epoch 92/150 [train]:  23%|██▎       | 6/26 [00:00<00:00, 50.51it/s, S=0.3543, loss=-0.2219]
Epoch 92/150 [train]:  23%|██▎       | 6/26 [00:00<00:00, 50.51it/s, S=0.3573, loss=-0.2256]
Epoch 92/150 [train]:  23%|██▎       | 6/26 [00:00<00:00, 50.51it/s, S=0.3597, loss=-0.2323]
Epoch 92/150 [train]:  23%|██▎       | 6/26 [00:00<00:00, 50.51it/s, S=0.3664, loss=-0.2362]
Epoch 92/150 [train]:  23%|██▎       | 6/26 [00:00<00:00, 50.51it/s, S=0.3600, loss=-0.2295]
Epoch 92/150 [train]:  23%|██▎       | 6/26 [00:00<00:00, 50.51it/s, S=0.3625, loss=-0.2340]
Epoch 92/150 [train]:  23%|██▎       | 6/26 [00:00<00:00, 50.51it/s, S=0.3541, loss=-0.2225]
Epoch 92/150 [train]:  46%|████▌     | 12/26 [00:00<00:00, 50.41it/s, S=0.3541, loss=-0.2225]
Epoch 92/150 [train]:  46%|████▌     | 12/26 [00:00<00:00, 50.41it/s, S=0.3653, loss=-0.2392]
Epoch 92/150 [train]:  46%|████▌     | 12/26 [00:00<00:00, 50.41it/s, S=0.3642, loss=-0.2327]
Epoch 92/150 [train]:  46%|████▌     | 12/26 [00:00<00:00, 50.41it/s, S=0.3620, loss=-0.2223]
Epoch 92/150 [train]:  46%|████▌     | 12/26 [00:00<00:00, 50.41it/s, S=0.3582, loss=-0.2262]
Epoch 92/150 [train]:  46%|████▌     | 12/26 [00:00<00:00, 50.41it/s, S=0.3630, loss=-0.2348]
Epoch 92/150 [train]:  46%|████▌     | 12/26 [00:00<00:00, 50.41it/s, S=0.3569, loss=-0.2180]
Epoch 92/150 [train]:  69%|██████▉   | 18/26 [00:00<00:00, 50.41it/s, S=0.3569, loss=-0.2180]
Epoch 92/150 [train]:  69%|██████▉   | 18/26 [00:00<00:00, 50.41it/s, S=0.3613, loss=-0.2360]
Epoch 92/150 [train]:  69%|██████▉   | 18/26 [00:00<00:00, 50.41it/s, S=0.3572, loss=-0.2333]
Epoch 92/150 [train]:  69%|██████▉   | 18/26 [00:00<00:00, 50.41it/s, S=0.3668, loss=-0.2343]
Epoch 92/150 [train]:  69%|██████▉   | 18/26 [00:00<00:00, 50.41it/s, S=0.3590, loss=-0.2374]
Epoch 92/150 [train]:  69%|██████▉   | 18/26 [00:00<00:00, 50.41it/s, S=0.3634, loss=-0.2268]
Epoch 92/150 [train]:  69%|██████▉   | 18/26 [00:00<00:00, 50.41it/s, S=0.3608, loss=-0.2360]
Epoch 92/150 [train]:  92%|█████████▏| 24/26 [00:00<00:00, 50.46it/s, S=0.3608, loss=-0.2360]
Epoch 92/150 [train]:  92%|█████████▏| 24/26 [00:00<00:00, 50.46it/s, S=0.3603, loss=-0.2244]
Epoch 92/150 [train]:  92%|█████████▏| 24/26 [00:00<00:00, 50.46it/s, S=0.3673, loss=-0.2423]
                                                                                             
Epoch  92/150  train loss=-0.2308  val loss=-0.2279  S[mean]=0.3714  ζ=0.4418  mean_plane_ζ=0.3236  reg=0.1434  λscale=0.65  lr=4.12e-04

Epoch 93/150 [train]:   0%|          | 0/26 [00:00<?, ?it/s]
Epoch 93/150 [train]:   0%|          | 0/26 [00:00<?, ?it/s, S=0.3605, loss=-0.2265]
Epoch 93/150 [train]:   0%|          | 0/26 [00:00<?, ?it/s, S=0.3614, loss=-0.2313]
Epoch 93/150 [train]:   0%|          | 0/26 [00:00<?, ?it/s, S=0.3620, loss=-0.2336]
Epoch 93/150 [train]:   0%|          | 0/26 [00:00<?, ?it/s, S=0.3693, loss=-0.2425]
Epoch 93/150 [train]:   0%|          | 0/26 [00:00<?, ?it/s, S=0.3629, loss=-0.2346]
Epoch 93/150 [train]:   0%|          | 0/26 [00:00<?, ?it/s, S=0.3636, loss=-0.2334]
Epoch 93/150 [train]:  23%|██▎       | 6/26 [00:00<00:00, 50.63it/s, S=0.3636, loss=-0.2334]
Epoch 93/150 [train]:  23%|██▎       | 6/26 [00:00<00:00, 50.63it/s, S=0.3593, loss=-0.2267]
Epoch 93/150 [train]:  23%|██▎       | 6/26 [00:00<00:00, 50.63it/s, S=0.3633, loss=-0.2345]
Epoch 93/150 [train]:  23%|██▎       | 6/26 [00:00<00:00, 50.63it/s, S=0.3607, loss=-0.2339]
Epoch 93/150 [train]:  23%|██▎       | 6/26 [00:00<00:00, 50.63it/s, S=0.3606, loss=-0.2296]
Epoch 93/150 [train]:  23%|██▎       | 6/26 [00:00<00:00, 50.63it/s, S=0.3626, loss=-0.2271]
Epoch 93/150 [train]:  23%|██▎       | 6/26 [00:00<00:00, 50.63it/s, S=0.3598, loss=-0.2352]
Epoch 93/150 [train]:  46%|████▌     | 12/26 [00:00<00:00, 50.57it/s, S=0.3598, loss=-0.2352]
Epoch 93/150 [train]:  46%|████▌     | 12/26 [00:00<00:00, 50.57it/s, S=0.3582, loss=-0.2320]
Epoch 93/150 [train]:  46%|████▌     | 12/26 [00:00<00:00, 50.57it/s, S=0.3604, loss=-0.2307]
Epoch 93/150 [train]:  46%|████▌     | 12/26 [00:00<00:00, 50.57it/s, S=0.3620, loss=-0.2343]
Epoch 93/150 [train]:  46%|████▌     | 12/26 [00:00<00:00, 50.57it/s, S=0.3600, loss=-0.2296]
Epoch 93/150 [train]:  46%|████▌     | 12/26 [00:00<00:00, 50.57it/s, S=0.3623, loss=-0.2244]
Epoch 93/150 [train]:  46%|████▌     | 12/26 [00:00<00:00, 50.57it/s, S=0.3630, loss=-0.2411]
Epoch 93/150 [train]:  69%|██████▉   | 18/26 [00:00<00:00, 50.53it/s, S=0.3630, loss=-0.2411]
Epoch 93/150 [train]:  69%|██████▉   | 18/26 [00:00<00:00, 50.53it/s, S=0.3624, loss=-0.2234]
Epoch 93/150 [train]:  69%|██████▉   | 18/26 [00:00<00:00, 50.53it/s, S=0.3537, loss=-0.2100]
Epoch 93/150 [train]:  69%|██████▉   | 18/26 [00:00<00:00, 50.53it/s, S=0.3591, loss=-0.2333]
Epoch 93/150 [train]:  69%|██████▉   | 18/26 [00:00<00:00, 50.53it/s, S=0.3658, loss=-0.2263]
Epoch 93/150 [train]:  69%|██████▉   | 18/26 [00:00<00:00, 50.53it/s, S=0.3603, loss=-0.2332]
Epoch 93/150 [train]:  69%|██████▉   | 18/26 [00:00<00:00, 50.53it/s, S=0.3640, loss=-0.2303]
Epoch 93/150 [train]:  92%|█████████▏| 24/26 [00:00<00:00, 50.46it/s, S=0.3640, loss=-0.2303]
Epoch 93/150 [train]:  92%|█████████▏| 24/26 [00:00<00:00, 50.46it/s, S=0.3598, loss=-0.2141]
Epoch 93/150 [train]:  92%|█████████▏| 24/26 [00:00<00:00, 50.46it/s, S=0.3685, loss=-0.2468]
                                                                                             
Epoch  93/150  train loss=-0.2307  val loss=-0.2268  S[mean]=0.3711  ζ=0.4397  mean_plane_ζ=0.3224  reg=0.1443  λscale=0.66  lr=4.05e-04

Epoch 94/150 [train]:   0%|          | 0/26 [00:00<?, ?it/s]
Epoch 94/150 [train]:   0%|          | 0/26 [00:00<?, ?it/s, S=0.3564, loss=-0.2286]
Epoch 94/150 [train]:   0%|          | 0/26 [00:00<?, ?it/s, S=0.3648, loss=-0.2356]
Epoch 94/150 [train]:   0%|          | 0/26 [00:00<?, ?it/s, S=0.3528, loss=-0.2074]
Epoch 94/150 [train]:   0%|          | 0/26 [00:00<?, ?it/s, S=0.3605, loss=-0.2317]
Epoch 94/150 [train]:   0%|          | 0/26 [00:00<?, ?it/s, S=0.3637, loss=-0.2386]
Epoch 94/150 [train]:   0%|          | 0/26 [00:00<?, ?it/s, S=0.3608, loss=-0.2352]
Epoch 94/150 [train]:  23%|██▎       | 6/26 [00:00<00:00, 50.59it/s, S=0.3608, loss=-0.2352]
Epoch 94/150 [train]:  23%|██▎       | 6/26 [00:00<00:00, 50.59it/s, S=0.3618, loss=-0.2372]
Epoch 94/150 [train]:  23%|██▎       | 6/26 [00:00<00:00, 50.59it/s, S=0.3613, loss=-0.2160]
Epoch 94/150 [train]:  23%|██▎       | 6/26 [00:00<00:00, 50.59it/s, S=0.3649, loss=-0.2428]
Epoch 94/150 [train]:  23%|██▎       | 6/26 [00:00<00:00, 50.59it/s, S=0.3567, loss=-0.2178]
Epoch 94/150 [train]:  23%|██▎       | 6/26 [00:00<00:00, 50.59it/s, S=0.3608, loss=-0.2282]
Epoch 94/150 [train]:  23%|██▎       | 6/26 [00:00<00:00, 50.59it/s, S=0.3623, loss=-0.2299]
Epoch 94/150 [train]:  46%|████▌     | 12/26 [00:00<00:00, 50.54it/s, S=0.3623, loss=-0.2299]
Epoch 94/150 [train]:  46%|████▌     | 12/26 [00:00<00:00, 50.54it/s, S=0.3705, loss=-0.2390]
Epoch 94/150 [train]:  46%|████▌     | 12/26 [00:00<00:00, 50.54it/s, S=0.3588, loss=-0.2197]
Epoch 94/150 [train]:  46%|████▌     | 12/26 [00:00<00:00, 50.54it/s, S=0.3609, loss=-0.2293]
Epoch 94/150 [train]:  46%|████▌     | 12/26 [00:00<00:00, 50.54it/s, S=0.3561, loss=-0.2186]
Epoch 94/150 [train]:  46%|████▌     | 12/26 [00:00<00:00, 50.54it/s, S=0.3642, loss=-0.2320]
Epoch 94/150 [train]:  46%|████▌     | 12/26 [00:00<00:00, 50.54it/s, S=0.3643, loss=-0.2358]
Epoch 94/150 [train]:  69%|██████▉   | 18/26 [00:00<00:00, 50.54it/s, S=0.3643, loss=-0.2358]
Epoch 94/150 [train]:  69%|██████▉   | 18/26 [00:00<00:00, 50.54it/s, S=0.3559, loss=-0.2277]
Epoch 94/150 [train]:  69%|██████▉   | 18/26 [00:00<00:00, 50.54it/s, S=0.3650, loss=-0.2389]
Epoch 94/150 [train]:  69%|██████▉   | 18/26 [00:00<00:00, 50.54it/s, S=0.3581, loss=-0.2261]
Epoch 94/150 [train]:  69%|██████▉   | 18/26 [00:00<00:00, 50.54it/s, S=0.3633, loss=-0.2336]
Epoch 94/150 [train]:  69%|██████▉   | 18/26 [00:00<00:00, 50.54it/s, S=0.3637, loss=-0.2278]
Epoch 94/150 [train]:  69%|██████▉   | 18/26 [00:00<00:00, 50.54it/s, S=0.3593, loss=-0.2281]
Epoch 94/150 [train]:  92%|█████████▏| 24/26 [00:00<00:00, 50.56it/s, S=0.3593, loss=-0.2281]
Epoch 94/150 [train]:  92%|█████████▏| 24/26 [00:00<00:00, 50.56it/s, S=0.3581, loss=-0.2286]
Epoch 94/150 [train]:  92%|█████████▏| 24/26 [00:00<00:00, 50.56it/s, S=0.3604, loss=-0.2333]
                                                                                             
Epoch  94/150  train loss=-0.2295  val loss=-0.2281  S[mean]=0.3708  ζ=0.4412  mean_plane_ζ=0.3233  reg=0.1427  λscale=0.66  lr=3.97e-04

Epoch 95/150 [train]:   0%|          | 0/26 [00:00<?, ?it/s]
Epoch 95/150 [train]:   0%|          | 0/26 [00:00<?, ?it/s, S=0.3607, loss=-0.2263]
Epoch 95/150 [train]:   0%|          | 0/26 [00:00<?, ?it/s, S=0.3697, loss=-0.2454]
Epoch 95/150 [train]:   0%|          | 0/26 [00:00<?, ?it/s, S=0.3682, loss=-0.2464]
Epoch 95/150 [train]:   0%|          | 0/26 [00:00<?, ?it/s, S=0.3649, loss=-0.2317]
Epoch 95/150 [train]:   0%|          | 0/26 [00:00<?, ?it/s, S=0.3558, loss=-0.2261]
Epoch 95/150 [train]:   0%|          | 0/26 [00:00<?, ?it/s, S=0.3678, loss=-0.2437]
Epoch 95/150 [train]:  23%|██▎       | 6/26 [00:00<00:00, 50.61it/s, S=0.3678, loss=-0.2437]
Epoch 95/150 [train]:  23%|██▎       | 6/26 [00:00<00:00, 50.61it/s, S=0.3621, loss=-0.2332]
Epoch 95/150 [train]:  23%|██▎       | 6/26 [00:00<00:00, 50.61it/s, S=0.3631, loss=-0.2356]
Epoch 95/150 [train]:  23%|██▎       | 6/26 [00:00<00:00, 50.61it/s, S=0.3613, loss=-0.2363]
Epoch 95/150 [train]:  23%|██▎       | 6/26 [00:00<00:00, 50.61it/s, S=0.3600, loss=-0.2282]
Epoch 95/150 [train]:  23%|██▎       | 6/26 [00:00<00:00, 50.61it/s, S=0.3642, loss=-0.2420]
Epoch 95/150 [train]:  23%|██▎       | 6/26 [00:00<00:00, 50.61it/s, S=0.3588, loss=-0.2293]
Epoch 95/150 [train]:  46%|████▌     | 12/26 [00:00<00:00, 50.55it/s, S=0.3588, loss=-0.2293]
Epoch 95/150 [train]:  46%|████▌     | 12/26 [00:00<00:00, 50.55it/s, S=0.3624, loss=-0.2296]
Epoch 95/150 [train]:  46%|████▌     | 12/26 [00:00<00:00, 50.55it/s, S=0.3597, loss=-0.2299]
Epoch 95/150 [train]:  46%|████▌     | 12/26 [00:00<00:00, 50.55it/s, S=0.3620, loss=-0.2297]
Epoch 95/150 [train]:  46%|████▌     | 12/26 [00:00<00:00, 50.55it/s, S=0.3613, loss=-0.2338]
Epoch 95/150 [train]:  46%|████▌     | 12/26 [00:00<00:00, 50.55it/s, S=0.3606, loss=-0.2342]
Epoch 95/150 [train]:  46%|████▌     | 12/26 [00:00<00:00, 50.55it/s, S=0.3642, loss=-0.2412]
Epoch 95/150 [train]:  69%|██████▉   | 18/26 [00:00<00:00, 50.52it/s, S=0.3642, loss=-0.2412]
Epoch 95/150 [train]:  69%|██████▉   | 18/26 [00:00<00:00, 50.52it/s, S=0.3629, loss=-0.2360]
Epoch 95/150 [train]:  69%|██████▉   | 18/26 [00:00<00:00, 50.52it/s, S=0.3613, loss=-0.2319]
Epoch 95/150 [train]:  69%|██████▉   | 18/26 [00:00<00:00, 50.52it/s, S=0.3626, loss=-0.2286]
Epoch 95/150 [train]:  69%|██████▉   | 18/26 [00:00<00:00, 50.52it/s, S=0.3634, loss=-0.2298]
Epoch 95/150 [train]:  69%|██████▉   | 18/26 [00:00<00:00, 50.52it/s, S=0.3631, loss=-0.2393]
Epoch 95/150 [train]:  69%|██████▉   | 18/26 [00:00<00:00, 50.52it/s, S=0.3708, loss=-0.2480]
Epoch 95/150 [train]:  92%|█████████▏| 24/26 [00:00<00:00, 50.40it/s, S=0.3708, loss=-0.2480]
Epoch 95/150 [train]:  92%|█████████▏| 24/26 [00:00<00:00, 50.40it/s, S=0.3573, loss=-0.2230]
Epoch 95/150 [train]:  92%|█████████▏| 24/26 [00:00<00:00, 50.40it/s, S=0.3585, loss=-0.2322]
                                                                                             
Epoch  95/150  train loss=-0.2343  val loss=-0.2280  S[mean]=0.3712  ζ=0.4423  mean_plane_ζ=0.3242  reg=0.1432  λscale=0.67  lr=3.89e-04

Epoch 96/150 [train]:   0%|          | 0/26 [00:00<?, ?it/s]
Epoch 96/150 [train]:   0%|          | 0/26 [00:00<?, ?it/s, S=0.3618, loss=-0.2363]
Epoch 96/150 [train]:   0%|          | 0/26 [00:00<?, ?it/s, S=0.3606, loss=-0.2301]
Epoch 96/150 [train]:   0%|          | 0/26 [00:00<?, ?it/s, S=0.3605, loss=-0.2254]
Epoch 96/150 [train]:   0%|          | 0/26 [00:00<?, ?it/s, S=0.3662, loss=-0.2404]
Epoch 96/150 [train]:   0%|          | 0/26 [00:00<?, ?it/s, S=0.3682, loss=-0.2427]
Epoch 96/150 [train]:   0%|          | 0/26 [00:00<?, ?it/s, S=0.3655, loss=-0.2403]
Epoch 96/150 [train]:  23%|██▎       | 6/26 [00:00<00:00, 50.54it/s, S=0.3655, loss=-0.2403]
Epoch 96/150 [train]:  23%|██▎       | 6/26 [00:00<00:00, 50.54it/s, S=0.3638, loss=-0.2259]
Epoch 96/150 [train]:  23%|██▎       | 6/26 [00:00<00:00, 50.54it/s, S=0.3640, loss=-0.2329]
Epoch 96/150 [train]:  23%|██▎       | 6/26 [00:00<00:00, 50.54it/s, S=0.3606, loss=-0.2314]
Epoch 96/150 [train]:  23%|██▎       | 6/26 [00:00<00:00, 50.54it/s, S=0.3632, loss=-0.2336]
Epoch 96/150 [train]:  23%|██▎       | 6/26 [00:00<00:00, 50.54it/s, S=0.3545, loss=-0.2189]
Epoch 96/150 [train]:  23%|██▎       | 6/26 [00:00<00:00, 50.54it/s, S=0.3583, loss=-0.2298]
Epoch 96/150 [train]:  46%|████▌     | 12/26 [00:00<00:00, 50.53it/s, S=0.3583, loss=-0.2298]
Epoch 96/150 [train]:  46%|████▌     | 12/26 [00:00<00:00, 50.53it/s, S=0.3600, loss=-0.2259]
Epoch 96/150 [train]:  46%|████▌     | 12/26 [00:00<00:00, 50.53it/s, S=0.3579, loss=-0.2230]
Epoch 96/150 [train]:  46%|████▌     | 12/26 [00:00<00:00, 50.53it/s, S=0.3600, loss=-0.2326]
Epoch 96/150 [train]:  46%|████▌     | 12/26 [00:00<00:00, 50.53it/s, S=0.3659, loss=-0.2306]
Epoch 96/150 [train]:  46%|████▌     | 12/26 [00:00<00:00, 50.53it/s, S=0.3656, loss=-0.2322]
Epoch 96/150 [train]:  46%|████▌     | 12/26 [00:00<00:00, 50.53it/s, S=0.3599, loss=-0.2317]
Epoch 96/150 [train]:  69%|██████▉   | 18/26 [00:00<00:00, 50.54it/s, S=0.3599, loss=-0.2317]
Epoch 96/150 [train]:  69%|██████▉   | 18/26 [00:00<00:00, 50.54it/s, S=0.3624, loss=-0.2264]
Epoch 96/150 [train]:  69%|██████▉   | 18/26 [00:00<00:00, 50.54it/s, S=0.3654, loss=-0.2427]
Epoch 96/150 [train]:  69%|██████▉   | 18/26 [00:00<00:00, 50.54it/s, S=0.3557, loss=-0.2155]
Epoch 96/150 [train]:  69%|██████▉   | 18/26 [00:00<00:00, 50.54it/s, S=0.3582, loss=-0.2310]
Epoch 96/150 [train]:  69%|██████▉   | 18/26 [00:00<00:00, 50.54it/s, S=0.3580, loss=-0.2347]
Epoch 96/150 [train]:  69%|██████▉   | 18/26 [00:00<00:00, 50.54it/s, S=0.3620, loss=-0.2319]
Epoch 96/150 [train]:  92%|█████████▏| 24/26 [00:00<00:00, 50.53it/s, S=0.3620, loss=-0.2319]
Epoch 96/150 [train]:  92%|█████████▏| 24/26 [00:00<00:00, 50.53it/s, S=0.3721, loss=-0.2383]
Epoch 96/150 [train]:  92%|█████████▏| 24/26 [00:00<00:00, 50.53it/s, S=0.3694, loss=-0.2442]
                                                                                             
Epoch  96/150  train loss=-0.2319  val loss=-0.2277  S[mean]=0.3709  ζ=0.4424  mean_plane_ζ=0.3244  reg=0.1432  λscale=0.67  lr=3.81e-04

Epoch 97/150 [train]:   0%|          | 0/26 [00:00<?, ?it/s]
Epoch 97/150 [train]:   0%|          | 0/26 [00:00<?, ?it/s, S=0.3676, loss=-0.2368]
Epoch 97/150 [train]:   0%|          | 0/26 [00:00<?, ?it/s, S=0.3628, loss=-0.2417]
Epoch 97/150 [train]:   0%|          | 0/26 [00:00<?, ?it/s, S=0.3645, loss=-0.2337]
Epoch 97/150 [train]:   0%|          | 0/26 [00:00<?, ?it/s, S=0.3616, loss=-0.2294]
Epoch 97/150 [train]:   0%|          | 0/26 [00:00<?, ?it/s, S=0.3638, loss=-0.2372]
Epoch 97/150 [train]:   0%|          | 0/26 [00:00<?, ?it/s, S=0.3698, loss=-0.2455]
Epoch 97/150 [train]:  23%|██▎       | 6/26 [00:00<00:00, 50.56it/s, S=0.3698, loss=-0.2455]
Epoch 97/150 [train]:  23%|██▎       | 6/26 [00:00<00:00, 50.56it/s, S=0.3574, loss=-0.2203]
Epoch 97/150 [train]:  23%|██▎       | 6/26 [00:00<00:00, 50.56it/s, S=0.3655, loss=-0.2330]
Epoch 97/150 [train]:  23%|██▎       | 6/26 [00:00<00:00, 50.56it/s, S=0.3695, loss=-0.2460]
Epoch 97/150 [train]:  23%|██▎       | 6/26 [00:00<00:00, 50.56it/s, S=0.3599, loss=-0.2360]
Epoch 97/150 [train]:  23%|██▎       | 6/26 [00:00<00:00, 50.56it/s, S=0.3627, loss=-0.2294]
Epoch 97/150 [train]:  23%|██▎       | 6/26 [00:00<00:00, 50.56it/s, S=0.3609, loss=-0.2385]
Epoch 97/150 [train]:  46%|████▌     | 12/26 [00:00<00:00, 50.47it/s, S=0.3609, loss=-0.2385]
Epoch 97/150 [train]:  46%|████▌     | 12/26 [00:00<00:00, 50.47it/s, S=0.3595, loss=-0.2284]
Epoch 97/150 [train]:  46%|████▌     | 12/26 [00:00<00:00, 50.47it/s, S=0.3671, loss=-0.2402]
Epoch 97/150 [train]:  46%|████▌     | 12/26 [00:00<00:00, 50.47it/s, S=0.3607, loss=-0.2346]
Epoch 97/150 [train]:  46%|████▌     | 12/26 [00:00<00:00, 50.47it/s, S=0.3636, loss=-0.2373]
Epoch 97/150 [train]:  46%|████▌     | 12/26 [00:00<00:00, 50.47it/s, S=0.3686, loss=-0.2445]
Epoch 97/150 [train]:  46%|████▌     | 12/26 [00:00<00:00, 50.47it/s, S=0.3621, loss=-0.2257]
Epoch 97/150 [train]:  69%|██████▉   | 18/26 [00:00<00:00, 50.50it/s, S=0.3621, loss=-0.2257]
Epoch 97/150 [train]:  69%|██████▉   | 18/26 [00:00<00:00, 50.50it/s, S=0.3593, loss=-0.2314]
Epoch 97/150 [train]:  69%|██████▉   | 18/26 [00:00<00:00, 50.50it/s, S=0.3594, loss=-0.2293]
Epoch 97/150 [train]:  69%|██████▉   | 18/26 [00:00<00:00, 50.50it/s, S=0.3655, loss=-0.2341]
Epoch 97/150 [train]:  69%|██████▉   | 18/26 [00:00<00:00, 50.50it/s, S=0.3593, loss=-0.2323]
Epoch 97/150 [train]:  69%|██████▉   | 18/26 [00:00<00:00, 50.50it/s, S=0.3568, loss=-0.2334]
Epoch 97/150 [train]:  69%|██████▉   | 18/26 [00:00<00:00, 50.50it/s, S=0.3633, loss=-0.2281]
Epoch 97/150 [train]:  92%|█████████▏| 24/26 [00:00<00:00, 50.51it/s, S=0.3633, loss=-0.2281]
Epoch 97/150 [train]:  92%|█████████▏| 24/26 [00:00<00:00, 50.51it/s, S=0.3604, loss=-0.2364]
Epoch 97/150 [train]:  92%|█████████▏| 24/26 [00:00<00:00, 50.51it/s, S=0.3594, loss=-0.2334]
                                                                                             
Epoch  97/150  train loss=-0.2345  val loss=-0.2256  S[mean]=0.3708  ζ=0.4420  mean_plane_ζ=0.3241  reg=0.1452  λscale=0.68  lr=3.72e-04

Epoch 98/150 [train]:   0%|          | 0/26 [00:00<?, ?it/s]
Epoch 98/150 [train]:   0%|          | 0/26 [00:00<?, ?it/s, S=0.3647, loss=-0.2304]
Epoch 98/150 [train]:   0%|          | 0/26 [00:00<?, ?it/s, S=0.3664, loss=-0.2334]
Epoch 98/150 [train]:   0%|          | 0/26 [00:00<?, ?it/s, S=0.3642, loss=-0.2374]
Epoch 98/150 [train]:   0%|          | 0/26 [00:00<?, ?it/s, S=0.3589, loss=-0.2246]
Epoch 98/150 [train]:   0%|          | 0/26 [00:00<?, ?it/s, S=0.3561, loss=-0.2234]
Epoch 98/150 [train]:   0%|          | 0/26 [00:00<?, ?it/s, S=0.3654, loss=-0.2383]
Epoch 98/150 [train]:  23%|██▎       | 6/26 [00:00<00:00, 50.62it/s, S=0.3654, loss=-0.2383]
Epoch 98/150 [train]:  23%|██▎       | 6/26 [00:00<00:00, 50.62it/s, S=0.3589, loss=-0.2308]
Epoch 98/150 [train]:  23%|██▎       | 6/26 [00:00<00:00, 50.62it/s, S=0.3609, loss=-0.2242]
Epoch 98/150 [train]:  23%|██▎       | 6/26 [00:00<00:00, 50.62it/s, S=0.3594, loss=-0.2275]
Epoch 98/150 [train]:  23%|██▎       | 6/26 [00:00<00:00, 50.62it/s, S=0.3687, loss=-0.2411]
Epoch 98/150 [train]:  23%|██▎       | 6/26 [00:00<00:00, 50.62it/s, S=0.3672, loss=-0.2435]
Epoch 98/150 [train]:  23%|██▎       | 6/26 [00:00<00:00, 50.62it/s, S=0.3666, loss=-0.2407]
Epoch 98/150 [train]:  46%|████▌     | 12/26 [00:00<00:00, 50.54it/s, S=0.3666, loss=-0.2407]
Epoch 98/150 [train]:  46%|████▌     | 12/26 [00:00<00:00, 50.54it/s, S=0.3665, loss=-0.2425]
Epoch 98/150 [train]:  46%|████▌     | 12/26 [00:00<00:00, 50.54it/s, S=0.3602, loss=-0.2332]
Epoch 98/150 [train]:  46%|████▌     | 12/26 [00:00<00:00, 50.54it/s, S=0.3661, loss=-0.2392]
Epoch 98/150 [train]:  46%|████▌     | 12/26 [00:00<00:00, 50.54it/s, S=0.3651, loss=-0.2292]
Epoch 98/150 [train]:  46%|████▌     | 12/26 [00:00<00:00, 50.54it/s, S=0.3634, loss=-0.2322]
Epoch 98/150 [train]:  46%|████▌     | 12/26 [00:00<00:00, 50.54it/s, S=0.3617, loss=-0.2393]
Epoch 98/150 [train]:  69%|██████▉   | 18/26 [00:00<00:00, 50.51it/s, S=0.3617, loss=-0.2393]
Epoch 98/150 [train]:  69%|██████▉   | 18/26 [00:00<00:00, 50.51it/s, S=0.3564, loss=-0.2258]
Epoch 98/150 [train]:  69%|██████▉   | 18/26 [00:00<00:00, 50.51it/s, S=0.3605, loss=-0.2261]
Epoch 98/150 [train]:  69%|██████▉   | 18/26 [00:00<00:00, 50.51it/s, S=0.3627, loss=-0.2342]
Epoch 98/150 [train]:  69%|██████▉   | 18/26 [00:00<00:00, 50.51it/s, S=0.3596, loss=-0.2344]
Epoch 98/150 [train]:  69%|██████▉   | 18/26 [00:00<00:00, 50.51it/s, S=0.3653, loss=-0.2339]
Epoch 98/150 [train]:  69%|██████▉   | 18/26 [00:00<00:00, 50.51it/s, S=0.3595, loss=-0.2343]
Epoch 98/150 [train]:  92%|█████████▏| 24/26 [00:00<00:00, 50.52it/s, S=0.3595, loss=-0.2343]
Epoch 98/150 [train]:  92%|█████████▏| 24/26 [00:00<00:00, 50.52it/s, S=0.3593, loss=-0.2254]
Epoch 98/150 [train]:  92%|█████████▏| 24/26 [00:00<00:00, 50.52it/s, S=0.3577, loss=-0.2207]
                                                                                             
Epoch  98/150  train loss=-0.2325  val loss=-0.2269  S[mean]=0.3705  ζ=0.4428  mean_plane_ζ=0.3248  reg=0.1436  λscale=0.69  lr=3.63e-04

Epoch 99/150 [train]:   0%|          | 0/26 [00:00<?, ?it/s]
Epoch 99/150 [train]:   0%|          | 0/26 [00:00<?, ?it/s, S=0.3649, loss=-0.2337]
Epoch 99/150 [train]:   0%|          | 0/26 [00:00<?, ?it/s, S=0.3685, loss=-0.2434]
Epoch 99/150 [train]:   0%|          | 0/26 [00:00<?, ?it/s, S=0.3580, loss=-0.2261]
Epoch 99/150 [train]:   0%|          | 0/26 [00:00<?, ?it/s, S=0.3672, loss=-0.2453]
Epoch 99/150 [train]:   0%|          | 0/26 [00:00<?, ?it/s, S=0.3636, loss=-0.2349]
Epoch 99/150 [train]:   0%|          | 0/26 [00:00<?, ?it/s, S=0.3566, loss=-0.2281]
Epoch 99/150 [train]:  23%|██▎       | 6/26 [00:00<00:00, 50.44it/s, S=0.3566, loss=-0.2281]
Epoch 99/150 [train]:  23%|██▎       | 6/26 [00:00<00:00, 50.44it/s, S=0.3591, loss=-0.2326]
Epoch 99/150 [train]:  23%|██▎       | 6/26 [00:00<00:00, 50.44it/s, S=0.3671, loss=-0.2406]
Epoch 99/150 [train]:  23%|██▎       | 6/26 [00:00<00:00, 50.44it/s, S=0.3629, loss=-0.2360]
Epoch 99/150 [train]:  23%|██▎       | 6/26 [00:00<00:00, 50.44it/s, S=0.3681, loss=-0.2442]
Epoch 99/150 [train]:  23%|██▎       | 6/26 [00:00<00:00, 50.44it/s, S=0.3590, loss=-0.2338]
Epoch 99/150 [train]:  23%|██▎       | 6/26 [00:00<00:00, 50.44it/s, S=0.3716, loss=-0.2425]
Epoch 99/150 [train]:  46%|████▌     | 12/26 [00:00<00:00, 50.46it/s, S=0.3716, loss=-0.2425]
Epoch 99/150 [train]:  46%|████▌     | 12/26 [00:00<00:00, 50.46it/s, S=0.3599, loss=-0.2189]
Epoch 99/150 [train]:  46%|████▌     | 12/26 [00:00<00:00, 50.46it/s, S=0.3628, loss=-0.2365]
Epoch 99/150 [train]:  46%|████▌     | 12/26 [00:00<00:00, 50.46it/s, S=0.3573, loss=-0.2216]
Epoch 99/150 [train]:  46%|████▌     | 12/26 [00:00<00:00, 50.46it/s, S=0.3601, loss=-0.2292]
Epoch 99/150 [train]:  46%|████▌     | 12/26 [00:00<00:00, 50.46it/s, S=0.3697, loss=-0.2410]
Epoch 99/150 [train]:  46%|████▌     | 12/26 [00:00<00:00, 50.46it/s, S=0.3616, loss=-0.2339]
Epoch 99/150 [train]:  69%|██████▉   | 18/26 [00:00<00:00, 50.49it/s, S=0.3616, loss=-0.2339]
Epoch 99/150 [train]:  69%|██████▉   | 18/26 [00:00<00:00, 50.49it/s, S=0.3618, loss=-0.2294]
Epoch 99/150 [train]:  69%|██████▉   | 18/26 [00:00<00:00, 50.49it/s, S=0.3589, loss=-0.2191]
Epoch 99/150 [train]:  69%|██████▉   | 18/26 [00:00<00:00, 50.49it/s, S=0.3592, loss=-0.2294]
Epoch 99/150 [train]:  69%|██████▉   | 18/26 [00:00<00:00, 50.49it/s, S=0.3693, loss=-0.2419]
Epoch 99/150 [train]:  69%|██████▉   | 18/26 [00:00<00:00, 50.49it/s, S=0.3573, loss=-0.2298]
Epoch 99/150 [train]:  69%|██████▉   | 18/26 [00:00<00:00, 50.49it/s, S=0.3593, loss=-0.2293]
Epoch 99/150 [train]:  92%|█████████▏| 24/26 [00:00<00:00, 50.51it/s, S=0.3593, loss=-0.2293]
Epoch 99/150 [train]:  92%|█████████▏| 24/26 [00:00<00:00, 50.51it/s, S=0.3578, loss=-0.2320]
Epoch 99/150 [train]:  92%|█████████▏| 24/26 [00:00<00:00, 50.51it/s, S=0.3608, loss=-0.2386]
                                                                                             
Epoch  99/150  train loss=-0.2335  val loss=-0.2269  S[mean]=0.3708  ζ=0.4417  mean_plane_ζ=0.3241  reg=0.1439  λscale=0.69  lr=3.55e-04

Epoch 100/150 [train]:   0%|          | 0/26 [00:00<?, ?it/s]
Epoch 100/150 [train]:   0%|          | 0/26 [00:00<?, ?it/s, S=0.3640, loss=-0.2397]
Epoch 100/150 [train]:   0%|          | 0/26 [00:00<?, ?it/s, S=0.3597, loss=-0.2202]
Epoch 100/150 [train]:   0%|          | 0/26 [00:00<?, ?it/s, S=0.3569, loss=-0.2311]
Epoch 100/150 [train]:   0%|          | 0/26 [00:00<?, ?it/s, S=0.3675, loss=-0.2372]
Epoch 100/150 [train]:   0%|          | 0/26 [00:00<?, ?it/s, S=0.3619, loss=-0.2318]
Epoch 100/150 [train]:   0%|          | 0/26 [00:00<?, ?it/s, S=0.3503, loss=-0.1913]
Epoch 100/150 [train]:  23%|██▎       | 6/26 [00:00<00:00, 50.42it/s, S=0.3503, loss=-0.1913]
Epoch 100/150 [train]:  23%|██▎       | 6/26 [00:00<00:00, 50.42it/s, S=0.3599, loss=-0.2324]
Epoch 100/150 [train]:  23%|██▎       | 6/26 [00:00<00:00, 50.42it/s, S=0.3719, loss=-0.2346]
Epoch 100/150 [train]:  23%|██▎       | 6/26 [00:00<00:00, 50.42it/s, S=0.3608, loss=-0.2365]
Epoch 100/150 [train]:  23%|██▎       | 6/26 [00:00<00:00, 50.42it/s, S=0.3587, loss=-0.2302]
Epoch 100/150 [train]:  23%|██▎       | 6/26 [00:00<00:00, 50.42it/s, S=0.3696, loss=-0.2396]
Epoch 100/150 [train]:  23%|██▎       | 6/26 [00:00<00:00, 50.42it/s, S=0.3643, loss=-0.2366]
Epoch 100/150 [train]:  46%|████▌     | 12/26 [00:00<00:00, 50.45it/s, S=0.3643, loss=-0.2366]
Epoch 100/150 [train]:  46%|████▌     | 12/26 [00:00<00:00, 50.45it/s, S=0.3617, loss=-0.2317]
Epoch 100/150 [train]:  46%|████▌     | 12/26 [00:00<00:00, 50.45it/s, S=0.3698, loss=-0.2463]
Epoch 100/150 [train]:  46%|████▌     | 12/26 [00:00<00:00, 50.45it/s, S=0.3627, loss=-0.2365]
Epoch 100/150 [train]:  46%|████▌     | 12/26 [00:00<00:00, 50.45it/s, S=0.3605, loss=-0.2213]
Epoch 100/150 [train]:  46%|████▌     | 12/26 [00:00<00:00, 50.45it/s, S=0.3652, loss=-0.2334]
Epoch 100/150 [train]:  46%|████▌     | 12/26 [00:00<00:00, 50.45it/s, S=0.3609, loss=-0.2295]
Epoch 100/150 [train]:  69%|██████▉   | 18/26 [00:00<00:00, 50.45it/s, S=0.3609, loss=-0.2295]
Epoch 100/150 [train]:  69%|██████▉   | 18/26 [00:00<00:00, 50.45it/s, S=0.3611, loss=-0.2297]
Epoch 100/150 [train]:  69%|██████▉   | 18/26 [00:00<00:00, 50.45it/s, S=0.3607, loss=-0.2356]
Epoch 100/150 [train]:  69%|██████▉   | 18/26 [00:00<00:00, 50.45it/s, S=0.3581, loss=-0.2302]
Epoch 100/150 [train]:  69%|██████▉   | 18/26 [00:00<00:00, 50.45it/s, S=0.3633, loss=-0.2359]
Epoch 100/150 [train]:  69%|██████▉   | 18/26 [00:00<00:00, 50.45it/s, S=0.3583, loss=-0.2276]
Epoch 100/150 [train]:  69%|██████▉   | 18/26 [00:00<00:00, 50.45it/s, S=0.3629, loss=-0.2424]
Epoch 100/150 [train]:  92%|█████████▏| 24/26 [00:00<00:00, 50.48it/s, S=0.3629, loss=-0.2424]
Epoch 100/150 [train]:  92%|█████████▏| 24/26 [00:00<00:00, 50.48it/s, S=0.3597, loss=-0.2312]
Epoch 100/150 [train]:  92%|█████████▏| 24/26 [00:00<00:00, 50.48it/s, S=0.3566, loss=-0.2230]
                                                                                              
Epoch 100/150  train loss=-0.2314  val loss=-0.2256  S[mean]=0.3707  ζ=0.4426  mean_plane_ζ=0.3247  reg=0.1451  λscale=0.70  lr=3.46e-04

Epoch 101/150 [train]:   0%|          | 0/26 [00:00<?, ?it/s]
Epoch 101/150 [train]:   0%|          | 0/26 [00:00<?, ?it/s, S=0.3605, loss=-0.2235]
Epoch 101/150 [train]:   0%|          | 0/26 [00:00<?, ?it/s, S=0.3665, loss=-0.2329]
Epoch 101/150 [train]:   0%|          | 0/26 [00:00<?, ?it/s, S=0.3673, loss=-0.2243]
Epoch 101/150 [train]:   0%|          | 0/26 [00:00<?, ?it/s, S=0.3637, loss=-0.2262]
Epoch 101/150 [train]:   0%|          | 0/26 [00:00<?, ?it/s, S=0.3647, loss=-0.2343]
Epoch 101/150 [train]:   0%|          | 0/26 [00:00<?, ?it/s, S=0.3600, loss=-0.2264]
Epoch 101/150 [train]:  23%|██▎       | 6/26 [00:00<00:00, 50.50it/s, S=0.3600, loss=-0.2264]
Epoch 101/150 [train]:  23%|██▎       | 6/26 [00:00<00:00, 50.50it/s, S=0.3562, loss=-0.2131]
Epoch 101/150 [train]:  23%|██▎       | 6/26 [00:00<00:00, 50.50it/s, S=0.3608, loss=-0.2323]
Epoch 101/150 [train]:  23%|██▎       | 6/26 [00:00<00:00, 50.50it/s, S=0.3634, loss=-0.2416]
Epoch 101/150 [train]:  23%|██▎       | 6/26 [00:00<00:00, 50.50it/s, S=0.3634, loss=-0.2350]
Epoch 101/150 [train]:  23%|██▎       | 6/26 [00:00<00:00, 50.50it/s, S=0.3662, loss=-0.2355]
Epoch 101/150 [train]:  23%|██▎       | 6/26 [00:00<00:00, 50.50it/s, S=0.3596, loss=-0.2307]
Epoch 101/150 [train]:  46%|████▌     | 12/26 [00:00<00:00, 50.52it/s, S=0.3596, loss=-0.2307]
Epoch 101/150 [train]:  46%|████▌     | 12/26 [00:00<00:00, 50.52it/s, S=0.3518, loss=-0.2131]
Epoch 101/150 [train]:  46%|████▌     | 12/26 [00:00<00:00, 50.52it/s, S=0.3643, loss=-0.2320]
Epoch 101/150 [train]:  46%|████▌     | 12/26 [00:00<00:00, 50.52it/s, S=0.3632, loss=-0.2341]
Epoch 101/150 [train]:  46%|████▌     | 12/26 [00:00<00:00, 50.52it/s, S=0.3626, loss=-0.2320]
Epoch 101/150 [train]:  46%|████▌     | 12/26 [00:00<00:00, 50.52it/s, S=0.3647, loss=-0.2317]
Epoch 101/150 [train]:  46%|████▌     | 12/26 [00:00<00:00, 50.52it/s, S=0.3621, loss=-0.2287]
Epoch 101/150 [train]:  69%|██████▉   | 18/26 [00:00<00:00, 50.55it/s, S=0.3621, loss=-0.2287]
Epoch 101/150 [train]:  69%|██████▉   | 18/26 [00:00<00:00, 50.55it/s, S=0.3600, loss=-0.2344]
Epoch 101/150 [train]:  69%|██████▉   | 18/26 [00:00<00:00, 50.55it/s, S=0.3585, loss=-0.2174]
Epoch 101/150 [train]:  69%|██████▉   | 18/26 [00:00<00:00, 50.55it/s, S=0.3602, loss=-0.2323]
Epoch 101/150 [train]:  69%|██████▉   | 18/26 [00:00<00:00, 50.55it/s, S=0.3556, loss=-0.2206]
Epoch 101/150 [train]:  69%|██████▉   | 18/26 [00:00<00:00, 50.55it/s, S=0.3593, loss=-0.2243]
Epoch 101/150 [train]:  69%|██████▉   | 18/26 [00:00<00:00, 50.55it/s, S=0.3593, loss=-0.2286]
Epoch 101/150 [train]:  92%|█████████▏| 24/26 [00:00<00:00, 50.55it/s, S=0.3593, loss=-0.2286]
Epoch 101/150 [train]:  92%|█████████▏| 24/26 [00:00<00:00, 50.55it/s, S=0.3604, loss=-0.2312]
Epoch 101/150 [train]:  92%|█████████▏| 24/26 [00:00<00:00, 50.55it/s, S=0.3600, loss=-0.2253]
                                                                                              
Epoch 101/150  train loss=-0.2285  val loss=-0.2264  S[mean]=0.3704  ζ=0.4430  mean_plane_ζ=0.3249  reg=0.1441  λscale=0.70  lr=3.37e-04

Epoch 102/150 [train]:   0%|          | 0/26 [00:00<?, ?it/s]
Epoch 102/150 [train]:   0%|          | 0/26 [00:00<?, ?it/s, S=0.3538, loss=-0.2156]
Epoch 102/150 [train]:   0%|          | 0/26 [00:00<?, ?it/s, S=0.3650, loss=-0.2378]
Epoch 102/150 [train]:   0%|          | 0/26 [00:00<?, ?it/s, S=0.3598, loss=-0.2317]
Epoch 102/150 [train]:   0%|          | 0/26 [00:00<?, ?it/s, S=0.3639, loss=-0.2396]
Epoch 102/150 [train]:   0%|          | 0/26 [00:00<?, ?it/s, S=0.3633, loss=-0.2381]
Epoch 102/150 [train]:   0%|          | 0/26 [00:00<?, ?it/s, S=0.3575, loss=-0.2321]
Epoch 102/150 [train]:  23%|██▎       | 6/26 [00:00<00:00, 50.63it/s, S=0.3575, loss=-0.2321]
Epoch 102/150 [train]:  23%|██▎       | 6/26 [00:00<00:00, 50.63it/s, S=0.3644, loss=-0.2370]
Epoch 102/150 [train]:  23%|██▎       | 6/26 [00:00<00:00, 50.63it/s, S=0.3613, loss=-0.2342]
Epoch 102/150 [train]:  23%|██▎       | 6/26 [00:00<00:00, 50.63it/s, S=0.3601, loss=-0.2145]
Epoch 102/150 [train]:  23%|██▎       | 6/26 [00:00<00:00, 50.63it/s, S=0.3616, loss=-0.2296]
Epoch 102/150 [train]:  23%|██▎       | 6/26 [00:00<00:00, 50.63it/s, S=0.3620, loss=-0.2326]
Epoch 102/150 [train]:  23%|██▎       | 6/26 [00:00<00:00, 50.63it/s, S=0.3606, loss=-0.2349]
Epoch 102/150 [train]:  46%|████▌     | 12/26 [00:00<00:00, 50.44it/s, S=0.3606, loss=-0.2349]
Epoch 102/150 [train]:  46%|████▌     | 12/26 [00:00<00:00, 50.44it/s, S=0.3584, loss=-0.2300]
Epoch 102/150 [train]:  46%|████▌     | 12/26 [00:00<00:00, 50.44it/s, S=0.3625, loss=-0.2218]
Epoch 102/150 [train]:  46%|████▌     | 12/26 [00:00<00:00, 50.44it/s, S=0.3607, loss=-0.2230]
Epoch 102/150 [train]:  46%|████▌     | 12/26 [00:00<00:00, 50.44it/s, S=0.3603, loss=-0.2252]
Epoch 102/150 [train]:  46%|████▌     | 12/26 [00:00<00:00, 50.44it/s, S=0.3661, loss=-0.2316]
Epoch 102/150 [train]:  46%|████▌     | 12/26 [00:00<00:00, 50.44it/s, S=0.3618, loss=-0.2340]
Epoch 102/150 [train]:  69%|██████▉   | 18/26 [00:00<00:00, 50.50it/s, S=0.3618, loss=-0.2340]
Epoch 102/150 [train]:  69%|██████▉   | 18/26 [00:00<00:00, 50.50it/s, S=0.3566, loss=-0.2188]
Epoch 102/150 [train]:  69%|██████▉   | 18/26 [00:00<00:00, 50.50it/s, S=0.3620, loss=-0.2356]
Epoch 102/150 [train]:  69%|██████▉   | 18/26 [00:00<00:00, 50.50it/s, S=0.3596, loss=-0.2279]
Epoch 102/150 [train]:  69%|██████▉   | 18/26 [00:00<00:00, 50.50it/s, S=0.3695, loss=-0.2456]
Epoch 102/150 [train]:  69%|██████▉   | 18/26 [00:00<00:00, 50.50it/s, S=0.3546, loss=-0.2225]
Epoch 102/150 [train]:  69%|██████▉   | 18/26 [00:00<00:00, 50.50it/s, S=0.3653, loss=-0.2404]
Epoch 102/150 [train]:  92%|█████████▏| 24/26 [00:00<00:00, 50.49it/s, S=0.3653, loss=-0.2404]
Epoch 102/150 [train]:  92%|█████████▏| 24/26 [00:00<00:00, 50.49it/s, S=0.3659, loss=-0.2364]
Epoch 102/150 [train]:  92%|█████████▏| 24/26 [00:00<00:00, 50.49it/s, S=0.3606, loss=-0.2259]
                                                                                              
Epoch 102/150  train loss=-0.2306  val loss=-0.2238  S[mean]=0.3696  ζ=0.4426  mean_plane_ζ=0.3247  reg=0.1458  λscale=0.71  lr=3.27e-04

Epoch 103/150 [train]:   0%|          | 0/26 [00:00<?, ?it/s]
Epoch 103/150 [train]:   0%|          | 0/26 [00:00<?, ?it/s, S=0.3609, loss=-0.2346]
Epoch 103/150 [train]:   0%|          | 0/26 [00:00<?, ?it/s, S=0.3621, loss=-0.2194]
Epoch 103/150 [train]:   0%|          | 0/26 [00:00<?, ?it/s, S=0.3667, loss=-0.2404]
Epoch 103/150 [train]:   0%|          | 0/26 [00:00<?, ?it/s, S=0.3589, loss=-0.2281]
Epoch 103/150 [train]:   0%|          | 0/26 [00:00<?, ?it/s, S=0.3521, loss=-0.2195]
Epoch 103/150 [train]:   0%|          | 0/26 [00:00<?, ?it/s, S=0.3597, loss=-0.2277]
Epoch 103/150 [train]:  23%|██▎       | 6/26 [00:00<00:00, 50.57it/s, S=0.3597, loss=-0.2277]
Epoch 103/150 [train]:  23%|██▎       | 6/26 [00:00<00:00, 50.57it/s, S=0.3667, loss=-0.2433]
Epoch 103/150 [train]:  23%|██▎       | 6/26 [00:00<00:00, 50.57it/s, S=0.3633, loss=-0.2386]
Epoch 103/150 [train]:  23%|██▎       | 6/26 [00:00<00:00, 50.57it/s, S=0.3554, loss=-0.2132]
Epoch 103/150 [train]:  23%|██▎       | 6/26 [00:00<00:00, 50.57it/s, S=0.3584, loss=-0.2213]
Epoch 103/150 [train]:  23%|██▎       | 6/26 [00:00<00:00, 50.57it/s, S=0.3635, loss=-0.2417]
Epoch 103/150 [train]:  23%|██▎       | 6/26 [00:00<00:00, 50.57it/s, S=0.3608, loss=-0.2382]
Epoch 103/150 [train]:  46%|████▌     | 12/26 [00:00<00:00, 50.54it/s, S=0.3608, loss=-0.2382]
Epoch 103/150 [train]:  46%|████▌     | 12/26 [00:00<00:00, 50.54it/s, S=0.3664, loss=-0.2374]
Epoch 103/150 [train]:  46%|████▌     | 12/26 [00:00<00:00, 50.54it/s, S=0.3645, loss=-0.2379]
Epoch 103/150 [train]:  46%|████▌     | 12/26 [00:00<00:00, 50.54it/s, S=0.3631, loss=-0.2382]
Epoch 103/150 [train]:  46%|████▌     | 12/26 [00:00<00:00, 50.54it/s, S=0.3648, loss=-0.2314]
Epoch 103/150 [train]:  46%|████▌     | 12/26 [00:00<00:00, 50.54it/s, S=0.3658, loss=-0.2318]
Epoch 103/150 [train]:  46%|████▌     | 12/26 [00:00<00:00, 50.54it/s, S=0.3609, loss=-0.2338]
Epoch 103/150 [train]:  69%|██████▉   | 18/26 [00:00<00:00, 50.52it/s, S=0.3609, loss=-0.2338]
Epoch 103/150 [train]:  69%|██████▉   | 18/26 [00:00<00:00, 50.52it/s, S=0.3678, loss=-0.2354]
Epoch 103/150 [train]:  69%|██████▉   | 18/26 [00:00<00:00, 50.52it/s, S=0.3603, loss=-0.2326]
Epoch 103/150 [train]:  69%|██████▉   | 18/26 [00:00<00:00, 50.52it/s, S=0.3657, loss=-0.2384]
Epoch 103/150 [train]:  69%|██████▉   | 18/26 [00:00<00:00, 50.52it/s, S=0.3578, loss=-0.2352]
Epoch 103/150 [train]:  69%|██████▉   | 18/26 [00:00<00:00, 50.52it/s, S=0.3627, loss=-0.2382]
Epoch 103/150 [train]:  69%|██████▉   | 18/26 [00:00<00:00, 50.52it/s, S=0.3646, loss=-0.2403]
Epoch 103/150 [train]:  92%|█████████▏| 24/26 [00:00<00:00, 50.45it/s, S=0.3646, loss=-0.2403]
Epoch 103/150 [train]:  92%|█████████▏| 24/26 [00:00<00:00, 50.45it/s, S=0.3627, loss=-0.2379]
Epoch 103/150 [train]:  92%|█████████▏| 24/26 [00:00<00:00, 50.45it/s, S=0.3625, loss=-0.2326]
                                                                                              
Epoch 103/150  train loss=-0.2334  val loss=-0.2274  S[mean]=0.3705  ζ=0.4435  mean_plane_ζ=0.3254  reg=0.1430  λscale=0.72  lr=3.18e-04

Epoch 104/150 [train]:   0%|          | 0/26 [00:00<?, ?it/s]
Epoch 104/150 [train]:   0%|          | 0/26 [00:00<?, ?it/s, S=0.3604, loss=-0.2360]
Epoch 104/150 [train]:   0%|          | 0/26 [00:00<?, ?it/s, S=0.3602, loss=-0.2321]
Epoch 104/150 [train]:   0%|          | 0/26 [00:00<?, ?it/s, S=0.3583, loss=-0.2295]
Epoch 104/150 [train]:   0%|          | 0/26 [00:00<?, ?it/s, S=0.3678, loss=-0.2415]
Epoch 104/150 [train]:   0%|          | 0/26 [00:00<?, ?it/s, S=0.3588, loss=-0.2305]
Epoch 104/150 [train]:   0%|          | 0/26 [00:00<?, ?it/s, S=0.3603, loss=-0.2358]
Epoch 104/150 [train]:  23%|██▎       | 6/26 [00:00<00:00, 50.64it/s, S=0.3603, loss=-0.2358]
Epoch 104/150 [train]:  23%|██▎       | 6/26 [00:00<00:00, 50.64it/s, S=0.3663, loss=-0.2413]
Epoch 104/150 [train]:  23%|██▎       | 6/26 [00:00<00:00, 50.64it/s, S=0.3620, loss=-0.2287]
Epoch 104/150 [train]:  23%|██▎       | 6/26 [00:00<00:00, 50.64it/s, S=0.3636, loss=-0.2363]
Epoch 104/150 [train]:  23%|██▎       | 6/26 [00:00<00:00, 50.64it/s, S=0.3656, loss=-0.2328]
Epoch 104/150 [train]:  23%|██▎       | 6/26 [00:00<00:00, 50.64it/s, S=0.3622, loss=-0.2301]
Epoch 104/150 [train]:  23%|██▎       | 6/26 [00:00<00:00, 50.64it/s, S=0.3575, loss=-0.2248]
Epoch 104/150 [train]:  46%|████▌     | 12/26 [00:00<00:00, 50.59it/s, S=0.3575, loss=-0.2248]
Epoch 104/150 [train]:  46%|████▌     | 12/26 [00:00<00:00, 50.59it/s, S=0.3644, loss=-0.2295]
Epoch 104/150 [train]:  46%|████▌     | 12/26 [00:00<00:00, 50.59it/s, S=0.3632, loss=-0.2354]
Epoch 104/150 [train]:  46%|████▌     | 12/26 [00:00<00:00, 50.59it/s, S=0.3571, loss=-0.2261]
Epoch 104/150 [train]:  46%|████▌     | 12/26 [00:00<00:00, 50.59it/s, S=0.3650, loss=-0.2343]
Epoch 104/150 [train]:  46%|████▌     | 12/26 [00:00<00:00, 50.59it/s, S=0.3674, loss=-0.2269]
Epoch 104/150 [train]:  46%|████▌     | 12/26 [00:00<00:00, 50.59it/s, S=0.3681, loss=-0.2411]
Epoch 104/150 [train]:  69%|██████▉   | 18/26 [00:00<00:00, 50.56it/s, S=0.3681, loss=-0.2411]
Epoch 104/150 [train]:  69%|██████▉   | 18/26 [00:00<00:00, 50.56it/s, S=0.3617, loss=-0.2331]
Epoch 104/150 [train]:  69%|██████▉   | 18/26 [00:00<00:00, 50.56it/s, S=0.3627, loss=-0.2372]
Epoch 104/150 [train]:  69%|██████▉   | 18/26 [00:00<00:00, 50.56it/s, S=0.3639, loss=-0.2357]
Epoch 104/150 [train]:  69%|██████▉   | 18/26 [00:00<00:00, 50.56it/s, S=0.3611, loss=-0.2380]
Epoch 104/150 [train]:  69%|██████▉   | 18/26 [00:00<00:00, 50.56it/s, S=0.3542, loss=-0.2229]
Epoch 104/150 [train]:  69%|██████▉   | 18/26 [00:00<00:00, 50.56it/s, S=0.3520, loss=-0.2243]
Epoch 104/150 [train]:  92%|█████████▏| 24/26 [00:00<00:00, 50.52it/s, S=0.3520, loss=-0.2243]
Epoch 104/150 [train]:  92%|█████████▏| 24/26 [00:00<00:00, 50.52it/s, S=0.3673, loss=-0.2379]
Epoch 104/150 [train]:  92%|█████████▏| 24/26 [00:00<00:00, 50.52it/s, S=0.3641, loss=-0.2408]
                                                                                              
Epoch 104/150  train loss=-0.2332  val loss=-0.2270  S[mean]=0.3702  ζ=0.4444  mean_plane_ζ=0.3260  reg=0.1431  λscale=0.72  lr=3.08e-04

Epoch 105/150 [train]:   0%|          | 0/26 [00:00<?, ?it/s]
Epoch 105/150 [train]:   0%|          | 0/26 [00:00<?, ?it/s, S=0.3589, loss=-0.2280]
Epoch 105/150 [train]:   0%|          | 0/26 [00:00<?, ?it/s, S=0.3639, loss=-0.2328]
Epoch 105/150 [train]:   0%|          | 0/26 [00:00<?, ?it/s, S=0.3579, loss=-0.2237]
Epoch 105/150 [train]:   0%|          | 0/26 [00:00<?, ?it/s, S=0.3579, loss=-0.2309]
Epoch 105/150 [train]:   0%|          | 0/26 [00:00<?, ?it/s, S=0.3648, loss=-0.2354]
Epoch 105/150 [train]:   0%|          | 0/26 [00:00<?, ?it/s, S=0.3631, loss=-0.2354]
Epoch 105/150 [train]:  23%|██▎       | 6/26 [00:00<00:00, 50.64it/s, S=0.3631, loss=-0.2354]
Epoch 105/150 [train]:  23%|██▎       | 6/26 [00:00<00:00, 50.64it/s, S=0.3629, loss=-0.2334]
Epoch 105/150 [train]:  23%|██▎       | 6/26 [00:00<00:00, 50.64it/s, S=0.3621, loss=-0.2376]
Epoch 105/150 [train]:  23%|██▎       | 6/26 [00:00<00:00, 50.64it/s, S=0.3556, loss=-0.2098]
Epoch 105/150 [train]:  23%|██▎       | 6/26 [00:00<00:00, 50.64it/s, S=0.3618, loss=-0.2207]
Epoch 105/150 [train]:  23%|██▎       | 6/26 [00:00<00:00, 50.64it/s, S=0.3615, loss=-0.2359]
Epoch 105/150 [train]:  23%|██▎       | 6/26 [00:00<00:00, 50.64it/s, S=0.3582, loss=-0.2069]
Epoch 105/150 [train]:  46%|████▌     | 12/26 [00:00<00:00, 50.59it/s, S=0.3582, loss=-0.2069]
Epoch 105/150 [train]:  46%|████▌     | 12/26 [00:00<00:00, 50.59it/s, S=0.3613, loss=-0.2316]
Epoch 105/150 [train]:  46%|████▌     | 12/26 [00:00<00:00, 50.59it/s, S=0.3609, loss=-0.2310]
Epoch 105/150 [train]:  46%|████▌     | 12/26 [00:00<00:00, 50.59it/s, S=0.3690, loss=-0.2362]
Epoch 105/150 [train]:  46%|████▌     | 12/26 [00:00<00:00, 50.59it/s, S=0.3675, loss=-0.2406]
Epoch 105/150 [train]:  46%|████▌     | 12/26 [00:00<00:00, 50.59it/s, S=0.3619, loss=-0.2315]
Epoch 105/150 [train]:  46%|████▌     | 12/26 [00:00<00:00, 50.59it/s, S=0.3595, loss=-0.2270]
Epoch 105/150 [train]:  69%|██████▉   | 18/26 [00:00<00:00, 50.56it/s, S=0.3595, loss=-0.2270]
Epoch 105/150 [train]:  69%|██████▉   | 18/26 [00:00<00:00, 50.56it/s, S=0.3650, loss=-0.2358]
Epoch 105/150 [train]:  69%|██████▉   | 18/26 [00:00<00:00, 50.56it/s, S=0.3580, loss=-0.2272]
Epoch 105/150 [train]:  69%|██████▉   | 18/26 [00:00<00:00, 50.56it/s, S=0.3630, loss=-0.2328]
Epoch 105/150 [train]:  69%|██████▉   | 18/26 [00:00<00:00, 50.56it/s, S=0.3614, loss=-0.2335]
Epoch 105/150 [train]:  69%|██████▉   | 18/26 [00:00<00:00, 50.56it/s, S=0.3648, loss=-0.2365]
Epoch 105/150 [train]:  69%|██████▉   | 18/26 [00:00<00:00, 50.56it/s, S=0.3593, loss=-0.2340]
Epoch 105/150 [train]:  92%|█████████▏| 24/26 [00:00<00:00, 50.51it/s, S=0.3593, loss=-0.2340]
Epoch 105/150 [train]:  92%|█████████▏| 24/26 [00:00<00:00, 50.51it/s, S=0.3550, loss=-0.2250]
Epoch 105/150 [train]:  92%|█████████▏| 24/26 [00:00<00:00, 50.51it/s, S=0.3508, loss=-0.2129]
                                                                                              
Epoch 105/150  train loss=-0.2295  val loss=-0.2261  S[mean]=0.3699  ζ=0.4442  mean_plane_ζ=0.3259  reg=0.1438  λscale=0.73  lr=2.99e-04

Epoch 106/150 [train]:   0%|          | 0/26 [00:00<?, ?it/s]
Epoch 106/150 [train]:   0%|          | 0/26 [00:00<?, ?it/s, S=0.3612, loss=-0.2372]
Epoch 106/150 [train]:   0%|          | 0/26 [00:00<?, ?it/s, S=0.3609, loss=-0.2305]
Epoch 106/150 [train]:   0%|          | 0/26 [00:00<?, ?it/s, S=0.3641, loss=-0.2358]
Epoch 106/150 [train]:   0%|          | 0/26 [00:00<?, ?it/s, S=0.3660, loss=-0.2376]
Epoch 106/150 [train]:   0%|          | 0/26 [00:00<?, ?it/s, S=0.3617, loss=-0.2329]
Epoch 106/150 [train]:   0%|          | 0/26 [00:00<?, ?it/s, S=0.3626, loss=-0.2316]
Epoch 106/150 [train]:  23%|██▎       | 6/26 [00:00<00:00, 50.65it/s, S=0.3626, loss=-0.2316]
Epoch 106/150 [train]:  23%|██▎       | 6/26 [00:00<00:00, 50.65it/s, S=0.3653, loss=-0.2411]
Epoch 106/150 [train]:  23%|██▎       | 6/26 [00:00<00:00, 50.65it/s, S=0.3639, loss=-0.2386]
Epoch 106/150 [train]:  23%|██▎       | 6/26 [00:00<00:00, 50.65it/s, S=0.3632, loss=-0.2352]
Epoch 106/150 [train]:  23%|██▎       | 6/26 [00:00<00:00, 50.65it/s, S=0.3665, loss=-0.2433]
Epoch 106/150 [train]:  23%|██▎       | 6/26 [00:00<00:00, 50.65it/s, S=0.3666, loss=-0.2305]
Epoch 106/150 [train]:  23%|██▎       | 6/26 [00:00<00:00, 50.65it/s, S=0.3580, loss=-0.2317]
Epoch 106/150 [train]:  46%|████▌     | 12/26 [00:00<00:00, 50.58it/s, S=0.3580, loss=-0.2317]
Epoch 106/150 [train]:  46%|████▌     | 12/26 [00:00<00:00, 50.58it/s, S=0.3576, loss=-0.2200]
Epoch 106/150 [train]:  46%|████▌     | 12/26 [00:00<00:00, 50.58it/s, S=0.3679, loss=-0.2413]
Epoch 106/150 [train]:  46%|████▌     | 12/26 [00:00<00:00, 50.58it/s, S=0.3635, loss=-0.2358]
Epoch 106/150 [train]:  46%|████▌     | 12/26 [00:00<00:00, 50.58it/s, S=0.3628, loss=-0.2402]
Epoch 106/150 [train]:  46%|████▌     | 12/26 [00:00<00:00, 50.58it/s, S=0.3593, loss=-0.2306]
Epoch 106/150 [train]:  46%|████▌     | 12/26 [00:00<00:00, 50.58it/s, S=0.3619, loss=-0.2375]
Epoch 106/150 [train]:  69%|██████▉   | 18/26 [00:00<00:00, 50.54it/s, S=0.3619, loss=-0.2375]
Epoch 106/150 [train]:  69%|██████▉   | 18/26 [00:00<00:00, 50.54it/s, S=0.3530, loss=-0.2114]
Epoch 106/150 [train]:  69%|██████▉   | 18/26 [00:00<00:00, 50.54it/s, S=0.3580, loss=-0.2304]
Epoch 106/150 [train]:  69%|██████▉   | 18/26 [00:00<00:00, 50.54it/s, S=0.3635, loss=-0.2390]
Epoch 106/150 [train]:  69%|██████▉   | 18/26 [00:00<00:00, 50.54it/s, S=0.3584, loss=-0.2343]
Epoch 106/150 [train]:  69%|██████▉   | 18/26 [00:00<00:00, 50.54it/s, S=0.3637, loss=-0.2342]
Epoch 106/150 [train]:  69%|██████▉   | 18/26 [00:00<00:00, 50.54it/s, S=0.3572, loss=-0.2260]
Epoch 106/150 [train]:  92%|█████████▏| 24/26 [00:00<00:00, 50.54it/s, S=0.3572, loss=-0.2260]
Epoch 106/150 [train]:  92%|█████████▏| 24/26 [00:00<00:00, 50.54it/s, S=0.3653, loss=-0.2243]
Epoch 106/150 [train]:  92%|█████████▏| 24/26 [00:00<00:00, 50.54it/s, S=0.3600, loss=-0.2341]
                                                                                              
Epoch 106/150  train loss=-0.2333  val loss=-0.2265  S[mean]=0.3700  ζ=0.4441  mean_plane_ζ=0.3259  reg=0.1434  λscale=0.73  lr=2.89e-04

Epoch 107/150 [train]:   0%|          | 0/26 [00:00<?, ?it/s]
Epoch 107/150 [train]:   0%|          | 0/26 [00:00<?, ?it/s, S=0.3615, loss=-0.2324]
Epoch 107/150 [train]:   0%|          | 0/26 [00:00<?, ?it/s, S=0.3598, loss=-0.2303]
Epoch 107/150 [train]:   0%|          | 0/26 [00:00<?, ?it/s, S=0.3614, loss=-0.2314]
Epoch 107/150 [train]:   0%|          | 0/26 [00:00<?, ?it/s, S=0.3616, loss=-0.2353]
Epoch 107/150 [train]:   0%|          | 0/26 [00:00<?, ?it/s, S=0.3645, loss=-0.2387]
Epoch 107/150 [train]:   0%|          | 0/26 [00:00<?, ?it/s, S=0.3624, loss=-0.2372]
Epoch 107/150 [train]:  23%|██▎       | 6/26 [00:00<00:00, 50.70it/s, S=0.3624, loss=-0.2372]
Epoch 107/150 [train]:  23%|██▎       | 6/26 [00:00<00:00, 50.70it/s, S=0.3718, loss=-0.2459]
Epoch 107/150 [train]:  23%|██▎       | 6/26 [00:00<00:00, 50.70it/s, S=0.3641, loss=-0.2337]
Epoch 107/150 [train]:  23%|██▎       | 6/26 [00:00<00:00, 50.70it/s, S=0.3622, loss=-0.2279]
Epoch 107/150 [train]:  23%|██▎       | 6/26 [00:00<00:00, 50.70it/s, S=0.3581, loss=-0.2159]
Epoch 107/150 [train]:  23%|██▎       | 6/26 [00:00<00:00, 50.70it/s, S=0.3586, loss=-0.2364]
Epoch 107/150 [train]:  23%|██▎       | 6/26 [00:00<00:00, 50.70it/s, S=0.3639, loss=-0.2402]
Epoch 107/150 [train]:  46%|████▌     | 12/26 [00:00<00:00, 50.50it/s, S=0.3639, loss=-0.2402]
Epoch 107/150 [train]:  46%|████▌     | 12/26 [00:00<00:00, 50.50it/s, S=0.3651, loss=-0.2344]
Epoch 107/150 [train]:  46%|████▌     | 12/26 [00:00<00:00, 50.50it/s, S=0.3656, loss=-0.2325]
Epoch 107/150 [train]:  46%|████▌     | 12/26 [00:00<00:00, 50.50it/s, S=0.3533, loss=-0.2179]
Epoch 107/150 [train]:  46%|████▌     | 12/26 [00:00<00:00, 50.50it/s, S=0.3619, loss=-0.2369]
Epoch 107/150 [train]:  46%|████▌     | 12/26 [00:00<00:00, 50.50it/s, S=0.3607, loss=-0.2211]
Epoch 107/150 [train]:  46%|████▌     | 12/26 [00:00<00:00, 50.50it/s, S=0.3618, loss=-0.2283]
Epoch 107/150 [train]:  69%|██████▉   | 18/26 [00:00<00:00, 50.52it/s, S=0.3618, loss=-0.2283]
Epoch 107/150 [train]:  69%|██████▉   | 18/26 [00:00<00:00, 50.52it/s, S=0.3637, loss=-0.2322]
Epoch 107/150 [train]:  69%|██████▉   | 18/26 [00:00<00:00, 50.52it/s, S=0.3616, loss=-0.2354]
Epoch 107/150 [train]:  69%|██████▉   | 18/26 [00:00<00:00, 50.52it/s, S=0.3572, loss=-0.2281]
Epoch 107/150 [train]:  69%|██████▉   | 18/26 [00:00<00:00, 50.52it/s, S=0.3617, loss=-0.2371]
Epoch 107/150 [train]:  69%|██████▉   | 18/26 [00:00<00:00, 50.52it/s, S=0.3635, loss=-0.2413]
Epoch 107/150 [train]:  69%|██████▉   | 18/26 [00:00<00:00, 50.52it/s, S=0.3681, loss=-0.2391]
Epoch 107/150 [train]:  92%|█████████▏| 24/26 [00:00<00:00, 50.54it/s, S=0.3681, loss=-0.2391]
Epoch 107/150 [train]:  92%|█████████▏| 24/26 [00:00<00:00, 50.54it/s, S=0.3640, loss=-0.2334]
Epoch 107/150 [train]:  92%|█████████▏| 24/26 [00:00<00:00, 50.54it/s, S=0.3546, loss=-0.2141]
                                                                                              
Epoch 107/150  train loss=-0.2322  val loss=-0.2266  S[mean]=0.3704  ζ=0.4440  mean_plane_ζ=0.3258  reg=0.1438  λscale=0.74  lr=2.79e-04

Epoch 108/150 [train]:   0%|          | 0/26 [00:00<?, ?it/s]
Epoch 108/150 [train]:   0%|          | 0/26 [00:00<?, ?it/s, S=0.3628, loss=-0.2383]
Epoch 108/150 [train]:   0%|          | 0/26 [00:00<?, ?it/s, S=0.3606, loss=-0.2254]
Epoch 108/150 [train]:   0%|          | 0/26 [00:00<?, ?it/s, S=0.3620, loss=-0.2264]
Epoch 108/150 [train]:   0%|          | 0/26 [00:00<?, ?it/s, S=0.3595, loss=-0.2233]
Epoch 108/150 [train]:   0%|          | 0/26 [00:00<?, ?it/s, S=0.3587, loss=-0.2264]
Epoch 108/150 [train]:   0%|          | 0/26 [00:00<?, ?it/s, S=0.3618, loss=-0.2340]
Epoch 108/150 [train]:  23%|██▎       | 6/26 [00:00<00:00, 50.56it/s, S=0.3618, loss=-0.2340]
Epoch 108/150 [train]:  23%|██▎       | 6/26 [00:00<00:00, 50.56it/s, S=0.3622, loss=-0.2309]
Epoch 108/150 [train]:  23%|██▎       | 6/26 [00:00<00:00, 50.56it/s, S=0.3611, loss=-0.2334]
Epoch 108/150 [train]:  23%|██▎       | 6/26 [00:00<00:00, 50.56it/s, S=0.3611, loss=-0.2303]
Epoch 108/150 [train]:  23%|██▎       | 6/26 [00:00<00:00, 50.56it/s, S=0.3696, loss=-0.2369]
Epoch 108/150 [train]:  23%|██▎       | 6/26 [00:00<00:00, 50.56it/s, S=0.3698, loss=-0.2350]
Epoch 108/150 [train]:  23%|██▎       | 6/26 [00:00<00:00, 50.56it/s, S=0.3557, loss=-0.2234]
Epoch 108/150 [train]:  46%|████▌     | 12/26 [00:00<00:00, 50.54it/s, S=0.3557, loss=-0.2234]
Epoch 108/150 [train]:  46%|████▌     | 12/26 [00:00<00:00, 50.54it/s, S=0.3608, loss=-0.2334]
Epoch 108/150 [train]:  46%|████▌     | 12/26 [00:00<00:00, 50.54it/s, S=0.3680, loss=-0.2397]
Epoch 108/150 [train]:  46%|████▌     | 12/26 [00:00<00:00, 50.54it/s, S=0.3638, loss=-0.2229]
Epoch 108/150 [train]:  46%|████▌     | 12/26 [00:00<00:00, 50.54it/s, S=0.3644, loss=-0.2389]
Epoch 108/150 [train]:  46%|████▌     | 12/26 [00:00<00:00, 50.54it/s, S=0.3571, loss=-0.2239]
Epoch 108/150 [train]:  46%|████▌     | 12/26 [00:00<00:00, 50.54it/s, S=0.3498, loss=-0.2186]
Epoch 108/150 [train]:  69%|██████▉   | 18/26 [00:00<00:00, 50.54it/s, S=0.3498, loss=-0.2186]
Epoch 108/150 [train]:  69%|██████▉   | 18/26 [00:00<00:00, 50.54it/s, S=0.3622, loss=-0.2298]
Epoch 108/150 [train]:  69%|██████▉   | 18/26 [00:00<00:00, 50.54it/s, S=0.3630, loss=-0.2399]
Epoch 108/150 [train]:  69%|██████▉   | 18/26 [00:00<00:00, 50.54it/s, S=0.3624, loss=-0.2396]
Epoch 108/150 [train]:  69%|██████▉   | 18/26 [00:00<00:00, 50.54it/s, S=0.3653, loss=-0.2373]
Epoch 108/150 [train]:  69%|██████▉   | 18/26 [00:00<00:00, 50.54it/s, S=0.3617, loss=-0.2412]
Epoch 108/150 [train]:  69%|██████▉   | 18/26 [00:00<00:00, 50.54it/s, S=0.3635, loss=-0.2382]
Epoch 108/150 [train]:  92%|█████████▏| 24/26 [00:00<00:00, 50.55it/s, S=0.3635, loss=-0.2382]
Epoch 108/150 [train]:  92%|█████████▏| 24/26 [00:00<00:00, 50.55it/s, S=0.3578, loss=-0.2156]
Epoch 108/150 [train]:  92%|█████████▏| 24/26 [00:00<00:00, 50.55it/s, S=0.3576, loss=-0.2332]
                                                                                              
Epoch 108/150  train loss=-0.2314  val loss=-0.2267  S[mean]=0.3701  ζ=0.4449  mean_plane_ζ=0.3266  reg=0.1433  λscale=0.75  lr=2.70e-04

Epoch 109/150 [train]:   0%|          | 0/26 [00:00<?, ?it/s]
Epoch 109/150 [train]:   0%|          | 0/26 [00:00<?, ?it/s, S=0.3572, loss=-0.2162]
Epoch 109/150 [train]:   0%|          | 0/26 [00:00<?, ?it/s, S=0.3606, loss=-0.2240]
Epoch 109/150 [train]:   0%|          | 0/26 [00:00<?, ?it/s, S=0.3533, loss=-0.2156]
Epoch 109/150 [train]:   0%|          | 0/26 [00:00<?, ?it/s, S=0.3694, loss=-0.2426]
Epoch 109/150 [train]:   0%|          | 0/26 [00:00<?, ?it/s, S=0.3576, loss=-0.2215]
Epoch 109/150 [train]:   0%|          | 0/26 [00:00<?, ?it/s, S=0.3586, loss=-0.2345]
Epoch 109/150 [train]:  23%|██▎       | 6/26 [00:00<00:00, 50.62it/s, S=0.3586, loss=-0.2345]
Epoch 109/150 [train]:  23%|██▎       | 6/26 [00:00<00:00, 50.62it/s, S=0.3655, loss=-0.2391]
Epoch 109/150 [train]:  23%|██▎       | 6/26 [00:00<00:00, 50.62it/s, S=0.3683, loss=-0.2424]
Epoch 109/150 [train]:  23%|██▎       | 6/26 [00:00<00:00, 50.62it/s, S=0.3602, loss=-0.2248]
Epoch 109/150 [train]:  23%|██▎       | 6/26 [00:00<00:00, 50.62it/s, S=0.3635, loss=-0.2328]
Epoch 109/150 [train]:  23%|██▎       | 6/26 [00:00<00:00, 50.62it/s, S=0.3625, loss=-0.2355]
Epoch 109/150 [train]:  23%|██▎       | 6/26 [00:00<00:00, 50.62it/s, S=0.3619, loss=-0.2232]
Epoch 109/150 [train]:  46%|████▌     | 12/26 [00:00<00:00, 50.56it/s, S=0.3619, loss=-0.2232]
Epoch 109/150 [train]:  46%|████▌     | 12/26 [00:00<00:00, 50.56it/s, S=0.3586, loss=-0.2220]
Epoch 109/150 [train]:  46%|████▌     | 12/26 [00:00<00:00, 50.56it/s, S=0.3617, loss=-0.2379]
Epoch 109/150 [train]:  46%|████▌     | 12/26 [00:00<00:00, 50.56it/s, S=0.3586, loss=-0.2253]
Epoch 109/150 [train]:  46%|████▌     | 12/26 [00:00<00:00, 50.56it/s, S=0.3651, loss=-0.2337]
Epoch 109/150 [train]:  46%|████▌     | 12/26 [00:00<00:00, 50.56it/s, S=0.3670, loss=-0.2395]
Epoch 109/150 [train]:  46%|████▌     | 12/26 [00:00<00:00, 50.56it/s, S=0.3592, loss=-0.2270]
Epoch 109/150 [train]:  69%|██████▉   | 18/26 [00:00<00:00, 50.57it/s, S=0.3592, loss=-0.2270]
Epoch 109/150 [train]:  69%|██████▉   | 18/26 [00:00<00:00, 50.57it/s, S=0.3623, loss=-0.2369]
Epoch 109/150 [train]:  69%|██████▉   | 18/26 [00:00<00:00, 50.57it/s, S=0.3623, loss=-0.2345]
Epoch 109/150 [train]:  69%|██████▉   | 18/26 [00:00<00:00, 50.57it/s, S=0.3651, loss=-0.2340]
Epoch 109/150 [train]:  69%|██████▉   | 18/26 [00:00<00:00, 50.57it/s, S=0.3532, loss=-0.2108]
Epoch 109/150 [train]:  69%|██████▉   | 18/26 [00:00<00:00, 50.57it/s, S=0.3639, loss=-0.2394]
Epoch 109/150 [train]:  69%|██████▉   | 18/26 [00:00<00:00, 50.57it/s, S=0.3566, loss=-0.2244]
Epoch 109/150 [train]:  92%|█████████▏| 24/26 [00:00<00:00, 50.56it/s, S=0.3566, loss=-0.2244]
Epoch 109/150 [train]:  92%|█████████▏| 24/26 [00:00<00:00, 50.56it/s, S=0.3649, loss=-0.2343]
Epoch 109/150 [train]:  92%|█████████▏| 24/26 [00:00<00:00, 50.56it/s, S=0.3542, loss=-0.2267]
                                                                                              
Epoch 109/150  train loss=-0.2299  val loss=-0.2257  S[mean]=0.3698  ζ=0.4448  mean_plane_ζ=0.3264  reg=0.1441  λscale=0.75  lr=2.60e-04

Epoch 110/150 [train]:   0%|          | 0/26 [00:00<?, ?it/s]
Epoch 110/150 [train]:   0%|          | 0/26 [00:00<?, ?it/s, S=0.3616, loss=-0.2225]
Epoch 110/150 [train]:   0%|          | 0/26 [00:00<?, ?it/s, S=0.3643, loss=-0.2384]
Epoch 110/150 [train]:   0%|          | 0/26 [00:00<?, ?it/s, S=0.3608, loss=-0.2362]
Epoch 110/150 [train]:   0%|          | 0/26 [00:00<?, ?it/s, S=0.3612, loss=-0.2231]
Epoch 110/150 [train]:   0%|          | 0/26 [00:00<?, ?it/s, S=0.3706, loss=-0.2437]
Epoch 110/150 [train]:   0%|          | 0/26 [00:00<?, ?it/s, S=0.3634, loss=-0.2265]
Epoch 110/150 [train]:  23%|██▎       | 6/26 [00:00<00:00, 50.64it/s, S=0.3634, loss=-0.2265]
Epoch 110/150 [train]:  23%|██▎       | 6/26 [00:00<00:00, 50.64it/s, S=0.3534, loss=-0.2229]
Epoch 110/150 [train]:  23%|██▎       | 6/26 [00:00<00:00, 50.64it/s, S=0.3618, loss=-0.2391]
Epoch 110/150 [train]:  23%|██▎       | 6/26 [00:00<00:00, 50.64it/s, S=0.3654, loss=-0.2387]
Epoch 110/150 [train]:  23%|██▎       | 6/26 [00:00<00:00, 50.64it/s, S=0.3643, loss=-0.2237]
Epoch 110/150 [train]:  23%|██▎       | 6/26 [00:00<00:00, 50.64it/s, S=0.3563, loss=-0.2190]
Epoch 110/150 [train]:  23%|██▎       | 6/26 [00:00<00:00, 50.64it/s, S=0.3620, loss=-0.2377]
Epoch 110/150 [train]:  46%|████▌     | 12/26 [00:00<00:00, 50.58it/s, S=0.3620, loss=-0.2377]
Epoch 110/150 [train]:  46%|████▌     | 12/26 [00:00<00:00, 50.58it/s, S=0.3657, loss=-0.2417]
Epoch 110/150 [train]:  46%|████▌     | 12/26 [00:00<00:00, 50.58it/s, S=0.3613, loss=-0.2231]
Epoch 110/150 [train]:  46%|████▌     | 12/26 [00:00<00:00, 50.58it/s, S=0.3594, loss=-0.2282]
Epoch 110/150 [train]:  46%|████▌     | 12/26 [00:00<00:00, 50.58it/s, S=0.3665, loss=-0.2410]
Epoch 110/150 [train]:  46%|████▌     | 12/26 [00:00<00:00, 50.58it/s, S=0.3622, loss=-0.2372]
Epoch 110/150 [train]:  46%|████▌     | 12/26 [00:00<00:00, 50.58it/s, S=0.3592, loss=-0.2284]
Epoch 110/150 [train]:  69%|██████▉   | 18/26 [00:00<00:00, 50.53it/s, S=0.3592, loss=-0.2284]
Epoch 110/150 [train]:  69%|██████▉   | 18/26 [00:00<00:00, 50.53it/s, S=0.3587, loss=-0.2265]
Epoch 110/150 [train]:  69%|██████▉   | 18/26 [00:00<00:00, 50.53it/s, S=0.3617, loss=-0.2392]
Epoch 110/150 [train]:  69%|██████▉   | 18/26 [00:00<00:00, 50.53it/s, S=0.3624, loss=-0.2220]
Epoch 110/150 [train]:  69%|██████▉   | 18/26 [00:00<00:00, 50.53it/s, S=0.3594, loss=-0.2348]
Epoch 110/150 [train]:  69%|██████▉   | 18/26 [00:00<00:00, 50.53it/s, S=0.3664, loss=-0.2397]
Epoch 110/150 [train]:  69%|██████▉   | 18/26 [00:00<00:00, 50.53it/s, S=0.3568, loss=-0.2218]
Epoch 110/150 [train]:  92%|█████████▏| 24/26 [00:00<00:00, 50.52it/s, S=0.3568, loss=-0.2218]
Epoch 110/150 [train]:  92%|█████████▏| 24/26 [00:00<00:00, 50.52it/s, S=0.3622, loss=-0.2335]
Epoch 110/150 [train]:  92%|█████████▏| 24/26 [00:00<00:00, 50.52it/s, S=0.3557, loss=-0.2252]
                                                                                              
Epoch 110/150  train loss=-0.2313  val loss=-0.2262  S[mean]=0.3701  ζ=0.4449  mean_plane_ζ=0.3266  reg=0.1439  λscale=0.76  lr=2.50e-04

Epoch 111/150 [train]:   0%|          | 0/26 [00:00<?, ?it/s]
Epoch 111/150 [train]:   0%|          | 0/26 [00:00<?, ?it/s, S=0.3597, loss=-0.2323]
Epoch 111/150 [train]:   0%|          | 0/26 [00:00<?, ?it/s, S=0.3603, loss=-0.2318]
Epoch 111/150 [train]:   0%|          | 0/26 [00:00<?, ?it/s, S=0.3596, loss=-0.2366]
Epoch 111/150 [train]:   0%|          | 0/26 [00:00<?, ?it/s, S=0.3613, loss=-0.2293]
Epoch 111/150 [train]:   0%|          | 0/26 [00:00<?, ?it/s, S=0.3642, loss=-0.2346]
Epoch 111/150 [train]:   0%|          | 0/26 [00:00<?, ?it/s, S=0.3548, loss=-0.2145]
Epoch 111/150 [train]:  23%|██▎       | 6/26 [00:00<00:00, 50.67it/s, S=0.3548, loss=-0.2145]
Epoch 111/150 [train]:  23%|██▎       | 6/26 [00:00<00:00, 50.67it/s, S=0.3636, loss=-0.2328]
Epoch 111/150 [train]:  23%|██▎       | 6/26 [00:00<00:00, 50.67it/s, S=0.3614, loss=-0.2299]
Epoch 111/150 [train]:  23%|██▎       | 6/26 [00:00<00:00, 50.67it/s, S=0.3564, loss=-0.2242]
Epoch 111/150 [train]:  23%|██▎       | 6/26 [00:00<00:00, 50.67it/s, S=0.3653, loss=-0.2434]
Epoch 111/150 [train]:  23%|██▎       | 6/26 [00:00<00:00, 50.67it/s, S=0.3619, loss=-0.2327]
Epoch 111/150 [train]:  23%|██▎       | 6/26 [00:00<00:00, 50.67it/s, S=0.3598, loss=-0.2325]
Epoch 111/150 [train]:  46%|████▌     | 12/26 [00:00<00:00, 50.59it/s, S=0.3598, loss=-0.2325]
Epoch 111/150 [train]:  46%|████▌     | 12/26 [00:00<00:00, 50.59it/s, S=0.3626, loss=-0.2355]
Epoch 111/150 [train]:  46%|████▌     | 12/26 [00:00<00:00, 50.59it/s, S=0.3652, loss=-0.2359]
Epoch 111/150 [train]:  46%|████▌     | 12/26 [00:00<00:00, 50.59it/s, S=0.3670, loss=-0.2380]
Epoch 111/150 [train]:  46%|████▌     | 12/26 [00:00<00:00, 50.59it/s, S=0.3577, loss=-0.2204]
Epoch 111/150 [train]:  46%|████▌     | 12/26 [00:00<00:00, 50.59it/s, S=0.3607, loss=-0.2318]
Epoch 111/150 [train]:  46%|████▌     | 12/26 [00:00<00:00, 50.59it/s, S=0.3680, loss=-0.2415]
Epoch 111/150 [train]:  69%|██████▉   | 18/26 [00:00<00:00, 50.60it/s, S=0.3680, loss=-0.2415]
Epoch 111/150 [train]:  69%|██████▉   | 18/26 [00:00<00:00, 50.60it/s, S=0.3623, loss=-0.2148]
Epoch 111/150 [train]:  69%|██████▉   | 18/26 [00:00<00:00, 50.60it/s, S=0.3665, loss=-0.2420]
Epoch 111/150 [train]:  69%|██████▉   | 18/26 [00:00<00:00, 50.60it/s, S=0.3592, loss=-0.2302]
Epoch 111/150 [train]:  69%|██████▉   | 18/26 [00:00<00:00, 50.60it/s, S=0.3624, loss=-0.2317]
Epoch 111/150 [train]:  69%|██████▉   | 18/26 [00:00<00:00, 50.60it/s, S=0.3598, loss=-0.2365]
Epoch 111/150 [train]:  69%|██████▉   | 18/26 [00:00<00:00, 50.60it/s, S=0.3623, loss=-0.2303]
Epoch 111/150 [train]:  92%|█████████▏| 24/26 [00:00<00:00, 50.49it/s, S=0.3623, loss=-0.2303]
Epoch 111/150 [train]:  92%|█████████▏| 24/26 [00:00<00:00, 50.49it/s, S=0.3604, loss=-0.2349]
Epoch 111/150 [train]:  92%|█████████▏| 24/26 [00:00<00:00, 50.49it/s, S=0.3655, loss=-0.2378]
                                                                                              
Epoch 111/150  train loss=-0.2321  val loss=-0.2251  S[mean]=0.3696  ζ=0.4451  mean_plane_ζ=0.3266  reg=0.1446  λscale=0.76  lr=2.40e-04

Epoch 112/150 [train]:   0%|          | 0/26 [00:00<?, ?it/s]
Epoch 112/150 [train]:   0%|          | 0/26 [00:00<?, ?it/s, S=0.3622, loss=-0.2360]
Epoch 112/150 [train]:   0%|          | 0/26 [00:00<?, ?it/s, S=0.3645, loss=-0.2351]
Epoch 112/150 [train]:   0%|          | 0/26 [00:00<?, ?it/s, S=0.3637, loss=-0.2407]
Epoch 112/150 [train]:   0%|          | 0/26 [00:00<?, ?it/s, S=0.3601, loss=-0.2298]
Epoch 112/150 [train]:   0%|          | 0/26 [00:00<?, ?it/s, S=0.3653, loss=-0.2360]
Epoch 112/150 [train]:   0%|          | 0/26 [00:00<?, ?it/s, S=0.3599, loss=-0.2163]
Epoch 112/150 [train]:  23%|██▎       | 6/26 [00:00<00:00, 50.59it/s, S=0.3599, loss=-0.2163]
Epoch 112/150 [train]:  23%|██▎       | 6/26 [00:00<00:00, 50.59it/s, S=0.3640, loss=-0.2283]
Epoch 112/150 [train]:  23%|██▎       | 6/26 [00:00<00:00, 50.59it/s, S=0.3651, loss=-0.2289]
Epoch 112/150 [train]:  23%|██▎       | 6/26 [00:00<00:00, 50.59it/s, S=0.3639, loss=-0.2381]
Epoch 112/150 [train]:  23%|██▎       | 6/26 [00:00<00:00, 50.59it/s, S=0.3669, loss=-0.2388]
Epoch 112/150 [train]:  23%|██▎       | 6/26 [00:00<00:00, 50.59it/s, S=0.3536, loss=-0.2259]
Epoch 112/150 [train]:  23%|██▎       | 6/26 [00:00<00:00, 50.59it/s, S=0.3611, loss=-0.2280]
Epoch 112/150 [train]:  46%|████▌     | 12/26 [00:00<00:00, 50.55it/s, S=0.3611, loss=-0.2280]
Epoch 112/150 [train]:  46%|████▌     | 12/26 [00:00<00:00, 50.55it/s, S=0.3645, loss=-0.2427]
Epoch 112/150 [train]:  46%|████▌     | 12/26 [00:00<00:00, 50.55it/s, S=0.3547, loss=-0.2020]
Epoch 112/150 [train]:  46%|████▌     | 12/26 [00:00<00:00, 50.55it/s, S=0.3581, loss=-0.2193]
Epoch 112/150 [train]:  46%|████▌     | 12/26 [00:00<00:00, 50.55it/s, S=0.3608, loss=-0.2363]
Epoch 112/150 [train]:  46%|████▌     | 12/26 [00:00<00:00, 50.55it/s, S=0.3582, loss=-0.2316]
Epoch 112/150 [train]:  46%|████▌     | 12/26 [00:00<00:00, 50.55it/s, S=0.3622, loss=-0.2407]
Epoch 112/150 [train]:  69%|██████▉   | 18/26 [00:00<00:00, 50.54it/s, S=0.3622, loss=-0.2407]
Epoch 112/150 [train]:  69%|██████▉   | 18/26 [00:00<00:00, 50.54it/s, S=0.3588, loss=-0.2260]
Epoch 112/150 [train]:  69%|██████▉   | 18/26 [00:00<00:00, 50.54it/s, S=0.3592, loss=-0.2248]
Epoch 112/150 [train]:  69%|██████▉   | 18/26 [00:00<00:00, 50.54it/s, S=0.3598, loss=-0.2309]
Epoch 112/150 [train]:  69%|██████▉   | 18/26 [00:00<00:00, 50.54it/s, S=0.3633, loss=-0.2316]
Epoch 112/150 [train]:  69%|██████▉   | 18/26 [00:00<00:00, 50.54it/s, S=0.3653, loss=-0.2338]
Epoch 112/150 [train]:  69%|██████▉   | 18/26 [00:00<00:00, 50.54it/s, S=0.3600, loss=-0.2309]
Epoch 112/150 [train]:  92%|█████████▏| 24/26 [00:00<00:00, 50.48it/s, S=0.3600, loss=-0.2309]
Epoch 112/150 [train]:  92%|█████████▏| 24/26 [00:00<00:00, 50.48it/s, S=0.3594, loss=-0.2200]
Epoch 112/150 [train]:  92%|█████████▏| 24/26 [00:00<00:00, 50.48it/s, S=0.3590, loss=-0.2299]
                                                                                              
Epoch 112/150  train loss=-0.2301  val loss=-0.2255  S[mean]=0.3696  ζ=0.4453  mean_plane_ζ=0.3271  reg=0.1441  λscale=0.77  lr=2.30e-04

Epoch 113/150 [train]:   0%|          | 0/26 [00:00<?, ?it/s]
Epoch 113/150 [train]:   0%|          | 0/26 [00:00<?, ?it/s, S=0.3586, loss=-0.2166]
Epoch 113/150 [train]:   0%|          | 0/26 [00:00<?, ?it/s, S=0.3574, loss=-0.2322]
Epoch 113/150 [train]:   0%|          | 0/26 [00:00<?, ?it/s, S=0.3629, loss=-0.2369]
Epoch 113/150 [train]:   0%|          | 0/26 [00:00<?, ?it/s, S=0.3637, loss=-0.2274]
Epoch 113/150 [train]:   0%|          | 0/26 [00:00<?, ?it/s, S=0.3633, loss=-0.2367]
Epoch 113/150 [train]:   0%|          | 0/26 [00:00<?, ?it/s, S=0.3620, loss=-0.2166]
Epoch 113/150 [train]:  23%|██▎       | 6/26 [00:00<00:00, 50.57it/s, S=0.3620, loss=-0.2166]
Epoch 113/150 [train]:  23%|██▎       | 6/26 [00:00<00:00, 50.57it/s, S=0.3643, loss=-0.2365]
Epoch 113/150 [train]:  23%|██▎       | 6/26 [00:00<00:00, 50.57it/s, S=0.3652, loss=-0.2389]
Epoch 113/150 [train]:  23%|██▎       | 6/26 [00:00<00:00, 50.57it/s, S=0.3628, loss=-0.2317]
Epoch 113/150 [train]:  23%|██▎       | 6/26 [00:00<00:00, 50.57it/s, S=0.3534, loss=-0.2120]
Epoch 113/150 [train]:  23%|██▎       | 6/26 [00:00<00:00, 50.57it/s, S=0.3632, loss=-0.2302]
Epoch 113/150 [train]:  23%|██▎       | 6/26 [00:00<00:00, 50.57it/s, S=0.3574, loss=-0.2160]
Epoch 113/150 [train]:  46%|████▌     | 12/26 [00:00<00:00, 50.53it/s, S=0.3574, loss=-0.2160]
Epoch 113/150 [train]:  46%|████▌     | 12/26 [00:00<00:00, 50.53it/s, S=0.3675, loss=-0.2469]
Epoch 113/150 [train]:  46%|████▌     | 12/26 [00:00<00:00, 50.53it/s, S=0.3664, loss=-0.2389]
Epoch 113/150 [train]:  46%|████▌     | 12/26 [00:00<00:00, 50.53it/s, S=0.3659, loss=-0.2392]
Epoch 113/150 [train]:  46%|████▌     | 12/26 [00:00<00:00, 50.53it/s, S=0.3643, loss=-0.2436]
Epoch 113/150 [train]:  46%|████▌     | 12/26 [00:00<00:00, 50.53it/s, S=0.3663, loss=-0.2372]
Epoch 113/150 [train]:  46%|████▌     | 12/26 [00:00<00:00, 50.53it/s, S=0.3606, loss=-0.2321]
Epoch 113/150 [train]:  69%|██████▉   | 18/26 [00:00<00:00, 50.48it/s, S=0.3606, loss=-0.2321]
Epoch 113/150 [train]:  69%|██████▉   | 18/26 [00:00<00:00, 50.48it/s, S=0.3601, loss=-0.2296]
Epoch 113/150 [train]:  69%|██████▉   | 18/26 [00:00<00:00, 50.48it/s, S=0.3606, loss=-0.2234]
Epoch 113/150 [train]:  69%|██████▉   | 18/26 [00:00<00:00, 50.48it/s, S=0.3643, loss=-0.2405]
Epoch 113/150 [train]:  69%|██████▉   | 18/26 [00:00<00:00, 50.48it/s, S=0.3655, loss=-0.2390]
Epoch 113/150 [train]:  69%|██████▉   | 18/26 [00:00<00:00, 50.48it/s, S=0.3588, loss=-0.2302]
Epoch 113/150 [train]:  69%|██████▉   | 18/26 [00:00<00:00, 50.48it/s, S=0.3558, loss=-0.2335]
Epoch 113/150 [train]:  92%|█████████▏| 24/26 [00:00<00:00, 50.42it/s, S=0.3558, loss=-0.2335]
Epoch 113/150 [train]:  92%|█████████▏| 24/26 [00:00<00:00, 50.42it/s, S=0.3538, loss=-0.2301]
Epoch 113/150 [train]:  92%|█████████▏| 24/26 [00:00<00:00, 50.42it/s, S=0.3532, loss=-0.2116]
                                                                                              
Epoch 113/150  train loss=-0.2311  val loss=-0.2246  S[mean]=0.3697  ζ=0.4452  mean_plane_ζ=0.3271  reg=0.1450  λscale=0.78  lr=2.21e-04

Epoch 114/150 [train]:   0%|          | 0/26 [00:00<?, ?it/s]
Epoch 114/150 [train]:   0%|          | 0/26 [00:00<?, ?it/s, S=0.3660, loss=-0.2423]
Epoch 114/150 [train]:   0%|          | 0/26 [00:00<?, ?it/s, S=0.3614, loss=-0.2231]
Epoch 114/150 [train]:   0%|          | 0/26 [00:00<?, ?it/s, S=0.3616, loss=-0.2343]
Epoch 114/150 [train]:   0%|          | 0/26 [00:00<?, ?it/s, S=0.3655, loss=-0.2377]
Epoch 114/150 [train]:   0%|          | 0/26 [00:00<?, ?it/s, S=0.3613, loss=-0.2357]
Epoch 114/150 [train]:   0%|          | 0/26 [00:00<?, ?it/s, S=0.3588, loss=-0.2242]
Epoch 114/150 [train]:  23%|██▎       | 6/26 [00:00<00:00, 50.64it/s, S=0.3588, loss=-0.2242]
Epoch 114/150 [train]:  23%|██▎       | 6/26 [00:00<00:00, 50.64it/s, S=0.3660, loss=-0.2430]
Epoch 114/150 [train]:  23%|██▎       | 6/26 [00:00<00:00, 50.64it/s, S=0.3632, loss=-0.2313]
Epoch 114/150 [train]:  23%|██▎       | 6/26 [00:00<00:00, 50.64it/s, S=0.3600, loss=-0.2271]
Epoch 114/150 [train]:  23%|██▎       | 6/26 [00:00<00:00, 50.64it/s, S=0.3615, loss=-0.2245]
Epoch 114/150 [train]:  23%|██▎       | 6/26 [00:00<00:00, 50.64it/s, S=0.3678, loss=-0.2409]
Epoch 114/150 [train]:  23%|██▎       | 6/26 [00:00<00:00, 50.64it/s, S=0.3602, loss=-0.2349]
Epoch 114/150 [train]:  46%|████▌     | 12/26 [00:00<00:00, 50.50it/s, S=0.3602, loss=-0.2349]
Epoch 114/150 [train]:  46%|████▌     | 12/26 [00:00<00:00, 50.50it/s, S=0.3663, loss=-0.2402]
Epoch 114/150 [train]:  46%|████▌     | 12/26 [00:00<00:00, 50.50it/s, S=0.3584, loss=-0.2275]
Epoch 114/150 [train]:  46%|████▌     | 12/26 [00:00<00:00, 50.50it/s, S=0.3611, loss=-0.2349]
Epoch 114/150 [train]:  46%|████▌     | 12/26 [00:00<00:00, 50.50it/s, S=0.3610, loss=-0.2371]
Epoch 114/150 [train]:  46%|████▌     | 12/26 [00:00<00:00, 50.50it/s, S=0.3559, loss=-0.2261]
Epoch 114/150 [train]:  46%|████▌     | 12/26 [00:00<00:00, 50.50it/s, S=0.3650, loss=-0.2415]
Epoch 114/150 [train]:  69%|██████▉   | 18/26 [00:00<00:00, 50.51it/s, S=0.3650, loss=-0.2415]
Epoch 114/150 [train]:  69%|██████▉   | 18/26 [00:00<00:00, 50.51it/s, S=0.3644, loss=-0.2320]
Epoch 114/150 [train]:  69%|██████▉   | 18/26 [00:00<00:00, 50.51it/s, S=0.3602, loss=-0.2325]
Epoch 114/150 [train]:  69%|██████▉   | 18/26 [00:00<00:00, 50.51it/s, S=0.3564, loss=-0.2174]
Epoch 114/150 [train]:  69%|██████▉   | 18/26 [00:00<00:00, 50.51it/s, S=0.3592, loss=-0.2321]
Epoch 114/150 [train]:  69%|██████▉   | 18/26 [00:00<00:00, 50.51it/s, S=0.3644, loss=-0.2428]
Epoch 114/150 [train]:  69%|██████▉   | 18/26 [00:00<00:00, 50.51it/s, S=0.3586, loss=-0.2244]
Epoch 114/150 [train]:  92%|█████████▏| 24/26 [00:00<00:00, 50.53it/s, S=0.3586, loss=-0.2244]
Epoch 114/150 [train]:  92%|█████████▏| 24/26 [00:00<00:00, 50.53it/s, S=0.3583, loss=-0.2296]
Epoch 114/150 [train]:  92%|█████████▏| 24/26 [00:00<00:00, 50.53it/s, S=0.3643, loss=-0.2318]
                                                                                              
Epoch 114/150  train loss=-0.2327  val loss=-0.2240  S[mean]=0.3693  ζ=0.4451  mean_plane_ζ=0.3270  reg=0.1453  λscale=0.78  lr=2.11e-04

Epoch 115/150 [train]:   0%|          | 0/26 [00:00<?, ?it/s]
Epoch 115/150 [train]:   0%|          | 0/26 [00:00<?, ?it/s, S=0.3597, loss=-0.2347]
Epoch 115/150 [train]:   0%|          | 0/26 [00:00<?, ?it/s, S=0.3645, loss=-0.2261]
Epoch 115/150 [train]:   0%|          | 0/26 [00:00<?, ?it/s, S=0.3631, loss=-0.2318]
Epoch 115/150 [train]:   0%|          | 0/26 [00:00<?, ?it/s, S=0.3615, loss=-0.2348]
Epoch 115/150 [train]:   0%|          | 0/26 [00:00<?, ?it/s, S=0.3596, loss=-0.2337]
Epoch 115/150 [train]:   0%|          | 0/26 [00:00<?, ?it/s, S=0.3648, loss=-0.2278]
Epoch 115/150 [train]:  23%|██▎       | 6/26 [00:00<00:00, 50.62it/s, S=0.3648, loss=-0.2278]
Epoch 115/150 [train]:  23%|██▎       | 6/26 [00:00<00:00, 50.62it/s, S=0.3625, loss=-0.2220]
Epoch 115/150 [train]:  23%|██▎       | 6/26 [00:00<00:00, 50.62it/s, S=0.3573, loss=-0.2078]
Epoch 115/150 [train]:  23%|██▎       | 6/26 [00:00<00:00, 50.62it/s, S=0.3643, loss=-0.2418]
Epoch 115/150 [train]:  23%|██▎       | 6/26 [00:00<00:00, 50.62it/s, S=0.3647, loss=-0.2414]
Epoch 115/150 [train]:  23%|██▎       | 6/26 [00:00<00:00, 50.62it/s, S=0.3599, loss=-0.2378]
Epoch 115/150 [train]:  23%|██▎       | 6/26 [00:00<00:00, 50.62it/s, S=0.3603, loss=-0.2357]
Epoch 115/150 [train]:  46%|████▌     | 12/26 [00:00<00:00, 50.59it/s, S=0.3603, loss=-0.2357]
Epoch 115/150 [train]:  46%|████▌     | 12/26 [00:00<00:00, 50.59it/s, S=0.3579, loss=-0.2249]
Epoch 115/150 [train]:  46%|████▌     | 12/26 [00:00<00:00, 50.59it/s, S=0.3641, loss=-0.2371]
Epoch 115/150 [train]:  46%|████▌     | 12/26 [00:00<00:00, 50.59it/s, S=0.3612, loss=-0.2314]
Epoch 115/150 [train]:  46%|████▌     | 12/26 [00:00<00:00, 50.59it/s, S=0.3671, loss=-0.2358]
Epoch 115/150 [train]:  46%|████▌     | 12/26 [00:00<00:00, 50.59it/s, S=0.3571, loss=-0.2215]
Epoch 115/150 [train]:  46%|████▌     | 12/26 [00:00<00:00, 50.59it/s, S=0.3578, loss=-0.2237]
Epoch 115/150 [train]:  69%|██████▉   | 18/26 [00:00<00:00, 50.58it/s, S=0.3578, loss=-0.2237]
Epoch 115/150 [train]:  69%|██████▉   | 18/26 [00:00<00:00, 50.58it/s, S=0.3568, loss=-0.2187]
Epoch 115/150 [train]:  69%|██████▉   | 18/26 [00:00<00:00, 50.58it/s, S=0.3566, loss=-0.2219]
Epoch 115/150 [train]:  69%|██████▉   | 18/26 [00:00<00:00, 50.58it/s, S=0.3562, loss=-0.2222]
Epoch 115/150 [train]:  69%|██████▉   | 18/26 [00:00<00:00, 50.58it/s, S=0.3692, loss=-0.2400]
Epoch 115/150 [train]:  69%|██████▉   | 18/26 [00:00<00:00, 50.58it/s, S=0.3590, loss=-0.2341]
Epoch 115/150 [train]:  69%|██████▉   | 18/26 [00:00<00:00, 50.58it/s, S=0.3637, loss=-0.2382]
Epoch 115/150 [train]:  92%|█████████▏| 24/26 [00:00<00:00, 50.56it/s, S=0.3637, loss=-0.2382]
Epoch 115/150 [train]:  92%|█████████▏| 24/26 [00:00<00:00, 50.56it/s, S=0.3621, loss=-0.2306]
Epoch 115/150 [train]:  92%|█████████▏| 24/26 [00:00<00:00, 50.56it/s, S=0.3653, loss=-0.2356]
                                                                                              
Epoch 115/150  train loss=-0.2304  val loss=-0.2242  S[mean]=0.3694  ζ=0.4454  mean_plane_ζ=0.3272  reg=0.1452  λscale=0.79  lr=2.01e-04

Epoch 116/150 [train]:   0%|          | 0/26 [00:00<?, ?it/s]
Epoch 116/150 [train]:   0%|          | 0/26 [00:00<?, ?it/s, S=0.3590, loss=-0.2286]
Epoch 116/150 [train]:   0%|          | 0/26 [00:00<?, ?it/s, S=0.3664, loss=-0.2402]
Epoch 116/150 [train]:   0%|          | 0/26 [00:00<?, ?it/s, S=0.3606, loss=-0.2302]
Epoch 116/150 [train]:   0%|          | 0/26 [00:00<?, ?it/s, S=0.3607, loss=-0.2270]
Epoch 116/150 [train]:   0%|          | 0/26 [00:00<?, ?it/s, S=0.3565, loss=-0.2261]
Epoch 116/150 [train]:   0%|          | 0/26 [00:00<?, ?it/s, S=0.3620, loss=-0.2208]
Epoch 116/150 [train]:  23%|██▎       | 6/26 [00:00<00:00, 50.57it/s, S=0.3620, loss=-0.2208]
Epoch 116/150 [train]:  23%|██▎       | 6/26 [00:00<00:00, 50.57it/s, S=0.3603, loss=-0.2257]
Epoch 116/150 [train]:  23%|██▎       | 6/26 [00:00<00:00, 50.57it/s, S=0.3638, loss=-0.2281]
Epoch 116/150 [train]:  23%|██▎       | 6/26 [00:00<00:00, 50.57it/s, S=0.3574, loss=-0.2238]
Epoch 116/150 [train]:  23%|██▎       | 6/26 [00:00<00:00, 50.57it/s, S=0.3600, loss=-0.2328]
Epoch 116/150 [train]:  23%|██▎       | 6/26 [00:00<00:00, 50.57it/s, S=0.3621, loss=-0.2256]
Epoch 116/150 [train]:  23%|██▎       | 6/26 [00:00<00:00, 50.57it/s, S=0.3585, loss=-0.2219]
Epoch 116/150 [train]:  46%|████▌     | 12/26 [00:00<00:00, 50.56it/s, S=0.3585, loss=-0.2219]
Epoch 116/150 [train]:  46%|████▌     | 12/26 [00:00<00:00, 50.56it/s, S=0.3590, loss=-0.2313]
Epoch 116/150 [train]:  46%|████▌     | 12/26 [00:00<00:00, 50.56it/s, S=0.3601, loss=-0.2303]
Epoch 116/150 [train]:  46%|████▌     | 12/26 [00:00<00:00, 50.56it/s, S=0.3659, loss=-0.2366]
Epoch 116/150 [train]:  46%|████▌     | 12/26 [00:00<00:00, 50.56it/s, S=0.3648, loss=-0.2384]
Epoch 116/150 [train]:  46%|████▌     | 12/26 [00:00<00:00, 50.56it/s, S=0.3632, loss=-0.2308]
Epoch 116/150 [train]:  46%|████▌     | 12/26 [00:00<00:00, 50.56it/s, S=0.3656, loss=-0.2376]
Epoch 116/150 [train]:  69%|██████▉   | 18/26 [00:00<00:00, 50.53it/s, S=0.3656, loss=-0.2376]
Epoch 116/150 [train]:  69%|██████▉   | 18/26 [00:00<00:00, 50.53it/s, S=0.3627, loss=-0.2357]
Epoch 116/150 [train]:  69%|██████▉   | 18/26 [00:00<00:00, 50.53it/s, S=0.3638, loss=-0.2303]
Epoch 116/150 [train]:  69%|██████▉   | 18/26 [00:00<00:00, 50.53it/s, S=0.3607, loss=-0.2368]
Epoch 116/150 [train]:  69%|██████▉   | 18/26 [00:00<00:00, 50.53it/s, S=0.3612, loss=-0.2360]
Epoch 116/150 [train]:  69%|██████▉   | 18/26 [00:00<00:00, 50.53it/s, S=0.3643, loss=-0.2273]
Epoch 116/150 [train]:  69%|██████▉   | 18/26 [00:00<00:00, 50.53it/s, S=0.3571, loss=-0.2203]
Epoch 116/150 [train]:  92%|█████████▏| 24/26 [00:00<00:00, 50.54it/s, S=0.3571, loss=-0.2203]
Epoch 116/150 [train]:  92%|█████████▏| 24/26 [00:00<00:00, 50.54it/s, S=0.3540, loss=-0.2148]
Epoch 116/150 [train]:  92%|█████████▏| 24/26 [00:00<00:00, 50.54it/s, S=0.3580, loss=-0.2352]
                                                                                              
Epoch 116/150  train loss=-0.2297  val loss=-0.2246  S[mean]=0.3692  ζ=0.4463  mean_plane_ζ=0.3279  reg=0.1446  λscale=0.79  lr=1.92e-04

Epoch 117/150 [train]:   0%|          | 0/26 [00:00<?, ?it/s]
Epoch 117/150 [train]:   0%|          | 0/26 [00:00<?, ?it/s, S=0.3643, loss=-0.2377]
Epoch 117/150 [train]:   0%|          | 0/26 [00:00<?, ?it/s, S=0.3678, loss=-0.2287]
Epoch 117/150 [train]:   0%|          | 0/26 [00:00<?, ?it/s, S=0.3634, loss=-0.2351]
Epoch 117/150 [train]:   0%|          | 0/26 [00:00<?, ?it/s, S=0.3629, loss=-0.2358]
Epoch 117/150 [train]:   0%|          | 0/26 [00:00<?, ?it/s, S=0.3601, loss=-0.2306]
Epoch 117/150 [train]:   0%|          | 0/26 [00:00<?, ?it/s, S=0.3633, loss=-0.2399]
Epoch 117/150 [train]:  23%|██▎       | 6/26 [00:00<00:00, 50.57it/s, S=0.3633, loss=-0.2399]
Epoch 117/150 [train]:  23%|██▎       | 6/26 [00:00<00:00, 50.57it/s, S=0.3657, loss=-0.2383]
Epoch 117/150 [train]:  23%|██▎       | 6/26 [00:00<00:00, 50.57it/s, S=0.3568, loss=-0.2204]
Epoch 117/150 [train]:  23%|██▎       | 6/26 [00:00<00:00, 50.57it/s, S=0.3652, loss=-0.2394]
Epoch 117/150 [train]:  23%|██▎       | 6/26 [00:00<00:00, 50.57it/s, S=0.3574, loss=-0.2317]
Epoch 117/150 [train]:  23%|██▎       | 6/26 [00:00<00:00, 50.57it/s, S=0.3633, loss=-0.2338]
Epoch 117/150 [train]:  23%|██▎       | 6/26 [00:00<00:00, 50.57it/s, S=0.3653, loss=-0.2319]
Epoch 117/150 [train]:  46%|████▌     | 12/26 [00:00<00:00, 50.56it/s, S=0.3653, loss=-0.2319]
Epoch 117/150 [train]:  46%|████▌     | 12/26 [00:00<00:00, 50.56it/s, S=0.3561, loss=-0.2223]
Epoch 117/150 [train]:  46%|████▌     | 12/26 [00:00<00:00, 50.56it/s, S=0.3598, loss=-0.2338]
Epoch 117/150 [train]:  46%|████▌     | 12/26 [00:00<00:00, 50.56it/s, S=0.3599, loss=-0.2307]
Epoch 117/150 [train]:  46%|████▌     | 12/26 [00:00<00:00, 50.56it/s, S=0.3651, loss=-0.2311]
Epoch 117/150 [train]:  46%|████▌     | 12/26 [00:00<00:00, 50.56it/s, S=0.3649, loss=-0.2424]
Epoch 117/150 [train]:  46%|████▌     | 12/26 [00:00<00:00, 50.56it/s, S=0.3652, loss=-0.2404]
Epoch 117/150 [train]:  69%|██████▉   | 18/26 [00:00<00:00, 50.55it/s, S=0.3652, loss=-0.2404]
Epoch 117/150 [train]:  69%|██████▉   | 18/26 [00:00<00:00, 50.55it/s, S=0.3607, loss=-0.2307]
Epoch 117/150 [train]:  69%|██████▉   | 18/26 [00:00<00:00, 50.55it/s, S=0.3564, loss=-0.2156]
Epoch 117/150 [train]:  69%|██████▉   | 18/26 [00:00<00:00, 50.55it/s, S=0.3629, loss=-0.2368]
Epoch 117/150 [train]:  69%|██████▉   | 18/26 [00:00<00:00, 50.55it/s, S=0.3653, loss=-0.2413]
Epoch 117/150 [train]:  69%|██████▉   | 18/26 [00:00<00:00, 50.55it/s, S=0.3566, loss=-0.2263]
Epoch 117/150 [train]:  69%|██████▉   | 18/26 [00:00<00:00, 50.55it/s, S=0.3572, loss=-0.2321]
Epoch 117/150 [train]:  92%|█████████▏| 24/26 [00:00<00:00, 50.55it/s, S=0.3572, loss=-0.2321]
Epoch 117/150 [train]:  92%|█████████▏| 24/26 [00:00<00:00, 50.55it/s, S=0.3538, loss=-0.2101]
Epoch 117/150 [train]:  92%|█████████▏| 24/26 [00:00<00:00, 50.55it/s, S=0.3658, loss=-0.2383]
                                                                                              
Epoch 117/150  train loss=-0.2321  val loss=-0.2238  S[mean]=0.3693  ζ=0.4459  mean_plane_ζ=0.3275  reg=0.1454  λscale=0.80  lr=1.82e-04

Epoch 118/150 [train]:   0%|          | 0/26 [00:00<?, ?it/s]
Epoch 118/150 [train]:   0%|          | 0/26 [00:00<?, ?it/s, S=0.3603, loss=-0.2269]
Epoch 118/150 [train]:   0%|          | 0/26 [00:00<?, ?it/s, S=0.3591, loss=-0.2266]
Epoch 118/150 [train]:   0%|          | 0/26 [00:00<?, ?it/s, S=0.3641, loss=-0.2346]
Epoch 118/150 [train]:   0%|          | 0/26 [00:00<?, ?it/s, S=0.3560, loss=-0.2237]
Epoch 118/150 [train]:   0%|          | 0/26 [00:00<?, ?it/s, S=0.3636, loss=-0.2369]
Epoch 118/150 [train]:   0%|          | 0/26 [00:00<?, ?it/s, S=0.3569, loss=-0.2324]
Epoch 118/150 [train]:  23%|██▎       | 6/26 [00:00<00:00, 50.63it/s, S=0.3569, loss=-0.2324]
Epoch 118/150 [train]:  23%|██▎       | 6/26 [00:00<00:00, 50.63it/s, S=0.3614, loss=-0.2329]
Epoch 118/150 [train]:  23%|██▎       | 6/26 [00:00<00:00, 50.63it/s, S=0.3637, loss=-0.2389]
Epoch 118/150 [train]:  23%|██▎       | 6/26 [00:00<00:00, 50.63it/s, S=0.3613, loss=-0.2369]
Epoch 118/150 [train]:  23%|██▎       | 6/26 [00:00<00:00, 50.63it/s, S=0.3617, loss=-0.2305]
Epoch 118/150 [train]:  23%|██▎       | 6/26 [00:00<00:00, 50.63it/s, S=0.3671, loss=-0.2325]
Epoch 118/150 [train]:  23%|██▎       | 6/26 [00:00<00:00, 50.63it/s, S=0.3591, loss=-0.2229]
Epoch 118/150 [train]:  46%|████▌     | 12/26 [00:00<00:00, 50.55it/s, S=0.3591, loss=-0.2229]
Epoch 118/150 [train]:  46%|████▌     | 12/26 [00:00<00:00, 50.55it/s, S=0.3598, loss=-0.2296]
Epoch 118/150 [train]:  46%|████▌     | 12/26 [00:00<00:00, 50.55it/s, S=0.3530, loss=-0.2238]
Epoch 118/150 [train]:  46%|████▌     | 12/26 [00:00<00:00, 50.55it/s, S=0.3680, loss=-0.2339]
Epoch 118/150 [train]:  46%|████▌     | 12/26 [00:00<00:00, 50.55it/s, S=0.3580, loss=-0.2328]
Epoch 118/150 [train]:  46%|████▌     | 12/26 [00:00<00:00, 50.55it/s, S=0.3640, loss=-0.2354]
Epoch 118/150 [train]:  46%|████▌     | 12/26 [00:00<00:00, 50.55it/s, S=0.3646, loss=-0.2311]
Epoch 118/150 [train]:  69%|██████▉   | 18/26 [00:00<00:00, 50.36it/s, S=0.3646, loss=-0.2311]
Epoch 118/150 [train]:  69%|██████▉   | 18/26 [00:00<00:00, 50.36it/s, S=0.3632, loss=-0.2402]
Epoch 118/150 [train]:  69%|██████▉   | 18/26 [00:00<00:00, 50.36it/s, S=0.3577, loss=-0.2294]
Epoch 118/150 [train]:  69%|██████▉   | 18/26 [00:00<00:00, 50.36it/s, S=0.3619, loss=-0.2378]
Epoch 118/150 [train]:  69%|██████▉   | 18/26 [00:00<00:00, 50.36it/s, S=0.3662, loss=-0.2353]
Epoch 118/150 [train]:  69%|██████▉   | 18/26 [00:00<00:00, 50.36it/s, S=0.3554, loss=-0.2123]
Epoch 118/150 [train]:  69%|██████▉   | 18/26 [00:00<00:00, 50.36it/s, S=0.3617, loss=-0.2314]
Epoch 118/150 [train]:  92%|█████████▏| 24/26 [00:00<00:00, 50.43it/s, S=0.3617, loss=-0.2314]
Epoch 118/150 [train]:  92%|█████████▏| 24/26 [00:00<00:00, 50.43it/s, S=0.3642, loss=-0.2387]
Epoch 118/150 [train]:  92%|█████████▏| 24/26 [00:00<00:00, 50.43it/s, S=0.3688, loss=-0.2400]
                                                                                              
Epoch 118/150  train loss=-0.2318  val loss=-0.2236  S[mean]=0.3694  ζ=0.4461  mean_plane_ζ=0.3277  reg=0.1459  λscale=0.81  lr=1.73e-04

Epoch 119/150 [train]:   0%|          | 0/26 [00:00<?, ?it/s]
Epoch 119/150 [train]:   0%|          | 0/26 [00:00<?, ?it/s, S=0.3661, loss=-0.2416]
Epoch 119/150 [train]:   0%|          | 0/26 [00:00<?, ?it/s, S=0.3623, loss=-0.2357]
Epoch 119/150 [train]:   0%|          | 0/26 [00:00<?, ?it/s, S=0.3642, loss=-0.2403]
Epoch 119/150 [train]:   0%|          | 0/26 [00:00<?, ?it/s, S=0.3628, loss=-0.2327]
Epoch 119/150 [train]:   0%|          | 0/26 [00:00<?, ?it/s, S=0.3651, loss=-0.2344]
Epoch 119/150 [train]:   0%|          | 0/26 [00:00<?, ?it/s, S=0.3630, loss=-0.2301]
Epoch 119/150 [train]:  23%|██▎       | 6/26 [00:00<00:00, 50.67it/s, S=0.3630, loss=-0.2301]
Epoch 119/150 [train]:  23%|██▎       | 6/26 [00:00<00:00, 50.67it/s, S=0.3543, loss=-0.2177]
Epoch 119/150 [train]:  23%|██▎       | 6/26 [00:00<00:00, 50.67it/s, S=0.3652, loss=-0.2397]
Epoch 119/150 [train]:  23%|██▎       | 6/26 [00:00<00:00, 50.67it/s, S=0.3653, loss=-0.2342]
Epoch 119/150 [train]:  23%|██▎       | 6/26 [00:00<00:00, 50.67it/s, S=0.3647, loss=-0.2358]
Epoch 119/150 [train]:  23%|██▎       | 6/26 [00:00<00:00, 50.67it/s, S=0.3571, loss=-0.2323]
Epoch 119/150 [train]:  23%|██▎       | 6/26 [00:00<00:00, 50.67it/s, S=0.3625, loss=-0.2232]
Epoch 119/150 [train]:  46%|████▌     | 12/26 [00:00<00:00, 50.51it/s, S=0.3625, loss=-0.2232]
Epoch 119/150 [train]:  46%|████▌     | 12/26 [00:00<00:00, 50.51it/s, S=0.3632, loss=-0.2331]
Epoch 119/150 [train]:  46%|████▌     | 12/26 [00:00<00:00, 50.51it/s, S=0.3666, loss=-0.2375]
Epoch 119/150 [train]:  46%|████▌     | 12/26 [00:00<00:00, 50.51it/s, S=0.3584, loss=-0.2298]
Epoch 119/150 [train]:  46%|████▌     | 12/26 [00:00<00:00, 50.51it/s, S=0.3658, loss=-0.2349]
Epoch 119/150 [train]:  46%|████▌     | 12/26 [00:00<00:00, 50.51it/s, S=0.3640, loss=-0.2327]
Epoch 119/150 [train]:  46%|████▌     | 12/26 [00:00<00:00, 50.51it/s, S=0.3620, loss=-0.2375]
Epoch 119/150 [train]:  69%|██████▉   | 18/26 [00:00<00:00, 50.46it/s, S=0.3620, loss=-0.2375]
Epoch 119/150 [train]:  69%|██████▉   | 18/26 [00:00<00:00, 50.46it/s, S=0.3576, loss=-0.2187]
Epoch 119/150 [train]:  69%|██████▉   | 18/26 [00:00<00:00, 50.46it/s, S=0.3651, loss=-0.2349]
Epoch 119/150 [train]:  69%|██████▉   | 18/26 [00:00<00:00, 50.46it/s, S=0.3540, loss=-0.2201]
Epoch 119/150 [train]:  69%|██████▉   | 18/26 [00:00<00:00, 50.46it/s, S=0.3576, loss=-0.2266]
Epoch 119/150 [train]:  69%|██████▉   | 18/26 [00:00<00:00, 50.46it/s, S=0.3624, loss=-0.2371]
Epoch 119/150 [train]:  69%|██████▉   | 18/26 [00:00<00:00, 50.46it/s, S=0.3508, loss=-0.2222]
Epoch 119/150 [train]:  92%|█████████▏| 24/26 [00:00<00:00, 50.42it/s, S=0.3508, loss=-0.2222]
Epoch 119/150 [train]:  92%|█████████▏| 24/26 [00:00<00:00, 50.42it/s, S=0.3608, loss=-0.2274]
Epoch 119/150 [train]:  92%|█████████▏| 24/26 [00:00<00:00, 50.42it/s, S=0.3615, loss=-0.2306]
                                                                                              
Epoch 119/150  train loss=-0.2316  val loss=-0.2225  S[mean]=0.3691  ζ=0.4461  mean_plane_ζ=0.3277  reg=0.1466  λscale=0.81  lr=1.63e-04

Epoch 120/150 [train]:   0%|          | 0/26 [00:00<?, ?it/s]
Epoch 120/150 [train]:   0%|          | 0/26 [00:00<?, ?it/s, S=0.3626, loss=-0.2352]
Epoch 120/150 [train]:   0%|          | 0/26 [00:00<?, ?it/s, S=0.3606, loss=-0.2335]
Epoch 120/150 [train]:   0%|          | 0/26 [00:00<?, ?it/s, S=0.3674, loss=-0.2274]
Epoch 120/150 [train]:   0%|          | 0/26 [00:00<?, ?it/s, S=0.3642, loss=-0.2360]
Epoch 120/150 [train]:   0%|          | 0/26 [00:00<?, ?it/s, S=0.3598, loss=-0.2313]
Epoch 120/150 [train]:   0%|          | 0/26 [00:00<?, ?it/s, S=0.3637, loss=-0.2212]
Epoch 120/150 [train]:  23%|██▎       | 6/26 [00:00<00:00, 50.64it/s, S=0.3637, loss=-0.2212]
Epoch 120/150 [train]:  23%|██▎       | 6/26 [00:00<00:00, 50.64it/s, S=0.3658, loss=-0.2348]
Epoch 120/150 [train]:  23%|██▎       | 6/26 [00:00<00:00, 50.64it/s, S=0.3712, loss=-0.2444]
Epoch 120/150 [train]:  23%|██▎       | 6/26 [00:00<00:00, 50.64it/s, S=0.3637, loss=-0.2368]
Epoch 120/150 [train]:  23%|██▎       | 6/26 [00:00<00:00, 50.64it/s, S=0.3632, loss=-0.2338]
Epoch 120/150 [train]:  23%|██▎       | 6/26 [00:00<00:00, 50.64it/s, S=0.3616, loss=-0.2319]
Epoch 120/150 [train]:  23%|██▎       | 6/26 [00:00<00:00, 50.64it/s, S=0.3570, loss=-0.2254]
Epoch 120/150 [train]:  46%|████▌     | 12/26 [00:00<00:00, 50.57it/s, S=0.3570, loss=-0.2254]
Epoch 120/150 [train]:  46%|████▌     | 12/26 [00:00<00:00, 50.57it/s, S=0.3575, loss=-0.2203]
Epoch 120/150 [train]:  46%|████▌     | 12/26 [00:00<00:00, 50.57it/s, S=0.3536, loss=-0.2147]
Epoch 120/150 [train]:  46%|████▌     | 12/26 [00:00<00:00, 50.57it/s, S=0.3576, loss=-0.2212]
Epoch 120/150 [train]:  46%|████▌     | 12/26 [00:00<00:00, 50.57it/s, S=0.3629, loss=-0.2368]
Epoch 120/150 [train]:  46%|████▌     | 12/26 [00:00<00:00, 50.57it/s, S=0.3567, loss=-0.2256]
Epoch 120/150 [train]:  46%|████▌     | 12/26 [00:00<00:00, 50.57it/s, S=0.3575, loss=-0.2260]
Epoch 120/150 [train]:  69%|██████▉   | 18/26 [00:00<00:00, 50.56it/s, S=0.3575, loss=-0.2260]
Epoch 120/150 [train]:  69%|██████▉   | 18/26 [00:00<00:00, 50.56it/s, S=0.3560, loss=-0.2226]
Epoch 120/150 [train]:  69%|██████▉   | 18/26 [00:00<00:00, 50.56it/s, S=0.3566, loss=-0.2180]
Epoch 120/150 [train]:  69%|██████▉   | 18/26 [00:00<00:00, 50.56it/s, S=0.3610, loss=-0.2306]
Epoch 120/150 [train]:  69%|██████▉   | 18/26 [00:00<00:00, 50.56it/s, S=0.3677, loss=-0.2395]
Epoch 120/150 [train]:  69%|██████▉   | 18/26 [00:00<00:00, 50.56it/s, S=0.3572, loss=-0.2166]
Epoch 120/150 [train]:  69%|██████▉   | 18/26 [00:00<00:00, 50.56it/s, S=0.3588, loss=-0.2267]
Epoch 120/150 [train]:  92%|█████████▏| 24/26 [00:00<00:00, 50.50it/s, S=0.3588, loss=-0.2267]
Epoch 120/150 [train]:  92%|█████████▏| 24/26 [00:00<00:00, 50.50it/s, S=0.3659, loss=-0.2263]
Epoch 120/150 [train]:  92%|█████████▏| 24/26 [00:00<00:00, 50.50it/s, S=0.3611, loss=-0.2382]
                                                                                              
Epoch 120/150  train loss=-0.2290  val loss=-0.2225  S[mean]=0.3691  ζ=0.4459  mean_plane_ζ=0.3277  reg=0.1466  λscale=0.82  lr=1.54e-04

Epoch 121/150 [train]:   0%|          | 0/26 [00:00<?, ?it/s]
Epoch 121/150 [train]:   0%|          | 0/26 [00:00<?, ?it/s, S=0.3617, loss=-0.2286]
Epoch 121/150 [train]:   0%|          | 0/26 [00:00<?, ?it/s, S=0.3646, loss=-0.2340]
Epoch 121/150 [train]:   0%|          | 0/26 [00:00<?, ?it/s, S=0.3607, loss=-0.2316]
Epoch 121/150 [train]:   0%|          | 0/26 [00:00<?, ?it/s, S=0.3628, loss=-0.2307]
Epoch 121/150 [train]:   0%|          | 0/26 [00:00<?, ?it/s, S=0.3620, loss=-0.2357]
Epoch 121/150 [train]:   0%|          | 0/26 [00:00<?, ?it/s, S=0.3637, loss=-0.2366]
Epoch 121/150 [train]:  23%|██▎       | 6/26 [00:00<00:00, 50.72it/s, S=0.3637, loss=-0.2366]
Epoch 121/150 [train]:  23%|██▎       | 6/26 [00:00<00:00, 50.72it/s, S=0.3573, loss=-0.2259]
Epoch 121/150 [train]:  23%|██▎       | 6/26 [00:00<00:00, 50.72it/s, S=0.3611, loss=-0.2241]
Epoch 121/150 [train]:  23%|██▎       | 6/26 [00:00<00:00, 50.72it/s, S=0.3637, loss=-0.2321]
Epoch 121/150 [train]:  23%|██▎       | 6/26 [00:00<00:00, 50.72it/s, S=0.3650, loss=-0.2350]
Epoch 121/150 [train]:  23%|██▎       | 6/26 [00:00<00:00, 50.72it/s, S=0.3629, loss=-0.2361]
Epoch 121/150 [train]:  23%|██▎       | 6/26 [00:00<00:00, 50.72it/s, S=0.3611, loss=-0.2269]
Epoch 121/150 [train]:  46%|████▌     | 12/26 [00:00<00:00, 49.72it/s, S=0.3611, loss=-0.2269]
Epoch 121/150 [train]:  46%|████▌     | 12/26 [00:00<00:00, 49.72it/s, S=0.3601, loss=-0.2353]
Epoch 121/150 [train]:  46%|████▌     | 12/26 [00:00<00:00, 49.72it/s, S=0.3609, loss=-0.2278]
Epoch 121/150 [train]:  46%|████▌     | 12/26 [00:00<00:00, 49.72it/s, S=0.3596, loss=-0.2192]
Epoch 121/150 [train]:  46%|████▌     | 12/26 [00:00<00:00, 49.72it/s, S=0.3590, loss=-0.2276]
Epoch 121/150 [train]:  46%|████▌     | 12/26 [00:00<00:00, 49.72it/s, S=0.3643, loss=-0.2369]
Epoch 121/150 [train]:  46%|████▌     | 12/26 [00:00<00:00, 49.72it/s, S=0.3612, loss=-0.2324]
Epoch 121/150 [train]:  69%|██████▉   | 18/26 [00:00<00:00, 50.12it/s, S=0.3612, loss=-0.2324]
Epoch 121/150 [train]:  69%|██████▉   | 18/26 [00:00<00:00, 50.12it/s, S=0.3586, loss=-0.2368]
Epoch 121/150 [train]:  69%|██████▉   | 18/26 [00:00<00:00, 50.12it/s, S=0.3579, loss=-0.2202]
Epoch 121/150 [train]:  69%|██████▉   | 18/26 [00:00<00:00, 50.12it/s, S=0.3608, loss=-0.2297]
Epoch 121/150 [train]:  69%|██████▉   | 18/26 [00:00<00:00, 50.12it/s, S=0.3653, loss=-0.2328]
Epoch 121/150 [train]:  69%|██████▉   | 18/26 [00:00<00:00, 50.12it/s, S=0.3600, loss=-0.2234]
Epoch 121/150 [train]:  69%|██████▉   | 18/26 [00:00<00:00, 50.12it/s, S=0.3628, loss=-0.2285]
Epoch 121/150 [train]:  92%|█████████▏| 24/26 [00:00<00:00, 50.31it/s, S=0.3628, loss=-0.2285]
Epoch 121/150 [train]:  92%|█████████▏| 24/26 [00:00<00:00, 50.31it/s, S=0.3638, loss=-0.2358]
Epoch 121/150 [train]:  92%|█████████▏| 24/26 [00:00<00:00, 50.31it/s, S=0.3606, loss=-0.2236]
                                                                                              
Epoch 121/150  train loss=-0.2303  val loss=-0.2216  S[mean]=0.3689  ζ=0.4461  mean_plane_ζ=0.3279  reg=0.1473  λscale=0.82  lr=1.45e-04

Epoch 122/150 [train]:   0%|          | 0/26 [00:00<?, ?it/s]
Epoch 122/150 [train]:   0%|          | 0/26 [00:00<?, ?it/s, S=0.3650, loss=-0.2357]
Epoch 122/150 [train]:   0%|          | 0/26 [00:00<?, ?it/s, S=0.3656, loss=-0.2425]
Epoch 122/150 [train]:   0%|          | 0/26 [00:00<?, ?it/s, S=0.3610, loss=-0.2323]
Epoch 122/150 [train]:   0%|          | 0/26 [00:00<?, ?it/s, S=0.3633, loss=-0.2317]
Epoch 122/150 [train]:   0%|          | 0/26 [00:00<?, ?it/s, S=0.3631, loss=-0.2251]
Epoch 122/150 [train]:   0%|          | 0/26 [00:00<?, ?it/s, S=0.3628, loss=-0.2233]
Epoch 122/150 [train]:  23%|██▎       | 6/26 [00:00<00:00, 50.71it/s, S=0.3628, loss=-0.2233]
Epoch 122/150 [train]:  23%|██▎       | 6/26 [00:00<00:00, 50.71it/s, S=0.3644, loss=-0.2325]
Epoch 122/150 [train]:  23%|██▎       | 6/26 [00:00<00:00, 50.71it/s, S=0.3578, loss=-0.2239]
Epoch 122/150 [train]:  23%|██▎       | 6/26 [00:00<00:00, 50.71it/s, S=0.3601, loss=-0.2313]
Epoch 122/150 [train]:  23%|██▎       | 6/26 [00:00<00:00, 50.71it/s, S=0.3642, loss=-0.2349]
Epoch 122/150 [train]:  23%|██▎       | 6/26 [00:00<00:00, 50.71it/s, S=0.3619, loss=-0.2304]
Epoch 122/150 [train]:  23%|██▎       | 6/26 [00:00<00:00, 50.71it/s, S=0.3570, loss=-0.2251]
Epoch 122/150 [train]:  46%|████▌     | 12/26 [00:00<00:00, 50.64it/s, S=0.3570, loss=-0.2251]
Epoch 122/150 [train]:  46%|████▌     | 12/26 [00:00<00:00, 50.64it/s, S=0.3578, loss=-0.2201]
Epoch 122/150 [train]:  46%|████▌     | 12/26 [00:00<00:00, 50.64it/s, S=0.3570, loss=-0.2229]
Epoch 122/150 [train]:  46%|████▌     | 12/26 [00:00<00:00, 50.64it/s, S=0.3569, loss=-0.2107]
Epoch 122/150 [train]:  46%|████▌     | 12/26 [00:00<00:00, 50.64it/s, S=0.3622, loss=-0.2274]
Epoch 122/150 [train]:  46%|████▌     | 12/26 [00:00<00:00, 50.64it/s, S=0.3600, loss=-0.2352]
Epoch 122/150 [train]:  46%|████▌     | 12/26 [00:00<00:00, 50.64it/s, S=0.3594, loss=-0.2312]
Epoch 122/150 [train]:  69%|██████▉   | 18/26 [00:00<00:00, 50.58it/s, S=0.3594, loss=-0.2312]
Epoch 122/150 [train]:  69%|██████▉   | 18/26 [00:00<00:00, 50.58it/s, S=0.3582, loss=-0.2238]
Epoch 122/150 [train]:  69%|██████▉   | 18/26 [00:00<00:00, 50.58it/s, S=0.3619, loss=-0.2287]
Epoch 122/150 [train]:  69%|██████▉   | 18/26 [00:00<00:00, 50.58it/s, S=0.3587, loss=-0.2083]
Epoch 122/150 [train]:  69%|██████▉   | 18/26 [00:00<00:00, 50.58it/s, S=0.3571, loss=-0.2283]
Epoch 122/150 [train]:  69%|██████▉   | 18/26 [00:00<00:00, 50.58it/s, S=0.3623, loss=-0.2337]
Epoch 122/150 [train]:  69%|██████▉   | 18/26 [00:00<00:00, 50.58it/s, S=0.3603, loss=-0.2333]
Epoch 122/150 [train]:  92%|█████████▏| 24/26 [00:00<00:00, 50.60it/s, S=0.3603, loss=-0.2333]
Epoch 122/150 [train]:  92%|█████████▏| 24/26 [00:00<00:00, 50.60it/s, S=0.3621, loss=-0.2311]
Epoch 122/150 [train]:  92%|█████████▏| 24/26 [00:00<00:00, 50.60it/s, S=0.3662, loss=-0.2334]
                                                                                              
Epoch 122/150  train loss=-0.2283  val loss=-0.2212  S[mean]=0.3689  ζ=0.4462  mean_plane_ζ=0.3280  reg=0.1477  λscale=0.83  lr=1.37e-04

Epoch 123/150 [train]:   0%|          | 0/26 [00:00<?, ?it/s]
Epoch 123/150 [train]:   0%|          | 0/26 [00:00<?, ?it/s, S=0.3585, loss=-0.2339]
Epoch 123/150 [train]:   0%|          | 0/26 [00:00<?, ?it/s, S=0.3581, loss=-0.2222]
Epoch 123/150 [train]:   0%|          | 0/26 [00:00<?, ?it/s, S=0.3638, loss=-0.2362]
Epoch 123/150 [train]:   0%|          | 0/26 [00:00<?, ?it/s, S=0.3578, loss=-0.2288]
Epoch 123/150 [train]:   0%|          | 0/26 [00:00<?, ?it/s, S=0.3599, loss=-0.2273]
Epoch 123/150 [train]:   0%|          | 0/26 [00:00<?, ?it/s, S=0.3651, loss=-0.2389]
Epoch 123/150 [train]:  23%|██▎       | 6/26 [00:00<00:00, 50.69it/s, S=0.3651, loss=-0.2389]
Epoch 123/150 [train]:  23%|██▎       | 6/26 [00:00<00:00, 50.69it/s, S=0.3634, loss=-0.2405]
Epoch 123/150 [train]:  23%|██▎       | 6/26 [00:00<00:00, 50.69it/s, S=0.3616, loss=-0.2339]
Epoch 123/150 [train]:  23%|██▎       | 6/26 [00:00<00:00, 50.69it/s, S=0.3630, loss=-0.2334]
Epoch 123/150 [train]:  23%|██▎       | 6/26 [00:00<00:00, 50.69it/s, S=0.3620, loss=-0.2177]
Epoch 123/150 [train]:  23%|██▎       | 6/26 [00:00<00:00, 50.69it/s, S=0.3701, loss=-0.2450]
Epoch 123/150 [train]:  23%|██▎       | 6/26 [00:00<00:00, 50.69it/s, S=0.3705, loss=-0.2392]
Epoch 123/150 [train]:  46%|████▌     | 12/26 [00:00<00:00, 50.67it/s, S=0.3705, loss=-0.2392]
Epoch 123/150 [train]:  46%|████▌     | 12/26 [00:00<00:00, 50.67it/s, S=0.3533, loss=-0.2062]
Epoch 123/150 [train]:  46%|████▌     | 12/26 [00:00<00:00, 50.67it/s, S=0.3589, loss=-0.2290]
Epoch 123/150 [train]:  46%|████▌     | 12/26 [00:00<00:00, 50.67it/s, S=0.3604, loss=-0.2306]
Epoch 123/150 [train]:  46%|████▌     | 12/26 [00:00<00:00, 50.67it/s, S=0.3616, loss=-0.2284]
Epoch 123/150 [train]:  46%|████▌     | 12/26 [00:00<00:00, 50.67it/s, S=0.3613, loss=-0.2305]
Epoch 123/150 [train]:  46%|████▌     | 12/26 [00:00<00:00, 50.67it/s, S=0.3641, loss=-0.2334]
Epoch 123/150 [train]:  69%|██████▉   | 18/26 [00:00<00:00, 50.60it/s, S=0.3641, loss=-0.2334]
Epoch 123/150 [train]:  69%|██████▉   | 18/26 [00:00<00:00, 50.60it/s, S=0.3614, loss=-0.2214]
Epoch 123/150 [train]:  69%|██████▉   | 18/26 [00:00<00:00, 50.60it/s, S=0.3572, loss=-0.2260]
Epoch 123/150 [train]:  69%|██████▉   | 18/26 [00:00<00:00, 50.60it/s, S=0.3580, loss=-0.2218]
Epoch 123/150 [train]:  69%|██████▉   | 18/26 [00:00<00:00, 50.60it/s, S=0.3556, loss=-0.2103]
Epoch 123/150 [train]:  69%|██████▉   | 18/26 [00:00<00:00, 50.60it/s, S=0.3536, loss=-0.2107]
Epoch 123/150 [train]:  69%|██████▉   | 18/26 [00:00<00:00, 50.60it/s, S=0.3588, loss=-0.2225]
Epoch 123/150 [train]:  92%|█████████▏| 24/26 [00:00<00:00, 50.55it/s, S=0.3588, loss=-0.2225]
Epoch 123/150 [train]:  92%|█████████▏| 24/26 [00:00<00:00, 50.55it/s, S=0.3640, loss=-0.2391]
Epoch 123/150 [train]:  92%|█████████▏| 24/26 [00:00<00:00, 50.55it/s, S=0.3567, loss=-0.2183]
                                                                                              
Epoch 123/150  train loss=-0.2279  val loss=-0.2207  S[mean]=0.3682  ζ=0.4467  mean_plane_ζ=0.3283  reg=0.1475  λscale=0.84  lr=1.28e-04

Epoch 124/150 [train]:   0%|          | 0/26 [00:00<?, ?it/s]
Epoch 124/150 [train]:   0%|          | 0/26 [00:00<?, ?it/s, S=0.3657, loss=-0.2362]
Epoch 124/150 [train]:   0%|          | 0/26 [00:00<?, ?it/s, S=0.3603, loss=-0.2174]
Epoch 124/150 [train]:   0%|          | 0/26 [00:00<?, ?it/s, S=0.3623, loss=-0.2392]
Epoch 124/150 [train]:   0%|          | 0/26 [00:00<?, ?it/s, S=0.3555, loss=-0.2150]
Epoch 124/150 [train]:   0%|          | 0/26 [00:00<?, ?it/s, S=0.3614, loss=-0.2263]
Epoch 124/150 [train]:   0%|          | 0/26 [00:00<?, ?it/s, S=0.3604, loss=-0.2308]
Epoch 124/150 [train]:  23%|██▎       | 6/26 [00:00<00:00, 50.54it/s, S=0.3604, loss=-0.2308]
Epoch 124/150 [train]:  23%|██▎       | 6/26 [00:00<00:00, 50.54it/s, S=0.3644, loss=-0.2329]
Epoch 124/150 [train]:  23%|██▎       | 6/26 [00:00<00:00, 50.54it/s, S=0.3600, loss=-0.2293]
Epoch 124/150 [train]:  23%|██▎       | 6/26 [00:00<00:00, 50.54it/s, S=0.3604, loss=-0.2299]
Epoch 124/150 [train]:  23%|██▎       | 6/26 [00:00<00:00, 50.54it/s, S=0.3586, loss=-0.2312]
Epoch 124/150 [train]:  23%|██▎       | 6/26 [00:00<00:00, 50.54it/s, S=0.3552, loss=-0.2287]
Epoch 124/150 [train]:  23%|██▎       | 6/26 [00:00<00:00, 50.54it/s, S=0.3550, loss=-0.2230]
Epoch 124/150 [train]:  46%|████▌     | 12/26 [00:00<00:00, 50.49it/s, S=0.3550, loss=-0.2230]
Epoch 124/150 [train]:  46%|████▌     | 12/26 [00:00<00:00, 50.49it/s, S=0.3594, loss=-0.2191]
Epoch 124/150 [train]:  46%|████▌     | 12/26 [00:00<00:00, 50.49it/s, S=0.3615, loss=-0.2285]
Epoch 124/150 [train]:  46%|████▌     | 12/26 [00:00<00:00, 50.49it/s, S=0.3577, loss=-0.2180]
Epoch 124/150 [train]:  46%|████▌     | 12/26 [00:00<00:00, 50.49it/s, S=0.3548, loss=-0.2095]
Epoch 124/150 [train]:  46%|████▌     | 12/26 [00:00<00:00, 50.49it/s, S=0.3604, loss=-0.2238]
Epoch 124/150 [train]:  46%|████▌     | 12/26 [00:00<00:00, 50.49it/s, S=0.3645, loss=-0.2244]
Epoch 124/150 [train]:  69%|██████▉   | 18/26 [00:00<00:00, 50.50it/s, S=0.3645, loss=-0.2244]
Epoch 124/150 [train]:  69%|██████▉   | 18/26 [00:00<00:00, 50.50it/s, S=0.3652, loss=-0.2385]
Epoch 124/150 [train]:  69%|██████▉   | 18/26 [00:00<00:00, 50.50it/s, S=0.3639, loss=-0.2297]
Epoch 124/150 [train]:  69%|██████▉   | 18/26 [00:00<00:00, 50.50it/s, S=0.3607, loss=-0.2268]
Epoch 124/150 [train]:  69%|██████▉   | 18/26 [00:00<00:00, 50.50it/s, S=0.3608, loss=-0.2285]
Epoch 124/150 [train]:  69%|██████▉   | 18/26 [00:00<00:00, 50.50it/s, S=0.3636, loss=-0.2373]
Epoch 124/150 [train]:  69%|██████▉   | 18/26 [00:00<00:00, 50.50it/s, S=0.3618, loss=-0.2336]
Epoch 124/150 [train]:  92%|█████████▏| 24/26 [00:00<00:00, 50.50it/s, S=0.3618, loss=-0.2336]
Epoch 124/150 [train]:  92%|█████████▏| 24/26 [00:00<00:00, 50.50it/s, S=0.3610, loss=-0.2292]
Epoch 124/150 [train]:  92%|█████████▏| 24/26 [00:00<00:00, 50.50it/s, S=0.3629, loss=-0.2277]
                                                                                              
Epoch 124/150  train loss=-0.2275  val loss=-0.2199  S[mean]=0.3684  ζ=0.4464  mean_plane_ζ=0.3282  reg=0.1485  λscale=0.84  lr=1.19e-04

Epoch 125/150 [train]:   0%|          | 0/26 [00:00<?, ?it/s]
Epoch 125/150 [train]:   0%|          | 0/26 [00:00<?, ?it/s, S=0.3609, loss=-0.2290]
Epoch 125/150 [train]:   0%|          | 0/26 [00:00<?, ?it/s, S=0.3588, loss=-0.2360]
Epoch 125/150 [train]:   0%|          | 0/26 [00:00<?, ?it/s, S=0.3616, loss=-0.2359]
Epoch 125/150 [train]:   0%|          | 0/26 [00:00<?, ?it/s, S=0.3571, loss=-0.2311]
Epoch 125/150 [train]:   0%|          | 0/26 [00:00<?, ?it/s, S=0.3636, loss=-0.2354]
Epoch 125/150 [train]:   0%|          | 0/26 [00:00<?, ?it/s, S=0.3653, loss=-0.2398]
Epoch 125/150 [train]:  23%|██▎       | 6/26 [00:00<00:00, 50.69it/s, S=0.3653, loss=-0.2398]
Epoch 125/150 [train]:  23%|██▎       | 6/26 [00:00<00:00, 50.69it/s, S=0.3599, loss=-0.2215]
Epoch 125/150 [train]:  23%|██▎       | 6/26 [00:00<00:00, 50.69it/s, S=0.3626, loss=-0.2389]
Epoch 125/150 [train]:  23%|██▎       | 6/26 [00:00<00:00, 50.69it/s, S=0.3643, loss=-0.2361]
Epoch 125/150 [train]:  23%|██▎       | 6/26 [00:00<00:00, 50.69it/s, S=0.3603, loss=-0.2303]
Epoch 125/150 [train]:  23%|██▎       | 6/26 [00:00<00:00, 50.69it/s, S=0.3576, loss=-0.2277]
Epoch 125/150 [train]:  23%|██▎       | 6/26 [00:00<00:00, 50.69it/s, S=0.3642, loss=-0.2268]
Epoch 125/150 [train]:  46%|████▌     | 12/26 [00:00<00:00, 50.65it/s, S=0.3642, loss=-0.2268]
Epoch 125/150 [train]:  46%|████▌     | 12/26 [00:00<00:00, 50.65it/s, S=0.3623, loss=-0.2363]
Epoch 125/150 [train]:  46%|████▌     | 12/26 [00:00<00:00, 50.65it/s, S=0.3605, loss=-0.2215]
Epoch 125/150 [train]:  46%|████▌     | 12/26 [00:00<00:00, 50.65it/s, S=0.3549, loss=-0.2143]
Epoch 125/150 [train]:  46%|████▌     | 12/26 [00:00<00:00, 50.65it/s, S=0.3616, loss=-0.2324]
Epoch 125/150 [train]:  46%|████▌     | 12/26 [00:00<00:00, 50.65it/s, S=0.3599, loss=-0.2269]
Epoch 125/150 [train]:  46%|████▌     | 12/26 [00:00<00:00, 50.65it/s, S=0.3592, loss=-0.2287]
Epoch 125/150 [train]:  69%|██████▉   | 18/26 [00:00<00:00, 50.65it/s, S=0.3592, loss=-0.2287]
Epoch 125/150 [train]:  69%|██████▉   | 18/26 [00:00<00:00, 50.65it/s, S=0.3600, loss=-0.2171]
Epoch 125/150 [train]:  69%|██████▉   | 18/26 [00:00<00:00, 50.65it/s, S=0.3636, loss=-0.2207]
Epoch 125/150 [train]:  69%|██████▉   | 18/26 [00:00<00:00, 50.65it/s, S=0.3638, loss=-0.2349]
Epoch 125/150 [train]:  69%|██████▉   | 18/26 [00:00<00:00, 50.65it/s, S=0.3597, loss=-0.2315]
Epoch 125/150 [train]:  69%|██████▉   | 18/26 [00:00<00:00, 50.65it/s, S=0.3639, loss=-0.2333]
Epoch 125/150 [train]:  69%|██████▉   | 18/26 [00:00<00:00, 50.65it/s, S=0.3578, loss=-0.2153]
Epoch 125/150 [train]:  92%|█████████▏| 24/26 [00:00<00:00, 50.64it/s, S=0.3578, loss=-0.2153]
Epoch 125/150 [train]:  92%|█████████▏| 24/26 [00:00<00:00, 50.64it/s, S=0.3577, loss=-0.2222]
Epoch 125/150 [train]:  92%|█████████▏| 24/26 [00:00<00:00, 50.64it/s, S=0.3558, loss=-0.2203]
                                                                                              
Epoch 125/150  train loss=-0.2286  val loss=-0.2197  S[mean]=0.3683  ζ=0.4467  mean_plane_ζ=0.3284  reg=0.1487  λscale=0.85  lr=1.11e-04

Epoch 126/150 [train]:   0%|          | 0/26 [00:00<?, ?it/s]
Epoch 126/150 [train]:   0%|          | 0/26 [00:00<?, ?it/s, S=0.3659, loss=-0.2320]
Epoch 126/150 [train]:   0%|          | 0/26 [00:00<?, ?it/s, S=0.3630, loss=-0.2324]
Epoch 126/150 [train]:   0%|          | 0/26 [00:00<?, ?it/s, S=0.3637, loss=-0.2359]
Epoch 126/150 [train]:   0%|          | 0/26 [00:00<?, ?it/s, S=0.3510, loss=-0.1994]
Epoch 126/150 [train]:   0%|          | 0/26 [00:00<?, ?it/s, S=0.3620, loss=-0.2357]
Epoch 126/150 [train]:   0%|          | 0/26 [00:00<?, ?it/s, S=0.3650, loss=-0.2335]
Epoch 126/150 [train]:  23%|██▎       | 6/26 [00:00<00:00, 50.72it/s, S=0.3650, loss=-0.2335]
Epoch 126/150 [train]:  23%|██▎       | 6/26 [00:00<00:00, 50.72it/s, S=0.3609, loss=-0.2318]
Epoch 126/150 [train]:  23%|██▎       | 6/26 [00:00<00:00, 50.72it/s, S=0.3617, loss=-0.2265]
Epoch 126/150 [train]:  23%|██▎       | 6/26 [00:00<00:00, 50.72it/s, S=0.3597, loss=-0.2269]
Epoch 126/150 [train]:  23%|██▎       | 6/26 [00:00<00:00, 50.72it/s, S=0.3613, loss=-0.2336]
Epoch 126/150 [train]:  23%|██▎       | 6/26 [00:00<00:00, 50.72it/s, S=0.3616, loss=-0.2224]
Epoch 126/150 [train]:  23%|██▎       | 6/26 [00:00<00:00, 50.72it/s, S=0.3570, loss=-0.2083]
Epoch 126/150 [train]:  46%|████▌     | 12/26 [00:00<00:00, 50.64it/s, S=0.3570, loss=-0.2083]
Epoch 126/150 [train]:  46%|████▌     | 12/26 [00:00<00:00, 50.64it/s, S=0.3632, loss=-0.2369]
Epoch 126/150 [train]:  46%|████▌     | 12/26 [00:00<00:00, 50.64it/s, S=0.3586, loss=-0.2220]
Epoch 126/150 [train]:  46%|████▌     | 12/26 [00:00<00:00, 50.64it/s, S=0.3700, loss=-0.2376]
Epoch 126/150 [train]:  46%|████▌     | 12/26 [00:00<00:00, 50.64it/s, S=0.3586, loss=-0.2239]
Epoch 126/150 [train]:  46%|████▌     | 12/26 [00:00<00:00, 50.64it/s, S=0.3576, loss=-0.2275]
Epoch 126/150 [train]:  46%|████▌     | 12/26 [00:00<00:00, 50.64it/s, S=0.3619, loss=-0.2281]
Epoch 126/150 [train]:  69%|██████▉   | 18/26 [00:00<00:00, 50.64it/s, S=0.3619, loss=-0.2281]
Epoch 126/150 [train]:  69%|██████▉   | 18/26 [00:00<00:00, 50.64it/s, S=0.3592, loss=-0.2322]
Epoch 126/150 [train]:  69%|██████▉   | 18/26 [00:00<00:00, 50.64it/s, S=0.3619, loss=-0.2366]
Epoch 126/150 [train]:  69%|██████▉   | 18/26 [00:00<00:00, 50.64it/s, S=0.3606, loss=-0.2240]
Epoch 126/150 [train]:  69%|██████▉   | 18/26 [00:00<00:00, 50.64it/s, S=0.3584, loss=-0.2294]
Epoch 126/150 [train]:  69%|██████▉   | 18/26 [00:00<00:00, 50.64it/s, S=0.3589, loss=-0.2225]
Epoch 126/150 [train]:  69%|██████▉   | 18/26 [00:00<00:00, 50.64it/s, S=0.3554, loss=-0.2215]
Epoch 126/150 [train]:  92%|█████████▏| 24/26 [00:00<00:00, 50.61it/s, S=0.3554, loss=-0.2215]
Epoch 126/150 [train]:  92%|█████████▏| 24/26 [00:00<00:00, 50.61it/s, S=0.3518, loss=-0.2215]
Epoch 126/150 [train]:  92%|█████████▏| 24/26 [00:00<00:00, 50.61it/s, S=0.3618, loss=-0.2284]
                                                                                              
Epoch 126/150  train loss=-0.2273  val loss=-0.2188  S[mean]=0.3683  ζ=0.4466  mean_plane_ζ=0.3284  reg=0.1495  λscale=0.86  lr=1.03e-04

Epoch 127/150 [train]:   0%|          | 0/26 [00:00<?, ?it/s]
Epoch 127/150 [train]:   0%|          | 0/26 [00:00<?, ?it/s, S=0.3641, loss=-0.2333]
Epoch 127/150 [train]:   0%|          | 0/26 [00:00<?, ?it/s, S=0.3590, loss=-0.2315]
Epoch 127/150 [train]:   0%|          | 0/26 [00:00<?, ?it/s, S=0.3571, loss=-0.2215]
Epoch 127/150 [train]:   0%|          | 0/26 [00:00<?, ?it/s, S=0.3656, loss=-0.2398]
Epoch 127/150 [train]:   0%|          | 0/26 [00:00<?, ?it/s, S=0.3639, loss=-0.2244]
Epoch 127/150 [train]:   0%|          | 0/26 [00:00<?, ?it/s, S=0.3633, loss=-0.2297]
Epoch 127/150 [train]:  23%|██▎       | 6/26 [00:00<00:00, 50.70it/s, S=0.3633, loss=-0.2297]
Epoch 127/150 [train]:  23%|██▎       | 6/26 [00:00<00:00, 50.70it/s, S=0.3538, loss=-0.2223]
Epoch 127/150 [train]:  23%|██▎       | 6/26 [00:00<00:00, 50.70it/s, S=0.3592, loss=-0.2272]
Epoch 127/150 [train]:  23%|██▎       | 6/26 [00:00<00:00, 50.70it/s, S=0.3645, loss=-0.2305]
Epoch 127/150 [train]:  23%|██▎       | 6/26 [00:00<00:00, 50.70it/s, S=0.3577, loss=-0.2251]
Epoch 127/150 [train]:  23%|██▎       | 6/26 [00:00<00:00, 50.70it/s, S=0.3644, loss=-0.2300]
Epoch 127/150 [train]:  23%|██▎       | 6/26 [00:00<00:00, 50.70it/s, S=0.3569, loss=-0.2245]
Epoch 127/150 [train]:  46%|████▌     | 12/26 [00:00<00:00, 50.63it/s, S=0.3569, loss=-0.2245]
Epoch 127/150 [train]:  46%|████▌     | 12/26 [00:00<00:00, 50.63it/s, S=0.3673, loss=-0.2404]
Epoch 127/150 [train]:  46%|████▌     | 12/26 [00:00<00:00, 50.63it/s, S=0.3570, loss=-0.2186]
Epoch 127/150 [train]:  46%|████▌     | 12/26 [00:00<00:00, 50.63it/s, S=0.3594, loss=-0.2247]
Epoch 127/150 [train]:  46%|████▌     | 12/26 [00:00<00:00, 50.63it/s, S=0.3488, loss=-0.2047]
Epoch 127/150 [train]:  46%|████▌     | 12/26 [00:00<00:00, 50.63it/s, S=0.3587, loss=-0.2264]
Epoch 127/150 [train]:  46%|████▌     | 12/26 [00:00<00:00, 50.63it/s, S=0.3625, loss=-0.2280]
Epoch 127/150 [train]:  69%|██████▉   | 18/26 [00:00<00:00, 50.61it/s, S=0.3625, loss=-0.2280]
Epoch 127/150 [train]:  69%|██████▉   | 18/26 [00:00<00:00, 50.61it/s, S=0.3579, loss=-0.2178]
Epoch 127/150 [train]:  69%|██████▉   | 18/26 [00:00<00:00, 50.61it/s, S=0.3629, loss=-0.2344]
Epoch 127/150 [train]:  69%|██████▉   | 18/26 [00:00<00:00, 50.61it/s, S=0.3595, loss=-0.2207]
Epoch 127/150 [train]:  69%|██████▉   | 18/26 [00:00<00:00, 50.61it/s, S=0.3631, loss=-0.2282]
Epoch 127/150 [train]:  69%|██████▉   | 18/26 [00:00<00:00, 50.61it/s, S=0.3517, loss=-0.2064]
Epoch 127/150 [train]:  69%|██████▉   | 18/26 [00:00<00:00, 50.61it/s, S=0.3693, loss=-0.2429]
Epoch 127/150 [train]:  92%|█████████▏| 24/26 [00:00<00:00, 50.52it/s, S=0.3693, loss=-0.2429]
Epoch 127/150 [train]:  92%|█████████▏| 24/26 [00:00<00:00, 50.52it/s, S=0.3616, loss=-0.2270]
Epoch 127/150 [train]:  92%|█████████▏| 24/26 [00:00<00:00, 50.52it/s, S=0.3606, loss=-0.2163]
                                                                                              
Epoch 127/150  train loss=-0.2260  val loss=-0.2181  S[mean]=0.3682  ζ=0.4469  mean_plane_ζ=0.3286  reg=0.1500  λscale=0.86  lr=9.52e-05

Epoch 128/150 [train]:   0%|          | 0/26 [00:00<?, ?it/s]
Epoch 128/150 [train]:   0%|          | 0/26 [00:00<?, ?it/s, S=0.3620, loss=-0.2311]
Epoch 128/150 [train]:   0%|          | 0/26 [00:00<?, ?it/s, S=0.3659, loss=-0.2395]
Epoch 128/150 [train]:   0%|          | 0/26 [00:00<?, ?it/s, S=0.3652, loss=-0.2259]
Epoch 128/150 [train]:   0%|          | 0/26 [00:00<?, ?it/s, S=0.3625, loss=-0.2252]
Epoch 128/150 [train]:   0%|          | 0/26 [00:00<?, ?it/s, S=0.3614, loss=-0.2212]
Epoch 128/150 [train]:   0%|          | 0/26 [00:00<?, ?it/s, S=0.3597, loss=-0.2264]
Epoch 128/150 [train]:  23%|██▎       | 6/26 [00:00<00:00, 50.61it/s, S=0.3597, loss=-0.2264]
Epoch 128/150 [train]:  23%|██▎       | 6/26 [00:00<00:00, 50.61it/s, S=0.3608, loss=-0.2274]
Epoch 128/150 [train]:  23%|██▎       | 6/26 [00:00<00:00, 50.61it/s, S=0.3569, loss=-0.2179]
Epoch 128/150 [train]:  23%|██▎       | 6/26 [00:00<00:00, 50.61it/s, S=0.3617, loss=-0.2351]
Epoch 128/150 [train]:  23%|██▎       | 6/26 [00:00<00:00, 50.61it/s, S=0.3521, loss=-0.2098]
Epoch 128/150 [train]:  23%|██▎       | 6/26 [00:00<00:00, 50.61it/s, S=0.3640, loss=-0.2339]
Epoch 128/150 [train]:  23%|██▎       | 6/26 [00:00<00:00, 50.61it/s, S=0.3664, loss=-0.2365]
Epoch 128/150 [train]:  46%|████▌     | 12/26 [00:00<00:00, 50.62it/s, S=0.3664, loss=-0.2365]
Epoch 128/150 [train]:  46%|████▌     | 12/26 [00:00<00:00, 50.62it/s, S=0.3569, loss=-0.2163]
Epoch 128/150 [train]:  46%|████▌     | 12/26 [00:00<00:00, 50.62it/s, S=0.3575, loss=-0.2144]
Epoch 128/150 [train]:  46%|████▌     | 12/26 [00:00<00:00, 50.62it/s, S=0.3645, loss=-0.2340]
Epoch 128/150 [train]:  46%|████▌     | 12/26 [00:00<00:00, 50.62it/s, S=0.3663, loss=-0.2378]
Epoch 128/150 [train]:  46%|████▌     | 12/26 [00:00<00:00, 50.62it/s, S=0.3628, loss=-0.2259]
Epoch 128/150 [train]:  46%|████▌     | 12/26 [00:00<00:00, 50.62it/s, S=0.3612, loss=-0.2298]
Epoch 128/150 [train]:  69%|██████▉   | 18/26 [00:00<00:00, 50.61it/s, S=0.3612, loss=-0.2298]
Epoch 128/150 [train]:  69%|██████▉   | 18/26 [00:00<00:00, 50.61it/s, S=0.3585, loss=-0.2273]
Epoch 128/150 [train]:  69%|██████▉   | 18/26 [00:00<00:00, 50.61it/s, S=0.3581, loss=-0.2218]
Epoch 128/150 [train]:  69%|██████▉   | 18/26 [00:00<00:00, 50.61it/s, S=0.3615, loss=-0.2346]
Epoch 128/150 [train]:  69%|██████▉   | 18/26 [00:00<00:00, 50.61it/s, S=0.3546, loss=-0.2187]
Epoch 128/150 [train]:  69%|██████▉   | 18/26 [00:00<00:00, 50.61it/s, S=0.3591, loss=-0.2249]
Epoch 128/150 [train]:  69%|██████▉   | 18/26 [00:00<00:00, 50.61it/s, S=0.3621, loss=-0.2306]
Epoch 128/150 [train]:  92%|█████████▏| 24/26 [00:00<00:00, 50.62it/s, S=0.3621, loss=-0.2306]
Epoch 128/150 [train]:  92%|█████████▏| 24/26 [00:00<00:00, 50.62it/s, S=0.3584, loss=-0.2334]
Epoch 128/150 [train]:  92%|█████████▏| 24/26 [00:00<00:00, 50.62it/s, S=0.3582, loss=-0.2247]
                                                                                              
Epoch 128/150  train loss=-0.2271  val loss=-0.2177  S[mean]=0.3680  ζ=0.4464  mean_plane_ζ=0.3283  reg=0.1503  λscale=0.87  lr=8.76e-05

Epoch 129/150 [train]:   0%|          | 0/26 [00:00<?, ?it/s]
Epoch 129/150 [train]:   0%|          | 0/26 [00:00<?, ?it/s, S=0.3618, loss=-0.2299]
Epoch 129/150 [train]:   0%|          | 0/26 [00:00<?, ?it/s, S=0.3614, loss=-0.2228]
Epoch 129/150 [train]:   0%|          | 0/26 [00:00<?, ?it/s, S=0.3679, loss=-0.2384]
Epoch 129/150 [train]:   0%|          | 0/26 [00:00<?, ?it/s, S=0.3601, loss=-0.2252]
Epoch 129/150 [train]:   0%|          | 0/26 [00:00<?, ?it/s, S=0.3590, loss=-0.2258]
Epoch 129/150 [train]:   0%|          | 0/26 [00:00<?, ?it/s, S=0.3596, loss=-0.2277]
Epoch 129/150 [train]:  23%|██▎       | 6/26 [00:00<00:00, 50.67it/s, S=0.3596, loss=-0.2277]
Epoch 129/150 [train]:  23%|██▎       | 6/26 [00:00<00:00, 50.67it/s, S=0.3630, loss=-0.2316]
Epoch 129/150 [train]:  23%|██▎       | 6/26 [00:00<00:00, 50.67it/s, S=0.3651, loss=-0.2335]
Epoch 129/150 [train]:  23%|██▎       | 6/26 [00:00<00:00, 50.67it/s, S=0.3618, loss=-0.2293]
Epoch 129/150 [train]:  23%|██▎       | 6/26 [00:00<00:00, 50.67it/s, S=0.3598, loss=-0.2321]
Epoch 129/150 [train]:  23%|██▎       | 6/26 [00:00<00:00, 50.67it/s, S=0.3687, loss=-0.2385]
Epoch 129/150 [train]:  23%|██▎       | 6/26 [00:00<00:00, 50.67it/s, S=0.3594, loss=-0.2321]
Epoch 129/150 [train]:  46%|████▌     | 12/26 [00:00<00:00, 50.65it/s, S=0.3594, loss=-0.2321]
Epoch 129/150 [train]:  46%|████▌     | 12/26 [00:00<00:00, 50.65it/s, S=0.3616, loss=-0.2246]
Epoch 129/150 [train]:  46%|████▌     | 12/26 [00:00<00:00, 50.65it/s, S=0.3590, loss=-0.2162]
Epoch 129/150 [train]:  46%|████▌     | 12/26 [00:00<00:00, 50.65it/s, S=0.3659, loss=-0.2358]
Epoch 129/150 [train]:  46%|████▌     | 12/26 [00:00<00:00, 50.65it/s, S=0.3524, loss=-0.2106]
Epoch 129/150 [train]:  46%|████▌     | 12/26 [00:00<00:00, 50.65it/s, S=0.3661, loss=-0.2335]
Epoch 129/150 [train]:  46%|████▌     | 12/26 [00:00<00:00, 50.65it/s, S=0.3588, loss=-0.2180]
Epoch 129/150 [train]:  69%|██████▉   | 18/26 [00:00<00:00, 50.61it/s, S=0.3588, loss=-0.2180]
Epoch 129/150 [train]:  69%|██████▉   | 18/26 [00:00<00:00, 50.61it/s, S=0.3614, loss=-0.2339]
Epoch 129/150 [train]:  69%|██████▉   | 18/26 [00:00<00:00, 50.61it/s, S=0.3624, loss=-0.2333]
Epoch 129/150 [train]:  69%|██████▉   | 18/26 [00:00<00:00, 50.61it/s, S=0.3617, loss=-0.2258]
Epoch 129/150 [train]:  69%|██████▉   | 18/26 [00:00<00:00, 50.61it/s, S=0.3622, loss=-0.2340]
Epoch 129/150 [train]:  69%|██████▉   | 18/26 [00:00<00:00, 50.61it/s, S=0.3547, loss=-0.2222]
Epoch 129/150 [train]:  69%|██████▉   | 18/26 [00:00<00:00, 50.61it/s, S=0.3569, loss=-0.2204]
Epoch 129/150 [train]:  92%|█████████▏| 24/26 [00:00<00:00, 50.54it/s, S=0.3569, loss=-0.2204]
Epoch 129/150 [train]:  92%|█████████▏| 24/26 [00:00<00:00, 50.54it/s, S=0.3655, loss=-0.2286]
Epoch 129/150 [train]:  92%|█████████▏| 24/26 [00:00<00:00, 50.54it/s, S=0.3593, loss=-0.2248]
                                                                                              
Epoch 129/150  train loss=-0.2280  val loss=-0.2172  S[mean]=0.3680  ζ=0.4465  mean_plane_ζ=0.3284  reg=0.1509  λscale=0.87  lr=8.03e-05

Epoch 130/150 [train]:   0%|          | 0/26 [00:00<?, ?it/s]
Epoch 130/150 [train]:   0%|          | 0/26 [00:00<?, ?it/s, S=0.3596, loss=-0.2282]
Epoch 130/150 [train]:   0%|          | 0/26 [00:00<?, ?it/s, S=0.3609, loss=-0.2332]
Epoch 130/150 [train]:   0%|          | 0/26 [00:00<?, ?it/s, S=0.3573, loss=-0.2233]
Epoch 130/150 [train]:   0%|          | 0/26 [00:00<?, ?it/s, S=0.3661, loss=-0.2305]
Epoch 130/150 [train]:   0%|          | 0/26 [00:00<?, ?it/s, S=0.3591, loss=-0.2246]
Epoch 130/150 [train]:   0%|          | 0/26 [00:00<?, ?it/s, S=0.3569, loss=-0.2152]
Epoch 130/150 [train]:  23%|██▎       | 6/26 [00:00<00:00, 50.67it/s, S=0.3569, loss=-0.2152]
Epoch 130/150 [train]:  23%|██▎       | 6/26 [00:00<00:00, 50.67it/s, S=0.3613, loss=-0.2230]
Epoch 130/150 [train]:  23%|██▎       | 6/26 [00:00<00:00, 50.67it/s, S=0.3627, loss=-0.2310]
Epoch 130/150 [train]:  23%|██▎       | 6/26 [00:00<00:00, 50.67it/s, S=0.3588, loss=-0.2223]
Epoch 130/150 [train]:  23%|██▎       | 6/26 [00:00<00:00, 50.67it/s, S=0.3587, loss=-0.2230]
Epoch 130/150 [train]:  23%|██▎       | 6/26 [00:00<00:00, 50.67it/s, S=0.3622, loss=-0.2320]
Epoch 130/150 [train]:  23%|██▎       | 6/26 [00:00<00:00, 50.67it/s, S=0.3576, loss=-0.2300]
Epoch 130/150 [train]:  46%|████▌     | 12/26 [00:00<00:00, 50.66it/s, S=0.3576, loss=-0.2300]
Epoch 130/150 [train]:  46%|████▌     | 12/26 [00:00<00:00, 50.66it/s, S=0.3625, loss=-0.2322]
Epoch 130/150 [train]:  46%|████▌     | 12/26 [00:00<00:00, 50.66it/s, S=0.3598, loss=-0.2297]
Epoch 130/150 [train]:  46%|████▌     | 12/26 [00:00<00:00, 50.66it/s, S=0.3541, loss=-0.2111]
Epoch 130/150 [train]:  46%|████▌     | 12/26 [00:00<00:00, 50.66it/s, S=0.3683, loss=-0.2379]
Epoch 130/150 [train]:  46%|████▌     | 12/26 [00:00<00:00, 50.66it/s, S=0.3622, loss=-0.2299]
Epoch 130/150 [train]:  46%|████▌     | 12/26 [00:00<00:00, 50.66it/s, S=0.3578, loss=-0.2219]
Epoch 130/150 [train]:  69%|██████▉   | 18/26 [00:00<00:00, 50.63it/s, S=0.3578, loss=-0.2219]
Epoch 130/150 [train]:  69%|██████▉   | 18/26 [00:00<00:00, 50.63it/s, S=0.3604, loss=-0.2331]
Epoch 130/150 [train]:  69%|██████▉   | 18/26 [00:00<00:00, 50.63it/s, S=0.3693, loss=-0.2367]
Epoch 130/150 [train]:  69%|██████▉   | 18/26 [00:00<00:00, 50.63it/s, S=0.3612, loss=-0.2234]
Epoch 130/150 [train]:  69%|██████▉   | 18/26 [00:00<00:00, 50.63it/s, S=0.3608, loss=-0.2339]
Epoch 130/150 [train]:  69%|██████▉   | 18/26 [00:00<00:00, 50.63it/s, S=0.3632, loss=-0.2267]
Epoch 130/150 [train]:  69%|██████▉   | 18/26 [00:00<00:00, 50.63it/s, S=0.3575, loss=-0.2276]
Epoch 130/150 [train]:  92%|█████████▏| 24/26 [00:00<00:00, 50.61it/s, S=0.3575, loss=-0.2276]
Epoch 130/150 [train]:  92%|█████████▏| 24/26 [00:00<00:00, 50.61it/s, S=0.3596, loss=-0.2226]
Epoch 130/150 [train]:  92%|█████████▏| 24/26 [00:00<00:00, 50.61it/s, S=0.3623, loss=-0.2283]
                                                                                              
Epoch 130/150  train loss=-0.2274  val loss=-0.2159  S[mean]=0.3679  ζ=0.4467  mean_plane_ζ=0.3285  reg=0.1520  λscale=0.88  lr=7.32e-05

Epoch 131/150 [train]:   0%|          | 0/26 [00:00<?, ?it/s]
Epoch 131/150 [train]:   0%|          | 0/26 [00:00<?, ?it/s, S=0.3627, loss=-0.2303]
Epoch 131/150 [train]:   0%|          | 0/26 [00:00<?, ?it/s, S=0.3546, loss=-0.2170]
Epoch 131/150 [train]:   0%|          | 0/26 [00:00<?, ?it/s, S=0.3620, loss=-0.2292]
Epoch 131/150 [train]:   0%|          | 0/26 [00:00<?, ?it/s, S=0.3594, loss=-0.2225]
Epoch 131/150 [train]:   0%|          | 0/26 [00:00<?, ?it/s, S=0.3621, loss=-0.2338]
Epoch 131/150 [train]:   0%|          | 0/26 [00:00<?, ?it/s, S=0.3573, loss=-0.2154]
Epoch 131/150 [train]:  23%|██▎       | 6/26 [00:00<00:00, 50.59it/s, S=0.3573, loss=-0.2154]
Epoch 131/150 [train]:  23%|██▎       | 6/26 [00:00<00:00, 50.59it/s, S=0.3623, loss=-0.2279]
Epoch 131/150 [train]:  23%|██▎       | 6/26 [00:00<00:00, 50.59it/s, S=0.3710, loss=-0.2449]
Epoch 131/150 [train]:  23%|██▎       | 6/26 [00:00<00:00, 50.59it/s, S=0.3661, loss=-0.2365]
Epoch 131/150 [train]:  23%|██▎       | 6/26 [00:00<00:00, 50.59it/s, S=0.3627, loss=-0.2284]
Epoch 131/150 [train]:  23%|██▎       | 6/26 [00:00<00:00, 50.59it/s, S=0.3604, loss=-0.2329]
Epoch 131/150 [train]:  23%|██▎       | 6/26 [00:00<00:00, 50.59it/s, S=0.3576, loss=-0.2131]
Epoch 131/150 [train]:  46%|████▌     | 12/26 [00:00<00:00, 50.50it/s, S=0.3576, loss=-0.2131]
Epoch 131/150 [train]:  46%|████▌     | 12/26 [00:00<00:00, 50.50it/s, S=0.3631, loss=-0.2317]
Epoch 131/150 [train]:  46%|████▌     | 12/26 [00:00<00:00, 50.50it/s, S=0.3609, loss=-0.2223]
Epoch 131/150 [train]:  46%|████▌     | 12/26 [00:00<00:00, 50.50it/s, S=0.3616, loss=-0.2231]
Epoch 131/150 [train]:  46%|████▌     | 12/26 [00:00<00:00, 50.50it/s, S=0.3625, loss=-0.2345]
Epoch 131/150 [train]:  46%|████▌     | 12/26 [00:00<00:00, 50.50it/s, S=0.3605, loss=-0.2102]
Epoch 131/150 [train]:  46%|████▌     | 12/26 [00:00<00:00, 50.50it/s, S=0.3597, loss=-0.2277]
Epoch 131/150 [train]:  69%|██████▉   | 18/26 [00:00<00:00, 50.47it/s, S=0.3597, loss=-0.2277]
Epoch 131/150 [train]:  69%|██████▉   | 18/26 [00:00<00:00, 50.47it/s, S=0.3589, loss=-0.2199]
Epoch 131/150 [train]:  69%|██████▉   | 18/26 [00:00<00:00, 50.47it/s, S=0.3588, loss=-0.2313]
Epoch 131/150 [train]:  69%|██████▉   | 18/26 [00:00<00:00, 50.47it/s, S=0.3530, loss=-0.2159]
Epoch 131/150 [train]:  69%|██████▉   | 18/26 [00:00<00:00, 50.47it/s, S=0.3604, loss=-0.2223]
Epoch 131/150 [train]:  69%|██████▉   | 18/26 [00:00<00:00, 50.47it/s, S=0.3596, loss=-0.2231]
Epoch 131/150 [train]:  69%|██████▉   | 18/26 [00:00<00:00, 50.47it/s, S=0.3595, loss=-0.2264]
Epoch 131/150 [train]:  92%|█████████▏| 24/26 [00:00<00:00, 50.47it/s, S=0.3595, loss=-0.2264]
Epoch 131/150 [train]:  92%|█████████▏| 24/26 [00:00<00:00, 50.47it/s, S=0.3617, loss=-0.2341]
Epoch 131/150 [train]:  92%|█████████▏| 24/26 [00:00<00:00, 50.47it/s, S=0.3591, loss=-0.2268]
                                                                                              
Epoch 131/150  train loss=-0.2262  val loss=-0.2155  S[mean]=0.3679  ζ=0.4465  mean_plane_ζ=0.3284  reg=0.1524  λscale=0.89  lr=6.64e-05

Epoch 132/150 [train]:   0%|          | 0/26 [00:00<?, ?it/s]
Epoch 132/150 [train]:   0%|          | 0/26 [00:00<?, ?it/s, S=0.3651, loss=-0.2300]
Epoch 132/150 [train]:   0%|          | 0/26 [00:00<?, ?it/s, S=0.3660, loss=-0.2296]
Epoch 132/150 [train]:   0%|          | 0/26 [00:00<?, ?it/s, S=0.3580, loss=-0.2226]
Epoch 132/150 [train]:   0%|          | 0/26 [00:00<?, ?it/s, S=0.3666, loss=-0.2288]
Epoch 132/150 [train]:   0%|          | 0/26 [00:00<?, ?it/s, S=0.3613, loss=-0.2228]
Epoch 132/150 [train]:   0%|          | 0/26 [00:00<?, ?it/s, S=0.3563, loss=-0.2211]
Epoch 132/150 [train]:  23%|██▎       | 6/26 [00:00<00:00, 50.76it/s, S=0.3563, loss=-0.2211]
Epoch 132/150 [train]:  23%|██▎       | 6/26 [00:00<00:00, 50.76it/s, S=0.3608, loss=-0.2293]
Epoch 132/150 [train]:  23%|██▎       | 6/26 [00:00<00:00, 50.76it/s, S=0.3621, loss=-0.2302]
Epoch 132/150 [train]:  23%|██▎       | 6/26 [00:00<00:00, 50.76it/s, S=0.3628, loss=-0.2309]
Epoch 132/150 [train]:  23%|██▎       | 6/26 [00:00<00:00, 50.76it/s, S=0.3613, loss=-0.2227]
Epoch 132/150 [train]:  23%|██▎       | 6/26 [00:00<00:00, 50.76it/s, S=0.3623, loss=-0.2192]
Epoch 132/150 [train]:  23%|██▎       | 6/26 [00:00<00:00, 50.76it/s, S=0.3629, loss=-0.2287]
Epoch 132/150 [train]:  46%|████▌     | 12/26 [00:00<00:00, 50.68it/s, S=0.3629, loss=-0.2287]
Epoch 132/150 [train]:  46%|████▌     | 12/26 [00:00<00:00, 50.68it/s, S=0.3596, loss=-0.2289]
Epoch 132/150 [train]:  46%|████▌     | 12/26 [00:00<00:00, 50.68it/s, S=0.3589, loss=-0.2233]
Epoch 132/150 [train]:  46%|████▌     | 12/26 [00:00<00:00, 50.68it/s, S=0.3649, loss=-0.2330]
Epoch 132/150 [train]:  46%|████▌     | 12/26 [00:00<00:00, 50.68it/s, S=0.3618, loss=-0.2300]
Epoch 132/150 [train]:  46%|████▌     | 12/26 [00:00<00:00, 50.68it/s, S=0.3591, loss=-0.2278]
Epoch 132/150 [train]:  46%|████▌     | 12/26 [00:00<00:00, 50.68it/s, S=0.3579, loss=-0.2167]
Epoch 132/150 [train]:  69%|██████▉   | 18/26 [00:00<00:00, 50.64it/s, S=0.3579, loss=-0.2167]
Epoch 132/150 [train]:  69%|██████▉   | 18/26 [00:00<00:00, 50.64it/s, S=0.3619, loss=-0.2296]
Epoch 132/150 [train]:  69%|██████▉   | 18/26 [00:00<00:00, 50.64it/s, S=0.3516, loss=-0.1891]
Epoch 132/150 [train]:  69%|██████▉   | 18/26 [00:00<00:00, 50.64it/s, S=0.3593, loss=-0.2282]
Epoch 132/150 [train]:  69%|██████▉   | 18/26 [00:00<00:00, 50.64it/s, S=0.3614, loss=-0.2300]
Epoch 132/150 [train]:  69%|██████▉   | 18/26 [00:00<00:00, 50.64it/s, S=0.3574, loss=-0.2263]
Epoch 132/150 [train]:  69%|██████▉   | 18/26 [00:00<00:00, 50.64it/s, S=0.3558, loss=-0.2170]
Epoch 132/150 [train]:  92%|█████████▏| 24/26 [00:00<00:00, 50.54it/s, S=0.3558, loss=-0.2170]
Epoch 132/150 [train]:  92%|█████████▏| 24/26 [00:00<00:00, 50.54it/s, S=0.3618, loss=-0.2301]
Epoch 132/150 [train]:  92%|█████████▏| 24/26 [00:00<00:00, 50.54it/s, S=0.3590, loss=-0.2120]
                                                                                              
Epoch 132/150  train loss=-0.2245  val loss=-0.2147  S[mean]=0.3678  ζ=0.4466  mean_plane_ζ=0.3285  reg=0.1531  λscale=0.89  lr=5.99e-05

Epoch 133/150 [train]:   0%|          | 0/26 [00:00<?, ?it/s]
Epoch 133/150 [train]:   0%|          | 0/26 [00:00<?, ?it/s, S=0.3544, loss=-0.2127]
Epoch 133/150 [train]:   0%|          | 0/26 [00:00<?, ?it/s, S=0.3551, loss=-0.2199]
Epoch 133/150 [train]:   0%|          | 0/26 [00:00<?, ?it/s, S=0.3609, loss=-0.2297]
Epoch 133/150 [train]:   0%|          | 0/26 [00:00<?, ?it/s, S=0.3603, loss=-0.2239]
Epoch 133/150 [train]:   0%|          | 0/26 [00:00<?, ?it/s, S=0.3596, loss=-0.2104]
Epoch 133/150 [train]:   0%|          | 0/26 [00:00<?, ?it/s, S=0.3600, loss=-0.2164]
Epoch 133/150 [train]:  23%|██▎       | 6/26 [00:00<00:00, 50.50it/s, S=0.3600, loss=-0.2164]
Epoch 133/150 [train]:  23%|██▎       | 6/26 [00:00<00:00, 50.50it/s, S=0.3626, loss=-0.2304]
Epoch 133/150 [train]:  23%|██▎       | 6/26 [00:00<00:00, 50.50it/s, S=0.3562, loss=-0.2205]
Epoch 133/150 [train]:  23%|██▎       | 6/26 [00:00<00:00, 50.50it/s, S=0.3666, loss=-0.2331]
Epoch 133/150 [train]:  23%|██▎       | 6/26 [00:00<00:00, 50.50it/s, S=0.3678, loss=-0.2396]
Epoch 133/150 [train]:  23%|██▎       | 6/26 [00:00<00:00, 50.50it/s, S=0.3635, loss=-0.2267]
Epoch 133/150 [train]:  23%|██▎       | 6/26 [00:00<00:00, 50.50it/s, S=0.3554, loss=-0.2017]
Epoch 133/150 [train]:  46%|████▌     | 12/26 [00:00<00:00, 50.56it/s, S=0.3554, loss=-0.2017]
Epoch 133/150 [train]:  46%|████▌     | 12/26 [00:00<00:00, 50.56it/s, S=0.3627, loss=-0.2267]
Epoch 133/150 [train]:  46%|████▌     | 12/26 [00:00<00:00, 50.56it/s, S=0.3625, loss=-0.2306]
Epoch 133/150 [train]:  46%|████▌     | 12/26 [00:00<00:00, 50.56it/s, S=0.3641, loss=-0.2338]
Epoch 133/150 [train]:  46%|████▌     | 12/26 [00:00<00:00, 50.56it/s, S=0.3565, loss=-0.2177]
Epoch 133/150 [train]:  46%|████▌     | 12/26 [00:00<00:00, 50.56it/s, S=0.3610, loss=-0.2297]
Epoch 133/150 [train]:  46%|████▌     | 12/26 [00:00<00:00, 50.56it/s, S=0.3604, loss=-0.2270]
Epoch 133/150 [train]:  69%|██████▉   | 18/26 [00:00<00:00, 50.57it/s, S=0.3604, loss=-0.2270]
Epoch 133/150 [train]:  69%|██████▉   | 18/26 [00:00<00:00, 50.57it/s, S=0.3511, loss=-0.2210]
Epoch 133/150 [train]:  69%|██████▉   | 18/26 [00:00<00:00, 50.57it/s, S=0.3603, loss=-0.2186]
Epoch 133/150 [train]:  69%|██████▉   | 18/26 [00:00<00:00, 50.57it/s, S=0.3589, loss=-0.2245]
Epoch 133/150 [train]:  69%|██████▉   | 18/26 [00:00<00:00, 50.57it/s, S=0.3550, loss=-0.2088]
Epoch 133/150 [train]:  69%|██████▉   | 18/26 [00:00<00:00, 50.57it/s, S=0.3627, loss=-0.2284]
Epoch 133/150 [train]:  69%|██████▉   | 18/26 [00:00<00:00, 50.57it/s, S=0.3573, loss=-0.2177]
Epoch 133/150 [train]:  92%|█████████▏| 24/26 [00:00<00:00, 50.59it/s, S=0.3573, loss=-0.2177]
Epoch 133/150 [train]:  92%|█████████▏| 24/26 [00:00<00:00, 50.59it/s, S=0.3640, loss=-0.2220]
Epoch 133/150 [train]:  92%|█████████▏| 24/26 [00:00<00:00, 50.59it/s, S=0.3649, loss=-0.2320]
                                                                                              
Epoch 133/150  train loss=-0.2232  val loss=-0.2141  S[mean]=0.3676  ζ=0.4467  mean_plane_ζ=0.3286  reg=0.1535  λscale=0.90  lr=5.37e-05

Epoch 134/150 [train]:   0%|          | 0/26 [00:00<?, ?it/s]
Epoch 134/150 [train]:   0%|          | 0/26 [00:00<?, ?it/s, S=0.3635, loss=-0.2320]
Epoch 134/150 [train]:   0%|          | 0/26 [00:00<?, ?it/s, S=0.3566, loss=-0.2158]
Epoch 134/150 [train]:   0%|          | 0/26 [00:00<?, ?it/s, S=0.3652, loss=-0.2212]
Epoch 134/150 [train]:   0%|          | 0/26 [00:00<?, ?it/s, S=0.3543, loss=-0.2127]
Epoch 134/150 [train]:   0%|          | 0/26 [00:00<?, ?it/s, S=0.3629, loss=-0.2239]
Epoch 134/150 [train]:   0%|          | 0/26 [00:00<?, ?it/s, S=0.3659, loss=-0.2301]
Epoch 134/150 [train]:  23%|██▎       | 6/26 [00:00<00:00, 50.62it/s, S=0.3659, loss=-0.2301]
Epoch 134/150 [train]:  23%|██▎       | 6/26 [00:00<00:00, 50.62it/s, S=0.3614, loss=-0.2187]
Epoch 134/150 [train]:  23%|██▎       | 6/26 [00:00<00:00, 50.62it/s, S=0.3672, loss=-0.2302]
Epoch 134/150 [train]:  23%|██▎       | 6/26 [00:00<00:00, 50.62it/s, S=0.3606, loss=-0.2260]
Epoch 134/150 [train]:  23%|██▎       | 6/26 [00:00<00:00, 50.62it/s, S=0.3537, loss=-0.2139]
Epoch 134/150 [train]:  23%|██▎       | 6/26 [00:00<00:00, 50.62it/s, S=0.3565, loss=-0.2146]
Epoch 134/150 [train]:  23%|██▎       | 6/26 [00:00<00:00, 50.62it/s, S=0.3593, loss=-0.2183]
Epoch 134/150 [train]:  46%|████▌     | 12/26 [00:00<00:00, 50.51it/s, S=0.3593, loss=-0.2183]
Epoch 134/150 [train]:  46%|████▌     | 12/26 [00:00<00:00, 50.51it/s, S=0.3522, loss=-0.2050]
Epoch 134/150 [train]:  46%|████▌     | 12/26 [00:00<00:00, 50.51it/s, S=0.3581, loss=-0.2212]
Epoch 134/150 [train]:  46%|████▌     | 12/26 [00:00<00:00, 50.51it/s, S=0.3564, loss=-0.2129]
Epoch 134/150 [train]:  46%|████▌     | 12/26 [00:00<00:00, 50.51it/s, S=0.3593, loss=-0.2313]
Epoch 134/150 [train]:  46%|████▌     | 12/26 [00:00<00:00, 50.51it/s, S=0.3632, loss=-0.2330]
Epoch 134/150 [train]:  46%|████▌     | 12/26 [00:00<00:00, 50.51it/s, S=0.3637, loss=-0.2283]
Epoch 134/150 [train]:  69%|██████▉   | 18/26 [00:00<00:00, 50.51it/s, S=0.3637, loss=-0.2283]
Epoch 134/150 [train]:  69%|██████▉   | 18/26 [00:00<00:00, 50.51it/s, S=0.3627, loss=-0.2260]
Epoch 134/150 [train]:  69%|██████▉   | 18/26 [00:00<00:00, 50.51it/s, S=0.3580, loss=-0.2216]
Epoch 134/150 [train]:  69%|██████▉   | 18/26 [00:00<00:00, 50.51it/s, S=0.3614, loss=-0.2281]
Epoch 134/150 [train]:  69%|██████▉   | 18/26 [00:00<00:00, 50.51it/s, S=0.3644, loss=-0.2341]
Epoch 134/150 [train]:  69%|██████▉   | 18/26 [00:00<00:00, 50.51it/s, S=0.3629, loss=-0.2234]
Epoch 134/150 [train]:  69%|██████▉   | 18/26 [00:00<00:00, 50.51it/s, S=0.3546, loss=-0.2138]
Epoch 134/150 [train]:  92%|█████████▏| 24/26 [00:00<00:00, 50.54it/s, S=0.3546, loss=-0.2138]
Epoch 134/150 [train]:  92%|█████████▏| 24/26 [00:00<00:00, 50.54it/s, S=0.3543, loss=-0.2162]
Epoch 134/150 [train]:  92%|█████████▏| 24/26 [00:00<00:00, 50.54it/s, S=0.3595, loss=-0.2229]
                                                                                              
Epoch 134/150  train loss=-0.2221  val loss=-0.2130  S[mean]=0.3675  ζ=0.4467  mean_plane_ζ=0.3286  reg=0.1545  λscale=0.90  lr=4.77e-05

Epoch 135/150 [train]:   0%|          | 0/26 [00:00<?, ?it/s]
Epoch 135/150 [train]:   0%|          | 0/26 [00:00<?, ?it/s, S=0.3635, loss=-0.2283]
Epoch 135/150 [train]:   0%|          | 0/26 [00:00<?, ?it/s, S=0.3573, loss=-0.2213]
Epoch 135/150 [train]:   0%|          | 0/26 [00:00<?, ?it/s, S=0.3625, loss=-0.2279]
Epoch 135/150 [train]:   0%|          | 0/26 [00:00<?, ?it/s, S=0.3603, loss=-0.2202]
Epoch 135/150 [train]:   0%|          | 0/26 [00:00<?, ?it/s, S=0.3615, loss=-0.2243]
Epoch 135/150 [train]:   0%|          | 0/26 [00:00<?, ?it/s, S=0.3644, loss=-0.2308]
Epoch 135/150 [train]:  23%|██▎       | 6/26 [00:00<00:00, 50.63it/s, S=0.3644, loss=-0.2308]
Epoch 135/150 [train]:  23%|██▎       | 6/26 [00:00<00:00, 50.63it/s, S=0.3658, loss=-0.2335]
Epoch 135/150 [train]:  23%|██▎       | 6/26 [00:00<00:00, 50.63it/s, S=0.3650, loss=-0.2292]
Epoch 135/150 [train]:  23%|██▎       | 6/26 [00:00<00:00, 50.63it/s, S=0.3588, loss=-0.2118]
Epoch 135/150 [train]:  23%|██▎       | 6/26 [00:00<00:00, 50.63it/s, S=0.3560, loss=-0.2097]
Epoch 135/150 [train]:  23%|██▎       | 6/26 [00:00<00:00, 50.63it/s, S=0.3513, loss=-0.2049]
Epoch 135/150 [train]:  23%|██▎       | 6/26 [00:00<00:00, 50.63it/s, S=0.3595, loss=-0.2168]
Epoch 135/150 [train]:  46%|████▌     | 12/26 [00:00<00:00, 50.66it/s, S=0.3595, loss=-0.2168]
Epoch 135/150 [train]:  46%|████▌     | 12/26 [00:00<00:00, 50.66it/s, S=0.3563, loss=-0.2036]
Epoch 135/150 [train]:  46%|████▌     | 12/26 [00:00<00:00, 50.66it/s, S=0.3622, loss=-0.2133]
Epoch 135/150 [train]:  46%|████▌     | 12/26 [00:00<00:00, 50.66it/s, S=0.3568, loss=-0.2016]
Epoch 135/150 [train]:  46%|████▌     | 12/26 [00:00<00:00, 50.66it/s, S=0.3615, loss=-0.2245]
Epoch 135/150 [train]:  46%|████▌     | 12/26 [00:00<00:00, 50.66it/s, S=0.3581, loss=-0.2199]
Epoch 135/150 [train]:  46%|████▌     | 12/26 [00:00<00:00, 50.66it/s, S=0.3620, loss=-0.2306]
Epoch 135/150 [train]:  69%|██████▉   | 18/26 [00:00<00:00, 50.62it/s, S=0.3620, loss=-0.2306]
Epoch 135/150 [train]:  69%|██████▉   | 18/26 [00:00<00:00, 50.62it/s, S=0.3587, loss=-0.2287]
Epoch 135/150 [train]:  69%|██████▉   | 18/26 [00:00<00:00, 50.62it/s, S=0.3561, loss=-0.2083]
Epoch 135/150 [train]:  69%|██████▉   | 18/26 [00:00<00:00, 50.62it/s, S=0.3539, loss=-0.2102]
Epoch 135/150 [train]:  69%|██████▉   | 18/26 [00:00<00:00, 50.62it/s, S=0.3549, loss=-0.2129]
Epoch 135/150 [train]:  69%|██████▉   | 18/26 [00:00<00:00, 50.62it/s, S=0.3624, loss=-0.2253]
Epoch 135/150 [train]:  69%|██████▉   | 18/26 [00:00<00:00, 50.62it/s, S=0.3524, loss=-0.2166]
Epoch 135/150 [train]:  92%|█████████▏| 24/26 [00:00<00:00, 50.56it/s, S=0.3524, loss=-0.2166]
Epoch 135/150 [train]:  92%|█████████▏| 24/26 [00:00<00:00, 50.56it/s, S=0.3609, loss=-0.2243]
Epoch 135/150 [train]:  92%|█████████▏| 24/26 [00:00<00:00, 50.56it/s, S=0.3624, loss=-0.2283]
                                                                                              
Epoch 135/150  train loss=-0.2195  val loss=-0.2121  S[mean]=0.3673  ζ=0.4468  mean_plane_ζ=0.3286  reg=0.1552  λscale=0.91  lr=4.21e-05

Epoch 136/150 [train]:   0%|          | 0/26 [00:00<?, ?it/s]
Epoch 136/150 [train]:   0%|          | 0/26 [00:00<?, ?it/s, S=0.3614, loss=-0.2217]
Epoch 136/150 [train]:   0%|          | 0/26 [00:00<?, ?it/s, S=0.3652, loss=-0.2310]
Epoch 136/150 [train]:   0%|          | 0/26 [00:00<?, ?it/s, S=0.3616, loss=-0.2222]
Epoch 136/150 [train]:   0%|          | 0/26 [00:00<?, ?it/s, S=0.3567, loss=-0.2117]
Epoch 136/150 [train]:   0%|          | 0/26 [00:00<?, ?it/s, S=0.3540, loss=-0.2210]
Epoch 136/150 [train]:   0%|          | 0/26 [00:00<?, ?it/s, S=0.3595, loss=-0.2223]
Epoch 136/150 [train]:  23%|██▎       | 6/26 [00:00<00:00, 50.64it/s, S=0.3595, loss=-0.2223]
Epoch 136/150 [train]:  23%|██▎       | 6/26 [00:00<00:00, 50.64it/s, S=0.3582, loss=-0.2268]
Epoch 136/150 [train]:  23%|██▎       | 6/26 [00:00<00:00, 50.64it/s, S=0.3653, loss=-0.2313]
Epoch 136/150 [train]:  23%|██▎       | 6/26 [00:00<00:00, 50.64it/s, S=0.3672, loss=-0.2267]
Epoch 136/150 [train]:  23%|██▎       | 6/26 [00:00<00:00, 50.64it/s, S=0.3597, loss=-0.2204]
Epoch 136/150 [train]:  23%|██▎       | 6/26 [00:00<00:00, 50.64it/s, S=0.3555, loss=-0.2221]
Epoch 136/150 [train]:  23%|██▎       | 6/26 [00:00<00:00, 50.64it/s, S=0.3611, loss=-0.2263]
Epoch 136/150 [train]:  46%|████▌     | 12/26 [00:00<00:00, 50.64it/s, S=0.3611, loss=-0.2263]
Epoch 136/150 [train]:  46%|████▌     | 12/26 [00:00<00:00, 50.64it/s, S=0.3630, loss=-0.2242]
Epoch 136/150 [train]:  46%|████▌     | 12/26 [00:00<00:00, 50.64it/s, S=0.3594, loss=-0.2257]
Epoch 136/150 [train]:  46%|████▌     | 12/26 [00:00<00:00, 50.64it/s, S=0.3622, loss=-0.2249]
Epoch 136/150 [train]:  46%|████▌     | 12/26 [00:00<00:00, 50.64it/s, S=0.3594, loss=-0.2242]
Epoch 136/150 [train]:  46%|████▌     | 12/26 [00:00<00:00, 50.64it/s, S=0.3527, loss=-0.2009]
Epoch 136/150 [train]:  46%|████▌     | 12/26 [00:00<00:00, 50.64it/s, S=0.3609, loss=-0.2243]
Epoch 136/150 [train]:  69%|██████▉   | 18/26 [00:00<00:00, 50.61it/s, S=0.3609, loss=-0.2243]
Epoch 136/150 [train]:  69%|██████▉   | 18/26 [00:00<00:00, 50.61it/s, S=0.3585, loss=-0.2150]
Epoch 136/150 [train]:  69%|██████▉   | 18/26 [00:00<00:00, 50.61it/s, S=0.3510, loss=-0.2053]
Epoch 136/150 [train]:  69%|██████▉   | 18/26 [00:00<00:00, 50.61it/s, S=0.3568, loss=-0.2170]
Epoch 136/150 [train]:  69%|██████▉   | 18/26 [00:00<00:00, 50.61it/s, S=0.3616, loss=-0.2295]
Epoch 136/150 [train]:  69%|██████▉   | 18/26 [00:00<00:00, 50.61it/s, S=0.3648, loss=-0.2252]
Epoch 136/150 [train]:  69%|██████▉   | 18/26 [00:00<00:00, 50.61it/s, S=0.3642, loss=-0.2259]
Epoch 136/150 [train]:  92%|█████████▏| 24/26 [00:00<00:00, 50.59it/s, S=0.3642, loss=-0.2259]
Epoch 136/150 [train]:  92%|█████████▏| 24/26 [00:00<00:00, 50.59it/s, S=0.3597, loss=-0.2222]
Epoch 136/150 [train]:  92%|█████████▏| 24/26 [00:00<00:00, 50.59it/s, S=0.3597, loss=-0.2290]
                                                                                              
Epoch 136/150  train loss=-0.2222  val loss=-0.2114  S[mean]=0.3673  ζ=0.4468  mean_plane_ζ=0.3287  reg=0.1558  λscale=0.92  lr=3.68e-05

Epoch 137/150 [train]:   0%|          | 0/26 [00:00<?, ?it/s]
Epoch 137/150 [train]:   0%|          | 0/26 [00:00<?, ?it/s, S=0.3675, loss=-0.2255]
Epoch 137/150 [train]:   0%|          | 0/26 [00:00<?, ?it/s, S=0.3573, loss=-0.2034]
Epoch 137/150 [train]:   0%|          | 0/26 [00:00<?, ?it/s, S=0.3662, loss=-0.2324]
Epoch 137/150 [train]:   0%|          | 0/26 [00:00<?, ?it/s, S=0.3637, loss=-0.2270]
Epoch 137/150 [train]:   0%|          | 0/26 [00:00<?, ?it/s, S=0.3622, loss=-0.2267]
Epoch 137/150 [train]:   0%|          | 0/26 [00:00<?, ?it/s, S=0.3623, loss=-0.2320]
Epoch 137/150 [train]:  23%|██▎       | 6/26 [00:00<00:00, 50.48it/s, S=0.3623, loss=-0.2320]
Epoch 137/150 [train]:  23%|██▎       | 6/26 [00:00<00:00, 50.48it/s, S=0.3563, loss=-0.2145]
Epoch 137/150 [train]:  23%|██▎       | 6/26 [00:00<00:00, 50.48it/s, S=0.3606, loss=-0.2166]
Epoch 137/150 [train]:  23%|██▎       | 6/26 [00:00<00:00, 50.48it/s, S=0.3575, loss=-0.2209]
Epoch 137/150 [train]:  23%|██▎       | 6/26 [00:00<00:00, 50.48it/s, S=0.3534, loss=-0.2147]
Epoch 137/150 [train]:  23%|██▎       | 6/26 [00:00<00:00, 50.48it/s, S=0.3586, loss=-0.2170]
Epoch 137/150 [train]:  23%|██▎       | 6/26 [00:00<00:00, 50.48it/s, S=0.3645, loss=-0.2293]
Epoch 137/150 [train]:  46%|████▌     | 12/26 [00:00<00:00, 50.59it/s, S=0.3645, loss=-0.2293]
Epoch 137/150 [train]:  46%|████▌     | 12/26 [00:00<00:00, 50.59it/s, S=0.3576, loss=-0.2263]
Epoch 137/150 [train]:  46%|████▌     | 12/26 [00:00<00:00, 50.59it/s, S=0.3573, loss=-0.2169]
Epoch 137/150 [train]:  46%|████▌     | 12/26 [00:00<00:00, 50.59it/s, S=0.3636, loss=-0.2291]
Epoch 137/150 [train]:  46%|████▌     | 12/26 [00:00<00:00, 50.59it/s, S=0.3578, loss=-0.2198]
Epoch 137/150 [train]:  46%|████▌     | 12/26 [00:00<00:00, 50.59it/s, S=0.3572, loss=-0.2127]
Epoch 137/150 [train]:  46%|████▌     | 12/26 [00:00<00:00, 50.59it/s, S=0.3595, loss=-0.2267]
Epoch 137/150 [train]:  69%|██████▉   | 18/26 [00:00<00:00, 50.61it/s, S=0.3595, loss=-0.2267]
Epoch 137/150 [train]:  69%|██████▉   | 18/26 [00:00<00:00, 50.61it/s, S=0.3572, loss=-0.2273]
Epoch 137/150 [train]:  69%|██████▉   | 18/26 [00:00<00:00, 50.61it/s, S=0.3612, loss=-0.2234]
Epoch 137/150 [train]:  69%|██████▉   | 18/26 [00:00<00:00, 50.61it/s, S=0.3656, loss=-0.2339]
Epoch 137/150 [train]:  69%|██████▉   | 18/26 [00:00<00:00, 50.61it/s, S=0.3632, loss=-0.2305]
Epoch 137/150 [train]:  69%|██████▉   | 18/26 [00:00<00:00, 50.61it/s, S=0.3548, loss=-0.2139]
Epoch 137/150 [train]:  69%|██████▉   | 18/26 [00:00<00:00, 50.61it/s, S=0.3609, loss=-0.2274]
Epoch 137/150 [train]:  92%|█████████▏| 24/26 [00:00<00:00, 50.65it/s, S=0.3609, loss=-0.2274]
Epoch 137/150 [train]:  92%|█████████▏| 24/26 [00:00<00:00, 50.65it/s, S=0.3551, loss=-0.2193]
Epoch 137/150 [train]:  92%|█████████▏| 24/26 [00:00<00:00, 50.65it/s, S=0.3654, loss=-0.2261]
                                                                                              
Epoch 137/150  train loss=-0.2228  val loss=-0.2106  S[mean]=0.3672  ζ=0.4469  mean_plane_ζ=0.3287  reg=0.1566  λscale=0.92  lr=3.19e-05

Epoch 138/150 [train]:   0%|          | 0/26 [00:00<?, ?it/s]
Epoch 138/150 [train]:   0%|          | 0/26 [00:00<?, ?it/s, S=0.3552, loss=-0.2053]
Epoch 138/150 [train]:   0%|          | 0/26 [00:00<?, ?it/s, S=0.3666, loss=-0.2310]
Epoch 138/150 [train]:   0%|          | 0/26 [00:00<?, ?it/s, S=0.3564, loss=-0.2058]
Epoch 138/150 [train]:   0%|          | 0/26 [00:00<?, ?it/s, S=0.3596, loss=-0.2156]
Epoch 138/150 [train]:   0%|          | 0/26 [00:00<?, ?it/s, S=0.3599, loss=-0.2197]
Epoch 138/150 [train]:   0%|          | 0/26 [00:00<?, ?it/s, S=0.3559, loss=-0.2171]
Epoch 138/150 [train]:  23%|██▎       | 6/26 [00:00<00:00, 50.69it/s, S=0.3559, loss=-0.2171]
Epoch 138/150 [train]:  23%|██▎       | 6/26 [00:00<00:00, 50.69it/s, S=0.3620, loss=-0.2283]
Epoch 138/150 [train]:  23%|██▎       | 6/26 [00:00<00:00, 50.69it/s, S=0.3626, loss=-0.2246]
Epoch 138/150 [train]:  23%|██▎       | 6/26 [00:00<00:00, 50.69it/s, S=0.3604, loss=-0.2193]
Epoch 138/150 [train]:  23%|██▎       | 6/26 [00:00<00:00, 50.69it/s, S=0.3641, loss=-0.2241]
Epoch 138/150 [train]:  23%|██▎       | 6/26 [00:00<00:00, 50.69it/s, S=0.3599, loss=-0.2225]
Epoch 138/150 [train]:  23%|██▎       | 6/26 [00:00<00:00, 50.69it/s, S=0.3612, loss=-0.2230]
Epoch 138/150 [train]:  46%|████▌     | 12/26 [00:00<00:00, 50.49it/s, S=0.3612, loss=-0.2230]
Epoch 138/150 [train]:  46%|████▌     | 12/26 [00:00<00:00, 50.49it/s, S=0.3642, loss=-0.2215]
Epoch 138/150 [train]:  46%|████▌     | 12/26 [00:00<00:00, 50.49it/s, S=0.3650, loss=-0.2307]
Epoch 138/150 [train]:  46%|████▌     | 12/26 [00:00<00:00, 50.49it/s, S=0.3548, loss=-0.2046]
Epoch 138/150 [train]:  46%|████▌     | 12/26 [00:00<00:00, 50.49it/s, S=0.3565, loss=-0.2107]
Epoch 138/150 [train]:  46%|████▌     | 12/26 [00:00<00:00, 50.49it/s, S=0.3562, loss=-0.2150]
Epoch 138/150 [train]:  46%|████▌     | 12/26 [00:00<00:00, 50.49it/s, S=0.3556, loss=-0.2123]
Epoch 138/150 [train]:  69%|██████▉   | 18/26 [00:00<00:00, 50.56it/s, S=0.3556, loss=-0.2123]
Epoch 138/150 [train]:  69%|██████▉   | 18/26 [00:00<00:00, 50.56it/s, S=0.3533, loss=-0.2061]
Epoch 138/150 [train]:  69%|██████▉   | 18/26 [00:00<00:00, 50.56it/s, S=0.3615, loss=-0.2246]
Epoch 138/150 [train]:  69%|██████▉   | 18/26 [00:00<00:00, 50.56it/s, S=0.3610, loss=-0.2243]
Epoch 138/150 [train]:  69%|██████▉   | 18/26 [00:00<00:00, 50.56it/s, S=0.3691, loss=-0.2354]
Epoch 138/150 [train]:  69%|██████▉   | 18/26 [00:00<00:00, 50.56it/s, S=0.3541, loss=-0.2147]
Epoch 138/150 [train]:  69%|██████▉   | 18/26 [00:00<00:00, 50.56it/s, S=0.3580, loss=-0.2188]
Epoch 138/150 [train]:  92%|█████████▏| 24/26 [00:00<00:00, 50.53it/s, S=0.3580, loss=-0.2188]
Epoch 138/150 [train]:  92%|█████████▏| 24/26 [00:00<00:00, 50.53it/s, S=0.3594, loss=-0.2270]
Epoch 138/150 [train]:  92%|█████████▏| 24/26 [00:00<00:00, 50.53it/s, S=0.3626, loss=-0.2167]
                                                                                              
Epoch 138/150  train loss=-0.2192  val loss=-0.2096  S[mean]=0.3672  ζ=0.4467  mean_plane_ζ=0.3287  reg=0.1576  λscale=0.93  lr=2.72e-05

Epoch 139/150 [train]:   0%|          | 0/26 [00:00<?, ?it/s]
Epoch 139/150 [train]:   0%|          | 0/26 [00:00<?, ?it/s, S=0.3622, loss=-0.2255]
Epoch 139/150 [train]:   0%|          | 0/26 [00:00<?, ?it/s, S=0.3560, loss=-0.2211]
Epoch 139/150 [train]:   0%|          | 0/26 [00:00<?, ?it/s, S=0.3663, loss=-0.2322]
Epoch 139/150 [train]:   0%|          | 0/26 [00:00<?, ?it/s, S=0.3527, loss=-0.2072]
Epoch 139/150 [train]:   0%|          | 0/26 [00:00<?, ?it/s, S=0.3582, loss=-0.2224]
Epoch 139/150 [train]:   0%|          | 0/26 [00:00<?, ?it/s, S=0.3599, loss=-0.2196]
Epoch 139/150 [train]:  23%|██▎       | 6/26 [00:00<00:00, 50.65it/s, S=0.3599, loss=-0.2196]
Epoch 139/150 [train]:  23%|██▎       | 6/26 [00:00<00:00, 50.65it/s, S=0.3578, loss=-0.2157]
Epoch 139/150 [train]:  23%|██▎       | 6/26 [00:00<00:00, 50.65it/s, S=0.3623, loss=-0.2167]
Epoch 139/150 [train]:  23%|██▎       | 6/26 [00:00<00:00, 50.65it/s, S=0.3591, loss=-0.2119]
Epoch 139/150 [train]:  23%|██▎       | 6/26 [00:00<00:00, 50.65it/s, S=0.3616, loss=-0.2208]
Epoch 139/150 [train]:  23%|██▎       | 6/26 [00:00<00:00, 50.65it/s, S=0.3568, loss=-0.2177]
Epoch 139/150 [train]:  23%|██▎       | 6/26 [00:00<00:00, 50.65it/s, S=0.3613, loss=-0.2181]
Epoch 139/150 [train]:  46%|████▌     | 12/26 [00:00<00:00, 50.62it/s, S=0.3613, loss=-0.2181]
Epoch 139/150 [train]:  46%|████▌     | 12/26 [00:00<00:00, 50.62it/s, S=0.3555, loss=-0.2084]
Epoch 139/150 [train]:  46%|████▌     | 12/26 [00:00<00:00, 50.62it/s, S=0.3553, loss=-0.2148]
Epoch 139/150 [train]:  46%|████▌     | 12/26 [00:00<00:00, 50.62it/s, S=0.3580, loss=-0.2214]
Epoch 139/150 [train]:  46%|████▌     | 12/26 [00:00<00:00, 50.62it/s, S=0.3646, loss=-0.2283]
Epoch 139/150 [train]:  46%|████▌     | 12/26 [00:00<00:00, 50.62it/s, S=0.3618, loss=-0.2244]
Epoch 139/150 [train]:  46%|████▌     | 12/26 [00:00<00:00, 50.62it/s, S=0.3630, loss=-0.2310]
Epoch 139/150 [train]:  69%|██████▉   | 18/26 [00:00<00:00, 50.63it/s, S=0.3630, loss=-0.2310]
Epoch 139/150 [train]:  69%|██████▉   | 18/26 [00:00<00:00, 50.63it/s, S=0.3613, loss=-0.2243]
Epoch 139/150 [train]:  69%|██████▉   | 18/26 [00:00<00:00, 50.63it/s, S=0.3602, loss=-0.2165]
Epoch 139/150 [train]:  69%|██████▉   | 18/26 [00:00<00:00, 50.63it/s, S=0.3622, loss=-0.2230]
Epoch 139/150 [train]:  69%|██████▉   | 18/26 [00:00<00:00, 50.63it/s, S=0.3569, loss=-0.2149]
Epoch 139/150 [train]:  69%|██████▉   | 18/26 [00:00<00:00, 50.63it/s, S=0.3604, loss=-0.2214]
Epoch 139/150 [train]:  69%|██████▉   | 18/26 [00:00<00:00, 50.63it/s, S=0.3649, loss=-0.2315]
Epoch 139/150 [train]:  92%|█████████▏| 24/26 [00:00<00:00, 50.61it/s, S=0.3649, loss=-0.2315]
Epoch 139/150 [train]:  92%|█████████▏| 24/26 [00:00<00:00, 50.61it/s, S=0.3572, loss=-0.2177]
Epoch 139/150 [train]:  92%|█████████▏| 24/26 [00:00<00:00, 50.61it/s, S=0.3555, loss=-0.2107]
                                                                                              
Epoch 139/150  train loss=-0.2199  val loss=-0.2087  S[mean]=0.3671  ζ=0.4468  mean_plane_ζ=0.3288  reg=0.1584  λscale=0.93  lr=2.30e-05

Epoch 140/150 [train]:   0%|          | 0/26 [00:00<?, ?it/s]
Epoch 140/150 [train]:   0%|          | 0/26 [00:00<?, ?it/s, S=0.3551, loss=-0.2112]
Epoch 140/150 [train]:   0%|          | 0/26 [00:00<?, ?it/s, S=0.3617, loss=-0.2175]
Epoch 140/150 [train]:   0%|          | 0/26 [00:00<?, ?it/s, S=0.3619, loss=-0.2273]
Epoch 140/150 [train]:   0%|          | 0/26 [00:00<?, ?it/s, S=0.3554, loss=-0.2165]
Epoch 140/150 [train]:   0%|          | 0/26 [00:00<?, ?it/s, S=0.3631, loss=-0.2237]
Epoch 140/150 [train]:   0%|          | 0/26 [00:00<?, ?it/s, S=0.3607, loss=-0.2180]
Epoch 140/150 [train]:  23%|██▎       | 6/26 [00:00<00:00, 50.60it/s, S=0.3607, loss=-0.2180]
Epoch 140/150 [train]:  23%|██▎       | 6/26 [00:00<00:00, 50.60it/s, S=0.3609, loss=-0.2211]
Epoch 140/150 [train]:  23%|██▎       | 6/26 [00:00<00:00, 50.60it/s, S=0.3629, loss=-0.2219]
Epoch 140/150 [train]:  23%|██▎       | 6/26 [00:00<00:00, 50.60it/s, S=0.3609, loss=-0.2210]
Epoch 140/150 [train]:  23%|██▎       | 6/26 [00:00<00:00, 50.60it/s, S=0.3587, loss=-0.2153]
Epoch 140/150 [train]:  23%|██▎       | 6/26 [00:00<00:00, 50.60it/s, S=0.3622, loss=-0.2255]
Epoch 140/150 [train]:  23%|██▎       | 6/26 [00:00<00:00, 50.60it/s, S=0.3566, loss=-0.2133]
Epoch 140/150 [train]:  46%|████▌     | 12/26 [00:00<00:00, 50.60it/s, S=0.3566, loss=-0.2133]
Epoch 140/150 [train]:  46%|████▌     | 12/26 [00:00<00:00, 50.60it/s, S=0.3564, loss=-0.2060]
Epoch 140/150 [train]:  46%|████▌     | 12/26 [00:00<00:00, 50.60it/s, S=0.3587, loss=-0.2183]
Epoch 140/150 [train]:  46%|████▌     | 12/26 [00:00<00:00, 50.60it/s, S=0.3628, loss=-0.2247]
Epoch 140/150 [train]:  46%|████▌     | 12/26 [00:00<00:00, 50.60it/s, S=0.3600, loss=-0.2218]
Epoch 140/150 [train]:  46%|████▌     | 12/26 [00:00<00:00, 50.60it/s, S=0.3584, loss=-0.2206]
Epoch 140/150 [train]:  46%|████▌     | 12/26 [00:00<00:00, 50.60it/s, S=0.3630, loss=-0.2194]
Epoch 140/150 [train]:  69%|██████▉   | 18/26 [00:00<00:00, 50.58it/s, S=0.3630, loss=-0.2194]
Epoch 140/150 [train]:  69%|██████▉   | 18/26 [00:00<00:00, 50.58it/s, S=0.3569, loss=-0.2111]
Epoch 140/150 [train]:  69%|██████▉   | 18/26 [00:00<00:00, 50.58it/s, S=0.3502, loss=-0.2010]
Epoch 140/150 [train]:  69%|██████▉   | 18/26 [00:00<00:00, 50.58it/s, S=0.3609, loss=-0.2200]
Epoch 140/150 [train]:  69%|██████▉   | 18/26 [00:00<00:00, 50.58it/s, S=0.3550, loss=-0.2037]
Epoch 140/150 [train]:  69%|██████▉   | 18/26 [00:00<00:00, 50.58it/s, S=0.3644, loss=-0.2252]
Epoch 140/150 [train]:  69%|██████▉   | 18/26 [00:00<00:00, 50.58it/s, S=0.3605, loss=-0.2241]
Epoch 140/150 [train]:  92%|█████████▏| 24/26 [00:00<00:00, 50.57it/s, S=0.3605, loss=-0.2241]
Epoch 140/150 [train]:  92%|█████████▏| 24/26 [00:00<00:00, 50.57it/s, S=0.3608, loss=-0.2214]
Epoch 140/150 [train]:  92%|█████████▏| 24/26 [00:00<00:00, 50.57it/s, S=0.3602, loss=-0.2194]
                                                                                              
Epoch 140/150  train loss=-0.2181  val loss=-0.2078  S[mean]=0.3670  ζ=0.4468  mean_plane_ζ=0.3287  reg=0.1592  λscale=0.94  lr=1.90e-05

Epoch 141/150 [train]:   0%|          | 0/26 [00:00<?, ?it/s]
Epoch 141/150 [train]:   0%|          | 0/26 [00:00<?, ?it/s, S=0.3578, loss=-0.2209]
Epoch 141/150 [train]:   0%|          | 0/26 [00:00<?, ?it/s, S=0.3573, loss=-0.2209]
Epoch 141/150 [train]:   0%|          | 0/26 [00:00<?, ?it/s, S=0.3591, loss=-0.2188]
Epoch 141/150 [train]:   0%|          | 0/26 [00:00<?, ?it/s, S=0.3611, loss=-0.2220]
Epoch 141/150 [train]:   0%|          | 0/26 [00:00<?, ?it/s, S=0.3583, loss=-0.1930]
Epoch 141/150 [train]:   0%|          | 0/26 [00:00<?, ?it/s, S=0.3618, loss=-0.2190]
Epoch 141/150 [train]:  23%|██▎       | 6/26 [00:00<00:00, 50.64it/s, S=0.3618, loss=-0.2190]
Epoch 141/150 [train]:  23%|██▎       | 6/26 [00:00<00:00, 50.64it/s, S=0.3582, loss=-0.2160]
Epoch 141/150 [train]:  23%|██▎       | 6/26 [00:00<00:00, 50.64it/s, S=0.3531, loss=-0.2008]
Epoch 141/150 [train]:  23%|██▎       | 6/26 [00:00<00:00, 50.64it/s, S=0.3552, loss=-0.2133]
Epoch 141/150 [train]:  23%|██▎       | 6/26 [00:00<00:00, 50.64it/s, S=0.3528, loss=-0.2067]
Epoch 141/150 [train]:  23%|██▎       | 6/26 [00:00<00:00, 50.64it/s, S=0.3634, loss=-0.2175]
Epoch 141/150 [train]:  23%|██▎       | 6/26 [00:00<00:00, 50.64it/s, S=0.3623, loss=-0.2131]
Epoch 141/150 [train]:  46%|████▌     | 12/26 [00:00<00:00, 50.63it/s, S=0.3623, loss=-0.2131]
Epoch 141/150 [train]:  46%|████▌     | 12/26 [00:00<00:00, 50.63it/s, S=0.3596, loss=-0.2225]
Epoch 141/150 [train]:  46%|████▌     | 12/26 [00:00<00:00, 50.63it/s, S=0.3607, loss=-0.2154]
Epoch 141/150 [train]:  46%|████▌     | 12/26 [00:00<00:00, 50.63it/s, S=0.3600, loss=-0.2192]
Epoch 141/150 [train]:  46%|████▌     | 12/26 [00:00<00:00, 50.63it/s, S=0.3657, loss=-0.2273]
Epoch 141/150 [train]:  46%|████▌     | 12/26 [00:00<00:00, 50.63it/s, S=0.3619, loss=-0.2188]
Epoch 141/150 [train]:  46%|████▌     | 12/26 [00:00<00:00, 50.63it/s, S=0.3555, loss=-0.2051]
Epoch 141/150 [train]:  69%|██████▉   | 18/26 [00:00<00:00, 50.58it/s, S=0.3555, loss=-0.2051]
Epoch 141/150 [train]:  69%|██████▉   | 18/26 [00:00<00:00, 50.58it/s, S=0.3569, loss=-0.2223]
Epoch 141/150 [train]:  69%|██████▉   | 18/26 [00:00<00:00, 50.58it/s, S=0.3639, loss=-0.2287]
Epoch 141/150 [train]:  69%|██████▉   | 18/26 [00:00<00:00, 50.58it/s, S=0.3596, loss=-0.2181]
Epoch 141/150 [train]:  69%|██████▉   | 18/26 [00:00<00:00, 50.58it/s, S=0.3626, loss=-0.2277]
Epoch 141/150 [train]:  69%|██████▉   | 18/26 [00:00<00:00, 50.58it/s, S=0.3562, loss=-0.2165]
Epoch 141/150 [train]:  69%|██████▉   | 18/26 [00:00<00:00, 50.58it/s, S=0.3610, loss=-0.2213]
Epoch 141/150 [train]:  92%|█████████▏| 24/26 [00:00<00:00, 50.50it/s, S=0.3610, loss=-0.2213]
Epoch 141/150 [train]:  92%|█████████▏| 24/26 [00:00<00:00, 50.50it/s, S=0.3619, loss=-0.2220]
Epoch 141/150 [train]:  92%|█████████▏| 24/26 [00:00<00:00, 50.50it/s, S=0.3623, loss=-0.2187]
                                                                                              
Epoch 141/150  train loss=-0.2171  val loss=-0.2069  S[mean]=0.3669  ζ=0.4467  mean_plane_ζ=0.3287  reg=0.1600  λscale=0.95  lr=1.55e-05

Epoch 142/150 [train]:   0%|          | 0/26 [00:00<?, ?it/s]
Epoch 142/150 [train]:   0%|          | 0/26 [00:00<?, ?it/s, S=0.3634, loss=-0.2096]
Epoch 142/150 [train]:   0%|          | 0/26 [00:00<?, ?it/s, S=0.3546, loss=-0.2146]
Epoch 142/150 [train]:   0%|          | 0/26 [00:00<?, ?it/s, S=0.3647, loss=-0.2243]
Epoch 142/150 [train]:   0%|          | 0/26 [00:00<?, ?it/s, S=0.3601, loss=-0.2138]
Epoch 142/150 [train]:   0%|          | 0/26 [00:00<?, ?it/s, S=0.3594, loss=-0.2076]
Epoch 142/150 [train]:   0%|          | 0/26 [00:00<?, ?it/s, S=0.3634, loss=-0.2246]
Epoch 142/150 [train]:  23%|██▎       | 6/26 [00:00<00:00, 50.65it/s, S=0.3634, loss=-0.2246]
Epoch 142/150 [train]:  23%|██▎       | 6/26 [00:00<00:00, 50.65it/s, S=0.3577, loss=-0.2195]
Epoch 142/150 [train]:  23%|██▎       | 6/26 [00:00<00:00, 50.65it/s, S=0.3568, loss=-0.2149]
Epoch 142/150 [train]:  23%|██▎       | 6/26 [00:00<00:00, 50.65it/s, S=0.3582, loss=-0.2138]
Epoch 142/150 [train]:  23%|██▎       | 6/26 [00:00<00:00, 50.65it/s, S=0.3638, loss=-0.2184]
Epoch 142/150 [train]:  23%|██▎       | 6/26 [00:00<00:00, 50.65it/s, S=0.3551, loss=-0.2075]
Epoch 142/150 [train]:  23%|██▎       | 6/26 [00:00<00:00, 50.65it/s, S=0.3637, loss=-0.2216]
Epoch 142/150 [train]:  46%|████▌     | 12/26 [00:00<00:00, 50.57it/s, S=0.3637, loss=-0.2216]
Epoch 142/150 [train]:  46%|████▌     | 12/26 [00:00<00:00, 50.57it/s, S=0.3592, loss=-0.2099]
Epoch 142/150 [train]:  46%|████▌     | 12/26 [00:00<00:00, 50.57it/s, S=0.3546, loss=-0.2083]
Epoch 142/150 [train]:  46%|████▌     | 12/26 [00:00<00:00, 50.57it/s, S=0.3599, loss=-0.2221]
Epoch 142/150 [train]:  46%|████▌     | 12/26 [00:00<00:00, 50.57it/s, S=0.3550, loss=-0.2028]
Epoch 142/150 [train]:  46%|████▌     | 12/26 [00:00<00:00, 50.57it/s, S=0.3662, loss=-0.2276]
Epoch 142/150 [train]:  46%|████▌     | 12/26 [00:00<00:00, 50.57it/s, S=0.3598, loss=-0.2147]
Epoch 142/150 [train]:  69%|██████▉   | 18/26 [00:00<00:00, 50.59it/s, S=0.3598, loss=-0.2147]
Epoch 142/150 [train]:  69%|██████▉   | 18/26 [00:00<00:00, 50.59it/s, S=0.3555, loss=-0.2149]
Epoch 142/150 [train]:  69%|██████▉   | 18/26 [00:00<00:00, 50.59it/s, S=0.3586, loss=-0.2152]
Epoch 142/150 [train]:  69%|██████▉   | 18/26 [00:00<00:00, 50.59it/s, S=0.3579, loss=-0.2180]
Epoch 142/150 [train]:  69%|██████▉   | 18/26 [00:00<00:00, 50.59it/s, S=0.3609, loss=-0.2190]
Epoch 142/150 [train]:  69%|██████▉   | 18/26 [00:00<00:00, 50.59it/s, S=0.3564, loss=-0.2189]
Epoch 142/150 [train]:  69%|██████▉   | 18/26 [00:00<00:00, 50.59it/s, S=0.3592, loss=-0.2231]
Epoch 142/150 [train]:  92%|█████████▏| 24/26 [00:00<00:00, 50.58it/s, S=0.3592, loss=-0.2231]
Epoch 142/150 [train]:  92%|█████████▏| 24/26 [00:00<00:00, 50.58it/s, S=0.3567, loss=-0.2156]
Epoch 142/150 [train]:  92%|█████████▏| 24/26 [00:00<00:00, 50.58it/s, S=0.3576, loss=-0.2149]
                                                                                              
Epoch 142/150  train loss=-0.2160  val loss=-0.2059  S[mean]=0.3668  ζ=0.4467  mean_plane_ζ=0.3287  reg=0.1609  λscale=0.95  lr=1.22e-05

Epoch 143/150 [train]:   0%|          | 0/26 [00:00<?, ?it/s]
Epoch 143/150 [train]:   0%|          | 0/26 [00:00<?, ?it/s, S=0.3544, loss=-0.2141]
Epoch 143/150 [train]:   0%|          | 0/26 [00:00<?, ?it/s, S=0.3581, loss=-0.2132]
Epoch 143/150 [train]:   0%|          | 0/26 [00:00<?, ?it/s, S=0.3594, loss=-0.2177]
Epoch 143/150 [train]:   0%|          | 0/26 [00:00<?, ?it/s, S=0.3584, loss=-0.2184]
Epoch 143/150 [train]:   0%|          | 0/26 [00:00<?, ?it/s, S=0.3573, loss=-0.2169]
Epoch 143/150 [train]:   0%|          | 0/26 [00:00<?, ?it/s, S=0.3612, loss=-0.2172]
Epoch 143/150 [train]:  23%|██▎       | 6/26 [00:00<00:00, 50.57it/s, S=0.3612, loss=-0.2172]
Epoch 143/150 [train]:  23%|██▎       | 6/26 [00:00<00:00, 50.57it/s, S=0.3621, loss=-0.2193]
Epoch 143/150 [train]:  23%|██▎       | 6/26 [00:00<00:00, 50.57it/s, S=0.3612, loss=-0.2210]
Epoch 143/150 [train]:  23%|██▎       | 6/26 [00:00<00:00, 50.57it/s, S=0.3543, loss=-0.2025]
Epoch 143/150 [train]:  23%|██▎       | 6/26 [00:00<00:00, 50.57it/s, S=0.3579, loss=-0.2093]
Epoch 143/150 [train]:  23%|██▎       | 6/26 [00:00<00:00, 50.57it/s, S=0.3619, loss=-0.2239]
Epoch 143/150 [train]:  23%|██▎       | 6/26 [00:00<00:00, 50.57it/s, S=0.3541, loss=-0.2112]
Epoch 143/150 [train]:  46%|████▌     | 12/26 [00:00<00:00, 50.42it/s, S=0.3541, loss=-0.2112]
Epoch 143/150 [train]:  46%|████▌     | 12/26 [00:00<00:00, 50.42it/s, S=0.3595, loss=-0.2219]
Epoch 143/150 [train]:  46%|████▌     | 12/26 [00:00<00:00, 50.42it/s, S=0.3616, loss=-0.2197]
Epoch 143/150 [train]:  46%|████▌     | 12/26 [00:00<00:00, 50.42it/s, S=0.3590, loss=-0.2150]
Epoch 143/150 [train]:  46%|████▌     | 12/26 [00:00<00:00, 50.42it/s, S=0.3619, loss=-0.2204]
Epoch 143/150 [train]:  46%|████▌     | 12/26 [00:00<00:00, 50.42it/s, S=0.3551, loss=-0.2064]
Epoch 143/150 [train]:  46%|████▌     | 12/26 [00:00<00:00, 50.42it/s, S=0.3646, loss=-0.2224]
Epoch 143/150 [train]:  69%|██████▉   | 18/26 [00:00<00:00, 50.50it/s, S=0.3646, loss=-0.2224]
Epoch 143/150 [train]:  69%|██████▉   | 18/26 [00:00<00:00, 50.50it/s, S=0.3589, loss=-0.2198]
Epoch 143/150 [train]:  69%|██████▉   | 18/26 [00:00<00:00, 50.50it/s, S=0.3609, loss=-0.2157]
Epoch 143/150 [train]:  69%|██████▉   | 18/26 [00:00<00:00, 50.50it/s, S=0.3584, loss=-0.2157]
Epoch 143/150 [train]:  69%|██████▉   | 18/26 [00:00<00:00, 50.50it/s, S=0.3635, loss=-0.2145]
Epoch 143/150 [train]:  69%|██████▉   | 18/26 [00:00<00:00, 50.50it/s, S=0.3624, loss=-0.2248]
Epoch 143/150 [train]:  69%|██████▉   | 18/26 [00:00<00:00, 50.50it/s, S=0.3578, loss=-0.2062]
Epoch 143/150 [train]:  92%|█████████▏| 24/26 [00:00<00:00, 50.51it/s, S=0.3578, loss=-0.2062]
Epoch 143/150 [train]:  92%|█████████▏| 24/26 [00:00<00:00, 50.51it/s, S=0.3654, loss=-0.2102]
Epoch 143/150 [train]:  92%|█████████▏| 24/26 [00:00<00:00, 50.51it/s, S=0.3623, loss=-0.2136]
                                                                                              
Epoch 143/150  train loss=-0.2158  val loss=-0.2049  S[mean]=0.3668  ζ=0.4467  mean_plane_ζ=0.3287  reg=0.1618  λscale=0.96  lr=9.39e-06

Epoch 144/150 [train]:   0%|          | 0/26 [00:00<?, ?it/s]
Epoch 144/150 [train]:   0%|          | 0/26 [00:00<?, ?it/s, S=0.3633, loss=-0.2211]
Epoch 144/150 [train]:   0%|          | 0/26 [00:00<?, ?it/s, S=0.3489, loss=-0.1968]
Epoch 144/150 [train]:   0%|          | 0/26 [00:00<?, ?it/s, S=0.3549, loss=-0.2017]
Epoch 144/150 [train]:   0%|          | 0/26 [00:00<?, ?it/s, S=0.3572, loss=-0.2175]
Epoch 144/150 [train]:   0%|          | 0/26 [00:00<?, ?it/s, S=0.3592, loss=-0.2035]
Epoch 144/150 [train]:   0%|          | 0/26 [00:00<?, ?it/s, S=0.3533, loss=-0.2010]
Epoch 144/150 [train]:  23%|██▎       | 6/26 [00:00<00:00, 50.57it/s, S=0.3533, loss=-0.2010]
Epoch 144/150 [train]:  23%|██▎       | 6/26 [00:00<00:00, 50.57it/s, S=0.3604, loss=-0.2209]
Epoch 144/150 [train]:  23%|██▎       | 6/26 [00:00<00:00, 50.57it/s, S=0.3609, loss=-0.2126]
Epoch 144/150 [train]:  23%|██▎       | 6/26 [00:00<00:00, 50.57it/s, S=0.3569, loss=-0.2038]
Epoch 144/150 [train]:  23%|██▎       | 6/26 [00:00<00:00, 50.57it/s, S=0.3605, loss=-0.2111]
Epoch 144/150 [train]:  23%|██▎       | 6/26 [00:00<00:00, 50.57it/s, S=0.3566, loss=-0.2156]
Epoch 144/150 [train]:  23%|██▎       | 6/26 [00:00<00:00, 50.57it/s, S=0.3629, loss=-0.2255]
Epoch 144/150 [train]:  46%|████▌     | 12/26 [00:00<00:00, 50.59it/s, S=0.3629, loss=-0.2255]
Epoch 144/150 [train]:  46%|████▌     | 12/26 [00:00<00:00, 50.59it/s, S=0.3565, loss=-0.1919]
Epoch 144/150 [train]:  46%|████▌     | 12/26 [00:00<00:00, 50.59it/s, S=0.3665, loss=-0.2300]
Epoch 144/150 [train]:  46%|████▌     | 12/26 [00:00<00:00, 50.59it/s, S=0.3607, loss=-0.2202]
Epoch 144/150 [train]:  46%|████▌     | 12/26 [00:00<00:00, 50.59it/s, S=0.3542, loss=-0.2140]
Epoch 144/150 [train]:  46%|████▌     | 12/26 [00:00<00:00, 50.59it/s, S=0.3607, loss=-0.2229]
Epoch 144/150 [train]:  46%|████▌     | 12/26 [00:00<00:00, 50.59it/s, S=0.3631, loss=-0.2240]
Epoch 144/150 [train]:  69%|██████▉   | 18/26 [00:00<00:00, 50.60it/s, S=0.3631, loss=-0.2240]
Epoch 144/150 [train]:  69%|██████▉   | 18/26 [00:00<00:00, 50.60it/s, S=0.3588, loss=-0.2090]
Epoch 144/150 [train]:  69%|██████▉   | 18/26 [00:00<00:00, 50.60it/s, S=0.3632, loss=-0.2152]
Epoch 144/150 [train]:  69%|██████▉   | 18/26 [00:00<00:00, 50.60it/s, S=0.3603, loss=-0.2105]
Epoch 144/150 [train]:  69%|██████▉   | 18/26 [00:00<00:00, 50.60it/s, S=0.3641, loss=-0.2253]
Epoch 144/150 [train]:  69%|██████▉   | 18/26 [00:00<00:00, 50.60it/s, S=0.3591, loss=-0.2145]
Epoch 144/150 [train]:  69%|██████▉   | 18/26 [00:00<00:00, 50.60it/s, S=0.3645, loss=-0.2215]
Epoch 144/150 [train]:  92%|█████████▏| 24/26 [00:00<00:00, 50.59it/s, S=0.3645, loss=-0.2215]
Epoch 144/150 [train]:  92%|█████████▏| 24/26 [00:00<00:00, 50.59it/s, S=0.3540, loss=-0.2132]
Epoch 144/150 [train]:  92%|█████████▏| 24/26 [00:00<00:00, 50.59it/s, S=0.3609, loss=-0.2226]
                                                                                              
Epoch 144/150  train loss=-0.2141  val loss=-0.2040  S[mean]=0.3667  ζ=0.4468  mean_plane_ζ=0.3288  reg=0.1628  λscale=0.96  lr=6.91e-06

Epoch 145/150 [train]:   0%|          | 0/26 [00:00<?, ?it/s]
Epoch 145/150 [train]:   0%|          | 0/26 [00:00<?, ?it/s, S=0.3591, loss=-0.2154]
Epoch 145/150 [train]:   0%|          | 0/26 [00:00<?, ?it/s, S=0.3624, loss=-0.2193]
Epoch 145/150 [train]:   0%|          | 0/26 [00:00<?, ?it/s, S=0.3583, loss=-0.2091]
Epoch 145/150 [train]:   0%|          | 0/26 [00:00<?, ?it/s, S=0.3623, loss=-0.2186]
Epoch 145/150 [train]:   0%|          | 0/26 [00:00<?, ?it/s, S=0.3550, loss=-0.2123]
Epoch 145/150 [train]:   0%|          | 0/26 [00:00<?, ?it/s, S=0.3629, loss=-0.2240]
Epoch 145/150 [train]:  23%|██▎       | 6/26 [00:00<00:00, 50.69it/s, S=0.3629, loss=-0.2240]
Epoch 145/150 [train]:  23%|██▎       | 6/26 [00:00<00:00, 50.69it/s, S=0.3630, loss=-0.2183]
Epoch 145/150 [train]:  23%|██▎       | 6/26 [00:00<00:00, 50.69it/s, S=0.3497, loss=-0.1862]
Epoch 145/150 [train]:  23%|██▎       | 6/26 [00:00<00:00, 50.69it/s, S=0.3578, loss=-0.2064]
Epoch 145/150 [train]:  23%|██▎       | 6/26 [00:00<00:00, 50.69it/s, S=0.3621, loss=-0.2112]
Epoch 145/150 [train]:  23%|██▎       | 6/26 [00:00<00:00, 50.69it/s, S=0.3574, loss=-0.2074]
Epoch 145/150 [train]:  23%|██▎       | 6/26 [00:00<00:00, 50.69it/s, S=0.3634, loss=-0.2192]
Epoch 145/150 [train]:  46%|████▌     | 12/26 [00:00<00:00, 50.64it/s, S=0.3634, loss=-0.2192]
Epoch 145/150 [train]:  46%|████▌     | 12/26 [00:00<00:00, 50.64it/s, S=0.3559, loss=-0.2113]
Epoch 145/150 [train]:  46%|████▌     | 12/26 [00:00<00:00, 50.64it/s, S=0.3629, loss=-0.2174]
Epoch 145/150 [train]:  46%|████▌     | 12/26 [00:00<00:00, 50.64it/s, S=0.3582, loss=-0.2195]
Epoch 145/150 [train]:  46%|████▌     | 12/26 [00:00<00:00, 50.64it/s, S=0.3585, loss=-0.2148]
Epoch 145/150 [train]:  46%|████▌     | 12/26 [00:00<00:00, 50.64it/s, S=0.3634, loss=-0.2208]
Epoch 145/150 [train]:  46%|████▌     | 12/26 [00:00<00:00, 50.64it/s, S=0.3635, loss=-0.2225]
Epoch 145/150 [train]:  69%|██████▉   | 18/26 [00:00<00:00, 50.66it/s, S=0.3635, loss=-0.2225]
Epoch 145/150 [train]:  69%|██████▉   | 18/26 [00:00<00:00, 50.66it/s, S=0.3534, loss=-0.2062]
Epoch 145/150 [train]:  69%|██████▉   | 18/26 [00:00<00:00, 50.66it/s, S=0.3587, loss=-0.2180]
Epoch 145/150 [train]:  69%|██████▉   | 18/26 [00:00<00:00, 50.66it/s, S=0.3620, loss=-0.2219]
Epoch 145/150 [train]:  69%|██████▉   | 18/26 [00:00<00:00, 50.66it/s, S=0.3592, loss=-0.2134]
Epoch 145/150 [train]:  69%|██████▉   | 18/26 [00:00<00:00, 50.66it/s, S=0.3624, loss=-0.2128]
Epoch 145/150 [train]:  69%|██████▉   | 18/26 [00:00<00:00, 50.66it/s, S=0.3596, loss=-0.2177]
Epoch 145/150 [train]:  92%|█████████▏| 24/26 [00:00<00:00, 50.64it/s, S=0.3596, loss=-0.2177]
Epoch 145/150 [train]:  92%|█████████▏| 24/26 [00:00<00:00, 50.64it/s, S=0.3626, loss=-0.2190]
Epoch 145/150 [train]:  92%|█████████▏| 24/26 [00:00<00:00, 50.64it/s, S=0.3583, loss=-0.2073]
                                                                                              
Epoch 145/150  train loss=-0.2142  val loss=-0.2030  S[mean]=0.3667  ζ=0.4468  mean_plane_ζ=0.3288  reg=0.1638  λscale=0.97  lr=4.80e-06

Epoch 146/150 [train]:   0%|          | 0/26 [00:00<?, ?it/s]
Epoch 146/150 [train]:   0%|          | 0/26 [00:00<?, ?it/s, S=0.3607, loss=-0.2232]
Epoch 146/150 [train]:   0%|          | 0/26 [00:00<?, ?it/s, S=0.3644, loss=-0.2231]
Epoch 146/150 [train]:   0%|          | 0/26 [00:00<?, ?it/s, S=0.3617, loss=-0.2172]
Epoch 146/150 [train]:   0%|          | 0/26 [00:00<?, ?it/s, S=0.3608, loss=-0.2090]
Epoch 146/150 [train]:   0%|          | 0/26 [00:00<?, ?it/s, S=0.3651, loss=-0.2186]
Epoch 146/150 [train]:   0%|          | 0/26 [00:00<?, ?it/s, S=0.3566, loss=-0.2198]
Epoch 146/150 [train]:  23%|██▎       | 6/26 [00:00<00:00, 50.63it/s, S=0.3566, loss=-0.2198]
Epoch 146/150 [train]:  23%|██▎       | 6/26 [00:00<00:00, 50.63it/s, S=0.3612, loss=-0.2147]
Epoch 146/150 [train]:  23%|██▎       | 6/26 [00:00<00:00, 50.63it/s, S=0.3602, loss=-0.2161]
Epoch 146/150 [train]:  23%|██▎       | 6/26 [00:00<00:00, 50.63it/s, S=0.3596, loss=-0.2156]
Epoch 146/150 [train]:  23%|██▎       | 6/26 [00:00<00:00, 50.63it/s, S=0.3630, loss=-0.2187]
Epoch 146/150 [train]:  23%|██▎       | 6/26 [00:00<00:00, 50.63it/s, S=0.3575, loss=-0.2159]
Epoch 146/150 [train]:  23%|██▎       | 6/26 [00:00<00:00, 50.63it/s, S=0.3638, loss=-0.2241]
Epoch 146/150 [train]:  46%|████▌     | 12/26 [00:00<00:00, 50.51it/s, S=0.3638, loss=-0.2241]
Epoch 146/150 [train]:  46%|████▌     | 12/26 [00:00<00:00, 50.51it/s, S=0.3613, loss=-0.2187]
Epoch 146/150 [train]:  46%|████▌     | 12/26 [00:00<00:00, 50.51it/s, S=0.3527, loss=-0.2077]
Epoch 146/150 [train]:  46%|████▌     | 12/26 [00:00<00:00, 50.51it/s, S=0.3607, loss=-0.2211]
Epoch 146/150 [train]:  46%|████▌     | 12/26 [00:00<00:00, 50.51it/s, S=0.3603, loss=-0.2177]
Epoch 146/150 [train]:  46%|████▌     | 12/26 [00:00<00:00, 50.51it/s, S=0.3571, loss=-0.2042]
Epoch 146/150 [train]:  46%|████▌     | 12/26 [00:00<00:00, 50.51it/s, S=0.3582, loss=-0.2075]
Epoch 146/150 [train]:  69%|██████▉   | 18/26 [00:00<00:00, 50.48it/s, S=0.3582, loss=-0.2075]
Epoch 146/150 [train]:  69%|██████▉   | 18/26 [00:00<00:00, 50.48it/s, S=0.3588, loss=-0.2078]
Epoch 146/150 [train]:  69%|██████▉   | 18/26 [00:00<00:00, 50.48it/s, S=0.3544, loss=-0.2105]
Epoch 146/150 [train]:  69%|██████▉   | 18/26 [00:00<00:00, 50.48it/s, S=0.3587, loss=-0.2039]
Epoch 146/150 [train]:  69%|██████▉   | 18/26 [00:00<00:00, 50.48it/s, S=0.3610, loss=-0.2133]
Epoch 146/150 [train]:  69%|██████▉   | 18/26 [00:00<00:00, 50.48it/s, S=0.3615, loss=-0.2175]
Epoch 146/150 [train]:  69%|██████▉   | 18/26 [00:00<00:00, 50.48it/s, S=0.3608, loss=-0.2199]
Epoch 146/150 [train]:  92%|█████████▏| 24/26 [00:00<00:00, 50.47it/s, S=0.3608, loss=-0.2199]
Epoch 146/150 [train]:  92%|█████████▏| 24/26 [00:00<00:00, 50.47it/s, S=0.3591, loss=-0.2103]
Epoch 146/150 [train]:  92%|█████████▏| 24/26 [00:00<00:00, 50.47it/s, S=0.3590, loss=-0.2143]
                                                                                              
Epoch 146/150  train loss=-0.2150  val loss=-0.2020  S[mean]=0.3667  ζ=0.4468  mean_plane_ζ=0.3288  reg=0.1647  λscale=0.98  lr=3.08e-06

Epoch 147/150 [train]:   0%|          | 0/26 [00:00<?, ?it/s]
Epoch 147/150 [train]:   0%|          | 0/26 [00:00<?, ?it/s, S=0.3616, loss=-0.2191]
Epoch 147/150 [train]:   0%|          | 0/26 [00:00<?, ?it/s, S=0.3583, loss=-0.2174]
Epoch 147/150 [train]:   0%|          | 0/26 [00:00<?, ?it/s, S=0.3584, loss=-0.2120]
Epoch 147/150 [train]:   0%|          | 0/26 [00:00<?, ?it/s, S=0.3630, loss=-0.2037]
Epoch 147/150 [train]:   0%|          | 0/26 [00:00<?, ?it/s, S=0.3584, loss=-0.2071]
Epoch 147/150 [train]:   0%|          | 0/26 [00:00<?, ?it/s, S=0.3613, loss=-0.2199]
Epoch 147/150 [train]:  23%|██▎       | 6/26 [00:00<00:00, 50.59it/s, S=0.3613, loss=-0.2199]
Epoch 147/150 [train]:  23%|██▎       | 6/26 [00:00<00:00, 50.59it/s, S=0.3578, loss=-0.2118]
Epoch 147/150 [train]:  23%|██▎       | 6/26 [00:00<00:00, 50.59it/s, S=0.3586, loss=-0.2035]
Epoch 147/150 [train]:  23%|██▎       | 6/26 [00:00<00:00, 50.59it/s, S=0.3610, loss=-0.2166]
Epoch 147/150 [train]:  23%|██▎       | 6/26 [00:00<00:00, 50.59it/s, S=0.3661, loss=-0.2280]
Epoch 147/150 [train]:  23%|██▎       | 6/26 [00:00<00:00, 50.59it/s, S=0.3535, loss=-0.2140]
Epoch 147/150 [train]:  23%|██▎       | 6/26 [00:00<00:00, 50.59it/s, S=0.3632, loss=-0.2189]
Epoch 147/150 [train]:  46%|████▌     | 12/26 [00:00<00:00, 50.51it/s, S=0.3632, loss=-0.2189]
Epoch 147/150 [train]:  46%|████▌     | 12/26 [00:00<00:00, 50.51it/s, S=0.3617, loss=-0.2179]
Epoch 147/150 [train]:  46%|████▌     | 12/26 [00:00<00:00, 50.51it/s, S=0.3597, loss=-0.2151]
Epoch 147/150 [train]:  46%|████▌     | 12/26 [00:00<00:00, 50.51it/s, S=0.3527, loss=-0.1926]
Epoch 147/150 [train]:  46%|████▌     | 12/26 [00:00<00:00, 50.51it/s, S=0.3591, loss=-0.2122]
Epoch 147/150 [train]:  46%|████▌     | 12/26 [00:00<00:00, 50.51it/s, S=0.3591, loss=-0.2191]
Epoch 147/150 [train]:  46%|████▌     | 12/26 [00:00<00:00, 50.51it/s, S=0.3681, loss=-0.2230]
Epoch 147/150 [train]:  69%|██████▉   | 18/26 [00:00<00:00, 50.45it/s, S=0.3681, loss=-0.2230]
Epoch 147/150 [train]:  69%|██████▉   | 18/26 [00:00<00:00, 50.45it/s, S=0.3578, loss=-0.2114]
Epoch 147/150 [train]:  69%|██████▉   | 18/26 [00:00<00:00, 50.45it/s, S=0.3601, loss=-0.2201]
Epoch 147/150 [train]:  69%|██████▉   | 18/26 [00:00<00:00, 50.45it/s, S=0.3586, loss=-0.2193]
Epoch 147/150 [train]:  69%|██████▉   | 18/26 [00:00<00:00, 50.45it/s, S=0.3644, loss=-0.2199]
Epoch 147/150 [train]:  69%|██████▉   | 18/26 [00:00<00:00, 50.45it/s, S=0.3595, loss=-0.2084]
Epoch 147/150 [train]:  69%|██████▉   | 18/26 [00:00<00:00, 50.45it/s, S=0.3579, loss=-0.1979]
Epoch 147/150 [train]:  92%|█████████▏| 24/26 [00:00<00:00, 50.50it/s, S=0.3579, loss=-0.1979]
Epoch 147/150 [train]:  92%|█████████▏| 24/26 [00:00<00:00, 50.50it/s, S=0.3574, loss=-0.2156]
Epoch 147/150 [train]:  92%|█████████▏| 24/26 [00:00<00:00, 50.50it/s, S=0.3570, loss=-0.2076]
                                                                                              
Epoch 147/150  train loss=-0.2135  val loss=-0.2010  S[mean]=0.3667  ζ=0.4468  mean_plane_ζ=0.3288  reg=0.1657  λscale=0.98  lr=1.73e-06

Epoch 148/150 [train]:   0%|          | 0/26 [00:00<?, ?it/s]
Epoch 148/150 [train]:   0%|          | 0/26 [00:00<?, ?it/s, S=0.3619, loss=-0.2199]
Epoch 148/150 [train]:   0%|          | 0/26 [00:00<?, ?it/s, S=0.3638, loss=-0.2188]
Epoch 148/150 [train]:   0%|          | 0/26 [00:00<?, ?it/s, S=0.3568, loss=-0.2159]
Epoch 148/150 [train]:   0%|          | 0/26 [00:00<?, ?it/s, S=0.3545, loss=-0.2046]
Epoch 148/150 [train]:   0%|          | 0/26 [00:00<?, ?it/s, S=0.3519, loss=-0.2050]
Epoch 148/150 [train]:   0%|          | 0/26 [00:00<?, ?it/s, S=0.3608, loss=-0.2228]
Epoch 148/150 [train]:  23%|██▎       | 6/26 [00:00<00:00, 50.52it/s, S=0.3608, loss=-0.2228]
Epoch 148/150 [train]:  23%|██▎       | 6/26 [00:00<00:00, 50.52it/s, S=0.3632, loss=-0.2167]
Epoch 148/150 [train]:  23%|██▎       | 6/26 [00:00<00:00, 50.52it/s, S=0.3573, loss=-0.2037]
Epoch 148/150 [train]:  23%|██▎       | 6/26 [00:00<00:00, 50.52it/s, S=0.3627, loss=-0.2190]
Epoch 148/150 [train]:  23%|██▎       | 6/26 [00:00<00:00, 50.52it/s, S=0.3607, loss=-0.2168]
Epoch 148/150 [train]:  23%|██▎       | 6/26 [00:00<00:00, 50.52it/s, S=0.3620, loss=-0.1975]
Epoch 148/150 [train]:  23%|██▎       | 6/26 [00:00<00:00, 50.52it/s, S=0.3606, loss=-0.2144]
Epoch 148/150 [train]:  46%|████▌     | 12/26 [00:00<00:00, 50.46it/s, S=0.3606, loss=-0.2144]
Epoch 148/150 [train]:  46%|████▌     | 12/26 [00:00<00:00, 50.46it/s, S=0.3636, loss=-0.2168]
Epoch 148/150 [train]:  46%|████▌     | 12/26 [00:00<00:00, 50.46it/s, S=0.3565, loss=-0.2078]
Epoch 148/150 [train]:  46%|████▌     | 12/26 [00:00<00:00, 50.46it/s, S=0.3595, loss=-0.2205]
Epoch 148/150 [train]:  46%|████▌     | 12/26 [00:00<00:00, 50.46it/s, S=0.3580, loss=-0.2174]
Epoch 148/150 [train]:  46%|████▌     | 12/26 [00:00<00:00, 50.46it/s, S=0.3622, loss=-0.2184]
Epoch 148/150 [train]:  46%|████▌     | 12/26 [00:00<00:00, 50.46it/s, S=0.3599, loss=-0.1971]
Epoch 148/150 [train]:  69%|██████▉   | 18/26 [00:00<00:00, 50.48it/s, S=0.3599, loss=-0.1971]
Epoch 148/150 [train]:  69%|██████▉   | 18/26 [00:00<00:00, 50.48it/s, S=0.3581, loss=-0.2161]
Epoch 148/150 [train]:  69%|██████▉   | 18/26 [00:00<00:00, 50.48it/s, S=0.3569, loss=-0.2137]
Epoch 148/150 [train]:  69%|██████▉   | 18/26 [00:00<00:00, 50.48it/s, S=0.3630, loss=-0.2228]
Epoch 148/150 [train]:  69%|██████▉   | 18/26 [00:00<00:00, 50.48it/s, S=0.3527, loss=-0.1962]
Epoch 148/150 [train]:  69%|██████▉   | 18/26 [00:00<00:00, 50.48it/s, S=0.3627, loss=-0.2147]
Epoch 148/150 [train]:  69%|██████▉   | 18/26 [00:00<00:00, 50.48it/s, S=0.3603, loss=-0.2133]
Epoch 148/150 [train]:  92%|█████████▏| 24/26 [00:00<00:00, 50.33it/s, S=0.3603, loss=-0.2133]
Epoch 148/150 [train]:  92%|█████████▏| 24/26 [00:00<00:00, 50.33it/s, S=0.3579, loss=-0.2140]
Epoch 148/150 [train]:  92%|█████████▏| 24/26 [00:00<00:00, 50.33it/s, S=0.3655, loss=-0.2158]
                                                                                              
Epoch 148/150  train loss=-0.2131  val loss=-0.2000  S[mean]=0.3667  ζ=0.4468  mean_plane_ζ=0.3288  reg=0.1667  λscale=0.99  lr=7.71e-07

Epoch 149/150 [train]:   0%|          | 0/26 [00:00<?, ?it/s]
Epoch 149/150 [train]:   0%|          | 0/26 [00:00<?, ?it/s, S=0.3636, loss=-0.2202]
Epoch 149/150 [train]:   0%|          | 0/26 [00:00<?, ?it/s, S=0.3628, loss=-0.2076]
Epoch 149/150 [train]:   0%|          | 0/26 [00:00<?, ?it/s, S=0.3527, loss=-0.1994]
Epoch 149/150 [train]:   0%|          | 0/26 [00:00<?, ?it/s, S=0.3607, loss=-0.2059]
Epoch 149/150 [train]:   0%|          | 0/26 [00:00<?, ?it/s, S=0.3539, loss=-0.2098]
Epoch 149/150 [train]:   0%|          | 0/26 [00:00<?, ?it/s, S=0.3583, loss=-0.2065]
Epoch 149/150 [train]:  23%|██▎       | 6/26 [00:00<00:00, 50.58it/s, S=0.3583, loss=-0.2065]
Epoch 149/150 [train]:  23%|██▎       | 6/26 [00:00<00:00, 50.58it/s, S=0.3538, loss=-0.1981]
Epoch 149/150 [train]:  23%|██▎       | 6/26 [00:00<00:00, 50.58it/s, S=0.3634, loss=-0.2218]
Epoch 149/150 [train]:  23%|██▎       | 6/26 [00:00<00:00, 50.58it/s, S=0.3537, loss=-0.2015]
Epoch 149/150 [train]:  23%|██▎       | 6/26 [00:00<00:00, 50.58it/s, S=0.3610, loss=-0.2160]
Epoch 149/150 [train]:  23%|██▎       | 6/26 [00:00<00:00, 50.58it/s, S=0.3618, loss=-0.2211]
Epoch 149/150 [train]:  23%|██▎       | 6/26 [00:00<00:00, 50.58it/s, S=0.3581, loss=-0.2086]
Epoch 149/150 [train]:  46%|████▌     | 12/26 [00:00<00:00, 50.61it/s, S=0.3581, loss=-0.2086]
Epoch 149/150 [train]:  46%|████▌     | 12/26 [00:00<00:00, 50.61it/s, S=0.3596, loss=-0.2136]
Epoch 149/150 [train]:  46%|████▌     | 12/26 [00:00<00:00, 50.61it/s, S=0.3640, loss=-0.2209]
Epoch 149/150 [train]:  46%|████▌     | 12/26 [00:00<00:00, 50.61it/s, S=0.3672, loss=-0.2244]
Epoch 149/150 [train]:  46%|████▌     | 12/26 [00:00<00:00, 50.61it/s, S=0.3553, loss=-0.2012]
Epoch 149/150 [train]:  46%|████▌     | 12/26 [00:00<00:00, 50.61it/s, S=0.3578, loss=-0.1984]
Epoch 149/150 [train]:  46%|████▌     | 12/26 [00:00<00:00, 50.61it/s, S=0.3628, loss=-0.2189]
Epoch 149/150 [train]:  69%|██████▉   | 18/26 [00:00<00:00, 50.60it/s, S=0.3628, loss=-0.2189]
Epoch 149/150 [train]:  69%|██████▉   | 18/26 [00:00<00:00, 50.60it/s, S=0.3602, loss=-0.2097]
Epoch 149/150 [train]:  69%|██████▉   | 18/26 [00:00<00:00, 50.60it/s, S=0.3563, loss=-0.2075]
Epoch 149/150 [train]:  69%|██████▉   | 18/26 [00:00<00:00, 50.60it/s, S=0.3544, loss=-0.2005]
Epoch 149/150 [train]:  69%|██████▉   | 18/26 [00:00<00:00, 50.60it/s, S=0.3585, loss=-0.2092]
Epoch 149/150 [train]:  69%|██████▉   | 18/26 [00:00<00:00, 50.60it/s, S=0.3646, loss=-0.2205]
Epoch 149/150 [train]:  69%|██████▉   | 18/26 [00:00<00:00, 50.60it/s, S=0.3593, loss=-0.2006]
Epoch 149/150 [train]:  92%|█████████▏| 24/26 [00:00<00:00, 50.55it/s, S=0.3593, loss=-0.2006]
Epoch 149/150 [train]:  92%|█████████▏| 24/26 [00:00<00:00, 50.55it/s, S=0.3619, loss=-0.2170]
Epoch 149/150 [train]:  92%|█████████▏| 24/26 [00:00<00:00, 50.55it/s, S=0.3599, loss=-0.2202]
                                                                                              
Epoch 149/150  train loss=-0.2107  val loss=-0.1990  S[mean]=0.3666  ζ=0.4468  mean_plane_ζ=0.3288  reg=0.1677  λscale=0.99  lr=1.93e-07

Epoch 150/150 [train]:   0%|          | 0/26 [00:00<?, ?it/s]
Epoch 150/150 [train]:   0%|          | 0/26 [00:00<?, ?it/s, S=0.3609, loss=-0.2129]
Epoch 150/150 [train]:   0%|          | 0/26 [00:00<?, ?it/s, S=0.3624, loss=-0.2166]
Epoch 150/150 [train]:   0%|          | 0/26 [00:00<?, ?it/s, S=0.3576, loss=-0.2096]
Epoch 150/150 [train]:   0%|          | 0/26 [00:00<?, ?it/s, S=0.3482, loss=-0.1931]
Epoch 150/150 [train]:   0%|          | 0/26 [00:00<?, ?it/s, S=0.3601, loss=-0.2073]
Epoch 150/150 [train]:   0%|          | 0/26 [00:00<?, ?it/s, S=0.3653, loss=-0.2141]
Epoch 150/150 [train]:  23%|██▎       | 6/26 [00:00<00:00, 50.59it/s, S=0.3653, loss=-0.2141]
Epoch 150/150 [train]:  23%|██▎       | 6/26 [00:00<00:00, 50.59it/s, S=0.3569, loss=-0.2127]
Epoch 150/150 [train]:  23%|██▎       | 6/26 [00:00<00:00, 50.59it/s, S=0.3597, loss=-0.2145]
Epoch 150/150 [train]:  23%|██▎       | 6/26 [00:00<00:00, 50.59it/s, S=0.3600, loss=-0.2022]
Epoch 150/150 [train]:  23%|██▎       | 6/26 [00:00<00:00, 50.59it/s, S=0.3589, loss=-0.2005]
Epoch 150/150 [train]:  23%|██▎       | 6/26 [00:00<00:00, 50.59it/s, S=0.3631, loss=-0.2192]
Epoch 150/150 [train]:  23%|██▎       | 6/26 [00:00<00:00, 50.59it/s, S=0.3596, loss=-0.2118]
Epoch 150/150 [train]:  46%|████▌     | 12/26 [00:00<00:00, 50.47it/s, S=0.3596, loss=-0.2118]
Epoch 150/150 [train]:  46%|████▌     | 12/26 [00:00<00:00, 50.47it/s, S=0.3617, loss=-0.2110]
Epoch 150/150 [train]:  46%|████▌     | 12/26 [00:00<00:00, 50.47it/s, S=0.3608, loss=-0.2096]
Epoch 150/150 [train]:  46%|████▌     | 12/26 [00:00<00:00, 50.47it/s, S=0.3621, loss=-0.2103]
Epoch 150/150 [train]:  46%|████▌     | 12/26 [00:00<00:00, 50.47it/s, S=0.3567, loss=-0.2054]
Epoch 150/150 [train]:  46%|████▌     | 12/26 [00:00<00:00, 50.47it/s, S=0.3558, loss=-0.2116]
Epoch 150/150 [train]:  46%|████▌     | 12/26 [00:00<00:00, 50.47it/s, S=0.3618, loss=-0.2167]
Epoch 150/150 [train]:  69%|██████▉   | 18/26 [00:00<00:00, 50.44it/s, S=0.3618, loss=-0.2167]
Epoch 150/150 [train]:  69%|██████▉   | 18/26 [00:00<00:00, 50.44it/s, S=0.3623, loss=-0.2212]
Epoch 150/150 [train]:  69%|██████▉   | 18/26 [00:00<00:00, 50.44it/s, S=0.3536, loss=-0.2049]
Epoch 150/150 [train]:  69%|██████▉   | 18/26 [00:00<00:00, 50.44it/s, S=0.3613, loss=-0.2135]
Epoch 150/150 [train]:  69%|██████▉   | 18/26 [00:00<00:00, 50.44it/s, S=0.3584, loss=-0.2127]
Epoch 150/150 [train]:  69%|██████▉   | 18/26 [00:00<00:00, 50.44it/s, S=0.3541, loss=-0.2070]
Epoch 150/150 [train]:  69%|██████▉   | 18/26 [00:00<00:00, 50.44it/s, S=0.3523, loss=-0.1860]
Epoch 150/150 [train]:  92%|█████████▏| 24/26 [00:00<00:00, 50.44it/s, S=0.3523, loss=-0.1860]
Epoch 150/150 [train]:  92%|█████████▏| 24/26 [00:00<00:00, 50.44it/s, S=0.3573, loss=-0.2038]
Epoch 150/150 [train]:  92%|█████████▏| 24/26 [00:00<00:00, 50.44it/s, S=0.3644, loss=-0.2196]
                                                                                              
Epoch 150/150  train loss=-0.2095  val loss=-0.1980  S[mean]=0.3666  ζ=0.4468  mean_plane_ζ=0.3288  reg=0.1687  λscale=1.00  lr=5.00e-04

==================================================
Training complete
  Final train loss    : -0.2095
  Best val ζ          : 0.4468
  Val loss at best ζ  : -0.2000
  Wall-clock time     : 83.9 s  (1.4 min)
  Checkpoint          : /home/omo26/Non-Rev-Owen/mcmaze/runs/20260731_072501_d256_h256_dep2_bs64_ep150_lr5e-04_lxp0.0_lbt0.0_lcca10.0_sig10.0_s3/checkpoints/best.pt
  Loss curve          : '/home/omo26/Non-Rev-Owen/mcmaze/runs/20260731_072501_d256_h256_dep2_bs64_ep150_lr5e-04_lxp0.0_lbt0.0_lcca10.0_sig10.0_s3/outputs/loss_curve.png'
==================================================

Skipping diagnostic plots because SKIP_DIAGNOSTICS=1.
Appended best-model val metrics → /home/omo26/Non-Rev-Owen/mcmaze/runs/20260731_072501_d256_h256_dep2_bs64_ep150_lr5e-04_lxp0.0_lbt0.0_lcca10.0_sig10.0_s3/about.txt
