Run directory: /home/omo26/Non-Rev-Owen/mcmaze/runs/20260731_072903_d256_h256_dep2_bs64_ep150_lr5e-04_lxp0.0_lbt0.0_lcca10.0_sig10.0_s4
Seed set to: 4
Loading MC_Maze data …
  Channels: 137  |  Bin width: 10 ms  |  Trials: 2295
  Gaussian smoothing sigma: 10.0 ms = 1 bins
  Soft-normalising per neuron (method='churchland')
Windowing (trial_aligned, align=move_onset_time, pre=200ms, T=90, context=30) …
  Windows shape: (2295, 137, 150)  (K, N, T)
  Train: 1722  |  Val: 573  (random 25%)
Model parameters: 378,792

Starting training for 150 epochs …


Epoch 1/150 [train]:   0%|          | 0/26 [00:00<?, ?it/s]
Epoch 1/150 [train]:   0%|          | 0/26 [00:00<?, ?it/s, S=0.0157, loss=-0.0041]
Epoch 1/150 [train]:   4%|▍         | 1/26 [00:00<00:06,  3.95it/s, S=0.0157, loss=-0.0041]
Epoch 1/150 [train]:   4%|▍         | 1/26 [00:00<00:06,  3.95it/s, S=0.0155, loss=-0.0061]
Epoch 1/150 [train]:   4%|▍         | 1/26 [00:00<00:06,  3.95it/s, S=0.0154, loss=-0.0075]
Epoch 1/150 [train]:   4%|▍         | 1/26 [00:00<00:06,  3.95it/s, S=0.0153, loss=-0.0085]
Epoch 1/150 [train]:   4%|▍         | 1/26 [00:00<00:06,  3.95it/s, S=0.0154, loss=-0.0094]
Epoch 1/150 [train]:   4%|▍         | 1/26 [00:00<00:06,  3.95it/s, S=0.0155, loss=-0.0099]
Epoch 1/150 [train]:  23%|██▎       | 6/26 [00:00<00:00, 20.13it/s, S=0.0155, loss=-0.0099]
Epoch 1/150 [train]:  23%|██▎       | 6/26 [00:00<00:00, 20.13it/s, S=0.0155, loss=-0.0105]
Epoch 1/150 [train]:  23%|██▎       | 6/26 [00:00<00:00, 20.13it/s, S=0.0156, loss=-0.0111]
Epoch 1/150 [train]:  23%|██▎       | 6/26 [00:00<00:00, 20.13it/s, S=0.0156, loss=-0.0113]
Epoch 1/150 [train]:  23%|██▎       | 6/26 [00:00<00:00, 20.13it/s, S=0.0156, loss=-0.0114]
Epoch 1/150 [train]:  23%|██▎       | 6/26 [00:00<00:00, 20.13it/s, S=0.0155, loss=-0.0116]
Epoch 1/150 [train]:  23%|██▎       | 6/26 [00:00<00:00, 20.13it/s, S=0.0155, loss=-0.0118]
Epoch 1/150 [train]:  46%|████▌     | 12/26 [00:00<00:00, 31.57it/s, S=0.0155, loss=-0.0118]
Epoch 1/150 [train]:  46%|████▌     | 12/26 [00:00<00:00, 31.57it/s, S=0.0158, loss=-0.0123]
Epoch 1/150 [train]:  46%|████▌     | 12/26 [00:00<00:00, 31.57it/s, S=0.0158, loss=-0.0124]
Epoch 1/150 [train]:  46%|████▌     | 12/26 [00:00<00:00, 31.57it/s, S=0.0158, loss=-0.0125]
Epoch 1/150 [train]:  46%|████▌     | 12/26 [00:00<00:00, 31.57it/s, S=0.0160, loss=-0.0128]
Epoch 1/150 [train]:  46%|████▌     | 12/26 [00:00<00:00, 31.57it/s, S=0.0161, loss=-0.0131]
Epoch 1/150 [train]:  46%|████▌     | 12/26 [00:00<00:00, 31.57it/s, S=0.0163, loss=-0.0134]
Epoch 1/150 [train]:  69%|██████▉   | 18/26 [00:00<00:00, 38.38it/s, S=0.0163, loss=-0.0134]
Epoch 1/150 [train]:  69%|██████▉   | 18/26 [00:00<00:00, 38.38it/s, S=0.0163, loss=-0.0135]
Epoch 1/150 [train]:  69%|██████▉   | 18/26 [00:00<00:00, 38.38it/s, S=0.0168, loss=-0.0140]
Epoch 1/150 [train]:  69%|██████▉   | 18/26 [00:00<00:00, 38.38it/s, S=0.0170, loss=-0.0143]
Epoch 1/150 [train]:  69%|██████▉   | 18/26 [00:00<00:00, 38.38it/s, S=0.0173, loss=-0.0146]
Epoch 1/150 [train]:  69%|██████▉   | 18/26 [00:00<00:00, 38.38it/s, S=0.0179, loss=-0.0151]
Epoch 1/150 [train]:  69%|██████▉   | 18/26 [00:00<00:00, 38.38it/s, S=0.0181, loss=-0.0154]
Epoch 1/150 [train]:  92%|█████████▏| 24/26 [00:00<00:00, 42.64it/s, S=0.0181, loss=-0.0154]
Epoch 1/150 [train]:  92%|█████████▏| 24/26 [00:00<00:00, 42.64it/s, S=0.0186, loss=-0.0158]
Epoch 1/150 [train]:  92%|█████████▏| 24/26 [00:00<00:00, 42.64it/s, S=0.0190, loss=-0.0162]
                                                                                            
Epoch   1/150  train loss=-0.0119  val loss=-0.0173  S[mean]=0.0208  ζ=0.1774  mean_plane_ζ=0.1594  reg=0.0035  λscale=0.10  lr=4.88e-04
Saved val-mean plane ζ checkpoint val_mean_plane_zeta_0.1.pt: threshold=0.1 epoch=1 val_mean_plane_zeta=0.1594

Epoch 2/150 [train]:   0%|          | 0/26 [00:00<?, ?it/s]
Epoch 2/150 [train]:   0%|          | 0/26 [00:00<?, ?it/s, S=0.0199, loss=-0.0169]
Epoch 2/150 [train]:   0%|          | 0/26 [00:00<?, ?it/s, S=0.0203, loss=-0.0173]
Epoch 2/150 [train]:   0%|          | 0/26 [00:00<?, ?it/s, S=0.0210, loss=-0.0179]
Epoch 2/150 [train]:   0%|          | 0/26 [00:00<?, ?it/s, S=0.0222, loss=-0.0189]
Epoch 2/150 [train]:   0%|          | 0/26 [00:00<?, ?it/s, S=0.0233, loss=-0.0198]
Epoch 2/150 [train]:   0%|          | 0/26 [00:00<?, ?it/s, S=0.0249, loss=-0.0212]
Epoch 2/150 [train]:  23%|██▎       | 6/26 [00:00<00:00, 51.25it/s, S=0.0249, loss=-0.0212]
Epoch 2/150 [train]:  23%|██▎       | 6/26 [00:00<00:00, 51.25it/s, S=0.0259, loss=-0.0219]
Epoch 2/150 [train]:  23%|██▎       | 6/26 [00:00<00:00, 51.25it/s, S=0.0278, loss=-0.0236]
Epoch 2/150 [train]:  23%|██▎       | 6/26 [00:00<00:00, 51.25it/s, S=0.0276, loss=-0.0234]
Epoch 2/150 [train]:  23%|██▎       | 6/26 [00:00<00:00, 51.25it/s, S=0.0299, loss=-0.0253]
Epoch 2/150 [train]:  23%|██▎       | 6/26 [00:00<00:00, 51.25it/s, S=0.0307, loss=-0.0258]
Epoch 2/150 [train]:  23%|██▎       | 6/26 [00:00<00:00, 51.25it/s, S=0.0344, loss=-0.0292]
Epoch 2/150 [train]:  46%|████▌     | 12/26 [00:00<00:00, 51.34it/s, S=0.0344, loss=-0.0292]
Epoch 2/150 [train]:  46%|████▌     | 12/26 [00:00<00:00, 51.34it/s, S=0.0349, loss=-0.0295]
Epoch 2/150 [train]:  46%|████▌     | 12/26 [00:00<00:00, 51.34it/s, S=0.0368, loss=-0.0308]
Epoch 2/150 [train]:  46%|████▌     | 12/26 [00:00<00:00, 51.34it/s, S=0.0370, loss=-0.0309]
Epoch 2/150 [train]:  46%|████▌     | 12/26 [00:00<00:00, 51.34it/s, S=0.0396, loss=-0.0331]
Epoch 2/150 [train]:  46%|████▌     | 12/26 [00:00<00:00, 51.34it/s, S=0.0425, loss=-0.0356]
Epoch 2/150 [train]:  46%|████▌     | 12/26 [00:00<00:00, 51.34it/s, S=0.0425, loss=-0.0356]
Epoch 2/150 [train]:  69%|██████▉   | 18/26 [00:00<00:00, 51.31it/s, S=0.0425, loss=-0.0356]
Epoch 2/150 [train]:  69%|██████▉   | 18/26 [00:00<00:00, 51.31it/s, S=0.0460, loss=-0.0384]
Epoch 2/150 [train]:  69%|██████▉   | 18/26 [00:00<00:00, 51.31it/s, S=0.0481, loss=-0.0403]
Epoch 2/150 [train]:  69%|██████▉   | 18/26 [00:00<00:00, 51.31it/s, S=0.0496, loss=-0.0417]
Epoch 2/150 [train]:  69%|██████▉   | 18/26 [00:00<00:00, 51.31it/s, S=0.0501, loss=-0.0417]
Epoch 2/150 [train]:  69%|██████▉   | 18/26 [00:00<00:00, 51.31it/s, S=0.0507, loss=-0.0425]
Epoch 2/150 [train]:  69%|██████▉   | 18/26 [00:00<00:00, 51.31it/s, S=0.0526, loss=-0.0439]
Epoch 2/150 [train]:  92%|█████████▏| 24/26 [00:00<00:00, 51.27it/s, S=0.0526, loss=-0.0439]
Epoch 2/150 [train]:  92%|█████████▏| 24/26 [00:00<00:00, 51.27it/s, S=0.0547, loss=-0.0457]
Epoch 2/150 [train]:  92%|█████████▏| 24/26 [00:00<00:00, 51.27it/s, S=0.0540, loss=-0.0448]
                                                                                            
Epoch   2/150  train loss=-0.0306  val loss=-0.0504  S[mean]=0.0612  ζ=0.2803  mean_plane_ζ=0.1682  reg=0.0108  λscale=0.11  lr=4.52e-04

Epoch 3/150 [train]:   0%|          | 0/26 [00:00<?, ?it/s]
Epoch 3/150 [train]:   0%|          | 0/26 [00:00<?, ?it/s, S=0.0581, loss=-0.0482]
Epoch 3/150 [train]:   0%|          | 0/26 [00:00<?, ?it/s, S=0.0564, loss=-0.0465]
Epoch 3/150 [train]:   0%|          | 0/26 [00:00<?, ?it/s, S=0.0591, loss=-0.0488]
Epoch 3/150 [train]:   0%|          | 0/26 [00:00<?, ?it/s, S=0.0615, loss=-0.0508]
Epoch 3/150 [train]:   0%|          | 0/26 [00:00<?, ?it/s, S=0.0633, loss=-0.0524]
Epoch 3/150 [train]:   0%|          | 0/26 [00:00<?, ?it/s, S=0.0641, loss=-0.0529]
Epoch 3/150 [train]:  23%|██▎       | 6/26 [00:00<00:00, 51.32it/s, S=0.0641, loss=-0.0529]
Epoch 3/150 [train]:  23%|██▎       | 6/26 [00:00<00:00, 51.32it/s, S=0.0648, loss=-0.0535]
Epoch 3/150 [train]:  23%|██▎       | 6/26 [00:00<00:00, 51.32it/s, S=0.0651, loss=-0.0537]
Epoch 3/150 [train]:  23%|██▎       | 6/26 [00:00<00:00, 51.32it/s, S=0.0655, loss=-0.0540]
Epoch 3/150 [train]:  23%|██▎       | 6/26 [00:00<00:00, 51.32it/s, S=0.0717, loss=-0.0595]
Epoch 3/150 [train]:  23%|██▎       | 6/26 [00:00<00:00, 51.32it/s, S=0.0675, loss=-0.0553]
Epoch 3/150 [train]:  23%|██▎       | 6/26 [00:00<00:00, 51.32it/s, S=0.0736, loss=-0.0605]
Epoch 3/150 [train]:  46%|████▌     | 12/26 [00:00<00:00, 51.22it/s, S=0.0736, loss=-0.0605]
Epoch 3/150 [train]:  46%|████▌     | 12/26 [00:00<00:00, 51.22it/s, S=0.0740, loss=-0.0611]
Epoch 3/150 [train]:  46%|████▌     | 12/26 [00:00<00:00, 51.22it/s, S=0.0743, loss=-0.0609]
Epoch 3/150 [train]:  46%|████▌     | 12/26 [00:00<00:00, 51.22it/s, S=0.0762, loss=-0.0622]
Epoch 3/150 [train]:  46%|████▌     | 12/26 [00:00<00:00, 51.22it/s, S=0.0785, loss=-0.0633]
Epoch 3/150 [train]:  46%|████▌     | 12/26 [00:00<00:00, 51.22it/s, S=0.0802, loss=-0.0659]
Epoch 3/150 [train]:  46%|████▌     | 12/26 [00:00<00:00, 51.22it/s, S=0.0814, loss=-0.0658]
Epoch 3/150 [train]:  69%|██████▉   | 18/26 [00:00<00:00, 51.17it/s, S=0.0814, loss=-0.0658]
Epoch 3/150 [train]:  69%|██████▉   | 18/26 [00:00<00:00, 51.17it/s, S=0.0843, loss=-0.0690]
Epoch 3/150 [train]:  69%|██████▉   | 18/26 [00:00<00:00, 51.17it/s, S=0.0880, loss=-0.0720]
Epoch 3/150 [train]:  69%|██████▉   | 18/26 [00:00<00:00, 51.17it/s, S=0.0824, loss=-0.0666]
Epoch 3/150 [train]:  69%|██████▉   | 18/26 [00:00<00:00, 51.17it/s, S=0.0916, loss=-0.0746]
Epoch 3/150 [train]:  69%|██████▉   | 18/26 [00:00<00:00, 51.17it/s, S=0.0933, loss=-0.0763]
Epoch 3/150 [train]:  69%|██████▉   | 18/26 [00:00<00:00, 51.17it/s, S=0.0923, loss=-0.0752]
Epoch 3/150 [train]:  92%|█████████▏| 24/26 [00:00<00:00, 51.16it/s, S=0.0923, loss=-0.0752]
Epoch 3/150 [train]:  92%|█████████▏| 24/26 [00:00<00:00, 51.16it/s, S=0.0972, loss=-0.0793]
Epoch 3/150 [train]:  92%|█████████▏| 24/26 [00:00<00:00, 51.16it/s, S=0.0929, loss=-0.0752]
                                                                                            
Epoch   3/150  train loss=-0.0617  val loss=-0.0874  S[mean]=0.1092  ζ=0.3034  mean_plane_ζ=0.1712  reg=0.0219  λscale=0.11  lr=3.97e-04

Epoch 4/150 [train]:   0%|          | 0/26 [00:00<?, ?it/s]
Epoch 4/150 [train]:   0%|          | 0/26 [00:00<?, ?it/s, S=0.0964, loss=-0.0772]
Epoch 4/150 [train]:   0%|          | 0/26 [00:00<?, ?it/s, S=0.1003, loss=-0.0808]
Epoch 4/150 [train]:   0%|          | 0/26 [00:00<?, ?it/s, S=0.1041, loss=-0.0838]
Epoch 4/150 [train]:   0%|          | 0/26 [00:00<?, ?it/s, S=0.1097, loss=-0.0890]
Epoch 4/150 [train]:   0%|          | 0/26 [00:00<?, ?it/s, S=0.1058, loss=-0.0841]
Epoch 4/150 [train]:   0%|          | 0/26 [00:00<?, ?it/s, S=0.1054, loss=-0.0839]
Epoch 4/150 [train]:  23%|██▎       | 6/26 [00:00<00:00, 51.25it/s, S=0.1054, loss=-0.0839]
Epoch 4/150 [train]:  23%|██▎       | 6/26 [00:00<00:00, 51.25it/s, S=0.1075, loss=-0.0864]
Epoch 4/150 [train]:  23%|██▎       | 6/26 [00:00<00:00, 51.25it/s, S=0.1076, loss=-0.0864]
Epoch 4/150 [train]:  23%|██▎       | 6/26 [00:00<00:00, 51.25it/s, S=0.1129, loss=-0.0917]
Epoch 4/150 [train]:  23%|██▎       | 6/26 [00:00<00:00, 51.25it/s, S=0.1120, loss=-0.0907]
Epoch 4/150 [train]:  23%|██▎       | 6/26 [00:00<00:00, 51.25it/s, S=0.1133, loss=-0.0904]
Epoch 4/150 [train]:  23%|██▎       | 6/26 [00:00<00:00, 51.25it/s, S=0.1161, loss=-0.0937]
Epoch 4/150 [train]:  46%|████▌     | 12/26 [00:00<00:00, 51.26it/s, S=0.1161, loss=-0.0937]
Epoch 4/150 [train]:  46%|████▌     | 12/26 [00:00<00:00, 51.26it/s, S=0.1172, loss=-0.0948]
Epoch 4/150 [train]:  46%|████▌     | 12/26 [00:00<00:00, 51.26it/s, S=0.1191, loss=-0.0951]
Epoch 4/150 [train]:  46%|████▌     | 12/26 [00:00<00:00, 51.26it/s, S=0.1117, loss=-0.0893]
Epoch 4/150 [train]:  46%|████▌     | 12/26 [00:00<00:00, 51.26it/s, S=0.1173, loss=-0.0935]
Epoch 4/150 [train]:  46%|████▌     | 12/26 [00:00<00:00, 51.26it/s, S=0.1236, loss=-0.0998]
Epoch 4/150 [train]:  46%|████▌     | 12/26 [00:00<00:00, 51.26it/s, S=0.1138, loss=-0.0898]
Epoch 4/150 [train]:  69%|██████▉   | 18/26 [00:00<00:00, 51.27it/s, S=0.1138, loss=-0.0898]
Epoch 4/150 [train]:  69%|██████▉   | 18/26 [00:00<00:00, 51.27it/s, S=0.1198, loss=-0.0952]
Epoch 4/150 [train]:  69%|██████▉   | 18/26 [00:00<00:00, 51.27it/s, S=0.1203, loss=-0.0962]
Epoch 4/150 [train]:  69%|██████▉   | 18/26 [00:00<00:00, 51.27it/s, S=0.1224, loss=-0.0981]
Epoch 4/150 [train]:  69%|██████▉   | 18/26 [00:00<00:00, 51.27it/s, S=0.1234, loss=-0.0988]
Epoch 4/150 [train]:  69%|██████▉   | 18/26 [00:00<00:00, 51.27it/s, S=0.1254, loss=-0.1010]
Epoch 4/150 [train]:  69%|██████▉   | 18/26 [00:00<00:00, 51.27it/s, S=0.1260, loss=-0.1001]
Epoch 4/150 [train]:  92%|█████████▏| 24/26 [00:00<00:00, 51.20it/s, S=0.1260, loss=-0.1001]
Epoch 4/150 [train]:  92%|█████████▏| 24/26 [00:00<00:00, 51.20it/s, S=0.1213, loss=-0.0962]
Epoch 4/150 [train]:  92%|█████████▏| 24/26 [00:00<00:00, 51.20it/s, S=0.1317, loss=-0.1059]
                                                                                            
Epoch   4/150  train loss=-0.0920  val loss=-0.1087  S[mean]=0.1384  ζ=0.3137  mean_plane_ζ=0.1756  reg=0.0297  λscale=0.12  lr=3.27e-04

Epoch 5/150 [train]:   0%|          | 0/26 [00:00<?, ?it/s]
Epoch 5/150 [train]:   0%|          | 0/26 [00:00<?, ?it/s, S=0.1320, loss=-0.1051]
Epoch 5/150 [train]:   0%|          | 0/26 [00:00<?, ?it/s, S=0.1296, loss=-0.1022]
Epoch 5/150 [train]:   0%|          | 0/26 [00:00<?, ?it/s, S=0.1320, loss=-0.1045]
Epoch 5/150 [train]:   0%|          | 0/26 [00:00<?, ?it/s, S=0.1356, loss=-0.1084]
Epoch 5/150 [train]:   0%|          | 0/26 [00:00<?, ?it/s, S=0.1318, loss=-0.1050]
Epoch 5/150 [train]:   0%|          | 0/26 [00:00<?, ?it/s, S=0.1340, loss=-0.1076]
Epoch 5/150 [train]:  23%|██▎       | 6/26 [00:00<00:00, 51.26it/s, S=0.1340, loss=-0.1076]
Epoch 5/150 [train]:  23%|██▎       | 6/26 [00:00<00:00, 51.26it/s, S=0.1343, loss=-0.1066]
Epoch 5/150 [train]:  23%|██▎       | 6/26 [00:00<00:00, 51.26it/s, S=0.1379, loss=-0.1100]
Epoch 5/150 [train]:  23%|██▎       | 6/26 [00:00<00:00, 51.26it/s, S=0.1263, loss=-0.0993]
Epoch 5/150 [train]:  23%|██▎       | 6/26 [00:00<00:00, 51.26it/s, S=0.1364, loss=-0.1083]
Epoch 5/150 [train]:  23%|██▎       | 6/26 [00:00<00:00, 51.26it/s, S=0.1323, loss=-0.1045]
Epoch 5/150 [train]:  23%|██▎       | 6/26 [00:00<00:00, 51.26it/s, S=0.1334, loss=-0.1040]
Epoch 5/150 [train]:  46%|████▌     | 12/26 [00:00<00:00, 51.17it/s, S=0.1334, loss=-0.1040]
Epoch 5/150 [train]:  46%|████▌     | 12/26 [00:00<00:00, 51.17it/s, S=0.1368, loss=-0.1087]
Epoch 5/150 [train]:  46%|████▌     | 12/26 [00:00<00:00, 51.17it/s, S=0.1354, loss=-0.1067]
Epoch 5/150 [train]:  46%|████▌     | 12/26 [00:00<00:00, 51.17it/s, S=0.1348, loss=-0.1040]
Epoch 5/150 [train]:  46%|████▌     | 12/26 [00:00<00:00, 51.17it/s, S=0.1389, loss=-0.1102]
Epoch 5/150 [train]:  46%|████▌     | 12/26 [00:00<00:00, 51.17it/s, S=0.1370, loss=-0.1085]
Epoch 5/150 [train]:  46%|████▌     | 12/26 [00:00<00:00, 51.17it/s, S=0.1392, loss=-0.1095]
Epoch 5/150 [train]:  69%|██████▉   | 18/26 [00:00<00:00, 51.14it/s, S=0.1392, loss=-0.1095]
Epoch 5/150 [train]:  69%|██████▉   | 18/26 [00:00<00:00, 51.14it/s, S=0.1377, loss=-0.1087]
Epoch 5/150 [train]:  69%|██████▉   | 18/26 [00:00<00:00, 51.14it/s, S=0.1422, loss=-0.1134]
Epoch 5/150 [train]:  69%|██████▉   | 18/26 [00:00<00:00, 51.14it/s, S=0.1405, loss=-0.1112]
Epoch 5/150 [train]:  69%|██████▉   | 18/26 [00:00<00:00, 51.14it/s, S=0.1399, loss=-0.1099]
Epoch 5/150 [train]:  69%|██████▉   | 18/26 [00:00<00:00, 51.14it/s, S=0.1364, loss=-0.1077]
Epoch 5/150 [train]:  69%|██████▉   | 18/26 [00:00<00:00, 51.14it/s, S=0.1435, loss=-0.1132]
Epoch 5/150 [train]:  92%|█████████▏| 24/26 [00:00<00:00, 51.14it/s, S=0.1435, loss=-0.1132]
Epoch 5/150 [train]:  92%|█████████▏| 24/26 [00:00<00:00, 51.14it/s, S=0.1425, loss=-0.1126]
Epoch 5/150 [train]:  92%|█████████▏| 24/26 [00:00<00:00, 51.14it/s, S=0.1438, loss=-0.1154]
                                                                                            
Epoch   5/150  train loss=-0.1079  val loss=-0.1205  S[mean]=0.1545  ζ=0.3219  mean_plane_ζ=0.1841  reg=0.0339  λscale=0.12  lr=2.50e-04

Epoch 6/150 [train]:   0%|          | 0/26 [00:00<?, ?it/s]
Epoch 6/150 [train]:   0%|          | 0/26 [00:00<?, ?it/s, S=0.1416, loss=-0.1119]
Epoch 6/150 [train]:   0%|          | 0/26 [00:00<?, ?it/s, S=0.1471, loss=-0.1167]
Epoch 6/150 [train]:   0%|          | 0/26 [00:00<?, ?it/s, S=0.1453, loss=-0.1140]
Epoch 6/150 [train]:   0%|          | 0/26 [00:00<?, ?it/s, S=0.1446, loss=-0.1145]
Epoch 6/150 [train]:   0%|          | 0/26 [00:00<?, ?it/s, S=0.1475, loss=-0.1154]
Epoch 6/150 [train]:   0%|          | 0/26 [00:00<?, ?it/s, S=0.1452, loss=-0.1139]
Epoch 6/150 [train]:  23%|██▎       | 6/26 [00:00<00:00, 51.24it/s, S=0.1452, loss=-0.1139]
Epoch 6/150 [train]:  23%|██▎       | 6/26 [00:00<00:00, 51.24it/s, S=0.1455, loss=-0.1136]
Epoch 6/150 [train]:  23%|██▎       | 6/26 [00:00<00:00, 51.24it/s, S=0.1477, loss=-0.1165]
Epoch 6/150 [train]:  23%|██▎       | 6/26 [00:00<00:00, 51.24it/s, S=0.1515, loss=-0.1201]
Epoch 6/150 [train]:  23%|██▎       | 6/26 [00:00<00:00, 51.24it/s, S=0.1492, loss=-0.1168]
Epoch 6/150 [train]:  23%|██▎       | 6/26 [00:00<00:00, 51.24it/s, S=0.1494, loss=-0.1159]
Epoch 6/150 [train]:  23%|██▎       | 6/26 [00:00<00:00, 51.24it/s, S=0.1491, loss=-0.1179]
Epoch 6/150 [train]:  46%|████▌     | 12/26 [00:00<00:00, 51.14it/s, S=0.1491, loss=-0.1179]
Epoch 6/150 [train]:  46%|████▌     | 12/26 [00:00<00:00, 51.14it/s, S=0.1542, loss=-0.1221]
Epoch 6/150 [train]:  46%|████▌     | 12/26 [00:00<00:00, 51.14it/s, S=0.1497, loss=-0.1176]
Epoch 6/150 [train]:  46%|████▌     | 12/26 [00:00<00:00, 51.14it/s, S=0.1495, loss=-0.1167]
Epoch 6/150 [train]:  46%|████▌     | 12/26 [00:00<00:00, 51.14it/s, S=0.1490, loss=-0.1177]
Epoch 6/150 [train]:  46%|████▌     | 12/26 [00:00<00:00, 51.14it/s, S=0.1478, loss=-0.1148]
Epoch 6/150 [train]:  46%|████▌     | 12/26 [00:00<00:00, 51.14it/s, S=0.1491, loss=-0.1163]
Epoch 6/150 [train]:  69%|██████▉   | 18/26 [00:00<00:00, 51.13it/s, S=0.1491, loss=-0.1163]
Epoch 6/150 [train]:  69%|██████▉   | 18/26 [00:00<00:00, 51.13it/s, S=0.1510, loss=-0.1183]
Epoch 6/150 [train]:  69%|██████▉   | 18/26 [00:00<00:00, 51.13it/s, S=0.1510, loss=-0.1184]
Epoch 6/150 [train]:  69%|██████▉   | 18/26 [00:00<00:00, 51.13it/s, S=0.1548, loss=-0.1226]
Epoch 6/150 [train]:  69%|██████▉   | 18/26 [00:00<00:00, 51.13it/s, S=0.1547, loss=-0.1204]
Epoch 6/150 [train]:  69%|██████▉   | 18/26 [00:00<00:00, 51.13it/s, S=0.1602, loss=-0.1267]
Epoch 6/150 [train]:  69%|██████▉   | 18/26 [00:00<00:00, 51.13it/s, S=0.1537, loss=-0.1211]
Epoch 6/150 [train]:  92%|█████████▏| 24/26 [00:00<00:00, 51.14it/s, S=0.1537, loss=-0.1211]
Epoch 6/150 [train]:  92%|█████████▏| 24/26 [00:00<00:00, 51.14it/s, S=0.1539, loss=-0.1214]
Epoch 6/150 [train]:  92%|█████████▏| 24/26 [00:00<00:00, 51.14it/s, S=0.1520, loss=-0.1189]
                                                                                            
Epoch   6/150  train loss=-0.1177  val loss=-0.1296  S[mean]=0.1681  ζ=0.3292  mean_plane_ζ=0.1939  reg=0.0384  λscale=0.13  lr=1.73e-04

Epoch 7/150 [train]:   0%|          | 0/26 [00:00<?, ?it/s]
Epoch 7/150 [train]:   0%|          | 0/26 [00:00<?, ?it/s, S=0.1598, loss=-0.1247]
Epoch 7/150 [train]:   0%|          | 0/26 [00:00<?, ?it/s, S=0.1558, loss=-0.1214]
Epoch 7/150 [train]:   0%|          | 0/26 [00:00<?, ?it/s, S=0.1576, loss=-0.1235]
Epoch 7/150 [train]:   0%|          | 0/26 [00:00<?, ?it/s, S=0.1594, loss=-0.1243]
Epoch 7/150 [train]:   0%|          | 0/26 [00:00<?, ?it/s, S=0.1635, loss=-0.1285]
Epoch 7/150 [train]:   0%|          | 0/26 [00:00<?, ?it/s, S=0.1596, loss=-0.1234]
Epoch 7/150 [train]:  23%|██▎       | 6/26 [00:00<00:00, 51.15it/s, S=0.1596, loss=-0.1234]
Epoch 7/150 [train]:  23%|██▎       | 6/26 [00:00<00:00, 51.15it/s, S=0.1603, loss=-0.1249]
Epoch 7/150 [train]:  23%|██▎       | 6/26 [00:00<00:00, 51.15it/s, S=0.1618, loss=-0.1258]
Epoch 7/150 [train]:  23%|██▎       | 6/26 [00:00<00:00, 51.15it/s, S=0.1560, loss=-0.1213]
Epoch 7/150 [train]:  23%|██▎       | 6/26 [00:00<00:00, 51.15it/s, S=0.1579, loss=-0.1219]
Epoch 7/150 [train]:  23%|██▎       | 6/26 [00:00<00:00, 51.15it/s, S=0.1600, loss=-0.1229]
Epoch 7/150 [train]:  23%|██▎       | 6/26 [00:00<00:00, 51.15it/s, S=0.1608, loss=-0.1252]
Epoch 7/150 [train]:  46%|████▌     | 12/26 [00:00<00:00, 51.19it/s, S=0.1608, loss=-0.1252]
Epoch 7/150 [train]:  46%|████▌     | 12/26 [00:00<00:00, 51.19it/s, S=0.1580, loss=-0.1230]
Epoch 7/150 [train]:  46%|████▌     | 12/26 [00:00<00:00, 51.19it/s, S=0.1627, loss=-0.1276]
Epoch 7/150 [train]:  46%|████▌     | 12/26 [00:00<00:00, 51.19it/s, S=0.1622, loss=-0.1262]
Epoch 7/150 [train]:  46%|████▌     | 12/26 [00:00<00:00, 51.19it/s, S=0.1568, loss=-0.1217]
Epoch 7/150 [train]:  46%|████▌     | 12/26 [00:00<00:00, 51.19it/s, S=0.1618, loss=-0.1254]
Epoch 7/150 [train]:  46%|████▌     | 12/26 [00:00<00:00, 51.19it/s, S=0.1672, loss=-0.1308]
Epoch 7/150 [train]:  69%|██████▉   | 18/26 [00:00<00:00, 51.16it/s, S=0.1672, loss=-0.1308]
Epoch 7/150 [train]:  69%|██████▉   | 18/26 [00:00<00:00, 51.16it/s, S=0.1636, loss=-0.1273]
Epoch 7/150 [train]:  69%|██████▉   | 18/26 [00:00<00:00, 51.16it/s, S=0.1662, loss=-0.1291]
Epoch 7/150 [train]:  69%|██████▉   | 18/26 [00:00<00:00, 51.16it/s, S=0.1610, loss=-0.1250]
Epoch 7/150 [train]:  69%|██████▉   | 18/26 [00:00<00:00, 51.16it/s, S=0.1628, loss=-0.1265]
Epoch 7/150 [train]:  69%|██████▉   | 18/26 [00:00<00:00, 51.16it/s, S=0.1598, loss=-0.1237]
Epoch 7/150 [train]:  69%|██████▉   | 18/26 [00:00<00:00, 51.16it/s, S=0.1663, loss=-0.1296]
Epoch 7/150 [train]:  92%|█████████▏| 24/26 [00:00<00:00, 51.14it/s, S=0.1663, loss=-0.1296]
Epoch 7/150 [train]:  92%|█████████▏| 24/26 [00:00<00:00, 51.14it/s, S=0.1667, loss=-0.1304]
Epoch 7/150 [train]:  92%|█████████▏| 24/26 [00:00<00:00, 51.14it/s, S=0.1662, loss=-0.1289]
                                                                                            
Epoch   7/150  train loss=-0.1255  val loss=-0.1364  S[mean]=0.1790  ζ=0.3350  mean_plane_ζ=0.2024  reg=0.0426  λscale=0.14  lr=1.03e-04
Saved val-mean plane ζ checkpoint val_mean_plane_zeta_0.2.pt: threshold=0.2 epoch=7 val_mean_plane_zeta=0.2024

Epoch 8/150 [train]:   0%|          | 0/26 [00:00<?, ?it/s]
Epoch 8/150 [train]:   0%|          | 0/26 [00:00<?, ?it/s, S=0.1618, loss=-0.1203]
Epoch 8/150 [train]:   0%|          | 0/26 [00:00<?, ?it/s, S=0.1684, loss=-0.1287]
Epoch 8/150 [train]:   0%|          | 0/26 [00:00<?, ?it/s, S=0.1625, loss=-0.1237]
Epoch 8/150 [train]:   0%|          | 0/26 [00:00<?, ?it/s, S=0.1630, loss=-0.1229]
Epoch 8/150 [train]:   0%|          | 0/26 [00:00<?, ?it/s, S=0.1666, loss=-0.1270]
Epoch 8/150 [train]:   0%|          | 0/26 [00:00<?, ?it/s, S=0.1690, loss=-0.1308]
Epoch 8/150 [train]:  23%|██▎       | 6/26 [00:00<00:00, 51.16it/s, S=0.1690, loss=-0.1308]
Epoch 8/150 [train]:  23%|██▎       | 6/26 [00:00<00:00, 51.16it/s, S=0.1641, loss=-0.1255]
Epoch 8/150 [train]:  23%|██▎       | 6/26 [00:00<00:00, 51.16it/s, S=0.1683, loss=-0.1297]
Epoch 8/150 [train]:  23%|██▎       | 6/26 [00:00<00:00, 51.16it/s, S=0.1730, loss=-0.1334]
Epoch 8/150 [train]:  23%|██▎       | 6/26 [00:00<00:00, 51.16it/s, S=0.1706, loss=-0.1311]
Epoch 8/150 [train]:  23%|██▎       | 6/26 [00:00<00:00, 51.16it/s, S=0.1682, loss=-0.1287]
Epoch 8/150 [train]:  23%|██▎       | 6/26 [00:00<00:00, 51.16it/s, S=0.1706, loss=-0.1314]
Epoch 8/150 [train]:  46%|████▌     | 12/26 [00:00<00:00, 51.14it/s, S=0.1706, loss=-0.1314]
Epoch 8/150 [train]:  46%|████▌     | 12/26 [00:00<00:00, 51.14it/s, S=0.1677, loss=-0.1289]
Epoch 8/150 [train]:  46%|████▌     | 12/26 [00:00<00:00, 51.14it/s, S=0.1703, loss=-0.1314]
Epoch 8/150 [train]:  46%|████▌     | 12/26 [00:00<00:00, 51.14it/s, S=0.1690, loss=-0.1292]
Epoch 8/150 [train]:  46%|████▌     | 12/26 [00:00<00:00, 51.14it/s, S=0.1723, loss=-0.1333]
Epoch 8/150 [train]:  46%|████▌     | 12/26 [00:00<00:00, 51.14it/s, S=0.1688, loss=-0.1298]
Epoch 8/150 [train]:  46%|████▌     | 12/26 [00:00<00:00, 51.14it/s, S=0.1691, loss=-0.1280]
Epoch 8/150 [train]:  69%|██████▉   | 18/26 [00:00<00:00, 51.12it/s, S=0.1691, loss=-0.1280]
Epoch 8/150 [train]:  69%|██████▉   | 18/26 [00:00<00:00, 51.12it/s, S=0.1671, loss=-0.1280]
Epoch 8/150 [train]:  69%|██████▉   | 18/26 [00:00<00:00, 51.12it/s, S=0.1697, loss=-0.1299]
Epoch 8/150 [train]:  69%|██████▉   | 18/26 [00:00<00:00, 51.12it/s, S=0.1731, loss=-0.1327]
Epoch 8/150 [train]:  69%|██████▉   | 18/26 [00:00<00:00, 51.12it/s, S=0.1753, loss=-0.1345]
Epoch 8/150 [train]:  69%|██████▉   | 18/26 [00:00<00:00, 51.12it/s, S=0.1695, loss=-0.1272]
Epoch 8/150 [train]:  69%|██████▉   | 18/26 [00:00<00:00, 51.12it/s, S=0.1680, loss=-0.1264]
Epoch 8/150 [train]:  92%|█████████▏| 24/26 [00:00<00:00, 51.14it/s, S=0.1680, loss=-0.1264]
Epoch 8/150 [train]:  92%|█████████▏| 24/26 [00:00<00:00, 51.14it/s, S=0.1743, loss=-0.1354]
Epoch 8/150 [train]:  92%|█████████▏| 24/26 [00:00<00:00, 51.14it/s, S=0.1731, loss=-0.1329]
                                                                                            
Epoch   8/150  train loss=-0.1293  val loss=-0.1401  S[mean]=0.1863  ζ=0.3391  mean_plane_ζ=0.2086  reg=0.0462  λscale=0.14  lr=4.77e-05

Epoch 9/150 [train]:   0%|          | 0/26 [00:00<?, ?it/s]
Epoch 9/150 [train]:   0%|          | 0/26 [00:00<?, ?it/s, S=0.1739, loss=-0.1322]
Epoch 9/150 [train]:   0%|          | 0/26 [00:00<?, ?it/s, S=0.1756, loss=-0.1343]
Epoch 9/150 [train]:   0%|          | 0/26 [00:00<?, ?it/s, S=0.1723, loss=-0.1304]
Epoch 9/150 [train]:   0%|          | 0/26 [00:00<?, ?it/s, S=0.1747, loss=-0.1325]
Epoch 9/150 [train]:   0%|          | 0/26 [00:00<?, ?it/s, S=0.1756, loss=-0.1330]
Epoch 9/150 [train]:   0%|          | 0/26 [00:00<?, ?it/s, S=0.1772, loss=-0.1358]
Epoch 9/150 [train]:  23%|██▎       | 6/26 [00:00<00:00, 51.16it/s, S=0.1772, loss=-0.1358]
Epoch 9/150 [train]:  23%|██▎       | 6/26 [00:00<00:00, 51.16it/s, S=0.1711, loss=-0.1302]
Epoch 9/150 [train]:  23%|██▎       | 6/26 [00:00<00:00, 51.16it/s, S=0.1727, loss=-0.1321]
Epoch 9/150 [train]:  23%|██▎       | 6/26 [00:00<00:00, 51.16it/s, S=0.1716, loss=-0.1302]
Epoch 9/150 [train]:  23%|██▎       | 6/26 [00:00<00:00, 51.16it/s, S=0.1733, loss=-0.1316]
Epoch 9/150 [train]:  23%|██▎       | 6/26 [00:00<00:00, 51.16it/s, S=0.1775, loss=-0.1335]
Epoch 9/150 [train]:  23%|██▎       | 6/26 [00:00<00:00, 51.16it/s, S=0.1735, loss=-0.1323]
Epoch 9/150 [train]:  46%|████▌     | 12/26 [00:00<00:00, 51.08it/s, S=0.1735, loss=-0.1323]
Epoch 9/150 [train]:  46%|████▌     | 12/26 [00:00<00:00, 51.08it/s, S=0.1758, loss=-0.1337]
Epoch 9/150 [train]:  46%|████▌     | 12/26 [00:00<00:00, 51.08it/s, S=0.1745, loss=-0.1325]
Epoch 9/150 [train]:  46%|████▌     | 12/26 [00:00<00:00, 51.08it/s, S=0.1770, loss=-0.1348]
Epoch 9/150 [train]:  46%|████▌     | 12/26 [00:00<00:00, 51.08it/s, S=0.1721, loss=-0.1302]
Epoch 9/150 [train]:  46%|████▌     | 12/26 [00:00<00:00, 51.08it/s, S=0.1734, loss=-0.1300]
Epoch 9/150 [train]:  46%|████▌     | 12/26 [00:00<00:00, 51.08it/s, S=0.1772, loss=-0.1352]
Epoch 9/150 [train]:  69%|██████▉   | 18/26 [00:00<00:00, 51.04it/s, S=0.1772, loss=-0.1352]
Epoch 9/150 [train]:  69%|██████▉   | 18/26 [00:00<00:00, 51.04it/s, S=0.1749, loss=-0.1327]
Epoch 9/150 [train]:  69%|██████▉   | 18/26 [00:00<00:00, 51.04it/s, S=0.1775, loss=-0.1350]
Epoch 9/150 [train]:  69%|██████▉   | 18/26 [00:00<00:00, 51.04it/s, S=0.1735, loss=-0.1323]
Epoch 9/150 [train]:  69%|██████▉   | 18/26 [00:00<00:00, 51.04it/s, S=0.1690, loss=-0.1266]
Epoch 9/150 [train]:  69%|██████▉   | 18/26 [00:00<00:00, 51.04it/s, S=0.1689, loss=-0.1257]
Epoch 9/150 [train]:  69%|██████▉   | 18/26 [00:00<00:00, 51.04it/s, S=0.1748, loss=-0.1315]
Epoch 9/150 [train]:  92%|█████████▏| 24/26 [00:00<00:00, 50.95it/s, S=0.1748, loss=-0.1315]
Epoch 9/150 [train]:  92%|█████████▏| 24/26 [00:00<00:00, 50.95it/s, S=0.1749, loss=-0.1321]
Epoch 9/150 [train]:  92%|█████████▏| 24/26 [00:00<00:00, 50.95it/s, S=0.1668, loss=-0.1239]
                                                                                            
Epoch   9/150  train loss=-0.1317  val loss=-0.1413  S[mean]=0.1901  ζ=0.3412  mean_plane_ζ=0.2116  reg=0.0488  λscale=0.15  lr=1.22e-05

Epoch 10/150 [train]:   0%|          | 0/26 [00:00<?, ?it/s]
Epoch 10/150 [train]:   0%|          | 0/26 [00:00<?, ?it/s, S=0.1736, loss=-0.1298]
Epoch 10/150 [train]:   0%|          | 0/26 [00:00<?, ?it/s, S=0.1757, loss=-0.1322]
Epoch 10/150 [train]:   0%|          | 0/26 [00:00<?, ?it/s, S=0.1737, loss=-0.1298]
Epoch 10/150 [train]:   0%|          | 0/26 [00:00<?, ?it/s, S=0.1747, loss=-0.1300]
Epoch 10/150 [train]:   0%|          | 0/26 [00:00<?, ?it/s, S=0.1776, loss=-0.1341]
Epoch 10/150 [train]:   0%|          | 0/26 [00:00<?, ?it/s, S=0.1719, loss=-0.1269]
Epoch 10/150 [train]:  23%|██▎       | 6/26 [00:00<00:00, 51.10it/s, S=0.1719, loss=-0.1269]
Epoch 10/150 [train]:  23%|██▎       | 6/26 [00:00<00:00, 51.10it/s, S=0.1795, loss=-0.1355]
Epoch 10/150 [train]:  23%|██▎       | 6/26 [00:00<00:00, 51.10it/s, S=0.1724, loss=-0.1294]
Epoch 10/150 [train]:  23%|██▎       | 6/26 [00:00<00:00, 51.10it/s, S=0.1799, loss=-0.1342]
Epoch 10/150 [train]:  23%|██▎       | 6/26 [00:00<00:00, 51.10it/s, S=0.1722, loss=-0.1283]
Epoch 10/150 [train]:  23%|██▎       | 6/26 [00:00<00:00, 51.10it/s, S=0.1777, loss=-0.1338]
Epoch 10/150 [train]:  23%|██▎       | 6/26 [00:00<00:00, 51.10it/s, S=0.1724, loss=-0.1264]
Epoch 10/150 [train]:  46%|████▌     | 12/26 [00:00<00:00, 51.11it/s, S=0.1724, loss=-0.1264]
Epoch 10/150 [train]:  46%|████▌     | 12/26 [00:00<00:00, 51.11it/s, S=0.1776, loss=-0.1339]
Epoch 10/150 [train]:  46%|████▌     | 12/26 [00:00<00:00, 51.11it/s, S=0.1799, loss=-0.1361]
Epoch 10/150 [train]:  46%|████▌     | 12/26 [00:00<00:00, 51.11it/s, S=0.1785, loss=-0.1346]
Epoch 10/150 [train]:  46%|████▌     | 12/26 [00:00<00:00, 51.11it/s, S=0.1747, loss=-0.1295]
Epoch 10/150 [train]:  46%|████▌     | 12/26 [00:00<00:00, 51.11it/s, S=0.1765, loss=-0.1324]
Epoch 10/150 [train]:  46%|████▌     | 12/26 [00:00<00:00, 51.11it/s, S=0.1785, loss=-0.1347]
Epoch 10/150 [train]:  69%|██████▉   | 18/26 [00:00<00:00, 51.05it/s, S=0.1785, loss=-0.1347]
Epoch 10/150 [train]:  69%|██████▉   | 18/26 [00:00<00:00, 51.05it/s, S=0.1768, loss=-0.1331]
Epoch 10/150 [train]:  69%|██████▉   | 18/26 [00:00<00:00, 51.05it/s, S=0.1749, loss=-0.1306]
Epoch 10/150 [train]:  69%|██████▉   | 18/26 [00:00<00:00, 51.05it/s, S=0.1762, loss=-0.1315]
Epoch 10/150 [train]:  69%|██████▉   | 18/26 [00:00<00:00, 51.05it/s, S=0.1772, loss=-0.1335]
Epoch 10/150 [train]:  69%|██████▉   | 18/26 [00:00<00:00, 51.05it/s, S=0.1795, loss=-0.1350]
Epoch 10/150 [train]:  69%|██████▉   | 18/26 [00:00<00:00, 51.05it/s, S=0.1692, loss=-0.1250]
Epoch 10/150 [train]:  92%|█████████▏| 24/26 [00:00<00:00, 51.03it/s, S=0.1692, loss=-0.1250]
Epoch 10/150 [train]:  92%|█████████▏| 24/26 [00:00<00:00, 51.03it/s, S=0.1705, loss=-0.1274]
Epoch 10/150 [train]:  92%|█████████▏| 24/26 [00:00<00:00, 51.03it/s, S=0.1762, loss=-0.1315]
                                                                                             
Epoch  10/150  train loss=-0.1315  val loss=-0.1401  S[mean]=0.1909  ζ=0.3415  mean_plane_ζ=0.2122  reg=0.0508  λscale=0.15  lr=5.00e-04

Epoch 11/150 [train]:   0%|          | 0/26 [00:00<?, ?it/s]
Epoch 11/150 [train]:   0%|          | 0/26 [00:00<?, ?it/s, S=0.1709, loss=-0.1247]
Epoch 11/150 [train]:   0%|          | 0/26 [00:00<?, ?it/s, S=0.1764, loss=-0.1313]
Epoch 11/150 [train]:   0%|          | 0/26 [00:00<?, ?it/s, S=0.1841, loss=-0.1376]
Epoch 11/150 [train]:   0%|          | 0/26 [00:00<?, ?it/s, S=0.1821, loss=-0.1319]
Epoch 11/150 [train]:   0%|          | 0/26 [00:00<?, ?it/s, S=0.1733, loss=-0.1241]
Epoch 11/150 [train]:   0%|          | 0/26 [00:00<?, ?it/s, S=0.1758, loss=-0.1284]
Epoch 11/150 [train]:  23%|██▎       | 6/26 [00:00<00:00, 51.11it/s, S=0.1758, loss=-0.1284]
Epoch 11/150 [train]:  23%|██▎       | 6/26 [00:00<00:00, 51.11it/s, S=0.1820, loss=-0.1329]
Epoch 11/150 [train]:  23%|██▎       | 6/26 [00:00<00:00, 51.11it/s, S=0.1831, loss=-0.1352]
Epoch 11/150 [train]:  23%|██▎       | 6/26 [00:00<00:00, 51.11it/s, S=0.1875, loss=-0.1395]
Epoch 11/150 [train]:  23%|██▎       | 6/26 [00:00<00:00, 51.11it/s, S=0.1830, loss=-0.1339]
Epoch 11/150 [train]:  23%|██▎       | 6/26 [00:00<00:00, 51.11it/s, S=0.1805, loss=-0.1312]
Epoch 11/150 [train]:  23%|██▎       | 6/26 [00:00<00:00, 51.11it/s, S=0.1856, loss=-0.1358]
Epoch 11/150 [train]:  46%|████▌     | 12/26 [00:00<00:00, 51.03it/s, S=0.1856, loss=-0.1358]
Epoch 11/150 [train]:  46%|████▌     | 12/26 [00:00<00:00, 51.03it/s, S=0.1843, loss=-0.1352]
Epoch 11/150 [train]:  46%|████▌     | 12/26 [00:00<00:00, 51.03it/s, S=0.1866, loss=-0.1373]
Epoch 11/150 [train]:  46%|████▌     | 12/26 [00:00<00:00, 51.03it/s, S=0.1923, loss=-0.1416]
Epoch 11/150 [train]:  46%|████▌     | 12/26 [00:00<00:00, 51.03it/s, S=0.1847, loss=-0.1347]
Epoch 11/150 [train]:  46%|████▌     | 12/26 [00:00<00:00, 51.03it/s, S=0.1867, loss=-0.1378]
Epoch 11/150 [train]:  46%|████▌     | 12/26 [00:00<00:00, 51.03it/s, S=0.1912, loss=-0.1408]
Epoch 11/150 [train]:  69%|██████▉   | 18/26 [00:00<00:00, 50.97it/s, S=0.1912, loss=-0.1408]
Epoch 11/150 [train]:  69%|██████▉   | 18/26 [00:00<00:00, 50.97it/s, S=0.1925, loss=-0.1412]
Epoch 11/150 [train]:  69%|██████▉   | 18/26 [00:00<00:00, 50.97it/s, S=0.1964, loss=-0.1453]
Epoch 11/150 [train]:  69%|██████▉   | 18/26 [00:00<00:00, 50.97it/s, S=0.1978, loss=-0.1461]
Epoch 11/150 [train]:  69%|██████▉   | 18/26 [00:00<00:00, 50.97it/s, S=0.1930, loss=-0.1412]
Epoch 11/150 [train]:  69%|██████▉   | 18/26 [00:00<00:00, 50.97it/s, S=0.1959, loss=-0.1438]
Epoch 11/150 [train]:  69%|██████▉   | 18/26 [00:00<00:00, 50.97it/s, S=0.2016, loss=-0.1475]
Epoch 11/150 [train]:  92%|█████████▏| 24/26 [00:00<00:00, 50.94it/s, S=0.2016, loss=-0.1475]
Epoch 11/150 [train]:  92%|█████████▏| 24/26 [00:00<00:00, 50.94it/s, S=0.1962, loss=-0.1438]
Epoch 11/150 [train]:  92%|█████████▏| 24/26 [00:00<00:00, 50.94it/s, S=0.1980, loss=-0.1459]
                                                                                             
Epoch  11/150  train loss=-0.1373  val loss=-0.1614  S[mean]=0.2233  ζ=0.3537  mean_plane_ζ=0.2326  reg=0.0619  λscale=0.16  lr=4.97e-04

Epoch 12/150 [train]:   0%|          | 0/26 [00:00<?, ?it/s]
Epoch 12/150 [train]:   0%|          | 0/26 [00:00<?, ?it/s, S=0.2034, loss=-0.1485]
Epoch 12/150 [train]:   0%|          | 0/26 [00:00<?, ?it/s, S=0.1936, loss=-0.1371]
Epoch 12/150 [train]:   0%|          | 0/26 [00:00<?, ?it/s, S=0.2038, loss=-0.1481]
Epoch 12/150 [train]:   0%|          | 0/26 [00:00<?, ?it/s, S=0.2013, loss=-0.1457]
Epoch 12/150 [train]:   0%|          | 0/26 [00:00<?, ?it/s, S=0.2091, loss=-0.1509]
Epoch 12/150 [train]:   0%|          | 0/26 [00:00<?, ?it/s, S=0.2091, loss=-0.1536]
Epoch 12/150 [train]:  23%|██▎       | 6/26 [00:00<00:00, 51.07it/s, S=0.2091, loss=-0.1536]
Epoch 12/150 [train]:  23%|██▎       | 6/26 [00:00<00:00, 51.07it/s, S=0.2087, loss=-0.1522]
Epoch 12/150 [train]:  23%|██▎       | 6/26 [00:00<00:00, 51.07it/s, S=0.2081, loss=-0.1520]
Epoch 12/150 [train]:  23%|██▎       | 6/26 [00:00<00:00, 51.07it/s, S=0.2072, loss=-0.1501]
Epoch 12/150 [train]:  23%|██▎       | 6/26 [00:00<00:00, 51.07it/s, S=0.2114, loss=-0.1541]
Epoch 12/150 [train]:  23%|██▎       | 6/26 [00:00<00:00, 51.07it/s, S=0.2162, loss=-0.1568]
Epoch 12/150 [train]:  23%|██▎       | 6/26 [00:00<00:00, 51.07it/s, S=0.2168, loss=-0.1585]
Epoch 12/150 [train]:  46%|████▌     | 12/26 [00:00<00:00, 51.03it/s, S=0.2168, loss=-0.1585]
Epoch 12/150 [train]:  46%|████▌     | 12/26 [00:00<00:00, 51.03it/s, S=0.2134, loss=-0.1566]
Epoch 12/150 [train]:  46%|████▌     | 12/26 [00:00<00:00, 51.03it/s, S=0.2202, loss=-0.1593]
Epoch 12/150 [train]:  46%|████▌     | 12/26 [00:00<00:00, 51.03it/s, S=0.2116, loss=-0.1522]
Epoch 12/150 [train]:  46%|████▌     | 12/26 [00:00<00:00, 51.03it/s, S=0.2208, loss=-0.1620]
Epoch 12/150 [train]:  46%|████▌     | 12/26 [00:00<00:00, 51.03it/s, S=0.2179, loss=-0.1583]
Epoch 12/150 [train]:  46%|████▌     | 12/26 [00:00<00:00, 51.03it/s, S=0.2245, loss=-0.1628]
Epoch 12/150 [train]:  69%|██████▉   | 18/26 [00:00<00:00, 50.97it/s, S=0.2245, loss=-0.1628]
Epoch 12/150 [train]:  69%|██████▉   | 18/26 [00:00<00:00, 50.97it/s, S=0.2273, loss=-0.1683]
Epoch 12/150 [train]:  69%|██████▉   | 18/26 [00:00<00:00, 50.97it/s, S=0.2212, loss=-0.1592]
Epoch 12/150 [train]:  69%|██████▉   | 18/26 [00:00<00:00, 50.97it/s, S=0.2174, loss=-0.1581]
Epoch 12/150 [train]:  69%|██████▉   | 18/26 [00:00<00:00, 50.97it/s, S=0.2200, loss=-0.1579]
Epoch 12/150 [train]:  69%|██████▉   | 18/26 [00:00<00:00, 50.97it/s, S=0.2302, loss=-0.1674]
Epoch 12/150 [train]:  69%|██████▉   | 18/26 [00:00<00:00, 50.97it/s, S=0.2223, loss=-0.1591]
Epoch 12/150 [train]:  92%|█████████▏| 24/26 [00:00<00:00, 50.94it/s, S=0.2223, loss=-0.1591]
Epoch 12/150 [train]:  92%|█████████▏| 24/26 [00:00<00:00, 50.94it/s, S=0.2344, loss=-0.1718]
Epoch 12/150 [train]:  92%|█████████▏| 24/26 [00:00<00:00, 50.94it/s, S=0.2252, loss=-0.1629]
                                                                                             
Epoch  12/150  train loss=-0.1563  val loss=-0.1876  S[mean]=0.2594  ζ=0.3726  mean_plane_ζ=0.2543  reg=0.0718  λscale=0.17  lr=4.88e-04

Epoch 13/150 [train]:   0%|          | 0/26 [00:00<?, ?it/s]
Epoch 13/150 [train]:   0%|          | 0/26 [00:00<?, ?it/s, S=0.2252, loss=-0.1618]
Epoch 13/150 [train]:   0%|          | 0/26 [00:00<?, ?it/s, S=0.2349, loss=-0.1681]
Epoch 13/150 [train]:   0%|          | 0/26 [00:00<?, ?it/s, S=0.2386, loss=-0.1732]
Epoch 13/150 [train]:   0%|          | 0/26 [00:00<?, ?it/s, S=0.2360, loss=-0.1705]
Epoch 13/150 [train]:   0%|          | 0/26 [00:00<?, ?it/s, S=0.2312, loss=-0.1633]
Epoch 13/150 [train]:   0%|          | 0/26 [00:00<?, ?it/s, S=0.2312, loss=-0.1630]
Epoch 13/150 [train]:  23%|██▎       | 6/26 [00:00<00:00, 51.14it/s, S=0.2312, loss=-0.1630]
Epoch 13/150 [train]:  23%|██▎       | 6/26 [00:00<00:00, 51.14it/s, S=0.2403, loss=-0.1739]
Epoch 13/150 [train]:  23%|██▎       | 6/26 [00:00<00:00, 51.14it/s, S=0.2484, loss=-0.1818]
Epoch 13/150 [train]:  23%|██▎       | 6/26 [00:00<00:00, 51.14it/s, S=0.2367, loss=-0.1694]
Epoch 13/150 [train]:  23%|██▎       | 6/26 [00:00<00:00, 51.14it/s, S=0.2374, loss=-0.1725]
Epoch 13/150 [train]:  23%|██▎       | 6/26 [00:00<00:00, 51.14it/s, S=0.2361, loss=-0.1703]
Epoch 13/150 [train]:  23%|██▎       | 6/26 [00:00<00:00, 51.14it/s, S=0.2486, loss=-0.1823]
Epoch 13/150 [train]:  46%|████▌     | 12/26 [00:00<00:00, 51.02it/s, S=0.2486, loss=-0.1823]
Epoch 13/150 [train]:  46%|████▌     | 12/26 [00:00<00:00, 51.02it/s, S=0.2449, loss=-0.1782]
Epoch 13/150 [train]:  46%|████▌     | 12/26 [00:00<00:00, 51.02it/s, S=0.2511, loss=-0.1836]
Epoch 13/150 [train]:  46%|████▌     | 12/26 [00:00<00:00, 51.02it/s, S=0.2473, loss=-0.1789]
Epoch 13/150 [train]:  46%|████▌     | 12/26 [00:00<00:00, 51.02it/s, S=0.2506, loss=-0.1836]
Epoch 13/150 [train]:  46%|████▌     | 12/26 [00:00<00:00, 51.02it/s, S=0.2518, loss=-0.1838]
Epoch 13/150 [train]:  46%|████▌     | 12/26 [00:00<00:00, 51.02it/s, S=0.2585, loss=-0.1902]
Epoch 13/150 [train]:  69%|██████▉   | 18/26 [00:00<00:00, 51.04it/s, S=0.2585, loss=-0.1902]
Epoch 13/150 [train]:  69%|██████▉   | 18/26 [00:00<00:00, 51.04it/s, S=0.2504, loss=-0.1805]
Epoch 13/150 [train]:  69%|██████▉   | 18/26 [00:00<00:00, 51.04it/s, S=0.2487, loss=-0.1803]
Epoch 13/150 [train]:  69%|██████▉   | 18/26 [00:00<00:00, 51.04it/s, S=0.2613, loss=-0.1917]
Epoch 13/150 [train]:  69%|██████▉   | 18/26 [00:00<00:00, 51.04it/s, S=0.2457, loss=-0.1777]
Epoch 13/150 [train]:  69%|██████▉   | 18/26 [00:00<00:00, 51.04it/s, S=0.2531, loss=-0.1845]
Epoch 13/150 [train]:  69%|██████▉   | 18/26 [00:00<00:00, 51.04it/s, S=0.2550, loss=-0.1826]
Epoch 13/150 [train]:  92%|█████████▏| 24/26 [00:00<00:00, 51.06it/s, S=0.2550, loss=-0.1826]
Epoch 13/150 [train]:  92%|█████████▏| 24/26 [00:00<00:00, 51.06it/s, S=0.2521, loss=-0.1818]
Epoch 13/150 [train]:  92%|█████████▏| 24/26 [00:00<00:00, 51.06it/s, S=0.2638, loss=-0.1933]
                                                                                             
Epoch  13/150  train loss=-0.1777  val loss=-0.2061  S[mean]=0.2872  ζ=0.3847  mean_plane_ζ=0.2677  reg=0.0810  λscale=0.17  lr=4.73e-04

Epoch 14/150 [train]:   0%|          | 0/26 [00:00<?, ?it/s]
Epoch 14/150 [train]:   0%|          | 0/26 [00:00<?, ?it/s, S=0.2636, loss=-0.1908]
Epoch 14/150 [train]:   0%|          | 0/26 [00:00<?, ?it/s, S=0.2698, loss=-0.1961]
Epoch 14/150 [train]:   0%|          | 0/26 [00:00<?, ?it/s, S=0.2588, loss=-0.1851]
Epoch 14/150 [train]:   0%|          | 0/26 [00:00<?, ?it/s, S=0.2669, loss=-0.1910]
Epoch 14/150 [train]:   0%|          | 0/26 [00:00<?, ?it/s, S=0.2595, loss=-0.1879]
Epoch 14/150 [train]:   0%|          | 0/26 [00:00<?, ?it/s, S=0.2670, loss=-0.1950]
Epoch 14/150 [train]:  23%|██▎       | 6/26 [00:00<00:00, 51.08it/s, S=0.2670, loss=-0.1950]
Epoch 14/150 [train]:  23%|██▎       | 6/26 [00:00<00:00, 51.08it/s, S=0.2671, loss=-0.1928]
Epoch 14/150 [train]:  23%|██▎       | 6/26 [00:00<00:00, 51.08it/s, S=0.2684, loss=-0.1897]
Epoch 14/150 [train]:  23%|██▎       | 6/26 [00:00<00:00, 51.08it/s, S=0.2655, loss=-0.1939]
Epoch 14/150 [train]:  23%|██▎       | 6/26 [00:00<00:00, 51.08it/s, S=0.2691, loss=-0.1962]
Epoch 14/150 [train]:  23%|██▎       | 6/26 [00:00<00:00, 51.08it/s, S=0.2677, loss=-0.1908]
Epoch 14/150 [train]:  23%|██▎       | 6/26 [00:00<00:00, 51.08it/s, S=0.2717, loss=-0.1989]
Epoch 14/150 [train]:  46%|████▌     | 12/26 [00:00<00:00, 50.90it/s, S=0.2717, loss=-0.1989]
Epoch 14/150 [train]:  46%|████▌     | 12/26 [00:00<00:00, 50.90it/s, S=0.2706, loss=-0.1914]
Epoch 14/150 [train]:  46%|████▌     | 12/26 [00:00<00:00, 50.90it/s, S=0.2746, loss=-0.1990]
Epoch 14/150 [train]:  46%|████▌     | 12/26 [00:00<00:00, 50.90it/s, S=0.2780, loss=-0.2017]
Epoch 14/150 [train]:  46%|████▌     | 12/26 [00:00<00:00, 50.90it/s, S=0.2704, loss=-0.1955]
Epoch 14/150 [train]:  46%|████▌     | 12/26 [00:00<00:00, 50.90it/s, S=0.2668, loss=-0.1923]
Epoch 14/150 [train]:  46%|████▌     | 12/26 [00:00<00:00, 50.90it/s, S=0.2761, loss=-0.2012]
Epoch 14/150 [train]:  69%|██████▉   | 18/26 [00:00<00:00, 50.89it/s, S=0.2761, loss=-0.2012]
Epoch 14/150 [train]:  69%|██████▉   | 18/26 [00:00<00:00, 50.89it/s, S=0.2780, loss=-0.2035]
Epoch 14/150 [train]:  69%|██████▉   | 18/26 [00:00<00:00, 50.89it/s, S=0.2758, loss=-0.1982]
Epoch 14/150 [train]:  69%|██████▉   | 18/26 [00:00<00:00, 50.89it/s, S=0.2715, loss=-0.1948]
Epoch 14/150 [train]:  69%|██████▉   | 18/26 [00:00<00:00, 50.89it/s, S=0.2737, loss=-0.1992]
Epoch 14/150 [train]:  69%|██████▉   | 18/26 [00:00<00:00, 50.89it/s, S=0.2696, loss=-0.1962]
Epoch 14/150 [train]:  69%|██████▉   | 18/26 [00:00<00:00, 50.89it/s, S=0.2790, loss=-0.2043]
Epoch 14/150 [train]:  92%|█████████▏| 24/26 [00:00<00:00, 50.91it/s, S=0.2790, loss=-0.2043]
Epoch 14/150 [train]:  92%|█████████▏| 24/26 [00:00<00:00, 50.91it/s, S=0.2800, loss=-0.2014]
Epoch 14/150 [train]:  92%|█████████▏| 24/26 [00:00<00:00, 50.91it/s, S=0.2784, loss=-0.2004]
                                                                                             
Epoch  14/150  train loss=-0.1957  val loss=-0.2230  S[mean]=0.3086  ζ=0.3949  mean_plane_ζ=0.2791  reg=0.0856  λscale=0.18  lr=4.52e-04

Epoch 15/150 [train]:   0%|          | 0/26 [00:00<?, ?it/s]
Epoch 15/150 [train]:   0%|          | 0/26 [00:00<?, ?it/s, S=0.2814, loss=-0.2015]
Epoch 15/150 [train]:   0%|          | 0/26 [00:00<?, ?it/s, S=0.2766, loss=-0.1947]
Epoch 15/150 [train]:   0%|          | 0/26 [00:00<?, ?it/s, S=0.2815, loss=-0.1999]
Epoch 15/150 [train]:   0%|          | 0/26 [00:00<?, ?it/s, S=0.2878, loss=-0.2084]
Epoch 15/150 [train]:   0%|          | 0/26 [00:00<?, ?it/s, S=0.2868, loss=-0.2077]
Epoch 15/150 [train]:   0%|          | 0/26 [00:00<?, ?it/s, S=0.2776, loss=-0.1994]
Epoch 15/150 [train]:  23%|██▎       | 6/26 [00:00<00:00, 50.20it/s, S=0.2776, loss=-0.1994]
Epoch 15/150 [train]:  23%|██▎       | 6/26 [00:00<00:00, 50.20it/s, S=0.2840, loss=-0.2074]
Epoch 15/150 [train]:  23%|██▎       | 6/26 [00:00<00:00, 50.20it/s, S=0.2945, loss=-0.2116]
Epoch 15/150 [train]:  23%|██▎       | 6/26 [00:00<00:00, 50.20it/s, S=0.2903, loss=-0.2068]
Epoch 15/150 [train]:  23%|██▎       | 6/26 [00:00<00:00, 50.20it/s, S=0.2899, loss=-0.2107]
Epoch 15/150 [train]:  23%|██▎       | 6/26 [00:00<00:00, 50.20it/s, S=0.2914, loss=-0.2100]
Epoch 15/150 [train]:  23%|██▎       | 6/26 [00:00<00:00, 50.20it/s, S=0.2821, loss=-0.2037]
Epoch 15/150 [train]:  46%|████▌     | 12/26 [00:00<00:00, 50.67it/s, S=0.2821, loss=-0.2037]
Epoch 15/150 [train]:  46%|████▌     | 12/26 [00:00<00:00, 50.67it/s, S=0.2875, loss=-0.2052]
Epoch 15/150 [train]:  46%|████▌     | 12/26 [00:00<00:00, 50.67it/s, S=0.2863, loss=-0.2060]
Epoch 15/150 [train]:  46%|████▌     | 12/26 [00:00<00:00, 50.67it/s, S=0.2836, loss=-0.2021]
Epoch 15/150 [train]:  46%|████▌     | 12/26 [00:00<00:00, 50.67it/s, S=0.2875, loss=-0.2038]
Epoch 15/150 [train]:  46%|████▌     | 12/26 [00:00<00:00, 50.67it/s, S=0.2889, loss=-0.2093]
Epoch 15/150 [train]:  46%|████▌     | 12/26 [00:00<00:00, 50.67it/s, S=0.2939, loss=-0.2144]
Epoch 15/150 [train]:  69%|██████▉   | 18/26 [00:00<00:00, 50.80it/s, S=0.2939, loss=-0.2144]
Epoch 15/150 [train]:  69%|██████▉   | 18/26 [00:00<00:00, 50.80it/s, S=0.2905, loss=-0.2073]
Epoch 15/150 [train]:  69%|██████▉   | 18/26 [00:00<00:00, 50.80it/s, S=0.2919, loss=-0.2119]
Epoch 15/150 [train]:  69%|██████▉   | 18/26 [00:00<00:00, 50.80it/s, S=0.2917, loss=-0.2098]
Epoch 15/150 [train]:  69%|██████▉   | 18/26 [00:00<00:00, 50.80it/s, S=0.2933, loss=-0.2131]
Epoch 15/150 [train]:  69%|██████▉   | 18/26 [00:00<00:00, 50.80it/s, S=0.2983, loss=-0.2161]
Epoch 15/150 [train]:  69%|██████▉   | 18/26 [00:00<00:00, 50.80it/s, S=0.3014, loss=-0.2179]
Epoch 15/150 [train]:  92%|█████████▏| 24/26 [00:00<00:00, 50.88it/s, S=0.3014, loss=-0.2179]
Epoch 15/150 [train]:  92%|█████████▏| 24/26 [00:00<00:00, 50.88it/s, S=0.2881, loss=-0.2067]
Epoch 15/150 [train]:  92%|█████████▏| 24/26 [00:00<00:00, 50.88it/s, S=0.2931, loss=-0.2138]
                                                                                             
Epoch  15/150  train loss=-0.2077  val loss=-0.2329  S[mean]=0.3228  ζ=0.4017  mean_plane_ζ=0.2871  reg=0.0899  λscale=0.18  lr=4.27e-04

Epoch 16/150 [train]:   0%|          | 0/26 [00:00<?, ?it/s]
Epoch 16/150 [train]:   0%|          | 0/26 [00:00<?, ?it/s, S=0.2910, loss=-0.2095]
Epoch 16/150 [train]:   0%|          | 0/26 [00:00<?, ?it/s, S=0.3000, loss=-0.2177]
Epoch 16/150 [train]:   0%|          | 0/26 [00:00<?, ?it/s, S=0.3043, loss=-0.2205]
Epoch 16/150 [train]:   0%|          | 0/26 [00:00<?, ?it/s, S=0.2961, loss=-0.2099]
Epoch 16/150 [train]:   0%|          | 0/26 [00:00<?, ?it/s, S=0.3010, loss=-0.2177]
Epoch 16/150 [train]:   0%|          | 0/26 [00:00<?, ?it/s, S=0.2975, loss=-0.2165]
Epoch 16/150 [train]:  23%|██▎       | 6/26 [00:00<00:00, 50.92it/s, S=0.2975, loss=-0.2165]
Epoch 16/150 [train]:  23%|██▎       | 6/26 [00:00<00:00, 50.92it/s, S=0.2889, loss=-0.2038]
Epoch 16/150 [train]:  23%|██▎       | 6/26 [00:00<00:00, 50.92it/s, S=0.3002, loss=-0.2145]
Epoch 16/150 [train]:  23%|██▎       | 6/26 [00:00<00:00, 50.92it/s, S=0.2968, loss=-0.2129]
Epoch 16/150 [train]:  23%|██▎       | 6/26 [00:00<00:00, 50.92it/s, S=0.3062, loss=-0.2214]
Epoch 16/150 [train]:  23%|██▎       | 6/26 [00:00<00:00, 50.92it/s, S=0.3025, loss=-0.2208]
Epoch 16/150 [train]:  23%|██▎       | 6/26 [00:00<00:00, 50.92it/s, S=0.3066, loss=-0.2237]
Epoch 16/150 [train]:  46%|████▌     | 12/26 [00:00<00:00, 50.97it/s, S=0.3066, loss=-0.2237]
Epoch 16/150 [train]:  46%|████▌     | 12/26 [00:00<00:00, 50.97it/s, S=0.3010, loss=-0.2184]
Epoch 16/150 [train]:  46%|████▌     | 12/26 [00:00<00:00, 50.97it/s, S=0.3002, loss=-0.2177]
Epoch 16/150 [train]:  46%|████▌     | 12/26 [00:00<00:00, 50.97it/s, S=0.3113, loss=-0.2280]
Epoch 16/150 [train]:  46%|████▌     | 12/26 [00:00<00:00, 50.97it/s, S=0.2938, loss=-0.2095]
Epoch 16/150 [train]:  46%|████▌     | 12/26 [00:00<00:00, 50.97it/s, S=0.3101, loss=-0.2270]
Epoch 16/150 [train]:  46%|████▌     | 12/26 [00:00<00:00, 50.97it/s, S=0.3067, loss=-0.2234]
Epoch 16/150 [train]:  69%|██████▉   | 18/26 [00:00<00:00, 50.98it/s, S=0.3067, loss=-0.2234]
Epoch 16/150 [train]:  69%|██████▉   | 18/26 [00:00<00:00, 50.98it/s, S=0.3060, loss=-0.2211]
Epoch 16/150 [train]:  69%|██████▉   | 18/26 [00:00<00:00, 50.98it/s, S=0.3105, loss=-0.2237]
Epoch 16/150 [train]:  69%|██████▉   | 18/26 [00:00<00:00, 50.98it/s, S=0.3065, loss=-0.2215]
Epoch 16/150 [train]:  69%|██████▉   | 18/26 [00:00<00:00, 50.98it/s, S=0.3027, loss=-0.2127]
Epoch 16/150 [train]:  69%|██████▉   | 18/26 [00:00<00:00, 50.98it/s, S=0.3063, loss=-0.2244]
Epoch 16/150 [train]:  69%|██████▉   | 18/26 [00:00<00:00, 50.98it/s, S=0.2982, loss=-0.2154]
Epoch 16/150 [train]:  92%|█████████▏| 24/26 [00:00<00:00, 50.97it/s, S=0.2982, loss=-0.2154]
Epoch 16/150 [train]:  92%|█████████▏| 24/26 [00:00<00:00, 50.97it/s, S=0.2984, loss=-0.2072]
Epoch 16/150 [train]:  92%|█████████▏| 24/26 [00:00<00:00, 50.97it/s, S=0.3054, loss=-0.2195]
                                                                                             
Epoch  16/150  train loss=-0.2176  val loss=-0.2417  S[mean]=0.3345  ζ=0.4078  mean_plane_ζ=0.2942  reg=0.0928  λscale=0.19  lr=3.97e-04

Epoch 17/150 [train]:   0%|          | 0/26 [00:00<?, ?it/s]
Epoch 17/150 [train]:   0%|          | 0/26 [00:00<?, ?it/s, S=0.3016, loss=-0.2135]
Epoch 17/150 [train]:   0%|          | 0/26 [00:00<?, ?it/s, S=0.3121, loss=-0.2224]
Epoch 17/150 [train]:   0%|          | 0/26 [00:00<?, ?it/s, S=0.3094, loss=-0.2236]
Epoch 17/150 [train]:   0%|          | 0/26 [00:00<?, ?it/s, S=0.3093, loss=-0.2228]
Epoch 17/150 [train]:   0%|          | 0/26 [00:00<?, ?it/s, S=0.3076, loss=-0.2195]
Epoch 17/150 [train]:   0%|          | 0/26 [00:00<?, ?it/s, S=0.3170, loss=-0.2285]
Epoch 17/150 [train]:  23%|██▎       | 6/26 [00:00<00:00, 51.12it/s, S=0.3170, loss=-0.2285]
Epoch 17/150 [train]:  23%|██▎       | 6/26 [00:00<00:00, 51.12it/s, S=0.3048, loss=-0.2106]
Epoch 17/150 [train]:  23%|██▎       | 6/26 [00:00<00:00, 51.12it/s, S=0.3174, loss=-0.2273]
Epoch 17/150 [train]:  23%|██▎       | 6/26 [00:00<00:00, 51.12it/s, S=0.3098, loss=-0.2239]
Epoch 17/150 [train]:  23%|██▎       | 6/26 [00:00<00:00, 51.12it/s, S=0.3065, loss=-0.2096]
Epoch 17/150 [train]:  23%|██▎       | 6/26 [00:00<00:00, 51.12it/s, S=0.3133, loss=-0.2210]
Epoch 17/150 [train]:  23%|██▎       | 6/26 [00:00<00:00, 51.12it/s, S=0.3140, loss=-0.2284]
Epoch 17/150 [train]:  46%|████▌     | 12/26 [00:00<00:00, 51.02it/s, S=0.3140, loss=-0.2284]
Epoch 17/150 [train]:  46%|████▌     | 12/26 [00:00<00:00, 51.02it/s, S=0.3128, loss=-0.2211]
Epoch 17/150 [train]:  46%|████▌     | 12/26 [00:00<00:00, 51.02it/s, S=0.2993, loss=-0.2110]
Epoch 17/150 [train]:  46%|████▌     | 12/26 [00:00<00:00, 51.02it/s, S=0.3144, loss=-0.2277]
Epoch 17/150 [train]:  46%|████▌     | 12/26 [00:00<00:00, 51.02it/s, S=0.3126, loss=-0.2239]
Epoch 17/150 [train]:  46%|████▌     | 12/26 [00:00<00:00, 51.02it/s, S=0.3064, loss=-0.2168]
Epoch 17/150 [train]:  46%|████▌     | 12/26 [00:00<00:00, 51.02it/s, S=0.3232, loss=-0.2348]
Epoch 17/150 [train]:  69%|██████▉   | 18/26 [00:00<00:00, 51.01it/s, S=0.3232, loss=-0.2348]
Epoch 17/150 [train]:  69%|██████▉   | 18/26 [00:00<00:00, 51.01it/s, S=0.3186, loss=-0.2289]
Epoch 17/150 [train]:  69%|██████▉   | 18/26 [00:00<00:00, 51.01it/s, S=0.3123, loss=-0.2240]
Epoch 17/150 [train]:  69%|██████▉   | 18/26 [00:00<00:00, 51.01it/s, S=0.3161, loss=-0.2312]
Epoch 17/150 [train]:  69%|██████▉   | 18/26 [00:00<00:00, 51.01it/s, S=0.3140, loss=-0.2236]
Epoch 17/150 [train]:  69%|██████▉   | 18/26 [00:00<00:00, 51.01it/s, S=0.3049, loss=-0.2193]
Epoch 17/150 [train]:  69%|██████▉   | 18/26 [00:00<00:00, 51.01it/s, S=0.3171, loss=-0.2297]
Epoch 17/150 [train]:  92%|█████████▏| 24/26 [00:00<00:00, 51.00it/s, S=0.3171, loss=-0.2297]
Epoch 17/150 [train]:  92%|█████████▏| 24/26 [00:00<00:00, 51.00it/s, S=0.3051, loss=-0.2139]
Epoch 17/150 [train]:  92%|█████████▏| 24/26 [00:00<00:00, 51.00it/s, S=0.3120, loss=-0.2258]
                                                                                             
Epoch  17/150  train loss=-0.2224  val loss=-0.2488  S[mean]=0.3439  ζ=0.4120  mean_plane_ζ=0.2987  reg=0.0951  λscale=0.20  lr=3.63e-04

Epoch 18/150 [train]:   0%|          | 0/26 [00:00<?, ?it/s]
Epoch 18/150 [train]:   0%|          | 0/26 [00:00<?, ?it/s, S=0.3167, loss=-0.2249]
Epoch 18/150 [train]:   0%|          | 0/26 [00:00<?, ?it/s, S=0.3187, loss=-0.2238]
Epoch 18/150 [train]:   0%|          | 0/26 [00:00<?, ?it/s, S=0.3199, loss=-0.2288]
Epoch 18/150 [train]:   0%|          | 0/26 [00:00<?, ?it/s, S=0.3212, loss=-0.2309]
Epoch 18/150 [train]:   0%|          | 0/26 [00:00<?, ?it/s, S=0.3204, loss=-0.2308]
Epoch 18/150 [train]:   0%|          | 0/26 [00:00<?, ?it/s, S=0.3179, loss=-0.2281]
Epoch 18/150 [train]:  23%|██▎       | 6/26 [00:00<00:00, 51.03it/s, S=0.3179, loss=-0.2281]
Epoch 18/150 [train]:  23%|██▎       | 6/26 [00:00<00:00, 51.03it/s, S=0.3138, loss=-0.2238]
Epoch 18/150 [train]:  23%|██▎       | 6/26 [00:00<00:00, 51.03it/s, S=0.3188, loss=-0.2303]
Epoch 18/150 [train]:  23%|██▎       | 6/26 [00:00<00:00, 51.03it/s, S=0.3210, loss=-0.2307]
Epoch 18/150 [train]:  23%|██▎       | 6/26 [00:00<00:00, 51.03it/s, S=0.3203, loss=-0.2305]
Epoch 18/150 [train]:  23%|██▎       | 6/26 [00:00<00:00, 51.03it/s, S=0.3094, loss=-0.2240]
Epoch 18/150 [train]:  23%|██▎       | 6/26 [00:00<00:00, 51.03it/s, S=0.3199, loss=-0.2310]
Epoch 18/150 [train]:  46%|████▌     | 12/26 [00:00<00:00, 50.97it/s, S=0.3199, loss=-0.2310]
Epoch 18/150 [train]:  46%|████▌     | 12/26 [00:00<00:00, 50.97it/s, S=0.3148, loss=-0.2290]
Epoch 18/150 [train]:  46%|████▌     | 12/26 [00:00<00:00, 50.97it/s, S=0.3239, loss=-0.2319]
Epoch 18/150 [train]:  46%|████▌     | 12/26 [00:00<00:00, 50.97it/s, S=0.3257, loss=-0.2338]
Epoch 18/150 [train]:  46%|████▌     | 12/26 [00:00<00:00, 50.97it/s, S=0.3295, loss=-0.2339]
Epoch 18/150 [train]:  46%|████▌     | 12/26 [00:00<00:00, 50.97it/s, S=0.3221, loss=-0.2335]
Epoch 18/150 [train]:  46%|████▌     | 12/26 [00:00<00:00, 50.97it/s, S=0.3306, loss=-0.2413]
Epoch 18/150 [train]:  69%|██████▉   | 18/26 [00:00<00:00, 50.95it/s, S=0.3306, loss=-0.2413]
Epoch 18/150 [train]:  69%|██████▉   | 18/26 [00:00<00:00, 50.95it/s, S=0.3154, loss=-0.2240]
Epoch 18/150 [train]:  69%|██████▉   | 18/26 [00:00<00:00, 50.95it/s, S=0.3204, loss=-0.2293]
Epoch 18/150 [train]:  69%|██████▉   | 18/26 [00:00<00:00, 50.95it/s, S=0.3365, loss=-0.2478]
Epoch 18/150 [train]:  69%|██████▉   | 18/26 [00:00<00:00, 50.95it/s, S=0.3231, loss=-0.2331]
Epoch 18/150 [train]:  69%|██████▉   | 18/26 [00:00<00:00, 50.95it/s, S=0.3288, loss=-0.2395]
Epoch 18/150 [train]:  69%|██████▉   | 18/26 [00:00<00:00, 50.95it/s, S=0.3299, loss=-0.2412]
Epoch 18/150 [train]:  92%|█████████▏| 24/26 [00:00<00:00, 50.86it/s, S=0.3299, loss=-0.2412]
Epoch 18/150 [train]:  92%|█████████▏| 24/26 [00:00<00:00, 50.86it/s, S=0.3206, loss=-0.2315]
Epoch 18/150 [train]:  92%|█████████▏| 24/26 [00:00<00:00, 50.86it/s, S=0.3233, loss=-0.2345]
                                                                                             
Epoch  18/150  train loss=-0.2316  val loss=-0.2533  S[mean]=0.3509  ζ=0.4147  mean_plane_ζ=0.3016  reg=0.0976  λscale=0.20  lr=3.27e-04
Saved val-mean plane ζ checkpoint val_mean_plane_zeta_0.3.pt: threshold=0.3 epoch=18 val_mean_plane_zeta=0.3016

Epoch 19/150 [train]:   0%|          | 0/26 [00:00<?, ?it/s]
Epoch 19/150 [train]:   0%|          | 0/26 [00:00<?, ?it/s, S=0.3273, loss=-0.2347]
Epoch 19/150 [train]:   0%|          | 0/26 [00:00<?, ?it/s, S=0.3299, loss=-0.2362]
Epoch 19/150 [train]:   0%|          | 0/26 [00:00<?, ?it/s, S=0.3207, loss=-0.2257]
Epoch 19/150 [train]:   0%|          | 0/26 [00:00<?, ?it/s, S=0.3301, loss=-0.2378]
Epoch 19/150 [train]:   0%|          | 0/26 [00:00<?, ?it/s, S=0.3345, loss=-0.2413]
Epoch 19/150 [train]:   0%|          | 0/26 [00:00<?, ?it/s, S=0.3333, loss=-0.2410]
Epoch 19/150 [train]:  23%|██▎       | 6/26 [00:00<00:00, 51.00it/s, S=0.3333, loss=-0.2410]
Epoch 19/150 [train]:  23%|██▎       | 6/26 [00:00<00:00, 51.00it/s, S=0.3254, loss=-0.2330]
Epoch 19/150 [train]:  23%|██▎       | 6/26 [00:00<00:00, 51.00it/s, S=0.3211, loss=-0.2214]
Epoch 19/150 [train]:  23%|██▎       | 6/26 [00:00<00:00, 51.00it/s, S=0.3249, loss=-0.2278]
Epoch 19/150 [train]:  23%|██▎       | 6/26 [00:00<00:00, 51.00it/s, S=0.3188, loss=-0.2262]
Epoch 19/150 [train]:  23%|██▎       | 6/26 [00:00<00:00, 51.00it/s, S=0.3296, loss=-0.2376]
Epoch 19/150 [train]:  23%|██▎       | 6/26 [00:00<00:00, 51.00it/s, S=0.3294, loss=-0.2356]
Epoch 19/150 [train]:  46%|████▌     | 12/26 [00:00<00:00, 50.91it/s, S=0.3294, loss=-0.2356]
Epoch 19/150 [train]:  46%|████▌     | 12/26 [00:00<00:00, 50.91it/s, S=0.3307, loss=-0.2389]
Epoch 19/150 [train]:  46%|████▌     | 12/26 [00:00<00:00, 50.91it/s, S=0.3338, loss=-0.2415]
Epoch 19/150 [train]:  46%|████▌     | 12/26 [00:00<00:00, 50.91it/s, S=0.3293, loss=-0.2393]
Epoch 19/150 [train]:  46%|████▌     | 12/26 [00:00<00:00, 50.91it/s, S=0.3169, loss=-0.2208]
Epoch 19/150 [train]:  46%|████▌     | 12/26 [00:00<00:00, 50.91it/s, S=0.3251, loss=-0.2344]
Epoch 19/150 [train]:  46%|████▌     | 12/26 [00:00<00:00, 50.91it/s, S=0.3291, loss=-0.2316]
Epoch 19/150 [train]:  69%|██████▉   | 18/26 [00:00<00:00, 50.94it/s, S=0.3291, loss=-0.2316]
Epoch 19/150 [train]:  69%|██████▉   | 18/26 [00:00<00:00, 50.94it/s, S=0.3280, loss=-0.2333]
Epoch 19/150 [train]:  69%|██████▉   | 18/26 [00:00<00:00, 50.94it/s, S=0.3368, loss=-0.2458]
Epoch 19/150 [train]:  69%|██████▉   | 18/26 [00:00<00:00, 50.94it/s, S=0.3289, loss=-0.2367]
Epoch 19/150 [train]:  69%|██████▉   | 18/26 [00:00<00:00, 50.94it/s, S=0.3297, loss=-0.2382]
Epoch 19/150 [train]:  69%|██████▉   | 18/26 [00:00<00:00, 50.94it/s, S=0.3291, loss=-0.2357]
Epoch 19/150 [train]:  69%|██████▉   | 18/26 [00:00<00:00, 50.94it/s, S=0.3360, loss=-0.2424]
Epoch 19/150 [train]:  92%|█████████▏| 24/26 [00:00<00:00, 50.86it/s, S=0.3360, loss=-0.2424]
Epoch 19/150 [train]:  92%|█████████▏| 24/26 [00:00<00:00, 50.86it/s, S=0.3303, loss=-0.2378]
Epoch 19/150 [train]:  92%|█████████▏| 24/26 [00:00<00:00, 50.86it/s, S=0.3305, loss=-0.2405]
                                                                                             
Epoch  19/150  train loss=-0.2352  val loss=-0.2566  S[mean]=0.3565  ζ=0.4173  mean_plane_ζ=0.3044  reg=0.0999  λscale=0.21  lr=2.89e-04

Epoch 20/150 [train]:   0%|          | 0/26 [00:00<?, ?it/s]
Epoch 20/150 [train]:   0%|          | 0/26 [00:00<?, ?it/s, S=0.3373, loss=-0.2437]
Epoch 20/150 [train]:   0%|          | 0/26 [00:00<?, ?it/s, S=0.3453, loss=-0.2516]
Epoch 20/150 [train]:   0%|          | 0/26 [00:00<?, ?it/s, S=0.3306, loss=-0.2356]
Epoch 20/150 [train]:   0%|          | 0/26 [00:00<?, ?it/s, S=0.3311, loss=-0.2347]
Epoch 20/150 [train]:   0%|          | 0/26 [00:00<?, ?it/s, S=0.3271, loss=-0.2317]
Epoch 20/150 [train]:   0%|          | 0/26 [00:00<?, ?it/s, S=0.3384, loss=-0.2432]
Epoch 20/150 [train]:  23%|██▎       | 6/26 [00:00<00:00, 51.00it/s, S=0.3384, loss=-0.2432]
Epoch 20/150 [train]:  23%|██▎       | 6/26 [00:00<00:00, 51.00it/s, S=0.3318, loss=-0.2350]
Epoch 20/150 [train]:  23%|██▎       | 6/26 [00:00<00:00, 51.00it/s, S=0.3395, loss=-0.2404]
Epoch 20/150 [train]:  23%|██▎       | 6/26 [00:00<00:00, 51.00it/s, S=0.3369, loss=-0.2432]
Epoch 20/150 [train]:  23%|██▎       | 6/26 [00:00<00:00, 51.00it/s, S=0.3297, loss=-0.2332]
Epoch 20/150 [train]:  23%|██▎       | 6/26 [00:00<00:00, 51.00it/s, S=0.3313, loss=-0.2324]
Epoch 20/150 [train]:  23%|██▎       | 6/26 [00:00<00:00, 51.00it/s, S=0.3286, loss=-0.2246]
Epoch 20/150 [train]:  46%|████▌     | 12/26 [00:00<00:00, 50.96it/s, S=0.3286, loss=-0.2246]
Epoch 20/150 [train]:  46%|████▌     | 12/26 [00:00<00:00, 50.96it/s, S=0.3336, loss=-0.2374]
Epoch 20/150 [train]:  46%|████▌     | 12/26 [00:00<00:00, 50.96it/s, S=0.3277, loss=-0.2351]
Epoch 20/150 [train]:  46%|████▌     | 12/26 [00:00<00:00, 50.96it/s, S=0.3352, loss=-0.2441]
Epoch 20/150 [train]:  46%|████▌     | 12/26 [00:00<00:00, 50.96it/s, S=0.3365, loss=-0.2434]
Epoch 20/150 [train]:  46%|████▌     | 12/26 [00:00<00:00, 50.96it/s, S=0.3392, loss=-0.2409]
Epoch 20/150 [train]:  46%|████▌     | 12/26 [00:00<00:00, 50.96it/s, S=0.3396, loss=-0.2461]
Epoch 20/150 [train]:  69%|██████▉   | 18/26 [00:00<00:00, 50.93it/s, S=0.3396, loss=-0.2461]
Epoch 20/150 [train]:  69%|██████▉   | 18/26 [00:00<00:00, 50.93it/s, S=0.3207, loss=-0.2249]
Epoch 20/150 [train]:  69%|██████▉   | 18/26 [00:00<00:00, 50.93it/s, S=0.3282, loss=-0.2284]
Epoch 20/150 [train]:  69%|██████▉   | 18/26 [00:00<00:00, 50.93it/s, S=0.3361, loss=-0.2441]
Epoch 20/150 [train]:  69%|██████▉   | 18/26 [00:00<00:00, 50.93it/s, S=0.3453, loss=-0.2519]
Epoch 20/150 [train]:  69%|██████▉   | 18/26 [00:00<00:00, 50.93it/s, S=0.3351, loss=-0.2398]
Epoch 20/150 [train]:  69%|██████▉   | 18/26 [00:00<00:00, 50.93it/s, S=0.3365, loss=-0.2430]
Epoch 20/150 [train]:  92%|█████████▏| 24/26 [00:00<00:00, 50.88it/s, S=0.3365, loss=-0.2430]
Epoch 20/150 [train]:  92%|█████████▏| 24/26 [00:00<00:00, 50.88it/s, S=0.3399, loss=-0.2462]
Epoch 20/150 [train]:  92%|█████████▏| 24/26 [00:00<00:00, 50.88it/s, S=0.3287, loss=-0.2368]
                                                                                             
Epoch  20/150  train loss=-0.2389  val loss=-0.2596  S[mean]=0.3620  ζ=0.4202  mean_plane_ζ=0.3074  reg=0.1024  λscale=0.21  lr=2.50e-04

Epoch 21/150 [train]:   0%|          | 0/26 [00:00<?, ?it/s]
Epoch 21/150 [train]:   0%|          | 0/26 [00:00<?, ?it/s, S=0.3451, loss=-0.2459]
Epoch 21/150 [train]:   0%|          | 0/26 [00:00<?, ?it/s, S=0.3456, loss=-0.2470]
Epoch 21/150 [train]:   0%|          | 0/26 [00:00<?, ?it/s, S=0.3407, loss=-0.2400]
Epoch 21/150 [train]:   0%|          | 0/26 [00:00<?, ?it/s, S=0.3336, loss=-0.2372]
Epoch 21/150 [train]:   0%|          | 0/26 [00:00<?, ?it/s, S=0.3434, loss=-0.2471]
Epoch 21/150 [train]:   0%|          | 0/26 [00:00<?, ?it/s, S=0.3400, loss=-0.2429]
Epoch 21/150 [train]:  23%|██▎       | 6/26 [00:00<00:00, 51.01it/s, S=0.3400, loss=-0.2429]
Epoch 21/150 [train]:  23%|██▎       | 6/26 [00:00<00:00, 51.01it/s, S=0.3332, loss=-0.2330]
Epoch 21/150 [train]:  23%|██▎       | 6/26 [00:00<00:00, 51.01it/s, S=0.3385, loss=-0.2442]
Epoch 21/150 [train]:  23%|██▎       | 6/26 [00:00<00:00, 51.01it/s, S=0.3294, loss=-0.2283]
Epoch 21/150 [train]:  23%|██▎       | 6/26 [00:00<00:00, 51.01it/s, S=0.3371, loss=-0.2340]
Epoch 21/150 [train]:  23%|██▎       | 6/26 [00:00<00:00, 51.01it/s, S=0.3372, loss=-0.2427]
Epoch 21/150 [train]:  23%|██▎       | 6/26 [00:00<00:00, 51.01it/s, S=0.3277, loss=-0.2230]
Epoch 21/150 [train]:  46%|████▌     | 12/26 [00:00<00:00, 50.93it/s, S=0.3277, loss=-0.2230]
Epoch 21/150 [train]:  46%|████▌     | 12/26 [00:00<00:00, 50.93it/s, S=0.3383, loss=-0.2427]
Epoch 21/150 [train]:  46%|████▌     | 12/26 [00:00<00:00, 50.93it/s, S=0.3392, loss=-0.2391]
Epoch 21/150 [train]:  46%|████▌     | 12/26 [00:00<00:00, 50.93it/s, S=0.3406, loss=-0.2442]
Epoch 21/150 [train]:  46%|████▌     | 12/26 [00:00<00:00, 50.93it/s, S=0.3372, loss=-0.2417]
Epoch 21/150 [train]:  46%|████▌     | 12/26 [00:00<00:00, 50.93it/s, S=0.3488, loss=-0.2537]
Epoch 21/150 [train]:  46%|████▌     | 12/26 [00:00<00:00, 50.93it/s, S=0.3484, loss=-0.2520]
Epoch 21/150 [train]:  69%|██████▉   | 18/26 [00:00<00:00, 50.85it/s, S=0.3484, loss=-0.2520]
Epoch 21/150 [train]:  69%|██████▉   | 18/26 [00:00<00:00, 50.85it/s, S=0.3380, loss=-0.2433]
Epoch 21/150 [train]:  69%|██████▉   | 18/26 [00:00<00:00, 50.85it/s, S=0.3412, loss=-0.2387]
Epoch 21/150 [train]:  69%|██████▉   | 18/26 [00:00<00:00, 50.85it/s, S=0.3369, loss=-0.2428]
Epoch 21/150 [train]:  69%|██████▉   | 18/26 [00:00<00:00, 50.85it/s, S=0.3390, loss=-0.2363]
Epoch 21/150 [train]:  69%|██████▉   | 18/26 [00:00<00:00, 50.85it/s, S=0.3289, loss=-0.2313]
Epoch 21/150 [train]:  69%|██████▉   | 18/26 [00:00<00:00, 50.85it/s, S=0.3448, loss=-0.2441]
Epoch 21/150 [train]:  92%|█████████▏| 24/26 [00:00<00:00, 50.87it/s, S=0.3448, loss=-0.2441]
Epoch 21/150 [train]:  92%|█████████▏| 24/26 [00:00<00:00, 50.87it/s, S=0.3283, loss=-0.2286]
Epoch 21/150 [train]:  92%|█████████▏| 24/26 [00:00<00:00, 50.87it/s, S=0.3407, loss=-0.2437]
                                                                                             
Epoch  21/150  train loss=-0.2403  val loss=-0.2609  S[mean]=0.3649  ζ=0.4217  mean_plane_ζ=0.3092  reg=0.1041  λscale=0.22  lr=2.11e-04

Epoch 22/150 [train]:   0%|          | 0/26 [00:00<?, ?it/s]
Epoch 22/150 [train]:   0%|          | 0/26 [00:00<?, ?it/s, S=0.3360, loss=-0.2339]
Epoch 22/150 [train]:   0%|          | 0/26 [00:00<?, ?it/s, S=0.3431, loss=-0.2387]
Epoch 22/150 [train]:   0%|          | 0/26 [00:00<?, ?it/s, S=0.3411, loss=-0.2452]
Epoch 22/150 [train]:   0%|          | 0/26 [00:00<?, ?it/s, S=0.3398, loss=-0.2305]
Epoch 22/150 [train]:   0%|          | 0/26 [00:00<?, ?it/s, S=0.3414, loss=-0.2415]
Epoch 22/150 [train]:   0%|          | 0/26 [00:00<?, ?it/s, S=0.3368, loss=-0.2388]
Epoch 22/150 [train]:  23%|██▎       | 6/26 [00:00<00:00, 51.00it/s, S=0.3368, loss=-0.2388]
Epoch 22/150 [train]:  23%|██▎       | 6/26 [00:00<00:00, 51.00it/s, S=0.3370, loss=-0.2378]
Epoch 22/150 [train]:  23%|██▎       | 6/26 [00:00<00:00, 51.00it/s, S=0.3473, loss=-0.2484]
Epoch 22/150 [train]:  23%|██▎       | 6/26 [00:00<00:00, 51.00it/s, S=0.3489, loss=-0.2509]
Epoch 22/150 [train]:  23%|██▎       | 6/26 [00:00<00:00, 51.00it/s, S=0.3411, loss=-0.2432]
Epoch 22/150 [train]:  23%|██▎       | 6/26 [00:00<00:00, 51.00it/s, S=0.3460, loss=-0.2441]
Epoch 22/150 [train]:  23%|██▎       | 6/26 [00:00<00:00, 51.00it/s, S=0.3460, loss=-0.2445]
Epoch 22/150 [train]:  46%|████▌     | 12/26 [00:00<00:00, 50.96it/s, S=0.3460, loss=-0.2445]
Epoch 22/150 [train]:  46%|████▌     | 12/26 [00:00<00:00, 50.96it/s, S=0.3447, loss=-0.2442]
Epoch 22/150 [train]:  46%|████▌     | 12/26 [00:00<00:00, 50.96it/s, S=0.3414, loss=-0.2400]
Epoch 22/150 [train]:  46%|████▌     | 12/26 [00:00<00:00, 50.96it/s, S=0.3441, loss=-0.2445]
Epoch 22/150 [train]:  46%|████▌     | 12/26 [00:00<00:00, 50.96it/s, S=0.3352, loss=-0.2351]
Epoch 22/150 [train]:  46%|████▌     | 12/26 [00:00<00:00, 50.96it/s, S=0.3423, loss=-0.2403]
Epoch 22/150 [train]:  46%|████▌     | 12/26 [00:00<00:00, 50.96it/s, S=0.3340, loss=-0.2337]
Epoch 22/150 [train]:  69%|██████▉   | 18/26 [00:00<00:00, 50.91it/s, S=0.3340, loss=-0.2337]
Epoch 22/150 [train]:  69%|██████▉   | 18/26 [00:00<00:00, 50.91it/s, S=0.3458, loss=-0.2461]
Epoch 22/150 [train]:  69%|██████▉   | 18/26 [00:00<00:00, 50.91it/s, S=0.3444, loss=-0.2400]
Epoch 22/150 [train]:  69%|██████▉   | 18/26 [00:00<00:00, 50.91it/s, S=0.3441, loss=-0.2458]
Epoch 22/150 [train]:  69%|██████▉   | 18/26 [00:00<00:00, 50.91it/s, S=0.3427, loss=-0.2364]
Epoch 22/150 [train]:  69%|██████▉   | 18/26 [00:00<00:00, 50.91it/s, S=0.3400, loss=-0.2389]
Epoch 22/150 [train]:  69%|██████▉   | 18/26 [00:00<00:00, 50.91it/s, S=0.3448, loss=-0.2432]
Epoch 22/150 [train]:  92%|█████████▏| 24/26 [00:00<00:00, 50.93it/s, S=0.3448, loss=-0.2432]
Epoch 22/150 [train]:  92%|█████████▏| 24/26 [00:00<00:00, 50.93it/s, S=0.3428, loss=-0.2468]
Epoch 22/150 [train]:  92%|█████████▏| 24/26 [00:00<00:00, 50.93it/s, S=0.3359, loss=-0.2337]
                                                                                             
Epoch  22/150  train loss=-0.2410  val loss=-0.2619  S[mean]=0.3680  ζ=0.4236  mean_plane_ζ=0.3110  reg=0.1062  λscale=0.23  lr=1.73e-04

Epoch 23/150 [train]:   0%|          | 0/26 [00:00<?, ?it/s]
Epoch 23/150 [train]:   0%|          | 0/26 [00:00<?, ?it/s, S=0.3533, loss=-0.2484]
Epoch 23/150 [train]:   0%|          | 0/26 [00:00<?, ?it/s, S=0.3473, loss=-0.2482]
Epoch 23/150 [train]:   0%|          | 0/26 [00:00<?, ?it/s, S=0.3431, loss=-0.2352]
Epoch 23/150 [train]:   0%|          | 0/26 [00:00<?, ?it/s, S=0.3338, loss=-0.2315]
Epoch 23/150 [train]:   0%|          | 0/26 [00:00<?, ?it/s, S=0.3487, loss=-0.2476]
Epoch 23/150 [train]:   0%|          | 0/26 [00:00<?, ?it/s, S=0.3488, loss=-0.2432]
Epoch 23/150 [train]:  23%|██▎       | 6/26 [00:00<00:00, 51.03it/s, S=0.3488, loss=-0.2432]
Epoch 23/150 [train]:  23%|██▎       | 6/26 [00:00<00:00, 51.03it/s, S=0.3407, loss=-0.2423]
Epoch 23/150 [train]:  23%|██▎       | 6/26 [00:00<00:00, 51.03it/s, S=0.3354, loss=-0.2367]
Epoch 23/150 [train]:  23%|██▎       | 6/26 [00:00<00:00, 51.03it/s, S=0.3390, loss=-0.2400]
Epoch 23/150 [train]:  23%|██▎       | 6/26 [00:00<00:00, 51.03it/s, S=0.3505, loss=-0.2487]
Epoch 23/150 [train]:  23%|██▎       | 6/26 [00:00<00:00, 51.03it/s, S=0.3498, loss=-0.2522]
Epoch 23/150 [train]:  23%|██▎       | 6/26 [00:00<00:00, 51.03it/s, S=0.3480, loss=-0.2463]
Epoch 23/150 [train]:  46%|████▌     | 12/26 [00:00<00:00, 50.90it/s, S=0.3480, loss=-0.2463]
Epoch 23/150 [train]:  46%|████▌     | 12/26 [00:00<00:00, 50.90it/s, S=0.3360, loss=-0.2296]
Epoch 23/150 [train]:  46%|████▌     | 12/26 [00:00<00:00, 50.90it/s, S=0.3453, loss=-0.2425]
Epoch 23/150 [train]:  46%|████▌     | 12/26 [00:00<00:00, 50.90it/s, S=0.3456, loss=-0.2463]
Epoch 23/150 [train]:  46%|████▌     | 12/26 [00:00<00:00, 50.90it/s, S=0.3388, loss=-0.2362]
Epoch 23/150 [train]:  46%|████▌     | 12/26 [00:00<00:00, 50.90it/s, S=0.3409, loss=-0.2275]
Epoch 23/150 [train]:  46%|████▌     | 12/26 [00:00<00:00, 50.90it/s, S=0.3388, loss=-0.2324]
Epoch 23/150 [train]:  69%|██████▉   | 18/26 [00:00<00:00, 50.91it/s, S=0.3388, loss=-0.2324]
Epoch 23/150 [train]:  69%|██████▉   | 18/26 [00:00<00:00, 50.91it/s, S=0.3396, loss=-0.2404]
Epoch 23/150 [train]:  69%|██████▉   | 18/26 [00:00<00:00, 50.91it/s, S=0.3477, loss=-0.2464]
Epoch 23/150 [train]:  69%|██████▉   | 18/26 [00:00<00:00, 50.91it/s, S=0.3422, loss=-0.2382]
Epoch 23/150 [train]:  69%|██████▉   | 18/26 [00:00<00:00, 50.91it/s, S=0.3477, loss=-0.2449]
Epoch 23/150 [train]:  69%|██████▉   | 18/26 [00:00<00:00, 50.91it/s, S=0.3464, loss=-0.2461]
Epoch 23/150 [train]:  69%|██████▉   | 18/26 [00:00<00:00, 50.91it/s, S=0.3543, loss=-0.2530]
Epoch 23/150 [train]:  92%|█████████▏| 24/26 [00:00<00:00, 50.90it/s, S=0.3543, loss=-0.2530]
Epoch 23/150 [train]:  92%|█████████▏| 24/26 [00:00<00:00, 50.90it/s, S=0.3473, loss=-0.2404]
Epoch 23/150 [train]:  92%|█████████▏| 24/26 [00:00<00:00, 50.90it/s, S=0.3506, loss=-0.2521]
                                                                                             
Epoch  23/150  train loss=-0.2422  val loss=-0.2618  S[mean]=0.3701  ζ=0.4250  mean_plane_ζ=0.3125  reg=0.1083  λscale=0.23  lr=1.37e-04

Epoch 24/150 [train]:   0%|          | 0/26 [00:00<?, ?it/s]
Epoch 24/150 [train]:   0%|          | 0/26 [00:00<?, ?it/s, S=0.3484, loss=-0.2457]
Epoch 24/150 [train]:   0%|          | 0/26 [00:00<?, ?it/s, S=0.3440, loss=-0.2366]
Epoch 24/150 [train]:   0%|          | 0/26 [00:00<?, ?it/s, S=0.3430, loss=-0.2345]
Epoch 24/150 [train]:   0%|          | 0/26 [00:00<?, ?it/s, S=0.3475, loss=-0.2365]
Epoch 24/150 [train]:   0%|          | 0/26 [00:00<?, ?it/s, S=0.3494, loss=-0.2409]
Epoch 24/150 [train]:   0%|          | 0/26 [00:00<?, ?it/s, S=0.3445, loss=-0.2463]
Epoch 24/150 [train]:  23%|██▎       | 6/26 [00:00<00:00, 51.02it/s, S=0.3445, loss=-0.2463]
Epoch 24/150 [train]:  23%|██▎       | 6/26 [00:00<00:00, 51.02it/s, S=0.3484, loss=-0.2457]
Epoch 24/150 [train]:  23%|██▎       | 6/26 [00:00<00:00, 51.02it/s, S=0.3600, loss=-0.2558]
Epoch 24/150 [train]:  23%|██▎       | 6/26 [00:00<00:00, 51.02it/s, S=0.3393, loss=-0.2355]
Epoch 24/150 [train]:  23%|██▎       | 6/26 [00:00<00:00, 51.02it/s, S=0.3436, loss=-0.2405]
Epoch 24/150 [train]:  23%|██▎       | 6/26 [00:00<00:00, 51.02it/s, S=0.3433, loss=-0.2387]
Epoch 24/150 [train]:  23%|██▎       | 6/26 [00:00<00:00, 51.02it/s, S=0.3422, loss=-0.2384]
Epoch 24/150 [train]:  46%|████▌     | 12/26 [00:00<00:00, 50.91it/s, S=0.3422, loss=-0.2384]
Epoch 24/150 [train]:  46%|████▌     | 12/26 [00:00<00:00, 50.91it/s, S=0.3447, loss=-0.2394]
Epoch 24/150 [train]:  46%|████▌     | 12/26 [00:00<00:00, 50.91it/s, S=0.3440, loss=-0.2390]
Epoch 24/150 [train]:  46%|████▌     | 12/26 [00:00<00:00, 50.91it/s, S=0.3441, loss=-0.2400]
Epoch 24/150 [train]:  46%|████▌     | 12/26 [00:00<00:00, 50.91it/s, S=0.3461, loss=-0.2446]
Epoch 24/150 [train]:  46%|████▌     | 12/26 [00:00<00:00, 50.91it/s, S=0.3416, loss=-0.2402]
Epoch 24/150 [train]:  46%|████▌     | 12/26 [00:00<00:00, 50.91it/s, S=0.3460, loss=-0.2384]
Epoch 24/150 [train]:  69%|██████▉   | 18/26 [00:00<00:00, 50.88it/s, S=0.3460, loss=-0.2384]
Epoch 24/150 [train]:  69%|██████▉   | 18/26 [00:00<00:00, 50.88it/s, S=0.3474, loss=-0.2465]
Epoch 24/150 [train]:  69%|██████▉   | 18/26 [00:00<00:00, 50.88it/s, S=0.3497, loss=-0.2438]
Epoch 24/150 [train]:  69%|██████▉   | 18/26 [00:00<00:00, 50.88it/s, S=0.3467, loss=-0.2410]
Epoch 24/150 [train]:  69%|██████▉   | 18/26 [00:00<00:00, 50.88it/s, S=0.3497, loss=-0.2427]
Epoch 24/150 [train]:  69%|██████▉   | 18/26 [00:00<00:00, 50.88it/s, S=0.3559, loss=-0.2499]
Epoch 24/150 [train]:  69%|██████▉   | 18/26 [00:00<00:00, 50.88it/s, S=0.3498, loss=-0.2438]
Epoch 24/150 [train]:  92%|█████████▏| 24/26 [00:00<00:00, 50.90it/s, S=0.3498, loss=-0.2438]
Epoch 24/150 [train]:  92%|█████████▏| 24/26 [00:00<00:00, 50.90it/s, S=0.3467, loss=-0.2427]
Epoch 24/150 [train]:  92%|█████████▏| 24/26 [00:00<00:00, 50.90it/s, S=0.3505, loss=-0.2489]
                                                                                             
Epoch  24/150  train loss=-0.2421  val loss=-0.2611  S[mean]=0.3717  ζ=0.4262  mean_plane_ζ=0.3135  reg=0.1106  λscale=0.24  lr=1.03e-04

Epoch 25/150 [train]:   0%|          | 0/26 [00:00<?, ?it/s]
Epoch 25/150 [train]:   0%|          | 0/26 [00:00<?, ?it/s, S=0.3464, loss=-0.2432]
Epoch 25/150 [train]:   0%|          | 0/26 [00:00<?, ?it/s, S=0.3456, loss=-0.2332]
Epoch 25/150 [train]:   0%|          | 0/26 [00:00<?, ?it/s, S=0.3532, loss=-0.2458]
Epoch 25/150 [train]:   0%|          | 0/26 [00:00<?, ?it/s, S=0.3516, loss=-0.2493]
Epoch 25/150 [train]:   0%|          | 0/26 [00:00<?, ?it/s, S=0.3444, loss=-0.2393]
Epoch 25/150 [train]:   0%|          | 0/26 [00:00<?, ?it/s, S=0.3407, loss=-0.2348]
Epoch 25/150 [train]:  23%|██▎       | 6/26 [00:00<00:00, 50.93it/s, S=0.3407, loss=-0.2348]
Epoch 25/150 [train]:  23%|██▎       | 6/26 [00:00<00:00, 50.93it/s, S=0.3426, loss=-0.2399]
Epoch 25/150 [train]:  23%|██▎       | 6/26 [00:00<00:00, 50.93it/s, S=0.3516, loss=-0.2497]
Epoch 25/150 [train]:  23%|██▎       | 6/26 [00:00<00:00, 50.93it/s, S=0.3548, loss=-0.2494]
Epoch 25/150 [train]:  23%|██▎       | 6/26 [00:00<00:00, 50.93it/s, S=0.3372, loss=-0.2277]
Epoch 25/150 [train]:  23%|██▎       | 6/26 [00:00<00:00, 50.93it/s, S=0.3538, loss=-0.2449]
Epoch 25/150 [train]:  23%|██▎       | 6/26 [00:00<00:00, 50.93it/s, S=0.3379, loss=-0.2315]
Epoch 25/150 [train]:  46%|████▌     | 12/26 [00:00<00:00, 50.91it/s, S=0.3379, loss=-0.2315]
Epoch 25/150 [train]:  46%|████▌     | 12/26 [00:00<00:00, 50.91it/s, S=0.3485, loss=-0.2416]
Epoch 25/150 [train]:  46%|████▌     | 12/26 [00:00<00:00, 50.91it/s, S=0.3561, loss=-0.2502]
Epoch 25/150 [train]:  46%|████▌     | 12/26 [00:00<00:00, 50.91it/s, S=0.3523, loss=-0.2478]
Epoch 25/150 [train]:  46%|████▌     | 12/26 [00:00<00:00, 50.91it/s, S=0.3525, loss=-0.2438]
Epoch 25/150 [train]:  46%|████▌     | 12/26 [00:00<00:00, 50.91it/s, S=0.3459, loss=-0.2392]
Epoch 25/150 [train]:  46%|████▌     | 12/26 [00:00<00:00, 50.91it/s, S=0.3410, loss=-0.2353]
Epoch 25/150 [train]:  69%|██████▉   | 18/26 [00:00<00:00, 50.91it/s, S=0.3410, loss=-0.2353]
Epoch 25/150 [train]:  69%|██████▉   | 18/26 [00:00<00:00, 50.91it/s, S=0.3488, loss=-0.2421]
Epoch 25/150 [train]:  69%|██████▉   | 18/26 [00:00<00:00, 50.91it/s, S=0.3410, loss=-0.2345]
Epoch 25/150 [train]:  69%|██████▉   | 18/26 [00:00<00:00, 50.91it/s, S=0.3593, loss=-0.2540]
Epoch 25/150 [train]:  69%|██████▉   | 18/26 [00:00<00:00, 50.91it/s, S=0.3537, loss=-0.2452]
Epoch 25/150 [train]:  69%|██████▉   | 18/26 [00:00<00:00, 50.91it/s, S=0.3455, loss=-0.2434]
Epoch 25/150 [train]:  69%|██████▉   | 18/26 [00:00<00:00, 50.91it/s, S=0.3466, loss=-0.2423]
Epoch 25/150 [train]:  92%|█████████▏| 24/26 [00:00<00:00, 50.91it/s, S=0.3466, loss=-0.2423]
Epoch 25/150 [train]:  92%|█████████▏| 24/26 [00:00<00:00, 50.91it/s, S=0.3531, loss=-0.2469]
Epoch 25/150 [train]:  92%|█████████▏| 24/26 [00:00<00:00, 50.91it/s, S=0.3503, loss=-0.2366]
                                                                                             
Epoch  25/150  train loss=-0.2420  val loss=-0.2601  S[mean]=0.3726  ζ=0.4265  mean_plane_ζ=0.3139  reg=0.1125  λscale=0.24  lr=7.32e-05

Epoch 26/150 [train]:   0%|          | 0/26 [00:00<?, ?it/s]
Epoch 26/150 [train]:   0%|          | 0/26 [00:00<?, ?it/s, S=0.3504, loss=-0.2426]
Epoch 26/150 [train]:   0%|          | 0/26 [00:00<?, ?it/s, S=0.3483, loss=-0.2442]
Epoch 26/150 [train]:   0%|          | 0/26 [00:00<?, ?it/s, S=0.3587, loss=-0.2519]
Epoch 26/150 [train]:   0%|          | 0/26 [00:00<?, ?it/s, S=0.3454, loss=-0.2402]
Epoch 26/150 [train]:   0%|          | 0/26 [00:00<?, ?it/s, S=0.3421, loss=-0.2327]
Epoch 26/150 [train]:   0%|          | 0/26 [00:00<?, ?it/s, S=0.3487, loss=-0.2410]
Epoch 26/150 [train]:  23%|██▎       | 6/26 [00:00<00:00, 50.94it/s, S=0.3487, loss=-0.2410]
Epoch 26/150 [train]:  23%|██▎       | 6/26 [00:00<00:00, 50.94it/s, S=0.3453, loss=-0.2370]
Epoch 26/150 [train]:  23%|██▎       | 6/26 [00:00<00:00, 50.94it/s, S=0.3466, loss=-0.2411]
Epoch 26/150 [train]:  23%|██▎       | 6/26 [00:00<00:00, 50.94it/s, S=0.3514, loss=-0.2464]
Epoch 26/150 [train]:  23%|██▎       | 6/26 [00:00<00:00, 50.94it/s, S=0.3494, loss=-0.2396]
Epoch 26/150 [train]:  23%|██▎       | 6/26 [00:00<00:00, 50.94it/s, S=0.3519, loss=-0.2447]
Epoch 26/150 [train]:  23%|██▎       | 6/26 [00:00<00:00, 50.94it/s, S=0.3526, loss=-0.2414]
Epoch 26/150 [train]:  46%|████▌     | 12/26 [00:00<00:00, 50.92it/s, S=0.3526, loss=-0.2414]
Epoch 26/150 [train]:  46%|████▌     | 12/26 [00:00<00:00, 50.92it/s, S=0.3540, loss=-0.2440]
Epoch 26/150 [train]:  46%|████▌     | 12/26 [00:00<00:00, 50.92it/s, S=0.3488, loss=-0.2387]
Epoch 26/150 [train]:  46%|████▌     | 12/26 [00:00<00:00, 50.92it/s, S=0.3574, loss=-0.2503]
Epoch 26/150 [train]:  46%|████▌     | 12/26 [00:00<00:00, 50.92it/s, S=0.3471, loss=-0.2380]
Epoch 26/150 [train]:  46%|████▌     | 12/26 [00:00<00:00, 50.92it/s, S=0.3511, loss=-0.2399]
Epoch 26/150 [train]:  46%|████▌     | 12/26 [00:00<00:00, 50.92it/s, S=0.3472, loss=-0.2418]
Epoch 26/150 [train]:  69%|██████▉   | 18/26 [00:00<00:00, 50.89it/s, S=0.3472, loss=-0.2418]
Epoch 26/150 [train]:  69%|██████▉   | 18/26 [00:00<00:00, 50.89it/s, S=0.3552, loss=-0.2512]
Epoch 26/150 [train]:  69%|██████▉   | 18/26 [00:00<00:00, 50.89it/s, S=0.3459, loss=-0.2402]
Epoch 26/150 [train]:  69%|██████▉   | 18/26 [00:00<00:00, 50.89it/s, S=0.3483, loss=-0.2432]
Epoch 26/150 [train]:  69%|██████▉   | 18/26 [00:00<00:00, 50.89it/s, S=0.3575, loss=-0.2487]
Epoch 26/150 [train]:  69%|██████▉   | 18/26 [00:00<00:00, 50.89it/s, S=0.3586, loss=-0.2503]
Epoch 26/150 [train]:  69%|██████▉   | 18/26 [00:00<00:00, 50.89it/s, S=0.3508, loss=-0.2427]
Epoch 26/150 [train]:  92%|█████████▏| 24/26 [00:00<00:00, 50.89it/s, S=0.3508, loss=-0.2427]
Epoch 26/150 [train]:  92%|█████████▏| 24/26 [00:00<00:00, 50.89it/s, S=0.3502, loss=-0.2444]
Epoch 26/150 [train]:  92%|█████████▏| 24/26 [00:00<00:00, 50.89it/s, S=0.3470, loss=-0.2420]
                                                                                             
Epoch  26/150  train loss=-0.2430  val loss=-0.2587  S[mean]=0.3733  ζ=0.4270  mean_plane_ζ=0.3144  reg=0.1146  λscale=0.25  lr=4.77e-05

Epoch 27/150 [train]:   0%|          | 0/26 [00:00<?, ?it/s]
Epoch 27/150 [train]:   0%|          | 0/26 [00:00<?, ?it/s, S=0.3505, loss=-0.2389]
Epoch 27/150 [train]:   0%|          | 0/26 [00:00<?, ?it/s, S=0.3480, loss=-0.2413]
Epoch 27/150 [train]:   0%|          | 0/26 [00:00<?, ?it/s, S=0.3478, loss=-0.2384]
Epoch 27/150 [train]:   0%|          | 0/26 [00:00<?, ?it/s, S=0.3450, loss=-0.2333]
Epoch 27/150 [train]:   0%|          | 0/26 [00:00<?, ?it/s, S=0.3555, loss=-0.2455]
Epoch 27/150 [train]:   0%|          | 0/26 [00:00<?, ?it/s, S=0.3541, loss=-0.2474]
Epoch 27/150 [train]:  23%|██▎       | 6/26 [00:00<00:00, 50.86it/s, S=0.3541, loss=-0.2474]
Epoch 27/150 [train]:  23%|██▎       | 6/26 [00:00<00:00, 50.86it/s, S=0.3490, loss=-0.2406]
Epoch 27/150 [train]:  23%|██▎       | 6/26 [00:00<00:00, 50.86it/s, S=0.3522, loss=-0.2357]
Epoch 27/150 [train]:  23%|██▎       | 6/26 [00:00<00:00, 50.86it/s, S=0.3543, loss=-0.2464]
Epoch 27/150 [train]:  23%|██▎       | 6/26 [00:00<00:00, 50.86it/s, S=0.3416, loss=-0.2279]
Epoch 27/150 [train]:  23%|██▎       | 6/26 [00:00<00:00, 50.86it/s, S=0.3633, loss=-0.2537]
Epoch 27/150 [train]:  23%|██▎       | 6/26 [00:00<00:00, 50.86it/s, S=0.3492, loss=-0.2400]
Epoch 27/150 [train]:  46%|████▌     | 12/26 [00:00<00:00, 50.84it/s, S=0.3492, loss=-0.2400]
Epoch 27/150 [train]:  46%|████▌     | 12/26 [00:00<00:00, 50.84it/s, S=0.3549, loss=-0.2474]
Epoch 27/150 [train]:  46%|████▌     | 12/26 [00:00<00:00, 50.84it/s, S=0.3367, loss=-0.2103]
Epoch 27/150 [train]:  46%|████▌     | 12/26 [00:00<00:00, 50.84it/s, S=0.3534, loss=-0.2387]
Epoch 27/150 [train]:  46%|████▌     | 12/26 [00:00<00:00, 50.84it/s, S=0.3503, loss=-0.2384]
Epoch 27/150 [train]:  46%|████▌     | 12/26 [00:00<00:00, 50.84it/s, S=0.3520, loss=-0.2362]
Epoch 27/150 [train]:  46%|████▌     | 12/26 [00:00<00:00, 50.84it/s, S=0.3540, loss=-0.2435]
Epoch 27/150 [train]:  69%|██████▉   | 18/26 [00:00<00:00, 50.83it/s, S=0.3540, loss=-0.2435]
Epoch 27/150 [train]:  69%|██████▉   | 18/26 [00:00<00:00, 50.83it/s, S=0.3473, loss=-0.2348]
Epoch 27/150 [train]:  69%|██████▉   | 18/26 [00:00<00:00, 50.83it/s, S=0.3401, loss=-0.2301]
Epoch 27/150 [train]:  69%|██████▉   | 18/26 [00:00<00:00, 50.83it/s, S=0.3467, loss=-0.2362]
Epoch 27/150 [train]:  69%|██████▉   | 18/26 [00:00<00:00, 50.83it/s, S=0.3552, loss=-0.2459]
Epoch 27/150 [train]:  69%|██████▉   | 18/26 [00:00<00:00, 50.83it/s, S=0.3537, loss=-0.2426]
Epoch 27/150 [train]:  69%|██████▉   | 18/26 [00:00<00:00, 50.83it/s, S=0.3520, loss=-0.2421]
Epoch 27/150 [train]:  92%|█████████▏| 24/26 [00:00<00:00, 50.79it/s, S=0.3520, loss=-0.2421]
Epoch 27/150 [train]:  92%|█████████▏| 24/26 [00:00<00:00, 50.79it/s, S=0.3468, loss=-0.2370]
Epoch 27/150 [train]:  92%|█████████▏| 24/26 [00:00<00:00, 50.79it/s, S=0.3480, loss=-0.2418]
                                                                                             
Epoch  27/150  train loss=-0.2390  val loss=-0.2568  S[mean]=0.3737  ζ=0.4273  mean_plane_ζ=0.3147  reg=0.1169  λscale=0.26  lr=2.72e-05

Epoch 28/150 [train]:   0%|          | 0/26 [00:00<?, ?it/s]
Epoch 28/150 [train]:   0%|          | 0/26 [00:00<?, ?it/s, S=0.3469, loss=-0.2368]
Epoch 28/150 [train]:   0%|          | 0/26 [00:00<?, ?it/s, S=0.3547, loss=-0.2410]
Epoch 28/150 [train]:   0%|          | 0/26 [00:00<?, ?it/s, S=0.3506, loss=-0.2402]
Epoch 28/150 [train]:   0%|          | 0/26 [00:00<?, ?it/s, S=0.3516, loss=-0.2352]
Epoch 28/150 [train]:   0%|          | 0/26 [00:00<?, ?it/s, S=0.3471, loss=-0.2351]
Epoch 28/150 [train]:   0%|          | 0/26 [00:00<?, ?it/s, S=0.3470, loss=-0.2336]
Epoch 28/150 [train]:  23%|██▎       | 6/26 [00:00<00:00, 50.82it/s, S=0.3470, loss=-0.2336]
Epoch 28/150 [train]:  23%|██▎       | 6/26 [00:00<00:00, 50.82it/s, S=0.3584, loss=-0.2478]
Epoch 28/150 [train]:  23%|██▎       | 6/26 [00:00<00:00, 50.82it/s, S=0.3460, loss=-0.2343]
Epoch 28/150 [train]:  23%|██▎       | 6/26 [00:00<00:00, 50.82it/s, S=0.3491, loss=-0.2382]
Epoch 28/150 [train]:  23%|██▎       | 6/26 [00:00<00:00, 50.82it/s, S=0.3539, loss=-0.2421]
Epoch 28/150 [train]:  23%|██▎       | 6/26 [00:00<00:00, 50.82it/s, S=0.3574, loss=-0.2456]
Epoch 28/150 [train]:  23%|██▎       | 6/26 [00:00<00:00, 50.82it/s, S=0.3513, loss=-0.2432]
Epoch 28/150 [train]:  46%|████▌     | 12/26 [00:00<00:00, 50.85it/s, S=0.3513, loss=-0.2432]
Epoch 28/150 [train]:  46%|████▌     | 12/26 [00:00<00:00, 50.85it/s, S=0.3503, loss=-0.2401]
Epoch 28/150 [train]:  46%|████▌     | 12/26 [00:00<00:00, 50.85it/s, S=0.3545, loss=-0.2445]
Epoch 28/150 [train]:  46%|████▌     | 12/26 [00:00<00:00, 50.85it/s, S=0.3473, loss=-0.2367]
Epoch 28/150 [train]:  46%|████▌     | 12/26 [00:00<00:00, 50.85it/s, S=0.3524, loss=-0.2415]
Epoch 28/150 [train]:  46%|████▌     | 12/26 [00:00<00:00, 50.85it/s, S=0.3385, loss=-0.2112]
Epoch 28/150 [train]:  46%|████▌     | 12/26 [00:00<00:00, 50.85it/s, S=0.3506, loss=-0.2400]
Epoch 28/150 [train]:  69%|██████▉   | 18/26 [00:00<00:00, 50.81it/s, S=0.3506, loss=-0.2400]
Epoch 28/150 [train]:  69%|██████▉   | 18/26 [00:00<00:00, 50.81it/s, S=0.3532, loss=-0.2391]
Epoch 28/150 [train]:  69%|██████▉   | 18/26 [00:00<00:00, 50.81it/s, S=0.3498, loss=-0.2354]
Epoch 28/150 [train]:  69%|██████▉   | 18/26 [00:00<00:00, 50.81it/s, S=0.3494, loss=-0.2367]
Epoch 28/150 [train]:  69%|██████▉   | 18/26 [00:00<00:00, 50.81it/s, S=0.3492, loss=-0.2368]
Epoch 28/150 [train]:  69%|██████▉   | 18/26 [00:00<00:00, 50.81it/s, S=0.3563, loss=-0.2464]
Epoch 28/150 [train]:  69%|██████▉   | 18/26 [00:00<00:00, 50.81it/s, S=0.3525, loss=-0.2394]
Epoch 28/150 [train]:  92%|█████████▏| 24/26 [00:00<00:00, 50.85it/s, S=0.3525, loss=-0.2394]
Epoch 28/150 [train]:  92%|█████████▏| 24/26 [00:00<00:00, 50.85it/s, S=0.3537, loss=-0.2353]
Epoch 28/150 [train]:  92%|█████████▏| 24/26 [00:00<00:00, 50.85it/s, S=0.3586, loss=-0.2474]
                                                                                             
Epoch  28/150  train loss=-0.2386  val loss=-0.2545  S[mean]=0.3740  ζ=0.4276  mean_plane_ζ=0.3149  reg=0.1195  λscale=0.26  lr=1.22e-05

Epoch 29/150 [train]:   0%|          | 0/26 [00:00<?, ?it/s]
Epoch 29/150 [train]:   0%|          | 0/26 [00:00<?, ?it/s, S=0.3563, loss=-0.2350]
Epoch 29/150 [train]:   0%|          | 0/26 [00:00<?, ?it/s, S=0.3412, loss=-0.2204]
Epoch 29/150 [train]:   0%|          | 0/26 [00:00<?, ?it/s, S=0.3449, loss=-0.2296]
Epoch 29/150 [train]:   0%|          | 0/26 [00:00<?, ?it/s, S=0.3427, loss=-0.2274]
Epoch 29/150 [train]:   0%|          | 0/26 [00:00<?, ?it/s, S=0.3533, loss=-0.2399]
Epoch 29/150 [train]:   0%|          | 0/26 [00:00<?, ?it/s, S=0.3535, loss=-0.2351]
Epoch 29/150 [train]:  23%|██▎       | 6/26 [00:00<00:00, 50.95it/s, S=0.3535, loss=-0.2351]
Epoch 29/150 [train]:  23%|██▎       | 6/26 [00:00<00:00, 50.95it/s, S=0.3515, loss=-0.2412]
Epoch 29/150 [train]:  23%|██▎       | 6/26 [00:00<00:00, 50.95it/s, S=0.3448, loss=-0.2210]
Epoch 29/150 [train]:  23%|██▎       | 6/26 [00:00<00:00, 50.95it/s, S=0.3498, loss=-0.2333]
Epoch 29/150 [train]:  23%|██▎       | 6/26 [00:00<00:00, 50.95it/s, S=0.3494, loss=-0.2372]
Epoch 29/150 [train]:  23%|██▎       | 6/26 [00:00<00:00, 50.95it/s, S=0.3549, loss=-0.2394]
Epoch 29/150 [train]:  23%|██▎       | 6/26 [00:00<00:00, 50.95it/s, S=0.3449, loss=-0.2332]
Epoch 29/150 [train]:  46%|████▌     | 12/26 [00:00<00:00, 50.91it/s, S=0.3449, loss=-0.2332]
Epoch 29/150 [train]:  46%|████▌     | 12/26 [00:00<00:00, 50.91it/s, S=0.3518, loss=-0.2347]
Epoch 29/150 [train]:  46%|████▌     | 12/26 [00:00<00:00, 50.91it/s, S=0.3501, loss=-0.2329]
Epoch 29/150 [train]:  46%|████▌     | 12/26 [00:00<00:00, 50.91it/s, S=0.3497, loss=-0.2391]
Epoch 29/150 [train]:  46%|████▌     | 12/26 [00:00<00:00, 50.91it/s, S=0.3588, loss=-0.2460]
Epoch 29/150 [train]:  46%|████▌     | 12/26 [00:00<00:00, 50.91it/s, S=0.3500, loss=-0.2320]
Epoch 29/150 [train]:  46%|████▌     | 12/26 [00:00<00:00, 50.91it/s, S=0.3499, loss=-0.2367]
Epoch 29/150 [train]:  69%|██████▉   | 18/26 [00:00<00:00, 50.84it/s, S=0.3499, loss=-0.2367]
Epoch 29/150 [train]:  69%|██████▉   | 18/26 [00:00<00:00, 50.84it/s, S=0.3553, loss=-0.2405]
Epoch 29/150 [train]:  69%|██████▉   | 18/26 [00:00<00:00, 50.84it/s, S=0.3556, loss=-0.2388]
Epoch 29/150 [train]:  69%|██████▉   | 18/26 [00:00<00:00, 50.84it/s, S=0.3563, loss=-0.2401]
Epoch 29/150 [train]:  69%|██████▉   | 18/26 [00:00<00:00, 50.84it/s, S=0.3509, loss=-0.2320]
Epoch 29/150 [train]:  69%|██████▉   | 18/26 [00:00<00:00, 50.84it/s, S=0.3438, loss=-0.2221]
Epoch 29/150 [train]:  69%|██████▉   | 18/26 [00:00<00:00, 50.84it/s, S=0.3546, loss=-0.2400]
Epoch 29/150 [train]:  92%|█████████▏| 24/26 [00:00<00:00, 50.85it/s, S=0.3546, loss=-0.2400]
Epoch 29/150 [train]:  92%|█████████▏| 24/26 [00:00<00:00, 50.85it/s, S=0.3541, loss=-0.2389]
Epoch 29/150 [train]:  92%|█████████▏| 24/26 [00:00<00:00, 50.85it/s, S=0.3485, loss=-0.2284]
                                                                                             
Epoch  29/150  train loss=-0.2344  val loss=-0.2520  S[mean]=0.3740  ζ=0.4276  mean_plane_ζ=0.3150  reg=0.1220  λscale=0.27  lr=3.08e-06

Epoch 30/150 [train]:   0%|          | 0/26 [00:00<?, ?it/s]
Epoch 30/150 [train]:   0%|          | 0/26 [00:00<?, ?it/s, S=0.3519, loss=-0.2353]
Epoch 30/150 [train]:   0%|          | 0/26 [00:00<?, ?it/s, S=0.3524, loss=-0.2359]
Epoch 30/150 [train]:   0%|          | 0/26 [00:00<?, ?it/s, S=0.3547, loss=-0.2264]
Epoch 30/150 [train]:   0%|          | 0/26 [00:00<?, ?it/s, S=0.3523, loss=-0.2345]
Epoch 30/150 [train]:   0%|          | 0/26 [00:00<?, ?it/s, S=0.3518, loss=-0.2314]
Epoch 30/150 [train]:   0%|          | 0/26 [00:00<?, ?it/s, S=0.3548, loss=-0.2377]
Epoch 30/150 [train]:  23%|██▎       | 6/26 [00:00<00:00, 50.87it/s, S=0.3548, loss=-0.2377]
Epoch 30/150 [train]:  23%|██▎       | 6/26 [00:00<00:00, 50.87it/s, S=0.3458, loss=-0.2270]
Epoch 30/150 [train]:  23%|██▎       | 6/26 [00:00<00:00, 50.87it/s, S=0.3565, loss=-0.2365]
Epoch 30/150 [train]:  23%|██▎       | 6/26 [00:00<00:00, 50.87it/s, S=0.3547, loss=-0.2388]
Epoch 30/150 [train]:  23%|██▎       | 6/26 [00:00<00:00, 50.87it/s, S=0.3482, loss=-0.2331]
Epoch 30/150 [train]:  23%|██▎       | 6/26 [00:00<00:00, 50.87it/s, S=0.3489, loss=-0.2277]
Epoch 30/150 [train]:  23%|██▎       | 6/26 [00:00<00:00, 50.87it/s, S=0.3526, loss=-0.2336]
Epoch 30/150 [train]:  46%|████▌     | 12/26 [00:00<00:00, 50.88it/s, S=0.3526, loss=-0.2336]
Epoch 30/150 [train]:  46%|████▌     | 12/26 [00:00<00:00, 50.88it/s, S=0.3480, loss=-0.2321]
Epoch 30/150 [train]:  46%|████▌     | 12/26 [00:00<00:00, 50.88it/s, S=0.3505, loss=-0.2269]
Epoch 30/150 [train]:  46%|████▌     | 12/26 [00:00<00:00, 50.88it/s, S=0.3535, loss=-0.2362]
Epoch 30/150 [train]:  46%|████▌     | 12/26 [00:00<00:00, 50.88it/s, S=0.3486, loss=-0.2350]
Epoch 30/150 [train]:  46%|████▌     | 12/26 [00:00<00:00, 50.88it/s, S=0.3472, loss=-0.2289]
Epoch 30/150 [train]:  46%|████▌     | 12/26 [00:00<00:00, 50.88it/s, S=0.3456, loss=-0.2289]
Epoch 30/150 [train]:  69%|██████▉   | 18/26 [00:00<00:00, 50.87it/s, S=0.3456, loss=-0.2289]
Epoch 30/150 [train]:  69%|██████▉   | 18/26 [00:00<00:00, 50.87it/s, S=0.3473, loss=-0.2308]
Epoch 30/150 [train]:  69%|██████▉   | 18/26 [00:00<00:00, 50.87it/s, S=0.3474, loss=-0.2320]
Epoch 30/150 [train]:  69%|██████▉   | 18/26 [00:00<00:00, 50.87it/s, S=0.3488, loss=-0.2242]
Epoch 30/150 [train]:  69%|██████▉   | 18/26 [00:00<00:00, 50.87it/s, S=0.3482, loss=-0.2292]
Epoch 30/150 [train]:  69%|██████▉   | 18/26 [00:00<00:00, 50.87it/s, S=0.3585, loss=-0.2425]
Epoch 30/150 [train]:  69%|██████▉   | 18/26 [00:00<00:00, 50.87it/s, S=0.3455, loss=-0.2312]
Epoch 30/150 [train]:  92%|█████████▏| 24/26 [00:00<00:00, 50.86it/s, S=0.3455, loss=-0.2312]
Epoch 30/150 [train]:  92%|█████████▏| 24/26 [00:00<00:00, 50.86it/s, S=0.3595, loss=-0.2440]
Epoch 30/150 [train]:  92%|█████████▏| 24/26 [00:00<00:00, 50.86it/s, S=0.3559, loss=-0.2398]
                                                                                             
Epoch  30/150  train loss=-0.2331  val loss=-0.2493  S[mean]=0.3740  ζ=0.4277  mean_plane_ζ=0.3150  reg=0.1247  λscale=0.28  lr=5.00e-04

Epoch 31/150 [train]:   0%|          | 0/26 [00:00<?, ?it/s]
Epoch 31/150 [train]:   0%|          | 0/26 [00:00<?, ?it/s, S=0.3466, loss=-0.2326]
Epoch 31/150 [train]:   0%|          | 0/26 [00:00<?, ?it/s, S=0.3459, loss=-0.2297]
Epoch 31/150 [train]:   0%|          | 0/26 [00:00<?, ?it/s, S=0.3483, loss=-0.2241]
Epoch 31/150 [train]:   0%|          | 0/26 [00:00<?, ?it/s, S=0.3505, loss=-0.2313]
Epoch 31/150 [train]:   0%|          | 0/26 [00:00<?, ?it/s, S=0.3507, loss=-0.2343]
Epoch 31/150 [train]:   0%|          | 0/26 [00:00<?, ?it/s, S=0.3508, loss=-0.2343]
Epoch 31/150 [train]:  23%|██▎       | 6/26 [00:00<00:00, 50.91it/s, S=0.3508, loss=-0.2343]
Epoch 31/150 [train]:  23%|██▎       | 6/26 [00:00<00:00, 50.91it/s, S=0.3562, loss=-0.2327]
Epoch 31/150 [train]:  23%|██▎       | 6/26 [00:00<00:00, 50.91it/s, S=0.3522, loss=-0.2344]
Epoch 31/150 [train]:  23%|██▎       | 6/26 [00:00<00:00, 50.91it/s, S=0.3617, loss=-0.2425]
Epoch 31/150 [train]:  23%|██▎       | 6/26 [00:00<00:00, 50.91it/s, S=0.3611, loss=-0.2408]
Epoch 31/150 [train]:  23%|██▎       | 6/26 [00:00<00:00, 50.91it/s, S=0.3422, loss=-0.2217]
Epoch 31/150 [train]:  23%|██▎       | 6/26 [00:00<00:00, 50.91it/s, S=0.3479, loss=-0.2312]
Epoch 31/150 [train]:  46%|████▌     | 12/26 [00:00<00:00, 50.82it/s, S=0.3479, loss=-0.2312]
Epoch 31/150 [train]:  46%|████▌     | 12/26 [00:00<00:00, 50.82it/s, S=0.3457, loss=-0.2282]
Epoch 31/150 [train]:  46%|████▌     | 12/26 [00:00<00:00, 50.82it/s, S=0.3443, loss=-0.2256]
Epoch 31/150 [train]:  46%|████▌     | 12/26 [00:00<00:00, 50.82it/s, S=0.3519, loss=-0.2355]
Epoch 31/150 [train]:  46%|████▌     | 12/26 [00:00<00:00, 50.82it/s, S=0.3474, loss=-0.2309]
Epoch 31/150 [train]:  46%|████▌     | 12/26 [00:00<00:00, 50.82it/s, S=0.3400, loss=-0.2215]
Epoch 31/150 [train]:  46%|████▌     | 12/26 [00:00<00:00, 50.82it/s, S=0.3562, loss=-0.2369]
Epoch 31/150 [train]:  69%|██████▉   | 18/26 [00:00<00:00, 50.85it/s, S=0.3562, loss=-0.2369]
Epoch 31/150 [train]:  69%|██████▉   | 18/26 [00:00<00:00, 50.85it/s, S=0.3536, loss=-0.2358]
Epoch 31/150 [train]:  69%|██████▉   | 18/26 [00:00<00:00, 50.85it/s, S=0.3473, loss=-0.2238]
Epoch 31/150 [train]:  69%|██████▉   | 18/26 [00:00<00:00, 50.85it/s, S=0.3541, loss=-0.2285]
Epoch 31/150 [train]:  69%|██████▉   | 18/26 [00:00<00:00, 50.85it/s, S=0.3579, loss=-0.2392]
Epoch 31/150 [train]:  69%|██████▉   | 18/26 [00:00<00:00, 50.85it/s, S=0.3463, loss=-0.2211]
Epoch 31/150 [train]:  69%|██████▉   | 18/26 [00:00<00:00, 50.85it/s, S=0.3449, loss=-0.2312]
Epoch 31/150 [train]:  92%|█████████▏| 24/26 [00:00<00:00, 50.84it/s, S=0.3449, loss=-0.2312]
Epoch 31/150 [train]:  92%|█████████▏| 24/26 [00:00<00:00, 50.84it/s, S=0.3541, loss=-0.2304]
Epoch 31/150 [train]:  92%|█████████▏| 24/26 [00:00<00:00, 50.84it/s, S=0.3415, loss=-0.2223]
                                                                                             
Epoch  31/150  train loss=-0.2308  val loss=-0.2467  S[mean]=0.3729  ζ=0.4272  mean_plane_ζ=0.3156  reg=0.1262  λscale=0.28  lr=4.99e-04

Epoch 32/150 [train]:   0%|          | 0/26 [00:00<?, ?it/s]
Epoch 32/150 [train]:   0%|          | 0/26 [00:00<?, ?it/s, S=0.3558, loss=-0.2343]
Epoch 32/150 [train]:   0%|          | 0/26 [00:00<?, ?it/s, S=0.3531, loss=-0.2307]
Epoch 32/150 [train]:   0%|          | 0/26 [00:00<?, ?it/s, S=0.3351, loss=-0.2120]
Epoch 32/150 [train]:   0%|          | 0/26 [00:00<?, ?it/s, S=0.3477, loss=-0.2291]
Epoch 32/150 [train]:   0%|          | 0/26 [00:00<?, ?it/s, S=0.3534, loss=-0.2356]
Epoch 32/150 [train]:   0%|          | 0/26 [00:00<?, ?it/s, S=0.3572, loss=-0.2374]
Epoch 32/150 [train]:  23%|██▎       | 6/26 [00:00<00:00, 50.89it/s, S=0.3572, loss=-0.2374]
Epoch 32/150 [train]:  23%|██▎       | 6/26 [00:00<00:00, 50.89it/s, S=0.3537, loss=-0.2268]
Epoch 32/150 [train]:  23%|██▎       | 6/26 [00:00<00:00, 50.89it/s, S=0.3594, loss=-0.2430]
Epoch 32/150 [train]:  23%|██▎       | 6/26 [00:00<00:00, 50.89it/s, S=0.3520, loss=-0.2289]
Epoch 32/150 [train]:  23%|██▎       | 6/26 [00:00<00:00, 50.89it/s, S=0.3378, loss=-0.2145]
Epoch 32/150 [train]:  23%|██▎       | 6/26 [00:00<00:00, 50.89it/s, S=0.3595, loss=-0.2392]
Epoch 32/150 [train]:  23%|██▎       | 6/26 [00:00<00:00, 50.89it/s, S=0.3526, loss=-0.2289]
Epoch 32/150 [train]:  46%|████▌     | 12/26 [00:00<00:00, 50.88it/s, S=0.3526, loss=-0.2289]
Epoch 32/150 [train]:  46%|████▌     | 12/26 [00:00<00:00, 50.88it/s, S=0.3508, loss=-0.2249]
Epoch 32/150 [train]:  46%|████▌     | 12/26 [00:00<00:00, 50.88it/s, S=0.3538, loss=-0.2361]
Epoch 32/150 [train]:  46%|████▌     | 12/26 [00:00<00:00, 50.88it/s, S=0.3552, loss=-0.2377]
Epoch 32/150 [train]:  46%|████▌     | 12/26 [00:00<00:00, 50.88it/s, S=0.3485, loss=-0.2343]
Epoch 32/150 [train]:  46%|████▌     | 12/26 [00:00<00:00, 50.88it/s, S=0.3533, loss=-0.2332]
Epoch 32/150 [train]:  46%|████▌     | 12/26 [00:00<00:00, 50.88it/s, S=0.3563, loss=-0.2372]
Epoch 32/150 [train]:  69%|██████▉   | 18/26 [00:00<00:00, 50.86it/s, S=0.3563, loss=-0.2372]
Epoch 32/150 [train]:  69%|██████▉   | 18/26 [00:00<00:00, 50.86it/s, S=0.3567, loss=-0.2394]
Epoch 32/150 [train]:  69%|██████▉   | 18/26 [00:00<00:00, 50.86it/s, S=0.3516, loss=-0.2357]
Epoch 32/150 [train]:  69%|██████▉   | 18/26 [00:00<00:00, 50.86it/s, S=0.3452, loss=-0.2141]
Epoch 32/150 [train]:  69%|██████▉   | 18/26 [00:00<00:00, 50.86it/s, S=0.3587, loss=-0.2368]
Epoch 32/150 [train]:  69%|██████▉   | 18/26 [00:00<00:00, 50.86it/s, S=0.3434, loss=-0.2276]
Epoch 32/150 [train]:  69%|██████▉   | 18/26 [00:00<00:00, 50.86it/s, S=0.3534, loss=-0.2377]
Epoch 32/150 [train]:  92%|█████████▏| 24/26 [00:00<00:00, 50.80it/s, S=0.3534, loss=-0.2377]
Epoch 32/150 [train]:  92%|█████████▏| 24/26 [00:00<00:00, 50.80it/s, S=0.3551, loss=-0.2336]
Epoch 32/150 [train]:  92%|█████████▏| 24/26 [00:00<00:00, 50.80it/s, S=0.3507, loss=-0.2386]
                                                                                             
Epoch  32/150  train loss=-0.2318  val loss=-0.2510  S[mean]=0.3771  ζ=0.4310  mean_plane_ζ=0.3186  reg=0.1260  λscale=0.29  lr=4.97e-04

Epoch 33/150 [train]:   0%|          | 0/26 [00:00<?, ?it/s]
Epoch 33/150 [train]:   0%|          | 0/26 [00:00<?, ?it/s, S=0.3565, loss=-0.2364]
Epoch 33/150 [train]:   0%|          | 0/26 [00:00<?, ?it/s, S=0.3531, loss=-0.2384]
Epoch 33/150 [train]:   0%|          | 0/26 [00:00<?, ?it/s, S=0.3560, loss=-0.2381]
Epoch 33/150 [train]:   0%|          | 0/26 [00:00<?, ?it/s, S=0.3595, loss=-0.2400]
Epoch 33/150 [train]:   0%|          | 0/26 [00:00<?, ?it/s, S=0.3593, loss=-0.2396]
Epoch 33/150 [train]:   0%|          | 0/26 [00:00<?, ?it/s, S=0.3595, loss=-0.2349]
Epoch 33/150 [train]:  23%|██▎       | 6/26 [00:00<00:00, 50.79it/s, S=0.3595, loss=-0.2349]
Epoch 33/150 [train]:  23%|██▎       | 6/26 [00:00<00:00, 50.79it/s, S=0.3527, loss=-0.2349]
Epoch 33/150 [train]:  23%|██▎       | 6/26 [00:00<00:00, 50.79it/s, S=0.3519, loss=-0.2301]
Epoch 33/150 [train]:  23%|██▎       | 6/26 [00:00<00:00, 50.79it/s, S=0.3583, loss=-0.2330]
Epoch 33/150 [train]:  23%|██▎       | 6/26 [00:00<00:00, 50.79it/s, S=0.3675, loss=-0.2521]
Epoch 33/150 [train]:  23%|██▎       | 6/26 [00:00<00:00, 50.79it/s, S=0.3527, loss=-0.2326]
Epoch 33/150 [train]:  23%|██▎       | 6/26 [00:00<00:00, 50.79it/s, S=0.3568, loss=-0.2371]
Epoch 33/150 [train]:  46%|████▌     | 12/26 [00:00<00:00, 50.76it/s, S=0.3568, loss=-0.2371]
Epoch 33/150 [train]:  46%|████▌     | 12/26 [00:00<00:00, 50.76it/s, S=0.3609, loss=-0.2435]
Epoch 33/150 [train]:  46%|████▌     | 12/26 [00:00<00:00, 50.76it/s, S=0.3505, loss=-0.2321]
Epoch 33/150 [train]:  46%|████▌     | 12/26 [00:00<00:00, 50.76it/s, S=0.3573, loss=-0.2404]
Epoch 33/150 [train]:  46%|████▌     | 12/26 [00:00<00:00, 50.76it/s, S=0.3612, loss=-0.2441]
Epoch 33/150 [train]:  46%|████▌     | 12/26 [00:00<00:00, 50.76it/s, S=0.3562, loss=-0.2401]
Epoch 33/150 [train]:  46%|████▌     | 12/26 [00:00<00:00, 50.76it/s, S=0.3517, loss=-0.2336]
Epoch 33/150 [train]:  69%|██████▉   | 18/26 [00:00<00:00, 50.65it/s, S=0.3517, loss=-0.2336]
Epoch 33/150 [train]:  69%|██████▉   | 18/26 [00:00<00:00, 50.65it/s, S=0.3508, loss=-0.2320]
Epoch 33/150 [train]:  69%|██████▉   | 18/26 [00:00<00:00, 50.65it/s, S=0.3662, loss=-0.2442]
Epoch 33/150 [train]:  69%|██████▉   | 18/26 [00:00<00:00, 50.65it/s, S=0.3554, loss=-0.2353]
Epoch 33/150 [train]:  69%|██████▉   | 18/26 [00:00<00:00, 50.65it/s, S=0.3603, loss=-0.2456]
Epoch 33/150 [train]:  69%|██████▉   | 18/26 [00:00<00:00, 50.65it/s, S=0.3578, loss=-0.2347]
Epoch 33/150 [train]:  69%|██████▉   | 18/26 [00:00<00:00, 50.65it/s, S=0.3507, loss=-0.2256]
Epoch 33/150 [train]:  92%|█████████▏| 24/26 [00:00<00:00, 50.63it/s, S=0.3507, loss=-0.2256]
Epoch 33/150 [train]:  92%|█████████▏| 24/26 [00:00<00:00, 50.63it/s, S=0.3630, loss=-0.2453]
Epoch 33/150 [train]:  92%|█████████▏| 24/26 [00:00<00:00, 50.63it/s, S=0.3629, loss=-0.2410]
                                                                                             
Epoch  33/150  train loss=-0.2379  val loss=-0.2536  S[mean]=0.3795  ζ=0.4323  mean_plane_ζ=0.3195  reg=0.1259  λscale=0.29  lr=4.93e-04

Epoch 34/150 [train]:   0%|          | 0/26 [00:00<?, ?it/s]
Epoch 34/150 [train]:   0%|          | 0/26 [00:00<?, ?it/s, S=0.3677, loss=-0.2484]
Epoch 34/150 [train]:   0%|          | 0/26 [00:00<?, ?it/s, S=0.3613, loss=-0.2402]
Epoch 34/150 [train]:   0%|          | 0/26 [00:00<?, ?it/s, S=0.3565, loss=-0.2372]
Epoch 34/150 [train]:   0%|          | 0/26 [00:00<?, ?it/s, S=0.3568, loss=-0.2385]
Epoch 34/150 [train]:   0%|          | 0/26 [00:00<?, ?it/s, S=0.3559, loss=-0.2356]
Epoch 34/150 [train]:   0%|          | 0/26 [00:00<?, ?it/s, S=0.3628, loss=-0.2403]
Epoch 34/150 [train]:  23%|██▎       | 6/26 [00:00<00:00, 50.64it/s, S=0.3628, loss=-0.2403]
Epoch 34/150 [train]:  23%|██▎       | 6/26 [00:00<00:00, 50.64it/s, S=0.3598, loss=-0.2424]
Epoch 34/150 [train]:  23%|██▎       | 6/26 [00:00<00:00, 50.64it/s, S=0.3577, loss=-0.2369]
Epoch 34/150 [train]:  23%|██▎       | 6/26 [00:00<00:00, 50.64it/s, S=0.3572, loss=-0.2341]
Epoch 34/150 [train]:  23%|██▎       | 6/26 [00:00<00:00, 50.64it/s, S=0.3677, loss=-0.2439]
Epoch 34/150 [train]:  23%|██▎       | 6/26 [00:00<00:00, 50.64it/s, S=0.3617, loss=-0.2447]
Epoch 34/150 [train]:  23%|██▎       | 6/26 [00:00<00:00, 50.64it/s, S=0.3628, loss=-0.2367]
Epoch 34/150 [train]:  46%|████▌     | 12/26 [00:00<00:00, 50.69it/s, S=0.3628, loss=-0.2367]
Epoch 34/150 [train]:  46%|████▌     | 12/26 [00:00<00:00, 50.69it/s, S=0.3582, loss=-0.2417]
Epoch 34/150 [train]:  46%|████▌     | 12/26 [00:00<00:00, 50.69it/s, S=0.3550, loss=-0.2254]
Epoch 34/150 [train]:  46%|████▌     | 12/26 [00:00<00:00, 50.69it/s, S=0.3649, loss=-0.2491]
Epoch 34/150 [train]:  46%|████▌     | 12/26 [00:00<00:00, 50.69it/s, S=0.3630, loss=-0.2438]
Epoch 34/150 [train]:  46%|████▌     | 12/26 [00:00<00:00, 50.69it/s, S=0.3594, loss=-0.2391]
Epoch 34/150 [train]:  46%|████▌     | 12/26 [00:00<00:00, 50.69it/s, S=0.3573, loss=-0.2343]
Epoch 34/150 [train]:  69%|██████▉   | 18/26 [00:00<00:00, 50.68it/s, S=0.3573, loss=-0.2343]
Epoch 34/150 [train]:  69%|██████▉   | 18/26 [00:00<00:00, 50.68it/s, S=0.3637, loss=-0.2447]
Epoch 34/150 [train]:  69%|██████▉   | 18/26 [00:00<00:00, 50.68it/s, S=0.3657, loss=-0.2451]
Epoch 34/150 [train]:  69%|██████▉   | 18/26 [00:00<00:00, 50.68it/s, S=0.3671, loss=-0.2501]
Epoch 34/150 [train]:  69%|██████▉   | 18/26 [00:00<00:00, 50.68it/s, S=0.3495, loss=-0.2259]
Epoch 34/150 [train]:  69%|██████▉   | 18/26 [00:00<00:00, 50.68it/s, S=0.3522, loss=-0.2386]
Epoch 34/150 [train]:  69%|██████▉   | 18/26 [00:00<00:00, 50.68it/s, S=0.3621, loss=-0.2388]
Epoch 34/150 [train]:  92%|█████████▏| 24/26 [00:00<00:00, 50.68it/s, S=0.3621, loss=-0.2388]
Epoch 34/150 [train]:  92%|█████████▏| 24/26 [00:00<00:00, 50.68it/s, S=0.3606, loss=-0.2457]
Epoch 34/150 [train]:  92%|█████████▏| 24/26 [00:00<00:00, 50.68it/s, S=0.3638, loss=-0.2449]
                                                                                             
Epoch  34/150  train loss=-0.2402  val loss=-0.2577  S[mean]=0.3832  ζ=0.4370  mean_plane_ζ=0.3229  reg=0.1255  λscale=0.30  lr=4.88e-04

Epoch 35/150 [train]:   0%|          | 0/26 [00:00<?, ?it/s]
Epoch 35/150 [train]:   0%|          | 0/26 [00:00<?, ?it/s, S=0.3674, loss=-0.2505]
Epoch 35/150 [train]:   0%|          | 0/26 [00:00<?, ?it/s, S=0.3645, loss=-0.2449]
Epoch 35/150 [train]:   0%|          | 0/26 [00:00<?, ?it/s, S=0.3676, loss=-0.2469]
Epoch 35/150 [train]:   0%|          | 0/26 [00:00<?, ?it/s, S=0.3668, loss=-0.2472]
Epoch 35/150 [train]:   0%|          | 0/26 [00:00<?, ?it/s, S=0.3696, loss=-0.2481]
Epoch 35/150 [train]:   0%|          | 0/26 [00:00<?, ?it/s, S=0.3680, loss=-0.2483]
Epoch 35/150 [train]:  23%|██▎       | 6/26 [00:00<00:00, 50.88it/s, S=0.3680, loss=-0.2483]
Epoch 35/150 [train]:  23%|██▎       | 6/26 [00:00<00:00, 50.88it/s, S=0.3639, loss=-0.2471]
Epoch 35/150 [train]:  23%|██▎       | 6/26 [00:00<00:00, 50.88it/s, S=0.3587, loss=-0.2387]
Epoch 35/150 [train]:  23%|██▎       | 6/26 [00:00<00:00, 50.88it/s, S=0.3688, loss=-0.2454]
Epoch 35/150 [train]:  23%|██▎       | 6/26 [00:00<00:00, 50.88it/s, S=0.3667, loss=-0.2429]
Epoch 35/150 [train]:  23%|██▎       | 6/26 [00:00<00:00, 50.88it/s, S=0.3652, loss=-0.2474]
Epoch 35/150 [train]:  23%|██▎       | 6/26 [00:00<00:00, 50.88it/s, S=0.3618, loss=-0.2409]
Epoch 35/150 [train]:  46%|████▌     | 12/26 [00:00<00:00, 50.83it/s, S=0.3618, loss=-0.2409]
Epoch 35/150 [train]:  46%|████▌     | 12/26 [00:00<00:00, 50.83it/s, S=0.3511, loss=-0.2322]
Epoch 35/150 [train]:  46%|████▌     | 12/26 [00:00<00:00, 50.83it/s, S=0.3665, loss=-0.2468]
Epoch 35/150 [train]:  46%|████▌     | 12/26 [00:00<00:00, 50.83it/s, S=0.3525, loss=-0.2244]
Epoch 35/150 [train]:  46%|████▌     | 12/26 [00:00<00:00, 50.83it/s, S=0.3667, loss=-0.2467]
Epoch 35/150 [train]:  46%|████▌     | 12/26 [00:00<00:00, 50.83it/s, S=0.3607, loss=-0.2403]
Epoch 35/150 [train]:  46%|████▌     | 12/26 [00:00<00:00, 50.83it/s, S=0.3636, loss=-0.2480]
Epoch 35/150 [train]:  69%|██████▉   | 18/26 [00:00<00:00, 50.75it/s, S=0.3636, loss=-0.2480]
Epoch 35/150 [train]:  69%|██████▉   | 18/26 [00:00<00:00, 50.75it/s, S=0.3660, loss=-0.2419]
Epoch 35/150 [train]:  69%|██████▉   | 18/26 [00:00<00:00, 50.75it/s, S=0.3685, loss=-0.2518]
Epoch 35/150 [train]:  69%|██████▉   | 18/26 [00:00<00:00, 50.75it/s, S=0.3666, loss=-0.2503]
Epoch 35/150 [train]:  69%|██████▉   | 18/26 [00:00<00:00, 50.75it/s, S=0.3652, loss=-0.2458]
Epoch 35/150 [train]:  69%|██████▉   | 18/26 [00:00<00:00, 50.75it/s, S=0.3648, loss=-0.2390]
Epoch 35/150 [train]:  69%|██████▉   | 18/26 [00:00<00:00, 50.75it/s, S=0.3680, loss=-0.2504]
Epoch 35/150 [train]:  92%|█████████▏| 24/26 [00:00<00:00, 50.71it/s, S=0.3680, loss=-0.2504]
Epoch 35/150 [train]:  92%|█████████▏| 24/26 [00:00<00:00, 50.71it/s, S=0.3651, loss=-0.2473]
Epoch 35/150 [train]:  92%|█████████▏| 24/26 [00:00<00:00, 50.71it/s, S=0.3748, loss=-0.2585]
                                                                                             
Epoch  35/150  train loss=-0.2451  val loss=-0.2597  S[mean]=0.3850  ζ=0.4375  mean_plane_ζ=0.3236  reg=0.1253  λscale=0.31  lr=4.81e-04

Epoch 36/150 [train]:   0%|          | 0/26 [00:00<?, ?it/s]
Epoch 36/150 [train]:   0%|          | 0/26 [00:00<?, ?it/s, S=0.3667, loss=-0.2494]
Epoch 36/150 [train]:   0%|          | 0/26 [00:00<?, ?it/s, S=0.3555, loss=-0.2243]
Epoch 36/150 [train]:   0%|          | 0/26 [00:00<?, ?it/s, S=0.3588, loss=-0.2420]
Epoch 36/150 [train]:   0%|          | 0/26 [00:00<?, ?it/s, S=0.3725, loss=-0.2566]
Epoch 36/150 [train]:   0%|          | 0/26 [00:00<?, ?it/s, S=0.3747, loss=-0.2590]
Epoch 36/150 [train]:   0%|          | 0/26 [00:00<?, ?it/s, S=0.3621, loss=-0.2422]
Epoch 36/150 [train]:  23%|██▎       | 6/26 [00:00<00:00, 50.85it/s, S=0.3621, loss=-0.2422]
Epoch 36/150 [train]:  23%|██▎       | 6/26 [00:00<00:00, 50.85it/s, S=0.3665, loss=-0.2407]
Epoch 36/150 [train]:  23%|██▎       | 6/26 [00:00<00:00, 50.85it/s, S=0.3717, loss=-0.2464]
Epoch 36/150 [train]:  23%|██▎       | 6/26 [00:00<00:00, 50.85it/s, S=0.3762, loss=-0.2550]
Epoch 36/150 [train]:  23%|██▎       | 6/26 [00:00<00:00, 50.85it/s, S=0.3720, loss=-0.2501]
Epoch 36/150 [train]:  23%|██▎       | 6/26 [00:00<00:00, 50.85it/s, S=0.3594, loss=-0.2292]
Epoch 36/150 [train]:  23%|██▎       | 6/26 [00:00<00:00, 50.85it/s, S=0.3650, loss=-0.2483]
Epoch 36/150 [train]:  46%|████▌     | 12/26 [00:00<00:00, 50.86it/s, S=0.3650, loss=-0.2483]
Epoch 36/150 [train]:  46%|████▌     | 12/26 [00:00<00:00, 50.86it/s, S=0.3708, loss=-0.2553]
Epoch 36/150 [train]:  46%|████▌     | 12/26 [00:00<00:00, 50.86it/s, S=0.3617, loss=-0.2416]
Epoch 36/150 [train]:  46%|████▌     | 12/26 [00:00<00:00, 50.86it/s, S=0.3673, loss=-0.2457]
Epoch 36/150 [train]:  46%|████▌     | 12/26 [00:00<00:00, 50.86it/s, S=0.3642, loss=-0.2430]
Epoch 36/150 [train]:  46%|████▌     | 12/26 [00:00<00:00, 50.86it/s, S=0.3639, loss=-0.2468]
Epoch 36/150 [train]:  46%|████▌     | 12/26 [00:00<00:00, 50.86it/s, S=0.3679, loss=-0.2463]
Epoch 36/150 [train]:  69%|██████▉   | 18/26 [00:00<00:00, 50.88it/s, S=0.3679, loss=-0.2463]
Epoch 36/150 [train]:  69%|██████▉   | 18/26 [00:00<00:00, 50.88it/s, S=0.3675, loss=-0.2515]
Epoch 36/150 [train]:  69%|██████▉   | 18/26 [00:00<00:00, 50.88it/s, S=0.3665, loss=-0.2467]
Epoch 36/150 [train]:  69%|██████▉   | 18/26 [00:00<00:00, 50.88it/s, S=0.3634, loss=-0.2402]
Epoch 36/150 [train]:  69%|██████▉   | 18/26 [00:00<00:00, 50.88it/s, S=0.3638, loss=-0.2395]
Epoch 36/150 [train]:  69%|██████▉   | 18/26 [00:00<00:00, 50.88it/s, S=0.3710, loss=-0.2506]
Epoch 36/150 [train]:  69%|██████▉   | 18/26 [00:00<00:00, 50.88it/s, S=0.3706, loss=-0.2567]
Epoch 36/150 [train]:  92%|█████████▏| 24/26 [00:00<00:00, 50.74it/s, S=0.3706, loss=-0.2567]
Epoch 36/150 [train]:  92%|█████████▏| 24/26 [00:00<00:00, 50.74it/s, S=0.3696, loss=-0.2516]
Epoch 36/150 [train]:  92%|█████████▏| 24/26 [00:00<00:00, 50.74it/s, S=0.3656, loss=-0.2431]
                                                                                             
Epoch  36/150  train loss=-0.2462  val loss=-0.2599  S[mean]=0.3862  ζ=0.4379  mean_plane_ζ=0.3245  reg=0.1263  λscale=0.31  lr=4.73e-04

Epoch 37/150 [train]:   0%|          | 0/26 [00:00<?, ?it/s]
Epoch 37/150 [train]:   0%|          | 0/26 [00:00<?, ?it/s, S=0.3625, loss=-0.2418]
Epoch 37/150 [train]:   0%|          | 0/26 [00:00<?, ?it/s, S=0.3632, loss=-0.2306]
Epoch 37/150 [train]:   0%|          | 0/26 [00:00<?, ?it/s, S=0.3719, loss=-0.2503]
Epoch 37/150 [train]:   0%|          | 0/26 [00:00<?, ?it/s, S=0.3730, loss=-0.2554]
Epoch 37/150 [train]:   0%|          | 0/26 [00:00<?, ?it/s, S=0.3706, loss=-0.2497]
Epoch 37/150 [train]:   0%|          | 0/26 [00:00<?, ?it/s, S=0.3731, loss=-0.2546]
Epoch 37/150 [train]:  23%|██▎       | 6/26 [00:00<00:00, 50.85it/s, S=0.3731, loss=-0.2546]
Epoch 37/150 [train]:  23%|██▎       | 6/26 [00:00<00:00, 50.85it/s, S=0.3717, loss=-0.2505]
Epoch 37/150 [train]:  23%|██▎       | 6/26 [00:00<00:00, 50.85it/s, S=0.3692, loss=-0.2444]
Epoch 37/150 [train]:  23%|██▎       | 6/26 [00:00<00:00, 50.85it/s, S=0.3651, loss=-0.2419]
Epoch 37/150 [train]:  23%|██▎       | 6/26 [00:00<00:00, 50.85it/s, S=0.3753, loss=-0.2515]
Epoch 37/150 [train]:  23%|██▎       | 6/26 [00:00<00:00, 50.85it/s, S=0.3625, loss=-0.2400]
Epoch 37/150 [train]:  23%|██▎       | 6/26 [00:00<00:00, 50.85it/s, S=0.3639, loss=-0.2440]
Epoch 37/150 [train]:  46%|████▌     | 12/26 [00:00<00:00, 50.75it/s, S=0.3639, loss=-0.2440]
Epoch 37/150 [train]:  46%|████▌     | 12/26 [00:00<00:00, 50.75it/s, S=0.3684, loss=-0.2505]
Epoch 37/150 [train]:  46%|████▌     | 12/26 [00:00<00:00, 50.75it/s, S=0.3728, loss=-0.2532]
Epoch 37/150 [train]:  46%|████▌     | 12/26 [00:00<00:00, 50.75it/s, S=0.3672, loss=-0.2471]
Epoch 37/150 [train]:  46%|████▌     | 12/26 [00:00<00:00, 50.75it/s, S=0.3677, loss=-0.2470]
Epoch 37/150 [train]:  46%|████▌     | 12/26 [00:00<00:00, 50.75it/s, S=0.3771, loss=-0.2595]
Epoch 37/150 [train]:  46%|████▌     | 12/26 [00:00<00:00, 50.75it/s, S=0.3743, loss=-0.2508]
Epoch 37/150 [train]:  69%|██████▉   | 18/26 [00:00<00:00, 50.72it/s, S=0.3743, loss=-0.2508]
Epoch 37/150 [train]:  69%|██████▉   | 18/26 [00:00<00:00, 50.72it/s, S=0.3721, loss=-0.2516]
Epoch 37/150 [train]:  69%|██████▉   | 18/26 [00:00<00:00, 50.72it/s, S=0.3672, loss=-0.2485]
Epoch 37/150 [train]:  69%|██████▉   | 18/26 [00:00<00:00, 50.72it/s, S=0.3718, loss=-0.2448]
Epoch 37/150 [train]:  69%|██████▉   | 18/26 [00:00<00:00, 50.72it/s, S=0.3714, loss=-0.2507]
Epoch 37/150 [train]:  69%|██████▉   | 18/26 [00:00<00:00, 50.72it/s, S=0.3597, loss=-0.2411]
Epoch 37/150 [train]:  69%|██████▉   | 18/26 [00:00<00:00, 50.72it/s, S=0.3735, loss=-0.2574]
Epoch 37/150 [train]:  92%|█████████▏| 24/26 [00:00<00:00, 50.70it/s, S=0.3735, loss=-0.2574]
Epoch 37/150 [train]:  92%|█████████▏| 24/26 [00:00<00:00, 50.70it/s, S=0.3705, loss=-0.2497]
Epoch 37/150 [train]:  92%|█████████▏| 24/26 [00:00<00:00, 50.70it/s, S=0.3619, loss=-0.2447]
                                                                                             
Epoch  37/150  train loss=-0.2481  val loss=-0.2620  S[mean]=0.3889  ζ=0.4404  mean_plane_ζ=0.3270  reg=0.1269  λscale=0.32  lr=4.63e-04

Epoch 38/150 [train]:   0%|          | 0/26 [00:00<?, ?it/s]
Epoch 38/150 [train]:   0%|          | 0/26 [00:00<?, ?it/s, S=0.3725, loss=-0.2423]
Epoch 38/150 [train]:   0%|          | 0/26 [00:00<?, ?it/s, S=0.3758, loss=-0.2544]
Epoch 38/150 [train]:   0%|          | 0/26 [00:00<?, ?it/s, S=0.3637, loss=-0.2333]
Epoch 38/150 [train]:   0%|          | 0/26 [00:00<?, ?it/s, S=0.3691, loss=-0.2500]
Epoch 38/150 [train]:   0%|          | 0/26 [00:00<?, ?it/s, S=0.3662, loss=-0.2430]
Epoch 38/150 [train]:   0%|          | 0/26 [00:00<?, ?it/s, S=0.3739, loss=-0.2519]
Epoch 38/150 [train]:  23%|██▎       | 6/26 [00:00<00:00, 50.80it/s, S=0.3739, loss=-0.2519]
Epoch 38/150 [train]:  23%|██▎       | 6/26 [00:00<00:00, 50.80it/s, S=0.3683, loss=-0.2385]
Epoch 38/150 [train]:  23%|██▎       | 6/26 [00:00<00:00, 50.80it/s, S=0.3695, loss=-0.2500]
Epoch 38/150 [train]:  23%|██▎       | 6/26 [00:00<00:00, 50.80it/s, S=0.3691, loss=-0.2491]
Epoch 38/150 [train]:  23%|██▎       | 6/26 [00:00<00:00, 50.80it/s, S=0.3788, loss=-0.2547]
Epoch 38/150 [train]:  23%|██▎       | 6/26 [00:00<00:00, 50.80it/s, S=0.3706, loss=-0.2484]
Epoch 38/150 [train]:  23%|██▎       | 6/26 [00:00<00:00, 50.80it/s, S=0.3730, loss=-0.2511]
Epoch 38/150 [train]:  46%|████▌     | 12/26 [00:00<00:00, 50.73it/s, S=0.3730, loss=-0.2511]
Epoch 38/150 [train]:  46%|████▌     | 12/26 [00:00<00:00, 50.73it/s, S=0.3713, loss=-0.2515]
Epoch 38/150 [train]:  46%|████▌     | 12/26 [00:00<00:00, 50.73it/s, S=0.3664, loss=-0.2498]
Epoch 38/150 [train]:  46%|████▌     | 12/26 [00:00<00:00, 50.73it/s, S=0.3759, loss=-0.2549]
Epoch 38/150 [train]:  46%|████▌     | 12/26 [00:00<00:00, 50.73it/s, S=0.3696, loss=-0.2460]
Epoch 38/150 [train]:  46%|████▌     | 12/26 [00:00<00:00, 50.73it/s, S=0.3723, loss=-0.2469]
Epoch 38/150 [train]:  46%|████▌     | 12/26 [00:00<00:00, 50.73it/s, S=0.3673, loss=-0.2411]
Epoch 38/150 [train]:  69%|██████▉   | 18/26 [00:00<00:00, 50.68it/s, S=0.3673, loss=-0.2411]
Epoch 38/150 [train]:  69%|██████▉   | 18/26 [00:00<00:00, 50.68it/s, S=0.3743, loss=-0.2548]
Epoch 38/150 [train]:  69%|██████▉   | 18/26 [00:00<00:00, 50.68it/s, S=0.3753, loss=-0.2480]
Epoch 38/150 [train]:  69%|██████▉   | 18/26 [00:00<00:00, 50.68it/s, S=0.3673, loss=-0.2462]
Epoch 38/150 [train]:  69%|██████▉   | 18/26 [00:00<00:00, 50.68it/s, S=0.3769, loss=-0.2598]
Epoch 38/150 [train]:  69%|██████▉   | 18/26 [00:00<00:00, 50.68it/s, S=0.3724, loss=-0.2534]
Epoch 38/150 [train]:  69%|██████▉   | 18/26 [00:00<00:00, 50.68it/s, S=0.3608, loss=-0.2351]
Epoch 38/150 [train]:  92%|█████████▏| 24/26 [00:00<00:00, 50.59it/s, S=0.3608, loss=-0.2351]
Epoch 38/150 [train]:  92%|█████████▏| 24/26 [00:00<00:00, 50.59it/s, S=0.3713, loss=-0.2444]
Epoch 38/150 [train]:  92%|█████████▏| 24/26 [00:00<00:00, 50.59it/s, S=0.3748, loss=-0.2505]
                                                                                             
Epoch  38/150  train loss=-0.2480  val loss=-0.2636  S[mean]=0.3904  ζ=0.4421  mean_plane_ζ=0.3288  reg=0.1268  λscale=0.32  lr=4.52e-04

Epoch 39/150 [train]:   0%|          | 0/26 [00:00<?, ?it/s]
Epoch 39/150 [train]:   0%|          | 0/26 [00:00<?, ?it/s, S=0.3756, loss=-0.2563]
Epoch 39/150 [train]:   0%|          | 0/26 [00:00<?, ?it/s, S=0.3783, loss=-0.2586]
Epoch 39/150 [train]:   0%|          | 0/26 [00:00<?, ?it/s, S=0.3681, loss=-0.2428]
Epoch 39/150 [train]:   0%|          | 0/26 [00:00<?, ?it/s, S=0.3672, loss=-0.2454]
Epoch 39/150 [train]:   0%|          | 0/26 [00:00<?, ?it/s, S=0.3764, loss=-0.2569]
Epoch 39/150 [train]:   0%|          | 0/26 [00:00<?, ?it/s, S=0.3722, loss=-0.2462]
Epoch 39/150 [train]:  23%|██▎       | 6/26 [00:00<00:00, 50.79it/s, S=0.3722, loss=-0.2462]
Epoch 39/150 [train]:  23%|██▎       | 6/26 [00:00<00:00, 50.79it/s, S=0.3779, loss=-0.2560]
Epoch 39/150 [train]:  23%|██▎       | 6/26 [00:00<00:00, 50.79it/s, S=0.3728, loss=-0.2459]
Epoch 39/150 [train]:  23%|██▎       | 6/26 [00:00<00:00, 50.79it/s, S=0.3749, loss=-0.2513]
Epoch 39/150 [train]:  23%|██▎       | 6/26 [00:00<00:00, 50.79it/s, S=0.3777, loss=-0.2578]
Epoch 39/150 [train]:  23%|██▎       | 6/26 [00:00<00:00, 50.79it/s, S=0.3826, loss=-0.2643]
Epoch 39/150 [train]:  23%|██▎       | 6/26 [00:00<00:00, 50.79it/s, S=0.3771, loss=-0.2525]
Epoch 39/150 [train]:  46%|████▌     | 12/26 [00:00<00:00, 50.79it/s, S=0.3771, loss=-0.2525]
Epoch 39/150 [train]:  46%|████▌     | 12/26 [00:00<00:00, 50.79it/s, S=0.3773, loss=-0.2594]
Epoch 39/150 [train]:  46%|████▌     | 12/26 [00:00<00:00, 50.79it/s, S=0.3768, loss=-0.2581]
Epoch 39/150 [train]:  46%|████▌     | 12/26 [00:00<00:00, 50.79it/s, S=0.3791, loss=-0.2564]
Epoch 39/150 [train]:  46%|████▌     | 12/26 [00:00<00:00, 50.79it/s, S=0.3822, loss=-0.2636]
Epoch 39/150 [train]:  46%|████▌     | 12/26 [00:00<00:00, 50.79it/s, S=0.3709, loss=-0.2509]
Epoch 39/150 [train]:  46%|████▌     | 12/26 [00:00<00:00, 50.79it/s, S=0.3641, loss=-0.2379]
Epoch 39/150 [train]:  69%|██████▉   | 18/26 [00:00<00:00, 50.80it/s, S=0.3641, loss=-0.2379]
Epoch 39/150 [train]:  69%|██████▉   | 18/26 [00:00<00:00, 50.80it/s, S=0.3570, loss=-0.2109]
Epoch 39/150 [train]:  69%|██████▉   | 18/26 [00:00<00:00, 50.80it/s, S=0.3720, loss=-0.2530]
Epoch 39/150 [train]:  69%|██████▉   | 18/26 [00:00<00:00, 50.80it/s, S=0.3697, loss=-0.2434]
Epoch 39/150 [train]:  69%|██████▉   | 18/26 [00:00<00:00, 50.80it/s, S=0.3745, loss=-0.2530]
Epoch 39/150 [train]:  69%|██████▉   | 18/26 [00:00<00:00, 50.80it/s, S=0.3802, loss=-0.2648]
Epoch 39/150 [train]:  69%|██████▉   | 18/26 [00:00<00:00, 50.80it/s, S=0.3728, loss=-0.2534]
Epoch 39/150 [train]:  92%|█████████▏| 24/26 [00:00<00:00, 50.78it/s, S=0.3728, loss=-0.2534]
Epoch 39/150 [train]:  92%|█████████▏| 24/26 [00:00<00:00, 50.78it/s, S=0.3664, loss=-0.2467]
Epoch 39/150 [train]:  92%|█████████▏| 24/26 [00:00<00:00, 50.78it/s, S=0.3753, loss=-0.2553]
                                                                                             
Epoch  39/150  train loss=-0.2516  val loss=-0.2640  S[mean]=0.3920  ζ=0.4434  mean_plane_ζ=0.3305  reg=0.1280  λscale=0.33  lr=4.40e-04

Epoch 40/150 [train]:   0%|          | 0/26 [00:00<?, ?it/s]
Epoch 40/150 [train]:   0%|          | 0/26 [00:00<?, ?it/s, S=0.3745, loss=-0.2529]
Epoch 40/150 [train]:   0%|          | 0/26 [00:00<?, ?it/s, S=0.3712, loss=-0.2432]
Epoch 40/150 [train]:   0%|          | 0/26 [00:00<?, ?it/s, S=0.3771, loss=-0.2561]
Epoch 40/150 [train]:   0%|          | 0/26 [00:00<?, ?it/s, S=0.3789, loss=-0.2570]
Epoch 40/150 [train]:   0%|          | 0/26 [00:00<?, ?it/s, S=0.3766, loss=-0.2406]
Epoch 40/150 [train]:   0%|          | 0/26 [00:00<?, ?it/s, S=0.3781, loss=-0.2593]
Epoch 40/150 [train]:  23%|██▎       | 6/26 [00:00<00:00, 50.89it/s, S=0.3781, loss=-0.2593]
Epoch 40/150 [train]:  23%|██▎       | 6/26 [00:00<00:00, 50.89it/s, S=0.3754, loss=-0.2407]
Epoch 40/150 [train]:  23%|██▎       | 6/26 [00:00<00:00, 50.89it/s, S=0.3787, loss=-0.2587]
Epoch 40/150 [train]:  23%|██▎       | 6/26 [00:00<00:00, 50.89it/s, S=0.3883, loss=-0.2636]
Epoch 40/150 [train]:  23%|██▎       | 6/26 [00:00<00:00, 50.89it/s, S=0.3733, loss=-0.2372]
Epoch 40/150 [train]:  23%|██▎       | 6/26 [00:00<00:00, 50.89it/s, S=0.3720, loss=-0.2497]
Epoch 40/150 [train]:  23%|██▎       | 6/26 [00:00<00:00, 50.89it/s, S=0.3822, loss=-0.2609]
Epoch 40/150 [train]:  46%|████▌     | 12/26 [00:00<00:00, 50.77it/s, S=0.3822, loss=-0.2609]
Epoch 40/150 [train]:  46%|████▌     | 12/26 [00:00<00:00, 50.77it/s, S=0.3740, loss=-0.2483]
Epoch 40/150 [train]:  46%|████▌     | 12/26 [00:00<00:00, 50.77it/s, S=0.3800, loss=-0.2553]
Epoch 40/150 [train]:  46%|████▌     | 12/26 [00:00<00:00, 50.77it/s, S=0.3725, loss=-0.2523]
Epoch 40/150 [train]:  46%|████▌     | 12/26 [00:00<00:00, 50.77it/s, S=0.3830, loss=-0.2632]
Epoch 40/150 [train]:  46%|████▌     | 12/26 [00:00<00:00, 50.77it/s, S=0.3733, loss=-0.2476]
Epoch 40/150 [train]:  46%|████▌     | 12/26 [00:00<00:00, 50.77it/s, S=0.3726, loss=-0.2467]
Epoch 40/150 [train]:  69%|██████▉   | 18/26 [00:00<00:00, 50.72it/s, S=0.3726, loss=-0.2467]
Epoch 40/150 [train]:  69%|██████▉   | 18/26 [00:00<00:00, 50.72it/s, S=0.3712, loss=-0.2505]
Epoch 40/150 [train]:  69%|██████▉   | 18/26 [00:00<00:00, 50.72it/s, S=0.3754, loss=-0.2568]
Epoch 40/150 [train]:  69%|██████▉   | 18/26 [00:00<00:00, 50.72it/s, S=0.3778, loss=-0.2549]
Epoch 40/150 [train]:  69%|██████▉   | 18/26 [00:00<00:00, 50.72it/s, S=0.3707, loss=-0.2488]
Epoch 40/150 [train]:  69%|██████▉   | 18/26 [00:00<00:00, 50.72it/s, S=0.3676, loss=-0.2381]
Epoch 40/150 [train]:  69%|██████▉   | 18/26 [00:00<00:00, 50.72it/s, S=0.3750, loss=-0.2445]
Epoch 40/150 [train]:  92%|█████████▏| 24/26 [00:00<00:00, 50.71it/s, S=0.3750, loss=-0.2445]
Epoch 40/150 [train]:  92%|█████████▏| 24/26 [00:00<00:00, 50.71it/s, S=0.3785, loss=-0.2526]
Epoch 40/150 [train]:  92%|█████████▏| 24/26 [00:00<00:00, 50.71it/s, S=0.3792, loss=-0.2582]
                                                                                             
Epoch  40/150  train loss=-0.2515  val loss=-0.2650  S[mean]=0.3943  ζ=0.4454  mean_plane_ζ=0.3322  reg=0.1292  λscale=0.34  lr=4.27e-04

Epoch 41/150 [train]:   0%|          | 0/26 [00:00<?, ?it/s]
Epoch 41/150 [train]:   0%|          | 0/26 [00:00<?, ?it/s, S=0.3841, loss=-0.2606]
Epoch 41/150 [train]:   0%|          | 0/26 [00:00<?, ?it/s, S=0.3813, loss=-0.2617]
Epoch 41/150 [train]:   0%|          | 0/26 [00:00<?, ?it/s, S=0.3769, loss=-0.2581]
Epoch 41/150 [train]:   0%|          | 0/26 [00:00<?, ?it/s, S=0.3747, loss=-0.2564]
Epoch 41/150 [train]:   0%|          | 0/26 [00:00<?, ?it/s, S=0.3803, loss=-0.2471]
Epoch 41/150 [train]:   0%|          | 0/26 [00:00<?, ?it/s, S=0.3788, loss=-0.2450]
Epoch 41/150 [train]:  23%|██▎       | 6/26 [00:00<00:00, 50.77it/s, S=0.3788, loss=-0.2450]
Epoch 41/150 [train]:  23%|██▎       | 6/26 [00:00<00:00, 50.77it/s, S=0.3766, loss=-0.2534]
Epoch 41/150 [train]:  23%|██▎       | 6/26 [00:00<00:00, 50.77it/s, S=0.3830, loss=-0.2603]
Epoch 41/150 [train]:  23%|██▎       | 6/26 [00:00<00:00, 50.77it/s, S=0.3745, loss=-0.2528]
Epoch 41/150 [train]:  23%|██▎       | 6/26 [00:00<00:00, 50.77it/s, S=0.3740, loss=-0.2542]
Epoch 41/150 [train]:  23%|██▎       | 6/26 [00:00<00:00, 50.77it/s, S=0.3764, loss=-0.2550]
Epoch 41/150 [train]:  23%|██▎       | 6/26 [00:00<00:00, 50.77it/s, S=0.3812, loss=-0.2617]
Epoch 41/150 [train]:  46%|████▌     | 12/26 [00:00<00:00, 50.79it/s, S=0.3812, loss=-0.2617]
Epoch 41/150 [train]:  46%|████▌     | 12/26 [00:00<00:00, 50.79it/s, S=0.3786, loss=-0.2464]
Epoch 41/150 [train]:  46%|████▌     | 12/26 [00:00<00:00, 50.79it/s, S=0.3883, loss=-0.2690]
Epoch 41/150 [train]:  46%|████▌     | 12/26 [00:00<00:00, 50.79it/s, S=0.3786, loss=-0.2548]
Epoch 41/150 [train]:  46%|████▌     | 12/26 [00:00<00:00, 50.79it/s, S=0.3770, loss=-0.2482]
Epoch 41/150 [train]:  46%|████▌     | 12/26 [00:00<00:00, 50.79it/s, S=0.3854, loss=-0.2637]
Epoch 41/150 [train]:  46%|████▌     | 12/26 [00:00<00:00, 50.79it/s, S=0.3752, loss=-0.2505]
Epoch 41/150 [train]:  69%|██████▉   | 18/26 [00:00<00:00, 50.80it/s, S=0.3752, loss=-0.2505]
Epoch 41/150 [train]:  69%|██████▉   | 18/26 [00:00<00:00, 50.80it/s, S=0.3758, loss=-0.2534]
Epoch 41/150 [train]:  69%|██████▉   | 18/26 [00:00<00:00, 50.80it/s, S=0.3732, loss=-0.2522]
Epoch 41/150 [train]:  69%|██████▉   | 18/26 [00:00<00:00, 50.80it/s, S=0.3742, loss=-0.2519]
Epoch 41/150 [train]:  69%|██████▉   | 18/26 [00:00<00:00, 50.80it/s, S=0.3822, loss=-0.2575]
Epoch 41/150 [train]:  69%|██████▉   | 18/26 [00:00<00:00, 50.80it/s, S=0.3757, loss=-0.2587]
Epoch 41/150 [train]:  69%|██████▉   | 18/26 [00:00<00:00, 50.80it/s, S=0.3755, loss=-0.2485]
Epoch 41/150 [train]:  92%|█████████▏| 24/26 [00:00<00:00, 50.75it/s, S=0.3755, loss=-0.2485]
Epoch 41/150 [train]:  92%|█████████▏| 24/26 [00:00<00:00, 50.75it/s, S=0.3741, loss=-0.2467]
Epoch 41/150 [train]:  92%|█████████▏| 24/26 [00:00<00:00, 50.75it/s, S=0.3868, loss=-0.2610]
                                                                                             
Epoch  41/150  train loss=-0.2550  val loss=-0.2664  S[mean]=0.3958  ζ=0.4469  mean_plane_ζ=0.3334  reg=0.1294  λscale=0.34  lr=4.12e-04

Epoch 42/150 [train]:   0%|          | 0/26 [00:00<?, ?it/s]
Epoch 42/150 [train]:   0%|          | 0/26 [00:00<?, ?it/s, S=0.3811, loss=-0.2587]
Epoch 42/150 [train]:   0%|          | 0/26 [00:00<?, ?it/s, S=0.3813, loss=-0.2573]
Epoch 42/150 [train]:   0%|          | 0/26 [00:00<?, ?it/s, S=0.3879, loss=-0.2650]
Epoch 42/150 [train]:   0%|          | 0/26 [00:00<?, ?it/s, S=0.3890, loss=-0.2668]
Epoch 42/150 [train]:   0%|          | 0/26 [00:00<?, ?it/s, S=0.3776, loss=-0.2535]
Epoch 42/150 [train]:   0%|          | 0/26 [00:00<?, ?it/s, S=0.3798, loss=-0.2587]
Epoch 42/150 [train]:  23%|██▎       | 6/26 [00:00<00:00, 50.71it/s, S=0.3798, loss=-0.2587]
Epoch 42/150 [train]:  23%|██▎       | 6/26 [00:00<00:00, 50.71it/s, S=0.3838, loss=-0.2640]
Epoch 42/150 [train]:  23%|██▎       | 6/26 [00:00<00:00, 50.71it/s, S=0.3729, loss=-0.2485]
Epoch 42/150 [train]:  23%|██▎       | 6/26 [00:00<00:00, 50.71it/s, S=0.3778, loss=-0.2516]
Epoch 42/150 [train]:  23%|██▎       | 6/26 [00:00<00:00, 50.71it/s, S=0.3829, loss=-0.2578]
Epoch 42/150 [train]:  23%|██▎       | 6/26 [00:00<00:00, 50.71it/s, S=0.3753, loss=-0.2549]
Epoch 42/150 [train]:  23%|██▎       | 6/26 [00:00<00:00, 50.71it/s, S=0.3812, loss=-0.2541]
Epoch 42/150 [train]:  46%|████▌     | 12/26 [00:00<00:00, 50.70it/s, S=0.3812, loss=-0.2541]
Epoch 42/150 [train]:  46%|████▌     | 12/26 [00:00<00:00, 50.70it/s, S=0.3755, loss=-0.2509]
Epoch 42/150 [train]:  46%|████▌     | 12/26 [00:00<00:00, 50.70it/s, S=0.3837, loss=-0.2619]
Epoch 42/150 [train]:  46%|████▌     | 12/26 [00:00<00:00, 50.70it/s, S=0.3703, loss=-0.2514]
Epoch 42/150 [train]:  46%|████▌     | 12/26 [00:00<00:00, 50.70it/s, S=0.3876, loss=-0.2625]
Epoch 42/150 [train]:  46%|████▌     | 12/26 [00:00<00:00, 50.70it/s, S=0.3759, loss=-0.2482]
Epoch 42/150 [train]:  46%|████▌     | 12/26 [00:00<00:00, 50.70it/s, S=0.3850, loss=-0.2601]
Epoch 42/150 [train]:  69%|██████▉   | 18/26 [00:00<00:00, 50.67it/s, S=0.3850, loss=-0.2601]
Epoch 42/150 [train]:  69%|██████▉   | 18/26 [00:00<00:00, 50.67it/s, S=0.3702, loss=-0.2459]
Epoch 42/150 [train]:  69%|██████▉   | 18/26 [00:00<00:00, 50.67it/s, S=0.3852, loss=-0.2650]
Epoch 42/150 [train]:  69%|██████▉   | 18/26 [00:00<00:00, 50.67it/s, S=0.3774, loss=-0.2478]
Epoch 42/150 [train]:  69%|██████▉   | 18/26 [00:00<00:00, 50.67it/s, S=0.3893, loss=-0.2695]
Epoch 42/150 [train]:  69%|██████▉   | 18/26 [00:00<00:00, 50.67it/s, S=0.3839, loss=-0.2673]
Epoch 42/150 [train]:  69%|██████▉   | 18/26 [00:00<00:00, 50.67it/s, S=0.3698, loss=-0.2315]
Epoch 42/150 [train]:  92%|█████████▏| 24/26 [00:00<00:00, 50.67it/s, S=0.3698, loss=-0.2315]
Epoch 42/150 [train]:  92%|█████████▏| 24/26 [00:00<00:00, 50.67it/s, S=0.3787, loss=-0.2562]
Epoch 42/150 [train]:  92%|█████████▏| 24/26 [00:00<00:00, 50.67it/s, S=0.3808, loss=-0.2618]
                                                                                             
Epoch  42/150  train loss=-0.2566  val loss=-0.2664  S[mean]=0.3962  ζ=0.4473  mean_plane_ζ=0.3338  reg=0.1298  λscale=0.35  lr=3.97e-04

Epoch 43/150 [train]:   0%|          | 0/26 [00:00<?, ?it/s]
Epoch 43/150 [train]:   0%|          | 0/26 [00:00<?, ?it/s, S=0.3826, loss=-0.2583]
Epoch 43/150 [train]:   0%|          | 0/26 [00:00<?, ?it/s, S=0.3813, loss=-0.2555]
Epoch 43/150 [train]:   0%|          | 0/26 [00:00<?, ?it/s, S=0.3848, loss=-0.2570]
Epoch 43/150 [train]:   0%|          | 0/26 [00:00<?, ?it/s, S=0.3877, loss=-0.2621]
Epoch 43/150 [train]:   0%|          | 0/26 [00:00<?, ?it/s, S=0.3829, loss=-0.2619]
Epoch 43/150 [train]:   0%|          | 0/26 [00:00<?, ?it/s, S=0.3817, loss=-0.2534]
Epoch 43/150 [train]:  23%|██▎       | 6/26 [00:00<00:00, 50.78it/s, S=0.3817, loss=-0.2534]
Epoch 43/150 [train]:  23%|██▎       | 6/26 [00:00<00:00, 50.78it/s, S=0.3858, loss=-0.2619]
Epoch 43/150 [train]:  23%|██▎       | 6/26 [00:00<00:00, 50.78it/s, S=0.3803, loss=-0.2448]
Epoch 43/150 [train]:  23%|██▎       | 6/26 [00:00<00:00, 50.78it/s, S=0.3843, loss=-0.2605]
Epoch 43/150 [train]:  23%|██▎       | 6/26 [00:00<00:00, 50.78it/s, S=0.3826, loss=-0.2593]
Epoch 43/150 [train]:  23%|██▎       | 6/26 [00:00<00:00, 50.78it/s, S=0.3853, loss=-0.2605]
Epoch 43/150 [train]:  23%|██▎       | 6/26 [00:00<00:00, 50.78it/s, S=0.3775, loss=-0.2480]
Epoch 43/150 [train]:  46%|████▌     | 12/26 [00:00<00:00, 50.78it/s, S=0.3775, loss=-0.2480]
Epoch 43/150 [train]:  46%|████▌     | 12/26 [00:00<00:00, 50.78it/s, S=0.3836, loss=-0.2580]
Epoch 43/150 [train]:  46%|████▌     | 12/26 [00:00<00:00, 50.78it/s, S=0.3797, loss=-0.2572]
Epoch 43/150 [train]:  46%|████▌     | 12/26 [00:00<00:00, 50.78it/s, S=0.3902, loss=-0.2655]
Epoch 43/150 [train]:  46%|████▌     | 12/26 [00:00<00:00, 50.78it/s, S=0.3887, loss=-0.2654]
Epoch 43/150 [train]:  46%|████▌     | 12/26 [00:00<00:00, 50.78it/s, S=0.3804, loss=-0.2566]
Epoch 43/150 [train]:  46%|████▌     | 12/26 [00:00<00:00, 50.78it/s, S=0.3798, loss=-0.2542]
Epoch 43/150 [train]:  69%|██████▉   | 18/26 [00:00<00:00, 50.74it/s, S=0.3798, loss=-0.2542]
Epoch 43/150 [train]:  69%|██████▉   | 18/26 [00:00<00:00, 50.74it/s, S=0.3739, loss=-0.2477]
Epoch 43/150 [train]:  69%|██████▉   | 18/26 [00:00<00:00, 50.74it/s, S=0.3751, loss=-0.2502]
Epoch 43/150 [train]:  69%|██████▉   | 18/26 [00:00<00:00, 50.74it/s, S=0.3854, loss=-0.2650]
Epoch 43/150 [train]:  69%|██████▉   | 18/26 [00:00<00:00, 50.74it/s, S=0.3664, loss=-0.2371]
Epoch 43/150 [train]:  69%|██████▉   | 18/26 [00:00<00:00, 50.74it/s, S=0.3750, loss=-0.2464]
Epoch 43/150 [train]:  69%|██████▉   | 18/26 [00:00<00:00, 50.74it/s, S=0.3839, loss=-0.2601]
Epoch 43/150 [train]:  92%|█████████▏| 24/26 [00:00<00:00, 50.70it/s, S=0.3839, loss=-0.2601]
Epoch 43/150 [train]:  92%|█████████▏| 24/26 [00:00<00:00, 50.70it/s, S=0.3843, loss=-0.2635]
Epoch 43/150 [train]:  92%|█████████▏| 24/26 [00:00<00:00, 50.70it/s, S=0.3773, loss=-0.2536]
                                                                                             
Epoch  43/150  train loss=-0.2563  val loss=-0.2689  S[mean]=0.3984  ζ=0.4505  mean_plane_ζ=0.3361  reg=0.1296  λscale=0.35  lr=3.81e-04

Epoch 44/150 [train]:   0%|          | 0/26 [00:00<?, ?it/s]
Epoch 44/150 [train]:   0%|          | 0/26 [00:00<?, ?it/s, S=0.3786, loss=-0.2524]
Epoch 44/150 [train]:   0%|          | 0/26 [00:00<?, ?it/s, S=0.3815, loss=-0.2558]
Epoch 44/150 [train]:   0%|          | 0/26 [00:00<?, ?it/s, S=0.3874, loss=-0.2639]
Epoch 44/150 [train]:   0%|          | 0/26 [00:00<?, ?it/s, S=0.3856, loss=-0.2604]
Epoch 44/150 [train]:   0%|          | 0/26 [00:00<?, ?it/s, S=0.3813, loss=-0.2602]
Epoch 44/150 [train]:   0%|          | 0/26 [00:00<?, ?it/s, S=0.3898, loss=-0.2650]
Epoch 44/150 [train]:  23%|██▎       | 6/26 [00:00<00:00, 50.75it/s, S=0.3898, loss=-0.2650]
Epoch 44/150 [train]:  23%|██▎       | 6/26 [00:00<00:00, 50.75it/s, S=0.3829, loss=-0.2583]
Epoch 44/150 [train]:  23%|██▎       | 6/26 [00:00<00:00, 50.75it/s, S=0.3765, loss=-0.2529]
Epoch 44/150 [train]:  23%|██▎       | 6/26 [00:00<00:00, 50.75it/s, S=0.3873, loss=-0.2660]
Epoch 44/150 [train]:  23%|██▎       | 6/26 [00:00<00:00, 50.75it/s, S=0.3797, loss=-0.2547]
Epoch 44/150 [train]:  23%|██▎       | 6/26 [00:00<00:00, 50.75it/s, S=0.3810, loss=-0.2601]
Epoch 44/150 [train]:  23%|██▎       | 6/26 [00:00<00:00, 50.75it/s, S=0.3882, loss=-0.2613]
Epoch 44/150 [train]:  46%|████▌     | 12/26 [00:00<00:00, 50.69it/s, S=0.3882, loss=-0.2613]
Epoch 44/150 [train]:  46%|████▌     | 12/26 [00:00<00:00, 50.69it/s, S=0.3899, loss=-0.2652]
Epoch 44/150 [train]:  46%|████▌     | 12/26 [00:00<00:00, 50.69it/s, S=0.3906, loss=-0.2668]
Epoch 44/150 [train]:  46%|████▌     | 12/26 [00:00<00:00, 50.69it/s, S=0.3895, loss=-0.2673]
Epoch 44/150 [train]:  46%|████▌     | 12/26 [00:00<00:00, 50.69it/s, S=0.3821, loss=-0.2623]
Epoch 44/150 [train]:  46%|████▌     | 12/26 [00:00<00:00, 50.69it/s, S=0.3845, loss=-0.2602]
Epoch 44/150 [train]:  46%|████▌     | 12/26 [00:00<00:00, 50.69it/s, S=0.3827, loss=-0.2620]
Epoch 44/150 [train]:  69%|██████▉   | 18/26 [00:00<00:00, 50.68it/s, S=0.3827, loss=-0.2620]
Epoch 44/150 [train]:  69%|██████▉   | 18/26 [00:00<00:00, 50.68it/s, S=0.3869, loss=-0.2659]
Epoch 44/150 [train]:  69%|██████▉   | 18/26 [00:00<00:00, 50.68it/s, S=0.3844, loss=-0.2495]
Epoch 44/150 [train]:  69%|██████▉   | 18/26 [00:00<00:00, 50.68it/s, S=0.3806, loss=-0.2515]
Epoch 44/150 [train]:  69%|██████▉   | 18/26 [00:00<00:00, 50.68it/s, S=0.3830, loss=-0.2589]
Epoch 44/150 [train]:  69%|██████▉   | 18/26 [00:00<00:00, 50.68it/s, S=0.3810, loss=-0.2572]
Epoch 44/150 [train]:  69%|██████▉   | 18/26 [00:00<00:00, 50.68it/s, S=0.3768, loss=-0.2559]
Epoch 44/150 [train]:  92%|█████████▏| 24/26 [00:00<00:00, 50.67it/s, S=0.3768, loss=-0.2559]
Epoch 44/150 [train]:  92%|█████████▏| 24/26 [00:00<00:00, 50.67it/s, S=0.3819, loss=-0.2599]
Epoch 44/150 [train]:  92%|█████████▏| 24/26 [00:00<00:00, 50.67it/s, S=0.3883, loss=-0.2641]
                                                                                             
Epoch  44/150  train loss=-0.2599  val loss=-0.2688  S[mean]=0.3996  ζ=0.4515  mean_plane_ζ=0.3370  reg=0.1308  λscale=0.36  lr=3.63e-04

Epoch 45/150 [train]:   0%|          | 0/26 [00:00<?, ?it/s]
Epoch 45/150 [train]:   0%|          | 0/26 [00:00<?, ?it/s, S=0.3909, loss=-0.2685]
Epoch 45/150 [train]:   0%|          | 0/26 [00:00<?, ?it/s, S=0.3896, loss=-0.2658]
Epoch 45/150 [train]:   0%|          | 0/26 [00:00<?, ?it/s, S=0.3892, loss=-0.2680]
Epoch 45/150 [train]:   0%|          | 0/26 [00:00<?, ?it/s, S=0.3857, loss=-0.2615]
Epoch 45/150 [train]:   0%|          | 0/26 [00:00<?, ?it/s, S=0.3714, loss=-0.2432]
Epoch 45/150 [train]:   0%|          | 0/26 [00:00<?, ?it/s, S=0.3923, loss=-0.2648]
Epoch 45/150 [train]:  23%|██▎       | 6/26 [00:00<00:00, 50.80it/s, S=0.3923, loss=-0.2648]
Epoch 45/150 [train]:  23%|██▎       | 6/26 [00:00<00:00, 50.80it/s, S=0.3841, loss=-0.2614]
Epoch 45/150 [train]:  23%|██▎       | 6/26 [00:00<00:00, 50.80it/s, S=0.3829, loss=-0.2611]
Epoch 45/150 [train]:  23%|██▎       | 6/26 [00:00<00:00, 50.80it/s, S=0.3875, loss=-0.2609]
Epoch 45/150 [train]:  23%|██▎       | 6/26 [00:00<00:00, 50.80it/s, S=0.3779, loss=-0.2471]
Epoch 45/150 [train]:  23%|██▎       | 6/26 [00:00<00:00, 50.80it/s, S=0.3819, loss=-0.2540]
Epoch 45/150 [train]:  23%|██▎       | 6/26 [00:00<00:00, 50.80it/s, S=0.3864, loss=-0.2550]
Epoch 45/150 [train]:  46%|████▌     | 12/26 [00:00<00:00, 50.70it/s, S=0.3864, loss=-0.2550]
Epoch 45/150 [train]:  46%|████▌     | 12/26 [00:00<00:00, 50.70it/s, S=0.3844, loss=-0.2607]
Epoch 45/150 [train]:  46%|████▌     | 12/26 [00:00<00:00, 50.70it/s, S=0.3883, loss=-0.2614]
Epoch 45/150 [train]:  46%|████▌     | 12/26 [00:00<00:00, 50.70it/s, S=0.3822, loss=-0.2582]
Epoch 45/150 [train]:  46%|████▌     | 12/26 [00:00<00:00, 50.70it/s, S=0.3894, loss=-0.2609]
Epoch 45/150 [train]:  46%|████▌     | 12/26 [00:00<00:00, 50.70it/s, S=0.3881, loss=-0.2662]
Epoch 45/150 [train]:  46%|████▌     | 12/26 [00:00<00:00, 50.70it/s, S=0.3830, loss=-0.2603]
Epoch 45/150 [train]:  69%|██████▉   | 18/26 [00:00<00:00, 50.63it/s, S=0.3830, loss=-0.2603]
Epoch 45/150 [train]:  69%|██████▉   | 18/26 [00:00<00:00, 50.63it/s, S=0.3859, loss=-0.2657]
Epoch 45/150 [train]:  69%|██████▉   | 18/26 [00:00<00:00, 50.63it/s, S=0.3925, loss=-0.2672]
Epoch 45/150 [train]:  69%|██████▉   | 18/26 [00:00<00:00, 50.63it/s, S=0.3885, loss=-0.2691]
Epoch 45/150 [train]:  69%|██████▉   | 18/26 [00:00<00:00, 50.63it/s, S=0.3767, loss=-0.2514]
Epoch 45/150 [train]:  69%|██████▉   | 18/26 [00:00<00:00, 50.63it/s, S=0.3847, loss=-0.2545]
Epoch 45/150 [train]:  69%|██████▉   | 18/26 [00:00<00:00, 50.63it/s, S=0.3844, loss=-0.2571]
Epoch 45/150 [train]:  92%|█████████▏| 24/26 [00:00<00:00, 50.56it/s, S=0.3844, loss=-0.2571]
Epoch 45/150 [train]:  92%|█████████▏| 24/26 [00:00<00:00, 50.56it/s, S=0.3797, loss=-0.2585]
Epoch 45/150 [train]:  92%|█████████▏| 24/26 [00:00<00:00, 50.56it/s, S=0.3874, loss=-0.2638]
                                                                                             
Epoch  45/150  train loss=-0.2602  val loss=-0.2686  S[mean]=0.4001  ζ=0.4529  mean_plane_ζ=0.3382  reg=0.1315  λscale=0.37  lr=3.46e-04

Epoch 46/150 [train]:   0%|          | 0/26 [00:00<?, ?it/s]
Epoch 46/150 [train]:   0%|          | 0/26 [00:00<?, ?it/s, S=0.3870, loss=-0.2608]
Epoch 46/150 [train]:   0%|          | 0/26 [00:00<?, ?it/s, S=0.3911, loss=-0.2621]
Epoch 46/150 [train]:   0%|          | 0/26 [00:00<?, ?it/s, S=0.3926, loss=-0.2662]
Epoch 46/150 [train]:   0%|          | 0/26 [00:00<?, ?it/s, S=0.3927, loss=-0.2706]
Epoch 46/150 [train]:   0%|          | 0/26 [00:00<?, ?it/s, S=0.3831, loss=-0.2485]
Epoch 46/150 [train]:   0%|          | 0/26 [00:00<?, ?it/s, S=0.3860, loss=-0.2641]
Epoch 46/150 [train]:  23%|██▎       | 6/26 [00:00<00:00, 50.74it/s, S=0.3860, loss=-0.2641]
Epoch 46/150 [train]:  23%|██▎       | 6/26 [00:00<00:00, 50.74it/s, S=0.3865, loss=-0.2597]
Epoch 46/150 [train]:  23%|██▎       | 6/26 [00:00<00:00, 50.74it/s, S=0.3825, loss=-0.2577]
Epoch 46/150 [train]:  23%|██▎       | 6/26 [00:00<00:00, 50.74it/s, S=0.3856, loss=-0.2616]
Epoch 46/150 [train]:  23%|██▎       | 6/26 [00:00<00:00, 50.74it/s, S=0.3821, loss=-0.2510]
Epoch 46/150 [train]:  23%|██▎       | 6/26 [00:00<00:00, 50.74it/s, S=0.3766, loss=-0.2394]
Epoch 46/150 [train]:  23%|██▎       | 6/26 [00:00<00:00, 50.74it/s, S=0.3935, loss=-0.2710]
Epoch 46/150 [train]:  46%|████▌     | 12/26 [00:00<00:00, 50.69it/s, S=0.3935, loss=-0.2710]
Epoch 46/150 [train]:  46%|████▌     | 12/26 [00:00<00:00, 50.69it/s, S=0.3866, loss=-0.2565]
Epoch 46/150 [train]:  46%|████▌     | 12/26 [00:00<00:00, 50.69it/s, S=0.3885, loss=-0.2611]
Epoch 46/150 [train]:  46%|████▌     | 12/26 [00:00<00:00, 50.69it/s, S=0.3881, loss=-0.2609]
Epoch 46/150 [train]:  46%|████▌     | 12/26 [00:00<00:00, 50.69it/s, S=0.3868, loss=-0.2553]
Epoch 46/150 [train]:  46%|████▌     | 12/26 [00:00<00:00, 50.69it/s, S=0.3827, loss=-0.2599]
Epoch 46/150 [train]:  46%|████▌     | 12/26 [00:00<00:00, 50.69it/s, S=0.3830, loss=-0.2519]
Epoch 46/150 [train]:  69%|██████▉   | 18/26 [00:00<00:00, 50.68it/s, S=0.3830, loss=-0.2519]
Epoch 46/150 [train]:  69%|██████▉   | 18/26 [00:00<00:00, 50.68it/s, S=0.3792, loss=-0.2531]
Epoch 46/150 [train]:  69%|██████▉   | 18/26 [00:00<00:00, 50.68it/s, S=0.3765, loss=-0.2529]
Epoch 46/150 [train]:  69%|██████▉   | 18/26 [00:00<00:00, 50.68it/s, S=0.3750, loss=-0.2434]
Epoch 46/150 [train]:  69%|██████▉   | 18/26 [00:00<00:00, 50.68it/s, S=0.3827, loss=-0.2544]
Epoch 46/150 [train]:  69%|██████▉   | 18/26 [00:00<00:00, 50.68it/s, S=0.3764, loss=-0.2429]
Epoch 46/150 [train]:  69%|██████▉   | 18/26 [00:00<00:00, 50.68it/s, S=0.3816, loss=-0.2569]
Epoch 46/150 [train]:  92%|█████████▏| 24/26 [00:00<00:00, 50.65it/s, S=0.3816, loss=-0.2569]
Epoch 46/150 [train]:  92%|█████████▏| 24/26 [00:00<00:00, 50.65it/s, S=0.3954, loss=-0.2738]
Epoch 46/150 [train]:  92%|█████████▏| 24/26 [00:00<00:00, 50.65it/s, S=0.3903, loss=-0.2669]
                                                                                             
Epoch  46/150  train loss=-0.2578  val loss=-0.2682  S[mean]=0.4004  ζ=0.4540  mean_plane_ζ=0.3387  reg=0.1322  λscale=0.37  lr=3.27e-04

Epoch 47/150 [train]:   0%|          | 0/26 [00:00<?, ?it/s]
Epoch 47/150 [train]:   0%|          | 0/26 [00:00<?, ?it/s, S=0.3865, loss=-0.2591]
Epoch 47/150 [train]:   0%|          | 0/26 [00:00<?, ?it/s, S=0.3904, loss=-0.2640]
Epoch 47/150 [train]:   0%|          | 0/26 [00:00<?, ?it/s, S=0.3862, loss=-0.2633]
Epoch 47/150 [train]:   0%|          | 0/26 [00:00<?, ?it/s, S=0.3856, loss=-0.2612]
Epoch 47/150 [train]:   0%|          | 0/26 [00:00<?, ?it/s, S=0.3805, loss=-0.2516]
Epoch 47/150 [train]:   0%|          | 0/26 [00:00<?, ?it/s, S=0.3957, loss=-0.2653]
Epoch 47/150 [train]:  23%|██▎       | 6/26 [00:00<00:00, 50.80it/s, S=0.3957, loss=-0.2653]
Epoch 47/150 [train]:  23%|██▎       | 6/26 [00:00<00:00, 50.80it/s, S=0.3815, loss=-0.2498]
Epoch 47/150 [train]:  23%|██▎       | 6/26 [00:00<00:00, 50.80it/s, S=0.3849, loss=-0.2574]
Epoch 47/150 [train]:  23%|██▎       | 6/26 [00:00<00:00, 50.80it/s, S=0.3861, loss=-0.2643]
Epoch 47/150 [train]:  23%|██▎       | 6/26 [00:00<00:00, 50.80it/s, S=0.3760, loss=-0.2515]
Epoch 47/150 [train]:  23%|██▎       | 6/26 [00:00<00:00, 50.80it/s, S=0.3888, loss=-0.2559]
Epoch 47/150 [train]:  23%|██▎       | 6/26 [00:00<00:00, 50.80it/s, S=0.3875, loss=-0.2612]
Epoch 47/150 [train]:  46%|████▌     | 12/26 [00:00<00:00, 50.83it/s, S=0.3875, loss=-0.2612]
Epoch 47/150 [train]:  46%|████▌     | 12/26 [00:00<00:00, 50.83it/s, S=0.3876, loss=-0.2582]
Epoch 47/150 [train]:  46%|████▌     | 12/26 [00:00<00:00, 50.83it/s, S=0.3830, loss=-0.2468]
Epoch 47/150 [train]:  46%|████▌     | 12/26 [00:00<00:00, 50.83it/s, S=0.3862, loss=-0.2628]
Epoch 47/150 [train]:  46%|████▌     | 12/26 [00:00<00:00, 50.83it/s, S=0.3838, loss=-0.2528]
Epoch 47/150 [train]:  46%|████▌     | 12/26 [00:00<00:00, 50.83it/s, S=0.3889, loss=-0.2605]
Epoch 47/150 [train]:  46%|████▌     | 12/26 [00:00<00:00, 50.83it/s, S=0.3728, loss=-0.2373]
Epoch 47/150 [train]:  69%|██████▉   | 18/26 [00:00<00:00, 50.72it/s, S=0.3728, loss=-0.2373]
Epoch 47/150 [train]:  69%|██████▉   | 18/26 [00:00<00:00, 50.72it/s, S=0.3815, loss=-0.2547]
Epoch 47/150 [train]:  69%|██████▉   | 18/26 [00:00<00:00, 50.72it/s, S=0.3892, loss=-0.2647]
Epoch 47/150 [train]:  69%|██████▉   | 18/26 [00:00<00:00, 50.72it/s, S=0.3856, loss=-0.2575]
Epoch 47/150 [train]:  69%|██████▉   | 18/26 [00:00<00:00, 50.72it/s, S=0.3898, loss=-0.2616]
Epoch 47/150 [train]:  69%|██████▉   | 18/26 [00:00<00:00, 50.72it/s, S=0.3826, loss=-0.2590]
Epoch 47/150 [train]:  69%|██████▉   | 18/26 [00:00<00:00, 50.72it/s, S=0.3831, loss=-0.2455]
Epoch 47/150 [train]:  92%|█████████▏| 24/26 [00:00<00:00, 50.69it/s, S=0.3831, loss=-0.2455]
Epoch 47/150 [train]:  92%|█████████▏| 24/26 [00:00<00:00, 50.69it/s, S=0.3786, loss=-0.2330]
Epoch 47/150 [train]:  92%|█████████▏| 24/26 [00:00<00:00, 50.69it/s, S=0.3861, loss=-0.2577]
                                                                                             
Epoch  47/150  train loss=-0.2560  val loss=-0.2679  S[mean]=0.4003  ζ=0.4539  mean_plane_ζ=0.3389  reg=0.1324  λscale=0.38  lr=3.08e-04

Epoch 48/150 [train]:   0%|          | 0/26 [00:00<?, ?it/s]
Epoch 48/150 [train]:   0%|          | 0/26 [00:00<?, ?it/s, S=0.3905, loss=-0.2673]
Epoch 48/150 [train]:   0%|          | 0/26 [00:00<?, ?it/s, S=0.3902, loss=-0.2694]
Epoch 48/150 [train]:   0%|          | 0/26 [00:00<?, ?it/s, S=0.3839, loss=-0.2542]
Epoch 48/150 [train]:   0%|          | 0/26 [00:00<?, ?it/s, S=0.3854, loss=-0.2539]
Epoch 48/150 [train]:   0%|          | 0/26 [00:00<?, ?it/s, S=0.3841, loss=-0.2618]
Epoch 48/150 [train]:   0%|          | 0/26 [00:00<?, ?it/s, S=0.3867, loss=-0.2591]
Epoch 48/150 [train]:  23%|██▎       | 6/26 [00:00<00:00, 50.82it/s, S=0.3867, loss=-0.2591]
Epoch 48/150 [train]:  23%|██▎       | 6/26 [00:00<00:00, 50.82it/s, S=0.3856, loss=-0.2585]
Epoch 48/150 [train]:  23%|██▎       | 6/26 [00:00<00:00, 50.82it/s, S=0.3949, loss=-0.2666]
Epoch 48/150 [train]:  23%|██▎       | 6/26 [00:00<00:00, 50.82it/s, S=0.3896, loss=-0.2612]
Epoch 48/150 [train]:  23%|██▎       | 6/26 [00:00<00:00, 50.82it/s, S=0.3898, loss=-0.2613]
Epoch 48/150 [train]:  23%|██▎       | 6/26 [00:00<00:00, 50.82it/s, S=0.3871, loss=-0.2629]
Epoch 48/150 [train]:  23%|██▎       | 6/26 [00:00<00:00, 50.82it/s, S=0.3881, loss=-0.2646]
Epoch 48/150 [train]:  46%|████▌     | 12/26 [00:00<00:00, 50.84it/s, S=0.3881, loss=-0.2646]
Epoch 48/150 [train]:  46%|████▌     | 12/26 [00:00<00:00, 50.84it/s, S=0.3896, loss=-0.2605]
Epoch 48/150 [train]:  46%|████▌     | 12/26 [00:00<00:00, 50.84it/s, S=0.3921, loss=-0.2602]
Epoch 48/150 [train]:  46%|████▌     | 12/26 [00:00<00:00, 50.84it/s, S=0.3885, loss=-0.2645]
Epoch 48/150 [train]:  46%|████▌     | 12/26 [00:00<00:00, 50.84it/s, S=0.3928, loss=-0.2695]
Epoch 48/150 [train]:  46%|████▌     | 12/26 [00:00<00:00, 50.84it/s, S=0.3927, loss=-0.2660]
Epoch 48/150 [train]:  46%|████▌     | 12/26 [00:00<00:00, 50.84it/s, S=0.3876, loss=-0.2612]
Epoch 48/150 [train]:  69%|██████▉   | 18/26 [00:00<00:00, 50.75it/s, S=0.3876, loss=-0.2612]
Epoch 48/150 [train]:  69%|██████▉   | 18/26 [00:00<00:00, 50.75it/s, S=0.3926, loss=-0.2647]
Epoch 48/150 [train]:  69%|██████▉   | 18/26 [00:00<00:00, 50.75it/s, S=0.3848, loss=-0.2521]
Epoch 48/150 [train]:  69%|██████▉   | 18/26 [00:00<00:00, 50.75it/s, S=0.3845, loss=-0.2512]
Epoch 48/150 [train]:  69%|██████▉   | 18/26 [00:00<00:00, 50.75it/s, S=0.3865, loss=-0.2578]
Epoch 48/150 [train]:  69%|██████▉   | 18/26 [00:00<00:00, 50.75it/s, S=0.3794, loss=-0.2500]
Epoch 48/150 [train]:  69%|██████▉   | 18/26 [00:00<00:00, 50.75it/s, S=0.3810, loss=-0.2489]
Epoch 48/150 [train]:  92%|█████████▏| 24/26 [00:00<00:00, 50.70it/s, S=0.3810, loss=-0.2489]
Epoch 48/150 [train]:  92%|█████████▏| 24/26 [00:00<00:00, 50.70it/s, S=0.3850, loss=-0.2620]
Epoch 48/150 [train]:  92%|█████████▏| 24/26 [00:00<00:00, 50.70it/s, S=0.3856, loss=-0.2555]
                                                                                             
Epoch  48/150  train loss=-0.2602  val loss=-0.2672  S[mean]=0.4013  ζ=0.4555  mean_plane_ζ=0.3401  reg=0.1341  λscale=0.38  lr=2.89e-04

Epoch 49/150 [train]:   0%|          | 0/26 [00:00<?, ?it/s]
Epoch 49/150 [train]:   0%|          | 0/26 [00:00<?, ?it/s, S=0.3884, loss=-0.2512]
Epoch 49/150 [train]:   0%|          | 0/26 [00:00<?, ?it/s, S=0.3827, loss=-0.2563]
Epoch 49/150 [train]:   0%|          | 0/26 [00:00<?, ?it/s, S=0.3880, loss=-0.2538]
Epoch 49/150 [train]:   0%|          | 0/26 [00:00<?, ?it/s, S=0.3855, loss=-0.2558]
Epoch 49/150 [train]:   0%|          | 0/26 [00:00<?, ?it/s, S=0.3866, loss=-0.2541]
Epoch 49/150 [train]:   0%|          | 0/26 [00:00<?, ?it/s, S=0.3884, loss=-0.2599]
Epoch 49/150 [train]:  23%|██▎       | 6/26 [00:00<00:00, 50.85it/s, S=0.3884, loss=-0.2599]
Epoch 49/150 [train]:  23%|██▎       | 6/26 [00:00<00:00, 50.85it/s, S=0.3881, loss=-0.2631]
Epoch 49/150 [train]:  23%|██▎       | 6/26 [00:00<00:00, 50.85it/s, S=0.3910, loss=-0.2662]
Epoch 49/150 [train]:  23%|██▎       | 6/26 [00:00<00:00, 50.85it/s, S=0.3886, loss=-0.2634]
Epoch 49/150 [train]:  23%|██▎       | 6/26 [00:00<00:00, 50.85it/s, S=0.3925, loss=-0.2656]
Epoch 49/150 [train]:  23%|██▎       | 6/26 [00:00<00:00, 50.85it/s, S=0.3890, loss=-0.2633]
Epoch 49/150 [train]:  23%|██▎       | 6/26 [00:00<00:00, 50.85it/s, S=0.3858, loss=-0.2406]
Epoch 49/150 [train]:  46%|████▌     | 12/26 [00:00<00:00, 50.71it/s, S=0.3858, loss=-0.2406]
Epoch 49/150 [train]:  46%|████▌     | 12/26 [00:00<00:00, 50.71it/s, S=0.3949, loss=-0.2633]
Epoch 49/150 [train]:  46%|████▌     | 12/26 [00:00<00:00, 50.71it/s, S=0.3926, loss=-0.2664]
Epoch 49/150 [train]:  46%|████▌     | 12/26 [00:00<00:00, 50.71it/s, S=0.3892, loss=-0.2656]
Epoch 49/150 [train]:  46%|████▌     | 12/26 [00:00<00:00, 50.71it/s, S=0.3909, loss=-0.2574]
Epoch 49/150 [train]:  46%|████▌     | 12/26 [00:00<00:00, 50.71it/s, S=0.3830, loss=-0.2551]
Epoch 49/150 [train]:  46%|████▌     | 12/26 [00:00<00:00, 50.71it/s, S=0.3864, loss=-0.2500]
Epoch 49/150 [train]:  69%|██████▉   | 18/26 [00:00<00:00, 50.68it/s, S=0.3864, loss=-0.2500]
Epoch 49/150 [train]:  69%|██████▉   | 18/26 [00:00<00:00, 50.68it/s, S=0.3965, loss=-0.2720]
Epoch 49/150 [train]:  69%|██████▉   | 18/26 [00:00<00:00, 50.68it/s, S=0.3924, loss=-0.2633]
Epoch 49/150 [train]:  69%|██████▉   | 18/26 [00:00<00:00, 50.68it/s, S=0.3816, loss=-0.2494]
Epoch 49/150 [train]:  69%|██████▉   | 18/26 [00:00<00:00, 50.68it/s, S=0.3817, loss=-0.2518]
Epoch 49/150 [train]:  69%|██████▉   | 18/26 [00:00<00:00, 50.68it/s, S=0.3794, loss=-0.2442]
Epoch 49/150 [train]:  69%|██████▉   | 18/26 [00:00<00:00, 50.68it/s, S=0.3880, loss=-0.2621]
Epoch 49/150 [train]:  92%|█████████▏| 24/26 [00:00<00:00, 50.66it/s, S=0.3880, loss=-0.2621]
Epoch 49/150 [train]:  92%|█████████▏| 24/26 [00:00<00:00, 50.66it/s, S=0.3828, loss=-0.2602]
Epoch 49/150 [train]:  92%|█████████▏| 24/26 [00:00<00:00, 50.66it/s, S=0.3842, loss=-0.2542]
                                                                                             
Epoch  49/150  train loss=-0.2580  val loss=-0.2681  S[mean]=0.4021  ζ=0.4571  mean_plane_ζ=0.3413  reg=0.1340  λscale=0.39  lr=2.70e-04

Epoch 50/150 [train]:   0%|          | 0/26 [00:00<?, ?it/s]
Epoch 50/150 [train]:   0%|          | 0/26 [00:00<?, ?it/s, S=0.3946, loss=-0.2670]
Epoch 50/150 [train]:   0%|          | 0/26 [00:00<?, ?it/s, S=0.3831, loss=-0.2531]
Epoch 50/150 [train]:   0%|          | 0/26 [00:00<?, ?it/s, S=0.3918, loss=-0.2649]
Epoch 50/150 [train]:   0%|          | 0/26 [00:00<?, ?it/s, S=0.3938, loss=-0.2584]
Epoch 50/150 [train]:   0%|          | 0/26 [00:00<?, ?it/s, S=0.3845, loss=-0.2578]
Epoch 50/150 [train]:   0%|          | 0/26 [00:00<?, ?it/s, S=0.3820, loss=-0.2543]
Epoch 50/150 [train]:  23%|██▎       | 6/26 [00:00<00:00, 50.72it/s, S=0.3820, loss=-0.2543]
Epoch 50/150 [train]:  23%|██▎       | 6/26 [00:00<00:00, 50.72it/s, S=0.3857, loss=-0.2562]
Epoch 50/150 [train]:  23%|██▎       | 6/26 [00:00<00:00, 50.72it/s, S=0.3923, loss=-0.2660]
Epoch 50/150 [train]:  23%|██▎       | 6/26 [00:00<00:00, 50.72it/s, S=0.3954, loss=-0.2692]
Epoch 50/150 [train]:  23%|██▎       | 6/26 [00:00<00:00, 50.72it/s, S=0.3872, loss=-0.2547]
Epoch 50/150 [train]:  23%|██▎       | 6/26 [00:00<00:00, 50.72it/s, S=0.3850, loss=-0.2510]
Epoch 50/150 [train]:  23%|██▎       | 6/26 [00:00<00:00, 50.72it/s, S=0.3861, loss=-0.2568]
Epoch 50/150 [train]:  46%|████▌     | 12/26 [00:00<00:00, 50.67it/s, S=0.3861, loss=-0.2568]
Epoch 50/150 [train]:  46%|████▌     | 12/26 [00:00<00:00, 50.67it/s, S=0.3845, loss=-0.2525]
Epoch 50/150 [train]:  46%|████▌     | 12/26 [00:00<00:00, 50.67it/s, S=0.3967, loss=-0.2692]
Epoch 50/150 [train]:  46%|████▌     | 12/26 [00:00<00:00, 50.67it/s, S=0.3926, loss=-0.2628]
Epoch 50/150 [train]:  46%|████▌     | 12/26 [00:00<00:00, 50.67it/s, S=0.3898, loss=-0.2573]
Epoch 50/150 [train]:  46%|████▌     | 12/26 [00:00<00:00, 50.67it/s, S=0.3915, loss=-0.2601]
Epoch 50/150 [train]:  46%|████▌     | 12/26 [00:00<00:00, 50.67it/s, S=0.3860, loss=-0.2582]
Epoch 50/150 [train]:  69%|██████▉   | 18/26 [00:00<00:00, 50.65it/s, S=0.3860, loss=-0.2582]
Epoch 50/150 [train]:  69%|██████▉   | 18/26 [00:00<00:00, 50.65it/s, S=0.3907, loss=-0.2581]
Epoch 50/150 [train]:  69%|██████▉   | 18/26 [00:00<00:00, 50.65it/s, S=0.3862, loss=-0.2541]
Epoch 50/150 [train]:  69%|██████▉   | 18/26 [00:00<00:00, 50.65it/s, S=0.3898, loss=-0.2616]
Epoch 50/150 [train]:  69%|██████▉   | 18/26 [00:00<00:00, 50.65it/s, S=0.3908, loss=-0.2653]
Epoch 50/150 [train]:  69%|██████▉   | 18/26 [00:00<00:00, 50.65it/s, S=0.3907, loss=-0.2660]
Epoch 50/150 [train]:  69%|██████▉   | 18/26 [00:00<00:00, 50.65it/s, S=0.3906, loss=-0.2625]
Epoch 50/150 [train]:  92%|█████████▏| 24/26 [00:00<00:00, 50.64it/s, S=0.3906, loss=-0.2625]
Epoch 50/150 [train]:  92%|█████████▏| 24/26 [00:00<00:00, 50.64it/s, S=0.3900, loss=-0.2577]
Epoch 50/150 [train]:  92%|█████████▏| 24/26 [00:00<00:00, 50.64it/s, S=0.3903, loss=-0.2662]
                                                                                             
Epoch  50/150  train loss=-0.2600  val loss=-0.2672  S[mean]=0.4025  ζ=0.4575  mean_plane_ζ=0.3417  reg=0.1352  λscale=0.40  lr=2.50e-04

Epoch 51/150 [train]:   0%|          | 0/26 [00:00<?, ?it/s]
Epoch 51/150 [train]:   0%|          | 0/26 [00:00<?, ?it/s, S=0.3883, loss=-0.2596]
Epoch 51/150 [train]:   0%|          | 0/26 [00:00<?, ?it/s, S=0.3915, loss=-0.2621]
Epoch 51/150 [train]:   0%|          | 0/26 [00:00<?, ?it/s, S=0.3835, loss=-0.2532]
Epoch 51/150 [train]:   0%|          | 0/26 [00:00<?, ?it/s, S=0.3950, loss=-0.2592]
Epoch 51/150 [train]:   0%|          | 0/26 [00:00<?, ?it/s, S=0.3949, loss=-0.2681]
Epoch 51/150 [train]:   0%|          | 0/26 [00:00<?, ?it/s, S=0.3830, loss=-0.2509]
Epoch 51/150 [train]:  23%|██▎       | 6/26 [00:00<00:00, 50.72it/s, S=0.3830, loss=-0.2509]
Epoch 51/150 [train]:  23%|██▎       | 6/26 [00:00<00:00, 50.72it/s, S=0.3878, loss=-0.2574]
Epoch 51/150 [train]:  23%|██▎       | 6/26 [00:00<00:00, 50.72it/s, S=0.3981, loss=-0.2718]
Epoch 51/150 [train]:  23%|██▎       | 6/26 [00:00<00:00, 50.72it/s, S=0.3931, loss=-0.2652]
Epoch 51/150 [train]:  23%|██▎       | 6/26 [00:00<00:00, 50.72it/s, S=0.3942, loss=-0.2683]
Epoch 51/150 [train]:  23%|██▎       | 6/26 [00:00<00:00, 50.72it/s, S=0.3904, loss=-0.2609]
Epoch 51/150 [train]:  23%|██▎       | 6/26 [00:00<00:00, 50.72it/s, S=0.3903, loss=-0.2533]
Epoch 51/150 [train]:  46%|████▌     | 12/26 [00:00<00:00, 50.68it/s, S=0.3903, loss=-0.2533]
Epoch 51/150 [train]:  46%|████▌     | 12/26 [00:00<00:00, 50.68it/s, S=0.3903, loss=-0.2632]
Epoch 51/150 [train]:  46%|████▌     | 12/26 [00:00<00:00, 50.68it/s, S=0.3900, loss=-0.2593]
Epoch 51/150 [train]:  46%|████▌     | 12/26 [00:00<00:00, 50.68it/s, S=0.3867, loss=-0.2600]
Epoch 51/150 [train]:  46%|████▌     | 12/26 [00:00<00:00, 50.68it/s, S=0.3865, loss=-0.2535]
Epoch 51/150 [train]:  46%|████▌     | 12/26 [00:00<00:00, 50.68it/s, S=0.3917, loss=-0.2641]
Epoch 51/150 [train]:  46%|████▌     | 12/26 [00:00<00:00, 50.68it/s, S=0.3822, loss=-0.2541]
Epoch 51/150 [train]:  69%|██████▉   | 18/26 [00:00<00:00, 50.68it/s, S=0.3822, loss=-0.2541]
Epoch 51/150 [train]:  69%|██████▉   | 18/26 [00:00<00:00, 50.68it/s, S=0.3921, loss=-0.2626]
Epoch 51/150 [train]:  69%|██████▉   | 18/26 [00:00<00:00, 50.68it/s, S=0.3935, loss=-0.2668]
Epoch 51/150 [train]:  69%|██████▉   | 18/26 [00:00<00:00, 50.68it/s, S=0.3890, loss=-0.2461]
Epoch 51/150 [train]:  69%|██████▉   | 18/26 [00:00<00:00, 50.68it/s, S=0.3878, loss=-0.2557]
Epoch 51/150 [train]:  69%|██████▉   | 18/26 [00:00<00:00, 50.68it/s, S=0.3916, loss=-0.2569]
Epoch 51/150 [train]:  69%|██████▉   | 18/26 [00:00<00:00, 50.68it/s, S=0.3895, loss=-0.2665]
Epoch 51/150 [train]:  92%|█████████▏| 24/26 [00:00<00:00, 50.67it/s, S=0.3895, loss=-0.2665]
Epoch 51/150 [train]:  92%|█████████▏| 24/26 [00:00<00:00, 50.67it/s, S=0.3881, loss=-0.2606]
Epoch 51/150 [train]:  92%|█████████▏| 24/26 [00:00<00:00, 50.67it/s, S=0.3868, loss=-0.2597]
                                                                                             
Epoch  51/150  train loss=-0.2600  val loss=-0.2663  S[mean]=0.4033  ζ=0.4586  mean_plane_ζ=0.3430  reg=0.1370  λscale=0.40  lr=2.30e-04

Epoch 52/150 [train]:   0%|          | 0/26 [00:00<?, ?it/s]
Epoch 52/150 [train]:   0%|          | 0/26 [00:00<?, ?it/s, S=0.3899, loss=-0.2473]
Epoch 52/150 [train]:   0%|          | 0/26 [00:00<?, ?it/s, S=0.3936, loss=-0.2602]
Epoch 52/150 [train]:   0%|          | 0/26 [00:00<?, ?it/s, S=0.3860, loss=-0.2406]
Epoch 52/150 [train]:   0%|          | 0/26 [00:00<?, ?it/s, S=0.3900, loss=-0.2596]
Epoch 52/150 [train]:   0%|          | 0/26 [00:00<?, ?it/s, S=0.3856, loss=-0.2584]
Epoch 52/150 [train]:   0%|          | 0/26 [00:00<?, ?it/s, S=0.3945, loss=-0.2638]
Epoch 52/150 [train]:  23%|██▎       | 6/26 [00:00<00:00, 50.62it/s, S=0.3945, loss=-0.2638]
Epoch 52/150 [train]:  23%|██▎       | 6/26 [00:00<00:00, 50.62it/s, S=0.3949, loss=-0.2680]
Epoch 52/150 [train]:  23%|██▎       | 6/26 [00:00<00:00, 50.62it/s, S=0.3877, loss=-0.2520]
Epoch 52/150 [train]:  23%|██▎       | 6/26 [00:00<00:00, 50.62it/s, S=0.3887, loss=-0.2537]
Epoch 52/150 [train]:  23%|██▎       | 6/26 [00:00<00:00, 50.62it/s, S=0.3907, loss=-0.2627]
Epoch 52/150 [train]:  23%|██▎       | 6/26 [00:00<00:00, 50.62it/s, S=0.3897, loss=-0.2616]
Epoch 52/150 [train]:  23%|██▎       | 6/26 [00:00<00:00, 50.62it/s, S=0.3920, loss=-0.2627]
Epoch 52/150 [train]:  46%|████▌     | 12/26 [00:00<00:00, 50.64it/s, S=0.3920, loss=-0.2627]
Epoch 52/150 [train]:  46%|████▌     | 12/26 [00:00<00:00, 50.64it/s, S=0.3926, loss=-0.2619]
Epoch 52/150 [train]:  46%|████▌     | 12/26 [00:00<00:00, 50.64it/s, S=0.3890, loss=-0.2490]
Epoch 52/150 [train]:  46%|████▌     | 12/26 [00:00<00:00, 50.64it/s, S=0.3872, loss=-0.2506]
Epoch 52/150 [train]:  46%|████▌     | 12/26 [00:00<00:00, 50.64it/s, S=0.3922, loss=-0.2615]
Epoch 52/150 [train]:  46%|████▌     | 12/26 [00:00<00:00, 50.64it/s, S=0.3869, loss=-0.2511]
Epoch 52/150 [train]:  46%|████▌     | 12/26 [00:00<00:00, 50.64it/s, S=0.3947, loss=-0.2637]
Epoch 52/150 [train]:  69%|██████▉   | 18/26 [00:00<00:00, 50.68it/s, S=0.3947, loss=-0.2637]
Epoch 52/150 [train]:  69%|██████▉   | 18/26 [00:00<00:00, 50.68it/s, S=0.3879, loss=-0.2552]
Epoch 52/150 [train]:  69%|██████▉   | 18/26 [00:00<00:00, 50.68it/s, S=0.3838, loss=-0.2385]
Epoch 52/150 [train]:  69%|██████▉   | 18/26 [00:00<00:00, 50.68it/s, S=0.3871, loss=-0.2552]
Epoch 52/150 [train]:  69%|██████▉   | 18/26 [00:00<00:00, 50.68it/s, S=0.3872, loss=-0.2547]
Epoch 52/150 [train]:  69%|██████▉   | 18/26 [00:00<00:00, 50.68it/s, S=0.3919, loss=-0.2622]
Epoch 52/150 [train]:  69%|██████▉   | 18/26 [00:00<00:00, 50.68it/s, S=0.3812, loss=-0.2501]
Epoch 52/150 [train]:  92%|█████████▏| 24/26 [00:00<00:00, 50.68it/s, S=0.3812, loss=-0.2501]
Epoch 52/150 [train]:  92%|█████████▏| 24/26 [00:00<00:00, 50.68it/s, S=0.3834, loss=-0.2463]
Epoch 52/150 [train]:  92%|█████████▏| 24/26 [00:00<00:00, 50.68it/s, S=0.3932, loss=-0.2642]
                                                                                             
Epoch  52/150  train loss=-0.2559  val loss=-0.2658  S[mean]=0.4034  ζ=0.4585  mean_plane_ζ=0.3431  reg=0.1376  λscale=0.41  lr=2.11e-04

Epoch 53/150 [train]:   0%|          | 0/26 [00:00<?, ?it/s]
Epoch 53/150 [train]:   0%|          | 0/26 [00:00<?, ?it/s, S=0.3989, loss=-0.2654]
Epoch 53/150 [train]:   0%|          | 0/26 [00:00<?, ?it/s, S=0.3885, loss=-0.2492]
Epoch 53/150 [train]:   0%|          | 0/26 [00:00<?, ?it/s, S=0.3905, loss=-0.2557]
Epoch 53/150 [train]:   0%|          | 0/26 [00:00<?, ?it/s, S=0.3894, loss=-0.2580]
Epoch 53/150 [train]:   0%|          | 0/26 [00:00<?, ?it/s, S=0.3909, loss=-0.2522]
Epoch 53/150 [train]:   0%|          | 0/26 [00:00<?, ?it/s, S=0.3860, loss=-0.2394]
Epoch 53/150 [train]:  23%|██▎       | 6/26 [00:00<00:00, 50.71it/s, S=0.3860, loss=-0.2394]
Epoch 53/150 [train]:  23%|██▎       | 6/26 [00:00<00:00, 50.71it/s, S=0.3848, loss=-0.2376]
Epoch 53/150 [train]:  23%|██▎       | 6/26 [00:00<00:00, 50.71it/s, S=0.3939, loss=-0.2584]
Epoch 53/150 [train]:  23%|██▎       | 6/26 [00:00<00:00, 50.71it/s, S=0.3904, loss=-0.2625]
Epoch 53/150 [train]:  23%|██▎       | 6/26 [00:00<00:00, 50.71it/s, S=0.3948, loss=-0.2698]
Epoch 53/150 [train]:  23%|██▎       | 6/26 [00:00<00:00, 50.71it/s, S=0.3834, loss=-0.2429]
Epoch 53/150 [train]:  23%|██▎       | 6/26 [00:00<00:00, 50.71it/s, S=0.3891, loss=-0.2621]
Epoch 53/150 [train]:  46%|████▌     | 12/26 [00:00<00:00, 50.72it/s, S=0.3891, loss=-0.2621]
Epoch 53/150 [train]:  46%|████▌     | 12/26 [00:00<00:00, 50.72it/s, S=0.3964, loss=-0.2607]
Epoch 53/150 [train]:  46%|████▌     | 12/26 [00:00<00:00, 50.72it/s, S=0.3847, loss=-0.2443]
Epoch 53/150 [train]:  46%|████▌     | 12/26 [00:00<00:00, 50.72it/s, S=0.3924, loss=-0.2625]
Epoch 53/150 [train]:  46%|████▌     | 12/26 [00:00<00:00, 50.72it/s, S=0.3892, loss=-0.2583]
Epoch 53/150 [train]:  46%|████▌     | 12/26 [00:00<00:00, 50.72it/s, S=0.3924, loss=-0.2534]
Epoch 53/150 [train]:  46%|████▌     | 12/26 [00:00<00:00, 50.72it/s, S=0.3903, loss=-0.2616]
Epoch 53/150 [train]:  69%|██████▉   | 18/26 [00:00<00:00, 50.73it/s, S=0.3903, loss=-0.2616]
Epoch 53/150 [train]:  69%|██████▉   | 18/26 [00:00<00:00, 50.73it/s, S=0.3804, loss=-0.2362]
Epoch 53/150 [train]:  69%|██████▉   | 18/26 [00:00<00:00, 50.73it/s, S=0.3950, loss=-0.2622]
Epoch 53/150 [train]:  69%|██████▉   | 18/26 [00:00<00:00, 50.73it/s, S=0.3921, loss=-0.2586]
Epoch 53/150 [train]:  69%|██████▉   | 18/26 [00:00<00:00, 50.73it/s, S=0.3853, loss=-0.2543]
Epoch 53/150 [train]:  69%|██████▉   | 18/26 [00:00<00:00, 50.73it/s, S=0.3795, loss=-0.2282]
Epoch 53/150 [train]:  69%|██████▉   | 18/26 [00:00<00:00, 50.73it/s, S=0.3831, loss=-0.2447]
Epoch 53/150 [train]:  92%|█████████▏| 24/26 [00:00<00:00, 50.72it/s, S=0.3831, loss=-0.2447]
Epoch 53/150 [train]:  92%|█████████▏| 24/26 [00:00<00:00, 50.72it/s, S=0.3878, loss=-0.2494]
Epoch 53/150 [train]:  92%|█████████▏| 24/26 [00:00<00:00, 50.72it/s, S=0.3845, loss=-0.2489]
                                                                                             
Epoch  53/150  train loss=-0.2530  val loss=-0.2654  S[mean]=0.4035  ζ=0.4591  mean_plane_ζ=0.3438  reg=0.1381  λscale=0.41  lr=1.92e-04

Epoch 54/150 [train]:   0%|          | 0/26 [00:00<?, ?it/s]
Epoch 54/150 [train]:   0%|          | 0/26 [00:00<?, ?it/s, S=0.3914, loss=-0.2506]
Epoch 54/150 [train]:   0%|          | 0/26 [00:00<?, ?it/s, S=0.3917, loss=-0.2650]
Epoch 54/150 [train]:   0%|          | 0/26 [00:00<?, ?it/s, S=0.3886, loss=-0.2501]
Epoch 54/150 [train]:   0%|          | 0/26 [00:00<?, ?it/s, S=0.3907, loss=-0.2561]
Epoch 54/150 [train]:   0%|          | 0/26 [00:00<?, ?it/s, S=0.3941, loss=-0.2636]
Epoch 54/150 [train]:   0%|          | 0/26 [00:00<?, ?it/s, S=0.3918, loss=-0.2613]
Epoch 54/150 [train]:  23%|██▎       | 6/26 [00:00<00:00, 50.78it/s, S=0.3918, loss=-0.2613]
Epoch 54/150 [train]:  23%|██▎       | 6/26 [00:00<00:00, 50.78it/s, S=0.3955, loss=-0.2669]
Epoch 54/150 [train]:  23%|██▎       | 6/26 [00:00<00:00, 50.78it/s, S=0.3876, loss=-0.2487]
Epoch 54/150 [train]:  23%|██▎       | 6/26 [00:00<00:00, 50.78it/s, S=0.3873, loss=-0.2547]
Epoch 54/150 [train]:  23%|██▎       | 6/26 [00:00<00:00, 50.78it/s, S=0.3914, loss=-0.2592]
Epoch 54/150 [train]:  23%|██▎       | 6/26 [00:00<00:00, 50.78it/s, S=0.3890, loss=-0.2550]
Epoch 54/150 [train]:  23%|██▎       | 6/26 [00:00<00:00, 50.78it/s, S=0.3851, loss=-0.2475]
Epoch 54/150 [train]:  46%|████▌     | 12/26 [00:00<00:00, 50.70it/s, S=0.3851, loss=-0.2475]
Epoch 54/150 [train]:  46%|████▌     | 12/26 [00:00<00:00, 50.70it/s, S=0.3928, loss=-0.2515]
Epoch 54/150 [train]:  46%|████▌     | 12/26 [00:00<00:00, 50.70it/s, S=0.3918, loss=-0.2631]
Epoch 54/150 [train]:  46%|████▌     | 12/26 [00:00<00:00, 50.70it/s, S=0.3962, loss=-0.2673]
Epoch 54/150 [train]:  46%|████▌     | 12/26 [00:00<00:00, 50.70it/s, S=0.3927, loss=-0.2606]
Epoch 54/150 [train]:  46%|████▌     | 12/26 [00:00<00:00, 50.70it/s, S=0.3948, loss=-0.2633]
Epoch 54/150 [train]:  46%|████▌     | 12/26 [00:00<00:00, 50.70it/s, S=0.3833, loss=-0.2407]
Epoch 54/150 [train]:  69%|██████▉   | 18/26 [00:00<00:00, 50.68it/s, S=0.3833, loss=-0.2407]
Epoch 54/150 [train]:  69%|██████▉   | 18/26 [00:00<00:00, 50.68it/s, S=0.3934, loss=-0.2637]
Epoch 54/150 [train]:  69%|██████▉   | 18/26 [00:00<00:00, 50.68it/s, S=0.3900, loss=-0.2579]
Epoch 54/150 [train]:  69%|██████▉   | 18/26 [00:00<00:00, 50.68it/s, S=0.3891, loss=-0.2529]
Epoch 54/150 [train]:  69%|██████▉   | 18/26 [00:00<00:00, 50.68it/s, S=0.3914, loss=-0.2566]
Epoch 54/150 [train]:  69%|██████▉   | 18/26 [00:00<00:00, 50.68it/s, S=0.3953, loss=-0.2661]
Epoch 54/150 [train]:  69%|██████▉   | 18/26 [00:00<00:00, 50.68it/s, S=0.3870, loss=-0.2533]
Epoch 54/150 [train]:  92%|█████████▏| 24/26 [00:00<00:00, 50.61it/s, S=0.3870, loss=-0.2533]
Epoch 54/150 [train]:  92%|█████████▏| 24/26 [00:00<00:00, 50.61it/s, S=0.3897, loss=-0.2560]
Epoch 54/150 [train]:  92%|█████████▏| 24/26 [00:00<00:00, 50.61it/s, S=0.3866, loss=-0.2542]
                                                                                             
Epoch  54/150  train loss=-0.2572  val loss=-0.2643  S[mean]=0.4041  ζ=0.4600  mean_plane_ζ=0.3444  reg=0.1399  λscale=0.42  lr=1.73e-04

Epoch 55/150 [train]:   0%|          | 0/26 [00:00<?, ?it/s]
Epoch 55/150 [train]:   0%|          | 0/26 [00:00<?, ?it/s, S=0.3938, loss=-0.2581]
Epoch 55/150 [train]:   0%|          | 0/26 [00:00<?, ?it/s, S=0.3938, loss=-0.2633]
Epoch 55/150 [train]:   0%|          | 0/26 [00:00<?, ?it/s, S=0.3890, loss=-0.2525]
Epoch 55/150 [train]:   0%|          | 0/26 [00:00<?, ?it/s, S=0.3906, loss=-0.2489]
Epoch 55/150 [train]:   0%|          | 0/26 [00:00<?, ?it/s, S=0.3940, loss=-0.2591]
Epoch 55/150 [train]:   0%|          | 0/26 [00:00<?, ?it/s, S=0.3905, loss=-0.2574]
Epoch 55/150 [train]:  23%|██▎       | 6/26 [00:00<00:00, 50.85it/s, S=0.3905, loss=-0.2574]
Epoch 55/150 [train]:  23%|██▎       | 6/26 [00:00<00:00, 50.85it/s, S=0.3901, loss=-0.2512]
Epoch 55/150 [train]:  23%|██▎       | 6/26 [00:00<00:00, 50.85it/s, S=0.3879, loss=-0.2505]
Epoch 55/150 [train]:  23%|██▎       | 6/26 [00:00<00:00, 50.85it/s, S=0.3888, loss=-0.2567]
Epoch 55/150 [train]:  23%|██▎       | 6/26 [00:00<00:00, 50.85it/s, S=0.3886, loss=-0.2568]
Epoch 55/150 [train]:  23%|██▎       | 6/26 [00:00<00:00, 50.85it/s, S=0.3948, loss=-0.2580]
Epoch 55/150 [train]:  23%|██▎       | 6/26 [00:00<00:00, 50.85it/s, S=0.3927, loss=-0.2514]
Epoch 55/150 [train]:  46%|████▌     | 12/26 [00:00<00:00, 50.77it/s, S=0.3927, loss=-0.2514]
Epoch 55/150 [train]:  46%|████▌     | 12/26 [00:00<00:00, 50.77it/s, S=0.3921, loss=-0.2610]
Epoch 55/150 [train]:  46%|████▌     | 12/26 [00:00<00:00, 50.77it/s, S=0.3910, loss=-0.2612]
Epoch 55/150 [train]:  46%|████▌     | 12/26 [00:00<00:00, 50.77it/s, S=0.3901, loss=-0.2568]
Epoch 55/150 [train]:  46%|████▌     | 12/26 [00:00<00:00, 50.77it/s, S=0.3933, loss=-0.2610]
Epoch 55/150 [train]:  46%|████▌     | 12/26 [00:00<00:00, 50.77it/s, S=0.3926, loss=-0.2594]
Epoch 55/150 [train]:  46%|████▌     | 12/26 [00:00<00:00, 50.77it/s, S=0.3957, loss=-0.2663]
Epoch 55/150 [train]:  69%|██████▉   | 18/26 [00:00<00:00, 50.64it/s, S=0.3957, loss=-0.2663]
Epoch 55/150 [train]:  69%|██████▉   | 18/26 [00:00<00:00, 50.64it/s, S=0.3830, loss=-0.2403]
Epoch 55/150 [train]:  69%|██████▉   | 18/26 [00:00<00:00, 50.64it/s, S=0.3928, loss=-0.2592]
Epoch 55/150 [train]:  69%|██████▉   | 18/26 [00:00<00:00, 50.64it/s, S=0.3907, loss=-0.2545]
Epoch 55/150 [train]:  69%|██████▉   | 18/26 [00:00<00:00, 50.64it/s, S=0.3980, loss=-0.2632]
Epoch 55/150 [train]:  69%|██████▉   | 18/26 [00:00<00:00, 50.64it/s, S=0.3880, loss=-0.2420]
Epoch 55/150 [train]:  69%|██████▉   | 18/26 [00:00<00:00, 50.64it/s, S=0.3899, loss=-0.2558]
Epoch 55/150 [train]:  92%|█████████▏| 24/26 [00:00<00:00, 50.64it/s, S=0.3899, loss=-0.2558]
Epoch 55/150 [train]:  92%|█████████▏| 24/26 [00:00<00:00, 50.64it/s, S=0.3832, loss=-0.2462]
Epoch 55/150 [train]:  92%|█████████▏| 24/26 [00:00<00:00, 50.64it/s, S=0.3951, loss=-0.2649]
                                                                                             
Epoch  55/150  train loss=-0.2560  val loss=-0.2635  S[mean]=0.4048  ζ=0.4601  mean_plane_ζ=0.3447  reg=0.1413  λscale=0.43  lr=1.54e-04

Epoch 56/150 [train]:   0%|          | 0/26 [00:00<?, ?it/s]
Epoch 56/150 [train]:   0%|          | 0/26 [00:00<?, ?it/s, S=0.3962, loss=-0.2639]
Epoch 56/150 [train]:   0%|          | 0/26 [00:00<?, ?it/s, S=0.3948, loss=-0.2552]
Epoch 56/150 [train]:   0%|          | 0/26 [00:00<?, ?it/s, S=0.3886, loss=-0.2555]
Epoch 56/150 [train]:   0%|          | 0/26 [00:00<?, ?it/s, S=0.3916, loss=-0.2601]
Epoch 56/150 [train]:   0%|          | 0/26 [00:00<?, ?it/s, S=0.3929, loss=-0.2557]
Epoch 56/150 [train]:   0%|          | 0/26 [00:00<?, ?it/s, S=0.3938, loss=-0.2583]
Epoch 56/150 [train]:  23%|██▎       | 6/26 [00:00<00:00, 50.87it/s, S=0.3938, loss=-0.2583]
Epoch 56/150 [train]:  23%|██▎       | 6/26 [00:00<00:00, 50.87it/s, S=0.4033, loss=-0.2663]
Epoch 56/150 [train]:  23%|██▎       | 6/26 [00:00<00:00, 50.87it/s, S=0.3928, loss=-0.2484]
Epoch 56/150 [train]:  23%|██▎       | 6/26 [00:00<00:00, 50.87it/s, S=0.3915, loss=-0.2561]
Epoch 56/150 [train]:  23%|██▎       | 6/26 [00:00<00:00, 50.87it/s, S=0.3902, loss=-0.2556]
Epoch 56/150 [train]:  23%|██▎       | 6/26 [00:00<00:00, 50.87it/s, S=0.3958, loss=-0.2631]
Epoch 56/150 [train]:  23%|██▎       | 6/26 [00:00<00:00, 50.87it/s, S=0.3959, loss=-0.2640]
Epoch 56/150 [train]:  46%|████▌     | 12/26 [00:00<00:00, 50.75it/s, S=0.3959, loss=-0.2640]
Epoch 56/150 [train]:  46%|████▌     | 12/26 [00:00<00:00, 50.75it/s, S=0.3819, loss=-0.2455]
Epoch 56/150 [train]:  46%|████▌     | 12/26 [00:00<00:00, 50.75it/s, S=0.3869, loss=-0.2545]
Epoch 56/150 [train]:  46%|████▌     | 12/26 [00:00<00:00, 50.75it/s, S=0.3858, loss=-0.2541]
Epoch 56/150 [train]:  46%|████▌     | 12/26 [00:00<00:00, 50.75it/s, S=0.3981, loss=-0.2633]
Epoch 56/150 [train]:  46%|████▌     | 12/26 [00:00<00:00, 50.75it/s, S=0.3877, loss=-0.2525]
Epoch 56/150 [train]:  46%|████▌     | 12/26 [00:00<00:00, 50.75it/s, S=0.3939, loss=-0.2580]
Epoch 56/150 [train]:  69%|██████▉   | 18/26 [00:00<00:00, 50.69it/s, S=0.3939, loss=-0.2580]
Epoch 56/150 [train]:  69%|██████▉   | 18/26 [00:00<00:00, 50.69it/s, S=0.3906, loss=-0.2467]
Epoch 56/150 [train]:  69%|██████▉   | 18/26 [00:00<00:00, 50.69it/s, S=0.3923, loss=-0.2618]
Epoch 56/150 [train]:  69%|██████▉   | 18/26 [00:00<00:00, 50.69it/s, S=0.3853, loss=-0.2446]
Epoch 56/150 [train]:  69%|██████▉   | 18/26 [00:00<00:00, 50.69it/s, S=0.3939, loss=-0.2553]
Epoch 56/150 [train]:  69%|██████▉   | 18/26 [00:00<00:00, 50.69it/s, S=0.3937, loss=-0.2646]
Epoch 56/150 [train]:  69%|██████▉   | 18/26 [00:00<00:00, 50.69it/s, S=0.3864, loss=-0.2536]
Epoch 56/150 [train]:  92%|█████████▏| 24/26 [00:00<00:00, 50.70it/s, S=0.3864, loss=-0.2536]
Epoch 56/150 [train]:  92%|█████████▏| 24/26 [00:00<00:00, 50.70it/s, S=0.3930, loss=-0.2601]
Epoch 56/150 [train]:  92%|█████████▏| 24/26 [00:00<00:00, 50.70it/s, S=0.3891, loss=-0.2477]
                                                                                             
Epoch  56/150  train loss=-0.2563  val loss=-0.2631  S[mean]=0.4050  ζ=0.4605  mean_plane_ζ=0.3451  reg=0.1419  λscale=0.43  lr=1.37e-04

Epoch 57/150 [train]:   0%|          | 0/26 [00:00<?, ?it/s]
Epoch 57/150 [train]:   0%|          | 0/26 [00:00<?, ?it/s, S=0.3871, loss=-0.2363]
Epoch 57/150 [train]:   0%|          | 0/26 [00:00<?, ?it/s, S=0.3925, loss=-0.2474]
Epoch 57/150 [train]:   0%|          | 0/26 [00:00<?, ?it/s, S=0.3944, loss=-0.2605]
Epoch 57/150 [train]:   0%|          | 0/26 [00:00<?, ?it/s, S=0.3948, loss=-0.2564]
Epoch 57/150 [train]:   0%|          | 0/26 [00:00<?, ?it/s, S=0.3999, loss=-0.2666]
Epoch 57/150 [train]:   0%|          | 0/26 [00:00<?, ?it/s, S=0.3939, loss=-0.2602]
Epoch 57/150 [train]:  23%|██▎       | 6/26 [00:00<00:00, 50.73it/s, S=0.3939, loss=-0.2602]
Epoch 57/150 [train]:  23%|██▎       | 6/26 [00:00<00:00, 50.73it/s, S=0.3932, loss=-0.2600]
Epoch 57/150 [train]:  23%|██▎       | 6/26 [00:00<00:00, 50.73it/s, S=0.3940, loss=-0.2606]
Epoch 57/150 [train]:  23%|██▎       | 6/26 [00:00<00:00, 50.73it/s, S=0.3968, loss=-0.2647]
Epoch 57/150 [train]:  23%|██▎       | 6/26 [00:00<00:00, 50.73it/s, S=0.3866, loss=-0.2491]
Epoch 57/150 [train]:  23%|██▎       | 6/26 [00:00<00:00, 50.73it/s, S=0.3872, loss=-0.2520]
Epoch 57/150 [train]:  23%|██▎       | 6/26 [00:00<00:00, 50.73it/s, S=0.3873, loss=-0.2526]
Epoch 57/150 [train]:  46%|████▌     | 12/26 [00:00<00:00, 50.69it/s, S=0.3873, loss=-0.2526]
Epoch 57/150 [train]:  46%|████▌     | 12/26 [00:00<00:00, 50.69it/s, S=0.3917, loss=-0.2572]
Epoch 57/150 [train]:  46%|████▌     | 12/26 [00:00<00:00, 50.69it/s, S=0.3939, loss=-0.2603]
Epoch 57/150 [train]:  46%|████▌     | 12/26 [00:00<00:00, 50.69it/s, S=0.3908, loss=-0.2500]
Epoch 57/150 [train]:  46%|████▌     | 12/26 [00:00<00:00, 50.69it/s, S=0.3868, loss=-0.2430]
Epoch 57/150 [train]:  46%|████▌     | 12/26 [00:00<00:00, 50.69it/s, S=0.3882, loss=-0.2405]
Epoch 57/150 [train]:  46%|████▌     | 12/26 [00:00<00:00, 50.69it/s, S=0.3931, loss=-0.2588]
Epoch 57/150 [train]:  69%|██████▉   | 18/26 [00:00<00:00, 50.68it/s, S=0.3931, loss=-0.2588]
Epoch 57/150 [train]:  69%|██████▉   | 18/26 [00:00<00:00, 50.68it/s, S=0.3873, loss=-0.2482]
Epoch 57/150 [train]:  69%|██████▉   | 18/26 [00:00<00:00, 50.68it/s, S=0.3952, loss=-0.2573]
Epoch 57/150 [train]:  69%|██████▉   | 18/26 [00:00<00:00, 50.68it/s, S=0.3913, loss=-0.2527]
Epoch 57/150 [train]:  69%|██████▉   | 18/26 [00:00<00:00, 50.68it/s, S=0.3919, loss=-0.2487]
Epoch 57/150 [train]:  69%|██████▉   | 18/26 [00:00<00:00, 50.68it/s, S=0.3927, loss=-0.2602]
Epoch 57/150 [train]:  69%|██████▉   | 18/26 [00:00<00:00, 50.68it/s, S=0.3946, loss=-0.2582]
Epoch 57/150 [train]:  92%|█████████▏| 24/26 [00:00<00:00, 50.62it/s, S=0.3946, loss=-0.2582]
Epoch 57/150 [train]:  92%|█████████▏| 24/26 [00:00<00:00, 50.62it/s, S=0.3960, loss=-0.2561]
Epoch 57/150 [train]:  92%|█████████▏| 24/26 [00:00<00:00, 50.62it/s, S=0.3837, loss=-0.2428]
                                                                                             
Epoch  57/150  train loss=-0.2539  val loss=-0.2622  S[mean]=0.4051  ζ=0.4608  mean_plane_ζ=0.3455  reg=0.1429  λscale=0.44  lr=1.19e-04

Epoch 58/150 [train]:   0%|          | 0/26 [00:00<?, ?it/s]
Epoch 58/150 [train]:   0%|          | 0/26 [00:00<?, ?it/s, S=0.3890, loss=-0.2529]
Epoch 58/150 [train]:   0%|          | 0/26 [00:00<?, ?it/s, S=0.3892, loss=-0.2572]
Epoch 58/150 [train]:   0%|          | 0/26 [00:00<?, ?it/s, S=0.3947, loss=-0.2619]
Epoch 58/150 [train]:   0%|          | 0/26 [00:00<?, ?it/s, S=0.3883, loss=-0.2426]
Epoch 58/150 [train]:   0%|          | 0/26 [00:00<?, ?it/s, S=0.3808, loss=-0.2334]
Epoch 58/150 [train]:   0%|          | 0/26 [00:00<?, ?it/s, S=0.3979, loss=-0.2575]
Epoch 58/150 [train]:  23%|██▎       | 6/26 [00:00<00:00, 50.92it/s, S=0.3979, loss=-0.2575]
Epoch 58/150 [train]:  23%|██▎       | 6/26 [00:00<00:00, 50.92it/s, S=0.3923, loss=-0.2521]
Epoch 58/150 [train]:  23%|██▎       | 6/26 [00:00<00:00, 50.92it/s, S=0.3950, loss=-0.2596]
Epoch 58/150 [train]:  23%|██▎       | 6/26 [00:00<00:00, 50.92it/s, S=0.3939, loss=-0.2579]
Epoch 58/150 [train]:  23%|██▎       | 6/26 [00:00<00:00, 50.92it/s, S=0.3947, loss=-0.2508]
Epoch 58/150 [train]:  23%|██▎       | 6/26 [00:00<00:00, 50.92it/s, S=0.3862, loss=-0.2296]
Epoch 58/150 [train]:  23%|██▎       | 6/26 [00:00<00:00, 50.92it/s, S=0.3913, loss=-0.2492]
Epoch 58/150 [train]:  46%|████▌     | 12/26 [00:00<00:00, 50.81it/s, S=0.3913, loss=-0.2492]
Epoch 58/150 [train]:  46%|████▌     | 12/26 [00:00<00:00, 50.81it/s, S=0.3911, loss=-0.2545]
Epoch 58/150 [train]:  46%|████▌     | 12/26 [00:00<00:00, 50.81it/s, S=0.3903, loss=-0.2458]
Epoch 58/150 [train]:  46%|████▌     | 12/26 [00:00<00:00, 50.81it/s, S=0.3937, loss=-0.2534]
Epoch 58/150 [train]:  46%|████▌     | 12/26 [00:00<00:00, 50.81it/s, S=0.3933, loss=-0.2551]
Epoch 58/150 [train]:  46%|████▌     | 12/26 [00:00<00:00, 50.81it/s, S=0.3905, loss=-0.2433]
Epoch 58/150 [train]:  46%|████▌     | 12/26 [00:00<00:00, 50.81it/s, S=0.3966, loss=-0.2560]
Epoch 58/150 [train]:  69%|██████▉   | 18/26 [00:00<00:00, 50.78it/s, S=0.3966, loss=-0.2560]
Epoch 58/150 [train]:  69%|██████▉   | 18/26 [00:00<00:00, 50.78it/s, S=0.3900, loss=-0.2505]
Epoch 58/150 [train]:  69%|██████▉   | 18/26 [00:00<00:00, 50.78it/s, S=0.3938, loss=-0.2616]
Epoch 58/150 [train]:  69%|██████▉   | 18/26 [00:00<00:00, 50.78it/s, S=0.3877, loss=-0.2372]
Epoch 58/150 [train]:  69%|██████▉   | 18/26 [00:00<00:00, 50.78it/s, S=0.3928, loss=-0.2592]
Epoch 58/150 [train]:  69%|██████▉   | 18/26 [00:00<00:00, 50.78it/s, S=0.3895, loss=-0.2438]
Epoch 58/150 [train]:  69%|██████▉   | 18/26 [00:00<00:00, 50.78it/s, S=0.3968, loss=-0.2596]
Epoch 58/150 [train]:  92%|█████████▏| 24/26 [00:00<00:00, 50.79it/s, S=0.3968, loss=-0.2596]
Epoch 58/150 [train]:  92%|█████████▏| 24/26 [00:00<00:00, 50.79it/s, S=0.3942, loss=-0.2615]
Epoch 58/150 [train]:  92%|█████████▏| 24/26 [00:00<00:00, 50.79it/s, S=0.3943, loss=-0.2593]
                                                                                             
Epoch  58/150  train loss=-0.2517  val loss=-0.2604  S[mean]=0.4052  ζ=0.4609  mean_plane_ζ=0.3456  reg=0.1448  λscale=0.44  lr=1.03e-04

Epoch 59/150 [train]:   0%|          | 0/26 [00:00<?, ?it/s]
Epoch 59/150 [train]:   0%|          | 0/26 [00:00<?, ?it/s, S=0.3923, loss=-0.2491]
Epoch 59/150 [train]:   0%|          | 0/26 [00:00<?, ?it/s, S=0.3928, loss=-0.2553]
Epoch 59/150 [train]:   0%|          | 0/26 [00:00<?, ?it/s, S=0.3956, loss=-0.2585]
Epoch 59/150 [train]:   0%|          | 0/26 [00:00<?, ?it/s, S=0.3962, loss=-0.2581]
Epoch 59/150 [train]:   0%|          | 0/26 [00:00<?, ?it/s, S=0.3962, loss=-0.2577]
Epoch 59/150 [train]:   0%|          | 0/26 [00:00<?, ?it/s, S=0.3991, loss=-0.2522]
Epoch 59/150 [train]:  23%|██▎       | 6/26 [00:00<00:00, 50.75it/s, S=0.3991, loss=-0.2522]
Epoch 59/150 [train]:  23%|██▎       | 6/26 [00:00<00:00, 50.75it/s, S=0.3918, loss=-0.2536]
Epoch 59/150 [train]:  23%|██▎       | 6/26 [00:00<00:00, 50.75it/s, S=0.3867, loss=-0.2438]
Epoch 59/150 [train]:  23%|██▎       | 6/26 [00:00<00:00, 50.75it/s, S=0.3921, loss=-0.2489]
Epoch 59/150 [train]:  23%|██▎       | 6/26 [00:00<00:00, 50.75it/s, S=0.3883, loss=-0.2413]
Epoch 59/150 [train]:  23%|██▎       | 6/26 [00:00<00:00, 50.75it/s, S=0.3939, loss=-0.2583]
Epoch 59/150 [train]:  23%|██▎       | 6/26 [00:00<00:00, 50.75it/s, S=0.3978, loss=-0.2594]
Epoch 59/150 [train]:  46%|████▌     | 12/26 [00:00<00:00, 50.73it/s, S=0.3978, loss=-0.2594]
Epoch 59/150 [train]:  46%|████▌     | 12/26 [00:00<00:00, 50.73it/s, S=0.3826, loss=-0.2438]
Epoch 59/150 [train]:  46%|████▌     | 12/26 [00:00<00:00, 50.73it/s, S=0.3833, loss=-0.2314]
Epoch 59/150 [train]:  46%|████▌     | 12/26 [00:00<00:00, 50.73it/s, S=0.3831, loss=-0.2416]
Epoch 59/150 [train]:  46%|████▌     | 12/26 [00:00<00:00, 50.73it/s, S=0.3986, loss=-0.2632]
Epoch 59/150 [train]:  46%|████▌     | 12/26 [00:00<00:00, 50.73it/s, S=0.3952, loss=-0.2535]
Epoch 59/150 [train]:  46%|████▌     | 12/26 [00:00<00:00, 50.73it/s, S=0.3936, loss=-0.2532]
Epoch 59/150 [train]:  69%|██████▉   | 18/26 [00:00<00:00, 50.72it/s, S=0.3936, loss=-0.2532]
Epoch 59/150 [train]:  69%|██████▉   | 18/26 [00:00<00:00, 50.72it/s, S=0.3961, loss=-0.2547]
Epoch 59/150 [train]:  69%|██████▉   | 18/26 [00:00<00:00, 50.72it/s, S=0.3942, loss=-0.2544]
Epoch 59/150 [train]:  69%|██████▉   | 18/26 [00:00<00:00, 50.72it/s, S=0.3859, loss=-0.2419]
Epoch 59/150 [train]:  69%|██████▉   | 18/26 [00:00<00:00, 50.72it/s, S=0.3871, loss=-0.2462]
Epoch 59/150 [train]:  69%|██████▉   | 18/26 [00:00<00:00, 50.72it/s, S=0.3955, loss=-0.2616]
Epoch 59/150 [train]:  69%|██████▉   | 18/26 [00:00<00:00, 50.72it/s, S=0.3868, loss=-0.2442]
Epoch 59/150 [train]:  92%|█████████▏| 24/26 [00:00<00:00, 50.74it/s, S=0.3868, loss=-0.2442]
Epoch 59/150 [train]:  92%|█████████▏| 24/26 [00:00<00:00, 50.74it/s, S=0.3948, loss=-0.2537]
Epoch 59/150 [train]:  92%|█████████▏| 24/26 [00:00<00:00, 50.74it/s, S=0.3951, loss=-0.2622]
                                                                                             
Epoch  59/150  train loss=-0.2516  val loss=-0.2599  S[mean]=0.4056  ζ=0.4613  mean_plane_ζ=0.3459  reg=0.1457  λscale=0.45  lr=8.76e-05

Epoch 60/150 [train]:   0%|          | 0/26 [00:00<?, ?it/s]
Epoch 60/150 [train]:   0%|          | 0/26 [00:00<?, ?it/s, S=0.3929, loss=-0.2527]
Epoch 60/150 [train]:   0%|          | 0/26 [00:00<?, ?it/s, S=0.3903, loss=-0.2499]
Epoch 60/150 [train]:   0%|          | 0/26 [00:00<?, ?it/s, S=0.3951, loss=-0.2552]
Epoch 60/150 [train]:   0%|          | 0/26 [00:00<?, ?it/s, S=0.3900, loss=-0.2476]
Epoch 60/150 [train]:   0%|          | 0/26 [00:00<?, ?it/s, S=0.3982, loss=-0.2620]
Epoch 60/150 [train]:   0%|          | 0/26 [00:00<?, ?it/s, S=0.3948, loss=-0.2569]
Epoch 60/150 [train]:  23%|██▎       | 6/26 [00:00<00:00, 50.71it/s, S=0.3948, loss=-0.2569]
Epoch 60/150 [train]:  23%|██▎       | 6/26 [00:00<00:00, 50.71it/s, S=0.3892, loss=-0.2508]
Epoch 60/150 [train]:  23%|██▎       | 6/26 [00:00<00:00, 50.71it/s, S=0.3858, loss=-0.2370]
Epoch 60/150 [train]:  23%|██▎       | 6/26 [00:00<00:00, 50.71it/s, S=0.3917, loss=-0.2524]
Epoch 60/150 [train]:  23%|██▎       | 6/26 [00:00<00:00, 50.71it/s, S=0.3944, loss=-0.2522]
Epoch 60/150 [train]:  23%|██▎       | 6/26 [00:00<00:00, 50.71it/s, S=0.3984, loss=-0.2560]
Epoch 60/150 [train]:  23%|██▎       | 6/26 [00:00<00:00, 50.71it/s, S=0.3908, loss=-0.2474]
Epoch 60/150 [train]:  46%|████▌     | 12/26 [00:00<00:00, 50.72it/s, S=0.3908, loss=-0.2474]
Epoch 60/150 [train]:  46%|████▌     | 12/26 [00:00<00:00, 50.72it/s, S=0.3880, loss=-0.2460]
Epoch 60/150 [train]:  46%|████▌     | 12/26 [00:00<00:00, 50.72it/s, S=0.3960, loss=-0.2601]
Epoch 60/150 [train]:  46%|████▌     | 12/26 [00:00<00:00, 50.72it/s, S=0.3849, loss=-0.2397]
Epoch 60/150 [train]:  46%|████▌     | 12/26 [00:00<00:00, 50.72it/s, S=0.3884, loss=-0.2412]
Epoch 60/150 [train]:  46%|████▌     | 12/26 [00:00<00:00, 50.72it/s, S=0.3852, loss=-0.2353]
Epoch 60/150 [train]:  46%|████▌     | 12/26 [00:00<00:00, 50.72it/s, S=0.3946, loss=-0.2559]
Epoch 60/150 [train]:  69%|██████▉   | 18/26 [00:00<00:00, 50.72it/s, S=0.3946, loss=-0.2559]
Epoch 60/150 [train]:  69%|██████▉   | 18/26 [00:00<00:00, 50.72it/s, S=0.3916, loss=-0.2574]
Epoch 60/150 [train]:  69%|██████▉   | 18/26 [00:00<00:00, 50.72it/s, S=0.3989, loss=-0.2572]
Epoch 60/150 [train]:  69%|██████▉   | 18/26 [00:00<00:00, 50.72it/s, S=0.3925, loss=-0.2532]
Epoch 60/150 [train]:  69%|██████▉   | 18/26 [00:00<00:00, 50.72it/s, S=0.3963, loss=-0.2423]
Epoch 60/150 [train]:  69%|██████▉   | 18/26 [00:00<00:00, 50.72it/s, S=0.3923, loss=-0.2471]
Epoch 60/150 [train]:  69%|██████▉   | 18/26 [00:00<00:00, 50.72it/s, S=0.3944, loss=-0.2558]
Epoch 60/150 [train]:  92%|█████████▏| 24/26 [00:00<00:00, 50.75it/s, S=0.3944, loss=-0.2558]
Epoch 60/150 [train]:  92%|█████████▏| 24/26 [00:00<00:00, 50.75it/s, S=0.3860, loss=-0.2497]
Epoch 60/150 [train]:  92%|█████████▏| 24/26 [00:00<00:00, 50.75it/s, S=0.3950, loss=-0.2549]
                                                                                             
Epoch  60/150  train loss=-0.2506  val loss=-0.2583  S[mean]=0.4056  ζ=0.4621  mean_plane_ζ=0.3465  reg=0.1472  λscale=0.46  lr=7.32e-05

Epoch 61/150 [train]:   0%|          | 0/26 [00:00<?, ?it/s]
Epoch 61/150 [train]:   0%|          | 0/26 [00:00<?, ?it/s, S=0.3961, loss=-0.2591]
Epoch 61/150 [train]:   0%|          | 0/26 [00:00<?, ?it/s, S=0.3944, loss=-0.2545]
Epoch 61/150 [train]:   0%|          | 0/26 [00:00<?, ?it/s, S=0.3946, loss=-0.2574]
Epoch 61/150 [train]:   0%|          | 0/26 [00:00<?, ?it/s, S=0.3952, loss=-0.2442]
Epoch 61/150 [train]:   0%|          | 0/26 [00:00<?, ?it/s, S=0.3925, loss=-0.2454]
Epoch 61/150 [train]:   0%|          | 0/26 [00:00<?, ?it/s, S=0.3947, loss=-0.2556]
Epoch 61/150 [train]:  23%|██▎       | 6/26 [00:00<00:00, 50.78it/s, S=0.3947, loss=-0.2556]
Epoch 61/150 [train]:  23%|██▎       | 6/26 [00:00<00:00, 50.78it/s, S=0.3958, loss=-0.2579]
Epoch 61/150 [train]:  23%|██▎       | 6/26 [00:00<00:00, 50.78it/s, S=0.3927, loss=-0.2507]
Epoch 61/150 [train]:  23%|██▎       | 6/26 [00:00<00:00, 50.78it/s, S=0.3901, loss=-0.2469]
Epoch 61/150 [train]:  23%|██▎       | 6/26 [00:00<00:00, 50.78it/s, S=0.3981, loss=-0.2573]
Epoch 61/150 [train]:  23%|██▎       | 6/26 [00:00<00:00, 50.78it/s, S=0.3931, loss=-0.2504]
Epoch 61/150 [train]:  23%|██▎       | 6/26 [00:00<00:00, 50.78it/s, S=0.3817, loss=-0.2313]
Epoch 61/150 [train]:  46%|████▌     | 12/26 [00:00<00:00, 50.74it/s, S=0.3817, loss=-0.2313]
Epoch 61/150 [train]:  46%|████▌     | 12/26 [00:00<00:00, 50.74it/s, S=0.3923, loss=-0.2519]
Epoch 61/150 [train]:  46%|████▌     | 12/26 [00:00<00:00, 50.74it/s, S=0.3973, loss=-0.2567]
Epoch 61/150 [train]:  46%|████▌     | 12/26 [00:00<00:00, 50.74it/s, S=0.3961, loss=-0.2612]
Epoch 61/150 [train]:  46%|████▌     | 12/26 [00:00<00:00, 50.74it/s, S=0.3936, loss=-0.2552]
Epoch 61/150 [train]:  46%|████▌     | 12/26 [00:00<00:00, 50.74it/s, S=0.3939, loss=-0.2507]
Epoch 61/150 [train]:  46%|████▌     | 12/26 [00:00<00:00, 50.74it/s, S=0.3899, loss=-0.2422]
Epoch 61/150 [train]:  69%|██████▉   | 18/26 [00:00<00:00, 50.74it/s, S=0.3899, loss=-0.2422]
Epoch 61/150 [train]:  69%|██████▉   | 18/26 [00:00<00:00, 50.74it/s, S=0.3970, loss=-0.2550]
Epoch 61/150 [train]:  69%|██████▉   | 18/26 [00:00<00:00, 50.74it/s, S=0.3883, loss=-0.2463]
Epoch 61/150 [train]:  69%|██████▉   | 18/26 [00:00<00:00, 50.74it/s, S=0.3997, loss=-0.2555]
Epoch 61/150 [train]:  69%|██████▉   | 18/26 [00:00<00:00, 50.74it/s, S=0.3890, loss=-0.2434]
Epoch 61/150 [train]:  69%|██████▉   | 18/26 [00:00<00:00, 50.74it/s, S=0.3923, loss=-0.2528]
Epoch 61/150 [train]:  69%|██████▉   | 18/26 [00:00<00:00, 50.74it/s, S=0.3938, loss=-0.2467]
Epoch 61/150 [train]:  92%|█████████▏| 24/26 [00:00<00:00, 50.74it/s, S=0.3938, loss=-0.2467]
Epoch 61/150 [train]:  92%|█████████▏| 24/26 [00:00<00:00, 50.74it/s, S=0.3885, loss=-0.2417]
Epoch 61/150 [train]:  92%|█████████▏| 24/26 [00:00<00:00, 50.74it/s, S=0.3848, loss=-0.2384]
                                                                                             
Epoch  61/150  train loss=-0.2503  val loss=-0.2571  S[mean]=0.4057  ζ=0.4619  mean_plane_ζ=0.3465  reg=0.1486  λscale=0.46  lr=5.99e-05

Epoch 62/150 [train]:   0%|          | 0/26 [00:00<?, ?it/s]
Epoch 62/150 [train]:   0%|          | 0/26 [00:00<?, ?it/s, S=0.3922, loss=-0.2499]
Epoch 62/150 [train]:   0%|          | 0/26 [00:00<?, ?it/s, S=0.3868, loss=-0.2354]
Epoch 62/150 [train]:   0%|          | 0/26 [00:00<?, ?it/s, S=0.3944, loss=-0.2478]
Epoch 62/150 [train]:   0%|          | 0/26 [00:00<?, ?it/s, S=0.3900, loss=-0.2528]
Epoch 62/150 [train]:   0%|          | 0/26 [00:00<?, ?it/s, S=0.3893, loss=-0.2441]
Epoch 62/150 [train]:   0%|          | 0/26 [00:00<?, ?it/s, S=0.3949, loss=-0.2547]
Epoch 62/150 [train]:  23%|██▎       | 6/26 [00:00<00:00, 50.70it/s, S=0.3949, loss=-0.2547]
Epoch 62/150 [train]:  23%|██▎       | 6/26 [00:00<00:00, 50.70it/s, S=0.3939, loss=-0.2513]
Epoch 62/150 [train]:  23%|██▎       | 6/26 [00:00<00:00, 50.70it/s, S=0.3929, loss=-0.2541]
Epoch 62/150 [train]:  23%|██▎       | 6/26 [00:00<00:00, 50.70it/s, S=0.3945, loss=-0.2504]
Epoch 62/150 [train]:  23%|██▎       | 6/26 [00:00<00:00, 50.70it/s, S=0.3921, loss=-0.2505]
Epoch 62/150 [train]:  23%|██▎       | 6/26 [00:00<00:00, 50.70it/s, S=0.3953, loss=-0.2563]
Epoch 62/150 [train]:  23%|██▎       | 6/26 [00:00<00:00, 50.70it/s, S=0.3914, loss=-0.2395]
Epoch 62/150 [train]:  46%|████▌     | 12/26 [00:00<00:00, 50.75it/s, S=0.3914, loss=-0.2395]
Epoch 62/150 [train]:  46%|████▌     | 12/26 [00:00<00:00, 50.75it/s, S=0.3879, loss=-0.2401]
Epoch 62/150 [train]:  46%|████▌     | 12/26 [00:00<00:00, 50.75it/s, S=0.3982, loss=-0.2522]
Epoch 62/150 [train]:  46%|████▌     | 12/26 [00:00<00:00, 50.75it/s, S=0.3953, loss=-0.2527]
Epoch 62/150 [train]:  46%|████▌     | 12/26 [00:00<00:00, 50.75it/s, S=0.3935, loss=-0.2514]
Epoch 62/150 [train]:  46%|████▌     | 12/26 [00:00<00:00, 50.75it/s, S=0.3937, loss=-0.2533]
Epoch 62/150 [train]:  46%|████▌     | 12/26 [00:00<00:00, 50.75it/s, S=0.3896, loss=-0.2363]
Epoch 62/150 [train]:  69%|██████▉   | 18/26 [00:00<00:00, 50.75it/s, S=0.3896, loss=-0.2363]
Epoch 62/150 [train]:  69%|██████▉   | 18/26 [00:00<00:00, 50.75it/s, S=0.3945, loss=-0.2482]
Epoch 62/150 [train]:  69%|██████▉   | 18/26 [00:00<00:00, 50.75it/s, S=0.3920, loss=-0.2373]
Epoch 62/150 [train]:  69%|██████▉   | 18/26 [00:00<00:00, 50.75it/s, S=0.3948, loss=-0.2557]
Epoch 62/150 [train]:  69%|██████▉   | 18/26 [00:00<00:00, 50.75it/s, S=0.3895, loss=-0.2434]
Epoch 62/150 [train]:  69%|██████▉   | 18/26 [00:00<00:00, 50.75it/s, S=0.3845, loss=-0.2444]
Epoch 62/150 [train]:  69%|██████▉   | 18/26 [00:00<00:00, 50.75it/s, S=0.3911, loss=-0.2470]
Epoch 62/150 [train]:  92%|█████████▏| 24/26 [00:00<00:00, 50.75it/s, S=0.3911, loss=-0.2470]
Epoch 62/150 [train]:  92%|█████████▏| 24/26 [00:00<00:00, 50.75it/s, S=0.4011, loss=-0.2617]
Epoch 62/150 [train]:  92%|█████████▏| 24/26 [00:00<00:00, 50.75it/s, S=0.3909, loss=-0.2419]
                                                                                             
Epoch  62/150  train loss=-0.2482  val loss=-0.2556  S[mean]=0.4056  ζ=0.4619  mean_plane_ζ=0.3466  reg=0.1501  λscale=0.47  lr=4.77e-05

Epoch 63/150 [train]:   0%|          | 0/26 [00:00<?, ?it/s]
Epoch 63/150 [train]:   0%|          | 0/26 [00:00<?, ?it/s, S=0.3934, loss=-0.2459]
Epoch 63/150 [train]:   0%|          | 0/26 [00:00<?, ?it/s, S=0.3973, loss=-0.2500]
Epoch 63/150 [train]:   0%|          | 0/26 [00:00<?, ?it/s, S=0.3944, loss=-0.2521]
Epoch 63/150 [train]:   0%|          | 0/26 [00:00<?, ?it/s, S=0.3921, loss=-0.2371]
Epoch 63/150 [train]:   0%|          | 0/26 [00:00<?, ?it/s, S=0.3846, loss=-0.2306]
Epoch 63/150 [train]:   0%|          | 0/26 [00:00<?, ?it/s, S=0.3889, loss=-0.2475]
Epoch 63/150 [train]:  23%|██▎       | 6/26 [00:00<00:00, 50.87it/s, S=0.3889, loss=-0.2475]
Epoch 63/150 [train]:  23%|██▎       | 6/26 [00:00<00:00, 50.87it/s, S=0.3987, loss=-0.2541]
Epoch 63/150 [train]:  23%|██▎       | 6/26 [00:00<00:00, 50.87it/s, S=0.3957, loss=-0.2517]
Epoch 63/150 [train]:  23%|██▎       | 6/26 [00:00<00:00, 50.87it/s, S=0.3969, loss=-0.2571]
Epoch 63/150 [train]:  23%|██▎       | 6/26 [00:00<00:00, 50.87it/s, S=0.3938, loss=-0.2507]
Epoch 63/150 [train]:  23%|██▎       | 6/26 [00:00<00:00, 50.87it/s, S=0.3892, loss=-0.2413]
Epoch 63/150 [train]:  23%|██▎       | 6/26 [00:00<00:00, 50.87it/s, S=0.3922, loss=-0.2439]
Epoch 63/150 [train]:  46%|████▌     | 12/26 [00:00<00:00, 50.81it/s, S=0.3922, loss=-0.2439]
Epoch 63/150 [train]:  46%|████▌     | 12/26 [00:00<00:00, 50.81it/s, S=0.3917, loss=-0.2445]
Epoch 63/150 [train]:  46%|████▌     | 12/26 [00:00<00:00, 50.81it/s, S=0.3886, loss=-0.2401]
Epoch 63/150 [train]:  46%|████▌     | 12/26 [00:00<00:00, 50.81it/s, S=0.3885, loss=-0.2458]
Epoch 63/150 [train]:  46%|████▌     | 12/26 [00:00<00:00, 50.81it/s, S=0.3931, loss=-0.2454]
Epoch 63/150 [train]:  46%|████▌     | 12/26 [00:00<00:00, 50.81it/s, S=0.3908, loss=-0.2455]
Epoch 63/150 [train]:  46%|████▌     | 12/26 [00:00<00:00, 50.81it/s, S=0.3854, loss=-0.2448]
Epoch 63/150 [train]:  69%|██████▉   | 18/26 [00:00<00:00, 50.79it/s, S=0.3854, loss=-0.2448]
Epoch 63/150 [train]:  69%|██████▉   | 18/26 [00:00<00:00, 50.79it/s, S=0.3885, loss=-0.2381]
Epoch 63/150 [train]:  69%|██████▉   | 18/26 [00:00<00:00, 50.79it/s, S=0.3918, loss=-0.2464]
Epoch 63/150 [train]:  69%|██████▉   | 18/26 [00:00<00:00, 50.79it/s, S=0.3941, loss=-0.2486]
Epoch 63/150 [train]:  69%|██████▉   | 18/26 [00:00<00:00, 50.79it/s, S=0.3919, loss=-0.2478]
Epoch 63/150 [train]:  69%|██████▉   | 18/26 [00:00<00:00, 50.79it/s, S=0.3939, loss=-0.2523]
Epoch 63/150 [train]:  69%|██████▉   | 18/26 [00:00<00:00, 50.79it/s, S=0.3922, loss=-0.2433]
Epoch 63/150 [train]:  92%|█████████▏| 24/26 [00:00<00:00, 50.72it/s, S=0.3922, loss=-0.2433]
Epoch 63/150 [train]:  92%|█████████▏| 24/26 [00:00<00:00, 50.72it/s, S=0.3898, loss=-0.2291]
Epoch 63/150 [train]:  92%|█████████▏| 24/26 [00:00<00:00, 50.72it/s, S=0.3956, loss=-0.2447]
                                                                                             
Epoch  63/150  train loss=-0.2453  val loss=-0.2540  S[mean]=0.4058  ζ=0.4622  mean_plane_ζ=0.3469  reg=0.1518  λscale=0.47  lr=3.68e-05

Epoch 64/150 [train]:   0%|          | 0/26 [00:00<?, ?it/s]
Epoch 64/150 [train]:   0%|          | 0/26 [00:00<?, ?it/s, S=0.3908, loss=-0.2443]
Epoch 64/150 [train]:   0%|          | 0/26 [00:00<?, ?it/s, S=0.3945, loss=-0.2507]
Epoch 64/150 [train]:   0%|          | 0/26 [00:00<?, ?it/s, S=0.3926, loss=-0.2493]
Epoch 64/150 [train]:   0%|          | 0/26 [00:00<?, ?it/s, S=0.3900, loss=-0.2468]
Epoch 64/150 [train]:   0%|          | 0/26 [00:00<?, ?it/s, S=0.3881, loss=-0.2455]
Epoch 64/150 [train]:   0%|          | 0/26 [00:00<?, ?it/s, S=0.3977, loss=-0.2442]
Epoch 64/150 [train]:  23%|██▎       | 6/26 [00:00<00:00, 50.85it/s, S=0.3977, loss=-0.2442]
Epoch 64/150 [train]:  23%|██▎       | 6/26 [00:00<00:00, 50.85it/s, S=0.3939, loss=-0.2500]
Epoch 64/150 [train]:  23%|██▎       | 6/26 [00:00<00:00, 50.85it/s, S=0.3912, loss=-0.2443]
Epoch 64/150 [train]:  23%|██▎       | 6/26 [00:00<00:00, 50.85it/s, S=0.3967, loss=-0.2507]
Epoch 64/150 [train]:  23%|██▎       | 6/26 [00:00<00:00, 50.85it/s, S=0.3952, loss=-0.2512]
Epoch 64/150 [train]:  23%|██▎       | 6/26 [00:00<00:00, 50.85it/s, S=0.3860, loss=-0.2272]
Epoch 64/150 [train]:  23%|██▎       | 6/26 [00:00<00:00, 50.85it/s, S=0.3975, loss=-0.2435]
Epoch 64/150 [train]:  46%|████▌     | 12/26 [00:00<00:00, 50.65it/s, S=0.3975, loss=-0.2435]
Epoch 64/150 [train]:  46%|████▌     | 12/26 [00:00<00:00, 50.65it/s, S=0.3841, loss=-0.2254]
Epoch 64/150 [train]:  46%|████▌     | 12/26 [00:00<00:00, 50.65it/s, S=0.3989, loss=-0.2604]
Epoch 64/150 [train]:  46%|████▌     | 12/26 [00:00<00:00, 50.65it/s, S=0.3994, loss=-0.2570]
Epoch 64/150 [train]:  46%|████▌     | 12/26 [00:00<00:00, 50.65it/s, S=0.3968, loss=-0.2562]
Epoch 64/150 [train]:  46%|████▌     | 12/26 [00:00<00:00, 50.65it/s, S=0.3954, loss=-0.2515]
Epoch 64/150 [train]:  46%|████▌     | 12/26 [00:00<00:00, 50.65it/s, S=0.3942, loss=-0.2504]
Epoch 64/150 [train]:  69%|██████▉   | 18/26 [00:00<00:00, 50.69it/s, S=0.3942, loss=-0.2504]
Epoch 64/150 [train]:  69%|██████▉   | 18/26 [00:00<00:00, 50.69it/s, S=0.3936, loss=-0.2479]
Epoch 64/150 [train]:  69%|██████▉   | 18/26 [00:00<00:00, 50.69it/s, S=0.3913, loss=-0.2435]
Epoch 64/150 [train]:  69%|██████▉   | 18/26 [00:00<00:00, 50.69it/s, S=0.3947, loss=-0.2465]
Epoch 64/150 [train]:  69%|██████▉   | 18/26 [00:00<00:00, 50.69it/s, S=0.3875, loss=-0.2418]
Epoch 64/150 [train]:  69%|██████▉   | 18/26 [00:00<00:00, 50.69it/s, S=0.3900, loss=-0.2470]
Epoch 64/150 [train]:  69%|██████▉   | 18/26 [00:00<00:00, 50.69it/s, S=0.3959, loss=-0.2528]
Epoch 64/150 [train]:  92%|█████████▏| 24/26 [00:00<00:00, 50.67it/s, S=0.3959, loss=-0.2528]
Epoch 64/150 [train]:  92%|█████████▏| 24/26 [00:00<00:00, 50.67it/s, S=0.3906, loss=-0.2436]
Epoch 64/150 [train]:  92%|█████████▏| 24/26 [00:00<00:00, 50.67it/s, S=0.3880, loss=-0.2443]
                                                                                             
Epoch  64/150  train loss=-0.2468  val loss=-0.2523  S[mean]=0.4057  ζ=0.4621  mean_plane_ζ=0.3468  reg=0.1534  λscale=0.48  lr=2.72e-05

Epoch 65/150 [train]:   0%|          | 0/26 [00:00<?, ?it/s]
Epoch 65/150 [train]:   0%|          | 0/26 [00:00<?, ?it/s, S=0.3908, loss=-0.2416]
Epoch 65/150 [train]:   0%|          | 0/26 [00:00<?, ?it/s, S=0.3932, loss=-0.2377]
Epoch 65/150 [train]:   0%|          | 0/26 [00:00<?, ?it/s, S=0.3949, loss=-0.2502]
Epoch 65/150 [train]:   0%|          | 0/26 [00:00<?, ?it/s, S=0.3919, loss=-0.2406]
Epoch 65/150 [train]:   0%|          | 0/26 [00:00<?, ?it/s, S=0.3984, loss=-0.2520]
Epoch 65/150 [train]:   0%|          | 0/26 [00:00<?, ?it/s, S=0.3919, loss=-0.2457]
Epoch 65/150 [train]:  23%|██▎       | 6/26 [00:00<00:00, 50.78it/s, S=0.3919, loss=-0.2457]
Epoch 65/150 [train]:  23%|██▎       | 6/26 [00:00<00:00, 50.78it/s, S=0.3891, loss=-0.2383]
Epoch 65/150 [train]:  23%|██▎       | 6/26 [00:00<00:00, 50.78it/s, S=0.3915, loss=-0.2492]
Epoch 65/150 [train]:  23%|██▎       | 6/26 [00:00<00:00, 50.78it/s, S=0.3938, loss=-0.2308]
Epoch 65/150 [train]:  23%|██▎       | 6/26 [00:00<00:00, 50.78it/s, S=0.3934, loss=-0.2429]
Epoch 65/150 [train]:  23%|██▎       | 6/26 [00:00<00:00, 50.78it/s, S=0.3936, loss=-0.2465]
Epoch 65/150 [train]:  23%|██▎       | 6/26 [00:00<00:00, 50.78it/s, S=0.3985, loss=-0.2457]
Epoch 65/150 [train]:  46%|████▌     | 12/26 [00:00<00:00, 50.72it/s, S=0.3985, loss=-0.2457]
Epoch 65/150 [train]:  46%|████▌     | 12/26 [00:00<00:00, 50.72it/s, S=0.3938, loss=-0.2477]
Epoch 65/150 [train]:  46%|████▌     | 12/26 [00:00<00:00, 50.72it/s, S=0.3855, loss=-0.2382]
Epoch 65/150 [train]:  46%|████▌     | 12/26 [00:00<00:00, 50.72it/s, S=0.3913, loss=-0.2487]
Epoch 65/150 [train]:  46%|████▌     | 12/26 [00:00<00:00, 50.72it/s, S=0.3914, loss=-0.2405]
Epoch 65/150 [train]:  46%|████▌     | 12/26 [00:00<00:00, 50.72it/s, S=0.3944, loss=-0.2493]
Epoch 65/150 [train]:  46%|████▌     | 12/26 [00:00<00:00, 50.72it/s, S=0.3919, loss=-0.2437]
Epoch 65/150 [train]:  69%|██████▉   | 18/26 [00:00<00:00, 50.69it/s, S=0.3919, loss=-0.2437]
Epoch 65/150 [train]:  69%|██████▉   | 18/26 [00:00<00:00, 50.69it/s, S=0.3972, loss=-0.2534]
Epoch 65/150 [train]:  69%|██████▉   | 18/26 [00:00<00:00, 50.69it/s, S=0.3937, loss=-0.2504]
Epoch 65/150 [train]:  69%|██████▉   | 18/26 [00:00<00:00, 50.69it/s, S=0.3940, loss=-0.2368]
Epoch 65/150 [train]:  69%|██████▉   | 18/26 [00:00<00:00, 50.69it/s, S=0.3846, loss=-0.2290]
Epoch 65/150 [train]:  69%|██████▉   | 18/26 [00:00<00:00, 50.69it/s, S=0.3946, loss=-0.2433]
Epoch 65/150 [train]:  69%|██████▉   | 18/26 [00:00<00:00, 50.69it/s, S=0.3972, loss=-0.2449]
Epoch 65/150 [train]:  92%|█████████▏| 24/26 [00:00<00:00, 50.69it/s, S=0.3972, loss=-0.2449]
Epoch 65/150 [train]:  92%|█████████▏| 24/26 [00:00<00:00, 50.69it/s, S=0.3933, loss=-0.2484]
Epoch 65/150 [train]:  92%|█████████▏| 24/26 [00:00<00:00, 50.69it/s, S=0.3923, loss=-0.2439]
                                                                                             
Epoch  65/150  train loss=-0.2438  val loss=-0.2507  S[mean]=0.4057  ζ=0.4624  mean_plane_ζ=0.3470  reg=0.1550  λscale=0.49  lr=1.90e-05

Epoch 66/150 [train]:   0%|          | 0/26 [00:00<?, ?it/s]
Epoch 66/150 [train]:   0%|          | 0/26 [00:00<?, ?it/s, S=0.3971, loss=-0.2464]
Epoch 66/150 [train]:   0%|          | 0/26 [00:00<?, ?it/s, S=0.3894, loss=-0.2406]
Epoch 66/150 [train]:   0%|          | 0/26 [00:00<?, ?it/s, S=0.3883, loss=-0.2357]
Epoch 66/150 [train]:   0%|          | 0/26 [00:00<?, ?it/s, S=0.3919, loss=-0.2447]
Epoch 66/150 [train]:   0%|          | 0/26 [00:00<?, ?it/s, S=0.3964, loss=-0.2467]
Epoch 66/150 [train]:   0%|          | 0/26 [00:00<?, ?it/s, S=0.3929, loss=-0.2443]
Epoch 66/150 [train]:  23%|██▎       | 6/26 [00:00<00:00, 50.79it/s, S=0.3929, loss=-0.2443]
Epoch 66/150 [train]:  23%|██▎       | 6/26 [00:00<00:00, 50.79it/s, S=0.3880, loss=-0.2365]
Epoch 66/150 [train]:  23%|██▎       | 6/26 [00:00<00:00, 50.79it/s, S=0.3976, loss=-0.2428]
Epoch 66/150 [train]:  23%|██▎       | 6/26 [00:00<00:00, 50.79it/s, S=0.3850, loss=-0.2295]
Epoch 66/150 [train]:  23%|██▎       | 6/26 [00:00<00:00, 50.79it/s, S=0.3919, loss=-0.2434]
Epoch 66/150 [train]:  23%|██▎       | 6/26 [00:00<00:00, 50.79it/s, S=0.3928, loss=-0.2443]
Epoch 66/150 [train]:  23%|██▎       | 6/26 [00:00<00:00, 50.79it/s, S=0.3960, loss=-0.2451]
Epoch 66/150 [train]:  46%|████▌     | 12/26 [00:00<00:00, 50.73it/s, S=0.3960, loss=-0.2451]
Epoch 66/150 [train]:  46%|████▌     | 12/26 [00:00<00:00, 50.73it/s, S=0.3989, loss=-0.2537]
Epoch 66/150 [train]:  46%|████▌     | 12/26 [00:00<00:00, 50.73it/s, S=0.3966, loss=-0.2452]
Epoch 66/150 [train]:  46%|████▌     | 12/26 [00:00<00:00, 50.73it/s, S=0.3886, loss=-0.2375]
Epoch 66/150 [train]:  46%|████▌     | 12/26 [00:00<00:00, 50.73it/s, S=0.3925, loss=-0.2407]
Epoch 66/150 [train]:  46%|████▌     | 12/26 [00:00<00:00, 50.73it/s, S=0.3913, loss=-0.2413]
Epoch 66/150 [train]:  46%|████▌     | 12/26 [00:00<00:00, 50.73it/s, S=0.3923, loss=-0.2439]
Epoch 66/150 [train]:  69%|██████▉   | 18/26 [00:00<00:00, 50.73it/s, S=0.3923, loss=-0.2439]
Epoch 66/150 [train]:  69%|██████▉   | 18/26 [00:00<00:00, 50.73it/s, S=0.3858, loss=-0.2324]
Epoch 66/150 [train]:  69%|██████▉   | 18/26 [00:00<00:00, 50.73it/s, S=0.3954, loss=-0.2480]
Epoch 66/150 [train]:  69%|██████▉   | 18/26 [00:00<00:00, 50.73it/s, S=0.3925, loss=-0.2461]
Epoch 66/150 [train]:  69%|██████▉   | 18/26 [00:00<00:00, 50.73it/s, S=0.3967, loss=-0.2463]
Epoch 66/150 [train]:  69%|██████▉   | 18/26 [00:00<00:00, 50.73it/s, S=0.3886, loss=-0.2361]
Epoch 66/150 [train]:  69%|██████▉   | 18/26 [00:00<00:00, 50.73it/s, S=0.3984, loss=-0.2449]
Epoch 66/150 [train]:  92%|█████████▏| 24/26 [00:00<00:00, 50.67it/s, S=0.3984, loss=-0.2449]
Epoch 66/150 [train]:  92%|█████████▏| 24/26 [00:00<00:00, 50.67it/s, S=0.3942, loss=-0.2459]
Epoch 66/150 [train]:  92%|█████████▏| 24/26 [00:00<00:00, 50.67it/s, S=0.3947, loss=-0.2446]
                                                                                             
Epoch  66/150  train loss=-0.2426  val loss=-0.2488  S[mean]=0.4057  ζ=0.4623  mean_plane_ζ=0.3470  reg=0.1569  λscale=0.49  lr=1.22e-05

Epoch 67/150 [train]:   0%|          | 0/26 [00:00<?, ?it/s]
Epoch 67/150 [train]:   0%|          | 0/26 [00:00<?, ?it/s, S=0.3874, loss=-0.2386]
Epoch 67/150 [train]:   0%|          | 0/26 [00:00<?, ?it/s, S=0.3922, loss=-0.2404]
Epoch 67/150 [train]:   0%|          | 0/26 [00:00<?, ?it/s, S=0.3945, loss=-0.2448]
Epoch 67/150 [train]:   0%|          | 0/26 [00:00<?, ?it/s, S=0.3914, loss=-0.2439]
Epoch 67/150 [train]:   0%|          | 0/26 [00:00<?, ?it/s, S=0.3929, loss=-0.2446]
Epoch 67/150 [train]:   0%|          | 0/26 [00:00<?, ?it/s, S=0.3957, loss=-0.2420]
Epoch 67/150 [train]:  23%|██▎       | 6/26 [00:00<00:00, 50.78it/s, S=0.3957, loss=-0.2420]
Epoch 67/150 [train]:  23%|██▎       | 6/26 [00:00<00:00, 50.78it/s, S=0.3932, loss=-0.2436]
Epoch 67/150 [train]:  23%|██▎       | 6/26 [00:00<00:00, 50.78it/s, S=0.3947, loss=-0.2378]
Epoch 67/150 [train]:  23%|██▎       | 6/26 [00:00<00:00, 50.78it/s, S=0.3964, loss=-0.2472]
Epoch 67/150 [train]:  23%|██▎       | 6/26 [00:00<00:00, 50.78it/s, S=0.3925, loss=-0.2392]
Epoch 67/150 [train]:  23%|██▎       | 6/26 [00:00<00:00, 50.78it/s, S=0.3940, loss=-0.2379]
Epoch 67/150 [train]:  23%|██▎       | 6/26 [00:00<00:00, 50.78it/s, S=0.3928, loss=-0.2400]
Epoch 67/150 [train]:  46%|████▌     | 12/26 [00:00<00:00, 50.70it/s, S=0.3928, loss=-0.2400]
Epoch 67/150 [train]:  46%|████▌     | 12/26 [00:00<00:00, 50.70it/s, S=0.3898, loss=-0.2262]
Epoch 67/150 [train]:  46%|████▌     | 12/26 [00:00<00:00, 50.70it/s, S=0.3936, loss=-0.2467]
Epoch 67/150 [train]:  46%|████▌     | 12/26 [00:00<00:00, 50.70it/s, S=0.3933, loss=-0.2391]
Epoch 67/150 [train]:  46%|████▌     | 12/26 [00:00<00:00, 50.70it/s, S=0.3824, loss=-0.2275]
Epoch 67/150 [train]:  46%|████▌     | 12/26 [00:00<00:00, 50.70it/s, S=0.3920, loss=-0.2399]
Epoch 67/150 [train]:  46%|████▌     | 12/26 [00:00<00:00, 50.70it/s, S=0.3916, loss=-0.2420]
Epoch 67/150 [train]:  69%|██████▉   | 18/26 [00:00<00:00, 50.70it/s, S=0.3916, loss=-0.2420]
Epoch 67/150 [train]:  69%|██████▉   | 18/26 [00:00<00:00, 50.70it/s, S=0.3985, loss=-0.2497]
Epoch 67/150 [train]:  69%|██████▉   | 18/26 [00:00<00:00, 50.70it/s, S=0.3981, loss=-0.2445]
Epoch 67/150 [train]:  69%|██████▉   | 18/26 [00:00<00:00, 50.70it/s, S=0.3924, loss=-0.2402]
Epoch 67/150 [train]:  69%|██████▉   | 18/26 [00:00<00:00, 50.70it/s, S=0.3867, loss=-0.2394]
Epoch 67/150 [train]:  69%|██████▉   | 18/26 [00:00<00:00, 50.70it/s, S=0.3905, loss=-0.2419]
Epoch 67/150 [train]:  69%|██████▉   | 18/26 [00:00<00:00, 50.70it/s, S=0.3863, loss=-0.2217]
Epoch 67/150 [train]:  92%|█████████▏| 24/26 [00:00<00:00, 50.69it/s, S=0.3863, loss=-0.2217]
Epoch 67/150 [train]:  92%|█████████▏| 24/26 [00:00<00:00, 50.69it/s, S=0.4012, loss=-0.2501]
Epoch 67/150 [train]:  92%|█████████▏| 24/26 [00:00<00:00, 50.69it/s, S=0.3926, loss=-0.2376]
                                                                                             
Epoch  67/150  train loss=-0.2402  val loss=-0.2471  S[mean]=0.4056  ζ=0.4624  mean_plane_ζ=0.3471  reg=0.1586  λscale=0.50  lr=6.91e-06

Epoch 68/150 [train]:   0%|          | 0/26 [00:00<?, ?it/s]
Epoch 68/150 [train]:   0%|          | 0/26 [00:00<?, ?it/s, S=0.3895, loss=-0.2359]
Epoch 68/150 [train]:   0%|          | 0/26 [00:00<?, ?it/s, S=0.3934, loss=-0.2416]
Epoch 68/150 [train]:   0%|          | 0/26 [00:00<?, ?it/s, S=0.3930, loss=-0.2482]
Epoch 68/150 [train]:   0%|          | 0/26 [00:00<?, ?it/s, S=0.3912, loss=-0.2442]
Epoch 68/150 [train]:   0%|          | 0/26 [00:00<?, ?it/s, S=0.3970, loss=-0.2401]
Epoch 68/150 [train]:   0%|          | 0/26 [00:00<?, ?it/s, S=0.3936, loss=-0.2447]
Epoch 68/150 [train]:  23%|██▎       | 6/26 [00:00<00:00, 50.83it/s, S=0.3936, loss=-0.2447]
Epoch 68/150 [train]:  23%|██▎       | 6/26 [00:00<00:00, 50.83it/s, S=0.3862, loss=-0.2219]
Epoch 68/150 [train]:  23%|██▎       | 6/26 [00:00<00:00, 50.83it/s, S=0.3919, loss=-0.2291]
Epoch 68/150 [train]:  23%|██▎       | 6/26 [00:00<00:00, 50.83it/s, S=0.3930, loss=-0.2365]
Epoch 68/150 [train]:  23%|██▎       | 6/26 [00:00<00:00, 50.83it/s, S=0.3977, loss=-0.2501]
Epoch 68/150 [train]:  23%|██▎       | 6/26 [00:00<00:00, 50.83it/s, S=0.3956, loss=-0.2414]
Epoch 68/150 [train]:  23%|██▎       | 6/26 [00:00<00:00, 50.83it/s, S=0.3899, loss=-0.2333]
Epoch 68/150 [train]:  46%|████▌     | 12/26 [00:00<00:00, 50.63it/s, S=0.3899, loss=-0.2333]
Epoch 68/150 [train]:  46%|████▌     | 12/26 [00:00<00:00, 50.63it/s, S=0.3979, loss=-0.2465]
Epoch 68/150 [train]:  46%|████▌     | 12/26 [00:00<00:00, 50.63it/s, S=0.3864, loss=-0.2314]
Epoch 68/150 [train]:  46%|████▌     | 12/26 [00:00<00:00, 50.63it/s, S=0.3966, loss=-0.2390]
Epoch 68/150 [train]:  46%|████▌     | 12/26 [00:00<00:00, 50.63it/s, S=0.3783, loss=-0.2056]
Epoch 68/150 [train]:  46%|████▌     | 12/26 [00:00<00:00, 50.63it/s, S=0.3900, loss=-0.2259]
Epoch 68/150 [train]:  46%|████▌     | 12/26 [00:00<00:00, 50.63it/s, S=0.3923, loss=-0.2465]
Epoch 68/150 [train]:  69%|██████▉   | 18/26 [00:00<00:00, 50.64it/s, S=0.3923, loss=-0.2465]
Epoch 68/150 [train]:  69%|██████▉   | 18/26 [00:00<00:00, 50.64it/s, S=0.3850, loss=-0.2295]
Epoch 68/150 [train]:  69%|██████▉   | 18/26 [00:00<00:00, 50.64it/s, S=0.3906, loss=-0.2325]
Epoch 68/150 [train]:  69%|██████▉   | 18/26 [00:00<00:00, 50.64it/s, S=0.3869, loss=-0.2292]
Epoch 68/150 [train]:  69%|██████▉   | 18/26 [00:00<00:00, 50.64it/s, S=0.4025, loss=-0.2509]
Epoch 68/150 [train]:  69%|██████▉   | 18/26 [00:00<00:00, 50.64it/s, S=0.4000, loss=-0.2486]
Epoch 68/150 [train]:  69%|██████▉   | 18/26 [00:00<00:00, 50.64it/s, S=0.3984, loss=-0.2464]
Epoch 68/150 [train]:  92%|█████████▏| 24/26 [00:00<00:00, 50.65it/s, S=0.3984, loss=-0.2464]
Epoch 68/150 [train]:  92%|█████████▏| 24/26 [00:00<00:00, 50.65it/s, S=0.3949, loss=-0.2377]
Epoch 68/150 [train]:  92%|█████████▏| 24/26 [00:00<00:00, 50.65it/s, S=0.3931, loss=-0.2394]
                                                                                             
Epoch  68/150  train loss=-0.2375  val loss=-0.2451  S[mean]=0.4056  ζ=0.4624  mean_plane_ζ=0.3471  reg=0.1605  λscale=0.50  lr=3.08e-06

Epoch 69/150 [train]:   0%|          | 0/26 [00:00<?, ?it/s]
Epoch 69/150 [train]:   0%|          | 0/26 [00:00<?, ?it/s, S=0.3848, loss=-0.2265]
Epoch 69/150 [train]:   0%|          | 0/26 [00:00<?, ?it/s, S=0.3962, loss=-0.2405]
Epoch 69/150 [train]:   0%|          | 0/26 [00:00<?, ?it/s, S=0.3918, loss=-0.2417]
Epoch 69/150 [train]:   0%|          | 0/26 [00:00<?, ?it/s, S=0.3980, loss=-0.2477]
Epoch 69/150 [train]:   0%|          | 0/26 [00:00<?, ?it/s, S=0.3894, loss=-0.2358]
Epoch 69/150 [train]:   0%|          | 0/26 [00:00<?, ?it/s, S=0.3909, loss=-0.2328]
Epoch 69/150 [train]:  23%|██▎       | 6/26 [00:00<00:00, 50.81it/s, S=0.3909, loss=-0.2328]
Epoch 69/150 [train]:  23%|██▎       | 6/26 [00:00<00:00, 50.81it/s, S=0.3882, loss=-0.2406]
Epoch 69/150 [train]:  23%|██▎       | 6/26 [00:00<00:00, 50.81it/s, S=0.3956, loss=-0.2399]
Epoch 69/150 [train]:  23%|██▎       | 6/26 [00:00<00:00, 50.81it/s, S=0.3950, loss=-0.2412]
Epoch 69/150 [train]:  23%|██▎       | 6/26 [00:00<00:00, 50.81it/s, S=0.3973, loss=-0.2428]
Epoch 69/150 [train]:  23%|██▎       | 6/26 [00:00<00:00, 50.81it/s, S=0.3968, loss=-0.2468]
Epoch 69/150 [train]:  23%|██▎       | 6/26 [00:00<00:00, 50.81it/s, S=0.3945, loss=-0.2370]
Epoch 69/150 [train]:  46%|████▌     | 12/26 [00:00<00:00, 50.68it/s, S=0.3945, loss=-0.2370]
Epoch 69/150 [train]:  46%|████▌     | 12/26 [00:00<00:00, 50.68it/s, S=0.3942, loss=-0.2344]
Epoch 69/150 [train]:  46%|████▌     | 12/26 [00:00<00:00, 50.68it/s, S=0.3829, loss=-0.2213]
Epoch 69/150 [train]:  46%|████▌     | 12/26 [00:00<00:00, 50.68it/s, S=0.3965, loss=-0.2429]
Epoch 69/150 [train]:  46%|████▌     | 12/26 [00:00<00:00, 50.68it/s, S=0.3998, loss=-0.2524]
Epoch 69/150 [train]:  46%|████▌     | 12/26 [00:00<00:00, 50.68it/s, S=0.3888, loss=-0.2302]
Epoch 69/150 [train]:  46%|████▌     | 12/26 [00:00<00:00, 50.68it/s, S=0.3911, loss=-0.2319]
Epoch 69/150 [train]:  69%|██████▉   | 18/26 [00:00<00:00, 50.66it/s, S=0.3911, loss=-0.2319]
Epoch 69/150 [train]:  69%|██████▉   | 18/26 [00:00<00:00, 50.66it/s, S=0.3909, loss=-0.2366]
Epoch 69/150 [train]:  69%|██████▉   | 18/26 [00:00<00:00, 50.66it/s, S=0.3960, loss=-0.2433]
Epoch 69/150 [train]:  69%|██████▉   | 18/26 [00:00<00:00, 50.66it/s, S=0.3972, loss=-0.2437]
Epoch 69/150 [train]:  69%|██████▉   | 18/26 [00:00<00:00, 50.66it/s, S=0.3928, loss=-0.2290]
Epoch 69/150 [train]:  69%|██████▉   | 18/26 [00:00<00:00, 50.66it/s, S=0.3960, loss=-0.2444]
Epoch 69/150 [train]:  69%|██████▉   | 18/26 [00:00<00:00, 50.66it/s, S=0.3918, loss=-0.2384]
Epoch 69/150 [train]:  92%|█████████▏| 24/26 [00:00<00:00, 50.56it/s, S=0.3918, loss=-0.2384]
Epoch 69/150 [train]:  92%|█████████▏| 24/26 [00:00<00:00, 50.56it/s, S=0.3931, loss=-0.2423]
Epoch 69/150 [train]:  92%|█████████▏| 24/26 [00:00<00:00, 50.56it/s, S=0.3894, loss=-0.2338]
                                                                                             
Epoch  69/150  train loss=-0.2384  val loss=-0.2432  S[mean]=0.4056  ζ=0.4624  mean_plane_ζ=0.3471  reg=0.1624  λscale=0.51  lr=7.71e-07

Epoch 70/150 [train]:   0%|          | 0/26 [00:00<?, ?it/s]
Epoch 70/150 [train]:   0%|          | 0/26 [00:00<?, ?it/s, S=0.3888, loss=-0.2351]
Epoch 70/150 [train]:   0%|          | 0/26 [00:00<?, ?it/s, S=0.3964, loss=-0.2365]
Epoch 70/150 [train]:   0%|          | 0/26 [00:00<?, ?it/s, S=0.3944, loss=-0.2384]
Epoch 70/150 [train]:   0%|          | 0/26 [00:00<?, ?it/s, S=0.3955, loss=-0.2401]
Epoch 70/150 [train]:   0%|          | 0/26 [00:00<?, ?it/s, S=0.3919, loss=-0.2376]
Epoch 70/150 [train]:   0%|          | 0/26 [00:00<?, ?it/s, S=0.3885, loss=-0.2302]
Epoch 70/150 [train]:  23%|██▎       | 6/26 [00:00<00:00, 50.77it/s, S=0.3885, loss=-0.2302]
Epoch 70/150 [train]:  23%|██▎       | 6/26 [00:00<00:00, 50.77it/s, S=0.3918, loss=-0.2427]
Epoch 70/150 [train]:  23%|██▎       | 6/26 [00:00<00:00, 50.77it/s, S=0.3967, loss=-0.2464]
Epoch 70/150 [train]:  23%|██▎       | 6/26 [00:00<00:00, 50.77it/s, S=0.3968, loss=-0.2387]
Epoch 70/150 [train]:  23%|██▎       | 6/26 [00:00<00:00, 50.77it/s, S=0.3928, loss=-0.2377]
Epoch 70/150 [train]:  23%|██▎       | 6/26 [00:00<00:00, 50.77it/s, S=0.3950, loss=-0.2384]
Epoch 70/150 [train]:  23%|██▎       | 6/26 [00:00<00:00, 50.77it/s, S=0.3907, loss=-0.2361]
Epoch 70/150 [train]:  46%|████▌     | 12/26 [00:00<00:00, 50.62it/s, S=0.3907, loss=-0.2361]
Epoch 70/150 [train]:  46%|████▌     | 12/26 [00:00<00:00, 50.62it/s, S=0.3933, loss=-0.2292]
Epoch 70/150 [train]:  46%|████▌     | 12/26 [00:00<00:00, 50.62it/s, S=0.3947, loss=-0.2424]
Epoch 70/150 [train]:  46%|████▌     | 12/26 [00:00<00:00, 50.62it/s, S=0.3930, loss=-0.2427]
Epoch 70/150 [train]:  46%|████▌     | 12/26 [00:00<00:00, 50.62it/s, S=0.3892, loss=-0.2371]
Epoch 70/150 [train]:  46%|████▌     | 12/26 [00:00<00:00, 50.62it/s, S=0.3873, loss=-0.2331]
Epoch 70/150 [train]:  46%|████▌     | 12/26 [00:00<00:00, 50.62it/s, S=0.3936, loss=-0.2364]
Epoch 70/150 [train]:  69%|██████▉   | 18/26 [00:00<00:00, 50.62it/s, S=0.3936, loss=-0.2364]
Epoch 70/150 [train]:  69%|██████▉   | 18/26 [00:00<00:00, 50.62it/s, S=0.3916, loss=-0.2269]
Epoch 70/150 [train]:  69%|██████▉   | 18/26 [00:00<00:00, 50.62it/s, S=0.3897, loss=-0.2223]
Epoch 70/150 [train]:  69%|██████▉   | 18/26 [00:00<00:00, 50.62it/s, S=0.3954, loss=-0.2391]
Epoch 70/150 [train]:  69%|██████▉   | 18/26 [00:00<00:00, 50.62it/s, S=0.3992, loss=-0.2409]
Epoch 70/150 [train]:  69%|██████▉   | 18/26 [00:00<00:00, 50.62it/s, S=0.3955, loss=-0.2440]
Epoch 70/150 [train]:  69%|██████▉   | 18/26 [00:00<00:00, 50.62it/s, S=0.3959, loss=-0.2366]
Epoch 70/150 [train]:  92%|█████████▏| 24/26 [00:00<00:00, 50.62it/s, S=0.3959, loss=-0.2366]
Epoch 70/150 [train]:  92%|█████████▏| 24/26 [00:00<00:00, 50.62it/s, S=0.3945, loss=-0.2378]
Epoch 70/150 [train]:  92%|█████████▏| 24/26 [00:00<00:00, 50.62it/s, S=0.3934, loss=-0.2389]
                                                                                             
Epoch  70/150  train loss=-0.2371  val loss=-0.2413  S[mean]=0.4056  ζ=0.4624  mean_plane_ζ=0.3471  reg=0.1643  λscale=0.52  lr=5.00e-04

Epoch 71/150 [train]:   0%|          | 0/26 [00:00<?, ?it/s]
Epoch 71/150 [train]:   0%|          | 0/26 [00:00<?, ?it/s, S=0.3904, loss=-0.2325]
Epoch 71/150 [train]:   0%|          | 0/26 [00:00<?, ?it/s, S=0.3970, loss=-0.2357]
Epoch 71/150 [train]:   0%|          | 0/26 [00:00<?, ?it/s, S=0.3911, loss=-0.2330]
Epoch 71/150 [train]:   0%|          | 0/26 [00:00<?, ?it/s, S=0.3941, loss=-0.2359]
Epoch 71/150 [train]:   0%|          | 0/26 [00:00<?, ?it/s, S=0.3910, loss=-0.2359]
Epoch 71/150 [train]:   0%|          | 0/26 [00:00<?, ?it/s, S=0.3946, loss=-0.2374]
Epoch 71/150 [train]:  23%|██▎       | 6/26 [00:00<00:00, 50.72it/s, S=0.3946, loss=-0.2374]
Epoch 71/150 [train]:  23%|██▎       | 6/26 [00:00<00:00, 50.72it/s, S=0.3916, loss=-0.2305]
Epoch 71/150 [train]:  23%|██▎       | 6/26 [00:00<00:00, 50.72it/s, S=0.3966, loss=-0.2410]
Epoch 71/150 [train]:  23%|██▎       | 6/26 [00:00<00:00, 50.72it/s, S=0.3853, loss=-0.2258]
Epoch 71/150 [train]:  23%|██▎       | 6/26 [00:00<00:00, 50.72it/s, S=0.3877, loss=-0.2238]
Epoch 71/150 [train]:  23%|██▎       | 6/26 [00:00<00:00, 50.72it/s, S=0.3842, loss=-0.2208]
Epoch 71/150 [train]:  23%|██▎       | 6/26 [00:00<00:00, 50.72it/s, S=0.3806, loss=-0.2192]
Epoch 71/150 [train]:  46%|████▌     | 12/26 [00:00<00:00, 50.65it/s, S=0.3806, loss=-0.2192]
Epoch 71/150 [train]:  46%|████▌     | 12/26 [00:00<00:00, 50.65it/s, S=0.3950, loss=-0.2354]
Epoch 71/150 [train]:  46%|████▌     | 12/26 [00:00<00:00, 50.65it/s, S=0.3913, loss=-0.2324]
Epoch 71/150 [train]:  46%|████▌     | 12/26 [00:00<00:00, 50.65it/s, S=0.3873, loss=-0.2287]
Epoch 71/150 [train]:  46%|████▌     | 12/26 [00:00<00:00, 50.65it/s, S=0.3874, loss=-0.2216]
Epoch 71/150 [train]:  46%|████▌     | 12/26 [00:00<00:00, 50.65it/s, S=0.3881, loss=-0.2324]
Epoch 71/150 [train]:  46%|████▌     | 12/26 [00:00<00:00, 50.65it/s, S=0.3944, loss=-0.2369]
Epoch 71/150 [train]:  69%|██████▉   | 18/26 [00:00<00:00, 50.65it/s, S=0.3944, loss=-0.2369]
Epoch 71/150 [train]:  69%|██████▉   | 18/26 [00:00<00:00, 50.65it/s, S=0.3906, loss=-0.2289]
Epoch 71/150 [train]:  69%|██████▉   | 18/26 [00:00<00:00, 50.65it/s, S=0.3884, loss=-0.2340]
Epoch 71/150 [train]:  69%|██████▉   | 18/26 [00:00<00:00, 50.65it/s, S=0.3823, loss=-0.2308]
Epoch 71/150 [train]:  69%|██████▉   | 18/26 [00:00<00:00, 50.65it/s, S=0.3926, loss=-0.2361]
Epoch 71/150 [train]:  69%|██████▉   | 18/26 [00:00<00:00, 50.65it/s, S=0.3849, loss=-0.2260]
Epoch 71/150 [train]:  69%|██████▉   | 18/26 [00:00<00:00, 50.65it/s, S=0.3870, loss=-0.2280]
Epoch 71/150 [train]:  92%|█████████▏| 24/26 [00:00<00:00, 50.59it/s, S=0.3870, loss=-0.2280]
Epoch 71/150 [train]:  92%|█████████▏| 24/26 [00:00<00:00, 50.59it/s, S=0.3908, loss=-0.2336]
Epoch 71/150 [train]:  92%|█████████▏| 24/26 [00:00<00:00, 50.59it/s, S=0.3831, loss=-0.2245]
                                                                                             
Epoch  71/150  train loss=-0.2308  val loss=-0.2383  S[mean]=0.4030  ζ=0.4629  mean_plane_ζ=0.3474  reg=0.1647  λscale=0.52  lr=5.00e-04

Epoch 72/150 [train]:   0%|          | 0/26 [00:00<?, ?it/s]
Epoch 72/150 [train]:   0%|          | 0/26 [00:00<?, ?it/s, S=0.3889, loss=-0.2202]
Epoch 72/150 [train]:   0%|          | 0/26 [00:00<?, ?it/s, S=0.3873, loss=-0.2207]
Epoch 72/150 [train]:   0%|          | 0/26 [00:00<?, ?it/s, S=0.3876, loss=-0.2326]
Epoch 72/150 [train]:   0%|          | 0/26 [00:00<?, ?it/s, S=0.3909, loss=-0.2323]
Epoch 72/150 [train]:   0%|          | 0/26 [00:00<?, ?it/s, S=0.3946, loss=-0.2431]
Epoch 72/150 [train]:   0%|          | 0/26 [00:00<?, ?it/s, S=0.3911, loss=-0.2375]
Epoch 72/150 [train]:  23%|██▎       | 6/26 [00:00<00:00, 50.74it/s, S=0.3911, loss=-0.2375]
Epoch 72/150 [train]:  23%|██▎       | 6/26 [00:00<00:00, 50.74it/s, S=0.3981, loss=-0.2418]
Epoch 72/150 [train]:  23%|██▎       | 6/26 [00:00<00:00, 50.74it/s, S=0.3879, loss=-0.2170]
Epoch 72/150 [train]:  23%|██▎       | 6/26 [00:00<00:00, 50.74it/s, S=0.3936, loss=-0.2447]
Epoch 72/150 [train]:  23%|██▎       | 6/26 [00:00<00:00, 50.74it/s, S=0.3876, loss=-0.2280]
Epoch 72/150 [train]:  23%|██▎       | 6/26 [00:00<00:00, 50.74it/s, S=0.3863, loss=-0.2236]
Epoch 72/150 [train]:  23%|██▎       | 6/26 [00:00<00:00, 50.74it/s, S=0.3918, loss=-0.2209]
Epoch 72/150 [train]:  46%|████▌     | 12/26 [00:00<00:00, 50.68it/s, S=0.3918, loss=-0.2209]
Epoch 72/150 [train]:  46%|████▌     | 12/26 [00:00<00:00, 50.68it/s, S=0.3870, loss=-0.2261]
Epoch 72/150 [train]:  46%|████▌     | 12/26 [00:00<00:00, 50.68it/s, S=0.3846, loss=-0.2250]
Epoch 72/150 [train]:  46%|████▌     | 12/26 [00:00<00:00, 50.68it/s, S=0.3866, loss=-0.2216]
Epoch 72/150 [train]:  46%|████▌     | 12/26 [00:00<00:00, 50.68it/s, S=0.3909, loss=-0.2277]
Epoch 72/150 [train]:  46%|████▌     | 12/26 [00:00<00:00, 50.68it/s, S=0.3870, loss=-0.2329]
Epoch 72/150 [train]:  46%|████▌     | 12/26 [00:00<00:00, 50.68it/s, S=0.3849, loss=-0.2243]
Epoch 72/150 [train]:  69%|██████▉   | 18/26 [00:00<00:00, 50.60it/s, S=0.3849, loss=-0.2243]
Epoch 72/150 [train]:  69%|██████▉   | 18/26 [00:00<00:00, 50.60it/s, S=0.3864, loss=-0.2178]
Epoch 72/150 [train]:  69%|██████▉   | 18/26 [00:00<00:00, 50.60it/s, S=0.3828, loss=-0.2285]
Epoch 72/150 [train]:  69%|██████▉   | 18/26 [00:00<00:00, 50.60it/s, S=0.3878, loss=-0.2329]
Epoch 72/150 [train]:  69%|██████▉   | 18/26 [00:00<00:00, 50.60it/s, S=0.3797, loss=-0.2277]
Epoch 72/150 [train]:  69%|██████▉   | 18/26 [00:00<00:00, 50.60it/s, S=0.3856, loss=-0.2298]
Epoch 72/150 [train]:  69%|██████▉   | 18/26 [00:00<00:00, 50.60it/s, S=0.3932, loss=-0.2389]
Epoch 72/150 [train]:  92%|█████████▏| 24/26 [00:00<00:00, 50.54it/s, S=0.3932, loss=-0.2389]
Epoch 72/150 [train]:  92%|█████████▏| 24/26 [00:00<00:00, 50.54it/s, S=0.3875, loss=-0.2281]
Epoch 72/150 [train]:  92%|█████████▏| 24/26 [00:00<00:00, 50.54it/s, S=0.3804, loss=-0.2121]
                                                                                             
Epoch  72/150  train loss=-0.2283  val loss=-0.2383  S[mean]=0.4027  ζ=0.4643  mean_plane_ζ=0.3490  reg=0.1643  λscale=0.53  lr=4.99e-04

Epoch 73/150 [train]:   0%|          | 0/26 [00:00<?, ?it/s]
Epoch 73/150 [train]:   0%|          | 0/26 [00:00<?, ?it/s, S=0.3934, loss=-0.2249]
Epoch 73/150 [train]:   0%|          | 0/26 [00:00<?, ?it/s, S=0.3829, loss=-0.2186]
Epoch 73/150 [train]:   0%|          | 0/26 [00:00<?, ?it/s, S=0.3862, loss=-0.2342]
Epoch 73/150 [train]:   0%|          | 0/26 [00:00<?, ?it/s, S=0.3964, loss=-0.2416]
Epoch 73/150 [train]:   0%|          | 0/26 [00:00<?, ?it/s, S=0.3908, loss=-0.2296]
Epoch 73/150 [train]:   0%|          | 0/26 [00:00<?, ?it/s, S=0.3911, loss=-0.2375]
Epoch 73/150 [train]:  23%|██▎       | 6/26 [00:00<00:00, 50.72it/s, S=0.3911, loss=-0.2375]
Epoch 73/150 [train]:  23%|██▎       | 6/26 [00:00<00:00, 50.72it/s, S=0.3944, loss=-0.2409]
Epoch 73/150 [train]:  23%|██▎       | 6/26 [00:00<00:00, 50.72it/s, S=0.3886, loss=-0.2265]
Epoch 73/150 [train]:  23%|██▎       | 6/26 [00:00<00:00, 50.72it/s, S=0.3926, loss=-0.2364]
Epoch 73/150 [train]:  23%|██▎       | 6/26 [00:00<00:00, 50.72it/s, S=0.3838, loss=-0.2151]
Epoch 73/150 [train]:  23%|██▎       | 6/26 [00:00<00:00, 50.72it/s, S=0.3830, loss=-0.2155]
Epoch 73/150 [train]:  23%|██▎       | 6/26 [00:00<00:00, 50.72it/s, S=0.3888, loss=-0.2325]
Epoch 73/150 [train]:  46%|████▌     | 12/26 [00:00<00:00, 50.63it/s, S=0.3888, loss=-0.2325]
Epoch 73/150 [train]:  46%|████▌     | 12/26 [00:00<00:00, 50.63it/s, S=0.3852, loss=-0.2293]
Epoch 73/150 [train]:  46%|████▌     | 12/26 [00:00<00:00, 50.63it/s, S=0.3937, loss=-0.2342]
Epoch 73/150 [train]:  46%|████▌     | 12/26 [00:00<00:00, 50.63it/s, S=0.3911, loss=-0.2344]
Epoch 73/150 [train]:  46%|████▌     | 12/26 [00:00<00:00, 50.63it/s, S=0.3903, loss=-0.2382]
Epoch 73/150 [train]:  46%|████▌     | 12/26 [00:00<00:00, 50.63it/s, S=0.3866, loss=-0.2204]
Epoch 73/150 [train]:  46%|████▌     | 12/26 [00:00<00:00, 50.63it/s, S=0.3854, loss=-0.2254]
Epoch 73/150 [train]:  69%|██████▉   | 18/26 [00:00<00:00, 50.60it/s, S=0.3854, loss=-0.2254]
Epoch 73/150 [train]:  69%|██████▉   | 18/26 [00:00<00:00, 50.60it/s, S=0.3817, loss=-0.2216]
Epoch 73/150 [train]:  69%|██████▉   | 18/26 [00:00<00:00, 50.60it/s, S=0.3894, loss=-0.2353]
Epoch 73/150 [train]:  69%|██████▉   | 18/26 [00:00<00:00, 50.60it/s, S=0.3906, loss=-0.2287]
Epoch 73/150 [train]:  69%|██████▉   | 18/26 [00:00<00:00, 50.60it/s, S=0.3863, loss=-0.2341]
Epoch 73/150 [train]:  69%|██████▉   | 18/26 [00:00<00:00, 50.60it/s, S=0.3839, loss=-0.2302]
Epoch 73/150 [train]:  69%|██████▉   | 18/26 [00:00<00:00, 50.60it/s, S=0.3842, loss=-0.2302]
Epoch 73/150 [train]:  92%|█████████▏| 24/26 [00:00<00:00, 50.52it/s, S=0.3842, loss=-0.2302]
Epoch 73/150 [train]:  92%|█████████▏| 24/26 [00:00<00:00, 50.52it/s, S=0.3930, loss=-0.2404]
Epoch 73/150 [train]:  92%|█████████▏| 24/26 [00:00<00:00, 50.52it/s, S=0.3828, loss=-0.2238]
                                                                                             
Epoch  73/150  train loss=-0.2300  val loss=-0.2411  S[mean]=0.4040  ζ=0.4646  mean_plane_ζ=0.3498  reg=0.1629  λscale=0.53  lr=4.98e-04

Epoch 74/150 [train]:   0%|          | 0/26 [00:00<?, ?it/s]
Epoch 74/150 [train]:   0%|          | 0/26 [00:00<?, ?it/s, S=0.3902, loss=-0.2330]
Epoch 74/150 [train]:   0%|          | 0/26 [00:00<?, ?it/s, S=0.3896, loss=-0.2335]
Epoch 74/150 [train]:   0%|          | 0/26 [00:00<?, ?it/s, S=0.3978, loss=-0.2415]
Epoch 74/150 [train]:   0%|          | 0/26 [00:00<?, ?it/s, S=0.3900, loss=-0.2296]
Epoch 74/150 [train]:   0%|          | 0/26 [00:00<?, ?it/s, S=0.3903, loss=-0.2399]
Epoch 74/150 [train]:   0%|          | 0/26 [00:00<?, ?it/s, S=0.3846, loss=-0.2277]
Epoch 74/150 [train]:  23%|██▎       | 6/26 [00:00<00:00, 50.68it/s, S=0.3846, loss=-0.2277]
Epoch 74/150 [train]:  23%|██▎       | 6/26 [00:00<00:00, 50.68it/s, S=0.3886, loss=-0.2310]
Epoch 74/150 [train]:  23%|██▎       | 6/26 [00:00<00:00, 50.68it/s, S=0.3909, loss=-0.2289]
Epoch 74/150 [train]:  23%|██▎       | 6/26 [00:00<00:00, 50.68it/s, S=0.3945, loss=-0.2316]
Epoch 74/150 [train]:  23%|██▎       | 6/26 [00:00<00:00, 50.68it/s, S=0.3913, loss=-0.2421]
Epoch 74/150 [train]:  23%|██▎       | 6/26 [00:00<00:00, 50.68it/s, S=0.3870, loss=-0.2309]
Epoch 74/150 [train]:  23%|██▎       | 6/26 [00:00<00:00, 50.68it/s, S=0.3927, loss=-0.2357]
Epoch 74/150 [train]:  46%|████▌     | 12/26 [00:00<00:00, 50.63it/s, S=0.3927, loss=-0.2357]
Epoch 74/150 [train]:  46%|████▌     | 12/26 [00:00<00:00, 50.63it/s, S=0.3952, loss=-0.2443]
Epoch 74/150 [train]:  46%|████▌     | 12/26 [00:00<00:00, 50.63it/s, S=0.3855, loss=-0.2278]
Epoch 74/150 [train]:  46%|████▌     | 12/26 [00:00<00:00, 50.63it/s, S=0.3924, loss=-0.2366]
Epoch 74/150 [train]:  46%|████▌     | 12/26 [00:00<00:00, 50.63it/s, S=0.3812, loss=-0.2257]
Epoch 74/150 [train]:  46%|████▌     | 12/26 [00:00<00:00, 50.63it/s, S=0.3947, loss=-0.2339]
Epoch 74/150 [train]:  46%|████▌     | 12/26 [00:00<00:00, 50.63it/s, S=0.3922, loss=-0.2411]
Epoch 74/150 [train]:  69%|██████▉   | 18/26 [00:00<00:00, 50.58it/s, S=0.3922, loss=-0.2411]
Epoch 74/150 [train]:  69%|██████▉   | 18/26 [00:00<00:00, 50.58it/s, S=0.3876, loss=-0.2296]
Epoch 74/150 [train]:  69%|██████▉   | 18/26 [00:00<00:00, 50.58it/s, S=0.3883, loss=-0.2359]
Epoch 74/150 [train]:  69%|██████▉   | 18/26 [00:00<00:00, 50.58it/s, S=0.3955, loss=-0.2398]
Epoch 74/150 [train]:  69%|██████▉   | 18/26 [00:00<00:00, 50.58it/s, S=0.3870, loss=-0.2286]
Epoch 74/150 [train]:  69%|██████▉   | 18/26 [00:00<00:00, 50.58it/s, S=0.3794, loss=-0.2103]
Epoch 74/150 [train]:  69%|██████▉   | 18/26 [00:00<00:00, 50.58it/s, S=0.3793, loss=-0.2167]
Epoch 74/150 [train]:  92%|█████████▏| 24/26 [00:00<00:00, 50.58it/s, S=0.3793, loss=-0.2167]
Epoch 74/150 [train]:  92%|█████████▏| 24/26 [00:00<00:00, 50.58it/s, S=0.3791, loss=-0.2235]
Epoch 74/150 [train]:  92%|█████████▏| 24/26 [00:00<00:00, 50.58it/s, S=0.4002, loss=-0.2486]
                                                                                             
Epoch  74/150  train loss=-0.2326  val loss=-0.2389  S[mean]=0.4036  ζ=0.4641  mean_plane_ζ=0.3492  reg=0.1647  λscale=0.54  lr=4.97e-04

Epoch 75/150 [train]:   0%|          | 0/26 [00:00<?, ?it/s]
Epoch 75/150 [train]:   0%|          | 0/26 [00:00<?, ?it/s, S=0.3919, loss=-0.2375]
Epoch 75/150 [train]:   0%|          | 0/26 [00:00<?, ?it/s, S=0.3904, loss=-0.2247]
Epoch 75/150 [train]:   0%|          | 0/26 [00:00<?, ?it/s, S=0.3947, loss=-0.2487]
Epoch 75/150 [train]:   0%|          | 0/26 [00:00<?, ?it/s, S=0.3921, loss=-0.2405]
Epoch 75/150 [train]:   0%|          | 0/26 [00:00<?, ?it/s, S=0.3857, loss=-0.2320]
Epoch 75/150 [train]:   0%|          | 0/26 [00:00<?, ?it/s, S=0.3923, loss=-0.2373]
Epoch 75/150 [train]:  23%|██▎       | 6/26 [00:00<00:00, 50.82it/s, S=0.3923, loss=-0.2373]
Epoch 75/150 [train]:  23%|██▎       | 6/26 [00:00<00:00, 50.82it/s, S=0.3886, loss=-0.2329]
Epoch 75/150 [train]:  23%|██▎       | 6/26 [00:00<00:00, 50.82it/s, S=0.3868, loss=-0.2289]
Epoch 75/150 [train]:  23%|██▎       | 6/26 [00:00<00:00, 50.82it/s, S=0.3846, loss=-0.2337]
Epoch 75/150 [train]:  23%|██▎       | 6/26 [00:00<00:00, 50.82it/s, S=0.3868, loss=-0.2241]
Epoch 75/150 [train]:  23%|██▎       | 6/26 [00:00<00:00, 50.82it/s, S=0.3893, loss=-0.2240]
Epoch 75/150 [train]:  23%|██▎       | 6/26 [00:00<00:00, 50.82it/s, S=0.3887, loss=-0.2324]
Epoch 75/150 [train]:  46%|████▌     | 12/26 [00:00<00:00, 50.63it/s, S=0.3887, loss=-0.2324]
Epoch 75/150 [train]:  46%|████▌     | 12/26 [00:00<00:00, 50.63it/s, S=0.3848, loss=-0.2302]
Epoch 75/150 [train]:  46%|████▌     | 12/26 [00:00<00:00, 50.63it/s, S=0.3853, loss=-0.2335]
Epoch 75/150 [train]:  46%|████▌     | 12/26 [00:00<00:00, 50.63it/s, S=0.3898, loss=-0.2299]
Epoch 75/150 [train]:  46%|████▌     | 12/26 [00:00<00:00, 50.63it/s, S=0.3990, loss=-0.2426]
Epoch 75/150 [train]:  46%|████▌     | 12/26 [00:00<00:00, 50.63it/s, S=0.3900, loss=-0.2369]
Epoch 75/150 [train]:  46%|████▌     | 12/26 [00:00<00:00, 50.63it/s, S=0.3893, loss=-0.2328]
Epoch 75/150 [train]:  69%|██████▉   | 18/26 [00:00<00:00, 50.58it/s, S=0.3893, loss=-0.2328]
Epoch 75/150 [train]:  69%|██████▉   | 18/26 [00:00<00:00, 50.58it/s, S=0.3927, loss=-0.2310]
Epoch 75/150 [train]:  69%|██████▉   | 18/26 [00:00<00:00, 50.58it/s, S=0.3893, loss=-0.2294]
Epoch 75/150 [train]:  69%|██████▉   | 18/26 [00:00<00:00, 50.58it/s, S=0.3852, loss=-0.2344]
Epoch 75/150 [train]:  69%|██████▉   | 18/26 [00:00<00:00, 50.58it/s, S=0.3994, loss=-0.2455]
Epoch 75/150 [train]:  69%|██████▉   | 18/26 [00:00<00:00, 50.58it/s, S=0.3899, loss=-0.2230]
Epoch 75/150 [train]:  69%|██████▉   | 18/26 [00:00<00:00, 50.58it/s, S=0.3890, loss=-0.2325]
Epoch 75/150 [train]:  92%|█████████▏| 24/26 [00:00<00:00, 50.60it/s, S=0.3890, loss=-0.2325]
Epoch 75/150 [train]:  92%|█████████▏| 24/26 [00:00<00:00, 50.60it/s, S=0.3924, loss=-0.2369]
Epoch 75/150 [train]:  92%|█████████▏| 24/26 [00:00<00:00, 50.60it/s, S=0.3869, loss=-0.2332]
                                                                                             
Epoch  75/150  train loss=-0.2334  val loss=-0.2417  S[mean]=0.4049  ζ=0.4656  mean_plane_ζ=0.3511  reg=0.1632  λscale=0.55  lr=4.95e-04

Epoch 76/150 [train]:   0%|          | 0/26 [00:00<?, ?it/s]
Epoch 76/150 [train]:   0%|          | 0/26 [00:00<?, ?it/s, S=0.3845, loss=-0.2343]
Epoch 76/150 [train]:   0%|          | 0/26 [00:00<?, ?it/s, S=0.3896, loss=-0.2289]
Epoch 76/150 [train]:   0%|          | 0/26 [00:00<?, ?it/s, S=0.3916, loss=-0.2412]
Epoch 76/150 [train]:   0%|          | 0/26 [00:00<?, ?it/s, S=0.3880, loss=-0.2240]
Epoch 76/150 [train]:   0%|          | 0/26 [00:00<?, ?it/s, S=0.3981, loss=-0.2489]
Epoch 76/150 [train]:   0%|          | 0/26 [00:00<?, ?it/s, S=0.3919, loss=-0.2342]
Epoch 76/150 [train]:  23%|██▎       | 6/26 [00:00<00:00, 50.71it/s, S=0.3919, loss=-0.2342]
Epoch 76/150 [train]:  23%|██▎       | 6/26 [00:00<00:00, 50.71it/s, S=0.3834, loss=-0.2240]
Epoch 76/150 [train]:  23%|██▎       | 6/26 [00:00<00:00, 50.71it/s, S=0.3961, loss=-0.2415]
Epoch 76/150 [train]:  23%|██▎       | 6/26 [00:00<00:00, 50.71it/s, S=0.3889, loss=-0.2373]
Epoch 76/150 [train]:  23%|██▎       | 6/26 [00:00<00:00, 50.71it/s, S=0.3943, loss=-0.2442]
Epoch 76/150 [train]:  23%|██▎       | 6/26 [00:00<00:00, 50.71it/s, S=0.3939, loss=-0.2360]
Epoch 76/150 [train]:  23%|██▎       | 6/26 [00:00<00:00, 50.71it/s, S=0.3931, loss=-0.2415]
Epoch 76/150 [train]:  46%|████▌     | 12/26 [00:00<00:00, 50.68it/s, S=0.3931, loss=-0.2415]
Epoch 76/150 [train]:  46%|████▌     | 12/26 [00:00<00:00, 50.68it/s, S=0.3931, loss=-0.2383]
Epoch 76/150 [train]:  46%|████▌     | 12/26 [00:00<00:00, 50.68it/s, S=0.3886, loss=-0.2321]
Epoch 76/150 [train]:  46%|████▌     | 12/26 [00:00<00:00, 50.68it/s, S=0.3950, loss=-0.2448]
Epoch 76/150 [train]:  46%|████▌     | 12/26 [00:00<00:00, 50.68it/s, S=0.3957, loss=-0.2360]
Epoch 76/150 [train]:  46%|████▌     | 12/26 [00:00<00:00, 50.68it/s, S=0.3926, loss=-0.2344]
Epoch 76/150 [train]:  46%|████▌     | 12/26 [00:00<00:00, 50.68it/s, S=0.3905, loss=-0.2312]
Epoch 76/150 [train]:  69%|██████▉   | 18/26 [00:00<00:00, 50.65it/s, S=0.3905, loss=-0.2312]
Epoch 76/150 [train]:  69%|██████▉   | 18/26 [00:00<00:00, 50.65it/s, S=0.3892, loss=-0.2403]
Epoch 76/150 [train]:  69%|██████▉   | 18/26 [00:00<00:00, 50.65it/s, S=0.3920, loss=-0.2356]
Epoch 76/150 [train]:  69%|██████▉   | 18/26 [00:00<00:00, 50.65it/s, S=0.3892, loss=-0.2320]
Epoch 76/150 [train]:  69%|██████▉   | 18/26 [00:00<00:00, 50.65it/s, S=0.3916, loss=-0.2419]
Epoch 76/150 [train]:  69%|██████▉   | 18/26 [00:00<00:00, 50.65it/s, S=0.3863, loss=-0.2358]
Epoch 76/150 [train]:  69%|██████▉   | 18/26 [00:00<00:00, 50.65it/s, S=0.3849, loss=-0.2303]
Epoch 76/150 [train]:  92%|█████████▏| 24/26 [00:00<00:00, 50.60it/s, S=0.3849, loss=-0.2303]
Epoch 76/150 [train]:  92%|█████████▏| 24/26 [00:00<00:00, 50.60it/s, S=0.3971, loss=-0.2440]
Epoch 76/150 [train]:  92%|█████████▏| 24/26 [00:00<00:00, 50.60it/s, S=0.3908, loss=-0.2377]
                                                                                             
Epoch  76/150  train loss=-0.2366  val loss=-0.2417  S[mean]=0.4059  ζ=0.4651  mean_plane_ζ=0.3511  reg=0.1642  λscale=0.55  lr=4.93e-04

Epoch 77/150 [train]:   0%|          | 0/26 [00:00<?, ?it/s]
Epoch 77/150 [train]:   0%|          | 0/26 [00:00<?, ?it/s, S=0.3839, loss=-0.2151]
Epoch 77/150 [train]:   0%|          | 0/26 [00:00<?, ?it/s, S=0.3961, loss=-0.2422]
Epoch 77/150 [train]:   0%|          | 0/26 [00:00<?, ?it/s, S=0.3920, loss=-0.2401]
Epoch 77/150 [train]:   0%|          | 0/26 [00:00<?, ?it/s, S=0.3917, loss=-0.2383]
Epoch 77/150 [train]:   0%|          | 0/26 [00:00<?, ?it/s, S=0.3850, loss=-0.2074]
Epoch 77/150 [train]:   0%|          | 0/26 [00:00<?, ?it/s, S=0.3889, loss=-0.2374]
Epoch 77/150 [train]:  23%|██▎       | 6/26 [00:00<00:00, 50.56it/s, S=0.3889, loss=-0.2374]
Epoch 77/150 [train]:  23%|██▎       | 6/26 [00:00<00:00, 50.56it/s, S=0.3898, loss=-0.2398]
Epoch 77/150 [train]:  23%|██▎       | 6/26 [00:00<00:00, 50.56it/s, S=0.3890, loss=-0.2217]
Epoch 77/150 [train]:  23%|██▎       | 6/26 [00:00<00:00, 50.56it/s, S=0.3951, loss=-0.2473]
Epoch 77/150 [train]:  23%|██▎       | 6/26 [00:00<00:00, 50.56it/s, S=0.3853, loss=-0.2266]
Epoch 77/150 [train]:  23%|██▎       | 6/26 [00:00<00:00, 50.56it/s, S=0.3906, loss=-0.2335]
Epoch 77/150 [train]:  23%|██▎       | 6/26 [00:00<00:00, 50.56it/s, S=0.3917, loss=-0.2371]
Epoch 77/150 [train]:  46%|████▌     | 12/26 [00:00<00:00, 50.61it/s, S=0.3917, loss=-0.2371]
Epoch 77/150 [train]:  46%|████▌     | 12/26 [00:00<00:00, 50.61it/s, S=0.3913, loss=-0.2275]
Epoch 77/150 [train]:  46%|████▌     | 12/26 [00:00<00:00, 50.61it/s, S=0.3985, loss=-0.2432]
Epoch 77/150 [train]:  46%|████▌     | 12/26 [00:00<00:00, 50.61it/s, S=0.3876, loss=-0.2337]
Epoch 77/150 [train]:  46%|████▌     | 12/26 [00:00<00:00, 50.61it/s, S=0.3923, loss=-0.2317]
Epoch 77/150 [train]:  46%|████▌     | 12/26 [00:00<00:00, 50.61it/s, S=0.3895, loss=-0.2408]
Epoch 77/150 [train]:  46%|████▌     | 12/26 [00:00<00:00, 50.61it/s, S=0.3935, loss=-0.2362]
Epoch 77/150 [train]:  69%|██████▉   | 18/26 [00:00<00:00, 50.62it/s, S=0.3935, loss=-0.2362]
Epoch 77/150 [train]:  69%|██████▉   | 18/26 [00:00<00:00, 50.62it/s, S=0.3929, loss=-0.2420]
Epoch 77/150 [train]:  69%|██████▉   | 18/26 [00:00<00:00, 50.62it/s, S=0.3932, loss=-0.2348]
Epoch 77/150 [train]:  69%|██████▉   | 18/26 [00:00<00:00, 50.62it/s, S=0.3937, loss=-0.2328]
Epoch 77/150 [train]:  69%|██████▉   | 18/26 [00:00<00:00, 50.62it/s, S=0.3893, loss=-0.2329]
Epoch 77/150 [train]:  69%|██████▉   | 18/26 [00:00<00:00, 50.62it/s, S=0.3893, loss=-0.2386]
Epoch 77/150 [train]:  69%|██████▉   | 18/26 [00:00<00:00, 50.62it/s, S=0.3877, loss=-0.2366]
Epoch 77/150 [train]:  92%|█████████▏| 24/26 [00:00<00:00, 50.63it/s, S=0.3877, loss=-0.2366]
Epoch 77/150 [train]:  92%|█████████▏| 24/26 [00:00<00:00, 50.63it/s, S=0.3896, loss=-0.2272]
Epoch 77/150 [train]:  92%|█████████▏| 24/26 [00:00<00:00, 50.63it/s, S=0.3879, loss=-0.2332]
                                                                                             
Epoch  77/150  train loss=-0.2338  val loss=-0.2431  S[mean]=0.4064  ζ=0.4660  mean_plane_ζ=0.3525  reg=0.1633  λscale=0.56  lr=4.91e-04

Epoch 78/150 [train]:   0%|          | 0/26 [00:00<?, ?it/s]
Epoch 78/150 [train]:   0%|          | 0/26 [00:00<?, ?it/s, S=0.3951, loss=-0.2409]
Epoch 78/150 [train]:   0%|          | 0/26 [00:00<?, ?it/s, S=0.3905, loss=-0.2346]
Epoch 78/150 [train]:   0%|          | 0/26 [00:00<?, ?it/s, S=0.3927, loss=-0.2285]
Epoch 78/150 [train]:   0%|          | 0/26 [00:00<?, ?it/s, S=0.3961, loss=-0.2398]
Epoch 78/150 [train]:   0%|          | 0/26 [00:00<?, ?it/s, S=0.3821, loss=-0.2254]
Epoch 78/150 [train]:   0%|          | 0/26 [00:00<?, ?it/s, S=0.3909, loss=-0.2278]
Epoch 78/150 [train]:  23%|██▎       | 6/26 [00:00<00:00, 50.74it/s, S=0.3909, loss=-0.2278]
Epoch 78/150 [train]:  23%|██▎       | 6/26 [00:00<00:00, 50.74it/s, S=0.3967, loss=-0.2475]
Epoch 78/150 [train]:  23%|██▎       | 6/26 [00:00<00:00, 50.74it/s, S=0.3940, loss=-0.2441]
Epoch 78/150 [train]:  23%|██▎       | 6/26 [00:00<00:00, 50.74it/s, S=0.3885, loss=-0.2332]
Epoch 78/150 [train]:  23%|██▎       | 6/26 [00:00<00:00, 50.74it/s, S=0.3904, loss=-0.2334]
Epoch 78/150 [train]:  23%|██▎       | 6/26 [00:00<00:00, 50.74it/s, S=0.3951, loss=-0.2480]
Epoch 78/150 [train]:  23%|██▎       | 6/26 [00:00<00:00, 50.74it/s, S=0.3846, loss=-0.2215]
Epoch 78/150 [train]:  46%|████▌     | 12/26 [00:00<00:00, 50.67it/s, S=0.3846, loss=-0.2215]
Epoch 78/150 [train]:  46%|████▌     | 12/26 [00:00<00:00, 50.67it/s, S=0.3894, loss=-0.2314]
Epoch 78/150 [train]:  46%|████▌     | 12/26 [00:00<00:00, 50.67it/s, S=0.3900, loss=-0.2366]
Epoch 78/150 [train]:  46%|████▌     | 12/26 [00:00<00:00, 50.67it/s, S=0.3913, loss=-0.2338]
Epoch 78/150 [train]:  46%|████▌     | 12/26 [00:00<00:00, 50.67it/s, S=0.3941, loss=-0.2380]
Epoch 78/150 [train]:  46%|████▌     | 12/26 [00:00<00:00, 50.67it/s, S=0.3950, loss=-0.2329]
Epoch 78/150 [train]:  46%|████▌     | 12/26 [00:00<00:00, 50.67it/s, S=0.3867, loss=-0.2303]
Epoch 78/150 [train]:  69%|██████▉   | 18/26 [00:00<00:00, 50.63it/s, S=0.3867, loss=-0.2303]
Epoch 78/150 [train]:  69%|██████▉   | 18/26 [00:00<00:00, 50.63it/s, S=0.3997, loss=-0.2530]
Epoch 78/150 [train]:  69%|██████▉   | 18/26 [00:00<00:00, 50.63it/s, S=0.3879, loss=-0.2326]
Epoch 78/150 [train]:  69%|██████▉   | 18/26 [00:00<00:00, 50.63it/s, S=0.3949, loss=-0.2407]
Epoch 78/150 [train]:  69%|██████▉   | 18/26 [00:00<00:00, 50.63it/s, S=0.3924, loss=-0.2343]
Epoch 78/150 [train]:  69%|██████▉   | 18/26 [00:00<00:00, 50.63it/s, S=0.3853, loss=-0.2348]
Epoch 78/150 [train]:  69%|██████▉   | 18/26 [00:00<00:00, 50.63it/s, S=0.3902, loss=-0.2435]
Epoch 78/150 [train]:  92%|█████████▏| 24/26 [00:00<00:00, 50.61it/s, S=0.3902, loss=-0.2435]
Epoch 78/150 [train]:  92%|█████████▏| 24/26 [00:00<00:00, 50.61it/s, S=0.3963, loss=-0.2379]
Epoch 78/150 [train]:  92%|█████████▏| 24/26 [00:00<00:00, 50.61it/s, S=0.3984, loss=-0.2501]
                                                                                             
Epoch  78/150  train loss=-0.2367  val loss=-0.2458  S[mean]=0.4079  ζ=0.4679  mean_plane_ζ=0.3540  reg=0.1621  λscale=0.57  lr=4.88e-04

Epoch 79/150 [train]:   0%|          | 0/26 [00:00<?, ?it/s]
Epoch 79/150 [train]:   0%|          | 0/26 [00:00<?, ?it/s, S=0.3977, loss=-0.2411]
Epoch 79/150 [train]:   0%|          | 0/26 [00:00<?, ?it/s, S=0.3902, loss=-0.2375]
Epoch 79/150 [train]:   0%|          | 0/26 [00:00<?, ?it/s, S=0.3960, loss=-0.2411]
Epoch 79/150 [train]:   0%|          | 0/26 [00:00<?, ?it/s, S=0.3954, loss=-0.2404]
Epoch 79/150 [train]:   0%|          | 0/26 [00:00<?, ?it/s, S=0.3893, loss=-0.2367]
Epoch 79/150 [train]:   0%|          | 0/26 [00:00<?, ?it/s, S=0.3934, loss=-0.2457]
Epoch 79/150 [train]:  23%|██▎       | 6/26 [00:00<00:00, 50.67it/s, S=0.3934, loss=-0.2457]
Epoch 79/150 [train]:  23%|██▎       | 6/26 [00:00<00:00, 50.67it/s, S=0.3939, loss=-0.2401]
Epoch 79/150 [train]:  23%|██▎       | 6/26 [00:00<00:00, 50.67it/s, S=0.3922, loss=-0.2415]
Epoch 79/150 [train]:  23%|██▎       | 6/26 [00:00<00:00, 50.67it/s, S=0.3972, loss=-0.2418]
Epoch 79/150 [train]:  23%|██▎       | 6/26 [00:00<00:00, 50.67it/s, S=0.3937, loss=-0.2305]
Epoch 79/150 [train]:  23%|██▎       | 6/26 [00:00<00:00, 50.67it/s, S=0.3864, loss=-0.2219]
Epoch 79/150 [train]:  23%|██▎       | 6/26 [00:00<00:00, 50.67it/s, S=0.3926, loss=-0.2396]
Epoch 79/150 [train]:  46%|████▌     | 12/26 [00:00<00:00, 50.66it/s, S=0.3926, loss=-0.2396]
Epoch 79/150 [train]:  46%|████▌     | 12/26 [00:00<00:00, 50.66it/s, S=0.3960, loss=-0.2386]
Epoch 79/150 [train]:  46%|████▌     | 12/26 [00:00<00:00, 50.66it/s, S=0.3930, loss=-0.2295]
Epoch 79/150 [train]:  46%|████▌     | 12/26 [00:00<00:00, 50.66it/s, S=0.3889, loss=-0.2227]
Epoch 79/150 [train]:  46%|████▌     | 12/26 [00:00<00:00, 50.66it/s, S=0.3920, loss=-0.2257]
Epoch 79/150 [train]:  46%|████▌     | 12/26 [00:00<00:00, 50.66it/s, S=0.3975, loss=-0.2370]
Epoch 79/150 [train]:  46%|████▌     | 12/26 [00:00<00:00, 50.66it/s, S=0.3947, loss=-0.2379]
Epoch 79/150 [train]:  69%|██████▉   | 18/26 [00:00<00:00, 50.66it/s, S=0.3947, loss=-0.2379]
Epoch 79/150 [train]:  69%|██████▉   | 18/26 [00:00<00:00, 50.66it/s, S=0.3951, loss=-0.2414]
Epoch 79/150 [train]:  69%|██████▉   | 18/26 [00:00<00:00, 50.66it/s, S=0.3936, loss=-0.2445]
Epoch 79/150 [train]:  69%|██████▉   | 18/26 [00:00<00:00, 50.66it/s, S=0.3918, loss=-0.2418]
Epoch 79/150 [train]:  69%|██████▉   | 18/26 [00:00<00:00, 50.66it/s, S=0.3931, loss=-0.2455]
Epoch 79/150 [train]:  69%|██████▉   | 18/26 [00:00<00:00, 50.66it/s, S=0.3949, loss=-0.2477]
Epoch 79/150 [train]:  69%|██████▉   | 18/26 [00:00<00:00, 50.66it/s, S=0.3983, loss=-0.2470]
Epoch 79/150 [train]:  92%|█████████▏| 24/26 [00:00<00:00, 50.61it/s, S=0.3983, loss=-0.2470]
Epoch 79/150 [train]:  92%|█████████▏| 24/26 [00:00<00:00, 50.61it/s, S=0.3912, loss=-0.2381]
Epoch 79/150 [train]:  92%|█████████▏| 24/26 [00:00<00:00, 50.61it/s, S=0.3896, loss=-0.2327]
                                                                                             
Epoch  79/150  train loss=-0.2380  val loss=-0.2458  S[mean]=0.4085  ζ=0.4683  mean_plane_ζ=0.3542  reg=0.1627  λscale=0.57  lr=4.85e-04

Epoch 80/150 [train]:   0%|          | 0/26 [00:00<?, ?it/s]
Epoch 80/150 [train]:   0%|          | 0/26 [00:00<?, ?it/s, S=0.3926, loss=-0.2351]
Epoch 80/150 [train]:   0%|          | 0/26 [00:00<?, ?it/s, S=0.3876, loss=-0.2371]
Epoch 80/150 [train]:   0%|          | 0/26 [00:00<?, ?it/s, S=0.4000, loss=-0.2510]
Epoch 80/150 [train]:   0%|          | 0/26 [00:00<?, ?it/s, S=0.3972, loss=-0.2415]
Epoch 80/150 [train]:   0%|          | 0/26 [00:00<?, ?it/s, S=0.3960, loss=-0.2420]
Epoch 80/150 [train]:   0%|          | 0/26 [00:00<?, ?it/s, S=0.3990, loss=-0.2472]
Epoch 80/150 [train]:  23%|██▎       | 6/26 [00:00<00:00, 50.71it/s, S=0.3990, loss=-0.2472]
Epoch 80/150 [train]:  23%|██▎       | 6/26 [00:00<00:00, 50.71it/s, S=0.3885, loss=-0.2348]
Epoch 80/150 [train]:  23%|██▎       | 6/26 [00:00<00:00, 50.71it/s, S=0.3919, loss=-0.2394]
Epoch 80/150 [train]:  23%|██▎       | 6/26 [00:00<00:00, 50.71it/s, S=0.3915, loss=-0.2345]
Epoch 80/150 [train]:  23%|██▎       | 6/26 [00:00<00:00, 50.71it/s, S=0.3926, loss=-0.2445]
Epoch 80/150 [train]:  23%|██▎       | 6/26 [00:00<00:00, 50.71it/s, S=0.3961, loss=-0.2397]
Epoch 80/150 [train]:  23%|██▎       | 6/26 [00:00<00:00, 50.71it/s, S=0.3969, loss=-0.2405]
Epoch 80/150 [train]:  46%|████▌     | 12/26 [00:00<00:00, 50.67it/s, S=0.3969, loss=-0.2405]
Epoch 80/150 [train]:  46%|████▌     | 12/26 [00:00<00:00, 50.67it/s, S=0.3995, loss=-0.2467]
Epoch 80/150 [train]:  46%|████▌     | 12/26 [00:00<00:00, 50.67it/s, S=0.3975, loss=-0.2414]
Epoch 80/150 [train]:  46%|████▌     | 12/26 [00:00<00:00, 50.67it/s, S=0.3916, loss=-0.2410]
Epoch 80/150 [train]:  46%|████▌     | 12/26 [00:00<00:00, 50.67it/s, S=0.3910, loss=-0.2271]
Epoch 80/150 [train]:  46%|████▌     | 12/26 [00:00<00:00, 50.67it/s, S=0.3969, loss=-0.2396]
Epoch 80/150 [train]:  46%|████▌     | 12/26 [00:00<00:00, 50.67it/s, S=0.4008, loss=-0.2522]
Epoch 80/150 [train]:  69%|██████▉   | 18/26 [00:00<00:00, 50.67it/s, S=0.4008, loss=-0.2522]
Epoch 80/150 [train]:  69%|██████▉   | 18/26 [00:00<00:00, 50.67it/s, S=0.3933, loss=-0.2420]
Epoch 80/150 [train]:  69%|██████▉   | 18/26 [00:00<00:00, 50.67it/s, S=0.3972, loss=-0.2491]
Epoch 80/150 [train]:  69%|██████▉   | 18/26 [00:00<00:00, 50.67it/s, S=0.3894, loss=-0.2375]
Epoch 80/150 [train]:  69%|██████▉   | 18/26 [00:00<00:00, 50.67it/s, S=0.3905, loss=-0.2327]
Epoch 80/150 [train]:  69%|██████▉   | 18/26 [00:00<00:00, 50.67it/s, S=0.3990, loss=-0.2519]
Epoch 80/150 [train]:  69%|██████▉   | 18/26 [00:00<00:00, 50.67it/s, S=0.4013, loss=-0.2518]
Epoch 80/150 [train]:  92%|█████████▏| 24/26 [00:00<00:00, 50.66it/s, S=0.4013, loss=-0.2518]
Epoch 80/150 [train]:  92%|█████████▏| 24/26 [00:00<00:00, 50.66it/s, S=0.3987, loss=-0.2383]
Epoch 80/150 [train]:  92%|█████████▏| 24/26 [00:00<00:00, 50.66it/s, S=0.3928, loss=-0.2356]
                                                                                             
Epoch  80/150  train loss=-0.2413  val loss=-0.2476  S[mean]=0.4095  ζ=0.4685  mean_plane_ζ=0.3548  reg=0.1619  λscale=0.58  lr=4.81e-04

Epoch 81/150 [train]:   0%|          | 0/26 [00:00<?, ?it/s]
Epoch 81/150 [train]:   0%|          | 0/26 [00:00<?, ?it/s, S=0.3950, loss=-0.2462]
Epoch 81/150 [train]:   0%|          | 0/26 [00:00<?, ?it/s, S=0.3987, loss=-0.2465]
Epoch 81/150 [train]:   0%|          | 0/26 [00:00<?, ?it/s, S=0.3988, loss=-0.2467]
Epoch 81/150 [train]:   0%|          | 0/26 [00:00<?, ?it/s, S=0.4037, loss=-0.2531]
Epoch 81/150 [train]:   0%|          | 0/26 [00:00<?, ?it/s, S=0.3994, loss=-0.2519]
Epoch 81/150 [train]:   0%|          | 0/26 [00:00<?, ?it/s, S=0.3927, loss=-0.2381]
Epoch 81/150 [train]:  23%|██▎       | 6/26 [00:00<00:00, 50.55it/s, S=0.3927, loss=-0.2381]
Epoch 81/150 [train]:  23%|██▎       | 6/26 [00:00<00:00, 50.55it/s, S=0.3999, loss=-0.2532]
Epoch 81/150 [train]:  23%|██▎       | 6/26 [00:00<00:00, 50.55it/s, S=0.4005, loss=-0.2478]
Epoch 81/150 [train]:  23%|██▎       | 6/26 [00:00<00:00, 50.55it/s, S=0.3968, loss=-0.2392]
Epoch 81/150 [train]:  23%|██▎       | 6/26 [00:00<00:00, 50.55it/s, S=0.3925, loss=-0.2368]
Epoch 81/150 [train]:  23%|██▎       | 6/26 [00:00<00:00, 50.55it/s, S=0.3803, loss=-0.2183]
Epoch 81/150 [train]:  23%|██▎       | 6/26 [00:00<00:00, 50.55it/s, S=0.3978, loss=-0.2483]
Epoch 81/150 [train]:  46%|████▌     | 12/26 [00:00<00:00, 50.58it/s, S=0.3978, loss=-0.2483]
Epoch 81/150 [train]:  46%|████▌     | 12/26 [00:00<00:00, 50.58it/s, S=0.3999, loss=-0.2506]
Epoch 81/150 [train]:  46%|████▌     | 12/26 [00:00<00:00, 50.58it/s, S=0.3918, loss=-0.2383]
Epoch 81/150 [train]:  46%|████▌     | 12/26 [00:00<00:00, 50.58it/s, S=0.3959, loss=-0.2140]
Epoch 81/150 [train]:  46%|████▌     | 12/26 [00:00<00:00, 50.58it/s, S=0.3966, loss=-0.2223]
Epoch 81/150 [train]:  46%|████▌     | 12/26 [00:00<00:00, 50.58it/s, S=0.3985, loss=-0.2366]
Epoch 81/150 [train]:  46%|████▌     | 12/26 [00:00<00:00, 50.58it/s, S=0.3936, loss=-0.2380]
Epoch 81/150 [train]:  69%|██████▉   | 18/26 [00:00<00:00, 50.53it/s, S=0.3936, loss=-0.2380]
Epoch 81/150 [train]:  69%|██████▉   | 18/26 [00:00<00:00, 50.53it/s, S=0.3842, loss=-0.2287]
Epoch 81/150 [train]:  69%|██████▉   | 18/26 [00:00<00:00, 50.53it/s, S=0.3885, loss=-0.2260]
Epoch 81/150 [train]:  69%|██████▉   | 18/26 [00:00<00:00, 50.53it/s, S=0.3971, loss=-0.2419]
Epoch 81/150 [train]:  69%|██████▉   | 18/26 [00:00<00:00, 50.53it/s, S=0.3971, loss=-0.2448]
Epoch 81/150 [train]:  69%|██████▉   | 18/26 [00:00<00:00, 50.53it/s, S=0.3924, loss=-0.2242]
Epoch 81/150 [train]:  69%|██████▉   | 18/26 [00:00<00:00, 50.53it/s, S=0.3888, loss=-0.2400]
Epoch 81/150 [train]:  92%|█████████▏| 24/26 [00:00<00:00, 50.51it/s, S=0.3888, loss=-0.2400]
Epoch 81/150 [train]:  92%|█████████▏| 24/26 [00:00<00:00, 50.51it/s, S=0.3940, loss=-0.2340]
Epoch 81/150 [train]:  92%|█████████▏| 24/26 [00:00<00:00, 50.51it/s, S=0.3905, loss=-0.2416]
                                                                                             
Epoch  81/150  train loss=-0.2387  val loss=-0.2449  S[mean]=0.4089  ζ=0.4670  mean_plane_ζ=0.3541  reg=0.1640  λscale=0.58  lr=4.77e-04

Epoch 82/150 [train]:   0%|          | 0/26 [00:00<?, ?it/s]
Epoch 82/150 [train]:   0%|          | 0/26 [00:00<?, ?it/s, S=0.4004, loss=-0.2491]
Epoch 82/150 [train]:   0%|          | 0/26 [00:00<?, ?it/s, S=0.3992, loss=-0.2510]
Epoch 82/150 [train]:   0%|          | 0/26 [00:00<?, ?it/s, S=0.4044, loss=-0.2518]
Epoch 82/150 [train]:   0%|          | 0/26 [00:00<?, ?it/s, S=0.3991, loss=-0.2465]
Epoch 82/150 [train]:   0%|          | 0/26 [00:00<?, ?it/s, S=0.3971, loss=-0.2342]
Epoch 82/150 [train]:   0%|          | 0/26 [00:00<?, ?it/s, S=0.3935, loss=-0.2306]
Epoch 82/150 [train]:  23%|██▎       | 6/26 [00:00<00:00, 50.59it/s, S=0.3935, loss=-0.2306]
Epoch 82/150 [train]:  23%|██▎       | 6/26 [00:00<00:00, 50.59it/s, S=0.3888, loss=-0.2190]
Epoch 82/150 [train]:  23%|██▎       | 6/26 [00:00<00:00, 50.59it/s, S=0.3970, loss=-0.2450]
Epoch 82/150 [train]:  23%|██▎       | 6/26 [00:00<00:00, 50.59it/s, S=0.4015, loss=-0.2449]
Epoch 82/150 [train]:  23%|██▎       | 6/26 [00:00<00:00, 50.59it/s, S=0.3930, loss=-0.2399]
Epoch 82/150 [train]:  23%|██▎       | 6/26 [00:00<00:00, 50.59it/s, S=0.3870, loss=-0.2292]
Epoch 82/150 [train]:  23%|██▎       | 6/26 [00:00<00:00, 50.59it/s, S=0.3926, loss=-0.2390]
Epoch 82/150 [train]:  46%|████▌     | 12/26 [00:00<00:00, 50.51it/s, S=0.3926, loss=-0.2390]
Epoch 82/150 [train]:  46%|████▌     | 12/26 [00:00<00:00, 50.51it/s, S=0.3852, loss=-0.2182]
Epoch 82/150 [train]:  46%|████▌     | 12/26 [00:00<00:00, 50.51it/s, S=0.3950, loss=-0.2383]
Epoch 82/150 [train]:  46%|████▌     | 12/26 [00:00<00:00, 50.51it/s, S=0.3902, loss=-0.2395]
Epoch 82/150 [train]:  46%|████▌     | 12/26 [00:00<00:00, 50.51it/s, S=0.3998, loss=-0.2498]
Epoch 82/150 [train]:  46%|████▌     | 12/26 [00:00<00:00, 50.51it/s, S=0.3883, loss=-0.2272]
Epoch 82/150 [train]:  46%|████▌     | 12/26 [00:00<00:00, 50.51it/s, S=0.3976, loss=-0.2383]
Epoch 82/150 [train]:  69%|██████▉   | 18/26 [00:00<00:00, 50.47it/s, S=0.3976, loss=-0.2383]
Epoch 82/150 [train]:  69%|██████▉   | 18/26 [00:00<00:00, 50.47it/s, S=0.3955, loss=-0.2457]
Epoch 82/150 [train]:  69%|██████▉   | 18/26 [00:00<00:00, 50.47it/s, S=0.3968, loss=-0.2390]
Epoch 82/150 [train]:  69%|██████▉   | 18/26 [00:00<00:00, 50.47it/s, S=0.3973, loss=-0.2442]
Epoch 82/150 [train]:  69%|██████▉   | 18/26 [00:00<00:00, 50.47it/s, S=0.3949, loss=-0.2400]
Epoch 82/150 [train]:  69%|██████▉   | 18/26 [00:00<00:00, 50.47it/s, S=0.3986, loss=-0.2422]
Epoch 82/150 [train]:  69%|██████▉   | 18/26 [00:00<00:00, 50.47it/s, S=0.3924, loss=-0.2402]
Epoch 82/150 [train]:  92%|█████████▏| 24/26 [00:00<00:00, 50.51it/s, S=0.3924, loss=-0.2402]
Epoch 82/150 [train]:  92%|█████████▏| 24/26 [00:00<00:00, 50.51it/s, S=0.3967, loss=-0.2418]
Epoch 82/150 [train]:  92%|█████████▏| 24/26 [00:00<00:00, 50.51it/s, S=0.3968, loss=-0.2433]
                                                                                             
Epoch  82/150  train loss=-0.2395  val loss=-0.2484  S[mean]=0.4102  ζ=0.4694  mean_plane_ζ=0.3561  reg=0.1618  λscale=0.59  lr=4.73e-04

Epoch 83/150 [train]:   0%|          | 0/26 [00:00<?, ?it/s]
Epoch 83/150 [train]:   0%|          | 0/26 [00:00<?, ?it/s, S=0.3879, loss=-0.2117]
Epoch 83/150 [train]:   0%|          | 0/26 [00:00<?, ?it/s, S=0.3923, loss=-0.2364]
Epoch 83/150 [train]:   0%|          | 0/26 [00:00<?, ?it/s, S=0.3992, loss=-0.2471]
Epoch 83/150 [train]:   0%|          | 0/26 [00:00<?, ?it/s, S=0.3974, loss=-0.2427]
Epoch 83/150 [train]:   0%|          | 0/26 [00:00<?, ?it/s, S=0.3999, loss=-0.2460]
Epoch 83/150 [train]:   0%|          | 0/26 [00:00<?, ?it/s, S=0.3979, loss=-0.2386]
Epoch 83/150 [train]:  23%|██▎       | 6/26 [00:00<00:00, 50.73it/s, S=0.3979, loss=-0.2386]
Epoch 83/150 [train]:  23%|██▎       | 6/26 [00:00<00:00, 50.73it/s, S=0.3924, loss=-0.2417]
Epoch 83/150 [train]:  23%|██▎       | 6/26 [00:00<00:00, 50.73it/s, S=0.4026, loss=-0.2541]
Epoch 83/150 [train]:  23%|██▎       | 6/26 [00:00<00:00, 50.73it/s, S=0.3936, loss=-0.2453]
Epoch 83/150 [train]:  23%|██▎       | 6/26 [00:00<00:00, 50.73it/s, S=0.3999, loss=-0.2460]
Epoch 83/150 [train]:  23%|██▎       | 6/26 [00:00<00:00, 50.73it/s, S=0.3952, loss=-0.2436]
Epoch 83/150 [train]:  23%|██▎       | 6/26 [00:00<00:00, 50.73it/s, S=0.4047, loss=-0.2585]
Epoch 83/150 [train]:  46%|████▌     | 12/26 [00:00<00:00, 50.63it/s, S=0.4047, loss=-0.2585]
Epoch 83/150 [train]:  46%|████▌     | 12/26 [00:00<00:00, 50.63it/s, S=0.4028, loss=-0.2532]
Epoch 83/150 [train]:  46%|████▌     | 12/26 [00:00<00:00, 50.63it/s, S=0.3984, loss=-0.2485]
Epoch 83/150 [train]:  46%|████▌     | 12/26 [00:00<00:00, 50.63it/s, S=0.4007, loss=-0.2469]
Epoch 83/150 [train]:  46%|████▌     | 12/26 [00:00<00:00, 50.63it/s, S=0.4039, loss=-0.2497]
Epoch 83/150 [train]:  46%|████▌     | 12/26 [00:00<00:00, 50.63it/s, S=0.3945, loss=-0.2405]
Epoch 83/150 [train]:  46%|████▌     | 12/26 [00:00<00:00, 50.63it/s, S=0.3939, loss=-0.2412]
Epoch 83/150 [train]:  69%|██████▉   | 18/26 [00:00<00:00, 50.63it/s, S=0.3939, loss=-0.2412]
Epoch 83/150 [train]:  69%|██████▉   | 18/26 [00:00<00:00, 50.63it/s, S=0.3982, loss=-0.2382]
Epoch 83/150 [train]:  69%|██████▉   | 18/26 [00:00<00:00, 50.63it/s, S=0.3914, loss=-0.2390]
Epoch 83/150 [train]:  69%|██████▉   | 18/26 [00:00<00:00, 50.63it/s, S=0.4010, loss=-0.2367]
Epoch 83/150 [train]:  69%|██████▉   | 18/26 [00:00<00:00, 50.63it/s, S=0.3981, loss=-0.2455]
Epoch 83/150 [train]:  69%|██████▉   | 18/26 [00:00<00:00, 50.63it/s, S=0.3907, loss=-0.2308]
Epoch 83/150 [train]:  69%|██████▉   | 18/26 [00:00<00:00, 50.63it/s, S=0.3888, loss=-0.2435]
Epoch 83/150 [train]:  92%|█████████▏| 24/26 [00:00<00:00, 50.54it/s, S=0.3888, loss=-0.2435]
Epoch 83/150 [train]:  92%|█████████▏| 24/26 [00:00<00:00, 50.54it/s, S=0.3918, loss=-0.2268]
Epoch 83/150 [train]:  92%|█████████▏| 24/26 [00:00<00:00, 50.54it/s, S=0.4038, loss=-0.2430]
                                                                                             
Epoch  83/150  train loss=-0.2421  val loss=-0.2479  S[mean]=0.4107  ζ=0.4687  mean_plane_ζ=0.3557  reg=0.1627  λscale=0.60  lr=4.68e-04

Epoch 84/150 [train]:   0%|          | 0/26 [00:00<?, ?it/s]
Epoch 84/150 [train]:   0%|          | 0/26 [00:00<?, ?it/s, S=0.4028, loss=-0.2487]
Epoch 84/150 [train]:   0%|          | 0/26 [00:00<?, ?it/s, S=0.3925, loss=-0.2351]
Epoch 84/150 [train]:   0%|          | 0/26 [00:00<?, ?it/s, S=0.4021, loss=-0.2497]
Epoch 84/150 [train]:   0%|          | 0/26 [00:00<?, ?it/s, S=0.3890, loss=-0.2237]
Epoch 84/150 [train]:   0%|          | 0/26 [00:00<?, ?it/s, S=0.3900, loss=-0.2379]
Epoch 84/150 [train]:   0%|          | 0/26 [00:00<?, ?it/s, S=0.3975, loss=-0.2390]
Epoch 84/150 [train]:  23%|██▎       | 6/26 [00:00<00:00, 50.76it/s, S=0.3975, loss=-0.2390]
Epoch 84/150 [train]:  23%|██▎       | 6/26 [00:00<00:00, 50.76it/s, S=0.4030, loss=-0.2466]
Epoch 84/150 [train]:  23%|██▎       | 6/26 [00:00<00:00, 50.76it/s, S=0.4025, loss=-0.2426]
Epoch 84/150 [train]:  23%|██▎       | 6/26 [00:00<00:00, 50.76it/s, S=0.3960, loss=-0.2426]
Epoch 84/150 [train]:  23%|██▎       | 6/26 [00:00<00:00, 50.76it/s, S=0.3990, loss=-0.2420]
Epoch 84/150 [train]:  23%|██▎       | 6/26 [00:00<00:00, 50.76it/s, S=0.3782, loss=-0.1967]
Epoch 84/150 [train]:  23%|██▎       | 6/26 [00:00<00:00, 50.76it/s, S=0.3990, loss=-0.2456]
Epoch 84/150 [train]:  46%|████▌     | 12/26 [00:00<00:00, 50.69it/s, S=0.3990, loss=-0.2456]
Epoch 84/150 [train]:  46%|████▌     | 12/26 [00:00<00:00, 50.69it/s, S=0.3911, loss=-0.2332]
Epoch 84/150 [train]:  46%|████▌     | 12/26 [00:00<00:00, 50.69it/s, S=0.4006, loss=-0.2500]
Epoch 84/150 [train]:  46%|████▌     | 12/26 [00:00<00:00, 50.69it/s, S=0.3929, loss=-0.2367]
Epoch 84/150 [train]:  46%|████▌     | 12/26 [00:00<00:00, 50.69it/s, S=0.3954, loss=-0.2325]
Epoch 84/150 [train]:  46%|████▌     | 12/26 [00:00<00:00, 50.69it/s, S=0.4022, loss=-0.2495]
Epoch 84/150 [train]:  46%|████▌     | 12/26 [00:00<00:00, 50.69it/s, S=0.3967, loss=-0.2421]
Epoch 84/150 [train]:  69%|██████▉   | 18/26 [00:00<00:00, 50.65it/s, S=0.3967, loss=-0.2421]
Epoch 84/150 [train]:  69%|██████▉   | 18/26 [00:00<00:00, 50.65it/s, S=0.4017, loss=-0.2410]
Epoch 84/150 [train]:  69%|██████▉   | 18/26 [00:00<00:00, 50.65it/s, S=0.3997, loss=-0.2435]
Epoch 84/150 [train]:  69%|██████▉   | 18/26 [00:00<00:00, 50.65it/s, S=0.3931, loss=-0.2320]
Epoch 84/150 [train]:  69%|██████▉   | 18/26 [00:00<00:00, 50.65it/s, S=0.3920, loss=-0.2338]
Epoch 84/150 [train]:  69%|██████▉   | 18/26 [00:00<00:00, 50.65it/s, S=0.3922, loss=-0.2395]
Epoch 84/150 [train]:  69%|██████▉   | 18/26 [00:00<00:00, 50.65it/s, S=0.4019, loss=-0.2487]
Epoch 84/150 [train]:  92%|█████████▏| 24/26 [00:00<00:00, 50.55it/s, S=0.4019, loss=-0.2487]
Epoch 84/150 [train]:  92%|█████████▏| 24/26 [00:00<00:00, 50.55it/s, S=0.3945, loss=-0.2412]
Epoch 84/150 [train]:  92%|█████████▏| 24/26 [00:00<00:00, 50.55it/s, S=0.3940, loss=-0.2421]
                                                                                             
Epoch  84/150  train loss=-0.2391  val loss=-0.2496  S[mean]=0.4112  ζ=0.4690  mean_plane_ζ=0.3562  reg=0.1617  λscale=0.60  lr=4.63e-04

Epoch 85/150 [train]:   0%|          | 0/26 [00:00<?, ?it/s]
Epoch 85/150 [train]:   0%|          | 0/26 [00:00<?, ?it/s, S=0.4013, loss=-0.2432]
Epoch 85/150 [train]:   0%|          | 0/26 [00:00<?, ?it/s, S=0.4011, loss=-0.2437]
Epoch 85/150 [train]:   0%|          | 0/26 [00:00<?, ?it/s, S=0.3889, loss=-0.2306]
Epoch 85/150 [train]:   0%|          | 0/26 [00:00<?, ?it/s, S=0.3942, loss=-0.2369]
Epoch 85/150 [train]:   0%|          | 0/26 [00:00<?, ?it/s, S=0.3983, loss=-0.2459]
Epoch 85/150 [train]:   0%|          | 0/26 [00:00<?, ?it/s, S=0.3973, loss=-0.2449]
Epoch 85/150 [train]:  23%|██▎       | 6/26 [00:00<00:00, 50.58it/s, S=0.3973, loss=-0.2449]
Epoch 85/150 [train]:  23%|██▎       | 6/26 [00:00<00:00, 50.58it/s, S=0.4012, loss=-0.2479]
Epoch 85/150 [train]:  23%|██▎       | 6/26 [00:00<00:00, 50.58it/s, S=0.4010, loss=-0.2430]
Epoch 85/150 [train]:  23%|██▎       | 6/26 [00:00<00:00, 50.58it/s, S=0.4007, loss=-0.2461]
Epoch 85/150 [train]:  23%|██▎       | 6/26 [00:00<00:00, 50.58it/s, S=0.4003, loss=-0.2408]
Epoch 85/150 [train]:  23%|██▎       | 6/26 [00:00<00:00, 50.58it/s, S=0.3961, loss=-0.2411]
Epoch 85/150 [train]:  23%|██▎       | 6/26 [00:00<00:00, 50.58it/s, S=0.3919, loss=-0.2319]
Epoch 85/150 [train]:  46%|████▌     | 12/26 [00:00<00:00, 50.55it/s, S=0.3919, loss=-0.2319]
Epoch 85/150 [train]:  46%|████▌     | 12/26 [00:00<00:00, 50.55it/s, S=0.4008, loss=-0.2469]
Epoch 85/150 [train]:  46%|████▌     | 12/26 [00:00<00:00, 50.55it/s, S=0.4024, loss=-0.2470]
Epoch 85/150 [train]:  46%|████▌     | 12/26 [00:00<00:00, 50.55it/s, S=0.3862, loss=-0.2220]
Epoch 85/150 [train]:  46%|████▌     | 12/26 [00:00<00:00, 50.55it/s, S=0.3907, loss=-0.2204]
Epoch 85/150 [train]:  46%|████▌     | 12/26 [00:00<00:00, 50.55it/s, S=0.3970, loss=-0.2501]
Epoch 85/150 [train]:  46%|████▌     | 12/26 [00:00<00:00, 50.55it/s, S=0.3942, loss=-0.2359]
Epoch 85/150 [train]:  69%|██████▉   | 18/26 [00:00<00:00, 50.54it/s, S=0.3942, loss=-0.2359]
Epoch 85/150 [train]:  69%|██████▉   | 18/26 [00:00<00:00, 50.54it/s, S=0.3932, loss=-0.2393]
Epoch 85/150 [train]:  69%|██████▉   | 18/26 [00:00<00:00, 50.54it/s, S=0.4010, loss=-0.2485]
Epoch 85/150 [train]:  69%|██████▉   | 18/26 [00:00<00:00, 50.54it/s, S=0.3955, loss=-0.2351]
Epoch 85/150 [train]:  69%|██████▉   | 18/26 [00:00<00:00, 50.54it/s, S=0.3961, loss=-0.2429]
Epoch 85/150 [train]:  69%|██████▉   | 18/26 [00:00<00:00, 50.54it/s, S=0.3947, loss=-0.2454]
Epoch 85/150 [train]:  69%|██████▉   | 18/26 [00:00<00:00, 50.54it/s, S=0.3967, loss=-0.2459]
Epoch 85/150 [train]:  92%|█████████▏| 24/26 [00:00<00:00, 50.58it/s, S=0.3967, loss=-0.2459]
Epoch 85/150 [train]:  92%|█████████▏| 24/26 [00:00<00:00, 50.58it/s, S=0.3935, loss=-0.2348]
Epoch 85/150 [train]:  92%|█████████▏| 24/26 [00:00<00:00, 50.58it/s, S=0.3915, loss=-0.2485]
                                                                                             
Epoch  85/150  train loss=-0.2407  val loss=-0.2491  S[mean]=0.4119  ζ=0.4694  mean_plane_ζ=0.3567  reg=0.1628  λscale=0.61  lr=4.58e-04

Epoch 86/150 [train]:   0%|          | 0/26 [00:00<?, ?it/s]
Epoch 86/150 [train]:   0%|          | 0/26 [00:00<?, ?it/s, S=0.4002, loss=-0.2349]
Epoch 86/150 [train]:   0%|          | 0/26 [00:00<?, ?it/s, S=0.3956, loss=-0.2414]
Epoch 86/150 [train]:   0%|          | 0/26 [00:00<?, ?it/s, S=0.3984, loss=-0.2410]
Epoch 86/150 [train]:   0%|          | 0/26 [00:00<?, ?it/s, S=0.3998, loss=-0.2456]
Epoch 86/150 [train]:   0%|          | 0/26 [00:00<?, ?it/s, S=0.4038, loss=-0.2498]
Epoch 86/150 [train]:   0%|          | 0/26 [00:00<?, ?it/s, S=0.3941, loss=-0.2213]
Epoch 86/150 [train]:  23%|██▎       | 6/26 [00:00<00:00, 50.46it/s, S=0.3941, loss=-0.2213]
Epoch 86/150 [train]:  23%|██▎       | 6/26 [00:00<00:00, 50.46it/s, S=0.3904, loss=-0.2408]
Epoch 86/150 [train]:  23%|██▎       | 6/26 [00:00<00:00, 50.46it/s, S=0.4062, loss=-0.2573]
Epoch 86/150 [train]:  23%|██▎       | 6/26 [00:00<00:00, 50.46it/s, S=0.4006, loss=-0.2502]
Epoch 86/150 [train]:  23%|██▎       | 6/26 [00:00<00:00, 50.46it/s, S=0.3983, loss=-0.2314]
Epoch 86/150 [train]:  23%|██▎       | 6/26 [00:00<00:00, 50.46it/s, S=0.4080, loss=-0.2569]
Epoch 86/150 [train]:  23%|██▎       | 6/26 [00:00<00:00, 50.46it/s, S=0.3989, loss=-0.2426]
Epoch 86/150 [train]:  46%|████▌     | 12/26 [00:00<00:00, 50.54it/s, S=0.3989, loss=-0.2426]
Epoch 86/150 [train]:  46%|████▌     | 12/26 [00:00<00:00, 50.54it/s, S=0.3930, loss=-0.2432]
Epoch 86/150 [train]:  46%|████▌     | 12/26 [00:00<00:00, 50.54it/s, S=0.3994, loss=-0.2400]
Epoch 86/150 [train]:  46%|████▌     | 12/26 [00:00<00:00, 50.54it/s, S=0.3939, loss=-0.2359]
Epoch 86/150 [train]:  46%|████▌     | 12/26 [00:00<00:00, 50.54it/s, S=0.4020, loss=-0.2476]
Epoch 86/150 [train]:  46%|████▌     | 12/26 [00:00<00:00, 50.54it/s, S=0.4054, loss=-0.2574]
Epoch 86/150 [train]:  46%|████▌     | 12/26 [00:00<00:00, 50.54it/s, S=0.3955, loss=-0.2410]
Epoch 86/150 [train]:  69%|██████▉   | 18/26 [00:00<00:00, 50.60it/s, S=0.3955, loss=-0.2410]
Epoch 86/150 [train]:  69%|██████▉   | 18/26 [00:00<00:00, 50.60it/s, S=0.3956, loss=-0.2442]
Epoch 86/150 [train]:  69%|██████▉   | 18/26 [00:00<00:00, 50.60it/s, S=0.3985, loss=-0.2512]
Epoch 86/150 [train]:  69%|██████▉   | 18/26 [00:00<00:00, 50.60it/s, S=0.4041, loss=-0.2488]
Epoch 86/150 [train]:  69%|██████▉   | 18/26 [00:00<00:00, 50.60it/s, S=0.3975, loss=-0.2403]
Epoch 86/150 [train]:  69%|██████▉   | 18/26 [00:00<00:00, 50.60it/s, S=0.3982, loss=-0.2438]
Epoch 86/150 [train]:  69%|██████▉   | 18/26 [00:00<00:00, 50.60it/s, S=0.3950, loss=-0.2460]
Epoch 86/150 [train]:  92%|█████████▏| 24/26 [00:00<00:00, 50.64it/s, S=0.3950, loss=-0.2460]
Epoch 86/150 [train]:  92%|█████████▏| 24/26 [00:00<00:00, 50.64it/s, S=0.3865, loss=-0.2293]
Epoch 86/150 [train]:  92%|█████████▏| 24/26 [00:00<00:00, 50.64it/s, S=0.3902, loss=-0.2390]
                                                                                             
Epoch  86/150  train loss=-0.2431  val loss=-0.2498  S[mean]=0.4121  ζ=0.4701  mean_plane_ζ=0.3572  reg=0.1624  λscale=0.61  lr=4.52e-04

Epoch 87/150 [train]:   0%|          | 0/26 [00:00<?, ?it/s]
Epoch 87/150 [train]:   0%|          | 0/26 [00:00<?, ?it/s, S=0.4037, loss=-0.2550]
Epoch 87/150 [train]:   0%|          | 0/26 [00:00<?, ?it/s, S=0.4027, loss=-0.2441]
Epoch 87/150 [train]:   0%|          | 0/26 [00:00<?, ?it/s, S=0.3969, loss=-0.2348]
Epoch 87/150 [train]:   0%|          | 0/26 [00:00<?, ?it/s, S=0.4010, loss=-0.2461]
Epoch 87/150 [train]:   0%|          | 0/26 [00:00<?, ?it/s, S=0.4045, loss=-0.2440]
Epoch 87/150 [train]:   0%|          | 0/26 [00:00<?, ?it/s, S=0.4009, loss=-0.2413]
Epoch 87/150 [train]:  23%|██▎       | 6/26 [00:00<00:00, 50.76it/s, S=0.4009, loss=-0.2413]
Epoch 87/150 [train]:  23%|██▎       | 6/26 [00:00<00:00, 50.76it/s, S=0.3914, loss=-0.2386]
Epoch 87/150 [train]:  23%|██▎       | 6/26 [00:00<00:00, 50.76it/s, S=0.3915, loss=-0.2204]
Epoch 87/150 [train]:  23%|██▎       | 6/26 [00:00<00:00, 50.76it/s, S=0.4032, loss=-0.2436]
Epoch 87/150 [train]:  23%|██▎       | 6/26 [00:00<00:00, 50.76it/s, S=0.4003, loss=-0.2398]
Epoch 87/150 [train]:  23%|██▎       | 6/26 [00:00<00:00, 50.76it/s, S=0.3978, loss=-0.2432]
Epoch 87/150 [train]:  23%|██▎       | 6/26 [00:00<00:00, 50.76it/s, S=0.3944, loss=-0.2432]
Epoch 87/150 [train]:  46%|████▌     | 12/26 [00:00<00:00, 50.71it/s, S=0.3944, loss=-0.2432]
Epoch 87/150 [train]:  46%|████▌     | 12/26 [00:00<00:00, 50.71it/s, S=0.3991, loss=-0.2485]
Epoch 87/150 [train]:  46%|████▌     | 12/26 [00:00<00:00, 50.71it/s, S=0.3907, loss=-0.2270]
Epoch 87/150 [train]:  46%|████▌     | 12/26 [00:00<00:00, 50.71it/s, S=0.3940, loss=-0.2422]
Epoch 87/150 [train]:  46%|████▌     | 12/26 [00:00<00:00, 50.71it/s, S=0.3940, loss=-0.2334]
Epoch 87/150 [train]:  46%|████▌     | 12/26 [00:00<00:00, 50.71it/s, S=0.3902, loss=-0.2370]
Epoch 87/150 [train]:  46%|████▌     | 12/26 [00:00<00:00, 50.71it/s, S=0.3969, loss=-0.2410]
Epoch 87/150 [train]:  69%|██████▉   | 18/26 [00:00<00:00, 50.62it/s, S=0.3969, loss=-0.2410]
Epoch 87/150 [train]:  69%|██████▉   | 18/26 [00:00<00:00, 50.62it/s, S=0.4030, loss=-0.2394]
Epoch 87/150 [train]:  69%|██████▉   | 18/26 [00:00<00:00, 50.62it/s, S=0.3942, loss=-0.2341]
Epoch 87/150 [train]:  69%|██████▉   | 18/26 [00:00<00:00, 50.62it/s, S=0.3954, loss=-0.2449]
Epoch 87/150 [train]:  69%|██████▉   | 18/26 [00:00<00:00, 50.62it/s, S=0.3971, loss=-0.2390]
Epoch 87/150 [train]:  69%|██████▉   | 18/26 [00:00<00:00, 50.62it/s, S=0.3940, loss=-0.2357]
Epoch 87/150 [train]:  69%|██████▉   | 18/26 [00:00<00:00, 50.62it/s, S=0.3987, loss=-0.2444]
Epoch 87/150 [train]:  92%|█████████▏| 24/26 [00:00<00:00, 50.64it/s, S=0.3987, loss=-0.2444]
Epoch 87/150 [train]:  92%|█████████▏| 24/26 [00:00<00:00, 50.64it/s, S=0.4019, loss=-0.2491]
Epoch 87/150 [train]:  92%|█████████▏| 24/26 [00:00<00:00, 50.64it/s, S=0.3961, loss=-0.2416]
                                                                                             
Epoch  87/150  train loss=-0.2404  val loss=-0.2489  S[mean]=0.4115  ζ=0.4696  mean_plane_ζ=0.3569  reg=0.1627  λscale=0.62  lr=4.46e-04

Epoch 88/150 [train]:   0%|          | 0/26 [00:00<?, ?it/s]
Epoch 88/150 [train]:   0%|          | 0/26 [00:00<?, ?it/s, S=0.3930, loss=-0.2322]
Epoch 88/150 [train]:   0%|          | 0/26 [00:00<?, ?it/s, S=0.4075, loss=-0.2484]
Epoch 88/150 [train]:   0%|          | 0/26 [00:00<?, ?it/s, S=0.3980, loss=-0.2384]
Epoch 88/150 [train]:   0%|          | 0/26 [00:00<?, ?it/s, S=0.4049, loss=-0.2558]
Epoch 88/150 [train]:   0%|          | 0/26 [00:00<?, ?it/s, S=0.4043, loss=-0.2506]
Epoch 88/150 [train]:   0%|          | 0/26 [00:00<?, ?it/s, S=0.3992, loss=-0.2427]
Epoch 88/150 [train]:  23%|██▎       | 6/26 [00:00<00:00, 50.66it/s, S=0.3992, loss=-0.2427]
Epoch 88/150 [train]:  23%|██▎       | 6/26 [00:00<00:00, 50.66it/s, S=0.3979, loss=-0.2430]
Epoch 88/150 [train]:  23%|██▎       | 6/26 [00:00<00:00, 50.66it/s, S=0.3943, loss=-0.2483]
Epoch 88/150 [train]:  23%|██▎       | 6/26 [00:00<00:00, 50.66it/s, S=0.3975, loss=-0.2454]
Epoch 88/150 [train]:  23%|██▎       | 6/26 [00:00<00:00, 50.66it/s, S=0.3934, loss=-0.2357]
Epoch 88/150 [train]:  23%|██▎       | 6/26 [00:00<00:00, 50.66it/s, S=0.4004, loss=-0.2412]
Epoch 88/150 [train]:  23%|██▎       | 6/26 [00:00<00:00, 50.66it/s, S=0.3970, loss=-0.2477]
Epoch 88/150 [train]:  46%|████▌     | 12/26 [00:00<00:00, 50.67it/s, S=0.3970, loss=-0.2477]
Epoch 88/150 [train]:  46%|████▌     | 12/26 [00:00<00:00, 50.67it/s, S=0.3998, loss=-0.2434]
Epoch 88/150 [train]:  46%|████▌     | 12/26 [00:00<00:00, 50.67it/s, S=0.3968, loss=-0.2377]
Epoch 88/150 [train]:  46%|████▌     | 12/26 [00:00<00:00, 50.67it/s, S=0.4028, loss=-0.2478]
Epoch 88/150 [train]:  46%|████▌     | 12/26 [00:00<00:00, 50.67it/s, S=0.3943, loss=-0.2421]
Epoch 88/150 [train]:  46%|████▌     | 12/26 [00:00<00:00, 50.67it/s, S=0.4012, loss=-0.2482]
Epoch 88/150 [train]:  46%|████▌     | 12/26 [00:00<00:00, 50.67it/s, S=0.3928, loss=-0.2323]
Epoch 88/150 [train]:  69%|██████▉   | 18/26 [00:00<00:00, 50.67it/s, S=0.3928, loss=-0.2323]
Epoch 88/150 [train]:  69%|██████▉   | 18/26 [00:00<00:00, 50.67it/s, S=0.3950, loss=-0.2353]
Epoch 88/150 [train]:  69%|██████▉   | 18/26 [00:00<00:00, 50.67it/s, S=0.3989, loss=-0.2467]
Epoch 88/150 [train]:  69%|██████▉   | 18/26 [00:00<00:00, 50.67it/s, S=0.3979, loss=-0.2453]
Epoch 88/150 [train]:  69%|██████▉   | 18/26 [00:00<00:00, 50.67it/s, S=0.3981, loss=-0.2280]
Epoch 88/150 [train]:  69%|██████▉   | 18/26 [00:00<00:00, 50.67it/s, S=0.4002, loss=-0.2543]
Epoch 88/150 [train]:  69%|██████▉   | 18/26 [00:00<00:00, 50.67it/s, S=0.3998, loss=-0.2450]
Epoch 88/150 [train]:  92%|█████████▏| 24/26 [00:00<00:00, 50.51it/s, S=0.3998, loss=-0.2450]
Epoch 88/150 [train]:  92%|█████████▏| 24/26 [00:00<00:00, 50.51it/s, S=0.4059, loss=-0.2557]
Epoch 88/150 [train]:  92%|█████████▏| 24/26 [00:00<00:00, 50.51it/s, S=0.3951, loss=-0.2423]
                                                                                             
Epoch  88/150  train loss=-0.2436  val loss=-0.2508  S[mean]=0.4121  ζ=0.4710  mean_plane_ζ=0.3582  reg=0.1613  λscale=0.63  lr=4.40e-04

Epoch 89/150 [train]:   0%|          | 0/26 [00:00<?, ?it/s]
Epoch 89/150 [train]:   0%|          | 0/26 [00:00<?, ?it/s, S=0.4039, loss=-0.2444]
Epoch 89/150 [train]:   0%|          | 0/26 [00:00<?, ?it/s, S=0.4048, loss=-0.2556]
Epoch 89/150 [train]:   0%|          | 0/26 [00:00<?, ?it/s, S=0.3965, loss=-0.2483]
Epoch 89/150 [train]:   0%|          | 0/26 [00:00<?, ?it/s, S=0.3978, loss=-0.2419]
Epoch 89/150 [train]:   0%|          | 0/26 [00:00<?, ?it/s, S=0.3989, loss=-0.2441]
Epoch 89/150 [train]:   0%|          | 0/26 [00:00<?, ?it/s, S=0.3962, loss=-0.2441]
Epoch 89/150 [train]:  23%|██▎       | 6/26 [00:00<00:00, 50.72it/s, S=0.3962, loss=-0.2441]
Epoch 89/150 [train]:  23%|██▎       | 6/26 [00:00<00:00, 50.72it/s, S=0.3929, loss=-0.2355]
Epoch 89/150 [train]:  23%|██▎       | 6/26 [00:00<00:00, 50.72it/s, S=0.3984, loss=-0.2453]
Epoch 89/150 [train]:  23%|██▎       | 6/26 [00:00<00:00, 50.72it/s, S=0.4037, loss=-0.2415]
Epoch 89/150 [train]:  23%|██▎       | 6/26 [00:00<00:00, 50.72it/s, S=0.4012, loss=-0.2519]
Epoch 89/150 [train]:  23%|██▎       | 6/26 [00:00<00:00, 50.72it/s, S=0.4014, loss=-0.2479]
Epoch 89/150 [train]:  23%|██▎       | 6/26 [00:00<00:00, 50.72it/s, S=0.3990, loss=-0.2484]
Epoch 89/150 [train]:  46%|████▌     | 12/26 [00:00<00:00, 50.66it/s, S=0.3990, loss=-0.2484]
Epoch 89/150 [train]:  46%|████▌     | 12/26 [00:00<00:00, 50.66it/s, S=0.3898, loss=-0.2322]
Epoch 89/150 [train]:  46%|████▌     | 12/26 [00:00<00:00, 50.66it/s, S=0.4056, loss=-0.2454]
Epoch 89/150 [train]:  46%|████▌     | 12/26 [00:00<00:00, 50.66it/s, S=0.3977, loss=-0.2342]
Epoch 89/150 [train]:  46%|████▌     | 12/26 [00:00<00:00, 50.66it/s, S=0.4037, loss=-0.2506]
Epoch 89/150 [train]:  46%|████▌     | 12/26 [00:00<00:00, 50.66it/s, S=0.3975, loss=-0.2345]
Epoch 89/150 [train]:  46%|████▌     | 12/26 [00:00<00:00, 50.66it/s, S=0.3942, loss=-0.2420]
Epoch 89/150 [train]:  69%|██████▉   | 18/26 [00:00<00:00, 50.68it/s, S=0.3942, loss=-0.2420]
Epoch 89/150 [train]:  69%|██████▉   | 18/26 [00:00<00:00, 50.68it/s, S=0.4020, loss=-0.2504]
Epoch 89/150 [train]:  69%|██████▉   | 18/26 [00:00<00:00, 50.68it/s, S=0.3932, loss=-0.2376]
Epoch 89/150 [train]:  69%|██████▉   | 18/26 [00:00<00:00, 50.68it/s, S=0.3961, loss=-0.2486]
Epoch 89/150 [train]:  69%|██████▉   | 18/26 [00:00<00:00, 50.68it/s, S=0.3978, loss=-0.2394]
Epoch 89/150 [train]:  69%|██████▉   | 18/26 [00:00<00:00, 50.68it/s, S=0.4000, loss=-0.2442]
Epoch 89/150 [train]:  69%|██████▉   | 18/26 [00:00<00:00, 50.68it/s, S=0.3963, loss=-0.2396]
Epoch 89/150 [train]:  92%|█████████▏| 24/26 [00:00<00:00, 50.60it/s, S=0.3963, loss=-0.2396]
Epoch 89/150 [train]:  92%|█████████▏| 24/26 [00:00<00:00, 50.60it/s, S=0.3976, loss=-0.2397]
Epoch 89/150 [train]:  92%|█████████▏| 24/26 [00:00<00:00, 50.60it/s, S=0.3969, loss=-0.2510]
                                                                                             
Epoch  89/150  train loss=-0.2438  val loss=-0.2506  S[mean]=0.4122  ζ=0.4707  mean_plane_ζ=0.3581  reg=0.1617  λscale=0.63  lr=4.34e-04

Epoch 90/150 [train]:   0%|          | 0/26 [00:00<?, ?it/s]
Epoch 90/150 [train]:   0%|          | 0/26 [00:00<?, ?it/s, S=0.3993, loss=-0.2467]
Epoch 90/150 [train]:   0%|          | 0/26 [00:00<?, ?it/s, S=0.4037, loss=-0.2555]
Epoch 90/150 [train]:   0%|          | 0/26 [00:00<?, ?it/s, S=0.4068, loss=-0.2426]
Epoch 90/150 [train]:   0%|          | 0/26 [00:00<?, ?it/s, S=0.3977, loss=-0.2226]
Epoch 90/150 [train]:   0%|          | 0/26 [00:00<?, ?it/s, S=0.3978, loss=-0.2457]
Epoch 90/150 [train]:   0%|          | 0/26 [00:00<?, ?it/s, S=0.3930, loss=-0.2312]
Epoch 90/150 [train]:  23%|██▎       | 6/26 [00:00<00:00, 50.59it/s, S=0.3930, loss=-0.2312]
Epoch 90/150 [train]:  23%|██▎       | 6/26 [00:00<00:00, 50.59it/s, S=0.3985, loss=-0.2437]
Epoch 90/150 [train]:  23%|██▎       | 6/26 [00:00<00:00, 50.59it/s, S=0.4017, loss=-0.2368]
Epoch 90/150 [train]:  23%|██▎       | 6/26 [00:00<00:00, 50.59it/s, S=0.3959, loss=-0.2412]
Epoch 90/150 [train]:  23%|██▎       | 6/26 [00:00<00:00, 50.59it/s, S=0.3978, loss=-0.2508]
Epoch 90/150 [train]:  23%|██▎       | 6/26 [00:00<00:00, 50.59it/s, S=0.3985, loss=-0.2386]
Epoch 90/150 [train]:  23%|██▎       | 6/26 [00:00<00:00, 50.59it/s, S=0.3977, loss=-0.2403]
Epoch 90/150 [train]:  46%|████▌     | 12/26 [00:00<00:00, 50.50it/s, S=0.3977, loss=-0.2403]
Epoch 90/150 [train]:  46%|████▌     | 12/26 [00:00<00:00, 50.50it/s, S=0.4005, loss=-0.2429]
Epoch 90/150 [train]:  46%|████▌     | 12/26 [00:00<00:00, 50.50it/s, S=0.3991, loss=-0.2512]
Epoch 90/150 [train]:  46%|████▌     | 12/26 [00:00<00:00, 50.50it/s, S=0.3960, loss=-0.2442]
Epoch 90/150 [train]:  46%|████▌     | 12/26 [00:00<00:00, 50.50it/s, S=0.3936, loss=-0.2391]
Epoch 90/150 [train]:  46%|████▌     | 12/26 [00:00<00:00, 50.50it/s, S=0.4017, loss=-0.2511]
Epoch 90/150 [train]:  46%|████▌     | 12/26 [00:00<00:00, 50.50it/s, S=0.4023, loss=-0.2493]
Epoch 90/150 [train]:  69%|██████▉   | 18/26 [00:00<00:00, 50.40it/s, S=0.4023, loss=-0.2493]
Epoch 90/150 [train]:  69%|██████▉   | 18/26 [00:00<00:00, 50.40it/s, S=0.4024, loss=-0.2525]
Epoch 90/150 [train]:  69%|██████▉   | 18/26 [00:00<00:00, 50.40it/s, S=0.3955, loss=-0.2481]
Epoch 90/150 [train]:  69%|██████▉   | 18/26 [00:00<00:00, 50.40it/s, S=0.3941, loss=-0.2223]
Epoch 90/150 [train]:  69%|██████▉   | 18/26 [00:00<00:00, 50.40it/s, S=0.3949, loss=-0.2428]
Epoch 90/150 [train]:  69%|██████▉   | 18/26 [00:00<00:00, 50.40it/s, S=0.4051, loss=-0.2553]
Epoch 90/150 [train]:  69%|██████▉   | 18/26 [00:00<00:00, 50.40it/s, S=0.3995, loss=-0.2385]
Epoch 90/150 [train]:  92%|█████████▏| 24/26 [00:00<00:00, 50.49it/s, S=0.3995, loss=-0.2385]
Epoch 90/150 [train]:  92%|█████████▏| 24/26 [00:00<00:00, 50.49it/s, S=0.3998, loss=-0.2518]
Epoch 90/150 [train]:  92%|█████████▏| 24/26 [00:00<00:00, 50.49it/s, S=0.3955, loss=-0.2470]
                                                                                             
Epoch  90/150  train loss=-0.2435  val loss=-0.2515  S[mean]=0.4124  ζ=0.4708  mean_plane_ζ=0.3583  reg=0.1609  λscale=0.64  lr=4.27e-04

Epoch 91/150 [train]:   0%|          | 0/26 [00:00<?, ?it/s]
Epoch 91/150 [train]:   0%|          | 0/26 [00:00<?, ?it/s, S=0.3982, loss=-0.2464]
Epoch 91/150 [train]:   0%|          | 0/26 [00:00<?, ?it/s, S=0.3976, loss=-0.2395]
Epoch 91/150 [train]:   0%|          | 0/26 [00:00<?, ?it/s, S=0.3937, loss=-0.2322]
Epoch 91/150 [train]:   0%|          | 0/26 [00:00<?, ?it/s, S=0.3976, loss=-0.2479]
Epoch 91/150 [train]:   0%|          | 0/26 [00:00<?, ?it/s, S=0.3992, loss=-0.2372]
Epoch 91/150 [train]:   0%|          | 0/26 [00:00<?, ?it/s, S=0.4002, loss=-0.2431]
Epoch 91/150 [train]:  23%|██▎       | 6/26 [00:00<00:00, 50.63it/s, S=0.4002, loss=-0.2431]
Epoch 91/150 [train]:  23%|██▎       | 6/26 [00:00<00:00, 50.63it/s, S=0.4028, loss=-0.2475]
Epoch 91/150 [train]:  23%|██▎       | 6/26 [00:00<00:00, 50.63it/s, S=0.3936, loss=-0.2390]
Epoch 91/150 [train]:  23%|██▎       | 6/26 [00:00<00:00, 50.63it/s, S=0.3967, loss=-0.2506]
Epoch 91/150 [train]:  23%|██▎       | 6/26 [00:00<00:00, 50.63it/s, S=0.4030, loss=-0.2496]
Epoch 91/150 [train]:  23%|██▎       | 6/26 [00:00<00:00, 50.63it/s, S=0.3976, loss=-0.2238]
Epoch 91/150 [train]:  23%|██▎       | 6/26 [00:00<00:00, 50.63it/s, S=0.3995, loss=-0.2353]
Epoch 91/150 [train]:  46%|████▌     | 12/26 [00:00<00:00, 50.57it/s, S=0.3995, loss=-0.2353]
Epoch 91/150 [train]:  46%|████▌     | 12/26 [00:00<00:00, 50.57it/s, S=0.4007, loss=-0.2477]
Epoch 91/150 [train]:  46%|████▌     | 12/26 [00:00<00:00, 50.57it/s, S=0.3914, loss=-0.2403]
Epoch 91/150 [train]:  46%|████▌     | 12/26 [00:00<00:00, 50.57it/s, S=0.3908, loss=-0.2354]
Epoch 91/150 [train]:  46%|████▌     | 12/26 [00:00<00:00, 50.57it/s, S=0.3963, loss=-0.2448]
Epoch 91/150 [train]:  46%|████▌     | 12/26 [00:00<00:00, 50.57it/s, S=0.3929, loss=-0.2395]
Epoch 91/150 [train]:  46%|████▌     | 12/26 [00:00<00:00, 50.57it/s, S=0.3983, loss=-0.2357]
Epoch 91/150 [train]:  69%|██████▉   | 18/26 [00:00<00:00, 50.51it/s, S=0.3983, loss=-0.2357]
Epoch 91/150 [train]:  69%|██████▉   | 18/26 [00:00<00:00, 50.51it/s, S=0.3973, loss=-0.2505]
Epoch 91/150 [train]:  69%|██████▉   | 18/26 [00:00<00:00, 50.51it/s, S=0.3987, loss=-0.2454]
Epoch 91/150 [train]:  69%|██████▉   | 18/26 [00:00<00:00, 50.51it/s, S=0.4050, loss=-0.2607]
Epoch 91/150 [train]:  69%|██████▉   | 18/26 [00:00<00:00, 50.51it/s, S=0.3957, loss=-0.2407]
Epoch 91/150 [train]:  69%|██████▉   | 18/26 [00:00<00:00, 50.51it/s, S=0.4036, loss=-0.2559]
Epoch 91/150 [train]:  69%|██████▉   | 18/26 [00:00<00:00, 50.51it/s, S=0.4038, loss=-0.2447]
Epoch 91/150 [train]:  92%|█████████▏| 24/26 [00:00<00:00, 50.47it/s, S=0.4038, loss=-0.2447]
Epoch 91/150 [train]:  92%|█████████▏| 24/26 [00:00<00:00, 50.47it/s, S=0.3986, loss=-0.2329]
Epoch 91/150 [train]:  92%|█████████▏| 24/26 [00:00<00:00, 50.47it/s, S=0.3977, loss=-0.2382]
                                                                                             
Epoch  91/150  train loss=-0.2425  val loss=-0.2512  S[mean]=0.4123  ζ=0.4708  mean_plane_ζ=0.3581  reg=0.1611  λscale=0.64  lr=4.20e-04

Epoch 92/150 [train]:   0%|          | 0/26 [00:00<?, ?it/s]
Epoch 92/150 [train]:   0%|          | 0/26 [00:00<?, ?it/s, S=0.3996, loss=-0.2472]
Epoch 92/150 [train]:   0%|          | 0/26 [00:00<?, ?it/s, S=0.4033, loss=-0.2519]
Epoch 92/150 [train]:   0%|          | 0/26 [00:00<?, ?it/s, S=0.3962, loss=-0.2495]
Epoch 92/150 [train]:   0%|          | 0/26 [00:00<?, ?it/s, S=0.4033, loss=-0.2484]
Epoch 92/150 [train]:   0%|          | 0/26 [00:00<?, ?it/s, S=0.3897, loss=-0.2220]
Epoch 92/150 [train]:   0%|          | 0/26 [00:00<?, ?it/s, S=0.4021, loss=-0.2514]
Epoch 92/150 [train]:  23%|██▎       | 6/26 [00:00<00:00, 50.59it/s, S=0.4021, loss=-0.2514]
Epoch 92/150 [train]:  23%|██▎       | 6/26 [00:00<00:00, 50.59it/s, S=0.3893, loss=-0.2239]
Epoch 92/150 [train]:  23%|██▎       | 6/26 [00:00<00:00, 50.59it/s, S=0.3995, loss=-0.2421]
Epoch 92/150 [train]:  23%|██▎       | 6/26 [00:00<00:00, 50.59it/s, S=0.4044, loss=-0.2444]
Epoch 92/150 [train]:  23%|██▎       | 6/26 [00:00<00:00, 50.59it/s, S=0.3985, loss=-0.2470]
Epoch 92/150 [train]:  23%|██▎       | 6/26 [00:00<00:00, 50.59it/s, S=0.3979, loss=-0.2428]
Epoch 92/150 [train]:  23%|██▎       | 6/26 [00:00<00:00, 50.59it/s, S=0.3984, loss=-0.2446]
Epoch 92/150 [train]:  46%|████▌     | 12/26 [00:00<00:00, 50.47it/s, S=0.3984, loss=-0.2446]
Epoch 92/150 [train]:  46%|████▌     | 12/26 [00:00<00:00, 50.47it/s, S=0.4031, loss=-0.2506]
Epoch 92/150 [train]:  46%|████▌     | 12/26 [00:00<00:00, 50.47it/s, S=0.3905, loss=-0.2282]
Epoch 92/150 [train]:  46%|████▌     | 12/26 [00:00<00:00, 50.47it/s, S=0.3994, loss=-0.2429]
Epoch 92/150 [train]:  46%|████▌     | 12/26 [00:00<00:00, 50.47it/s, S=0.4053, loss=-0.2562]
Epoch 92/150 [train]:  46%|████▌     | 12/26 [00:00<00:00, 50.47it/s, S=0.3982, loss=-0.2449]
Epoch 92/150 [train]:  46%|████▌     | 12/26 [00:00<00:00, 50.47it/s, S=0.4012, loss=-0.2537]
Epoch 92/150 [train]:  69%|██████▉   | 18/26 [00:00<00:00, 50.47it/s, S=0.4012, loss=-0.2537]
Epoch 92/150 [train]:  69%|██████▉   | 18/26 [00:00<00:00, 50.47it/s, S=0.3925, loss=-0.2394]
Epoch 92/150 [train]:  69%|██████▉   | 18/26 [00:00<00:00, 50.47it/s, S=0.4000, loss=-0.2480]
Epoch 92/150 [train]:  69%|██████▉   | 18/26 [00:00<00:00, 50.47it/s, S=0.4024, loss=-0.2519]
Epoch 92/150 [train]:  69%|██████▉   | 18/26 [00:00<00:00, 50.47it/s, S=0.4030, loss=-0.2482]
Epoch 92/150 [train]:  69%|██████▉   | 18/26 [00:00<00:00, 50.47it/s, S=0.3979, loss=-0.2488]
Epoch 92/150 [train]:  69%|██████▉   | 18/26 [00:00<00:00, 50.47it/s, S=0.4014, loss=-0.2444]
Epoch 92/150 [train]:  92%|█████████▏| 24/26 [00:00<00:00, 50.51it/s, S=0.4014, loss=-0.2444]
Epoch 92/150 [train]:  92%|█████████▏| 24/26 [00:00<00:00, 50.51it/s, S=0.3961, loss=-0.2491]
Epoch 92/150 [train]:  92%|█████████▏| 24/26 [00:00<00:00, 50.51it/s, S=0.3954, loss=-0.2386]
                                                                                             
Epoch  92/150  train loss=-0.2446  val loss=-0.2503  S[mean]=0.4121  ζ=0.4705  mean_plane_ζ=0.3583  reg=0.1618  λscale=0.65  lr=4.12e-04

Epoch 93/150 [train]:   0%|          | 0/26 [00:00<?, ?it/s]
Epoch 93/150 [train]:   0%|          | 0/26 [00:00<?, ?it/s, S=0.3971, loss=-0.2423]
Epoch 93/150 [train]:   0%|          | 0/26 [00:00<?, ?it/s, S=0.4007, loss=-0.2344]
Epoch 93/150 [train]:   0%|          | 0/26 [00:00<?, ?it/s, S=0.3993, loss=-0.2471]
Epoch 93/150 [train]:   0%|          | 0/26 [00:00<?, ?it/s, S=0.4074, loss=-0.2611]
Epoch 93/150 [train]:   0%|          | 0/26 [00:00<?, ?it/s, S=0.4008, loss=-0.2447]
Epoch 93/150 [train]:   0%|          | 0/26 [00:00<?, ?it/s, S=0.3997, loss=-0.2475]
Epoch 93/150 [train]:  23%|██▎       | 6/26 [00:00<00:00, 50.46it/s, S=0.3997, loss=-0.2475]
Epoch 93/150 [train]:  23%|██▎       | 6/26 [00:00<00:00, 50.46it/s, S=0.4055, loss=-0.2537]
Epoch 93/150 [train]:  23%|██▎       | 6/26 [00:00<00:00, 50.46it/s, S=0.3926, loss=-0.2314]
Epoch 93/150 [train]:  23%|██▎       | 6/26 [00:00<00:00, 50.46it/s, S=0.4063, loss=-0.2578]
Epoch 93/150 [train]:  23%|██▎       | 6/26 [00:00<00:00, 50.46it/s, S=0.3950, loss=-0.2371]
Epoch 93/150 [train]:  23%|██▎       | 6/26 [00:00<00:00, 50.46it/s, S=0.4055, loss=-0.2556]
Epoch 93/150 [train]:  23%|██▎       | 6/26 [00:00<00:00, 50.46it/s, S=0.4008, loss=-0.2406]
Epoch 93/150 [train]:  46%|████▌     | 12/26 [00:00<00:00, 50.53it/s, S=0.4008, loss=-0.2406]
Epoch 93/150 [train]:  46%|████▌     | 12/26 [00:00<00:00, 50.53it/s, S=0.4020, loss=-0.2512]
Epoch 93/150 [train]:  46%|████▌     | 12/26 [00:00<00:00, 50.53it/s, S=0.3975, loss=-0.2454]
Epoch 93/150 [train]:  46%|████▌     | 12/26 [00:00<00:00, 50.53it/s, S=0.3991, loss=-0.2419]
Epoch 93/150 [train]:  46%|████▌     | 12/26 [00:00<00:00, 50.53it/s, S=0.3954, loss=-0.2461]
Epoch 93/150 [train]:  46%|████▌     | 12/26 [00:00<00:00, 50.53it/s, S=0.4015, loss=-0.2473]
Epoch 93/150 [train]:  46%|████▌     | 12/26 [00:00<00:00, 50.53it/s, S=0.3952, loss=-0.2387]
Epoch 93/150 [train]:  69%|██████▉   | 18/26 [00:00<00:00, 50.60it/s, S=0.3952, loss=-0.2387]
Epoch 93/150 [train]:  69%|██████▉   | 18/26 [00:00<00:00, 50.60it/s, S=0.3950, loss=-0.2362]
Epoch 93/150 [train]:  69%|██████▉   | 18/26 [00:00<00:00, 50.60it/s, S=0.3946, loss=-0.2412]
Epoch 93/150 [train]:  69%|██████▉   | 18/26 [00:00<00:00, 50.60it/s, S=0.3991, loss=-0.2540]
Epoch 93/150 [train]:  69%|██████▉   | 18/26 [00:00<00:00, 50.60it/s, S=0.4021, loss=-0.2462]
Epoch 93/150 [train]:  69%|██████▉   | 18/26 [00:00<00:00, 50.60it/s, S=0.3960, loss=-0.2352]
Epoch 93/150 [train]:  69%|██████▉   | 18/26 [00:00<00:00, 50.60it/s, S=0.3963, loss=-0.2423]
Epoch 93/150 [train]:  92%|█████████▏| 24/26 [00:00<00:00, 50.59it/s, S=0.3963, loss=-0.2423]
Epoch 93/150 [train]:  92%|█████████▏| 24/26 [00:00<00:00, 50.59it/s, S=0.3947, loss=-0.2339]
Epoch 93/150 [train]:  92%|█████████▏| 24/26 [00:00<00:00, 50.59it/s, S=0.4003, loss=-0.2486]
                                                                                             
Epoch  93/150  train loss=-0.2447  val loss=-0.2513  S[mean]=0.4128  ζ=0.4711  mean_plane_ζ=0.3588  reg=0.1615  λscale=0.66  lr=4.05e-04

Epoch 94/150 [train]:   0%|          | 0/26 [00:00<?, ?it/s]
Epoch 94/150 [train]:   0%|          | 0/26 [00:00<?, ?it/s, S=0.4015, loss=-0.2516]
Epoch 94/150 [train]:   0%|          | 0/26 [00:00<?, ?it/s, S=0.4080, loss=-0.2597]
Epoch 94/150 [train]:   0%|          | 0/26 [00:00<?, ?it/s, S=0.4009, loss=-0.2505]
Epoch 94/150 [train]:   0%|          | 0/26 [00:00<?, ?it/s, S=0.3942, loss=-0.2312]
Epoch 94/150 [train]:   0%|          | 0/26 [00:00<?, ?it/s, S=0.3981, loss=-0.2472]
Epoch 94/150 [train]:   0%|          | 0/26 [00:00<?, ?it/s, S=0.4018, loss=-0.2438]
Epoch 94/150 [train]:  23%|██▎       | 6/26 [00:00<00:00, 50.48it/s, S=0.4018, loss=-0.2438]
Epoch 94/150 [train]:  23%|██▎       | 6/26 [00:00<00:00, 50.48it/s, S=0.3951, loss=-0.2442]
Epoch 94/150 [train]:  23%|██▎       | 6/26 [00:00<00:00, 50.48it/s, S=0.3968, loss=-0.2326]
Epoch 94/150 [train]:  23%|██▎       | 6/26 [00:00<00:00, 50.48it/s, S=0.4013, loss=-0.2437]
Epoch 94/150 [train]:  23%|██▎       | 6/26 [00:00<00:00, 50.48it/s, S=0.4051, loss=-0.2339]
Epoch 94/150 [train]:  23%|██▎       | 6/26 [00:00<00:00, 50.48it/s, S=0.3968, loss=-0.2423]
Epoch 94/150 [train]:  23%|██▎       | 6/26 [00:00<00:00, 50.48it/s, S=0.3998, loss=-0.2390]
Epoch 94/150 [train]:  46%|████▌     | 12/26 [00:00<00:00, 50.58it/s, S=0.3998, loss=-0.2390]
Epoch 94/150 [train]:  46%|████▌     | 12/26 [00:00<00:00, 50.58it/s, S=0.3910, loss=-0.2364]
Epoch 94/150 [train]:  46%|████▌     | 12/26 [00:00<00:00, 50.58it/s, S=0.4000, loss=-0.2289]
Epoch 94/150 [train]:  46%|████▌     | 12/26 [00:00<00:00, 50.58it/s, S=0.3983, loss=-0.2389]
Epoch 94/150 [train]:  46%|████▌     | 12/26 [00:00<00:00, 50.58it/s, S=0.3985, loss=-0.2527]
Epoch 94/150 [train]:  46%|████▌     | 12/26 [00:00<00:00, 50.58it/s, S=0.4038, loss=-0.2554]
Epoch 94/150 [train]:  46%|████▌     | 12/26 [00:00<00:00, 50.58it/s, S=0.3999, loss=-0.2487]
Epoch 94/150 [train]:  69%|██████▉   | 18/26 [00:00<00:00, 50.49it/s, S=0.3999, loss=-0.2487]
Epoch 94/150 [train]:  69%|██████▉   | 18/26 [00:00<00:00, 50.49it/s, S=0.3915, loss=-0.2285]
Epoch 94/150 [train]:  69%|██████▉   | 18/26 [00:00<00:00, 50.49it/s, S=0.4020, loss=-0.2550]
Epoch 94/150 [train]:  69%|██████▉   | 18/26 [00:00<00:00, 50.49it/s, S=0.3982, loss=-0.2430]
Epoch 94/150 [train]:  69%|██████▉   | 18/26 [00:00<00:00, 50.49it/s, S=0.3960, loss=-0.2346]
Epoch 94/150 [train]:  69%|██████▉   | 18/26 [00:00<00:00, 50.49it/s, S=0.3968, loss=-0.2486]
Epoch 94/150 [train]:  69%|██████▉   | 18/26 [00:00<00:00, 50.49it/s, S=0.4014, loss=-0.2564]
Epoch 94/150 [train]:  92%|█████████▏| 24/26 [00:00<00:00, 50.48it/s, S=0.4014, loss=-0.2564]
Epoch 94/150 [train]:  92%|█████████▏| 24/26 [00:00<00:00, 50.48it/s, S=0.4001, loss=-0.2515]
Epoch 94/150 [train]:  92%|█████████▏| 24/26 [00:00<00:00, 50.48it/s, S=0.3951, loss=-0.2327]
                                                                                             
Epoch  94/150  train loss=-0.2435  val loss=-0.2508  S[mean]=0.4124  ζ=0.4712  mean_plane_ζ=0.3586  reg=0.1615  λscale=0.66  lr=3.97e-04

Epoch 95/150 [train]:   0%|          | 0/26 [00:00<?, ?it/s]
Epoch 95/150 [train]:   0%|          | 0/26 [00:00<?, ?it/s, S=0.3998, loss=-0.2395]
Epoch 95/150 [train]:   0%|          | 0/26 [00:00<?, ?it/s, S=0.4066, loss=-0.2598]
Epoch 95/150 [train]:   0%|          | 0/26 [00:00<?, ?it/s, S=0.3992, loss=-0.2487]
Epoch 95/150 [train]:   0%|          | 0/26 [00:00<?, ?it/s, S=0.3966, loss=-0.2502]
Epoch 95/150 [train]:   0%|          | 0/26 [00:00<?, ?it/s, S=0.3975, loss=-0.2416]
Epoch 95/150 [train]:   0%|          | 0/26 [00:00<?, ?it/s, S=0.4006, loss=-0.2422]
Epoch 95/150 [train]:  23%|██▎       | 6/26 [00:00<00:00, 50.68it/s, S=0.4006, loss=-0.2422]
Epoch 95/150 [train]:  23%|██▎       | 6/26 [00:00<00:00, 50.68it/s, S=0.3934, loss=-0.2292]
Epoch 95/150 [train]:  23%|██▎       | 6/26 [00:00<00:00, 50.68it/s, S=0.3975, loss=-0.2396]
Epoch 95/150 [train]:  23%|██▎       | 6/26 [00:00<00:00, 50.68it/s, S=0.3965, loss=-0.2426]
Epoch 95/150 [train]:  23%|██▎       | 6/26 [00:00<00:00, 50.68it/s, S=0.3981, loss=-0.2395]
Epoch 95/150 [train]:  23%|██▎       | 6/26 [00:00<00:00, 50.68it/s, S=0.4032, loss=-0.2461]
Epoch 95/150 [train]:  23%|██▎       | 6/26 [00:00<00:00, 50.68it/s, S=0.3938, loss=-0.2399]
Epoch 95/150 [train]:  46%|████▌     | 12/26 [00:00<00:00, 50.63it/s, S=0.3938, loss=-0.2399]
Epoch 95/150 [train]:  46%|████▌     | 12/26 [00:00<00:00, 50.63it/s, S=0.4018, loss=-0.2423]
Epoch 95/150 [train]:  46%|████▌     | 12/26 [00:00<00:00, 50.63it/s, S=0.4002, loss=-0.2505]
Epoch 95/150 [train]:  46%|████▌     | 12/26 [00:00<00:00, 50.63it/s, S=0.3963, loss=-0.2457]
Epoch 95/150 [train]:  46%|████▌     | 12/26 [00:00<00:00, 50.63it/s, S=0.3949, loss=-0.2402]
Epoch 95/150 [train]:  46%|████▌     | 12/26 [00:00<00:00, 50.63it/s, S=0.4026, loss=-0.2457]
Epoch 95/150 [train]:  46%|████▌     | 12/26 [00:00<00:00, 50.63it/s, S=0.4043, loss=-0.2472]
Epoch 95/150 [train]:  69%|██████▉   | 18/26 [00:00<00:00, 50.65it/s, S=0.4043, loss=-0.2472]
Epoch 95/150 [train]:  69%|██████▉   | 18/26 [00:00<00:00, 50.65it/s, S=0.4067, loss=-0.2609]
Epoch 95/150 [train]:  69%|██████▉   | 18/26 [00:00<00:00, 50.65it/s, S=0.3974, loss=-0.2508]
Epoch 95/150 [train]:  69%|██████▉   | 18/26 [00:00<00:00, 50.65it/s, S=0.3890, loss=-0.2283]
Epoch 95/150 [train]:  69%|██████▉   | 18/26 [00:00<00:00, 50.65it/s, S=0.3985, loss=-0.2507]
Epoch 95/150 [train]:  69%|██████▉   | 18/26 [00:00<00:00, 50.65it/s, S=0.3922, loss=-0.2408]
Epoch 95/150 [train]:  69%|██████▉   | 18/26 [00:00<00:00, 50.65it/s, S=0.4016, loss=-0.2513]
Epoch 95/150 [train]:  92%|█████████▏| 24/26 [00:00<00:00, 50.66it/s, S=0.4016, loss=-0.2513]
Epoch 95/150 [train]:  92%|█████████▏| 24/26 [00:00<00:00, 50.66it/s, S=0.4047, loss=-0.2548]
Epoch 95/150 [train]:  92%|█████████▏| 24/26 [00:00<00:00, 50.66it/s, S=0.4069, loss=-0.2595]
                                                                                             
Epoch  95/150  train loss=-0.2457  val loss=-0.2500  S[mean]=0.4119  ζ=0.4707  mean_plane_ζ=0.3585  reg=0.1620  λscale=0.67  lr=3.89e-04

Epoch 96/150 [train]:   0%|          | 0/26 [00:00<?, ?it/s]
Epoch 96/150 [train]:   0%|          | 0/26 [00:00<?, ?it/s, S=0.4013, loss=-0.2296]
Epoch 96/150 [train]:   0%|          | 0/26 [00:00<?, ?it/s, S=0.3964, loss=-0.2425]
Epoch 96/150 [train]:   0%|          | 0/26 [00:00<?, ?it/s, S=0.4010, loss=-0.2393]
Epoch 96/150 [train]:   0%|          | 0/26 [00:00<?, ?it/s, S=0.3982, loss=-0.2430]
Epoch 96/150 [train]:   0%|          | 0/26 [00:00<?, ?it/s, S=0.4016, loss=-0.2531]
Epoch 96/150 [train]:   0%|          | 0/26 [00:00<?, ?it/s, S=0.3978, loss=-0.2369]
Epoch 96/150 [train]:  23%|██▎       | 6/26 [00:00<00:00, 50.69it/s, S=0.3978, loss=-0.2369]
Epoch 96/150 [train]:  23%|██▎       | 6/26 [00:00<00:00, 50.69it/s, S=0.3993, loss=-0.2491]
Epoch 96/150 [train]:  23%|██▎       | 6/26 [00:00<00:00, 50.69it/s, S=0.4057, loss=-0.2475]
Epoch 96/150 [train]:  23%|██▎       | 6/26 [00:00<00:00, 50.69it/s, S=0.4003, loss=-0.2498]
Epoch 96/150 [train]:  23%|██▎       | 6/26 [00:00<00:00, 50.69it/s, S=0.3968, loss=-0.2428]
Epoch 96/150 [train]:  23%|██▎       | 6/26 [00:00<00:00, 50.69it/s, S=0.4002, loss=-0.2376]
Epoch 96/150 [train]:  23%|██▎       | 6/26 [00:00<00:00, 50.69it/s, S=0.4003, loss=-0.2526]
Epoch 96/150 [train]:  46%|████▌     | 12/26 [00:00<00:00, 50.66it/s, S=0.4003, loss=-0.2526]
Epoch 96/150 [train]:  46%|████▌     | 12/26 [00:00<00:00, 50.66it/s, S=0.3930, loss=-0.2255]
Epoch 96/150 [train]:  46%|████▌     | 12/26 [00:00<00:00, 50.66it/s, S=0.3983, loss=-0.2417]
Epoch 96/150 [train]:  46%|████▌     | 12/26 [00:00<00:00, 50.66it/s, S=0.4029, loss=-0.2513]
Epoch 96/150 [train]:  46%|████▌     | 12/26 [00:00<00:00, 50.66it/s, S=0.4042, loss=-0.2562]
Epoch 96/150 [train]:  46%|████▌     | 12/26 [00:00<00:00, 50.66it/s, S=0.3947, loss=-0.2472]
Epoch 96/150 [train]:  46%|████▌     | 12/26 [00:00<00:00, 50.66it/s, S=0.3986, loss=-0.2416]
Epoch 96/150 [train]:  69%|██████▉   | 18/26 [00:00<00:00, 50.68it/s, S=0.3986, loss=-0.2416]
Epoch 96/150 [train]:  69%|██████▉   | 18/26 [00:00<00:00, 50.68it/s, S=0.3941, loss=-0.2436]
Epoch 96/150 [train]:  69%|██████▉   | 18/26 [00:00<00:00, 50.68it/s, S=0.3895, loss=-0.2396]
Epoch 96/150 [train]:  69%|██████▉   | 18/26 [00:00<00:00, 50.68it/s, S=0.4036, loss=-0.2572]
Epoch 96/150 [train]:  69%|██████▉   | 18/26 [00:00<00:00, 50.68it/s, S=0.4044, loss=-0.2489]
Epoch 96/150 [train]:  69%|██████▉   | 18/26 [00:00<00:00, 50.68it/s, S=0.3970, loss=-0.2439]
Epoch 96/150 [train]:  69%|██████▉   | 18/26 [00:00<00:00, 50.68it/s, S=0.3938, loss=-0.2283]
Epoch 96/150 [train]:  92%|█████████▏| 24/26 [00:00<00:00, 50.65it/s, S=0.3938, loss=-0.2283]
Epoch 96/150 [train]:  92%|█████████▏| 24/26 [00:00<00:00, 50.65it/s, S=0.3956, loss=-0.2486]
Epoch 96/150 [train]:  92%|█████████▏| 24/26 [00:00<00:00, 50.65it/s, S=0.4002, loss=-0.2335]
                                                                                             
Epoch  96/150  train loss=-0.2435  val loss=-0.2507  S[mean]=0.4124  ζ=0.4706  mean_plane_ζ=0.3587  reg=0.1616  λscale=0.67  lr=3.81e-04

Epoch 97/150 [train]:   0%|          | 0/26 [00:00<?, ?it/s]
Epoch 97/150 [train]:   0%|          | 0/26 [00:00<?, ?it/s, S=0.4005, loss=-0.2423]
Epoch 97/150 [train]:   0%|          | 0/26 [00:00<?, ?it/s, S=0.3963, loss=-0.2442]
Epoch 97/150 [train]:   0%|          | 0/26 [00:00<?, ?it/s, S=0.3940, loss=-0.2353]
Epoch 97/150 [train]:   0%|          | 0/26 [00:00<?, ?it/s, S=0.3985, loss=-0.2522]
Epoch 97/150 [train]:   0%|          | 0/26 [00:00<?, ?it/s, S=0.4050, loss=-0.2543]
Epoch 97/150 [train]:   0%|          | 0/26 [00:00<?, ?it/s, S=0.4033, loss=-0.2497]
Epoch 97/150 [train]:  23%|██▎       | 6/26 [00:00<00:00, 50.72it/s, S=0.4033, loss=-0.2497]
Epoch 97/150 [train]:  23%|██▎       | 6/26 [00:00<00:00, 50.72it/s, S=0.4035, loss=-0.2519]
Epoch 97/150 [train]:  23%|██▎       | 6/26 [00:00<00:00, 50.72it/s, S=0.3887, loss=-0.2350]
Epoch 97/150 [train]:  23%|██▎       | 6/26 [00:00<00:00, 50.72it/s, S=0.4042, loss=-0.2505]
Epoch 97/150 [train]:  23%|██▎       | 6/26 [00:00<00:00, 50.72it/s, S=0.3864, loss=-0.2249]
Epoch 97/150 [train]:  23%|██▎       | 6/26 [00:00<00:00, 50.72it/s, S=0.4003, loss=-0.2458]
Epoch 97/150 [train]:  23%|██▎       | 6/26 [00:00<00:00, 50.72it/s, S=0.3991, loss=-0.2442]
Epoch 97/150 [train]:  46%|████▌     | 12/26 [00:00<00:00, 50.73it/s, S=0.3991, loss=-0.2442]
Epoch 97/150 [train]:  46%|████▌     | 12/26 [00:00<00:00, 50.73it/s, S=0.4056, loss=-0.2555]
Epoch 97/150 [train]:  46%|████▌     | 12/26 [00:00<00:00, 50.73it/s, S=0.4033, loss=-0.2575]
Epoch 97/150 [train]:  46%|████▌     | 12/26 [00:00<00:00, 50.73it/s, S=0.3942, loss=-0.2392]
Epoch 97/150 [train]:  46%|████▌     | 12/26 [00:00<00:00, 50.73it/s, S=0.3968, loss=-0.2454]
Epoch 97/150 [train]:  46%|████▌     | 12/26 [00:00<00:00, 50.73it/s, S=0.4009, loss=-0.2474]
Epoch 97/150 [train]:  46%|████▌     | 12/26 [00:00<00:00, 50.73it/s, S=0.4039, loss=-0.2502]
Epoch 97/150 [train]:  69%|██████▉   | 18/26 [00:00<00:00, 50.73it/s, S=0.4039, loss=-0.2502]
Epoch 97/150 [train]:  69%|██████▉   | 18/26 [00:00<00:00, 50.73it/s, S=0.3951, loss=-0.2393]
Epoch 97/150 [train]:  69%|██████▉   | 18/26 [00:00<00:00, 50.73it/s, S=0.4013, loss=-0.2564]
Epoch 97/150 [train]:  69%|██████▉   | 18/26 [00:00<00:00, 50.73it/s, S=0.4031, loss=-0.2495]
Epoch 97/150 [train]:  69%|██████▉   | 18/26 [00:00<00:00, 50.73it/s, S=0.3926, loss=-0.2404]
Epoch 97/150 [train]:  69%|██████▉   | 18/26 [00:00<00:00, 50.73it/s, S=0.3988, loss=-0.2438]
Epoch 97/150 [train]:  69%|██████▉   | 18/26 [00:00<00:00, 50.73it/s, S=0.3994, loss=-0.2493]
Epoch 97/150 [train]:  92%|█████████▏| 24/26 [00:00<00:00, 50.64it/s, S=0.3994, loss=-0.2493]
Epoch 97/150 [train]:  92%|█████████▏| 24/26 [00:00<00:00, 50.64it/s, S=0.3983, loss=-0.2350]
Epoch 97/150 [train]:  92%|█████████▏| 24/26 [00:00<00:00, 50.64it/s, S=0.4030, loss=-0.2480]
                                                                                             
Epoch  97/150  train loss=-0.2457  val loss=-0.2522  S[mean]=0.4129  ζ=0.4713  mean_plane_ζ=0.3594  reg=0.1606  λscale=0.68  lr=3.72e-04

Epoch 98/150 [train]:   0%|          | 0/26 [00:00<?, ?it/s]
Epoch 98/150 [train]:   0%|          | 0/26 [00:00<?, ?it/s, S=0.4071, loss=-0.2515]
Epoch 98/150 [train]:   0%|          | 0/26 [00:00<?, ?it/s, S=0.4037, loss=-0.2516]
Epoch 98/150 [train]:   0%|          | 0/26 [00:00<?, ?it/s, S=0.3932, loss=-0.2450]
Epoch 98/150 [train]:   0%|          | 0/26 [00:00<?, ?it/s, S=0.4015, loss=-0.2557]
Epoch 98/150 [train]:   0%|          | 0/26 [00:00<?, ?it/s, S=0.3981, loss=-0.2471]
Epoch 98/150 [train]:   0%|          | 0/26 [00:00<?, ?it/s, S=0.4007, loss=-0.2286]
Epoch 98/150 [train]:  23%|██▎       | 6/26 [00:00<00:00, 50.74it/s, S=0.4007, loss=-0.2286]
Epoch 98/150 [train]:  23%|██▎       | 6/26 [00:00<00:00, 50.74it/s, S=0.4015, loss=-0.2487]
Epoch 98/150 [train]:  23%|██▎       | 6/26 [00:00<00:00, 50.74it/s, S=0.4025, loss=-0.2561]
Epoch 98/150 [train]:  23%|██▎       | 6/26 [00:00<00:00, 50.74it/s, S=0.3953, loss=-0.2423]
Epoch 98/150 [train]:  23%|██▎       | 6/26 [00:00<00:00, 50.74it/s, S=0.3953, loss=-0.2454]
Epoch 98/150 [train]:  23%|██▎       | 6/26 [00:00<00:00, 50.74it/s, S=0.4028, loss=-0.2553]
Epoch 98/150 [train]:  23%|██▎       | 6/26 [00:00<00:00, 50.74it/s, S=0.4010, loss=-0.2461]
Epoch 98/150 [train]:  46%|████▌     | 12/26 [00:00<00:00, 50.70it/s, S=0.4010, loss=-0.2461]
Epoch 98/150 [train]:  46%|████▌     | 12/26 [00:00<00:00, 50.70it/s, S=0.3965, loss=-0.2442]
Epoch 98/150 [train]:  46%|████▌     | 12/26 [00:00<00:00, 50.70it/s, S=0.3940, loss=-0.2460]
Epoch 98/150 [train]:  46%|████▌     | 12/26 [00:00<00:00, 50.70it/s, S=0.4044, loss=-0.2527]
Epoch 98/150 [train]:  46%|████▌     | 12/26 [00:00<00:00, 50.70it/s, S=0.4050, loss=-0.2590]
Epoch 98/150 [train]:  46%|████▌     | 12/26 [00:00<00:00, 50.70it/s, S=0.4010, loss=-0.2516]
Epoch 98/150 [train]:  46%|████▌     | 12/26 [00:00<00:00, 50.70it/s, S=0.3968, loss=-0.2515]
Epoch 98/150 [train]:  69%|██████▉   | 18/26 [00:00<00:00, 50.68it/s, S=0.3968, loss=-0.2515]
Epoch 98/150 [train]:  69%|██████▉   | 18/26 [00:00<00:00, 50.68it/s, S=0.4046, loss=-0.2567]
Epoch 98/150 [train]:  69%|██████▉   | 18/26 [00:00<00:00, 50.68it/s, S=0.3921, loss=-0.2221]
Epoch 98/150 [train]:  69%|██████▉   | 18/26 [00:00<00:00, 50.68it/s, S=0.3932, loss=-0.2447]
Epoch 98/150 [train]:  69%|██████▉   | 18/26 [00:00<00:00, 50.68it/s, S=0.4016, loss=-0.2407]
Epoch 98/150 [train]:  69%|██████▉   | 18/26 [00:00<00:00, 50.68it/s, S=0.3965, loss=-0.2368]
Epoch 98/150 [train]:  69%|██████▉   | 18/26 [00:00<00:00, 50.68it/s, S=0.4015, loss=-0.2482]
Epoch 98/150 [train]:  92%|█████████▏| 24/26 [00:00<00:00, 50.57it/s, S=0.4015, loss=-0.2482]
Epoch 98/150 [train]:  92%|█████████▏| 24/26 [00:00<00:00, 50.57it/s, S=0.4018, loss=-0.2479]
Epoch 98/150 [train]:  92%|█████████▏| 24/26 [00:00<00:00, 50.57it/s, S=0.3966, loss=-0.2474]
                                                                                             
Epoch  98/150  train loss=-0.2470  val loss=-0.2518  S[mean]=0.4118  ζ=0.4706  mean_plane_ζ=0.3590  reg=0.1600  λscale=0.69  lr=3.63e-04

Epoch 99/150 [train]:   0%|          | 0/26 [00:00<?, ?it/s]
Epoch 99/150 [train]:   0%|          | 0/26 [00:00<?, ?it/s, S=0.4000, loss=-0.2464]
Epoch 99/150 [train]:   0%|          | 0/26 [00:00<?, ?it/s, S=0.4050, loss=-0.2481]
Epoch 99/150 [train]:   0%|          | 0/26 [00:00<?, ?it/s, S=0.4017, loss=-0.2533]
Epoch 99/150 [train]:   0%|          | 0/26 [00:00<?, ?it/s, S=0.4002, loss=-0.2503]
Epoch 99/150 [train]:   0%|          | 0/26 [00:00<?, ?it/s, S=0.3993, loss=-0.2426]
Epoch 99/150 [train]:   0%|          | 0/26 [00:00<?, ?it/s, S=0.4049, loss=-0.2454]
Epoch 99/150 [train]:  23%|██▎       | 6/26 [00:00<00:00, 50.63it/s, S=0.4049, loss=-0.2454]
Epoch 99/150 [train]:  23%|██▎       | 6/26 [00:00<00:00, 50.63it/s, S=0.3989, loss=-0.2349]
Epoch 99/150 [train]:  23%|██▎       | 6/26 [00:00<00:00, 50.63it/s, S=0.3874, loss=-0.2292]
Epoch 99/150 [train]:  23%|██▎       | 6/26 [00:00<00:00, 50.63it/s, S=0.3961, loss=-0.2379]
Epoch 99/150 [train]:  23%|██▎       | 6/26 [00:00<00:00, 50.63it/s, S=0.3941, loss=-0.2386]
Epoch 99/150 [train]:  23%|██▎       | 6/26 [00:00<00:00, 50.63it/s, S=0.4042, loss=-0.2583]
Epoch 99/150 [train]:  23%|██▎       | 6/26 [00:00<00:00, 50.63it/s, S=0.4017, loss=-0.2570]
Epoch 99/150 [train]:  46%|████▌     | 12/26 [00:00<00:00, 50.56it/s, S=0.4017, loss=-0.2570]
Epoch 99/150 [train]:  46%|████▌     | 12/26 [00:00<00:00, 50.56it/s, S=0.4002, loss=-0.2424]
Epoch 99/150 [train]:  46%|████▌     | 12/26 [00:00<00:00, 50.56it/s, S=0.3929, loss=-0.2263]
Epoch 99/150 [train]:  46%|████▌     | 12/26 [00:00<00:00, 50.56it/s, S=0.3990, loss=-0.2461]
Epoch 99/150 [train]:  46%|████▌     | 12/26 [00:00<00:00, 50.56it/s, S=0.3964, loss=-0.2336]
Epoch 99/150 [train]:  46%|████▌     | 12/26 [00:00<00:00, 50.56it/s, S=0.4001, loss=-0.2499]
Epoch 99/150 [train]:  46%|████▌     | 12/26 [00:00<00:00, 50.56it/s, S=0.3938, loss=-0.2426]
Epoch 99/150 [train]:  69%|██████▉   | 18/26 [00:00<00:00, 50.54it/s, S=0.3938, loss=-0.2426]
Epoch 99/150 [train]:  69%|██████▉   | 18/26 [00:00<00:00, 50.54it/s, S=0.3989, loss=-0.2474]
Epoch 99/150 [train]:  69%|██████▉   | 18/26 [00:00<00:00, 50.54it/s, S=0.3974, loss=-0.2499]
Epoch 99/150 [train]:  69%|██████▉   | 18/26 [00:00<00:00, 50.54it/s, S=0.3979, loss=-0.2493]
Epoch 99/150 [train]:  69%|██████▉   | 18/26 [00:00<00:00, 50.54it/s, S=0.3987, loss=-0.2412]
Epoch 99/150 [train]:  69%|██████▉   | 18/26 [00:00<00:00, 50.54it/s, S=0.3923, loss=-0.2372]
Epoch 99/150 [train]:  69%|██████▉   | 18/26 [00:00<00:00, 50.54it/s, S=0.4014, loss=-0.2506]
Epoch 99/150 [train]:  92%|█████████▏| 24/26 [00:00<00:00, 50.58it/s, S=0.4014, loss=-0.2506]
Epoch 99/150 [train]:  92%|█████████▏| 24/26 [00:00<00:00, 50.58it/s, S=0.3976, loss=-0.2398]
Epoch 99/150 [train]:  92%|█████████▏| 24/26 [00:00<00:00, 50.58it/s, S=0.4045, loss=-0.2581]
                                                                                             
Epoch  99/150  train loss=-0.2445  val loss=-0.2506  S[mean]=0.4116  ζ=0.4701  mean_plane_ζ=0.3589  reg=0.1610  λscale=0.69  lr=3.55e-04

Epoch 100/150 [train]:   0%|          | 0/26 [00:00<?, ?it/s]
Epoch 100/150 [train]:   0%|          | 0/26 [00:00<?, ?it/s, S=0.3958, loss=-0.2344]
Epoch 100/150 [train]:   0%|          | 0/26 [00:00<?, ?it/s, S=0.3996, loss=-0.2434]
Epoch 100/150 [train]:   0%|          | 0/26 [00:00<?, ?it/s, S=0.3929, loss=-0.2318]
Epoch 100/150 [train]:   0%|          | 0/26 [00:00<?, ?it/s, S=0.4065, loss=-0.2496]
Epoch 100/150 [train]:   0%|          | 0/26 [00:00<?, ?it/s, S=0.3994, loss=-0.2528]
Epoch 100/150 [train]:   0%|          | 0/26 [00:00<?, ?it/s, S=0.3987, loss=-0.2495]
Epoch 100/150 [train]:  23%|██▎       | 6/26 [00:00<00:00, 50.64it/s, S=0.3987, loss=-0.2495]
Epoch 100/150 [train]:  23%|██▎       | 6/26 [00:00<00:00, 50.64it/s, S=0.4009, loss=-0.2489]
Epoch 100/150 [train]:  23%|██▎       | 6/26 [00:00<00:00, 50.64it/s, S=0.4043, loss=-0.2563]
Epoch 100/150 [train]:  23%|██▎       | 6/26 [00:00<00:00, 50.64it/s, S=0.3985, loss=-0.2518]
Epoch 100/150 [train]:  23%|██▎       | 6/26 [00:00<00:00, 50.64it/s, S=0.3932, loss=-0.2345]
Epoch 100/150 [train]:  23%|██▎       | 6/26 [00:00<00:00, 50.64it/s, S=0.4000, loss=-0.2526]
Epoch 100/150 [train]:  23%|██▎       | 6/26 [00:00<00:00, 50.64it/s, S=0.3924, loss=-0.2417]
Epoch 100/150 [train]:  46%|████▌     | 12/26 [00:00<00:00, 50.65it/s, S=0.3924, loss=-0.2417]
Epoch 100/150 [train]:  46%|████▌     | 12/26 [00:00<00:00, 50.65it/s, S=0.3995, loss=-0.2466]
Epoch 100/150 [train]:  46%|████▌     | 12/26 [00:00<00:00, 50.65it/s, S=0.3909, loss=-0.2337]
Epoch 100/150 [train]:  46%|████▌     | 12/26 [00:00<00:00, 50.65it/s, S=0.3999, loss=-0.2470]
Epoch 100/150 [train]:  46%|████▌     | 12/26 [00:00<00:00, 50.65it/s, S=0.3979, loss=-0.2369]
Epoch 100/150 [train]:  46%|████▌     | 12/26 [00:00<00:00, 50.65it/s, S=0.4022, loss=-0.2484]
Epoch 100/150 [train]:  46%|████▌     | 12/26 [00:00<00:00, 50.65it/s, S=0.4069, loss=-0.2575]
Epoch 100/150 [train]:  69%|██████▉   | 18/26 [00:00<00:00, 50.68it/s, S=0.4069, loss=-0.2575]
Epoch 100/150 [train]:  69%|██████▉   | 18/26 [00:00<00:00, 50.68it/s, S=0.4015, loss=-0.2424]
Epoch 100/150 [train]:  69%|██████▉   | 18/26 [00:00<00:00, 50.68it/s, S=0.3942, loss=-0.2301]
Epoch 100/150 [train]:  69%|██████▉   | 18/26 [00:00<00:00, 50.68it/s, S=0.4061, loss=-0.2603]
Epoch 100/150 [train]:  69%|██████▉   | 18/26 [00:00<00:00, 50.68it/s, S=0.4015, loss=-0.2424]
Epoch 100/150 [train]:  69%|██████▉   | 18/26 [00:00<00:00, 50.68it/s, S=0.3893, loss=-0.2327]
Epoch 100/150 [train]:  69%|██████▉   | 18/26 [00:00<00:00, 50.68it/s, S=0.3946, loss=-0.2440]
Epoch 100/150 [train]:  92%|█████████▏| 24/26 [00:00<00:00, 50.67it/s, S=0.3946, loss=-0.2440]
Epoch 100/150 [train]:  92%|█████████▏| 24/26 [00:00<00:00, 50.67it/s, S=0.3935, loss=-0.2316]
Epoch 100/150 [train]:  92%|█████████▏| 24/26 [00:00<00:00, 50.67it/s, S=0.3915, loss=-0.2414]
                                                                                              
Epoch 100/150  train loss=-0.2439  val loss=-0.2512  S[mean]=0.4116  ζ=0.4709  mean_plane_ζ=0.3594  reg=0.1604  λscale=0.70  lr=3.46e-04

Epoch 101/150 [train]:   0%|          | 0/26 [00:00<?, ?it/s]
Epoch 101/150 [train]:   0%|          | 0/26 [00:00<?, ?it/s, S=0.4011, loss=-0.2461]
Epoch 101/150 [train]:   0%|          | 0/26 [00:00<?, ?it/s, S=0.3984, loss=-0.2466]
Epoch 101/150 [train]:   0%|          | 0/26 [00:00<?, ?it/s, S=0.4011, loss=-0.2458]
Epoch 101/150 [train]:   0%|          | 0/26 [00:00<?, ?it/s, S=0.3953, loss=-0.2377]
Epoch 101/150 [train]:   0%|          | 0/26 [00:00<?, ?it/s, S=0.4043, loss=-0.2492]
Epoch 101/150 [train]:   0%|          | 0/26 [00:00<?, ?it/s, S=0.3989, loss=-0.2490]
Epoch 101/150 [train]:  23%|██▎       | 6/26 [00:00<00:00, 50.66it/s, S=0.3989, loss=-0.2490]
Epoch 101/150 [train]:  23%|██▎       | 6/26 [00:00<00:00, 50.66it/s, S=0.4014, loss=-0.2530]
Epoch 101/150 [train]:  23%|██▎       | 6/26 [00:00<00:00, 50.66it/s, S=0.3995, loss=-0.2485]
Epoch 101/150 [train]:  23%|██▎       | 6/26 [00:00<00:00, 50.66it/s, S=0.4000, loss=-0.2516]
Epoch 101/150 [train]:  23%|██▎       | 6/26 [00:00<00:00, 50.66it/s, S=0.3899, loss=-0.2031]
Epoch 101/150 [train]:  23%|██▎       | 6/26 [00:00<00:00, 50.66it/s, S=0.4003, loss=-0.2547]
Epoch 101/150 [train]:  23%|██▎       | 6/26 [00:00<00:00, 50.66it/s, S=0.3980, loss=-0.2434]
Epoch 101/150 [train]:  46%|████▌     | 12/26 [00:00<00:00, 50.51it/s, S=0.3980, loss=-0.2434]
Epoch 101/150 [train]:  46%|████▌     | 12/26 [00:00<00:00, 50.51it/s, S=0.3976, loss=-0.2556]
Epoch 101/150 [train]:  46%|████▌     | 12/26 [00:00<00:00, 50.51it/s, S=0.3919, loss=-0.2366]
Epoch 101/150 [train]:  46%|████▌     | 12/26 [00:00<00:00, 50.51it/s, S=0.3994, loss=-0.2399]
Epoch 101/150 [train]:  46%|████▌     | 12/26 [00:00<00:00, 50.51it/s, S=0.3990, loss=-0.2442]
Epoch 101/150 [train]:  46%|████▌     | 12/26 [00:00<00:00, 50.51it/s, S=0.3922, loss=-0.2393]
Epoch 101/150 [train]:  46%|████▌     | 12/26 [00:00<00:00, 50.51it/s, S=0.3981, loss=-0.2472]
Epoch 101/150 [train]:  69%|██████▉   | 18/26 [00:00<00:00, 50.55it/s, S=0.3981, loss=-0.2472]
Epoch 101/150 [train]:  69%|██████▉   | 18/26 [00:00<00:00, 50.55it/s, S=0.4009, loss=-0.2519]
Epoch 101/150 [train]:  69%|██████▉   | 18/26 [00:00<00:00, 50.55it/s, S=0.3985, loss=-0.2438]
Epoch 101/150 [train]:  69%|██████▉   | 18/26 [00:00<00:00, 50.55it/s, S=0.3931, loss=-0.2455]
Epoch 101/150 [train]:  69%|██████▉   | 18/26 [00:00<00:00, 50.55it/s, S=0.3999, loss=-0.2497]
Epoch 101/150 [train]:  69%|██████▉   | 18/26 [00:00<00:00, 50.55it/s, S=0.3991, loss=-0.2472]
Epoch 101/150 [train]:  69%|██████▉   | 18/26 [00:00<00:00, 50.55it/s, S=0.3968, loss=-0.2415]
Epoch 101/150 [train]:  92%|█████████▏| 24/26 [00:00<00:00, 50.63it/s, S=0.3968, loss=-0.2415]
Epoch 101/150 [train]:  92%|█████████▏| 24/26 [00:00<00:00, 50.63it/s, S=0.3975, loss=-0.2375]
Epoch 101/150 [train]:  92%|█████████▏| 24/26 [00:00<00:00, 50.63it/s, S=0.4004, loss=-0.2498]
                                                                                              
Epoch 101/150  train loss=-0.2446  val loss=-0.2515  S[mean]=0.4116  ζ=0.4708  mean_plane_ζ=0.3598  reg=0.1600  λscale=0.70  lr=3.37e-04

Epoch 102/150 [train]:   0%|          | 0/26 [00:00<?, ?it/s]
Epoch 102/150 [train]:   0%|          | 0/26 [00:00<?, ?it/s, S=0.3944, loss=-0.2447]
Epoch 102/150 [train]:   0%|          | 0/26 [00:00<?, ?it/s, S=0.3985, loss=-0.2479]
Epoch 102/150 [train]:   0%|          | 0/26 [00:00<?, ?it/s, S=0.3989, loss=-0.2504]
Epoch 102/150 [train]:   0%|          | 0/26 [00:00<?, ?it/s, S=0.3993, loss=-0.2437]
Epoch 102/150 [train]:   0%|          | 0/26 [00:00<?, ?it/s, S=0.3993, loss=-0.2491]
Epoch 102/150 [train]:   0%|          | 0/26 [00:00<?, ?it/s, S=0.3990, loss=-0.2536]
Epoch 102/150 [train]:  23%|██▎       | 6/26 [00:00<00:00, 50.73it/s, S=0.3990, loss=-0.2536]
Epoch 102/150 [train]:  23%|██▎       | 6/26 [00:00<00:00, 50.73it/s, S=0.3985, loss=-0.2478]
Epoch 102/150 [train]:  23%|██▎       | 6/26 [00:00<00:00, 50.73it/s, S=0.3946, loss=-0.2474]
Epoch 102/150 [train]:  23%|██▎       | 6/26 [00:00<00:00, 50.73it/s, S=0.3984, loss=-0.2497]
Epoch 102/150 [train]:  23%|██▎       | 6/26 [00:00<00:00, 50.73it/s, S=0.3968, loss=-0.2454]
Epoch 102/150 [train]:  23%|██▎       | 6/26 [00:00<00:00, 50.73it/s, S=0.4006, loss=-0.2462]
Epoch 102/150 [train]:  23%|██▎       | 6/26 [00:00<00:00, 50.73it/s, S=0.4014, loss=-0.2487]
Epoch 102/150 [train]:  46%|████▌     | 12/26 [00:00<00:00, 50.59it/s, S=0.4014, loss=-0.2487]
Epoch 102/150 [train]:  46%|████▌     | 12/26 [00:00<00:00, 50.59it/s, S=0.4030, loss=-0.2499]
Epoch 102/150 [train]:  46%|████▌     | 12/26 [00:00<00:00, 50.59it/s, S=0.3985, loss=-0.2463]
Epoch 102/150 [train]:  46%|████▌     | 12/26 [00:00<00:00, 50.59it/s, S=0.4028, loss=-0.2596]
Epoch 102/150 [train]:  46%|████▌     | 12/26 [00:00<00:00, 50.59it/s, S=0.3937, loss=-0.2354]
Epoch 102/150 [train]:  46%|████▌     | 12/26 [00:00<00:00, 50.59it/s, S=0.3997, loss=-0.2520]
Epoch 102/150 [train]:  46%|████▌     | 12/26 [00:00<00:00, 50.59it/s, S=0.3986, loss=-0.2474]
Epoch 102/150 [train]:  69%|██████▉   | 18/26 [00:00<00:00, 50.56it/s, S=0.3986, loss=-0.2474]
Epoch 102/150 [train]:  69%|██████▉   | 18/26 [00:00<00:00, 50.56it/s, S=0.3991, loss=-0.2519]
Epoch 102/150 [train]:  69%|██████▉   | 18/26 [00:00<00:00, 50.56it/s, S=0.4032, loss=-0.2537]
Epoch 102/150 [train]:  69%|██████▉   | 18/26 [00:00<00:00, 50.56it/s, S=0.3947, loss=-0.2327]
Epoch 102/150 [train]:  69%|██████▉   | 18/26 [00:00<00:00, 50.56it/s, S=0.4011, loss=-0.2460]
Epoch 102/150 [train]:  69%|██████▉   | 18/26 [00:00<00:00, 50.56it/s, S=0.4052, loss=-0.2578]
Epoch 102/150 [train]:  69%|██████▉   | 18/26 [00:00<00:00, 50.56it/s, S=0.3935, loss=-0.2495]
Epoch 102/150 [train]:  92%|█████████▏| 24/26 [00:00<00:00, 50.59it/s, S=0.3935, loss=-0.2495]
Epoch 102/150 [train]:  92%|█████████▏| 24/26 [00:00<00:00, 50.59it/s, S=0.4007, loss=-0.2516]
Epoch 102/150 [train]:  92%|█████████▏| 24/26 [00:00<00:00, 50.59it/s, S=0.4002, loss=-0.2560]
                                                                                              
Epoch 102/150  train loss=-0.2486  val loss=-0.2509  S[mean]=0.4115  ζ=0.4699  mean_plane_ζ=0.3593  reg=0.1606  λscale=0.71  lr=3.27e-04

Epoch 103/150 [train]:   0%|          | 0/26 [00:00<?, ?it/s]
Epoch 103/150 [train]:   0%|          | 0/26 [00:00<?, ?it/s, S=0.4044, loss=-0.2608]
Epoch 103/150 [train]:   0%|          | 0/26 [00:00<?, ?it/s, S=0.4017, loss=-0.2510]
Epoch 103/150 [train]:   0%|          | 0/26 [00:00<?, ?it/s, S=0.4009, loss=-0.2479]
Epoch 103/150 [train]:   0%|          | 0/26 [00:00<?, ?it/s, S=0.4041, loss=-0.2521]
Epoch 103/150 [train]:   0%|          | 0/26 [00:00<?, ?it/s, S=0.4003, loss=-0.2490]
Epoch 103/150 [train]:   0%|          | 0/26 [00:00<?, ?it/s, S=0.3967, loss=-0.2456]
Epoch 103/150 [train]:  23%|██▎       | 6/26 [00:00<00:00, 50.74it/s, S=0.3967, loss=-0.2456]
Epoch 103/150 [train]:  23%|██▎       | 6/26 [00:00<00:00, 50.74it/s, S=0.4003, loss=-0.2538]
Epoch 103/150 [train]:  23%|██▎       | 6/26 [00:00<00:00, 50.74it/s, S=0.3932, loss=-0.2455]
Epoch 103/150 [train]:  23%|██▎       | 6/26 [00:00<00:00, 50.74it/s, S=0.3975, loss=-0.2485]
Epoch 103/150 [train]:  23%|██▎       | 6/26 [00:00<00:00, 50.74it/s, S=0.4030, loss=-0.2581]
Epoch 103/150 [train]:  23%|██▎       | 6/26 [00:00<00:00, 50.74it/s, S=0.3960, loss=-0.2447]
Epoch 103/150 [train]:  23%|██▎       | 6/26 [00:00<00:00, 50.74it/s, S=0.4033, loss=-0.2535]
Epoch 103/150 [train]:  46%|████▌     | 12/26 [00:00<00:00, 50.68it/s, S=0.4033, loss=-0.2535]
Epoch 103/150 [train]:  46%|████▌     | 12/26 [00:00<00:00, 50.68it/s, S=0.4015, loss=-0.2549]
Epoch 103/150 [train]:  46%|████▌     | 12/26 [00:00<00:00, 50.68it/s, S=0.3999, loss=-0.2532]
Epoch 103/150 [train]:  46%|████▌     | 12/26 [00:00<00:00, 50.68it/s, S=0.3926, loss=-0.2320]
Epoch 103/150 [train]:  46%|████▌     | 12/26 [00:00<00:00, 50.68it/s, S=0.3980, loss=-0.2450]
Epoch 103/150 [train]:  46%|████▌     | 12/26 [00:00<00:00, 50.68it/s, S=0.4029, loss=-0.2538]
Epoch 103/150 [train]:  46%|████▌     | 12/26 [00:00<00:00, 50.68it/s, S=0.4017, loss=-0.2385]
Epoch 103/150 [train]:  69%|██████▉   | 18/26 [00:00<00:00, 50.69it/s, S=0.4017, loss=-0.2385]
Epoch 103/150 [train]:  69%|██████▉   | 18/26 [00:00<00:00, 50.69it/s, S=0.3945, loss=-0.2425]
Epoch 103/150 [train]:  69%|██████▉   | 18/26 [00:00<00:00, 50.69it/s, S=0.3947, loss=-0.2431]
Epoch 103/150 [train]:  69%|██████▉   | 18/26 [00:00<00:00, 50.69it/s, S=0.4000, loss=-0.2407]
Epoch 103/150 [train]:  69%|██████▉   | 18/26 [00:00<00:00, 50.69it/s, S=0.4009, loss=-0.2516]
Epoch 103/150 [train]:  69%|██████▉   | 18/26 [00:00<00:00, 50.69it/s, S=0.3908, loss=-0.2356]
Epoch 103/150 [train]:  69%|██████▉   | 18/26 [00:00<00:00, 50.69it/s, S=0.4052, loss=-0.2565]
Epoch 103/150 [train]:  92%|█████████▏| 24/26 [00:00<00:00, 50.68it/s, S=0.4052, loss=-0.2565]
Epoch 103/150 [train]:  92%|█████████▏| 24/26 [00:00<00:00, 50.68it/s, S=0.3943, loss=-0.2485]
Epoch 103/150 [train]:  92%|█████████▏| 24/26 [00:00<00:00, 50.68it/s, S=0.3789, loss=-0.2061]
                                                                                              
Epoch 103/150  train loss=-0.2466  val loss=-0.2516  S[mean]=0.4113  ζ=0.4708  mean_plane_ζ=0.3601  reg=0.1597  λscale=0.72  lr=3.18e-04

Epoch 104/150 [train]:   0%|          | 0/26 [00:00<?, ?it/s]
Epoch 104/150 [train]:   0%|          | 0/26 [00:00<?, ?it/s, S=0.4018, loss=-0.2559]
Epoch 104/150 [train]:   0%|          | 0/26 [00:00<?, ?it/s, S=0.3996, loss=-0.2512]
Epoch 104/150 [train]:   0%|          | 0/26 [00:00<?, ?it/s, S=0.4021, loss=-0.2436]
Epoch 104/150 [train]:   0%|          | 0/26 [00:00<?, ?it/s, S=0.3999, loss=-0.2478]
Epoch 104/150 [train]:   0%|          | 0/26 [00:00<?, ?it/s, S=0.3908, loss=-0.2386]
Epoch 104/150 [train]:   0%|          | 0/26 [00:00<?, ?it/s, S=0.4024, loss=-0.2492]
Epoch 104/150 [train]:  23%|██▎       | 6/26 [00:00<00:00, 50.65it/s, S=0.4024, loss=-0.2492]
Epoch 104/150 [train]:  23%|██▎       | 6/26 [00:00<00:00, 50.65it/s, S=0.3926, loss=-0.2317]
Epoch 104/150 [train]:  23%|██▎       | 6/26 [00:00<00:00, 50.65it/s, S=0.3995, loss=-0.2506]
Epoch 104/150 [train]:  23%|██▎       | 6/26 [00:00<00:00, 50.65it/s, S=0.4014, loss=-0.2554]
Epoch 104/150 [train]:  23%|██▎       | 6/26 [00:00<00:00, 50.65it/s, S=0.4026, loss=-0.2491]
Epoch 104/150 [train]:  23%|██▎       | 6/26 [00:00<00:00, 50.65it/s, S=0.3957, loss=-0.2467]
Epoch 104/150 [train]:  23%|██▎       | 6/26 [00:00<00:00, 50.65it/s, S=0.4019, loss=-0.2544]
Epoch 104/150 [train]:  46%|████▌     | 12/26 [00:00<00:00, 50.58it/s, S=0.4019, loss=-0.2544]
Epoch 104/150 [train]:  46%|████▌     | 12/26 [00:00<00:00, 50.58it/s, S=0.3964, loss=-0.2471]
Epoch 104/150 [train]:  46%|████▌     | 12/26 [00:00<00:00, 50.58it/s, S=0.4019, loss=-0.2524]
Epoch 104/150 [train]:  46%|████▌     | 12/26 [00:00<00:00, 50.58it/s, S=0.3873, loss=-0.2398]
Epoch 104/150 [train]:  46%|████▌     | 12/26 [00:00<00:00, 50.58it/s, S=0.3992, loss=-0.2490]
Epoch 104/150 [train]:  46%|████▌     | 12/26 [00:00<00:00, 50.58it/s, S=0.4048, loss=-0.2608]
Epoch 104/150 [train]:  46%|████▌     | 12/26 [00:00<00:00, 50.58it/s, S=0.3968, loss=-0.2400]
Epoch 104/150 [train]:  69%|██████▉   | 18/26 [00:00<00:00, 50.63it/s, S=0.3968, loss=-0.2400]
Epoch 104/150 [train]:  69%|██████▉   | 18/26 [00:00<00:00, 50.63it/s, S=0.4021, loss=-0.2503]
Epoch 104/150 [train]:  69%|██████▉   | 18/26 [00:00<00:00, 50.63it/s, S=0.3969, loss=-0.2431]
Epoch 104/150 [train]:  69%|██████▉   | 18/26 [00:00<00:00, 50.63it/s, S=0.3955, loss=-0.2414]
Epoch 104/150 [train]:  69%|██████▉   | 18/26 [00:00<00:00, 50.63it/s, S=0.4027, loss=-0.2506]
Epoch 104/150 [train]:  69%|██████▉   | 18/26 [00:00<00:00, 50.63it/s, S=0.3972, loss=-0.2351]
Epoch 104/150 [train]:  69%|██████▉   | 18/26 [00:00<00:00, 50.63it/s, S=0.3946, loss=-0.2469]
Epoch 104/150 [train]:  92%|█████████▏| 24/26 [00:00<00:00, 50.63it/s, S=0.3946, loss=-0.2469]
Epoch 104/150 [train]:  92%|█████████▏| 24/26 [00:00<00:00, 50.63it/s, S=0.3956, loss=-0.2478]
Epoch 104/150 [train]:  92%|█████████▏| 24/26 [00:00<00:00, 50.63it/s, S=0.3994, loss=-0.2476]
                                                                                              
Epoch 104/150  train loss=-0.2471  val loss=-0.2515  S[mean]=0.4114  ζ=0.4705  mean_plane_ζ=0.3598  reg=0.1599  λscale=0.72  lr=3.08e-04

Epoch 105/150 [train]:   0%|          | 0/26 [00:00<?, ?it/s]
Epoch 105/150 [train]:   0%|          | 0/26 [00:00<?, ?it/s, S=0.4028, loss=-0.2506]
Epoch 105/150 [train]:   0%|          | 0/26 [00:00<?, ?it/s, S=0.3994, loss=-0.2462]
Epoch 105/150 [train]:   0%|          | 0/26 [00:00<?, ?it/s, S=0.3960, loss=-0.2484]
Epoch 105/150 [train]:   0%|          | 0/26 [00:00<?, ?it/s, S=0.3989, loss=-0.2489]
Epoch 105/150 [train]:   0%|          | 0/26 [00:00<?, ?it/s, S=0.3972, loss=-0.2480]
Epoch 105/150 [train]:   0%|          | 0/26 [00:00<?, ?it/s, S=0.4050, loss=-0.2532]
Epoch 105/150 [train]:  23%|██▎       | 6/26 [00:00<00:00, 50.74it/s, S=0.4050, loss=-0.2532]
Epoch 105/150 [train]:  23%|██▎       | 6/26 [00:00<00:00, 50.74it/s, S=0.4034, loss=-0.2608]
Epoch 105/150 [train]:  23%|██▎       | 6/26 [00:00<00:00, 50.74it/s, S=0.3946, loss=-0.2365]
Epoch 105/150 [train]:  23%|██▎       | 6/26 [00:00<00:00, 50.74it/s, S=0.4038, loss=-0.2533]
Epoch 105/150 [train]:  23%|██▎       | 6/26 [00:00<00:00, 50.74it/s, S=0.3986, loss=-0.2433]
Epoch 105/150 [train]:  23%|██▎       | 6/26 [00:00<00:00, 50.74it/s, S=0.4005, loss=-0.2508]
Epoch 105/150 [train]:  23%|██▎       | 6/26 [00:00<00:00, 50.74it/s, S=0.3940, loss=-0.2470]
Epoch 105/150 [train]:  46%|████▌     | 12/26 [00:00<00:00, 50.70it/s, S=0.3940, loss=-0.2470]
Epoch 105/150 [train]:  46%|████▌     | 12/26 [00:00<00:00, 50.70it/s, S=0.4021, loss=-0.2559]
Epoch 105/150 [train]:  46%|████▌     | 12/26 [00:00<00:00, 50.70it/s, S=0.4022, loss=-0.2546]
Epoch 105/150 [train]:  46%|████▌     | 12/26 [00:00<00:00, 50.70it/s, S=0.3956, loss=-0.2447]
Epoch 105/150 [train]:  46%|████▌     | 12/26 [00:00<00:00, 50.70it/s, S=0.4012, loss=-0.2436]
Epoch 105/150 [train]:  46%|████▌     | 12/26 [00:00<00:00, 50.70it/s, S=0.3965, loss=-0.2427]
Epoch 105/150 [train]:  46%|████▌     | 12/26 [00:00<00:00, 50.70it/s, S=0.3985, loss=-0.2484]
Epoch 105/150 [train]:  69%|██████▉   | 18/26 [00:00<00:00, 50.60it/s, S=0.3985, loss=-0.2484]
Epoch 105/150 [train]:  69%|██████▉   | 18/26 [00:00<00:00, 50.60it/s, S=0.4005, loss=-0.2488]
Epoch 105/150 [train]:  69%|██████▉   | 18/26 [00:00<00:00, 50.60it/s, S=0.3979, loss=-0.2447]
Epoch 105/150 [train]:  69%|██████▉   | 18/26 [00:00<00:00, 50.60it/s, S=0.4039, loss=-0.2541]
Epoch 105/150 [train]:  69%|██████▉   | 18/26 [00:00<00:00, 50.60it/s, S=0.3963, loss=-0.2365]
Epoch 105/150 [train]:  69%|██████▉   | 18/26 [00:00<00:00, 50.60it/s, S=0.3992, loss=-0.2536]
Epoch 105/150 [train]:  69%|██████▉   | 18/26 [00:00<00:00, 50.60it/s, S=0.3991, loss=-0.2460]
Epoch 105/150 [train]:  92%|█████████▏| 24/26 [00:00<00:00, 50.55it/s, S=0.3991, loss=-0.2460]
Epoch 105/150 [train]:  92%|█████████▏| 24/26 [00:00<00:00, 50.55it/s, S=0.3958, loss=-0.2465]
Epoch 105/150 [train]:  92%|█████████▏| 24/26 [00:00<00:00, 50.55it/s, S=0.3902, loss=-0.2422]
                                                                                              
Epoch 105/150  train loss=-0.2481  val loss=-0.2509  S[mean]=0.4111  ζ=0.4700  mean_plane_ζ=0.3597  reg=0.1603  λscale=0.73  lr=2.99e-04

Epoch 106/150 [train]:   0%|          | 0/26 [00:00<?, ?it/s]
Epoch 106/150 [train]:   0%|          | 0/26 [00:00<?, ?it/s, S=0.4028, loss=-0.2601]
Epoch 106/150 [train]:   0%|          | 0/26 [00:00<?, ?it/s, S=0.3918, loss=-0.2244]
Epoch 106/150 [train]:   0%|          | 0/26 [00:00<?, ?it/s, S=0.3988, loss=-0.2434]
Epoch 106/150 [train]:   0%|          | 0/26 [00:00<?, ?it/s, S=0.3927, loss=-0.2469]
Epoch 106/150 [train]:   0%|          | 0/26 [00:00<?, ?it/s, S=0.3983, loss=-0.2502]
Epoch 106/150 [train]:   0%|          | 0/26 [00:00<?, ?it/s, S=0.3991, loss=-0.2450]
Epoch 106/150 [train]:  23%|██▎       | 6/26 [00:00<00:00, 50.61it/s, S=0.3991, loss=-0.2450]
Epoch 106/150 [train]:  23%|██▎       | 6/26 [00:00<00:00, 50.61it/s, S=0.4036, loss=-0.2634]
Epoch 106/150 [train]:  23%|██▎       | 6/26 [00:00<00:00, 50.61it/s, S=0.3954, loss=-0.2399]
Epoch 106/150 [train]:  23%|██▎       | 6/26 [00:00<00:00, 50.61it/s, S=0.4016, loss=-0.2483]
Epoch 106/150 [train]:  23%|██▎       | 6/26 [00:00<00:00, 50.61it/s, S=0.4027, loss=-0.2515]
Epoch 106/150 [train]:  23%|██▎       | 6/26 [00:00<00:00, 50.61it/s, S=0.3993, loss=-0.2452]
Epoch 106/150 [train]:  23%|██▎       | 6/26 [00:00<00:00, 50.61it/s, S=0.3970, loss=-0.2443]
Epoch 106/150 [train]:  46%|████▌     | 12/26 [00:00<00:00, 50.49it/s, S=0.3970, loss=-0.2443]
Epoch 106/150 [train]:  46%|████▌     | 12/26 [00:00<00:00, 50.49it/s, S=0.3974, loss=-0.2372]
Epoch 106/150 [train]:  46%|████▌     | 12/26 [00:00<00:00, 50.49it/s, S=0.4003, loss=-0.2486]
Epoch 106/150 [train]:  46%|████▌     | 12/26 [00:00<00:00, 50.49it/s, S=0.3993, loss=-0.2457]
Epoch 106/150 [train]:  46%|████▌     | 12/26 [00:00<00:00, 50.49it/s, S=0.3915, loss=-0.2482]
Epoch 106/150 [train]:  46%|████▌     | 12/26 [00:00<00:00, 50.49it/s, S=0.4016, loss=-0.2538]
Epoch 106/150 [train]:  46%|████▌     | 12/26 [00:00<00:00, 50.49it/s, S=0.3919, loss=-0.2437]
Epoch 106/150 [train]:  69%|██████▉   | 18/26 [00:00<00:00, 50.51it/s, S=0.3919, loss=-0.2437]
Epoch 106/150 [train]:  69%|██████▉   | 18/26 [00:00<00:00, 50.51it/s, S=0.3994, loss=-0.2503]
Epoch 106/150 [train]:  69%|██████▉   | 18/26 [00:00<00:00, 50.51it/s, S=0.4017, loss=-0.2536]
Epoch 106/150 [train]:  69%|██████▉   | 18/26 [00:00<00:00, 50.51it/s, S=0.3970, loss=-0.2471]
Epoch 106/150 [train]:  69%|██████▉   | 18/26 [00:00<00:00, 50.51it/s, S=0.3970, loss=-0.2380]
Epoch 106/150 [train]:  69%|██████▉   | 18/26 [00:00<00:00, 50.51it/s, S=0.3933, loss=-0.2225]
Epoch 106/150 [train]:  69%|██████▉   | 18/26 [00:00<00:00, 50.51it/s, S=0.3954, loss=-0.2457]
Epoch 106/150 [train]:  92%|█████████▏| 24/26 [00:00<00:00, 50.55it/s, S=0.3954, loss=-0.2457]
Epoch 106/150 [train]:  92%|█████████▏| 24/26 [00:00<00:00, 50.55it/s, S=0.3918, loss=-0.2422]
Epoch 106/150 [train]:  92%|█████████▏| 24/26 [00:00<00:00, 50.55it/s, S=0.4004, loss=-0.2469]
                                                                                              
Epoch 106/150  train loss=-0.2456  val loss=-0.2517  S[mean]=0.4112  ζ=0.4707  mean_plane_ζ=0.3603  reg=0.1595  λscale=0.73  lr=2.89e-04

Epoch 107/150 [train]:   0%|          | 0/26 [00:00<?, ?it/s]
Epoch 107/150 [train]:   0%|          | 0/26 [00:00<?, ?it/s, S=0.4014, loss=-0.2510]
Epoch 107/150 [train]:   0%|          | 0/26 [00:00<?, ?it/s, S=0.3960, loss=-0.2325]
Epoch 107/150 [train]:   0%|          | 0/26 [00:00<?, ?it/s, S=0.3979, loss=-0.2507]
Epoch 107/150 [train]:   0%|          | 0/26 [00:00<?, ?it/s, S=0.4039, loss=-0.2566]
Epoch 107/150 [train]:   0%|          | 0/26 [00:00<?, ?it/s, S=0.4016, loss=-0.2553]
Epoch 107/150 [train]:  19%|█▉        | 5/26 [00:00<00:00, 49.96it/s, S=0.4016, loss=-0.2553]
Epoch 107/150 [train]:  19%|█▉        | 5/26 [00:00<00:00, 49.96it/s, S=0.3952, loss=-0.2456]
Epoch 107/150 [train]:  19%|█▉        | 5/26 [00:00<00:00, 49.96it/s, S=0.3980, loss=-0.2497]
Epoch 107/150 [train]:  19%|█▉        | 5/26 [00:00<00:00, 49.96it/s, S=0.3996, loss=-0.2509]
Epoch 107/150 [train]:  19%|█▉        | 5/26 [00:00<00:00, 49.96it/s, S=0.3993, loss=-0.2499]
Epoch 107/150 [train]:  19%|█▉        | 5/26 [00:00<00:00, 49.96it/s, S=0.4025, loss=-0.2530]
Epoch 107/150 [train]:  19%|█▉        | 5/26 [00:00<00:00, 49.96it/s, S=0.4008, loss=-0.2524]
Epoch 107/150 [train]:  42%|████▏     | 11/26 [00:00<00:00, 50.26it/s, S=0.4008, loss=-0.2524]
Epoch 107/150 [train]:  42%|████▏     | 11/26 [00:00<00:00, 50.26it/s, S=0.4056, loss=-0.2566]
Epoch 107/150 [train]:  42%|████▏     | 11/26 [00:00<00:00, 50.26it/s, S=0.4044, loss=-0.2506]
Epoch 107/150 [train]:  42%|████▏     | 11/26 [00:00<00:00, 50.26it/s, S=0.3967, loss=-0.2426]
Epoch 107/150 [train]:  42%|████▏     | 11/26 [00:00<00:00, 50.26it/s, S=0.3952, loss=-0.2478]
Epoch 107/150 [train]:  42%|████▏     | 11/26 [00:00<00:00, 50.26it/s, S=0.4015, loss=-0.2522]
Epoch 107/150 [train]:  42%|████▏     | 11/26 [00:00<00:00, 50.26it/s, S=0.4024, loss=-0.2532]
Epoch 107/150 [train]:  65%|██████▌   | 17/26 [00:00<00:00, 50.43it/s, S=0.4024, loss=-0.2532]
Epoch 107/150 [train]:  65%|██████▌   | 17/26 [00:00<00:00, 50.43it/s, S=0.4046, loss=-0.2624]
Epoch 107/150 [train]:  65%|██████▌   | 17/26 [00:00<00:00, 50.43it/s, S=0.3993, loss=-0.2474]
Epoch 107/150 [train]:  65%|██████▌   | 17/26 [00:00<00:00, 50.43it/s, S=0.4057, loss=-0.2496]
Epoch 107/150 [train]:  65%|██████▌   | 17/26 [00:00<00:00, 50.43it/s, S=0.3908, loss=-0.2446]
Epoch 107/150 [train]:  65%|██████▌   | 17/26 [00:00<00:00, 50.43it/s, S=0.4014, loss=-0.2518]
Epoch 107/150 [train]:  65%|██████▌   | 17/26 [00:00<00:00, 50.43it/s, S=0.3870, loss=-0.2333]
Epoch 107/150 [train]:  88%|████████▊ | 23/26 [00:00<00:00, 50.54it/s, S=0.3870, loss=-0.2333]
Epoch 107/150 [train]:  88%|████████▊ | 23/26 [00:00<00:00, 50.54it/s, S=0.3955, loss=-0.2413]
Epoch 107/150 [train]:  88%|████████▊ | 23/26 [00:00<00:00, 50.54it/s, S=0.3951, loss=-0.2514]
Epoch 107/150 [train]:  88%|████████▊ | 23/26 [00:00<00:00, 50.54it/s, S=0.4010, loss=-0.2517]
                                                                                              
Epoch 107/150  train loss=-0.2494  val loss=-0.2509  S[mean]=0.4108  ζ=0.4710  mean_plane_ζ=0.3606  reg=0.1599  λscale=0.74  lr=2.79e-04

Epoch 108/150 [train]:   0%|          | 0/26 [00:00<?, ?it/s]
Epoch 108/150 [train]:   0%|          | 0/26 [00:00<?, ?it/s, S=0.4073, loss=-0.2625]
Epoch 108/150 [train]:   0%|          | 0/26 [00:00<?, ?it/s, S=0.3929, loss=-0.2300]
Epoch 108/150 [train]:   0%|          | 0/26 [00:00<?, ?it/s, S=0.3994, loss=-0.2455]
Epoch 108/150 [train]:   0%|          | 0/26 [00:00<?, ?it/s, S=0.4010, loss=-0.2536]
Epoch 108/150 [train]:   0%|          | 0/26 [00:00<?, ?it/s, S=0.3964, loss=-0.2326]
Epoch 108/150 [train]:   0%|          | 0/26 [00:00<?, ?it/s, S=0.3985, loss=-0.2535]
Epoch 108/150 [train]:  23%|██▎       | 6/26 [00:00<00:00, 50.72it/s, S=0.3985, loss=-0.2535]
Epoch 108/150 [train]:  23%|██▎       | 6/26 [00:00<00:00, 50.72it/s, S=0.4032, loss=-0.2505]
Epoch 108/150 [train]:  23%|██▎       | 6/26 [00:00<00:00, 50.72it/s, S=0.3941, loss=-0.2327]
Epoch 108/150 [train]:  23%|██▎       | 6/26 [00:00<00:00, 50.72it/s, S=0.3912, loss=-0.2383]
Epoch 108/150 [train]:  23%|██▎       | 6/26 [00:00<00:00, 50.72it/s, S=0.3959, loss=-0.2482]
Epoch 108/150 [train]:  23%|██▎       | 6/26 [00:00<00:00, 50.72it/s, S=0.3892, loss=-0.2296]
Epoch 108/150 [train]:  23%|██▎       | 6/26 [00:00<00:00, 50.72it/s, S=0.4002, loss=-0.2543]
Epoch 108/150 [train]:  46%|████▌     | 12/26 [00:00<00:00, 50.65it/s, S=0.4002, loss=-0.2543]
Epoch 108/150 [train]:  46%|████▌     | 12/26 [00:00<00:00, 50.65it/s, S=0.3931, loss=-0.2479]
Epoch 108/150 [train]:  46%|████▌     | 12/26 [00:00<00:00, 50.65it/s, S=0.3953, loss=-0.2395]
Epoch 108/150 [train]:  46%|████▌     | 12/26 [00:00<00:00, 50.65it/s, S=0.3971, loss=-0.2564]
Epoch 108/150 [train]:  46%|████▌     | 12/26 [00:00<00:00, 50.65it/s, S=0.3877, loss=-0.2184]
Epoch 108/150 [train]:  46%|████▌     | 12/26 [00:00<00:00, 50.65it/s, S=0.3959, loss=-0.2468]
Epoch 108/150 [train]:  46%|████▌     | 12/26 [00:00<00:00, 50.65it/s, S=0.4059, loss=-0.2638]
Epoch 108/150 [train]:  69%|██████▉   | 18/26 [00:00<00:00, 50.58it/s, S=0.4059, loss=-0.2638]
Epoch 108/150 [train]:  69%|██████▉   | 18/26 [00:00<00:00, 50.58it/s, S=0.3996, loss=-0.2447]
Epoch 108/150 [train]:  69%|██████▉   | 18/26 [00:00<00:00, 50.58it/s, S=0.3948, loss=-0.2341]
Epoch 108/150 [train]:  69%|██████▉   | 18/26 [00:00<00:00, 50.58it/s, S=0.3970, loss=-0.2399]
Epoch 108/150 [train]:  69%|██████▉   | 18/26 [00:00<00:00, 50.58it/s, S=0.3995, loss=-0.2538]
Epoch 108/150 [train]:  69%|██████▉   | 18/26 [00:00<00:00, 50.58it/s, S=0.4054, loss=-0.2582]
Epoch 108/150 [train]:  69%|██████▉   | 18/26 [00:00<00:00, 50.58it/s, S=0.3992, loss=-0.2524]
Epoch 108/150 [train]:  92%|█████████▏| 24/26 [00:00<00:00, 50.53it/s, S=0.3992, loss=-0.2524]
Epoch 108/150 [train]:  92%|█████████▏| 24/26 [00:00<00:00, 50.53it/s, S=0.3991, loss=-0.2509]
Epoch 108/150 [train]:  92%|█████████▏| 24/26 [00:00<00:00, 50.53it/s, S=0.4020, loss=-0.2568]
                                                                                              
Epoch 108/150  train loss=-0.2460  val loss=-0.2501  S[mean]=0.4106  ζ=0.4702  mean_plane_ζ=0.3603  reg=0.1605  λscale=0.75  lr=2.70e-04

Epoch 109/150 [train]:   0%|          | 0/26 [00:00<?, ?it/s]
Epoch 109/150 [train]:   0%|          | 0/26 [00:00<?, ?it/s, S=0.3950, loss=-0.2385]
Epoch 109/150 [train]:   0%|          | 0/26 [00:00<?, ?it/s, S=0.3932, loss=-0.2257]
Epoch 109/150 [train]:   0%|          | 0/26 [00:00<?, ?it/s, S=0.3904, loss=-0.2344]
Epoch 109/150 [train]:   0%|          | 0/26 [00:00<?, ?it/s, S=0.4052, loss=-0.2493]
Epoch 109/150 [train]:   0%|          | 0/26 [00:00<?, ?it/s, S=0.3907, loss=-0.2321]
Epoch 109/150 [train]:   0%|          | 0/26 [00:00<?, ?it/s, S=0.3988, loss=-0.2400]
Epoch 109/150 [train]:  23%|██▎       | 6/26 [00:00<00:00, 50.55it/s, S=0.3988, loss=-0.2400]
Epoch 109/150 [train]:  23%|██▎       | 6/26 [00:00<00:00, 50.55it/s, S=0.4056, loss=-0.2602]
Epoch 109/150 [train]:  23%|██▎       | 6/26 [00:00<00:00, 50.55it/s, S=0.3956, loss=-0.2465]
Epoch 109/150 [train]:  23%|██▎       | 6/26 [00:00<00:00, 50.55it/s, S=0.4061, loss=-0.2573]
Epoch 109/150 [train]:  23%|██▎       | 6/26 [00:00<00:00, 50.55it/s, S=0.3956, loss=-0.2398]
Epoch 109/150 [train]:  23%|██▎       | 6/26 [00:00<00:00, 50.55it/s, S=0.4006, loss=-0.2533]
Epoch 109/150 [train]:  23%|██▎       | 6/26 [00:00<00:00, 50.55it/s, S=0.3933, loss=-0.2512]
Epoch 109/150 [train]:  46%|████▌     | 12/26 [00:00<00:00, 50.45it/s, S=0.3933, loss=-0.2512]
Epoch 109/150 [train]:  46%|████▌     | 12/26 [00:00<00:00, 50.45it/s, S=0.3963, loss=-0.2462]
Epoch 109/150 [train]:  46%|████▌     | 12/26 [00:00<00:00, 50.45it/s, S=0.4023, loss=-0.2546]
Epoch 109/150 [train]:  46%|████▌     | 12/26 [00:00<00:00, 50.45it/s, S=0.3939, loss=-0.2350]
Epoch 109/150 [train]:  46%|████▌     | 12/26 [00:00<00:00, 50.45it/s, S=0.3954, loss=-0.2469]
Epoch 109/150 [train]:  46%|████▌     | 12/26 [00:00<00:00, 50.45it/s, S=0.3952, loss=-0.2338]
Epoch 109/150 [train]:  46%|████▌     | 12/26 [00:00<00:00, 50.45it/s, S=0.4020, loss=-0.2575]
Epoch 109/150 [train]:  69%|██████▉   | 18/26 [00:00<00:00, 50.46it/s, S=0.4020, loss=-0.2575]
Epoch 109/150 [train]:  69%|██████▉   | 18/26 [00:00<00:00, 50.46it/s, S=0.3921, loss=-0.2311]
Epoch 109/150 [train]:  69%|██████▉   | 18/26 [00:00<00:00, 50.46it/s, S=0.4003, loss=-0.2573]
Epoch 109/150 [train]:  69%|██████▉   | 18/26 [00:00<00:00, 50.46it/s, S=0.4013, loss=-0.2427]
Epoch 109/150 [train]:  69%|██████▉   | 18/26 [00:00<00:00, 50.46it/s, S=0.3944, loss=-0.2402]
Epoch 109/150 [train]:  69%|██████▉   | 18/26 [00:00<00:00, 50.46it/s, S=0.3980, loss=-0.2493]
Epoch 109/150 [train]:  69%|██████▉   | 18/26 [00:00<00:00, 50.46it/s, S=0.3947, loss=-0.2396]
Epoch 109/150 [train]:  92%|█████████▏| 24/26 [00:00<00:00, 50.53it/s, S=0.3947, loss=-0.2396]
Epoch 109/150 [train]:  92%|█████████▏| 24/26 [00:00<00:00, 50.53it/s, S=0.3954, loss=-0.2408]
Epoch 109/150 [train]:  92%|█████████▏| 24/26 [00:00<00:00, 50.53it/s, S=0.3946, loss=-0.2467]
                                                                                              
Epoch 109/150  train loss=-0.2442  val loss=-0.2500  S[mean]=0.4105  ζ=0.4700  mean_plane_ζ=0.3603  reg=0.1605  λscale=0.75  lr=2.60e-04

Epoch 110/150 [train]:   0%|          | 0/26 [00:00<?, ?it/s]
Epoch 110/150 [train]:   0%|          | 0/26 [00:00<?, ?it/s, S=0.4001, loss=-0.2499]
Epoch 110/150 [train]:   0%|          | 0/26 [00:00<?, ?it/s, S=0.3987, loss=-0.2488]
Epoch 110/150 [train]:   0%|          | 0/26 [00:00<?, ?it/s, S=0.4031, loss=-0.2591]
Epoch 110/150 [train]:   0%|          | 0/26 [00:00<?, ?it/s, S=0.4053, loss=-0.2605]
Epoch 110/150 [train]:   0%|          | 0/26 [00:00<?, ?it/s, S=0.3960, loss=-0.2342]
Epoch 110/150 [train]:   0%|          | 0/26 [00:00<?, ?it/s, S=0.4063, loss=-0.2585]
Epoch 110/150 [train]:  23%|██▎       | 6/26 [00:00<00:00, 50.62it/s, S=0.4063, loss=-0.2585]
Epoch 110/150 [train]:  23%|██▎       | 6/26 [00:00<00:00, 50.62it/s, S=0.4017, loss=-0.2530]
Epoch 110/150 [train]:  23%|██▎       | 6/26 [00:00<00:00, 50.62it/s, S=0.3988, loss=-0.2503]
Epoch 110/150 [train]:  23%|██▎       | 6/26 [00:00<00:00, 50.62it/s, S=0.4011, loss=-0.2513]
Epoch 110/150 [train]:  23%|██▎       | 6/26 [00:00<00:00, 50.62it/s, S=0.3970, loss=-0.2489]
Epoch 110/150 [train]:  23%|██▎       | 6/26 [00:00<00:00, 50.62it/s, S=0.4003, loss=-0.2525]
Epoch 110/150 [train]:  23%|██▎       | 6/26 [00:00<00:00, 50.62it/s, S=0.3998, loss=-0.2418]
Epoch 110/150 [train]:  46%|████▌     | 12/26 [00:00<00:00, 50.51it/s, S=0.3998, loss=-0.2418]
Epoch 110/150 [train]:  46%|████▌     | 12/26 [00:00<00:00, 50.51it/s, S=0.3936, loss=-0.2441]
Epoch 110/150 [train]:  46%|████▌     | 12/26 [00:00<00:00, 50.51it/s, S=0.3871, loss=-0.2290]
Epoch 110/150 [train]:  46%|████▌     | 12/26 [00:00<00:00, 50.51it/s, S=0.4050, loss=-0.2599]
Epoch 110/150 [train]:  46%|████▌     | 12/26 [00:00<00:00, 50.51it/s, S=0.3996, loss=-0.2510]
Epoch 110/150 [train]:  46%|████▌     | 12/26 [00:00<00:00, 50.51it/s, S=0.3993, loss=-0.2553]
Epoch 110/150 [train]:  46%|████▌     | 12/26 [00:00<00:00, 50.51it/s, S=0.3954, loss=-0.2425]
Epoch 110/150 [train]:  69%|██████▉   | 18/26 [00:00<00:00, 50.50it/s, S=0.3954, loss=-0.2425]
Epoch 110/150 [train]:  69%|██████▉   | 18/26 [00:00<00:00, 50.50it/s, S=0.4016, loss=-0.2526]
Epoch 110/150 [train]:  69%|██████▉   | 18/26 [00:00<00:00, 50.50it/s, S=0.3939, loss=-0.2423]
Epoch 110/150 [train]:  69%|██████▉   | 18/26 [00:00<00:00, 50.50it/s, S=0.3933, loss=-0.2394]
Epoch 110/150 [train]:  69%|██████▉   | 18/26 [00:00<00:00, 50.50it/s, S=0.4003, loss=-0.2500]
Epoch 110/150 [train]:  69%|██████▉   | 18/26 [00:00<00:00, 50.50it/s, S=0.4010, loss=-0.2590]
Epoch 110/150 [train]:  69%|██████▉   | 18/26 [00:00<00:00, 50.50it/s, S=0.4014, loss=-0.2555]
Epoch 110/150 [train]:  92%|█████████▏| 24/26 [00:00<00:00, 50.48it/s, S=0.4014, loss=-0.2555]
Epoch 110/150 [train]:  92%|█████████▏| 24/26 [00:00<00:00, 50.48it/s, S=0.3952, loss=-0.2365]
Epoch 110/150 [train]:  92%|█████████▏| 24/26 [00:00<00:00, 50.48it/s, S=0.3997, loss=-0.2504]
                                                                                              
Epoch 110/150  train loss=-0.2491  val loss=-0.2506  S[mean]=0.4108  ζ=0.4711  mean_plane_ζ=0.3609  reg=0.1602  λscale=0.76  lr=2.50e-04

Epoch 111/150 [train]:   0%|          | 0/26 [00:00<?, ?it/s]
Epoch 111/150 [train]:   0%|          | 0/26 [00:00<?, ?it/s, S=0.3937, loss=-0.2298]
Epoch 111/150 [train]:   0%|          | 0/26 [00:00<?, ?it/s, S=0.3954, loss=-0.2453]
Epoch 111/150 [train]:   0%|          | 0/26 [00:00<?, ?it/s, S=0.3991, loss=-0.2368]
Epoch 111/150 [train]:   0%|          | 0/26 [00:00<?, ?it/s, S=0.4056, loss=-0.2565]
Epoch 111/150 [train]:   0%|          | 0/26 [00:00<?, ?it/s, S=0.3977, loss=-0.2507]
Epoch 111/150 [train]:   0%|          | 0/26 [00:00<?, ?it/s, S=0.4047, loss=-0.2550]
Epoch 111/150 [train]:  23%|██▎       | 6/26 [00:00<00:00, 50.56it/s, S=0.4047, loss=-0.2550]
Epoch 111/150 [train]:  23%|██▎       | 6/26 [00:00<00:00, 50.56it/s, S=0.3970, loss=-0.2523]
Epoch 111/150 [train]:  23%|██▎       | 6/26 [00:00<00:00, 50.56it/s, S=0.3973, loss=-0.2439]
Epoch 111/150 [train]:  23%|██▎       | 6/26 [00:00<00:00, 50.56it/s, S=0.3998, loss=-0.2403]
Epoch 111/150 [train]:  23%|██▎       | 6/26 [00:00<00:00, 50.56it/s, S=0.3900, loss=-0.2194]
Epoch 111/150 [train]:  23%|██▎       | 6/26 [00:00<00:00, 50.56it/s, S=0.3990, loss=-0.2452]
Epoch 111/150 [train]:  23%|██▎       | 6/26 [00:00<00:00, 50.56it/s, S=0.4028, loss=-0.2510]
Epoch 111/150 [train]:  46%|████▌     | 12/26 [00:00<00:00, 50.52it/s, S=0.4028, loss=-0.2510]
Epoch 111/150 [train]:  46%|████▌     | 12/26 [00:00<00:00, 50.52it/s, S=0.3965, loss=-0.2365]
Epoch 111/150 [train]:  46%|████▌     | 12/26 [00:00<00:00, 50.52it/s, S=0.3983, loss=-0.2535]
Epoch 111/150 [train]:  46%|████▌     | 12/26 [00:00<00:00, 50.52it/s, S=0.3963, loss=-0.2529]
Epoch 111/150 [train]:  46%|████▌     | 12/26 [00:00<00:00, 50.52it/s, S=0.3947, loss=-0.2428]
Epoch 111/150 [train]:  46%|████▌     | 12/26 [00:00<00:00, 50.52it/s, S=0.3916, loss=-0.2408]
Epoch 111/150 [train]:  46%|████▌     | 12/26 [00:00<00:00, 50.52it/s, S=0.3972, loss=-0.2460]
Epoch 111/150 [train]:  69%|██████▉   | 18/26 [00:00<00:00, 50.49it/s, S=0.3972, loss=-0.2460]
Epoch 111/150 [train]:  69%|██████▉   | 18/26 [00:00<00:00, 50.49it/s, S=0.4055, loss=-0.2533]
Epoch 111/150 [train]:  69%|██████▉   | 18/26 [00:00<00:00, 50.49it/s, S=0.3902, loss=-0.2402]
Epoch 111/150 [train]:  69%|██████▉   | 18/26 [00:00<00:00, 50.49it/s, S=0.4027, loss=-0.2585]
Epoch 111/150 [train]:  69%|██████▉   | 18/26 [00:00<00:00, 50.49it/s, S=0.3943, loss=-0.2490]
Epoch 111/150 [train]:  69%|██████▉   | 18/26 [00:00<00:00, 50.49it/s, S=0.3969, loss=-0.2495]
Epoch 111/150 [train]:  69%|██████▉   | 18/26 [00:00<00:00, 50.49it/s, S=0.4025, loss=-0.2407]
Epoch 111/150 [train]:  92%|█████████▏| 24/26 [00:00<00:00, 50.54it/s, S=0.4025, loss=-0.2407]
Epoch 111/150 [train]:  92%|█████████▏| 24/26 [00:00<00:00, 50.54it/s, S=0.4008, loss=-0.2532]
Epoch 111/150 [train]:  92%|█████████▏| 24/26 [00:00<00:00, 50.54it/s, S=0.3972, loss=-0.2444]
                                                                                              
Epoch 111/150  train loss=-0.2457  val loss=-0.2497  S[mean]=0.4103  ζ=0.4707  mean_plane_ζ=0.3606  reg=0.1607  λscale=0.76  lr=2.40e-04

Epoch 112/150 [train]:   0%|          | 0/26 [00:00<?, ?it/s]
Epoch 112/150 [train]:   0%|          | 0/26 [00:00<?, ?it/s, S=0.4054, loss=-0.2584]
Epoch 112/150 [train]:   0%|          | 0/26 [00:00<?, ?it/s, S=0.3996, loss=-0.2555]
Epoch 112/150 [train]:   0%|          | 0/26 [00:00<?, ?it/s, S=0.4035, loss=-0.2483]
Epoch 112/150 [train]:   0%|          | 0/26 [00:00<?, ?it/s, S=0.3929, loss=-0.2372]
Epoch 112/150 [train]:   0%|          | 0/26 [00:00<?, ?it/s, S=0.3935, loss=-0.2456]
Epoch 112/150 [train]:   0%|          | 0/26 [00:00<?, ?it/s, S=0.4052, loss=-0.2594]
Epoch 112/150 [train]:  23%|██▎       | 6/26 [00:00<00:00, 50.73it/s, S=0.4052, loss=-0.2594]
Epoch 112/150 [train]:  23%|██▎       | 6/26 [00:00<00:00, 50.73it/s, S=0.3922, loss=-0.2420]
Epoch 112/150 [train]:  23%|██▎       | 6/26 [00:00<00:00, 50.73it/s, S=0.4006, loss=-0.2491]
Epoch 112/150 [train]:  23%|██▎       | 6/26 [00:00<00:00, 50.73it/s, S=0.3983, loss=-0.2486]
Epoch 112/150 [train]:  23%|██▎       | 6/26 [00:00<00:00, 50.73it/s, S=0.3923, loss=-0.2402]
Epoch 112/150 [train]:  23%|██▎       | 6/26 [00:00<00:00, 50.73it/s, S=0.4007, loss=-0.2416]
Epoch 112/150 [train]:  23%|██▎       | 6/26 [00:00<00:00, 50.73it/s, S=0.3923, loss=-0.2347]
Epoch 112/150 [train]:  46%|████▌     | 12/26 [00:00<00:00, 50.67it/s, S=0.3923, loss=-0.2347]
Epoch 112/150 [train]:  46%|████▌     | 12/26 [00:00<00:00, 50.67it/s, S=0.4006, loss=-0.2400]
Epoch 112/150 [train]:  46%|████▌     | 12/26 [00:00<00:00, 50.67it/s, S=0.3918, loss=-0.2298]
Epoch 112/150 [train]:  46%|████▌     | 12/26 [00:00<00:00, 50.67it/s, S=0.3998, loss=-0.2487]
Epoch 112/150 [train]:  46%|████▌     | 12/26 [00:00<00:00, 50.67it/s, S=0.4006, loss=-0.2492]
Epoch 112/150 [train]:  46%|████▌     | 12/26 [00:00<00:00, 50.67it/s, S=0.3976, loss=-0.2494]
Epoch 112/150 [train]:  46%|████▌     | 12/26 [00:00<00:00, 50.67it/s, S=0.3956, loss=-0.2399]
Epoch 112/150 [train]:  69%|██████▉   | 18/26 [00:00<00:00, 50.67it/s, S=0.3956, loss=-0.2399]
Epoch 112/150 [train]:  69%|██████▉   | 18/26 [00:00<00:00, 50.67it/s, S=0.3962, loss=-0.2457]
Epoch 112/150 [train]:  69%|██████▉   | 18/26 [00:00<00:00, 50.67it/s, S=0.3926, loss=-0.2328]
Epoch 112/150 [train]:  69%|██████▉   | 18/26 [00:00<00:00, 50.67it/s, S=0.3916, loss=-0.2374]
Epoch 112/150 [train]:  69%|██████▉   | 18/26 [00:00<00:00, 50.67it/s, S=0.4001, loss=-0.2487]
Epoch 112/150 [train]:  69%|██████▉   | 18/26 [00:00<00:00, 50.67it/s, S=0.4001, loss=-0.2522]
Epoch 112/150 [train]:  69%|██████▉   | 18/26 [00:00<00:00, 50.67it/s, S=0.4010, loss=-0.2521]
Epoch 112/150 [train]:  92%|█████████▏| 24/26 [00:00<00:00, 50.68it/s, S=0.4010, loss=-0.2521]
Epoch 112/150 [train]:  92%|█████████▏| 24/26 [00:00<00:00, 50.68it/s, S=0.3933, loss=-0.2333]
Epoch 112/150 [train]:  92%|█████████▏| 24/26 [00:00<00:00, 50.68it/s, S=0.3985, loss=-0.2485]
                                                                                              
Epoch 112/150  train loss=-0.2449  val loss=-0.2488  S[mean]=0.4104  ζ=0.4700  mean_plane_ζ=0.3602  reg=0.1615  λscale=0.77  lr=2.30e-04

Epoch 113/150 [train]:   0%|          | 0/26 [00:00<?, ?it/s]
Epoch 113/150 [train]:   0%|          | 0/26 [00:00<?, ?it/s, S=0.3958, loss=-0.2498]
Epoch 113/150 [train]:   0%|          | 0/26 [00:00<?, ?it/s, S=0.3957, loss=-0.2472]
Epoch 113/150 [train]:   0%|          | 0/26 [00:00<?, ?it/s, S=0.4023, loss=-0.2564]
Epoch 113/150 [train]:   0%|          | 0/26 [00:00<?, ?it/s, S=0.3974, loss=-0.2463]
Epoch 113/150 [train]:   0%|          | 0/26 [00:00<?, ?it/s, S=0.3961, loss=-0.2489]
Epoch 113/150 [train]:   0%|          | 0/26 [00:00<?, ?it/s, S=0.4049, loss=-0.2565]
Epoch 113/150 [train]:  23%|██▎       | 6/26 [00:00<00:00, 50.67it/s, S=0.4049, loss=-0.2565]
Epoch 113/150 [train]:  23%|██▎       | 6/26 [00:00<00:00, 50.67it/s, S=0.4003, loss=-0.2503]
Epoch 113/150 [train]:  23%|██▎       | 6/26 [00:00<00:00, 50.67it/s, S=0.3954, loss=-0.2423]
Epoch 113/150 [train]:  23%|██▎       | 6/26 [00:00<00:00, 50.67it/s, S=0.4014, loss=-0.2526]
Epoch 113/150 [train]:  23%|██▎       | 6/26 [00:00<00:00, 50.67it/s, S=0.3919, loss=-0.2442]
Epoch 113/150 [train]:  23%|██▎       | 6/26 [00:00<00:00, 50.67it/s, S=0.3977, loss=-0.2490]
Epoch 113/150 [train]:  23%|██▎       | 6/26 [00:00<00:00, 50.67it/s, S=0.4014, loss=-0.2512]
Epoch 113/150 [train]:  46%|████▌     | 12/26 [00:00<00:00, 50.68it/s, S=0.4014, loss=-0.2512]
Epoch 113/150 [train]:  46%|████▌     | 12/26 [00:00<00:00, 50.68it/s, S=0.3944, loss=-0.2442]
Epoch 113/150 [train]:  46%|████▌     | 12/26 [00:00<00:00, 50.68it/s, S=0.4031, loss=-0.2560]
Epoch 113/150 [train]:  46%|████▌     | 12/26 [00:00<00:00, 50.68it/s, S=0.4012, loss=-0.2476]
Epoch 113/150 [train]:  46%|████▌     | 12/26 [00:00<00:00, 50.68it/s, S=0.4044, loss=-0.2572]
Epoch 113/150 [train]:  46%|████▌     | 12/26 [00:00<00:00, 50.68it/s, S=0.3966, loss=-0.2461]
Epoch 113/150 [train]:  46%|████▌     | 12/26 [00:00<00:00, 50.68it/s, S=0.3997, loss=-0.2377]
Epoch 113/150 [train]:  69%|██████▉   | 18/26 [00:00<00:00, 50.59it/s, S=0.3997, loss=-0.2377]
Epoch 113/150 [train]:  69%|██████▉   | 18/26 [00:00<00:00, 50.59it/s, S=0.3914, loss=-0.2389]
Epoch 113/150 [train]:  69%|██████▉   | 18/26 [00:00<00:00, 50.59it/s, S=0.3927, loss=-0.2366]
Epoch 113/150 [train]:  69%|██████▉   | 18/26 [00:00<00:00, 50.59it/s, S=0.3968, loss=-0.2456]
Epoch 113/150 [train]:  69%|██████▉   | 18/26 [00:00<00:00, 50.59it/s, S=0.3992, loss=-0.2475]
Epoch 113/150 [train]:  69%|██████▉   | 18/26 [00:00<00:00, 50.59it/s, S=0.3985, loss=-0.2545]
Epoch 113/150 [train]:  69%|██████▉   | 18/26 [00:00<00:00, 50.59it/s, S=0.3915, loss=-0.2333]
Epoch 113/150 [train]:  92%|█████████▏| 24/26 [00:00<00:00, 50.54it/s, S=0.3915, loss=-0.2333]
Epoch 113/150 [train]:  92%|█████████▏| 24/26 [00:00<00:00, 50.54it/s, S=0.3994, loss=-0.2532]
Epoch 113/150 [train]:  92%|█████████▏| 24/26 [00:00<00:00, 50.54it/s, S=0.4008, loss=-0.2552]
                                                                                              
Epoch 113/150  train loss=-0.2480  val loss=-0.2486  S[mean]=0.4104  ζ=0.4700  mean_plane_ζ=0.3606  reg=0.1618  λscale=0.78  lr=2.21e-04

Epoch 114/150 [train]:   0%|          | 0/26 [00:00<?, ?it/s]
Epoch 114/150 [train]:   0%|          | 0/26 [00:00<?, ?it/s, S=0.3980, loss=-0.2493]
Epoch 114/150 [train]:   0%|          | 0/26 [00:00<?, ?it/s, S=0.3985, loss=-0.2496]
Epoch 114/150 [train]:   0%|          | 0/26 [00:00<?, ?it/s, S=0.4017, loss=-0.2504]
Epoch 114/150 [train]:   0%|          | 0/26 [00:00<?, ?it/s, S=0.3979, loss=-0.2487]
Epoch 114/150 [train]:   0%|          | 0/26 [00:00<?, ?it/s, S=0.3940, loss=-0.2359]
Epoch 114/150 [train]:   0%|          | 0/26 [00:00<?, ?it/s, S=0.3990, loss=-0.2452]
Epoch 114/150 [train]:  23%|██▎       | 6/26 [00:00<00:00, 50.72it/s, S=0.3990, loss=-0.2452]
Epoch 114/150 [train]:  23%|██▎       | 6/26 [00:00<00:00, 50.72it/s, S=0.3926, loss=-0.2446]
Epoch 114/150 [train]:  23%|██▎       | 6/26 [00:00<00:00, 50.72it/s, S=0.3918, loss=-0.2269]
Epoch 114/150 [train]:  23%|██▎       | 6/26 [00:00<00:00, 50.72it/s, S=0.3981, loss=-0.2466]
Epoch 114/150 [train]:  23%|██▎       | 6/26 [00:00<00:00, 50.72it/s, S=0.3991, loss=-0.2513]
Epoch 114/150 [train]:  23%|██▎       | 6/26 [00:00<00:00, 50.72it/s, S=0.4012, loss=-0.2545]
Epoch 114/150 [train]:  23%|██▎       | 6/26 [00:00<00:00, 50.72it/s, S=0.3960, loss=-0.2382]
Epoch 114/150 [train]:  46%|████▌     | 12/26 [00:00<00:00, 50.72it/s, S=0.3960, loss=-0.2382]
Epoch 114/150 [train]:  46%|████▌     | 12/26 [00:00<00:00, 50.72it/s, S=0.4023, loss=-0.2541]
Epoch 114/150 [train]:  46%|████▌     | 12/26 [00:00<00:00, 50.72it/s, S=0.4004, loss=-0.2505]
Epoch 114/150 [train]:  46%|████▌     | 12/26 [00:00<00:00, 50.72it/s, S=0.3964, loss=-0.2420]
Epoch 114/150 [train]:  46%|████▌     | 12/26 [00:00<00:00, 50.72it/s, S=0.3966, loss=-0.2435]
Epoch 114/150 [train]:  46%|████▌     | 12/26 [00:00<00:00, 50.72it/s, S=0.4017, loss=-0.2493]
Epoch 114/150 [train]:  46%|████▌     | 12/26 [00:00<00:00, 50.72it/s, S=0.3980, loss=-0.2462]
Epoch 114/150 [train]:  69%|██████▉   | 18/26 [00:00<00:00, 50.71it/s, S=0.3980, loss=-0.2462]
Epoch 114/150 [train]:  69%|██████▉   | 18/26 [00:00<00:00, 50.71it/s, S=0.4028, loss=-0.2516]
Epoch 114/150 [train]:  69%|██████▉   | 18/26 [00:00<00:00, 50.71it/s, S=0.4051, loss=-0.2601]
Epoch 114/150 [train]:  69%|██████▉   | 18/26 [00:00<00:00, 50.71it/s, S=0.3991, loss=-0.2494]
Epoch 114/150 [train]:  69%|██████▉   | 18/26 [00:00<00:00, 50.71it/s, S=0.3967, loss=-0.2448]
Epoch 114/150 [train]:  69%|██████▉   | 18/26 [00:00<00:00, 50.71it/s, S=0.3961, loss=-0.2450]
Epoch 114/150 [train]:  69%|██████▉   | 18/26 [00:00<00:00, 50.71it/s, S=0.3884, loss=-0.2326]
Epoch 114/150 [train]:  92%|█████████▏| 24/26 [00:00<00:00, 50.71it/s, S=0.3884, loss=-0.2326]
Epoch 114/150 [train]:  92%|█████████▏| 24/26 [00:00<00:00, 50.71it/s, S=0.3987, loss=-0.2445]
Epoch 114/150 [train]:  92%|█████████▏| 24/26 [00:00<00:00, 50.71it/s, S=0.3997, loss=-0.2543]
                                                                                              
Epoch 114/150  train loss=-0.2465  val loss=-0.2486  S[mean]=0.4102  ζ=0.4704  mean_plane_ζ=0.3610  reg=0.1617  λscale=0.78  lr=2.11e-04

Epoch 115/150 [train]:   0%|          | 0/26 [00:00<?, ?it/s]
Epoch 115/150 [train]:   0%|          | 0/26 [00:00<?, ?it/s, S=0.4004, loss=-0.2471]
Epoch 115/150 [train]:   0%|          | 0/26 [00:00<?, ?it/s, S=0.3990, loss=-0.2543]
Epoch 115/150 [train]:   0%|          | 0/26 [00:00<?, ?it/s, S=0.3951, loss=-0.2501]
Epoch 115/150 [train]:   0%|          | 0/26 [00:00<?, ?it/s, S=0.4063, loss=-0.2632]
Epoch 115/150 [train]:   0%|          | 0/26 [00:00<?, ?it/s, S=0.3952, loss=-0.2365]
Epoch 115/150 [train]:   0%|          | 0/26 [00:00<?, ?it/s, S=0.3982, loss=-0.2470]
Epoch 115/150 [train]:  23%|██▎       | 6/26 [00:00<00:00, 50.73it/s, S=0.3982, loss=-0.2470]
Epoch 115/150 [train]:  23%|██▎       | 6/26 [00:00<00:00, 50.73it/s, S=0.3973, loss=-0.2431]
Epoch 115/150 [train]:  23%|██▎       | 6/26 [00:00<00:00, 50.73it/s, S=0.4028, loss=-0.2539]
Epoch 115/150 [train]:  23%|██▎       | 6/26 [00:00<00:00, 50.73it/s, S=0.3961, loss=-0.2415]
Epoch 115/150 [train]:  23%|██▎       | 6/26 [00:00<00:00, 50.73it/s, S=0.3941, loss=-0.2399]
Epoch 115/150 [train]:  23%|██▎       | 6/26 [00:00<00:00, 50.73it/s, S=0.4030, loss=-0.2515]
Epoch 115/150 [train]:  23%|██▎       | 6/26 [00:00<00:00, 50.73it/s, S=0.3993, loss=-0.2495]
Epoch 115/150 [train]:  46%|████▌     | 12/26 [00:00<00:00, 50.59it/s, S=0.3993, loss=-0.2495]
Epoch 115/150 [train]:  46%|████▌     | 12/26 [00:00<00:00, 50.59it/s, S=0.3973, loss=-0.2463]
Epoch 115/150 [train]:  46%|████▌     | 12/26 [00:00<00:00, 50.59it/s, S=0.3955, loss=-0.2407]
Epoch 115/150 [train]:  46%|████▌     | 12/26 [00:00<00:00, 50.59it/s, S=0.3934, loss=-0.2438]
Epoch 115/150 [train]:  46%|████▌     | 12/26 [00:00<00:00, 50.59it/s, S=0.3929, loss=-0.2498]
Epoch 115/150 [train]:  46%|████▌     | 12/26 [00:00<00:00, 50.59it/s, S=0.3970, loss=-0.2525]
Epoch 115/150 [train]:  46%|████▌     | 12/26 [00:00<00:00, 50.59it/s, S=0.3975, loss=-0.2324]
Epoch 115/150 [train]:  69%|██████▉   | 18/26 [00:00<00:00, 50.55it/s, S=0.3975, loss=-0.2324]
Epoch 115/150 [train]:  69%|██████▉   | 18/26 [00:00<00:00, 50.55it/s, S=0.3986, loss=-0.2469]
Epoch 115/150 [train]:  69%|██████▉   | 18/26 [00:00<00:00, 50.55it/s, S=0.3967, loss=-0.2443]
Epoch 115/150 [train]:  69%|██████▉   | 18/26 [00:00<00:00, 50.55it/s, S=0.4023, loss=-0.2478]
Epoch 115/150 [train]:  69%|██████▉   | 18/26 [00:00<00:00, 50.55it/s, S=0.3972, loss=-0.2420]
Epoch 115/150 [train]:  69%|██████▉   | 18/26 [00:00<00:00, 50.55it/s, S=0.4006, loss=-0.2493]
Epoch 115/150 [train]:  69%|██████▉   | 18/26 [00:00<00:00, 50.55it/s, S=0.3927, loss=-0.2478]
Epoch 115/150 [train]:  92%|█████████▏| 24/26 [00:00<00:00, 50.53it/s, S=0.3927, loss=-0.2478]
Epoch 115/150 [train]:  92%|█████████▏| 24/26 [00:00<00:00, 50.53it/s, S=0.3992, loss=-0.2341]
Epoch 115/150 [train]:  92%|█████████▏| 24/26 [00:00<00:00, 50.53it/s, S=0.4022, loss=-0.2601]
                                                                                              
Epoch 115/150  train loss=-0.2467  val loss=-0.2483  S[mean]=0.4101  ζ=0.4704  mean_plane_ζ=0.3609  reg=0.1618  λscale=0.79  lr=2.01e-04

Epoch 116/150 [train]:   0%|          | 0/26 [00:00<?, ?it/s]
Epoch 116/150 [train]:   0%|          | 0/26 [00:00<?, ?it/s, S=0.4029, loss=-0.2558]
Epoch 116/150 [train]:   0%|          | 0/26 [00:00<?, ?it/s, S=0.3979, loss=-0.2519]
Epoch 116/150 [train]:   0%|          | 0/26 [00:00<?, ?it/s, S=0.3989, loss=-0.2541]
Epoch 116/150 [train]:   0%|          | 0/26 [00:00<?, ?it/s, S=0.3971, loss=-0.2369]
Epoch 116/150 [train]:   0%|          | 0/26 [00:00<?, ?it/s, S=0.3995, loss=-0.2525]
Epoch 116/150 [train]:   0%|          | 0/26 [00:00<?, ?it/s, S=0.3997, loss=-0.2345]
Epoch 116/150 [train]:  23%|██▎       | 6/26 [00:00<00:00, 50.71it/s, S=0.3997, loss=-0.2345]
Epoch 116/150 [train]:  23%|██▎       | 6/26 [00:00<00:00, 50.71it/s, S=0.3986, loss=-0.2469]
Epoch 116/150 [train]:  23%|██▎       | 6/26 [00:00<00:00, 50.71it/s, S=0.3983, loss=-0.2493]
Epoch 116/150 [train]:  23%|██▎       | 6/26 [00:00<00:00, 50.71it/s, S=0.3907, loss=-0.2445]
Epoch 116/150 [train]:  23%|██▎       | 6/26 [00:00<00:00, 50.71it/s, S=0.3948, loss=-0.2469]
Epoch 116/150 [train]:  23%|██▎       | 6/26 [00:00<00:00, 50.71it/s, S=0.3986, loss=-0.2451]
Epoch 116/150 [train]:  23%|██▎       | 6/26 [00:00<00:00, 50.71it/s, S=0.3973, loss=-0.2495]
Epoch 116/150 [train]:  46%|████▌     | 12/26 [00:00<00:00, 50.56it/s, S=0.3973, loss=-0.2495]
Epoch 116/150 [train]:  46%|████▌     | 12/26 [00:00<00:00, 50.56it/s, S=0.3977, loss=-0.2461]
Epoch 116/150 [train]:  46%|████▌     | 12/26 [00:00<00:00, 50.56it/s, S=0.4012, loss=-0.2520]
Epoch 116/150 [train]:  46%|████▌     | 12/26 [00:00<00:00, 50.56it/s, S=0.3998, loss=-0.2559]
Epoch 116/150 [train]:  46%|████▌     | 12/26 [00:00<00:00, 50.56it/s, S=0.3979, loss=-0.2478]
Epoch 116/150 [train]:  46%|████▌     | 12/26 [00:00<00:00, 50.56it/s, S=0.3963, loss=-0.2493]
Epoch 116/150 [train]:  46%|████▌     | 12/26 [00:00<00:00, 50.56it/s, S=0.4031, loss=-0.2519]
Epoch 116/150 [train]:  69%|██████▉   | 18/26 [00:00<00:00, 50.57it/s, S=0.4031, loss=-0.2519]
Epoch 116/150 [train]:  69%|██████▉   | 18/26 [00:00<00:00, 50.57it/s, S=0.4006, loss=-0.2463]
Epoch 116/150 [train]:  69%|██████▉   | 18/26 [00:00<00:00, 50.57it/s, S=0.3983, loss=-0.2436]
Epoch 116/150 [train]:  69%|██████▉   | 18/26 [00:00<00:00, 50.57it/s, S=0.4008, loss=-0.2486]
Epoch 116/150 [train]:  69%|██████▉   | 18/26 [00:00<00:00, 50.57it/s, S=0.4007, loss=-0.2517]
Epoch 116/150 [train]:  69%|██████▉   | 18/26 [00:00<00:00, 50.57it/s, S=0.3967, loss=-0.2532]
Epoch 116/150 [train]:  69%|██████▉   | 18/26 [00:00<00:00, 50.57it/s, S=0.3917, loss=-0.2280]
Epoch 116/150 [train]:  92%|█████████▏| 24/26 [00:00<00:00, 50.54it/s, S=0.3917, loss=-0.2280]
Epoch 116/150 [train]:  92%|█████████▏| 24/26 [00:00<00:00, 50.54it/s, S=0.4001, loss=-0.2474]
Epoch 116/150 [train]:  92%|█████████▏| 24/26 [00:00<00:00, 50.54it/s, S=0.4038, loss=-0.2530]
                                                                                              
Epoch 116/150  train loss=-0.2478  val loss=-0.2481  S[mean]=0.4103  ζ=0.4708  mean_plane_ζ=0.3614  reg=0.1622  λscale=0.79  lr=1.92e-04

Epoch 117/150 [train]:   0%|          | 0/26 [00:00<?, ?it/s]
Epoch 117/150 [train]:   0%|          | 0/26 [00:00<?, ?it/s, S=0.4047, loss=-0.2535]
Epoch 117/150 [train]:   0%|          | 0/26 [00:00<?, ?it/s, S=0.3925, loss=-0.2349]
Epoch 117/150 [train]:   0%|          | 0/26 [00:00<?, ?it/s, S=0.4009, loss=-0.2544]
Epoch 117/150 [train]:   0%|          | 0/26 [00:00<?, ?it/s, S=0.4037, loss=-0.2589]
Epoch 117/150 [train]:   0%|          | 0/26 [00:00<?, ?it/s, S=0.4032, loss=-0.2547]
Epoch 117/150 [train]:   0%|          | 0/26 [00:00<?, ?it/s, S=0.3940, loss=-0.2318]
Epoch 117/150 [train]:  23%|██▎       | 6/26 [00:00<00:00, 50.69it/s, S=0.3940, loss=-0.2318]
Epoch 117/150 [train]:  23%|██▎       | 6/26 [00:00<00:00, 50.69it/s, S=0.4026, loss=-0.2520]
Epoch 117/150 [train]:  23%|██▎       | 6/26 [00:00<00:00, 50.69it/s, S=0.3987, loss=-0.2537]
Epoch 117/150 [train]:  23%|██▎       | 6/26 [00:00<00:00, 50.69it/s, S=0.3939, loss=-0.2304]
Epoch 117/150 [train]:  23%|██▎       | 6/26 [00:00<00:00, 50.69it/s, S=0.4027, loss=-0.2440]
Epoch 117/150 [train]:  23%|██▎       | 6/26 [00:00<00:00, 50.69it/s, S=0.3989, loss=-0.2503]
Epoch 117/150 [train]:  23%|██▎       | 6/26 [00:00<00:00, 50.69it/s, S=0.3977, loss=-0.2510]
Epoch 117/150 [train]:  46%|████▌     | 12/26 [00:00<00:00, 50.67it/s, S=0.3977, loss=-0.2510]
Epoch 117/150 [train]:  46%|████▌     | 12/26 [00:00<00:00, 50.67it/s, S=0.3941, loss=-0.2337]
Epoch 117/150 [train]:  46%|████▌     | 12/26 [00:00<00:00, 50.67it/s, S=0.3906, loss=-0.2441]
Epoch 117/150 [train]:  46%|████▌     | 12/26 [00:00<00:00, 50.67it/s, S=0.3922, loss=-0.2453]
Epoch 117/150 [train]:  46%|████▌     | 12/26 [00:00<00:00, 50.67it/s, S=0.4044, loss=-0.2458]
Epoch 117/150 [train]:  46%|████▌     | 12/26 [00:00<00:00, 50.67it/s, S=0.3969, loss=-0.2371]
Epoch 117/150 [train]:  46%|████▌     | 12/26 [00:00<00:00, 50.67it/s, S=0.3924, loss=-0.2373]
Epoch 117/150 [train]:  69%|██████▉   | 18/26 [00:00<00:00, 50.56it/s, S=0.3924, loss=-0.2373]
Epoch 117/150 [train]:  69%|██████▉   | 18/26 [00:00<00:00, 50.56it/s, S=0.4019, loss=-0.2525]
Epoch 117/150 [train]:  69%|██████▉   | 18/26 [00:00<00:00, 50.56it/s, S=0.4002, loss=-0.2571]
Epoch 117/150 [train]:  69%|██████▉   | 18/26 [00:00<00:00, 50.56it/s, S=0.3930, loss=-0.2406]
Epoch 117/150 [train]:  69%|██████▉   | 18/26 [00:00<00:00, 50.56it/s, S=0.4007, loss=-0.2471]
Epoch 117/150 [train]:  69%|██████▉   | 18/26 [00:00<00:00, 50.56it/s, S=0.3958, loss=-0.2440]
Epoch 117/150 [train]:  69%|██████▉   | 18/26 [00:00<00:00, 50.56it/s, S=0.3921, loss=-0.2238]
Epoch 117/150 [train]:  92%|█████████▏| 24/26 [00:00<00:00, 50.61it/s, S=0.3921, loss=-0.2238]
Epoch 117/150 [train]:  92%|█████████▏| 24/26 [00:00<00:00, 50.61it/s, S=0.3984, loss=-0.2525]
Epoch 117/150 [train]:  92%|█████████▏| 24/26 [00:00<00:00, 50.61it/s, S=0.3930, loss=-0.2346]
                                                                                              
Epoch 117/150  train loss=-0.2448  val loss=-0.2469  S[mean]=0.4098  ζ=0.4701  mean_plane_ζ=0.3610  reg=0.1629  λscale=0.80  lr=1.82e-04

Epoch 118/150 [train]:   0%|          | 0/26 [00:00<?, ?it/s]
Epoch 118/150 [train]:   0%|          | 0/26 [00:00<?, ?it/s, S=0.4027, loss=-0.2531]
Epoch 118/150 [train]:   0%|          | 0/26 [00:00<?, ?it/s, S=0.3995, loss=-0.2459]
Epoch 118/150 [train]:   0%|          | 0/26 [00:00<?, ?it/s, S=0.4015, loss=-0.2494]
Epoch 118/150 [train]:   0%|          | 0/26 [00:00<?, ?it/s, S=0.4010, loss=-0.2469]
Epoch 118/150 [train]:   0%|          | 0/26 [00:00<?, ?it/s, S=0.3940, loss=-0.2265]
Epoch 118/150 [train]:   0%|          | 0/26 [00:00<?, ?it/s, S=0.3946, loss=-0.2373]
Epoch 118/150 [train]:  23%|██▎       | 6/26 [00:00<00:00, 50.67it/s, S=0.3946, loss=-0.2373]
Epoch 118/150 [train]:  23%|██▎       | 6/26 [00:00<00:00, 50.67it/s, S=0.3981, loss=-0.2478]
Epoch 118/150 [train]:  23%|██▎       | 6/26 [00:00<00:00, 50.67it/s, S=0.3972, loss=-0.2385]
Epoch 118/150 [train]:  23%|██▎       | 6/26 [00:00<00:00, 50.67it/s, S=0.3958, loss=-0.2373]
Epoch 118/150 [train]:  23%|██▎       | 6/26 [00:00<00:00, 50.67it/s, S=0.3989, loss=-0.2526]
Epoch 118/150 [train]:  23%|██▎       | 6/26 [00:00<00:00, 50.67it/s, S=0.3936, loss=-0.2418]
Epoch 118/150 [train]:  23%|██▎       | 6/26 [00:00<00:00, 50.67it/s, S=0.3922, loss=-0.2418]
Epoch 118/150 [train]:  46%|████▌     | 12/26 [00:00<00:00, 50.59it/s, S=0.3922, loss=-0.2418]
Epoch 118/150 [train]:  46%|████▌     | 12/26 [00:00<00:00, 50.59it/s, S=0.3995, loss=-0.2459]
Epoch 118/150 [train]:  46%|████▌     | 12/26 [00:00<00:00, 50.59it/s, S=0.3907, loss=-0.2412]
Epoch 118/150 [train]:  46%|████▌     | 12/26 [00:00<00:00, 50.59it/s, S=0.3938, loss=-0.2430]
Epoch 118/150 [train]:  46%|████▌     | 12/26 [00:00<00:00, 50.59it/s, S=0.3977, loss=-0.2343]
Epoch 118/150 [train]:  46%|████▌     | 12/26 [00:00<00:00, 50.59it/s, S=0.3957, loss=-0.2422]
Epoch 118/150 [train]:  46%|████▌     | 12/26 [00:00<00:00, 50.59it/s, S=0.3915, loss=-0.2177]
Epoch 118/150 [train]:  69%|██████▉   | 18/26 [00:00<00:00, 50.56it/s, S=0.3915, loss=-0.2177]
Epoch 118/150 [train]:  69%|██████▉   | 18/26 [00:00<00:00, 50.56it/s, S=0.3977, loss=-0.2478]
Epoch 118/150 [train]:  69%|██████▉   | 18/26 [00:00<00:00, 50.56it/s, S=0.3973, loss=-0.2462]
Epoch 118/150 [train]:  69%|██████▉   | 18/26 [00:00<00:00, 50.56it/s, S=0.3945, loss=-0.2374]
Epoch 118/150 [train]:  69%|██████▉   | 18/26 [00:00<00:00, 50.56it/s, S=0.3971, loss=-0.2449]
Epoch 118/150 [train]:  69%|██████▉   | 18/26 [00:00<00:00, 50.56it/s, S=0.3984, loss=-0.2349]
Epoch 118/150 [train]:  69%|██████▉   | 18/26 [00:00<00:00, 50.56it/s, S=0.3907, loss=-0.2187]
Epoch 118/150 [train]:  92%|█████████▏| 24/26 [00:00<00:00, 50.54it/s, S=0.3907, loss=-0.2187]
Epoch 118/150 [train]:  92%|█████████▏| 24/26 [00:00<00:00, 50.54it/s, S=0.3954, loss=-0.2322]
Epoch 118/150 [train]:  92%|█████████▏| 24/26 [00:00<00:00, 50.54it/s, S=0.3988, loss=-0.2444]
                                                                                              
Epoch 118/150  train loss=-0.2404  val loss=-0.2468  S[mean]=0.4099  ζ=0.4701  mean_plane_ζ=0.3611  reg=0.1630  λscale=0.81  lr=1.73e-04

Epoch 119/150 [train]:   0%|          | 0/26 [00:00<?, ?it/s]
Epoch 119/150 [train]:   0%|          | 0/26 [00:00<?, ?it/s, S=0.3988, loss=-0.2502]
Epoch 119/150 [train]:   0%|          | 0/26 [00:00<?, ?it/s, S=0.3964, loss=-0.2314]
Epoch 119/150 [train]:   0%|          | 0/26 [00:00<?, ?it/s, S=0.3946, loss=-0.2430]
Epoch 119/150 [train]:   0%|          | 0/26 [00:00<?, ?it/s, S=0.3958, loss=-0.2454]
Epoch 119/150 [train]:   0%|          | 0/26 [00:00<?, ?it/s, S=0.3963, loss=-0.2385]
Epoch 119/150 [train]:   0%|          | 0/26 [00:00<?, ?it/s, S=0.3987, loss=-0.2527]
Epoch 119/150 [train]:  23%|██▎       | 6/26 [00:00<00:00, 50.78it/s, S=0.3987, loss=-0.2527]
Epoch 119/150 [train]:  23%|██▎       | 6/26 [00:00<00:00, 50.78it/s, S=0.3997, loss=-0.2434]
Epoch 119/150 [train]:  23%|██▎       | 6/26 [00:00<00:00, 50.78it/s, S=0.4026, loss=-0.2537]
Epoch 119/150 [train]:  23%|██▎       | 6/26 [00:00<00:00, 50.78it/s, S=0.4026, loss=-0.2503]
Epoch 119/150 [train]:  23%|██▎       | 6/26 [00:00<00:00, 50.78it/s, S=0.4000, loss=-0.2502]
Epoch 119/150 [train]:  23%|██▎       | 6/26 [00:00<00:00, 50.78it/s, S=0.3967, loss=-0.2394]
Epoch 119/150 [train]:  23%|██▎       | 6/26 [00:00<00:00, 50.78it/s, S=0.3923, loss=-0.2412]
Epoch 119/150 [train]:  46%|████▌     | 12/26 [00:00<00:00, 50.58it/s, S=0.3923, loss=-0.2412]
Epoch 119/150 [train]:  46%|████▌     | 12/26 [00:00<00:00, 50.58it/s, S=0.4036, loss=-0.2491]
Epoch 119/150 [train]:  46%|████▌     | 12/26 [00:00<00:00, 50.58it/s, S=0.3937, loss=-0.2453]
Epoch 119/150 [train]:  46%|████▌     | 12/26 [00:00<00:00, 50.58it/s, S=0.3984, loss=-0.2392]
Epoch 119/150 [train]:  46%|████▌     | 12/26 [00:00<00:00, 50.58it/s, S=0.3957, loss=-0.2313]
Epoch 119/150 [train]:  46%|████▌     | 12/26 [00:00<00:00, 50.58it/s, S=0.3945, loss=-0.2383]
Epoch 119/150 [train]:  46%|████▌     | 12/26 [00:00<00:00, 50.58it/s, S=0.3974, loss=-0.2432]
Epoch 119/150 [train]:  69%|██████▉   | 18/26 [00:00<00:00, 50.56it/s, S=0.3974, loss=-0.2432]
Epoch 119/150 [train]:  69%|██████▉   | 18/26 [00:00<00:00, 50.56it/s, S=0.3990, loss=-0.2453]
Epoch 119/150 [train]:  69%|██████▉   | 18/26 [00:00<00:00, 50.56it/s, S=0.4006, loss=-0.2523]
Epoch 119/150 [train]:  69%|██████▉   | 18/26 [00:00<00:00, 50.56it/s, S=0.3966, loss=-0.2368]
Epoch 119/150 [train]:  69%|██████▉   | 18/26 [00:00<00:00, 50.56it/s, S=0.3977, loss=-0.2467]
Epoch 119/150 [train]:  69%|██████▉   | 18/26 [00:00<00:00, 50.56it/s, S=0.4007, loss=-0.2487]
Epoch 119/150 [train]:  69%|██████▉   | 18/26 [00:00<00:00, 50.56it/s, S=0.3987, loss=-0.2515]
Epoch 119/150 [train]:  92%|█████████▏| 24/26 [00:00<00:00, 50.55it/s, S=0.3987, loss=-0.2515]
Epoch 119/150 [train]:  92%|█████████▏| 24/26 [00:00<00:00, 50.55it/s, S=0.3928, loss=-0.2301]
Epoch 119/150 [train]:  92%|█████████▏| 24/26 [00:00<00:00, 50.55it/s, S=0.3976, loss=-0.2531]
                                                                                              
Epoch 119/150  train loss=-0.2442  val loss=-0.2460  S[mean]=0.4092  ζ=0.4699  mean_plane_ζ=0.3612  reg=0.1632  λscale=0.81  lr=1.63e-04

Epoch 120/150 [train]:   0%|          | 0/26 [00:00<?, ?it/s]
Epoch 120/150 [train]:   0%|          | 0/26 [00:00<?, ?it/s, S=0.3980, loss=-0.2265]
Epoch 120/150 [train]:   0%|          | 0/26 [00:00<?, ?it/s, S=0.3974, loss=-0.2452]
Epoch 120/150 [train]:   0%|          | 0/26 [00:00<?, ?it/s, S=0.4007, loss=-0.2436]
Epoch 120/150 [train]:   0%|          | 0/26 [00:00<?, ?it/s, S=0.3921, loss=-0.2365]
Epoch 120/150 [train]:   0%|          | 0/26 [00:00<?, ?it/s, S=0.3933, loss=-0.2385]
Epoch 120/150 [train]:   0%|          | 0/26 [00:00<?, ?it/s, S=0.3997, loss=-0.2500]
Epoch 120/150 [train]:  23%|██▎       | 6/26 [00:00<00:00, 50.65it/s, S=0.3997, loss=-0.2500]
Epoch 120/150 [train]:  23%|██▎       | 6/26 [00:00<00:00, 50.65it/s, S=0.3945, loss=-0.2360]
Epoch 120/150 [train]:  23%|██▎       | 6/26 [00:00<00:00, 50.65it/s, S=0.4057, loss=-0.2506]
Epoch 120/150 [train]:  23%|██▎       | 6/26 [00:00<00:00, 50.65it/s, S=0.3975, loss=-0.2315]
Epoch 120/150 [train]:  23%|██▎       | 6/26 [00:00<00:00, 50.65it/s, S=0.3996, loss=-0.2552]
Epoch 120/150 [train]:  23%|██▎       | 6/26 [00:00<00:00, 50.65it/s, S=0.3925, loss=-0.2421]
Epoch 120/150 [train]:  23%|██▎       | 6/26 [00:00<00:00, 50.65it/s, S=0.3917, loss=-0.2311]
Epoch 120/150 [train]:  46%|████▌     | 12/26 [00:00<00:00, 50.54it/s, S=0.3917, loss=-0.2311]
Epoch 120/150 [train]:  46%|████▌     | 12/26 [00:00<00:00, 50.54it/s, S=0.3976, loss=-0.2489]
Epoch 120/150 [train]:  46%|████▌     | 12/26 [00:00<00:00, 50.54it/s, S=0.3892, loss=-0.2330]
Epoch 120/150 [train]:  46%|████▌     | 12/26 [00:00<00:00, 50.54it/s, S=0.3971, loss=-0.2425]
Epoch 120/150 [train]:  46%|████▌     | 12/26 [00:00<00:00, 50.54it/s, S=0.4021, loss=-0.2565]
Epoch 120/150 [train]:  46%|████▌     | 12/26 [00:00<00:00, 50.54it/s, S=0.4002, loss=-0.2458]
Epoch 120/150 [train]:  46%|████▌     | 12/26 [00:00<00:00, 50.54it/s, S=0.3963, loss=-0.2414]
Epoch 120/150 [train]:  69%|██████▉   | 18/26 [00:00<00:00, 50.53it/s, S=0.3963, loss=-0.2414]
Epoch 120/150 [train]:  69%|██████▉   | 18/26 [00:00<00:00, 50.53it/s, S=0.3999, loss=-0.2486]
Epoch 120/150 [train]:  69%|██████▉   | 18/26 [00:00<00:00, 50.53it/s, S=0.3904, loss=-0.2238]
Epoch 120/150 [train]:  69%|██████▉   | 18/26 [00:00<00:00, 50.53it/s, S=0.3995, loss=-0.2526]
Epoch 120/150 [train]:  69%|██████▉   | 18/26 [00:00<00:00, 50.53it/s, S=0.3972, loss=-0.2411]
Epoch 120/150 [train]:  69%|██████▉   | 18/26 [00:00<00:00, 50.53it/s, S=0.3906, loss=-0.2321]
Epoch 120/150 [train]:  69%|██████▉   | 18/26 [00:00<00:00, 50.53it/s, S=0.3991, loss=-0.2356]
Epoch 120/150 [train]:  92%|█████████▏| 24/26 [00:00<00:00, 50.49it/s, S=0.3991, loss=-0.2356]
Epoch 120/150 [train]:  92%|█████████▏| 24/26 [00:00<00:00, 50.49it/s, S=0.3917, loss=-0.2365]
Epoch 120/150 [train]:  92%|█████████▏| 24/26 [00:00<00:00, 50.49it/s, S=0.3983, loss=-0.2310]
                                                                                              
Epoch 120/150  train loss=-0.2406  val loss=-0.2453  S[mean]=0.4094  ζ=0.4703  mean_plane_ζ=0.3614  reg=0.1640  λscale=0.82  lr=1.54e-04

Epoch 121/150 [train]:   0%|          | 0/26 [00:00<?, ?it/s]
Epoch 121/150 [train]:   0%|          | 0/26 [00:00<?, ?it/s, S=0.4024, loss=-0.2492]
Epoch 121/150 [train]:   0%|          | 0/26 [00:00<?, ?it/s, S=0.4001, loss=-0.2509]
Epoch 121/150 [train]:   0%|          | 0/26 [00:00<?, ?it/s, S=0.3989, loss=-0.2465]
Epoch 121/150 [train]:   0%|          | 0/26 [00:00<?, ?it/s, S=0.3944, loss=-0.2443]
Epoch 121/150 [train]:   0%|          | 0/26 [00:00<?, ?it/s, S=0.4013, loss=-0.2479]
Epoch 121/150 [train]:   0%|          | 0/26 [00:00<?, ?it/s, S=0.3940, loss=-0.2380]
Epoch 121/150 [train]:  23%|██▎       | 6/26 [00:00<00:00, 50.61it/s, S=0.3940, loss=-0.2380]
Epoch 121/150 [train]:  23%|██▎       | 6/26 [00:00<00:00, 50.61it/s, S=0.4014, loss=-0.2510]
Epoch 121/150 [train]:  23%|██▎       | 6/26 [00:00<00:00, 50.61it/s, S=0.3926, loss=-0.2330]
Epoch 121/150 [train]:  23%|██▎       | 6/26 [00:00<00:00, 50.61it/s, S=0.3976, loss=-0.2367]
Epoch 121/150 [train]:  23%|██▎       | 6/26 [00:00<00:00, 50.61it/s, S=0.4001, loss=-0.2487]
Epoch 121/150 [train]:  23%|██▎       | 6/26 [00:00<00:00, 50.61it/s, S=0.4020, loss=-0.2443]
Epoch 121/150 [train]:  23%|██▎       | 6/26 [00:00<00:00, 50.61it/s, S=0.3946, loss=-0.2422]
Epoch 121/150 [train]:  46%|████▌     | 12/26 [00:00<00:00, 50.52it/s, S=0.3946, loss=-0.2422]
Epoch 121/150 [train]:  46%|████▌     | 12/26 [00:00<00:00, 50.52it/s, S=0.3969, loss=-0.2348]
Epoch 121/150 [train]:  46%|████▌     | 12/26 [00:00<00:00, 50.52it/s, S=0.4022, loss=-0.2528]
Epoch 121/150 [train]:  46%|████▌     | 12/26 [00:00<00:00, 50.52it/s, S=0.3932, loss=-0.2416]
Epoch 121/150 [train]:  46%|████▌     | 12/26 [00:00<00:00, 50.52it/s, S=0.3994, loss=-0.2465]
Epoch 121/150 [train]:  46%|████▌     | 12/26 [00:00<00:00, 50.52it/s, S=0.3940, loss=-0.2366]
Epoch 121/150 [train]:  46%|████▌     | 12/26 [00:00<00:00, 50.52it/s, S=0.4022, loss=-0.2505]
Epoch 121/150 [train]:  69%|██████▉   | 18/26 [00:00<00:00, 50.52it/s, S=0.4022, loss=-0.2505]
Epoch 121/150 [train]:  69%|██████▉   | 18/26 [00:00<00:00, 50.52it/s, S=0.3937, loss=-0.2320]
Epoch 121/150 [train]:  69%|██████▉   | 18/26 [00:00<00:00, 50.52it/s, S=0.3844, loss=-0.2144]
Epoch 121/150 [train]:  69%|██████▉   | 18/26 [00:00<00:00, 50.52it/s, S=0.3937, loss=-0.2404]
Epoch 121/150 [train]:  69%|██████▉   | 18/26 [00:00<00:00, 50.52it/s, S=0.3909, loss=-0.2284]
Epoch 121/150 [train]:  69%|██████▉   | 18/26 [00:00<00:00, 50.52it/s, S=0.3932, loss=-0.2332]
Epoch 121/150 [train]:  69%|██████▉   | 18/26 [00:00<00:00, 50.52it/s, S=0.3921, loss=-0.2378]
Epoch 121/150 [train]:  92%|█████████▏| 24/26 [00:00<00:00, 50.47it/s, S=0.3921, loss=-0.2378]
Epoch 121/150 [train]:  92%|█████████▏| 24/26 [00:00<00:00, 50.47it/s, S=0.3950, loss=-0.2495]
Epoch 121/150 [train]:  92%|█████████▏| 24/26 [00:00<00:00, 50.47it/s, S=0.3983, loss=-0.2451]
                                                                                              
Epoch 121/150  train loss=-0.2414  val loss=-0.2450  S[mean]=0.4092  ζ=0.4697  mean_plane_ζ=0.3611  reg=0.1642  λscale=0.82  lr=1.45e-04

Epoch 122/150 [train]:   0%|          | 0/26 [00:00<?, ?it/s]
Epoch 122/150 [train]:   0%|          | 0/26 [00:00<?, ?it/s, S=0.3996, loss=-0.2411]
Epoch 122/150 [train]:   0%|          | 0/26 [00:00<?, ?it/s, S=0.4007, loss=-0.2415]
Epoch 122/150 [train]:   0%|          | 0/26 [00:00<?, ?it/s, S=0.3978, loss=-0.2289]
Epoch 122/150 [train]:   0%|          | 0/26 [00:00<?, ?it/s, S=0.3948, loss=-0.2434]
Epoch 122/150 [train]:   0%|          | 0/26 [00:00<?, ?it/s, S=0.4011, loss=-0.2457]
Epoch 122/150 [train]:   0%|          | 0/26 [00:00<?, ?it/s, S=0.3962, loss=-0.2461]
Epoch 122/150 [train]:  23%|██▎       | 6/26 [00:00<00:00, 50.68it/s, S=0.3962, loss=-0.2461]
Epoch 122/150 [train]:  23%|██▎       | 6/26 [00:00<00:00, 50.68it/s, S=0.3992, loss=-0.2527]
Epoch 122/150 [train]:  23%|██▎       | 6/26 [00:00<00:00, 50.68it/s, S=0.3990, loss=-0.2499]
Epoch 122/150 [train]:  23%|██▎       | 6/26 [00:00<00:00, 50.68it/s, S=0.3981, loss=-0.2469]
Epoch 122/150 [train]:  23%|██▎       | 6/26 [00:00<00:00, 50.68it/s, S=0.3996, loss=-0.2489]
Epoch 122/150 [train]:  23%|██▎       | 6/26 [00:00<00:00, 50.68it/s, S=0.3928, loss=-0.2301]
Epoch 122/150 [train]:  23%|██▎       | 6/26 [00:00<00:00, 50.68it/s, S=0.4026, loss=-0.2552]
Epoch 122/150 [train]:  46%|████▌     | 12/26 [00:00<00:00, 50.45it/s, S=0.4026, loss=-0.2552]
Epoch 122/150 [train]:  46%|████▌     | 12/26 [00:00<00:00, 50.45it/s, S=0.4025, loss=-0.2493]
Epoch 122/150 [train]:  46%|████▌     | 12/26 [00:00<00:00, 50.45it/s, S=0.3941, loss=-0.2462]
Epoch 122/150 [train]:  46%|████▌     | 12/26 [00:00<00:00, 50.45it/s, S=0.3944, loss=-0.2417]
Epoch 122/150 [train]:  46%|████▌     | 12/26 [00:00<00:00, 50.45it/s, S=0.3999, loss=-0.2429]
Epoch 122/150 [train]:  46%|████▌     | 12/26 [00:00<00:00, 50.45it/s, S=0.3996, loss=-0.2498]
Epoch 122/150 [train]:  46%|████▌     | 12/26 [00:00<00:00, 50.45it/s, S=0.3907, loss=-0.2386]
Epoch 122/150 [train]:  69%|██████▉   | 18/26 [00:00<00:00, 50.48it/s, S=0.3907, loss=-0.2386]
Epoch 122/150 [train]:  69%|██████▉   | 18/26 [00:00<00:00, 50.48it/s, S=0.3973, loss=-0.2414]
Epoch 122/150 [train]:  69%|██████▉   | 18/26 [00:00<00:00, 50.48it/s, S=0.3883, loss=-0.2364]
Epoch 122/150 [train]:  69%|██████▉   | 18/26 [00:00<00:00, 50.48it/s, S=0.3958, loss=-0.2388]
Epoch 122/150 [train]:  69%|██████▉   | 18/26 [00:00<00:00, 50.48it/s, S=0.3954, loss=-0.2435]
Epoch 122/150 [train]:  69%|██████▉   | 18/26 [00:00<00:00, 50.48it/s, S=0.3966, loss=-0.2430]
Epoch 122/150 [train]:  69%|██████▉   | 18/26 [00:00<00:00, 50.48it/s, S=0.3974, loss=-0.2452]
Epoch 122/150 [train]:  92%|█████████▏| 24/26 [00:00<00:00, 50.46it/s, S=0.3974, loss=-0.2452]
Epoch 122/150 [train]:  92%|█████████▏| 24/26 [00:00<00:00, 50.46it/s, S=0.3942, loss=-0.2366]
Epoch 122/150 [train]:  92%|█████████▏| 24/26 [00:00<00:00, 50.46it/s, S=0.3921, loss=-0.2427]
                                                                                              
Epoch 122/150  train loss=-0.2433  val loss=-0.2443  S[mean]=0.4089  ζ=0.4701  mean_plane_ζ=0.3616  reg=0.1645  λscale=0.83  lr=1.37e-04

Epoch 123/150 [train]:   0%|          | 0/26 [00:00<?, ?it/s]
Epoch 123/150 [train]:   0%|          | 0/26 [00:00<?, ?it/s, S=0.3959, loss=-0.2431]
Epoch 123/150 [train]:   0%|          | 0/26 [00:00<?, ?it/s, S=0.4006, loss=-0.2459]
Epoch 123/150 [train]:   0%|          | 0/26 [00:00<?, ?it/s, S=0.3947, loss=-0.2287]
Epoch 123/150 [train]:   0%|          | 0/26 [00:00<?, ?it/s, S=0.3966, loss=-0.2414]
Epoch 123/150 [train]:   0%|          | 0/26 [00:00<?, ?it/s, S=0.3987, loss=-0.2491]
Epoch 123/150 [train]:   0%|          | 0/26 [00:00<?, ?it/s, S=0.3928, loss=-0.2403]
Epoch 123/150 [train]:  23%|██▎       | 6/26 [00:00<00:00, 50.66it/s, S=0.3928, loss=-0.2403]
Epoch 123/150 [train]:  23%|██▎       | 6/26 [00:00<00:00, 50.66it/s, S=0.4011, loss=-0.2535]
Epoch 123/150 [train]:  23%|██▎       | 6/26 [00:00<00:00, 50.66it/s, S=0.3893, loss=-0.2384]
Epoch 123/150 [train]:  23%|██▎       | 6/26 [00:00<00:00, 50.66it/s, S=0.3941, loss=-0.2273]
Epoch 123/150 [train]:  23%|██▎       | 6/26 [00:00<00:00, 50.66it/s, S=0.3999, loss=-0.2502]
Epoch 123/150 [train]:  23%|██▎       | 6/26 [00:00<00:00, 50.66it/s, S=0.3924, loss=-0.2388]
Epoch 123/150 [train]:  23%|██▎       | 6/26 [00:00<00:00, 50.66it/s, S=0.4040, loss=-0.2532]
Epoch 123/150 [train]:  46%|████▌     | 12/26 [00:00<00:00, 50.57it/s, S=0.4040, loss=-0.2532]
Epoch 123/150 [train]:  46%|████▌     | 12/26 [00:00<00:00, 50.57it/s, S=0.3975, loss=-0.2483]
Epoch 123/150 [train]:  46%|████▌     | 12/26 [00:00<00:00, 50.57it/s, S=0.3968, loss=-0.2400]
Epoch 123/150 [train]:  46%|████▌     | 12/26 [00:00<00:00, 50.57it/s, S=0.3988, loss=-0.2457]
Epoch 123/150 [train]:  46%|████▌     | 12/26 [00:00<00:00, 50.57it/s, S=0.3958, loss=-0.2430]
Epoch 123/150 [train]:  46%|████▌     | 12/26 [00:00<00:00, 50.57it/s, S=0.4003, loss=-0.2513]
Epoch 123/150 [train]:  46%|████▌     | 12/26 [00:00<00:00, 50.57it/s, S=0.4014, loss=-0.2464]
Epoch 123/150 [train]:  69%|██████▉   | 18/26 [00:00<00:00, 50.55it/s, S=0.4014, loss=-0.2464]
Epoch 123/150 [train]:  69%|██████▉   | 18/26 [00:00<00:00, 50.55it/s, S=0.3961, loss=-0.2503]
Epoch 123/150 [train]:  69%|██████▉   | 18/26 [00:00<00:00, 50.55it/s, S=0.3912, loss=-0.2407]
Epoch 123/150 [train]:  69%|██████▉   | 18/26 [00:00<00:00, 50.55it/s, S=0.3936, loss=-0.2385]
Epoch 123/150 [train]:  69%|██████▉   | 18/26 [00:00<00:00, 50.55it/s, S=0.3913, loss=-0.2266]
Epoch 123/150 [train]:  69%|██████▉   | 18/26 [00:00<00:00, 50.55it/s, S=0.3992, loss=-0.2449]
Epoch 123/150 [train]:  69%|██████▉   | 18/26 [00:00<00:00, 50.55it/s, S=0.3965, loss=-0.2400]
Epoch 123/150 [train]:  92%|█████████▏| 24/26 [00:00<00:00, 50.62it/s, S=0.3965, loss=-0.2400]
Epoch 123/150 [train]:  92%|█████████▏| 24/26 [00:00<00:00, 50.62it/s, S=0.3997, loss=-0.2481]
Epoch 123/150 [train]:  92%|█████████▏| 24/26 [00:00<00:00, 50.62it/s, S=0.4022, loss=-0.2501]
                                                                                              
Epoch 123/150  train loss=-0.2432  val loss=-0.2437  S[mean]=0.4090  ζ=0.4700  mean_plane_ζ=0.3615  reg=0.1652  λscale=0.84  lr=1.28e-04

Epoch 124/150 [train]:   0%|          | 0/26 [00:00<?, ?it/s]
Epoch 124/150 [train]:   0%|          | 0/26 [00:00<?, ?it/s, S=0.3901, loss=-0.2295]
Epoch 124/150 [train]:   0%|          | 0/26 [00:00<?, ?it/s, S=0.3942, loss=-0.2286]
Epoch 124/150 [train]:   0%|          | 0/26 [00:00<?, ?it/s, S=0.3971, loss=-0.2480]
Epoch 124/150 [train]:   0%|          | 0/26 [00:00<?, ?it/s, S=0.3973, loss=-0.2472]
Epoch 124/150 [train]:   0%|          | 0/26 [00:00<?, ?it/s, S=0.3999, loss=-0.2302]
Epoch 124/150 [train]:   0%|          | 0/26 [00:00<?, ?it/s, S=0.3965, loss=-0.2315]
Epoch 124/150 [train]:  23%|██▎       | 6/26 [00:00<00:00, 50.63it/s, S=0.3965, loss=-0.2315]
Epoch 124/150 [train]:  23%|██▎       | 6/26 [00:00<00:00, 50.63it/s, S=0.3963, loss=-0.2451]
Epoch 124/150 [train]:  23%|██▎       | 6/26 [00:00<00:00, 50.63it/s, S=0.3919, loss=-0.2278]
Epoch 124/150 [train]:  23%|██▎       | 6/26 [00:00<00:00, 50.63it/s, S=0.3964, loss=-0.2450]
Epoch 124/150 [train]:  23%|██▎       | 6/26 [00:00<00:00, 50.63it/s, S=0.3953, loss=-0.2348]
Epoch 124/150 [train]:  23%|██▎       | 6/26 [00:00<00:00, 50.63it/s, S=0.3884, loss=-0.2336]
Epoch 124/150 [train]:  23%|██▎       | 6/26 [00:00<00:00, 50.63it/s, S=0.3969, loss=-0.2487]
Epoch 124/150 [train]:  46%|████▌     | 12/26 [00:00<00:00, 50.55it/s, S=0.3969, loss=-0.2487]
Epoch 124/150 [train]:  46%|████▌     | 12/26 [00:00<00:00, 50.55it/s, S=0.3976, loss=-0.2410]
Epoch 124/150 [train]:  46%|████▌     | 12/26 [00:00<00:00, 50.55it/s, S=0.3937, loss=-0.2484]
Epoch 124/150 [train]:  46%|████▌     | 12/26 [00:00<00:00, 50.55it/s, S=0.4034, loss=-0.2528]
Epoch 124/150 [train]:  46%|████▌     | 12/26 [00:00<00:00, 50.55it/s, S=0.4045, loss=-0.2503]
Epoch 124/150 [train]:  46%|████▌     | 12/26 [00:00<00:00, 50.55it/s, S=0.3962, loss=-0.2502]
Epoch 124/150 [train]:  46%|████▌     | 12/26 [00:00<00:00, 50.55it/s, S=0.3975, loss=-0.2457]
Epoch 124/150 [train]:  69%|██████▉   | 18/26 [00:00<00:00, 50.53it/s, S=0.3975, loss=-0.2457]
Epoch 124/150 [train]:  69%|██████▉   | 18/26 [00:00<00:00, 50.53it/s, S=0.3953, loss=-0.2328]
Epoch 124/150 [train]:  69%|██████▉   | 18/26 [00:00<00:00, 50.53it/s, S=0.4024, loss=-0.2493]
Epoch 124/150 [train]:  69%|██████▉   | 18/26 [00:00<00:00, 50.53it/s, S=0.4006, loss=-0.2417]
Epoch 124/150 [train]:  69%|██████▉   | 18/26 [00:00<00:00, 50.53it/s, S=0.3976, loss=-0.2414]
Epoch 124/150 [train]:  69%|██████▉   | 18/26 [00:00<00:00, 50.53it/s, S=0.3919, loss=-0.2192]
Epoch 124/150 [train]:  69%|██████▉   | 18/26 [00:00<00:00, 50.53it/s, S=0.3934, loss=-0.2442]
Epoch 124/150 [train]:  92%|█████████▏| 24/26 [00:00<00:00, 50.58it/s, S=0.3934, loss=-0.2442]
Epoch 124/150 [train]:  92%|█████████▏| 24/26 [00:00<00:00, 50.58it/s, S=0.4021, loss=-0.2466]
Epoch 124/150 [train]:  92%|█████████▏| 24/26 [00:00<00:00, 50.58it/s, S=0.3942, loss=-0.2451]
                                                                                              
Epoch 124/150  train loss=-0.2407  val loss=-0.2430  S[mean]=0.4090  ζ=0.4700  mean_plane_ζ=0.3614  reg=0.1660  λscale=0.84  lr=1.19e-04

Epoch 125/150 [train]:   0%|          | 0/26 [00:00<?, ?it/s]
Epoch 125/150 [train]:   0%|          | 0/26 [00:00<?, ?it/s, S=0.3986, loss=-0.2486]
Epoch 125/150 [train]:   0%|          | 0/26 [00:00<?, ?it/s, S=0.4007, loss=-0.2472]
Epoch 125/150 [train]:   0%|          | 0/26 [00:00<?, ?it/s, S=0.3962, loss=-0.2383]
Epoch 125/150 [train]:   0%|          | 0/26 [00:00<?, ?it/s, S=0.3990, loss=-0.2407]
Epoch 125/150 [train]:   0%|          | 0/26 [00:00<?, ?it/s, S=0.3983, loss=-0.2477]
Epoch 125/150 [train]:   0%|          | 0/26 [00:00<?, ?it/s, S=0.3954, loss=-0.2373]
Epoch 125/150 [train]:  23%|██▎       | 6/26 [00:00<00:00, 50.68it/s, S=0.3954, loss=-0.2373]
Epoch 125/150 [train]:  23%|██▎       | 6/26 [00:00<00:00, 50.68it/s, S=0.4067, loss=-0.2520]
Epoch 125/150 [train]:  23%|██▎       | 6/26 [00:00<00:00, 50.68it/s, S=0.4009, loss=-0.2475]
Epoch 125/150 [train]:  23%|██▎       | 6/26 [00:00<00:00, 50.68it/s, S=0.3881, loss=-0.2333]
Epoch 125/150 [train]:  23%|██▎       | 6/26 [00:00<00:00, 50.68it/s, S=0.3942, loss=-0.2425]
Epoch 125/150 [train]:  23%|██▎       | 6/26 [00:00<00:00, 50.68it/s, S=0.3953, loss=-0.2339]
Epoch 125/150 [train]:  23%|██▎       | 6/26 [00:00<00:00, 50.68it/s, S=0.3972, loss=-0.2350]
Epoch 125/150 [train]:  46%|████▌     | 12/26 [00:00<00:00, 50.59it/s, S=0.3972, loss=-0.2350]
Epoch 125/150 [train]:  46%|████▌     | 12/26 [00:00<00:00, 50.59it/s, S=0.3986, loss=-0.2468]
Epoch 125/150 [train]:  46%|████▌     | 12/26 [00:00<00:00, 50.59it/s, S=0.3940, loss=-0.2390]
Epoch 125/150 [train]:  46%|████▌     | 12/26 [00:00<00:00, 50.59it/s, S=0.3992, loss=-0.2440]
Epoch 125/150 [train]:  46%|████▌     | 12/26 [00:00<00:00, 50.59it/s, S=0.4036, loss=-0.2519]
Epoch 125/150 [train]:  46%|████▌     | 12/26 [00:00<00:00, 50.59it/s, S=0.3935, loss=-0.2277]
Epoch 125/150 [train]:  46%|████▌     | 12/26 [00:00<00:00, 50.59it/s, S=0.3990, loss=-0.2422]
Epoch 125/150 [train]:  69%|██████▉   | 18/26 [00:00<00:00, 50.50it/s, S=0.3990, loss=-0.2422]
Epoch 125/150 [train]:  69%|██████▉   | 18/26 [00:00<00:00, 50.50it/s, S=0.3966, loss=-0.2448]
Epoch 125/150 [train]:  69%|██████▉   | 18/26 [00:00<00:00, 50.50it/s, S=0.4002, loss=-0.2451]
Epoch 125/150 [train]:  69%|██████▉   | 18/26 [00:00<00:00, 50.50it/s, S=0.3963, loss=-0.2415]
Epoch 125/150 [train]:  69%|██████▉   | 18/26 [00:00<00:00, 50.50it/s, S=0.3968, loss=-0.2376]
Epoch 125/150 [train]:  69%|██████▉   | 18/26 [00:00<00:00, 50.50it/s, S=0.3883, loss=-0.2280]
Epoch 125/150 [train]:  69%|██████▉   | 18/26 [00:00<00:00, 50.50it/s, S=0.3928, loss=-0.2188]
Epoch 125/150 [train]:  92%|█████████▏| 24/26 [00:00<00:00, 50.51it/s, S=0.3928, loss=-0.2188]
Epoch 125/150 [train]:  92%|█████████▏| 24/26 [00:00<00:00, 50.51it/s, S=0.4010, loss=-0.2511]
Epoch 125/150 [train]:  92%|█████████▏| 24/26 [00:00<00:00, 50.51it/s, S=0.3933, loss=-0.2393]
                                                                                              
Epoch 125/150  train loss=-0.2408  val loss=-0.2425  S[mean]=0.4089  ζ=0.4698  mean_plane_ζ=0.3614  reg=0.1664  λscale=0.85  lr=1.11e-04

Epoch 126/150 [train]:   0%|          | 0/26 [00:00<?, ?it/s]
Epoch 126/150 [train]:   0%|          | 0/26 [00:00<?, ?it/s, S=0.3832, loss=-0.2219]
Epoch 126/150 [train]:   0%|          | 0/26 [00:00<?, ?it/s, S=0.3990, loss=-0.2495]
Epoch 126/150 [train]:   0%|          | 0/26 [00:00<?, ?it/s, S=0.3955, loss=-0.2383]
Epoch 126/150 [train]:   0%|          | 0/26 [00:00<?, ?it/s, S=0.4022, loss=-0.2494]
Epoch 126/150 [train]:   0%|          | 0/26 [00:00<?, ?it/s, S=0.4010, loss=-0.2438]
Epoch 126/150 [train]:   0%|          | 0/26 [00:00<?, ?it/s, S=0.3919, loss=-0.2389]
Epoch 126/150 [train]:  23%|██▎       | 6/26 [00:00<00:00, 50.75it/s, S=0.3919, loss=-0.2389]
Epoch 126/150 [train]:  23%|██▎       | 6/26 [00:00<00:00, 50.75it/s, S=0.4000, loss=-0.2456]
Epoch 126/150 [train]:  23%|██▎       | 6/26 [00:00<00:00, 50.75it/s, S=0.3990, loss=-0.2371]
Epoch 126/150 [train]:  23%|██▎       | 6/26 [00:00<00:00, 50.75it/s, S=0.3972, loss=-0.2351]
Epoch 126/150 [train]:  23%|██▎       | 6/26 [00:00<00:00, 50.75it/s, S=0.3945, loss=-0.2435]
Epoch 126/150 [train]:  23%|██▎       | 6/26 [00:00<00:00, 50.75it/s, S=0.4012, loss=-0.2457]
Epoch 126/150 [train]:  23%|██▎       | 6/26 [00:00<00:00, 50.75it/s, S=0.3991, loss=-0.2437]
Epoch 126/150 [train]:  46%|████▌     | 12/26 [00:00<00:00, 50.59it/s, S=0.3991, loss=-0.2437]
Epoch 126/150 [train]:  46%|████▌     | 12/26 [00:00<00:00, 50.59it/s, S=0.3985, loss=-0.2455]
Epoch 126/150 [train]:  46%|████▌     | 12/26 [00:00<00:00, 50.59it/s, S=0.3947, loss=-0.2389]
Epoch 126/150 [train]:  46%|████▌     | 12/26 [00:00<00:00, 50.59it/s, S=0.3914, loss=-0.2263]
Epoch 126/150 [train]:  46%|████▌     | 12/26 [00:00<00:00, 50.59it/s, S=0.3969, loss=-0.2443]
Epoch 126/150 [train]:  46%|████▌     | 12/26 [00:00<00:00, 50.59it/s, S=0.4006, loss=-0.2469]
Epoch 126/150 [train]:  46%|████▌     | 12/26 [00:00<00:00, 50.59it/s, S=0.4005, loss=-0.2534]
Epoch 126/150 [train]:  69%|██████▉   | 18/26 [00:00<00:00, 50.58it/s, S=0.4005, loss=-0.2534]
Epoch 126/150 [train]:  69%|██████▉   | 18/26 [00:00<00:00, 50.58it/s, S=0.3925, loss=-0.2403]
Epoch 126/150 [train]:  69%|██████▉   | 18/26 [00:00<00:00, 50.58it/s, S=0.3974, loss=-0.2395]
Epoch 126/150 [train]:  69%|██████▉   | 18/26 [00:00<00:00, 50.58it/s, S=0.4017, loss=-0.2445]
Epoch 126/150 [train]:  69%|██████▉   | 18/26 [00:00<00:00, 50.58it/s, S=0.4011, loss=-0.2430]
Epoch 126/150 [train]:  69%|██████▉   | 18/26 [00:00<00:00, 50.58it/s, S=0.3950, loss=-0.2441]
Epoch 126/150 [train]:  69%|██████▉   | 18/26 [00:00<00:00, 50.58it/s, S=0.3958, loss=-0.2424]
Epoch 126/150 [train]:  92%|█████████▏| 24/26 [00:00<00:00, 50.55it/s, S=0.3958, loss=-0.2424]
Epoch 126/150 [train]:  92%|█████████▏| 24/26 [00:00<00:00, 50.55it/s, S=0.3960, loss=-0.2342]
Epoch 126/150 [train]:  92%|█████████▏| 24/26 [00:00<00:00, 50.55it/s, S=0.3929, loss=-0.2328]
                                                                                              
Epoch 126/150  train loss=-0.2411  val loss=-0.2418  S[mean]=0.4088  ζ=0.4699  mean_plane_ζ=0.3616  reg=0.1670  λscale=0.86  lr=1.03e-04

Epoch 127/150 [train]:   0%|          | 0/26 [00:00<?, ?it/s]
Epoch 127/150 [train]:   0%|          | 0/26 [00:00<?, ?it/s, S=0.3959, loss=-0.2346]
Epoch 127/150 [train]:   0%|          | 0/26 [00:00<?, ?it/s, S=0.3970, loss=-0.2403]
Epoch 127/150 [train]:   0%|          | 0/26 [00:00<?, ?it/s, S=0.3977, loss=-0.2427]
Epoch 127/150 [train]:   0%|          | 0/26 [00:00<?, ?it/s, S=0.4020, loss=-0.2457]
Epoch 127/150 [train]:   0%|          | 0/26 [00:00<?, ?it/s, S=0.3964, loss=-0.2272]
Epoch 127/150 [train]:   0%|          | 0/26 [00:00<?, ?it/s, S=0.3959, loss=-0.2384]
Epoch 127/150 [train]:  23%|██▎       | 6/26 [00:00<00:00, 50.75it/s, S=0.3959, loss=-0.2384]
Epoch 127/150 [train]:  23%|██▎       | 6/26 [00:00<00:00, 50.75it/s, S=0.3935, loss=-0.2231]
Epoch 127/150 [train]:  23%|██▎       | 6/26 [00:00<00:00, 50.75it/s, S=0.3936, loss=-0.2350]
Epoch 127/150 [train]:  23%|██▎       | 6/26 [00:00<00:00, 50.75it/s, S=0.3961, loss=-0.2417]
Epoch 127/150 [train]:  23%|██▎       | 6/26 [00:00<00:00, 50.75it/s, S=0.4067, loss=-0.2577]
Epoch 127/150 [train]:  23%|██▎       | 6/26 [00:00<00:00, 50.75it/s, S=0.3951, loss=-0.2343]
Epoch 127/150 [train]:  23%|██▎       | 6/26 [00:00<00:00, 50.75it/s, S=0.3944, loss=-0.2111]
Epoch 127/150 [train]:  46%|████▌     | 12/26 [00:00<00:00, 50.67it/s, S=0.3944, loss=-0.2111]
Epoch 127/150 [train]:  46%|████▌     | 12/26 [00:00<00:00, 50.67it/s, S=0.3982, loss=-0.2439]
Epoch 127/150 [train]:  46%|████▌     | 12/26 [00:00<00:00, 50.67it/s, S=0.3897, loss=-0.2158]
Epoch 127/150 [train]:  46%|████▌     | 12/26 [00:00<00:00, 50.67it/s, S=0.3965, loss=-0.2419]
Epoch 127/150 [train]:  46%|████▌     | 12/26 [00:00<00:00, 50.67it/s, S=0.3991, loss=-0.2265]
Epoch 127/150 [train]:  46%|████▌     | 12/26 [00:00<00:00, 50.67it/s, S=0.3950, loss=-0.2387]
Epoch 127/150 [train]:  46%|████▌     | 12/26 [00:00<00:00, 50.67it/s, S=0.3939, loss=-0.2389]
Epoch 127/150 [train]:  69%|██████▉   | 18/26 [00:00<00:00, 50.70it/s, S=0.3939, loss=-0.2389]
Epoch 127/150 [train]:  69%|██████▉   | 18/26 [00:00<00:00, 50.70it/s, S=0.4034, loss=-0.2525]
Epoch 127/150 [train]:  69%|██████▉   | 18/26 [00:00<00:00, 50.70it/s, S=0.3978, loss=-0.2442]
Epoch 127/150 [train]:  69%|██████▉   | 18/26 [00:00<00:00, 50.70it/s, S=0.3922, loss=-0.2377]
Epoch 127/150 [train]:  69%|██████▉   | 18/26 [00:00<00:00, 50.70it/s, S=0.3962, loss=-0.2456]
Epoch 127/150 [train]:  69%|██████▉   | 18/26 [00:00<00:00, 50.70it/s, S=0.3942, loss=-0.2413]
Epoch 127/150 [train]:  69%|██████▉   | 18/26 [00:00<00:00, 50.70it/s, S=0.3956, loss=-0.2369]
Epoch 127/150 [train]:  92%|█████████▏| 24/26 [00:00<00:00, 50.68it/s, S=0.3956, loss=-0.2369]
Epoch 127/150 [train]:  92%|█████████▏| 24/26 [00:00<00:00, 50.68it/s, S=0.3974, loss=-0.2435]
Epoch 127/150 [train]:  92%|█████████▏| 24/26 [00:00<00:00, 50.68it/s, S=0.3925, loss=-0.2366]
                                                                                              
Epoch 127/150  train loss=-0.2375  val loss=-0.2411  S[mean]=0.4088  ζ=0.4700  mean_plane_ζ=0.3616  reg=0.1677  λscale=0.86  lr=9.52e-05

Epoch 128/150 [train]:   0%|          | 0/26 [00:00<?, ?it/s]
Epoch 128/150 [train]:   0%|          | 0/26 [00:00<?, ?it/s, S=0.3966, loss=-0.2444]
Epoch 128/150 [train]:   0%|          | 0/26 [00:00<?, ?it/s, S=0.3982, loss=-0.2423]
Epoch 128/150 [train]:   0%|          | 0/26 [00:00<?, ?it/s, S=0.3972, loss=-0.2351]
Epoch 128/150 [train]:   0%|          | 0/26 [00:00<?, ?it/s, S=0.3943, loss=-0.2391]
Epoch 128/150 [train]:   0%|          | 0/26 [00:00<?, ?it/s, S=0.3984, loss=-0.2425]
Epoch 128/150 [train]:   0%|          | 0/26 [00:00<?, ?it/s, S=0.4011, loss=-0.2535]
Epoch 128/150 [train]:  23%|██▎       | 6/26 [00:00<00:00, 50.75it/s, S=0.4011, loss=-0.2535]
Epoch 128/150 [train]:  23%|██▎       | 6/26 [00:00<00:00, 50.75it/s, S=0.3992, loss=-0.2391]
Epoch 128/150 [train]:  23%|██▎       | 6/26 [00:00<00:00, 50.75it/s, S=0.3984, loss=-0.2412]
Epoch 128/150 [train]:  23%|██▎       | 6/26 [00:00<00:00, 50.75it/s, S=0.3993, loss=-0.2472]
Epoch 128/150 [train]:  23%|██▎       | 6/26 [00:00<00:00, 50.75it/s, S=0.3917, loss=-0.2338]
Epoch 128/150 [train]:  23%|██▎       | 6/26 [00:00<00:00, 50.75it/s, S=0.3921, loss=-0.2411]
Epoch 128/150 [train]:  23%|██▎       | 6/26 [00:00<00:00, 50.75it/s, S=0.3988, loss=-0.2479]
Epoch 128/150 [train]:  46%|████▌     | 12/26 [00:00<00:00, 50.54it/s, S=0.3988, loss=-0.2479]
Epoch 128/150 [train]:  46%|████▌     | 12/26 [00:00<00:00, 50.54it/s, S=0.3972, loss=-0.2486]
Epoch 128/150 [train]:  46%|████▌     | 12/26 [00:00<00:00, 50.54it/s, S=0.3992, loss=-0.2392]
Epoch 128/150 [train]:  46%|████▌     | 12/26 [00:00<00:00, 50.54it/s, S=0.3997, loss=-0.2460]
Epoch 128/150 [train]:  46%|████▌     | 12/26 [00:00<00:00, 50.54it/s, S=0.3964, loss=-0.2378]
Epoch 128/150 [train]:  46%|████▌     | 12/26 [00:00<00:00, 50.54it/s, S=0.3903, loss=-0.2328]
Epoch 128/150 [train]:  46%|████▌     | 12/26 [00:00<00:00, 50.54it/s, S=0.3890, loss=-0.2305]
Epoch 128/150 [train]:  69%|██████▉   | 18/26 [00:00<00:00, 50.50it/s, S=0.3890, loss=-0.2305]
Epoch 128/150 [train]:  69%|██████▉   | 18/26 [00:00<00:00, 50.50it/s, S=0.4027, loss=-0.2465]
Epoch 128/150 [train]:  69%|██████▉   | 18/26 [00:00<00:00, 50.50it/s, S=0.3994, loss=-0.2431]
Epoch 128/150 [train]:  69%|██████▉   | 18/26 [00:00<00:00, 50.50it/s, S=0.3945, loss=-0.2311]
Epoch 128/150 [train]:  69%|██████▉   | 18/26 [00:00<00:00, 50.50it/s, S=0.4008, loss=-0.2454]
Epoch 128/150 [train]:  69%|██████▉   | 18/26 [00:00<00:00, 50.50it/s, S=0.3977, loss=-0.2449]
Epoch 128/150 [train]:  69%|██████▉   | 18/26 [00:00<00:00, 50.50it/s, S=0.3983, loss=-0.2394]
Epoch 128/150 [train]:  92%|█████████▏| 24/26 [00:00<00:00, 50.51it/s, S=0.3983, loss=-0.2394]
Epoch 128/150 [train]:  92%|█████████▏| 24/26 [00:00<00:00, 50.51it/s, S=0.3977, loss=-0.2410]
Epoch 128/150 [train]:  92%|█████████▏| 24/26 [00:00<00:00, 50.51it/s, S=0.3931, loss=-0.2312]
                                                                                              
Epoch 128/150  train loss=-0.2409  val loss=-0.2399  S[mean]=0.4085  ζ=0.4697  mean_plane_ζ=0.3615  reg=0.1687  λscale=0.87  lr=8.76e-05

Epoch 129/150 [train]:   0%|          | 0/26 [00:00<?, ?it/s]
Epoch 129/150 [train]:   0%|          | 0/26 [00:00<?, ?it/s, S=0.3944, loss=-0.2267]
Epoch 129/150 [train]:   0%|          | 0/26 [00:00<?, ?it/s, S=0.3979, loss=-0.2450]
Epoch 129/150 [train]:   0%|          | 0/26 [00:00<?, ?it/s, S=0.3974, loss=-0.2378]
Epoch 129/150 [train]:   0%|          | 0/26 [00:00<?, ?it/s, S=0.3954, loss=-0.2369]
Epoch 129/150 [train]:   0%|          | 0/26 [00:00<?, ?it/s, S=0.3999, loss=-0.2468]
Epoch 129/150 [train]:   0%|          | 0/26 [00:00<?, ?it/s, S=0.3918, loss=-0.2260]
Epoch 129/150 [train]:  23%|██▎       | 6/26 [00:00<00:00, 50.62it/s, S=0.3918, loss=-0.2260]
Epoch 129/150 [train]:  23%|██▎       | 6/26 [00:00<00:00, 50.62it/s, S=0.4017, loss=-0.2458]
Epoch 129/150 [train]:  23%|██▎       | 6/26 [00:00<00:00, 50.62it/s, S=0.4017, loss=-0.2437]
Epoch 129/150 [train]:  23%|██▎       | 6/26 [00:00<00:00, 50.62it/s, S=0.3924, loss=-0.2183]
Epoch 129/150 [train]:  23%|██▎       | 6/26 [00:00<00:00, 50.62it/s, S=0.3949, loss=-0.2402]
Epoch 129/150 [train]:  23%|██▎       | 6/26 [00:00<00:00, 50.62it/s, S=0.3969, loss=-0.2397]
Epoch 129/150 [train]:  23%|██▎       | 6/26 [00:00<00:00, 50.62it/s, S=0.3947, loss=-0.2318]
Epoch 129/150 [train]:  46%|████▌     | 12/26 [00:00<00:00, 50.56it/s, S=0.3947, loss=-0.2318]
Epoch 129/150 [train]:  46%|████▌     | 12/26 [00:00<00:00, 50.56it/s, S=0.3925, loss=-0.2309]
Epoch 129/150 [train]:  46%|████▌     | 12/26 [00:00<00:00, 50.56it/s, S=0.3966, loss=-0.2341]
Epoch 129/150 [train]:  46%|████▌     | 12/26 [00:00<00:00, 50.56it/s, S=0.3975, loss=-0.2328]
Epoch 129/150 [train]:  46%|████▌     | 12/26 [00:00<00:00, 50.56it/s, S=0.3898, loss=-0.2194]
Epoch 129/150 [train]:  46%|████▌     | 12/26 [00:00<00:00, 50.56it/s, S=0.3978, loss=-0.2457]
Epoch 129/150 [train]:  46%|████▌     | 12/26 [00:00<00:00, 50.56it/s, S=0.3973, loss=-0.2412]
Epoch 129/150 [train]:  69%|██████▉   | 18/26 [00:00<00:00, 50.52it/s, S=0.3973, loss=-0.2412]
Epoch 129/150 [train]:  69%|██████▉   | 18/26 [00:00<00:00, 50.52it/s, S=0.3948, loss=-0.2391]
Epoch 129/150 [train]:  69%|██████▉   | 18/26 [00:00<00:00, 50.52it/s, S=0.3909, loss=-0.2245]
Epoch 129/150 [train]:  69%|██████▉   | 18/26 [00:00<00:00, 50.52it/s, S=0.3975, loss=-0.2396]
Epoch 129/150 [train]:  69%|██████▉   | 18/26 [00:00<00:00, 50.52it/s, S=0.3978, loss=-0.2401]
Epoch 129/150 [train]:  69%|██████▉   | 18/26 [00:00<00:00, 50.52it/s, S=0.4002, loss=-0.2450]
Epoch 129/150 [train]:  69%|██████▉   | 18/26 [00:00<00:00, 50.52it/s, S=0.3931, loss=-0.2341]
Epoch 129/150 [train]:  92%|█████████▏| 24/26 [00:00<00:00, 50.56it/s, S=0.3931, loss=-0.2341]
Epoch 129/150 [train]:  92%|█████████▏| 24/26 [00:00<00:00, 50.56it/s, S=0.3984, loss=-0.2471]
Epoch 129/150 [train]:  92%|█████████▏| 24/26 [00:00<00:00, 50.56it/s, S=0.3988, loss=-0.2268]
                                                                                              
Epoch 129/150  train loss=-0.2361  val loss=-0.2394  S[mean]=0.4084  ζ=0.4698  mean_plane_ζ=0.3617  reg=0.1689  λscale=0.87  lr=8.03e-05

Epoch 130/150 [train]:   0%|          | 0/26 [00:00<?, ?it/s]
Epoch 130/150 [train]:   0%|          | 0/26 [00:00<?, ?it/s, S=0.3917, loss=-0.2381]
Epoch 130/150 [train]:   0%|          | 0/26 [00:00<?, ?it/s, S=0.3945, loss=-0.2194]
Epoch 130/150 [train]:   0%|          | 0/26 [00:00<?, ?it/s, S=0.3933, loss=-0.2286]
Epoch 130/150 [train]:   0%|          | 0/26 [00:00<?, ?it/s, S=0.4015, loss=-0.2482]
Epoch 130/150 [train]:   0%|          | 0/26 [00:00<?, ?it/s, S=0.3931, loss=-0.2321]
Epoch 130/150 [train]:   0%|          | 0/26 [00:00<?, ?it/s, S=0.3930, loss=-0.2345]
Epoch 130/150 [train]:  23%|██▎       | 6/26 [00:00<00:00, 50.63it/s, S=0.3930, loss=-0.2345]
Epoch 130/150 [train]:  23%|██▎       | 6/26 [00:00<00:00, 50.63it/s, S=0.3938, loss=-0.2428]
Epoch 130/150 [train]:  23%|██▎       | 6/26 [00:00<00:00, 50.63it/s, S=0.3949, loss=-0.2319]
Epoch 130/150 [train]:  23%|██▎       | 6/26 [00:00<00:00, 50.63it/s, S=0.3963, loss=-0.2385]
Epoch 130/150 [train]:  23%|██▎       | 6/26 [00:00<00:00, 50.63it/s, S=0.4004, loss=-0.2481]
Epoch 130/150 [train]:  23%|██▎       | 6/26 [00:00<00:00, 50.63it/s, S=0.4022, loss=-0.2439]
Epoch 130/150 [train]:  23%|██▎       | 6/26 [00:00<00:00, 50.63it/s, S=0.4013, loss=-0.2504]
Epoch 130/150 [train]:  46%|████▌     | 12/26 [00:00<00:00, 50.56it/s, S=0.4013, loss=-0.2504]
Epoch 130/150 [train]:  46%|████▌     | 12/26 [00:00<00:00, 50.56it/s, S=0.3937, loss=-0.2393]
Epoch 130/150 [train]:  46%|████▌     | 12/26 [00:00<00:00, 50.56it/s, S=0.3892, loss=-0.2252]
Epoch 130/150 [train]:  46%|████▌     | 12/26 [00:00<00:00, 50.56it/s, S=0.3977, loss=-0.2407]
Epoch 130/150 [train]:  46%|████▌     | 12/26 [00:00<00:00, 50.56it/s, S=0.3893, loss=-0.2249]
Epoch 130/150 [train]:  46%|████▌     | 12/26 [00:00<00:00, 50.56it/s, S=0.3982, loss=-0.2393]
Epoch 130/150 [train]:  46%|████▌     | 12/26 [00:00<00:00, 50.56it/s, S=0.3993, loss=-0.2453]
Epoch 130/150 [train]:  69%|██████▉   | 18/26 [00:00<00:00, 50.60it/s, S=0.3993, loss=-0.2453]
Epoch 130/150 [train]:  69%|██████▉   | 18/26 [00:00<00:00, 50.60it/s, S=0.3990, loss=-0.2425]
Epoch 130/150 [train]:  69%|██████▉   | 18/26 [00:00<00:00, 50.60it/s, S=0.3907, loss=-0.2197]
Epoch 130/150 [train]:  69%|██████▉   | 18/26 [00:00<00:00, 50.60it/s, S=0.3982, loss=-0.2411]
Epoch 130/150 [train]:  69%|██████▉   | 18/26 [00:00<00:00, 50.60it/s, S=0.3949, loss=-0.2233]
Epoch 130/150 [train]:  69%|██████▉   | 18/26 [00:00<00:00, 50.60it/s, S=0.3905, loss=-0.2351]
Epoch 130/150 [train]:  69%|██████▉   | 18/26 [00:00<00:00, 50.60it/s, S=0.3921, loss=-0.2248]
Epoch 130/150 [train]:  92%|█████████▏| 24/26 [00:00<00:00, 50.60it/s, S=0.3921, loss=-0.2248]
Epoch 130/150 [train]:  92%|█████████▏| 24/26 [00:00<00:00, 50.60it/s, S=0.3937, loss=-0.2389]
Epoch 130/150 [train]:  92%|█████████▏| 24/26 [00:00<00:00, 50.60it/s, S=0.4030, loss=-0.2433]
                                                                                              
Epoch 130/150  train loss=-0.2362  val loss=-0.2384  S[mean]=0.4084  ζ=0.4695  mean_plane_ζ=0.3613  reg=0.1700  λscale=0.88  lr=7.32e-05

Epoch 131/150 [train]:   0%|          | 0/26 [00:00<?, ?it/s]
Epoch 131/150 [train]:   0%|          | 0/26 [00:00<?, ?it/s, S=0.4001, loss=-0.2433]
Epoch 131/150 [train]:   0%|          | 0/26 [00:00<?, ?it/s, S=0.3973, loss=-0.2372]
Epoch 131/150 [train]:   0%|          | 0/26 [00:00<?, ?it/s, S=0.4017, loss=-0.2460]
Epoch 131/150 [train]:   0%|          | 0/26 [00:00<?, ?it/s, S=0.3974, loss=-0.2344]
Epoch 131/150 [train]:   0%|          | 0/26 [00:00<?, ?it/s, S=0.3978, loss=-0.2404]
Epoch 131/150 [train]:   0%|          | 0/26 [00:00<?, ?it/s, S=0.4023, loss=-0.2492]
Epoch 131/150 [train]:  23%|██▎       | 6/26 [00:00<00:00, 50.64it/s, S=0.4023, loss=-0.2492]
Epoch 131/150 [train]:  23%|██▎       | 6/26 [00:00<00:00, 50.64it/s, S=0.4013, loss=-0.2429]
Epoch 131/150 [train]:  23%|██▎       | 6/26 [00:00<00:00, 50.64it/s, S=0.3929, loss=-0.2262]
Epoch 131/150 [train]:  23%|██▎       | 6/26 [00:00<00:00, 50.64it/s, S=0.3963, loss=-0.2400]
Epoch 131/150 [train]:  23%|██▎       | 6/26 [00:00<00:00, 50.64it/s, S=0.3903, loss=-0.2176]
Epoch 131/150 [train]:  23%|██▎       | 6/26 [00:00<00:00, 50.64it/s, S=0.3883, loss=-0.2183]
Epoch 131/150 [train]:  23%|██▎       | 6/26 [00:00<00:00, 50.64it/s, S=0.3940, loss=-0.2377]
Epoch 131/150 [train]:  46%|████▌     | 12/26 [00:00<00:00, 50.54it/s, S=0.3940, loss=-0.2377]
Epoch 131/150 [train]:  46%|████▌     | 12/26 [00:00<00:00, 50.54it/s, S=0.4004, loss=-0.2409]
Epoch 131/150 [train]:  46%|████▌     | 12/26 [00:00<00:00, 50.54it/s, S=0.4005, loss=-0.2479]
Epoch 131/150 [train]:  46%|████▌     | 12/26 [00:00<00:00, 50.54it/s, S=0.3949, loss=-0.2466]
Epoch 131/150 [train]:  46%|████▌     | 12/26 [00:00<00:00, 50.54it/s, S=0.3945, loss=-0.2313]
Epoch 131/150 [train]:  46%|████▌     | 12/26 [00:00<00:00, 50.54it/s, S=0.3911, loss=-0.2258]
Epoch 131/150 [train]:  46%|████▌     | 12/26 [00:00<00:00, 50.54it/s, S=0.4027, loss=-0.2462]
Epoch 131/150 [train]:  69%|██████▉   | 18/26 [00:00<00:00, 50.53it/s, S=0.4027, loss=-0.2462]
Epoch 131/150 [train]:  69%|██████▉   | 18/26 [00:00<00:00, 50.53it/s, S=0.3974, loss=-0.2302]
Epoch 131/150 [train]:  69%|██████▉   | 18/26 [00:00<00:00, 50.53it/s, S=0.3843, loss=-0.2171]
Epoch 131/150 [train]:  69%|██████▉   | 18/26 [00:00<00:00, 50.53it/s, S=0.3970, loss=-0.2371]
Epoch 131/150 [train]:  69%|██████▉   | 18/26 [00:00<00:00, 50.53it/s, S=0.4000, loss=-0.2498]
Epoch 131/150 [train]:  69%|██████▉   | 18/26 [00:00<00:00, 50.53it/s, S=0.3953, loss=-0.2296]
Epoch 131/150 [train]:  69%|██████▉   | 18/26 [00:00<00:00, 50.53it/s, S=0.3955, loss=-0.2443]
Epoch 131/150 [train]:  92%|█████████▏| 24/26 [00:00<00:00, 50.47it/s, S=0.3955, loss=-0.2443]
Epoch 131/150 [train]:  92%|█████████▏| 24/26 [00:00<00:00, 50.47it/s, S=0.3971, loss=-0.2456]
Epoch 131/150 [train]:  92%|█████████▏| 24/26 [00:00<00:00, 50.47it/s, S=0.3849, loss=-0.2174]
                                                                                              
Epoch 131/150  train loss=-0.2363  val loss=-0.2376  S[mean]=0.4083  ζ=0.4694  mean_plane_ζ=0.3614  reg=0.1708  λscale=0.89  lr=6.64e-05

Epoch 132/150 [train]:   0%|          | 0/26 [00:00<?, ?it/s]
Epoch 132/150 [train]:   0%|          | 0/26 [00:00<?, ?it/s, S=0.3957, loss=-0.2337]
Epoch 132/150 [train]:   0%|          | 0/26 [00:00<?, ?it/s, S=0.3924, loss=-0.2255]
Epoch 132/150 [train]:   0%|          | 0/26 [00:00<?, ?it/s, S=0.3967, loss=-0.2337]
Epoch 132/150 [train]:   0%|          | 0/26 [00:00<?, ?it/s, S=0.4038, loss=-0.2507]
Epoch 132/150 [train]:   0%|          | 0/26 [00:00<?, ?it/s, S=0.3953, loss=-0.2414]
Epoch 132/150 [train]:   0%|          | 0/26 [00:00<?, ?it/s, S=0.4024, loss=-0.2468]
Epoch 132/150 [train]:  23%|██▎       | 6/26 [00:00<00:00, 50.66it/s, S=0.4024, loss=-0.2468]
Epoch 132/150 [train]:  23%|██▎       | 6/26 [00:00<00:00, 50.66it/s, S=0.3912, loss=-0.2243]
Epoch 132/150 [train]:  23%|██▎       | 6/26 [00:00<00:00, 50.66it/s, S=0.3968, loss=-0.2356]
Epoch 132/150 [train]:  23%|██▎       | 6/26 [00:00<00:00, 50.66it/s, S=0.3893, loss=-0.2158]
Epoch 132/150 [train]:  23%|██▎       | 6/26 [00:00<00:00, 50.66it/s, S=0.3985, loss=-0.2474]
Epoch 132/150 [train]:  23%|██▎       | 6/26 [00:00<00:00, 50.66it/s, S=0.3982, loss=-0.2426]
Epoch 132/150 [train]:  23%|██▎       | 6/26 [00:00<00:00, 50.66it/s, S=0.3928, loss=-0.2247]
Epoch 132/150 [train]:  46%|████▌     | 12/26 [00:00<00:00, 50.70it/s, S=0.3928, loss=-0.2247]
Epoch 132/150 [train]:  46%|████▌     | 12/26 [00:00<00:00, 50.70it/s, S=0.3995, loss=-0.2415]
Epoch 132/150 [train]:  46%|████▌     | 12/26 [00:00<00:00, 50.70it/s, S=0.3902, loss=-0.2383]
Epoch 132/150 [train]:  46%|████▌     | 12/26 [00:00<00:00, 50.70it/s, S=0.3951, loss=-0.2347]
Epoch 132/150 [train]:  46%|████▌     | 12/26 [00:00<00:00, 50.70it/s, S=0.3967, loss=-0.2273]
Epoch 132/150 [train]:  46%|████▌     | 12/26 [00:00<00:00, 50.70it/s, S=0.3985, loss=-0.2450]
Epoch 132/150 [train]:  46%|████▌     | 12/26 [00:00<00:00, 50.70it/s, S=0.3980, loss=-0.2377]
Epoch 132/150 [train]:  69%|██████▉   | 18/26 [00:00<00:00, 50.71it/s, S=0.3980, loss=-0.2377]
Epoch 132/150 [train]:  69%|██████▉   | 18/26 [00:00<00:00, 50.71it/s, S=0.3924, loss=-0.2341]
Epoch 132/150 [train]:  69%|██████▉   | 18/26 [00:00<00:00, 50.71it/s, S=0.4020, loss=-0.2376]
Epoch 132/150 [train]:  69%|██████▉   | 18/26 [00:00<00:00, 50.71it/s, S=0.3984, loss=-0.2377]
Epoch 132/150 [train]:  69%|██████▉   | 18/26 [00:00<00:00, 50.71it/s, S=0.3990, loss=-0.2410]
Epoch 132/150 [train]:  69%|██████▉   | 18/26 [00:00<00:00, 50.71it/s, S=0.3985, loss=-0.2399]
Epoch 132/150 [train]:  69%|██████▉   | 18/26 [00:00<00:00, 50.71it/s, S=0.3958, loss=-0.2393]
Epoch 132/150 [train]:  92%|█████████▏| 24/26 [00:00<00:00, 50.69it/s, S=0.3958, loss=-0.2393]
Epoch 132/150 [train]:  92%|█████████▏| 24/26 [00:00<00:00, 50.69it/s, S=0.3996, loss=-0.2413]
Epoch 132/150 [train]:  92%|█████████▏| 24/26 [00:00<00:00, 50.69it/s, S=0.3956, loss=-0.2377]
                                                                                              
Epoch 132/150  train loss=-0.2367  val loss=-0.2366  S[mean]=0.4080  ζ=0.4694  mean_plane_ζ=0.3616  reg=0.1714  λscale=0.89  lr=5.99e-05

Epoch 133/150 [train]:   0%|          | 0/26 [00:00<?, ?it/s]
Epoch 133/150 [train]:   0%|          | 0/26 [00:00<?, ?it/s, S=0.3933, loss=-0.2272]
Epoch 133/150 [train]:   0%|          | 0/26 [00:00<?, ?it/s, S=0.3967, loss=-0.2359]
Epoch 133/150 [train]:   0%|          | 0/26 [00:00<?, ?it/s, S=0.3886, loss=-0.2200]
Epoch 133/150 [train]:   0%|          | 0/26 [00:00<?, ?it/s, S=0.3938, loss=-0.2323]
Epoch 133/150 [train]:   0%|          | 0/26 [00:00<?, ?it/s, S=0.3966, loss=-0.2395]
Epoch 133/150 [train]:   0%|          | 0/26 [00:00<?, ?it/s, S=0.3970, loss=-0.2453]
Epoch 133/150 [train]:  23%|██▎       | 6/26 [00:00<00:00, 50.59it/s, S=0.3970, loss=-0.2453]
Epoch 133/150 [train]:  23%|██▎       | 6/26 [00:00<00:00, 50.59it/s, S=0.3882, loss=-0.2255]
Epoch 133/150 [train]:  23%|██▎       | 6/26 [00:00<00:00, 50.59it/s, S=0.3991, loss=-0.2408]
Epoch 133/150 [train]:  23%|██▎       | 6/26 [00:00<00:00, 50.59it/s, S=0.4018, loss=-0.2420]
Epoch 133/150 [train]:  23%|██▎       | 6/26 [00:00<00:00, 50.59it/s, S=0.3946, loss=-0.2418]
Epoch 133/150 [train]:  23%|██▎       | 6/26 [00:00<00:00, 50.59it/s, S=0.3960, loss=-0.2341]
Epoch 133/150 [train]:  23%|██▎       | 6/26 [00:00<00:00, 50.59it/s, S=0.3949, loss=-0.2232]
Epoch 133/150 [train]:  46%|████▌     | 12/26 [00:00<00:00, 50.52it/s, S=0.3949, loss=-0.2232]
Epoch 133/150 [train]:  46%|████▌     | 12/26 [00:00<00:00, 50.52it/s, S=0.3983, loss=-0.2387]
Epoch 133/150 [train]:  46%|████▌     | 12/26 [00:00<00:00, 50.52it/s, S=0.3970, loss=-0.2410]
Epoch 133/150 [train]:  46%|████▌     | 12/26 [00:00<00:00, 50.52it/s, S=0.4024, loss=-0.2358]
Epoch 133/150 [train]:  46%|████▌     | 12/26 [00:00<00:00, 50.52it/s, S=0.3945, loss=-0.2384]
Epoch 133/150 [train]:  46%|████▌     | 12/26 [00:00<00:00, 50.52it/s, S=0.4006, loss=-0.2440]
Epoch 133/150 [train]:  46%|████▌     | 12/26 [00:00<00:00, 50.52it/s, S=0.3968, loss=-0.2342]
Epoch 133/150 [train]:  69%|██████▉   | 18/26 [00:00<00:00, 50.56it/s, S=0.3968, loss=-0.2342]
Epoch 133/150 [train]:  69%|██████▉   | 18/26 [00:00<00:00, 50.56it/s, S=0.3953, loss=-0.2378]
Epoch 133/150 [train]:  69%|██████▉   | 18/26 [00:00<00:00, 50.56it/s, S=0.3930, loss=-0.2293]
Epoch 133/150 [train]:  69%|██████▉   | 18/26 [00:00<00:00, 50.56it/s, S=0.4003, loss=-0.2423]
Epoch 133/150 [train]:  69%|██████▉   | 18/26 [00:00<00:00, 50.56it/s, S=0.3901, loss=-0.2257]
Epoch 133/150 [train]:  69%|██████▉   | 18/26 [00:00<00:00, 50.56it/s, S=0.3902, loss=-0.2313]
Epoch 133/150 [train]:  69%|██████▉   | 18/26 [00:00<00:00, 50.56it/s, S=0.3970, loss=-0.2398]
Epoch 133/150 [train]:  92%|█████████▏| 24/26 [00:00<00:00, 50.45it/s, S=0.3970, loss=-0.2398]
Epoch 133/150 [train]:  92%|█████████▏| 24/26 [00:00<00:00, 50.45it/s, S=0.3971, loss=-0.2421]
Epoch 133/150 [train]:  92%|█████████▏| 24/26 [00:00<00:00, 50.45it/s, S=0.3973, loss=-0.2386]
                                                                                              
Epoch 133/150  train loss=-0.2356  val loss=-0.2360  S[mean]=0.4081  ζ=0.4694  mean_plane_ζ=0.3614  reg=0.1722  λscale=0.90  lr=5.37e-05

Epoch 134/150 [train]:   0%|          | 0/26 [00:00<?, ?it/s]
Epoch 134/150 [train]:   0%|          | 0/26 [00:00<?, ?it/s, S=0.3980, loss=-0.2312]
Epoch 134/150 [train]:   0%|          | 0/26 [00:00<?, ?it/s, S=0.4026, loss=-0.2456]
Epoch 134/150 [train]:   0%|          | 0/26 [00:00<?, ?it/s, S=0.3940, loss=-0.2345]
Epoch 134/150 [train]:   0%|          | 0/26 [00:00<?, ?it/s, S=0.3953, loss=-0.2244]
Epoch 134/150 [train]:   0%|          | 0/26 [00:00<?, ?it/s, S=0.3958, loss=-0.2296]
Epoch 134/150 [train]:   0%|          | 0/26 [00:00<?, ?it/s, S=0.4009, loss=-0.2412]
Epoch 134/150 [train]:  23%|██▎       | 6/26 [00:00<00:00, 50.76it/s, S=0.4009, loss=-0.2412]
Epoch 134/150 [train]:  23%|██▎       | 6/26 [00:00<00:00, 50.76it/s, S=0.3923, loss=-0.2242]
Epoch 134/150 [train]:  23%|██▎       | 6/26 [00:00<00:00, 50.76it/s, S=0.3946, loss=-0.2345]
Epoch 134/150 [train]:  23%|██▎       | 6/26 [00:00<00:00, 50.76it/s, S=0.3931, loss=-0.2251]
Epoch 134/150 [train]:  23%|██▎       | 6/26 [00:00<00:00, 50.76it/s, S=0.3956, loss=-0.2277]
Epoch 134/150 [train]:  23%|██▎       | 6/26 [00:00<00:00, 50.76it/s, S=0.3930, loss=-0.2347]
Epoch 134/150 [train]:  23%|██▎       | 6/26 [00:00<00:00, 50.76it/s, S=0.3929, loss=-0.2336]
Epoch 134/150 [train]:  46%|████▌     | 12/26 [00:00<00:00, 50.56it/s, S=0.3929, loss=-0.2336]
Epoch 134/150 [train]:  46%|████▌     | 12/26 [00:00<00:00, 50.56it/s, S=0.3996, loss=-0.2389]
Epoch 134/150 [train]:  46%|████▌     | 12/26 [00:00<00:00, 50.56it/s, S=0.3999, loss=-0.2390]
Epoch 134/150 [train]:  46%|████▌     | 12/26 [00:00<00:00, 50.56it/s, S=0.3887, loss=-0.2257]
Epoch 134/150 [train]:  46%|████▌     | 12/26 [00:00<00:00, 50.56it/s, S=0.3986, loss=-0.2387]
Epoch 134/150 [train]:  46%|████▌     | 12/26 [00:00<00:00, 50.56it/s, S=0.3982, loss=-0.2307]
Epoch 134/150 [train]:  46%|████▌     | 12/26 [00:00<00:00, 50.56it/s, S=0.3936, loss=-0.2282]
Epoch 134/150 [train]:  69%|██████▉   | 18/26 [00:00<00:00, 50.62it/s, S=0.3936, loss=-0.2282]
Epoch 134/150 [train]:  69%|██████▉   | 18/26 [00:00<00:00, 50.62it/s, S=0.4006, loss=-0.2429]
Epoch 134/150 [train]:  69%|██████▉   | 18/26 [00:00<00:00, 50.62it/s, S=0.3985, loss=-0.2326]
Epoch 134/150 [train]:  69%|██████▉   | 18/26 [00:00<00:00, 50.62it/s, S=0.3924, loss=-0.2344]
Epoch 134/150 [train]:  69%|██████▉   | 18/26 [00:00<00:00, 50.62it/s, S=0.3961, loss=-0.2416]
Epoch 134/150 [train]:  69%|██████▉   | 18/26 [00:00<00:00, 50.62it/s, S=0.3980, loss=-0.2370]
Epoch 134/150 [train]:  69%|██████▉   | 18/26 [00:00<00:00, 50.62it/s, S=0.3949, loss=-0.2343]
Epoch 134/150 [train]:  92%|█████████▏| 24/26 [00:00<00:00, 50.59it/s, S=0.3949, loss=-0.2343]
Epoch 134/150 [train]:  92%|█████████▏| 24/26 [00:00<00:00, 50.59it/s, S=0.3987, loss=-0.2402]
Epoch 134/150 [train]:  92%|█████████▏| 24/26 [00:00<00:00, 50.59it/s, S=0.3992, loss=-0.2431]
                                                                                              
Epoch 134/150  train loss=-0.2344  val loss=-0.2348  S[mean]=0.4078  ζ=0.4691  mean_plane_ζ=0.3613  reg=0.1730  λscale=0.90  lr=4.77e-05

Epoch 135/150 [train]:   0%|          | 0/26 [00:00<?, ?it/s]
Epoch 135/150 [train]:   0%|          | 0/26 [00:00<?, ?it/s, S=0.3970, loss=-0.2429]
Epoch 135/150 [train]:   0%|          | 0/26 [00:00<?, ?it/s, S=0.3961, loss=-0.2297]
Epoch 135/150 [train]:   0%|          | 0/26 [00:00<?, ?it/s, S=0.3966, loss=-0.2330]
Epoch 135/150 [train]:   0%|          | 0/26 [00:00<?, ?it/s, S=0.3930, loss=-0.2244]
Epoch 135/150 [train]:   0%|          | 0/26 [00:00<?, ?it/s, S=0.3925, loss=-0.2302]
Epoch 135/150 [train]:   0%|          | 0/26 [00:00<?, ?it/s, S=0.3932, loss=-0.2320]
Epoch 135/150 [train]:  23%|██▎       | 6/26 [00:00<00:00, 50.55it/s, S=0.3932, loss=-0.2320]
Epoch 135/150 [train]:  23%|██▎       | 6/26 [00:00<00:00, 50.55it/s, S=0.3979, loss=-0.2405]
Epoch 135/150 [train]:  23%|██▎       | 6/26 [00:00<00:00, 50.55it/s, S=0.3939, loss=-0.2285]
Epoch 135/150 [train]:  23%|██▎       | 6/26 [00:00<00:00, 50.55it/s, S=0.3928, loss=-0.2328]
Epoch 135/150 [train]:  23%|██▎       | 6/26 [00:00<00:00, 50.55it/s, S=0.4012, loss=-0.2438]
Epoch 135/150 [train]:  23%|██▎       | 6/26 [00:00<00:00, 50.55it/s, S=0.3854, loss=-0.2117]
Epoch 135/150 [train]:  23%|██▎       | 6/26 [00:00<00:00, 50.55it/s, S=0.4008, loss=-0.2327]
Epoch 135/150 [train]:  46%|████▌     | 12/26 [00:00<00:00, 50.45it/s, S=0.4008, loss=-0.2327]
Epoch 135/150 [train]:  46%|████▌     | 12/26 [00:00<00:00, 50.45it/s, S=0.4000, loss=-0.2415]
Epoch 135/150 [train]:  46%|████▌     | 12/26 [00:00<00:00, 50.45it/s, S=0.3959, loss=-0.2350]
Epoch 135/150 [train]:  46%|████▌     | 12/26 [00:00<00:00, 50.45it/s, S=0.3873, loss=-0.2295]
Epoch 135/150 [train]:  46%|████▌     | 12/26 [00:00<00:00, 50.45it/s, S=0.3969, loss=-0.2329]
Epoch 135/150 [train]:  46%|████▌     | 12/26 [00:00<00:00, 50.45it/s, S=0.3986, loss=-0.2428]
Epoch 135/150 [train]:  46%|████▌     | 12/26 [00:00<00:00, 50.45it/s, S=0.3961, loss=-0.2381]
Epoch 135/150 [train]:  69%|██████▉   | 18/26 [00:00<00:00, 50.44it/s, S=0.3961, loss=-0.2381]
Epoch 135/150 [train]:  69%|██████▉   | 18/26 [00:00<00:00, 50.44it/s, S=0.3971, loss=-0.2447]
Epoch 135/150 [train]:  69%|██████▉   | 18/26 [00:00<00:00, 50.44it/s, S=0.3937, loss=-0.2283]
Epoch 135/150 [train]:  69%|██████▉   | 18/26 [00:00<00:00, 50.44it/s, S=0.3884, loss=-0.2272]
Epoch 135/150 [train]:  69%|██████▉   | 18/26 [00:00<00:00, 50.44it/s, S=0.3954, loss=-0.2259]
Epoch 135/150 [train]:  69%|██████▉   | 18/26 [00:00<00:00, 50.44it/s, S=0.3975, loss=-0.2407]
Epoch 135/150 [train]:  69%|██████▉   | 18/26 [00:00<00:00, 50.44it/s, S=0.4014, loss=-0.2494]
Epoch 135/150 [train]:  92%|█████████▏| 24/26 [00:00<00:00, 50.47it/s, S=0.4014, loss=-0.2494]
Epoch 135/150 [train]:  92%|█████████▏| 24/26 [00:00<00:00, 50.47it/s, S=0.4003, loss=-0.2351]
Epoch 135/150 [train]:  92%|█████████▏| 24/26 [00:00<00:00, 50.47it/s, S=0.4014, loss=-0.2423]
                                                                                              
Epoch 135/150  train loss=-0.2344  val loss=-0.2339  S[mean]=0.4078  ζ=0.4691  mean_plane_ζ=0.3614  reg=0.1739  λscale=0.91  lr=4.21e-05

Epoch 136/150 [train]:   0%|          | 0/26 [00:00<?, ?it/s]
Epoch 136/150 [train]:   0%|          | 0/26 [00:00<?, ?it/s, S=0.4010, loss=-0.2461]
Epoch 136/150 [train]:   0%|          | 0/26 [00:00<?, ?it/s, S=0.3893, loss=-0.2107]
Epoch 136/150 [train]:   0%|          | 0/26 [00:00<?, ?it/s, S=0.3925, loss=-0.2272]
Epoch 136/150 [train]:   0%|          | 0/26 [00:00<?, ?it/s, S=0.4001, loss=-0.2424]
Epoch 136/150 [train]:   0%|          | 0/26 [00:00<?, ?it/s, S=0.3996, loss=-0.2370]
Epoch 136/150 [train]:   0%|          | 0/26 [00:00<?, ?it/s, S=0.3947, loss=-0.2289]
Epoch 136/150 [train]:  23%|██▎       | 6/26 [00:00<00:00, 50.66it/s, S=0.3947, loss=-0.2289]
Epoch 136/150 [train]:  23%|██▎       | 6/26 [00:00<00:00, 50.66it/s, S=0.4003, loss=-0.2437]
Epoch 136/150 [train]:  23%|██▎       | 6/26 [00:00<00:00, 50.66it/s, S=0.3983, loss=-0.2450]
Epoch 136/150 [train]:  23%|██▎       | 6/26 [00:00<00:00, 50.66it/s, S=0.4054, loss=-0.2465]
Epoch 136/150 [train]:  23%|██▎       | 6/26 [00:00<00:00, 50.66it/s, S=0.3953, loss=-0.2267]
Epoch 136/150 [train]:  23%|██▎       | 6/26 [00:00<00:00, 50.66it/s, S=0.3940, loss=-0.2279]
Epoch 136/150 [train]:  23%|██▎       | 6/26 [00:00<00:00, 50.66it/s, S=0.3934, loss=-0.2341]
Epoch 136/150 [train]:  46%|████▌     | 12/26 [00:00<00:00, 50.59it/s, S=0.3934, loss=-0.2341]
Epoch 136/150 [train]:  46%|████▌     | 12/26 [00:00<00:00, 50.59it/s, S=0.3917, loss=-0.2244]
Epoch 136/150 [train]:  46%|████▌     | 12/26 [00:00<00:00, 50.59it/s, S=0.3970, loss=-0.2269]
Epoch 136/150 [train]:  46%|████▌     | 12/26 [00:00<00:00, 50.59it/s, S=0.3990, loss=-0.2402]
Epoch 136/150 [train]:  46%|████▌     | 12/26 [00:00<00:00, 50.59it/s, S=0.3996, loss=-0.2432]
Epoch 136/150 [train]:  46%|████▌     | 12/26 [00:00<00:00, 50.59it/s, S=0.3946, loss=-0.2362]
Epoch 136/150 [train]:  46%|████▌     | 12/26 [00:00<00:00, 50.59it/s, S=0.3972, loss=-0.2362]
Epoch 136/150 [train]:  69%|██████▉   | 18/26 [00:00<00:00, 50.55it/s, S=0.3972, loss=-0.2362]
Epoch 136/150 [train]:  69%|██████▉   | 18/26 [00:00<00:00, 50.55it/s, S=0.3919, loss=-0.2351]
Epoch 136/150 [train]:  69%|██████▉   | 18/26 [00:00<00:00, 50.55it/s, S=0.4006, loss=-0.2362]
Epoch 136/150 [train]:  69%|██████▉   | 18/26 [00:00<00:00, 50.55it/s, S=0.3912, loss=-0.2285]
Epoch 136/150 [train]:  69%|██████▉   | 18/26 [00:00<00:00, 50.55it/s, S=0.3921, loss=-0.2322]
Epoch 136/150 [train]:  69%|██████▉   | 18/26 [00:00<00:00, 50.55it/s, S=0.3954, loss=-0.2338]
Epoch 136/150 [train]:  69%|██████▉   | 18/26 [00:00<00:00, 50.55it/s, S=0.3924, loss=-0.2394]
Epoch 136/150 [train]:  92%|█████████▏| 24/26 [00:00<00:00, 50.56it/s, S=0.3924, loss=-0.2394]
Epoch 136/150 [train]:  92%|█████████▏| 24/26 [00:00<00:00, 50.56it/s, S=0.3992, loss=-0.2393]
Epoch 136/150 [train]:  92%|█████████▏| 24/26 [00:00<00:00, 50.56it/s, S=0.3994, loss=-0.2434]
                                                                                              
Epoch 136/150  train loss=-0.2350  val loss=-0.2329  S[mean]=0.4077  ζ=0.4692  mean_plane_ζ=0.3614  reg=0.1748  λscale=0.92  lr=3.68e-05

Epoch 137/150 [train]:   0%|          | 0/26 [00:00<?, ?it/s]
Epoch 137/150 [train]:   0%|          | 0/26 [00:00<?, ?it/s, S=0.3942, loss=-0.2383]
Epoch 137/150 [train]:   0%|          | 0/26 [00:00<?, ?it/s, S=0.3913, loss=-0.2173]
Epoch 137/150 [train]:   0%|          | 0/26 [00:00<?, ?it/s, S=0.3993, loss=-0.2418]
Epoch 137/150 [train]:   0%|          | 0/26 [00:00<?, ?it/s, S=0.4006, loss=-0.2380]
Epoch 137/150 [train]:   0%|          | 0/26 [00:00<?, ?it/s, S=0.4005, loss=-0.2438]
Epoch 137/150 [train]:   0%|          | 0/26 [00:00<?, ?it/s, S=0.3952, loss=-0.2254]
Epoch 137/150 [train]:  23%|██▎       | 6/26 [00:00<00:00, 50.73it/s, S=0.3952, loss=-0.2254]
Epoch 137/150 [train]:  23%|██▎       | 6/26 [00:00<00:00, 50.73it/s, S=0.3885, loss=-0.2166]
Epoch 137/150 [train]:  23%|██▎       | 6/26 [00:00<00:00, 50.73it/s, S=0.3968, loss=-0.2354]
Epoch 137/150 [train]:  23%|██▎       | 6/26 [00:00<00:00, 50.73it/s, S=0.4001, loss=-0.2392]
Epoch 137/150 [train]:  23%|██▎       | 6/26 [00:00<00:00, 50.73it/s, S=0.4014, loss=-0.2403]
Epoch 137/150 [train]:  23%|██▎       | 6/26 [00:00<00:00, 50.73it/s, S=0.3986, loss=-0.2337]
Epoch 137/150 [train]:  23%|██▎       | 6/26 [00:00<00:00, 50.73it/s, S=0.3909, loss=-0.2277]
Epoch 137/150 [train]:  46%|████▌     | 12/26 [00:00<00:00, 50.58it/s, S=0.3909, loss=-0.2277]
Epoch 137/150 [train]:  46%|████▌     | 12/26 [00:00<00:00, 50.58it/s, S=0.3918, loss=-0.2347]
Epoch 137/150 [train]:  46%|████▌     | 12/26 [00:00<00:00, 50.58it/s, S=0.3967, loss=-0.2367]
Epoch 137/150 [train]:  46%|████▌     | 12/26 [00:00<00:00, 50.58it/s, S=0.3968, loss=-0.2391]
Epoch 137/150 [train]:  46%|████▌     | 12/26 [00:00<00:00, 50.58it/s, S=0.3968, loss=-0.2284]
Epoch 137/150 [train]:  46%|████▌     | 12/26 [00:00<00:00, 50.58it/s, S=0.3933, loss=-0.2253]
Epoch 137/150 [train]:  46%|████▌     | 12/26 [00:00<00:00, 50.58it/s, S=0.3982, loss=-0.2262]
Epoch 137/150 [train]:  69%|██████▉   | 18/26 [00:00<00:00, 50.55it/s, S=0.3982, loss=-0.2262]
Epoch 137/150 [train]:  69%|██████▉   | 18/26 [00:00<00:00, 50.55it/s, S=0.3968, loss=-0.2401]
Epoch 137/150 [train]:  69%|██████▉   | 18/26 [00:00<00:00, 50.55it/s, S=0.4033, loss=-0.2384]
Epoch 137/150 [train]:  69%|██████▉   | 18/26 [00:00<00:00, 50.55it/s, S=0.3980, loss=-0.2360]
Epoch 137/150 [train]:  69%|██████▉   | 18/26 [00:00<00:00, 50.55it/s, S=0.3904, loss=-0.2268]
Epoch 137/150 [train]:  69%|██████▉   | 18/26 [00:00<00:00, 50.55it/s, S=0.4006, loss=-0.2443]
Epoch 137/150 [train]:  69%|██████▉   | 18/26 [00:00<00:00, 50.55it/s, S=0.4002, loss=-0.2379]
Epoch 137/150 [train]:  92%|█████████▏| 24/26 [00:00<00:00, 50.51it/s, S=0.4002, loss=-0.2379]
Epoch 137/150 [train]:  92%|█████████▏| 24/26 [00:00<00:00, 50.51it/s, S=0.3931, loss=-0.2148]
Epoch 137/150 [train]:  92%|█████████▏| 24/26 [00:00<00:00, 50.51it/s, S=0.3883, loss=-0.2103]
                                                                                              
Epoch 137/150  train loss=-0.2322  val loss=-0.2319  S[mean]=0.4077  ζ=0.4690  mean_plane_ζ=0.3613  reg=0.1757  λscale=0.92  lr=3.19e-05

Epoch 138/150 [train]:   0%|          | 0/26 [00:00<?, ?it/s]
Epoch 138/150 [train]:   0%|          | 0/26 [00:00<?, ?it/s, S=0.3959, loss=-0.2323]
Epoch 138/150 [train]:   0%|          | 0/26 [00:00<?, ?it/s, S=0.4036, loss=-0.2385]
Epoch 138/150 [train]:   0%|          | 0/26 [00:00<?, ?it/s, S=0.3902, loss=-0.2221]
Epoch 138/150 [train]:   0%|          | 0/26 [00:00<?, ?it/s, S=0.3845, loss=-0.2095]
Epoch 138/150 [train]:   0%|          | 0/26 [00:00<?, ?it/s, S=0.4005, loss=-0.2408]
Epoch 138/150 [train]:   0%|          | 0/26 [00:00<?, ?it/s, S=0.4029, loss=-0.2469]
Epoch 138/150 [train]:  23%|██▎       | 6/26 [00:00<00:00, 50.73it/s, S=0.4029, loss=-0.2469]
Epoch 138/150 [train]:  23%|██▎       | 6/26 [00:00<00:00, 50.73it/s, S=0.3928, loss=-0.2219]
Epoch 138/150 [train]:  23%|██▎       | 6/26 [00:00<00:00, 50.73it/s, S=0.3985, loss=-0.2398]
Epoch 138/150 [train]:  23%|██▎       | 6/26 [00:00<00:00, 50.73it/s, S=0.3948, loss=-0.2287]
Epoch 138/150 [train]:  23%|██▎       | 6/26 [00:00<00:00, 50.73it/s, S=0.3952, loss=-0.2362]
Epoch 138/150 [train]:  23%|██▎       | 6/26 [00:00<00:00, 50.73it/s, S=0.4003, loss=-0.2422]
Epoch 138/150 [train]:  23%|██▎       | 6/26 [00:00<00:00, 50.73it/s, S=0.3963, loss=-0.2350]
Epoch 138/150 [train]:  46%|████▌     | 12/26 [00:00<00:00, 50.62it/s, S=0.3963, loss=-0.2350]
Epoch 138/150 [train]:  46%|████▌     | 12/26 [00:00<00:00, 50.62it/s, S=0.3875, loss=-0.2192]
Epoch 138/150 [train]:  46%|████▌     | 12/26 [00:00<00:00, 50.62it/s, S=0.3887, loss=-0.2142]
Epoch 138/150 [train]:  46%|████▌     | 12/26 [00:00<00:00, 50.62it/s, S=0.3987, loss=-0.2260]
Epoch 138/150 [train]:  46%|████▌     | 12/26 [00:00<00:00, 50.62it/s, S=0.3997, loss=-0.2446]
Epoch 138/150 [train]:  46%|████▌     | 12/26 [00:00<00:00, 50.62it/s, S=0.3928, loss=-0.2263]
Epoch 138/150 [train]:  46%|████▌     | 12/26 [00:00<00:00, 50.62it/s, S=0.3989, loss=-0.2265]
Epoch 138/150 [train]:  69%|██████▉   | 18/26 [00:00<00:00, 50.59it/s, S=0.3989, loss=-0.2265]
Epoch 138/150 [train]:  69%|██████▉   | 18/26 [00:00<00:00, 50.59it/s, S=0.3974, loss=-0.2318]
Epoch 138/150 [train]:  69%|██████▉   | 18/26 [00:00<00:00, 50.59it/s, S=0.3998, loss=-0.2411]
Epoch 138/150 [train]:  69%|██████▉   | 18/26 [00:00<00:00, 50.59it/s, S=0.3972, loss=-0.2415]
Epoch 138/150 [train]:  69%|██████▉   | 18/26 [00:00<00:00, 50.59it/s, S=0.3883, loss=-0.2174]
Epoch 138/150 [train]:  69%|██████▉   | 18/26 [00:00<00:00, 50.59it/s, S=0.3981, loss=-0.2392]
Epoch 138/150 [train]:  69%|██████▉   | 18/26 [00:00<00:00, 50.59it/s, S=0.3907, loss=-0.2080]
Epoch 138/150 [train]:  92%|█████████▏| 24/26 [00:00<00:00, 50.61it/s, S=0.3907, loss=-0.2080]
Epoch 138/150 [train]:  92%|█████████▏| 24/26 [00:00<00:00, 50.61it/s, S=0.3942, loss=-0.2261]
Epoch 138/150 [train]:  92%|█████████▏| 24/26 [00:00<00:00, 50.61it/s, S=0.4009, loss=-0.2386]
                                                                                              
Epoch 138/150  train loss=-0.2306  val loss=-0.2309  S[mean]=0.4075  ζ=0.4690  mean_plane_ζ=0.3613  reg=0.1766  λscale=0.93  lr=2.72e-05

Epoch 139/150 [train]:   0%|          | 0/26 [00:00<?, ?it/s]
Epoch 139/150 [train]:   0%|          | 0/26 [00:00<?, ?it/s, S=0.3941, loss=-0.2290]
Epoch 139/150 [train]:   0%|          | 0/26 [00:00<?, ?it/s, S=0.3952, loss=-0.2276]
Epoch 139/150 [train]:   0%|          | 0/26 [00:00<?, ?it/s, S=0.3969, loss=-0.2354]
Epoch 139/150 [train]:   0%|          | 0/26 [00:00<?, ?it/s, S=0.3969, loss=-0.2326]
Epoch 139/150 [train]:   0%|          | 0/26 [00:00<?, ?it/s, S=0.4013, loss=-0.2330]
Epoch 139/150 [train]:   0%|          | 0/26 [00:00<?, ?it/s, S=0.3954, loss=-0.2352]
Epoch 139/150 [train]:  23%|██▎       | 6/26 [00:00<00:00, 50.73it/s, S=0.3954, loss=-0.2352]
Epoch 139/150 [train]:  23%|██▎       | 6/26 [00:00<00:00, 50.73it/s, S=0.3980, loss=-0.2362]
Epoch 139/150 [train]:  23%|██▎       | 6/26 [00:00<00:00, 50.73it/s, S=0.3890, loss=-0.2126]
Epoch 139/150 [train]:  23%|██▎       | 6/26 [00:00<00:00, 50.73it/s, S=0.3922, loss=-0.2271]
Epoch 139/150 [train]:  23%|██▎       | 6/26 [00:00<00:00, 50.73it/s, S=0.3945, loss=-0.2323]
Epoch 139/150 [train]:  23%|██▎       | 6/26 [00:00<00:00, 50.73it/s, S=0.3933, loss=-0.2169]
Epoch 139/150 [train]:  23%|██▎       | 6/26 [00:00<00:00, 50.73it/s, S=0.3885, loss=-0.2216]
Epoch 139/150 [train]:  46%|████▌     | 12/26 [00:00<00:00, 50.57it/s, S=0.3885, loss=-0.2216]
Epoch 139/150 [train]:  46%|████▌     | 12/26 [00:00<00:00, 50.57it/s, S=0.3926, loss=-0.2192]
Epoch 139/150 [train]:  46%|████▌     | 12/26 [00:00<00:00, 50.57it/s, S=0.3940, loss=-0.2333]
Epoch 139/150 [train]:  46%|████▌     | 12/26 [00:00<00:00, 50.57it/s, S=0.3949, loss=-0.2227]
Epoch 139/150 [train]:  46%|████▌     | 12/26 [00:00<00:00, 50.57it/s, S=0.3988, loss=-0.2269]
Epoch 139/150 [train]:  46%|████▌     | 12/26 [00:00<00:00, 50.57it/s, S=0.4024, loss=-0.2427]
Epoch 139/150 [train]:  46%|████▌     | 12/26 [00:00<00:00, 50.57it/s, S=0.3978, loss=-0.2372]
Epoch 139/150 [train]:  69%|██████▉   | 18/26 [00:00<00:00, 50.56it/s, S=0.3978, loss=-0.2372]
Epoch 139/150 [train]:  69%|██████▉   | 18/26 [00:00<00:00, 50.56it/s, S=0.3990, loss=-0.2373]
Epoch 139/150 [train]:  69%|██████▉   | 18/26 [00:00<00:00, 50.56it/s, S=0.3973, loss=-0.2289]
Epoch 139/150 [train]:  69%|██████▉   | 18/26 [00:00<00:00, 50.56it/s, S=0.3985, loss=-0.2398]
Epoch 139/150 [train]:  69%|██████▉   | 18/26 [00:00<00:00, 50.56it/s, S=0.3907, loss=-0.2208]
Epoch 139/150 [train]:  69%|██████▉   | 18/26 [00:00<00:00, 50.56it/s, S=0.3949, loss=-0.2326]
Epoch 139/150 [train]:  69%|██████▉   | 18/26 [00:00<00:00, 50.56it/s, S=0.3980, loss=-0.2340]
Epoch 139/150 [train]:  92%|█████████▏| 24/26 [00:00<00:00, 50.58it/s, S=0.3980, loss=-0.2340]
Epoch 139/150 [train]:  92%|█████████▏| 24/26 [00:00<00:00, 50.58it/s, S=0.3941, loss=-0.2287]
Epoch 139/150 [train]:  92%|█████████▏| 24/26 [00:00<00:00, 50.58it/s, S=0.3960, loss=-0.2259]
                                                                                              
Epoch 139/150  train loss=-0.2296  val loss=-0.2299  S[mean]=0.4075  ζ=0.4690  mean_plane_ζ=0.3614  reg=0.1776  λscale=0.93  lr=2.30e-05

Epoch 140/150 [train]:   0%|          | 0/26 [00:00<?, ?it/s]
Epoch 140/150 [train]:   0%|          | 0/26 [00:00<?, ?it/s, S=0.3957, loss=-0.2370]
Epoch 140/150 [train]:   0%|          | 0/26 [00:00<?, ?it/s, S=0.4034, loss=-0.2373]
Epoch 140/150 [train]:   0%|          | 0/26 [00:00<?, ?it/s, S=0.3951, loss=-0.2324]
Epoch 140/150 [train]:   0%|          | 0/26 [00:00<?, ?it/s, S=0.3985, loss=-0.2366]
Epoch 140/150 [train]:   0%|          | 0/26 [00:00<?, ?it/s, S=0.3988, loss=-0.2358]
Epoch 140/150 [train]:   0%|          | 0/26 [00:00<?, ?it/s, S=0.3998, loss=-0.2404]
Epoch 140/150 [train]:  23%|██▎       | 6/26 [00:00<00:00, 50.68it/s, S=0.3998, loss=-0.2404]
Epoch 140/150 [train]:  23%|██▎       | 6/26 [00:00<00:00, 50.68it/s, S=0.3849, loss=-0.2077]
Epoch 140/150 [train]:  23%|██▎       | 6/26 [00:00<00:00, 50.68it/s, S=0.3947, loss=-0.2357]
Epoch 140/150 [train]:  23%|██▎       | 6/26 [00:00<00:00, 50.68it/s, S=0.4023, loss=-0.2307]
Epoch 140/150 [train]:  23%|██▎       | 6/26 [00:00<00:00, 50.68it/s, S=0.3946, loss=-0.2161]
Epoch 140/150 [train]:  23%|██▎       | 6/26 [00:00<00:00, 50.68it/s, S=0.3978, loss=-0.2320]
Epoch 140/150 [train]:  23%|██▎       | 6/26 [00:00<00:00, 50.68it/s, S=0.3951, loss=-0.2294]
Epoch 140/150 [train]:  46%|████▌     | 12/26 [00:00<00:00, 50.57it/s, S=0.3951, loss=-0.2294]
Epoch 140/150 [train]:  46%|████▌     | 12/26 [00:00<00:00, 50.57it/s, S=0.3961, loss=-0.2356]
Epoch 140/150 [train]:  46%|████▌     | 12/26 [00:00<00:00, 50.57it/s, S=0.3985, loss=-0.2418]
Epoch 140/150 [train]:  46%|████▌     | 12/26 [00:00<00:00, 50.57it/s, S=0.3975, loss=-0.2355]
Epoch 140/150 [train]:  46%|████▌     | 12/26 [00:00<00:00, 50.57it/s, S=0.3947, loss=-0.2210]
Epoch 140/150 [train]:  46%|████▌     | 12/26 [00:00<00:00, 50.57it/s, S=0.3986, loss=-0.2198]
Epoch 140/150 [train]:  46%|████▌     | 12/26 [00:00<00:00, 50.57it/s, S=0.3966, loss=-0.2238]
Epoch 140/150 [train]:  69%|██████▉   | 18/26 [00:00<00:00, 50.53it/s, S=0.3966, loss=-0.2238]
Epoch 140/150 [train]:  69%|██████▉   | 18/26 [00:00<00:00, 50.53it/s, S=0.3933, loss=-0.2305]
Epoch 140/150 [train]:  69%|██████▉   | 18/26 [00:00<00:00, 50.53it/s, S=0.3938, loss=-0.2192]
Epoch 140/150 [train]:  69%|██████▉   | 18/26 [00:00<00:00, 50.53it/s, S=0.3972, loss=-0.2236]
Epoch 140/150 [train]:  69%|██████▉   | 18/26 [00:00<00:00, 50.53it/s, S=0.3982, loss=-0.2286]
Epoch 140/150 [train]:  69%|██████▉   | 18/26 [00:00<00:00, 50.53it/s, S=0.3919, loss=-0.2356]
Epoch 140/150 [train]:  69%|██████▉   | 18/26 [00:00<00:00, 50.53it/s, S=0.3995, loss=-0.2370]
Epoch 140/150 [train]:  92%|█████████▏| 24/26 [00:00<00:00, 50.52it/s, S=0.3995, loss=-0.2370]
Epoch 140/150 [train]:  92%|█████████▏| 24/26 [00:00<00:00, 50.52it/s, S=0.3825, loss=-0.2121]
Epoch 140/150 [train]:  92%|█████████▏| 24/26 [00:00<00:00, 50.52it/s, S=0.3932, loss=-0.2322]
                                                                                              
Epoch 140/150  train loss=-0.2295  val loss=-0.2289  S[mean]=0.4074  ζ=0.4690  mean_plane_ζ=0.3614  reg=0.1785  λscale=0.94  lr=1.90e-05

Epoch 141/150 [train]:   0%|          | 0/26 [00:00<?, ?it/s]
Epoch 141/150 [train]:   0%|          | 0/26 [00:00<?, ?it/s, S=0.3944, loss=-0.2234]
Epoch 141/150 [train]:   0%|          | 0/26 [00:00<?, ?it/s, S=0.4042, loss=-0.2444]
Epoch 141/150 [train]:   0%|          | 0/26 [00:00<?, ?it/s, S=0.3961, loss=-0.2256]
Epoch 141/150 [train]:   0%|          | 0/26 [00:00<?, ?it/s, S=0.4009, loss=-0.2408]
Epoch 141/150 [train]:   0%|          | 0/26 [00:00<?, ?it/s, S=0.3961, loss=-0.2270]
Epoch 141/150 [train]:   0%|          | 0/26 [00:00<?, ?it/s, S=0.3974, loss=-0.2371]
Epoch 141/150 [train]:  23%|██▎       | 6/26 [00:00<00:00, 50.58it/s, S=0.3974, loss=-0.2371]
Epoch 141/150 [train]:  23%|██▎       | 6/26 [00:00<00:00, 50.58it/s, S=0.3959, loss=-0.2312]
Epoch 141/150 [train]:  23%|██▎       | 6/26 [00:00<00:00, 50.58it/s, S=0.3967, loss=-0.2344]
Epoch 141/150 [train]:  23%|██▎       | 6/26 [00:00<00:00, 50.58it/s, S=0.3898, loss=-0.2241]
Epoch 141/150 [train]:  23%|██▎       | 6/26 [00:00<00:00, 50.58it/s, S=0.3941, loss=-0.2156]
Epoch 141/150 [train]:  23%|██▎       | 6/26 [00:00<00:00, 50.58it/s, S=0.3879, loss=-0.2189]
Epoch 141/150 [train]:  23%|██▎       | 6/26 [00:00<00:00, 50.58it/s, S=0.3962, loss=-0.2329]
Epoch 141/150 [train]:  46%|████▌     | 12/26 [00:00<00:00, 50.68it/s, S=0.3962, loss=-0.2329]
Epoch 141/150 [train]:  46%|████▌     | 12/26 [00:00<00:00, 50.68it/s, S=0.3903, loss=-0.2084]
Epoch 141/150 [train]:  46%|████▌     | 12/26 [00:00<00:00, 50.68it/s, S=0.3953, loss=-0.2289]
Epoch 141/150 [train]:  46%|████▌     | 12/26 [00:00<00:00, 50.68it/s, S=0.4013, loss=-0.2442]
Epoch 141/150 [train]:  46%|████▌     | 12/26 [00:00<00:00, 50.68it/s, S=0.3915, loss=-0.2271]
Epoch 141/150 [train]:  46%|████▌     | 12/26 [00:00<00:00, 50.68it/s, S=0.4031, loss=-0.2376]
Epoch 141/150 [train]:  46%|████▌     | 12/26 [00:00<00:00, 50.68it/s, S=0.3988, loss=-0.2348]
Epoch 141/150 [train]:  69%|██████▉   | 18/26 [00:00<00:00, 50.71it/s, S=0.3988, loss=-0.2348]
Epoch 141/150 [train]:  69%|██████▉   | 18/26 [00:00<00:00, 50.71it/s, S=0.3970, loss=-0.2332]
Epoch 141/150 [train]:  69%|██████▉   | 18/26 [00:00<00:00, 50.71it/s, S=0.3942, loss=-0.2236]
Epoch 141/150 [train]:  69%|██████▉   | 18/26 [00:00<00:00, 50.71it/s, S=0.3932, loss=-0.2349]
Epoch 141/150 [train]:  69%|██████▉   | 18/26 [00:00<00:00, 50.71it/s, S=0.3929, loss=-0.2263]
Epoch 141/150 [train]:  69%|██████▉   | 18/26 [00:00<00:00, 50.71it/s, S=0.3936, loss=-0.2177]
Epoch 141/150 [train]:  69%|██████▉   | 18/26 [00:00<00:00, 50.71it/s, S=0.3912, loss=-0.2036]
Epoch 141/150 [train]:  92%|█████████▏| 24/26 [00:00<00:00, 50.64it/s, S=0.3912, loss=-0.2036]
Epoch 141/150 [train]:  92%|█████████▏| 24/26 [00:00<00:00, 50.64it/s, S=0.3968, loss=-0.2367]
Epoch 141/150 [train]:  92%|█████████▏| 24/26 [00:00<00:00, 50.64it/s, S=0.4036, loss=-0.2339]
                                                                                              
Epoch 141/150  train loss=-0.2287  val loss=-0.2278  S[mean]=0.4073  ζ=0.4689  mean_plane_ζ=0.3613  reg=0.1795  λscale=0.95  lr=1.55e-05

Epoch 142/150 [train]:   0%|          | 0/26 [00:00<?, ?it/s]
Epoch 142/150 [train]:   0%|          | 0/26 [00:00<?, ?it/s, S=0.3958, loss=-0.2307]
Epoch 142/150 [train]:   0%|          | 0/26 [00:00<?, ?it/s, S=0.4057, loss=-0.2359]
Epoch 142/150 [train]:   0%|          | 0/26 [00:00<?, ?it/s, S=0.3945, loss=-0.2332]
Epoch 142/150 [train]:   0%|          | 0/26 [00:00<?, ?it/s, S=0.3998, loss=-0.2312]
Epoch 142/150 [train]:   0%|          | 0/26 [00:00<?, ?it/s, S=0.3951, loss=-0.2297]
Epoch 142/150 [train]:   0%|          | 0/26 [00:00<?, ?it/s, S=0.3951, loss=-0.2285]
Epoch 142/150 [train]:  23%|██▎       | 6/26 [00:00<00:00, 50.64it/s, S=0.3951, loss=-0.2285]
Epoch 142/150 [train]:  23%|██▎       | 6/26 [00:00<00:00, 50.64it/s, S=0.3964, loss=-0.2299]
Epoch 142/150 [train]:  23%|██▎       | 6/26 [00:00<00:00, 50.64it/s, S=0.4026, loss=-0.2377]
Epoch 142/150 [train]:  23%|██▎       | 6/26 [00:00<00:00, 50.64it/s, S=0.3950, loss=-0.2249]
Epoch 142/150 [train]:  23%|██▎       | 6/26 [00:00<00:00, 50.64it/s, S=0.3931, loss=-0.2312]
Epoch 142/150 [train]:  23%|██▎       | 6/26 [00:00<00:00, 50.64it/s, S=0.3953, loss=-0.2199]
Epoch 142/150 [train]:  23%|██▎       | 6/26 [00:00<00:00, 50.64it/s, S=0.3973, loss=-0.2266]
Epoch 142/150 [train]:  46%|████▌     | 12/26 [00:00<00:00, 50.55it/s, S=0.3973, loss=-0.2266]
Epoch 142/150 [train]:  46%|████▌     | 12/26 [00:00<00:00, 50.55it/s, S=0.4021, loss=-0.2401]
Epoch 142/150 [train]:  46%|████▌     | 12/26 [00:00<00:00, 50.55it/s, S=0.3791, loss=-0.2125]
Epoch 142/150 [train]:  46%|████▌     | 12/26 [00:00<00:00, 50.55it/s, S=0.3968, loss=-0.2304]
Epoch 142/150 [train]:  46%|████▌     | 12/26 [00:00<00:00, 50.55it/s, S=0.3934, loss=-0.2101]
Epoch 142/150 [train]:  46%|████▌     | 12/26 [00:00<00:00, 50.55it/s, S=0.3916, loss=-0.2136]
Epoch 142/150 [train]:  46%|████▌     | 12/26 [00:00<00:00, 50.55it/s, S=0.3956, loss=-0.2199]
Epoch 142/150 [train]:  69%|██████▉   | 18/26 [00:00<00:00, 50.50it/s, S=0.3956, loss=-0.2199]
Epoch 142/150 [train]:  69%|██████▉   | 18/26 [00:00<00:00, 50.50it/s, S=0.3995, loss=-0.2355]
Epoch 142/150 [train]:  69%|██████▉   | 18/26 [00:00<00:00, 50.50it/s, S=0.3922, loss=-0.2125]
Epoch 142/150 [train]:  69%|██████▉   | 18/26 [00:00<00:00, 50.50it/s, S=0.3855, loss=-0.2007]
Epoch 142/150 [train]:  69%|██████▉   | 18/26 [00:00<00:00, 50.50it/s, S=0.3972, loss=-0.2277]
Epoch 142/150 [train]:  69%|██████▉   | 18/26 [00:00<00:00, 50.50it/s, S=0.3870, loss=-0.2153]
Epoch 142/150 [train]:  69%|██████▉   | 18/26 [00:00<00:00, 50.50it/s, S=0.3898, loss=-0.2157]
Epoch 142/150 [train]:  92%|█████████▏| 24/26 [00:00<00:00, 50.58it/s, S=0.3898, loss=-0.2157]
Epoch 142/150 [train]:  92%|█████████▏| 24/26 [00:00<00:00, 50.58it/s, S=0.3881, loss=-0.2220]
Epoch 142/150 [train]:  92%|█████████▏| 24/26 [00:00<00:00, 50.58it/s, S=0.3979, loss=-0.2233]
                                                                                              
Epoch 142/150  train loss=-0.2246  val loss=-0.2267  S[mean]=0.4072  ζ=0.4689  mean_plane_ζ=0.3613  reg=0.1805  λscale=0.95  lr=1.22e-05

Epoch 143/150 [train]:   0%|          | 0/26 [00:00<?, ?it/s]
Epoch 143/150 [train]:   0%|          | 0/26 [00:00<?, ?it/s, S=0.3913, loss=-0.2280]
Epoch 143/150 [train]:   0%|          | 0/26 [00:00<?, ?it/s, S=0.3935, loss=-0.2244]
Epoch 143/150 [train]:   0%|          | 0/26 [00:00<?, ?it/s, S=0.4059, loss=-0.2409]
Epoch 143/150 [train]:   0%|          | 0/26 [00:00<?, ?it/s, S=0.3946, loss=-0.2317]
Epoch 143/150 [train]:   0%|          | 0/26 [00:00<?, ?it/s, S=0.3919, loss=-0.2113]
Epoch 143/150 [train]:   0%|          | 0/26 [00:00<?, ?it/s, S=0.3939, loss=-0.2213]
Epoch 143/150 [train]:  23%|██▎       | 6/26 [00:00<00:00, 50.70it/s, S=0.3939, loss=-0.2213]
Epoch 143/150 [train]:  23%|██▎       | 6/26 [00:00<00:00, 50.70it/s, S=0.3976, loss=-0.2244]
Epoch 143/150 [train]:  23%|██▎       | 6/26 [00:00<00:00, 50.70it/s, S=0.3955, loss=-0.2220]
Epoch 143/150 [train]:  23%|██▎       | 6/26 [00:00<00:00, 50.70it/s, S=0.3952, loss=-0.2220]
Epoch 143/150 [train]:  23%|██▎       | 6/26 [00:00<00:00, 50.70it/s, S=0.3924, loss=-0.2284]
Epoch 143/150 [train]:  23%|██▎       | 6/26 [00:00<00:00, 50.70it/s, S=0.3919, loss=-0.2168]
Epoch 143/150 [train]:  23%|██▎       | 6/26 [00:00<00:00, 50.70it/s, S=0.3965, loss=-0.2251]
Epoch 143/150 [train]:  46%|████▌     | 12/26 [00:00<00:00, 50.58it/s, S=0.3965, loss=-0.2251]
Epoch 143/150 [train]:  46%|████▌     | 12/26 [00:00<00:00, 50.58it/s, S=0.3870, loss=-0.2203]
Epoch 143/150 [train]:  46%|████▌     | 12/26 [00:00<00:00, 50.58it/s, S=0.3998, loss=-0.2324]
Epoch 143/150 [train]:  46%|████▌     | 12/26 [00:00<00:00, 50.58it/s, S=0.4004, loss=-0.2329]
Epoch 143/150 [train]:  46%|████▌     | 12/26 [00:00<00:00, 50.58it/s, S=0.3981, loss=-0.2353]
Epoch 143/150 [train]:  46%|████▌     | 12/26 [00:00<00:00, 50.58it/s, S=0.3999, loss=-0.2373]
Epoch 143/150 [train]:  46%|████▌     | 12/26 [00:00<00:00, 50.58it/s, S=0.3862, loss=-0.2064]
Epoch 143/150 [train]:  69%|██████▉   | 18/26 [00:00<00:00, 50.47it/s, S=0.3862, loss=-0.2064]
Epoch 143/150 [train]:  69%|██████▉   | 18/26 [00:00<00:00, 50.47it/s, S=0.3993, loss=-0.2354]
Epoch 143/150 [train]:  69%|██████▉   | 18/26 [00:00<00:00, 50.47it/s, S=0.4017, loss=-0.2281]
Epoch 143/150 [train]:  69%|██████▉   | 18/26 [00:00<00:00, 50.47it/s, S=0.3908, loss=-0.2195]
Epoch 143/150 [train]:  69%|██████▉   | 18/26 [00:00<00:00, 50.47it/s, S=0.3994, loss=-0.2347]
Epoch 143/150 [train]:  69%|██████▉   | 18/26 [00:00<00:00, 50.47it/s, S=0.3956, loss=-0.2254]
Epoch 143/150 [train]:  69%|██████▉   | 18/26 [00:00<00:00, 50.47it/s, S=0.3914, loss=-0.2288]
Epoch 143/150 [train]:  92%|█████████▏| 24/26 [00:00<00:00, 50.48it/s, S=0.3914, loss=-0.2288]
Epoch 143/150 [train]:  92%|█████████▏| 24/26 [00:00<00:00, 50.48it/s, S=0.4013, loss=-0.2320]
Epoch 143/150 [train]:  92%|█████████▏| 24/26 [00:00<00:00, 50.48it/s, S=0.3964, loss=-0.2332]
                                                                                              
Epoch 143/150  train loss=-0.2268  val loss=-0.2257  S[mean]=0.4072  ζ=0.4689  mean_plane_ζ=0.3613  reg=0.1815  λscale=0.96  lr=9.39e-06

Epoch 144/150 [train]:   0%|          | 0/26 [00:00<?, ?it/s]
Epoch 144/150 [train]:   0%|          | 0/26 [00:00<?, ?it/s, S=0.3998, loss=-0.2276]
Epoch 144/150 [train]:   0%|          | 0/26 [00:00<?, ?it/s, S=0.3861, loss=-0.2048]
Epoch 144/150 [train]:   0%|          | 0/26 [00:00<?, ?it/s, S=0.3956, loss=-0.2308]
Epoch 144/150 [train]:   0%|          | 0/26 [00:00<?, ?it/s, S=0.3934, loss=-0.2269]
Epoch 144/150 [train]:   0%|          | 0/26 [00:00<?, ?it/s, S=0.3952, loss=-0.2304]
Epoch 144/150 [train]:   0%|          | 0/26 [00:00<?, ?it/s, S=0.3954, loss=-0.2226]
Epoch 144/150 [train]:  23%|██▎       | 6/26 [00:00<00:00, 50.69it/s, S=0.3954, loss=-0.2226]
Epoch 144/150 [train]:  23%|██▎       | 6/26 [00:00<00:00, 50.69it/s, S=0.4011, loss=-0.2342]
Epoch 144/150 [train]:  23%|██▎       | 6/26 [00:00<00:00, 50.69it/s, S=0.3931, loss=-0.2189]
Epoch 144/150 [train]:  23%|██▎       | 6/26 [00:00<00:00, 50.69it/s, S=0.3947, loss=-0.2258]
Epoch 144/150 [train]:  23%|██▎       | 6/26 [00:00<00:00, 50.69it/s, S=0.3962, loss=-0.2245]
Epoch 144/150 [train]:  23%|██▎       | 6/26 [00:00<00:00, 50.69it/s, S=0.3907, loss=-0.2198]
Epoch 144/150 [train]:  23%|██▎       | 6/26 [00:00<00:00, 50.69it/s, S=0.3998, loss=-0.2286]
Epoch 144/150 [train]:  46%|████▌     | 12/26 [00:00<00:00, 50.47it/s, S=0.3998, loss=-0.2286]
Epoch 144/150 [train]:  46%|████▌     | 12/26 [00:00<00:00, 50.47it/s, S=0.3854, loss=-0.1954]
Epoch 144/150 [train]:  46%|████▌     | 12/26 [00:00<00:00, 50.47it/s, S=0.3951, loss=-0.2324]
Epoch 144/150 [train]:  46%|████▌     | 12/26 [00:00<00:00, 50.47it/s, S=0.3925, loss=-0.2126]
Epoch 144/150 [train]:  46%|████▌     | 12/26 [00:00<00:00, 50.47it/s, S=0.3997, loss=-0.2337]
Epoch 144/150 [train]:  46%|████▌     | 12/26 [00:00<00:00, 50.47it/s, S=0.3975, loss=-0.2306]
Epoch 144/150 [train]:  46%|████▌     | 12/26 [00:00<00:00, 50.47it/s, S=0.3870, loss=-0.2105]
Epoch 144/150 [train]:  69%|██████▉   | 18/26 [00:00<00:00, 50.49it/s, S=0.3870, loss=-0.2105]
Epoch 144/150 [train]:  69%|██████▉   | 18/26 [00:00<00:00, 50.49it/s, S=0.3979, loss=-0.2365]
Epoch 144/150 [train]:  69%|██████▉   | 18/26 [00:00<00:00, 50.49it/s, S=0.3934, loss=-0.2254]
Epoch 144/150 [train]:  69%|██████▉   | 18/26 [00:00<00:00, 50.49it/s, S=0.3965, loss=-0.2290]
Epoch 144/150 [train]:  69%|██████▉   | 18/26 [00:00<00:00, 50.49it/s, S=0.4031, loss=-0.2266]
Epoch 144/150 [train]:  69%|██████▉   | 18/26 [00:00<00:00, 50.49it/s, S=0.3981, loss=-0.2356]
Epoch 144/150 [train]:  69%|██████▉   | 18/26 [00:00<00:00, 50.49it/s, S=0.3962, loss=-0.2316]
Epoch 144/150 [train]:  92%|█████████▏| 24/26 [00:00<00:00, 50.49it/s, S=0.3962, loss=-0.2316]
Epoch 144/150 [train]:  92%|█████████▏| 24/26 [00:00<00:00, 50.49it/s, S=0.3925, loss=-0.2121]
Epoch 144/150 [train]:  92%|█████████▏| 24/26 [00:00<00:00, 50.49it/s, S=0.3936, loss=-0.2174]
                                                                                              
Epoch 144/150  train loss=-0.2240  val loss=-0.2246  S[mean]=0.4072  ζ=0.4689  mean_plane_ζ=0.3613  reg=0.1825  λscale=0.96  lr=6.91e-06

Epoch 145/150 [train]:   0%|          | 0/26 [00:00<?, ?it/s]
Epoch 145/150 [train]:   0%|          | 0/26 [00:00<?, ?it/s, S=0.3976, loss=-0.2309]
Epoch 145/150 [train]:   0%|          | 0/26 [00:00<?, ?it/s, S=0.3977, loss=-0.2351]
Epoch 145/150 [train]:   0%|          | 0/26 [00:00<?, ?it/s, S=0.3919, loss=-0.2258]
Epoch 145/150 [train]:   0%|          | 0/26 [00:00<?, ?it/s, S=0.3920, loss=-0.2262]
Epoch 145/150 [train]:   0%|          | 0/26 [00:00<?, ?it/s, S=0.3965, loss=-0.2205]
Epoch 145/150 [train]:   0%|          | 0/26 [00:00<?, ?it/s, S=0.3927, loss=-0.2214]
Epoch 145/150 [train]:  23%|██▎       | 6/26 [00:00<00:00, 50.71it/s, S=0.3927, loss=-0.2214]
Epoch 145/150 [train]:  23%|██▎       | 6/26 [00:00<00:00, 50.71it/s, S=0.3941, loss=-0.2309]
Epoch 145/150 [train]:  23%|██▎       | 6/26 [00:00<00:00, 50.71it/s, S=0.3986, loss=-0.2191]
Epoch 145/150 [train]:  23%|██▎       | 6/26 [00:00<00:00, 50.71it/s, S=0.3923, loss=-0.2249]
Epoch 145/150 [train]:  23%|██▎       | 6/26 [00:00<00:00, 50.71it/s, S=0.4029, loss=-0.2244]
Epoch 145/150 [train]:  23%|██▎       | 6/26 [00:00<00:00, 50.71it/s, S=0.3962, loss=-0.2278]
Epoch 145/150 [train]:  23%|██▎       | 6/26 [00:00<00:00, 50.71it/s, S=0.4010, loss=-0.2250]
Epoch 145/150 [train]:  46%|████▌     | 12/26 [00:00<00:00, 50.57it/s, S=0.4010, loss=-0.2250]
Epoch 145/150 [train]:  46%|████▌     | 12/26 [00:00<00:00, 50.57it/s, S=0.3934, loss=-0.2259]
Epoch 145/150 [train]:  46%|████▌     | 12/26 [00:00<00:00, 50.57it/s, S=0.3961, loss=-0.2322]
Epoch 145/150 [train]:  46%|████▌     | 12/26 [00:00<00:00, 50.57it/s, S=0.3955, loss=-0.2183]
Epoch 145/150 [train]:  46%|████▌     | 12/26 [00:00<00:00, 50.57it/s, S=0.3894, loss=-0.2254]
Epoch 145/150 [train]:  46%|████▌     | 12/26 [00:00<00:00, 50.57it/s, S=0.3963, loss=-0.2287]
Epoch 145/150 [train]:  46%|████▌     | 12/26 [00:00<00:00, 50.57it/s, S=0.3964, loss=-0.2316]
Epoch 145/150 [train]:  69%|██████▉   | 18/26 [00:00<00:00, 50.57it/s, S=0.3964, loss=-0.2316]
Epoch 145/150 [train]:  69%|██████▉   | 18/26 [00:00<00:00, 50.57it/s, S=0.3919, loss=-0.2226]
Epoch 145/150 [train]:  69%|██████▉   | 18/26 [00:00<00:00, 50.57it/s, S=0.4026, loss=-0.2329]
Epoch 145/150 [train]:  69%|██████▉   | 18/26 [00:00<00:00, 50.57it/s, S=0.3920, loss=-0.2219]
Epoch 145/150 [train]:  69%|██████▉   | 18/26 [00:00<00:00, 50.57it/s, S=0.3932, loss=-0.2272]
Epoch 145/150 [train]:  69%|██████▉   | 18/26 [00:00<00:00, 50.57it/s, S=0.3933, loss=-0.2171]
Epoch 145/150 [train]:  69%|██████▉   | 18/26 [00:00<00:00, 50.57it/s, S=0.3958, loss=-0.2180]
Epoch 145/150 [train]:  92%|█████████▏| 24/26 [00:00<00:00, 50.62it/s, S=0.3958, loss=-0.2180]
Epoch 145/150 [train]:  92%|█████████▏| 24/26 [00:00<00:00, 50.62it/s, S=0.4016, loss=-0.2381]
Epoch 145/150 [train]:  92%|█████████▏| 24/26 [00:00<00:00, 50.62it/s, S=0.3959, loss=-0.2296]
                                                                                              
Epoch 145/150  train loss=-0.2262  val loss=-0.2235  S[mean]=0.4071  ζ=0.4689  mean_plane_ζ=0.3613  reg=0.1836  λscale=0.97  lr=4.80e-06

Epoch 146/150 [train]:   0%|          | 0/26 [00:00<?, ?it/s]
Epoch 146/150 [train]:   0%|          | 0/26 [00:00<?, ?it/s, S=0.4016, loss=-0.2302]
Epoch 146/150 [train]:   0%|          | 0/26 [00:00<?, ?it/s, S=0.3996, loss=-0.2282]
Epoch 146/150 [train]:   0%|          | 0/26 [00:00<?, ?it/s, S=0.3942, loss=-0.2204]
Epoch 146/150 [train]:   0%|          | 0/26 [00:00<?, ?it/s, S=0.3947, loss=-0.2237]
Epoch 146/150 [train]:   0%|          | 0/26 [00:00<?, ?it/s, S=0.4015, loss=-0.2354]
Epoch 146/150 [train]:   0%|          | 0/26 [00:00<?, ?it/s, S=0.4023, loss=-0.2342]
Epoch 146/150 [train]:  23%|██▎       | 6/26 [00:00<00:00, 50.64it/s, S=0.4023, loss=-0.2342]
Epoch 146/150 [train]:  23%|██▎       | 6/26 [00:00<00:00, 50.64it/s, S=0.4003, loss=-0.2323]
Epoch 146/150 [train]:  23%|██▎       | 6/26 [00:00<00:00, 50.64it/s, S=0.3971, loss=-0.2310]
Epoch 146/150 [train]:  23%|██▎       | 6/26 [00:00<00:00, 50.64it/s, S=0.4011, loss=-0.2317]
Epoch 146/150 [train]:  23%|██▎       | 6/26 [00:00<00:00, 50.64it/s, S=0.3912, loss=-0.2106]
Epoch 146/150 [train]:  23%|██▎       | 6/26 [00:00<00:00, 50.64it/s, S=0.3897, loss=-0.2195]
Epoch 146/150 [train]:  23%|██▎       | 6/26 [00:00<00:00, 50.64it/s, S=0.3966, loss=-0.2301]
Epoch 146/150 [train]:  46%|████▌     | 12/26 [00:00<00:00, 50.56it/s, S=0.3966, loss=-0.2301]
Epoch 146/150 [train]:  46%|████▌     | 12/26 [00:00<00:00, 50.56it/s, S=0.3893, loss=-0.2138]
Epoch 146/150 [train]:  46%|████▌     | 12/26 [00:00<00:00, 50.56it/s, S=0.3971, loss=-0.2318]
Epoch 146/150 [train]:  46%|████▌     | 12/26 [00:00<00:00, 50.56it/s, S=0.3926, loss=-0.2270]
Epoch 146/150 [train]:  46%|████▌     | 12/26 [00:00<00:00, 50.56it/s, S=0.3958, loss=-0.2221]
Epoch 146/150 [train]:  46%|████▌     | 12/26 [00:00<00:00, 50.56it/s, S=0.3958, loss=-0.2040]
Epoch 146/150 [train]:  46%|████▌     | 12/26 [00:00<00:00, 50.56it/s, S=0.3947, loss=-0.2300]
Epoch 146/150 [train]:  69%|██████▉   | 18/26 [00:00<00:00, 50.56it/s, S=0.3947, loss=-0.2300]
Epoch 146/150 [train]:  69%|██████▉   | 18/26 [00:00<00:00, 50.56it/s, S=0.4027, loss=-0.2384]
Epoch 146/150 [train]:  69%|██████▉   | 18/26 [00:00<00:00, 50.56it/s, S=0.3960, loss=-0.2200]
Epoch 146/150 [train]:  69%|██████▉   | 18/26 [00:00<00:00, 50.56it/s, S=0.3884, loss=-0.2112]
Epoch 146/150 [train]:  69%|██████▉   | 18/26 [00:00<00:00, 50.56it/s, S=0.3955, loss=-0.2254]
Epoch 146/150 [train]:  69%|██████▉   | 18/26 [00:00<00:00, 50.56it/s, S=0.4019, loss=-0.2396]
Epoch 146/150 [train]:  69%|██████▉   | 18/26 [00:00<00:00, 50.56it/s, S=0.3990, loss=-0.2307]
Epoch 146/150 [train]:  92%|█████████▏| 24/26 [00:00<00:00, 50.56it/s, S=0.3990, loss=-0.2307]
Epoch 146/150 [train]:  92%|█████████▏| 24/26 [00:00<00:00, 50.56it/s, S=0.3947, loss=-0.2291]
Epoch 146/150 [train]:  92%|█████████▏| 24/26 [00:00<00:00, 50.56it/s, S=0.3946, loss=-0.2244]
                                                                                              
Epoch 146/150  train loss=-0.2260  val loss=-0.2224  S[mean]=0.4071  ζ=0.4689  mean_plane_ζ=0.3613  reg=0.1847  λscale=0.98  lr=3.08e-06

Epoch 147/150 [train]:   0%|          | 0/26 [00:00<?, ?it/s]
Epoch 147/150 [train]:   0%|          | 0/26 [00:00<?, ?it/s, S=0.3895, loss=-0.2157]
Epoch 147/150 [train]:   0%|          | 0/26 [00:00<?, ?it/s, S=0.3968, loss=-0.2279]
Epoch 147/150 [train]:   0%|          | 0/26 [00:00<?, ?it/s, S=0.3910, loss=-0.2148]
Epoch 147/150 [train]:   0%|          | 0/26 [00:00<?, ?it/s, S=0.3922, loss=-0.2148]
Epoch 147/150 [train]:   0%|          | 0/26 [00:00<?, ?it/s, S=0.3890, loss=-0.2204]
Epoch 147/150 [train]:   0%|          | 0/26 [00:00<?, ?it/s, S=0.3943, loss=-0.2262]
Epoch 147/150 [train]:  23%|██▎       | 6/26 [00:00<00:00, 50.74it/s, S=0.3943, loss=-0.2262]
Epoch 147/150 [train]:  23%|██▎       | 6/26 [00:00<00:00, 50.74it/s, S=0.3935, loss=-0.2190]
Epoch 147/150 [train]:  23%|██▎       | 6/26 [00:00<00:00, 50.74it/s, S=0.3974, loss=-0.2281]
Epoch 147/150 [train]:  23%|██▎       | 6/26 [00:00<00:00, 50.74it/s, S=0.3973, loss=-0.2324]
Epoch 147/150 [train]:  23%|██▎       | 6/26 [00:00<00:00, 50.74it/s, S=0.3988, loss=-0.2251]
Epoch 147/150 [train]:  23%|██▎       | 6/26 [00:00<00:00, 50.74it/s, S=0.3983, loss=-0.2345]
Epoch 147/150 [train]:  23%|██▎       | 6/26 [00:00<00:00, 50.74it/s, S=0.3979, loss=-0.2240]
Epoch 147/150 [train]:  46%|████▌     | 12/26 [00:00<00:00, 50.61it/s, S=0.3979, loss=-0.2240]
Epoch 147/150 [train]:  46%|████▌     | 12/26 [00:00<00:00, 50.61it/s, S=0.3958, loss=-0.2235]
Epoch 147/150 [train]:  46%|████▌     | 12/26 [00:00<00:00, 50.61it/s, S=0.3878, loss=-0.2132]
Epoch 147/150 [train]:  46%|████▌     | 12/26 [00:00<00:00, 50.61it/s, S=0.3931, loss=-0.2249]
Epoch 147/150 [train]:  46%|████▌     | 12/26 [00:00<00:00, 50.61it/s, S=0.4002, loss=-0.2268]
Epoch 147/150 [train]:  46%|████▌     | 12/26 [00:00<00:00, 50.61it/s, S=0.4002, loss=-0.2226]
Epoch 147/150 [train]:  46%|████▌     | 12/26 [00:00<00:00, 50.61it/s, S=0.3923, loss=-0.2172]
Epoch 147/150 [train]:  69%|██████▉   | 18/26 [00:00<00:00, 50.56it/s, S=0.3923, loss=-0.2172]
Epoch 147/150 [train]:  69%|██████▉   | 18/26 [00:00<00:00, 50.56it/s, S=0.4003, loss=-0.2302]
Epoch 147/150 [train]:  69%|██████▉   | 18/26 [00:00<00:00, 50.56it/s, S=0.3927, loss=-0.2216]
Epoch 147/150 [train]:  69%|██████▉   | 18/26 [00:00<00:00, 50.56it/s, S=0.3895, loss=-0.2134]
Epoch 147/150 [train]:  69%|██████▉   | 18/26 [00:00<00:00, 50.56it/s, S=0.3978, loss=-0.2245]
Epoch 147/150 [train]:  69%|██████▉   | 18/26 [00:00<00:00, 50.56it/s, S=0.3965, loss=-0.2249]
Epoch 147/150 [train]:  69%|██████▉   | 18/26 [00:00<00:00, 50.56it/s, S=0.4012, loss=-0.2282]
Epoch 147/150 [train]:  92%|█████████▏| 24/26 [00:00<00:00, 50.52it/s, S=0.4012, loss=-0.2282]
Epoch 147/150 [train]:  92%|█████████▏| 24/26 [00:00<00:00, 50.52it/s, S=0.3947, loss=-0.2272]
Epoch 147/150 [train]:  92%|█████████▏| 24/26 [00:00<00:00, 50.52it/s, S=0.4045, loss=-0.2267]
                                                                                              
Epoch 147/150  train loss=-0.2234  val loss=-0.2213  S[mean]=0.4071  ζ=0.4689  mean_plane_ζ=0.3613  reg=0.1858  λscale=0.98  lr=1.73e-06

Epoch 148/150 [train]:   0%|          | 0/26 [00:00<?, ?it/s]
Epoch 148/150 [train]:   0%|          | 0/26 [00:00<?, ?it/s, S=0.3972, loss=-0.2148]
Epoch 148/150 [train]:   0%|          | 0/26 [00:00<?, ?it/s, S=0.3892, loss=-0.2226]
Epoch 148/150 [train]:   0%|          | 0/26 [00:00<?, ?it/s, S=0.3956, loss=-0.2297]
Epoch 148/150 [train]:   0%|          | 0/26 [00:00<?, ?it/s, S=0.3958, loss=-0.2219]
Epoch 148/150 [train]:   0%|          | 0/26 [00:00<?, ?it/s, S=0.3963, loss=-0.2244]
Epoch 148/150 [train]:   0%|          | 0/26 [00:00<?, ?it/s, S=0.3951, loss=-0.2262]
Epoch 148/150 [train]:  23%|██▎       | 6/26 [00:00<00:00, 50.70it/s, S=0.3951, loss=-0.2262]
Epoch 148/150 [train]:  23%|██▎       | 6/26 [00:00<00:00, 50.70it/s, S=0.3915, loss=-0.2253]
Epoch 148/150 [train]:  23%|██▎       | 6/26 [00:00<00:00, 50.70it/s, S=0.4002, loss=-0.2261]
Epoch 148/150 [train]:  23%|██▎       | 6/26 [00:00<00:00, 50.70it/s, S=0.3983, loss=-0.2229]
Epoch 148/150 [train]:  23%|██▎       | 6/26 [00:00<00:00, 50.70it/s, S=0.3945, loss=-0.2156]
Epoch 148/150 [train]:  23%|██▎       | 6/26 [00:00<00:00, 50.70it/s, S=0.3934, loss=-0.2134]
Epoch 148/150 [train]:  23%|██▎       | 6/26 [00:00<00:00, 50.70it/s, S=0.3992, loss=-0.2343]
Epoch 148/150 [train]:  46%|████▌     | 12/26 [00:00<00:00, 50.58it/s, S=0.3992, loss=-0.2343]
Epoch 148/150 [train]:  46%|████▌     | 12/26 [00:00<00:00, 50.58it/s, S=0.3906, loss=-0.2052]
Epoch 148/150 [train]:  46%|████▌     | 12/26 [00:00<00:00, 50.58it/s, S=0.3884, loss=-0.2175]
Epoch 148/150 [train]:  46%|████▌     | 12/26 [00:00<00:00, 50.58it/s, S=0.3923, loss=-0.2108]
Epoch 148/150 [train]:  46%|████▌     | 12/26 [00:00<00:00, 50.58it/s, S=0.3938, loss=-0.2121]
Epoch 148/150 [train]:  46%|████▌     | 12/26 [00:00<00:00, 50.58it/s, S=0.3932, loss=-0.2242]
Epoch 148/150 [train]:  46%|████▌     | 12/26 [00:00<00:00, 50.58it/s, S=0.4003, loss=-0.2254]
Epoch 148/150 [train]:  69%|██████▉   | 18/26 [00:00<00:00, 50.58it/s, S=0.4003, loss=-0.2254]
Epoch 148/150 [train]:  69%|██████▉   | 18/26 [00:00<00:00, 50.58it/s, S=0.3892, loss=-0.2158]
Epoch 148/150 [train]:  69%|██████▉   | 18/26 [00:00<00:00, 50.58it/s, S=0.4012, loss=-0.2296]
Epoch 148/150 [train]:  69%|██████▉   | 18/26 [00:00<00:00, 50.58it/s, S=0.4027, loss=-0.2384]
Epoch 148/150 [train]:  69%|██████▉   | 18/26 [00:00<00:00, 50.58it/s, S=0.3932, loss=-0.2226]
Epoch 148/150 [train]:  69%|██████▉   | 18/26 [00:00<00:00, 50.58it/s, S=0.3944, loss=-0.2197]
Epoch 148/150 [train]:  69%|██████▉   | 18/26 [00:00<00:00, 50.58it/s, S=0.4001, loss=-0.2266]
Epoch 148/150 [train]:  92%|█████████▏| 24/26 [00:00<00:00, 50.65it/s, S=0.4001, loss=-0.2266]
Epoch 148/150 [train]:  92%|█████████▏| 24/26 [00:00<00:00, 50.65it/s, S=0.3931, loss=-0.2132]
Epoch 148/150 [train]:  92%|█████████▏| 24/26 [00:00<00:00, 50.65it/s, S=0.3935, loss=-0.2238]
                                                                                              
Epoch 148/150  train loss=-0.2216  val loss=-0.2201  S[mean]=0.4071  ζ=0.4689  mean_plane_ζ=0.3613  reg=0.1869  λscale=0.99  lr=7.71e-07

Epoch 149/150 [train]:   0%|          | 0/26 [00:00<?, ?it/s]
Epoch 149/150 [train]:   0%|          | 0/26 [00:00<?, ?it/s, S=0.3875, loss=-0.2095]
Epoch 149/150 [train]:   0%|          | 0/26 [00:00<?, ?it/s, S=0.3899, loss=-0.2227]
Epoch 149/150 [train]:   0%|          | 0/26 [00:00<?, ?it/s, S=0.3868, loss=-0.2112]
Epoch 149/150 [train]:   0%|          | 0/26 [00:00<?, ?it/s, S=0.3921, loss=-0.2154]
Epoch 149/150 [train]:   0%|          | 0/26 [00:00<?, ?it/s, S=0.3995, loss=-0.2268]
Epoch 149/150 [train]:   0%|          | 0/26 [00:00<?, ?it/s, S=0.3909, loss=-0.2042]
Epoch 149/150 [train]:  23%|██▎       | 6/26 [00:00<00:00, 50.64it/s, S=0.3909, loss=-0.2042]
Epoch 149/150 [train]:  23%|██▎       | 6/26 [00:00<00:00, 50.64it/s, S=0.4127, loss=-0.2411]
Epoch 149/150 [train]:  23%|██▎       | 6/26 [00:00<00:00, 50.64it/s, S=0.3956, loss=-0.2162]
Epoch 149/150 [train]:  23%|██▎       | 6/26 [00:00<00:00, 50.64it/s, S=0.3995, loss=-0.2278]
Epoch 149/150 [train]:  23%|██▎       | 6/26 [00:00<00:00, 50.64it/s, S=0.3964, loss=-0.2263]
Epoch 149/150 [train]:  23%|██▎       | 6/26 [00:00<00:00, 50.64it/s, S=0.3963, loss=-0.2262]
Epoch 149/150 [train]:  23%|██▎       | 6/26 [00:00<00:00, 50.64it/s, S=0.3895, loss=-0.2184]
Epoch 149/150 [train]:  46%|████▌     | 12/26 [00:00<00:00, 50.59it/s, S=0.3895, loss=-0.2184]
Epoch 149/150 [train]:  46%|████▌     | 12/26 [00:00<00:00, 50.59it/s, S=0.3879, loss=-0.2065]
Epoch 149/150 [train]:  46%|████▌     | 12/26 [00:00<00:00, 50.59it/s, S=0.3949, loss=-0.2239]
Epoch 149/150 [train]:  46%|████▌     | 12/26 [00:00<00:00, 50.59it/s, S=0.3908, loss=-0.2087]
Epoch 149/150 [train]:  46%|████▌     | 12/26 [00:00<00:00, 50.59it/s, S=0.3995, loss=-0.2151]
Epoch 149/150 [train]:  46%|████▌     | 12/26 [00:00<00:00, 50.59it/s, S=0.3934, loss=-0.2253]
Epoch 149/150 [train]:  46%|████▌     | 12/26 [00:00<00:00, 50.59it/s, S=0.3994, loss=-0.2314]
Epoch 149/150 [train]:  69%|██████▉   | 18/26 [00:00<00:00, 50.49it/s, S=0.3994, loss=-0.2314]
Epoch 149/150 [train]:  69%|██████▉   | 18/26 [00:00<00:00, 50.49it/s, S=0.3943, loss=-0.2235]
Epoch 149/150 [train]:  69%|██████▉   | 18/26 [00:00<00:00, 50.49it/s, S=0.3953, loss=-0.2247]
Epoch 149/150 [train]:  69%|██████▉   | 18/26 [00:00<00:00, 50.49it/s, S=0.4010, loss=-0.2223]
Epoch 149/150 [train]:  69%|██████▉   | 18/26 [00:00<00:00, 50.49it/s, S=0.4047, loss=-0.2308]
Epoch 149/150 [train]:  69%|██████▉   | 18/26 [00:00<00:00, 50.49it/s, S=0.3971, loss=-0.2256]
Epoch 149/150 [train]:  69%|██████▉   | 18/26 [00:00<00:00, 50.49it/s, S=0.3960, loss=-0.2239]
Epoch 149/150 [train]:  92%|█████████▏| 24/26 [00:00<00:00, 50.50it/s, S=0.3960, loss=-0.2239]
Epoch 149/150 [train]:  92%|█████████▏| 24/26 [00:00<00:00, 50.50it/s, S=0.3896, loss=-0.2104]
Epoch 149/150 [train]:  92%|█████████▏| 24/26 [00:00<00:00, 50.50it/s, S=0.3982, loss=-0.2287]
                                                                                              
Epoch 149/150  train loss=-0.2210  val loss=-0.2190  S[mean]=0.4071  ζ=0.4689  mean_plane_ζ=0.3613  reg=0.1881  λscale=0.99  lr=1.93e-07

Epoch 150/150 [train]:   0%|          | 0/26 [00:00<?, ?it/s]
Epoch 150/150 [train]:   0%|          | 0/26 [00:00<?, ?it/s, S=0.3973, loss=-0.2217]
Epoch 150/150 [train]:   0%|          | 0/26 [00:00<?, ?it/s, S=0.3959, loss=-0.2213]
Epoch 150/150 [train]:   0%|          | 0/26 [00:00<?, ?it/s, S=0.3945, loss=-0.2207]
Epoch 150/150 [train]:   0%|          | 0/26 [00:00<?, ?it/s, S=0.3953, loss=-0.2151]
Epoch 150/150 [train]:   0%|          | 0/26 [00:00<?, ?it/s, S=0.3966, loss=-0.2263]
Epoch 150/150 [train]:   0%|          | 0/26 [00:00<?, ?it/s, S=0.3947, loss=-0.2105]
Epoch 150/150 [train]:  23%|██▎       | 6/26 [00:00<00:00, 50.53it/s, S=0.3947, loss=-0.2105]
Epoch 150/150 [train]:  23%|██▎       | 6/26 [00:00<00:00, 50.53it/s, S=0.3969, loss=-0.2169]
Epoch 150/150 [train]:  23%|██▎       | 6/26 [00:00<00:00, 50.53it/s, S=0.3946, loss=-0.2269]
Epoch 150/150 [train]:  23%|██▎       | 6/26 [00:00<00:00, 50.53it/s, S=0.3912, loss=-0.2164]
Epoch 150/150 [train]:  23%|██▎       | 6/26 [00:00<00:00, 50.53it/s, S=0.3933, loss=-0.2183]
Epoch 150/150 [train]:  23%|██▎       | 6/26 [00:00<00:00, 50.53it/s, S=0.3910, loss=-0.2112]
Epoch 150/150 [train]:  23%|██▎       | 6/26 [00:00<00:00, 50.53it/s, S=0.3964, loss=-0.2225]
Epoch 150/150 [train]:  46%|████▌     | 12/26 [00:00<00:00, 50.53it/s, S=0.3964, loss=-0.2225]
Epoch 150/150 [train]:  46%|████▌     | 12/26 [00:00<00:00, 50.53it/s, S=0.3926, loss=-0.2167]
Epoch 150/150 [train]:  46%|████▌     | 12/26 [00:00<00:00, 50.53it/s, S=0.3871, loss=-0.1937]
Epoch 150/150 [train]:  46%|████▌     | 12/26 [00:00<00:00, 50.53it/s, S=0.3935, loss=-0.2142]
Epoch 150/150 [train]:  46%|████▌     | 12/26 [00:00<00:00, 50.53it/s, S=0.3953, loss=-0.2241]
Epoch 150/150 [train]:  46%|████▌     | 12/26 [00:00<00:00, 50.53it/s, S=0.3924, loss=-0.2168]
Epoch 150/150 [train]:  46%|████▌     | 12/26 [00:00<00:00, 50.53it/s, S=0.3989, loss=-0.2307]
Epoch 150/150 [train]:  69%|██████▉   | 18/26 [00:00<00:00, 50.53it/s, S=0.3989, loss=-0.2307]
Epoch 150/150 [train]:  69%|██████▉   | 18/26 [00:00<00:00, 50.53it/s, S=0.4021, loss=-0.2354]
Epoch 150/150 [train]:  69%|██████▉   | 18/26 [00:00<00:00, 50.53it/s, S=0.4080, loss=-0.2381]
Epoch 150/150 [train]:  69%|██████▉   | 18/26 [00:00<00:00, 50.53it/s, S=0.3984, loss=-0.2178]
Epoch 150/150 [train]:  69%|██████▉   | 18/26 [00:00<00:00, 50.53it/s, S=0.4013, loss=-0.2293]
Epoch 150/150 [train]:  69%|██████▉   | 18/26 [00:00<00:00, 50.53it/s, S=0.3999, loss=-0.2238]
Epoch 150/150 [train]:  69%|██████▉   | 18/26 [00:00<00:00, 50.53it/s, S=0.3874, loss=-0.2072]
Epoch 150/150 [train]:  92%|█████████▏| 24/26 [00:00<00:00, 50.53it/s, S=0.3874, loss=-0.2072]
Epoch 150/150 [train]:  92%|█████████▏| 24/26 [00:00<00:00, 50.53it/s, S=0.3964, loss=-0.2165]
Epoch 150/150 [train]:  92%|█████████▏| 24/26 [00:00<00:00, 50.53it/s, S=0.3951, loss=-0.2247]
                                                                                              
Epoch 150/150  train loss=-0.2199  val loss=-0.2179  S[mean]=0.4071  ζ=0.4689  mean_plane_ζ=0.3613  reg=0.1892  λscale=1.00  lr=5.00e-04

==================================================
Training complete
  Final train loss    : -0.2199
  Best val ζ          : 0.4698
  Val loss at best ζ  : -0.2394
  Wall-clock time     : 83.7 s  (1.4 min)
  Checkpoint          : /home/omo26/Non-Rev-Owen/mcmaze/runs/20260731_072903_d256_h256_dep2_bs64_ep150_lr5e-04_lxp0.0_lbt0.0_lcca10.0_sig10.0_s4/checkpoints/best.pt
  Loss curve          : '/home/omo26/Non-Rev-Owen/mcmaze/runs/20260731_072903_d256_h256_dep2_bs64_ep150_lr5e-04_lxp0.0_lbt0.0_lcca10.0_sig10.0_s4/outputs/loss_curve.png'
==================================================

Skipping diagnostic plots because SKIP_DIAGNOSTICS=1.
Appended best-model val metrics → /home/omo26/Non-Rev-Owen/mcmaze/runs/20260731_072903_d256_h256_dep2_bs64_ep150_lr5e-04_lxp0.0_lbt0.0_lcca10.0_sig10.0_s4/about.txt
