sweep,dimension,seed,lambda_start_frac,lambda_block_cca,odd_plane_fraction,antisymmetric_planes,symmetric_planes,n_planes,checkpoint_selection,saved_checkpoint_epoch,checkpoint_path,mean_val_zeta,zeta_emb,zeta_mean,zeta_source,frozen_decoder_r2_mean,frozen_decoder_rmse_mean,frozen_decoder_r2_x,frozen_decoder_r2_y,frozen_decoder_rmse_x,frozen_decoder_rmse_y,run_dir,checkpoint_lambda_scale,checkpoint_regularization_lambda,embedding_val_zeta,embedding_whole_val_regularization_raw,train_log,finetune_log,finetune_metrics,frozen_decoder_feature_layer,frozen_decoder_feature_dim,finetuned_decoder_feature_layer,finetuned_decoder_feature_dim,finetuned_decoder_rmse_x,finetuned_decoder_rmse_y,finetuned_decoder_rmse_mean,finetuned_decoder_r2_x,finetuned_decoder_r2_y,finetuned_decoder_r2_mean,odd_plane_percent
cca_sweep_constant_lambda,128,0,1.0,0.5,,,,,best_val_mean_plane_zeta,47,/home/omo26/Non-Rev-Owen/mcmaze/runs/20260730_170308_d128_h256_dep2_bs64_ep150_lr5e-04_lxp0.0_lbt0.0_lcca0.5_sig10.0_s0/checkpoints/best.pt,0.4786302745,0.43975433707237244,0.4786302745,checkpoint,0.8924221992492676,79.41445922851562,0.9123099446296692,0.8725345134735107,76.00086212158203,82.68563842773438,/home/omo26/Non-Rev-Owen/mcmaze/runs/20260730_170308_d128_h256_dep2_bs64_ep150_lr5e-04_lxp0.0_lbt0.0_lcca0.5_sig10.0_s0,1.000000,0.5,0.43975433707237244,0.262781,/home/omo26/Non-Rev-Owen/mcmaze/cca_sweep_constant_lambda/logs/lsf1p0_lcca0p5_s0_main.log,/home/omo26/Non-Rev-Owen/mcmaze/cca_sweep_constant_lambda/logs/lsf1p0_lcca0p5_s0_finetune.log,/home/omo26/Non-Rev-Owen/mcmaze/runs/20260730_170308_d128_h256_dep2_bs64_ep150_lr5e-04_lxp0.0_lbt0.0_lcca0.5_sig10.0_s0/outputs/velocity_prediction_finetune_100ms_hidden/metrics.csv,hidden,512,hidden,512,69.72818756103516,76.22225952148438,73.04817199707031,0.9261875152587891,0.8916831016540527,0.9089353084564209,
cca_sweep_constant_lambda,128,1,1.0,0.5,,,,,best_val_mean_plane_zeta,49,/home/omo26/Non-Rev-Owen/mcmaze/runs/20260730_170634_d128_h256_dep2_bs64_ep150_lr5e-04_lxp0.0_lbt0.0_lcca0.5_sig10.0_s1/checkpoints/best.pt,0.501013875,0.4476284252272712,0.501013875,checkpoint,0.8893756866455078,79.53634643554688,0.906043529510498,0.8727077841758728,77.25285339355469,81.75434112548828,/home/omo26/Non-Rev-Owen/mcmaze/runs/20260730_170634_d128_h256_dep2_bs64_ep150_lr5e-04_lxp0.0_lbt0.0_lcca0.5_sig10.0_s1,1.000000,0.5,0.4476284252272712,0.259356,/home/omo26/Non-Rev-Owen/mcmaze/cca_sweep_constant_lambda/logs/lsf1p0_lcca0p5_s1_main.log,/home/omo26/Non-Rev-Owen/mcmaze/cca_sweep_constant_lambda/logs/lsf1p0_lcca0p5_s1_finetune.log,/home/omo26/Non-Rev-Owen/mcmaze/runs/20260730_170634_d128_h256_dep2_bs64_ep150_lr5e-04_lxp0.0_lbt0.0_lcca0.5_sig10.0_s1/outputs/velocity_prediction_finetune_100ms_hidden/metrics.csv,hidden,512,hidden,512,72.43891143798828,75.46792602539062,73.96963500976562,0.9173883199691772,0.8915311694145203,0.9044597148895264,
cca_sweep_constant_lambda,128,2,1.0,0.5,,,,,best_val_mean_plane_zeta,38,/home/omo26/Non-Rev-Owen/mcmaze/runs/20260730_171001_d128_h256_dep2_bs64_ep150_lr5e-04_lxp0.0_lbt0.0_lcca0.5_sig10.0_s2/checkpoints/best.pt,0.4975481927,0.45432692103915745,0.4975481927,checkpoint,0.8914238214492798,78.38570404052734,0.9125807285308838,0.8702669739723206,74.37589263916016,82.19892120361328,/home/omo26/Non-Rev-Owen/mcmaze/runs/20260730_171001_d128_h256_dep2_bs64_ep150_lr5e-04_lxp0.0_lbt0.0_lcca0.5_sig10.0_s2,1.000000,0.5,0.45432692103915745,0.271904,/home/omo26/Non-Rev-Owen/mcmaze/cca_sweep_constant_lambda/logs/lsf1p0_lcca0p5_s2_main.log,/home/omo26/Non-Rev-Owen/mcmaze/cca_sweep_constant_lambda/logs/lsf1p0_lcca0p5_s2_finetune.log,/home/omo26/Non-Rev-Owen/mcmaze/runs/20260730_171001_d128_h256_dep2_bs64_ep150_lr5e-04_lxp0.0_lbt0.0_lcca0.5_sig10.0_s2/outputs/velocity_prediction_finetune_100ms_hidden/metrics.csv,hidden,512,hidden,512,68.22254943847656,74.34800720214844,71.3519287109375,0.926447331905365,0.8938654065132141,0.9101563692092896,
cca_sweep_constant_lambda,128,3,1.0,0.5,,,,,best_val_mean_plane_zeta,86,/home/omo26/Non-Rev-Owen/mcmaze/runs/20260730_171329_d128_h256_dep2_bs64_ep150_lr5e-04_lxp0.0_lbt0.0_lcca0.5_sig10.0_s3/checkpoints/best.pt,0.4996013045,0.4635683596134186,0.4996013045,checkpoint,0.8955701589584351,77.81244659423828,0.9093570113182068,0.8817833662033081,75.43919372558594,80.11380004882812,/home/omo26/Non-Rev-Owen/mcmaze/runs/20260730_171329_d128_h256_dep2_bs64_ep150_lr5e-04_lxp0.0_lbt0.0_lcca0.5_sig10.0_s3,1.000000,0.5,0.4635683596134186,0.216439,/home/omo26/Non-Rev-Owen/mcmaze/cca_sweep_constant_lambda/logs/lsf1p0_lcca0p5_s3_main.log,/home/omo26/Non-Rev-Owen/mcmaze/cca_sweep_constant_lambda/logs/lsf1p0_lcca0p5_s3_finetune.log,/home/omo26/Non-Rev-Owen/mcmaze/runs/20260730_171329_d128_h256_dep2_bs64_ep150_lr5e-04_lxp0.0_lbt0.0_lcca0.5_sig10.0_s3/outputs/velocity_prediction_finetune_100ms_hidden/metrics.csv,hidden,512,hidden,512,69.36715698242188,74.03231811523438,71.73851776123047,0.9233613014221191,0.8990498781204224,0.9112055897712708,
cca_sweep_constant_lambda,128,4,1.0,0.5,,,,,best_val_mean_plane_zeta,50,/home/omo26/Non-Rev-Owen/mcmaze/runs/20260730_171659_d128_h256_dep2_bs64_ep150_lr5e-04_lxp0.0_lbt0.0_lcca0.5_sig10.0_s4/checkpoints/best.pt,0.4906962514,0.44777968525886536,0.4906962514,checkpoint,0.8917691707611084,78.61886596679688,0.9112657308578491,0.8722726106643677,75.04660034179688,82.03431701660156,/home/omo26/Non-Rev-Owen/mcmaze/runs/20260730_171659_d128_h256_dep2_bs64_ep150_lr5e-04_lxp0.0_lbt0.0_lcca0.5_sig10.0_s4,1.000000,0.5,0.44777968525886536,0.248223,/home/omo26/Non-Rev-Owen/mcmaze/cca_sweep_constant_lambda/logs/lsf1p0_lcca0p5_s4_main.log,/home/omo26/Non-Rev-Owen/mcmaze/cca_sweep_constant_lambda/logs/lsf1p0_lcca0p5_s4_finetune.log,/home/omo26/Non-Rev-Owen/mcmaze/runs/20260730_171659_d128_h256_dep2_bs64_ep150_lr5e-04_lxp0.0_lbt0.0_lcca0.5_sig10.0_s4/outputs/velocity_prediction_finetune_100ms_hidden/metrics.csv,hidden,512,hidden,512,70.13538360595703,74.91300964355469,72.56450653076172,0.9224996566772461,0.8934857845306396,0.9079927206039429,
cca_sweep_constant_lambda,128,0,1.0,1.0,,,,,best_val_mean_plane_zeta,108,/home/omo26/Non-Rev-Owen/mcmaze/runs/20260730_172029_d128_h256_dep2_bs64_ep150_lr5e-04_lxp0.0_lbt0.0_lcca1.0_sig10.0_s0/checkpoints/best.pt,0.5007768273,0.45265888836648727,0.5007768273,checkpoint,0.8980934619903564,77.33306121826172,0.9159164428710938,0.8802704215049744,74.42159271240234,80.13724517822266,/home/omo26/Non-Rev-Owen/mcmaze/runs/20260730_172029_d128_h256_dep2_bs64_ep150_lr5e-04_lxp0.0_lbt0.0_lcca1.0_sig10.0_s0,1.000000,1.0,0.45265888836648727,0.125038,/home/omo26/Non-Rev-Owen/mcmaze/cca_sweep_constant_lambda/logs/lsf1p0_lcca1p0_s0_main.log,/home/omo26/Non-Rev-Owen/mcmaze/cca_sweep_constant_lambda/logs/lsf1p0_lcca1p0_s0_finetune.log,/home/omo26/Non-Rev-Owen/mcmaze/runs/20260730_172029_d128_h256_dep2_bs64_ep150_lr5e-04_lxp0.0_lbt0.0_lcca1.0_sig10.0_s0/outputs/velocity_prediction_finetune_100ms_hidden/metrics.csv,hidden,512,hidden,512,69.42762756347656,75.59656524658203,72.57835388183594,0.9268224239349365,0.8934541344642639,0.9101382493972778,
cca_sweep_constant_lambda,128,1,1.0,1.0,,,,,best_val_mean_plane_zeta,150,/home/omo26/Non-Rev-Owen/mcmaze/runs/20260730_172358_d128_h256_dep2_bs64_ep150_lr5e-04_lxp0.0_lbt0.0_lcca1.0_sig10.0_s1/checkpoints/best.pt,0.5000902414,0.44760573241445756,0.5000902414,checkpoint,0.8950281143188477,77.54443359375,0.9089598655700684,0.8810964226722717,76.04447174072266,79.01461029052734,/home/omo26/Non-Rev-Owen/mcmaze/runs/20260730_172358_d128_h256_dep2_bs64_ep150_lr5e-04_lxp0.0_lbt0.0_lcca1.0_sig10.0_s1,1.000000,1.0,0.44760573241445756,0.111756,/home/omo26/Non-Rev-Owen/mcmaze/cca_sweep_constant_lambda/logs/lsf1p0_lcca1p0_s1_main.log,/home/omo26/Non-Rev-Owen/mcmaze/cca_sweep_constant_lambda/logs/lsf1p0_lcca1p0_s1_finetune.log,/home/omo26/Non-Rev-Owen/mcmaze/runs/20260730_172358_d128_h256_dep2_bs64_ep150_lr5e-04_lxp0.0_lbt0.0_lcca1.0_sig10.0_s1/outputs/velocity_prediction_finetune_100ms_hidden/metrics.csv,hidden,512,hidden,512,70.5426025390625,74.01451110839844,72.30029296875,0.9216569662094116,0.8956688642501831,0.9086629152297974,
cca_sweep_constant_lambda,128,2,1.0,1.0,,,,,best_val_mean_plane_zeta,124,/home/omo26/Non-Rev-Owen/mcmaze/runs/20260730_172924_d128_h256_dep2_bs64_ep150_lr5e-04_lxp0.0_lbt0.0_lcca1.0_sig10.0_s2/checkpoints/best.pt,0.491833806,0.4529387487305535,0.491833806,checkpoint,0.8924363851547241,78.03256225585938,0.913024365901947,0.871848464012146,74.18693542480469,81.69635772705078,/home/omo26/Non-Rev-Owen/mcmaze/runs/20260730_172924_d128_h256_dep2_bs64_ep150_lr5e-04_lxp0.0_lbt0.0_lcca1.0_sig10.0_s2,1.000000,1.0,0.4529387487305535,0.115363,/home/omo26/Non-Rev-Owen/mcmaze/cca_sweep_constant_lambda/logs/lsf1p0_lcca1p0_s2_main.log,/home/omo26/Non-Rev-Owen/mcmaze/cca_sweep_constant_lambda/logs/lsf1p0_lcca1p0_s2_finetune.log,/home/omo26/Non-Rev-Owen/mcmaze/runs/20260730_172924_d128_h256_dep2_bs64_ep150_lr5e-04_lxp0.0_lbt0.0_lcca1.0_sig10.0_s2/outputs/velocity_prediction_finetune_100ms_hidden/metrics.csv,hidden,512,hidden,512,68.3415298461914,74.54139709472656,71.50957489013672,0.9261905550956726,0.8933125734329224,0.9097515344619751,
cca_sweep_constant_lambda,128,3,1.0,1.0,,,,,best_val_mean_plane_zeta,100,/home/omo26/Non-Rev-Owen/mcmaze/runs/20260730_173453_d128_h256_dep2_bs64_ep150_lr5e-04_lxp0.0_lbt0.0_lcca1.0_sig10.0_s3/checkpoints/best.pt,0.4869042337,0.44605321023199296,0.4869042337,checkpoint,0.8955401182174683,77.8148193359375,0.9096490740776062,0.8814312219619751,75.31755065917969,80.2330322265625,/home/omo26/Non-Rev-Owen/mcmaze/runs/20260730_173453_d128_h256_dep2_bs64_ep150_lr5e-04_lxp0.0_lbt0.0_lcca1.0_sig10.0_s3,1.000000,1.0,0.44605321023199296,0.122690,/home/omo26/Non-Rev-Owen/mcmaze/cca_sweep_constant_lambda/logs/lsf1p0_lcca1p0_s3_main.log,/home/omo26/Non-Rev-Owen/mcmaze/cca_sweep_constant_lambda/logs/lsf1p0_lcca1p0_s3_finetune.log,/home/omo26/Non-Rev-Owen/mcmaze/runs/20260730_173453_d128_h256_dep2_bs64_ep150_lr5e-04_lxp0.0_lbt0.0_lcca1.0_sig10.0_s3/outputs/velocity_prediction_finetune_100ms_hidden/metrics.csv,hidden,512,hidden,512,69.7347183227539,74.4698715209961,72.14195251464844,0.9225469827651978,0.8978530764579773,0.9101999998092651,
cca_sweep_constant_lambda,128,4,1.0,1.0,,,,,best_val_mean_plane_zeta,149,/home/omo26/Non-Rev-Owen/mcmaze/runs/20260730_173819_d128_h256_dep2_bs64_ep150_lr5e-04_lxp0.0_lbt0.0_lcca1.0_sig10.0_s4/checkpoints/best.pt,0.4941964149,0.44146174523565507,0.4941964149,checkpoint,0.8941975831985474,77.83341979980469,0.9103269577026367,0.8780681490898132,75.44252014160156,80.15158081054688,/home/omo26/Non-Rev-Owen/mcmaze/runs/20260730_173819_d128_h256_dep2_bs64_ep150_lr5e-04_lxp0.0_lbt0.0_lcca1.0_sig10.0_s4,1.000000,1.0,0.44146174523565507,0.112638,/home/omo26/Non-Rev-Owen/mcmaze/cca_sweep_constant_lambda/logs/lsf1p0_lcca1p0_s4_main.log,/home/omo26/Non-Rev-Owen/mcmaze/cca_sweep_constant_lambda/logs/lsf1p0_lcca1p0_s4_finetune.log,/home/omo26/Non-Rev-Owen/mcmaze/runs/20260730_173819_d128_h256_dep2_bs64_ep150_lr5e-04_lxp0.0_lbt0.0_lcca1.0_sig10.0_s4/outputs/velocity_prediction_finetune_100ms_hidden/metrics.csv,hidden,512,hidden,512,68.93698120117188,73.62273406982422,71.31913757324219,0.9251254796981812,0.8971233367919922,0.9111244082450867,
cca_sweep_constant_lambda,128,0,1.0,2.0,,,,,best_val_mean_plane_zeta,92,/home/omo26/Non-Rev-Owen/mcmaze/runs/20260730_174148_d128_h256_dep2_bs64_ep150_lr5e-04_lxp0.0_lbt0.0_lcca2.0_sig10.0_s0/checkpoints/best.pt,0.3295271993,0.40787867705027264,0.3295271993,checkpoint,0.8805408477783203,83.83133697509766,0.8986176252365112,0.8624640107154846,81.71929168701172,85.88986206054688,/home/omo26/Non-Rev-Owen/mcmaze/runs/20260730_174148_d128_h256_dep2_bs64_ep150_lr5e-04_lxp0.0_lbt0.0_lcca2.0_sig10.0_s0,1.000000,2.0,0.40787867705027264,0.026797,/home/omo26/Non-Rev-Owen/mcmaze/cca_sweep_constant_lambda/logs/lsf1p0_lcca2p0_s0_main.log,/home/omo26/Non-Rev-Owen/mcmaze/cca_sweep_constant_lambda/logs/lsf1p0_lcca2p0_s0_finetune.log,/home/omo26/Non-Rev-Owen/mcmaze/runs/20260730_174148_d128_h256_dep2_bs64_ep150_lr5e-04_lxp0.0_lbt0.0_lcca2.0_sig10.0_s0/outputs/velocity_prediction_finetune_100ms_hidden/metrics.csv,hidden,512,hidden,512,71.39163970947266,76.88789367675781,74.19195556640625,0.9226236939430237,0.8897830247879028,0.9062033891677856,
cca_sweep_constant_lambda,128,1,1.0,2.0,,,,,best_val_mean_plane_zeta,135,/home/omo26/Non-Rev-Owen/mcmaze/runs/20260730_174514_d128_h256_dep2_bs64_ep150_lr5e-04_lxp0.0_lbt0.0_lcca2.0_sig10.0_s1/checkpoints/best.pt,0.3288123012,0.3969182007842594,0.3288123012,checkpoint,0.8778696060180664,83.64668273925781,0.8939565420150757,0.8617826104164124,82.07166290283203,85.19052124023438,/home/omo26/Non-Rev-Owen/mcmaze/runs/20260730_174514_d128_h256_dep2_bs64_ep150_lr5e-04_lxp0.0_lbt0.0_lcca2.0_sig10.0_s1,1.000000,2.0,0.3969182007842594,0.028345,/home/omo26/Non-Rev-Owen/mcmaze/cca_sweep_constant_lambda/logs/lsf1p0_lcca2p0_s1_main.log,/home/omo26/Non-Rev-Owen/mcmaze/cca_sweep_constant_lambda/logs/lsf1p0_lcca2p0_s1_finetune.log,/home/omo26/Non-Rev-Owen/mcmaze/runs/20260730_174514_d128_h256_dep2_bs64_ep150_lr5e-04_lxp0.0_lbt0.0_lcca2.0_sig10.0_s1/outputs/velocity_prediction_finetune_100ms_hidden/metrics.csv,hidden,512,hidden,512,73.28631591796875,76.44253540039062,74.88214874267578,0.9154442548751831,0.8887115120887756,0.9020779132843018,
cca_sweep_constant_lambda,128,2,1.0,2.0,,,,,best_val_mean_plane_zeta,104,/home/omo26/Non-Rev-Owen/mcmaze/runs/20260730_174843_d128_h256_dep2_bs64_ep150_lr5e-04_lxp0.0_lbt0.0_lcca2.0_sig10.0_s2/checkpoints/best.pt,0.3603904843,0.4672422144148085,0.3603904843,checkpoint,0.8981466889381409,75.96082305908203,0.9168959259986877,0.879397451877594,72.5169906616211,79.25360870361328,/home/omo26/Non-Rev-Owen/mcmaze/runs/20260730_174843_d128_h256_dep2_bs64_ep150_lr5e-04_lxp0.0_lbt0.0_lcca2.0_sig10.0_s2,1.000000,2.0,0.4672422144148085,0.032424,/home/omo26/Non-Rev-Owen/mcmaze/cca_sweep_constant_lambda/logs/lsf1p0_lcca2p0_s2_main.log,/home/omo26/Non-Rev-Owen/mcmaze/cca_sweep_constant_lambda/logs/lsf1p0_lcca2p0_s2_finetune.log,/home/omo26/Non-Rev-Owen/mcmaze/runs/20260730_174843_d128_h256_dep2_bs64_ep150_lr5e-04_lxp0.0_lbt0.0_lcca2.0_sig10.0_s2/outputs/velocity_prediction_finetune_100ms_hidden/metrics.csv,hidden,512,hidden,512,67.02804565429688,71.95423889160156,69.53546142578125,0.9290004372596741,0.9005897641181946,0.9147951006889343,
cca_sweep_constant_lambda,128,3,1.0,2.0,,,,,best_val_mean_plane_zeta,121,/home/omo26/Non-Rev-Owen/mcmaze/runs/20260730_175213_d128_h256_dep2_bs64_ep150_lr5e-04_lxp0.0_lbt0.0_lcca2.0_sig10.0_s3/checkpoints/best.pt,0.3311130404,0.43211426006423104,0.3311130404,checkpoint,0.8992257714271545,76.35484313964844,0.9155336022377014,0.8829179406166077,72.82357025146484,79.72842407226562,/home/omo26/Non-Rev-Owen/mcmaze/runs/20260730_175213_d128_h256_dep2_bs64_ep150_lr5e-04_lxp0.0_lbt0.0_lcca2.0_sig10.0_s3,1.000000,2.0,0.43211426006423104,0.034768,/home/omo26/Non-Rev-Owen/mcmaze/cca_sweep_constant_lambda/logs/lsf1p0_lcca2p0_s3_main.log,/home/omo26/Non-Rev-Owen/mcmaze/cca_sweep_constant_lambda/logs/lsf1p0_lcca2p0_s3_finetune.log,/home/omo26/Non-Rev-Owen/mcmaze/runs/20260730_175213_d128_h256_dep2_bs64_ep150_lr5e-04_lxp0.0_lbt0.0_lcca2.0_sig10.0_s3/outputs/velocity_prediction_finetune_100ms_hidden/metrics.csv,hidden,512,hidden,512,67.51222229003906,73.20761108398438,70.4183120727539,0.9274052977561951,0.9012864828109741,0.9143458604812622,
cca_sweep_constant_lambda,128,4,1.0,2.0,,,,,best_val_mean_plane_zeta,92,/home/omo26/Non-Rev-Owen/mcmaze/runs/20260730_175540_d128_h256_dep2_bs64_ep150_lr5e-04_lxp0.0_lbt0.0_lcca2.0_sig10.0_s4/checkpoints/best.pt,0.3389428854,0.4481198787689209,0.3389428854,checkpoint,0.8993872404098511,75.8363265991211,0.9165339469909668,0.8822405934333801,72.78472900390625,78.76828002929688,/home/omo26/Non-Rev-Owen/mcmaze/runs/20260730_175540_d128_h256_dep2_bs64_ep150_lr5e-04_lxp0.0_lbt0.0_lcca2.0_sig10.0_s4,1.000000,2.0,0.4481198787689209,0.035297,/home/omo26/Non-Rev-Owen/mcmaze/cca_sweep_constant_lambda/logs/lsf1p0_lcca2p0_s4_main.log,/home/omo26/Non-Rev-Owen/mcmaze/cca_sweep_constant_lambda/logs/lsf1p0_lcca2p0_s4_finetune.log,/home/omo26/Non-Rev-Owen/mcmaze/runs/20260730_175540_d128_h256_dep2_bs64_ep150_lr5e-04_lxp0.0_lbt0.0_lcca2.0_sig10.0_s4/outputs/velocity_prediction_finetune_100ms_hidden/metrics.csv,hidden,512,hidden,512,66.88529968261719,73.31643676757812,70.17535400390625,0.9295159578323364,0.8979775309562683,0.91374671459198,
cca_sweep_constant_lambda,128,0,1.0,5.0,,,,,best_val_mean_plane_zeta,118,/home/omo26/Non-Rev-Owen/mcmaze/runs/20260730_175908_d128_h256_dep2_bs64_ep150_lr5e-04_lxp0.0_lbt0.0_lcca5.0_sig10.0_s0/checkpoints/best.pt,0.2787560821,0.44808345701959396,0.2787560821,checkpoint,0.8878879547119141,81.24304962158203,0.904046356678009,0.8717294931411743,79.50128936767578,82.94631958007812,/home/omo26/Non-Rev-Owen/mcmaze/runs/20260730_175908_d128_h256_dep2_bs64_ep150_lr5e-04_lxp0.0_lbt0.0_lcca5.0_sig10.0_s0,1.000000,5.0,0.44808345701959396,0.006866,/home/omo26/Non-Rev-Owen/mcmaze/cca_sweep_constant_lambda/logs/lsf1p0_lcca5p0_s0_main.log,/home/omo26/Non-Rev-Owen/mcmaze/cca_sweep_constant_lambda/logs/lsf1p0_lcca5p0_s0_finetune.log,/home/omo26/Non-Rev-Owen/mcmaze/runs/20260730_175908_d128_h256_dep2_bs64_ep150_lr5e-04_lxp0.0_lbt0.0_lcca5.0_sig10.0_s0/outputs/velocity_prediction_finetune_100ms_hidden/metrics.csv,hidden,512,hidden,512,68.69010925292969,73.90731811523438,71.34740447998047,0.9283689260482788,0.8981625437736511,0.9132657051086426,
cca_sweep_constant_lambda,128,1,1.0,5.0,,,,,best_val_mean_plane_zeta,90,/home/omo26/Non-Rev-Owen/mcmaze/runs/20260730_180236_d128_h256_dep2_bs64_ep150_lr5e-04_lxp0.0_lbt0.0_lcca5.0_sig10.0_s1/checkpoints/best.pt,0.2202867866,0.44321656889385647,0.2202867866,checkpoint,0.8833062648773193,81.77461242675781,0.8983507752418518,0.8682616949081421,80.35323333740234,83.16985321044922,/home/omo26/Non-Rev-Owen/mcmaze/runs/20260730_180236_d128_h256_dep2_bs64_ep150_lr5e-04_lxp0.0_lbt0.0_lcca5.0_sig10.0_s1,1.000000,5.0,0.44321656889385647,0.007019,/home/omo26/Non-Rev-Owen/mcmaze/cca_sweep_constant_lambda/logs/lsf1p0_lcca5p0_s1_main.log,/home/omo26/Non-Rev-Owen/mcmaze/cca_sweep_constant_lambda/logs/lsf1p0_lcca5p0_s1_finetune.log,/home/omo26/Non-Rev-Owen/mcmaze/runs/20260730_180236_d128_h256_dep2_bs64_ep150_lr5e-04_lxp0.0_lbt0.0_lcca5.0_sig10.0_s1/outputs/velocity_prediction_finetune_100ms_hidden/metrics.csv,hidden,512,hidden,512,70.81957244873047,74.19368743896484,72.52703857421875,0.9210405349731445,0.8951631188392639,0.9081017971038818,
cca_sweep_constant_lambda,128,2,1.0,5.0,,,,,best_val_mean_plane_zeta,150,/home/omo26/Non-Rev-Owen/mcmaze/runs/20260730_180604_d128_h256_dep2_bs64_ep150_lr5e-04_lxp0.0_lbt0.0_lcca5.0_sig10.0_s2/checkpoints/best.pt,0.2612835467,0.42427753739886814,0.2612835467,checkpoint,0.8883189558982849,79.6867446899414,0.9047365188598633,0.8719013929367065,77.64114379882812,81.67950439453125,/home/omo26/Non-Rev-Owen/mcmaze/runs/20260730_180604_d128_h256_dep2_bs64_ep150_lr5e-04_lxp0.0_lbt0.0_lcca5.0_sig10.0_s2,1.000000,5.0,0.42427753739886814,0.006306,/home/omo26/Non-Rev-Owen/mcmaze/cca_sweep_constant_lambda/logs/lsf1p0_lcca5p0_s2_main.log,/home/omo26/Non-Rev-Owen/mcmaze/cca_sweep_constant_lambda/logs/lsf1p0_lcca5p0_s2_finetune.log,/home/omo26/Non-Rev-Owen/mcmaze/runs/20260730_180604_d128_h256_dep2_bs64_ep150_lr5e-04_lxp0.0_lbt0.0_lcca5.0_sig10.0_s2/outputs/velocity_prediction_finetune_100ms_hidden/metrics.csv,hidden,512,hidden,512,68.36539459228516,72.26387786865234,70.34256744384766,0.9261389970779419,0.8997323513031006,0.9129356741905212,
cca_sweep_constant_lambda,128,3,1.0,5.0,,,,,best_val_mean_plane_zeta,125,/home/omo26/Non-Rev-Owen/mcmaze/runs/20260730_180931_d128_h256_dep2_bs64_ep150_lr5e-04_lxp0.0_lbt0.0_lcca5.0_sig10.0_s3/checkpoints/best.pt,0.2682934403,0.45043255223168266,0.2682934403,checkpoint,0.8847692012786865,81.68983459472656,0.9018111228942871,0.8677272796630859,78.51651000976562,84.74286651611328,/home/omo26/Non-Rev-Owen/mcmaze/runs/20260730_180931_d128_h256_dep2_bs64_ep150_lr5e-04_lxp0.0_lbt0.0_lcca5.0_sig10.0_s3,1.000000,5.0,0.45043255223168266,0.006557,/home/omo26/Non-Rev-Owen/mcmaze/cca_sweep_constant_lambda/logs/lsf1p0_lcca5p0_s3_main.log,/home/omo26/Non-Rev-Owen/mcmaze/cca_sweep_constant_lambda/logs/lsf1p0_lcca5p0_s3_finetune.log,/home/omo26/Non-Rev-Owen/mcmaze/runs/20260730_180931_d128_h256_dep2_bs64_ep150_lr5e-04_lxp0.0_lbt0.0_lcca5.0_sig10.0_s3/outputs/velocity_prediction_finetune_100ms_hidden/metrics.csv,hidden,512,hidden,512,69.01129150390625,76.41046905517578,72.80611419677734,0.9241456389427185,0.8924600481987,0.9083028435707092,
cca_sweep_constant_lambda,128,4,1.0,5.0,,,,,best_val_mean_plane_zeta,97,/home/omo26/Non-Rev-Owen/mcmaze/runs/20260730_181258_d128_h256_dep2_bs64_ep150_lr5e-04_lxp0.0_lbt0.0_lcca5.0_sig10.0_s4/checkpoints/best.pt,0.241863966,0.4519655340247684,0.241863966,checkpoint,0.8814094066619873,82.32585906982422,0.9018552899360657,0.8609634637832642,78.92576599121094,85.58899688720703,/home/omo26/Non-Rev-Owen/mcmaze/runs/20260730_181258_d128_h256_dep2_bs64_ep150_lr5e-04_lxp0.0_lbt0.0_lcca5.0_sig10.0_s4,1.000000,5.0,0.4519655340247684,0.006809,/home/omo26/Non-Rev-Owen/mcmaze/cca_sweep_constant_lambda/logs/lsf1p0_lcca5p0_s4_main.log,/home/omo26/Non-Rev-Owen/mcmaze/cca_sweep_constant_lambda/logs/lsf1p0_lcca5p0_s4_finetune.log,/home/omo26/Non-Rev-Owen/mcmaze/runs/20260730_181258_d128_h256_dep2_bs64_ep150_lr5e-04_lxp0.0_lbt0.0_lcca5.0_sig10.0_s4/outputs/velocity_prediction_finetune_100ms_hidden/metrics.csv,hidden,512,hidden,512,69.60787200927734,73.99640655517578,71.83660125732422,0.9236610531806946,0.8960763812065125,0.9098687171936035,
cca_sweep_constant_lambda,128,0,1.0,10.0,,,,,best_val_mean_plane_zeta,140,/home/omo26/Non-Rev-Owen/mcmaze/runs/20260730_181626_d128_h256_dep2_bs64_ep150_lr5e-04_lxp0.0_lbt0.0_lcca10.0_sig10.0_s0/checkpoints/best.pt,0.1628082544,0.41144316063986885,0.1628082544,checkpoint,0.8833293914794922,82.95524597167969,0.8980517387390137,0.8686071038246155,81.94703674316406,83.94979095458984,/home/omo26/Non-Rev-Owen/mcmaze/runs/20260730_181626_d128_h256_dep2_bs64_ep150_lr5e-04_lxp0.0_lbt0.0_lcca10.0_sig10.0_s0,1.000000,10.0,0.41144316063986885,0.002758,/home/omo26/Non-Rev-Owen/mcmaze/cca_sweep_constant_lambda/logs/lsf1p0_lcca10p0_s0_main.log,/home/omo26/Non-Rev-Owen/mcmaze/cca_sweep_constant_lambda/logs/lsf1p0_lcca10p0_s0_finetune.log,/home/omo26/Non-Rev-Owen/mcmaze/runs/20260730_181626_d128_h256_dep2_bs64_ep150_lr5e-04_lxp0.0_lbt0.0_lcca10.0_sig10.0_s0/outputs/velocity_prediction_finetune_100ms_hidden/metrics.csv,hidden,512,hidden,512,69.28597259521484,75.8964614868164,72.667724609375,0.9271207451820374,0.8926070928573608,0.9098639488220215,
cca_sweep_constant_lambda,128,1,1.0,10.0,,,,,best_val_mean_plane_zeta,149,/home/omo26/Non-Rev-Owen/mcmaze/runs/20260730_181954_d128_h256_dep2_bs64_ep150_lr5e-04_lxp0.0_lbt0.0_lcca10.0_sig10.0_s1/checkpoints/best.pt,0.1467707008,0.38151104582680595,0.1467707008,checkpoint,0.8799129724502563,82.86493682861328,0.8981055617332458,0.8617204427719116,80.45008087158203,85.20967864990234,/home/omo26/Non-Rev-Owen/mcmaze/runs/20260730_181954_d128_h256_dep2_bs64_ep150_lr5e-04_lxp0.0_lbt0.0_lcca10.0_sig10.0_s1,1.000000,10.0,0.38151104582680595,0.002821,/home/omo26/Non-Rev-Owen/mcmaze/cca_sweep_constant_lambda/logs/lsf1p0_lcca10p0_s1_main.log,/home/omo26/Non-Rev-Owen/mcmaze/cca_sweep_constant_lambda/logs/lsf1p0_lcca10p0_s1_finetune.log,/home/omo26/Non-Rev-Owen/mcmaze/runs/20260730_181954_d128_h256_dep2_bs64_ep150_lr5e-04_lxp0.0_lbt0.0_lcca10.0_sig10.0_s1/outputs/velocity_prediction_finetune_100ms_hidden/metrics.csv,hidden,512,hidden,512,72.23966217041016,74.41796875,73.33795928955078,0.9178421497344971,0.894528329372406,0.9061852693557739,
cca_sweep_constant_lambda,128,2,1.0,10.0,,,,,best_val_mean_plane_zeta,120,/home/omo26/Non-Rev-Owen/mcmaze/runs/20260730_182321_d128_h256_dep2_bs64_ep150_lr5e-04_lxp0.0_lbt0.0_lcca10.0_sig10.0_s2/checkpoints/best.pt,0.1517359018,0.3984308706389533,0.1517359018,checkpoint,0.8813467621803284,82.09514617919922,0.899997353553772,0.8626961708068848,79.5489501953125,84.5633544921875,/home/omo26/Non-Rev-Owen/mcmaze/runs/20260730_182321_d128_h256_dep2_bs64_ep150_lr5e-04_lxp0.0_lbt0.0_lcca10.0_sig10.0_s2,1.000000,10.0,0.3984308706389533,0.002991,/home/omo26/Non-Rev-Owen/mcmaze/cca_sweep_constant_lambda/logs/lsf1p0_lcca10p0_s2_main.log,/home/omo26/Non-Rev-Owen/mcmaze/cca_sweep_constant_lambda/logs/lsf1p0_lcca10p0_s2_finetune.log,/home/omo26/Non-Rev-Owen/mcmaze/runs/20260730_182321_d128_h256_dep2_bs64_ep150_lr5e-04_lxp0.0_lbt0.0_lcca10.0_sig10.0_s2/outputs/velocity_prediction_finetune_100ms_hidden/metrics.csv,hidden,512,hidden,512,69.81797790527344,73.7044677734375,71.78861236572266,0.9229669570922852,0.8956947922706604,0.9093308448791504,
cca_sweep_constant_lambda,128,3,1.0,10.0,,,,,best_val_mean_plane_zeta,142,/home/omo26/Non-Rev-Owen/mcmaze/runs/20260730_182649_d128_h256_dep2_bs64_ep150_lr5e-04_lxp0.0_lbt0.0_lcca10.0_sig10.0_s3/checkpoints/best.pt,0.1265329719,0.34865392247835797,0.1265329719,checkpoint,0.8859491944313049,81.27462005615234,0.9026635885238647,0.8692348003387451,78.1749496459961,84.2585678100586,/home/omo26/Non-Rev-Owen/mcmaze/runs/20260730_182649_d128_h256_dep2_bs64_ep150_lr5e-04_lxp0.0_lbt0.0_lcca10.0_sig10.0_s3,1.000000,10.0,0.34865392247835797,0.003680,/home/omo26/Non-Rev-Owen/mcmaze/cca_sweep_constant_lambda/logs/lsf1p0_lcca10p0_s3_main.log,/home/omo26/Non-Rev-Owen/mcmaze/cca_sweep_constant_lambda/logs/lsf1p0_lcca10p0_s3_finetune.log,/home/omo26/Non-Rev-Owen/mcmaze/runs/20260730_182649_d128_h256_dep2_bs64_ep150_lr5e-04_lxp0.0_lbt0.0_lcca10.0_sig10.0_s3/outputs/velocity_prediction_finetune_100ms_hidden/metrics.csv,hidden,512,hidden,512,68.676513671875,75.56172180175781,72.20211791992188,0.924879789352417,0.8948358297348022,0.9098578095436096,
cca_sweep_constant_lambda,128,4,1.0,10.0,,,,,best_val_mean_plane_zeta,103,/home/omo26/Non-Rev-Owen/mcmaze/runs/20260730_183017_d128_h256_dep2_bs64_ep150_lr5e-04_lxp0.0_lbt0.0_lcca10.0_sig10.0_s4/checkpoints/best.pt,0.1566092819,0.38352460000250077,0.1566092819,checkpoint,0.8812016248703003,82.4355697631836,0.9005277156829834,0.861875593662262,79.45777893066406,85.30779266357422,/home/omo26/Non-Rev-Owen/mcmaze/runs/20260730_183017_d128_h256_dep2_bs64_ep150_lr5e-04_lxp0.0_lbt0.0_lcca10.0_sig10.0_s4,1.000000,10.0,0.38352460000250077,0.002388,/home/omo26/Non-Rev-Owen/mcmaze/cca_sweep_constant_lambda/logs/lsf1p0_lcca10p0_s4_main.log,/home/omo26/Non-Rev-Owen/mcmaze/cca_sweep_constant_lambda/logs/lsf1p0_lcca10p0_s4_finetune.log,/home/omo26/Non-Rev-Owen/mcmaze/runs/20260730_183017_d128_h256_dep2_bs64_ep150_lr5e-04_lxp0.0_lbt0.0_lcca10.0_sig10.0_s4/outputs/velocity_prediction_finetune_100ms_hidden/metrics.csv,hidden,512,hidden,512,69.76142883300781,73.43836975097656,71.62452697753906,0.9233238697052002,0.8976379632949829,0.9104809165000916,
cca_sweep_constant_lambda,128,0,1.0,20.0,,,,,best_val_mean_plane_zeta,146,/home/omo26/Non-Rev-Owen/mcmaze/runs/20260730_183626_d128_h256_dep2_bs64_ep150_lr5e-04_lxp0.0_lbt0.0_lcca20.0_sig10.0_s0/checkpoints/best.pt,0.08517614752,0.31904605362150407,0.08517614752,checkpoint,0.8559234142303467,92.08454895019531,0.877130389213562,0.8347164392471313,89.96336364746094,94.15611267089844,/home/omo26/Non-Rev-Owen/mcmaze/runs/20260730_183626_d128_h256_dep2_bs64_ep150_lr5e-04_lxp0.0_lbt0.0_lcca20.0_sig10.0_s0,1.000000,20.0,0.31904605362150407,0.002412,/home/omo26/Non-Rev-Owen/mcmaze/cca_sweep_constant_lambda/logs/lsf1p0_lcca20p0_s0_main.log,/home/omo26/Non-Rev-Owen/mcmaze/cca_sweep_constant_lambda/logs/lsf1p0_lcca20p0_s0_finetune.log,/home/omo26/Non-Rev-Owen/mcmaze/runs/20260730_183626_d128_h256_dep2_bs64_ep150_lr5e-04_lxp0.0_lbt0.0_lcca20.0_sig10.0_s0/outputs/velocity_prediction_finetune_100ms_hidden/metrics.csv,hidden,512,hidden,512,69.74160766601562,76.55828857421875,73.23042297363281,0.9261590838432312,0.8907259702682495,0.908442497253418,
cca_sweep_constant_lambda,128,1,1.0,20.0,,,,,best_val_mean_plane_zeta,36,/home/omo26/Non-Rev-Owen/mcmaze/runs/20260730_184222_d128_h256_dep2_bs64_ep150_lr5e-04_lxp0.0_lbt0.0_lcca20.0_sig10.0_s1/checkpoints/best.pt,0.04267951846,0.18320146534177992,0.04267951846,checkpoint,0.623203694820404,147.06141662597656,0.6654057502746582,0.5810016393661499,145.7842254638672,148.32559204101562,/home/omo26/Non-Rev-Owen/mcmaze/runs/20260730_184222_d128_h256_dep2_bs64_ep150_lr5e-04_lxp0.0_lbt0.0_lcca20.0_sig10.0_s1,1.000000,20.0,0.18320146534177992,0.001184,/home/omo26/Non-Rev-Owen/mcmaze/cca_sweep_constant_lambda/logs/lsf1p0_lcca20p0_s1_main.log,/home/omo26/Non-Rev-Owen/mcmaze/cca_sweep_constant_lambda/logs/lsf1p0_lcca20p0_s1_finetune.log,/home/omo26/Non-Rev-Owen/mcmaze/runs/20260730_184222_d128_h256_dep2_bs64_ep150_lr5e-04_lxp0.0_lbt0.0_lcca20.0_sig10.0_s1/outputs/velocity_prediction_finetune_100ms_hidden/metrics.csv,hidden,512,hidden,512,76.58460998535156,78.92343139648438,77.76396942138672,0.9076619744300842,0.8813706636428833,0.8945163488388062,
cca_sweep_constant_lambda,128,2,1.0,20.0,,,,,best_val_mean_plane_zeta,117,/home/omo26/Non-Rev-Owen/mcmaze/runs/20260730_184826_d128_h256_dep2_bs64_ep150_lr5e-04_lxp0.0_lbt0.0_lcca20.0_sig10.0_s2/checkpoints/best.pt,0.07547806203,0.31120922168095905,0.07547806203,checkpoint,0.8389366865158081,95.50621795654297,0.8690987825393677,0.8087745904922485,91.01237487792969,99.79612731933594,/home/omo26/Non-Rev-Owen/mcmaze/runs/20260730_184826_d128_h256_dep2_bs64_ep150_lr5e-04_lxp0.0_lbt0.0_lcca20.0_sig10.0_s2,1.000000,20.0,0.31120922168095905,0.002731,/home/omo26/Non-Rev-Owen/mcmaze/cca_sweep_constant_lambda/logs/lsf1p0_lcca20p0_s2_main.log,/home/omo26/Non-Rev-Owen/mcmaze/cca_sweep_constant_lambda/logs/lsf1p0_lcca20p0_s2_finetune.log,/home/omo26/Non-Rev-Owen/mcmaze/runs/20260730_184826_d128_h256_dep2_bs64_ep150_lr5e-04_lxp0.0_lbt0.0_lcca20.0_sig10.0_s2/outputs/velocity_prediction_finetune_100ms_hidden/metrics.csv,hidden,512,hidden,512,70.01790618896484,75.84685516357422,72.99175262451172,0.9225251078605652,0.8895429372787476,0.906033992767334,
cca_sweep_constant_lambda,128,3,1.0,20.0,,,,,best_val_mean_plane_zeta,148,/home/omo26/Non-Rev-Owen/mcmaze/runs/20260730_185423_d128_h256_dep2_bs64_ep150_lr5e-04_lxp0.0_lbt0.0_lcca20.0_sig10.0_s3/checkpoints/best.pt,0.07650545239,0.3151429858472612,0.07650545239,checkpoint,0.8476587533950806,93.83709716796875,0.8741900324821472,0.8211274147033691,88.87660217285156,98.54619598388672,/home/omo26/Non-Rev-Owen/mcmaze/runs/20260730_185423_d128_h256_dep2_bs64_ep150_lr5e-04_lxp0.0_lbt0.0_lcca20.0_sig10.0_s3,1.000000,20.0,0.3151429858472612,0.002761,/home/omo26/Non-Rev-Owen/mcmaze/cca_sweep_constant_lambda/logs/lsf1p0_lcca20p0_s3_main.log,/home/omo26/Non-Rev-Owen/mcmaze/cca_sweep_constant_lambda/logs/lsf1p0_lcca20p0_s3_finetune.log,/home/omo26/Non-Rev-Owen/mcmaze/runs/20260730_185423_d128_h256_dep2_bs64_ep150_lr5e-04_lxp0.0_lbt0.0_lcca20.0_sig10.0_s3/outputs/velocity_prediction_finetune_100ms_hidden/metrics.csv,hidden,512,hidden,512,71.13253021240234,75.99512481689453,73.60517883300781,0.9194108247756958,0.8936259746551514,0.9065183997154236,
cca_sweep_constant_lambda,128,4,1.0,20.0,,,,,best_val_mean_plane_zeta,150,/home/omo26/Non-Rev-Owen/mcmaze/runs/20260730_190025_d128_h256_dep2_bs64_ep150_lr5e-04_lxp0.0_lbt0.0_lcca20.0_sig10.0_s4/checkpoints/best.pt,0.07668745518,0.3222103847397698,0.07668745518,checkpoint,0.8498865365982056,92.65837097167969,0.8745524287223816,0.8252207040786743,89.23114013671875,95.9618148803711,/home/omo26/Non-Rev-Owen/mcmaze/runs/20260730_190025_d128_h256_dep2_bs64_ep150_lr5e-04_lxp0.0_lbt0.0_lcca20.0_sig10.0_s4,1.000000,20.0,0.3222103847397698,0.002744,/home/omo26/Non-Rev-Owen/mcmaze/cca_sweep_constant_lambda/logs/lsf1p0_lcca20p0_s4_main.log,/home/omo26/Non-Rev-Owen/mcmaze/cca_sweep_constant_lambda/logs/lsf1p0_lcca20p0_s4_finetune.log,/home/omo26/Non-Rev-Owen/mcmaze/runs/20260730_190025_d128_h256_dep2_bs64_ep150_lr5e-04_lxp0.0_lbt0.0_lcca20.0_sig10.0_s4/outputs/velocity_prediction_finetune_100ms_hidden/metrics.csv,hidden,512,hidden,512,69.53874206542969,74.03695678710938,71.82410430908203,0.9238126277923584,0.8959624767303467,0.9098875522613525,
cca_sweep_constant_lambda,128,0,1.0,40.0,,,,,best_val_mean_plane_zeta,47,/home/omo26/Non-Rev-Owen/mcmaze/runs/20260730_190623_d128_h256_dep2_bs64_ep150_lr5e-04_lxp0.0_lbt0.0_lcca40.0_sig10.0_s0/checkpoints/best.pt,0.04013324156,0.1782683100965288,0.04013324156,checkpoint,0.6237176656723022,149.14170837402344,0.6631647348403931,0.5842705965042114,148.95401000976562,149.3272705078125,/home/omo26/Non-Rev-Owen/mcmaze/runs/20260730_190623_d128_h256_dep2_bs64_ep150_lr5e-04_lxp0.0_lbt0.0_lcca40.0_sig10.0_s0,1.000000,40.0,0.1782683100965288,0.001948,/home/omo26/Non-Rev-Owen/mcmaze/cca_sweep_constant_lambda/logs/lsf1p0_lcca40p0_s0_main.log,/home/omo26/Non-Rev-Owen/mcmaze/cca_sweep_constant_lambda/logs/lsf1p0_lcca40p0_s0_finetune.log,/home/omo26/Non-Rev-Owen/mcmaze/runs/20260730_190623_d128_h256_dep2_bs64_ep150_lr5e-04_lxp0.0_lbt0.0_lcca40.0_sig10.0_s0/outputs/velocity_prediction_finetune_100ms_hidden/metrics.csv,hidden,512,hidden,512,73.87287139892578,79.8403091430664,76.91544342041016,0.9171518087387085,0.8811560869216919,0.8991539478302002,
cca_sweep_constant_lambda,128,1,1.0,40.0,,,,,best_val_mean_plane_zeta,41,/home/omo26/Non-Rev-Owen/mcmaze/runs/20260730_191226_d128_h256_dep2_bs64_ep150_lr5e-04_lxp0.0_lbt0.0_lcca40.0_sig10.0_s1/checkpoints/best.pt,0.03854457662,0.1739600549141566,0.03854457662,checkpoint,0.6114284992218018,149.42877197265625,0.6502336263656616,0.5726233720779419,149.0528564453125,149.80120849609375,/home/omo26/Non-Rev-Owen/mcmaze/runs/20260730_191226_d128_h256_dep2_bs64_ep150_lr5e-04_lxp0.0_lbt0.0_lcca40.0_sig10.0_s1,1.000000,40.0,0.1739600549141566,0.001893,/home/omo26/Non-Rev-Owen/mcmaze/cca_sweep_constant_lambda/logs/lsf1p0_lcca40p0_s1_main.log,/home/omo26/Non-Rev-Owen/mcmaze/cca_sweep_constant_lambda/logs/lsf1p0_lcca40p0_s1_finetune.log,/home/omo26/Non-Rev-Owen/mcmaze/runs/20260730_191226_d128_h256_dep2_bs64_ep150_lr5e-04_lxp0.0_lbt0.0_lcca40.0_sig10.0_s1/outputs/velocity_prediction_finetune_100ms_hidden/metrics.csv,hidden,512,hidden,512,77.6825180053711,78.90570831298828,78.2978515625,0.9049955010414124,0.8814239501953125,0.89320969581604,
cca_sweep_constant_lambda,128,2,1.0,40.0,,,,,best_val_mean_plane_zeta,62,/home/omo26/Non-Rev-Owen/mcmaze/runs/20260730_191826_d128_h256_dep2_bs64_ep150_lr5e-04_lxp0.0_lbt0.0_lcca40.0_sig10.0_s2/checkpoints/best.pt,0.04056666791,0.17978710598415798,0.04056666791,checkpoint,0.5944386720657349,152.0604248046875,0.6428061723709106,0.5460711717605591,150.34210205078125,153.75694274902344,/home/omo26/Non-Rev-Owen/mcmaze/runs/20260730_191826_d128_h256_dep2_bs64_ep150_lr5e-04_lxp0.0_lbt0.0_lcca40.0_sig10.0_s2,1.000000,40.0,0.17978710598415798,0.003158,/home/omo26/Non-Rev-Owen/mcmaze/cca_sweep_constant_lambda/logs/lsf1p0_lcca40p0_s2_main.log,/home/omo26/Non-Rev-Owen/mcmaze/cca_sweep_constant_lambda/logs/lsf1p0_lcca40p0_s2_finetune.log,/home/omo26/Non-Rev-Owen/mcmaze/runs/20260730_191826_d128_h256_dep2_bs64_ep150_lr5e-04_lxp0.0_lbt0.0_lcca40.0_sig10.0_s2/outputs/velocity_prediction_finetune_100ms_hidden/metrics.csv,hidden,512,hidden,512,73.74120330810547,79.83633422851562,76.85023498535156,0.9140663743019104,0.8776174783706665,0.8958419561386108,
cca_sweep_constant_lambda,128,3,1.0,40.0,,,,,best_val_mean_plane_zeta,54,/home/omo26/Non-Rev-Owen/mcmaze/runs/20260730_192424_d128_h256_dep2_bs64_ep150_lr5e-04_lxp0.0_lbt0.0_lcca40.0_sig10.0_s3/checkpoints/best.pt,0.04016419873,0.17872583866119385,0.04016419873,checkpoint,0.6071968078613281,151.2460174560547,0.6352661848068237,0.5791274309158325,151.32752990722656,151.16221618652344,/home/omo26/Non-Rev-Owen/mcmaze/runs/20260730_192424_d128_h256_dep2_bs64_ep150_lr5e-04_lxp0.0_lbt0.0_lcca40.0_sig10.0_s3,1.000000,40.0,0.17872583866119385,0.002252,/home/omo26/Non-Rev-Owen/mcmaze/cca_sweep_constant_lambda/logs/lsf1p0_lcca40p0_s3_main.log,/home/omo26/Non-Rev-Owen/mcmaze/cca_sweep_constant_lambda/logs/lsf1p0_lcca40p0_s3_finetune.log,/home/omo26/Non-Rev-Owen/mcmaze/runs/20260730_192424_d128_h256_dep2_bs64_ep150_lr5e-04_lxp0.0_lbt0.0_lcca40.0_sig10.0_s3/outputs/velocity_prediction_finetune_100ms_hidden/metrics.csv,hidden,512,hidden,512,75.47396087646484,78.53427124023438,77.02035522460938,0.9092734456062317,0.8863989114761353,0.8978362083435059,
cca_sweep_constant_lambda,128,4,1.0,40.0,,,,,best_val_mean_plane_zeta,75,/home/omo26/Non-Rev-Owen/mcmaze/runs/20260730_193025_d128_h256_dep2_bs64_ep150_lr5e-04_lxp0.0_lbt0.0_lcca40.0_sig10.0_s4/checkpoints/best.pt,0.04173477367,0.1818973587618934,0.04173477367,checkpoint,0.5980991125106812,152.16891479492188,0.6327548027038574,0.5634434819221497,152.67340087890625,151.6609344482422,/home/omo26/Non-Rev-Owen/mcmaze/runs/20260730_193025_d128_h256_dep2_bs64_ep150_lr5e-04_lxp0.0_lbt0.0_lcca40.0_sig10.0_s4,1.000000,40.0,0.1818973587618934,0.003124,/home/omo26/Non-Rev-Owen/mcmaze/cca_sweep_constant_lambda/logs/lsf1p0_lcca40p0_s4_main.log,/home/omo26/Non-Rev-Owen/mcmaze/cca_sweep_constant_lambda/logs/lsf1p0_lcca40p0_s4_finetune.log,/home/omo26/Non-Rev-Owen/mcmaze/runs/20260730_193025_d128_h256_dep2_bs64_ep150_lr5e-04_lxp0.0_lbt0.0_lcca40.0_sig10.0_s4/outputs/velocity_prediction_finetune_100ms_hidden/metrics.csv,hidden,512,hidden,512,76.65125274658203,78.15835571289062,77.40950012207031,0.9074305295944214,0.8840571641921997,0.8957438468933105,
cca_sweep_constant_lambda,128,0,0.1,10.0,,,,,best_val_mean_plane_zeta,115,/home/omo26/Non-Rev-Owen/mcmaze/runs/20260730_212002_d128_h256_dep2_bs64_ep150_lr5e-04_lxp0.0_lbt0.0_lcca10.0_sig10.0_s0/checkpoints/best.pt,0.3507287502,0.48144664367039997,0.3507287502,checkpoint,0.9013673067092896,76.07735443115234,0.9187014102935791,0.884033203125,73.17872619628906,78.8679428100586,/home/omo26/Non-Rev-Owen/mcmaze/runs/20260730_212002_d128_h256_dep2_bs64_ep150_lr5e-04_lxp0.0_lbt0.0_lcca10.0_sig10.0_s0,0.788591,7.885910000000001,0.48144664367039997,0.013571,/home/omo26/Non-Rev-Owen/mcmaze/cca_sweep_constant_lambda/logs/lsf0p1_lcca10p0_s0_main.log,/home/omo26/Non-Rev-Owen/mcmaze/cca_sweep_constant_lambda/logs/lsf0p1_lcca10p0_s0_finetune.log,/home/omo26/Non-Rev-Owen/mcmaze/runs/20260730_212002_d128_h256_dep2_bs64_ep150_lr5e-04_lxp0.0_lbt0.0_lcca10.0_sig10.0_s0/outputs/velocity_prediction_finetune_100ms_hidden/metrics.csv,hidden,512,hidden,512,67.6749038696289,73.67708587646484,70.740478515625,0.9304705858230591,0.8987960815429688,0.9146333336830139,
cca_sweep_constant_lambda,128,1,0.1,10.0,,,,,best_val_mean_plane_zeta,130,/home/omo26/Non-Rev-Owen/mcmaze/runs/20260730_212332_d128_h256_dep2_bs64_ep150_lr5e-04_lxp0.0_lbt0.0_lcca10.0_sig10.0_s1/checkpoints/best.pt,0.2972289026,0.4534906976752811,0.2972289026,checkpoint,0.8983578681945801,76.30665588378906,0.9117923974990845,0.8849233388900757,74.85215759277344,77.732666015625,/home/omo26/Non-Rev-Owen/mcmaze/runs/20260730_212332_d128_h256_dep2_bs64_ep150_lr5e-04_lxp0.0_lbt0.0_lcca10.0_sig10.0_s1,0.879195,8.79195,0.4534906976752811,0.010533,/home/omo26/Non-Rev-Owen/mcmaze/cca_sweep_constant_lambda/logs/lsf0p1_lcca10p0_s1_main.log,/home/omo26/Non-Rev-Owen/mcmaze/cca_sweep_constant_lambda/logs/lsf0p1_lcca10p0_s1_finetune.log,/home/omo26/Non-Rev-Owen/mcmaze/runs/20260730_212332_d128_h256_dep2_bs64_ep150_lr5e-04_lxp0.0_lbt0.0_lcca10.0_sig10.0_s1/outputs/velocity_prediction_finetune_100ms_hidden/metrics.csv,hidden,512,hidden,512,69.91448211669922,72.77495574951172,71.35982513427734,0.9230458736419678,0.8991341590881348,0.9110900163650513,
cca_sweep_constant_lambda,128,2,0.1,10.0,,,,,best_val_mean_plane_zeta,78,/home/omo26/Non-Rev-Owen/mcmaze/runs/20260730_212701_d128_h256_dep2_bs64_ep150_lr5e-04_lxp0.0_lbt0.0_lcca10.0_sig10.0_s2/checkpoints/best.pt,0.3165923953,0.45650579863124424,0.3165923953,checkpoint,0.8986512422561646,75.8803482055664,0.9143801331520081,0.8829224109649658,73.6064682006836,78.08680725097656,/home/omo26/Non-Rev-Owen/mcmaze/runs/20260730_212701_d128_h256_dep2_bs64_ep150_lr5e-04_lxp0.0_lbt0.0_lcca10.0_sig10.0_s2,0.565101,5.651009999999999,0.45650579863124424,0.018938,/home/omo26/Non-Rev-Owen/mcmaze/cca_sweep_constant_lambda/logs/lsf0p1_lcca10p0_s2_main.log,/home/omo26/Non-Rev-Owen/mcmaze/cca_sweep_constant_lambda/logs/lsf0p1_lcca10p0_s2_finetune.log,/home/omo26/Non-Rev-Owen/mcmaze/runs/20260730_212701_d128_h256_dep2_bs64_ep150_lr5e-04_lxp0.0_lbt0.0_lcca10.0_sig10.0_s2/outputs/velocity_prediction_finetune_100ms_hidden/metrics.csv,hidden,512,hidden,512,67.18880462646484,72.21347045898438,69.74700927734375,0.9286594390869141,0.8998721837997437,0.9142658114433289,
cca_sweep_constant_lambda,128,3,0.1,10.0,,,,,best_val_mean_plane_zeta,106,/home/omo26/Non-Rev-Owen/mcmaze/runs/20260730_213312_d128_h256_dep2_bs64_ep150_lr5e-04_lxp0.0_lbt0.0_lcca10.0_sig10.0_s3/checkpoints/best.pt,0.3503691852,0.48170556955867344,0.3503691852,checkpoint,0.8981241583824158,76.78746795654297,0.9140205383300781,0.8822277784347534,73.472900390625,79.96305847167969,/home/omo26/Non-Rev-Owen/mcmaze/runs/20260730_213312_d128_h256_dep2_bs64_ep150_lr5e-04_lxp0.0_lbt0.0_lcca10.0_sig10.0_s3,0.734228,7.34228,0.48170556955867344,0.015080,/home/omo26/Non-Rev-Owen/mcmaze/cca_sweep_constant_lambda/logs/lsf0p1_lcca10p0_s3_main.log,/home/omo26/Non-Rev-Owen/mcmaze/cca_sweep_constant_lambda/logs/lsf0p1_lcca10p0_s3_finetune.log,/home/omo26/Non-Rev-Owen/mcmaze/runs/20260730_213312_d128_h256_dep2_bs64_ep150_lr5e-04_lxp0.0_lbt0.0_lcca10.0_sig10.0_s3/outputs/velocity_prediction_finetune_100ms_hidden/metrics.csv,hidden,512,hidden,512,69.0720443725586,73.68173217773438,71.4147720336914,0.9240120053291321,0.9000037312507629,0.9120078682899475,
cca_sweep_constant_lambda,128,4,0.1,10.0,,,,,best_val_mean_plane_zeta,110,/home/omo26/Non-Rev-Owen/mcmaze/runs/20260730_213912_d128_h256_dep2_bs64_ep150_lr5e-04_lxp0.0_lbt0.0_lcca10.0_sig10.0_s4/checkpoints/best.pt,0.3077905178,0.4628552065955268,0.3077905178,checkpoint,0.8971143960952759,76.66849517822266,0.9152044057846069,0.8790243864059448,73.36212921142578,79.83666229248047,/home/omo26/Non-Rev-Owen/mcmaze/runs/20260730_213912_d128_h256_dep2_bs64_ep150_lr5e-04_lxp0.0_lbt0.0_lcca10.0_sig10.0_s4,0.758389,7.58389,0.4628552065955268,0.011868,/home/omo26/Non-Rev-Owen/mcmaze/cca_sweep_constant_lambda/logs/lsf0p1_lcca10p0_s4_main.log,/home/omo26/Non-Rev-Owen/mcmaze/cca_sweep_constant_lambda/logs/lsf0p1_lcca10p0_s4_finetune.log,/home/omo26/Non-Rev-Owen/mcmaze/runs/20260730_213912_d128_h256_dep2_bs64_ep150_lr5e-04_lxp0.0_lbt0.0_lcca10.0_sig10.0_s4/outputs/velocity_prediction_finetune_100ms_hidden/metrics.csv,hidden,512,hidden,512,68.8864974975586,73.00122833251953,70.97444915771484,0.9252351522445679,0.8988529443740845,0.9120440483093262,
cca_warmup_finetune_sweep,128,0,1.0,1.0,,,,,best_val_zeta,80,/home/omo26/Non-Rev-Owen/mcmaze/runs/20260729_104259_d128_h256_dep2_bs64_ep150_lr5e-04_lxp0.0_lbt0.0_lcca1.0_sig10.0_s0/checkpoints/best.pt,0.4784284234,0.4647115270296733,0.4784284234,checkpoint,0.8978761434555054,77.41629028320312,0.9157192707061768,0.8800330758094788,74.50880432128906,80.21664428710938,/home/omo26/Non-Rev-Owen/mcmaze/runs/20260729_104259_d128_h256_dep2_bs64_ep150_lr5e-04_lxp0.0_lbt0.0_lcca1.0_sig10.0_s0,1.000000,1.0,0.4647115270296733,0.112576,/home/omo26/Non-Rev-Owen/mcmaze/cca_warmup_finetune_sweep/logs/lsf1p0_lcca1p0_s0_main.log,/home/omo26/Non-Rev-Owen/mcmaze/cca_warmup_finetune_sweep/logs/lsf1p0_lcca1p0_s0_finetune.log,/home/omo26/Non-Rev-Owen/mcmaze/runs/20260729_104259_d128_h256_dep2_bs64_ep150_lr5e-04_lxp0.0_lbt0.0_lcca1.0_sig10.0_s0/outputs/velocity_prediction_finetune_100ms_hidden/metrics.csv,hidden,512,hidden,512,69.51110076904297,74.89291381835938,72.25289916992188,0.92664635181427,0.8954283595085144,0.9110373258590698,
cca_warmup_finetune_sweep,128,1,1.0,1.0,,,,,best_val_zeta,79,/home/omo26/Non-Rev-Owen/mcmaze/runs/20260729_104626_d128_h256_dep2_bs64_ep150_lr5e-04_lxp0.0_lbt0.0_lcca1.0_sig10.0_s1/checkpoints/best.pt,0.4431973398,0.4628902276357015,0.4431973398,checkpoint,0.8960731029510498,77.1823959350586,0.9091676473617554,0.882978618144989,75.9576644897461,78.38672637939453,/home/omo26/Non-Rev-Owen/mcmaze/runs/20260729_104626_d128_h256_dep2_bs64_ep150_lr5e-04_lxp0.0_lbt0.0_lcca1.0_sig10.0_s1,1.000000,1.0,0.4628902276357015,0.099187,/home/omo26/Non-Rev-Owen/mcmaze/cca_warmup_finetune_sweep/logs/lsf1p0_lcca1p0_s1_main.log,/home/omo26/Non-Rev-Owen/mcmaze/cca_warmup_finetune_sweep/logs/lsf1p0_lcca1p0_s1_finetune.log,/home/omo26/Non-Rev-Owen/mcmaze/runs/20260729_104626_d128_h256_dep2_bs64_ep150_lr5e-04_lxp0.0_lbt0.0_lcca1.0_sig10.0_s1/outputs/velocity_prediction_finetune_100ms_hidden/metrics.csv,hidden,512,hidden,512,70.37630462646484,74.20127868652344,72.31488800048828,0.9220259189605713,0.8951416611671448,0.9085837602615356,
cca_warmup_finetune_sweep,128,2,1.0,1.0,,,,,best_val_zeta,68,/home/omo26/Non-Rev-Owen/mcmaze/runs/20260729_104951_d128_h256_dep2_bs64_ep150_lr5e-04_lxp0.0_lbt0.0_lcca1.0_sig10.0_s2/checkpoints/best.pt,0.4371395707,0.46937696801291573,0.4371395707,checkpoint,0.8950775265693665,77.11216735839844,0.9139615893363953,0.8761934638023376,73.78614044189453,80.2994613647461,/home/omo26/Non-Rev-Owen/mcmaze/runs/20260729_104951_d128_h256_dep2_bs64_ep150_lr5e-04_lxp0.0_lbt0.0_lcca1.0_sig10.0_s2,1.000000,1.0,0.46937696801291573,0.102492,/home/omo26/Non-Rev-Owen/mcmaze/cca_warmup_finetune_sweep/logs/lsf1p0_lcca1p0_s2_main.log,/home/omo26/Non-Rev-Owen/mcmaze/cca_warmup_finetune_sweep/logs/lsf1p0_lcca1p0_s2_finetune.log,/home/omo26/Non-Rev-Owen/mcmaze/runs/20260729_104951_d128_h256_dep2_bs64_ep150_lr5e-04_lxp0.0_lbt0.0_lcca1.0_sig10.0_s2/outputs/velocity_prediction_finetune_100ms_hidden/metrics.csv,hidden,512,hidden,512,67.98238372802734,73.29077911376953,70.68724822998047,0.926964282989502,0.8968623876571655,0.9119133353233337,
cca_warmup_finetune_sweep,128,3,1.0,1.0,,,,,best_val_zeta,63,/home/omo26/Non-Rev-Owen/mcmaze/runs/20260729_105319_d128_h256_dep2_bs64_ep150_lr5e-04_lxp0.0_lbt0.0_lcca1.0_sig10.0_s3/checkpoints/best.pt,0.4062187672,0.45379386014408535,0.4062187672,checkpoint,0.8970432281494141,77.2712173461914,0.9102851748466492,0.8838012218475342,75.05194854736328,79.4271240234375,/home/omo26/Non-Rev-Owen/mcmaze/runs/20260729_105319_d128_h256_dep2_bs64_ep150_lr5e-04_lxp0.0_lbt0.0_lcca1.0_sig10.0_s3,1.000000,1.0,0.45379386014408535,0.100055,/home/omo26/Non-Rev-Owen/mcmaze/cca_warmup_finetune_sweep/logs/lsf1p0_lcca1p0_s3_main.log,/home/omo26/Non-Rev-Owen/mcmaze/cca_warmup_finetune_sweep/logs/lsf1p0_lcca1p0_s3_finetune.log,/home/omo26/Non-Rev-Owen/mcmaze/runs/20260729_105319_d128_h256_dep2_bs64_ep150_lr5e-04_lxp0.0_lbt0.0_lcca1.0_sig10.0_s3/outputs/velocity_prediction_finetune_100ms_hidden/metrics.csv,hidden,512,hidden,512,69.91024780273438,74.0647201538086,72.01820373535156,0.922156572341919,0.8989615440368652,0.9105590581893921,
cca_warmup_finetune_sweep,128,4,1.0,1.0,,,,,best_val_zeta,49,/home/omo26/Non-Rev-Owen/mcmaze/runs/20260729_105645_d128_h256_dep2_bs64_ep150_lr5e-04_lxp0.0_lbt0.0_lcca1.0_sig10.0_s4/checkpoints/best.pt,0.422647357,0.4614308045970069,0.422647357,checkpoint,0.8946038484573364,77.69935607910156,0.9102262258529663,0.8789814710617065,75.4848861694336,79.850830078125,/home/omo26/Non-Rev-Owen/mcmaze/runs/20260729_105645_d128_h256_dep2_bs64_ep150_lr5e-04_lxp0.0_lbt0.0_lcca1.0_sig10.0_s4,1.000000,1.0,0.4614308045970069,0.094923,/home/omo26/Non-Rev-Owen/mcmaze/cca_warmup_finetune_sweep/logs/lsf1p0_lcca1p0_s4_main.log,/home/omo26/Non-Rev-Owen/mcmaze/cca_warmup_finetune_sweep/logs/lsf1p0_lcca1p0_s4_finetune.log,/home/omo26/Non-Rev-Owen/mcmaze/runs/20260729_105645_d128_h256_dep2_bs64_ep150_lr5e-04_lxp0.0_lbt0.0_lcca1.0_sig10.0_s4/outputs/velocity_prediction_finetune_100ms_hidden/metrics.csv,hidden,512,hidden,512,69.97787475585938,73.81587982177734,71.92328643798828,0.922847330570221,0.896582841873169,0.9097150564193726,
cca_warmup_finetune_sweep,128,0,0.2,2.0,,,,,best_val_zeta,72,/home/omo26/Non-Rev-Owen/mcmaze/runs/20260729_110011_d128_h256_dep2_bs64_ep150_lr5e-04_lxp0.0_lbt0.0_lcca2.0_sig10.0_s0/checkpoints/best.pt,0.4799144268,0.43825392921765643,0.4799144268,checkpoint,0.8910777568817139,79.88909149169922,0.911742627620697,0.8704128861427307,76.24632263183594,83.37092590332031,/home/omo26/Non-Rev-Owen/mcmaze/runs/20260729_110011_d128_h256_dep2_bs64_ep150_lr5e-04_lxp0.0_lbt0.0_lcca2.0_sig10.0_s0,0.581208,1.162416,0.43825392921765643,0.163524,/home/omo26/Non-Rev-Owen/mcmaze/cca_warmup_finetune_sweep/logs/lsf0p2_lcca2p0_s0_main.log,/home/omo26/Non-Rev-Owen/mcmaze/cca_warmup_finetune_sweep/logs/lsf0p2_lcca2p0_s0_finetune.log,/home/omo26/Non-Rev-Owen/mcmaze/runs/20260729_110011_d128_h256_dep2_bs64_ep150_lr5e-04_lxp0.0_lbt0.0_lcca2.0_sig10.0_s0/outputs/velocity_prediction_finetune_100ms_hidden/metrics.csv,hidden,512,hidden,512,69.31913757324219,77.3489990234375,73.44473266601562,0.9270509481430054,0.8884571194648743,0.9077540636062622,
cca_warmup_finetune_sweep,128,1,0.2,2.0,,,,,best_val_zeta,80,/home/omo26/Non-Rev-Owen/mcmaze/runs/20260729_110630_d128_h256_dep2_bs64_ep150_lr5e-04_lxp0.0_lbt0.0_lcca2.0_sig10.0_s1/checkpoints/best.pt,0.4993565381,0.44779543413056266,0.4993565381,checkpoint,0.8909717798233032,79.02656555175781,0.9054980874061584,0.8764455318450928,77.4767837524414,80.54509735107422,/home/omo26/Non-Rev-Owen/mcmaze/runs/20260729_110630_d128_h256_dep2_bs64_ep150_lr5e-04_lxp0.0_lbt0.0_lcca2.0_sig10.0_s1,0.624161,1.248322,0.44779543413056266,0.152856,/home/omo26/Non-Rev-Owen/mcmaze/cca_warmup_finetune_sweep/logs/lsf0p2_lcca2p0_s1_main.log,/home/omo26/Non-Rev-Owen/mcmaze/cca_warmup_finetune_sweep/logs/lsf0p2_lcca2p0_s1_finetune.log,/home/omo26/Non-Rev-Owen/mcmaze/runs/20260729_110630_d128_h256_dep2_bs64_ep150_lr5e-04_lxp0.0_lbt0.0_lcca2.0_sig10.0_s1/outputs/velocity_prediction_finetune_100ms_hidden/metrics.csv,hidden,512,hidden,512,71.68550109863281,74.75379180908203,73.23654174804688,0.9190978407859802,0.8935742974281311,0.9063360691070557,
cca_warmup_finetune_sweep,128,2,0.2,2.0,,,,,best_val_zeta,59,/home/omo26/Non-Rev-Owen/mcmaze/runs/20260729_111235_d128_h256_dep2_bs64_ep150_lr5e-04_lxp0.0_lbt0.0_lcca2.0_sig10.0_s2/checkpoints/best.pt,0.5173963904,0.46148550179269576,0.5173963904,checkpoint,0.8942827582359314,77.41976165771484,0.912865936756134,0.8756995797157288,74.25448608398438,80.45947265625,/home/omo26/Non-Rev-Owen/mcmaze/runs/20260729_111235_d128_h256_dep2_bs64_ep150_lr5e-04_lxp0.0_lbt0.0_lcca2.0_sig10.0_s2,0.511409,1.022818,0.46148550179269576,0.163197,/home/omo26/Non-Rev-Owen/mcmaze/cca_warmup_finetune_sweep/logs/lsf0p2_lcca2p0_s2_main.log,/home/omo26/Non-Rev-Owen/mcmaze/cca_warmup_finetune_sweep/logs/lsf0p2_lcca2p0_s2_finetune.log,/home/omo26/Non-Rev-Owen/mcmaze/runs/20260729_111235_d128_h256_dep2_bs64_ep150_lr5e-04_lxp0.0_lbt0.0_lcca2.0_sig10.0_s2/outputs/velocity_prediction_finetune_100ms_hidden/metrics.csv,hidden,512,hidden,512,69.0153579711914,74.46793365478516,71.79427337646484,0.9247279167175293,0.8935227394104004,0.9091253280639648,
cca_warmup_finetune_sweep,128,3,0.2,2.0,,,,,best_val_zeta,73,/home/omo26/Non-Rev-Owen/mcmaze/runs/20260729_111830_d128_h256_dep2_bs64_ep150_lr5e-04_lxp0.0_lbt0.0_lcca2.0_sig10.0_s3/checkpoints/best.pt,0.5422212481,0.49529074960284764,0.5422212481,checkpoint,0.891949474811554,79.04177856445312,0.9102389812469482,0.8736599683761597,75.0712661743164,82.82062530517578,/home/omo26/Non-Rev-Owen/mcmaze/runs/20260729_111830_d128_h256_dep2_bs64_ep150_lr5e-04_lxp0.0_lbt0.0_lcca2.0_sig10.0_s3,0.586577,1.173154,0.49529074960284764,0.159700,/home/omo26/Non-Rev-Owen/mcmaze/cca_warmup_finetune_sweep/logs/lsf0p2_lcca2p0_s3_main.log,/home/omo26/Non-Rev-Owen/mcmaze/cca_warmup_finetune_sweep/logs/lsf0p2_lcca2p0_s3_finetune.log,/home/omo26/Non-Rev-Owen/mcmaze/runs/20260729_111830_d128_h256_dep2_bs64_ep150_lr5e-04_lxp0.0_lbt0.0_lcca2.0_sig10.0_s3/outputs/velocity_prediction_finetune_100ms_hidden/metrics.csv,hidden,512,hidden,512,69.31507110595703,75.92097473144531,72.69379425048828,0.9234763383865356,0.8938334584236145,0.9086549282073975,
cca_warmup_finetune_sweep,128,4,0.2,2.0,,,,,best_val_zeta,79,/home/omo26/Non-Rev-Owen/mcmaze/runs/20260729_112431_d128_h256_dep2_bs64_ep150_lr5e-04_lxp0.0_lbt0.0_lcca2.0_sig10.0_s4/checkpoints/best.pt,0.4933936,0.4473392532931434,0.4933936,checkpoint,0.8896202445030212,79.42515563964844,0.9086303114891052,0.8706101775169373,76.15289306640625,82.5664291381836,/home/omo26/Non-Rev-Owen/mcmaze/runs/20260729_112431_d128_h256_dep2_bs64_ep150_lr5e-04_lxp0.0_lbt0.0_lcca2.0_sig10.0_s4,0.618792,1.237584,0.4473392532931434,0.151600,/home/omo26/Non-Rev-Owen/mcmaze/cca_warmup_finetune_sweep/logs/lsf0p2_lcca2p0_s4_main.log,/home/omo26/Non-Rev-Owen/mcmaze/cca_warmup_finetune_sweep/logs/lsf0p2_lcca2p0_s4_finetune.log,/home/omo26/Non-Rev-Owen/mcmaze/runs/20260729_112431_d128_h256_dep2_bs64_ep150_lr5e-04_lxp0.0_lbt0.0_lcca2.0_sig10.0_s4/outputs/velocity_prediction_finetune_100ms_hidden/metrics.csv,hidden,512,hidden,512,69.7283935546875,75.09146118164062,72.46044158935547,0.9233964681625366,0.8929777145385742,0.9081870913505554,
cca_warmup_finetune_sweep,128,0,0.2,5.0,,,,,best_val_zeta,128,/home/omo26/Non-Rev-Owen/mcmaze/runs/20260729_112936_d128_h256_dep2_bs64_ep150_lr5e-04_lxp0.0_lbt0.0_lcca5.0_sig10.0_s0/checkpoints/best.pt,0.3766106367,0.47074294090270996,0.3766106367,checkpoint,0.9007948637008667,76.26174926757812,0.9191237688064575,0.8824660181999207,72.98838806152344,79.39907836914062,/home/omo26/Non-Rev-Owen/mcmaze/runs/20260729_112936_d128_h256_dep2_bs64_ep150_lr5e-04_lxp0.0_lbt0.0_lcca5.0_sig10.0_s0,0.881879,4.409395,0.47074294090270996,0.026825,/home/omo26/Non-Rev-Owen/mcmaze/cca_warmup_finetune_sweep/logs/lsf0p2_lcca5p0_s0_main.log,/home/omo26/Non-Rev-Owen/mcmaze/cca_warmup_finetune_sweep/logs/lsf0p2_lcca5p0_s0_finetune.log,/home/omo26/Non-Rev-Owen/mcmaze/runs/20260729_112936_d128_h256_dep2_bs64_ep150_lr5e-04_lxp0.0_lbt0.0_lcca5.0_sig10.0_s0/outputs/velocity_prediction_finetune_100ms_hidden/metrics.csv,hidden,512,hidden,512,68.0274887084961,74.33926391601562,71.25404357910156,0.9297442436218262,0.8969687223434448,0.9133564829826355,
cca_warmup_finetune_sweep,128,1,0.2,5.0,,,,,best_val_zeta,56,/home/omo26/Non-Rev-Owen/mcmaze/runs/20260729_113303_d128_h256_dep2_bs64_ep150_lr5e-04_lxp0.0_lbt0.0_lcca5.0_sig10.0_s1/checkpoints/best.pt,0.3315740526,0.4526153306166331,0.3315740526,checkpoint,0.8961102366447449,77.13994598388672,0.910006046295166,0.8822144269943237,75.60628509521484,78.64225006103516,/home/omo26/Non-Rev-Owen/mcmaze/runs/20260729_113303_d128_h256_dep2_bs64_ep150_lr5e-04_lxp0.0_lbt0.0_lcca5.0_sig10.0_s1,0.495302,2.47651,0.4526153306166331,0.042989,/home/omo26/Non-Rev-Owen/mcmaze/cca_warmup_finetune_sweep/logs/lsf0p2_lcca5p0_s1_main.log,/home/omo26/Non-Rev-Owen/mcmaze/cca_warmup_finetune_sweep/logs/lsf0p2_lcca5p0_s1_finetune.log,/home/omo26/Non-Rev-Owen/mcmaze/runs/20260729_113303_d128_h256_dep2_bs64_ep150_lr5e-04_lxp0.0_lbt0.0_lcca5.0_sig10.0_s1/outputs/velocity_prediction_finetune_100ms_hidden/metrics.csv,hidden,512,hidden,512,70.646728515625,73.39396667480469,72.03426361083984,0.9214255213737488,0.8974109888076782,0.9094182252883911,
cca_warmup_finetune_sweep,128,2,0.2,5.0,,,,,best_val_zeta,48,/home/omo26/Non-Rev-Owen/mcmaze/runs/20260729_113629_d128_h256_dep2_bs64_ep150_lr5e-04_lxp0.0_lbt0.0_lcca5.0_sig10.0_s2/checkpoints/best.pt,0.3320627809,0.4502611656983693,0.3320627809,checkpoint,0.8979394435882568,76.07147979736328,0.9158161282539368,0.8800628185272217,72.9865951538086,79.03468322753906,/home/omo26/Non-Rev-Owen/mcmaze/runs/20260729_113629_d128_h256_dep2_bs64_ep150_lr5e-04_lxp0.0_lbt0.0_lcca5.0_sig10.0_s2,0.452349,2.261745,0.4502611656983693,0.045852,/home/omo26/Non-Rev-Owen/mcmaze/cca_warmup_finetune_sweep/logs/lsf0p2_lcca5p0_s2_main.log,/home/omo26/Non-Rev-Owen/mcmaze/cca_warmup_finetune_sweep/logs/lsf0p2_lcca5p0_s2_finetune.log,/home/omo26/Non-Rev-Owen/mcmaze/runs/20260729_113629_d128_h256_dep2_bs64_ep150_lr5e-04_lxp0.0_lbt0.0_lcca5.0_sig10.0_s2/outputs/velocity_prediction_finetune_100ms_hidden/metrics.csv,hidden,512,hidden,512,67.2069091796875,72.44774627685547,69.87718200683594,0.9286209940910339,0.8992214202880859,0.9139212369918823,
cca_warmup_finetune_sweep,128,3,0.2,5.0,,,,,best_val_zeta,106,/home/omo26/Non-Rev-Owen/mcmaze/runs/20260729_114108_d128_h256_dep2_bs64_ep150_lr5e-04_lxp0.0_lbt0.0_lcca5.0_sig10.0_s3/checkpoints/best.pt,0.373050034,0.4589685300985972,0.373050034,checkpoint,0.898805558681488,76.50608825683594,0.9154577255249023,0.8821533918380737,72.85625457763672,79.98831939697266,/home/omo26/Non-Rev-Owen/mcmaze/runs/20260729_114108_d128_h256_dep2_bs64_ep150_lr5e-04_lxp0.0_lbt0.0_lcca5.0_sig10.0_s3,0.763758,3.8187900000000004,0.4589685300985972,0.030099,/home/omo26/Non-Rev-Owen/mcmaze/cca_warmup_finetune_sweep/logs/lsf0p2_lcca5p0_s3_main.log,/home/omo26/Non-Rev-Owen/mcmaze/cca_warmup_finetune_sweep/logs/lsf0p2_lcca5p0_s3_finetune.log,/home/omo26/Non-Rev-Owen/mcmaze/runs/20260729_114108_d128_h256_dep2_bs64_ep150_lr5e-04_lxp0.0_lbt0.0_lcca5.0_sig10.0_s3/outputs/velocity_prediction_finetune_100ms_hidden/metrics.csv,hidden,512,hidden,512,68.84326171875,74.407470703125,71.68013763427734,0.9245145916938782,0.8980242013931274,0.9112694263458252,
cca_warmup_finetune_sweep,128,4,0.2,5.0,,,,,best_val_zeta,91,/home/omo26/Non-Rev-Owen/mcmaze/runs/20260729_114550_d128_h256_dep2_bs64_ep150_lr5e-04_lxp0.0_lbt0.0_lcca5.0_sig10.0_s4/checkpoints/best.pt,0.3594894409,0.4723167187637753,0.3594894409,checkpoint,0.8962820768356323,77.0846939086914,0.9114639163017273,0.8811002969741821,74.96273803710938,79.14871978759766,/home/omo26/Non-Rev-Owen/mcmaze/runs/20260729_114550_d128_h256_dep2_bs64_ep150_lr5e-04_lxp0.0_lbt0.0_lcca5.0_sig10.0_s4,0.683221,3.416105,0.4723167187637753,0.032049,/home/omo26/Non-Rev-Owen/mcmaze/cca_warmup_finetune_sweep/logs/lsf0p2_lcca5p0_s4_main.log,/home/omo26/Non-Rev-Owen/mcmaze/cca_warmup_finetune_sweep/logs/lsf0p2_lcca5p0_s4_finetune.log,/home/omo26/Non-Rev-Owen/mcmaze/runs/20260729_114550_d128_h256_dep2_bs64_ep150_lr5e-04_lxp0.0_lbt0.0_lcca5.0_sig10.0_s4/outputs/velocity_prediction_finetune_100ms_hidden/metrics.csv,hidden,512,hidden,512,69.10112762451172,72.99874114990234,71.07732391357422,0.9247685074806213,0.8988597989082336,0.9118141531944275,
cca_warmup_finetune_sweep,128,0,0.1,10.0,,,,,best_val_zeta,99,/home/omo26/Non-Rev-Owen/mcmaze/runs/20260729_115135_d128_h256_dep2_bs64_ep150_lr5e-04_lxp0.0_lbt0.0_lcca10.0_sig10.0_s0/checkpoints/best.pt,0.3486758471,0.482837223344379,0.3486758471,checkpoint,0.9016331434249878,75.99681854248047,0.9183691143989563,0.8848971128463745,73.3281478881836,78.57363891601562,/home/omo26/Non-Rev-Owen/mcmaze/runs/20260729_115135_d128_h256_dep2_bs64_ep150_lr5e-04_lxp0.0_lbt0.0_lcca10.0_sig10.0_s0,0.691946,6.919459999999999,0.482837223344379,0.015613,/home/omo26/Non-Rev-Owen/mcmaze/cca_warmup_finetune_sweep/logs/lsf0p1_lcca10p0_s0_main.log,/home/omo26/Non-Rev-Owen/mcmaze/cca_warmup_finetune_sweep/logs/lsf0p1_lcca10p0_s0_finetune.log,/home/omo26/Non-Rev-Owen/mcmaze/runs/20260729_115135_d128_h256_dep2_bs64_ep150_lr5e-04_lxp0.0_lbt0.0_lcca10.0_sig10.0_s0/outputs/velocity_prediction_finetune_100ms_hidden/metrics.csv,hidden,512,hidden,512,67.46463012695312,73.91188049316406,70.76245880126953,0.9309020042419434,0.8981499671936035,0.9145259857177734,
cca_warmup_finetune_sweep,128,1,0.1,10.0,,,,,best_val_zeta,137,/home/omo26/Non-Rev-Owen/mcmaze/runs/20260729_115501_d128_h256_dep2_bs64_ep150_lr5e-04_lxp0.0_lbt0.0_lcca10.0_sig10.0_s1/checkpoints/best.pt,0.2971563041,0.453517218430837,0.2971563041,checkpoint,0.8984023332595825,76.29218292236328,0.9117695689201355,0.8850350975990295,74.86183166503906,77.69491577148438,/home/omo26/Non-Rev-Owen/mcmaze/runs/20260729_115501_d128_h256_dep2_bs64_ep150_lr5e-04_lxp0.0_lbt0.0_lcca10.0_sig10.0_s1,0.921477,9.21477,0.453517218430837,0.010304,/home/omo26/Non-Rev-Owen/mcmaze/cca_warmup_finetune_sweep/logs/lsf0p1_lcca10p0_s1_main.log,/home/omo26/Non-Rev-Owen/mcmaze/cca_warmup_finetune_sweep/logs/lsf0p1_lcca10p0_s1_finetune.log,/home/omo26/Non-Rev-Owen/mcmaze/runs/20260729_115501_d128_h256_dep2_bs64_ep150_lr5e-04_lxp0.0_lbt0.0_lcca10.0_sig10.0_s1/outputs/velocity_prediction_finetune_100ms_hidden/metrics.csv,hidden,512,hidden,512,69.9382553100586,72.81291961669922,71.39079284667969,0.922993540763855,0.8990288972854614,0.9110112190246582,
cca_warmup_finetune_sweep,128,2,0.1,10.0,,,,,best_val_zeta,83,/home/omo26/Non-Rev-Owen/mcmaze/runs/20260729_115829_d128_h256_dep2_bs64_ep150_lr5e-04_lxp0.0_lbt0.0_lcca10.0_sig10.0_s2/checkpoints/best.pt,0.3155209124,0.45663486255539787,0.3155209124,checkpoint,0.899193286895752,75.68482971191406,0.9146308302879333,0.8837558031082153,73.49861907958984,77.80839538574219,/home/omo26/Non-Rev-Owen/mcmaze/runs/20260729_115829_d128_h256_dep2_bs64_ep150_lr5e-04_lxp0.0_lbt0.0_lcca10.0_sig10.0_s2,0.595302,5.95302,0.45663486255539787,0.017492,/home/omo26/Non-Rev-Owen/mcmaze/cca_warmup_finetune_sweep/logs/lsf0p1_lcca10p0_s2_main.log,/home/omo26/Non-Rev-Owen/mcmaze/cca_warmup_finetune_sweep/logs/lsf0p1_lcca10p0_s2_finetune.log,/home/omo26/Non-Rev-Owen/mcmaze/runs/20260729_115829_d128_h256_dep2_bs64_ep150_lr5e-04_lxp0.0_lbt0.0_lcca10.0_sig10.0_s2/outputs/velocity_prediction_finetune_100ms_hidden/metrics.csv,hidden,512,hidden,512,67.0045394897461,71.92725372314453,69.51016998291016,0.9290502071380615,0.9006643295288086,0.9148572683334351,
cca_warmup_finetune_sweep,128,3,0.1,10.0,,,,,best_val_zeta,95,/home/omo26/Non-Rev-Owen/mcmaze/runs/20260729_120204_d128_h256_dep2_bs64_ep150_lr5e-04_lxp0.0_lbt0.0_lcca10.0_sig10.0_s3/checkpoints/best.pt,0.3491902351,0.4818575878938039,0.3491902351,checkpoint,0.8977193236351013,76.9341812133789,0.9138813018798828,0.8815573453903198,73.5323715209961,80.19033813476562,/home/omo26/Non-Rev-Owen/mcmaze/runs/20260729_120204_d128_h256_dep2_bs64_ep150_lr5e-04_lxp0.0_lbt0.0_lcca10.0_sig10.0_s3,0.667785,6.677849999999999,0.4818575878938039,0.017227,/home/omo26/Non-Rev-Owen/mcmaze/cca_warmup_finetune_sweep/logs/lsf0p1_lcca10p0_s3_main.log,/home/omo26/Non-Rev-Owen/mcmaze/cca_warmup_finetune_sweep/logs/lsf0p1_lcca10p0_s3_finetune.log,/home/omo26/Non-Rev-Owen/mcmaze/runs/20260729_120204_d128_h256_dep2_bs64_ep150_lr5e-04_lxp0.0_lbt0.0_lcca10.0_sig10.0_s3/outputs/velocity_prediction_finetune_100ms_hidden/metrics.csv,hidden,512,hidden,512,69.41065979003906,74.01213836669922,71.74915313720703,0.9232651591300964,0.8991049528121948,0.9111850261688232,
cca_warmup_finetune_sweep,128,4,0.1,10.0,,,,,best_val_zeta,87,/home/omo26/Non-Rev-Owen/mcmaze/runs/20260729_120536_d128_h256_dep2_bs64_ep150_lr5e-04_lxp0.0_lbt0.0_lcca10.0_sig10.0_s4/checkpoints/best.pt,0.3040259778,0.467028323147032,0.3040259778,checkpoint,0.8955109715461731,77.2623062133789,0.9139167666435242,0.877105176448822,73.91703796386719,80.46745300292969,/home/omo26/Non-Rev-Owen/mcmaze/runs/20260729_120536_d128_h256_dep2_bs64_ep150_lr5e-04_lxp0.0_lbt0.0_lcca10.0_sig10.0_s4,0.619463,6.19463,0.467028323147032,0.016379,/home/omo26/Non-Rev-Owen/mcmaze/cca_warmup_finetune_sweep/logs/lsf0p1_lcca10p0_s4_main.log,/home/omo26/Non-Rev-Owen/mcmaze/cca_warmup_finetune_sweep/logs/lsf0p1_lcca10p0_s4_finetune.log,/home/omo26/Non-Rev-Owen/mcmaze/runs/20260729_120536_d128_h256_dep2_bs64_ep150_lr5e-04_lxp0.0_lbt0.0_lcca10.0_sig10.0_s4/outputs/velocity_prediction_finetune_100ms_hidden/metrics.csv,hidden,512,hidden,512,69.69470977783203,73.3327865600586,71.5377197265625,0.9234704971313477,0.8979320526123047,0.9107012748718262,
cca_warmup_finetune_sweep,128,0,0.05,20.0,,,,,best_val_zeta,129,/home/omo26/Non-Rev-Owen/mcmaze/runs/20260729_120905_d128_h256_dep2_bs64_ep150_lr5e-04_lxp0.0_lbt0.0_lcca20.0_sig10.0_s0/checkpoints/best.pt,0.26723966,0.4558056957191891,0.26723966,checkpoint,0.8985832929611206,77.12857055664062,0.9167858362197876,0.8803807497024536,74.03583526611328,80.1003189086914,/home/omo26/Non-Rev-Owen/mcmaze/runs/20260729_120905_d128_h256_dep2_bs64_ep150_lr5e-04_lxp0.0_lbt0.0_lcca20.0_sig10.0_s0,0.866107,17.322139999999997,0.4558056957191891,0.003506,/home/omo26/Non-Rev-Owen/mcmaze/cca_warmup_finetune_sweep/logs/lsf0p05_lcca20p0_s0_main.log,/home/omo26/Non-Rev-Owen/mcmaze/cca_warmup_finetune_sweep/logs/lsf0p05_lcca20p0_s0_finetune.log,/home/omo26/Non-Rev-Owen/mcmaze/runs/20260729_120905_d128_h256_dep2_bs64_ep150_lr5e-04_lxp0.0_lbt0.0_lcca20.0_sig10.0_s0/outputs/velocity_prediction_finetune_100ms_hidden/metrics.csv,hidden,512,hidden,512,67.48924255371094,74.10202026367188,70.87368774414062,0.9308515787124634,0.8976253271102905,0.914238452911377,
cca_warmup_finetune_sweep,128,1,0.05,20.0,,,,,best_val_zeta,137,/home/omo26/Non-Rev-Owen/mcmaze/runs/20260729_121232_d128_h256_dep2_bs64_ep150_lr5e-04_lxp0.0_lbt0.0_lcca20.0_sig10.0_s1/checkpoints/best.pt,0.2420402914,0.43254737390412223,0.2420402914,checkpoint,0.8986893892288208,76.20091247558594,0.9115546941757202,0.8858240842819214,74.95292663574219,77.42784118652344,/home/omo26/Non-Rev-Owen/mcmaze/runs/20260729_121232_d128_h256_dep2_bs64_ep150_lr5e-04_lxp0.0_lbt0.0_lcca20.0_sig10.0_s1,0.917114,18.34228,0.43254737390412223,0.003508,/home/omo26/Non-Rev-Owen/mcmaze/cca_warmup_finetune_sweep/logs/lsf0p05_lcca20p0_s1_main.log,/home/omo26/Non-Rev-Owen/mcmaze/cca_warmup_finetune_sweep/logs/lsf0p05_lcca20p0_s1_finetune.log,/home/omo26/Non-Rev-Owen/mcmaze/runs/20260729_121232_d128_h256_dep2_bs64_ep150_lr5e-04_lxp0.0_lbt0.0_lcca20.0_sig10.0_s1/outputs/velocity_prediction_finetune_100ms_hidden/metrics.csv,hidden,512,hidden,512,68.84516143798828,72.07916259765625,70.4815444946289,0.9253818988800049,0.9010536670684814,0.9132177829742432,
cca_warmup_finetune_sweep,128,2,0.05,20.0,,,,,best_val_zeta,82,/home/omo26/Non-Rev-Owen/mcmaze/runs/20260729_121558_d128_h256_dep2_bs64_ep150_lr5e-04_lxp0.0_lbt0.0_lcca20.0_sig10.0_s2/checkpoints/best.pt,0.2727454901,0.4722062448660533,0.2727454901,checkpoint,0.8969670534133911,76.45154571533203,0.9145072102546692,0.879426896572113,73.55180358886719,79.24394989013672,/home/omo26/Non-Rev-Owen/mcmaze/runs/20260729_121558_d128_h256_dep2_bs64_ep150_lr5e-04_lxp0.0_lbt0.0_lcca20.0_sig10.0_s2,0.566443,11.32886,0.4722062448660533,0.007953,/home/omo26/Non-Rev-Owen/mcmaze/cca_warmup_finetune_sweep/logs/lsf0p05_lcca20p0_s2_main.log,/home/omo26/Non-Rev-Owen/mcmaze/cca_warmup_finetune_sweep/logs/lsf0p05_lcca20p0_s2_finetune.log,/home/omo26/Non-Rev-Owen/mcmaze/runs/20260729_121558_d128_h256_dep2_bs64_ep150_lr5e-04_lxp0.0_lbt0.0_lcca20.0_sig10.0_s2/outputs/velocity_prediction_finetune_100ms_hidden/metrics.csv,hidden,512,hidden,512,67.46985626220703,72.55477905273438,70.05935668945312,0.9280613660812378,0.8989234566688538,0.9134924411773682,
cca_warmup_finetune_sweep,128,3,0.05,20.0,,,,,best_val_zeta,132,/home/omo26/Non-Rev-Owen/mcmaze/runs/20260729_121925_d128_h256_dep2_bs64_ep150_lr5e-04_lxp0.0_lbt0.0_lcca20.0_sig10.0_s3/checkpoints/best.pt,0.2857435942,0.48072971900304157,0.2857435942,checkpoint,0.8956844210624695,77.75004577636719,0.9101758599281311,0.8811929821968079,75.09766387939453,80.31359100341797,/home/omo26/Non-Rev-Owen/mcmaze/runs/20260729_121925_d128_h256_dep2_bs64_ep150_lr5e-04_lxp0.0_lbt0.0_lcca20.0_sig10.0_s3,0.885235,17.7047,0.48072971900304157,0.003157,/home/omo26/Non-Rev-Owen/mcmaze/cca_warmup_finetune_sweep/logs/lsf0p05_lcca20p0_s3_main.log,/home/omo26/Non-Rev-Owen/mcmaze/cca_warmup_finetune_sweep/logs/lsf0p05_lcca20p0_s3_finetune.log,/home/omo26/Non-Rev-Owen/mcmaze/runs/20260729_121925_d128_h256_dep2_bs64_ep150_lr5e-04_lxp0.0_lbt0.0_lcca20.0_sig10.0_s3/outputs/velocity_prediction_finetune_100ms_hidden/metrics.csv,hidden,512,hidden,512,68.72694396972656,73.86176300048828,71.3414535522461,0.9247694611549377,0.8995144963264465,0.9121419787406921,
cca_warmup_finetune_sweep,128,4,0.05,20.0,,,,,best_val_zeta,137,/home/omo26/Non-Rev-Owen/mcmaze/runs/20260729_122252_d128_h256_dep2_bs64_ep150_lr5e-04_lxp0.0_lbt0.0_lcca20.0_sig10.0_s4/checkpoints/best.pt,0.2903479934,0.49914049439960056,0.2903479934,checkpoint,0.898891806602478,76.15423583984375,0.9124103784561157,0.8853732943534851,74.56097412109375,77.71349334716797,/home/omo26/Non-Rev-Owen/mcmaze/runs/20260729_122252_d128_h256_dep2_bs64_ep150_lr5e-04_lxp0.0_lbt0.0_lcca20.0_sig10.0_s4,0.917114,18.34228,0.49914049439960056,0.005536,/home/omo26/Non-Rev-Owen/mcmaze/cca_warmup_finetune_sweep/logs/lsf0p05_lcca20p0_s4_main.log,/home/omo26/Non-Rev-Owen/mcmaze/cca_warmup_finetune_sweep/logs/lsf0p05_lcca20p0_s4_finetune.log,/home/omo26/Non-Rev-Owen/mcmaze/runs/20260729_122252_d128_h256_dep2_bs64_ep150_lr5e-04_lxp0.0_lbt0.0_lcca20.0_sig10.0_s4/outputs/velocity_prediction_finetune_100ms_hidden/metrics.csv,hidden,512,hidden,512,69.26982879638672,71.69666290283203,70.49433135986328,0.9244007468223572,0.9024357199668884,0.9134182333946228,
cca_warmup_finetune_sweep,128,0,0.02,50.0,,,,,best_val_zeta,51,/home/omo26/Non-Rev-Owen/mcmaze/runs/20260729_143256_d128_h256_dep2_bs64_ep150_lr5e-04_lxp0.0_lbt0.0_lcca50.0_sig10.0_s0/checkpoints/best.pt,0.1524170637,0.38436198896831936,0.1524170637,checkpoint,0.8795995116233826,84.1437759399414,0.8982887268066406,0.8609102964401245,81.85173797607422,86.37364196777344,/home/omo26/Non-Rev-Owen/mcmaze/runs/20260729_143256_d128_h256_dep2_bs64_ep150_lr5e-04_lxp0.0_lbt0.0_lcca50.0_sig10.0_s0,0.348859,17.44295,0.38436198896831936,0.002921,/home/omo26/Non-Rev-Owen/mcmaze/cca_warmup_finetune_sweep/logs/lsf0p02_lcca50p0_s0_main.log,/home/omo26/Non-Rev-Owen/mcmaze/cca_warmup_finetune_sweep/logs/lsf0p02_lcca50p0_s0_finetune.log,/home/omo26/Non-Rev-Owen/mcmaze/runs/20260729_143256_d128_h256_dep2_bs64_ep150_lr5e-04_lxp0.0_lbt0.0_lcca50.0_sig10.0_s0/outputs/velocity_prediction_finetune_100ms_hidden/metrics.csv,hidden,512,hidden,512,69.50068664550781,74.8186264038086,72.20942687988281,0.9266683459281921,0.8956356644630432,0.9111520051956177,
cca_warmup_finetune_sweep,128,1,0.02,50.0,,,,,best_val_zeta,109,/home/omo26/Non-Rev-Owen/mcmaze/runs/20260729_143624_d128_h256_dep2_bs64_ep150_lr5e-04_lxp0.0_lbt0.0_lcca50.0_sig10.0_s1/checkpoints/best.pt,0.151304245,0.4187606871128082,0.151304245,checkpoint,0.8897404670715332,79.50267791748047,0.9035356640815735,0.8759452700614929,78.27709197998047,80.70799255371094,/home/omo26/Non-Rev-Owen/mcmaze/runs/20260729_143624_d128_h256_dep2_bs64_ep150_lr5e-04_lxp0.0_lbt0.0_lcca50.0_sig10.0_s1,0.730336,36.516799999999996,0.4187606871128082,0.005270,/home/omo26/Non-Rev-Owen/mcmaze/cca_warmup_finetune_sweep/logs/lsf0p02_lcca50p0_s1_main.log,/home/omo26/Non-Rev-Owen/mcmaze/cca_warmup_finetune_sweep/logs/lsf0p02_lcca50p0_s1_finetune.log,/home/omo26/Non-Rev-Owen/mcmaze/runs/20260729_143624_d128_h256_dep2_bs64_ep150_lr5e-04_lxp0.0_lbt0.0_lcca50.0_sig10.0_s1/outputs/velocity_prediction_finetune_100ms_hidden/metrics.csv,hidden,512,hidden,512,70.40603637695312,73.7705307006836,72.10894012451172,0.9219599962234497,0.8963555693626404,0.9091577529907227,
cca_warmup_finetune_sweep,128,2,0.02,50.0,,,,,best_val_zeta,88,/home/omo26/Non-Rev-Owen/mcmaze/runs/20260729_143953_d128_h256_dep2_bs64_ep150_lr5e-04_lxp0.0_lbt0.0_lcca50.0_sig10.0_s2/checkpoints/best.pt,0.196423769,0.4727756447262234,0.196423769,checkpoint,0.8916460871696472,78.42279815673828,0.9094756841659546,0.8738164901733398,75.68524932861328,81.0666275024414,/home/omo26/Non-Rev-Owen/mcmaze/runs/20260729_143953_d128_h256_dep2_bs64_ep150_lr5e-04_lxp0.0_lbt0.0_lcca50.0_sig10.0_s2,0.592215,29.610750000000003,0.4727756447262234,0.003863,/home/omo26/Non-Rev-Owen/mcmaze/cca_warmup_finetune_sweep/logs/lsf0p02_lcca50p0_s2_main.log,/home/omo26/Non-Rev-Owen/mcmaze/cca_warmup_finetune_sweep/logs/lsf0p02_lcca50p0_s2_finetune.log,/home/omo26/Non-Rev-Owen/mcmaze/runs/20260729_143953_d128_h256_dep2_bs64_ep150_lr5e-04_lxp0.0_lbt0.0_lcca50.0_sig10.0_s2/outputs/velocity_prediction_finetune_100ms_hidden/metrics.csv,hidden,512,hidden,512,67.7887954711914,72.99272918701172,70.43960571289062,0.9273796081542969,0.8976995348930359,0.9125396013259888,
cca_warmup_finetune_sweep,128,3,0.02,50.0,,,,,best_val_zeta,87,/home/omo26/Non-Rev-Owen/mcmaze/runs/20260729_144536_d128_h256_dep2_bs64_ep150_lr5e-04_lxp0.0_lbt0.0_lcca50.0_sig10.0_s3/checkpoints/best.pt,0.1697610319,0.39780929684638977,0.1697610319,checkpoint,0.8908690214157104,79.52051544189453,0.9061782360076904,0.8755598068237305,76.75057983398438,82.19554901123047,/home/omo26/Non-Rev-Owen/mcmaze/runs/20260729_144536_d128_h256_dep2_bs64_ep150_lr5e-04_lxp0.0_lbt0.0_lcca50.0_sig10.0_s3,0.585638,29.2819,0.39780929684638977,0.004095,/home/omo26/Non-Rev-Owen/mcmaze/cca_warmup_finetune_sweep/logs/lsf0p02_lcca50p0_s3_main.log,/home/omo26/Non-Rev-Owen/mcmaze/cca_warmup_finetune_sweep/logs/lsf0p02_lcca50p0_s3_finetune.log,/home/omo26/Non-Rev-Owen/mcmaze/runs/20260729_144536_d128_h256_dep2_bs64_ep150_lr5e-04_lxp0.0_lbt0.0_lcca50.0_sig10.0_s3/outputs/velocity_prediction_finetune_100ms_hidden/metrics.csv,hidden,512,hidden,512,68.3116455078125,73.91613006591797,71.16978454589844,0.9256758689880371,0.8993664979934692,0.9125211834907532,
cca_warmup_finetune_sweep,128,4,0.02,50.0,,,,,best_val_zeta,87,/home/omo26/Non-Rev-Owen/mcmaze/runs/20260729_144954_d128_h256_dep2_bs64_ep150_lr5e-04_lxp0.0_lbt0.0_lcca50.0_sig10.0_s4/checkpoints/best.pt,0.1799530387,0.434223022725847,0.1799530387,checkpoint,0.892615795135498,78.45267486572266,0.9078316688537598,0.8773999214172363,76.4849853515625,80.37091064453125,/home/omo26/Non-Rev-Owen/mcmaze/runs/20260729_144954_d128_h256_dep2_bs64_ep150_lr5e-04_lxp0.0_lbt0.0_lcca50.0_sig10.0_s4,0.585638,29.2819,0.434223022725847,0.005383,/home/omo26/Non-Rev-Owen/mcmaze/cca_warmup_finetune_sweep/logs/lsf0p02_lcca50p0_s4_main.log,/home/omo26/Non-Rev-Owen/mcmaze/cca_warmup_finetune_sweep/logs/lsf0p02_lcca50p0_s4_finetune.log,/home/omo26/Non-Rev-Owen/mcmaze/runs/20260729_144954_d128_h256_dep2_bs64_ep150_lr5e-04_lxp0.0_lbt0.0_lcca50.0_sig10.0_s4/outputs/velocity_prediction_finetune_100ms_hidden/metrics.csv,hidden,512,hidden,512,69.30460357666016,72.6234130859375,70.98420715332031,0.9243248105049133,0.8998971581459045,0.9121109843254089,
dim_train_finetune_sweep,32,0,0.1,10.0,,,,,best_val_zeta,49,/home/omo26/Non-Rev-Owen/mcmaze/runs/20260728_171921_d32_h256_dep2_bs64_ep150_lr5e-04_lxp0.0_lbt0.0_lcca10.0_sig10.0_s0/checkpoints/best.pt,0.3453528583,0.4544508523411221,0.3453528583,checkpoint,0.8865859508514404,81.70427703857422,0.9031708836555481,0.870000958442688,79.86312866210938,83.50332641601562,/home/omo26/Non-Rev-Owen/mcmaze/runs/20260728_171921_d32_h256_dep2_bs64_ep150_lr5e-04_lxp0.0_lbt0.0_lcca10.0_sig10.0_s0,0.389933,3.89933,0.4544508523411221,0.004321,/home/omo26/Non-Rev-Owen/mcmaze/dim_train_finetune_sweep/logs/d32_s0_main.log,/home/omo26/Non-Rev-Owen/mcmaze/dim_train_finetune_sweep/logs/d32_s0_finetune.log,/home/omo26/Non-Rev-Owen/mcmaze/runs/20260728_171921_d32_h256_dep2_bs64_ep150_lr5e-04_lxp0.0_lbt0.0_lcca10.0_sig10.0_s0/outputs/velocity_prediction_finetune_100ms_hidden/metrics.csv,hidden,512,hidden,512,71.27998352050781,77.01842498779297,74.20570373535156,0.9228655695915222,0.8894084692001343,0.9061369895935059,
dim_train_finetune_sweep,32,1,0.1,10.0,,,,,best_val_zeta,26,/home/omo26/Non-Rev-Owen/mcmaze/runs/20260728_172226_d32_h256_dep2_bs64_ep150_lr5e-04_lxp0.0_lbt0.0_lcca10.0_sig10.0_s1/checkpoints/best.pt,0.336877346,0.4437132610215081,0.336877346,checkpoint,0.8755730390548706,84.52982330322266,0.8888755440711975,0.8622705340385437,84.01486206054688,85.0400161743164,/home/omo26/Non-Rev-Owen/mcmaze/runs/20260728_172226_d32_h256_dep2_bs64_ep150_lr5e-04_lxp0.0_lbt0.0_lcca10.0_sig10.0_s1,0.251007,2.51007,0.4437132610215081,0.009973,/home/omo26/Non-Rev-Owen/mcmaze/dim_train_finetune_sweep/logs/d32_s1_main.log,/home/omo26/Non-Rev-Owen/mcmaze/dim_train_finetune_sweep/logs/d32_s1_finetune.log,/home/omo26/Non-Rev-Owen/mcmaze/runs/20260728_172226_d32_h256_dep2_bs64_ep150_lr5e-04_lxp0.0_lbt0.0_lcca10.0_sig10.0_s1/outputs/velocity_prediction_finetune_100ms_hidden/metrics.csv,hidden,512,hidden,512,73.85912322998047,77.25180053710938,75.575439453125,0.9141172766685486,0.8863427042961121,0.9002299904823303,
dim_train_finetune_sweep,32,2,0.1,10.0,,,,,best_val_zeta,37,/home/omo26/Non-Rev-Owen/mcmaze/runs/20260728_172531_d32_h256_dep2_bs64_ep150_lr5e-04_lxp0.0_lbt0.0_lcca10.0_sig10.0_s2/checkpoints/best.pt,0.3209376633,0.4487889077928331,0.3209376633,checkpoint,0.8783730268478394,83.06986999511719,0.8989110589027405,0.8578349351882935,79.9798355102539,86.04730224609375,/home/omo26/Non-Rev-Owen/mcmaze/runs/20260728_172531_d32_h256_dep2_bs64_ep150_lr5e-04_lxp0.0_lbt0.0_lcca10.0_sig10.0_s2,0.317450,3.1745,0.4487889077928331,0.005990,/home/omo26/Non-Rev-Owen/mcmaze/dim_train_finetune_sweep/logs/d32_s2_main.log,/home/omo26/Non-Rev-Owen/mcmaze/dim_train_finetune_sweep/logs/d32_s2_finetune.log,/home/omo26/Non-Rev-Owen/mcmaze/runs/20260728_172531_d32_h256_dep2_bs64_ep150_lr5e-04_lxp0.0_lbt0.0_lcca10.0_sig10.0_s2/outputs/velocity_prediction_finetune_100ms_hidden/metrics.csv,hidden,512,hidden,512,70.56058502197266,75.74749755859375,73.20089721679688,0.9213195443153381,0.8898321390151978,0.9055758714675903,
dim_train_finetune_sweep,32,3,0.1,10.0,,,,,best_val_zeta,38,/home/omo26/Non-Rev-Owen/mcmaze/runs/20260728_173104_d32_h256_dep2_bs64_ep150_lr5e-04_lxp0.0_lbt0.0_lcca10.0_sig10.0_s3/checkpoints/best.pt,0.3361181617,0.39504507515165543,0.3361181617,checkpoint,0.8867555856704712,81.02328491210938,0.9019549489021301,0.871556282043457,78.45899200439453,83.5073013305664,/home/omo26/Non-Rev-Owen/mcmaze/runs/20260728_173104_d32_h256_dep2_bs64_ep150_lr5e-04_lxp0.0_lbt0.0_lcca10.0_sig10.0_s3,0.323490,3.2349,0.39504507515165543,0.007891,/home/omo26/Non-Rev-Owen/mcmaze/dim_train_finetune_sweep/logs/d32_s3_main.log,/home/omo26/Non-Rev-Owen/mcmaze/dim_train_finetune_sweep/logs/d32_s3_finetune.log,/home/omo26/Non-Rev-Owen/mcmaze/runs/20260728_173104_d32_h256_dep2_bs64_ep150_lr5e-04_lxp0.0_lbt0.0_lcca10.0_sig10.0_s3/outputs/velocity_prediction_finetune_100ms_hidden/metrics.csv,hidden,512,hidden,512,70.64958190917969,75.43714141845703,73.0834732055664,0.9205014109611511,0.8951823115348816,0.9078418612480164,
dim_train_finetune_sweep,32,4,0.1,10.0,,,,,best_val_zeta,33,/home/omo26/Non-Rev-Owen/mcmaze/runs/20260728_173659_d32_h256_dep2_bs64_ep150_lr5e-04_lxp0.0_lbt0.0_lcca10.0_sig10.0_s4/checkpoints/best.pt,0.3578009903,0.4667154782348209,0.3578009903,checkpoint,0.8798612356185913,83.00518798828125,0.8961460590362549,0.8635764718055725,81.18892669677734,84.78091430664062,/home/omo26/Non-Rev-Owen/mcmaze/runs/20260728_173659_d32_h256_dep2_bs64_ep150_lr5e-04_lxp0.0_lbt0.0_lcca10.0_sig10.0_s4,0.293289,2.9328900000000004,0.4667154782348209,0.010202,/home/omo26/Non-Rev-Owen/mcmaze/dim_train_finetune_sweep/logs/d32_s4_main.log,/home/omo26/Non-Rev-Owen/mcmaze/dim_train_finetune_sweep/logs/d32_s4_finetune.log,/home/omo26/Non-Rev-Owen/mcmaze/runs/20260728_173659_d32_h256_dep2_bs64_ep150_lr5e-04_lxp0.0_lbt0.0_lcca10.0_sig10.0_s4/outputs/velocity_prediction_finetune_100ms_hidden/metrics.csv,hidden,512,hidden,512,70.92058563232422,75.51688385009766,73.25559997558594,0.920754611492157,0.8917616605758667,0.9062581062316895,
dim_train_finetune_sweep,64,0,0.1,10.0,,,,,best_val_zeta,46,/home/omo26/Non-Rev-Owen/mcmaze/runs/20260728_174243_d64_h256_dep2_bs64_ep150_lr5e-04_lxp0.0_lbt0.0_lcca10.0_sig10.0_s0/checkpoints/best.pt,0.3338713944,0.49090079466501874,0.3338713944,checkpoint,0.8885864019393921,80.99080657958984,0.9046056866645813,0.8725671768188477,79.26922607421875,82.67501831054688,/home/omo26/Non-Rev-Owen/mcmaze/runs/20260728_174243_d64_h256_dep2_bs64_ep150_lr5e-04_lxp0.0_lbt0.0_lcca10.0_sig10.0_s0,0.371812,3.71812,0.49090079466501874,0.016718,/home/omo26/Non-Rev-Owen/mcmaze/dim_train_finetune_sweep/logs/d64_s0_main.log,/home/omo26/Non-Rev-Owen/mcmaze/dim_train_finetune_sweep/logs/d64_s0_finetune.log,/home/omo26/Non-Rev-Owen/mcmaze/runs/20260728_174243_d64_h256_dep2_bs64_ep150_lr5e-04_lxp0.0_lbt0.0_lcca10.0_sig10.0_s0/outputs/velocity_prediction_finetune_100ms_hidden/metrics.csv,hidden,512,hidden,512,70.25597381591797,76.00801086425781,73.18951416015625,0.9250658750534058,0.8922911882400513,0.9086785316467285,
dim_train_finetune_sweep,64,1,0.1,10.0,,,,,best_val_zeta,86,/home/omo26/Non-Rev-Owen/mcmaze/runs/20260728_174621_d64_h256_dep2_bs64_ep150_lr5e-04_lxp0.0_lbt0.0_lcca10.0_sig10.0_s1/checkpoints/best.pt,0.3554414809,0.5136568976773156,0.3554414809,checkpoint,0.8906288743019104,79.18732452392578,0.9041445255279541,0.8771132230758667,78.02965545654297,80.3271713256836,/home/omo26/Non-Rev-Owen/mcmaze/runs/20260728_174621_d64_h256_dep2_bs64_ep150_lr5e-04_lxp0.0_lbt0.0_lcca10.0_sig10.0_s1,0.613423,6.1342300000000005,0.5136568976773156,0.008639,/home/omo26/Non-Rev-Owen/mcmaze/dim_train_finetune_sweep/logs/d64_s1_main.log,/home/omo26/Non-Rev-Owen/mcmaze/dim_train_finetune_sweep/logs/d64_s1_finetune.log,/home/omo26/Non-Rev-Owen/mcmaze/runs/20260728_174621_d64_h256_dep2_bs64_ep150_lr5e-04_lxp0.0_lbt0.0_lcca10.0_sig10.0_s1/outputs/velocity_prediction_finetune_100ms_hidden/metrics.csv,hidden,512,hidden,512,72.37387084960938,73.78707122802734,73.08464050292969,0.9175366163253784,0.8963090777397156,0.9069228172302246,
dim_train_finetune_sweep,64,2,0.1,10.0,,,,,best_val_zeta,93,/home/omo26/Non-Rev-Owen/mcmaze/runs/20260728_175153_d64_h256_dep2_bs64_ep150_lr5e-04_lxp0.0_lbt0.0_lcca10.0_sig10.0_s2/checkpoints/best.pt,0.399256289,0.49501921402083504,0.399256289,checkpoint,0.8963302969932556,76.6754379272461,0.9143098592758179,0.8783507347106934,73.63665771484375,79.59679412841797,/home/omo26/Non-Rev-Owen/mcmaze/runs/20260728_175153_d64_h256_dep2_bs64_ep150_lr5e-04_lxp0.0_lbt0.0_lcca10.0_sig10.0_s2,0.655705,6.55705,0.49501921402083504,0.008439,/home/omo26/Non-Rev-Owen/mcmaze/dim_train_finetune_sweep/logs/d64_s2_main.log,/home/omo26/Non-Rev-Owen/mcmaze/dim_train_finetune_sweep/logs/d64_s2_finetune.log,/home/omo26/Non-Rev-Owen/mcmaze/runs/20260728_175153_d64_h256_dep2_bs64_ep150_lr5e-04_lxp0.0_lbt0.0_lcca10.0_sig10.0_s2/outputs/velocity_prediction_finetune_100ms_hidden/metrics.csv,hidden,512,hidden,512,68.47599029541016,73.9247055053711,71.25326538085938,0.9258998036384583,0.8950705528259277,0.9104851484298706,
dim_train_finetune_sweep,64,3,0.1,10.0,,,,,best_val_zeta,97,/home/omo26/Non-Rev-Owen/mcmaze/runs/20260728_175758_d64_h256_dep2_bs64_ep150_lr5e-04_lxp0.0_lbt0.0_lcca10.0_sig10.0_s3/checkpoints/best.pt,0.3590680361,0.48758287231127423,0.3590680361,checkpoint,0.895720899105072,77.67144012451172,0.9125897288322449,0.8788520693778992,74.08173370361328,81.10095977783203,/home/omo26/Non-Rev-Owen/mcmaze/runs/20260728_175758_d64_h256_dep2_bs64_ep150_lr5e-04_lxp0.0_lbt0.0_lcca10.0_sig10.0_s3,0.679866,6.79866,0.48758287231127423,0.006639,/home/omo26/Non-Rev-Owen/mcmaze/dim_train_finetune_sweep/logs/d64_s3_main.log,/home/omo26/Non-Rev-Owen/mcmaze/dim_train_finetune_sweep/logs/d64_s3_finetune.log,/home/omo26/Non-Rev-Owen/mcmaze/runs/20260728_175758_d64_h256_dep2_bs64_ep150_lr5e-04_lxp0.0_lbt0.0_lcca10.0_sig10.0_s3/outputs/velocity_prediction_finetune_100ms_hidden/metrics.csv,hidden,512,hidden,512,67.05494689941406,74.55068969726562,70.90287017822266,0.9283853769302368,0.8976312279701233,0.9130083322525024,
dim_train_finetune_sweep,64,4,0.1,10.0,,,,,best_val_zeta,78,/home/omo26/Non-Rev-Owen/mcmaze/runs/20260728_180358_d64_h256_dep2_bs64_ep150_lr5e-04_lxp0.0_lbt0.0_lcca10.0_sig10.0_s4/checkpoints/best.pt,0.3296591341,0.4670661555396186,0.3296591341,checkpoint,0.8826454281806946,82.05351257324219,0.8980690240859985,0.8672218322753906,80.43376159667969,83.64054107666016,/home/omo26/Non-Rev-Owen/mcmaze/runs/20260728_180358_d64_h256_dep2_bs64_ep150_lr5e-04_lxp0.0_lbt0.0_lcca10.0_sig10.0_s4,0.565101,5.651009999999999,0.4670661555396186,0.009625,/home/omo26/Non-Rev-Owen/mcmaze/dim_train_finetune_sweep/logs/d64_s4_main.log,/home/omo26/Non-Rev-Owen/mcmaze/dim_train_finetune_sweep/logs/d64_s4_finetune.log,/home/omo26/Non-Rev-Owen/mcmaze/runs/20260728_180358_d64_h256_dep2_bs64_ep150_lr5e-04_lxp0.0_lbt0.0_lcca10.0_sig10.0_s4/outputs/velocity_prediction_finetune_100ms_hidden/metrics.csv,hidden,512,hidden,512,71.4589614868164,75.50215911865234,73.5092544555664,0.919546902179718,0.8918038606643677,0.9056754112243652,
dim_train_finetune_sweep,128,0,0.1,10.0,,,,,best_val_zeta,99,/home/omo26/Non-Rev-Owen/mcmaze/runs/20260728_181001_d128_h256_dep2_bs64_ep150_lr5e-04_lxp0.0_lbt0.0_lcca10.0_sig10.0_s0/checkpoints/best.pt,0.3486758471,0.482837223344379,0.3486758471,checkpoint,0.9016331434249878,75.99681854248047,0.9183691143989563,0.8848971128463745,73.3281478881836,78.57363891601562,/home/omo26/Non-Rev-Owen/mcmaze/runs/20260728_181001_d128_h256_dep2_bs64_ep150_lr5e-04_lxp0.0_lbt0.0_lcca10.0_sig10.0_s0,0.691946,6.919459999999999,0.482837223344379,0.015613,/home/omo26/Non-Rev-Owen/mcmaze/dim_train_finetune_sweep/logs/d128_s0_main.log,/home/omo26/Non-Rev-Owen/mcmaze/dim_train_finetune_sweep/logs/d128_s0_finetune.log,/home/omo26/Non-Rev-Owen/mcmaze/runs/20260728_181001_d128_h256_dep2_bs64_ep150_lr5e-04_lxp0.0_lbt0.0_lcca10.0_sig10.0_s0/outputs/velocity_prediction_finetune_100ms_hidden/metrics.csv,hidden,512,hidden,512,67.46463012695312,73.91188049316406,70.76245880126953,0.9309020042419434,0.8981499671936035,0.9145259857177734,
dim_train_finetune_sweep,128,1,0.1,10.0,,,,,best_val_zeta,137,/home/omo26/Non-Rev-Owen/mcmaze/runs/20260728_181601_d128_h256_dep2_bs64_ep150_lr5e-04_lxp0.0_lbt0.0_lcca10.0_sig10.0_s1/checkpoints/best.pt,0.2971563041,0.453517218430837,0.2971563041,checkpoint,0.8984023332595825,76.29218292236328,0.9117695689201355,0.8850350975990295,74.86183166503906,77.69491577148438,/home/omo26/Non-Rev-Owen/mcmaze/runs/20260728_181601_d128_h256_dep2_bs64_ep150_lr5e-04_lxp0.0_lbt0.0_lcca10.0_sig10.0_s1,0.921477,9.21477,0.453517218430837,0.010304,/home/omo26/Non-Rev-Owen/mcmaze/dim_train_finetune_sweep/logs/d128_s1_main.log,/home/omo26/Non-Rev-Owen/mcmaze/dim_train_finetune_sweep/logs/d128_s1_finetune.log,/home/omo26/Non-Rev-Owen/mcmaze/runs/20260728_181601_d128_h256_dep2_bs64_ep150_lr5e-04_lxp0.0_lbt0.0_lcca10.0_sig10.0_s1/outputs/velocity_prediction_finetune_100ms_hidden/metrics.csv,hidden,512,hidden,512,69.9382553100586,72.81291961669922,71.39079284667969,0.922993540763855,0.8990288972854614,0.9110112190246582,
dim_train_finetune_sweep,128,2,0.1,10.0,,,,,best_val_zeta,83,/home/omo26/Non-Rev-Owen/mcmaze/runs/20260728_182159_d128_h256_dep2_bs64_ep150_lr5e-04_lxp0.0_lbt0.0_lcca10.0_sig10.0_s2/checkpoints/best.pt,0.3155209124,0.45663486255539787,0.3155209124,checkpoint,0.899193286895752,75.68482971191406,0.9146308302879333,0.8837558031082153,73.49861907958984,77.80839538574219,/home/omo26/Non-Rev-Owen/mcmaze/runs/20260728_182159_d128_h256_dep2_bs64_ep150_lr5e-04_lxp0.0_lbt0.0_lcca10.0_sig10.0_s2,0.595302,5.95302,0.45663486255539787,0.017492,/home/omo26/Non-Rev-Owen/mcmaze/dim_train_finetune_sweep/logs/d128_s2_main.log,/home/omo26/Non-Rev-Owen/mcmaze/dim_train_finetune_sweep/logs/d128_s2_finetune.log,/home/omo26/Non-Rev-Owen/mcmaze/runs/20260728_182159_d128_h256_dep2_bs64_ep150_lr5e-04_lxp0.0_lbt0.0_lcca10.0_sig10.0_s2/outputs/velocity_prediction_finetune_100ms_hidden/metrics.csv,hidden,512,hidden,512,67.0045394897461,71.92725372314453,69.51016998291016,0.9290502071380615,0.9006643295288086,0.9148572683334351,
dim_train_finetune_sweep,128,3,0.1,10.0,,,,,best_val_zeta,95,/home/omo26/Non-Rev-Owen/mcmaze/runs/20260728_183848_d128_h256_dep2_bs64_ep150_lr5e-04_lxp0.0_lbt0.0_lcca10.0_sig10.0_s3/checkpoints/best.pt,0.3491902351,0.4818575878938039,0.3491902351,checkpoint,0.8977193236351013,76.9341812133789,0.9138813018798828,0.8815573453903198,73.5323715209961,80.19033813476562,/home/omo26/Non-Rev-Owen/mcmaze/runs/20260728_183848_d128_h256_dep2_bs64_ep150_lr5e-04_lxp0.0_lbt0.0_lcca10.0_sig10.0_s3,0.667785,6.677849999999999,0.4818575878938039,0.017227,/home/omo26/Non-Rev-Owen/mcmaze/dim_train_finetune_sweep/logs/d128_s3_main.log,/home/omo26/Non-Rev-Owen/mcmaze/dim_train_finetune_sweep/logs/d128_s3_finetune.log,/home/omo26/Non-Rev-Owen/mcmaze/runs/20260728_183848_d128_h256_dep2_bs64_ep150_lr5e-04_lxp0.0_lbt0.0_lcca10.0_sig10.0_s3/outputs/velocity_prediction_finetune_100ms_hidden/metrics.csv,hidden,512,hidden,512,69.41065979003906,74.01213836669922,71.74915313720703,0.9232651591300964,0.8991049528121948,0.9111850261688232,
dim_train_finetune_sweep,128,4,0.1,10.0,,,,,best_val_zeta,87,/home/omo26/Non-Rev-Owen/mcmaze/runs/20260728_184213_d128_h256_dep2_bs64_ep150_lr5e-04_lxp0.0_lbt0.0_lcca10.0_sig10.0_s4/checkpoints/best.pt,0.3040259778,0.467028323147032,0.3040259778,checkpoint,0.8955109715461731,77.2623062133789,0.9139167666435242,0.877105176448822,73.91703796386719,80.46745300292969,/home/omo26/Non-Rev-Owen/mcmaze/runs/20260728_184213_d128_h256_dep2_bs64_ep150_lr5e-04_lxp0.0_lbt0.0_lcca10.0_sig10.0_s4,0.619463,6.19463,0.467028323147032,0.016379,/home/omo26/Non-Rev-Owen/mcmaze/dim_train_finetune_sweep/logs/d128_s4_main.log,/home/omo26/Non-Rev-Owen/mcmaze/dim_train_finetune_sweep/logs/d128_s4_finetune.log,/home/omo26/Non-Rev-Owen/mcmaze/runs/20260728_184213_d128_h256_dep2_bs64_ep150_lr5e-04_lxp0.0_lbt0.0_lcca10.0_sig10.0_s4/outputs/velocity_prediction_finetune_100ms_hidden/metrics.csv,hidden,512,hidden,512,69.69470977783203,73.3327865600586,71.5377197265625,0.9234704971313477,0.8979320526123047,0.9107012748718262,
dim_train_finetune_sweep,256,0,0.1,10.0,,,,,best_val_zeta,90,/home/omo26/Non-Rev-Owen/mcmaze/runs/20260728_184541_d256_h256_dep2_bs64_ep150_lr5e-04_lxp0.0_lbt0.0_lcca10.0_sig10.0_s0/checkpoints/best.pt,0.2856200635,0.4326409565077888,0.2856200635,checkpoint,0.8874127864837646,81.38206481933594,0.904515266418457,0.8703102469444275,79.30679321289062,83.40393829345703,/home/omo26/Non-Rev-Owen/mcmaze/runs/20260728_184541_d256_h256_dep2_bs64_ep150_lr5e-04_lxp0.0_lbt0.0_lcca10.0_sig10.0_s0,0.637584,6.37584,0.4326409565077888,0.020915,/home/omo26/Non-Rev-Owen/mcmaze/dim_train_finetune_sweep/logs/d256_s0_main.log,/home/omo26/Non-Rev-Owen/mcmaze/dim_train_finetune_sweep/logs/d256_s0_finetune.log,/home/omo26/Non-Rev-Owen/mcmaze/runs/20260728_184541_d256_h256_dep2_bs64_ep150_lr5e-04_lxp0.0_lbt0.0_lcca10.0_sig10.0_s0/outputs/velocity_prediction_finetune_100ms_hidden/metrics.csv,hidden,512,hidden,512,68.68760681152344,76.14896392822266,72.51528930664062,0.9283741116523743,0.8918913006782532,0.9101327061653137,
dim_train_finetune_sweep,256,1,0.1,10.0,,,,,best_val_zeta,99,/home/omo26/Non-Rev-Owen/mcmaze/runs/20260728_184941_d256_h256_dep2_bs64_ep150_lr5e-04_lxp0.0_lbt0.0_lcca10.0_sig10.0_s1/checkpoints/best.pt,0.284153223,0.4536077082157135,0.284153223,checkpoint,0.8982866406440735,76.28150177001953,0.9131755828857422,0.8833976984024048,74.26296997070312,78.24623107910156,/home/omo26/Non-Rev-Owen/mcmaze/runs/20260728_184941_d256_h256_dep2_bs64_ep150_lr5e-04_lxp0.0_lbt0.0_lcca10.0_sig10.0_s1,0.691946,6.919459999999999,0.4536077082157135,0.018588,/home/omo26/Non-Rev-Owen/mcmaze/dim_train_finetune_sweep/logs/d256_s1_main.log,/home/omo26/Non-Rev-Owen/mcmaze/dim_train_finetune_sweep/logs/d256_s1_finetune.log,/home/omo26/Non-Rev-Owen/mcmaze/runs/20260728_184941_d256_h256_dep2_bs64_ep150_lr5e-04_lxp0.0_lbt0.0_lcca10.0_sig10.0_s1/outputs/velocity_prediction_finetune_100ms_hidden/metrics.csv,hidden,512,hidden,512,68.01155090332031,73.4103012084961,70.7632064819336,0.9271779656410217,0.8973653316497803,0.9122716188430786,
dim_train_finetune_sweep,256,2,0.1,10.0,,,,,best_val_zeta,90,/home/omo26/Non-Rev-Owen/mcmaze/runs/20260728_185341_d256_h256_dep2_bs64_ep150_lr5e-04_lxp0.0_lbt0.0_lcca10.0_sig10.0_s2/checkpoints/best.pt,0.2935575843,0.4621208475695716,0.2935575843,checkpoint,0.899249792098999,75.5483169555664,0.9177983403205872,0.8807011842727661,72.12220764160156,78.82408142089844,/home/omo26/Non-Rev-Owen/mcmaze/runs/20260728_185341_d256_h256_dep2_bs64_ep150_lr5e-04_lxp0.0_lbt0.0_lcca10.0_sig10.0_s2,0.637584,6.37584,0.4621208475695716,0.020614,/home/omo26/Non-Rev-Owen/mcmaze/dim_train_finetune_sweep/logs/d256_s2_main.log,/home/omo26/Non-Rev-Owen/mcmaze/dim_train_finetune_sweep/logs/d256_s2_finetune.log,/home/omo26/Non-Rev-Owen/mcmaze/runs/20260728_185341_d256_h256_dep2_bs64_ep150_lr5e-04_lxp0.0_lbt0.0_lcca10.0_sig10.0_s2/outputs/velocity_prediction_finetune_100ms_hidden/metrics.csv,hidden,512,hidden,512,66.32621002197266,72.31749725341797,69.38722229003906,0.9304794669151306,0.8995835185050964,0.9150314927101135,
dim_train_finetune_sweep,256,3,0.1,10.0,,,,,best_val_zeta,127,/home/omo26/Non-Rev-Owen/mcmaze/runs/20260728_185741_d256_h256_dep2_bs64_ep150_lr5e-04_lxp0.0_lbt0.0_lcca10.0_sig10.0_s3/checkpoints/best.pt,0.2754288912,0.44691435164875454,0.2754288912,checkpoint,0.8998507857322693,76.06387329101562,0.9179820418357849,0.8817195296287537,71.76031494140625,80.13542175292969,/home/omo26/Non-Rev-Owen/mcmaze/runs/20260728_185741_d256_h256_dep2_bs64_ep150_lr5e-04_lxp0.0_lbt0.0_lcca10.0_sig10.0_s3,0.861074,8.61074,0.44691435164875454,0.014259,/home/omo26/Non-Rev-Owen/mcmaze/dim_train_finetune_sweep/logs/d256_s3_main.log,/home/omo26/Non-Rev-Owen/mcmaze/dim_train_finetune_sweep/logs/d256_s3_finetune.log,/home/omo26/Non-Rev-Owen/mcmaze/runs/20260728_185741_d256_h256_dep2_bs64_ep150_lr5e-04_lxp0.0_lbt0.0_lcca10.0_sig10.0_s3/outputs/velocity_prediction_finetune_100ms_hidden/metrics.csv,hidden,512,hidden,512,67.0125503540039,74.05195617675781,70.62083435058594,0.9284758567810059,0.8989963531494141,0.91373610496521,
dim_train_finetune_sweep,256,4,0.1,10.0,,,,,best_val_zeta,97,/home/omo26/Non-Rev-Owen/mcmaze/runs/20260728_190140_d256_h256_dep2_bs64_ep150_lr5e-04_lxp0.0_lbt0.0_lcca10.0_sig10.0_s4/checkpoints/best.pt,0.3112826347,0.4712819324599372,0.3112826347,checkpoint,0.8988569974899292,76.08505249023438,0.9147098660469055,0.8830040693283081,73.57575988769531,78.51251220703125,/home/omo26/Non-Rev-Owen/mcmaze/runs/20260728_190140_d256_h256_dep2_bs64_ep150_lr5e-04_lxp0.0_lbt0.0_lcca10.0_sig10.0_s4,0.679866,6.79866,0.4712819324599372,0.020489,/home/omo26/Non-Rev-Owen/mcmaze/dim_train_finetune_sweep/logs/d256_s4_main.log,/home/omo26/Non-Rev-Owen/mcmaze/dim_train_finetune_sweep/logs/d256_s4_finetune.log,/home/omo26/Non-Rev-Owen/mcmaze/runs/20260728_190140_d256_h256_dep2_bs64_ep150_lr5e-04_lxp0.0_lbt0.0_lcca10.0_sig10.0_s4/outputs/velocity_prediction_finetune_100ms_hidden/metrics.csv,hidden,512,hidden,512,67.08702087402344,71.55465698242188,69.35749053955078,0.929090142250061,0.9028217792510986,0.9159559607505798,
dim_train_finetune_sweep_mean_plane_zeta,32,0,0.1,10.0,,,,,best_val_mean_plane_zeta,71,/home/omo26/Non-Rev-Owen/mcmaze/runs/20260730_221303_d32_h256_dep2_bs64_ep150_lr5e-04_lxp0.0_lbt0.0_lcca10.0_sig10.0_s0/checkpoints/best.pt,0.3465867043,0.4485583073563046,0.3465867043,checkpoint,0.8878018856048584,81.2672348022461,0.9041541218757629,0.8714495897293091,79.45662689208984,83.0367660522461,/home/omo26/Non-Rev-Owen/mcmaze/runs/20260730_221303_d32_h256_dep2_bs64_ep150_lr5e-04_lxp0.0_lbt0.0_lcca10.0_sig10.0_s0,0.522819,5.228190000000001,0.4485583073563046,0.002504,/home/omo26/Non-Rev-Owen/mcmaze/dim_train_finetune_sweep_mean_plane_zeta/logs/d32_s0_main.log,/home/omo26/Non-Rev-Owen/mcmaze/dim_train_finetune_sweep_mean_plane_zeta/logs/d32_s0_finetune.log,/home/omo26/Non-Rev-Owen/mcmaze/runs/20260730_221303_d32_h256_dep2_bs64_ep150_lr5e-04_lxp0.0_lbt0.0_lcca10.0_sig10.0_s0/outputs/velocity_prediction_finetune_100ms_hidden/metrics.csv,hidden,512,hidden,512,71.27548217773438,76.87733459472656,74.13043975830078,0.9228752851486206,0.8898133039474487,0.9063442945480347,
dim_train_finetune_sweep_mean_plane_zeta,32,1,0.1,10.0,,,,,best_val_mean_plane_zeta,26,/home/omo26/Non-Rev-Owen/mcmaze/runs/20260730_221612_d32_h256_dep2_bs64_ep150_lr5e-04_lxp0.0_lbt0.0_lcca10.0_sig10.0_s1/checkpoints/best.pt,0.336877346,0.4437132610215081,0.336877346,checkpoint,0.8755730390548706,84.52982330322266,0.8888755440711975,0.8622705340385437,84.01486206054688,85.0400161743164,/home/omo26/Non-Rev-Owen/mcmaze/runs/20260730_221612_d32_h256_dep2_bs64_ep150_lr5e-04_lxp0.0_lbt0.0_lcca10.0_sig10.0_s1,0.251007,2.51007,0.4437132610215081,0.009973,/home/omo26/Non-Rev-Owen/mcmaze/dim_train_finetune_sweep_mean_plane_zeta/logs/d32_s1_main.log,/home/omo26/Non-Rev-Owen/mcmaze/dim_train_finetune_sweep_mean_plane_zeta/logs/d32_s1_finetune.log,/home/omo26/Non-Rev-Owen/mcmaze/runs/20260730_221612_d32_h256_dep2_bs64_ep150_lr5e-04_lxp0.0_lbt0.0_lcca10.0_sig10.0_s1/outputs/velocity_prediction_finetune_100ms_hidden/metrics.csv,hidden,512,hidden,512,73.85912322998047,77.25180053710938,75.575439453125,0.9141172766685486,0.8863427042961121,0.9002299904823303,
dim_train_finetune_sweep_mean_plane_zeta,32,2,0.1,10.0,,,,,best_val_mean_plane_zeta,37,/home/omo26/Non-Rev-Owen/mcmaze/runs/20260730_221923_d32_h256_dep2_bs64_ep150_lr5e-04_lxp0.0_lbt0.0_lcca10.0_sig10.0_s2/checkpoints/best.pt,0.3209376633,0.4487889077928331,0.3209376633,checkpoint,0.8783730268478394,83.06986999511719,0.8989110589027405,0.8578349351882935,79.9798355102539,86.04730224609375,/home/omo26/Non-Rev-Owen/mcmaze/runs/20260730_221923_d32_h256_dep2_bs64_ep150_lr5e-04_lxp0.0_lbt0.0_lcca10.0_sig10.0_s2,0.317450,3.1745,0.4487889077928331,0.005990,/home/omo26/Non-Rev-Owen/mcmaze/dim_train_finetune_sweep_mean_plane_zeta/logs/d32_s2_main.log,/home/omo26/Non-Rev-Owen/mcmaze/dim_train_finetune_sweep_mean_plane_zeta/logs/d32_s2_finetune.log,/home/omo26/Non-Rev-Owen/mcmaze/runs/20260730_221923_d32_h256_dep2_bs64_ep150_lr5e-04_lxp0.0_lbt0.0_lcca10.0_sig10.0_s2/outputs/velocity_prediction_finetune_100ms_hidden/metrics.csv,hidden,512,hidden,512,70.56058502197266,75.74749755859375,73.20089721679688,0.9213195443153381,0.8898321390151978,0.9055758714675903,
dim_train_finetune_sweep_mean_plane_zeta,32,3,0.1,10.0,,,,,best_val_mean_plane_zeta,38,/home/omo26/Non-Rev-Owen/mcmaze/runs/20260730_222232_d32_h256_dep2_bs64_ep150_lr5e-04_lxp0.0_lbt0.0_lcca10.0_sig10.0_s3/checkpoints/best.pt,0.3361181617,0.39504507515165543,0.3361181617,checkpoint,0.8867555856704712,81.02328491210938,0.9019549489021301,0.871556282043457,78.45899200439453,83.5073013305664,/home/omo26/Non-Rev-Owen/mcmaze/runs/20260730_222232_d32_h256_dep2_bs64_ep150_lr5e-04_lxp0.0_lbt0.0_lcca10.0_sig10.0_s3,0.323490,3.2349,0.39504507515165543,0.007891,/home/omo26/Non-Rev-Owen/mcmaze/dim_train_finetune_sweep_mean_plane_zeta/logs/d32_s3_main.log,/home/omo26/Non-Rev-Owen/mcmaze/dim_train_finetune_sweep_mean_plane_zeta/logs/d32_s3_finetune.log,/home/omo26/Non-Rev-Owen/mcmaze/runs/20260730_222232_d32_h256_dep2_bs64_ep150_lr5e-04_lxp0.0_lbt0.0_lcca10.0_sig10.0_s3/outputs/velocity_prediction_finetune_100ms_hidden/metrics.csv,hidden,512,hidden,512,70.64958190917969,75.43714141845703,73.0834732055664,0.9205014109611511,0.8951823115348816,0.9078418612480164,
dim_train_finetune_sweep_mean_plane_zeta,32,4,0.1,10.0,,,,,best_val_mean_plane_zeta,36,/home/omo26/Non-Rev-Owen/mcmaze/runs/20260730_222539_d32_h256_dep2_bs64_ep150_lr5e-04_lxp0.0_lbt0.0_lcca10.0_sig10.0_s4/checkpoints/best.pt,0.3587616086,0.4662925667232937,0.3587616086,checkpoint,0.8801615238189697,82.92898559570312,0.8955550789833069,0.8647680282592773,81.41960144042969,84.40986633300781,/home/omo26/Non-Rev-Owen/mcmaze/runs/20260730_222539_d32_h256_dep2_bs64_ep150_lr5e-04_lxp0.0_lbt0.0_lcca10.0_sig10.0_s4,0.311409,3.11409,0.4662925667232937,0.008535,/home/omo26/Non-Rev-Owen/mcmaze/dim_train_finetune_sweep_mean_plane_zeta/logs/d32_s4_main.log,/home/omo26/Non-Rev-Owen/mcmaze/dim_train_finetune_sweep_mean_plane_zeta/logs/d32_s4_finetune.log,/home/omo26/Non-Rev-Owen/mcmaze/runs/20260730_222539_d32_h256_dep2_bs64_ep150_lr5e-04_lxp0.0_lbt0.0_lcca10.0_sig10.0_s4/outputs/velocity_prediction_finetune_100ms_hidden/metrics.csv,hidden,512,hidden,512,71.12371826171875,75.61897277832031,73.40653991699219,0.9203000068664551,0.8914688229560852,0.9058843851089478,
dim_train_finetune_sweep_mean_plane_zeta,64,0,0.1,10.0,,,,,best_val_mean_plane_zeta,85,/home/omo26/Non-Rev-Owen/mcmaze/runs/20260730_222848_d64_h256_dep2_bs64_ep150_lr5e-04_lxp0.0_lbt0.0_lcca10.0_sig10.0_s0/checkpoints/best.pt,0.3423911631,0.4804578522841136,0.3423911631,checkpoint,0.8888217210769653,80.90746307373047,0.9047479629516602,0.8728954792022705,79.21009826660156,82.56846618652344,/home/omo26/Non-Rev-Owen/mcmaze/runs/20260730_222848_d64_h256_dep2_bs64_ep150_lr5e-04_lxp0.0_lbt0.0_lcca10.0_sig10.0_s0,0.607383,6.07383,0.4804578522841136,0.006788,/home/omo26/Non-Rev-Owen/mcmaze/dim_train_finetune_sweep_mean_plane_zeta/logs/d64_s0_main.log,/home/omo26/Non-Rev-Owen/mcmaze/dim_train_finetune_sweep_mean_plane_zeta/logs/d64_s0_finetune.log,/home/omo26/Non-Rev-Owen/mcmaze/runs/20260730_222848_d64_h256_dep2_bs64_ep150_lr5e-04_lxp0.0_lbt0.0_lcca10.0_sig10.0_s0/outputs/velocity_prediction_finetune_100ms_hidden/metrics.csv,hidden,512,hidden,512,69.8202896118164,76.12452697753906,73.04139709472656,0.9259923696517944,0.8919606804847717,0.9089765548706055,
dim_train_finetune_sweep_mean_plane_zeta,64,1,0.1,10.0,,,,,best_val_mean_plane_zeta,106,/home/omo26/Non-Rev-Owen/mcmaze/runs/20260730_223202_d64_h256_dep2_bs64_ep150_lr5e-04_lxp0.0_lbt0.0_lcca10.0_sig10.0_s1/checkpoints/best.pt,0.3692599833,0.5083716809749603,0.3692599833,checkpoint,0.8915027379989624,78.839599609375,0.905792236328125,0.8772132396697998,77.35610961914062,80.29448699951172,/home/omo26/Non-Rev-Owen/mcmaze/runs/20260730_223202_d64_h256_dep2_bs64_ep150_lr5e-04_lxp0.0_lbt0.0_lcca10.0_sig10.0_s1,0.734228,7.34228,0.5083716809749603,0.004789,/home/omo26/Non-Rev-Owen/mcmaze/dim_train_finetune_sweep_mean_plane_zeta/logs/d64_s1_main.log,/home/omo26/Non-Rev-Owen/mcmaze/dim_train_finetune_sweep_mean_plane_zeta/logs/d64_s1_finetune.log,/home/omo26/Non-Rev-Owen/mcmaze/runs/20260730_223202_d64_h256_dep2_bs64_ep150_lr5e-04_lxp0.0_lbt0.0_lcca10.0_sig10.0_s1/outputs/velocity_prediction_finetune_100ms_hidden/metrics.csv,hidden,512,hidden,512,71.7917251586914,73.90674591064453,72.85781860351562,0.9188578724861145,0.895972490310669,0.9074151515960693,
dim_train_finetune_sweep_mean_plane_zeta,64,2,0.1,10.0,,,,,best_val_mean_plane_zeta,98,/home/omo26/Non-Rev-Owen/mcmaze/runs/20260730_223515_d64_h256_dep2_bs64_ep150_lr5e-04_lxp0.0_lbt0.0_lcca10.0_sig10.0_s2/checkpoints/best.pt,0.405883193,0.49112969305780196,0.405883193,checkpoint,0.8970243334770203,76.4101791381836,0.915107786655426,0.8789408802986145,73.29301452636719,79.40350341796875,/home/omo26/Non-Rev-Owen/mcmaze/runs/20260730_223515_d64_h256_dep2_bs64_ep150_lr5e-04_lxp0.0_lbt0.0_lcca10.0_sig10.0_s2,0.685906,6.85906,0.49112969305780196,0.007397,/home/omo26/Non-Rev-Owen/mcmaze/dim_train_finetune_sweep_mean_plane_zeta/logs/d64_s2_main.log,/home/omo26/Non-Rev-Owen/mcmaze/dim_train_finetune_sweep_mean_plane_zeta/logs/d64_s2_finetune.log,/home/omo26/Non-Rev-Owen/mcmaze/runs/20260730_223515_d64_h256_dep2_bs64_ep150_lr5e-04_lxp0.0_lbt0.0_lcca10.0_sig10.0_s2/outputs/velocity_prediction_finetune_100ms_hidden/metrics.csv,hidden,512,hidden,512,68.22351837158203,73.89328002929688,71.11581420898438,0.9264452457427979,0.8951597213745117,0.9108024835586548,
dim_train_finetune_sweep_mean_plane_zeta,64,3,0.1,10.0,,,,,best_val_mean_plane_zeta,109,/home/omo26/Non-Rev-Owen/mcmaze/runs/20260730_224150_d64_h256_dep2_bs64_ep150_lr5e-04_lxp0.0_lbt0.0_lcca10.0_sig10.0_s3/checkpoints/best.pt,0.3594354391,0.4861505693859524,0.3594354391,checkpoint,0.896409273147583,77.4066162109375,0.9134587645530701,0.8793598413467407,73.7125473022461,80.93082427978516,/home/omo26/Non-Rev-Owen/mcmaze/runs/20260730_224150_d64_h256_dep2_bs64_ep150_lr5e-04_lxp0.0_lbt0.0_lcca10.0_sig10.0_s3,0.752349,7.523490000000001,0.4861505693859524,0.005337,/home/omo26/Non-Rev-Owen/mcmaze/dim_train_finetune_sweep_mean_plane_zeta/logs/d64_s3_main.log,/home/omo26/Non-Rev-Owen/mcmaze/dim_train_finetune_sweep_mean_plane_zeta/logs/d64_s3_finetune.log,/home/omo26/Non-Rev-Owen/mcmaze/runs/20260730_224150_d64_h256_dep2_bs64_ep150_lr5e-04_lxp0.0_lbt0.0_lcca10.0_sig10.0_s3/outputs/velocity_prediction_finetune_100ms_hidden/metrics.csv,hidden,512,hidden,512,67.55066680908203,73.9098129272461,70.80253601074219,0.9273225665092468,0.8993837237358093,0.9133531451225281,
dim_train_finetune_sweep_mean_plane_zeta,64,4,0.1,10.0,,,,,best_val_mean_plane_zeta,78,/home/omo26/Non-Rev-Owen/mcmaze/runs/20260730_224749_d64_h256_dep2_bs64_ep150_lr5e-04_lxp0.0_lbt0.0_lcca10.0_sig10.0_s4/checkpoints/best.pt,0.3296591341,0.4670661555396186,0.3296591341,checkpoint,0.8826454281806946,82.05351257324219,0.8980690240859985,0.8672218322753906,80.43376159667969,83.64054107666016,/home/omo26/Non-Rev-Owen/mcmaze/runs/20260730_224749_d64_h256_dep2_bs64_ep150_lr5e-04_lxp0.0_lbt0.0_lcca10.0_sig10.0_s4,0.565101,5.651009999999999,0.4670661555396186,0.009625,/home/omo26/Non-Rev-Owen/mcmaze/dim_train_finetune_sweep_mean_plane_zeta/logs/d64_s4_main.log,/home/omo26/Non-Rev-Owen/mcmaze/dim_train_finetune_sweep_mean_plane_zeta/logs/d64_s4_finetune.log,/home/omo26/Non-Rev-Owen/mcmaze/runs/20260730_224749_d64_h256_dep2_bs64_ep150_lr5e-04_lxp0.0_lbt0.0_lcca10.0_sig10.0_s4/outputs/velocity_prediction_finetune_100ms_hidden/metrics.csv,hidden,512,hidden,512,71.4589614868164,75.50215911865234,73.5092544555664,0.919546902179718,0.8918038606643677,0.9056754112243652,
dim_train_finetune_sweep_mean_plane_zeta,128,0,0.1,10.0,,,,,best_val_mean_plane_zeta,115,/home/omo26/Non-Rev-Owen/mcmaze/runs/20260730_225350_d128_h256_dep2_bs64_ep150_lr5e-04_lxp0.0_lbt0.0_lcca10.0_sig10.0_s0/checkpoints/best.pt,0.3507287502,0.48144664367039997,0.3507287502,checkpoint,0.9013673067092896,76.07735443115234,0.9187014102935791,0.884033203125,73.17872619628906,78.8679428100586,/home/omo26/Non-Rev-Owen/mcmaze/runs/20260730_225350_d128_h256_dep2_bs64_ep150_lr5e-04_lxp0.0_lbt0.0_lcca10.0_sig10.0_s0,0.788591,7.885910000000001,0.48144664367039997,0.013571,/home/omo26/Non-Rev-Owen/mcmaze/dim_train_finetune_sweep_mean_plane_zeta/logs/d128_s0_main.log,/home/omo26/Non-Rev-Owen/mcmaze/dim_train_finetune_sweep_mean_plane_zeta/logs/d128_s0_finetune.log,/home/omo26/Non-Rev-Owen/mcmaze/runs/20260730_225350_d128_h256_dep2_bs64_ep150_lr5e-04_lxp0.0_lbt0.0_lcca10.0_sig10.0_s0/outputs/velocity_prediction_finetune_100ms_hidden/metrics.csv,hidden,512,hidden,512,67.6749038696289,73.67708587646484,70.740478515625,0.9304705858230591,0.8987960815429688,0.9146333336830139,
dim_train_finetune_sweep_mean_plane_zeta,128,1,0.1,10.0,,,,,best_val_mean_plane_zeta,130,/home/omo26/Non-Rev-Owen/mcmaze/runs/20260730_225951_d128_h256_dep2_bs64_ep150_lr5e-04_lxp0.0_lbt0.0_lcca10.0_sig10.0_s1/checkpoints/best.pt,0.2972289026,0.4534906976752811,0.2972289026,checkpoint,0.8983578681945801,76.30665588378906,0.9117923974990845,0.8849233388900757,74.85215759277344,77.732666015625,/home/omo26/Non-Rev-Owen/mcmaze/runs/20260730_225951_d128_h256_dep2_bs64_ep150_lr5e-04_lxp0.0_lbt0.0_lcca10.0_sig10.0_s1,0.879195,8.79195,0.4534906976752811,0.010533,/home/omo26/Non-Rev-Owen/mcmaze/dim_train_finetune_sweep_mean_plane_zeta/logs/d128_s1_main.log,/home/omo26/Non-Rev-Owen/mcmaze/dim_train_finetune_sweep_mean_plane_zeta/logs/d128_s1_finetune.log,/home/omo26/Non-Rev-Owen/mcmaze/runs/20260730_225951_d128_h256_dep2_bs64_ep150_lr5e-04_lxp0.0_lbt0.0_lcca10.0_sig10.0_s1/outputs/velocity_prediction_finetune_100ms_hidden/metrics.csv,hidden,512,hidden,512,69.91448211669922,72.77495574951172,71.35982513427734,0.9230458736419678,0.8991341590881348,0.9110900163650513,
dim_train_finetune_sweep_mean_plane_zeta,128,2,0.1,10.0,,,,,best_val_mean_plane_zeta,78,/home/omo26/Non-Rev-Owen/mcmaze/runs/20260730_230550_d128_h256_dep2_bs64_ep150_lr5e-04_lxp0.0_lbt0.0_lcca10.0_sig10.0_s2/checkpoints/best.pt,0.3165923953,0.45650579863124424,0.3165923953,checkpoint,0.8986512422561646,75.8803482055664,0.9143801331520081,0.8829224109649658,73.6064682006836,78.08680725097656,/home/omo26/Non-Rev-Owen/mcmaze/runs/20260730_230550_d128_h256_dep2_bs64_ep150_lr5e-04_lxp0.0_lbt0.0_lcca10.0_sig10.0_s2,0.565101,5.651009999999999,0.45650579863124424,0.018938,/home/omo26/Non-Rev-Owen/mcmaze/dim_train_finetune_sweep_mean_plane_zeta/logs/d128_s2_main.log,/home/omo26/Non-Rev-Owen/mcmaze/dim_train_finetune_sweep_mean_plane_zeta/logs/d128_s2_finetune.log,/home/omo26/Non-Rev-Owen/mcmaze/runs/20260730_230550_d128_h256_dep2_bs64_ep150_lr5e-04_lxp0.0_lbt0.0_lcca10.0_sig10.0_s2/outputs/velocity_prediction_finetune_100ms_hidden/metrics.csv,hidden,512,hidden,512,67.18880462646484,72.21347045898438,69.74700927734375,0.9286594390869141,0.8998721837997437,0.9142658114433289,
dim_train_finetune_sweep_mean_plane_zeta,128,3,0.1,10.0,,,,,best_val_mean_plane_zeta,106,/home/omo26/Non-Rev-Owen/mcmaze/runs/20260730_231149_d128_h256_dep2_bs64_ep150_lr5e-04_lxp0.0_lbt0.0_lcca10.0_sig10.0_s3/checkpoints/best.pt,0.3503691852,0.48170556955867344,0.3503691852,checkpoint,0.8981241583824158,76.78746795654297,0.9140205383300781,0.8822277784347534,73.472900390625,79.96305847167969,/home/omo26/Non-Rev-Owen/mcmaze/runs/20260730_231149_d128_h256_dep2_bs64_ep150_lr5e-04_lxp0.0_lbt0.0_lcca10.0_sig10.0_s3,0.734228,7.34228,0.48170556955867344,0.015080,/home/omo26/Non-Rev-Owen/mcmaze/dim_train_finetune_sweep_mean_plane_zeta/logs/d128_s3_main.log,/home/omo26/Non-Rev-Owen/mcmaze/dim_train_finetune_sweep_mean_plane_zeta/logs/d128_s3_finetune.log,/home/omo26/Non-Rev-Owen/mcmaze/runs/20260730_231149_d128_h256_dep2_bs64_ep150_lr5e-04_lxp0.0_lbt0.0_lcca10.0_sig10.0_s3/outputs/velocity_prediction_finetune_100ms_hidden/metrics.csv,hidden,512,hidden,512,69.0720443725586,73.68173217773438,71.4147720336914,0.9240120053291321,0.9000037312507629,0.9120078682899475,
dim_train_finetune_sweep_mean_plane_zeta,128,4,0.1,10.0,,,,,best_val_mean_plane_zeta,110,/home/omo26/Non-Rev-Owen/mcmaze/runs/20260731_070922_d128_h256_dep2_bs64_ep150_lr5e-04_lxp0.0_lbt0.0_lcca10.0_sig10.0_s4/checkpoints/best.pt,0.3077905178,0.4628552065955268,0.3077905178,checkpoint,0.8971143960952759,76.66849517822266,0.9152044057846069,0.8790243864059448,73.36212921142578,79.83666229248047,/home/omo26/Non-Rev-Owen/mcmaze/runs/20260731_070922_d128_h256_dep2_bs64_ep150_lr5e-04_lxp0.0_lbt0.0_lcca10.0_sig10.0_s4,0.758389,7.58389,0.4628552065955268,0.011868,/home/omo26/Non-Rev-Owen/mcmaze/dim_train_finetune_sweep_mean_plane_zeta/logs/d128_s4_main.log,/home/omo26/Non-Rev-Owen/mcmaze/dim_train_finetune_sweep_mean_plane_zeta/logs/d128_s4_finetune.log,/home/omo26/Non-Rev-Owen/mcmaze/runs/20260731_070922_d128_h256_dep2_bs64_ep150_lr5e-04_lxp0.0_lbt0.0_lcca10.0_sig10.0_s4/outputs/velocity_prediction_finetune_100ms_hidden/metrics.csv,hidden,512,hidden,512,68.8864974975586,73.00122833251953,70.97444915771484,0.9252351522445679,0.8988529443740845,0.9120440483093262,
dim_train_finetune_sweep_mean_plane_zeta,256,0,0.1,10.0,,,,,best_val_mean_plane_zeta,149,/home/omo26/Non-Rev-Owen/mcmaze/runs/20260731_071252_d256_h256_dep2_bs64_ep150_lr5e-04_lxp0.0_lbt0.0_lcca10.0_sig10.0_s0/checkpoints/best.pt,0.3048564196,0.42273641957177055,0.3048564196,checkpoint,0.8847754001617432,82.42533111572266,0.8997063040733337,0.8698444962501526,81.27935028076172,83.5535659790039,/home/omo26/Non-Rev-Owen/mcmaze/runs/20260731_071252_d256_h256_dep2_bs64_ep150_lr5e-04_lxp0.0_lbt0.0_lcca10.0_sig10.0_s0,0.993960,9.939599999999999,0.42273641957177055,0.015093,/home/omo26/Non-Rev-Owen/mcmaze/dim_train_finetune_sweep_mean_plane_zeta/logs/d256_s0_main.log,/home/omo26/Non-Rev-Owen/mcmaze/dim_train_finetune_sweep_mean_plane_zeta/logs/d256_s0_finetune.log,/home/omo26/Non-Rev-Owen/mcmaze/runs/20260731_071252_d256_h256_dep2_bs64_ep150_lr5e-04_lxp0.0_lbt0.0_lcca10.0_sig10.0_s0/outputs/velocity_prediction_finetune_100ms_hidden/metrics.csv,hidden,512,hidden,512,72.18726348876953,76.42115020751953,74.33564758300781,0.9208894968032837,0.8911170959472656,0.9060032963752747,
dim_train_finetune_sweep_mean_plane_zeta,256,1,0.1,10.0,,,,,best_val_mean_plane_zeta,129,/home/omo26/Non-Rev-Owen/mcmaze/runs/20260731_071655_d256_h256_dep2_bs64_ep150_lr5e-04_lxp0.0_lbt0.0_lcca10.0_sig10.0_s1/checkpoints/best.pt,0.2863032222,0.4504682289229499,0.2863032222,checkpoint,0.898855447769165,76.07353973388672,0.9134945273399353,0.8842163681983948,74.12642669677734,77.97107696533203,/home/omo26/Non-Rev-Owen/mcmaze/runs/20260731_071655_d256_h256_dep2_bs64_ep150_lr5e-04_lxp0.0_lbt0.0_lcca10.0_sig10.0_s1,0.873154,8.731539999999999,0.4504682289229499,0.015130,/home/omo26/Non-Rev-Owen/mcmaze/dim_train_finetune_sweep_mean_plane_zeta/logs/d256_s1_main.log,/home/omo26/Non-Rev-Owen/mcmaze/dim_train_finetune_sweep_mean_plane_zeta/logs/d256_s1_finetune.log,/home/omo26/Non-Rev-Owen/mcmaze/runs/20260731_071655_d256_h256_dep2_bs64_ep150_lr5e-04_lxp0.0_lbt0.0_lcca10.0_sig10.0_s1/outputs/velocity_prediction_finetune_100ms_hidden/metrics.csv,hidden,512,hidden,512,68.57402801513672,72.49880981445312,70.56441497802734,0.9259684681892395,0.8998981714248657,0.912933349609375,
dim_train_finetune_sweep_mean_plane_zeta,256,2,0.1,10.0,,,,,best_val_mean_plane_zeta,90,/home/omo26/Non-Rev-Owen/mcmaze/runs/20260731_072057_d256_h256_dep2_bs64_ep150_lr5e-04_lxp0.0_lbt0.0_lcca10.0_sig10.0_s2/checkpoints/best.pt,0.2935575843,0.4621208475695716,0.2935575843,checkpoint,0.899249792098999,75.5483169555664,0.9177983403205872,0.8807011842727661,72.12220764160156,78.82408142089844,/home/omo26/Non-Rev-Owen/mcmaze/runs/20260731_072057_d256_h256_dep2_bs64_ep150_lr5e-04_lxp0.0_lbt0.0_lcca10.0_sig10.0_s2,0.637584,6.37584,0.4621208475695716,0.020614,/home/omo26/Non-Rev-Owen/mcmaze/dim_train_finetune_sweep_mean_plane_zeta/logs/d256_s2_main.log,/home/omo26/Non-Rev-Owen/mcmaze/dim_train_finetune_sweep_mean_plane_zeta/logs/d256_s2_finetune.log,/home/omo26/Non-Rev-Owen/mcmaze/runs/20260731_072057_d256_h256_dep2_bs64_ep150_lr5e-04_lxp0.0_lbt0.0_lcca10.0_sig10.0_s2/outputs/velocity_prediction_finetune_100ms_hidden/metrics.csv,hidden,512,hidden,512,66.32621002197266,72.31749725341797,69.38722229003906,0.9304794669151306,0.8995835185050964,0.9150314927101135,
dim_train_finetune_sweep_mean_plane_zeta,256,3,0.1,10.0,,,,,best_val_mean_plane_zeta,148,/home/omo26/Non-Rev-Owen/mcmaze/runs/20260731_072501_d256_h256_dep2_bs64_ep150_lr5e-04_lxp0.0_lbt0.0_lcca10.0_sig10.0_s3/checkpoints/best.pt,0.27560848,0.44678224126497906,0.27560848,checkpoint,0.8997613191604614,76.1020736694336,0.9177612662315369,0.8817613124847412,71.8568344116211,80.12125396728516,/home/omo26/Non-Rev-Owen/mcmaze/runs/20260731_072501_d256_h256_dep2_bs64_ep150_lr5e-04_lxp0.0_lbt0.0_lcca10.0_sig10.0_s3,0.987919,9.87919,0.44678224126497906,0.013746,/home/omo26/Non-Rev-Owen/mcmaze/dim_train_finetune_sweep_mean_plane_zeta/logs/d256_s3_main.log,/home/omo26/Non-Rev-Owen/mcmaze/dim_train_finetune_sweep_mean_plane_zeta/logs/d256_s3_finetune.log,/home/omo26/Non-Rev-Owen/mcmaze/runs/20260731_072501_d256_h256_dep2_bs64_ep150_lr5e-04_lxp0.0_lbt0.0_lcca10.0_sig10.0_s3/outputs/velocity_prediction_finetune_100ms_hidden/metrics.csv,hidden,512,hidden,512,67.04489135742188,74.00395202636719,70.61101531982422,0.928406834602356,0.8991272449493408,0.9137670397758484,
dim_train_finetune_sweep_mean_plane_zeta,256,4,0.1,10.0,,,,,best_val_mean_plane_zeta,129,/home/omo26/Non-Rev-Owen/mcmaze/runs/20260731_072903_d256_h256_dep2_bs64_ep150_lr5e-04_lxp0.0_lbt0.0_lcca10.0_sig10.0_s4/checkpoints/best.pt,0.3136422634,0.469763007428911,0.3136422634,checkpoint,0.8999889492988586,75.70503234863281,0.9143417477607727,0.8856361508369446,73.73436737060547,77.62433624267578,/home/omo26/Non-Rev-Owen/mcmaze/runs/20260731_072903_d256_h256_dep2_bs64_ep150_lr5e-04_lxp0.0_lbt0.0_lcca10.0_sig10.0_s4,0.873154,8.731539999999999,0.469763007428911,0.016442,/home/omo26/Non-Rev-Owen/mcmaze/dim_train_finetune_sweep_mean_plane_zeta/logs/d256_s4_main.log,/home/omo26/Non-Rev-Owen/mcmaze/dim_train_finetune_sweep_mean_plane_zeta/logs/d256_s4_finetune.log,/home/omo26/Non-Rev-Owen/mcmaze/runs/20260731_072903_d256_h256_dep2_bs64_ep150_lr5e-04_lxp0.0_lbt0.0_lcca10.0_sig10.0_s4/outputs/velocity_prediction_finetune_100ms_hidden/metrics.csv,hidden,512,hidden,512,67.05232238769531,71.33683013916016,69.22840881347656,0.9291635155677795,0.9034125804901123,0.9162880182266235,
odd_plane_fraction_finetune_sweep,128,0,0.1,10.0,0.0,0,64,64,best_val_zeta,147,/home/omo26/Non-Rev-Owen/mcmaze/runs/20260729_152713_d128_h256_dep2_bs64_ep150_lr5e-04_lxp0.0_lbt0.0_lcca10.0_sig10.0_s0/checkpoints/best.pt,0.2931935191,0.4267387456364102,0.2931935191,checkpoint,0.8903709650039673,80.33554077148438,0.9062403440475464,0.8745015859603882,78.5871353149414,82.04513549804688,/home/omo26/Non-Rev-Owen/mcmaze/runs/20260729_152713_d128_h256_dep2_bs64_ep150_lr5e-04_lxp0.0_lbt0.0_lcca10.0_sig10.0_s0,0.981879,9.81879,0.4267387456364102,0.016785,/home/omo26/Non-Rev-Owen/mcmaze/odd_plane_fraction_finetune_sweep/logs/odd0_ap0_d128_s0_main.log,/home/omo26/Non-Rev-Owen/mcmaze/odd_plane_fraction_finetune_sweep/logs/odd0_ap0_d128_s0_finetune.log,/home/omo26/Non-Rev-Owen/mcmaze/runs/20260729_152713_d128_h256_dep2_bs64_ep150_lr5e-04_lxp0.0_lbt0.0_lcca10.0_sig10.0_s0/outputs/velocity_prediction_finetune_100ms_hidden/metrics.csv,hidden,512,hidden,512,68.56752014160156,73.33167266845703,70.99038696289062,0.9286243319511414,0.8997427821159363,0.9141835570335388,0.0
odd_plane_fraction_finetune_sweep,128,1,0.1,10.0,0.0,0,64,64,best_val_zeta,105,/home/omo26/Non-Rev-Owen/mcmaze/runs/20260729_153039_d128_h256_dep2_bs64_ep150_lr5e-04_lxp0.0_lbt0.0_lcca10.0_sig10.0_s1/checkpoints/best.pt,0.2949365675,0.42843759391042924,0.2949365675,checkpoint,0.8922579288482666,78.59798431396484,0.9055019617080688,0.8790138959884644,77.4751968383789,79.70355224609375,/home/omo26/Non-Rev-Owen/mcmaze/runs/20260729_153039_d128_h256_dep2_bs64_ep150_lr5e-04_lxp0.0_lbt0.0_lcca10.0_sig10.0_s1,0.728188,7.281879999999999,0.42843759391042924,0.019631,/home/omo26/Non-Rev-Owen/mcmaze/odd_plane_fraction_finetune_sweep/logs/odd0_ap0_d128_s1_main.log,/home/omo26/Non-Rev-Owen/mcmaze/odd_plane_fraction_finetune_sweep/logs/odd0_ap0_d128_s1_finetune.log,/home/omo26/Non-Rev-Owen/mcmaze/runs/20260729_153039_d128_h256_dep2_bs64_ep150_lr5e-04_lxp0.0_lbt0.0_lcca10.0_sig10.0_s1/outputs/velocity_prediction_finetune_100ms_hidden/metrics.csv,hidden,512,hidden,512,70.19546508789062,72.25123596191406,71.2315673828125,0.9224261045455933,0.9005807042121887,0.9115034341812134,0.0
odd_plane_fraction_finetune_sweep,128,2,0.1,10.0,0.0,0,64,64,best_val_zeta,96,/home/omo26/Non-Rev-Owen/mcmaze/runs/20260729_153635_d128_h256_dep2_bs64_ep150_lr5e-04_lxp0.0_lbt0.0_lcca10.0_sig10.0_s2/checkpoints/best.pt,0.2800022364,0.4154740042156643,0.2800022364,checkpoint,0.8910590410232544,78.61238861083984,0.909623384475708,0.8724946975708008,75.62349700927734,81.4901351928711,/home/omo26/Non-Rev-Owen/mcmaze/runs/20260729_153635_d128_h256_dep2_bs64_ep150_lr5e-04_lxp0.0_lbt0.0_lcca10.0_sig10.0_s2,0.673826,6.73826,0.4154740042156643,0.020184,/home/omo26/Non-Rev-Owen/mcmaze/odd_plane_fraction_finetune_sweep/logs/odd0_ap0_d128_s2_main.log,/home/omo26/Non-Rev-Owen/mcmaze/odd_plane_fraction_finetune_sweep/logs/odd0_ap0_d128_s2_finetune.log,/home/omo26/Non-Rev-Owen/mcmaze/runs/20260729_153635_d128_h256_dep2_bs64_ep150_lr5e-04_lxp0.0_lbt0.0_lcca10.0_sig10.0_s2/outputs/velocity_prediction_finetune_100ms_hidden/metrics.csv,hidden,512,hidden,512,68.18881225585938,72.46796417236328,70.36170196533203,0.926520049571991,0.8991652131080627,0.9128426313400269,0.0
odd_plane_fraction_finetune_sweep,128,3,0.1,10.0,0.0,0,64,64,best_val_zeta,58,/home/omo26/Non-Rev-Owen/mcmaze/runs/20260729_154231_d128_h256_dep2_bs64_ep150_lr5e-04_lxp0.0_lbt0.0_lcca10.0_sig10.0_s3/checkpoints/best.pt,0.2878561616,0.41724764969613815,0.2878561616,checkpoint,0.8834125995635986,82.14508819580078,0.9015928506851196,0.8652323484420776,78.6037368774414,85.53833770751953,/home/omo26/Non-Rev-Owen/mcmaze/runs/20260729_154231_d128_h256_dep2_bs64_ep150_lr5e-04_lxp0.0_lbt0.0_lcca10.0_sig10.0_s3,0.444295,4.44295,0.41724764969613815,0.029985,/home/omo26/Non-Rev-Owen/mcmaze/odd_plane_fraction_finetune_sweep/logs/odd0_ap0_d128_s3_main.log,/home/omo26/Non-Rev-Owen/mcmaze/odd_plane_fraction_finetune_sweep/logs/odd0_ap0_d128_s3_finetune.log,/home/omo26/Non-Rev-Owen/mcmaze/runs/20260729_154231_d128_h256_dep2_bs64_ep150_lr5e-04_lxp0.0_lbt0.0_lcca10.0_sig10.0_s3/outputs/velocity_prediction_finetune_100ms_hidden/metrics.csv,hidden,512,hidden,512,69.26770782470703,75.23735809326172,72.31491088867188,0.9235808849334717,0.895736813545227,0.9096588492393494,0.0
odd_plane_fraction_finetune_sweep,128,0,0.1,10.0,0.25,16,48,64,best_val_zeta,118,/home/omo26/Non-Rev-Owen/mcmaze/runs/20260729_161142_d128_h256_dep2_bs64_ep150_lr5e-04_lxp0.0_lbt0.0_lcca10.0_sig10.0_s0/checkpoints/best.pt,0.3202403188,0.4431510070959727,0.3202403188,checkpoint,0.903731107711792,75.28659057617188,0.9175382852554321,0.8899239301681519,73.70035552978516,76.83872985839844,/home/omo26/Non-Rev-Owen/mcmaze/runs/20260729_161142_d128_h256_dep2_bs64_ep150_lr5e-04_lxp0.0_lbt0.0_lcca10.0_sig10.0_s0,0.806711,8.06711,0.4431510070959727,0.015595,/home/omo26/Non-Rev-Owen/mcmaze/odd_plane_fraction_finetune_sweep/logs/odd0p25_ap16_d128_s0_main.log,/home/omo26/Non-Rev-Owen/mcmaze/odd_plane_fraction_finetune_sweep/logs/odd0p25_ap16_d128_s0_finetune.log,/home/omo26/Non-Rev-Owen/mcmaze/runs/20260729_161142_d128_h256_dep2_bs64_ep150_lr5e-04_lxp0.0_lbt0.0_lcca10.0_sig10.0_s0/outputs/velocity_prediction_finetune_100ms_hidden/metrics.csv,hidden,512,hidden,512,66.98123931884766,73.157470703125,70.13819122314453,0.9318886399269104,0.9002185463905334,0.9160535931587219,25.0
odd_plane_fraction_finetune_sweep,128,1,0.1,10.0,0.25,16,48,64,best_val_zeta,83,/home/omo26/Non-Rev-Owen/mcmaze/runs/20260729_161510_d128_h256_dep2_bs64_ep150_lr5e-04_lxp0.0_lbt0.0_lcca10.0_sig10.0_s1/checkpoints/best.pt,0.3681177497,0.4627106322182549,0.3681177497,checkpoint,0.887282133102417,80.3262710571289,0.9030739665031433,0.8714902997016907,78.46419525146484,82.1443862915039,/home/omo26/Non-Rev-Owen/mcmaze/runs/20260729_161510_d128_h256_dep2_bs64_ep150_lr5e-04_lxp0.0_lbt0.0_lcca10.0_sig10.0_s1,0.595302,5.95302,0.4627106322182549,0.024433,/home/omo26/Non-Rev-Owen/mcmaze/odd_plane_fraction_finetune_sweep/logs/odd0p25_ap16_d128_s1_main.log,/home/omo26/Non-Rev-Owen/mcmaze/odd_plane_fraction_finetune_sweep/logs/odd0p25_ap16_d128_s1_finetune.log,/home/omo26/Non-Rev-Owen/mcmaze/runs/20260729_161510_d128_h256_dep2_bs64_ep150_lr5e-04_lxp0.0_lbt0.0_lcca10.0_sig10.0_s1/outputs/velocity_prediction_finetune_100ms_hidden/metrics.csv,hidden,512,hidden,512,71.18731689453125,74.35210418701172,72.78797912597656,0.9202184081077576,0.8947149515151978,0.9074666500091553,25.0
odd_plane_fraction_finetune_sweep,128,2,0.1,10.0,0.25,16,48,64,best_val_zeta,82,/home/omo26/Non-Rev-Owen/mcmaze/runs/20260729_161842_d128_h256_dep2_bs64_ep150_lr5e-04_lxp0.0_lbt0.0_lcca10.0_sig10.0_s2/checkpoints/best.pt,0.3391866088,0.4521579709317949,0.3391866088,checkpoint,0.8984827995300293,75.8122329711914,0.9177914261817932,0.8791741132736206,72.12522888183594,79.32697296142578,/home/omo26/Non-Rev-Owen/mcmaze/runs/20260729_161842_d128_h256_dep2_bs64_ep150_lr5e-04_lxp0.0_lbt0.0_lcca10.0_sig10.0_s2,0.589262,5.892619999999999,0.4521579709317949,0.024283,/home/omo26/Non-Rev-Owen/mcmaze/odd_plane_fraction_finetune_sweep/logs/odd0p25_ap16_d128_s2_main.log,/home/omo26/Non-Rev-Owen/mcmaze/odd_plane_fraction_finetune_sweep/logs/odd0p25_ap16_d128_s2_finetune.log,/home/omo26/Non-Rev-Owen/mcmaze/runs/20260729_161842_d128_h256_dep2_bs64_ep150_lr5e-04_lxp0.0_lbt0.0_lcca10.0_sig10.0_s2/outputs/velocity_prediction_finetune_100ms_hidden/metrics.csv,hidden,512,hidden,512,66.46934509277344,72.5138931274414,69.55818176269531,0.9301791191101074,0.8990373611450195,0.9146082401275635,25.0
odd_plane_fraction_finetune_sweep,128,3,0.1,10.0,0.25,16,48,64,best_val_zeta,44,/home/omo26/Non-Rev-Owen/mcmaze/runs/20260729_162252_d128_h256_dep2_bs64_ep150_lr5e-04_lxp0.0_lbt0.0_lcca10.0_sig10.0_s3/checkpoints/best.pt,0.3199303746,0.4390946063730452,0.3199303746,checkpoint,0.8908984661102295,79.50865936279297,0.9062433242797852,0.8755536079406738,76.72395324707031,82.1976089477539,/home/omo26/Non-Rev-Owen/mcmaze/runs/20260729_162252_d128_h256_dep2_bs64_ep150_lr5e-04_lxp0.0_lbt0.0_lcca10.0_sig10.0_s3,0.359732,3.59732,0.4390946063730452,0.032828,/home/omo26/Non-Rev-Owen/mcmaze/odd_plane_fraction_finetune_sweep/logs/odd0p25_ap16_d128_s3_main.log,/home/omo26/Non-Rev-Owen/mcmaze/odd_plane_fraction_finetune_sweep/logs/odd0p25_ap16_d128_s3_finetune.log,/home/omo26/Non-Rev-Owen/mcmaze/runs/20260729_162252_d128_h256_dep2_bs64_ep150_lr5e-04_lxp0.0_lbt0.0_lcca10.0_sig10.0_s3/outputs/velocity_prediction_finetune_100ms_hidden/metrics.csv,hidden,512,hidden,512,68.48214721679688,75.89891815185547,72.2864990234375,0.9253044128417969,0.893895149230957,0.909599781036377,25.0
odd_plane_fraction_finetune_sweep,128,4,0.1,10.0,0.25,16,48,64,best_val_zeta,81,/home/omo26/Non-Rev-Owen/mcmaze/runs/20260729_162853_d128_h256_dep2_bs64_ep150_lr5e-04_lxp0.0_lbt0.0_lcca10.0_sig10.0_s4/checkpoints/best.pt,0.3102131784,0.42408937878078884,0.3102131784,checkpoint,0.8998779058456421,75.74200439453125,0.9143880009651184,0.8853678703308105,73.7144546508789,77.71531677246094,/home/omo26/Non-Rev-Owen/mcmaze/runs/20260729_162853_d128_h256_dep2_bs64_ep150_lr5e-04_lxp0.0_lbt0.0_lcca10.0_sig10.0_s4,0.583221,5.83221,0.42408937878078884,0.021840,/home/omo26/Non-Rev-Owen/mcmaze/odd_plane_fraction_finetune_sweep/logs/odd0p25_ap16_d128_s4_main.log,/home/omo26/Non-Rev-Owen/mcmaze/odd_plane_fraction_finetune_sweep/logs/odd0p25_ap16_d128_s4_finetune.log,/home/omo26/Non-Rev-Owen/mcmaze/runs/20260729_162853_d128_h256_dep2_bs64_ep150_lr5e-04_lxp0.0_lbt0.0_lcca10.0_sig10.0_s4/outputs/velocity_prediction_finetune_100ms_hidden/metrics.csv,hidden,512,hidden,512,68.16637420654297,72.42335510253906,70.32785034179688,0.9267901182174683,0.9004479646682739,0.9136190414428711,25.0
odd_plane_fraction_finetune_sweep,128,0,0.1,10.0,0.5,32,32,64,best_val_zeta,99,/home/omo26/Non-Rev-Owen/mcmaze/runs/20260729_163444_d128_h256_dep2_bs64_ep150_lr5e-04_lxp0.0_lbt0.0_lcca10.0_sig10.0_s0/checkpoints/best.pt,0.3486758471,0.482837223344379,0.3486758471,checkpoint,0.9016331434249878,75.99681854248047,0.9183691143989563,0.8848971128463745,73.3281478881836,78.57363891601562,/home/omo26/Non-Rev-Owen/mcmaze/runs/20260729_163444_d128_h256_dep2_bs64_ep150_lr5e-04_lxp0.0_lbt0.0_lcca10.0_sig10.0_s0,0.691946,6.919459999999999,0.482837223344379,0.015613,/home/omo26/Non-Rev-Owen/mcmaze/odd_plane_fraction_finetune_sweep/logs/odd0p5_ap32_d128_s0_main.log,/home/omo26/Non-Rev-Owen/mcmaze/odd_plane_fraction_finetune_sweep/logs/odd0p5_ap32_d128_s0_finetune.log,/home/omo26/Non-Rev-Owen/mcmaze/runs/20260729_163444_d128_h256_dep2_bs64_ep150_lr5e-04_lxp0.0_lbt0.0_lcca10.0_sig10.0_s0/outputs/velocity_prediction_finetune_100ms_hidden/metrics.csv,hidden,512,hidden,512,67.46463012695312,73.91188049316406,70.76245880126953,0.9309020042419434,0.8981499671936035,0.9145259857177734,50.0
odd_plane_fraction_finetune_sweep,128,1,0.1,10.0,0.5,32,32,64,best_val_zeta,137,/home/omo26/Non-Rev-Owen/mcmaze/runs/20260729_163825_d128_h256_dep2_bs64_ep150_lr5e-04_lxp0.0_lbt0.0_lcca10.0_sig10.0_s1/checkpoints/best.pt,0.2971563041,0.453517218430837,0.2971563041,checkpoint,0.8984023332595825,76.29218292236328,0.9117695689201355,0.8850350975990295,74.86183166503906,77.69491577148438,/home/omo26/Non-Rev-Owen/mcmaze/runs/20260729_163825_d128_h256_dep2_bs64_ep150_lr5e-04_lxp0.0_lbt0.0_lcca10.0_sig10.0_s1,0.921477,9.21477,0.453517218430837,0.010304,/home/omo26/Non-Rev-Owen/mcmaze/odd_plane_fraction_finetune_sweep/logs/odd0p5_ap32_d128_s1_main.log,/home/omo26/Non-Rev-Owen/mcmaze/odd_plane_fraction_finetune_sweep/logs/odd0p5_ap32_d128_s1_finetune.log,/home/omo26/Non-Rev-Owen/mcmaze/runs/20260729_163825_d128_h256_dep2_bs64_ep150_lr5e-04_lxp0.0_lbt0.0_lcca10.0_sig10.0_s1/outputs/velocity_prediction_finetune_100ms_hidden/metrics.csv,hidden,512,hidden,512,69.9382553100586,72.81291961669922,71.39079284667969,0.922993540763855,0.8990288972854614,0.9110112190246582,50.0
odd_plane_fraction_finetune_sweep,128,2,0.1,10.0,0.5,32,32,64,best_val_zeta,83,/home/omo26/Non-Rev-Owen/mcmaze/runs/20260729_164152_d128_h256_dep2_bs64_ep150_lr5e-04_lxp0.0_lbt0.0_lcca10.0_sig10.0_s2/checkpoints/best.pt,0.3155209124,0.45663486255539787,0.3155209124,checkpoint,0.899193286895752,75.68482971191406,0.9146308302879333,0.8837558031082153,73.49861907958984,77.80839538574219,/home/omo26/Non-Rev-Owen/mcmaze/runs/20260729_164152_d128_h256_dep2_bs64_ep150_lr5e-04_lxp0.0_lbt0.0_lcca10.0_sig10.0_s2,0.595302,5.95302,0.45663486255539787,0.017492,/home/omo26/Non-Rev-Owen/mcmaze/odd_plane_fraction_finetune_sweep/logs/odd0p5_ap32_d128_s2_main.log,/home/omo26/Non-Rev-Owen/mcmaze/odd_plane_fraction_finetune_sweep/logs/odd0p5_ap32_d128_s2_finetune.log,/home/omo26/Non-Rev-Owen/mcmaze/runs/20260729_164152_d128_h256_dep2_bs64_ep150_lr5e-04_lxp0.0_lbt0.0_lcca10.0_sig10.0_s2/outputs/velocity_prediction_finetune_100ms_hidden/metrics.csv,hidden,512,hidden,512,67.0045394897461,71.92725372314453,69.51016998291016,0.9290502071380615,0.9006643295288086,0.9148572683334351,50.0
odd_plane_fraction_finetune_sweep,128,3,0.1,10.0,0.5,32,32,64,best_val_zeta,95,/home/omo26/Non-Rev-Owen/mcmaze/runs/20260729_164755_d128_h256_dep2_bs64_ep150_lr5e-04_lxp0.0_lbt0.0_lcca10.0_sig10.0_s3/checkpoints/best.pt,0.3491902351,0.4818575878938039,0.3491902351,checkpoint,0.8977193236351013,76.9341812133789,0.9138813018798828,0.8815573453903198,73.5323715209961,80.19033813476562,/home/omo26/Non-Rev-Owen/mcmaze/runs/20260729_164755_d128_h256_dep2_bs64_ep150_lr5e-04_lxp0.0_lbt0.0_lcca10.0_sig10.0_s3,0.667785,6.677849999999999,0.4818575878938039,0.017227,/home/omo26/Non-Rev-Owen/mcmaze/odd_plane_fraction_finetune_sweep/logs/odd0p5_ap32_d128_s3_main.log,/home/omo26/Non-Rev-Owen/mcmaze/odd_plane_fraction_finetune_sweep/logs/odd0p5_ap32_d128_s3_finetune.log,/home/omo26/Non-Rev-Owen/mcmaze/runs/20260729_164755_d128_h256_dep2_bs64_ep150_lr5e-04_lxp0.0_lbt0.0_lcca10.0_sig10.0_s3/outputs/velocity_prediction_finetune_100ms_hidden/metrics.csv,hidden,512,hidden,512,69.41065979003906,74.01213836669922,71.74915313720703,0.9232651591300964,0.8991049528121948,0.9111850261688232,50.0
odd_plane_fraction_finetune_sweep,128,4,0.1,10.0,0.5,32,32,64,best_val_zeta,87,/home/omo26/Non-Rev-Owen/mcmaze/runs/20260729_165125_d128_h256_dep2_bs64_ep150_lr5e-04_lxp0.0_lbt0.0_lcca10.0_sig10.0_s4/checkpoints/best.pt,0.3040259778,0.467028323147032,0.3040259778,checkpoint,0.8955109715461731,77.2623062133789,0.9139167666435242,0.877105176448822,73.91703796386719,80.46745300292969,/home/omo26/Non-Rev-Owen/mcmaze/runs/20260729_165125_d128_h256_dep2_bs64_ep150_lr5e-04_lxp0.0_lbt0.0_lcca10.0_sig10.0_s4,0.619463,6.19463,0.467028323147032,0.016379,/home/omo26/Non-Rev-Owen/mcmaze/odd_plane_fraction_finetune_sweep/logs/odd0p5_ap32_d128_s4_main.log,/home/omo26/Non-Rev-Owen/mcmaze/odd_plane_fraction_finetune_sweep/logs/odd0p5_ap32_d128_s4_finetune.log,/home/omo26/Non-Rev-Owen/mcmaze/runs/20260729_165125_d128_h256_dep2_bs64_ep150_lr5e-04_lxp0.0_lbt0.0_lcca10.0_sig10.0_s4/outputs/velocity_prediction_finetune_100ms_hidden/metrics.csv,hidden,512,hidden,512,69.69470977783203,73.3327865600586,71.5377197265625,0.9234704971313477,0.8979320526123047,0.9107012748718262,50.0
odd_plane_fraction_finetune_sweep,128,0,0.1,10.0,0.75,48,16,64,best_val_zeta,111,/home/omo26/Non-Rev-Owen/mcmaze/runs/20260729_165520_d128_h256_dep2_bs64_ep150_lr5e-04_lxp0.0_lbt0.0_lcca10.0_sig10.0_s0/checkpoints/best.pt,0.2165893912,0.4651397963364919,0.2165893912,checkpoint,0.8960226774215698,78.21440124511719,0.9116610884666443,0.8803842663764954,76.28152465820312,80.09913635253906,/home/omo26/Non-Rev-Owen/mcmaze/runs/20260729_165520_d128_h256_dep2_bs64_ep150_lr5e-04_lxp0.0_lbt0.0_lcca10.0_sig10.0_s0,0.764430,7.6443,0.4651397963364919,0.004126,/home/omo26/Non-Rev-Owen/mcmaze/odd_plane_fraction_finetune_sweep/logs/odd0p75_ap48_d128_s0_main.log,/home/omo26/Non-Rev-Owen/mcmaze/odd_plane_fraction_finetune_sweep/logs/odd0p75_ap48_d128_s0_finetune.log,/home/omo26/Non-Rev-Owen/mcmaze/runs/20260729_165520_d128_h256_dep2_bs64_ep150_lr5e-04_lxp0.0_lbt0.0_lcca10.0_sig10.0_s0/outputs/velocity_prediction_finetune_100ms_hidden/metrics.csv,hidden,512,hidden,512,68.54676818847656,75.62079620361328,72.17141723632812,0.9286675453186035,0.8933857679367065,0.911026656627655,75.0
odd_plane_fraction_finetune_sweep,128,1,0.1,10.0,0.75,48,16,64,best_val_zeta,72,/home/omo26/Non-Rev-Owen/mcmaze/runs/20260729_170003_d128_h256_dep2_bs64_ep150_lr5e-04_lxp0.0_lbt0.0_lcca10.0_sig10.0_s1/checkpoints/best.pt,0.2454912663,0.4954143861929576,0.2454912663,checkpoint,0.8939046859741211,77.89872741699219,0.9096762537956238,0.8781330585479736,75.74468994140625,79.99315643310547,/home/omo26/Non-Rev-Owen/mcmaze/runs/20260729_170003_d128_h256_dep2_bs64_ep150_lr5e-04_lxp0.0_lbt0.0_lcca10.0_sig10.0_s1,0.528859,5.288589999999999,0.4954143861929576,0.011908,/home/omo26/Non-Rev-Owen/mcmaze/odd_plane_fraction_finetune_sweep/logs/odd0p75_ap48_d128_s1_main.log,/home/omo26/Non-Rev-Owen/mcmaze/odd_plane_fraction_finetune_sweep/logs/odd0p75_ap48_d128_s1_finetune.log,/home/omo26/Non-Rev-Owen/mcmaze/runs/20260729_170003_d128_h256_dep2_bs64_ep150_lr5e-04_lxp0.0_lbt0.0_lcca10.0_sig10.0_s1/outputs/velocity_prediction_finetune_100ms_hidden/metrics.csv,hidden,512,hidden,512,70.81903839111328,74.07356262207031,72.46533203125,0.92104172706604,0.8955023288726807,0.9082720279693604,75.0
odd_plane_fraction_finetune_sweep,128,2,0.1,10.0,0.75,48,16,64,best_val_zeta,50,/home/omo26/Non-Rev-Owen/mcmaze/runs/20260729_170552_d128_h256_dep2_bs64_ep150_lr5e-04_lxp0.0_lbt0.0_lcca10.0_sig10.0_s2/checkpoints/best.pt,0.2201672494,0.437352673874961,0.2201672494,checkpoint,0.8913144469261169,78.41609954833984,0.9127480983734131,0.8698807954788208,74.3046875,82.3211669921875,/home/omo26/Non-Rev-Owen/mcmaze/runs/20260729_170552_d128_h256_dep2_bs64_ep150_lr5e-04_lxp0.0_lbt0.0_lcca10.0_sig10.0_s2,0.395973,3.9597300000000004,0.437352673874961,0.013455,/home/omo26/Non-Rev-Owen/mcmaze/odd_plane_fraction_finetune_sweep/logs/odd0p75_ap48_d128_s2_main.log,/home/omo26/Non-Rev-Owen/mcmaze/odd_plane_fraction_finetune_sweep/logs/odd0p75_ap48_d128_s2_finetune.log,/home/omo26/Non-Rev-Owen/mcmaze/runs/20260729_170552_d128_h256_dep2_bs64_ep150_lr5e-04_lxp0.0_lbt0.0_lcca10.0_sig10.0_s2/outputs/velocity_prediction_finetune_100ms_hidden/metrics.csv,hidden,512,hidden,512,68.23784637451172,74.86957550048828,71.63124084472656,0.9264143109321594,0.8923710584640503,0.9093927145004272,75.0
odd_plane_fraction_finetune_sweep,128,3,0.1,10.0,0.75,48,16,64,best_val_zeta,99,/home/omo26/Non-Rev-Owen/mcmaze/runs/20260729_171005_d128_h256_dep2_bs64_ep150_lr5e-04_lxp0.0_lbt0.0_lcca10.0_sig10.0_s3/checkpoints/best.pt,0.2356564403,0.4322318467828963,0.2356564403,checkpoint,0.8965088129043579,77.4576416015625,0.9103285670280457,0.8826891183853149,75.0338134765625,79.80628204345703,/home/omo26/Non-Rev-Owen/mcmaze/runs/20260729_171005_d128_h256_dep2_bs64_ep150_lr5e-04_lxp0.0_lbt0.0_lcca10.0_sig10.0_s3,0.691946,6.919459999999999,0.4322318467828963,0.008128,/home/omo26/Non-Rev-Owen/mcmaze/odd_plane_fraction_finetune_sweep/logs/odd0p75_ap48_d128_s3_main.log,/home/omo26/Non-Rev-Owen/mcmaze/odd_plane_fraction_finetune_sweep/logs/odd0p75_ap48_d128_s3_finetune.log,/home/omo26/Non-Rev-Owen/mcmaze/runs/20260729_171005_d128_h256_dep2_bs64_ep150_lr5e-04_lxp0.0_lbt0.0_lcca10.0_sig10.0_s3/outputs/velocity_prediction_finetune_100ms_hidden/metrics.csv,hidden,512,hidden,512,69.14765167236328,74.23764038085938,71.7385025024414,0.9238455891609192,0.8984891772270203,0.9111673831939697,75.0
odd_plane_fraction_finetune_sweep,128,4,0.1,10.0,0.75,48,16,64,best_val_zeta,75,/home/omo26/Non-Rev-Owen/mcmaze/runs/20260729_171552_d128_h256_dep2_bs64_ep150_lr5e-04_lxp0.0_lbt0.0_lcca10.0_sig10.0_s4/checkpoints/best.pt,0.2458355576,0.5078079965379503,0.2458355576,checkpoint,0.8910855650901794,78.95845794677734,0.9080190658569336,0.8741520643234253,76.40719604492188,81.42852783203125,/home/omo26/Non-Rev-Owen/mcmaze/runs/20260729_171552_d128_h256_dep2_bs64_ep150_lr5e-04_lxp0.0_lbt0.0_lcca10.0_sig10.0_s4,0.546980,5.4698,0.5078079965379503,0.009946,/home/omo26/Non-Rev-Owen/mcmaze/odd_plane_fraction_finetune_sweep/logs/odd0p75_ap48_d128_s4_main.log,/home/omo26/Non-Rev-Owen/mcmaze/odd_plane_fraction_finetune_sweep/logs/odd0p75_ap48_d128_s4_finetune.log,/home/omo26/Non-Rev-Owen/mcmaze/runs/20260729_171552_d128_h256_dep2_bs64_ep150_lr5e-04_lxp0.0_lbt0.0_lcca10.0_sig10.0_s4/outputs/velocity_prediction_finetune_100ms_hidden/metrics.csv,hidden,512,hidden,512,69.28289794921875,73.47151184082031,71.4088134765625,0.9243721961975098,0.8975455164909363,0.9109588861465454,75.0
odd_plane_fraction_finetune_sweep,128,0,0.1,10.0,1.0,64,0,64,best_val_zeta,140,/home/omo26/Non-Rev-Owen/mcmaze/runs/20260729_172153_d128_h256_dep2_bs64_ep150_lr5e-04_lxp0.0_lbt0.0_lcca10.0_sig10.0_s0/checkpoints/best.pt,0.2101898044,0.43828947676552665,0.2101898044,checkpoint,0.8475514650344849,94.54179382324219,0.8755695223808289,0.8195333480834961,90.53296661376953,98.38574981689453,/home/omo26/Non-Rev-Owen/mcmaze/runs/20260729_172153_d128_h256_dep2_bs64_ep150_lr5e-04_lxp0.0_lbt0.0_lcca10.0_sig10.0_s0,0.939597,9.39597,0.43828947676552665,0.004848,/home/omo26/Non-Rev-Owen/mcmaze/odd_plane_fraction_finetune_sweep/logs/odd1_ap64_d128_s0_main.log,/home/omo26/Non-Rev-Owen/mcmaze/odd_plane_fraction_finetune_sweep/logs/odd1_ap64_d128_s0_finetune.log,/home/omo26/Non-Rev-Owen/mcmaze/runs/20260729_172153_d128_h256_dep2_bs64_ep150_lr5e-04_lxp0.0_lbt0.0_lcca10.0_sig10.0_s0/outputs/velocity_prediction_finetune_100ms_hidden/metrics.csv,hidden,256,hidden,256,85.89607238769531,93.78675079345703,89.92906188964844,0.8879892230033875,0.8360106945037842,0.8619999885559082,100.0
odd_plane_fraction_finetune_sweep,128,1,0.1,10.0,1.0,64,0,64,best_val_zeta,137,/home/omo26/Non-Rev-Owen/mcmaze/runs/20260729_172548_d128_h256_dep2_bs64_ep150_lr5e-04_lxp0.0_lbt0.0_lcca10.0_sig10.0_s1/checkpoints/best.pt,0.2031411529,0.45147570305400425,0.2031411529,checkpoint,0.8455175757408142,93.88787078857422,0.8722653388977051,0.8187698125839233,90.07527923583984,97.54952239990234,/home/omo26/Non-Rev-Owen/mcmaze/runs/20260729_172548_d128_h256_dep2_bs64_ep150_lr5e-04_lxp0.0_lbt0.0_lcca10.0_sig10.0_s1,0.921477,9.21477,0.45147570305400425,0.004041,/home/omo26/Non-Rev-Owen/mcmaze/odd_plane_fraction_finetune_sweep/logs/odd1_ap64_d128_s1_main.log,/home/omo26/Non-Rev-Owen/mcmaze/odd_plane_fraction_finetune_sweep/logs/odd1_ap64_d128_s1_finetune.log,/home/omo26/Non-Rev-Owen/mcmaze/runs/20260729_172548_d128_h256_dep2_bs64_ep150_lr5e-04_lxp0.0_lbt0.0_lcca10.0_sig10.0_s1/outputs/velocity_prediction_finetune_100ms_hidden/metrics.csv,hidden,256,hidden,256,86.7507553100586,92.42835235595703,89.63568878173828,0.8815202713012695,0.8372988700866699,0.8594095706939697,100.0
odd_plane_fraction_finetune_sweep,128,2,0.1,10.0,1.0,64,0,64,best_val_zeta,141,/home/omo26/Non-Rev-Owen/mcmaze/runs/20260729_173144_d128_h256_dep2_bs64_ep150_lr5e-04_lxp0.0_lbt0.0_lcca10.0_sig10.0_s2/checkpoints/best.pt,0.2037225366,0.4363116919994354,0.2037225366,checkpoint,0.8438860177993774,94.0309829711914,0.87299644947052,0.8147755265235901,89.64717864990234,98.21776580810547,/home/omo26/Non-Rev-Owen/mcmaze/runs/20260729_173144_d128_h256_dep2_bs64_ep150_lr5e-04_lxp0.0_lbt0.0_lcca10.0_sig10.0_s2,0.945638,9.45638,0.4363116919994354,0.004521,/home/omo26/Non-Rev-Owen/mcmaze/odd_plane_fraction_finetune_sweep/logs/odd1_ap64_d128_s2_main.log,/home/omo26/Non-Rev-Owen/mcmaze/odd_plane_fraction_finetune_sweep/logs/odd1_ap64_d128_s2_finetune.log,/home/omo26/Non-Rev-Owen/mcmaze/runs/20260729_173144_d128_h256_dep2_bs64_ep150_lr5e-04_lxp0.0_lbt0.0_lcca10.0_sig10.0_s2/outputs/velocity_prediction_finetune_100ms_hidden/metrics.csv,hidden,256,hidden,256,85.34273529052734,93.3734130859375,89.44928741455078,0.8848998546600342,0.8325964212417603,0.8587481379508972,100.0
odd_plane_fraction_finetune_sweep,128,3,0.1,10.0,1.0,64,0,64,best_val_zeta,129,/home/omo26/Non-Rev-Owen/mcmaze/runs/20260729_173743_d128_h256_dep2_bs64_ep150_lr5e-04_lxp0.0_lbt0.0_lcca10.0_sig10.0_s3/checkpoints/best.pt,0.2288998365,0.455099665456348,0.2288998365,checkpoint,0.8458212018013,94.52481842041016,0.8671795725822449,0.8244628310203552,91.31925201416016,97.62307739257812,/home/omo26/Non-Rev-Owen/mcmaze/runs/20260729_173743_d128_h256_dep2_bs64_ep150_lr5e-04_lxp0.0_lbt0.0_lcca10.0_sig10.0_s3,0.873154,8.731539999999999,0.455099665456348,0.005473,/home/omo26/Non-Rev-Owen/mcmaze/odd_plane_fraction_finetune_sweep/logs/odd1_ap64_d128_s3_main.log,/home/omo26/Non-Rev-Owen/mcmaze/odd_plane_fraction_finetune_sweep/logs/odd1_ap64_d128_s3_finetune.log,/home/omo26/Non-Rev-Owen/mcmaze/runs/20260729_173743_d128_h256_dep2_bs64_ep150_lr5e-04_lxp0.0_lbt0.0_lcca10.0_sig10.0_s3/outputs/velocity_prediction_finetune_100ms_hidden/metrics.csv,hidden,256,hidden,256,87.31848907470703,92.95848846435547,90.18372344970703,0.8785625696182251,0.8408370018005371,0.8596997857093811,100.0
odd_plane_fraction_finetune_sweep,128,4,0.1,10.0,1.0,64,0,64,best_val_zeta,130,/home/omo26/Non-Rev-Owen/mcmaze/runs/20260729_174237_d128_h256_dep2_bs64_ep150_lr5e-04_lxp0.0_lbt0.0_lcca10.0_sig10.0_s4/checkpoints/best.pt,0.2113548815,0.44092637962765163,0.2113548815,checkpoint,0.8466177582740784,93.79497528076172,0.8671985864639282,0.8260369300842285,91.80929565429688,95.73748779296875,/home/omo26/Non-Rev-Owen/mcmaze/runs/20260729_174237_d128_h256_dep2_bs64_ep150_lr5e-04_lxp0.0_lbt0.0_lcca10.0_sig10.0_s4,0.879195,8.79195,0.44092637962765163,0.004707,/home/omo26/Non-Rev-Owen/mcmaze/odd_plane_fraction_finetune_sweep/logs/odd1_ap64_d128_s4_main.log,/home/omo26/Non-Rev-Owen/mcmaze/odd_plane_fraction_finetune_sweep/logs/odd1_ap64_d128_s4_finetune.log,/home/omo26/Non-Rev-Owen/mcmaze/runs/20260729_174237_d128_h256_dep2_bs64_ep150_lr5e-04_lxp0.0_lbt0.0_lcca10.0_sig10.0_s4/outputs/velocity_prediction_finetune_100ms_hidden/metrics.csv,hidden,256,hidden,256,88.57098388671875,91.93462371826172,90.26948547363281,0.8764017820358276,0.8395826816558838,0.8579922318458557,100.0
odd_plane_fraction_finetune_sweep,128,4,0.1,10.0,0.0,0,64,64,best_val_zeta,133,/home/omo26/Non-Rev-Owen/mcmaze/runs/20260729_174913_d128_h256_dep2_bs64_ep150_lr5e-04_lxp0.0_lbt0.0_lcca10.0_sig10.0_s4/checkpoints/best.pt,0.2922208607,0.41243668728404576,0.2922208607,checkpoint,0.8915152549743652,78.79922485351562,0.9084803462028503,0.8745501041412354,76.2153549194336,81.29963684082031,/home/omo26/Non-Rev-Owen/mcmaze/runs/20260729_174913_d128_h256_dep2_bs64_ep150_lr5e-04_lxp0.0_lbt0.0_lcca10.0_sig10.0_s4,0.897315,8.97315,0.41243668728404576,0.017054,/home/omo26/Non-Rev-Owen/mcmaze/odd_plane_fraction_finetune_sweep/logs/odd0_ap0_d128_s4_main.log,/home/omo26/Non-Rev-Owen/mcmaze/odd_plane_fraction_finetune_sweep/logs/odd0_ap0_d128_s4_finetune.log,/home/omo26/Non-Rev-Owen/mcmaze/runs/20260729_174913_d128_h256_dep2_bs64_ep150_lr5e-04_lxp0.0_lbt0.0_lcca10.0_sig10.0_s4/outputs/velocity_prediction_finetune_100ms_hidden/metrics.csv,hidden,512,hidden,512,67.92536926269531,73.14202117919922,70.5827407836914,0.9273068904876709,0.8984624147415161,0.9128846526145935,0.0
