dimension,seed,run_dir,best_epoch,saved_checkpoint_epoch,checkpoint_selection,best_val_zeta,mean_val_zeta,best_val_s,best_val_c_plus,best_val_loss,validation_batches,regularization_train_log_equiv,regularization_whole_batch_log_equiv,regularization_total_scaled,regularization_whole_batch_total_raw,regularization_whole_batch_total_scaled,train_log
32,0,/home/omo26/Non-Rev-Owen/mcmaze/runs/20260721_142440_d32_h256_dep2_bs64_ep100_lr1e-03_lxp0.0_lbt0.0_lcca1.0_sig10.0_s0,17,17,best_val_zeta,0.3562457528379228,0.2163556218,0.13772552046510908,0.38686322172482807,-0.11642942163679335,9,0.021296,0.018508,0.021296,0.018508,0.018508,/home/omo26/Non-Rev-Owen/mcmaze/embedding_dim_seed_sweep/logs/d32_seed0.log
32,1,/home/omo26/Non-Rev-Owen/mcmaze/runs/20260721_142631_d32_h256_dep2_bs64_ep100_lr1e-03_lxp0.0_lbt0.0_lcca1.0_sig10.0_s1,83,83,best_val_zeta,0.3512583275636037,0.2725971043,0.20312046507994333,0.5783330069647895,-0.16701582902007633,9,0.036105,0.032574,0.036105,0.032574,0.032574,/home/omo26/Non-Rev-Owen/mcmaze/embedding_dim_seed_sweep/logs/d32_seed1.log
32,2,/home/omo26/Non-Rev-Owen/mcmaze/runs/20260721_142831_d32_h256_dep2_bs64_ep100_lr1e-03_lxp0.0_lbt0.0_lcca1.0_sig10.0_s2,50,50,best_val_zeta,0.3599925637245178,0.2918314934,0.19367436899079216,0.5379719734191895,-0.1623056580622991,9,0.031369,0.027448,0.031369,0.027448,0.027448,/home/omo26/Non-Rev-Owen/mcmaze/embedding_dim_seed_sweep/logs/d32_seed2.log
32,3,/home/omo26/Non-Rev-Owen/mcmaze/runs/20260721_143016_d32_h256_dep2_bs64_ep100_lr1e-03_lxp0.0_lbt0.0_lcca1.0_sig10.0_s3,57,57,best_val_zeta,0.3362419605255127,0.2667339146,0.21071818470954895,0.6266267034742568,-0.17917455070548588,9,0.031544,0.028369,0.031544,0.028369,0.028369,/home/omo26/Non-Rev-Owen/mcmaze/embedding_dim_seed_sweep/logs/d32_seed3.log
32,4,/home/omo26/Non-Rev-Owen/mcmaze/runs/20260721_143201_d32_h256_dep2_bs64_ep100_lr1e-03_lxp0.0_lbt0.0_lcca1.0_sig10.0_s4,29,29,best_val_zeta,0.34956780076026917,0.1837107539,0.13029827343093026,0.37301727798249984,-0.11639815900060865,9,0.013900,0.011335,0.013900,0.011335,0.011335,/home/omo26/Non-Rev-Owen/mcmaze/embedding_dim_seed_sweep/logs/d32_seed4.log
64,0,/home/omo26/Non-Rev-Owen/mcmaze/runs/20260721_143340_d64_h256_dep2_bs64_ep100_lr1e-03_lxp0.0_lbt0.0_lcca1.0_sig10.0_s0,34,34,best_val_zeta,0.3269163833724128,0.1555988342,0.1275598332285881,0.39033861292733085,-0.09911122586992052,9,0.028449,0.025945,0.028449,0.025945,0.025945,/home/omo26/Non-Rev-Owen/mcmaze/embedding_dim_seed_sweep/logs/d64_seed0.log
64,1,/home/omo26/Non-Rev-Owen/mcmaze/runs/20260721_143456_d64_h256_dep2_bs64_ep100_lr1e-03_lxp0.0_lbt0.0_lcca1.0_sig10.0_s1,47,47,best_val_zeta,0.34361786643664044,0.2058321834,0.14550192322995928,0.4235777391327752,-0.11107510162724389,9,0.034427,0.031746,0.034427,0.031746,0.031746,/home/omo26/Non-Rev-Owen/mcmaze/embedding_dim_seed_sweep/logs/d64_seed1.log
64,2,/home/omo26/Non-Rev-Owen/mcmaze/runs/20260721_143651_d64_h256_dep2_bs64_ep100_lr1e-03_lxp0.0_lbt0.0_lcca1.0_sig10.0_s2,64,64,best_val_zeta,0.32639215721024406,0.1895135343,0.15996420052316454,0.4900815420680576,-0.12073092410961787,9,0.039233,0.036647,0.039233,0.036647,0.036647,/home/omo26/Non-Rev-Owen/mcmaze/embedding_dim_seed_sweep/logs/d64_seed2.log
64,3,/home/omo26/Non-Rev-Owen/mcmaze/runs/20260721_143851_d64_h256_dep2_bs64_ep100_lr1e-03_lxp0.0_lbt0.0_lcca1.0_sig10.0_s3,75,75,best_val_zeta,0.3294987115595076,0.2108461112,0.16882186300224727,0.512238535616133,-0.1277397887574302,9,0.041082,0.038216,0.041082,0.038216,0.038216,/home/omo26/Non-Rev-Owen/mcmaze/embedding_dim_seed_sweep/logs/d64_seed3.log
64,4,/home/omo26/Non-Rev-Owen/mcmaze/runs/20260721_144020_d64_h256_dep2_bs64_ep100_lr1e-03_lxp0.0_lbt0.0_lcca1.0_sig10.0_s4,75,75,best_val_zeta,0.3568652802043491,0.2238492966,0.1678963369793362,0.47041044301456875,-0.1291421800851822,9,0.038754,0.035845,0.038754,0.035845,0.035845,/home/omo26/Non-Rev-Owen/mcmaze/embedding_dim_seed_sweep/logs/d64_seed4.log
128,0,/home/omo26/Non-Rev-Owen/mcmaze/runs/20260721_144133_d128_h256_dep2_bs64_ep100_lr1e-03_lxp0.0_lbt0.0_lcca1.0_sig10.0_s0,58,58,best_val_zeta,0.33234672082795036,0.1636510193,0.13327123721440634,0.4012518955601586,-0.09886178705427381,9,0.034409,0.031901,0.034409,0.031901,0.031901,/home/omo26/Non-Rev-Owen/mcmaze/embedding_dim_seed_sweep/logs/d128_seed0.log
128,1,/home/omo26/Non-Rev-Owen/mcmaze/runs/20260721_144339_d128_h256_dep2_bs64_ep100_lr1e-03_lxp0.0_lbt0.0_lcca1.0_sig10.0_s1,63,63,best_val_zeta,0.3281206124358707,0.1580835432,0.12767498029602897,0.38922367493311566,-0.0925655538837115,9,0.035109,0.032753,0.035109,0.032753,0.032753,/home/omo26/Non-Rev-Owen/mcmaze/embedding_dim_seed_sweep/logs/d128_seed1.log
128,2,/home/omo26/Non-Rev-Owen/mcmaze/runs/20260721_144521_d128_h256_dep2_bs64_ep100_lr1e-03_lxp0.0_lbt0.0_lcca1.0_sig10.0_s2,42,42,best_val_zeta,0.3207242753770616,0.1309678704,0.10742202318376964,0.33507383863131207,-0.07943381783035067,9,0.027988,0.025796,0.027988,0.025796,0.025796,/home/omo26/Non-Rev-Owen/mcmaze/embedding_dim_seed_sweep/logs/d128_seed2.log
128,3,/home/omo26/Non-Rev-Owen/mcmaze/runs/20260721_144723_d128_h256_dep2_bs64_ep100_lr1e-03_lxp0.0_lbt0.0_lcca1.0_sig10.0_s3,92,92,best_val_zeta,0.33356985449790955,0.1782545745,0.15242911875247955,0.4569425582885742,-0.10933785802788204,9,0.043091,0.040470,0.043091,0.040470,0.040470,/home/omo26/Non-Rev-Owen/mcmaze/embedding_dim_seed_sweep/logs/d128_seed3.log
128,4,/home/omo26/Non-Rev-Owen/mcmaze/runs/20260721_144857_d128_h256_dep2_bs64_ep100_lr1e-03_lxp0.0_lbt0.0_lcca1.0_sig10.0_s4,74,74,best_val_zeta,0.32451286249690586,0.1528238356,0.1314694591694408,0.4050845272011227,-0.0968913162748019,9,0.034578,0.032230,0.034578,0.032230,0.032230,/home/omo26/Non-Rev-Owen/mcmaze/embedding_dim_seed_sweep/logs/d128_seed4.log
256,0,/home/omo26/Non-Rev-Owen/mcmaze/runs/20260721_145052_d256_h256_dep2_bs64_ep100_lr1e-03_lxp0.0_lbt0.0_lcca1.0_sig10.0_s0,98,98,best_val_zeta,0.32030703955226475,0.146667093,0.13459847536351946,0.4203849567307366,-0.09713878730932872,9,0.037460,0.035096,0.037460,0.035096,0.035096,/home/omo26/Non-Rev-Owen/mcmaze/embedding_dim_seed_sweep/logs/d256_seed0.log
256,1,/home/omo26/Non-Rev-Owen/mcmaze/runs/20260721_145320_d256_h256_dep2_bs64_ep100_lr1e-03_lxp0.0_lbt0.0_lcca1.0_sig10.0_s1,86,86,best_val_zeta,0.32180359297328526,0.1324898452,0.11205032467842102,0.3482251895798577,-0.07971819738547008,9,0.032332,0.030071,0.032332,0.030071,0.030071,/home/omo26/Non-Rev-Owen/mcmaze/embedding_dim_seed_sweep/logs/d256_seed1.log
256,2,/home/omo26/Non-Rev-Owen/mcmaze/runs/20260721_145528_d256_h256_dep2_bs64_ep100_lr1e-03_lxp0.0_lbt0.0_lcca1.0_sig10.0_s2,89,89,best_val_zeta,0.3199607829252879,0.1382962763,0.12288720243506962,0.384130554066764,-0.0869804256492191,9,0.035907,0.033543,0.035907,0.033543,0.033543,/home/omo26/Non-Rev-Owen/mcmaze/embedding_dim_seed_sweep/logs/d256_seed2.log
256,3,/home/omo26/Non-Rev-Owen/mcmaze/runs/20260721_145810_d256_h256_dep2_bs64_ep100_lr1e-03_lxp0.0_lbt0.0_lcca1.0_sig10.0_s3,89,89,best_val_zeta,0.3207313319047292,0.1339276135,0.12062294284502666,0.3760363558928172,-0.08487730804416868,9,0.035746,0.033296,0.035746,0.033296,0.033296,/home/omo26/Non-Rev-Owen/mcmaze/embedding_dim_seed_sweep/logs/d256_seed3.log
256,4,/home/omo26/Non-Rev-Owen/mcmaze/runs/20260721_150025_d256_h256_dep2_bs64_ep100_lr1e-03_lxp0.0_lbt0.0_lcca1.0_sig10.0_s4,90,90,best_val_zeta,0.3247293068303002,0.1444093585,0.12845379445287916,0.3955310417546166,-0.09280010395579869,9,0.035654,0.033349,0.035654,0.033349,0.033349,/home/omo26/Non-Rev-Owen/mcmaze/embedding_dim_seed_sweep/logs/d256_seed4.log
512,0,/home/omo26/Non-Rev-Owen/mcmaze/runs/20260721_150238_d512_h256_dep2_bs64_ep100_lr1e-03_lxp0.0_lbt0.0_lcca1.0_sig10.0_s0,78,78,best_val_zeta,0.3266124957137638,0.1541762799,0.13544420566823748,0.4148411518997616,-0.08998002608617146,9,0.045464,0.043066,0.045464,0.043066,0.043066,/home/omo26/Non-Rev-Owen/mcmaze/embedding_dim_seed_sweep/logs/d512_seed0.log
512,1,/home/omo26/Non-Rev-Owen/mcmaze/runs/20260721_150702_d512_h256_dep2_bs64_ep100_lr1e-03_lxp0.0_lbt0.0_lcca1.0_sig10.0_s1,77,77,best_val_zeta,0.3209593991438548,0.1546402425,0.13409891724586487,0.417947918176651,-0.08760414769252141,9,0.046495,0.044112,0.046495,0.044112,0.044112,/home/omo26/Non-Rev-Owen/mcmaze/embedding_dim_seed_sweep/logs/d512_seed1.log
512,2,/home/omo26/Non-Rev-Owen/mcmaze/runs/20260721_151116_d512_h256_dep2_bs64_ep100_lr1e-03_lxp0.0_lbt0.0_lcca1.0_sig10.0_s2,79,79,best_val_zeta,0.3226114081011878,0.1512768865,0.13337983025444877,0.4134853780269623,-0.0870782087246577,9,0.046302,0.043890,0.046302,0.043890,0.043890,/home/omo26/Non-Rev-Owen/mcmaze/embedding_dim_seed_sweep/logs/d512_seed2.log
512,3,/home/omo26/Non-Rev-Owen/mcmaze/runs/20260721_151527_d512_h256_dep2_bs64_ep100_lr1e-03_lxp0.0_lbt0.0_lcca1.0_sig10.0_s3,77,77,best_val_zeta,0.32563244965341354,0.1499480605,0.12890543209181893,0.3957998189661238,-0.0842640565501319,9,0.044641,0.042211,0.044641,0.042211,0.042211,/home/omo26/Non-Rev-Owen/mcmaze/embedding_dim_seed_sweep/logs/d512_seed3.log
512,4,/home/omo26/Non-Rev-Owen/mcmaze/runs/20260721_152025_d512_h256_dep2_bs64_ep100_lr1e-03_lxp0.0_lbt0.0_lcca1.0_sig10.0_s4,78,78,best_val_zeta,0.3272005485163795,0.1578577012,0.13825267056624094,0.42251165707906085,-0.09214843644036187,9,0.046104,0.043728,0.046104,0.043728,0.043728,/home/omo26/Non-Rev-Owen/mcmaze/embedding_dim_seed_sweep/logs/d512_seed4.log
16,0,/home/omo26/Non-Rev-Owen/mcmaze/runs/20260721_153552_d16_h256_dep2_bs64_ep100_lr1e-03_lxp0.0_lbt0.0_lcca1.0_sig10.0_s0,13,13,best_val_zeta,0.43751082486576504,0.4344910085,0.7977099153730605,1.8242471350563898,-0.7705429726176791,9,0.027167,0.015497,0.027167,0.015497,0.015497,/home/omo26/Non-Rev-Owen/mcmaze/embedding_dim_seed_sweep/logs/d16_seed0.log
16,1,/home/omo26/Non-Rev-Owen/mcmaze/runs/20260721_153610_d16_h256_dep2_bs64_ep100_lr1e-03_lxp0.0_lbt0.0_lcca1.0_sig10.0_s1,7,7,best_val_zeta,0.3909305930137634,0.3239016235,0.6739046110047234,1.7241089476479425,-0.6464924613634745,9,0.027412,0.018059,0.027412,0.018059,0.018059,/home/omo26/Non-Rev-Owen/mcmaze/embedding_dim_seed_sweep/logs/d16_seed1.log
16,2,/home/omo26/Non-Rev-Owen/mcmaze/runs/20260721_153626_d16_h256_dep2_bs64_ep100_lr1e-03_lxp0.0_lbt0.0_lcca1.0_sig10.0_s2,14,14,best_val_zeta,0.485045591990153,0.440900743,0.8173013461960686,1.6862552165985107,-0.7842369609408908,9,0.033064,0.022987,0.033064,0.022987,0.022987,/home/omo26/Non-Rev-Owen/mcmaze/embedding_dim_seed_sweep/logs/d16_seed2.log
16,3,/home/omo26/Non-Rev-Owen/mcmaze/runs/20260721_153642_d16_h256_dep2_bs64_ep100_lr1e-03_lxp0.0_lbt0.0_lcca1.0_sig10.0_s3,14,14,best_val_zeta,0.4356271591451433,0.4055757523,0.8222602009773254,1.8884886503219604,-0.7956544094615512,9,0.026606,0.013664,0.026606,0.013664,0.013664,/home/omo26/Non-Rev-Owen/mcmaze/embedding_dim_seed_sweep/logs/d16_seed3.log
16,4,/home/omo26/Non-Rev-Owen/mcmaze/runs/20260721_153658_d16_h256_dep2_bs64_ep100_lr1e-03_lxp0.0_lbt0.0_lcca1.0_sig10.0_s4,9,9,best_val_zeta,0.39843211240238613,0.3822844625,0.759273972776201,1.9062639739778307,-0.7308948768509759,9,0.028379,0.020161,0.028379,0.020161,0.020161,/home/omo26/Non-Rev-Owen/mcmaze/embedding_dim_seed_sweep/logs/d16_seed4.log
32,0,/home/omo26/Non-Rev-Owen/mcmaze/runs/20260721_153714_d32_h256_dep2_bs64_ep100_lr1e-03_lxp0.0_lbt0.0_lcca1.0_sig10.0_s0,14,14,best_val_zeta,0.5025054746203952,0.4726797938,0.793349047501882,1.579251766204834,-0.6914434432983398,9,0.101906,0.089883,0.101906,0.089883,0.089883,/home/omo26/Non-Rev-Owen/mcmaze/embedding_dim_seed_sweep/logs/d32_seed0.log
32,1,/home/omo26/Non-Rev-Owen/mcmaze/runs/20260721_153732_d32_h256_dep2_bs64_ep100_lr1e-03_lxp0.0_lbt0.0_lcca1.0_sig10.0_s1,46,46,best_val_zeta,0.45739348067177665,0.4135563672,0.8817854060067071,1.928122917811076,-0.8171880775027804,9,0.064597,0.054795,0.064597,0.054795,0.054795,/home/omo26/Non-Rev-Owen/mcmaze/embedding_dim_seed_sweep/logs/d32_seed1.log
32,2,/home/omo26/Non-Rev-Owen/mcmaze/runs/20260721_153751_d32_h256_dep2_bs64_ep100_lr1e-03_lxp0.0_lbt0.0_lcca1.0_sig10.0_s2,20,20,best_val_zeta,0.45740975936253864,0.3958501816,0.8559991518656412,1.872003396352132,-0.7538701030943129,9,0.102129,0.091698,0.102129,0.091698,0.091698,/home/omo26/Non-Rev-Owen/mcmaze/embedding_dim_seed_sweep/logs/d32_seed2.log
32,3,/home/omo26/Non-Rev-Owen/mcmaze/runs/20260721_153809_d32_h256_dep2_bs64_ep100_lr1e-03_lxp0.0_lbt0.0_lcca1.0_sig10.0_s3,48,48,best_val_zeta,0.49057308832804364,0.4072522223,0.8782511154810587,1.7906685670216878,-0.8055200113190545,9,0.072731,0.060835,0.072731,0.060835,0.060835,/home/omo26/Non-Rev-Owen/mcmaze/embedding_dim_seed_sweep/logs/d32_seed3.log
32,4,/home/omo26/Non-Rev-Owen/mcmaze/runs/20260721_153827_d32_h256_dep2_bs64_ep100_lr1e-03_lxp0.0_lbt0.0_lcca1.0_sig10.0_s4,30,30,best_val_zeta,0.4768136541048686,0.4272547066,0.854610542456309,1.7926472293006048,-0.7806918952200148,9,0.073919,0.063311,0.073919,0.063311,0.063311,/home/omo26/Non-Rev-Owen/mcmaze/embedding_dim_seed_sweep/logs/d32_seed4.log
64,0,/home/omo26/Non-Rev-Owen/mcmaze/runs/20260721_153846_d64_h256_dep2_bs64_ep100_lr1e-03_lxp0.0_lbt0.0_lcca1.0_sig10.0_s0,25,25,best_val_zeta,0.4838262399037679,0.4478869438,0.8158666226598952,1.6867643064922757,-0.6903216044108073,9,0.125545,0.113017,0.125545,0.113017,0.113017,/home/omo26/Non-Rev-Owen/mcmaze/embedding_dim_seed_sweep/logs/d64_seed0.log
64,1,/home/omo26/Non-Rev-Owen/mcmaze/runs/20260721_153908_d64_h256_dep2_bs64_ep100_lr1e-03_lxp0.0_lbt0.0_lcca1.0_sig10.0_s1,29,29,best_val_zeta,0.4632416499985589,0.4067150354,0.8452760047382779,1.8248612615797255,-0.7118535902765062,9,0.133422,0.121825,0.133422,0.121824,0.121824,/home/omo26/Non-Rev-Owen/mcmaze/embedding_dim_seed_sweep/logs/d64_seed1.log
64,2,/home/omo26/Non-Rev-Owen/mcmaze/runs/20260721_153931_d64_h256_dep2_bs64_ep100_lr1e-03_lxp0.0_lbt0.0_lcca1.0_sig10.0_s2,33,33,best_val_zeta,0.44180315401819015,0.3894917369,0.830055402384864,1.8789880805545383,-0.7098859681023492,9,0.120169,0.111390,0.120169,0.111390,0.111390,/home/omo26/Non-Rev-Owen/mcmaze/embedding_dim_seed_sweep/logs/d64_seed2.log
64,3,/home/omo26/Non-Rev-Owen/mcmaze/runs/20260721_153954_d64_h256_dep2_bs64_ep100_lr1e-03_lxp0.0_lbt0.0_lcca1.0_sig10.0_s3,33,33,best_val_zeta,0.45618631773524815,0.3978719115,0.8120264344745212,1.7801063060760498,-0.694549991024865,9,0.117476,0.105608,0.117476,0.105608,0.105608,/home/omo26/Non-Rev-Owen/mcmaze/embedding_dim_seed_sweep/logs/d64_seed3.log
64,4,/home/omo26/Non-Rev-Owen/mcmaze/runs/20260721_154016_d64_h256_dep2_bs64_ep100_lr1e-03_lxp0.0_lbt0.0_lcca1.0_sig10.0_s4,26,26,best_val_zeta,0.4540571669737498,0.3854656219,0.8297661145528158,1.8275442255867853,-0.7064498530493842,9,0.123316,0.113827,0.123316,0.113827,0.113827,/home/omo26/Non-Rev-Owen/mcmaze/embedding_dim_seed_sweep/logs/d64_seed4.log
128,0,/home/omo26/Non-Rev-Owen/mcmaze/runs/20260721_154039_d128_h256_dep2_bs64_ep100_lr1e-03_lxp0.0_lbt0.0_lcca1.0_sig10.0_s0,39,39,best_val_zeta,0.4497562282615238,0.4051302373,0.8752708170149062,1.946333434846666,-0.7209839158587985,9,0.154287,0.143513,0.154287,0.143513,0.143513,/home/omo26/Non-Rev-Owen/mcmaze/embedding_dim_seed_sweep/logs/d128_seed0.log
128,1,/home/omo26/Non-Rev-Owen/mcmaze/runs/20260721_154111_d128_h256_dep2_bs64_ep100_lr1e-03_lxp0.0_lbt0.0_lcca1.0_sig10.0_s1,20,20,best_val_zeta,0.4190035065015157,0.3539878428,0.7591634392738342,1.8119126955668132,-0.6159909235106574,9,0.143172,0.133908,0.143172,0.133908,0.133908,/home/omo26/Non-Rev-Owen/mcmaze/embedding_dim_seed_sweep/logs/d128_seed1.log
128,2,/home/omo26/Non-Rev-Owen/mcmaze/runs/20260721_154143_d128_h256_dep2_bs64_ep100_lr1e-03_lxp0.0_lbt0.0_lcca1.0_sig10.0_s2,30,30,best_val_zeta,0.4535109930568271,0.3788976669,0.8069974647627937,1.7796250449286566,-0.6586600210931566,9,0.148337,0.138473,0.148337,0.138473,0.138473,/home/omo26/Non-Rev-Owen/mcmaze/embedding_dim_seed_sweep/logs/d128_seed2.log
128,3,/home/omo26/Non-Rev-Owen/mcmaze/runs/20260721_154215_d128_h256_dep2_bs64_ep100_lr1e-03_lxp0.0_lbt0.0_lcca1.0_sig10.0_s3,24,24,best_val_zeta,0.4606660107771556,0.3962246478,0.8152335418595208,1.7697622643576727,-0.6590487228499519,9,0.156185,0.144862,0.156185,0.144862,0.144862,/home/omo26/Non-Rev-Owen/mcmaze/embedding_dim_seed_sweep/logs/d128_seed3.log
128,4,/home/omo26/Non-Rev-Owen/mcmaze/runs/20260721_154247_d128_h256_dep2_bs64_ep100_lr1e-03_lxp0.0_lbt0.0_lcca1.0_sig10.0_s4,18,18,best_val_zeta,0.42724258038732743,0.3439565003,0.7621677584118314,1.783959322505527,-0.6195710168944465,9,0.142597,0.133806,0.142597,0.133806,0.133806,/home/omo26/Non-Rev-Owen/mcmaze/embedding_dim_seed_sweep/logs/d128_seed4.log
256,0,/home/omo26/Non-Rev-Owen/mcmaze/runs/20260721_154319_d256_h256_dep2_bs64_ep100_lr1e-03_lxp0.0_lbt0.0_lcca1.0_sig10.0_s0,34,34,best_val_zeta,0.4298899041281806,0.3759000897,0.8504995571242439,1.9784979952706232,-0.6833781202634176,9,0.167121,0.156791,0.167121,0.156791,0.156791,/home/omo26/Non-Rev-Owen/mcmaze/embedding_dim_seed_sweep/logs/d256_seed0.log
256,1,/home/omo26/Non-Rev-Owen/mcmaze/runs/20260721_154413_d256_h256_dep2_bs64_ep100_lr1e-03_lxp0.0_lbt0.0_lcca1.0_sig10.0_s1,39,39,best_val_zeta,0.43387651774618363,0.3925529718,0.8629408015145196,1.9889872736401029,-0.699560112423367,9,0.163381,0.154129,0.163381,0.154129,0.154129,/home/omo26/Non-Rev-Owen/mcmaze/embedding_dim_seed_sweep/logs/d256_seed1.log
256,2,/home/omo26/Non-Rev-Owen/mcmaze/runs/20260721_154508_d256_h256_dep2_bs64_ep100_lr1e-03_lxp0.0_lbt0.0_lcca1.0_sig10.0_s2,38,38,best_val_zeta,0.4456390274895562,0.3928859234,0.8706450528568692,1.953800982899136,-0.7062646415498521,9,0.164380,0.155538,0.164380,0.155538,0.155538,/home/omo26/Non-Rev-Owen/mcmaze/embedding_dim_seed_sweep/logs/d256_seed2.log
256,3,/home/omo26/Non-Rev-Owen/mcmaze/runs/20260721_154603_d256_h256_dep2_bs64_ep100_lr1e-03_lxp0.0_lbt0.0_lcca1.0_sig10.0_s3,53,53,best_val_zeta,0.43446573946211076,0.3960917592,0.881771445274353,2.0296547280417547,-0.7265713744693332,9,0.155200,0.145763,0.155200,0.145763,0.145763,/home/omo26/Non-Rev-Owen/mcmaze/embedding_dim_seed_sweep/logs/d256_seed3.log
256,4,/home/omo26/Non-Rev-Owen/mcmaze/runs/20260721_154658_d256_h256_dep2_bs64_ep100_lr1e-03_lxp0.0_lbt0.0_lcca1.0_sig10.0_s4,37,37,best_val_zeta,0.43114500244458515,0.3856172264,0.854720930258433,1.9824975861443415,-0.6855659418635898,9,0.169155,0.161573,0.169155,0.161573,0.161573,/home/omo26/Non-Rev-Owen/mcmaze/embedding_dim_seed_sweep/logs/d256_seed4.log
512,0,/home/omo26/Non-Rev-Owen/mcmaze/runs/20260721_154752_d512_h256_dep2_bs64_ep100_lr1e-03_lxp0.0_lbt0.0_lcca1.0_sig10.0_s0,39,39,best_val_zeta,0.4330141974820031,0.3804959655,0.8690223164028592,2.0073677831225925,-0.7017264564832052,9,0.167296,0.157588,0.167296,0.157588,0.157588,/home/omo26/Non-Rev-Owen/mcmaze/embedding_dim_seed_sweep/logs/d512_seed0.log
512,1,/home/omo26/Non-Rev-Owen/mcmaze/runs/20260721_154930_d512_h256_dep2_bs64_ep100_lr1e-03_lxp0.0_lbt0.0_lcca1.0_sig10.0_s1,39,39,best_val_zeta,0.4151252706845601,0.3728185296,0.8621073762575785,2.076763868331909,-0.6903547114796109,9,0.171752,0.164016,0.171752,0.164016,0.164016,/home/omo26/Non-Rev-Owen/mcmaze/embedding_dim_seed_sweep/logs/d512_seed1.log
512,2,/home/omo26/Non-Rev-Owen/mcmaze/runs/20260721_155107_d512_h256_dep2_bs64_ep100_lr1e-03_lxp0.0_lbt0.0_lcca1.0_sig10.0_s2,52,52,best_val_zeta,0.42286214894718593,0.3809067905,0.8833355440033807,2.0889738665686712,-0.7261129551463656,9,0.157222,0.149215,0.157222,0.149215,0.149215,/home/omo26/Non-Rev-Owen/mcmaze/embedding_dim_seed_sweep/logs/d512_seed2.log
512,3,/home/omo26/Non-Rev-Owen/mcmaze/runs/20260721_155245_d512_h256_dep2_bs64_ep100_lr1e-03_lxp0.0_lbt0.0_lcca1.0_sig10.0_s3,41,41,best_val_zeta,0.4175419741206699,0.3696275949,0.8777506417698331,2.1022420989142523,-0.7110093898243375,9,0.166741,0.157244,0.166741,0.157244,0.157244,/home/omo26/Non-Rev-Owen/mcmaze/embedding_dim_seed_sweep/logs/d512_seed3.log
512,4,/home/omo26/Non-Rev-Owen/mcmaze/runs/20260721_155422_d512_h256_dep2_bs64_ep100_lr1e-03_lxp0.0_lbt0.0_lcca1.0_sig10.0_s4,36,36,best_val_zeta,0.42586030893855625,0.3885310292,0.8658356865247091,2.0331884490119085,-0.6909434861607022,9,0.174892,0.167210,0.174892,0.167210,0.167210,/home/omo26/Non-Rev-Owen/mcmaze/embedding_dim_seed_sweep/logs/d512_seed4.log
16,0,/home/omo26/Non-Rev-Owen/mcmaze/runs/20260721_160118_d16_h256_dep2_bs64_ep100_lr1e-03_lxp0.0_lbt0.0_lcca1.0_sig10.0_s0,16,16,best_val_zeta,0.40038036306699115,,0.8315543267461989,2.077210267384847,-0.8043862515025668,9,0.027168,0.018402,0.027168,0.018402,0.018402,/home/omo26/Non-Rev-Owen/mcmaze/embedding_dim_seed_sweep/logs/d16_seed0.log
16,1,/home/omo26/Non-Rev-Owen/mcmaze/runs/20260721_160137_d16_h256_dep2_bs64_ep100_lr1e-03_lxp0.0_lbt0.0_lcca1.0_sig10.0_s1,20,20,best_val_zeta,0.40373627675904167,,0.8516741063859727,2.1098415851593018,-0.8296873304578993,9,0.021987,0.016239,0.021987,0.016239,0.016239,/home/omo26/Non-Rev-Owen/mcmaze/embedding_dim_seed_sweep/logs/d16_seed1.log
16,2,/home/omo26/Non-Rev-Owen/mcmaze/runs/20260721_160155_d16_h256_dep2_bs64_ep100_lr1e-03_lxp0.0_lbt0.0_lcca1.0_sig10.0_s2,10,10,best_val_zeta,0.4207840363184611,,0.7789108753204346,1.8518008126152887,-0.7522427042325338,9,0.026668,0.018389,0.026668,0.018389,0.018389,/home/omo26/Non-Rev-Owen/mcmaze/embedding_dim_seed_sweep/logs/d16_seed2.log
16,3,/home/omo26/Non-Rev-Owen/mcmaze/runs/20260721_160214_d16_h256_dep2_bs64_ep100_lr1e-03_lxp0.0_lbt0.0_lcca1.0_sig10.0_s3,15,15,best_val_zeta,0.43662858340475297,,0.8290418916278415,1.900599757830302,-0.7926458385255601,9,0.036396,0.030934,0.036396,0.030934,0.030934,/home/omo26/Non-Rev-Owen/mcmaze/embedding_dim_seed_sweep/logs/d16_seed3.log
16,4,/home/omo26/Non-Rev-Owen/mcmaze/runs/20260721_160233_d16_h256_dep2_bs64_ep100_lr1e-03_lxp0.0_lbt0.0_lcca1.0_sig10.0_s4,21,21,best_val_zeta,0.411135733127594,,0.8494919207361009,2.0665454069773355,-0.8266962766647339,9,0.022796,0.018914,0.022796,0.018914,0.018914,/home/omo26/Non-Rev-Owen/mcmaze/embedding_dim_seed_sweep/logs/d16_seed4.log
32,0,/home/omo26/Non-Rev-Owen/mcmaze/runs/20260721_160251_d32_h256_dep2_bs64_ep100_lr1e-03_lxp0.0_lbt0.0_lcca1.0_sig10.0_s0,20,20,best_val_zeta,0.43917734755410087,,0.8357483016120063,1.90342198477851,-0.7687741849157546,9,0.066974,0.058691,0.066974,0.058691,0.058691,/home/omo26/Non-Rev-Owen/mcmaze/embedding_dim_seed_sweep/logs/d32_seed0.log
32,1,/home/omo26/Non-Rev-Owen/mcmaze/runs/20260721_160312_d32_h256_dep2_bs64_ep100_lr1e-03_lxp0.0_lbt0.0_lcca1.0_sig10.0_s1,50,50,best_val_zeta,0.5080330967903137,,0.857146163781484,1.6877066294352214,-0.8122308982743157,9,0.044915,0.036591,0.044915,0.036591,0.036591,/home/omo26/Non-Rev-Owen/mcmaze/embedding_dim_seed_sweep/logs/d32_seed1.log
32,2,/home/omo26/Non-Rev-Owen/mcmaze/runs/20260721_160333_d32_h256_dep2_bs64_ep100_lr1e-03_lxp0.0_lbt0.0_lcca1.0_sig10.0_s2,95,95,best_val_zeta,0.41929089029630023,,0.870113280084398,2.0756727854410806,-0.8358060783810086,9,0.034307,0.028227,0.034307,0.028227,0.028227,/home/omo26/Non-Rev-Owen/mcmaze/embedding_dim_seed_sweep/logs/d32_seed2.log
32,3,/home/omo26/Non-Rev-Owen/mcmaze/runs/20260721_160430_d32_h256_dep2_bs64_ep100_lr1e-03_lxp0.0_lbt0.0_lcca1.0_sig10.0_s3,15,15,best_val_zeta,0.5071111487017738,,0.8190478417608473,1.6158263285954793,-0.75440647204717,9,0.064641,0.056343,0.064641,0.056343,0.056343,/home/omo26/Non-Rev-Owen/mcmaze/embedding_dim_seed_sweep/logs/d32_seed3.log
32,4,/home/omo26/Non-Rev-Owen/mcmaze/runs/20260721_160451_d32_h256_dep2_bs64_ep100_lr1e-03_lxp0.0_lbt0.0_lcca1.0_sig10.0_s4,72,72,best_val_zeta,0.4760941167672475,,0.862598717212677,1.812722471025255,-0.8169373671213785,9,0.045661,0.039357,0.045661,0.039357,0.039357,/home/omo26/Non-Rev-Owen/mcmaze/embedding_dim_seed_sweep/logs/d32_seed4.log
64,0,/home/omo26/Non-Rev-Owen/mcmaze/runs/20260721_160512_d64_h256_dep2_bs64_ep100_lr1e-03_lxp0.0_lbt0.0_lcca1.0_sig10.0_s0,42,42,best_val_zeta,0.45140337612893844,,0.8662490778499179,1.9198162025875516,-0.7633017036649916,9,0.102947,0.095813,0.102947,0.095813,0.095813,/home/omo26/Non-Rev-Owen/mcmaze/embedding_dim_seed_sweep/logs/d64_seed0.log
64,1,/home/omo26/Non-Rev-Owen/mcmaze/runs/20260721_160538_d64_h256_dep2_bs64_ep100_lr1e-03_lxp0.0_lbt0.0_lcca1.0_sig10.0_s1,27,27,best_val_zeta,0.4296499225828383,,0.7909678485658433,1.8411816755930583,-0.6833388739162021,9,0.107629,0.101384,0.107629,0.101384,0.101384,/home/omo26/Non-Rev-Owen/mcmaze/embedding_dim_seed_sweep/logs/d64_seed1.log
64,2,/home/omo26/Non-Rev-Owen/mcmaze/runs/20260721_160603_d64_h256_dep2_bs64_ep100_lr1e-03_lxp0.0_lbt0.0_lcca1.0_sig10.0_s2,37,37,best_val_zeta,0.441563927465015,,0.8520518011516995,1.9300431542926364,-0.7477360367774963,9,0.104316,0.098022,0.104316,0.098022,0.098022,/home/omo26/Non-Rev-Owen/mcmaze/embedding_dim_seed_sweep/logs/d64_seed2.log
64,3,/home/omo26/Non-Rev-Owen/mcmaze/runs/20260721_160628_d64_h256_dep2_bs64_ep100_lr1e-03_lxp0.0_lbt0.0_lcca1.0_sig10.0_s3,20,20,best_val_zeta,0.4450290534231398,,0.8272241486443414,1.8591013881895277,-0.7088388270801969,9,0.118385,0.110819,0.118385,0.110819,0.110819,/home/omo26/Non-Rev-Owen/mcmaze/embedding_dim_seed_sweep/logs/d64_seed3.log
64,4,/home/omo26/Non-Rev-Owen/mcmaze/runs/20260721_160654_d64_h256_dep2_bs64_ep100_lr1e-03_lxp0.0_lbt0.0_lcca1.0_sig10.0_s4,45,45,best_val_zeta,0.4483162694507175,,0.8585348063045077,1.9152044455210369,-0.7628094885084364,9,0.095725,0.090081,0.095725,0.090081,0.090081,/home/omo26/Non-Rev-Owen/mcmaze/embedding_dim_seed_sweep/logs/d64_seed4.log
128,0,/home/omo26/Non-Rev-Owen/mcmaze/runs/20260721_160719_d128_h256_dep2_bs64_ep100_lr1e-03_lxp0.0_lbt0.0_lcca1.0_sig10.0_s0,39,39,best_val_zeta,0.4294454488489363,,0.8517727123366462,1.9838572873009577,-0.7218827207883199,9,0.129890,0.122997,0.129890,0.122997,0.122997,/home/omo26/Non-Rev-Owen/mcmaze/embedding_dim_seed_sweep/logs/d128_seed0.log
128,1,/home/omo26/Non-Rev-Owen/mcmaze/runs/20260721_160754_d128_h256_dep2_bs64_ep100_lr1e-03_lxp0.0_lbt0.0_lcca1.0_sig10.0_s1,23,23,best_val_zeta,0.4282137950261434,,0.7888616654607985,1.8422821230358548,-0.6559421552552117,9,0.132919,0.126689,0.132919,0.126689,0.126689,/home/omo26/Non-Rev-Owen/mcmaze/embedding_dim_seed_sweep/logs/d128_seed1.log
128,2,/home/omo26/Non-Rev-Owen/mcmaze/runs/20260721_160828_d128_h256_dep2_bs64_ep100_lr1e-03_lxp0.0_lbt0.0_lcca1.0_sig10.0_s2,39,39,best_val_zeta,0.43787701262368095,,0.8609347807036506,1.9662182993359036,-0.7265508439805772,9,0.134384,0.128906,0.134384,0.128906,0.128906,/home/omo26/Non-Rev-Owen/mcmaze/embedding_dim_seed_sweep/logs/d128_seed2.log
128,3,/home/omo26/Non-Rev-Owen/mcmaze/runs/20260721_160903_d128_h256_dep2_bs64_ep100_lr1e-03_lxp0.0_lbt0.0_lcca1.0_sig10.0_s3,33,33,best_val_zeta,0.4411943621105618,,0.85413924853007,1.9360173808203802,-0.7108851538764106,9,0.143254,0.135796,0.143254,0.135796,0.135796,/home/omo26/Non-Rev-Owen/mcmaze/embedding_dim_seed_sweep/logs/d128_seed3.log
128,4,/home/omo26/Non-Rev-Owen/mcmaze/runs/20260721_160938_d128_h256_dep2_bs64_ep100_lr1e-03_lxp0.0_lbt0.0_lcca1.0_sig10.0_s4,34,34,best_val_zeta,0.450581173102061,,0.8387402892112732,1.8617324696646795,-0.707768460114797,9,0.130972,0.124388,0.130972,0.124388,0.124388,/home/omo26/Non-Rev-Owen/mcmaze/embedding_dim_seed_sweep/logs/d128_seed4.log
256,0,/home/omo26/Non-Rev-Owen/mcmaze/runs/20260721_161013_d256_h256_dep2_bs64_ep100_lr1e-03_lxp0.0_lbt0.0_lcca1.0_sig10.0_s0,50,50,best_val_zeta,0.423517366250356,,0.8646058307753669,2.0421191453933716,-0.7264571521017287,9,0.138148,0.131585,0.138148,0.131585,0.131585,/home/omo26/Non-Rev-Owen/mcmaze/embedding_dim_seed_sweep/logs/d256_seed0.log
256,1,/home/omo26/Non-Rev-Owen/mcmaze/runs/20260721_161117_d256_h256_dep2_bs64_ep100_lr1e-03_lxp0.0_lbt0.0_lcca1.0_sig10.0_s1,40,40,best_val_zeta,0.41830488708284164,,0.8537744283676147,2.0414230028788247,-0.7068901128239102,9,0.146884,0.141397,0.146884,0.141397,0.141397,/home/omo26/Non-Rev-Owen/mcmaze/embedding_dim_seed_sweep/logs/d256_seed1.log
256,2,/home/omo26/Non-Rev-Owen/mcmaze/runs/20260721_161214_d256_h256_dep2_bs64_ep100_lr1e-03_lxp0.0_lbt0.0_lcca1.0_sig10.0_s2,44,44,best_val_zeta,0.42452559537357754,,0.8526118265257941,2.0084433025783963,-0.7138998574680753,9,0.138712,0.133671,0.138712,0.133671,0.133671,/home/omo26/Non-Rev-Owen/mcmaze/embedding_dim_seed_sweep/logs/d256_seed2.log
256,3,/home/omo26/Non-Rev-Owen/mcmaze/runs/20260721_161311_d256_h256_dep2_bs64_ep100_lr1e-03_lxp0.0_lbt0.0_lcca1.0_sig10.0_s3,40,40,best_val_zeta,0.44474486178821987,,0.8558659685982598,1.9245817396375868,-0.7018669313854642,9,0.153999,0.147155,0.153999,0.147155,0.147155,/home/omo26/Non-Rev-Owen/mcmaze/embedding_dim_seed_sweep/logs/d256_seed3.log
256,4,/home/omo26/Non-Rev-Owen/mcmaze/runs/20260721_161408_d256_h256_dep2_bs64_ep100_lr1e-03_lxp0.0_lbt0.0_lcca1.0_sig10.0_s4,30,30,best_val_zeta,0.403863529364268,,0.777542769908905,1.9254551861021254,-0.6331311464309692,9,0.144411,0.139063,0.144411,0.139063,0.139063,/home/omo26/Non-Rev-Owen/mcmaze/embedding_dim_seed_sweep/logs/d256_seed4.log
512,0,/home/omo26/Non-Rev-Owen/mcmaze/runs/20260721_161505_d512_h256_dep2_bs64_ep100_lr1e-03_lxp0.0_lbt0.0_lcca1.0_sig10.0_s0,50,50,best_val_zeta,0.42266374826431274,,0.7227131326993307,1.7102279795540705,-0.5973448753356934,9,0.125368,0.119967,0.125368,0.119967,0.119967,/home/omo26/Non-Rev-Owen/mcmaze/embedding_dim_seed_sweep/logs/d512_seed0.log
512,1,/home/omo26/Non-Rev-Owen/mcmaze/runs/20260721_161645_d512_h256_dep2_bs64_ep100_lr1e-03_lxp0.0_lbt0.0_lcca1.0_sig10.0_s1,83,83,best_val_zeta,0.4296366141902076,,0.8595904509226481,2.0014725658628674,-0.7091192801793417,9,0.150471,0.146024,0.150471,0.146024,0.146024,/home/omo26/Non-Rev-Owen/mcmaze/embedding_dim_seed_sweep/logs/d512_seed1.log
512,2,/home/omo26/Non-Rev-Owen/mcmaze/runs/20260721_161832_d512_h256_dep2_bs64_ep100_lr1e-03_lxp0.0_lbt0.0_lcca1.0_sig10.0_s2,41,41,best_val_zeta,0.4147136906782786,,0.7197414305475023,1.7355982065200806,-0.5837728050020006,9,0.135968,0.131336,0.135968,0.131336,0.131336,/home/omo26/Non-Rev-Owen/mcmaze/embedding_dim_seed_sweep/logs/d512_seed2.log
512,3,/home/omo26/Non-Rev-Owen/mcmaze/runs/20260721_162012_d512_h256_dep2_bs64_ep100_lr1e-03_lxp0.0_lbt0.0_lcca1.0_sig10.0_s3,52,52,best_val_zeta,0.42569376362694633,,0.8457269867261251,1.98710032304128,-0.6825358271598816,9,0.163191,0.157365,0.163191,0.157365,0.157365,/home/omo26/Non-Rev-Owen/mcmaze/embedding_dim_seed_sweep/logs/d512_seed3.log
512,4,/home/omo26/Non-Rev-Owen/mcmaze/runs/20260721_162153_d512_h256_dep2_bs64_ep100_lr1e-03_lxp0.0_lbt0.0_lcca1.0_sig10.0_s4,63,63,best_val_zeta,0.4063236514727275,,0.83897555536694,2.0653227965037027,-0.6826022797160678,9,0.156373,0.151729,0.156373,0.151728,0.151728,/home/omo26/Non-Rev-Owen/mcmaze/embedding_dim_seed_sweep/logs/d512_seed4.log
16,0,/home/omo26/Non-Rev-Owen/mcmaze/runs/20260725_175727_d16_h256_dep2_bs64_ep100_lr1e-03_lxp0.0_lbt0.0_lcca5.0_sig10.0_s0,34,34,best_val_zeta,0.3783005343543159,0.3162177205,0.1839173204369015,0.4865785671605004,-0.1664822134706709,9,0.017435,0.009144,0.017435,0.003919,0.009144,/home/omo26/Non-Rev-Owen/mcmaze/embedding_dim_seed_sweep/logs/d16_seed0.log
16,1,/home/omo26/Non-Rev-Owen/mcmaze/runs/20260725_175741_d16_h256_dep2_bs64_ep100_lr1e-03_lxp0.0_lbt0.0_lcca5.0_sig10.0_s1,33,33,best_val_zeta,0.37965231471591526,0.3098014891,0.1785826219452752,0.47068603171242607,-0.1609999802377489,9,0.017583,0.009160,0.017583,0.003995,0.009160,/home/omo26/Non-Rev-Owen/mcmaze/embedding_dim_seed_sweep/logs/d16_seed1.log
16,2,/home/omo26/Non-Rev-Owen/mcmaze/runs/20260725_175756_d16_h256_dep2_bs64_ep100_lr1e-03_lxp0.0_lbt0.0_lcca5.0_sig10.0_s2,21,21,best_val_zeta,0.3805704083707597,0.2829334438,0.1838093400001526,0.48346756895383197,-0.16907125214735666,9,0.014738,0.009365,0.014738,0.005180,0.009365,/home/omo26/Non-Rev-Owen/mcmaze/embedding_dim_seed_sweep/logs/d16_seed2.log
16,3,/home/omo26/Non-Rev-Owen/mcmaze/runs/20260725_175810_d16_h256_dep2_bs64_ep100_lr1e-03_lxp0.0_lbt0.0_lcca5.0_sig10.0_s3,60,60,best_val_zeta,0.3361439042621189,0.2537332475,0.21372600065337288,0.6357268492380778,-0.18214387694994608,9,0.031582,0.020903,0.031582,0.006177,0.020903,/home/omo26/Non-Rev-Owen/mcmaze/embedding_dim_seed_sweep/logs/d16_seed3.log
16,4,/home/omo26/Non-Rev-Owen/mcmaze/runs/20260725_175824_d16_h256_dep2_bs64_ep100_lr1e-03_lxp0.0_lbt0.0_lcca5.0_sig10.0_s4,19,19,best_val_zeta,0.3431699342197842,0.2545323074,0.17260173625416225,0.503074629439248,-0.1600783864657084,9,0.012523,0.007539,0.012523,0.004365,0.007539,/home/omo26/Non-Rev-Owen/mcmaze/embedding_dim_seed_sweep/logs/d16_seed4.log
32,0,/home/omo26/Non-Rev-Owen/mcmaze/runs/20260725_175838_d32_h256_dep2_bs64_ep100_lr1e-03_lxp0.0_lbt0.0_lcca5.0_sig10.0_s0,48,48,best_val_zeta,0.3506584299935235,0.2198343277,0.14717632200982836,0.42012113995022243,-0.10759207192394468,9,0.039584,0.031083,0.039584,0.010722,0.031083,/home/omo26/Non-Rev-Owen/mcmaze/embedding_dim_seed_sweep/logs/d32_seed0.log
32,1,/home/omo26/Non-Rev-Owen/mcmaze/runs/20260725_175854_d32_h256_dep2_bs64_ep100_lr1e-03_lxp0.0_lbt0.0_lcca5.0_sig10.0_s1,60,60,best_val_zeta,0.3421558505958981,0.2169181108,0.14067140056027305,0.4110906786388821,-0.10140714794397354,9,0.039264,0.029906,0.039264,0.008838,0.029906,/home/omo26/Non-Rev-Owen/mcmaze/embedding_dim_seed_sweep/logs/d32_seed1.log
32,2,/home/omo26/Non-Rev-Owen/mcmaze/runs/20260725_175910_d32_h256_dep2_bs64_ep100_lr1e-03_lxp0.0_lbt0.0_lcca5.0_sig10.0_s2,57,57,best_val_zeta,0.3190280000368754,0.1896200031,0.1357325149907006,0.425440337922838,-0.09943984697262447,9,0.036293,0.027808,0.036293,0.008523,0.027808,/home/omo26/Non-Rev-Owen/mcmaze/embedding_dim_seed_sweep/logs/d32_seed2.log
32,3,/home/omo26/Non-Rev-Owen/mcmaze/runs/20260725_175926_d32_h256_dep2_bs64_ep100_lr1e-03_lxp0.0_lbt0.0_lcca5.0_sig10.0_s3,47,47,best_val_zeta,0.32454069124327767,0.2072504163,0.1485676881339815,0.4574860996670193,-0.11424007266759872,9,0.034328,0.024617,0.034328,0.008612,0.024617,/home/omo26/Non-Rev-Owen/mcmaze/embedding_dim_seed_sweep/logs/d32_seed3.log
32,4,/home/omo26/Non-Rev-Owen/mcmaze/runs/20260725_175942_d32_h256_dep2_bs64_ep100_lr1e-03_lxp0.0_lbt0.0_lcca5.0_sig10.0_s4,37,37,best_val_zeta,0.3392350706789229,0.1936385334,0.12786566134956148,0.37691621316803825,-0.10536778635448879,9,0.022498,0.016466,0.022498,0.006708,0.016466,/home/omo26/Non-Rev-Owen/mcmaze/embedding_dim_seed_sweep/logs/d32_seed4.log
64,0,/home/omo26/Non-Rev-Owen/mcmaze/runs/20260725_180051_d64_h256_dep2_bs64_ep100_lr1e-03_lxp0.0_lbt0.0_lcca5.0_sig10.0_s0,41,41,best_val_zeta,0.2922419872548845,0.115729101,0.08419597066111034,0.28814074397087097,-0.05874010713564025,9,0.025456,0.019799,0.025456,0.007568,0.019799,/home/omo26/Non-Rev-Owen/mcmaze/embedding_dim_seed_sweep/logs/d64_seed0.log
64,1,/home/omo26/Non-Rev-Owen/mcmaze/runs/20260725_180254_d64_h256_dep2_bs64_ep100_lr1e-03_lxp0.0_lbt0.0_lcca5.0_sig10.0_s1,84,84,best_val_zeta,0.3028666145271725,0.1391239613,0.09185914281341764,0.3033062087164985,-0.024442521234353382,9,0.067417,0.058350,0.067417,0.013403,0.058350,/home/omo26/Non-Rev-Owen/mcmaze/embedding_dim_seed_sweep/logs/d64_seed1.log
64,2,/home/omo26/Non-Rev-Owen/mcmaze/runs/20260725_180552_d64_h256_dep2_bs64_ep100_lr1e-03_lxp0.0_lbt0.0_lcca5.0_sig10.0_s2,40,40,best_val_zeta,0.303159667385949,0.133477509,0.0955567608277003,0.3151829209592607,-0.06314325829346974,9,0.032413,0.026774,0.032413,0.010395,0.026774,/home/omo26/Non-Rev-Owen/mcmaze/embedding_dim_seed_sweep/logs/d64_seed2.log
64,3,/home/omo26/Non-Rev-Owen/mcmaze/runs/20260725_180851_d64_h256_dep2_bs64_ep100_lr1e-03_lxp0.0_lbt0.0_lcca5.0_sig10.0_s3,36,36,best_val_zeta,0.3130885925557878,0.1324189603,0.09050123062398699,0.2890542248884837,-0.06105846497747633,9,0.029443,0.024166,0.029443,0.010010,0.024166,/home/omo26/Non-Rev-Owen/mcmaze/embedding_dim_seed_sweep/logs/d64_seed3.log
64,4,/home/omo26/Non-Rev-Owen/mcmaze/runs/20260725_181151_d64_h256_dep2_bs64_ep100_lr1e-03_lxp0.0_lbt0.0_lcca5.0_sig10.0_s4,42,42,best_val_zeta,0.3020829955736796,0.1390297711,0.09228501551681095,0.3054524295859867,-0.06543560864196883,9,0.026849,0.021282,0.026849,0.008011,0.021282,/home/omo26/Non-Rev-Owen/mcmaze/embedding_dim_seed_sweep/logs/d64_seed4.log
128,0,/home/omo26/Non-Rev-Owen/mcmaze/runs/20260725_181353_d128_h256_dep2_bs64_ep100_lr1e-03_lxp0.0_lbt0.0_lcca5.0_sig10.0_s0,40,40,best_val_zeta,0.2977999150753021,0.09911447763,0.06930987205770281,0.23277100755108726,-0.04105439451005724,9,0.028255,0.023116,0.028255,0.008974,0.023116,/home/omo26/Non-Rev-Owen/mcmaze/embedding_dim_seed_sweep/logs/d128_seed0.log
128,1,/home/omo26/Non-Rev-Owen/mcmaze/runs/20260725_181653_d128_h256_dep2_bs64_ep100_lr1e-03_lxp0.0_lbt0.0_lcca5.0_sig10.0_s1,49,49,best_val_zeta,0.29504598180452984,0.1007696092,0.06834027667840321,0.23164225121339163,-0.03764963895082474,9,0.030691,0.025051,0.030691,0.008523,0.025051,/home/omo26/Non-Rev-Owen/mcmaze/embedding_dim_seed_sweep/logs/d128_seed1.log
128,2,/home/omo26/Non-Rev-Owen/mcmaze/runs/20260725_181951_d128_h256_dep2_bs64_ep100_lr1e-03_lxp0.0_lbt0.0_lcca5.0_sig10.0_s2,80,80,best_val_zeta,0.2871011793613434,0.1044122428,0.07009791251685885,0.2441536949740516,-0.024444818910625245,9,0.045653,0.037471,0.045653,0.008939,0.037471,/home/omo26/Non-Rev-Owen/mcmaze/embedding_dim_seed_sweep/logs/d128_seed2.log
128,3,/home/omo26/Non-Rev-Owen/mcmaze/runs/20260725_182251_d128_h256_dep2_bs64_ep100_lr1e-03_lxp0.0_lbt0.0_lcca5.0_sig10.0_s3,56,56,best_val_zeta,0.2896666427453359,0.1014990881,0.06715332551134957,0.23177203039328256,-0.03673187643289566,9,0.030421,0.024090,0.030421,0.007476,0.024090,/home/omo26/Non-Rev-Owen/mcmaze/embedding_dim_seed_sweep/logs/d128_seed3.log
128,4,/home/omo26/Non-Rev-Owen/mcmaze/runs/20260725_182551_d128_h256_dep2_bs64_ep100_lr1e-03_lxp0.0_lbt0.0_lcca5.0_sig10.0_s4,75,75,best_val_zeta,0.2923552460140652,0.1010444462,0.07210445652405421,0.24659199350410038,-0.026665375878413517,9,0.045439,0.037913,0.045439,0.009502,0.037913,/home/omo26/Non-Rev-Owen/mcmaze/embedding_dim_seed_sweep/logs/d128_seed4.log
256,0,/home/omo26/Non-Rev-Owen/mcmaze/runs/20260725_182851_d256_h256_dep2_bs64_ep100_lr1e-03_lxp0.0_lbt0.0_lcca5.0_sig10.0_s0,65,65,best_val_zeta,0.27471208572387695,0.07729999721,0.057355315734942756,0.20880862904919517,-0.024609686185916264,9,0.032746,0.026096,0.032746,0.007277,0.026096,/home/omo26/Non-Rev-Owen/mcmaze/embedding_dim_seed_sweep/logs/d256_seed0.log
256,1,/home/omo26/Non-Rev-Owen/mcmaze/runs/20260725_183151_d256_h256_dep2_bs64_ep100_lr1e-03_lxp0.0_lbt0.0_lcca5.0_sig10.0_s1,92,92,best_val_zeta,0.27136697040663826,0.07843129337,0.054295395811398826,0.20005120668146345,-0.011359968533118566,9,0.042935,0.034380,0.042935,0.007351,0.034380,/home/omo26/Non-Rev-Owen/mcmaze/embedding_dim_seed_sweep/logs/d256_seed1.log
256,2,/home/omo26/Non-Rev-Owen/mcmaze/runs/20260725_183452_d256_h256_dep2_bs64_ep100_lr1e-03_lxp0.0_lbt0.0_lcca5.0_sig10.0_s2,89,89,best_val_zeta,0.2746315697828929,0.07913629711,0.05292562229765786,0.19272738860713112,-0.012027492539750205,9,0.040898,0.032456,0.040898,0.007124,0.032456,/home/omo26/Non-Rev-Owen/mcmaze/embedding_dim_seed_sweep/logs/d256_seed2.log
256,3,/home/omo26/Non-Rev-Owen/mcmaze/runs/20260725_183751_d256_h256_dep2_bs64_ep100_lr1e-03_lxp0.0_lbt0.0_lcca5.0_sig10.0_s3,55,55,best_val_zeta,0.2721797558996413,0.07353255153,0.05531611955828137,0.2032132645448049,-0.024645127976934116,9,0.030671,0.024711,0.030671,0.007766,0.024711,/home/omo26/Non-Rev-Owen/mcmaze/embedding_dim_seed_sweep/logs/d256_seed3.log
256,4,/home/omo26/Non-Rev-Owen/mcmaze/runs/20260725_184051_d256_h256_dep2_bs64_ep100_lr1e-03_lxp0.0_lbt0.0_lcca5.0_sig10.0_s4,77,77,best_val_zeta,0.27349211772282916,0.07647942007,0.05823706752724118,0.2129235780901379,-0.01733296240369479,9,0.040904,0.033633,0.040904,0.008262,0.033633,/home/omo26/Non-Rev-Owen/mcmaze/embedding_dim_seed_sweep/logs/d256_seed4.log
512,0,/home/omo26/Non-Rev-Owen/mcmaze/runs/20260725_184351_d512_h256_dep2_bs64_ep100_lr1e-03_lxp0.0_lbt0.0_lcca5.0_sig10.0_s0,61,61,best_val_zeta,0.2857328752676646,0.0911065042,0.0655094910826948,0.22928202152252197,-0.0069920747644371456,9,0.058517,0.051971,0.058517,0.015177,0.051971,/home/omo26/Non-Rev-Owen/mcmaze/embedding_dim_seed_sweep/logs/d512_seed0.log
512,1,/home/omo26/Non-Rev-Owen/mcmaze/runs/20260725_184701_d512_h256_dep2_bs64_ep100_lr1e-03_lxp0.0_lbt0.0_lcca5.0_sig10.0_s1,65,65,best_val_zeta,0.2860605948501163,0.09498687834,0.06851447953118218,0.2395159982972675,-0.004820203615559472,9,0.063694,0.056739,0.063694,0.015823,0.056739,/home/omo26/Non-Rev-Owen/mcmaze/embedding_dim_seed_sweep/logs/d512_seed1.log
512,2,/home/omo26/Non-Rev-Owen/mcmaze/runs/20260725_185051_d512_h256_dep2_bs64_ep100_lr1e-03_lxp0.0_lbt0.0_lcca5.0_sig10.0_s2,60,60,best_val_zeta,0.2887952923774719,0.09550605714,0.06876968178484175,0.2381415996286604,-0.008041605767276552,9,0.060728,0.054266,0.060728,0.016037,0.054266,/home/omo26/Non-Rev-Owen/mcmaze/embedding_dim_seed_sweep/logs/d512_seed2.log
512,3,/home/omo26/Non-Rev-Owen/mcmaze/runs/20260725_185351_d512_h256_dep2_bs64_ep100_lr1e-03_lxp0.0_lbt0.0_lcca5.0_sig10.0_s3,63,63,best_val_zeta,0.2877531912591722,0.09440642595,0.0673220447368092,0.23390715652041966,-0.006420592466990153,9,0.060901,0.054143,0.060901,0.015447,0.054143,/home/omo26/Non-Rev-Owen/mcmaze/embedding_dim_seed_sweep/logs/d512_seed3.log
512,4,/home/omo26/Non-Rev-Owen/mcmaze/runs/20260725_185658_d512_h256_dep2_bs64_ep100_lr1e-03_lxp0.0_lbt0.0_lcca5.0_sig10.0_s4,63,63,best_val_zeta,0.2879679004351298,0.09228809178,0.06824776778618495,0.23698127269744873,-0.007249822633133994,9,0.060998,0.054442,0.060998,0.015532,0.054442,/home/omo26/Non-Rev-Owen/mcmaze/embedding_dim_seed_sweep/logs/d512_seed4.log
16,0,/home/omo26/Non-Rev-Owen/mcmaze/runs/20260727_171238_d16_h256_dep2_bs64_ep150_lr5e-04_lxp0.0_lbt0.0_lcca2.0_sig10.0_s0,46,46,best_val_zeta,0.47322001390986973,0.5060982704,0.7297404342227511,1.5427745978037517,-0.6864857276280721,9,0.043255,0.034574,0.043255,0.039145,0.034574,/home/omo26/Non-Rev-Owen/mcmaze/embedding_dim_seed_sweep/logs/d16_seed0.log
16,1,/home/omo26/Non-Rev-Owen/mcmaze/runs/20260727_171305_d16_h256_dep2_bs64_ep150_lr5e-04_lxp0.0_lbt0.0_lcca2.0_sig10.0_s1,26,26,best_val_zeta,0.4697343839539422,0.4758638442,0.6351578368080987,1.3528904914855957,-0.5838353766335381,9,0.051322,0.046400,0.051322,0.069414,0.046400,/home/omo26/Non-Rev-Owen/mcmaze/embedding_dim_seed_sweep/logs/d16_seed1.log
16,2,/home/omo26/Non-Rev-Owen/mcmaze/runs/20260727_171334_d16_h256_dep2_bs64_ep150_lr5e-04_lxp0.0_lbt0.0_lcca2.0_sig10.0_s2,86,86,best_val_zeta,0.4498002661599053,0.5070373416,0.7593314184082879,1.6882473097907171,-0.732982317606608,9,0.026349,0.016043,0.026349,0.012221,0.016043,/home/omo26/Non-Rev-Owen/mcmaze/embedding_dim_seed_sweep/logs/d16_seed2.log
16,3,/home/omo26/Non-Rev-Owen/mcmaze/runs/20260727_171401_d16_h256_dep2_bs64_ep150_lr5e-04_lxp0.0_lbt0.0_lcca2.0_sig10.0_s3,23,23,best_val_zeta,0.43675869703292847,0.4724570811,0.7296758890151978,1.6714924308988783,-0.6826336847411262,9,0.047042,0.042279,0.047042,0.066451,0.042279,/home/omo26/Non-Rev-Owen/mcmaze/embedding_dim_seed_sweep/logs/d16_seed3.log
16,4,/home/omo26/Non-Rev-Owen/mcmaze/runs/20260727_171429_d16_h256_dep2_bs64_ep150_lr5e-04_lxp0.0_lbt0.0_lcca2.0_sig10.0_s4,21,21,best_val_zeta,0.40451839235093856,0.4176637828,0.6759147644042969,1.671128749847412,-0.6189049349890815,9,0.057010,0.052587,0.057010,0.085540,0.052587,/home/omo26/Non-Rev-Owen/mcmaze/embedding_dim_seed_sweep/logs/d16_seed4.log
32,0,/home/omo26/Non-Rev-Owen/mcmaze/runs/20260727_171457_d32_h256_dep2_bs64_ep150_lr5e-04_lxp0.0_lbt0.0_lcca2.0_sig10.0_s0,74,74,best_val_zeta,0.4583309193452199,0.5032005906,0.7354155249065824,1.6056885057025485,-0.641122493478987,9,0.094293,0.084149,0.094293,0.071078,0.084149,/home/omo26/Non-Rev-Owen/mcmaze/embedding_dim_seed_sweep/logs/d32_seed0.log
32,1,/home/omo26/Non-Rev-Owen/mcmaze/runs/20260727_171528_d32_h256_dep2_bs64_ep150_lr5e-04_lxp0.0_lbt0.0_lcca2.0_sig10.0_s1,72,72,best_val_zeta,0.4793521894348992,0.5448800921,0.7269357707765367,1.5167322953542073,-0.6281171639760336,9,0.098819,0.089458,0.098819,0.076959,0.089458,/home/omo26/Non-Rev-Owen/mcmaze/embedding_dim_seed_sweep/logs/d32_seed1.log
32,2,/home/omo26/Non-Rev-Owen/mcmaze/runs/20260727_171559_d32_h256_dep2_bs64_ep150_lr5e-04_lxp0.0_lbt0.0_lcca2.0_sig10.0_s2,86,86,best_val_zeta,0.47237658500671387,0.4961862862,0.6938846243752373,1.4690796534220378,-0.625429113705953,9,0.068455,0.059855,0.068455,0.045595,0.059855,/home/omo26/Non-Rev-Owen/mcmaze/embedding_dim_seed_sweep/logs/d32_seed2.log
32,3,/home/omo26/Non-Rev-Owen/mcmaze/runs/20260727_171630_d32_h256_dep2_bs64_ep150_lr5e-04_lxp0.0_lbt0.0_lcca2.0_sig10.0_s3,84,84,best_val_zeta,0.5007330477237701,0.5530155897,0.7591208351982964,1.5164193047417536,-0.672592282295227,9,0.086528,0.075682,0.086528,0.058610,0.075682,/home/omo26/Non-Rev-Owen/mcmaze/embedding_dim_seed_sweep/logs/d32_seed3.log
32,4,/home/omo26/Non-Rev-Owen/mcmaze/runs/20260727_171842_d32_h256_dep2_bs64_ep150_lr5e-04_lxp0.0_lbt0.0_lcca2.0_sig10.0_s4,80,80,best_val_zeta,0.5424443682034811,0.5923088789,0.725264330705007,1.338259259859721,-0.6415687137179904,9,0.083696,0.074015,0.083696,0.059292,0.074015,/home/omo26/Non-Rev-Owen/mcmaze/embedding_dim_seed_sweep/logs/d32_seed4.log
64,0,/home/omo26/Non-Rev-Owen/mcmaze/runs/20260727_172243_d64_h256_dep2_bs64_ep150_lr5e-04_lxp0.0_lbt0.0_lcca2.0_sig10.0_s0,144,144,best_val_zeta,0.4309699171119266,0.4784960449,0.7425908115175035,1.7233311202791002,-0.5885635548167758,9,0.154027,0.139583,0.154027,0.072115,0.139583,/home/omo26/Non-Rev-Owen/mcmaze/embedding_dim_seed_sweep/logs/d64_seed0.log
64,1,/home/omo26/Non-Rev-Owen/mcmaze/runs/20260727_172502_d64_h256_dep2_bs64_ep150_lr5e-04_lxp0.0_lbt0.0_lcca2.0_sig10.0_s1,101,101,best_val_zeta,0.4670982360839844,0.503115654,0.7352543009652032,1.574419723616706,-0.5971153577168783,9,0.138139,0.127734,0.138139,0.086668,0.127734,/home/omo26/Non-Rev-Owen/mcmaze/embedding_dim_seed_sweep/logs/d64_seed1.log
64,2,/home/omo26/Non-Rev-Owen/mcmaze/runs/20260727_172539_d64_h256_dep2_bs64_ep150_lr5e-04_lxp0.0_lbt0.0_lcca2.0_sig10.0_s2,101,101,best_val_zeta,0.4810843898190392,0.5345245004,0.762715392642551,1.5854897499084473,-0.610443201329973,9,0.152272,0.142276,0.152272,0.096535,0.142276,/home/omo26/Non-Rev-Owen/mcmaze/embedding_dim_seed_sweep/logs/d64_seed2.log
64,3,/home/omo26/Non-Rev-Owen/mcmaze/runs/20260727_172617_d64_h256_dep2_bs64_ep150_lr5e-04_lxp0.0_lbt0.0_lcca2.0_sig10.0_s3,132,132,best_val_zeta,0.46822957860098946,0.4980436563,0.7275183531973097,1.5541634029812283,-0.5759905907842848,9,0.151528,0.138598,0.151528,0.076713,0.138598,/home/omo26/Non-Rev-Owen/mcmaze/embedding_dim_seed_sweep/logs/d64_seed3.log
64,4,/home/omo26/Non-Rev-Owen/mcmaze/runs/20260727_172741_d64_h256_dep2_bs64_ep150_lr5e-04_lxp0.0_lbt0.0_lcca2.0_sig10.0_s4,76,76,best_val_zeta,0.480388558573193,0.5419328809,0.7504713204171922,1.5626938343048096,-0.5928403072886996,9,0.157631,0.148053,0.157631,0.122827,0.148052,/home/omo26/Non-Rev-Owen/mcmaze/embedding_dim_seed_sweep/logs/d64_seed4.log
128,0,/home/omo26/Non-Rev-Owen/mcmaze/runs/20260727_173143_d128_h256_dep2_bs64_ep150_lr5e-04_lxp0.0_lbt0.0_lcca2.0_sig10.0_s0,72,72,best_val_zeta,0.43825392921765643,0.4799144268,0.736855599615309,1.6819350057178073,-0.5385193361176385,9,0.198336,0.190082,0.198336,0.163523,0.190082,/home/omo26/Non-Rev-Owen/mcmaze/embedding_dim_seed_sweep/logs/d128_seed0.log
128,1,/home/omo26/Non-Rev-Owen/mcmaze/runs/20260727_173641_d128_h256_dep2_bs64_ep150_lr5e-04_lxp0.0_lbt0.0_lcca2.0_sig10.0_s1,80,80,best_val_zeta,0.44779543413056266,0.4993565381,0.7496171328756545,1.6743562486436632,-0.549960732460022,9,0.199656,0.190814,0.199656,0.152856,0.190814,/home/omo26/Non-Rev-Owen/mcmaze/embedding_dim_seed_sweep/logs/d128_seed1.log
128,2,/home/omo26/Non-Rev-Owen/mcmaze/runs/20260727_174041_d128_h256_dep2_bs64_ep150_lr5e-04_lxp0.0_lbt0.0_lcca2.0_sig10.0_s2,59,59,best_val_zeta,0.46148550179269576,0.5173963904,0.7567206621170044,1.6399986214107938,-0.5831384261449178,9,0.173582,0.166921,0.173582,0.163197,0.166921,/home/omo26/Non-Rev-Owen/mcmaze/embedding_dim_seed_sweep/logs/d128_seed2.log
128,3,/home/omo26/Non-Rev-Owen/mcmaze/runs/20260727_174442_d128_h256_dep2_bs64_ep150_lr5e-04_lxp0.0_lbt0.0_lcca2.0_sig10.0_s3,73,73,best_val_zeta,0.49529074960284764,0.5422212481,0.7451401684019301,1.5045677423477173,-0.5485678050253127,9,0.196572,0.187353,0.196572,0.159700,0.187353,/home/omo26/Non-Rev-Owen/mcmaze/embedding_dim_seed_sweep/logs/d128_seed3.log
128,4,/home/omo26/Non-Rev-Owen/mcmaze/runs/20260727_174846_d128_h256_dep2_bs64_ep150_lr5e-04_lxp0.0_lbt0.0_lcca2.0_sig10.0_s4,79,79,best_val_zeta,0.4473392532931434,0.4933936,0.7541871468226115,1.6863345702489216,-0.5575000709957547,9,0.196687,0.187618,0.196687,0.151600,0.187618,/home/omo26/Non-Rev-Owen/mcmaze/embedding_dim_seed_sweep/logs/d128_seed4.log
256,0,/home/omo26/Non-Rev-Owen/mcmaze/runs/20260727_175341_d256_h256_dep2_bs64_ep150_lr5e-04_lxp0.0_lbt0.0_lcca2.0_sig10.0_s0,49,49,best_val_zeta,0.4491961697737376,0.4980569482,0.7466104957792494,1.6627620458602905,-0.5460568600230746,9,0.200553,0.193191,0.200553,0.211037,0.193191,/home/omo26/Non-Rev-Owen/mcmaze/embedding_dim_seed_sweep/logs/d256_seed0.log
256,1,/home/omo26/Non-Rev-Owen/mcmaze/runs/20260727_175747_d256_h256_dep2_bs64_ep150_lr5e-04_lxp0.0_lbt0.0_lcca2.0_sig10.0_s1,90,90,best_val_zeta,0.4424776898490058,0.4923017621,0.7429064909617106,1.6790897183948092,-0.5294257071283128,9,0.213481,0.204372,0.213481,0.150750,0.204372,/home/omo26/Non-Rev-Owen/mcmaze/embedding_dim_seed_sweep/logs/d256_seed1.log
256,2,/home/omo26/Non-Rev-Owen/mcmaze/runs/20260727_180038_d256_h256_dep2_bs64_ep150_lr5e-04_lxp0.0_lbt0.0_lcca2.0_sig10.0_s2,59,59,best_val_zeta,0.4833938380082448,0.5374815464,0.7533712453312345,1.5589602788289387,-0.5484288467301263,9,0.204942,0.197955,0.204942,0.193539,0.197955,/home/omo26/Non-Rev-Owen/mcmaze/embedding_dim_seed_sweep/logs/d256_seed2.log
256,3,/home/omo26/Non-Rev-Owen/mcmaze/runs/20260727_180441_d256_h256_dep2_bs64_ep150_lr5e-04_lxp0.0_lbt0.0_lcca2.0_sig10.0_s3,75,75,best_val_zeta,0.45136546426349217,0.4872321784,0.7371765573819479,1.6334579255845811,-0.5219998492134942,9,0.215177,0.206160,0.215177,0.172572,0.206160,/home/omo26/Non-Rev-Owen/mcmaze/embedding_dim_seed_sweep/logs/d256_seed3.log
256,4,/home/omo26/Non-Rev-Owen/mcmaze/runs/20260727_180941_d256_h256_dep2_bs64_ep150_lr5e-04_lxp0.0_lbt0.0_lcca2.0_sig10.0_s4,82,82,best_val_zeta,0.45089449485143024,0.4993464351,0.7473934822612338,1.6578541464275784,-0.5327027241388956,9,0.214691,0.206314,0.214691,0.162478,0.206314,/home/omo26/Non-Rev-Owen/mcmaze/embedding_dim_seed_sweep/logs/d256_seed4.log
512,0,/home/omo26/Non-Rev-Owen/mcmaze/runs/20260727_181345_d512_h256_dep2_bs64_ep150_lr5e-04_lxp0.0_lbt0.0_lcca2.0_sig10.0_s0,76,76,best_val_zeta,0.4381705125172933,0.481251806,0.7372905678219266,1.6831760538948908,-0.5120713346534305,9,0.225219,0.216573,0.225219,0.179673,0.216573,/home/omo26/Non-Rev-Owen/mcmaze/embedding_dim_seed_sweep/logs/d512_seed0.log
512,1,/home/omo26/Non-Rev-Owen/mcmaze/runs/20260727_181741_d512_h256_dep2_bs64_ep150_lr5e-04_lxp0.0_lbt0.0_lcca2.0_sig10.0_s1,53,53,best_val_zeta,0.43619313173823887,0.4695851803,0.7101820111274719,1.6282159090042114,-0.5058506396081712,9,0.204331,0.197709,0.204331,0.206293,0.197709,/home/omo26/Non-Rev-Owen/mcmaze/embedding_dim_seed_sweep/logs/d512_seed1.log
512,2,/home/omo26/Non-Rev-Owen/mcmaze/runs/20260727_182241_d512_h256_dep2_bs64_ep150_lr5e-04_lxp0.0_lbt0.0_lcca2.0_sig10.0_s2,61,61,best_val_zeta,0.4599570135275523,0.5042945147,0.7454391850365533,1.6211957136789958,-0.5229784780078464,9,0.222461,0.216315,0.222461,0.207140,0.216315,/home/omo26/Non-Rev-Owen/mcmaze/embedding_dim_seed_sweep/logs/d512_seed2.log
512,3,/home/omo26/Non-Rev-Owen/mcmaze/runs/20260727_182741_d512_h256_dep2_bs64_ep150_lr5e-04_lxp0.0_lbt0.0_lcca2.0_sig10.0_s3,77,77,best_val_zeta,0.438938664065467,0.4768838286,0.7395333184136285,1.6850978003607855,-0.49977292286025154,9,0.239760,0.231279,0.239760,0.190180,0.231279,/home/omo26/Non-Rev-Owen/mcmaze/embedding_dim_seed_sweep/logs/d512_seed3.log
512,4,/home/omo26/Non-Rev-Owen/mcmaze/runs/20260727_183250_d512_h256_dep2_bs64_ep150_lr5e-04_lxp0.0_lbt0.0_lcca2.0_sig10.0_s4,40,40,best_val_zeta,0.42630279064178467,0.4555860758,0.7040693561236063,1.6521597305933635,-0.5089789827664694,9,0.195090,0.189786,0.195090,0.231788,0.189786,/home/omo26/Non-Rev-Owen/mcmaze/embedding_dim_seed_sweep/logs/d512_seed4.log
16,0,/home/omo26/Non-Rev-Owen/mcmaze/runs/20260727_220510_d16_h256_dep2_bs64_ep150_lr5e-04_lxp0.0_lbt0.0_lcca2.0_sig10.0_s0,46,46,best_val_zeta,0.47322001390986973,0.5060982704,0.7297404342227511,1.5427745978037517,-0.6864857276280721,9,0.043255,0.034574,0.043255,0.039145,0.034574,/home/omo26/Non-Rev-Owen/mcmaze/embedding_dim_seed_sweep/logs/d16_seed0.log
16,1,/home/omo26/Non-Rev-Owen/mcmaze/runs/20260727_220537_d16_h256_dep2_bs64_ep150_lr5e-04_lxp0.0_lbt0.0_lcca2.0_sig10.0_s1,26,26,best_val_zeta,0.4697343839539422,0.4758638442,0.6351578368080987,1.3528904914855957,-0.5838353766335381,9,0.051322,0.046400,0.051322,0.069414,0.046400,/home/omo26/Non-Rev-Owen/mcmaze/embedding_dim_seed_sweep/logs/d16_seed1.log
16,2,/home/omo26/Non-Rev-Owen/mcmaze/runs/20260727_220605_d16_h256_dep2_bs64_ep150_lr5e-04_lxp0.0_lbt0.0_lcca2.0_sig10.0_s2,86,86,best_val_zeta,0.4498002661599053,0.5070373416,0.7593314184082879,1.6882473097907171,-0.732982317606608,9,0.026349,0.016043,0.026349,0.012221,0.016043,/home/omo26/Non-Rev-Owen/mcmaze/embedding_dim_seed_sweep/logs/d16_seed2.log
16,3,/home/omo26/Non-Rev-Owen/mcmaze/runs/20260727_220633_d16_h256_dep2_bs64_ep150_lr5e-04_lxp0.0_lbt0.0_lcca2.0_sig10.0_s3,23,23,best_val_zeta,0.43675869703292847,0.4724570811,0.7296758890151978,1.6714924308988783,-0.6826336847411262,9,0.047042,0.042279,0.047042,0.066451,0.042279,/home/omo26/Non-Rev-Owen/mcmaze/embedding_dim_seed_sweep/logs/d16_seed3.log
16,4,/home/omo26/Non-Rev-Owen/mcmaze/runs/20260727_220700_d16_h256_dep2_bs64_ep150_lr5e-04_lxp0.0_lbt0.0_lcca2.0_sig10.0_s4,21,21,best_val_zeta,0.40451839235093856,0.4176637828,0.6759147644042969,1.671128749847412,-0.6189049349890815,9,0.057010,0.052587,0.057010,0.085540,0.052587,/home/omo26/Non-Rev-Owen/mcmaze/embedding_dim_seed_sweep/logs/d16_seed4.log
32,0,/home/omo26/Non-Rev-Owen/mcmaze/runs/20260727_220728_d32_h256_dep2_bs64_ep150_lr5e-04_lxp0.0_lbt0.0_lcca2.0_sig10.0_s0,74,74,best_val_zeta,0.4583309193452199,0.5032005906,0.7354155249065824,1.6056885057025485,-0.641122493478987,9,0.094293,0.084149,0.094293,0.071078,0.084149,/home/omo26/Non-Rev-Owen/mcmaze/embedding_dim_seed_sweep/logs/d32_seed0.log
32,1,/home/omo26/Non-Rev-Owen/mcmaze/runs/20260727_220801_d32_h256_dep2_bs64_ep150_lr5e-04_lxp0.0_lbt0.0_lcca2.0_sig10.0_s1,72,72,best_val_zeta,0.4793521894348992,0.5448800921,0.7269357707765367,1.5167322953542073,-0.6281171639760336,9,0.098819,0.089458,0.098819,0.076959,0.089458,/home/omo26/Non-Rev-Owen/mcmaze/embedding_dim_seed_sweep/logs/d32_seed1.log
32,2,/home/omo26/Non-Rev-Owen/mcmaze/runs/20260727_220832_d32_h256_dep2_bs64_ep150_lr5e-04_lxp0.0_lbt0.0_lcca2.0_sig10.0_s2,86,86,best_val_zeta,0.47237658500671387,0.4961862862,0.6938846243752373,1.4690796534220378,-0.625429113705953,9,0.068455,0.059855,0.068455,0.045595,0.059855,/home/omo26/Non-Rev-Owen/mcmaze/embedding_dim_seed_sweep/logs/d32_seed2.log
32,3,/home/omo26/Non-Rev-Owen/mcmaze/runs/20260727_220903_d32_h256_dep2_bs64_ep150_lr5e-04_lxp0.0_lbt0.0_lcca2.0_sig10.0_s3,84,84,best_val_zeta,0.5007330477237701,0.5530155897,0.7591208351982964,1.5164193047417536,-0.672592282295227,9,0.086528,0.075682,0.086528,0.058610,0.075682,/home/omo26/Non-Rev-Owen/mcmaze/embedding_dim_seed_sweep/logs/d32_seed3.log
32,4,/home/omo26/Non-Rev-Owen/mcmaze/runs/20260727_220935_d32_h256_dep2_bs64_ep150_lr5e-04_lxp0.0_lbt0.0_lcca2.0_sig10.0_s4,80,80,best_val_zeta,0.5424443682034811,0.5923088789,0.725264330705007,1.338259259859721,-0.6415687137179904,9,0.083696,0.074015,0.083696,0.059292,0.074015,/home/omo26/Non-Rev-Owen/mcmaze/embedding_dim_seed_sweep/logs/d32_seed4.log
64,0,/home/omo26/Non-Rev-Owen/mcmaze/runs/20260727_221006_d64_h256_dep2_bs64_ep150_lr5e-04_lxp0.0_lbt0.0_lcca2.0_sig10.0_s0,144,144,best_val_zeta,0.4309699171119266,0.4784960449,0.7425908115175035,1.7233311202791002,-0.5885635548167758,9,0.154027,0.139583,0.154027,0.072115,0.139583,/home/omo26/Non-Rev-Owen/mcmaze/embedding_dim_seed_sweep/logs/d64_seed0.log
64,1,/home/omo26/Non-Rev-Owen/mcmaze/runs/20260727_221043_d64_h256_dep2_bs64_ep150_lr5e-04_lxp0.0_lbt0.0_lcca2.0_sig10.0_s1,101,101,best_val_zeta,0.4670982360839844,0.503115654,0.7352543009652032,1.574419723616706,-0.5971153577168783,9,0.138139,0.127734,0.138139,0.086668,0.127734,/home/omo26/Non-Rev-Owen/mcmaze/embedding_dim_seed_sweep/logs/d64_seed1.log
64,2,/home/omo26/Non-Rev-Owen/mcmaze/runs/20260727_221121_d64_h256_dep2_bs64_ep150_lr5e-04_lxp0.0_lbt0.0_lcca2.0_sig10.0_s2,101,101,best_val_zeta,0.4810843898190392,0.5345245004,0.762715392642551,1.5854897499084473,-0.610443201329973,9,0.152272,0.142276,0.152272,0.096535,0.142276,/home/omo26/Non-Rev-Owen/mcmaze/embedding_dim_seed_sweep/logs/d64_seed2.log
64,3,/home/omo26/Non-Rev-Owen/mcmaze/runs/20260727_221159_d64_h256_dep2_bs64_ep150_lr5e-04_lxp0.0_lbt0.0_lcca2.0_sig10.0_s3,132,132,best_val_zeta,0.46822957860098946,0.4980436563,0.7275183531973097,1.5541634029812283,-0.5759905907842848,9,0.151528,0.138598,0.151528,0.076713,0.138598,/home/omo26/Non-Rev-Owen/mcmaze/embedding_dim_seed_sweep/logs/d64_seed3.log
64,4,/home/omo26/Non-Rev-Owen/mcmaze/runs/20260727_221236_d64_h256_dep2_bs64_ep150_lr5e-04_lxp0.0_lbt0.0_lcca2.0_sig10.0_s4,76,76,best_val_zeta,0.480388558573193,0.5419328809,0.7504713204171922,1.5626938343048096,-0.5928403072886996,9,0.157631,0.148053,0.157631,0.122827,0.148052,/home/omo26/Non-Rev-Owen/mcmaze/embedding_dim_seed_sweep/logs/d64_seed4.log
128,0,/home/omo26/Non-Rev-Owen/mcmaze/runs/20260727_221314_d128_h256_dep2_bs64_ep150_lr5e-04_lxp0.0_lbt0.0_lcca2.0_sig10.0_s0,72,72,best_val_zeta,0.43825392921765643,0.4799144268,0.736855599615309,1.6819350057178073,-0.5385193361176385,9,0.198336,0.190082,0.198336,0.163523,0.190082,/home/omo26/Non-Rev-Owen/mcmaze/embedding_dim_seed_sweep/logs/d128_seed0.log
128,1,/home/omo26/Non-Rev-Owen/mcmaze/runs/20260727_221405_d128_h256_dep2_bs64_ep150_lr5e-04_lxp0.0_lbt0.0_lcca2.0_sig10.0_s1,80,80,best_val_zeta,0.44779543413056266,0.4993565381,0.7496171328756545,1.6743562486436632,-0.549960732460022,9,0.199656,0.190814,0.199656,0.152856,0.190814,/home/omo26/Non-Rev-Owen/mcmaze/embedding_dim_seed_sweep/logs/d128_seed1.log
128,2,/home/omo26/Non-Rev-Owen/mcmaze/runs/20260727_221457_d128_h256_dep2_bs64_ep150_lr5e-04_lxp0.0_lbt0.0_lcca2.0_sig10.0_s2,59,59,best_val_zeta,0.46148550179269576,0.5173963904,0.7567206621170044,1.6399986214107938,-0.5831384261449178,9,0.173582,0.166921,0.173582,0.163197,0.166921,/home/omo26/Non-Rev-Owen/mcmaze/embedding_dim_seed_sweep/logs/d128_seed2.log
128,3,/home/omo26/Non-Rev-Owen/mcmaze/runs/20260727_221548_d128_h256_dep2_bs64_ep150_lr5e-04_lxp0.0_lbt0.0_lcca2.0_sig10.0_s3,73,73,best_val_zeta,0.49529074960284764,0.5422212481,0.7451401684019301,1.5045677423477173,-0.5485678050253127,9,0.196572,0.187353,0.196572,0.159700,0.187353,/home/omo26/Non-Rev-Owen/mcmaze/embedding_dim_seed_sweep/logs/d128_seed3.log
128,4,/home/omo26/Non-Rev-Owen/mcmaze/runs/20260727_221640_d128_h256_dep2_bs64_ep150_lr5e-04_lxp0.0_lbt0.0_lcca2.0_sig10.0_s4,79,79,best_val_zeta,0.4473392532931434,0.4933936,0.7541871468226115,1.6863345702489216,-0.5575000709957547,9,0.196687,0.187618,0.196687,0.151600,0.187618,/home/omo26/Non-Rev-Owen/mcmaze/embedding_dim_seed_sweep/logs/d128_seed4.log
256,0,/home/omo26/Non-Rev-Owen/mcmaze/runs/20260727_221731_d256_h256_dep2_bs64_ep150_lr5e-04_lxp0.0_lbt0.0_lcca2.0_sig10.0_s0,49,49,best_val_zeta,0.4491961697737376,0.4980569482,0.7466104957792494,1.6627620458602905,-0.5460568600230746,9,0.200553,0.193191,0.200553,0.211037,0.193191,/home/omo26/Non-Rev-Owen/mcmaze/embedding_dim_seed_sweep/logs/d256_seed0.log
256,1,/home/omo26/Non-Rev-Owen/mcmaze/runs/20260727_221856_d256_h256_dep2_bs64_ep150_lr5e-04_lxp0.0_lbt0.0_lcca2.0_sig10.0_s1,90,90,best_val_zeta,0.4424776898490058,0.4923017621,0.7429064909617106,1.6790897183948092,-0.5294257071283128,9,0.213481,0.204372,0.213481,0.150750,0.204372,/home/omo26/Non-Rev-Owen/mcmaze/embedding_dim_seed_sweep/logs/d256_seed1.log
256,2,/home/omo26/Non-Rev-Owen/mcmaze/runs/20260727_222020_d256_h256_dep2_bs64_ep150_lr5e-04_lxp0.0_lbt0.0_lcca2.0_sig10.0_s2,59,59,best_val_zeta,0.4833938380082448,0.5374815464,0.7533712453312345,1.5589602788289387,-0.5484288467301263,9,0.204942,0.197955,0.204942,0.193539,0.197955,/home/omo26/Non-Rev-Owen/mcmaze/embedding_dim_seed_sweep/logs/d256_seed2.log
256,3,/home/omo26/Non-Rev-Owen/mcmaze/runs/20260727_222145_d256_h256_dep2_bs64_ep150_lr5e-04_lxp0.0_lbt0.0_lcca2.0_sig10.0_s3,75,75,best_val_zeta,0.45136546426349217,0.4872321784,0.7371765573819479,1.6334579255845811,-0.5219998492134942,9,0.215177,0.206160,0.215177,0.172572,0.206160,/home/omo26/Non-Rev-Owen/mcmaze/embedding_dim_seed_sweep/logs/d256_seed3.log
256,4,/home/omo26/Non-Rev-Owen/mcmaze/runs/20260727_222310_d256_h256_dep2_bs64_ep150_lr5e-04_lxp0.0_lbt0.0_lcca2.0_sig10.0_s4,82,82,best_val_zeta,0.45089449485143024,0.4993464351,0.7473934822612338,1.6578541464275784,-0.5327027241388956,9,0.214691,0.206314,0.214691,0.162478,0.206314,/home/omo26/Non-Rev-Owen/mcmaze/embedding_dim_seed_sweep/logs/d256_seed4.log
512,0,/home/omo26/Non-Rev-Owen/mcmaze/runs/20260727_222434_d512_h256_dep2_bs64_ep150_lr5e-04_lxp0.0_lbt0.0_lcca2.0_sig10.0_s0,76,76,best_val_zeta,0.4381705125172933,0.481251806,0.7372905678219266,1.6831760538948908,-0.5120713346534305,9,0.225219,0.216573,0.225219,0.179673,0.216573,/home/omo26/Non-Rev-Owen/mcmaze/embedding_dim_seed_sweep/logs/d512_seed0.log
512,1,/home/omo26/Non-Rev-Owen/mcmaze/runs/20260727_222703_d512_h256_dep2_bs64_ep150_lr5e-04_lxp0.0_lbt0.0_lcca2.0_sig10.0_s1,53,53,best_val_zeta,0.43619313173823887,0.4695851803,0.7101820111274719,1.6282159090042114,-0.5058506396081712,9,0.204331,0.197709,0.204331,0.206293,0.197709,/home/omo26/Non-Rev-Owen/mcmaze/embedding_dim_seed_sweep/logs/d512_seed1.log
512,2,/home/omo26/Non-Rev-Owen/mcmaze/runs/20260727_223150_d512_h256_dep2_bs64_ep150_lr5e-04_lxp0.0_lbt0.0_lcca2.0_sig10.0_s2,61,61,best_val_zeta,0.4599570135275523,0.5042945147,0.7454391850365533,1.6211957136789958,-0.5229784780078464,9,0.222461,0.216315,0.222461,0.207140,0.216315,/home/omo26/Non-Rev-Owen/mcmaze/embedding_dim_seed_sweep/logs/d512_seed2.log
512,3,/home/omo26/Non-Rev-Owen/mcmaze/runs/20260727_223741_d512_h256_dep2_bs64_ep150_lr5e-04_lxp0.0_lbt0.0_lcca2.0_sig10.0_s3,77,77,best_val_zeta,0.438938664065467,0.4768838286,0.7395333184136285,1.6850978003607855,-0.49977292286025154,9,0.239760,0.231279,0.239760,0.190180,0.231279,/home/omo26/Non-Rev-Owen/mcmaze/embedding_dim_seed_sweep/logs/d512_seed3.log
512,4,/home/omo26/Non-Rev-Owen/mcmaze/runs/20260727_224241_d512_h256_dep2_bs64_ep150_lr5e-04_lxp0.0_lbt0.0_lcca2.0_sig10.0_s4,40,40,best_val_zeta,0.42630279064178467,0.4555860758,0.7040693561236063,1.6521597305933635,-0.5089789827664694,9,0.195090,0.189786,0.195090,0.231788,0.189786,/home/omo26/Non-Rev-Owen/mcmaze/embedding_dim_seed_sweep/logs/d512_seed4.log
16,0,/home/omo26/Non-Rev-Owen/mcmaze/runs/20260728_070426_d16_h256_dep2_bs64_ep150_lr5e-04_lxp0.0_lbt0.0_lcca2.0_sig10.0_s0,46,46,best_val_zeta,0.47322001390986973,0.5060982704,0.7297404342227511,1.5427745978037517,-0.6864857276280721,9,0.043255,0.034574,0.043255,0.039145,0.034574,/home/omo26/Non-Rev-Owen/mcmaze/embedding_dim_seed_sweep/logs/d16_seed0.log
16,1,/home/omo26/Non-Rev-Owen/mcmaze/runs/20260728_070455_d16_h256_dep2_bs64_ep150_lr5e-04_lxp0.0_lbt0.0_lcca2.0_sig10.0_s1,26,26,best_val_zeta,0.4697343839539422,0.4758638442,0.6351578368080987,1.3528904914855957,-0.5838353766335381,9,0.051322,0.046400,0.051322,0.069414,0.046400,/home/omo26/Non-Rev-Owen/mcmaze/embedding_dim_seed_sweep/logs/d16_seed1.log
16,2,/home/omo26/Non-Rev-Owen/mcmaze/runs/20260728_070523_d16_h256_dep2_bs64_ep150_lr5e-04_lxp0.0_lbt0.0_lcca2.0_sig10.0_s2,86,86,best_val_zeta,0.4498002661599053,0.5070373416,0.7593314184082879,1.6882473097907171,-0.732982317606608,9,0.026349,0.016043,0.026349,0.012221,0.016043,/home/omo26/Non-Rev-Owen/mcmaze/embedding_dim_seed_sweep/logs/d16_seed2.log
16,3,/home/omo26/Non-Rev-Owen/mcmaze/runs/20260728_070551_d16_h256_dep2_bs64_ep150_lr5e-04_lxp0.0_lbt0.0_lcca2.0_sig10.0_s3,23,23,best_val_zeta,0.43675869703292847,0.4724570811,0.7296758890151978,1.6714924308988783,-0.6826336847411262,9,0.047042,0.042279,0.047042,0.066451,0.042279,/home/omo26/Non-Rev-Owen/mcmaze/embedding_dim_seed_sweep/logs/d16_seed3.log
16,4,/home/omo26/Non-Rev-Owen/mcmaze/runs/20260728_070619_d16_h256_dep2_bs64_ep150_lr5e-04_lxp0.0_lbt0.0_lcca2.0_sig10.0_s4,21,21,best_val_zeta,0.40451839235093856,0.4176637828,0.6759147644042969,1.671128749847412,-0.6189049349890815,9,0.057010,0.052587,0.057010,0.085540,0.052587,/home/omo26/Non-Rev-Owen/mcmaze/embedding_dim_seed_sweep/logs/d16_seed4.log
32,0,/home/omo26/Non-Rev-Owen/mcmaze/runs/20260728_070646_d32_h256_dep2_bs64_ep150_lr5e-04_lxp0.0_lbt0.0_lcca2.0_sig10.0_s0,74,74,best_val_zeta,0.4583309193452199,0.5032005906,0.7354155249065824,1.6056885057025485,-0.641122493478987,9,0.094293,0.084149,0.094293,0.071078,0.084149,/home/omo26/Non-Rev-Owen/mcmaze/embedding_dim_seed_sweep/logs/d32_seed0.log
32,1,/home/omo26/Non-Rev-Owen/mcmaze/runs/20260728_071042_d32_h256_dep2_bs64_ep150_lr5e-04_lxp0.0_lbt0.0_lcca2.0_sig10.0_s1,72,72,best_val_zeta,0.4793521894348992,0.5448800921,0.7269357707765367,1.5167322953542073,-0.6281171639760336,9,0.098819,0.089458,0.098819,0.076959,0.089458,/home/omo26/Non-Rev-Owen/mcmaze/embedding_dim_seed_sweep/logs/d32_seed1.log
32,2,/home/omo26/Non-Rev-Owen/mcmaze/runs/20260728_071443_d32_h256_dep2_bs64_ep150_lr5e-04_lxp0.0_lbt0.0_lcca2.0_sig10.0_s2,86,86,best_val_zeta,0.47237658500671387,0.4961862862,0.6938846243752373,1.4690796534220378,-0.625429113705953,9,0.068455,0.059855,0.068455,0.045595,0.059855,/home/omo26/Non-Rev-Owen/mcmaze/embedding_dim_seed_sweep/logs/d32_seed2.log
32,3,/home/omo26/Non-Rev-Owen/mcmaze/runs/20260728_071844_d32_h256_dep2_bs64_ep150_lr5e-04_lxp0.0_lbt0.0_lcca2.0_sig10.0_s3,84,84,best_val_zeta,0.5007330477237701,0.5530155897,0.7591208351982964,1.5164193047417536,-0.672592282295227,9,0.086528,0.075682,0.086528,0.058610,0.075682,/home/omo26/Non-Rev-Owen/mcmaze/embedding_dim_seed_sweep/logs/d32_seed3.log
32,4,/home/omo26/Non-Rev-Owen/mcmaze/runs/20260728_072639_d32_h256_dep2_bs64_ep150_lr5e-04_lxp0.0_lbt0.0_lcca2.0_sig10.0_s4,80,80,best_val_zeta,0.5424443682034811,0.5923088789,0.725264330705007,1.338259259859721,-0.6415687137179904,9,0.083696,0.074015,0.083696,0.059292,0.074015,/home/omo26/Non-Rev-Owen/mcmaze/embedding_dim_seed_sweep/logs/d32_seed4.log
64,0,/home/omo26/Non-Rev-Owen/mcmaze/runs/20260728_072944_d64_h256_dep2_bs64_ep150_lr5e-04_lxp0.0_lbt0.0_lcca2.0_sig10.0_s0,144,144,best_val_zeta,0.4309699171119266,0.4784960449,0.7425908115175035,1.7233311202791002,-0.5885635548167758,9,0.154027,0.139583,0.154027,0.072115,0.139583,/home/omo26/Non-Rev-Owen/mcmaze/embedding_dim_seed_sweep/logs/d64_seed0.log
64,1,/home/omo26/Non-Rev-Owen/mcmaze/runs/20260728_073441_d64_h256_dep2_bs64_ep150_lr5e-04_lxp0.0_lbt0.0_lcca2.0_sig10.0_s1,101,101,best_val_zeta,0.4670982360839844,0.503115654,0.7352543009652032,1.574419723616706,-0.5971153577168783,9,0.138139,0.127734,0.138139,0.086668,0.127734,/home/omo26/Non-Rev-Owen/mcmaze/embedding_dim_seed_sweep/logs/d64_seed1.log
64,2,/home/omo26/Non-Rev-Owen/mcmaze/runs/20260728_073841_d64_h256_dep2_bs64_ep150_lr5e-04_lxp0.0_lbt0.0_lcca2.0_sig10.0_s2,101,101,best_val_zeta,0.4810843898190392,0.5345245004,0.762715392642551,1.5854897499084473,-0.610443201329973,9,0.152272,0.142276,0.152272,0.096535,0.142276,/home/omo26/Non-Rev-Owen/mcmaze/embedding_dim_seed_sweep/logs/d64_seed2.log
64,3,/home/omo26/Non-Rev-Owen/mcmaze/runs/20260728_074243_d64_h256_dep2_bs64_ep150_lr5e-04_lxp0.0_lbt0.0_lcca2.0_sig10.0_s3,132,132,best_val_zeta,0.46822957860098946,0.4980436563,0.7275183531973097,1.5541634029812283,-0.5759905907842848,9,0.151528,0.138598,0.151528,0.076713,0.138598,/home/omo26/Non-Rev-Owen/mcmaze/embedding_dim_seed_sweep/logs/d64_seed3.log
64,4,/home/omo26/Non-Rev-Owen/mcmaze/runs/20260728_074526_d64_h256_dep2_bs64_ep150_lr5e-04_lxp0.0_lbt0.0_lcca2.0_sig10.0_s4,76,76,best_val_zeta,0.480388558573193,0.5419328809,0.7504713204171922,1.5626938343048096,-0.5928403072886996,9,0.157631,0.148053,0.157631,0.122827,0.148052,/home/omo26/Non-Rev-Owen/mcmaze/embedding_dim_seed_sweep/logs/d64_seed4.log
128,0,/home/omo26/Non-Rev-Owen/mcmaze/runs/20260728_074603_d128_h256_dep2_bs64_ep150_lr5e-04_lxp0.0_lbt0.0_lcca2.0_sig10.0_s0,72,72,best_val_zeta,0.43825392921765643,0.4799144268,0.736855599615309,1.6819350057178073,-0.5385193361176385,9,0.198336,0.190082,0.198336,0.163523,0.190082,/home/omo26/Non-Rev-Owen/mcmaze/embedding_dim_seed_sweep/logs/d128_seed0.log
128,1,/home/omo26/Non-Rev-Owen/mcmaze/runs/20260728_074655_d128_h256_dep2_bs64_ep150_lr5e-04_lxp0.0_lbt0.0_lcca2.0_sig10.0_s1,80,80,best_val_zeta,0.44779543413056266,0.4993565381,0.7496171328756545,1.6743562486436632,-0.549960732460022,9,0.199656,0.190814,0.199656,0.152856,0.190814,/home/omo26/Non-Rev-Owen/mcmaze/embedding_dim_seed_sweep/logs/d128_seed1.log
128,2,/home/omo26/Non-Rev-Owen/mcmaze/runs/20260728_074747_d128_h256_dep2_bs64_ep150_lr5e-04_lxp0.0_lbt0.0_lcca2.0_sig10.0_s2,59,59,best_val_zeta,0.46148550179269576,0.5173963904,0.7567206621170044,1.6399986214107938,-0.5831384261449178,9,0.173582,0.166921,0.173582,0.163197,0.166921,/home/omo26/Non-Rev-Owen/mcmaze/embedding_dim_seed_sweep/logs/d128_seed2.log
128,3,/home/omo26/Non-Rev-Owen/mcmaze/runs/20260728_074838_d128_h256_dep2_bs64_ep150_lr5e-04_lxp0.0_lbt0.0_lcca2.0_sig10.0_s3,73,73,best_val_zeta,0.49529074960284764,0.5422212481,0.7451401684019301,1.5045677423477173,-0.5485678050253127,9,0.196572,0.187353,0.196572,0.159700,0.187353,/home/omo26/Non-Rev-Owen/mcmaze/embedding_dim_seed_sweep/logs/d128_seed3.log
128,4,/home/omo26/Non-Rev-Owen/mcmaze/runs/20260728_075009_d128_h256_dep2_bs64_ep150_lr5e-04_lxp0.0_lbt0.0_lcca2.0_sig10.0_s4,79,79,best_val_zeta,0.4473392532931434,0.4933936,0.7541871468226115,1.6863345702489216,-0.5575000709957547,9,0.196687,0.187618,0.196687,0.151600,0.187618,/home/omo26/Non-Rev-Owen/mcmaze/embedding_dim_seed_sweep/logs/d128_seed4.log
256,0,/home/omo26/Non-Rev-Owen/mcmaze/runs/20260728_075101_d256_h256_dep2_bs64_ep150_lr5e-04_lxp0.0_lbt0.0_lcca2.0_sig10.0_s0,49,49,best_val_zeta,0.4491961697737376,0.4980569482,0.7466104957792494,1.6627620458602905,-0.5460568600230746,9,0.200553,0.193191,0.200553,0.211037,0.193191,/home/omo26/Non-Rev-Owen/mcmaze/embedding_dim_seed_sweep/logs/d256_seed0.log
256,1,/home/omo26/Non-Rev-Owen/mcmaze/runs/20260728_075225_d256_h256_dep2_bs64_ep150_lr5e-04_lxp0.0_lbt0.0_lcca2.0_sig10.0_s1,90,90,best_val_zeta,0.4424776898490058,0.4923017621,0.7429064909617106,1.6790897183948092,-0.5294257071283128,9,0.213481,0.204372,0.213481,0.150750,0.204372,/home/omo26/Non-Rev-Owen/mcmaze/embedding_dim_seed_sweep/logs/d256_seed1.log
256,2,/home/omo26/Non-Rev-Owen/mcmaze/runs/20260728_075350_d256_h256_dep2_bs64_ep150_lr5e-04_lxp0.0_lbt0.0_lcca2.0_sig10.0_s2,59,59,best_val_zeta,0.4833938380082448,0.5374815464,0.7533712453312345,1.5589602788289387,-0.5484288467301263,9,0.204942,0.197955,0.204942,0.193539,0.197955,/home/omo26/Non-Rev-Owen/mcmaze/embedding_dim_seed_sweep/logs/d256_seed2.log
256,3,/home/omo26/Non-Rev-Owen/mcmaze/runs/20260728_075514_d256_h256_dep2_bs64_ep150_lr5e-04_lxp0.0_lbt0.0_lcca2.0_sig10.0_s3,75,75,best_val_zeta,0.45136546426349217,0.4872321784,0.7371765573819479,1.6334579255845811,-0.5219998492134942,9,0.215177,0.206160,0.215177,0.172572,0.206160,/home/omo26/Non-Rev-Owen/mcmaze/embedding_dim_seed_sweep/logs/d256_seed3.log
256,4,/home/omo26/Non-Rev-Owen/mcmaze/runs/20260728_075638_d256_h256_dep2_bs64_ep150_lr5e-04_lxp0.0_lbt0.0_lcca2.0_sig10.0_s4,82,82,best_val_zeta,0.45089449485143024,0.4993464351,0.7473934822612338,1.6578541464275784,-0.5327027241388956,9,0.214691,0.206314,0.214691,0.162478,0.206314,/home/omo26/Non-Rev-Owen/mcmaze/embedding_dim_seed_sweep/logs/d256_seed4.log
512,0,/home/omo26/Non-Rev-Owen/mcmaze/runs/20260728_075803_d512_h256_dep2_bs64_ep150_lr5e-04_lxp0.0_lbt0.0_lcca2.0_sig10.0_s0,76,76,best_val_zeta,0.4381705125172933,0.481251806,0.7372905678219266,1.6831760538948908,-0.5120713346534305,9,0.225219,0.216573,0.225219,0.179673,0.216573,/home/omo26/Non-Rev-Owen/mcmaze/embedding_dim_seed_sweep/logs/d512_seed0.log
512,1,/home/omo26/Non-Rev-Owen/mcmaze/runs/20260728_080032_d512_h256_dep2_bs64_ep150_lr5e-04_lxp0.0_lbt0.0_lcca2.0_sig10.0_s1,53,53,best_val_zeta,0.43619313173823887,0.4695851803,0.7101820111274719,1.6282159090042114,-0.5058506396081712,9,0.204331,0.197709,0.204331,0.206293,0.197709,/home/omo26/Non-Rev-Owen/mcmaze/embedding_dim_seed_sweep/logs/d512_seed1.log
512,2,/home/omo26/Non-Rev-Owen/mcmaze/runs/20260728_080300_d512_h256_dep2_bs64_ep150_lr5e-04_lxp0.0_lbt0.0_lcca2.0_sig10.0_s2,61,61,best_val_zeta,0.4599570135275523,0.5042945147,0.7454391850365533,1.6211957136789958,-0.5229784780078464,9,0.222461,0.216315,0.222461,0.207140,0.216315,/home/omo26/Non-Rev-Owen/mcmaze/embedding_dim_seed_sweep/logs/d512_seed2.log
512,3,/home/omo26/Non-Rev-Owen/mcmaze/runs/20260728_080532_d512_h256_dep2_bs64_ep150_lr5e-04_lxp0.0_lbt0.0_lcca2.0_sig10.0_s3,77,77,best_val_zeta,0.438938664065467,0.4768838286,0.7395333184136285,1.6850978003607855,-0.49977292286025154,9,0.239760,0.231279,0.239760,0.190180,0.231279,/home/omo26/Non-Rev-Owen/mcmaze/embedding_dim_seed_sweep/logs/d512_seed3.log
512,4,/home/omo26/Non-Rev-Owen/mcmaze/runs/20260728_080801_d512_h256_dep2_bs64_ep150_lr5e-04_lxp0.0_lbt0.0_lcca2.0_sig10.0_s4,40,40,best_val_zeta,0.42630279064178467,0.4555860758,0.7040693561236063,1.6521597305933635,-0.5089789827664694,9,0.195090,0.189786,0.195090,0.231788,0.189786,/home/omo26/Non-Rev-Owen/mcmaze/embedding_dim_seed_sweep/logs/d512_seed4.log
16,0,/home/omo26/Non-Rev-Owen/mcmaze/runs/20260728_081551_d16_h256_dep2_bs64_ep150_lr5e-04_lxp0.0_lbt0.0_lcca2.0_sig10.0_s0,46,46,best_val_zeta,0.47322001390986973,0.5060982704,0.7297404342227511,1.5427745978037517,-0.6864857276280721,9,0.043255,0.034574,0.043255,0.039146,0.034574,/home/omo26/Non-Rev-Owen/mcmaze/embedding_dim_seed_sweep/logs/d16_seed0.log
16,1,/home/omo26/Non-Rev-Owen/mcmaze/runs/20260728_081619_d16_h256_dep2_bs64_ep150_lr5e-04_lxp0.0_lbt0.0_lcca2.0_sig10.0_s1,26,26,best_val_zeta,0.4697343839539422,0.4758638442,0.6351578368080987,1.3528904914855957,-0.5838353766335381,9,0.051322,0.046400,0.051322,0.069414,0.046400,/home/omo26/Non-Rev-Owen/mcmaze/embedding_dim_seed_sweep/logs/d16_seed1.log
16,2,/home/omo26/Non-Rev-Owen/mcmaze/runs/20260728_081649_d16_h256_dep2_bs64_ep150_lr5e-04_lxp0.0_lbt0.0_lcca2.0_sig10.0_s2,86,86,best_val_zeta,0.4498002661599053,0.5070373416,0.7593314184082879,1.6882473097907171,-0.732982317606608,9,0.026349,0.016043,0.026349,0.012221,0.016043,/home/omo26/Non-Rev-Owen/mcmaze/embedding_dim_seed_sweep/logs/d16_seed2.log
16,3,/home/omo26/Non-Rev-Owen/mcmaze/runs/20260728_081716_d16_h256_dep2_bs64_ep150_lr5e-04_lxp0.0_lbt0.0_lcca2.0_sig10.0_s3,23,23,best_val_zeta,0.43675869703292847,0.4724570811,0.7296758890151978,1.6714924308988783,-0.6826336847411262,9,0.047042,0.042279,0.047042,0.066451,0.042279,/home/omo26/Non-Rev-Owen/mcmaze/embedding_dim_seed_sweep/logs/d16_seed3.log
16,4,/home/omo26/Non-Rev-Owen/mcmaze/runs/20260728_081744_d16_h256_dep2_bs64_ep150_lr5e-04_lxp0.0_lbt0.0_lcca2.0_sig10.0_s4,21,21,best_val_zeta,0.40451839235093856,0.4176637828,0.6759147644042969,1.671128749847412,-0.6189049349890815,9,0.057010,0.052587,0.057010,0.085540,0.052587,/home/omo26/Non-Rev-Owen/mcmaze/embedding_dim_seed_sweep/logs/d16_seed4.log
32,0,/home/omo26/Non-Rev-Owen/mcmaze/runs/20260728_081812_d32_h256_dep2_bs64_ep150_lr5e-04_lxp0.0_lbt0.0_lcca2.0_sig10.0_s0,74,74,best_val_zeta,0.4583309193452199,0.5032005906,0.7354155249065824,1.6056885057025485,-0.641122493478987,9,0.094293,0.084149,0.094293,0.071078,0.084149,/home/omo26/Non-Rev-Owen/mcmaze/embedding_dim_seed_sweep/logs/d32_seed0.log
32,1,/home/omo26/Non-Rev-Owen/mcmaze/runs/20260728_081843_d32_h256_dep2_bs64_ep150_lr5e-04_lxp0.0_lbt0.0_lcca2.0_sig10.0_s1,72,72,best_val_zeta,0.4793521894348992,0.5448800921,0.7269357707765367,1.5167322953542073,-0.6281171639760336,9,0.098819,0.089458,0.098819,0.076959,0.089458,/home/omo26/Non-Rev-Owen/mcmaze/embedding_dim_seed_sweep/logs/d32_seed1.log
32,2,/home/omo26/Non-Rev-Owen/mcmaze/runs/20260728_082241_d32_h256_dep2_bs64_ep150_lr5e-04_lxp0.0_lbt0.0_lcca2.0_sig10.0_s2,86,86,best_val_zeta,0.47237658500671387,0.4961862862,0.6938846243752373,1.4690796534220378,-0.625429113705953,9,0.068455,0.059855,0.068455,0.045595,0.059855,/home/omo26/Non-Rev-Owen/mcmaze/embedding_dim_seed_sweep/logs/d32_seed2.log
32,3,/home/omo26/Non-Rev-Owen/mcmaze/runs/20260728_082641_d32_h256_dep2_bs64_ep150_lr5e-04_lxp0.0_lbt0.0_lcca2.0_sig10.0_s3,84,84,best_val_zeta,0.5007330477237701,0.5530155897,0.7591208351982964,1.5164193047417536,-0.672592282295227,9,0.086528,0.075682,0.086528,0.058610,0.075682,/home/omo26/Non-Rev-Owen/mcmaze/embedding_dim_seed_sweep/logs/d32_seed3.log
32,4,/home/omo26/Non-Rev-Owen/mcmaze/runs/20260728_083041_d32_h256_dep2_bs64_ep150_lr5e-04_lxp0.0_lbt0.0_lcca2.0_sig10.0_s4,80,80,best_val_zeta,0.5424443682034811,0.5923088789,0.725264330705007,1.338259259859721,-0.6415687137179904,9,0.083696,0.074015,0.083696,0.059292,0.074015,/home/omo26/Non-Rev-Owen/mcmaze/embedding_dim_seed_sweep/logs/d32_seed4.log
64,0,/home/omo26/Non-Rev-Owen/mcmaze/runs/20260728_083243_d64_h256_dep2_bs64_ep150_lr5e-04_lxp0.0_lbt0.0_lcca2.0_sig10.0_s0,144,144,best_val_zeta,0.4309699171119266,0.4784960449,0.7425908115175035,1.7233311202791002,-0.5885635548167758,9,0.154027,0.139583,0.154027,0.072115,0.139583,/home/omo26/Non-Rev-Owen/mcmaze/embedding_dim_seed_sweep/logs/d64_seed0.log
64,1,/home/omo26/Non-Rev-Owen/mcmaze/runs/20260728_083321_d64_h256_dep2_bs64_ep150_lr5e-04_lxp0.0_lbt0.0_lcca2.0_sig10.0_s1,101,101,best_val_zeta,0.4670982360839844,0.503115654,0.7352543009652032,1.574419723616706,-0.5971153577168783,9,0.138139,0.127734,0.138139,0.086669,0.127734,/home/omo26/Non-Rev-Owen/mcmaze/embedding_dim_seed_sweep/logs/d64_seed1.log
64,2,/home/omo26/Non-Rev-Owen/mcmaze/runs/20260728_083444_d64_h256_dep2_bs64_ep150_lr5e-04_lxp0.0_lbt0.0_lcca2.0_sig10.0_s2,101,101,best_val_zeta,0.4810843898190392,0.5345245004,0.762715392642551,1.5854897499084473,-0.610443201329973,9,0.152272,0.142276,0.152272,0.096535,0.142276,/home/omo26/Non-Rev-Owen/mcmaze/embedding_dim_seed_sweep/logs/d64_seed2.log
64,3,/home/omo26/Non-Rev-Owen/mcmaze/runs/20260728_083941_d64_h256_dep2_bs64_ep150_lr5e-04_lxp0.0_lbt0.0_lcca2.0_sig10.0_s3,132,132,best_val_zeta,0.46822957860098946,0.4980436563,0.7275183531973097,1.5541634029812283,-0.5759905907842848,9,0.151528,0.138598,0.151528,0.076713,0.138598,/home/omo26/Non-Rev-Owen/mcmaze/embedding_dim_seed_sweep/logs/d64_seed3.log
64,4,/home/omo26/Non-Rev-Owen/mcmaze/runs/20260728_084321_d64_h256_dep2_bs64_ep150_lr5e-04_lxp0.0_lbt0.0_lcca2.0_sig10.0_s4,76,76,best_val_zeta,0.480388558573193,0.5419328809,0.7504713204171922,1.5626938343048096,-0.5928403072886996,9,0.157631,0.148053,0.157631,0.122828,0.148052,/home/omo26/Non-Rev-Owen/mcmaze/embedding_dim_seed_sweep/logs/d64_seed4.log
128,0,/home/omo26/Non-Rev-Owen/mcmaze/runs/20260728_084358_d128_h256_dep2_bs64_ep150_lr5e-04_lxp0.0_lbt0.0_lcca2.0_sig10.0_s0,72,72,best_val_zeta,0.43825392921765643,0.4799144268,0.736855599615309,1.6819350057178073,-0.5385193361176385,9,0.198336,0.190082,0.198336,0.163524,0.190082,/home/omo26/Non-Rev-Owen/mcmaze/embedding_dim_seed_sweep/logs/d128_seed0.log
128,1,/home/omo26/Non-Rev-Owen/mcmaze/runs/20260728_084450_d128_h256_dep2_bs64_ep150_lr5e-04_lxp0.0_lbt0.0_lcca2.0_sig10.0_s1,80,80,best_val_zeta,0.44779543413056266,0.4993565381,0.7496171328756545,1.6743562486436632,-0.549960732460022,9,0.199656,0.190814,0.199656,0.152856,0.190814,/home/omo26/Non-Rev-Owen/mcmaze/embedding_dim_seed_sweep/logs/d128_seed1.log
128,2,/home/omo26/Non-Rev-Owen/mcmaze/runs/20260728_084845_d128_h256_dep2_bs64_ep150_lr5e-04_lxp0.0_lbt0.0_lcca2.0_sig10.0_s2,59,59,best_val_zeta,0.46148550179269576,0.5173963904,0.7567206621170044,1.6399986214107938,-0.5831384261449178,9,0.173582,0.166921,0.173582,0.163197,0.166921,/home/omo26/Non-Rev-Owen/mcmaze/embedding_dim_seed_sweep/logs/d128_seed2.log
128,3,/home/omo26/Non-Rev-Owen/mcmaze/runs/20260728_085341_d128_h256_dep2_bs64_ep150_lr5e-04_lxp0.0_lbt0.0_lcca2.0_sig10.0_s3,73,73,best_val_zeta,0.49529074960284764,0.5422212481,0.7451401684019301,1.5045677423477173,-0.5485678050253127,9,0.196572,0.187353,0.196572,0.159700,0.187353,/home/omo26/Non-Rev-Owen/mcmaze/embedding_dim_seed_sweep/logs/d128_seed3.log
128,4,/home/omo26/Non-Rev-Owen/mcmaze/runs/20260728_085514_d128_h256_dep2_bs64_ep150_lr5e-04_lxp0.0_lbt0.0_lcca2.0_sig10.0_s4,79,79,best_val_zeta,0.4473392532931434,0.4933936,0.7541871468226115,1.6863345702489216,-0.5575000709957547,9,0.196687,0.187618,0.196687,0.151600,0.187618,/home/omo26/Non-Rev-Owen/mcmaze/embedding_dim_seed_sweep/logs/d128_seed4.log
256,0,/home/omo26/Non-Rev-Owen/mcmaze/runs/20260728_085606_d256_h256_dep2_bs64_ep150_lr5e-04_lxp0.0_lbt0.0_lcca2.0_sig10.0_s0,49,49,best_val_zeta,0.4491961697737376,0.4980569482,0.7466104957792494,1.6627620458602905,-0.5460568600230746,9,0.200553,0.193191,0.200553,0.211037,0.193191,/home/omo26/Non-Rev-Owen/mcmaze/embedding_dim_seed_sweep/logs/d256_seed0.log
256,1,/home/omo26/Non-Rev-Owen/mcmaze/runs/20260728_085843_d256_h256_dep2_bs64_ep150_lr5e-04_lxp0.0_lbt0.0_lcca2.0_sig10.0_s1,90,90,best_val_zeta,0.4424776898490058,0.4923017621,0.7429064909617106,1.6790897183948092,-0.5294257071283128,9,0.213481,0.204372,0.213481,0.150750,0.204372,/home/omo26/Non-Rev-Owen/mcmaze/embedding_dim_seed_sweep/logs/d256_seed1.log
256,2,/home/omo26/Non-Rev-Owen/mcmaze/runs/20260728_090112_d256_h256_dep2_bs64_ep150_lr5e-04_lxp0.0_lbt0.0_lcca2.0_sig10.0_s2,59,59,best_val_zeta,0.4833938380082448,0.5374815464,0.7533712453312345,1.5589602788289387,-0.5484288467301263,9,0.204942,0.197955,0.204942,0.193539,0.197955,/home/omo26/Non-Rev-Owen/mcmaze/embedding_dim_seed_sweep/logs/d256_seed2.log
256,3,/home/omo26/Non-Rev-Owen/mcmaze/runs/20260728_090349_d256_h256_dep2_bs64_ep150_lr5e-04_lxp0.0_lbt0.0_lcca2.0_sig10.0_s3,75,75,best_val_zeta,0.45136546426349217,0.4872321784,0.7371765573819479,1.6334579255845811,-0.5219998492134942,9,0.215177,0.206160,0.215177,0.172572,0.206160,/home/omo26/Non-Rev-Owen/mcmaze/embedding_dim_seed_sweep/logs/d256_seed3.log
256,4,/home/omo26/Non-Rev-Owen/mcmaze/runs/20260728_090841_d256_h256_dep2_bs64_ep150_lr5e-04_lxp0.0_lbt0.0_lcca2.0_sig10.0_s4,82,82,best_val_zeta,0.45089449485143024,0.4993464351,0.7473934822612338,1.6578541464275784,-0.5327027241388956,9,0.214691,0.206314,0.214691,0.162478,0.206314,/home/omo26/Non-Rev-Owen/mcmaze/embedding_dim_seed_sweep/logs/d256_seed4.log
512,0,/home/omo26/Non-Rev-Owen/mcmaze/runs/20260728_091037_d512_h256_dep2_bs64_ep150_lr5e-04_lxp0.0_lbt0.0_lcca2.0_sig10.0_s0,76,76,best_val_zeta,0.4381705125172933,0.481251806,0.7372905678219266,1.6831760538948908,-0.5120713346534305,9,0.225219,0.216573,0.225219,0.179674,0.216573,/home/omo26/Non-Rev-Owen/mcmaze/embedding_dim_seed_sweep/logs/d512_seed0.log
512,1,/home/omo26/Non-Rev-Owen/mcmaze/runs/20260728_091516_d512_h256_dep2_bs64_ep150_lr5e-04_lxp0.0_lbt0.0_lcca2.0_sig10.0_s1,53,53,best_val_zeta,0.43619313173823887,0.4695851803,0.7101820111274719,1.6282159090042114,-0.5058506396081712,9,0.204331,0.197709,0.204331,0.206293,0.197709,/home/omo26/Non-Rev-Owen/mcmaze/embedding_dim_seed_sweep/logs/d512_seed1.log
512,2,/home/omo26/Non-Rev-Owen/mcmaze/runs/20260728_091745_d512_h256_dep2_bs64_ep150_lr5e-04_lxp0.0_lbt0.0_lcca2.0_sig10.0_s2,61,61,best_val_zeta,0.4599570135275523,0.5042945147,0.7454391850365533,1.6211957136789958,-0.5229784780078464,9,0.222461,0.216315,0.222461,0.207140,0.216315,/home/omo26/Non-Rev-Owen/mcmaze/embedding_dim_seed_sweep/logs/d512_seed2.log
512,3,/home/omo26/Non-Rev-Owen/mcmaze/runs/20260728_092014_d512_h256_dep2_bs64_ep150_lr5e-04_lxp0.0_lbt0.0_lcca2.0_sig10.0_s3,77,77,best_val_zeta,0.438938664065467,0.4768838286,0.7395333184136285,1.6850978003607855,-0.49977292286025154,9,0.239760,0.231279,0.239760,0.190180,0.231279,/home/omo26/Non-Rev-Owen/mcmaze/embedding_dim_seed_sweep/logs/d512_seed3.log
512,4,/home/omo26/Non-Rev-Owen/mcmaze/runs/20260728_092244_d512_h256_dep2_bs64_ep150_lr5e-04_lxp0.0_lbt0.0_lcca2.0_sig10.0_s4,40,40,best_val_zeta,0.42630279064178467,0.4555860758,0.7040693561236063,1.6521597305933635,-0.5089789827664694,9,0.195090,0.189786,0.195090,0.231787,0.189786,/home/omo26/Non-Rev-Owen/mcmaze/embedding_dim_seed_sweep/logs/d512_seed4.log
16,0,/home/omo26/Non-Rev-Owen/mcmaze/runs/20260728_103504_d16_h256_dep2_bs64_ep150_lr5e-04_lxp0.0_lbt0.0_lcca5.0_sig10.0_s0,12,12,best_val_zeta,0.4286598265171051,0.3546714485,0.4435032672352261,1.035687764485677,-0.4243910180197822,9,0.019112,0.012629,0.019112,0.009750,0.012629,/home/omo26/Non-Rev-Owen/mcmaze/embedding_dim_seed_sweep/logs/d16_seed0.log
16,1,/home/omo26/Non-Rev-Owen/mcmaze/runs/20260728_103531_d16_h256_dep2_bs64_ep150_lr5e-04_lxp0.0_lbt0.0_lcca5.0_sig10.0_s1,56,56,best_val_zeta,0.45866374174753827,0.4293797612,0.5520680083168877,1.2036994563208685,-0.5353169110086229,9,0.016751,0.006123,0.016751,0.002472,0.006123,/home/omo26/Non-Rev-Owen/mcmaze/embedding_dim_seed_sweep/logs/d16_seed1.log
16,2,/home/omo26/Non-Rev-Owen/mcmaze/runs/20260728_103559_d16_h256_dep2_bs64_ep150_lr5e-04_lxp0.0_lbt0.0_lcca5.0_sig10.0_s2,50,50,best_val_zeta,0.3809872600767348,0.3276515901,0.5717474752002292,1.5008370346493192,-0.5571156607733833,9,0.014632,0.006237,0.014632,0.002693,0.006237,/home/omo26/Non-Rev-Owen/mcmaze/embedding_dim_seed_sweep/logs/d16_seed2.log
16,3,/home/omo26/Non-Rev-Owen/mcmaze/runs/20260728_103626_d16_h256_dep2_bs64_ep150_lr5e-04_lxp0.0_lbt0.0_lcca5.0_sig10.0_s3,38,38,best_val_zeta,0.42969273196326363,0.4874505997,0.726621150970459,1.691356102625529,-0.69956550333235,9,0.027056,0.014554,0.027056,0.007301,0.014554,/home/omo26/Non-Rev-Owen/mcmaze/embedding_dim_seed_sweep/logs/d16_seed3.log
16,4,/home/omo26/Non-Rev-Owen/mcmaze/runs/20260728_103928_d16_h256_dep2_bs64_ep150_lr5e-04_lxp0.0_lbt0.0_lcca5.0_sig10.0_s4,37,37,best_val_zeta,0.39059476057688397,0.3197173774,0.5908380548159281,1.5136559671825833,-0.5702517827351888,9,0.020586,0.011028,0.020586,0.005608,0.011028,/home/omo26/Non-Rev-Owen/mcmaze/embedding_dim_seed_sweep/logs/d16_seed4.log
32,0,/home/omo26/Non-Rev-Owen/mcmaze/runs/20260728_104045_d32_h256_dep2_bs64_ep150_lr5e-04_lxp0.0_lbt0.0_lcca5.0_sig10.0_s0,41,41,best_val_zeta,0.45544159081247115,0.3553190827,0.48899149894714355,1.0743479861153498,-0.45393816961182487,9,0.035053,0.025491,0.035053,0.012292,0.025491,/home/omo26/Non-Rev-Owen/mcmaze/embedding_dim_seed_sweep/logs/d32_seed0.log
32,1,/home/omo26/Non-Rev-Owen/mcmaze/runs/20260728_104116_d32_h256_dep2_bs64_ep150_lr5e-04_lxp0.0_lbt0.0_lcca5.0_sig10.0_s1,35,35,best_val_zeta,0.5072570575608147,0.3979949057,0.5032602614826627,0.9926118122206794,-0.46113476157188416,9,0.042125,0.033149,0.042125,0.017330,0.033149,/home/omo26/Non-Rev-Owen/mcmaze/embedding_dim_seed_sweep/logs/d32_seed1.log
32,2,/home/omo26/Non-Rev-Owen/mcmaze/runs/20260728_104147_d32_h256_dep2_bs64_ep150_lr5e-04_lxp0.0_lbt0.0_lcca5.0_sig10.0_s2,46,46,best_val_zeta,0.48217882381545174,0.3553553224,0.4854612880282932,1.0071892672114902,-0.4590182900428772,9,0.026443,0.017855,0.026443,0.008086,0.017855,/home/omo26/Non-Rev-Owen/mcmaze/embedding_dim_seed_sweep/logs/d32_seed2.log
32,3,/home/omo26/Non-Rev-Owen/mcmaze/runs/20260728_104218_d32_h256_dep2_bs64_ep150_lr5e-04_lxp0.0_lbt0.0_lcca5.0_sig10.0_s3,38,38,best_val_zeta,0.4112156199084388,0.3847130835,0.5802035795317756,1.410864035288493,-0.5197371807363298,9,0.060466,0.046078,0.060466,0.023117,0.046078,/home/omo26/Non-Rev-Owen/mcmaze/embedding_dim_seed_sweep/logs/d32_seed3.log
32,4,/home/omo26/Non-Rev-Owen/mcmaze/runs/20260728_104525_d32_h256_dep2_bs64_ep150_lr5e-04_lxp0.0_lbt0.0_lcca5.0_sig10.0_s4,39,39,best_val_zeta,0.4534018139044444,0.3843447864,0.5222973227500916,1.152352703942193,-0.4787863294283549,9,0.043511,0.035508,0.043511,0.017577,0.035508,/home/omo26/Non-Rev-Owen/mcmaze/embedding_dim_seed_sweep/logs/d32_seed4.log
64,0,/home/omo26/Non-Rev-Owen/mcmaze/runs/20260728_104703_d64_h256_dep2_bs64_ep150_lr5e-04_lxp0.0_lbt0.0_lcca5.0_sig10.0_s0,91,91,best_val_zeta,0.4921337266763051,0.3753435612,0.4837448166476356,0.9831679198477004,-0.41377465261353386,9,0.069970,0.055861,0.069970,0.016352,0.055861,/home/omo26/Non-Rev-Owen/mcmaze/embedding_dim_seed_sweep/logs/d64_seed0.log
64,1,/home/omo26/Non-Rev-Owen/mcmaze/runs/20260728_104740_d64_h256_dep2_bs64_ep150_lr5e-04_lxp0.0_lbt0.0_lcca5.0_sig10.0_s1,101,101,best_val_zeta,0.48591671056217617,0.4181285203,0.5403503709369235,1.1120885345670912,-0.45636145604981315,9,0.083989,0.066799,0.083989,0.018129,0.066799,/home/omo26/Non-Rev-Owen/mcmaze/embedding_dim_seed_sweep/logs/d64_seed1.log
64,2,/home/omo26/Non-Rev-Owen/mcmaze/runs/20260728_104819_d64_h256_dep2_bs64_ep150_lr5e-04_lxp0.0_lbt0.0_lcca5.0_sig10.0_s2,41,41,best_val_zeta,0.49844030208057827,0.4064046443,0.5209755632612441,1.045233130455017,-0.429257548517651,9,0.091718,0.080724,0.091718,0.038925,0.080724,/home/omo26/Non-Rev-Owen/mcmaze/embedding_dim_seed_sweep/logs/d64_seed2.log
64,3,/home/omo26/Non-Rev-Owen/mcmaze/runs/20260728_104856_d64_h256_dep2_bs64_ep150_lr5e-04_lxp0.0_lbt0.0_lcca5.0_sig10.0_s3,87,87,best_val_zeta,0.47480375236935085,0.3939943612,0.5593494706683688,1.1783611641989813,-0.46635889013608295,9,0.092990,0.077334,0.092990,0.023373,0.077334,/home/omo26/Non-Rev-Owen/mcmaze/embedding_dim_seed_sweep/logs/d64_seed3.log
64,4,/home/omo26/Non-Rev-Owen/mcmaze/runs/20260728_104934_d64_h256_dep2_bs64_ep150_lr5e-04_lxp0.0_lbt0.0_lcca5.0_sig10.0_s4,139,139,best_val_zeta,0.4547030097908444,0.3612643778,0.4994180467393663,1.0987894005245633,-0.43712496757507324,9,0.062293,0.046032,0.062293,0.009784,0.046032,/home/omo26/Non-Rev-Owen/mcmaze/embedding_dim_seed_sweep/logs/d64_seed4.log
128,0,/home/omo26/Non-Rev-Owen/mcmaze/runs/20260728_105012_d128_h256_dep2_bs64_ep150_lr5e-04_lxp0.0_lbt0.0_lcca5.0_sig10.0_s0,128,128,best_val_zeta,0.47074294090270996,0.3766106367,0.5161090029610528,1.0967723396089342,-0.3787624173694187,9,0.137346,0.118284,0.137346,0.026825,0.118284,/home/omo26/Non-Rev-Owen/mcmaze/embedding_dim_seed_sweep/logs/d128_seed0.log
128,1,/home/omo26/Non-Rev-Owen/mcmaze/runs/20260728_105104_d128_h256_dep2_bs64_ep150_lr5e-04_lxp0.0_lbt0.0_lcca5.0_sig10.0_s1,56,56,best_val_zeta,0.4526153306166331,0.3315740526,0.4933769106864929,1.0902050336201985,-0.375771744383706,9,0.117605,0.106464,0.117605,0.042989,0.106464,/home/omo26/Non-Rev-Owen/mcmaze/embedding_dim_seed_sweep/logs/d128_seed1.log
128,2,/home/omo26/Non-Rev-Owen/mcmaze/runs/20260728_105155_d128_h256_dep2_bs64_ep150_lr5e-04_lxp0.0_lbt0.0_lcca5.0_sig10.0_s2,48,48,best_val_zeta,0.4502611656983693,0.3320627809,0.4970262944698334,1.1039370960659451,-0.3818434509966109,9,0.115183,0.103706,0.115183,0.045852,0.103706,/home/omo26/Non-Rev-Owen/mcmaze/embedding_dim_seed_sweep/logs/d128_seed2.log
16,0,/home/omo26/Non-Rev-Owen/mcmaze/runs/20260728_105405_d16_h256_dep2_bs64_ep150_lr5e-04_lxp0.0_lbt0.0_lcca5.0_sig10.0_s0,17,17,best_val_zeta,0.42367735173967147,0.3883340657,0.5551638934347365,1.3120251099268596,-0.5367998679478964,9,0.018364,0.008308,0.018364,0.005811,0.008308,/home/omo26/Non-Rev-Owen/mcmaze/embedding_dim_seed_sweep/logs/d16_seed0.log
16,0,/home/omo26/Non-Rev-Owen/mcmaze/runs/20260728_105455_d16_h256_dep2_bs64_ep150_lr5e-04_lxp0.0_lbt0.0_lcca2.0_sig10.0_s0,78,78,best_val_zeta,0.5289285845226712,0.5409248471,0.7089686327510409,1.3417553504308064,-0.6871508558591207,9,0.021818,0.014217,0.021818,0.011588,0.014217,/home/omo26/Non-Rev-Owen/mcmaze/embedding_dim_seed_sweep/logs/d16_seed0.log
16,1,/home/omo26/Non-Rev-Owen/mcmaze/runs/20260728_105524_d16_h256_dep2_bs64_ep150_lr5e-04_lxp0.0_lbt0.0_lcca2.0_sig10.0_s1,73,73,best_val_zeta,0.4445253544383579,0.5078898072,0.7518745528327094,1.6919276846779718,-0.7141201032532586,9,0.037754,0.028714,0.037754,0.024476,0.028714,/home/omo26/Non-Rev-Owen/mcmaze/embedding_dim_seed_sweep/logs/d16_seed1.log
16,2,/home/omo26/Non-Rev-Owen/mcmaze/runs/20260728_105552_d16_h256_dep2_bs64_ep150_lr5e-04_lxp0.0_lbt0.0_lcca2.0_sig10.0_s2,47,47,best_val_zeta,0.4206271900071038,0.4557724893,0.7845703694555495,1.8653267621994019,-0.7351436548762851,9,0.049427,0.039609,0.049427,0.044307,0.039609,/home/omo26/Non-Rev-Owen/mcmaze/embedding_dim_seed_sweep/logs/d16_seed2.log
16,3,/home/omo26/Non-Rev-Owen/mcmaze/runs/20260728_105619_d16_h256_dep2_bs64_ep150_lr5e-04_lxp0.0_lbt0.0_lcca2.0_sig10.0_s3,39,39,best_val_zeta,0.392544021209081,0.4185605347,0.7762734889984131,1.9773973491456773,-0.731885294119517,9,0.044388,0.033463,0.044388,0.041412,0.033463,/home/omo26/Non-Rev-Owen/mcmaze/embedding_dim_seed_sweep/logs/d16_seed3.log
16,4,/home/omo26/Non-Rev-Owen/mcmaze/runs/20260728_105727_d16_h256_dep2_bs64_ep150_lr5e-04_lxp0.0_lbt0.0_lcca2.0_sig10.0_s4,34,34,best_val_zeta,0.4886919723616706,0.533097744,0.771435969405704,1.579410235087077,-0.7150071461995443,9,0.056429,0.049688,0.056429,0.065867,0.049688,/home/omo26/Non-Rev-Owen/mcmaze/embedding_dim_seed_sweep/logs/d16_seed4.log
32,0,/home/omo26/Non-Rev-Owen/mcmaze/runs/20260728_105804_d32_h256_dep2_bs64_ep150_lr5e-04_lxp0.0_lbt0.0_lcca2.0_sig10.0_s0,82,82,best_val_zeta,0.5120334194766151,0.565682888,0.79633496205012,1.5562070740593805,-0.6965799132982889,9,0.099755,0.087106,0.099755,0.068599,0.087106,/home/omo26/Non-Rev-Owen/mcmaze/embedding_dim_seed_sweep/logs/d32_seed0.log
32,1,/home/omo26/Non-Rev-Owen/mcmaze/runs/20260728_105842_d32_h256_dep2_bs64_ep150_lr5e-04_lxp0.0_lbt0.0_lcca2.0_sig10.0_s1,92,92,best_val_zeta,0.46737096707026166,0.5032971501,0.7889014350043403,1.6884279516008165,-0.7064703173107572,9,0.082431,0.070692,0.082431,0.051331,0.070692,/home/omo26/Non-Rev-Owen/mcmaze/embedding_dim_seed_sweep/logs/d32_seed1.log
32,2,/home/omo26/Non-Rev-Owen/mcmaze/runs/20260728_105913_d32_h256_dep2_bs64_ep150_lr5e-04_lxp0.0_lbt0.0_lcca2.0_sig10.0_s2,77,77,best_val_zeta,0.47961600952678257,0.5137465,0.793292224407196,1.654257681634691,-0.6955207453833686,9,0.097771,0.087836,0.097771,0.072227,0.087836,/home/omo26/Non-Rev-Owen/mcmaze/embedding_dim_seed_sweep/logs/d32_seed2.log
32,3,/home/omo26/Non-Rev-Owen/mcmaze/runs/20260728_105944_d32_h256_dep2_bs64_ep150_lr5e-04_lxp0.0_lbt0.0_lcca2.0_sig10.0_s3,78,78,best_val_zeta,0.4755387504895528,0.5199508667,0.796951088640425,1.6761839654710557,-0.6913287308481004,9,0.105622,0.092079,0.105622,0.075053,0.092079,/home/omo26/Non-Rev-Owen/mcmaze/embedding_dim_seed_sweep/logs/d32_seed3.log
32,4,/home/omo26/Non-Rev-Owen/mcmaze/runs/20260728_110018_d32_h256_dep2_bs64_ep150_lr5e-04_lxp0.0_lbt0.0_lcca2.0_sig10.0_s4,129,129,best_val_zeta,0.4727560314867232,0.5441299677,0.7964842120806376,1.6849944856431749,-0.7267111738522848,9,0.069773,0.056855,0.069773,0.032040,0.056855,/home/omo26/Non-Rev-Owen/mcmaze/embedding_dim_seed_sweep/logs/d32_seed4.log
64,0,/home/omo26/Non-Rev-Owen/mcmaze/runs/20260728_110049_d64_h256_dep2_bs64_ep150_lr5e-04_lxp0.0_lbt0.0_lcca2.0_sig10.0_s0,59,59,best_val_zeta,0.45922863483428955,0.5098977089,0.7927047279145982,1.7268246942096286,-0.6387537585364448,9,0.153951,0.143256,0.153951,0.140060,0.143256,/home/omo26/Non-Rev-Owen/mcmaze/embedding_dim_seed_sweep/logs/d64_seed0.log
64,1,/home/omo26/Non-Rev-Owen/mcmaze/runs/20260728_110127_d64_h256_dep2_bs64_ep150_lr5e-04_lxp0.0_lbt0.0_lcca2.0_sig10.0_s1,109,109,best_val_zeta,0.47027797831429374,0.5280438066,0.7666990624533759,1.6304077439837985,-0.6294467714097765,9,0.137252,0.125110,0.137252,0.080212,0.125110,/home/omo26/Non-Rev-Owen/mcmaze/embedding_dim_seed_sweep/logs/d64_seed1.log
64,2,/home/omo26/Non-Rev-Owen/mcmaze/runs/20260728_110204_d64_h256_dep2_bs64_ep150_lr5e-04_lxp0.0_lbt0.0_lcca2.0_sig10.0_s2,81,81,best_val_zeta,0.47370900710423786,0.5281980038,0.778414699766371,1.6433187060885959,-0.6283620794614156,9,0.150053,0.140228,0.150053,0.111375,0.140228,/home/omo26/Non-Rev-Owen/mcmaze/embedding_dim_seed_sweep/logs/d64_seed2.log
64,3,/home/omo26/Non-Rev-Owen/mcmaze/runs/20260728_110242_d64_h256_dep2_bs64_ep150_lr5e-04_lxp0.0_lbt0.0_lcca2.0_sig10.0_s3,78,78,best_val_zeta,0.47470008664660984,0.5392815471,0.7993861900435554,1.684102561738756,-0.6331261528862847,9,0.166260,0.154078,0.166260,0.125589,0.154078,/home/omo26/Non-Rev-Owen/mcmaze/embedding_dim_seed_sweep/logs/d64_seed3.log
64,4,/home/omo26/Non-Rev-Owen/mcmaze/runs/20260728_110320_d64_h256_dep2_bs64_ep150_lr5e-04_lxp0.0_lbt0.0_lcca2.0_sig10.0_s4,50,50,best_val_zeta,0.4573055903116862,0.4869261682,0.7790399259991116,1.7038610113991632,-0.6358830398983426,9,0.143157,0.136789,0.143157,0.147692,0.136789,/home/omo26/Non-Rev-Owen/mcmaze/embedding_dim_seed_sweep/logs/d64_seed4.log
128,0,/home/omo26/Non-Rev-Owen/mcmaze/runs/20260728_110358_d128_h256_dep2_bs64_ep150_lr5e-04_lxp0.0_lbt0.0_lcca2.0_sig10.0_s0,79,79,best_val_zeta,0.4805707600381639,0.5321677923,0.7953196300400628,1.6557336913214789,-0.6028587751918368,9,0.192461,0.181717,0.192461,0.146832,0.181717,/home/omo26/Non-Rev-Owen/mcmaze/embedding_dim_seed_sweep/logs/d128_seed0.log
128,1,/home/omo26/Non-Rev-Owen/mcmaze/runs/20260728_110449_d128_h256_dep2_bs64_ep150_lr5e-04_lxp0.0_lbt0.0_lcca2.0_sig10.0_s1,78,78,best_val_zeta,0.4481731752554576,0.4985708892,0.78827037413915,1.7590975099139743,-0.5927603178554111,9,0.195510,0.186330,0.195510,0.151878,0.186330,/home/omo26/Non-Rev-Owen/mcmaze/embedding_dim_seed_sweep/logs/d128_seed1.log
128,2,/home/omo26/Non-Rev-Owen/mcmaze/runs/20260728_110541_d128_h256_dep2_bs64_ep150_lr5e-04_lxp0.0_lbt0.0_lcca2.0_sig10.0_s2,72,72,best_val_zeta,0.45830271310276455,0.5101718903,0.7948425941997104,1.734537336561415,-0.5925449728965759,9,0.202297,0.193382,0.202297,0.166362,0.193382,/home/omo26/Non-Rev-Owen/mcmaze/embedding_dim_seed_sweep/logs/d128_seed2.log
128,3,/home/omo26/Non-Rev-Owen/mcmaze/runs/20260728_110634_d128_h256_dep2_bs64_ep150_lr5e-04_lxp0.0_lbt0.0_lcca2.0_sig10.0_s3,62,62,best_val_zeta,0.45348771082030404,0.4928576946,0.7877093288633559,1.7372356520758734,-0.588948130607605,9,0.198761,0.188467,0.198761,0.178636,0.188467,/home/omo26/Non-Rev-Owen/mcmaze/embedding_dim_seed_sweep/logs/d128_seed3.log
128,4,/home/omo26/Non-Rev-Owen/mcmaze/runs/20260728_110726_d128_h256_dep2_bs64_ep150_lr5e-04_lxp0.0_lbt0.0_lcca2.0_sig10.0_s4,88,88,best_val_zeta,0.453901297516293,0.504139781,0.7874659895896912,1.735161264737447,-0.6014818019337125,9,0.185984,0.176502,0.185984,0.132288,0.176502,/home/omo26/Non-Rev-Owen/mcmaze/embedding_dim_seed_sweep/logs/d128_seed4.log
256,0,/home/omo26/Non-Rev-Owen/mcmaze/runs/20260728_110817_d256_h256_dep2_bs64_ep150_lr5e-04_lxp0.0_lbt0.0_lcca2.0_sig10.0_s0,86,86,best_val_zeta,0.46077430579397416,0.5084939003,0.7952239513397217,1.7267977661556668,-0.5842868288358053,9,0.210937,0.199172,0.210937,0.151721,0.199172,/home/omo26/Non-Rev-Owen/mcmaze/embedding_dim_seed_sweep/logs/d256_seed0.log
256,1,/home/omo26/Non-Rev-Owen/mcmaze/runs/20260728_110943_d256_h256_dep2_bs64_ep150_lr5e-04_lxp0.0_lbt0.0_lcca2.0_sig10.0_s1,98,98,best_val_zeta,0.46045706007215714,0.5120705962,0.7880675262875028,1.7116198672188654,-0.5790118177731832,9,0.209056,0.198380,0.209056,0.137610,0.198380,/home/omo26/Non-Rev-Owen/mcmaze/embedding_dim_seed_sweep/logs/d256_seed1.log
256,2,/home/omo26/Non-Rev-Owen/mcmaze/runs/20260728_111107_d256_h256_dep2_bs64_ep150_lr5e-04_lxp0.0_lbt0.0_lcca2.0_sig10.0_s2,78,78,best_val_zeta,0.46745944023132324,0.5188153982,0.7912365330590142,1.6928548415501912,-0.5856708619329665,9,0.205565,0.196497,0.205565,0.160165,0.196497,/home/omo26/Non-Rev-Owen/mcmaze/embedding_dim_seed_sweep/logs/d256_seed2.log
256,3,/home/omo26/Non-Rev-Owen/mcmaze/runs/20260728_111232_d256_h256_dep2_bs64_ep150_lr5e-04_lxp0.0_lbt0.0_lcca2.0_sig10.0_s3,83,83,best_val_zeta,0.47788426611158585,0.5252771974,0.7845059898164537,1.6420648627811008,-0.5630448261896769,9,0.221461,0.211175,0.221461,0.164912,0.211175,/home/omo26/Non-Rev-Owen/mcmaze/embedding_dim_seed_sweep/logs/d256_seed3.log
256,4,/home/omo26/Non-Rev-Owen/mcmaze/runs/20260728_111358_d256_h256_dep2_bs64_ep150_lr5e-04_lxp0.0_lbt0.0_lcca2.0_sig10.0_s4,79,79,best_val_zeta,0.4773526390393575,0.523306489,0.8017522427770827,1.6798675325181749,-0.5845740040143331,9,0.217178,0.208621,0.217178,0.168571,0.208621,/home/omo26/Non-Rev-Owen/mcmaze/embedding_dim_seed_sweep/logs/d256_seed4.log
512,0,/home/omo26/Non-Rev-Owen/mcmaze/runs/20260728_111524_d512_h256_dep2_bs64_ep150_lr5e-04_lxp0.0_lbt0.0_lcca2.0_sig10.0_s0,86,86,best_val_zeta,0.4604331884119246,0.5115579963,0.7914033929506937,1.71981946627299,-0.560974101225535,9,0.230429,0.220096,0.230429,0.167660,0.220096,/home/omo26/Non-Rev-Owen/mcmaze/embedding_dim_seed_sweep/logs/d512_seed0.log
512,1,/home/omo26/Non-Rev-Owen/mcmaze/runs/20260728_111752_d512_h256_dep2_bs64_ep150_lr5e-04_lxp0.0_lbt0.0_lcca2.0_sig10.0_s1,72,72,best_val_zeta,0.45398782359229195,0.4905360043,0.7722478045357598,1.701266884803772,-0.5430558257632785,9,0.229192,0.220943,0.229192,0.190072,0.220943,/home/omo26/Non-Rev-Owen/mcmaze/embedding_dim_seed_sweep/logs/d512_seed1.log
512,2,/home/omo26/Non-Rev-Owen/mcmaze/runs/20260728_112020_d512_h256_dep2_bs64_ep150_lr5e-04_lxp0.0_lbt0.0_lcca2.0_sig10.0_s2,82,82,best_val_zeta,0.47248843643400407,0.5211018324,0.7962367137273153,1.6853715976079304,-0.5775797830687629,9,0.218657,0.209861,0.218657,0.165271,0.209861,/home/omo26/Non-Rev-Owen/mcmaze/embedding_dim_seed_sweep/logs/d512_seed2.log
512,3,/home/omo26/Non-Rev-Owen/mcmaze/runs/20260728_112249_d512_h256_dep2_bs64_ep150_lr5e-04_lxp0.0_lbt0.0_lcca2.0_sig10.0_s3,91,91,best_val_zeta,0.45618587070041233,0.5070463419,0.7879038651784261,1.7274052566952176,-0.555180119143592,9,0.232724,0.222533,0.232724,0.162855,0.222533,/home/omo26/Non-Rev-Owen/mcmaze/embedding_dim_seed_sweep/logs/d512_seed3.log
512,4,/home/omo26/Non-Rev-Owen/mcmaze/runs/20260728_112529_d512_h256_dep2_bs64_ep150_lr5e-04_lxp0.0_lbt0.0_lcca2.0_sig10.0_s4,72,72,best_val_zeta,0.45630303025245667,0.4955593646,0.7835326592127482,1.7174980243047078,-0.5523772372139825,9,0.231155,0.222478,0.231155,0.191393,0.222478,/home/omo26/Non-Rev-Owen/mcmaze/embedding_dim_seed_sweep/logs/d512_seed4.log
16,0,/home/omo26/Non-Rev-Owen/mcmaze/runs/20260728_114848_d16_h256_dep2_bs64_ep150_lr5e-04_lxp0.0_lbt0.0_lcca2.0_sig10.0_s0,14,14,best_val_zeta,0.42452848619884914,0.4534967542,0.7452130648824904,1.7561143239339192,-0.669310536649492,9,0.075902,0.069444,0.075902,0.128697,0.069444,/home/omo26/Non-Rev-Owen/mcmaze/embedding_dim_seed_sweep/logs/d16_seed0.log
16,1,/home/omo26/Non-Rev-Owen/mcmaze/runs/20260728_114918_d16_h256_dep2_bs64_ep150_lr5e-04_lxp0.0_lbt0.0_lcca2.0_sig10.0_s1,30,30,best_val_zeta,0.4868665701813168,0.5523146987,0.7455922630098131,1.5314827760060628,-0.6682272156079611,9,0.077365,0.071599,0.077365,0.100644,0.071599,/home/omo26/Non-Rev-Owen/mcmaze/embedding_dim_seed_sweep/logs/d16_seed1.log
16,2,/home/omo26/Non-Rev-Owen/mcmaze/runs/20260728_114946_d16_h256_dep2_bs64_ep150_lr5e-04_lxp0.0_lbt0.0_lcca2.0_sig10.0_s2,63,63,best_val_zeta,0.5124305221769545,0.5773439407,0.8030169010162354,1.5675549109776814,-0.7676410145229764,9,0.035376,0.023647,0.035376,0.022188,0.023647,/home/omo26/Non-Rev-Owen/mcmaze/embedding_dim_seed_sweep/logs/d16_seed2.log
16,3,/home/omo26/Non-Rev-Owen/mcmaze/runs/20260728_115014_d16_h256_dep2_bs64_ep150_lr5e-04_lxp0.0_lbt0.0_lcca2.0_sig10.0_s3,89,89,best_val_zeta,0.5332724319563972,0.5572084188,0.8206531869040595,1.5391677220662434,-0.7882229420873854,9,0.032430,0.013184,0.032430,0.009802,0.013184,/home/omo26/Non-Rev-Owen/mcmaze/embedding_dim_seed_sweep/logs/d16_seed3.log
16,4,/home/omo26/Non-Rev-Owen/mcmaze/runs/20260728_115042_d16_h256_dep2_bs64_ep150_lr5e-04_lxp0.0_lbt0.0_lcca2.0_sig10.0_s4,11,11,best_val_zeta,0.44020067652066547,0.470584631,0.6878250175052218,1.5635070270962186,-0.6177489889992608,9,0.070076,0.064228,0.070076,0.126587,0.064228,/home/omo26/Non-Rev-Owen/mcmaze/embedding_dim_seed_sweep/logs/d16_seed4.log
32,0,/home/omo26/Non-Rev-Owen/mcmaze/runs/20260728_115110_d32_h256_dep2_bs64_ep150_lr5e-04_lxp0.0_lbt0.0_lcca2.0_sig10.0_s0,88,88,best_val_zeta,0.4806499414973789,0.5320308208,0.7976697087287903,1.6614926788542006,-0.7021165622605218,9,0.095553,0.082933,0.095553,0.062158,0.082933,/home/omo26/Non-Rev-Owen/mcmaze/embedding_dim_seed_sweep/logs/d32_seed0.log
32,1,/home/omo26/Non-Rev-Owen/mcmaze/runs/20260728_115235_d32_h256_dep2_bs64_ep150_lr5e-04_lxp0.0_lbt0.0_lcca2.0_sig10.0_s1,41,41,best_val_zeta,0.45838918950822616,0.4982842803,0.8111619154612223,1.7699237796995375,-0.6979228854179382,9,0.113239,0.104727,0.113239,0.126248,0.104727,/home/omo26/Non-Rev-Owen/mcmaze/embedding_dim_seed_sweep/logs/d32_seed1.log
32,2,/home/omo26/Non-Rev-Owen/mcmaze/runs/20260728_115306_d32_h256_dep2_bs64_ep150_lr5e-04_lxp0.0_lbt0.0_lcca2.0_sig10.0_s2,72,72,best_val_zeta,0.5033568640549978,0.5586479306,0.8198185165723165,1.6292012002733018,-0.7021896441777548,9,0.117629,0.105018,0.117629,0.090345,0.105018,/home/omo26/Non-Rev-Owen/mcmaze/embedding_dim_seed_sweep/logs/d32_seed2.log
32,3,/home/omo26/Non-Rev-Owen/mcmaze/runs/20260728_115337_d32_h256_dep2_bs64_ep150_lr5e-04_lxp0.0_lbt0.0_lcca2.0_sig10.0_s3,79,79,best_val_zeta,0.46165817644861007,0.5102363229,0.7987867593765259,1.7309386597739325,-0.7033696505758498,9,0.095417,0.082618,0.095417,0.066758,0.082618,/home/omo26/Non-Rev-Owen/mcmaze/embedding_dim_seed_sweep/logs/d32_seed3.log
32,4,/home/omo26/Non-Rev-Owen/mcmaze/runs/20260728_115408_d32_h256_dep2_bs64_ep150_lr5e-04_lxp0.0_lbt0.0_lcca2.0_sig10.0_s4,81,81,best_val_zeta,0.48254307442241245,0.5227617621,0.8153489629427592,1.6898975372314453,-0.7236184808943007,9,0.091730,0.079175,0.091730,0.062884,0.079175,/home/omo26/Non-Rev-Owen/mcmaze/embedding_dim_seed_sweep/logs/d32_seed4.log
64,0,/home/omo26/Non-Rev-Owen/mcmaze/runs/20260728_115527_d64_h256_dep2_bs64_ep150_lr5e-04_lxp0.0_lbt0.0_lcca2.0_sig10.0_s0,71,71,best_val_zeta,0.47014280160268146,0.5229401588,0.8074339495764838,1.7180232869254217,-0.6261055138376024,9,0.181328,0.170531,0.181328,0.148072,0.170531,/home/omo26/Non-Rev-Owen/mcmaze/embedding_dim_seed_sweep/logs/d64_seed0.log
64,1,/home/omo26/Non-Rev-Owen/mcmaze/runs/20260728_120025_d64_h256_dep2_bs64_ep150_lr5e-04_lxp0.0_lbt0.0_lcca2.0_sig10.0_s1,83,83,best_val_zeta,0.4651929371886783,0.5087437034,0.7998167011472914,1.7195382118225098,-0.643235425154368,9,0.156581,0.146370,0.156581,0.114304,0.146370,/home/omo26/Non-Rev-Owen/mcmaze/embedding_dim_seed_sweep/logs/d64_seed1.log
64,2,/home/omo26/Non-Rev-Owen/mcmaze/runs/20260728_120425_d64_h256_dep2_bs64_ep150_lr5e-04_lxp0.0_lbt0.0_lcca2.0_sig10.0_s2,73,73,best_val_zeta,0.4804429080751207,0.5367472172,0.8158701128429837,1.6982416179445055,-0.6321483386887444,9,0.183722,0.173172,0.183722,0.147612,0.173172,/home/omo26/Non-Rev-Owen/mcmaze/embedding_dim_seed_sweep/logs/d64_seed2.log
64,3,/home/omo26/Non-Rev-Owen/mcmaze/runs/20260728_120826_d64_h256_dep2_bs64_ep150_lr5e-04_lxp0.0_lbt0.0_lcca2.0_sig10.0_s3,74,74,best_val_zeta,0.473742233382331,0.5270374417,0.8196757038434347,1.7307462559805975,-0.6506035857730441,9,0.169072,0.156447,0.169072,0.132146,0.156447,/home/omo26/Non-Rev-Owen/mcmaze/embedding_dim_seed_sweep/logs/d64_seed3.log
64,4,/home/omo26/Non-Rev-Owen/mcmaze/runs/20260728_121228_d64_h256_dep2_bs64_ep150_lr5e-04_lxp0.0_lbt0.0_lcca2.0_sig10.0_s4,67,67,best_val_zeta,0.47009193566110397,0.5018469095,0.796722412109375,1.6950517892837524,-0.6325683063930936,9,0.164154,0.155520,0.164154,0.140269,0.155520,/home/omo26/Non-Rev-Owen/mcmaze/embedding_dim_seed_sweep/logs/d64_seed4.log
128,0,/home/omo26/Non-Rev-Owen/mcmaze/runs/20260728_121727_d128_h256_dep2_bs64_ep150_lr5e-04_lxp0.0_lbt0.0_lcca2.0_sig10.0_s0,88,88,best_val_zeta,0.47028986281818813,0.5237014294,0.8091867897245619,1.7209485504362318,-0.6135546035236783,9,0.195632,0.184678,0.195632,0.138415,0.184678,/home/omo26/Non-Rev-Owen/mcmaze/embedding_dim_seed_sweep/logs/d128_seed0.log
128,1,/home/omo26/Non-Rev-Owen/mcmaze/runs/20260728_122125_d128_h256_dep2_bs64_ep150_lr5e-04_lxp0.0_lbt0.0_lcca2.0_sig10.0_s1,76,76,best_val_zeta,0.485057489739524,0.5353338718,0.8038421273231506,1.657355268796285,-0.60759347014957,9,0.196248,0.186565,0.196248,0.154778,0.186565,/home/omo26/Non-Rev-Owen/mcmaze/embedding_dim_seed_sweep/logs/d128_seed1.log
128,2,/home/omo26/Non-Rev-Owen/mcmaze/runs/20260728_122518_d128_h256_dep2_bs64_ep150_lr5e-04_lxp0.0_lbt0.0_lcca2.0_sig10.0_s2,49,49,best_val_zeta,0.47202874885665047,0.5309551358,0.8007379704051547,1.6965913772583008,-0.6222615175777011,9,0.178476,0.170228,0.178476,0.185952,0.170228,/home/omo26/Non-Rev-Owen/mcmaze/embedding_dim_seed_sweep/logs/d128_seed2.log
128,3,/home/omo26/Non-Rev-Owen/mcmaze/runs/20260728_122609_d128_h256_dep2_bs64_ep150_lr5e-04_lxp0.0_lbt0.0_lcca2.0_sig10.0_s3,83,83,best_val_zeta,0.4786465068658193,0.5259312391,0.7996861735979716,1.670900861422221,-0.597500377231174,9,0.202186,0.190435,0.202186,0.148715,0.190435,/home/omo26/Non-Rev-Owen/mcmaze/embedding_dim_seed_sweep/logs/d128_seed3.log
128,4,/home/omo26/Non-Rev-Owen/mcmaze/runs/20260728_122700_d128_h256_dep2_bs64_ep150_lr5e-04_lxp0.0_lbt0.0_lcca2.0_sig10.0_s4,88,88,best_val_zeta,0.45912450551986694,0.5041235685,0.811601459980011,1.7680806318918865,-0.6101319524976943,9,0.201469,0.192218,0.201469,0.144067,0.192218,/home/omo26/Non-Rev-Owen/mcmaze/embedding_dim_seed_sweep/logs/d128_seed4.log
256,0,/home/omo26/Non-Rev-Owen/mcmaze/runs/20260728_122925_d256_h256_dep2_bs64_ep150_lr5e-04_lxp0.0_lbt0.0_lcca2.0_sig10.0_s0,91,91,best_val_zeta,0.4496377640300327,0.4972276688,0.7930947740872701,1.764511227607727,-0.5736032260788811,9,0.219491,0.207895,0.219491,0.152144,0.207895,/home/omo26/Non-Rev-Owen/mcmaze/embedding_dim_seed_sweep/logs/d256_seed0.log
256,1,/home/omo26/Non-Rev-Owen/mcmaze/runs/20260728_123330_d256_h256_dep2_bs64_ep150_lr5e-04_lxp0.0_lbt0.0_lcca2.0_sig10.0_s1,53,53,best_val_zeta,0.46048318677478367,0.5062721968,0.8017450637287564,1.7414126661088731,-0.5967891613642374,9,0.204956,0.197940,0.204956,0.206534,0.197940,/home/omo26/Non-Rev-Owen/mcmaze/embedding_dim_seed_sweep/logs/d256_seed1.log
256,2,/home/omo26/Non-Rev-Owen/mcmaze/runs/20260728_123825_d256_h256_dep2_bs64_ep150_lr5e-04_lxp0.0_lbt0.0_lcca2.0_sig10.0_s2,74,74,best_val_zeta,0.4753427141242557,0.5256819129,0.8142140706380209,1.713253206676907,-0.5874808099534776,9,0.226733,0.217062,0.226733,0.183346,0.217062,/home/omo26/Non-Rev-Owen/mcmaze/embedding_dim_seed_sweep/logs/d256_seed2.log
256,3,/home/omo26/Non-Rev-Owen/mcmaze/runs/20260728_124036_d256_h256_dep2_bs64_ep150_lr5e-04_lxp0.0_lbt0.0_lcca2.0_sig10.0_s3,86,86,best_val_zeta,0.464747644133038,0.5110652447,0.8057959344651964,1.7338609165615506,-0.5809852414660983,9,0.224811,0.213212,0.224811,0.162416,0.213212,/home/omo26/Non-Rev-Owen/mcmaze/embedding_dim_seed_sweep/logs/d256_seed3.log
256,4,/home/omo26/Non-Rev-Owen/mcmaze/runs/20260728_124200_d256_h256_dep2_bs64_ep150_lr5e-04_lxp0.0_lbt0.0_lcca2.0_sig10.0_s4,86,86,best_val_zeta,0.4680421186818017,0.513056457,0.8032691015137566,1.7164290216233995,-0.5828321509891086,9,0.220437,0.210819,0.220437,0.160593,0.210819,/home/omo26/Non-Rev-Owen/mcmaze/embedding_dim_seed_sweep/logs/d256_seed4.log
512,0,/home/omo26/Non-Rev-Owen/mcmaze/runs/20260728_124525_d512_h256_dep2_bs64_ep150_lr5e-04_lxp0.0_lbt0.0_lcca2.0_sig10.0_s0,92,92,best_val_zeta,0.4504639009634654,0.491165489,0.8065311908721924,1.7917376226849027,-0.5751679539680481,9,0.231363,0.219777,0.231363,0.159585,0.219777,/home/omo26/Non-Rev-Owen/mcmaze/embedding_dim_seed_sweep/logs/d512_seed0.log
512,1,/home/omo26/Non-Rev-Owen/mcmaze/runs/20260728_125025_d512_h256_dep2_bs64_ep150_lr5e-04_lxp0.0_lbt0.0_lcca2.0_sig10.0_s1,64,64,best_val_zeta,0.4542375902334849,0.4953051507,0.7953998115327623,1.7512752215067546,-0.569137818283505,9,0.226262,0.218398,0.226262,0.202876,0.218398,/home/omo26/Non-Rev-Owen/mcmaze/embedding_dim_seed_sweep/logs/d512_seed1.log
512,2,/home/omo26/Non-Rev-Owen/mcmaze/runs/20260728_125315_d512_h256_dep2_bs64_ep150_lr5e-04_lxp0.0_lbt0.0_lcca2.0_sig10.0_s2,47,47,best_val_zeta,0.4678100910451677,0.5187653899,0.8079269064797295,1.7274680137634277,-0.6025805407100253,9,0.205346,0.198675,0.205346,0.222241,0.198675,/home/omo26/Non-Rev-Owen/mcmaze/embedding_dim_seed_sweep/logs/d512_seed2.log
512,3,/home/omo26/Non-Rev-Owen/mcmaze/runs/20260728_125543_d512_h256_dep2_bs64_ep150_lr5e-04_lxp0.0_lbt0.0_lcca2.0_sig10.0_s3,76,76,best_val_zeta,0.4677274260256026,0.5100673437,0.801288882891337,1.713434510760837,-0.5582347578472562,9,0.243054,0.232462,0.243054,0.192855,0.232462,/home/omo26/Non-Rev-Owen/mcmaze/embedding_dim_seed_sweep/logs/d512_seed3.log
512,4,/home/omo26/Non-Rev-Owen/mcmaze/runs/20260728_125811_d512_h256_dep2_bs64_ep150_lr5e-04_lxp0.0_lbt0.0_lcca2.0_sig10.0_s4,108,108,best_val_zeta,0.473544845978419,0.5219666362,0.8048595786094666,1.6998404264450073,-0.5772711502181159,9,0.227588,0.217713,0.227588,0.140551,0.217713,/home/omo26/Non-Rev-Owen/mcmaze/embedding_dim_seed_sweep/logs/d512_seed4.log
16,0,/home/omo26/Non-Rev-Owen/mcmaze/runs/20260728_130132_d16_h256_dep2_bs64_ep150_lr5e-04_lxp0.0_lbt0.0_lcca2.0_sig10.0_s0,74,74,best_val_zeta,0.46127940548790825,0.4956995845,0.8437731001112196,1.8299661080042522,-0.8075045810805427,9,0.036269,0.020207,0.036269,0.017068,0.020207,/home/omo26/Non-Rev-Owen/mcmaze/embedding_dim_seed_sweep/logs/d16_seed0.log
16,1,/home/omo26/Non-Rev-Owen/mcmaze/runs/20260728_130201_d16_h256_dep2_bs64_ep150_lr5e-04_lxp0.0_lbt0.0_lcca2.0_sig10.0_s1,54,54,best_val_zeta,0.5197892586390177,0.5782343149,0.8392934600512186,1.6153631740146213,-0.783258146709866,9,0.056035,0.044921,0.056035,0.046352,0.044921,/home/omo26/Non-Rev-Owen/mcmaze/embedding_dim_seed_sweep/logs/d16_seed1.log
16,2,/home/omo26/Non-Rev-Owen/mcmaze/runs/20260728_130230_d16_h256_dep2_bs64_ep150_lr5e-04_lxp0.0_lbt0.0_lcca2.0_sig10.0_s2,44,44,best_val_zeta,0.4238680104414622,0.4409443736,0.838316281636556,1.9780554903878107,-0.7879063354598151,9,0.050410,0.037566,0.050410,0.043594,0.037566,/home/omo26/Non-Rev-Owen/mcmaze/embedding_dim_seed_sweep/logs/d16_seed2.log
16,3,/home/omo26/Non-Rev-Owen/mcmaze/runs/20260728_130258_d16_h256_dep2_bs64_ep150_lr5e-04_lxp0.0_lbt0.0_lcca2.0_sig10.0_s3,110,110,best_val_zeta,0.49108001589775085,0.5504760742,0.8502151833640205,1.7334983216391668,-0.8164033426178826,9,0.033812,0.007597,0.033812,0.004838,0.007597,/home/omo26/Non-Rev-Owen/mcmaze/embedding_dim_seed_sweep/logs/d16_seed3.log
16,4,/home/omo26/Non-Rev-Owen/mcmaze/runs/20260728_130326_d16_h256_dep2_bs64_ep150_lr5e-04_lxp0.0_lbt0.0_lcca2.0_sig10.0_s4,48,48,best_val_zeta,0.41335652934180367,0.4290891886,0.8500047524770101,2.05670067999098,-0.8165346384048462,9,0.033470,0.021670,0.033470,0.023953,0.021670,/home/omo26/Non-Rev-Owen/mcmaze/embedding_dim_seed_sweep/logs/d16_seed4.log
32,0,/home/omo26/Non-Rev-Owen/mcmaze/runs/20260728_130425_d32_h256_dep2_bs64_ep150_lr5e-04_lxp0.0_lbt0.0_lcca2.0_sig10.0_s0,97,97,best_val_zeta,0.5015415416823493,0.5380639434,0.8488535020086501,1.6927080816692777,-0.7401283317142062,9,0.108725,0.090160,0.108725,0.063011,0.090160,/home/omo26/Non-Rev-Owen/mcmaze/embedding_dim_seed_sweep/logs/d32_seed0.log
32,1,/home/omo26/Non-Rev-Owen/mcmaze/runs/20260728_130456_d32_h256_dep2_bs64_ep150_lr5e-04_lxp0.0_lbt0.0_lcca2.0_sig10.0_s1,37,37,best_val_zeta,0.49008071422576904,0.5329908729,0.8317336440086365,1.6971779266993205,-0.7042900191413032,9,0.127444,0.120235,0.127444,0.152858,0.120235,/home/omo26/Non-Rev-Owen/mcmaze/embedding_dim_seed_sweep/logs/d32_seed1.log
32,2,/home/omo26/Non-Rev-Owen/mcmaze/runs/20260728_130528_d32_h256_dep2_bs64_ep150_lr5e-04_lxp0.0_lbt0.0_lcca2.0_sig10.0_s2,19,19,best_val_zeta,0.4570574363072713,0.4902077615,0.793842441505856,1.7380341688791912,-0.682908210489485,9,0.110934,0.103968,0.110934,0.175240,0.103968,/home/omo26/Non-Rev-Owen/mcmaze/embedding_dim_seed_sweep/logs/d32_seed2.log
32,3,/home/omo26/Non-Rev-Owen/mcmaze/runs/20260728_130559_d32_h256_dep2_bs64_ep150_lr5e-04_lxp0.0_lbt0.0_lcca2.0_sig10.0_s3,19,19,best_val_zeta,0.4543765054808723,0.4967570901,0.8042262130313449,1.7702933020061917,-0.6853502127859328,9,0.118876,0.110607,0.118876,0.186431,0.110607,/home/omo26/Non-Rev-Owen/mcmaze/embedding_dim_seed_sweep/logs/d32_seed3.log
32,4,/home/omo26/Non-Rev-Owen/mcmaze/runs/20260728_130630_d32_h256_dep2_bs64_ep150_lr5e-04_lxp0.0_lbt0.0_lcca2.0_sig10.0_s4,138,138,best_val_zeta,0.5179494884279039,0.5547319055,0.8370326293839349,1.6172948943244085,-0.7424429853757223,9,0.094590,0.074726,0.094590,0.039936,0.074726,/home/omo26/Non-Rev-Owen/mcmaze/embedding_dim_seed_sweep/logs/d32_seed4.log
64,0,/home/omo26/Non-Rev-Owen/mcmaze/runs/20260728_131025_d64_h256_dep2_bs64_ep150_lr5e-04_lxp0.0_lbt0.0_lcca2.0_sig10.0_s0,57,57,best_val_zeta,0.4387887120246887,0.4875415564,0.8469277487860786,1.930488493707445,-0.6621981859207153,9,0.184729,0.172613,0.184729,0.172382,0.172613,/home/omo26/Non-Rev-Owen/mcmaze/embedding_dim_seed_sweep/logs/d64_seed0.log
64,1,/home/omo26/Non-Rev-Owen/mcmaze/runs/20260728_131428_d64_h256_dep2_bs64_ep150_lr5e-04_lxp0.0_lbt0.0_lcca2.0_sig10.0_s1,77,77,best_val_zeta,0.4799659351507823,0.5276854634,0.8395053876770867,1.7495948208702936,-0.6509664058685303,9,0.188539,0.176914,0.188539,0.145476,0.176914,/home/omo26/Non-Rev-Owen/mcmaze/embedding_dim_seed_sweep/logs/d64_seed1.log
64,2,/home/omo26/Non-Rev-Owen/mcmaze/runs/20260728_131925_d64_h256_dep2_bs64_ep150_lr5e-04_lxp0.0_lbt0.0_lcca2.0_sig10.0_s2,52,52,best_val_zeta,0.4795461727513207,0.5251418352,0.8459304703606499,1.764450920952691,-0.6661795510186089,9,0.179751,0.170552,0.179751,0.179973,0.170552,/home/omo26/Non-Rev-Owen/mcmaze/embedding_dim_seed_sweep/logs/d64_seed2.log
64,3,/home/omo26/Non-Rev-Owen/mcmaze/runs/20260728_132325_d64_h256_dep2_bs64_ep150_lr5e-04_lxp0.0_lbt0.0_lcca2.0_sig10.0_s3,126,126,best_val_zeta,0.4798949625757005,0.5403066874,0.8368953333960639,1.7444151639938354,-0.66423542631997,9,0.172660,0.156844,0.172660,0.090022,0.156844,/home/omo26/Non-Rev-Owen/mcmaze/embedding_dim_seed_sweep/logs/d64_seed3.log
64,4,/home/omo26/Non-Rev-Owen/mcmaze/runs/20260728_132725_d64_h256_dep2_bs64_ep150_lr5e-04_lxp0.0_lbt0.0_lcca2.0_sig10.0_s4,73,73,best_val_zeta,0.4731389217906528,0.5242139101,0.849658297167884,1.7962083021799724,-0.656875318951077,9,0.192783,0.181697,0.192783,0.154879,0.181697,/home/omo26/Non-Rev-Owen/mcmaze/embedding_dim_seed_sweep/logs/d64_seed4.log
128,0,/home/omo26/Non-Rev-Owen/mcmaze/runs/20260728_133127_d128_h256_dep2_bs64_ep150_lr5e-04_lxp0.0_lbt0.0_lcca2.0_sig10.0_s0,73,73,best_val_zeta,0.45829683873388505,0.5045029521,0.8447607888115777,1.8434824678632948,-0.6092701355616251,9,0.235490,0.221983,0.235490,0.189219,0.221983,/home/omo26/Non-Rev-Owen/mcmaze/embedding_dim_seed_sweep/logs/d128_seed0.log
128,1,/home/omo26/Non-Rev-Owen/mcmaze/runs/20260728_133625_d128_h256_dep2_bs64_ep150_lr5e-04_lxp0.0_lbt0.0_lcca2.0_sig10.0_s1,88,88,best_val_zeta,0.49010693695810104,0.5426484942,0.8429623113738166,1.72008130285475,-0.6120402415593466,9,0.230922,0.218326,0.230922,0.163634,0.218326,/home/omo26/Non-Rev-Owen/mcmaze/embedding_dim_seed_sweep/logs/d128_seed1.log
128,2,/home/omo26/Non-Rev-Owen/mcmaze/runs/20260728_134025_d128_h256_dep2_bs64_ep150_lr5e-04_lxp0.0_lbt0.0_lcca2.0_sig10.0_s2,83,83,best_val_zeta,0.47009778022766113,0.5197944641,0.8364640341864692,1.779589295387268,-0.6086818973223368,9,0.227782,0.215967,0.227782,0.168653,0.215967,/home/omo26/Non-Rev-Owen/mcmaze/embedding_dim_seed_sweep/logs/d128_seed2.log
128,3,/home/omo26/Non-Rev-Owen/mcmaze/runs/20260728_134427_d128_h256_dep2_bs64_ep150_lr5e-04_lxp0.0_lbt0.0_lcca2.0_sig10.0_s3,92,92,best_val_zeta,0.4612914588716295,0.5101702213,0.8404671483569675,1.822374939918518,-0.6054206424289279,9,0.235046,0.221800,0.235046,0.161053,0.221800,/home/omo26/Non-Rev-Owen/mcmaze/embedding_dim_seed_sweep/logs/d128_seed3.log
128,4,/home/omo26/Non-Rev-Owen/mcmaze/runs/20260728_134830_d128_h256_dep2_bs64_ep150_lr5e-04_lxp0.0_lbt0.0_lcca2.0_sig10.0_s4,116,116,best_val_zeta,0.46481362647480434,0.512837708,0.8420498900943332,1.811702913708157,-0.6265162494447496,9,0.215533,0.203660,0.215533,0.124570,0.203660,/home/omo26/Non-Rev-Owen/mcmaze/embedding_dim_seed_sweep/logs/d128_seed4.log
256,0,/home/omo26/Non-Rev-Owen/mcmaze/runs/20260728_135325_d256_h256_dep2_bs64_ep150_lr5e-04_lxp0.0_lbt0.0_lcca2.0_sig10.0_s0,75,75,best_val_zeta,0.47131099965837264,0.5200197101,0.8422102398342557,1.7873668670654297,-0.5903067655033536,9,0.251903,0.239602,0.251903,0.200566,0.239602,/home/omo26/Non-Rev-Owen/mcmaze/embedding_dim_seed_sweep/logs/d256_seed0.log
256,1,/home/omo26/Non-Rev-Owen/mcmaze/runs/20260728_135732_d256_h256_dep2_bs64_ep150_lr5e-04_lxp0.0_lbt0.0_lcca2.0_sig10.0_s1,89,89,best_val_zeta,0.45472302701738143,0.5062887073,0.8412666055891249,1.850191937552558,-0.5916454990704855,9,0.249621,0.239317,0.249621,0.177935,0.239317,/home/omo26/Non-Rev-Owen/mcmaze/embedding_dim_seed_sweep/logs/d256_seed1.log
256,2,/home/omo26/Non-Rev-Owen/mcmaze/runs/20260728_140225_d256_h256_dep2_bs64_ep150_lr5e-04_lxp0.0_lbt0.0_lcca2.0_sig10.0_s2,75,75,best_val_zeta,0.4634504285123613,0.5052688122,0.8455135424931844,1.824866361088223,-0.5927097797393799,9,0.252804,0.242011,0.252804,0.202582,0.242011,/home/omo26/Non-Rev-Owen/mcmaze/embedding_dim_seed_sweep/logs/d256_seed2.log
256,3,/home/omo26/Non-Rev-Owen/mcmaze/runs/20260728_140725_d256_h256_dep2_bs64_ep150_lr5e-04_lxp0.0_lbt0.0_lcca2.0_sig10.0_s3,78,78,best_val_zeta,0.45453346106741166,0.4949778914,0.8403362101978726,1.8491698106129963,-0.59320686923133,9,0.247129,0.234466,0.247129,0.191113,0.234466,/home/omo26/Non-Rev-Owen/mcmaze/embedding_dim_seed_sweep/logs/d256_seed3.log
256,4,/home/omo26/Non-Rev-Owen/mcmaze/runs/20260728_141131_d256_h256_dep2_bs64_ep150_lr5e-04_lxp0.0_lbt0.0_lcca2.0_sig10.0_s4,80,80,best_val_zeta,0.4598614209228092,0.5045039654,0.8481164111031426,1.8444519307878282,-0.5989604857232835,9,0.249156,0.239896,0.249156,0.192175,0.239896,/home/omo26/Non-Rev-Owen/mcmaze/embedding_dim_seed_sweep/logs/d256_seed4.log
512,0,/home/omo26/Non-Rev-Owen/mcmaze/runs/20260728_141625_d512_h256_dep2_bs64_ep150_lr5e-04_lxp0.0_lbt0.0_lcca2.0_sig10.0_s0,76,76,best_val_zeta,0.46328357193205094,0.5100037456,0.8473143577575684,1.829559286435445,-0.5990837944878472,9,0.248230,0.236115,0.248230,0.195886,0.236115,/home/omo26/Non-Rev-Owen/mcmaze/embedding_dim_seed_sweep/logs/d512_seed0.log
512,1,/home/omo26/Non-Rev-Owen/mcmaze/runs/20260728_142133_d512_h256_dep2_bs64_ep150_lr5e-04_lxp0.0_lbt0.0_lcca2.0_sig10.0_s1,96,96,best_val_zeta,0.45452965961562264,0.5068795681,0.8364110986391703,1.840253233909607,-0.5954088966051737,9,0.241002,0.231843,0.241002,0.163255,0.231843,/home/omo26/Non-Rev-Owen/mcmaze/embedding_dim_seed_sweep/logs/d512_seed1.log
512,2,/home/omo26/Non-Rev-Owen/mcmaze/runs/20260728_142638_d512_h256_dep2_bs64_ep150_lr5e-04_lxp0.0_lbt0.0_lcca2.0_sig10.0_s2,76,76,best_val_zeta,0.4579715066485935,0.5058876276,0.8418299092186822,1.8383720583385892,-0.591762536101871,9,0.250067,0.240280,0.250067,0.199341,0.240280,/home/omo26/Non-Rev-Owen/mcmaze/embedding_dim_seed_sweep/logs/d512_seed2.log
512,3,/home/omo26/Non-Rev-Owen/mcmaze/runs/20260728_143225_d512_h256_dep2_bs64_ep150_lr5e-04_lxp0.0_lbt0.0_lcca2.0_sig10.0_s3,85,85,best_val_zeta,0.47123558322588605,0.5166252255,0.8381484945615133,1.778798262278239,-0.5951225095325046,9,0.243026,0.231202,0.243026,0.177573,0.231202,/home/omo26/Non-Rev-Owen/mcmaze/embedding_dim_seed_sweep/logs/d512_seed3.log
512,4,/home/omo26/Non-Rev-Owen/mcmaze/runs/20260728_143725_d512_h256_dep2_bs64_ep150_lr5e-04_lxp0.0_lbt0.0_lcca2.0_sig10.0_s4,77,77,best_val_zeta,0.46305418014526367,0.511980176,0.8448420498106215,1.8246901167763605,-0.6051196720865037,9,0.239722,0.230741,0.239722,0.189737,0.230741,/home/omo26/Non-Rev-Owen/mcmaze/embedding_dim_seed_sweep/logs/d512_seed4.log
16,0,/home/omo26/Non-Rev-Owen/mcmaze/runs/20260728_160818_d16_h256_dep2_bs64_ep150_lr5e-04_lxp0.0_lbt0.0_lcca5.0_sig10.0_s0,12,12,best_val_zeta,0.4286598265171051,0.3546714485,0.4435032672352261,1.035687764485677,-0.4243910180197822,9,0.019112,0.012629,0.019112,0.009750,0.012629,/home/omo26/Non-Rev-Owen/mcmaze/embedding_dim_seed_sweep/logs/d16_seed0.log
16,1,/home/omo26/Non-Rev-Owen/mcmaze/runs/20260728_160846_d16_h256_dep2_bs64_ep150_lr5e-04_lxp0.0_lbt0.0_lcca5.0_sig10.0_s1,56,56,best_val_zeta,0.45866374174753827,0.4293797612,0.5520680083168877,1.2036994563208685,-0.5353169110086229,9,0.016751,0.006123,0.016751,0.002472,0.006123,/home/omo26/Non-Rev-Owen/mcmaze/embedding_dim_seed_sweep/logs/d16_seed1.log
16,2,/home/omo26/Non-Rev-Owen/mcmaze/runs/20260728_160914_d16_h256_dep2_bs64_ep150_lr5e-04_lxp0.0_lbt0.0_lcca5.0_sig10.0_s2,50,50,best_val_zeta,0.3809872600767348,0.3276515901,0.5717474752002292,1.5008370346493192,-0.5571156607733833,9,0.014632,0.006237,0.014632,0.002693,0.006237,/home/omo26/Non-Rev-Owen/mcmaze/embedding_dim_seed_sweep/logs/d16_seed2.log
16,3,/home/omo26/Non-Rev-Owen/mcmaze/runs/20260728_160941_d16_h256_dep2_bs64_ep150_lr5e-04_lxp0.0_lbt0.0_lcca5.0_sig10.0_s3,38,38,best_val_zeta,0.42969273196326363,0.4874505997,0.726621150970459,1.691356102625529,-0.69956550333235,9,0.027056,0.014554,0.027056,0.007301,0.014554,/home/omo26/Non-Rev-Owen/mcmaze/embedding_dim_seed_sweep/logs/d16_seed3.log
16,4,/home/omo26/Non-Rev-Owen/mcmaze/runs/20260728_161010_d16_h256_dep2_bs64_ep150_lr5e-04_lxp0.0_lbt0.0_lcca5.0_sig10.0_s4,37,37,best_val_zeta,0.39059476057688397,0.3197173774,0.5908380548159281,1.5136559671825833,-0.5702517827351888,9,0.020586,0.011028,0.020586,0.005608,0.011028,/home/omo26/Non-Rev-Owen/mcmaze/embedding_dim_seed_sweep/logs/d16_seed4.log
32,0,/home/omo26/Non-Rev-Owen/mcmaze/runs/20260728_161038_d32_h256_dep2_bs64_ep150_lr5e-04_lxp0.0_lbt0.0_lcca5.0_sig10.0_s0,41,41,best_val_zeta,0.45544159081247115,0.3553190827,0.48899149894714355,1.0743479861153498,-0.45393816961182487,9,0.035053,0.025491,0.035053,0.012292,0.025491,/home/omo26/Non-Rev-Owen/mcmaze/embedding_dim_seed_sweep/logs/d32_seed0.log
32,1,/home/omo26/Non-Rev-Owen/mcmaze/runs/20260728_161109_d32_h256_dep2_bs64_ep150_lr5e-04_lxp0.0_lbt0.0_lcca5.0_sig10.0_s1,35,35,best_val_zeta,0.5072570575608147,0.3979949057,0.5032602614826627,0.9926118122206794,-0.46113476157188416,9,0.042125,0.033149,0.042125,0.017330,0.033149,/home/omo26/Non-Rev-Owen/mcmaze/embedding_dim_seed_sweep/logs/d32_seed1.log
32,2,/home/omo26/Non-Rev-Owen/mcmaze/runs/20260728_161225_d32_h256_dep2_bs64_ep150_lr5e-04_lxp0.0_lbt0.0_lcca5.0_sig10.0_s2,46,46,best_val_zeta,0.48217882381545174,0.3553553224,0.4854612880282932,1.0071892672114902,-0.4590182900428772,9,0.026443,0.017855,0.026443,0.008086,0.017855,/home/omo26/Non-Rev-Owen/mcmaze/embedding_dim_seed_sweep/logs/d32_seed2.log
32,3,/home/omo26/Non-Rev-Owen/mcmaze/runs/20260728_161500_d32_h256_dep2_bs64_ep150_lr5e-04_lxp0.0_lbt0.0_lcca5.0_sig10.0_s3,38,38,best_val_zeta,0.4112156199084388,0.3847130835,0.5802035795317756,1.410864035288493,-0.5197371807363298,9,0.060466,0.046078,0.060466,0.023117,0.046078,/home/omo26/Non-Rev-Owen/mcmaze/embedding_dim_seed_sweep/logs/d32_seed3.log
32,4,/home/omo26/Non-Rev-Owen/mcmaze/runs/20260728_161531_d32_h256_dep2_bs64_ep150_lr5e-04_lxp0.0_lbt0.0_lcca5.0_sig10.0_s4,39,39,best_val_zeta,0.4534018139044444,0.3843447864,0.5222973227500916,1.152352703942193,-0.4787863294283549,9,0.043511,0.035508,0.043511,0.017577,0.035508,/home/omo26/Non-Rev-Owen/mcmaze/embedding_dim_seed_sweep/logs/d32_seed4.log
64,0,/home/omo26/Non-Rev-Owen/mcmaze/runs/20260728_161602_d64_h256_dep2_bs64_ep150_lr5e-04_lxp0.0_lbt0.0_lcca5.0_sig10.0_s0,91,91,best_val_zeta,0.4921337266763051,0.3753435612,0.4837448166476356,0.9831679198477004,-0.41377465261353386,9,0.069970,0.055861,0.069970,0.016352,0.055861,/home/omo26/Non-Rev-Owen/mcmaze/embedding_dim_seed_sweep/logs/d64_seed0.log
64,1,/home/omo26/Non-Rev-Owen/mcmaze/runs/20260728_161640_d64_h256_dep2_bs64_ep150_lr5e-04_lxp0.0_lbt0.0_lcca5.0_sig10.0_s1,101,101,best_val_zeta,0.48591671056217617,0.4181285203,0.5403503709369235,1.1120885345670912,-0.45636145604981315,9,0.083989,0.066799,0.083989,0.018129,0.066799,/home/omo26/Non-Rev-Owen/mcmaze/embedding_dim_seed_sweep/logs/d64_seed1.log
64,2,/home/omo26/Non-Rev-Owen/mcmaze/runs/20260728_161717_d64_h256_dep2_bs64_ep150_lr5e-04_lxp0.0_lbt0.0_lcca5.0_sig10.0_s2,41,41,best_val_zeta,0.49844030208057827,0.4064046443,0.5209755632612441,1.045233130455017,-0.429257548517651,9,0.091718,0.080724,0.091718,0.038925,0.080724,/home/omo26/Non-Rev-Owen/mcmaze/embedding_dim_seed_sweep/logs/d64_seed2.log
64,3,/home/omo26/Non-Rev-Owen/mcmaze/runs/20260728_161755_d64_h256_dep2_bs64_ep150_lr5e-04_lxp0.0_lbt0.0_lcca5.0_sig10.0_s3,87,87,best_val_zeta,0.47480375236935085,0.3939943612,0.5593494706683688,1.1783611641989813,-0.46635889013608295,9,0.092990,0.077334,0.092990,0.023373,0.077334,/home/omo26/Non-Rev-Owen/mcmaze/embedding_dim_seed_sweep/logs/d64_seed3.log
64,4,/home/omo26/Non-Rev-Owen/mcmaze/runs/20260728_161832_d64_h256_dep2_bs64_ep150_lr5e-04_lxp0.0_lbt0.0_lcca5.0_sig10.0_s4,139,139,best_val_zeta,0.4547030097908444,0.3612643778,0.4994180467393663,1.0987894005245633,-0.43712496757507324,9,0.062293,0.046032,0.062293,0.009784,0.046032,/home/omo26/Non-Rev-Owen/mcmaze/embedding_dim_seed_sweep/logs/d64_seed4.log
